2026-09-19T18:00:04.466Z,34.32,73.35

2026-09-19T18:00:09.478Z,34.31,73.34

2026-09-19T18:00:14.490Z,34.34,73.4

2026-09-19T18:00:19.477Z,34.31,73.39

2026-09-19T18:00:24.477Z,34.32,73.35

2026-09-19T18:00:29.477Z,34.33,73.3

2026-09-19T18:00:34.478Z,34.33,73.27

2026-09-19T18:00:39.487Z,34.34,73.22

2026-09-19T18:00:44.499Z,34.34,73.22

2026-09-19T18:00:49.485Z,34.35,73.26

2026-09-19T18:00:54.486Z,34.35,73.23

2026-09-19T18:00:59.485Z,34.34,73.25

2026-09-19T18:01:04.486Z,34.36,73.19

2026-09-19T18:01:09.499Z,34.35,73.19

2026-09-19T18:01:14.508Z,34.35,73.26

2026-09-19T18:01:19.496Z,34.33,73.2

2026-09-19T18:01:24.497Z,34.33,73.14

2026-09-19T18:01:29.497Z,34.34,73.14

2026-09-19T18:01:34.496Z,34.36,73.17

2026-09-19T18:01:39.497Z,34.36,73.13

2026-09-19T18:01:44.508Z,34.34,73.16

2026-09-19T18:01:49.497Z,34.33,73.13

2026-09-19T18:01:54.498Z,34.35,73.19

2026-09-19T18:01:59.497Z,34.36,73.18

2026-09-19T18:02:04.498Z,34.35,73.15

2026-09-19T18:02:09.500Z,34.32,73.15

2026-09-19T18:02:14.511Z,34.34,73.14

2026-09-19T18:02:19.498Z,34.33,73.09

2026-09-19T18:02:24.498Z,34.35,73.15

2026-09-19T18:02:29.499Z,34.37,73.18

2026-09-19T18:02:34.501Z,34.33,73.13

2026-09-19T18:02:39.497Z,34.35,73.13

2026-09-19T18:02:44.510Z,34.34,73.2

2026-09-19T18:02:49.497Z,34.35,73.15

2026-09-19T18:02:54.501Z,34.34,73.13

2026-09-19T18:02:59.498Z,34.34,73.21

2026-09-19T18:03:04.500Z,34.32,73.2

2026-09-19T18:03:09.504Z,34.34,73.2

2026-09-19T18:03:14.517Z,34.31,73.22

2026-09-19T18:03:19.501Z,34.33,73.22

2026-09-19T18:03:24.503Z,34.35,73.16

2026-09-19T18:03:29.503Z,34.34,73.22

2026-09-19T18:03:34.503Z,34.33,73.2

2026-09-19T18:03:39.504Z,34.36,73.12

2026-09-19T18:03:44.520Z,34.33,73.15

2026-09-19T18:03:49.504Z,34.37,73.1

2026-09-19T18:03:54.506Z,34.36,73.15

2026-09-19T18:03:59.505Z,34.33,73.11

2026-09-19T18:04:04.507Z,34.35,73.13

2026-09-19T18:04:09.518Z,34.35,73.1

2026-09-19T18:04:14.530Z,34.33,73.16

2026-09-19T18:04:19.518Z,34.35,73.13

2026-09-19T18:04:24.516Z,34.34,73.08

2026-09-19T18:04:29.517Z,34.34,73.04

2026-09-19T18:04:34.519Z,34.34,73.1

2026-09-19T18:04:39.529Z,34.33,73.09

2026-09-19T18:04:44.542Z,34.33,73.14

2026-09-19T18:04:49.530Z,34.34,73.07

2026-09-19T18:04:54.527Z,34.34,73.11

2026-09-19T18:04:59.529Z,34.34,73.12

2026-09-19T18:05:04.531Z,34.34,73.07

2026-09-19T18:05:09.531Z,34.35,73.08

2026-09-19T18:05:14.542Z,34.34,73.19

2026-09-19T18:05:19.530Z,34.36,73.05

2026-09-19T18:05:24.531Z,34.35,73.07

2026-09-19T18:05:29.530Z,34.35,73.11

2026-09-19T18:05:34.532Z,34.34,73.1

2026-09-19T18:05:39.533Z,34.36,73.12

2026-09-19T18:05:44.543Z,34.34,73.11

2026-09-19T18:05:49.532Z,34.36,73.1

2026-09-19T18:05:54.531Z,34.35,73.09

2026-09-19T18:05:59.532Z,34.35,73.08

2026-09-19T18:06:04.531Z,34.36,73.11

2026-09-19T18:06:09.544Z,34.37,73.13

2026-09-19T18:06:14.554Z,34.33,73.18

2026-09-19T18:06:19.542Z,34.35,73.18

2026-09-19T18:06:24.543Z,34.36,73.17

2026-09-19T18:06:29.541Z,34.35,73.15

2026-09-19T18:06:34.543Z,34.35,73.27

2026-09-19T18:06:39.551Z,34.34,73.19

2026-09-19T18:06:44.567Z,34.32,73.26

2026-09-19T18:06:49.550Z,34.33,73.22

2026-09-19T18:06:54.550Z,34.34,73.29

2026-09-19T18:06:59.552Z,34.33,73.27

2026-09-19T18:07:04.554Z,34.32,73.36

2026-09-19T18:07:09.568Z,34.31,73.36

2026-09-19T18:07:14.581Z,34.31,73.38

2026-09-19T18:07:19.565Z,34.3,73.38

2026-09-19T18:07:24.566Z,34.32,73.39

2026-09-19T18:07:29.565Z,34.32,73.42

2026-09-19T18:07:34.566Z,34.31,73.45

2026-09-19T18:07:39.576Z,34.29,73.54

2026-09-19T18:07:44.589Z,34.32,73.55

2026-09-19T18:07:49.576Z,34.31,73.53

2026-09-19T18:07:54.576Z,34.3,73.49

2026-09-19T18:07:59.574Z,34.3,73.53

2026-09-19T18:08:04.576Z,34.32,73.54

2026-09-19T18:08:09.591Z,34.3,73.59

2026-09-19T18:08:14.599Z,34.31,73.61

2026-09-19T18:08:19.591Z,34.31,73.62

2026-09-19T18:08:24.589Z,34.29,73.58

2026-09-19T18:08:29.590Z,34.31,73.61

2026-09-19T18:08:34.593Z,34.3,73.6

2026-09-19T18:08:39.603Z,34.31,73.58

2026-09-19T18:08:44.613Z,34.33,73.67

2026-09-19T18:08:49.603Z,34.3,73.57

2026-09-19T18:08:54.604Z,34.31,73.62

2026-09-19T18:08:59.603Z,34.31,73.73

2026-09-19T18:09:04.605Z,34.32,73.68

2026-09-19T18:09:09.611Z,34.31,73.64

2026-09-19T18:09:14.627Z,34.32,73.67

2026-09-19T18:09:19.609Z,34.32,73.61

2026-09-19T18:09:24.611Z,34.35,73.68

2026-09-19T18:09:29.610Z,34.32,73.64

2026-09-19T18:09:34.612Z,34.33,73.63

2026-09-19T18:09:39.618Z,34.33,73.61

2026-09-19T18:09:44.630Z,34.34,73.61

2026-09-19T18:09:49.614Z,34.37,73.58

2026-09-19T18:09:54.615Z,34.35,73.57

2026-09-19T18:09:59.616Z,34.36,73.52

2026-09-19T18:10:04.617Z,34.34,73.58

2026-09-19T18:10:09.619Z,34.35,73.53

2026-09-19T18:10:14.630Z,34.36,73.52

2026-09-19T18:10:19.615Z,34.38,73.52

2026-09-19T18:10:24.617Z,34.36,73.47

2026-09-19T18:10:29.618Z,34.36,73.47

2026-09-19T18:10:34.619Z,34.36,73.39

2026-09-19T18:10:39.629Z,34.36,73.47

2026-09-19T18:10:44.647Z,34.35,73.5

2026-09-19T18:10:49.630Z,34.36,73.45

2026-09-19T18:10:54.629Z,34.35,73.46

2026-09-19T18:10:59.629Z,34.35,73.4

2026-09-19T18:11:04.629Z,34.35,73.43

2026-09-19T18:11:09.637Z,34.34,73.43

2026-09-19T18:11:14.649Z,34.32,73.49

2026-09-19T18:11:19.634Z,34.35,73.44

2026-09-19T18:11:24.634Z,34.32,73.48

2026-09-19T18:11:29.638Z,34.32,73.45

2026-09-19T18:11:34.637Z,34.35,73.4

2026-09-19T18:11:39.648Z,34.32,73.44

2026-09-19T18:11:44.657Z,34.35,73.51

2026-09-19T18:11:49.643Z,34.34,73.43

2026-09-19T18:11:54.646Z,34.35,73.49

2026-09-19T18:11:59.645Z,34.35,73.47

2026-09-19T18:12:04.645Z,34.33,73.42

2026-09-19T18:12:09.649Z,34.36,73.39

2026-09-19T18:12:14.660Z,34.35,73.37

2026-09-19T18:12:19.649Z,34.34,73.4

2026-09-19T18:12:24.651Z,34.33,73.33

2026-09-19T18:12:29.651Z,34.33,73.34

2026-09-19T18:12:34.650Z,34.32,73.35

2026-09-19T18:12:39.658Z,34.32,73.41

2026-09-19T18:12:44.668Z,34.3,73.39

2026-09-19T18:12:49.655Z,34.32,73.32

2026-09-19T18:12:54.654Z,34.32,73.37

2026-09-19T18:12:59.656Z,34.33,73.33

2026-09-19T18:13:04.659Z,34.31,73.37

2026-09-19T18:13:09.665Z,34.3,73.38

2026-09-19T18:13:14.675Z,34.3,73.47

2026-09-19T18:13:19.664Z,34.31,73.47

2026-09-19T18:13:24.665Z,34.32,73.4

2026-09-19T18:13:29.664Z,34.3,73.37

2026-09-19T18:13:34.664Z,34.31,73.42

2026-09-19T18:13:39.663Z,34.31,73.41

2026-09-19T18:13:44.678Z,34.29,73.4

2026-09-19T18:13:49.662Z,34.31,73.35

2026-09-19T18:13:54.664Z,34.31,73.42

2026-09-19T18:13:59.666Z,34.27,73.39

2026-09-19T18:14:04.673Z,34.3,73.42

2026-09-19T18:14:09.665Z,34.28,73.37

2026-09-19T18:14:14.669Z,34.28,73.4

2026-09-19T18:14:19.666Z,34.29,73.41

2026-09-19T18:14:24.683Z,34.25,73.42

2026-09-19T18:14:29.668Z,34.26,73.44

2026-09-19T18:14:34.669Z,34.23,73.49

2026-09-19T18:14:39.665Z,34.26,73.46

2026-09-19T18:14:44.665Z,34.25,73.48

2026-09-19T18:14:49.673Z,34.26,73.53

2026-09-19T18:14:54.687Z,34.24,73.56

2026-09-19T18:14:59.672Z,34.26,73.46

2026-09-19T18:15:04.673Z,34.25,73.48

2026-09-19T18:15:09.673Z,34.26,73.54

2026-09-19T18:15:14.675Z,34.25,73.54

2026-09-19T18:15:19.677Z,34.24,73.54

2026-09-19T18:15:24.687Z,34.25,73.58

2026-09-19T18:15:29.677Z,34.24,73.53

2026-09-19T18:15:34.677Z,34.24,73.52

2026-09-19T18:15:39.678Z,34.23,73.49

2026-09-19T18:15:44.677Z,34.25,73.47

2026-09-19T18:15:49.693Z,34.23,73.51

2026-09-19T18:15:54.706Z,34.25,73.54

2026-09-19T18:15:59.689Z,34.23,73.48

2026-09-19T18:16:04.692Z,34.26,73.55

2026-09-19T18:16:09.691Z,34.24,73.61

2026-09-19T18:16:14.692Z,34.24,73.56

2026-09-19T18:16:19.704Z,34.25,73.5

2026-09-19T18:16:24.720Z,34.21,73.6

2026-09-19T18:16:29.701Z,34.24,73.53

2026-09-19T18:16:34.702Z,34.25,73.51

2026-09-19T18:16:39.702Z,34.25,73.53

2026-09-19T18:16:44.703Z,34.28,73.51

2026-09-19T18:16:49.710Z,34.27,73.55

2026-09-19T18:16:54.722Z,34.27,73.52

2026-09-19T18:16:59.708Z,34.29,73.52

2026-09-19T18:17:04.709Z,34.29,73.49

2026-09-19T18:17:09.712Z,34.29,73.47

2026-09-19T18:17:14.711Z,34.31,73.49

2026-09-19T18:17:19.720Z,34.29,73.39

2026-09-19T18:17:24.731Z,34.31,73.46

2026-09-19T18:17:29.719Z,34.31,73.37

2026-09-19T18:17:34.719Z,34.31,73.42

2026-09-19T18:17:39.721Z,34.31,73.35

2026-09-19T18:17:44.726Z,34.32,73.34

2026-09-19T18:17:49.724Z,34.35,73.31

2026-09-19T18:17:54.733Z,34.34,73.32

2026-09-19T18:17:59.725Z,34.3,73.23

2026-09-19T18:18:04.726Z,34.32,73.26

2026-09-19T18:18:09.725Z,34.35,73.25

2026-09-19T18:18:14.726Z,34.35,73.22

2026-09-19T18:18:19.741Z,34.31,73.29

2026-09-19T18:18:24.752Z,34.35,73.23

2026-09-19T18:18:29.735Z,34.34,73.19

2026-09-19T18:18:34.736Z,34.33,73.24

2026-09-19T18:18:39.737Z,34.32,73.22

2026-09-19T18:18:44.738Z,34.33,73.22

2026-09-19T18:18:49.743Z,34.34,73.25

2026-09-19T18:18:54.755Z,34.34,73.24

2026-09-19T18:18:59.742Z,34.32,73.23

2026-09-19T18:19:04.744Z,34.33,73.28

2026-09-19T18:19:09.742Z,34.35,73.27

2026-09-19T18:19:14.744Z,34.35,73.22

2026-09-19T18:19:19.748Z,34.33,73.24

2026-09-19T18:19:24.762Z,34.33,73.27

2026-09-19T18:19:29.748Z,34.33,73.23

2026-09-19T18:19:34.749Z,34.35,73.2

2026-09-19T18:19:39.768Z,34.33,73.24

2026-09-19T18:19:44.760Z,34.34,73.22

2026-09-19T18:19:49.762Z,34.34,73.25

2026-09-19T18:19:54.762Z,34.34,73.23

2026-09-19T18:19:59.763Z,34.34,73.27

2026-09-19T18:20:04.776Z,34.32,73.23

2026-09-19T18:20:09.763Z,34.34,73.25

2026-09-19T18:20:14.762Z,34.31,73.24

2026-09-19T18:20:19.761Z,34.32,73.22

2026-09-19T18:20:24.763Z,34.33,73.21

2026-09-19T18:20:29.762Z,34.32,73.25

2026-09-19T18:20:34.777Z,34.33,73.25

2026-09-19T18:20:39.763Z,34.3,73.27

2026-09-19T18:20:44.765Z,34.33,73.25

2026-09-19T18:20:49.765Z,34.34,73.19

2026-09-19T18:20:54.765Z,34.33,73.28

2026-09-19T18:20:59.764Z,34.33,73.22

2026-09-19T18:21:04.774Z,34.33,73.28

2026-09-19T18:21:09.765Z,34.32,73.24

2026-09-19T18:21:14.764Z,34.32,73.23

2026-09-19T18:21:19.766Z,34.32,73.24

2026-09-19T18:21:24.764Z,34.35,73.25

2026-09-19T18:21:29.764Z,34.32,73.24

2026-09-19T18:21:34.779Z,34.32,73.25

2026-09-19T18:21:39.768Z,34.33,73.23

2026-09-19T18:21:44.766Z,34.32,73.25

2026-09-19T18:21:49.767Z,34.33,73.25

2026-09-19T18:21:54.766Z,34.33,73.23

2026-09-19T18:21:59.773Z,34.33,73.27

2026-09-19T18:22:04.786Z,34.34,73.2

2026-09-19T18:22:09.770Z,34.33,73.21

2026-09-19T18:22:14.771Z,34.34,73.22

2026-09-19T18:22:19.771Z,34.33,73.18

2026-09-19T18:22:24.771Z,34.34,73.24

2026-09-19T18:22:29.783Z,34.33,73.24

2026-09-19T18:22:34.795Z,34.34,73.27

2026-09-19T18:22:39.783Z,34.35,73.19

2026-09-19T18:22:44.783Z,34.34,73.22

2026-09-19T18:22:49.783Z,34.34,73.24

2026-09-19T18:22:54.783Z,34.33,73.21

2026-09-19T18:22:59.792Z,34.34,73.19

2026-09-19T18:23:04.802Z,34.33,73.25

2026-09-19T18:23:09.792Z,34.34,73.21

2026-09-19T18:23:14.793Z,34.36,73.18

2026-09-19T18:23:19.792Z,34.35,73.22

2026-09-19T18:23:24.791Z,34.35,73.18

2026-09-19T18:23:29.812Z,34.35,73.16

2026-09-19T18:23:34.825Z,34.35,73.27

2026-09-19T18:23:39.807Z,34.34,73.17

2026-09-19T18:23:44.807Z,34.35,73.12

2026-09-19T18:23:49.807Z,34.37,73.14

2026-09-19T18:23:54.808Z,34.38,73.16

2026-09-19T18:23:59.821Z,34.38,73.21

2026-09-19T18:24:04.839Z,34.35,73.21

2026-09-19T18:24:09.822Z,34.36,73.15

2026-09-19T18:24:14.821Z,34.35,73.19

2026-09-19T18:24:19.823Z,34.37,73.2

2026-09-19T18:24:24.822Z,34.33,73.21

2026-09-19T18:24:29.826Z,34.34,73.26

2026-09-19T18:24:34.839Z,34.36,73.3

2026-09-19T18:24:39.825Z,34.37,73.25

2026-09-19T18:24:44.825Z,34.38,73.23

2026-09-19T18:24:49.825Z,34.36,73.25

2026-09-19T18:24:54.827Z,34.35,73.28

2026-09-19T18:24:59.827Z,34.36,73.24

2026-09-19T18:25:04.840Z,34.36,73.33

2026-09-19T18:25:09.827Z,34.34,73.23

2026-09-19T18:25:14.828Z,34.35,73.35

2026-09-19T18:25:19.832Z,34.36,73.31

2026-09-19T18:25:24.830Z,34.35,73.25

2026-09-19T18:25:29.838Z,34.35,73.29

2026-09-19T18:25:34.855Z,34.35,73.37

2026-09-19T18:25:39.836Z,34.34,73.33

2026-09-19T18:25:44.837Z,34.35,73.34

2026-09-19T18:25:49.837Z,34.34,73.37

2026-09-19T18:25:54.838Z,34.35,73.35

2026-09-19T18:25:59.849Z,34.34,73.4

2026-09-19T18:26:04.863Z,34.35,73.44

2026-09-19T18:26:09.846Z,34.36,73.33

2026-09-19T18:26:14.850Z,34.36,73.34

2026-09-19T18:26:19.848Z,34.35,73.35

2026-09-19T18:26:24.849Z,34.35,73.36

2026-09-19T18:26:29.858Z,34.34,73.42

2026-09-19T18:26:34.867Z,34.34,73.42

2026-09-19T18:26:39.857Z,34.35,73.34

2026-09-19T18:26:44.859Z,34.35,73.36

2026-09-19T18:26:49.858Z,34.34,73.33

2026-09-19T18:26:54.858Z,34.34,73.36

2026-09-19T18:26:59.868Z,34.33,73.39

2026-09-19T18:27:04.876Z,34.34,73.44

2026-09-19T18:27:09.869Z,34.32,73.38

2026-09-19T18:27:14.868Z,34.34,73.36

2026-09-19T18:27:19.869Z,34.34,73.35

2026-09-19T18:27:24.869Z,34.35,73.45

2026-09-19T18:27:29.869Z,34.35,73.4

2026-09-19T18:27:34.882Z,34.34,73.43

2026-09-19T18:27:39.870Z,34.34,73.39

2026-09-19T18:27:44.870Z,34.33,73.44

2026-09-19T18:27:49.869Z,34.35,73.47

2026-09-19T18:27:54.872Z,34.32,73.45

2026-09-19T18:27:59.878Z,34.35,73.45

2026-09-19T18:28:04.889Z,34.34,73.45

2026-09-19T18:28:09.876Z,34.32,73.46

2026-09-19T18:28:14.878Z,34.32,73.48

2026-09-19T18:28:19.877Z,34.35,73.52

2026-09-19T18:28:24.877Z,34.33,73.45

2026-09-19T18:28:29.878Z,34.33,73.48

2026-09-19T18:28:34.891Z,34.32,73.49

2026-09-19T18:28:39.885Z,34.33,73.49

2026-09-19T18:28:44.879Z,34.34,73.48

2026-09-19T18:28:49.878Z,34.33,73.48

2026-09-19T18:28:54.894Z,34.35,73.56

2026-09-19T18:28:59.881Z,34.34,73.52

2026-09-19T18:29:04.882Z,34.32,73.46

2026-09-19T18:29:09.881Z,34.32,73.55

2026-09-19T18:29:14.888Z,34.32,73.44

2026-09-19T18:29:19.881Z,34.34,73.57

2026-09-19T18:29:24.905Z,34.33,73.54

2026-09-19T18:29:29.883Z,34.33,73.51

2026-09-19T18:29:34.882Z,34.35,73.53

2026-09-19T18:29:39.883Z,34.34,73.44

2026-09-19T18:29:44.886Z,34.32,73.51

2026-09-19T18:29:49.892Z,34.34,73.5

2026-09-19T18:29:54.902Z,34.34,73.53

2026-09-19T18:29:59.892Z,34.35,73.52

2026-09-19T18:30:04.892Z,34.34,73.52

2026-09-19T18:30:09.892Z,34.33,73.5

2026-09-19T18:30:14.891Z,34.34,73.49

2026-09-19T18:30:19.911Z,34.34,73.55

2026-09-19T18:30:24.920Z,34.34,73.54

2026-09-19T18:30:29.908Z,34.35,73.53

2026-09-19T18:30:34.909Z,34.35,73.56

2026-09-19T18:30:39.911Z,34.35,73.46

2026-09-19T18:30:44.910Z,34.35,73.52

2026-09-19T18:30:49.922Z,34.34,73.56

2026-09-19T18:30:54.931Z,34.32,73.61

2026-09-19T18:30:59.924Z,34.33,73.55

2026-09-19T18:31:04.921Z,34.32,73.55

2026-09-19T18:31:09.922Z,34.34,73.56

2026-09-19T18:31:14.921Z,34.36,73.55

2026-09-19T18:31:19.927Z,34.34,73.56

2026-09-19T18:31:24.938Z,34.33,73.61

2026-09-19T18:31:29.925Z,34.36,73.58

2026-09-19T18:31:34.927Z,34.33,73.59

2026-09-19T18:31:39.926Z,34.33,73.6

2026-09-19T18:31:44.928Z,34.33,73.53

2026-09-19T18:31:49.936Z,34.34,73.6

2026-09-19T18:31:54.947Z,34.33,73.62

2026-09-19T18:31:59.933Z,34.31,73.63

2026-09-19T18:32:04.935Z,34.33,73.64

2026-09-19T18:32:09.936Z,34.33,73.65

2026-09-19T18:32:14.936Z,34.32,73.64

2026-09-19T18:32:19.937Z,34.32,73.66

2026-09-19T18:32:24.947Z,34.33,73.68

2026-09-19T18:32:29.937Z,34.35,73.68

2026-09-19T18:32:34.937Z,34.34,73.69

2026-09-19T18:32:39.939Z,34.34,73.72

2026-09-19T18:32:44.939Z,34.32,73.74

2026-09-19T18:32:49.948Z,34.33,73.68

2026-09-19T18:32:54.961Z,34.34,73.72

2026-09-19T18:32:59.945Z,34.32,73.71

2026-09-19T18:33:04.946Z,34.33,73.7

2026-09-19T18:33:09.947Z,34.32,73.68

2026-09-19T18:33:14.947Z,34.33,73.71

2026-09-19T18:33:19.962Z,34.33,73.71

2026-09-19T18:33:24.969Z,34.33,73.78

2026-09-19T18:33:29.958Z,34.31,73.77

2026-09-19T18:33:34.958Z,34.31,73.69

2026-09-19T18:33:39.958Z,34.32,73.71

2026-09-19T18:33:44.958Z,34.3,73.75

2026-09-19T18:33:49.965Z,34.34,73.69

2026-09-19T18:33:54.977Z,34.33,73.76

2026-09-19T18:33:59.966Z,34.3,73.74

2026-09-19T18:34:04.966Z,34.33,73.73

2026-09-19T18:34:09.968Z,34.31,73.7

2026-09-19T18:34:14.967Z,34.33,73.72

2026-09-19T18:34:19.977Z,34.31,73.69

2026-09-19T18:34:24.991Z,34.32,73.72

2026-09-19T18:34:29.977Z,34.32,73.69

2026-09-19T18:34:34.976Z,34.32,73.72

2026-09-19T18:34:39.976Z,34.31,73.77

2026-09-19T18:34:44.991Z,34.31,73.77

2026-09-19T18:34:49.976Z,34.32,73.74

2026-09-19T18:34:54.975Z,34.32,73.81

2026-09-19T18:34:59.977Z,34.31,73.71

2026-09-19T18:35:04.991Z,34.32,73.76

2026-09-19T18:35:09.978Z,34.32,73.77

2026-09-19T18:35:14.978Z,34.32,73.74

2026-09-19T18:35:19.976Z,34.3,73.81

2026-09-19T18:35:24.978Z,34.29,73.73

2026-09-19T18:35:29.978Z,34.31,73.76

2026-09-19T18:35:34.993Z,34.3,73.8

2026-09-19T18:35:39.976Z,34.32,73.72

2026-09-19T18:35:44.979Z,34.31,73.8

2026-09-19T18:35:49.977Z,34.31,73.75

2026-09-19T18:35:54.978Z,34.3,73.74

2026-09-19T18:35:59.984Z,34.33,73.71

2026-09-19T18:36:04.992Z,34.34,73.77

2026-09-19T18:36:09.981Z,34.3,73.77

2026-09-19T18:36:14.984Z,34.32,73.77

2026-09-19T18:36:19.982Z,34.33,73.75

2026-09-19T18:36:24.987Z,34.32,73.75

2026-09-19T18:36:30.006Z,34.33,73.76

2026-09-19T18:36:35.022Z,34.32,73.82

2026-09-19T18:36:40.001Z,34.33,73.78

2026-09-19T18:36:45.004Z,34.33,73.72

2026-09-19T18:36:50.001Z,34.33,73.71

2026-09-19T18:36:55.000Z,34.34,73.69

2026-09-19T18:37:00.009Z,34.33,73.69

2026-09-19T18:37:05.023Z,34.33,73.8

2026-09-19T18:37:10.009Z,34.33,73.73

2026-09-19T18:37:15.008Z,34.33,73.71

2026-09-19T18:37:20.008Z,34.33,73.73

2026-09-19T18:37:25.009Z,34.33,73.73

2026-09-19T18:37:30.017Z,34.34,73.75

2026-09-19T18:37:35.030Z,34.33,73.81

2026-09-19T18:37:40.018Z,34.35,73.79

2026-09-19T18:37:45.018Z,34.34,73.76

2026-09-19T18:37:50.019Z,34.34,73.77

2026-09-19T18:37:55.018Z,34.33,73.76

2026-09-19T18:38:00.021Z,34.33,73.8

2026-09-19T18:38:05.033Z,34.33,73.84

2026-09-19T18:38:10.024Z,34.33,73.78

2026-09-19T18:38:15.022Z,34.34,73.85

2026-09-19T18:38:20.024Z,34.32,73.82

2026-09-19T18:38:25.023Z,34.33,73.77

2026-09-19T18:38:30.031Z,34.34,73.84

2026-09-19T18:38:35.040Z,34.33,73.86

2026-09-19T18:38:40.030Z,34.33,73.82

2026-09-19T18:38:45.029Z,34.35,73.86

2026-09-19T18:38:50.028Z,34.31,73.86

2026-09-19T18:38:55.041Z,34.33,73.87

2026-09-19T18:39:00.029Z,34.33,73.84

2026-09-19T18:39:05.029Z,34.35,73.83

2026-09-19T18:39:10.026Z,34.34,73.77

2026-09-19T18:39:15.027Z,34.35,73.83

2026-09-19T18:39:20.028Z,34.34,73.85

2026-09-19T18:39:25.041Z,34.35,73.83

2026-09-19T18:39:30.029Z,34.33,73.79

2026-09-19T18:39:35.032Z,34.34,73.81

2026-09-19T18:39:40.029Z,34.34,73.8

2026-09-19T18:39:45.029Z,34.34,73.82

2026-09-19T18:39:50.037Z,34.32,73.83

2026-09-19T18:39:55.044Z,34.33,73.83

2026-09-19T18:40:00.035Z,34.32,73.84

2026-09-19T18:40:05.036Z,34.32,73.88

2026-09-19T18:40:10.037Z,34.31,73.84

2026-09-19T18:40:15.037Z,34.31,73.8

2026-09-19T18:40:20.068Z,34.31,73.8

2026-09-19T18:40:25.070Z,34.31,73.8

2026-09-19T18:40:30.064Z,34.32,73.8

2026-09-19T18:40:35.068Z,34.32,73.81

2026-09-19T18:40:40.065Z,34.29,73.81

2026-09-19T18:40:45.067Z,34.31,73.84

2026-09-19T18:40:50.076Z,34.33,73.85

2026-09-19T18:40:55.090Z,34.32,73.85

2026-09-19T18:41:00.076Z,34.32,73.83

2026-09-19T18:41:05.075Z,34.34,73.81

2026-09-19T18:41:10.077Z,34.32,73.84

2026-09-19T18:41:15.076Z,34.33,73.83

2026-09-19T18:41:20.085Z,34.34,73.85

2026-09-19T18:41:25.097Z,34.33,73.94

2026-09-19T18:41:30.083Z,34.33,73.83

2026-09-19T18:41:35.084Z,34.34,73.89

2026-09-19T18:41:40.086Z,34.32,73.85

2026-09-19T18:41:45.086Z,34.33,73.88

2026-09-19T18:41:50.104Z,34.35,73.81

2026-09-19T18:41:55.117Z,34.33,73.82

2026-09-19T18:42:00.101Z,34.35,73.85

2026-09-19T18:42:05.103Z,34.34,73.88

2026-09-19T18:42:10.104Z,34.34,73.87

2026-09-19T18:42:15.103Z,34.35,73.88

2026-09-19T18:42:20.103Z,34.32,73.83

2026-09-19T18:42:25.115Z,34.33,73.86

2026-09-19T18:42:30.102Z,34.34,73.84

2026-09-19T18:42:35.104Z,34.33,73.89

2026-09-19T18:42:40.104Z,34.33,73.82

2026-09-19T18:42:45.104Z,34.34,73.87

2026-09-19T18:42:50.104Z,34.36,73.9

2026-09-19T18:42:55.115Z,34.35,73.9

2026-09-19T18:43:00.104Z,34.34,73.86

2026-09-19T18:43:05.105Z,34.35,73.82

2026-09-19T18:43:10.105Z,34.35,73.89

2026-09-19T18:43:15.115Z,34.34,73.87

2026-09-19T18:43:20.102Z,34.34,73.88

2026-09-19T18:43:25.104Z,34.35,73.86

2026-09-19T18:43:30.105Z,34.35,73.87

2026-09-19T18:43:35.106Z,34.35,73.84

2026-09-19T18:43:40.119Z,34.36,73.84

2026-09-19T18:43:45.112Z,34.34,73.78

2026-09-19T18:43:50.114Z,34.34,73.83

2026-09-19T18:43:55.117Z,34.34,73.88

2026-09-19T18:44:00.115Z,34.35,73.9

2026-09-19T18:44:05.128Z,34.34,73.89

2026-09-19T18:44:10.117Z,34.36,73.88

2026-09-19T18:44:15.116Z,34.35,73.89

2026-09-19T18:44:20.114Z,34.34,73.85

2026-09-19T18:44:25.116Z,34.36,73.85

2026-09-19T18:44:30.115Z,34.35,73.85

2026-09-19T18:44:35.129Z,34.33,73.91

2026-09-19T18:44:40.118Z,34.34,73.91

2026-09-19T18:44:45.119Z,34.33,73.87

2026-09-19T18:44:50.118Z,34.34,73.91

2026-09-19T18:44:55.121Z,34.34,73.8

2026-09-19T18:45:00.119Z,34.33,73.85

2026-09-19T18:45:05.137Z,34.33,73.84

2026-09-19T18:45:10.120Z,34.34,73.79

2026-09-19T18:45:15.123Z,34.33,73.84

2026-09-19T18:45:20.120Z,34.34,73.86

2026-09-19T18:45:25.121Z,34.32,73.86

2026-09-19T18:45:30.135Z,34.34,73.87

2026-09-19T18:45:35.145Z,34.32,73.86

2026-09-19T18:45:40.132Z,34.33,73.8

2026-09-19T18:45:45.132Z,34.33,73.78

2026-09-19T18:45:50.132Z,34.33,73.82

2026-09-19T18:45:55.132Z,34.32,73.76

2026-09-19T18:46:00.148Z,34.33,73.79

2026-09-19T18:46:05.158Z,34.33,73.79

2026-09-19T18:46:10.147Z,34.34,73.72

2026-09-19T18:46:15.147Z,34.34,73.74

2026-09-19T18:46:20.147Z,34.34,73.77

2026-09-19T18:46:25.147Z,34.36,73.79

2026-09-19T18:46:30.148Z,34.31,73.77

2026-09-19T18:46:35.161Z,34.33,73.78

2026-09-19T18:46:40.147Z,34.35,73.76

2026-09-19T18:46:45.151Z,34.33,73.8

2026-09-19T18:46:50.147Z,34.33,73.76

2026-09-19T18:46:55.148Z,34.35,73.75

2026-09-19T18:47:00.153Z,34.35,73.72

2026-09-19T18:47:05.166Z,34.33,73.76

2026-09-19T18:47:10.151Z,34.34,73.78

2026-09-19T18:47:15.152Z,34.34,73.7

2026-09-19T18:47:20.154Z,34.33,73.67

2026-09-19T18:47:25.153Z,34.35,73.72

2026-09-19T18:47:30.156Z,34.34,73.7

2026-09-19T18:47:35.170Z,34.33,73.74

2026-09-19T18:47:40.158Z,34.32,73.69

2026-09-19T18:47:45.156Z,34.34,73.69

2026-09-19T18:47:50.159Z,34.35,73.69

2026-09-19T18:47:55.156Z,34.32,73.71

2026-09-19T18:48:00.167Z,34.34,73.7

2026-09-19T18:48:05.198Z,34.34,73.75

2026-09-19T18:48:10.172Z,34.34,73.67

2026-09-19T18:48:15.169Z,34.35,73.7

2026-09-19T18:48:20.167Z,34.34,73.71

2026-09-19T18:48:25.168Z,34.37,73.67

2026-09-19T18:48:30.168Z,34.35,73.73

2026-09-19T18:48:35.180Z,34.36,73.69

2026-09-19T18:48:40.170Z,34.36,73.62

2026-09-19T18:48:45.173Z,34.35,73.69

2026-09-19T18:48:50.173Z,34.37,73.65

2026-09-19T18:48:55.172Z,34.36,73.66

2026-09-19T18:49:00.172Z,34.35,73.66

2026-09-19T18:49:05.186Z,34.35,73.75

2026-09-19T18:49:10.172Z,34.35,73.65

2026-09-19T18:49:15.171Z,34.35,73.68

2026-09-19T18:49:20.173Z,34.35,73.66

2026-09-19T18:49:25.174Z,34.35,73.7

2026-09-19T18:49:30.176Z,34.35,73.65

2026-09-19T18:49:35.188Z,34.36,73.71

2026-09-19T18:49:40.175Z,34.35,73.65

2026-09-19T18:49:45.175Z,34.34,73.62

2026-09-19T18:49:50.174Z,34.35,73.7

2026-09-19T18:49:55.174Z,34.35,73.69

2026-09-19T18:50:00.197Z,34.34,73.68

2026-09-19T18:50:05.206Z,34.35,73.73

2026-09-19T18:50:10.194Z,34.33,73.67

2026-09-19T18:50:15.196Z,34.34,73.69

2026-09-19T18:50:20.195Z,34.35,73.69

2026-09-19T18:50:25.206Z,34.34,73.72

2026-09-19T18:50:30.195Z,34.35,73.78

2026-09-19T18:50:35.198Z,34.35,73.77

2026-09-19T18:50:40.197Z,34.34,73.74

2026-09-19T18:50:45.209Z,34.33,73.79

2026-09-19T18:50:50.200Z,34.33,73.77

2026-09-19T18:50:55.198Z,34.33,73.79

2026-09-19T18:51:00.198Z,34.33,73.75

2026-09-19T18:51:05.216Z,34.33,73.82

2026-09-19T18:51:10.201Z,34.34,73.82

2026-09-19T18:51:15.199Z,34.32,73.81

2026-09-19T18:51:20.201Z,34.33,73.85

2026-09-19T18:51:25.199Z,34.31,73.91

2026-09-19T18:51:30.200Z,34.31,73.85

2026-09-19T18:51:35.221Z,34.31,73.91

2026-09-19T18:51:40.200Z,34.3,73.92

2026-09-19T18:51:45.201Z,34.31,73.99

2026-09-19T18:51:50.201Z,34.3,73.95

2026-09-19T18:51:55.201Z,34.31,73.92

2026-09-19T18:52:00.215Z,34.31,73.94

2026-09-19T18:52:05.227Z,34.31,73.99

2026-09-19T18:52:10.214Z,34.3,74.02

2026-09-19T18:52:15.215Z,34.31,73.99

2026-09-19T18:52:20.216Z,34.3,74.01

2026-09-19T18:52:25.214Z,34.31,74.11

2026-09-19T18:52:30.223Z,34.3,74.03

2026-09-19T18:52:35.234Z,34.31,74.04

2026-09-19T18:52:40.220Z,34.3,74.03

2026-09-19T18:52:45.223Z,34.3,74.02

2026-09-19T18:52:50.222Z,34.3,74.09

2026-09-19T18:52:55.222Z,34.31,74.06

2026-09-19T18:53:00.234Z,34.28,74.06

2026-09-19T18:53:05.245Z,34.3,74.07

2026-09-19T18:53:10.231Z,34.28,74.05

2026-09-19T18:53:15.230Z,34.3,74.07

2026-09-19T18:53:20.232Z,34.3,74.08

2026-09-19T18:53:25.233Z,34.3,74.05

2026-09-19T18:53:30.235Z,34.29,74.03

2026-09-19T18:53:35.247Z,34.29,74.11

2026-09-19T18:53:40.234Z,34.28,74.04

2026-09-19T18:53:45.233Z,34.29,74.12

2026-09-19T18:53:50.233Z,34.28,74.13

2026-09-19T18:53:55.237Z,34.28,74.16

2026-09-19T18:54:00.248Z,34.3,74.13

2026-09-19T18:54:05.259Z,34.29,74.15

2026-09-19T18:54:10.246Z,34.28,74.16

2026-09-19T18:54:15.247Z,34.28,74.14

2026-09-19T18:54:20.247Z,34.26,74.13

2026-09-19T18:54:25.248Z,34.28,74.16

2026-09-19T18:54:30.248Z,34.3,74.18

2026-09-19T18:54:35.265Z,34.28,74.24

2026-09-19T18:54:40.248Z,34.29,74.22

2026-09-19T18:54:45.252Z,34.27,74.18

2026-09-19T18:54:50.252Z,34.28,74.2

2026-09-19T18:54:55.251Z,34.27,74.21

2026-09-19T18:55:00.267Z,34.27,74.19

2026-09-19T18:55:05.285Z,34.26,74.28

2026-09-19T18:55:10.266Z,34.29,74.23

2026-09-19T18:55:15.265Z,34.29,74.25

2026-09-19T18:55:20.267Z,34.27,74.22

2026-09-19T18:55:25.263Z,34.28,74.27

2026-09-19T18:55:30.287Z,34.29,74.27

2026-09-19T18:55:35.297Z,34.29,74.26

2026-09-19T18:55:40.285Z,34.26,74.25

2026-09-19T18:55:45.287Z,34.27,74.22

2026-09-19T18:55:50.286Z,34.26,74.25

2026-09-19T18:55:55.286Z,34.26,74.28

2026-09-19T18:56:00.298Z,34.28,74.28

2026-09-19T18:56:05.310Z,34.28,74.32

2026-09-19T18:56:10.298Z,34.27,74.27

2026-09-19T18:56:15.299Z,34.28,74.35

2026-09-19T18:56:20.298Z,34.26,74.34

2026-09-19T18:56:25.297Z,34.26,74.4

2026-09-19T18:56:30.298Z,34.27,74.37

2026-09-19T18:56:35.309Z,34.26,74.45

2026-09-19T18:56:40.298Z,34.28,74.4

2026-09-19T18:56:45.299Z,34.26,74.41

2026-09-19T18:56:50.297Z,34.27,74.45

2026-09-19T18:56:55.311Z,34.25,74.38

2026-09-19T18:57:00.299Z,34.28,74.43

2026-09-19T18:57:05.298Z,34.28,74.41

2026-09-19T18:57:10.299Z,34.29,74.42

2026-09-19T18:57:15.298Z,34.27,74.43

2026-09-19T18:57:20.299Z,34.28,74.47

2026-09-19T18:57:25.313Z,34.27,74.47

2026-09-19T18:57:30.300Z,34.28,74.47

2026-09-19T18:57:35.300Z,34.27,74.48

2026-09-19T18:57:40.302Z,34.28,74.5

2026-09-19T18:57:45.302Z,34.28,74.46

2026-09-19T18:57:50.301Z,34.27,74.46

2026-09-19T18:57:55.315Z,34.3,74.5

2026-09-19T18:58:00.301Z,34.29,74.41

2026-09-19T18:58:05.302Z,34.3,74.37

2026-09-19T18:58:10.301Z,34.31,74.38

2026-09-19T18:58:15.303Z,34.31,74.38

2026-09-19T18:58:20.323Z,34.3,74.35

2026-09-19T18:58:25.332Z,34.28,74.38

2026-09-19T18:58:30.318Z,34.31,74.39

2026-09-19T18:58:35.321Z,34.29,74.33

2026-09-19T18:58:40.322Z,34.31,74.36

2026-09-19T18:58:45.321Z,34.3,74.33

2026-09-19T18:58:50.329Z,34.29,74.44

2026-09-19T18:58:55.343Z,34.3,74.41

2026-09-19T18:59:00.326Z,34.3,74.4

2026-09-19T18:59:05.328Z,34.31,74.4

2026-09-19T18:59:10.329Z,34.28,74.4

2026-09-19T18:59:15.330Z,34.31,74.43

2026-09-19T18:59:20.347Z,34.3,74.44

2026-09-19T18:59:25.357Z,34.3,74.43

2026-09-19T18:59:30.343Z,34.31,74.41

2026-09-19T18:59:35.346Z,34.29,74.4

2026-09-19T18:59:40.350Z,34.3,74.49

2026-09-19T18:59:45.347Z,34.31,74.42

2026-09-19T18:59:50.361Z,34.31,74.43

2026-09-19T18:59:55.371Z,34.3,74.43

2026-09-19T19:00:00.359Z,34.32,74.46

2026-09-19T19:00:05.362Z,34.3,74.42

2026-09-19T19:00:10.360Z,34.31,74.35

2026-09-19T19:00:15.362Z,34.31,74.39

2026-09-19T19:00:20.368Z,34.31,74.38

2026-09-19T19:00:25.378Z,34.3,74.47

2026-09-19T19:00:30.365Z,34.32,74.47

2026-09-19T19:00:35.365Z,34.32,74.4

2026-09-19T19:00:40.365Z,34.31,74.36

2026-09-19T19:00:45.367Z,34.32,74.39

2026-09-19T19:00:50.369Z,34.3,74.4

2026-09-19T19:00:55.382Z,34.3,74.41

2026-09-19T19:01:00.369Z,34.31,74.46

2026-09-19T19:01:05.370Z,34.31,74.45

2026-09-19T19:01:10.370Z,34.3,74.47

2026-09-19T19:01:15.368Z,34.3,74.39

2026-09-19T19:01:20.372Z,34.3,74.45

2026-09-19T19:01:25.381Z,34.31,74.47

2026-09-19T19:01:30.370Z,34.32,74.44

2026-09-19T19:01:35.370Z,34.29,74.42

2026-09-19T19:01:40.372Z,34.3,74.41

2026-09-19T19:01:45.370Z,34.31,74.47

2026-09-19T19:01:50.378Z,34.32,74.42

2026-09-19T19:01:55.391Z,34.3,74.43

2026-09-19T19:02:00.377Z,34.31,74.4

2026-09-19T19:02:05.377Z,34.28,74.46

2026-09-19T19:02:10.377Z,34.3,74.4

2026-09-19T19:02:15.377Z,34.3,74.44

2026-09-19T19:02:20.397Z,34.29,74.47

2026-09-19T19:02:25.406Z,34.29,74.48

2026-09-19T19:02:30.397Z,34.29,74.51

2026-09-19T19:02:35.397Z,34.29,74.43

2026-09-19T19:02:40.397Z,34.29,74.49

2026-09-19T19:02:45.396Z,34.28,74.45

2026-09-19T19:02:50.397Z,34.28,74.51

2026-09-19T19:02:55.408Z,34.29,74.49

2026-09-19T19:03:00.398Z,34.31,74.49

2026-09-19T19:03:05.398Z,34.29,74.48

2026-09-19T19:03:10.402Z,34.28,74.46

2026-09-19T19:03:15.416Z,34.26,74.53

2026-09-19T19:03:20.401Z,34.28,74.47

2026-09-19T19:03:25.402Z,34.28,74.43

2026-09-19T19:03:30.401Z,34.26,74.44

2026-09-19T19:03:35.402Z,34.27,74.48

2026-09-19T19:03:40.413Z,34.26,74.49

2026-09-19T19:03:45.427Z,34.27,74.5

2026-09-19T19:03:50.412Z,34.26,74.48

2026-09-19T19:03:55.414Z,34.25,74.47

2026-09-19T19:04:00.415Z,34.26,74.49

2026-09-19T19:04:05.414Z,34.27,74.47

2026-09-19T19:04:10.416Z,34.25,74.49

2026-09-19T19:04:15.429Z,34.27,74.52

2026-09-19T19:04:20.415Z,34.26,74.57

2026-09-19T19:04:25.415Z,34.26,74.53

2026-09-19T19:04:30.416Z,34.25,74.53

2026-09-19T19:04:35.417Z,34.24,74.59

2026-09-19T19:04:40.418Z,34.26,74.58

2026-09-19T19:04:45.434Z,34.24,74.61

2026-09-19T19:04:50.417Z,34.25,74.62

2026-09-19T19:04:55.419Z,34.22,74.61

2026-09-19T19:05:00.418Z,34.21,74.6

2026-09-19T19:05:05.420Z,34.24,74.63

2026-09-19T19:05:10.425Z,34.22,74.61

2026-09-19T19:05:15.439Z,34.2,74.68

2026-09-19T19:05:20.425Z,34.21,74.61

2026-09-19T19:05:25.426Z,34.22,74.65

2026-09-19T19:05:30.424Z,34.22,74.67

2026-09-19T19:05:35.423Z,34.22,74.7

2026-09-19T19:05:40.435Z,34.23,74.75

2026-09-19T19:05:45.448Z,34.22,74.73

2026-09-19T19:05:50.433Z,34.24,74.64

2026-09-19T19:05:55.433Z,34.23,74.7

2026-09-19T19:06:00.433Z,34.23,74.69

2026-09-19T19:06:05.434Z,34.23,74.68

2026-09-19T19:06:10.451Z,34.23,74.78

2026-09-19T19:06:15.459Z,34.24,74.72

2026-09-19T19:06:20.446Z,34.24,74.67

2026-09-19T19:06:25.446Z,34.23,74.7

2026-09-19T19:06:30.446Z,34.24,74.63

2026-09-19T19:06:35.447Z,34.24,74.63

2026-09-19T19:06:40.457Z,34.23,74.62

2026-09-19T19:06:45.468Z,34.26,74.63

2026-09-19T19:06:50.456Z,34.25,74.64

2026-09-19T19:06:55.458Z,34.25,74.68

2026-09-19T19:07:00.455Z,34.23,74.62

2026-09-19T19:07:05.458Z,34.24,74.65

2026-09-19T19:07:10.471Z,34.23,74.72

2026-09-19T19:07:15.482Z,34.24,74.76

2026-09-19T19:07:20.470Z,34.23,74.66

2026-09-19T19:07:25.469Z,34.24,74.69

2026-09-19T19:07:30.468Z,34.24,74.76

2026-09-19T19:07:35.469Z,34.22,74.71

2026-09-19T19:07:40.475Z,34.22,74.76

2026-09-19T19:07:45.490Z,34.22,74.83

2026-09-19T19:07:50.476Z,34.23,74.72

2026-09-19T19:07:55.476Z,34.23,74.75

2026-09-19T19:08:00.476Z,34.24,74.73

2026-09-19T19:08:05.475Z,34.24,74.74

2026-09-19T19:08:10.477Z,34.22,74.77

2026-09-19T19:08:15.485Z,34.24,74.78

2026-09-19T19:08:20.476Z,34.23,74.72

2026-09-19T19:08:25.476Z,34.22,74.77

2026-09-19T19:08:30.476Z,34.23,74.79

2026-09-19T19:08:35.486Z,34.24,74.75

2026-09-19T19:08:40.475Z,34.24,74.76

2026-09-19T19:08:45.474Z,34.24,74.74

2026-09-19T19:08:50.475Z,34.24,74.71

2026-09-19T19:08:55.485Z,34.23,74.82

2026-09-19T19:09:00.473Z,34.25,74.76

2026-09-19T19:09:05.476Z,34.25,74.72

2026-09-19T19:09:10.474Z,34.26,74.69

2026-09-19T19:09:15.474Z,34.26,74.73

2026-09-19T19:09:20.478Z,34.25,74.75

2026-09-19T19:09:25.491Z,34.24,74.75

2026-09-19T19:09:30.476Z,34.25,74.69

2026-09-19T19:09:35.478Z,34.26,74.63

2026-09-19T19:09:40.479Z,34.25,74.7

2026-09-19T19:09:45.480Z,34.23,74.67

2026-09-19T19:09:50.491Z,34.27,74.67

2026-09-19T19:09:55.501Z,34.25,74.71

2026-09-19T19:10:00.490Z,34.24,74.71

2026-09-19T19:10:05.493Z,34.25,74.68

2026-09-19T19:10:10.492Z,34.25,74.69

2026-09-19T19:10:15.493Z,34.26,74.65

2026-09-19T19:10:20.501Z,34.24,74.7

2026-09-19T19:10:25.516Z,34.23,74.78

2026-09-19T19:10:30.502Z,34.26,74.7

2026-09-19T19:10:35.507Z,34.25,74.7

2026-09-19T19:10:40.504Z,34.25,74.64

2026-09-19T19:10:45.506Z,34.25,74.66

2026-09-19T19:10:50.512Z,34.25,74.68

2026-09-19T19:10:55.519Z,34.25,74.71

2026-09-19T19:11:00.509Z,34.24,74.72

2026-09-19T19:11:05.511Z,34.27,74.7

2026-09-19T19:11:10.510Z,34.24,74.69

2026-09-19T19:11:15.510Z,34.24,74.7

2026-09-19T19:11:20.525Z,34.24,74.73

2026-09-19T19:11:25.535Z,34.25,74.72

2026-09-19T19:11:30.522Z,34.26,74.64

2026-09-19T19:11:35.523Z,34.24,74.72

2026-09-19T19:11:40.521Z,34.24,74.73

2026-09-19T19:11:45.522Z,34.24,74.71

2026-09-19T19:11:50.529Z,34.24,74.76

2026-09-19T19:11:55.539Z,34.22,74.83

2026-09-19T19:12:00.527Z,34.24,74.78

2026-09-19T19:12:05.526Z,34.23,74.8

2026-09-19T19:12:10.526Z,34.24,74.75

2026-09-19T19:12:15.526Z,34.23,74.79

2026-09-19T19:12:20.542Z,34.23,74.78

2026-09-19T19:12:25.550Z,34.22,74.83

2026-09-19T19:12:30.539Z,34.24,74.79

2026-09-19T19:12:35.537Z,34.24,74.82

2026-09-19T19:12:40.536Z,34.25,74.83

2026-09-19T19:12:45.537Z,34.22,74.82

2026-09-19T19:12:50.536Z,34.24,74.8

2026-09-19T19:12:55.554Z,34.23,74.83

2026-09-19T19:13:00.538Z,34.23,74.81

2026-09-19T19:13:05.536Z,34.23,74.79

2026-09-19T19:13:10.545Z,34.24,74.8

2026-09-19T19:13:15.553Z,34.22,74.81

2026-09-19T19:13:20.544Z,34.24,74.83

2026-09-19T19:13:25.547Z,34.23,74.78

2026-09-19T19:13:30.546Z,34.23,74.76

2026-09-19T19:13:35.565Z,34.23,74.85

2026-09-19T19:13:40.545Z,34.24,74.77

2026-09-19T19:13:45.545Z,34.24,74.8

2026-09-19T19:13:50.547Z,34.21,74.84

2026-09-19T19:13:55.547Z,34.23,74.76

2026-09-19T19:14:00.552Z,34.23,74.75

2026-09-19T19:14:05.568Z,34.22,74.83

2026-09-19T19:14:10.549Z,34.23,74.73

2026-09-19T19:14:15.550Z,34.21,74.82

2026-09-19T19:14:20.550Z,34.2,74.76

2026-09-19T19:14:25.550Z,34.24,74.77

2026-09-19T19:14:30.569Z,34.21,74.76

2026-09-19T19:14:35.582Z,34.23,74.8

2026-09-19T19:14:40.571Z,34.22,74.77

2026-09-19T19:14:45.570Z,34.22,74.75

2026-09-19T19:14:50.569Z,34.23,74.77

2026-09-19T19:14:55.569Z,34.23,74.79

2026-09-19T19:15:00.576Z,34.24,74.73

2026-09-19T19:15:05.586Z,34.21,74.75

2026-09-19T19:15:10.576Z,34.21,74.79

2026-09-19T19:15:15.575Z,34.21,74.71

2026-09-19T19:15:20.576Z,34.21,74.75

2026-09-19T19:15:25.575Z,34.22,74.77

2026-09-19T19:15:30.589Z,34.22,74.79

2026-09-19T19:15:35.599Z,34.21,74.76

2026-09-19T19:15:40.587Z,34.21,74.67

2026-09-19T19:15:45.586Z,34.21,74.71

2026-09-19T19:15:50.588Z,34.2,74.71

2026-09-19T19:15:55.587Z,34.2,74.74

2026-09-19T19:16:00.598Z,34.21,74.6

2026-09-19T19:16:05.610Z,34.21,74.67

2026-09-19T19:16:10.594Z,34.22,74.67

2026-09-19T19:16:15.595Z,34.23,74.59

2026-09-19T19:16:20.596Z,34.22,74.61

2026-09-19T19:16:25.595Z,34.22,74.58

2026-09-19T19:16:30.599Z,34.24,74.54

2026-09-19T19:16:35.612Z,34.21,74.61

2026-09-19T19:16:40.598Z,34.21,74.52

2026-09-19T19:16:45.601Z,34.22,74.6

2026-09-19T19:16:50.599Z,34.2,74.54

2026-09-19T19:16:55.598Z,34.22,74.44

2026-09-19T19:17:00.609Z,34.22,74.49

2026-09-19T19:17:05.621Z,34.21,74.54

2026-09-19T19:17:10.611Z,34.22,74.49

2026-09-19T19:17:15.609Z,34.23,74.51

2026-09-19T19:17:20.609Z,34.21,74.44

2026-09-19T19:17:25.610Z,34.24,74.37

2026-09-19T19:17:30.642Z,34.23,74.31

2026-09-19T19:17:35.631Z,34.25,74.3

2026-09-19T19:17:40.633Z,34.23,74.32

2026-09-19T19:17:45.632Z,34.24,74.33

2026-09-19T19:17:50.632Z,34.21,74.28

2026-09-19T19:17:55.646Z,34.23,74.31

2026-09-19T19:18:00.632Z,34.24,74.26

2026-09-19T19:18:05.631Z,34.23,74.22

2026-09-19T19:18:10.633Z,34.23,74.23

2026-09-19T19:18:15.634Z,34.22,74.2

2026-09-19T19:18:20.636Z,34.24,74.22

2026-09-19T19:18:25.651Z,34.24,74.28

2026-09-19T19:18:30.640Z,34.22,74.21

2026-09-19T19:18:35.640Z,34.22,74.16

2026-09-19T19:18:40.641Z,34.21,74.16

2026-09-19T19:18:45.640Z,34.24,74.17

2026-09-19T19:18:50.643Z,34.23,74.18

2026-09-19T19:18:55.653Z,34.22,74.26

2026-09-19T19:19:00.642Z,34.23,74.18

2026-09-19T19:19:05.640Z,34.23,74.25

2026-09-19T19:19:10.643Z,34.22,74.21

2026-09-19T19:19:15.642Z,34.23,74.2

2026-09-19T19:19:20.639Z,34.21,74.19

2026-09-19T19:19:25.656Z,34.23,74.18

2026-09-19T19:19:30.642Z,34.24,74.18

2026-09-19T19:19:35.643Z,34.23,74.18

2026-09-19T19:19:40.642Z,34.24,74.24

2026-09-19T19:19:45.643Z,34.24,74.19

2026-09-19T19:19:50.648Z,34.22,74.16

2026-09-19T19:19:55.661Z,34.23,74.14

2026-09-19T19:20:00.646Z,34.24,74.15

2026-09-19T19:20:05.645Z,34.23,74.15

2026-09-19T19:20:10.648Z,34.22,74.1

2026-09-19T19:20:15.647Z,34.24,74.13

2026-09-19T19:20:20.657Z,34.25,74.19

2026-09-19T19:20:25.649Z,34.25,74.05

2026-09-19T19:20:30.650Z,34.24,74.16

2026-09-19T19:20:35.650Z,34.25,74.08

2026-09-19T19:20:40.658Z,34.26,74.11

2026-09-19T19:20:45.669Z,34.23,74.09

2026-09-19T19:20:50.654Z,34.25,74.04

2026-09-19T19:20:55.655Z,34.24,73.98

2026-09-19T19:21:00.654Z,34.24,74.1

2026-09-19T19:21:05.656Z,34.23,74.03

2026-09-19T19:21:10.657Z,34.24,74.09

2026-09-19T19:21:15.668Z,34.24,74.08

2026-09-19T19:21:20.656Z,34.24,74.12

2026-09-19T19:21:25.656Z,34.24,74.09

2026-09-19T19:21:30.657Z,34.22,74.08

2026-09-19T19:21:35.658Z,34.24,74.14

2026-09-19T19:21:40.678Z,34.22,74.13

2026-09-19T19:21:45.688Z,34.22,74.24

2026-09-19T19:21:50.677Z,34.23,74.16

2026-09-19T19:21:55.677Z,34.21,74.17

2026-09-19T19:22:00.676Z,34.22,74.2

2026-09-19T19:22:05.691Z,34.22,74.21

2026-09-19T19:22:10.680Z,34.21,74.24

2026-09-19T19:22:15.681Z,34.2,74.22

2026-09-19T19:22:20.680Z,34.21,74.22

2026-09-19T19:22:25.682Z,34.21,74.21

2026-09-19T19:22:30.686Z,34.2,74.21

2026-09-19T19:22:35.701Z,34.2,74.23

2026-09-19T19:22:40.687Z,34.21,74.25

2026-09-19T19:22:45.686Z,34.2,74.19

2026-09-19T19:22:50.686Z,34.19,74.19

2026-09-19T19:22:55.687Z,34.19,74.2

2026-09-19T19:23:00.704Z,34.21,74.24

2026-09-19T19:23:05.717Z,34.19,74.27

2026-09-19T19:23:10.704Z,34.2,74.31

2026-09-19T19:23:15.703Z,34.19,74.32

2026-09-19T19:23:20.703Z,34.19,74.25

2026-09-19T19:23:25.703Z,34.2,74.32

2026-09-19T19:23:30.708Z,34.19,74.32

2026-09-19T19:23:35.718Z,34.2,74.39

2026-09-19T19:23:40.707Z,34.17,74.43

2026-09-19T19:23:45.705Z,34.17,74.42

2026-09-19T19:23:50.708Z,34.19,74.46

2026-09-19T19:23:55.705Z,34.18,74.45

2026-09-19T19:24:00.709Z,34.17,74.42

2026-09-19T19:24:05.719Z,34.16,74.47

2026-09-19T19:24:10.708Z,34.16,74.4

2026-09-19T19:24:15.708Z,34.18,74.45

2026-09-19T19:24:20.707Z,34.19,74.4

2026-09-19T19:24:25.711Z,34.2,74.42

2026-09-19T19:24:30.728Z,34.19,74.43

2026-09-19T19:24:35.738Z,34.19,74.51

2026-09-19T19:24:40.727Z,34.19,74.47

2026-09-19T19:24:45.728Z,34.19,74.47

2026-09-19T19:24:50.729Z,34.19,74.44

2026-09-19T19:24:55.728Z,34.2,74.47

2026-09-19T19:25:00.743Z,34.21,74.47

2026-09-19T19:25:05.738Z,34.21,74.5

2026-09-19T19:25:10.741Z,34.21,74.47

2026-09-19T19:25:15.739Z,34.18,74.43

2026-09-19T19:25:20.738Z,34.18,74.44

2026-09-19T19:25:25.747Z,34.2,74.49

2026-09-19T19:25:30.737Z,34.19,74.51

2026-09-19T19:25:35.739Z,34.19,74.52

2026-09-19T19:25:40.738Z,34.19,74.55

2026-09-19T19:25:45.740Z,34.18,74.53

2026-09-19T19:25:50.746Z,34.18,74.54

2026-09-19T19:25:55.753Z,34.19,74.55

2026-09-19T19:26:00.744Z,34.19,74.59

2026-09-19T19:26:05.744Z,34.19,74.6

2026-09-19T19:26:10.744Z,34.18,74.56

2026-09-19T19:26:15.761Z,34.17,74.58

2026-09-19T19:26:20.747Z,34.2,74.59

2026-09-19T19:26:25.749Z,34.19,74.58

2026-09-19T19:26:30.747Z,34.2,74.57

2026-09-19T19:26:35.746Z,34.18,74.57

2026-09-19T19:26:40.749Z,34.2,74.59

2026-09-19T19:26:45.759Z,34.18,74.66

2026-09-19T19:26:50.746Z,34.19,74.62

2026-09-19T19:26:55.749Z,34.19,74.55

2026-09-19T19:27:00.748Z,34.19,74.56

2026-09-19T19:27:05.748Z,34.19,74.6

2026-09-19T19:27:10.758Z,34.19,74.58

2026-09-19T19:27:15.768Z,34.21,74.58

2026-09-19T19:27:20.757Z,34.22,74.55

2026-09-19T19:27:25.759Z,34.21,74.52

2026-09-19T19:27:30.757Z,34.19,74.53

2026-09-19T19:27:35.759Z,34.21,74.52

2026-09-19T19:27:40.760Z,34.22,74.57

2026-09-19T19:27:45.769Z,34.21,74.51

2026-09-19T19:27:50.758Z,34.22,74.51

2026-09-19T19:27:55.761Z,34.22,74.53

2026-09-19T19:28:00.762Z,34.21,74.57

2026-09-19T19:28:05.761Z,34.21,74.54

2026-09-19T19:28:10.776Z,34.21,74.57

2026-09-19T19:28:15.784Z,34.2,74.55

2026-09-19T19:28:20.774Z,34.21,74.54

2026-09-19T19:28:25.776Z,34.21,74.52

2026-09-19T19:28:30.775Z,34.24,74.56

2026-09-19T19:28:35.778Z,34.22,74.55

2026-09-19T19:28:40.782Z,34.23,74.51

2026-09-19T19:28:45.793Z,34.23,74.59

2026-09-19T19:28:50.780Z,34.22,74.54

2026-09-19T19:28:55.782Z,34.24,74.57

2026-09-19T19:29:00.781Z,34.23,74.51

2026-09-19T19:29:05.793Z,34.25,74.58

2026-09-19T19:29:10.778Z,34.24,74.48

2026-09-19T19:29:15.781Z,34.25,74.48

2026-09-19T19:29:20.781Z,34.23,74.55

2026-09-19T19:29:25.783Z,34.25,74.53

2026-09-19T19:29:30.802Z,34.23,74.51

2026-09-19T19:29:35.812Z,34.23,74.51

2026-09-19T19:29:40.806Z,34.25,74.56

2026-09-19T19:29:45.806Z,34.24,74.58

2026-09-19T19:29:50.803Z,34.26,74.51

2026-09-19T19:29:55.803Z,34.24,74.53

2026-09-19T19:30:00.805Z,34.26,74.49

2026-09-19T19:30:05.817Z,34.23,74.62

2026-09-19T19:30:10.804Z,34.24,74.55

2026-09-19T19:30:15.807Z,34.25,74.61

2026-09-19T19:30:20.806Z,34.25,74.6

2026-09-19T19:30:25.806Z,34.26,74.54

2026-09-19T19:30:30.807Z,34.24,74.56

2026-09-19T19:30:35.818Z,34.26,74.61

2026-09-19T19:30:40.807Z,34.27,74.6

2026-09-19T19:30:45.806Z,34.27,74.55

2026-09-19T19:30:50.808Z,34.27,74.53

2026-09-19T19:30:55.808Z,34.26,74.53

2026-09-19T19:31:00.811Z,34.26,74.58

2026-09-19T19:31:05.820Z,34.26,74.62

2026-09-19T19:31:10.807Z,34.27,74.53

2026-09-19T19:31:15.807Z,34.25,74.57

2026-09-19T19:31:20.810Z,34.24,74.63

2026-09-19T19:31:25.820Z,34.27,74.69

2026-09-19T19:31:30.810Z,34.26,74.63

2026-09-19T19:31:35.813Z,34.25,74.68

2026-09-19T19:31:40.810Z,34.25,74.63

2026-09-19T19:31:45.811Z,34.25,74.57

2026-09-19T19:31:50.819Z,34.23,74.59

2026-09-19T19:31:55.829Z,34.24,74.62

2026-09-19T19:32:00.813Z,34.25,74.67

2026-09-19T19:32:05.814Z,34.24,74.6

2026-09-19T19:32:10.815Z,34.25,74.66

2026-09-19T19:32:15.814Z,34.26,74.61

2026-09-19T19:32:20.818Z,34.25,74.61

2026-09-19T19:32:25.829Z,34.24,74.7

2026-09-19T19:32:30.818Z,34.27,74.68

2026-09-19T19:32:35.818Z,34.23,74.7

2026-09-19T19:32:40.818Z,34.25,74.67

2026-09-19T19:32:45.821Z,34.26,74.66

2026-09-19T19:32:50.833Z,34.27,74.66

2026-09-19T19:32:55.842Z,34.25,74.69

2026-09-19T19:33:00.832Z,34.25,74.68

2026-09-19T19:33:05.833Z,34.26,74.62

2026-09-19T19:33:10.833Z,34.26,74.66

2026-09-19T19:33:15.832Z,34.26,74.67

2026-09-19T19:33:20.838Z,34.27,74.63

2026-09-19T19:33:25.850Z,34.28,74.74

2026-09-19T19:33:30.836Z,34.27,74.69

2026-09-19T19:33:35.837Z,34.27,74.68

2026-09-19T19:33:40.836Z,34.27,74.65

2026-09-19T19:33:45.840Z,34.26,74.65

2026-09-19T19:33:50.850Z,34.27,74.69

2026-09-19T19:33:55.860Z,34.28,74.72

2026-09-19T19:34:00.849Z,34.28,74.71

2026-09-19T19:34:05.849Z,34.29,74.66

2026-09-19T19:34:10.850Z,34.28,74.73

2026-09-19T19:34:15.849Z,34.26,74.66

2026-09-19T19:34:20.860Z,34.28,74.66

2026-09-19T19:34:25.871Z,34.26,74.72

2026-09-19T19:34:30.857Z,34.27,74.66

2026-09-19T19:34:35.857Z,34.28,74.66

2026-09-19T19:34:40.863Z,34.29,74.69

2026-09-19T19:34:45.871Z,34.25,74.69

2026-09-19T19:34:50.861Z,34.27,74.69

2026-09-19T19:34:55.862Z,34.27,74.66

2026-09-19T19:35:00.862Z,34.27,74.67

2026-09-19T19:35:05.864Z,34.27,74.72

2026-09-19T19:35:10.878Z,34.27,74.71

2026-09-19T19:35:15.893Z,34.28,74.75

2026-09-19T19:35:20.874Z,34.28,74.7

2026-09-19T19:35:25.875Z,34.31,74.66

2026-09-19T19:35:30.872Z,34.27,74.71

2026-09-19T19:35:35.875Z,34.29,74.73

2026-09-19T19:35:40.889Z,34.28,74.74

2026-09-19T19:35:45.899Z,34.28,74.7

2026-09-19T19:35:50.886Z,34.3,74.69

2026-09-19T19:35:55.887Z,34.29,74.72

2026-09-19T19:36:00.887Z,34.28,74.68

2026-09-19T19:36:05.887Z,34.3,74.66

2026-09-19T19:36:10.896Z,34.29,74.72

2026-09-19T19:36:15.907Z,34.28,74.74

2026-09-19T19:36:20.896Z,34.3,74.72

2026-09-19T19:36:25.896Z,34.28,74.76

2026-09-19T19:36:30.894Z,34.28,74.76

2026-09-19T19:36:35.896Z,34.28,74.75

2026-09-19T19:36:40.897Z,34.28,74.79

2026-09-19T19:36:45.909Z,34.29,74.81

2026-09-19T19:36:50.897Z,34.28,74.72

2026-09-19T19:36:55.897Z,34.29,74.76

2026-09-19T19:37:00.897Z,34.29,74.77

2026-09-19T19:37:05.898Z,34.28,74.78

2026-09-19T19:37:10.908Z,34.28,74.75

2026-09-19T19:37:15.919Z,34.27,74.81

2026-09-19T19:37:20.908Z,34.29,74.77

2026-09-19T19:37:25.910Z,34.3,74.8

2026-09-19T19:37:30.910Z,34.29,74.79

2026-09-19T19:37:35.919Z,34.29,74.81

2026-09-19T19:37:40.909Z,34.29,74.77

2026-09-19T19:37:45.909Z,34.29,74.8

2026-09-19T19:37:50.909Z,34.31,74.75

2026-09-19T19:37:55.922Z,34.29,74.8

2026-09-19T19:38:00.909Z,34.31,74.77

2026-09-19T19:38:05.910Z,34.32,74.79

2026-09-19T19:38:10.911Z,34.28,74.72

2026-09-19T19:38:15.910Z,34.3,74.76

2026-09-19T19:38:20.912Z,34.3,74.78

2026-09-19T19:38:25.927Z,34.31,74.8

2026-09-19T19:38:30.911Z,34.32,74.81

2026-09-19T19:38:35.911Z,34.31,74.74

2026-09-19T19:38:40.912Z,34.31,74.76

2026-09-19T19:38:45.912Z,34.28,74.79

2026-09-19T19:38:50.929Z,34.31,74.72

2026-09-19T19:38:55.938Z,34.3,74.8

2026-09-19T19:39:00.927Z,34.28,74.79

2026-09-19T19:39:05.927Z,34.28,74.83

2026-09-19T19:39:10.930Z,34.31,74.88

2026-09-19T19:39:15.927Z,34.3,74.87

2026-09-19T19:39:20.937Z,34.3,74.87

2026-09-19T19:39:25.957Z,34.29,74.86

2026-09-19T19:39:30.935Z,34.3,74.81

2026-09-19T19:39:35.935Z,34.29,74.85

2026-09-19T19:39:40.935Z,34.31,74.83

2026-09-19T19:39:45.935Z,34.31,74.85

2026-09-19T19:39:50.944Z,34.3,74.85

2026-09-19T19:39:55.958Z,34.31,74.86

2026-09-19T19:40:00.945Z,34.32,74.82

2026-09-19T19:40:05.944Z,34.33,74.81

2026-09-19T19:40:10.945Z,34.32,74.79

2026-09-19T19:40:15.947Z,34.33,74.71

2026-09-19T19:40:20.954Z,34.33,74.74

2026-09-19T19:40:25.969Z,34.35,74.73

2026-09-19T19:40:30.950Z,34.34,74.79

2026-09-19T19:40:35.951Z,34.36,74.74

2026-09-19T19:40:40.951Z,34.35,74.77

2026-09-19T19:40:45.950Z,34.35,74.71

2026-09-19T19:40:50.958Z,34.36,74.75

2026-09-19T19:40:55.970Z,34.36,74.74

2026-09-19T19:41:00.955Z,34.37,74.69

2026-09-19T19:41:05.958Z,34.37,74.7

2026-09-19T19:41:10.956Z,34.37,74.69

2026-09-19T19:41:15.958Z,34.37,74.59

2026-09-19T19:41:20.964Z,34.4,74.58

2026-09-19T19:41:25.971Z,34.38,74.68

2026-09-19T19:41:30.964Z,34.4,74.59

2026-09-19T19:41:35.963Z,34.4,74.58

2026-09-19T19:41:40.964Z,34.4,74.61

2026-09-19T19:41:45.963Z,34.4,74.59

2026-09-19T19:41:50.977Z,34.41,74.57

2026-09-19T19:41:55.985Z,34.4,74.6

2026-09-19T19:42:00.975Z,34.42,74.56

2026-09-19T19:42:05.978Z,34.43,74.5

2026-09-19T19:42:10.978Z,34.43,74.52

2026-09-19T19:42:15.977Z,34.42,74.47

2026-09-19T19:42:20.979Z,34.44,74.49

2026-09-19T19:42:25.988Z,34.42,74.49

2026-09-19T19:42:30.976Z,34.44,74.42

2026-09-19T19:42:35.978Z,34.45,74.38

2026-09-19T19:42:40.979Z,34.45,74.41

2026-09-19T19:42:45.990Z,34.45,74.44

2026-09-19T19:42:50.979Z,34.46,74.37

2026-09-19T19:42:55.979Z,34.47,74.33

2026-09-19T19:43:00.981Z,34.46,74.34

2026-09-19T19:43:05.980Z,34.46,74.4

2026-09-19T19:43:10.996Z,34.48,74.3

2026-09-19T19:43:16.011Z,34.48,74.37

2026-09-19T19:43:20.994Z,34.49,74.38

2026-09-19T19:43:25.994Z,34.48,74.26

2026-09-19T19:43:30.995Z,34.49,74.34

2026-09-19T19:43:35.996Z,34.5,74.27

2026-09-19T19:43:41.009Z,34.48,74.27

2026-09-19T19:43:46.022Z,34.49,74.31

2026-09-19T19:43:51.006Z,34.49,74.34

2026-09-19T19:43:56.007Z,34.5,74.27

2026-09-19T19:44:01.009Z,34.5,74.28

2026-09-19T19:44:06.007Z,34.5,74.28

2026-09-19T19:44:11.035Z,34.5,74.24

2026-09-19T19:44:16.043Z,34.5,74.3

2026-09-19T19:44:21.034Z,34.52,74.29

2026-09-19T19:44:26.036Z,34.52,74.25

2026-09-19T19:44:31.032Z,34.51,74.29

2026-09-19T19:44:36.034Z,34.51,74.24

2026-09-19T19:44:41.032Z,34.53,74.19

2026-09-19T19:44:46.048Z,34.5,74.31

2026-09-19T19:44:51.035Z,34.5,74.22

2026-09-19T19:44:56.035Z,34.52,74.28

2026-09-19T19:45:01.034Z,34.52,74.31

2026-09-19T19:45:06.034Z,34.52,74.25

2026-09-19T19:45:11.041Z,34.51,74.31

2026-09-19T19:45:16.049Z,34.51,74.3

2026-09-19T19:45:21.037Z,34.52,74.31

2026-09-19T19:45:26.038Z,34.53,74.32

2026-09-19T19:45:31.038Z,34.51,74.29

2026-09-19T19:45:36.036Z,34.52,74.31

2026-09-19T19:45:41.039Z,34.53,74.27

2026-09-19T19:45:46.050Z,34.53,74.33

2026-09-19T19:45:51.038Z,34.51,74.21

2026-09-19T19:45:56.040Z,34.53,74.26

2026-09-19T19:46:01.040Z,34.51,74.31

2026-09-19T19:46:06.040Z,34.53,74.27

2026-09-19T19:46:11.050Z,34.52,74.28

2026-09-19T19:46:16.061Z,34.54,74.25

2026-09-19T19:46:21.050Z,34.52,74.25

2026-09-19T19:46:26.051Z,34.53,74.31

2026-09-19T19:46:31.051Z,34.52,74.27

2026-09-19T19:46:36.050Z,34.53,74.26

2026-09-19T19:46:41.067Z,34.52,74.3

2026-09-19T19:46:46.061Z,34.52,74.21

2026-09-19T19:46:51.059Z,34.53,74.26

2026-09-19T19:46:56.059Z,34.54,74.3

2026-09-19T19:47:01.057Z,34.52,74.24

2026-09-19T19:47:06.071Z,34.52,74.21

2026-09-19T19:47:11.062Z,34.54,74.26

2026-09-19T19:47:16.063Z,34.55,74.24

2026-09-19T19:47:21.062Z,34.54,74.24

2026-09-19T19:47:26.063Z,34.55,74.26

2026-09-19T19:47:31.062Z,34.56,74.19

2026-09-19T19:47:36.074Z,34.55,74.18

2026-09-19T19:47:41.064Z,34.55,74.16

2026-09-19T19:47:46.064Z,34.54,74.14

2026-09-19T19:47:51.064Z,34.54,74.22

2026-09-19T19:47:56.067Z,34.54,74.15

2026-09-19T19:48:01.064Z,34.55,74.13

2026-09-19T19:48:06.076Z,34.55,74.19

2026-09-19T19:48:11.064Z,34.56,74.08

2026-09-19T19:48:16.066Z,34.55,74.12

2026-09-19T19:48:21.066Z,34.57,74.1

2026-09-19T19:48:26.066Z,34.55,74.15

2026-09-19T19:48:31.079Z,34.56,74.12

2026-09-19T19:48:36.091Z,34.56,74.13

2026-09-19T19:48:41.079Z,34.56,74.08

2026-09-19T19:48:46.079Z,34.57,74.1

2026-09-19T19:48:51.081Z,34.57,74

2026-09-19T19:48:56.079Z,34.57,74.07

2026-09-19T19:49:01.093Z,34.57,74.07

2026-09-19T19:49:06.105Z,34.59,74.1

2026-09-19T19:49:11.091Z,34.59,73.99

2026-09-19T19:49:16.091Z,34.57,74.03

2026-09-19T19:49:21.090Z,34.58,74.03

2026-09-19T19:49:26.092Z,34.56,73.97

2026-09-19T19:49:31.100Z,34.58,73.97

2026-09-19T19:49:36.109Z,34.57,74

2026-09-19T19:49:41.096Z,34.57,73.97

2026-09-19T19:49:46.096Z,34.58,74

2026-09-19T19:49:51.096Z,34.57,74.04

2026-09-19T19:49:56.096Z,34.57,73.98

2026-09-19T19:50:01.106Z,34.59,73.99

2026-09-19T19:50:06.123Z,34.58,74.07

2026-09-19T19:50:11.105Z,34.57,74.03

2026-09-19T19:50:16.110Z,34.59,73.93

2026-09-19T19:50:21.110Z,34.59,74.03

2026-09-19T19:50:26.109Z,34.59,74.02

2026-09-19T19:50:31.115Z,34.6,73.99

2026-09-19T19:50:36.126Z,34.59,74.08

2026-09-19T19:50:41.115Z,34.58,73.99

2026-09-19T19:50:46.115Z,34.58,73.98

2026-09-19T19:50:51.119Z,34.57,73.97

2026-09-19T19:50:56.118Z,34.59,73.97

2026-09-19T19:51:01.123Z,34.59,74.03

2026-09-19T19:51:06.132Z,34.59,74.04

2026-09-19T19:51:11.118Z,34.6,74.03

2026-09-19T19:51:16.118Z,34.59,74.02

2026-09-19T19:51:21.118Z,34.59,74.03

2026-09-19T19:51:26.122Z,34.6,74.02

2026-09-19T19:51:31.129Z,34.6,73.99

2026-09-19T19:51:36.136Z,34.58,74.02

2026-09-19T19:51:41.127Z,34.61,74

2026-09-19T19:51:46.128Z,34.61,74.04

2026-09-19T19:51:51.128Z,34.62,73.93

2026-09-19T19:51:56.127Z,34.61,73.94

2026-09-19T19:52:01.143Z,34.63,74.02

2026-09-19T19:52:06.154Z,34.62,74.01

2026-09-19T19:52:11.141Z,34.63,73.96

2026-09-19T19:52:16.140Z,34.63,73.9

2026-09-19T19:52:21.141Z,34.62,73.96

2026-09-19T19:52:26.142Z,34.62,73.91

2026-09-19T19:52:31.141Z,34.62,73.87

2026-09-19T19:52:36.153Z,34.62,73.89

2026-09-19T19:52:41.142Z,34.63,73.9

2026-09-19T19:52:46.141Z,34.64,73.83

2026-09-19T19:52:51.141Z,34.64,73.9

2026-09-19T19:52:56.139Z,34.63,73.91

2026-09-19T19:53:01.143Z,34.63,73.84

2026-09-19T19:53:06.154Z,34.61,73.89

2026-09-19T19:53:11.139Z,34.63,73.88

2026-09-19T19:53:16.141Z,34.64,73.92

2026-09-19T19:53:21.140Z,34.64,73.87

2026-09-19T19:53:26.140Z,34.63,73.94

2026-09-19T19:53:31.158Z,34.63,73.83

2026-09-19T19:53:36.172Z,34.63,73.92

2026-09-19T19:53:41.157Z,34.64,73.87

2026-09-19T19:53:46.158Z,34.62,73.85

2026-09-19T19:53:51.158Z,34.61,73.87

2026-09-19T19:53:56.156Z,34.62,73.9

2026-09-19T19:54:01.166Z,34.63,73.86

2026-09-19T19:54:06.181Z,34.62,73.9

2026-09-19T19:54:11.165Z,34.63,73.92

2026-09-19T19:54:16.167Z,34.64,73.89

2026-09-19T19:54:21.165Z,34.63,73.89

2026-09-19T19:54:26.167Z,34.62,73.93

2026-09-19T19:54:31.170Z,34.62,73.88

2026-09-19T19:54:36.182Z,34.64,73.96

2026-09-19T19:54:41.171Z,34.64,73.91

2026-09-19T19:54:46.171Z,34.64,73.88

2026-09-19T19:54:51.172Z,34.62,73.91

2026-09-19T19:54:56.173Z,34.64,73.87

2026-09-19T19:55:01.180Z,34.65,73.94

2026-09-19T19:55:06.185Z,34.63,73.95

2026-09-19T19:55:11.175Z,34.62,73.89

2026-09-19T19:55:16.176Z,34.63,73.94

2026-09-19T19:55:21.175Z,34.63,73.92

2026-09-19T19:55:26.176Z,34.63,73.91

2026-09-19T19:55:31.190Z,34.62,73.92

2026-09-19T19:55:36.204Z,34.63,73.88

2026-09-19T19:55:41.190Z,34.64,73.89

2026-09-19T19:55:46.191Z,34.64,73.9

2026-09-19T19:55:51.192Z,34.65,73.88

2026-09-19T19:55:56.190Z,34.65,73.98

2026-09-19T19:56:01.194Z,34.64,73.95

2026-09-19T19:56:06.205Z,34.64,73.91

2026-09-19T19:56:11.191Z,34.65,73.94

2026-09-19T19:56:16.193Z,34.66,73.93

2026-09-19T19:56:21.194Z,34.66,73.89

2026-09-19T19:56:26.193Z,34.65,73.92

2026-09-19T19:56:31.208Z,34.63,73.93

2026-09-19T19:56:36.217Z,34.65,73.97

2026-09-19T19:56:41.205Z,34.66,73.94

2026-09-19T19:56:46.205Z,34.65,73.94

2026-09-19T19:56:51.205Z,34.65,73.92

2026-09-19T19:56:56.205Z,34.66,73.91

2026-09-19T19:57:01.206Z,34.65,73.92

2026-09-19T19:57:06.219Z,34.65,73.92

2026-09-19T19:57:11.206Z,34.65,73.94

2026-09-19T19:57:16.209Z,34.66,73.95

2026-09-19T19:57:21.210Z,34.64,73.98

2026-09-19T19:57:26.208Z,34.66,73.99

2026-09-19T19:57:31.219Z,34.65,73.91

2026-09-19T19:57:36.233Z,34.65,74.01

2026-09-19T19:57:41.220Z,34.66,73.99

2026-09-19T19:57:46.219Z,34.66,73.99

2026-09-19T19:57:51.219Z,34.67,74

2026-09-19T19:57:56.220Z,34.66,74.02

2026-09-19T19:58:01.230Z,34.65,74.02

2026-09-19T19:58:06.240Z,34.65,74.05

2026-09-19T19:58:11.228Z,34.64,74.04

2026-09-19T19:58:16.230Z,34.65,74.02

2026-09-19T19:58:21.227Z,34.64,74.01

2026-09-19T19:58:26.229Z,34.64,74.06

2026-09-19T19:58:31.235Z,34.63,74.05

2026-09-19T19:58:36.244Z,34.64,74.06

2026-09-19T19:58:41.233Z,34.66,74.06

2026-09-19T19:58:46.235Z,34.64,74.02

2026-09-19T19:58:51.234Z,34.64,74.08

2026-09-19T19:58:56.232Z,34.65,74.06

2026-09-19T19:59:01.244Z,34.65,74.1

2026-09-19T19:59:06.254Z,34.66,74.11

2026-09-19T19:59:11.243Z,34.66,74.08

2026-09-19T19:59:16.245Z,34.65,74.12

2026-09-19T19:59:21.241Z,34.65,74.14

2026-09-19T19:59:26.242Z,34.63,74.07

2026-09-19T19:59:31.252Z,34.63,74.11

2026-09-19T19:59:36.264Z,34.63,74.13

2026-09-19T19:59:41.251Z,34.64,74.13

2026-09-19T19:59:46.250Z,34.63,74.17

2026-09-19T19:59:51.251Z,34.65,74.11

2026-09-19T19:59:56.252Z,34.62,74.16

2026-09-19T20:00:01.263Z,34.64,74.14

2026-09-19T20:00:06.277Z,34.62,74.21

2026-09-19T20:00:11.262Z,34.63,74.17

2026-09-19T20:00:16.263Z,34.61,74.21

2026-09-19T20:00:21.262Z,34.61,74.17

2026-09-19T20:00:26.266Z,34.63,74.24

2026-09-19T20:00:31.264Z,34.62,74.15

2026-09-19T20:00:36.276Z,34.63,74.21

2026-09-19T20:00:41.264Z,34.62,74.17

2026-09-19T20:00:46.265Z,34.61,74.23

2026-09-19T20:00:51.264Z,34.62,74.14

2026-09-19T20:00:56.265Z,34.64,74.18

2026-09-19T20:01:01.270Z,34.61,74.25

2026-09-19T20:01:06.281Z,34.65,74.2

2026-09-19T20:01:11.270Z,34.63,74.21

2026-09-19T20:01:16.270Z,34.62,74.19

2026-09-19T20:01:21.274Z,34.61,74.2

2026-09-19T20:01:26.273Z,34.63,74.22

2026-09-19T20:01:31.284Z,34.63,74.21

2026-09-19T20:01:36.293Z,34.62,74.26

2026-09-19T20:01:41.283Z,34.61,74.24

2026-09-19T20:01:46.284Z,34.63,74.21

2026-09-19T20:01:51.284Z,34.63,74.24

2026-09-19T20:01:56.286Z,34.62,74.2

2026-09-19T20:02:01.295Z,34.62,74.25

2026-09-19T20:02:06.303Z,34.6,74.26

2026-09-19T20:02:11.293Z,34.61,74.2

2026-09-19T20:02:16.292Z,34.6,74.2

2026-09-19T20:02:21.294Z,34.57,74.22

2026-09-19T20:02:26.292Z,34.58,74.24

2026-09-19T20:02:31.298Z,34.59,74.2

2026-09-19T20:02:36.309Z,34.58,74.27

2026-09-19T20:02:41.298Z,34.59,74.26

2026-09-19T20:02:46.297Z,34.58,74.26

2026-09-19T20:02:51.297Z,34.57,74.32

2026-09-19T20:02:56.309Z,34.58,74.28

2026-09-19T20:03:01.297Z,34.58,74.28

2026-09-19T20:03:06.298Z,34.56,74.34

2026-09-19T20:03:11.299Z,34.55,74.38

2026-09-19T20:03:16.300Z,34.57,74.35

2026-09-19T20:03:21.299Z,34.56,74.38

2026-09-19T20:03:26.313Z,34.57,74.4

2026-09-19T20:03:31.299Z,34.57,74.4

2026-09-19T20:03:36.303Z,34.56,74.44

2026-09-19T20:03:41.301Z,34.57,74.42

2026-09-19T20:03:46.302Z,34.56,74.48

2026-09-19T20:03:51.311Z,34.57,74.37

2026-09-19T20:03:56.322Z,34.56,74.48

2026-09-19T20:04:01.309Z,34.55,74.43

2026-09-19T20:04:06.310Z,34.55,74.41

2026-09-19T20:04:11.311Z,34.54,74.43

2026-09-19T20:04:16.309Z,34.54,74.42

2026-09-19T20:04:21.310Z,34.54,74.48

2026-09-19T20:04:26.320Z,34.53,74.43

2026-09-19T20:04:31.310Z,34.54,74.41

2026-09-19T20:04:36.309Z,34.54,74.45

2026-09-19T20:04:41.309Z,34.54,74.47

2026-09-19T20:04:46.310Z,34.54,74.47

2026-09-19T20:04:51.324Z,34.52,74.5

2026-09-19T20:04:56.329Z,34.54,74.55

2026-09-19T20:05:01.318Z,34.53,74.55

2026-09-19T20:05:06.319Z,34.53,74.55

2026-09-19T20:05:11.353Z,34.53,74.59

2026-09-19T20:05:16.320Z,34.52,74.55

2026-09-19T20:05:21.332Z,34.53,74.57

2026-09-19T20:05:26.344Z,34.53,74.59

2026-09-19T20:05:31.330Z,34.53,74.61

2026-09-19T20:05:36.329Z,34.52,74.57

2026-09-19T20:05:41.328Z,34.53,74.62

2026-09-19T20:05:46.330Z,34.52,74.64

2026-09-19T20:05:51.340Z,34.49,74.59

2026-09-19T20:05:56.348Z,34.49,74.64

2026-09-19T20:06:01.338Z,34.51,74.64

2026-09-19T20:06:06.339Z,34.51,74.66

2026-09-19T20:06:11.339Z,34.5,74.63

2026-09-19T20:06:16.342Z,34.49,74.69

2026-09-19T20:06:21.349Z,34.51,74.72

2026-09-19T20:06:26.360Z,34.51,74.68

2026-09-19T20:06:31.349Z,34.51,74.71

2026-09-19T20:06:36.346Z,34.51,74.73

2026-09-19T20:06:41.347Z,34.52,74.73

2026-09-19T20:06:46.347Z,34.49,74.66

2026-09-19T20:06:51.357Z,34.5,74.65

2026-09-19T20:06:56.368Z,34.49,74.72

2026-09-19T20:07:01.355Z,34.5,74.73

2026-09-19T20:07:06.355Z,34.51,74.75

2026-09-19T20:07:11.356Z,34.52,74.73

2026-09-19T20:07:16.357Z,34.5,74.79

2026-09-19T20:07:21.368Z,34.49,74.79

2026-09-19T20:07:26.380Z,34.48,74.81

2026-09-19T20:07:31.365Z,34.48,74.82

2026-09-19T20:07:36.369Z,34.49,74.88

2026-09-19T20:07:41.375Z,34.48,74.84

2026-09-19T20:07:46.392Z,34.48,74.87

2026-09-19T20:07:51.375Z,34.48,74.83

2026-09-19T20:07:56.376Z,34.48,74.86

2026-09-19T20:08:01.375Z,34.47,74.93

2026-09-19T20:08:06.375Z,34.48,74.92

2026-09-19T20:08:11.376Z,34.5,74.93

2026-09-19T20:08:16.387Z,34.49,74.94

2026-09-19T20:08:21.377Z,34.46,74.94

2026-09-19T20:08:26.377Z,34.48,74.92

2026-09-19T20:08:31.381Z,34.48,74.86

2026-09-19T20:08:36.380Z,34.48,74.86

2026-09-19T20:08:41.382Z,34.49,74.94

2026-09-19T20:08:46.393Z,34.49,74.94

2026-09-19T20:08:51.381Z,34.49,74.93

2026-09-19T20:08:56.379Z,34.5,74.86

2026-09-19T20:09:01.381Z,34.51,74.95

2026-09-19T20:09:06.384Z,34.5,74.94

2026-09-19T20:09:11.390Z,34.51,74.9

2026-09-19T20:09:16.398Z,34.53,74.94

2026-09-19T20:09:21.392Z,34.52,74.89

2026-09-19T20:09:26.390Z,34.51,74.86

2026-09-19T20:09:31.391Z,34.54,74.83

2026-09-19T20:09:36.390Z,34.51,74.97

2026-09-19T20:09:41.400Z,34.51,74.91

2026-09-19T20:09:46.409Z,34.5,74.92

2026-09-19T20:09:51.398Z,34.54,74.88

2026-09-19T20:09:56.400Z,34.53,74.93

2026-09-19T20:10:01.399Z,34.54,74.93

2026-09-19T20:10:06.397Z,34.54,74.92

2026-09-19T20:10:11.409Z,34.53,74.92

2026-09-19T20:10:16.420Z,34.52,74.98

2026-09-19T20:10:21.410Z,34.54,74.87

2026-09-19T20:10:26.410Z,34.55,74.96

2026-09-19T20:10:31.410Z,34.55,74.94

2026-09-19T20:10:36.413Z,34.56,74.88

2026-09-19T20:10:41.411Z,34.56,74.91

2026-09-19T20:10:46.427Z,34.52,74.93

2026-09-19T20:10:51.411Z,34.53,74.96

2026-09-19T20:10:56.413Z,34.54,74.93

2026-09-19T20:11:01.410Z,34.56,74.97

2026-09-19T20:11:06.411Z,34.54,74.97

2026-09-19T20:11:11.412Z,34.55,74.9

2026-09-19T20:11:16.421Z,34.55,74.97

2026-09-19T20:11:21.411Z,34.53,74.94

2026-09-19T20:11:26.414Z,34.53,74.96

2026-09-19T20:11:31.413Z,34.53,74.99

2026-09-19T20:11:36.413Z,34.52,74.96

2026-09-19T20:11:41.429Z,34.52,75.03

2026-09-19T20:11:46.442Z,34.53,74.94

2026-09-19T20:11:51.431Z,34.53,75.01

2026-09-19T20:11:56.427Z,34.53,75.02

2026-09-19T20:12:01.442Z,34.53,75.02

2026-09-19T20:12:06.455Z,34.54,75

2026-09-19T20:12:11.440Z,34.54,75.01

2026-09-19T20:12:16.441Z,34.53,75.02

2026-09-19T20:12:21.443Z,34.52,75.03

2026-09-19T20:12:26.442Z,34.54,75.07

2026-09-19T20:12:31.447Z,34.53,75.01

2026-09-19T20:12:36.458Z,34.53,74.96

2026-09-19T20:12:41.445Z,34.55,75.04

2026-09-19T20:12:46.446Z,34.54,75.03

2026-09-19T20:12:51.446Z,34.54,75.02

2026-09-19T20:12:56.447Z,34.56,75.03

2026-09-19T20:13:01.461Z,34.56,75.06

2026-09-19T20:13:06.472Z,34.55,75.01

2026-09-19T20:13:11.460Z,34.53,75.01

2026-09-19T20:13:16.461Z,34.54,75.02

2026-09-19T20:13:21.461Z,34.56,75.08

2026-09-19T20:13:26.461Z,34.55,75.07

2026-09-19T20:13:31.468Z,34.54,75.06

2026-09-19T20:13:36.480Z,34.55,75.07

2026-09-19T20:13:41.465Z,34.56,75.05

2026-09-19T20:13:46.466Z,34.55,75.08

2026-09-19T20:13:51.466Z,34.55,75.05

2026-09-19T20:13:56.467Z,34.55,75.03

2026-09-19T20:14:01.482Z,34.56,75.11

2026-09-19T20:14:06.491Z,34.53,75.11

2026-09-19T20:14:11.480Z,34.55,75.07

2026-09-19T20:14:16.480Z,34.55,75.04

2026-09-19T20:14:21.479Z,34.52,75.04

2026-09-19T20:14:26.479Z,34.52,75.05

2026-09-19T20:14:31.487Z,34.56,75.05

2026-09-19T20:14:36.496Z,34.56,75.09

2026-09-19T20:14:41.486Z,34.56,75.02

2026-09-19T20:14:46.485Z,34.56,75

2026-09-19T20:14:51.486Z,34.56,75.05

2026-09-19T20:14:56.483Z,34.56,75.03

2026-09-19T20:15:01.489Z,34.54,75

2026-09-19T20:15:06.502Z,34.55,75.11

2026-09-19T20:15:11.487Z,34.56,75.07

2026-09-19T20:15:16.486Z,34.57,74.99

2026-09-19T20:15:21.487Z,34.57,75.02

2026-09-19T20:15:26.485Z,34.56,74.99

2026-09-19T20:15:31.487Z,34.56,75.02

2026-09-19T20:15:36.500Z,34.56,75.07

2026-09-19T20:15:41.490Z,34.56,75.05

2026-09-19T20:15:46.493Z,34.55,75.01

2026-09-19T20:15:51.494Z,34.56,75.02

2026-09-19T20:15:56.501Z,34.56,75.06

2026-09-19T20:16:01.492Z,34.56,75.09

2026-09-19T20:16:06.493Z,34.56,75.06

2026-09-19T20:16:11.494Z,34.58,75.03

2026-09-19T20:16:16.495Z,34.57,75.04

2026-09-19T20:16:21.494Z,34.57,75.08

2026-09-19T20:16:26.508Z,34.59,75.05

2026-09-19T20:16:31.494Z,34.58,75.07

2026-09-19T20:16:36.495Z,34.56,75.06

2026-09-19T20:16:41.495Z,34.57,75.06

2026-09-19T20:16:46.496Z,34.58,75.05

2026-09-19T20:16:51.507Z,34.59,75.06

2026-09-19T20:16:56.518Z,34.59,75.06

2026-09-19T20:17:01.505Z,34.57,75.04

2026-09-19T20:17:06.507Z,34.57,75.01

2026-09-19T20:17:11.505Z,34.59,75.06

2026-09-19T20:17:16.508Z,34.59,74.98

2026-09-19T20:17:21.515Z,34.6,75.03

2026-09-19T20:17:26.528Z,34.59,75.06

2026-09-19T20:17:31.513Z,34.58,75.05

2026-09-19T20:17:36.513Z,34.6,75

2026-09-19T20:17:41.513Z,34.6,75.03

2026-09-19T20:17:46.516Z,34.58,75.07

2026-09-19T20:17:51.518Z,34.6,75.07

2026-09-19T20:17:56.531Z,34.58,75.12

2026-09-19T20:18:01.519Z,34.6,75.04

2026-09-19T20:18:06.517Z,34.6,75.08

2026-09-19T20:18:11.519Z,34.59,75.11

2026-09-19T20:18:16.518Z,34.59,75.11

2026-09-19T20:18:21.527Z,34.59,75.1

2026-09-19T20:18:26.540Z,34.6,75.19

2026-09-19T20:18:31.525Z,34.59,75.09

2026-09-19T20:18:36.526Z,34.58,75.15

2026-09-19T20:18:41.527Z,34.58,75.15

2026-09-19T20:18:46.529Z,34.57,75.12

2026-09-19T20:18:51.528Z,34.6,75.14

2026-09-19T20:18:56.537Z,34.58,75.17

2026-09-19T20:19:01.527Z,34.58,75.12

2026-09-19T20:19:06.529Z,34.59,75.11

2026-09-19T20:19:11.528Z,34.58,75.15

2026-09-19T20:19:16.529Z,34.56,75.15

2026-09-19T20:19:21.542Z,34.59,75.16

2026-09-19T20:19:26.553Z,34.57,75.18

2026-09-19T20:19:31.542Z,34.57,75.18

2026-09-19T20:19:36.544Z,34.56,75.2

2026-09-19T20:19:41.544Z,34.57,75.18

2026-09-19T20:19:46.543Z,34.55,75.2

2026-09-19T20:19:51.559Z,34.55,75.15

2026-09-19T20:19:56.564Z,34.55,75.25

2026-09-19T20:20:01.554Z,34.54,75.19

2026-09-19T20:20:06.556Z,34.57,75.21

2026-09-19T20:20:11.555Z,34.54,75.24

2026-09-19T20:20:16.571Z,34.56,75.24

2026-09-19T20:20:21.557Z,34.55,75.19

2026-09-19T20:20:26.559Z,34.53,75.18

2026-09-19T20:20:31.557Z,34.56,75.24

2026-09-19T20:20:36.558Z,34.54,75.24

2026-09-19T20:20:41.578Z,34.55,75.24

2026-09-19T20:20:46.592Z,34.53,75.26

2026-09-19T20:20:51.577Z,34.53,75.22

2026-09-19T20:20:56.577Z,34.53,75.28

2026-09-19T20:21:01.577Z,34.54,75.26

2026-09-19T20:21:06.580Z,34.54,75.22

2026-09-19T20:21:11.587Z,34.53,75.28

2026-09-19T20:21:16.599Z,34.52,75.25

2026-09-19T20:21:21.587Z,34.53,75.25

2026-09-19T20:21:26.587Z,34.53,75.27

2026-09-19T20:21:31.587Z,34.55,75.26

2026-09-19T20:21:36.587Z,34.54,75.31

2026-09-19T20:21:41.590Z,34.54,75.29

2026-09-19T20:21:46.602Z,34.51,75.3

2026-09-19T20:21:51.589Z,34.55,75.3

2026-09-19T20:21:56.590Z,34.51,75.27

2026-09-19T20:22:01.590Z,34.53,75.33

2026-09-19T20:22:06.592Z,34.54,75.34

2026-09-19T20:22:11.602Z,34.52,75.32

2026-09-19T20:22:16.614Z,34.52,75.39

2026-09-19T20:22:21.600Z,34.51,75.31

2026-09-19T20:22:26.601Z,34.52,75.33

2026-09-19T20:22:31.602Z,34.53,75.32

2026-09-19T20:22:36.600Z,34.53,75.26

2026-09-19T20:22:41.602Z,34.53,75.3

2026-09-19T20:22:46.612Z,34.53,75.34

2026-09-19T20:22:51.600Z,34.53,75.31

2026-09-19T20:22:56.603Z,34.53,75.28

2026-09-19T20:23:01.601Z,34.51,75.33

2026-09-19T20:23:06.601Z,34.52,75.3

2026-09-19T20:23:11.614Z,34.52,75.35

2026-09-19T20:23:16.621Z,34.51,75.4

2026-09-19T20:23:21.610Z,34.5,75.34

2026-09-19T20:23:26.608Z,34.52,75.34

2026-09-19T20:23:31.609Z,34.5,75.37

2026-09-19T20:23:36.612Z,34.52,75.37

2026-09-19T20:23:41.631Z,34.51,75.44

2026-09-19T20:23:46.644Z,34.51,75.38

2026-09-19T20:23:51.627Z,34.51,75.36

2026-09-19T20:23:56.628Z,34.51,75.38

2026-09-19T20:24:01.627Z,34.5,75.4

2026-09-19T20:24:06.628Z,34.51,75.43

2026-09-19T20:24:11.640Z,34.52,75.38

2026-09-19T20:24:16.652Z,34.49,75.41

2026-09-19T20:24:21.637Z,34.51,75.44

2026-09-19T20:24:26.640Z,34.5,75.46

2026-09-19T20:24:31.641Z,34.52,75.4

2026-09-19T20:24:36.654Z,34.52,75.44

2026-09-19T20:24:41.640Z,34.53,75.38

2026-09-19T20:24:46.639Z,34.51,75.4

2026-09-19T20:24:51.641Z,34.52,75.37

2026-09-19T20:24:56.640Z,34.53,75.4

2026-09-19T20:25:01.671Z,34.52,75.42

2026-09-19T20:25:06.663Z,34.51,75.47

2026-09-19T20:25:11.663Z,34.53,75.41

2026-09-19T20:25:16.664Z,34.51,75.42

2026-09-19T20:25:21.665Z,34.52,75.39

2026-09-19T20:25:26.675Z,34.51,75.39

2026-09-19T20:25:31.665Z,34.53,75.42

2026-09-19T20:25:36.662Z,34.54,75.37

2026-09-19T20:25:41.663Z,34.54,75.4

2026-09-19T20:25:46.663Z,34.52,75.38

2026-09-19T20:25:51.665Z,34.53,75.41

2026-09-19T20:25:56.680Z,34.51,75.37

2026-09-19T20:26:01.667Z,34.53,75.38

2026-09-19T20:26:06.668Z,34.53,75.37

2026-09-19T20:26:11.667Z,34.52,75.37

2026-09-19T20:26:16.667Z,34.51,75.38

2026-09-19T20:26:21.666Z,34.5,75.41

2026-09-19T20:26:26.677Z,34.5,75.38

2026-09-19T20:26:31.668Z,34.51,75.39

2026-09-19T20:26:36.667Z,34.52,75.44

2026-09-19T20:26:41.668Z,34.52,75.35

2026-09-19T20:26:46.692Z,34.53,75.47

2026-09-19T20:26:51.675Z,34.5,75.42

2026-09-19T20:26:56.675Z,34.49,75.44

2026-09-19T20:27:01.679Z,34.51,75.43

2026-09-19T20:27:06.677Z,34.51,75.45

2026-09-19T20:27:11.676Z,34.51,75.46

2026-09-19T20:27:16.693Z,34.51,75.48

2026-09-19T20:27:21.679Z,34.51,75.47

2026-09-19T20:27:26.679Z,34.52,75.45

2026-09-19T20:27:31.678Z,34.52,75.35

2026-09-19T20:27:36.680Z,34.54,75.42

2026-09-19T20:27:41.680Z,34.51,75.41

2026-09-19T20:27:46.695Z,34.5,75.46

2026-09-19T20:27:51.680Z,34.52,75.43

2026-09-19T20:27:56.679Z,34.53,75.4

2026-09-19T20:28:01.679Z,34.52,75.4

2026-09-19T20:28:06.679Z,34.51,75.42

2026-09-19T20:28:11.689Z,34.52,75.42

2026-09-19T20:28:16.698Z,34.52,75.48

2026-09-19T20:28:21.685Z,34.52,75.43

2026-09-19T20:28:26.684Z,34.52,75.44

2026-09-19T20:28:31.684Z,34.51,75.39

2026-09-19T20:28:36.688Z,34.5,75.37

2026-09-19T20:28:41.703Z,34.53,75.39

2026-09-19T20:28:46.714Z,34.52,75.43

2026-09-19T20:28:51.701Z,34.52,75.33

2026-09-19T20:28:56.702Z,34.52,75.35

2026-09-19T20:29:01.701Z,34.53,75.33

2026-09-19T20:29:06.702Z,34.53,75.36

2026-09-19T20:29:11.707Z,34.54,75.36

2026-09-19T20:29:16.719Z,34.54,75.35

2026-09-19T20:29:21.706Z,34.54,75.31

2026-09-19T20:29:26.707Z,34.56,75.32

2026-09-19T20:29:31.706Z,34.53,75.28

2026-09-19T20:29:36.706Z,34.54,75.32

2026-09-19T20:29:41.706Z,34.54,75.29

2026-09-19T20:29:46.722Z,34.54,75.31

2026-09-19T20:29:51.708Z,34.53,75.26

2026-09-19T20:29:56.708Z,34.53,75.28

2026-09-19T20:30:01.709Z,34.53,75.29

2026-09-19T20:30:06.710Z,34.51,75.29

2026-09-19T20:30:11.710Z,34.52,75.29

2026-09-19T20:30:16.724Z,34.49,75.34

2026-09-19T20:30:21.709Z,34.5,75.39

2026-09-19T20:30:26.709Z,34.5,75.34

2026-09-19T20:30:31.710Z,34.5,75.36

2026-09-19T20:30:36.709Z,34.49,75.36

2026-09-19T20:30:41.722Z,34.48,75.37

2026-09-19T20:30:46.730Z,34.47,75.47

2026-09-19T20:30:51.720Z,34.48,75.38

2026-09-19T20:30:56.722Z,34.49,75.36

2026-09-19T20:31:01.720Z,34.48,75.33

2026-09-19T20:31:06.725Z,34.48,75.38

2026-09-19T20:31:11.743Z,34.46,75.34

2026-09-19T20:31:16.751Z,34.46,75.38

2026-09-19T20:31:21.738Z,34.46,75.34

2026-09-19T20:31:26.738Z,34.47,75.4

2026-09-19T20:31:31.737Z,34.47,75.36

2026-09-19T20:31:36.737Z,34.46,75.37

2026-09-19T20:31:41.749Z,34.44,75.35

2026-09-19T20:31:46.761Z,34.44,75.33

2026-09-19T20:31:51.748Z,34.45,75.36

2026-09-19T20:31:56.749Z,34.46,75.29

2026-09-19T20:32:01.747Z,34.46,75.35

2026-09-19T20:32:06.747Z,34.45,75.37

2026-09-19T20:32:11.754Z,34.43,75.36

2026-09-19T20:32:16.763Z,34.44,75.38

2026-09-19T20:32:21.752Z,34.44,75.28

2026-09-19T20:32:26.751Z,34.43,75.32

2026-09-19T20:32:31.752Z,34.43,75.34

2026-09-19T20:32:36.754Z,34.44,75.41

2026-09-19T20:32:41.755Z,34.42,75.29

2026-09-19T20:32:46.769Z,34.4,75.37

2026-09-19T20:32:51.754Z,34.42,75.41

2026-09-19T20:32:56.754Z,34.43,75.31

2026-09-19T20:33:01.753Z,34.43,75.35

2026-09-19T20:33:06.755Z,34.43,75.3

2026-09-19T20:33:11.755Z,34.42,75.41

2026-09-19T20:33:16.768Z,34.42,75.41

2026-09-19T20:33:21.758Z,34.41,75.31

2026-09-19T20:33:26.756Z,34.42,75.34

2026-09-19T20:33:31.755Z,34.4,75.35

2026-09-19T20:33:36.758Z,34.42,75.37

2026-09-19T20:33:41.760Z,34.4,75.37

2026-09-19T20:33:46.771Z,34.41,75.41

2026-09-19T20:33:51.760Z,34.42,75.4

2026-09-19T20:33:56.760Z,34.43,75.37

2026-09-19T20:34:01.759Z,34.4,75.34

2026-09-19T20:34:06.759Z,34.43,75.25

2026-09-19T20:34:11.766Z,34.42,75.33

2026-09-19T20:34:16.777Z,34.43,75.3

2026-09-19T20:34:21.766Z,34.45,75.35

2026-09-19T20:34:26.767Z,34.42,75.3

2026-09-19T20:34:31.766Z,34.44,75.32

2026-09-19T20:34:36.766Z,34.44,75.28

2026-09-19T20:34:41.774Z,34.45,75.26

2026-09-19T20:34:46.780Z,34.44,75.21

2026-09-19T20:34:51.783Z,34.45,75.27

2026-09-19T20:34:56.772Z,34.44,75.18

2026-09-19T20:35:01.774Z,34.45,75.19

2026-09-19T20:35:06.772Z,34.47,75.13

2026-09-19T20:35:11.788Z,34.45,75.09

2026-09-19T20:35:16.803Z,34.46,75.13

2026-09-19T20:35:21.789Z,34.47,75.15

2026-09-19T20:35:26.788Z,34.47,75.06

2026-09-19T20:35:31.788Z,34.47,75.11

2026-09-19T20:35:36.789Z,34.46,75.05

2026-09-19T20:35:41.802Z,34.46,75.06

2026-09-19T20:35:46.811Z,34.48,75.07

2026-09-19T20:35:51.800Z,34.48,75.05

2026-09-19T20:35:56.802Z,34.49,74.99

2026-09-19T20:36:01.802Z,34.49,75

2026-09-19T20:36:06.801Z,34.48,75

2026-09-19T20:36:11.809Z,34.5,74.97

2026-09-19T20:36:16.819Z,34.49,74.92

2026-09-19T20:36:21.806Z,34.48,74.87

2026-09-19T20:36:26.807Z,34.49,74.89

2026-09-19T20:36:31.807Z,34.5,74.84

2026-09-19T20:36:36.809Z,34.48,74.82

2026-09-19T20:36:41.822Z,34.49,74.83

2026-09-19T20:36:46.831Z,34.49,74.85

2026-09-19T20:36:51.819Z,34.5,74.9

2026-09-19T20:36:56.819Z,34.5,74.84

2026-09-19T20:37:01.819Z,34.5,74.84

2026-09-19T20:37:06.820Z,34.5,74.85

2026-09-19T20:37:11.820Z,34.48,74.82

2026-09-19T20:37:16.833Z,34.47,74.84

2026-09-19T20:37:21.820Z,34.49,74.79

2026-09-19T20:37:26.818Z,34.5,74.81

2026-09-19T20:37:31.820Z,34.51,74.79

2026-09-19T20:37:36.822Z,34.48,74.82

2026-09-19T20:37:41.824Z,34.49,74.79

2026-09-19T20:37:46.832Z,34.47,74.85

2026-09-19T20:37:51.820Z,34.49,74.82

2026-09-19T20:37:56.820Z,34.49,74.84

2026-09-19T20:38:01.822Z,34.5,74.81

2026-09-19T20:38:06.837Z,34.49,74.86

2026-09-19T20:38:11.824Z,34.49,74.82

2026-09-19T20:38:16.823Z,34.5,74.77

2026-09-19T20:38:21.830Z,34.5,74.72

2026-09-19T20:38:26.826Z,34.48,74.71

2026-09-19T20:38:31.825Z,34.49,74.73

2026-09-19T20:38:36.846Z,34.48,74.76

2026-09-19T20:38:41.825Z,34.47,74.71

2026-09-19T20:38:46.826Z,34.48,74.77

2026-09-19T20:38:51.827Z,34.5,74.73

2026-09-19T20:38:56.828Z,34.49,74.73

2026-09-19T20:39:01.839Z,34.47,74.79

2026-09-19T20:39:06.852Z,34.47,74.79

2026-09-19T20:39:11.838Z,34.49,74.74

2026-09-19T20:39:16.837Z,34.48,74.8

2026-09-19T20:39:21.839Z,34.46,74.77

2026-09-19T20:39:26.838Z,34.47,74.78

2026-09-19T20:39:31.849Z,34.46,74.81

2026-09-19T20:39:36.864Z,34.47,74.92

2026-09-19T20:39:41.850Z,34.48,74.79

2026-09-19T20:39:46.850Z,34.46,74.81

2026-09-19T20:39:51.851Z,34.46,74.84

2026-09-19T20:39:56.852Z,34.45,74.84

2026-09-19T20:40:01.869Z,34.47,74.81

2026-09-19T20:40:06.886Z,34.46,74.9

2026-09-19T20:40:11.868Z,34.46,74.74

2026-09-19T20:40:16.868Z,34.48,74.84

2026-09-19T20:40:21.869Z,34.46,74.72

2026-09-19T20:40:26.868Z,34.47,74.75

2026-09-19T20:40:31.870Z,34.47,74.79

2026-09-19T20:40:36.879Z,34.47,74.8

2026-09-19T20:40:41.869Z,34.46,74.8

2026-09-19T20:40:46.869Z,34.48,74.76

2026-09-19T20:40:51.874Z,34.46,74.83

2026-09-19T20:40:56.880Z,34.44,74.83

2026-09-19T20:41:01.870Z,34.46,74.86

2026-09-19T20:41:06.871Z,34.48,74.84

2026-09-19T20:41:11.873Z,34.46,74.84

2026-09-19T20:41:16.874Z,34.48,74.88

2026-09-19T20:41:21.874Z,34.47,74.85

2026-09-19T20:41:26.885Z,34.47,74.89

2026-09-19T20:41:31.873Z,34.48,74.8

2026-09-19T20:41:36.875Z,34.46,74.82

2026-09-19T20:41:41.873Z,34.47,74.8

2026-09-19T20:41:46.886Z,34.45,74.84

2026-09-19T20:41:51.876Z,34.48,74.76

2026-09-19T20:41:56.876Z,34.47,74.81

2026-09-19T20:42:01.875Z,34.48,74.78

2026-09-19T20:42:06.877Z,34.49,74.74

2026-09-19T20:42:11.876Z,34.48,74.73

2026-09-19T20:42:16.890Z,34.49,74.75

2026-09-19T20:42:21.879Z,34.5,74.64

2026-09-19T20:42:26.879Z,34.49,74.65

2026-09-19T20:42:31.878Z,34.48,74.63

2026-09-19T20:42:36.879Z,34.49,74.72

2026-09-19T20:42:41.890Z,34.49,74.66

2026-09-19T20:42:46.902Z,34.47,74.71

2026-09-19T20:42:51.887Z,34.47,74.76

2026-09-19T20:42:56.891Z,34.49,74.78

2026-09-19T20:43:01.902Z,34.48,74.71

2026-09-19T20:43:06.912Z,34.49,74.79

2026-09-19T20:43:11.903Z,34.46,74.76

2026-09-19T20:43:16.903Z,34.49,74.73

2026-09-19T20:43:21.904Z,34.46,74.73

2026-09-19T20:43:26.902Z,34.46,74.76

2026-09-19T20:43:31.914Z,34.46,74.74

2026-09-19T20:43:36.923Z,34.48,74.79

2026-09-19T20:43:41.912Z,34.47,74.81

2026-09-19T20:43:46.914Z,34.46,74.78

2026-09-19T20:43:51.912Z,34.45,74.77

2026-09-19T20:43:56.913Z,34.46,74.78

2026-09-19T20:44:01.920Z,34.44,74.81

2026-09-19T20:44:06.936Z,34.46,74.85

2026-09-19T20:44:11.920Z,34.45,74.84

2026-09-19T20:44:16.919Z,34.46,74.75

2026-09-19T20:44:21.920Z,34.45,74.81

2026-09-19T20:44:26.920Z,34.44,74.81

2026-09-19T20:44:31.921Z,34.45,74.89

2026-09-19T20:44:36.937Z,34.42,74.81

2026-09-19T20:44:41.919Z,34.45,74.75

2026-09-19T20:44:46.922Z,34.45,74.83

2026-09-19T20:44:51.920Z,34.44,74.82

2026-09-19T20:44:56.921Z,34.44,74.82

2026-09-19T20:45:01.924Z,34.43,74.82

2026-09-19T20:45:06.935Z,34.45,74.87

2026-09-19T20:45:11.921Z,34.43,74.83

2026-09-19T20:45:16.921Z,34.44,74.79

2026-09-19T20:45:21.937Z,34.46,74.8

2026-09-19T20:45:26.954Z,34.45,74.88

2026-09-19T20:45:31.934Z,34.44,74.87

2026-09-19T20:45:36.934Z,34.44,74.85

2026-09-19T20:45:41.935Z,34.42,74.86

2026-09-19T20:45:46.936Z,34.43,74.82

2026-09-19T20:45:51.945Z,34.44,74.95

2026-09-19T20:45:56.957Z,34.43,74.91

2026-09-19T20:46:01.940Z,34.43,74.87

2026-09-19T20:46:06.944Z,34.43,74.83

2026-09-19T20:46:11.942Z,34.43,74.89

2026-09-19T20:46:16.943Z,34.42,74.9

2026-09-19T20:46:21.950Z,34.42,74.92

2026-09-19T20:46:26.959Z,34.42,74.93

2026-09-19T20:46:31.946Z,34.4,74.85

2026-09-19T20:46:36.947Z,34.4,74.92

2026-09-19T20:46:41.948Z,34.42,74.88

2026-09-19T20:46:46.948Z,34.43,74.91

2026-09-19T20:46:51.957Z,34.41,74.94

2026-09-19T20:46:56.967Z,34.41,74.96

2026-09-19T20:47:01.961Z,34.41,74.96

2026-09-19T20:47:06.958Z,34.42,74.98

2026-09-19T20:47:11.957Z,34.41,74.93

2026-09-19T20:47:16.960Z,34.43,74.91

2026-09-19T20:47:21.967Z,34.41,74.94

2026-09-19T20:47:26.977Z,34.42,75.01

2026-09-19T20:47:31.964Z,34.42,74.92

2026-09-19T20:47:36.965Z,34.41,74.93

2026-09-19T20:47:41.966Z,34.41,74.96

2026-09-19T20:47:46.966Z,34.42,74.94

2026-09-19T20:47:51.970Z,34.43,75.03

2026-09-19T20:47:56.982Z,34.41,75.01

2026-09-19T20:48:01.967Z,34.41,74.96

2026-09-19T20:48:06.968Z,34.41,74.99

2026-09-19T20:48:11.968Z,34.42,74.96

2026-09-19T20:48:16.969Z,34.41,75.02

2026-09-19T20:48:21.971Z,34.41,74.92

2026-09-19T20:48:26.979Z,34.41,74.99

2026-09-19T20:48:31.970Z,34.42,74.94

2026-09-19T20:48:36.968Z,34.4,74.93

2026-09-19T20:48:41.970Z,34.41,74.98

2026-09-19T20:48:46.970Z,34.41,75.05

2026-09-19T20:48:51.971Z,34.41,75.02

2026-09-19T20:48:56.983Z,34.42,75.04

2026-09-19T20:49:01.972Z,34.41,75.01

2026-09-19T20:49:06.973Z,34.42,75.03

2026-09-19T20:49:11.974Z,34.42,74.99

2026-09-19T20:49:16.975Z,34.41,75.02

2026-09-19T20:49:21.980Z,34.41,75.01

2026-09-19T20:49:26.991Z,34.41,75.02

2026-09-19T20:49:31.976Z,34.42,75.01

2026-09-19T20:49:36.978Z,34.4,74.99

2026-09-19T20:49:41.977Z,34.42,74.98

2026-09-19T20:49:46.978Z,34.41,75.04

2026-09-19T20:49:51.979Z,34.41,75.02

2026-09-19T20:49:56.990Z,34.4,75.06

2026-09-19T20:50:01.980Z,34.41,75.01

2026-09-19T20:50:06.981Z,34.42,74.99

2026-09-19T20:50:11.980Z,34.43,74.97

2026-09-19T20:50:16.981Z,34.42,75

2026-09-19T20:50:21.982Z,34.42,74.95

2026-09-19T20:50:26.995Z,34.42,75

2026-09-19T20:50:31.981Z,34.41,74.92

2026-09-19T20:50:36.981Z,34.39,74.98

2026-09-19T20:50:41.982Z,34.42,74.98

2026-09-19T20:50:46.983Z,34.4,74.95

2026-09-19T20:50:51.995Z,34.4,74.96

2026-09-19T20:50:57.006Z,34.41,74.95

2026-09-19T20:51:01.993Z,34.41,74.97

2026-09-19T20:51:06.995Z,34.42,74.99

2026-09-19T20:51:11.993Z,34.42,74.97

2026-09-19T20:51:16.994Z,34.39,74.95

2026-09-19T20:51:21.998Z,34.41,74.99

2026-09-19T20:51:27.008Z,34.4,74.97

2026-09-19T20:51:31.994Z,34.41,75

2026-09-19T20:51:36.994Z,34.4,74.96

2026-09-19T20:51:41.994Z,34.39,74.97

2026-09-19T20:51:46.996Z,34.4,74.96

2026-09-19T20:51:51.999Z,34.41,75.01

2026-09-19T20:51:57.007Z,34.4,75.06

2026-09-19T20:52:01.996Z,34.39,75.09

2026-09-19T20:52:06.997Z,34.39,74.99

2026-09-19T20:52:11.995Z,34.42,75

2026-09-19T20:52:16.997Z,34.4,75.03

2026-09-19T20:52:21.998Z,34.41,75.02

2026-09-19T20:52:27.007Z,34.4,75.05

2026-09-19T20:52:31.997Z,34.41,75.04

2026-09-19T20:52:36.997Z,34.42,75.07

2026-09-19T20:52:41.999Z,34.42,75.03

2026-09-19T20:52:46.999Z,34.42,75.03

2026-09-19T20:52:52.020Z,34.42,74.97

2026-09-19T20:52:57.034Z,34.4,75.02

2026-09-19T20:53:02.018Z,34.42,75.04

2026-09-19T20:53:07.020Z,34.42,74.99

2026-09-19T20:53:12.019Z,34.41,74.98

2026-09-19T20:53:17.020Z,34.42,74.96

2026-09-19T20:53:22.035Z,34.42,74.97

2026-09-19T20:53:27.047Z,34.4,75.03

2026-09-19T20:53:32.032Z,34.41,74.95

2026-09-19T20:53:37.034Z,34.43,74.94

2026-09-19T20:53:42.035Z,34.39,75.02

2026-09-19T20:53:47.036Z,34.42,75.01

2026-09-19T20:53:52.039Z,34.41,74.97

2026-09-19T20:53:57.047Z,34.41,75.02

2026-09-19T20:54:02.037Z,34.41,75.02

2026-09-19T20:54:07.040Z,34.42,74.98

2026-09-19T20:54:12.038Z,34.41,74.97

2026-09-19T20:54:17.042Z,34.41,74.95

2026-09-19T20:54:22.052Z,34.39,74.95

2026-09-19T20:54:27.063Z,34.4,75

2026-09-19T20:54:32.051Z,34.4,74.99

2026-09-19T20:54:37.053Z,34.42,75.02

2026-09-19T20:54:42.052Z,34.4,75.02

2026-09-19T20:54:47.050Z,34.38,74.99

2026-09-19T20:54:52.061Z,34.42,74.99

2026-09-19T20:54:57.069Z,34.42,74.98

2026-09-19T20:55:02.057Z,34.42,74.98

2026-09-19T20:55:07.059Z,34.42,74.95

2026-09-19T20:55:12.059Z,34.42,74.99

2026-09-19T20:55:17.061Z,34.42,74.98

2026-09-19T20:55:22.069Z,34.41,74.97

2026-09-19T20:55:27.080Z,34.41,74.99

2026-09-19T20:55:32.069Z,34.44,75.04

2026-09-19T20:55:37.069Z,34.41,74.95

2026-09-19T20:55:42.070Z,34.43,74.95

2026-09-19T20:55:47.070Z,34.42,74.96

2026-09-19T20:55:52.076Z,34.41,74.94

2026-09-19T20:55:57.084Z,34.4,74.96

2026-09-19T20:56:02.073Z,34.41,74.96

2026-09-19T20:56:07.076Z,34.43,74.93

2026-09-19T20:56:12.074Z,34.4,74.96

2026-09-19T20:56:17.074Z,34.4,74.97

2026-09-19T20:56:22.088Z,34.42,74.95

2026-09-19T20:56:27.095Z,34.41,75.05

2026-09-19T20:56:32.088Z,34.43,74.98

2026-09-19T20:56:37.088Z,34.41,75.02

2026-09-19T20:56:42.089Z,34.41,74.96

2026-09-19T20:56:47.088Z,34.42,74.98

2026-09-19T20:56:52.100Z,34.42,75.01

2026-09-19T20:56:57.120Z,34.39,75.02

2026-09-19T20:57:02.102Z,34.42,75.02

2026-09-19T20:57:07.098Z,34.43,74.98

2026-09-19T20:57:12.099Z,34.4,74.97

2026-09-19T20:57:17.100Z,34.4,75

2026-09-19T20:57:22.110Z,34.41,75.02

2026-09-19T20:57:27.117Z,34.41,74.98

2026-09-19T20:57:32.106Z,34.4,75.01

2026-09-19T20:57:37.108Z,34.42,74.93

2026-09-19T20:57:42.108Z,34.4,74.97

2026-09-19T20:57:47.109Z,34.41,74.99

2026-09-19T20:57:52.120Z,34.4,75.03

2026-09-19T20:57:57.128Z,34.4,75.08

2026-09-19T20:58:02.117Z,34.39,75.01

2026-09-19T20:58:07.117Z,34.4,75.02

2026-09-19T20:58:12.118Z,34.41,74.96

2026-09-19T20:58:17.134Z,34.41,75.01

2026-09-19T20:58:22.120Z,34.4,74.99

2026-09-19T20:58:27.119Z,34.4,75.05

2026-09-19T20:58:32.120Z,34.41,74.98

2026-09-19T20:58:37.123Z,34.41,74.98

2026-09-19T20:58:42.122Z,34.42,74.98

2026-09-19T20:58:47.137Z,34.41,75.06

2026-09-19T20:58:52.122Z,34.4,74.99

2026-09-19T20:58:57.125Z,34.4,74.94

2026-09-19T20:59:02.122Z,34.43,74.93

2026-09-19T20:59:07.124Z,34.44,74.94

2026-09-19T20:59:12.126Z,34.43,75.02

2026-09-19T20:59:17.138Z,34.43,74.99

2026-09-19T20:59:22.124Z,34.43,74.95

2026-09-19T20:59:27.124Z,34.44,74.97

2026-09-19T20:59:32.124Z,34.43,74.91

2026-09-19T20:59:37.125Z,34.43,74.95

2026-09-19T20:59:42.123Z,34.44,74.89

2026-09-19T20:59:47.135Z,34.46,74.95

2026-09-19T20:59:52.125Z,34.44,74.87

2026-09-19T20:59:57.125Z,34.44,74.86

2026-09-19T21:00:02.125Z,34.44,74.9

2026-09-19T21:00:07.126Z,34.44,74.87

2026-09-19T21:00:12.144Z,34.44,74.79

2026-09-19T21:00:17.155Z,34.45,74.87

2026-09-19T21:00:22.146Z,34.44,74.82

2026-09-19T21:00:27.144Z,34.45,74.77

2026-09-19T21:00:32.141Z,34.46,74.82

2026-09-19T21:00:37.143Z,34.44,74.83

2026-09-19T21:00:42.152Z,34.46,74.87

2026-09-19T21:00:47.161Z,34.45,74.86

2026-09-19T21:00:52.148Z,34.46,74.76

2026-09-19T21:00:57.150Z,34.45,74.76

2026-09-19T21:01:02.150Z,34.44,74.83

2026-09-19T21:01:07.150Z,34.47,74.81

2026-09-19T21:01:12.164Z,34.47,74.81

2026-09-19T21:01:17.175Z,34.45,74.78

2026-09-19T21:01:22.165Z,34.47,74.72

2026-09-19T21:01:27.166Z,34.46,74.72

2026-09-19T21:01:32.166Z,34.44,74.76

2026-09-19T21:01:37.165Z,34.47,74.73

2026-09-19T21:01:42.169Z,34.46,74.74

2026-09-19T21:01:47.180Z,34.43,74.77

2026-09-19T21:01:52.167Z,34.44,74.74

2026-09-19T21:01:57.167Z,34.44,74.75

2026-09-19T21:02:02.168Z,34.44,74.73

2026-09-19T21:02:07.170Z,34.43,74.81

2026-09-19T21:02:12.177Z,34.43,74.8

2026-09-19T21:02:17.187Z,34.42,74.77

2026-09-19T21:02:22.178Z,34.43,74.81

2026-09-19T21:02:27.176Z,34.43,74.78

2026-09-19T21:02:32.175Z,34.42,74.81

2026-09-19T21:02:37.177Z,34.4,74.85

2026-09-19T21:02:42.188Z,34.41,74.81

2026-09-19T21:02:47.198Z,34.41,74.86

2026-09-19T21:02:52.186Z,34.42,74.82

2026-09-19T21:02:57.184Z,34.4,74.84

2026-09-19T21:03:02.184Z,34.43,74.81

2026-09-19T21:03:07.188Z,34.43,74.86

2026-09-19T21:03:12.190Z,34.41,74.87

2026-09-19T21:03:17.200Z,34.41,74.85

2026-09-19T21:03:22.187Z,34.4,74.79

2026-09-19T21:03:27.189Z,34.41,74.89

2026-09-19T21:03:32.190Z,34.42,74.87

2026-09-19T21:03:37.189Z,34.42,74.79

2026-09-19T21:03:42.188Z,34.4,74.87

2026-09-19T21:03:47.204Z,34.39,74.89

2026-09-19T21:03:52.189Z,34.41,74.89

2026-09-19T21:03:57.191Z,34.39,74.88

2026-09-19T21:04:02.191Z,34.42,74.93

2026-09-19T21:04:07.190Z,34.41,74.95

2026-09-19T21:04:12.198Z,34.39,74.88

2026-09-19T21:04:17.206Z,34.42,74.87

2026-09-19T21:04:22.199Z,34.4,74.9

2026-09-19T21:04:27.199Z,34.41,74.92

2026-09-19T21:04:32.198Z,34.41,74.89

2026-09-19T21:04:37.198Z,34.38,74.87

2026-09-19T21:04:42.204Z,34.41,74.92

2026-09-19T21:04:47.214Z,34.38,74.91

2026-09-19T21:04:52.203Z,34.39,74.89

2026-09-19T21:04:57.203Z,34.38,74.94

2026-09-19T21:05:02.202Z,34.39,74.92

2026-09-19T21:05:07.204Z,34.38,74.91

2026-09-19T21:05:12.212Z,34.38,74.89

2026-09-19T21:05:17.222Z,34.37,74.92

2026-09-19T21:05:22.211Z,34.37,74.98

2026-09-19T21:05:27.210Z,34.37,74.96

2026-09-19T21:05:32.210Z,34.36,74.97

2026-09-19T21:05:37.211Z,34.37,74.96

2026-09-19T21:05:42.221Z,34.35,74.98

2026-09-19T21:05:47.233Z,34.35,74.98

2026-09-19T21:05:52.219Z,34.37,75.04

2026-09-19T21:05:57.220Z,34.35,74.97

2026-09-19T21:06:02.220Z,34.35,74.99

2026-09-19T21:06:07.221Z,34.34,75.05

2026-09-19T21:06:12.218Z,34.34,74.99

2026-09-19T21:06:17.232Z,34.36,75.06

2026-09-19T21:06:22.219Z,34.35,75.04

2026-09-19T21:06:27.219Z,34.35,75.02

2026-09-19T21:06:32.220Z,34.32,75.01

2026-09-19T21:06:37.220Z,34.34,75.04

2026-09-19T21:06:42.219Z,34.35,75.02

2026-09-19T21:06:47.230Z,34.34,75.06

2026-09-19T21:06:52.221Z,34.34,74.99

2026-09-19T21:06:57.219Z,34.33,74.96

2026-09-19T21:07:02.221Z,34.35,75

2026-09-19T21:07:07.220Z,34.34,74.97

2026-09-19T21:07:12.219Z,34.35,75.02

2026-09-19T21:07:17.232Z,34.34,75.01

2026-09-19T21:07:22.221Z,34.33,75.01

2026-09-19T21:07:27.224Z,34.36,75.02

2026-09-19T21:07:32.221Z,34.35,75.05

2026-09-19T21:07:37.224Z,34.34,75.09

2026-09-19T21:07:42.234Z,34.35,75.04

2026-09-19T21:07:47.241Z,34.33,75.12

2026-09-19T21:07:52.232Z,34.35,75.05

2026-09-19T21:07:57.229Z,34.35,75.01

2026-09-19T21:08:02.231Z,34.35,75.02

2026-09-19T21:08:07.233Z,34.34,74.97

2026-09-19T21:08:12.236Z,34.35,75.02

2026-09-19T21:08:17.247Z,34.34,74.98

2026-09-19T21:08:22.234Z,34.35,74.97

2026-09-19T21:08:27.236Z,34.33,75

2026-09-19T21:08:32.235Z,34.36,74.96

2026-09-19T21:08:37.236Z,34.34,74.98

2026-09-19T21:08:42.252Z,34.36,74.98

2026-09-19T21:08:47.261Z,34.36,74.97

2026-09-19T21:08:52.250Z,34.38,74.92

2026-09-19T21:08:57.250Z,34.35,74.96

2026-09-19T21:09:02.249Z,34.37,74.94

2026-09-19T21:09:07.251Z,34.38,74.93

2026-09-19T21:09:12.255Z,34.37,74.88

2026-09-19T21:09:17.268Z,34.37,74.9

2026-09-19T21:09:22.254Z,34.37,74.91

2026-09-19T21:09:27.255Z,34.36,74.9

2026-09-19T21:09:32.253Z,34.38,74.9

2026-09-19T21:09:37.257Z,34.36,74.89

2026-09-19T21:09:42.271Z,34.38,74.87

2026-09-19T21:09:47.282Z,34.38,74.87

2026-09-19T21:09:52.269Z,34.37,74.9

2026-09-19T21:09:57.270Z,34.37,74.93

2026-09-19T21:10:02.269Z,34.37,74.91

2026-09-19T21:10:07.271Z,34.38,74.85

2026-09-19T21:10:12.272Z,34.38,74.88

2026-09-19T21:10:17.280Z,34.38,74.87

2026-09-19T21:10:22.270Z,34.39,74.85

2026-09-19T21:10:27.271Z,34.39,74.8

2026-09-19T21:10:32.272Z,34.39,74.85

2026-09-19T21:10:37.272Z,34.39,74.79

2026-09-19T21:10:42.276Z,34.4,74.83

2026-09-19T21:10:47.285Z,34.4,74.81

2026-09-19T21:10:52.275Z,34.41,74.82

2026-09-19T21:10:57.277Z,34.39,74.83

2026-09-19T21:11:02.276Z,34.39,74.76

2026-09-19T21:11:07.279Z,34.39,74.81

2026-09-19T21:11:12.289Z,34.4,74.71

2026-09-19T21:11:17.300Z,34.39,74.83

2026-09-19T21:11:22.287Z,34.39,74.74

2026-09-19T21:11:27.289Z,34.38,74.75

2026-09-19T21:11:32.287Z,34.4,74.76

2026-09-19T21:11:37.285Z,34.39,74.73

2026-09-19T21:11:42.304Z,34.39,74.74

2026-09-19T21:11:47.314Z,34.39,74.8

2026-09-19T21:11:52.299Z,34.41,74.78

2026-09-19T21:11:57.301Z,34.38,74.75

2026-09-19T21:12:02.300Z,34.4,74.76

2026-09-19T21:12:07.300Z,34.41,74.78

2026-09-19T21:12:12.307Z,34.4,74.74

2026-09-19T21:12:17.320Z,34.39,74.76

2026-09-19T21:12:22.307Z,34.41,74.75

2026-09-19T21:12:27.306Z,34.39,74.76

2026-09-19T21:12:32.306Z,34.39,74.75

2026-09-19T21:12:37.307Z,34.38,74.78

2026-09-19T21:12:42.312Z,34.41,74.74

2026-09-19T21:12:47.322Z,34.38,74.68

2026-09-19T21:12:52.310Z,34.39,74.76

2026-09-19T21:12:57.309Z,34.38,74.74

2026-09-19T21:13:02.310Z,34.39,74.78

2026-09-19T21:13:07.310Z,34.38,74.76

2026-09-19T21:13:12.326Z,34.38,74.81

2026-09-19T21:13:17.337Z,34.38,74.82

2026-09-19T21:13:22.326Z,34.39,74.8

2026-09-19T21:13:27.325Z,34.37,74.82

2026-09-19T21:13:32.325Z,34.36,74.82

2026-09-19T21:13:37.325Z,34.39,74.86

2026-09-19T21:13:42.333Z,34.38,74.83

2026-09-19T21:13:47.344Z,34.35,74.87

2026-09-19T21:13:52.333Z,34.37,74.83

2026-09-19T21:13:57.333Z,34.38,74.88

2026-09-19T21:14:02.331Z,34.35,74.92

2026-09-19T21:14:07.333Z,34.37,74.91

2026-09-19T21:14:12.340Z,34.35,74.93

2026-09-19T21:14:17.350Z,34.38,74.93

2026-09-19T21:14:22.339Z,34.37,74.92

2026-09-19T21:14:27.337Z,34.37,74.89

2026-09-19T21:14:32.337Z,34.37,74.91

2026-09-19T21:14:37.337Z,34.36,74.86

2026-09-19T21:14:42.345Z,34.37,74.87

2026-09-19T21:14:47.356Z,34.37,75

2026-09-19T21:14:52.344Z,34.34,74.97

2026-09-19T21:14:57.344Z,34.34,74.96

2026-09-19T21:15:02.353Z,34.36,74.98

2026-09-19T21:15:07.358Z,34.34,74.96

2026-09-19T21:15:12.348Z,34.34,74.96

2026-09-19T21:15:17.351Z,34.34,74.96

2026-09-19T21:15:22.352Z,34.34,74.97

2026-09-19T21:15:27.351Z,34.32,75

2026-09-19T21:15:32.361Z,34.32,74.99

2026-09-19T21:15:37.376Z,34.32,75.06

2026-09-19T21:15:42.362Z,34.34,75.06

2026-09-19T21:15:47.361Z,34.33,75.11

2026-09-19T21:15:52.362Z,34.34,75.09

2026-09-19T21:15:57.363Z,34.34,75.1

2026-09-19T21:16:02.370Z,34.33,75.08

2026-09-19T21:16:07.382Z,34.33,75.11

2026-09-19T21:16:12.369Z,34.34,75.04

2026-09-19T21:16:17.371Z,34.34,75.08

2026-09-19T21:16:22.371Z,34.36,75.1

2026-09-19T21:16:27.371Z,34.34,75.06

2026-09-19T21:16:32.381Z,34.33,75.13

2026-09-19T21:16:37.391Z,34.34,75.08

2026-09-19T21:16:42.378Z,34.35,75

2026-09-19T21:16:47.381Z,34.34,75.08

2026-09-19T21:16:52.380Z,34.33,75.08

2026-09-19T21:16:57.382Z,34.35,75.08

2026-09-19T21:17:02.391Z,34.35,75.1

2026-09-19T21:17:07.403Z,34.35,75.09

2026-09-19T21:17:12.390Z,34.34,75.01

2026-09-19T21:17:17.391Z,34.36,74.93

2026-09-19T21:17:22.390Z,34.37,75.05

2026-09-19T21:17:27.391Z,34.37,74.99

2026-09-19T21:17:32.396Z,34.37,74.98

2026-09-19T21:17:37.409Z,34.35,75

2026-09-19T21:17:42.394Z,34.38,75

2026-09-19T21:17:47.394Z,34.39,74.97

2026-09-19T21:17:52.396Z,34.39,74.99

2026-09-19T21:17:57.394Z,34.39,74.94

2026-09-19T21:18:02.400Z,34.39,74.97

2026-09-19T21:18:07.413Z,34.39,74.96

2026-09-19T21:18:12.400Z,34.39,74.93

2026-09-19T21:18:17.399Z,34.39,74.91

2026-09-19T21:18:22.399Z,34.39,74.91

2026-09-19T21:18:27.397Z,34.4,74.9

2026-09-19T21:18:32.401Z,34.41,74.89

2026-09-19T21:18:37.414Z,34.4,74.89

2026-09-19T21:18:42.399Z,34.4,74.87

2026-09-19T21:18:47.399Z,34.4,74.84

2026-09-19T21:18:52.404Z,34.4,74.81

2026-09-19T21:18:57.402Z,34.4,74.85

2026-09-19T21:19:02.412Z,34.4,74.86

2026-09-19T21:19:07.423Z,34.39,74.89

2026-09-19T21:19:12.417Z,34.4,74.81

2026-09-19T21:19:17.414Z,34.41,74.83

2026-09-19T21:19:22.416Z,34.39,74.8

2026-09-19T21:19:27.414Z,34.42,74.83

2026-09-19T21:19:32.415Z,34.41,74.86

2026-09-19T21:19:37.428Z,34.39,74.87

2026-09-19T21:19:42.415Z,34.4,74.86

2026-09-19T21:19:47.417Z,34.38,74.87

2026-09-19T21:19:52.416Z,34.41,74.81

2026-09-19T21:19:57.416Z,34.39,74.87

2026-09-19T21:20:02.423Z,34.38,74.87

2026-09-19T21:20:07.436Z,34.39,74.94

2026-09-19T21:20:12.422Z,34.37,74.89

2026-09-19T21:20:17.423Z,34.38,74.88

2026-09-19T21:20:22.424Z,34.39,74.88

2026-09-19T21:20:27.424Z,34.38,74.87

2026-09-19T21:20:32.433Z,34.4,74.87

2026-09-19T21:20:37.442Z,34.38,74.89

2026-09-19T21:20:42.432Z,34.4,74.85

2026-09-19T21:20:47.432Z,34.4,74.86

2026-09-19T21:20:52.433Z,34.41,74.85

2026-09-19T21:20:57.433Z,34.39,74.85

2026-09-19T21:21:02.446Z,34.41,74.91

2026-09-19T21:21:07.457Z,34.41,74.9

2026-09-19T21:21:12.445Z,34.38,74.88

2026-09-19T21:21:17.445Z,34.4,74.9

2026-09-19T21:21:22.445Z,34.38,74.84

2026-09-19T21:21:27.445Z,34.4,74.87

2026-09-19T21:21:32.459Z,34.39,74.87

2026-09-19T21:21:37.468Z,34.4,74.87

2026-09-19T21:21:42.457Z,34.4,74.85

2026-09-19T21:21:47.458Z,34.43,74.83

2026-09-19T21:21:52.456Z,34.4,74.86

2026-09-19T21:21:57.457Z,34.41,74.82

2026-09-19T21:22:02.457Z,34.42,74.85

2026-09-19T21:22:07.470Z,34.43,74.86

2026-09-19T21:22:12.455Z,34.42,74.8

2026-09-19T21:22:17.456Z,34.41,74.76

2026-09-19T21:22:22.456Z,34.42,74.79

2026-09-19T21:22:27.457Z,34.43,74.76

2026-09-19T21:22:32.468Z,34.43,74.73

2026-09-19T21:22:37.476Z,34.42,74.75

2026-09-19T21:22:42.463Z,34.43,74.8

2026-09-19T21:22:47.464Z,34.44,74.72

2026-09-19T21:22:52.463Z,34.43,74.76

2026-09-19T21:22:57.464Z,34.44,74.75

2026-09-19T21:23:02.476Z,34.45,74.71

2026-09-19T21:23:07.487Z,34.45,74.7

2026-09-19T21:23:12.476Z,34.46,74.67

2026-09-19T21:23:17.478Z,34.45,74.66

2026-09-19T21:23:22.476Z,34.45,74.65

2026-09-19T21:23:27.476Z,34.43,74.56

2026-09-19T21:23:32.476Z,34.45,74.69

2026-09-19T21:23:37.486Z,34.43,74.64

2026-09-19T21:23:42.477Z,34.45,74.66

2026-09-19T21:23:47.479Z,34.42,74.64

2026-09-19T21:23:52.479Z,34.44,74.66

2026-09-19T21:23:57.477Z,34.45,74.64

2026-09-19T21:24:02.479Z,34.45,74.63

2026-09-19T21:24:07.493Z,34.43,74.66

2026-09-19T21:24:12.480Z,34.43,74.57

2026-09-19T21:24:17.480Z,34.45,74.65

2026-09-19T21:24:22.481Z,34.47,74.66

2026-09-19T21:24:27.482Z,34.43,74.66

2026-09-19T21:24:32.488Z,34.44,74.66

2026-09-19T21:24:37.497Z,34.44,74.7

2026-09-19T21:24:42.484Z,34.43,74.59

2026-09-19T21:24:47.487Z,34.43,74.63

2026-09-19T21:24:52.486Z,34.44,74.63

2026-09-19T21:24:57.483Z,34.45,74.64

2026-09-19T21:25:02.502Z,34.45,74.64

2026-09-19T21:25:07.513Z,34.46,74.66

2026-09-19T21:25:12.503Z,34.47,74.67

2026-09-19T21:25:17.502Z,34.46,74.6

2026-09-19T21:25:22.502Z,34.46,74.62

2026-09-19T21:25:27.502Z,34.47,74.57

2026-09-19T21:25:32.507Z,34.45,74.6

2026-09-19T21:25:37.516Z,34.45,74.65

2026-09-19T21:25:42.504Z,34.46,74.6

2026-09-19T21:25:47.505Z,34.46,74.53

2026-09-19T21:25:52.503Z,34.46,74.6

2026-09-19T21:25:57.504Z,34.46,74.61

2026-09-19T21:26:02.530Z,34.47,74.58

2026-09-19T21:26:07.539Z,34.46,74.6

2026-09-19T21:26:12.527Z,34.46,74.55

2026-09-19T21:26:17.528Z,34.46,74.55

2026-09-19T21:26:22.528Z,34.46,74.49

2026-09-19T21:26:27.530Z,34.46,74.58

2026-09-19T21:26:32.532Z,34.46,74.62

2026-09-19T21:26:37.544Z,34.45,74.58

2026-09-19T21:26:42.531Z,34.46,74.59

2026-09-19T21:26:47.531Z,34.46,74.53

2026-09-19T21:26:52.532Z,34.45,74.58

2026-09-19T21:26:57.545Z,34.46,74.6

2026-09-19T21:27:02.532Z,34.44,74.55

2026-09-19T21:27:07.534Z,34.45,74.58

2026-09-19T21:27:12.531Z,34.45,74.56

2026-09-19T21:27:17.533Z,34.46,74.54

2026-09-19T21:27:22.533Z,34.47,74.55

2026-09-19T21:27:27.547Z,34.46,74.49

2026-09-19T21:27:32.532Z,34.47,74.56

2026-09-19T21:27:37.534Z,34.47,74.5

2026-09-19T21:27:42.533Z,34.48,74.53

2026-09-19T21:27:47.535Z,34.48,74.54

2026-09-19T21:27:52.540Z,34.46,74.56

2026-09-19T21:27:57.553Z,34.46,74.52

2026-09-19T21:28:02.539Z,34.48,74.47

2026-09-19T21:28:07.542Z,34.46,74.5

2026-09-19T21:28:12.540Z,34.48,74.48

2026-09-19T21:28:17.542Z,34.48,74.57

2026-09-19T21:28:22.546Z,34.49,74.49

2026-09-19T21:28:27.553Z,34.48,74.55

2026-09-19T21:28:32.545Z,34.47,74.48

2026-09-19T21:28:37.545Z,34.46,74.5

2026-09-19T21:28:42.544Z,34.46,74.48

2026-09-19T21:28:47.543Z,34.47,74.53

2026-09-19T21:28:52.549Z,34.48,74.44

2026-09-19T21:28:57.561Z,34.46,74.49

2026-09-19T21:29:02.549Z,34.47,74.47

2026-09-19T21:29:07.549Z,34.47,74.46

2026-09-19T21:29:12.548Z,34.48,74.51

2026-09-19T21:29:17.550Z,34.47,74.38

2026-09-19T21:29:22.547Z,34.46,74.5

2026-09-19T21:29:27.558Z,34.47,74.54

2026-09-19T21:29:32.546Z,34.46,74.52

2026-09-19T21:29:37.548Z,34.47,74.54

2026-09-19T21:29:42.549Z,34.47,74.55

2026-09-19T21:29:47.549Z,34.46,74.5

2026-09-19T21:29:52.549Z,34.46,74.52

2026-09-19T21:29:57.566Z,34.45,74.59

2026-09-19T21:30:02.554Z,34.45,74.56

2026-09-19T21:30:07.552Z,34.47,74.55

2026-09-19T21:30:12.553Z,34.47,74.56

2026-09-19T21:30:17.554Z,34.48,74.54

2026-09-19T21:30:22.556Z,34.46,74.53

2026-09-19T21:30:27.569Z,34.47,74.54

2026-09-19T21:30:32.557Z,34.47,74.45

2026-09-19T21:30:37.558Z,34.46,74.51

2026-09-19T21:30:42.557Z,34.45,74.47

2026-09-19T21:30:47.557Z,34.46,74.5

2026-09-19T21:30:52.564Z,34.47,74.49

2026-09-19T21:30:57.575Z,34.47,74.54

2026-09-19T21:31:02.562Z,34.46,74.57

2026-09-19T21:31:07.564Z,34.47,74.5

2026-09-19T21:31:12.562Z,34.46,74.51

2026-09-19T21:31:17.565Z,34.46,74.52

2026-09-19T21:31:22.576Z,34.47,74.53

2026-09-19T21:31:27.587Z,34.46,74.52

2026-09-19T21:31:32.573Z,34.45,74.52

2026-09-19T21:31:37.575Z,34.45,74.5

2026-09-19T21:31:42.575Z,34.44,74.44

2026-09-19T21:31:47.575Z,34.45,74.53

2026-09-19T21:31:52.575Z,34.47,74.57

2026-09-19T21:31:57.589Z,34.44,74.62

2026-09-19T21:32:02.577Z,34.46,74.54

2026-09-19T21:32:07.576Z,34.45,74.57

2026-09-19T21:32:12.576Z,34.45,74.6

2026-09-19T21:32:17.576Z,34.46,74.58

2026-09-19T21:32:22.587Z,34.45,74.58

2026-09-19T21:32:27.596Z,34.44,74.64

2026-09-19T21:32:32.584Z,34.44,74.56

2026-09-19T21:32:37.586Z,34.44,74.55

2026-09-19T21:32:42.584Z,34.46,74.64

2026-09-19T21:32:47.584Z,34.45,74.61

2026-09-19T21:32:52.605Z,34.46,74.61

2026-09-19T21:32:57.614Z,34.47,74.63

2026-09-19T21:33:02.601Z,34.45,74.58

2026-09-19T21:33:07.603Z,34.46,74.54

2026-09-19T21:33:12.604Z,34.45,74.52

2026-09-19T21:33:17.603Z,34.45,74.53

2026-09-19T21:33:22.612Z,34.46,74.54

2026-09-19T21:33:27.620Z,34.47,74.6

2026-09-19T21:33:32.609Z,34.44,74.54

2026-09-19T21:33:37.617Z,34.45,74.63

2026-09-19T21:33:42.613Z,34.45,74.61

2026-09-19T21:33:47.612Z,34.45,74.57

2026-09-19T21:33:52.623Z,34.45,74.6

2026-09-19T21:33:57.634Z,34.46,74.6

2026-09-19T21:34:02.618Z,34.46,74.59

2026-09-19T21:34:07.620Z,34.49,74.65

2026-09-19T21:34:12.619Z,34.46,74.6

2026-09-19T21:34:17.622Z,34.47,74.65

2026-09-19T21:34:22.632Z,34.46,74.59

2026-09-19T21:34:27.642Z,34.46,74.61

2026-09-19T21:34:32.629Z,34.47,74.61

2026-09-19T21:34:37.629Z,34.47,74.59

2026-09-19T21:34:42.631Z,34.49,74.58

2026-09-19T21:34:47.631Z,34.48,74.6

2026-09-19T21:34:52.643Z,34.47,74.6

2026-09-19T21:34:57.653Z,34.46,74.64

2026-09-19T21:35:02.643Z,34.46,74.62

2026-09-19T21:35:07.641Z,34.48,74.59

2026-09-19T21:35:12.642Z,34.45,74.6

2026-09-19T21:35:17.642Z,34.47,74.57

2026-09-19T21:35:22.642Z,34.47,74.69

2026-09-19T21:35:27.655Z,34.47,74.64

2026-09-19T21:35:32.645Z,34.45,74.62

2026-09-19T21:35:37.644Z,34.45,74.69

2026-09-19T21:35:42.643Z,34.47,74.63

2026-09-19T21:35:47.644Z,34.45,74.64

2026-09-19T21:35:52.642Z,34.46,74.62

2026-09-19T21:35:57.655Z,34.45,74.63

2026-09-19T21:36:02.647Z,34.47,74.63

2026-09-19T21:36:07.643Z,34.44,74.66

2026-09-19T21:36:12.644Z,34.45,74.7

2026-09-19T21:36:17.642Z,34.44,74.67

2026-09-19T21:36:22.644Z,34.44,74.66

2026-09-19T21:36:27.656Z,34.44,74.76

2026-09-19T21:36:32.644Z,34.42,74.74

2026-09-19T21:36:37.644Z,34.44,74.73

2026-09-19T21:36:42.644Z,34.43,74.8

2026-09-19T21:36:47.643Z,34.42,74.78

2026-09-19T21:36:52.648Z,34.43,74.73

2026-09-19T21:36:57.660Z,34.42,74.84

2026-09-19T21:37:02.648Z,34.42,74.81

2026-09-19T21:37:07.648Z,34.41,74.77

2026-09-19T21:37:12.649Z,34.42,74.79

2026-09-19T21:37:17.651Z,34.42,74.79

2026-09-19T21:37:22.667Z,34.43,74.86

2026-09-19T21:37:27.681Z,34.41,74.86

2026-09-19T21:37:32.662Z,34.4,74.82

2026-09-19T21:37:37.664Z,34.43,74.81

2026-09-19T21:37:42.665Z,34.41,74.85

2026-09-19T21:37:47.665Z,34.41,74.89

2026-09-19T21:37:52.679Z,34.41,74.9

2026-09-19T21:37:57.688Z,34.39,74.86

2026-09-19T21:38:02.678Z,34.39,74.87

2026-09-19T21:38:07.675Z,34.4,74.87

2026-09-19T21:38:12.677Z,34.4,74.93

2026-09-19T21:38:17.677Z,34.4,74.93

2026-09-19T21:38:22.697Z,34.42,74.91

2026-09-19T21:38:27.709Z,34.4,74.89

2026-09-19T21:38:32.694Z,34.42,74.85

2026-09-19T21:38:37.696Z,34.4,74.89

2026-09-19T21:38:42.696Z,34.39,74.93

2026-09-19T21:38:47.707Z,34.4,74.88

2026-09-19T21:38:52.696Z,34.39,74.87

2026-09-19T21:38:57.696Z,34.4,74.84

2026-09-19T21:39:02.697Z,34.41,74.86

2026-09-19T21:39:07.697Z,34.4,74.82

2026-09-19T21:39:12.703Z,34.42,74.88

2026-09-19T21:39:17.714Z,34.39,74.89

2026-09-19T21:39:22.700Z,34.42,74.82

2026-09-19T21:39:27.699Z,34.42,74.83

2026-09-19T21:39:32.701Z,34.42,74.82

2026-09-19T21:39:37.714Z,34.41,74.84

2026-09-19T21:39:42.700Z,34.41,74.84

2026-09-19T21:39:47.701Z,34.4,74.82

2026-09-19T21:39:52.700Z,34.4,74.81

2026-09-19T21:39:57.704Z,34.39,74.89

2026-09-19T21:40:02.704Z,34.41,74.86

2026-09-19T21:40:07.716Z,34.38,74.89

2026-09-19T21:40:12.704Z,34.39,74.86

2026-09-19T21:40:17.701Z,34.39,74.9

2026-09-19T21:40:22.702Z,34.39,74.87

2026-09-19T21:40:27.705Z,34.38,74.87

2026-09-19T21:40:32.704Z,34.38,74.94

2026-09-19T21:40:37.716Z,34.38,74.93

2026-09-19T21:40:42.706Z,34.37,74.96

2026-09-19T21:40:47.707Z,34.36,74.95

2026-09-19T21:40:52.707Z,34.37,74.97

2026-09-19T21:40:57.707Z,34.36,74.98

2026-09-19T21:41:02.713Z,34.36,74.96

2026-09-19T21:41:07.723Z,34.35,75.02

2026-09-19T21:41:12.717Z,34.36,74.94

2026-09-19T21:41:17.714Z,34.35,75.06

2026-09-19T21:41:22.716Z,34.35,75.04

2026-09-19T21:41:27.715Z,34.33,75.09

2026-09-19T21:41:32.727Z,34.34,75.08

2026-09-19T21:41:37.736Z,34.33,75.07

2026-09-19T21:41:42.726Z,34.33,75.12

2026-09-19T21:41:47.727Z,34.34,75.14

2026-09-19T21:41:52.722Z,34.32,75.13

2026-09-19T21:41:57.725Z,34.31,75.11

2026-09-19T21:42:02.733Z,34.3,75.17

2026-09-19T21:42:07.747Z,34.29,75.23

2026-09-19T21:42:12.735Z,34.28,75.21

2026-09-19T21:42:17.734Z,34.31,75.24

2026-09-19T21:42:22.734Z,34.3,75.3

2026-09-19T21:42:27.734Z,34.29,75.31

2026-09-19T21:42:32.738Z,34.27,75.3

2026-09-19T21:42:37.748Z,34.27,75.3

2026-09-19T21:42:42.740Z,34.28,75.29

2026-09-19T21:42:47.738Z,34.27,75.37

2026-09-19T21:42:52.740Z,34.24,75.34

2026-09-19T21:42:57.740Z,34.29,75.32

2026-09-19T21:43:02.750Z,34.27,75.33

2026-09-19T21:43:07.761Z,34.26,75.43

2026-09-19T21:43:12.747Z,34.27,75.44

2026-09-19T21:43:17.750Z,34.26,75.41

2026-09-19T21:43:22.750Z,34.25,75.44

2026-09-19T21:43:27.750Z,34.24,75.46

2026-09-19T21:43:32.763Z,34.23,75.54

2026-09-19T21:43:37.771Z,34.23,75.61

2026-09-19T21:43:42.759Z,34.23,75.56

2026-09-19T21:43:47.763Z,34.23,75.57

2026-09-19T21:43:52.763Z,34.22,75.57

2026-09-19T21:43:57.764Z,34.24,75.6

2026-09-19T21:44:02.770Z,34.23,75.55

2026-09-19T21:44:07.783Z,34.21,75.65

2026-09-19T21:44:12.769Z,34.22,75.59

2026-09-19T21:44:17.769Z,34.21,75.66

2026-09-19T21:44:22.770Z,34.21,75.62

2026-09-19T21:44:27.767Z,34.23,75.6

2026-09-19T21:44:32.786Z,34.25,75.67

2026-09-19T21:44:37.798Z,34.24,75.6

2026-09-19T21:44:42.784Z,34.23,75.65

2026-09-19T21:44:47.786Z,34.19,75.61

2026-09-19T21:44:52.782Z,34.2,75.57

2026-09-19T21:44:57.800Z,34.22,75.65

2026-09-19T21:45:02.781Z,34.21,75.59

2026-09-19T21:45:07.782Z,34.22,75.63

2026-09-19T21:45:12.782Z,34.22,75.62

2026-09-19T21:45:17.785Z,34.24,75.61

2026-09-19T21:45:22.800Z,34.23,75.57

2026-09-19T21:45:27.812Z,34.22,75.64

2026-09-19T21:45:32.800Z,34.22,75.6

2026-09-19T21:45:37.801Z,34.24,75.58

2026-09-19T21:45:42.801Z,34.23,75.53

2026-09-19T21:45:47.801Z,34.22,75.52

2026-09-19T21:45:52.804Z,34.22,75.52

2026-09-19T21:45:57.818Z,34.21,75.55

2026-09-19T21:46:02.804Z,34.24,75.5

2026-09-19T21:46:07.803Z,34.22,75.45

2026-09-19T21:46:12.802Z,34.21,75.43

2026-09-19T21:46:17.802Z,34.23,75.41

2026-09-19T21:46:22.811Z,34.2,75.41

2026-09-19T21:46:27.806Z,34.23,75.38

2026-09-19T21:46:32.805Z,34.22,75.32

2026-09-19T21:46:37.804Z,34.21,75.35

2026-09-19T21:46:42.819Z,34.21,75.39

2026-09-19T21:46:47.827Z,34.19,75.38

2026-09-19T21:46:52.814Z,34.2,75.4

2026-09-19T21:46:57.814Z,34.18,75.36

2026-09-19T21:47:02.815Z,34.2,75.41

2026-09-19T21:47:07.813Z,34.19,75.35

2026-09-19T21:47:12.814Z,34.2,75.35

2026-09-19T21:47:17.826Z,34.18,75.43

2026-09-19T21:47:22.815Z,34.2,75.38

2026-09-19T21:47:27.816Z,34.21,75.42

2026-09-19T21:47:32.814Z,34.19,75.42

2026-09-19T21:47:37.815Z,34.18,75.36

2026-09-19T21:47:42.815Z,34.19,75.32

2026-09-19T21:47:47.824Z,34.19,75.34

2026-09-19T21:47:52.814Z,34.17,75.36

2026-09-19T21:47:57.816Z,34.17,75.37

2026-09-19T21:48:02.815Z,34.18,75.34

2026-09-19T21:48:07.816Z,34.15,75.33

2026-09-19T21:48:12.822Z,34.17,75.37

2026-09-19T21:48:17.834Z,34.19,75.35

2026-09-19T21:48:22.819Z,34.15,75.27

2026-09-19T21:48:27.825Z,34.14,75.21

2026-09-19T21:48:32.824Z,34.17,75.22

2026-09-19T21:48:37.823Z,34.16,75.27

2026-09-19T21:48:42.838Z,34.17,75.3

2026-09-19T21:48:47.852Z,34.15,75.36

2026-09-19T21:48:52.837Z,34.14,75.4

2026-09-19T21:48:57.835Z,34.15,75.35

2026-09-19T21:49:02.836Z,34.17,75.31

2026-09-19T21:49:07.838Z,34.16,75.23

2026-09-19T21:49:12.852Z,34.16,75.2

2026-09-19T21:49:17.861Z,34.13,75.21

2026-09-19T21:49:22.852Z,34.12,75.16

2026-09-19T21:49:27.851Z,34.12,75.05

2026-09-19T21:49:32.852Z,34.11,75.15

2026-09-19T21:49:37.851Z,34.11,75.27

2026-09-19T21:49:42.867Z,34.1,75.31

2026-09-19T21:49:47.880Z,34.11,75.34

2026-09-19T21:49:52.864Z,34.11,75.38

2026-09-19T21:49:57.865Z,34.1,75.39

2026-09-19T21:50:02.864Z,34.12,75.41

2026-09-19T21:50:07.867Z,34.1,75.46

2026-09-19T21:50:12.874Z,34.1,75.43

2026-09-19T21:50:17.886Z,34.1,75.45

2026-09-19T21:50:22.874Z,34.09,75.38

2026-09-19T21:50:27.874Z,34.11,75.36

2026-09-19T21:50:32.872Z,34.11,75.25

2026-09-19T21:50:37.875Z,34.11,75.3

2026-09-19T21:50:42.884Z,34.1,75.25

2026-09-19T21:50:47.892Z,34.11,75.25

2026-09-19T21:50:52.881Z,34.1,75.23

2026-09-19T21:50:57.881Z,34.12,75.15

2026-09-19T21:51:02.883Z,34.12,75.14

2026-09-19T21:51:07.884Z,34.09,75.11

2026-09-19T21:51:12.886Z,34.11,75.1

2026-09-19T21:51:17.895Z,34.11,75.17

2026-09-19T21:51:22.883Z,34.11,75.05

2026-09-19T21:51:27.885Z,34.1,75.03

2026-09-19T21:51:32.884Z,34.1,74.98

2026-09-19T21:51:37.886Z,34.08,74.9

2026-09-19T21:51:42.889Z,34.08,74.97

2026-09-19T21:51:47.900Z,34.09,74.99

2026-09-19T21:51:52.887Z,34.07,74.98

2026-09-19T21:51:57.888Z,34.07,74.99

2026-09-19T21:52:02.889Z,34.07,75.01

2026-09-19T21:52:07.889Z,34.08,74.95

2026-09-19T21:52:12.907Z,34.05,74.91

2026-09-19T21:52:17.915Z,34.06,74.97

2026-09-19T21:52:22.903Z,34.07,74.92

2026-09-19T21:52:27.901Z,34.03,74.91

2026-09-19T21:52:32.903Z,34.05,74.99

2026-09-19T21:52:37.903Z,34.05,74.99

2026-09-19T21:52:42.919Z,34.06,75.05

2026-09-19T21:52:47.930Z,34.05,75.1

2026-09-19T21:52:52.918Z,34.05,75.08

2026-09-19T21:52:57.919Z,34.06,75.03

2026-09-19T21:53:02.919Z,34.04,75.04

2026-09-19T21:53:07.921Z,34.04,75.01

2026-09-19T21:53:12.929Z,34.04,75.11

2026-09-19T21:53:17.941Z,34.03,75.09

2026-09-19T21:53:22.927Z,34.05,75.06

2026-09-19T21:53:27.926Z,34.04,75.08

2026-09-19T21:53:32.927Z,34.03,75.01

2026-09-19T21:53:37.929Z,34.04,74.96

2026-09-19T21:53:42.933Z,34.02,74.96

2026-09-19T21:53:47.943Z,34.04,74.9

2026-09-19T21:53:52.932Z,34.03,74.87

2026-09-19T21:53:57.932Z,34.02,74.93

2026-09-19T21:54:02.933Z,34.03,74.92

2026-09-19T21:54:07.933Z,34.04,74.91

2026-09-19T21:54:12.934Z,34.01,74.88

2026-09-19T21:54:17.950Z,34,74.93

2026-09-19T21:54:22.933Z,34.01,74.97

2026-09-19T21:54:27.932Z,34.01,74.89

2026-09-19T21:54:32.933Z,34.01,74.82

2026-09-19T21:54:37.936Z,34.01,74.86

2026-09-19T21:54:42.937Z,34,74.83

2026-09-19T21:54:47.945Z,34.01,74.96

2026-09-19T21:54:52.935Z,34,74.98

2026-09-19T21:54:57.936Z,34,74.93

2026-09-19T21:55:02.937Z,34,74.96

2026-09-19T21:55:07.937Z,34,74.94

2026-09-19T21:55:12.947Z,33.98,74.89

2026-09-19T21:55:17.960Z,33.97,74.91

2026-09-19T21:55:22.943Z,33.97,74.84

2026-09-19T21:55:27.942Z,33.95,74.82

2026-09-19T21:55:32.945Z,33.96,74.76

2026-09-19T21:55:37.943Z,33.95,74.8

2026-09-19T21:55:42.950Z,33.95,74.89

2026-09-19T21:55:47.963Z,33.94,74.93

2026-09-19T21:55:52.951Z,33.94,74.91

2026-09-19T21:55:57.953Z,33.95,74.92

2026-09-19T21:56:02.950Z,33.93,74.92

2026-09-19T21:56:07.951Z,33.94,74.97

2026-09-19T21:56:12.959Z,33.94,74.9

2026-09-19T21:56:17.973Z,33.92,74.93

2026-09-19T21:56:22.957Z,33.95,74.91

2026-09-19T21:56:27.959Z,33.93,74.89

2026-09-19T21:56:32.958Z,33.94,74.92

2026-09-19T21:56:37.959Z,33.92,74.94

2026-09-19T21:56:42.969Z,33.92,74.92

2026-09-19T21:56:47.985Z,33.92,74.97

2026-09-19T21:56:52.970Z,33.93,74.94

2026-09-19T21:56:57.969Z,33.93,74.85

2026-09-19T21:57:02.969Z,33.91,74.87

2026-09-19T21:57:07.970Z,33.91,74.83

2026-09-19T21:57:12.971Z,33.91,74.82

2026-09-19T21:57:17.982Z,33.92,74.8

2026-09-19T21:57:22.973Z,33.92,74.77

2026-09-19T21:57:27.972Z,33.91,74.79

2026-09-19T21:57:32.972Z,33.93,74.85

2026-09-19T21:57:37.971Z,33.93,74.84

2026-09-19T21:57:42.983Z,33.93,74.9

2026-09-19T21:57:47.991Z,33.92,74.96

2026-09-19T21:57:52.980Z,33.91,74.99

2026-09-19T21:57:57.981Z,33.92,74.92

2026-09-19T21:58:02.980Z,33.94,74.88

2026-09-19T21:58:07.985Z,33.93,74.81

2026-09-19T21:58:12.988Z,33.92,74.81

2026-09-19T21:58:18.001Z,33.92,74.74

2026-09-19T21:58:22.988Z,33.9,74.74

2026-09-19T21:58:27.986Z,33.93,74.74

2026-09-19T21:58:32.987Z,33.92,74.68

2026-09-19T21:58:37.991Z,33.89,74.67

2026-09-19T21:58:42.994Z,33.89,74.59

2026-09-19T21:58:48.007Z,33.87,74.58

2026-09-19T21:58:52.993Z,33.9,74.61

2026-09-19T21:58:57.992Z,33.89,74.58

2026-09-19T21:59:02.993Z,33.87,74.56

2026-09-19T21:59:07.992Z,33.87,74.6

2026-09-19T21:59:13.001Z,33.86,74.68

2026-09-19T21:59:18.010Z,33.86,74.7

2026-09-19T21:59:23.000Z,33.84,74.69

2026-09-19T21:59:28.002Z,33.86,74.74

2026-09-19T21:59:33.001Z,33.86,74.75

2026-09-19T21:59:38.004Z,33.85,74.75

2026-09-19T21:59:43.014Z,33.85,74.75

2026-09-19T21:59:48.029Z,33.86,74.85

2026-09-19T21:59:53.010Z,33.85,74.77

2026-09-19T21:59:58.010Z,33.86,74.66

2026-09-19T22:00:03.009Z,33.86,74.63

2026-09-19T22:00:08.011Z,33.86,74.72

2026-09-19T22:00:13.024Z,33.86,74.72

2026-09-19T22:00:18.038Z,33.88,74.79

2026-09-19T22:00:23.023Z,33.87,74.67

2026-09-19T22:00:28.022Z,33.88,74.56

2026-09-19T22:00:33.023Z,33.88,74.58

2026-09-19T22:00:38.024Z,33.88,74.6

2026-09-19T22:00:43.032Z,33.87,74.53

2026-09-19T22:00:48.042Z,33.87,74.56

2026-09-19T22:00:53.031Z,33.87,74.63

2026-09-19T22:00:58.031Z,33.87,74.61

2026-09-19T22:01:03.031Z,33.85,74.59

2026-09-19T22:01:08.032Z,33.89,74.59

2026-09-19T22:01:13.051Z,33.88,74.6

2026-09-19T22:01:18.045Z,33.87,74.6

2026-09-19T22:01:23.044Z,33.86,74.57

2026-09-19T22:01:28.044Z,33.87,74.57

2026-09-19T22:01:33.043Z,33.85,74.37

2026-09-19T22:01:38.060Z,33.81,74.34

2026-09-19T22:01:43.046Z,33.8,74.21

2026-09-19T22:01:48.046Z,33.8,74.24

2026-09-19T22:01:53.045Z,33.76,74.21

2026-09-19T22:01:58.043Z,33.76,74.28

2026-09-19T22:02:03.044Z,33.77,74.23

2026-09-19T22:02:08.061Z,33.72,74.23

2026-09-19T22:02:13.047Z,33.66,74.3

2026-09-19T22:02:18.048Z,33.65,74.46

2026-09-19T22:02:23.050Z,33.67,74.69

2026-09-19T22:02:28.047Z,33.67,74.77

2026-09-19T22:02:33.048Z,33.68,74.83

2026-09-19T22:02:38.059Z,33.65,74.91

2026-09-19T22:02:43.047Z,33.67,74.94

2026-09-19T22:02:48.047Z,33.66,74.92

2026-09-19T22:02:53.048Z,33.63,74.81

2026-09-19T22:02:58.046Z,33.63,74.74

2026-09-19T22:03:03.063Z,33.63,74.68

2026-09-19T22:03:08.072Z,33.62,74.7

2026-09-19T22:03:13.063Z,33.63,74.67

2026-09-19T22:03:18.066Z,33.61,74.61

2026-09-19T22:03:23.064Z,33.61,74.66

2026-09-19T22:03:28.064Z,33.57,74.67

2026-09-19T22:03:33.079Z,33.57,74.74

2026-09-19T22:03:38.091Z,33.59,74.88

2026-09-19T22:03:43.076Z,33.59,74.83

2026-09-19T22:03:48.076Z,33.58,74.92

2026-09-19T22:03:53.076Z,33.6,74.92

2026-09-19T22:03:58.075Z,33.59,74.92

2026-09-19T22:04:03.078Z,33.58,74.95

2026-09-19T22:04:08.091Z,33.59,75

2026-09-19T22:04:13.077Z,33.6,74.98

2026-09-19T22:04:18.078Z,33.59,75.02

2026-09-19T22:04:23.078Z,33.61,74.98

2026-09-19T22:04:28.081Z,33.6,75.05

2026-09-19T22:04:33.088Z,33.59,74.92

2026-09-19T22:04:38.099Z,33.59,74.89

2026-09-19T22:04:43.086Z,33.59,74.82

2026-09-19T22:04:48.088Z,33.6,74.79

2026-09-19T22:04:53.088Z,33.6,74.79

2026-09-19T22:04:58.089Z,33.6,74.84

2026-09-19T22:05:03.093Z,33.6,74.86

2026-09-19T22:05:08.105Z,33.6,74.81

2026-09-19T22:05:13.093Z,33.61,74.78

2026-09-19T22:05:18.094Z,33.61,74.79

2026-09-19T22:05:23.096Z,33.61,74.79

2026-09-19T22:05:28.094Z,33.65,74.82

2026-09-19T22:05:33.106Z,33.63,74.79

2026-09-19T22:05:38.114Z,33.64,74.84

2026-09-19T22:05:43.102Z,33.63,74.76

2026-09-19T22:05:48.102Z,33.63,74.73

2026-09-19T22:05:53.102Z,33.65,74.73

2026-09-19T22:05:58.106Z,33.64,74.65

2026-09-19T22:06:03.108Z,33.62,74.58

2026-09-19T22:06:08.125Z,33.6,74.57

2026-09-19T22:06:13.109Z,33.62,74.5

2026-09-19T22:06:18.108Z,33.61,74.42

2026-09-19T22:06:23.108Z,33.61,74.44

2026-09-19T22:06:28.109Z,33.63,74.44

2026-09-19T22:06:33.108Z,33.64,74.49

2026-09-19T22:06:38.120Z,33.61,74.46

2026-09-19T22:06:43.107Z,33.62,74.49

2026-09-19T22:06:48.113Z,33.62,74.48

2026-09-19T22:06:53.111Z,33.6,74.51

2026-09-19T22:06:58.111Z,33.61,74.61

2026-09-19T22:07:03.110Z,33.62,74.61

2026-09-19T22:07:08.122Z,33.61,74.6

2026-09-19T22:07:13.113Z,33.64,74.45

2026-09-19T22:07:18.117Z,33.62,74.38

2026-09-19T22:07:23.117Z,33.59,74.36

2026-09-19T22:07:28.114Z,33.57,74.46

2026-09-19T22:07:33.128Z,33.56,74.49

2026-09-19T22:07:38.141Z,33.49,74.62

2026-09-19T22:07:43.127Z,33.4,74.84

2026-09-19T22:07:48.127Z,33.37,74.89

2026-09-19T22:07:53.128Z,33.39,75.12

2026-09-19T22:07:58.127Z,33.4,75.11

2026-09-19T22:08:03.142Z,33.41,75.09

2026-09-19T22:08:08.154Z,33.41,75.1

2026-09-19T22:08:13.140Z,33.42,75.1

2026-09-19T22:08:18.141Z,33.42,75.09

2026-09-19T22:08:23.141Z,33.39,75.11

2026-09-19T22:08:28.143Z,33.41,75.16

2026-09-19T22:08:33.152Z,33.41,75.14

2026-09-19T22:08:38.163Z,33.41,75.2

2026-09-19T22:08:43.151Z,33.41,75.26

2026-09-19T22:08:48.152Z,33.41,75.19

2026-09-19T22:08:53.149Z,33.4,75.21

2026-09-19T22:08:58.150Z,33.4,75.25

2026-09-19T22:09:03.151Z,33.42,75.29

2026-09-19T22:09:08.165Z,33.41,75.29

2026-09-19T22:09:13.152Z,33.41,75.2

2026-09-19T22:09:18.152Z,33.41,75.16

2026-09-19T22:09:23.153Z,33.4,75.16

2026-09-19T22:09:28.151Z,33.42,75.15

2026-09-19T22:09:33.153Z,33.44,75.15

2026-09-19T22:09:38.167Z,33.42,75.16

2026-09-19T22:09:43.152Z,33.42,75.1

2026-09-19T22:09:48.152Z,33.44,75.01

2026-09-19T22:09:53.153Z,33.44,75.05

2026-09-19T22:09:58.154Z,33.44,75.06

2026-09-19T22:10:03.152Z,33.44,74.92

2026-09-19T22:10:08.169Z,33.47,75.07

2026-09-19T22:10:13.153Z,33.46,75.06

2026-09-19T22:10:18.153Z,33.46,75

2026-09-19T22:10:23.153Z,33.47,74.92

2026-09-19T22:10:28.152Z,33.49,74.89

2026-09-19T22:10:33.168Z,33.47,74.84

2026-09-19T22:10:38.179Z,33.48,74.78

2026-09-19T22:10:43.168Z,33.48,74.74

2026-09-19T22:10:48.169Z,33.48,74.66

2026-09-19T22:10:53.171Z,33.47,74.5

2026-09-19T22:10:58.170Z,33.48,74.45

2026-09-19T22:11:03.186Z,33.48,74.44

2026-09-19T22:11:08.200Z,33.46,74.52

2026-09-19T22:11:13.184Z,33.48,74.51

2026-09-19T22:11:18.185Z,33.48,74.48

2026-09-19T22:11:23.183Z,33.47,74.51

2026-09-19T22:11:28.181Z,33.48,74.48

2026-09-19T22:11:33.193Z,33.48,74.44

2026-09-19T22:11:38.204Z,33.46,74.5

2026-09-19T22:11:43.190Z,33.47,74.46

2026-09-19T22:11:48.192Z,33.5,74.49

2026-09-19T22:11:53.192Z,33.49,74.44

2026-09-19T22:11:58.193Z,33.5,74.45

2026-09-19T22:12:03.201Z,33.51,74.47

2026-09-19T22:12:08.212Z,33.5,74.43

2026-09-19T22:12:13.201Z,33.48,74.43

2026-09-19T22:12:18.203Z,33.49,74.34

2026-09-19T22:12:23.201Z,33.51,74.28

2026-09-19T22:12:28.202Z,33.5,74.24

2026-09-19T22:12:33.206Z,33.5,74.22

2026-09-19T22:12:38.216Z,33.5,74.14

2026-09-19T22:12:43.204Z,33.5,74.18

2026-09-19T22:12:48.204Z,33.48,74.09

2026-09-19T22:12:53.203Z,33.5,74.06

2026-09-19T22:12:58.203Z,33.49,74.06

2026-09-19T22:13:03.211Z,33.51,74.05

2026-09-19T22:13:08.221Z,33.49,74.08

2026-09-19T22:13:13.209Z,33.5,73.97

2026-09-19T22:13:18.209Z,33.51,73.93

2026-09-19T22:13:23.209Z,33.51,73.9

2026-09-19T22:13:28.210Z,33.5,73.75

2026-09-19T22:13:33.223Z,33.53,73.72

2026-09-19T22:13:38.232Z,33.5,73.74

2026-09-19T22:13:43.223Z,33.53,73.74

2026-09-19T22:13:48.220Z,33.51,73.79

2026-09-19T22:13:53.219Z,33.52,73.83

2026-09-19T22:13:58.220Z,33.52,73.76

2026-09-19T22:14:03.220Z,33.53,73.67

2026-09-19T22:14:08.233Z,33.52,73.77

2026-09-19T22:14:13.221Z,33.52,73.7

2026-09-19T22:14:18.220Z,33.54,73.64

2026-09-19T22:14:23.221Z,33.53,73.55

2026-09-19T22:14:28.223Z,33.53,73.59

2026-09-19T22:14:33.240Z,33.53,73.52

2026-09-19T22:14:38.253Z,33.54,73.54

2026-09-19T22:14:43.240Z,33.55,73.52

2026-09-19T22:14:48.239Z,33.56,73.41

2026-09-19T22:14:53.240Z,33.56,73.33

2026-09-19T22:14:58.239Z,33.57,73.09

2026-09-19T22:15:03.247Z,33.55,72.96

2026-09-19T22:15:08.257Z,33.54,72.94

2026-09-19T22:15:13.244Z,33.55,72.94

2026-09-19T22:15:18.244Z,33.56,72.93

2026-09-19T22:15:23.245Z,33.53,72.96

2026-09-19T22:15:28.244Z,33.54,72.91

2026-09-19T22:15:33.249Z,33.55,72.97

2026-09-19T22:15:38.262Z,33.53,72.85

2026-09-19T22:15:43.249Z,33.56,72.81

2026-09-19T22:15:48.249Z,33.54,72.73

2026-09-19T22:15:53.249Z,33.54,72.76

2026-09-19T22:15:58.250Z,33.54,72.76

2026-09-19T22:16:03.261Z,33.56,72.7

2026-09-19T22:16:08.273Z,33.54,72.63

2026-09-19T22:16:13.260Z,33.55,72.55

2026-09-19T22:16:18.262Z,33.56,72.46

2026-09-19T22:16:23.262Z,33.57,72.48

2026-09-19T22:16:28.262Z,33.55,72.42

2026-09-19T22:16:33.273Z,33.54,72.28

2026-09-19T22:16:38.279Z,33.55,72.27

2026-09-19T22:16:43.269Z,33.53,72.19

2026-09-19T22:16:48.268Z,33.57,72.15

2026-09-19T22:16:53.270Z,33.56,72.17

2026-09-19T22:16:58.269Z,33.57,72.22

2026-09-19T22:17:03.280Z,33.54,72.24

2026-09-19T22:17:08.290Z,33.55,72.09

2026-09-19T22:17:13.279Z,33.55,72.1

2026-09-19T22:17:18.277Z,33.55,72.06

2026-09-19T22:17:23.277Z,33.55,72

2026-09-19T22:17:28.278Z,33.54,71.99

2026-09-19T22:17:33.280Z,33.53,71.91

2026-09-19T22:17:38.290Z,33.52,71.8

2026-09-19T22:17:43.282Z,33.53,71.7

2026-09-19T22:17:48.280Z,33.53,71.65

2026-09-19T22:17:53.280Z,33.5,71.59

2026-09-19T22:17:58.282Z,33.52,71.6

2026-09-19T22:18:03.289Z,33.52,71.4

2026-09-19T22:18:08.301Z,33.49,71.41

2026-09-19T22:18:13.291Z,33.49,71.33

2026-09-19T22:18:18.291Z,33.5,71.35

2026-09-19T22:18:23.291Z,33.5,71.42

2026-09-19T22:18:28.290Z,33.48,71.44

2026-09-19T22:18:33.302Z,33.48,71.52

2026-09-19T22:18:38.312Z,33.5,71.64

2026-09-19T22:18:43.301Z,33.5,71.65

2026-09-19T22:18:48.301Z,33.51,71.66

2026-09-19T22:18:53.301Z,33.44,71.2

2026-09-19T22:18:58.315Z,33.43,71.11

2026-09-19T22:19:03.301Z,33.45,71.05

2026-09-19T22:19:08.302Z,33.46,71.13

2026-09-19T22:19:13.300Z,33.45,71.36

2026-09-19T22:19:18.316Z,33.45,71.51

2026-09-19T22:19:23.303Z,33.44,71.59

2026-09-19T22:19:28.303Z,33.45,71.57

2026-09-19T22:19:33.305Z,33.46,71.49

2026-09-19T22:19:38.304Z,33.44,71.31

2026-09-19T22:19:43.309Z,33.44,71.22

2026-09-19T22:19:48.317Z,33.43,71.17

2026-09-19T22:19:53.305Z,33.43,71.15

2026-09-19T22:19:58.304Z,33.42,71.19

2026-09-19T22:20:03.303Z,33.44,71.23

2026-09-19T22:20:08.306Z,33.42,71.32

2026-09-19T22:20:13.313Z,33.44,71.35

2026-09-19T22:20:18.325Z,33.43,71.39

2026-09-19T22:20:23.312Z,33.44,71.41

2026-09-19T22:20:28.312Z,33.44,71.41

2026-09-19T22:20:33.308Z,33.45,71.39

2026-09-19T22:20:38.312Z,33.43,71.43

2026-09-19T22:20:43.329Z,33.43,71.31

2026-09-19T22:20:48.338Z,33.43,71.24

2026-09-19T22:20:53.327Z,33.42,71.16

2026-09-19T22:20:58.328Z,33.44,71.21

2026-09-19T22:21:03.328Z,33.45,71.19

2026-09-19T22:21:08.328Z,33.44,71.19

2026-09-19T22:21:13.335Z,33.46,71.27

2026-09-19T22:21:18.332Z,33.44,71.08

2026-09-19T22:21:23.331Z,33.46,70.98

2026-09-19T22:21:28.331Z,33.45,70.91

2026-09-19T22:21:33.330Z,33.44,70.97

2026-09-19T22:21:38.345Z,33.46,71.03

2026-09-19T22:21:43.332Z,33.45,71.14

2026-09-19T22:21:48.332Z,33.47,71.09

2026-09-19T22:21:53.333Z,33.46,71.05

2026-09-19T22:21:58.334Z,33.47,71.12

2026-09-19T22:22:03.334Z,33.48,71.22

2026-09-19T22:22:08.344Z,33.47,71.24

2026-09-19T22:22:13.336Z,33.48,71.2

2026-09-19T22:22:18.334Z,33.48,71.11

2026-09-19T22:22:23.336Z,33.48,71.1

2026-09-19T22:22:28.335Z,33.5,71.05

2026-09-19T22:22:33.354Z,33.51,71.05

2026-09-19T22:22:38.365Z,33.51,71.03

2026-09-19T22:22:43.356Z,33.52,70.95

2026-09-19T22:22:48.356Z,33.53,70.92

2026-09-19T22:22:53.356Z,33.55,70.87

2026-09-19T22:22:58.356Z,33.53,70.84

2026-09-19T22:23:03.371Z,33.54,70.87

2026-09-19T22:23:08.382Z,33.54,70.91

2026-09-19T22:23:13.373Z,33.55,70.87

2026-09-19T22:23:18.372Z,33.55,70.88

2026-09-19T22:23:23.370Z,33.57,70.93

2026-09-19T22:23:28.372Z,33.58,70.9

2026-09-19T22:23:33.378Z,33.58,70.85

2026-09-19T22:23:38.392Z,33.58,70.89

2026-09-19T22:23:43.378Z,33.58,70.81

2026-09-19T22:23:48.378Z,33.57,70.8

2026-09-19T22:23:53.378Z,33.61,70.77

2026-09-19T22:23:58.378Z,33.6,70.7

2026-09-19T22:24:03.380Z,33.63,70.73

2026-09-19T22:24:08.389Z,33.61,70.61

2026-09-19T22:24:13.380Z,33.63,70.51

2026-09-19T22:24:18.380Z,33.62,70.46

2026-09-19T22:24:23.380Z,33.65,70.46

2026-09-19T22:24:28.380Z,33.65,70.33

2026-09-19T22:24:33.380Z,33.68,70.35

2026-09-19T22:24:38.391Z,33.66,70.38

2026-09-19T22:24:43.380Z,33.67,70.22

2026-09-19T22:24:48.381Z,33.68,70.1

2026-09-19T22:24:53.381Z,33.68,70.02

2026-09-19T22:24:58.383Z,33.7,70.07

2026-09-19T22:25:03.381Z,33.69,70.1

2026-09-19T22:25:08.394Z,33.69,70.11

2026-09-19T22:25:13.380Z,33.68,70.01

2026-09-19T22:25:18.384Z,33.69,70.06

2026-09-19T22:25:23.384Z,33.71,70.03

2026-09-19T22:25:28.382Z,33.72,70.02

2026-09-19T22:25:33.402Z,33.72,70.02

2026-09-19T22:25:38.417Z,33.7,70.02

2026-09-19T22:25:43.404Z,33.7,69.91

2026-09-19T22:25:48.404Z,33.73,69.9

2026-09-19T22:25:53.405Z,33.72,69.78

2026-09-19T22:25:58.404Z,33.72,69.86

2026-09-19T22:26:03.413Z,33.72,69.89

2026-09-19T22:26:08.425Z,33.73,69.82

2026-09-19T22:26:13.413Z,33.72,69.8

2026-09-19T22:26:18.414Z,33.73,69.8

2026-09-19T22:26:23.414Z,33.76,69.63

2026-09-19T22:26:28.415Z,33.75,69.79

2026-09-19T22:26:33.423Z,33.74,69.78

2026-09-19T22:26:38.433Z,33.75,69.81

2026-09-19T22:26:43.422Z,33.75,69.79

2026-09-19T22:26:48.423Z,33.76,69.78

2026-09-19T22:26:53.422Z,33.77,69.76

2026-09-19T22:26:58.422Z,33.77,69.79

2026-09-19T22:27:03.422Z,33.77,69.71

2026-09-19T22:27:08.436Z,33.76,69.75

2026-09-19T22:27:13.424Z,33.78,69.73

2026-09-19T22:27:18.424Z,33.77,69.76

2026-09-19T22:27:23.423Z,33.77,69.79

2026-09-19T22:27:28.423Z,33.8,69.66

2026-09-19T22:27:33.425Z,33.79,69.67

2026-09-19T22:27:38.438Z,33.78,69.65

2026-09-19T22:27:43.423Z,33.81,69.56

2026-09-19T22:27:48.424Z,33.81,69.47

2026-09-19T22:27:53.422Z,33.82,69.41

2026-09-19T22:27:58.426Z,33.81,69.39

2026-09-19T22:28:03.433Z,33.81,69.31

2026-09-19T22:28:08.444Z,33.83,69.35

2026-09-19T22:28:13.433Z,33.83,69.26

2026-09-19T22:28:18.432Z,33.83,69.16

2026-09-19T22:28:23.431Z,33.87,69.07

2026-09-19T22:28:28.431Z,33.85,69.1

2026-09-19T22:28:33.438Z,33.85,69.02

2026-09-19T22:28:38.447Z,33.85,69.08

2026-09-19T22:28:43.438Z,33.87,69.03

2026-09-19T22:28:48.436Z,33.88,68.97

2026-09-19T22:28:53.436Z,33.87,69.02

2026-09-19T22:28:58.435Z,33.86,68.9

2026-09-19T22:29:03.449Z,33.87,68.89

2026-09-19T22:29:08.461Z,33.87,68.88

2026-09-19T22:29:13.446Z,33.9,68.91

2026-09-19T22:29:18.450Z,33.87,68.82

2026-09-19T22:29:23.447Z,33.88,68.92

2026-09-19T22:29:28.447Z,33.88,68.92

2026-09-19T22:29:33.459Z,33.88,68.88

2026-09-19T22:29:38.478Z,33.88,68.93

2026-09-19T22:29:43.458Z,33.9,68.88

2026-09-19T22:29:48.459Z,33.9,68.83

2026-09-19T22:29:53.459Z,33.91,68.87

2026-09-19T22:29:58.458Z,33.91,68.88

2026-09-19T22:30:03.462Z,33.89,68.84

2026-09-19T22:30:08.474Z,33.91,68.89

2026-09-19T22:30:13.462Z,33.9,68.92

2026-09-19T22:30:18.462Z,33.9,68.91

2026-09-19T22:30:23.463Z,33.89,68.87

2026-09-19T22:30:28.462Z,33.89,68.78

2026-09-19T22:30:33.478Z,33.92,68.76

2026-09-19T22:30:38.486Z,33.91,68.76

2026-09-19T22:30:43.478Z,33.89,68.73

2026-09-19T22:30:48.480Z,33.9,68.76

2026-09-19T22:30:53.478Z,33.91,68.74

2026-09-19T22:30:58.478Z,33.9,68.73

2026-09-19T22:31:03.489Z,33.93,68.77

2026-09-19T22:31:08.501Z,33.9,68.77

2026-09-19T22:31:13.488Z,33.91,68.72

2026-09-19T22:31:18.487Z,33.93,68.67

2026-09-19T22:31:23.488Z,33.93,68.73

2026-09-19T22:31:28.487Z,33.92,68.73

2026-09-19T22:31:33.499Z,33.91,68.71

2026-09-19T22:31:38.510Z,33.91,68.81

2026-09-19T22:31:43.496Z,33.91,68.79

2026-09-19T22:31:48.497Z,33.9,68.82

2026-09-19T22:31:53.496Z,33.91,68.85

2026-09-19T22:31:58.496Z,33.9,68.83

2026-09-19T22:32:03.496Z,33.89,68.81

2026-09-19T22:32:08.509Z,33.88,69.02

2026-09-19T22:32:13.497Z,33.87,68.95

2026-09-19T22:32:18.497Z,33.85,69.01

2026-09-19T22:32:23.498Z,33.87,69.02

2026-09-19T22:32:28.497Z,33.86,69.05

2026-09-19T22:32:33.497Z,33.85,69.11

2026-09-19T22:32:38.510Z,33.85,69.1

2026-09-19T22:32:43.498Z,33.85,69.13

2026-09-19T22:32:48.498Z,33.83,69.19

2026-09-19T22:32:53.502Z,33.84,69.22

2026-09-19T22:32:58.503Z,33.83,69.2

2026-09-19T22:33:03.512Z,33.81,69.26

2026-09-19T22:33:08.529Z,33.82,69.31

2026-09-19T22:33:13.513Z,33.82,69.39

2026-09-19T22:33:18.511Z,33.8,69.37

2026-09-19T22:33:23.509Z,33.79,69.4

2026-09-19T22:33:28.509Z,33.8,69.38

2026-09-19T22:33:33.519Z,33.79,69.43

2026-09-19T22:33:38.527Z,33.79,69.54

2026-09-19T22:33:43.519Z,33.81,69.51

2026-09-19T22:33:48.520Z,33.8,69.52

2026-09-19T22:33:53.519Z,33.77,69.62

2026-09-19T22:33:58.531Z,33.79,69.64

2026-09-19T22:34:03.518Z,33.8,69.55

2026-09-19T22:34:08.519Z,33.8,69.6

2026-09-19T22:34:13.519Z,33.8,69.58

2026-09-19T22:34:18.520Z,33.81,69.63

2026-09-19T22:34:23.520Z,33.81,69.59

2026-09-19T22:34:28.532Z,33.78,69.67

2026-09-19T22:34:33.521Z,33.78,69.61

2026-09-19T22:34:38.521Z,33.78,69.64

2026-09-19T22:34:43.522Z,33.77,69.62

2026-09-19T22:34:48.525Z,33.77,69.71

2026-09-19T22:34:53.532Z,33.77,69.67

2026-09-19T22:34:58.546Z,33.77,69.73

2026-09-19T22:35:03.531Z,33.73,69.74

2026-09-19T22:35:08.532Z,33.76,69.7

2026-09-19T22:35:13.531Z,33.74,69.69

2026-09-19T22:35:18.533Z,33.76,69.77

2026-09-19T22:35:23.547Z,33.74,69.78

2026-09-19T22:35:28.563Z,33.71,69.79

2026-09-19T22:35:33.545Z,33.73,69.83

2026-09-19T22:35:38.546Z,33.7,69.89

2026-09-19T22:35:43.544Z,33.73,69.85

2026-09-19T22:35:48.546Z,33.71,69.91

2026-09-19T22:35:53.547Z,33.7,69.84

2026-09-19T22:35:58.558Z,33.71,69.89

2026-09-19T22:36:03.548Z,33.7,69.89

2026-09-19T22:36:08.545Z,33.69,69.92

2026-09-19T22:36:13.545Z,33.7,69.86

2026-09-19T22:36:18.546Z,33.69,69.91

2026-09-19T22:36:23.556Z,33.66,69.93

2026-09-19T22:36:28.564Z,33.67,70.01

2026-09-19T22:36:33.552Z,33.66,69.95

2026-09-19T22:36:38.554Z,33.67,70.04

2026-09-19T22:36:43.553Z,33.65,70.07

2026-09-19T22:36:48.553Z,33.68,70.02

2026-09-19T22:36:53.564Z,33.66,70.07

2026-09-19T22:36:58.576Z,33.64,70.1

2026-09-19T22:37:03.563Z,33.65,70.09

2026-09-19T22:37:08.565Z,33.65,70.14

2026-09-19T22:37:13.565Z,33.63,70.08

2026-09-19T22:37:18.566Z,33.64,70.06

2026-09-19T22:37:23.577Z,33.63,70.08

2026-09-19T22:37:28.590Z,33.64,70.2

2026-09-19T22:37:33.575Z,33.63,70.12

2026-09-19T22:37:38.576Z,33.66,70.16

2026-09-19T22:37:43.576Z,33.63,70.25

2026-09-19T22:37:48.579Z,33.63,70.29

2026-09-19T22:37:53.586Z,33.63,70.23

2026-09-19T22:37:58.596Z,33.63,70.24

2026-09-19T22:38:03.584Z,33.61,70.21

2026-09-19T22:38:08.586Z,33.63,70.15

2026-09-19T22:38:13.598Z,33.61,70.2

2026-09-19T22:38:18.611Z,33.63,70.28

2026-09-19T22:38:23.596Z,33.63,70.2

2026-09-19T22:38:28.599Z,33.63,70.26

2026-09-19T22:38:33.598Z,33.63,70.29

2026-09-19T22:38:38.597Z,33.63,70.24

2026-09-19T22:38:43.602Z,33.65,70.24

2026-09-19T22:38:48.611Z,33.65,70.33

2026-09-19T22:38:53.601Z,33.65,70.31

2026-09-19T22:38:58.599Z,33.64,70.24

2026-09-19T22:39:03.599Z,33.64,70.18

2026-09-19T22:39:08.616Z,33.66,70.18

2026-09-19T22:39:13.601Z,33.65,70.18

2026-09-19T22:39:18.600Z,33.67,70.16

2026-09-19T22:39:23.600Z,33.67,70.15

2026-09-19T22:39:28.603Z,33.67,70.07

2026-09-19T22:39:33.609Z,33.66,70.11

2026-09-19T22:39:38.619Z,33.64,70.16

2026-09-19T22:39:43.607Z,33.67,70.06

2026-09-19T22:39:48.609Z,33.67,70.07

2026-09-19T22:39:53.610Z,33.69,70.01

2026-09-19T22:39:58.608Z,33.66,70.08

2026-09-19T22:40:03.619Z,33.67,70.06

2026-09-19T22:40:08.627Z,33.68,70.09

2026-09-19T22:40:13.625Z,33.69,69.99

2026-09-19T22:40:18.623Z,33.7,70

2026-09-19T22:40:23.620Z,33.71,70.03

2026-09-19T22:40:28.621Z,33.69,69.88

2026-09-19T22:40:33.631Z,33.71,69.88

2026-09-19T22:40:38.639Z,33.67,69.94

2026-09-19T22:40:43.627Z,33.7,69.92

2026-09-19T22:40:48.629Z,33.7,69.84

2026-09-19T22:40:53.629Z,33.7,69.88

2026-09-19T22:40:58.629Z,33.69,69.78

2026-09-19T22:41:03.642Z,33.7,69.83

2026-09-19T22:41:08.653Z,33.69,69.86

2026-09-19T22:41:13.641Z,33.69,69.86

2026-09-19T22:41:18.643Z,33.69,69.8

2026-09-19T22:41:23.641Z,33.7,69.81

2026-09-19T22:41:28.641Z,33.71,69.85

2026-09-19T22:41:33.652Z,33.67,69.84

2026-09-19T22:41:38.662Z,33.69,69.89

2026-09-19T22:41:43.652Z,33.67,69.84

2026-09-19T22:41:48.653Z,33.68,69.85

2026-09-19T22:41:53.653Z,33.69,69.84

2026-09-19T22:41:58.652Z,33.67,69.87

2026-09-19T22:42:03.659Z,33.68,69.77

2026-09-19T22:42:08.668Z,33.66,69.85

2026-09-19T22:42:13.657Z,33.67,69.84

2026-09-19T22:42:18.658Z,33.68,69.89

2026-09-19T22:42:23.657Z,33.66,69.89

2026-09-19T22:42:28.658Z,33.67,69.84

2026-09-19T22:42:33.671Z,33.67,69.93

2026-09-19T22:42:38.665Z,33.68,69.88

2026-09-19T22:42:43.667Z,33.67,69.88

2026-09-19T22:42:48.665Z,33.67,69.83

2026-09-19T22:42:53.665Z,33.66,69.83

2026-09-19T22:42:58.678Z,33.67,69.83

2026-09-19T22:43:03.662Z,33.67,69.84

2026-09-19T22:43:08.666Z,33.67,69.89

2026-09-19T22:43:13.666Z,33.67,69.89

2026-09-19T22:43:18.667Z,33.66,69.85

2026-09-19T22:43:23.669Z,33.66,69.84

2026-09-19T22:43:28.680Z,33.66,69.84

2026-09-19T22:43:33.669Z,33.67,69.77

2026-09-19T22:43:38.667Z,33.68,69.76

2026-09-19T22:43:43.667Z,33.68,69.77

2026-09-19T22:43:48.669Z,33.67,69.7

2026-09-19T22:43:53.680Z,33.63,69.68

2026-09-19T22:43:58.693Z,33.64,69.72

2026-09-19T22:44:03.678Z,33.64,69.69

2026-09-19T22:44:08.679Z,33.66,69.71

2026-09-19T22:44:13.678Z,33.63,69.75

2026-09-19T22:44:18.691Z,33.64,69.77

2026-09-19T22:44:23.679Z,33.63,69.75

2026-09-19T22:44:28.681Z,33.65,69.77

2026-09-19T22:44:33.680Z,33.63,69.83

2026-09-19T22:44:38.694Z,33.6,69.95

2026-09-19T22:44:43.682Z,33.6,69.92

2026-09-19T22:44:48.683Z,33.63,70.01

2026-09-19T22:44:53.684Z,33.61,70

2026-09-19T22:44:58.683Z,33.63,69.98

2026-09-19T22:45:03.706Z,33.62,69.98

2026-09-19T22:45:08.717Z,33.62,70.02

2026-09-19T22:45:13.704Z,33.63,69.92

2026-09-19T22:45:18.703Z,33.62,69.93

2026-09-19T22:45:23.705Z,33.62,69.89

2026-09-19T22:45:28.717Z,33.62,69.88

2026-09-19T22:45:33.704Z,33.61,69.84

2026-09-19T22:45:38.702Z,33.6,69.87

2026-09-19T22:45:43.703Z,33.62,69.94

2026-09-19T22:45:48.704Z,33.62,69.89

2026-09-19T22:45:53.703Z,33.63,69.87

2026-09-19T22:45:58.716Z,33.62,70

2026-09-19T22:46:03.705Z,33.63,69.93

2026-09-19T22:46:08.707Z,33.62,69.91

2026-09-19T22:46:13.706Z,33.61,69.9

2026-09-19T22:46:18.708Z,33.61,69.96

2026-09-19T22:46:23.707Z,33.63,69.91

2026-09-19T22:46:28.718Z,33.62,69.92

2026-09-19T22:46:33.706Z,33.62,69.83

2026-09-19T22:46:38.706Z,33.62,69.85

2026-09-19T22:46:43.706Z,33.62,69.91

2026-09-19T22:46:48.706Z,33.61,69.95

2026-09-19T22:46:53.709Z,33.63,69.92

2026-09-19T22:46:58.719Z,33.64,70

2026-09-19T22:47:03.707Z,33.63,69.98

2026-09-19T22:47:08.708Z,33.63,70.05

2026-09-19T22:47:13.708Z,33.63,70.08

2026-09-19T22:47:18.706Z,33.62,70.04

2026-09-19T22:47:23.732Z,33.63,70.02

2026-09-19T22:47:28.742Z,33.61,70.05

2026-09-19T22:47:33.729Z,33.65,69.99

2026-09-19T22:47:38.730Z,33.64,69.8

2026-09-19T22:47:43.731Z,33.65,69.69

2026-09-19T22:47:48.731Z,33.66,69.8

2026-09-19T22:47:53.746Z,33.68,69.71

2026-09-19T22:47:58.748Z,33.65,69.71

2026-09-19T22:48:03.740Z,33.65,69.6

2026-09-19T22:48:08.739Z,33.66,69.55

2026-09-19T22:48:13.740Z,33.66,69.56

2026-09-19T22:48:18.742Z,33.67,69.59

2026-09-19T22:48:23.747Z,33.68,69.55

2026-09-19T22:48:28.755Z,33.66,69.63

2026-09-19T22:48:33.745Z,33.67,69.54

2026-09-19T22:48:38.747Z,33.67,69.52

2026-09-19T22:48:43.743Z,33.66,69.52

2026-09-19T22:48:48.744Z,33.67,69.47

2026-09-19T22:48:53.762Z,33.67,69.63

2026-09-19T22:48:58.770Z,33.67,69.59

2026-09-19T22:49:03.758Z,33.67,69.65

2026-09-19T22:49:08.761Z,33.7,69.55

2026-09-19T22:49:13.759Z,33.69,69.62

2026-09-19T22:49:18.759Z,33.68,69.61

2026-09-19T22:49:23.767Z,33.68,69.65

2026-09-19T22:49:28.778Z,33.68,69.67

2026-09-19T22:49:33.764Z,33.68,69.54

2026-09-19T22:49:38.763Z,33.71,69.56

2026-09-19T22:49:43.762Z,33.72,69.5

2026-09-19T22:49:48.766Z,33.72,69.48

2026-09-19T22:49:53.769Z,33.72,69.47

2026-09-19T22:49:58.785Z,33.71,69.48

2026-09-19T22:50:03.768Z,33.73,69.42

2026-09-19T22:50:08.768Z,33.74,69.4

2026-09-19T22:50:13.769Z,33.74,69.35

2026-09-19T22:50:18.771Z,33.74,69.27

2026-09-19T22:50:23.781Z,33.73,69.16

2026-09-19T22:50:28.794Z,33.73,69.15

2026-09-19T22:50:33.782Z,33.74,69.11

2026-09-19T22:50:38.782Z,33.75,69.11

2026-09-19T22:50:43.780Z,33.75,69.02

2026-09-19T22:50:48.782Z,33.76,69.03

2026-09-19T22:50:53.781Z,33.75,69.01

2026-09-19T22:50:58.795Z,33.74,69.09

2026-09-19T22:51:03.783Z,33.77,69.07

2026-09-19T22:51:08.783Z,33.76,69.09

2026-09-19T22:51:13.784Z,33.78,69.12

2026-09-19T22:51:18.787Z,33.75,69.12

2026-09-19T22:51:23.795Z,33.76,69.13

2026-09-19T22:51:28.809Z,33.77,69.08

2026-09-19T22:51:33.795Z,33.78,69.06

2026-09-19T22:51:38.795Z,33.76,69.05

2026-09-19T22:51:43.794Z,33.79,69.11

2026-09-19T22:51:48.794Z,33.79,68.97

2026-09-19T22:51:53.795Z,33.78,68.97

2026-09-19T22:51:58.808Z,33.79,68.98

2026-09-19T22:52:03.796Z,33.81,68.87

2026-09-19T22:52:08.795Z,33.79,68.83

2026-09-19T22:52:13.795Z,33.79,68.7

2026-09-19T22:52:18.796Z,33.79,68.66

2026-09-19T22:52:23.819Z,33.81,68.72

2026-09-19T22:52:28.830Z,33.8,68.72

2026-09-19T22:52:33.815Z,33.81,68.71

2026-09-19T22:52:38.817Z,33.81,68.75

2026-09-19T22:52:43.816Z,33.82,68.71

2026-09-19T22:52:48.815Z,33.81,68.66

2026-09-19T22:52:53.822Z,33.82,68.57

2026-09-19T22:52:58.831Z,33.8,68.55

2026-09-19T22:53:03.819Z,33.82,68.53

2026-09-19T22:53:08.822Z,33.83,68.5

2026-09-19T22:53:13.821Z,33.8,68.48

2026-09-19T22:53:18.824Z,33.8,68.41

2026-09-19T22:53:23.823Z,33.8,68.45

2026-09-19T22:53:28.836Z,33.79,68.37

2026-09-19T22:53:33.821Z,33.79,68.39

2026-09-19T22:53:38.825Z,33.81,68.46

2026-09-19T22:53:43.822Z,33.8,68.57

2026-09-19T22:53:48.821Z,33.81,68.66

2026-09-19T22:53:53.823Z,33.8,68.65

2026-09-19T22:53:58.835Z,33.79,68.69

2026-09-19T22:54:03.825Z,33.78,68.63

2026-09-19T22:54:08.826Z,33.76,68.73

2026-09-19T22:54:13.824Z,33.77,68.65

2026-09-19T22:54:18.826Z,33.76,68.75

2026-09-19T22:54:23.837Z,33.75,68.74

2026-09-19T22:54:28.852Z,33.78,68.73

2026-09-19T22:54:33.837Z,33.77,68.79

2026-09-19T22:54:38.835Z,33.76,68.76

2026-09-19T22:54:43.838Z,33.77,68.71

2026-09-19T22:54:48.838Z,33.77,68.71

2026-09-19T22:54:53.842Z,33.77,68.64

2026-09-19T22:54:58.853Z,33.76,68.65

2026-09-19T22:55:03.839Z,33.78,68.58

2026-09-19T22:55:08.840Z,33.78,68.69

2026-09-19T22:55:13.843Z,33.76,68.63

2026-09-19T22:55:18.838Z,33.76,68.67

2026-09-19T22:55:23.841Z,33.76,68.75

2026-09-19T22:55:28.856Z,33.76,68.65

2026-09-19T22:55:33.841Z,33.77,68.53

2026-09-19T22:55:38.842Z,33.78,68.53

2026-09-19T22:55:43.842Z,33.78,68.45

2026-09-19T22:55:48.843Z,33.76,68.41

2026-09-19T22:55:53.858Z,33.75,68.48

2026-09-19T22:55:58.864Z,33.74,68.44

2026-09-19T22:56:03.854Z,33.77,68.4

2026-09-19T22:56:08.856Z,33.75,68.45

2026-09-19T22:56:13.858Z,33.74,68.42

2026-09-19T22:56:18.856Z,33.73,68.52

2026-09-19T22:56:23.876Z,33.72,68.57

2026-09-19T22:56:28.887Z,33.72,68.62

2026-09-19T22:56:33.873Z,33.73,68.62

2026-09-19T22:56:38.875Z,33.74,68.71

2026-09-19T22:56:43.874Z,33.75,68.75

2026-09-19T22:56:48.875Z,33.73,68.78

2026-09-19T22:56:53.880Z,33.74,68.78

2026-09-19T22:56:58.896Z,33.72,68.75

2026-09-19T22:57:03.880Z,33.75,68.69

2026-09-19T22:57:08.880Z,33.75,68.71

2026-09-19T22:57:13.879Z,33.74,68.69

2026-09-19T22:57:18.883Z,33.75,68.6

2026-09-19T22:57:23.891Z,33.75,68.62

2026-09-19T22:57:28.899Z,33.75,68.69

2026-09-19T22:57:33.886Z,33.75,68.59

2026-09-19T22:57:38.888Z,33.75,68.56

2026-09-19T22:57:43.888Z,33.77,68.53

2026-09-19T22:57:48.899Z,33.76,68.51

2026-09-19T22:57:53.888Z,33.77,68.47

2026-09-19T22:57:58.887Z,33.78,68.49

2026-09-19T22:58:03.889Z,33.77,68.36

2026-09-19T22:58:08.888Z,33.78,68.47

2026-09-19T22:58:13.888Z,33.79,68.44

2026-09-19T22:58:18.898Z,33.79,68.4

2026-09-19T22:58:23.889Z,33.8,68.4

2026-09-19T22:58:28.890Z,33.77,68.45

2026-09-19T22:58:33.889Z,33.79,68.38

2026-09-19T22:58:38.893Z,33.81,68.33

2026-09-19T22:58:43.902Z,33.82,68.27

2026-09-19T22:58:48.911Z,33.82,68.3

2026-09-19T22:58:53.899Z,33.83,68.26

2026-09-19T22:58:58.903Z,33.83,68.22

2026-09-19T22:59:03.902Z,33.82,68.17

2026-09-19T22:59:08.904Z,33.82,68.11

2026-09-19T22:59:13.910Z,33.83,68.1

2026-09-19T22:59:18.921Z,33.83,68.14

2026-09-19T22:59:23.910Z,33.83,68.13

2026-09-19T22:59:28.910Z,33.83,68.13

2026-09-19T22:59:33.911Z,33.83,68.11

2026-09-19T22:59:38.911Z,33.83,68.12

2026-09-19T22:59:43.910Z,33.85,68.09

2026-09-19T22:59:48.923Z,33.85,68.06

2026-09-19T22:59:53.912Z,33.85,68.07

2026-09-19T22:59:58.913Z,33.84,68.05

2026-09-19T23:00:03.914Z,33.85,68.08

2026-09-19T23:00:08.916Z,33.84,68.09

2026-09-19T23:00:13.918Z,33.86,68.03

2026-09-19T23:00:18.928Z,33.86,67.99

2026-09-19T23:00:23.916Z,33.86,68.04

2026-09-19T23:00:28.916Z,33.86,68.04

2026-09-19T23:00:33.916Z,33.87,68.05

2026-09-19T23:00:38.916Z,33.87,67.95

2026-09-19T23:00:43.920Z,33.88,67.95

2026-09-19T23:00:48.931Z,33.88,68

2026-09-19T23:00:53.917Z,33.88,67.96

2026-09-19T23:00:58.917Z,33.88,67.96

2026-09-19T23:01:03.918Z,33.88,67.99

2026-09-19T23:01:08.920Z,33.89,68

2026-09-19T23:01:13.927Z,33.89,68

2026-09-19T23:01:18.938Z,33.87,67.97

2026-09-19T23:01:23.927Z,33.9,67.96

2026-09-19T23:01:28.926Z,33.88,67.88

2026-09-19T23:01:33.926Z,33.89,67.89

2026-09-19T23:01:38.925Z,33.89,67.89

2026-09-19T23:01:43.944Z,33.91,67.86

2026-09-19T23:01:48.951Z,33.9,67.89

2026-09-19T23:01:53.940Z,33.9,67.92

2026-09-19T23:01:58.941Z,33.9,67.86

2026-09-19T23:02:03.941Z,33.92,67.86

2026-09-19T23:02:08.943Z,33.9,67.92

2026-09-19T23:02:13.949Z,33.91,67.87

2026-09-19T23:02:18.962Z,33.91,67.87

2026-09-19T23:02:23.946Z,33.92,67.84

2026-09-19T23:02:28.947Z,33.92,67.84

2026-09-19T23:02:33.946Z,33.94,67.76

2026-09-19T23:02:38.947Z,33.93,67.76

2026-09-19T23:02:43.952Z,33.94,67.72

2026-09-19T23:02:48.964Z,33.91,67.75

2026-09-19T23:02:53.952Z,33.94,67.68

2026-09-19T23:02:58.951Z,33.93,67.7

2026-09-19T23:03:03.954Z,33.92,67.77

2026-09-19T23:03:08.951Z,33.93,67.74

2026-09-19T23:03:13.957Z,33.92,67.78

2026-09-19T23:03:18.967Z,33.94,67.77

2026-09-19T23:03:23.956Z,33.94,67.83

2026-09-19T23:03:28.956Z,33.93,67.75

2026-09-19T23:03:33.957Z,33.92,67.82

2026-09-19T23:03:38.957Z,33.94,67.76

2026-09-19T23:03:43.972Z,33.93,67.75

2026-09-19T23:03:48.983Z,33.94,67.79

2026-09-19T23:03:53.968Z,33.93,67.75

2026-09-19T23:03:58.969Z,33.96,67.78

2026-09-19T23:04:03.969Z,33.94,67.78

2026-09-19T23:04:08.968Z,33.96,67.79

2026-09-19T23:04:13.980Z,33.95,67.73

2026-09-19T23:04:18.997Z,33.96,67.72

2026-09-19T23:04:23.980Z,33.94,67.63

2026-09-19T23:04:28.982Z,33.96,67.62

2026-09-19T23:04:33.982Z,33.96,67.55

2026-09-19T23:04:38.983Z,33.96,67.62

2026-09-19T23:04:43.987Z,33.98,67.59

2026-09-19T23:04:48.998Z,33.97,67.6

2026-09-19T23:04:53.986Z,33.99,67.56

2026-09-19T23:04:58.987Z,33.96,67.52

2026-09-19T23:05:03.989Z,34,67.54

2026-09-19T23:05:09.002Z,33.99,67.54

2026-09-19T23:05:13.985Z,33.99,67.51

2026-09-19T23:05:18.986Z,34,67.46

2026-09-19T23:05:23.986Z,34.02,67.51

2026-09-19T23:05:28.990Z,34,67.47

2026-09-19T23:05:33.989Z,34,67.34

2026-09-19T23:05:39.004Z,33.99,67.47

2026-09-19T23:05:43.989Z,34.02,67.47

2026-09-19T23:05:48.990Z,34.02,67.48

2026-09-19T23:05:53.988Z,34.02,67.43

2026-09-19T23:05:58.990Z,34.02,67.44

2026-09-19T23:06:04.002Z,34.01,67.39

2026-09-19T23:06:09.019Z,34,67.41

2026-09-19T23:06:14.005Z,34.01,67.41

2026-09-19T23:06:19.002Z,34.01,67.39

2026-09-19T23:06:24.003Z,34.04,67.44

2026-09-19T23:06:29.003Z,34.03,67.42

2026-09-19T23:06:34.013Z,34.03,67.38

2026-09-19T23:06:39.021Z,34.03,67.45

2026-09-19T23:06:44.012Z,34.04,67.37

2026-09-19T23:06:49.012Z,34.03,67.36

2026-09-19T23:06:54.012Z,34.04,67.38

2026-09-19T23:06:59.011Z,34.05,67.35

2026-09-19T23:07:04.018Z,34.02,67.38

2026-09-19T23:07:09.032Z,34.02,67.45

2026-09-19T23:07:14.020Z,34.02,67.39

2026-09-19T23:07:19.020Z,34.02,67.35

2026-09-19T23:07:24.021Z,34.03,67.33

2026-09-19T23:07:29.031Z,34.02,67.39

2026-09-19T23:07:34.020Z,34.03,67.34

2026-09-19T23:07:39.023Z,34.03,67.25

2026-09-19T23:07:44.021Z,34.03,67.31

2026-09-19T23:07:49.021Z,34.06,67.22

2026-09-19T23:07:54.019Z,34.04,67.31

2026-09-19T23:07:59.034Z,34.04,67.3

2026-09-19T23:08:04.021Z,34.05,67.29

2026-09-19T23:08:09.023Z,34.05,67.26

2026-09-19T23:08:14.021Z,34.06,67.27

2026-09-19T23:08:19.022Z,34.05,67.32

2026-09-19T23:08:24.036Z,34.04,67.22

2026-09-19T23:08:29.047Z,34.04,67.27

2026-09-19T23:08:34.034Z,34.05,67.25

2026-09-19T23:08:39.034Z,34.05,67.18

2026-09-19T23:08:44.035Z,34.03,67.34

2026-09-19T23:08:49.036Z,34.04,67.26

2026-09-19T23:08:54.044Z,34.05,67.33

2026-09-19T23:08:59.053Z,34.02,67.35

2026-09-19T23:09:04.042Z,34.02,67.31

2026-09-19T23:09:09.041Z,34,67.27

2026-09-19T23:09:14.042Z,34.01,67.31

2026-09-19T23:09:19.041Z,34.03,67.31

2026-09-19T23:09:24.050Z,34.03,67.28

2026-09-19T23:09:29.062Z,34.01,67.3

2026-09-19T23:09:34.045Z,34.04,67.26

2026-09-19T23:09:39.050Z,34.02,67.23

2026-09-19T23:09:44.051Z,34.02,67.17

2026-09-19T23:09:49.052Z,34.01,67.22

2026-09-19T23:09:54.061Z,34.01,67.28

2026-09-19T23:09:59.071Z,34.03,67.27

2026-09-19T23:10:04.058Z,34.02,67.3

2026-09-19T23:10:09.058Z,34,67.28

2026-09-19T23:10:14.058Z,34.02,67.27

2026-09-19T23:10:19.071Z,34.01,67.3

2026-09-19T23:10:24.060Z,34.01,67.33

2026-09-19T23:10:29.061Z,33.99,67.33

2026-09-19T23:10:34.061Z,33.99,67.34

2026-09-19T23:10:39.061Z,33.98,67.37

2026-09-19T23:10:44.083Z,34,67.4

2026-09-19T23:10:49.094Z,34,67.46

2026-09-19T23:10:54.078Z,33.99,67.4

2026-09-19T23:10:59.081Z,33.98,67.4

2026-09-19T23:11:04.081Z,33.97,67.43

2026-09-19T23:11:09.081Z,34,67.38

2026-09-19T23:11:14.089Z,33.98,67.41

2026-09-19T23:11:19.100Z,33.98,67.45

2026-09-19T23:11:24.087Z,34,67.44

2026-09-19T23:11:29.087Z,34,67.39

2026-09-19T23:11:34.089Z,34,67.4

2026-09-19T23:11:39.089Z,34,67.42

2026-09-19T23:11:44.088Z,33.99,67.41

2026-09-19T23:11:49.103Z,34,67.39

2026-09-19T23:11:54.090Z,34,67.36

2026-09-19T23:11:59.088Z,34.02,67.37

2026-09-19T23:12:04.090Z,34.02,67.34

2026-09-19T23:12:09.091Z,34.02,67.32

2026-09-19T23:12:14.091Z,34.01,67.31

2026-09-19T23:12:19.102Z,34.01,67.32

2026-09-19T23:12:24.089Z,34,67.26

2026-09-19T23:12:29.089Z,34.02,67.29

2026-09-19T23:12:34.089Z,34.01,67.31

2026-09-19T23:12:39.089Z,34.03,67.28

2026-09-19T23:12:44.090Z,34.03,67.22

2026-09-19T23:12:49.102Z,34.04,67.29

2026-09-19T23:12:54.090Z,34.03,67.17

2026-09-19T23:12:59.090Z,34.04,67.2

2026-09-19T23:13:04.091Z,34.03,67.13

2026-09-19T23:13:09.093Z,34.05,67.21

2026-09-19T23:13:14.108Z,34.02,67.19

2026-09-19T23:13:19.122Z,34.05,67.16

2026-09-19T23:13:24.108Z,34.04,67.14

2026-09-19T23:13:29.107Z,34.03,67.14

2026-09-19T23:13:34.107Z,34.05,67.15

2026-09-19T23:13:39.105Z,34.05,67.16

2026-09-19T23:13:44.121Z,34.06,67.17

2026-09-19T23:13:49.134Z,34.05,67.17

2026-09-19T23:13:54.120Z,34.08,67.18

2026-09-19T23:13:59.122Z,34.06,67.11

2026-09-19T23:14:04.121Z,34.08,67.09

2026-09-19T23:14:09.122Z,34.08,67.01

2026-09-19T23:14:14.127Z,34.06,67.06

2026-09-19T23:14:19.141Z,34.07,67.13

2026-09-19T23:14:24.128Z,34.06,67.06

2026-09-19T23:14:29.127Z,34.05,67.1

2026-09-19T23:14:34.127Z,34.07,67.08

2026-09-19T23:14:39.125Z,34.07,67.07

2026-09-19T23:14:44.133Z,34.05,67.1

2026-09-19T23:14:49.147Z,34.06,67.09

2026-09-19T23:14:54.135Z,34.06,67.04

2026-09-19T23:14:59.133Z,34.07,67.1

2026-09-19T23:15:04.132Z,34.06,67.1

2026-09-19T23:15:09.134Z,34.04,67.21

2026-09-19T23:15:14.139Z,34.07,67.2

2026-09-19T23:15:19.146Z,34.05,67.22

2026-09-19T23:15:24.137Z,34.05,67.21

2026-09-19T23:15:29.137Z,34.05,67.21

2026-09-19T23:15:34.137Z,34.04,67.2

2026-09-19T23:15:39.136Z,34.05,67.17

2026-09-19T23:15:44.150Z,34.08,67.23

2026-09-19T23:15:49.158Z,34.07,67.21

2026-09-19T23:15:54.147Z,34.07,67.2

2026-09-19T23:15:59.148Z,34.07,67.14

2026-09-19T23:16:04.148Z,34.08,67.12

2026-09-19T23:16:09.147Z,34.06,67.13

2026-09-19T23:16:14.149Z,34.08,67.12

2026-09-19T23:16:19.161Z,34.08,67.13

2026-09-19T23:16:24.151Z,34.08,67.1

2026-09-19T23:16:29.150Z,34.08,67.06

2026-09-19T23:16:34.149Z,34.08,67.09

2026-09-19T23:16:39.148Z,34.09,67.09

2026-09-19T23:16:44.164Z,34.08,67.07

2026-09-19T23:16:49.176Z,34.06,67

2026-09-19T23:16:54.163Z,34.09,67.02

2026-09-19T23:16:59.166Z,34.09,66.99

2026-09-19T23:17:04.161Z,34.06,66.98

2026-09-19T23:17:09.164Z,34.07,67.06

2026-09-19T23:17:14.172Z,34.06,67.03

2026-09-19T23:17:19.182Z,34.05,67.07

2026-09-19T23:17:24.173Z,34.06,67.07

2026-09-19T23:17:29.172Z,34.06,67.03

2026-09-19T23:17:34.172Z,34.05,67.1

2026-09-19T23:17:39.173Z,34.05,67.11

2026-09-19T23:17:44.180Z,34.07,67.08

2026-09-19T23:17:49.195Z,34.04,67.22

2026-09-19T23:17:54.178Z,34.04,67.23

2026-09-19T23:17:59.179Z,34.05,67.14

2026-09-19T23:18:04.179Z,34.02,67.1

2026-09-19T23:18:09.177Z,34.05,67.14

2026-09-19T23:18:14.189Z,34.02,67.12

2026-09-19T23:18:19.204Z,34.03,67.11

2026-09-19T23:18:24.188Z,34,67.12

2026-09-19T23:18:29.188Z,34,67.17

2026-09-19T23:18:34.190Z,34.02,67.22

2026-09-19T23:18:39.190Z,34.02,67.21

2026-09-19T23:18:44.196Z,34.02,67.27

2026-09-19T23:18:49.209Z,34.01,67.28

2026-09-19T23:18:54.196Z,34,67.29

2026-09-19T23:18:59.196Z,34.01,67.31

2026-09-19T23:19:04.196Z,34.01,67.36

2026-09-19T23:19:09.197Z,34.01,67.35

2026-09-19T23:19:14.199Z,34.02,67.31

2026-09-19T23:19:19.209Z,34,67.3

2026-09-19T23:19:24.198Z,34,67.32

2026-09-19T23:19:29.198Z,34.01,67.28

2026-09-19T23:19:34.198Z,34.01,67.28

2026-09-19T23:19:39.200Z,34.03,67.28

2026-09-19T23:19:44.202Z,34.03,67.26

2026-09-19T23:19:49.215Z,34.02,67.29

2026-09-19T23:19:54.201Z,34.04,67.28

2026-09-19T23:19:59.198Z,34.03,67.34

2026-09-19T23:20:04.200Z,34.03,67.26

2026-09-19T23:20:09.203Z,34.04,67.32

2026-09-19T23:20:14.201Z,34.01,67.28

2026-09-19T23:20:19.216Z,34.02,67.26

2026-09-19T23:20:24.201Z,34.04,67.28

2026-09-19T23:20:29.203Z,34.02,67.33

2026-09-19T23:20:34.202Z,34.02,67.29

2026-09-19T23:20:39.207Z,34.03,67.29

2026-09-19T23:20:44.218Z,34.02,67.26

2026-09-19T23:20:49.224Z,34.03,67.27

2026-09-19T23:20:54.212Z,34.03,67.37

2026-09-19T23:20:59.212Z,34.03,67.32

2026-09-19T23:21:04.210Z,34.04,67.36

2026-09-19T23:21:09.215Z,34.03,67.33

2026-09-19T23:21:14.223Z,34.04,67.3

2026-09-19T23:21:19.237Z,34.03,67.36

2026-09-19T23:21:24.224Z,34.04,67.31

2026-09-19T23:21:29.224Z,34.04,67.38

2026-09-19T23:21:34.224Z,34.04,67.35

2026-09-19T23:21:39.225Z,34.05,67.33

2026-09-19T23:21:44.248Z,34.03,67.31

2026-09-19T23:21:49.264Z,34.03,67.3

2026-09-19T23:21:54.247Z,34.02,67.3

2026-09-19T23:21:59.247Z,34.04,67.31

2026-09-19T23:22:04.247Z,33.99,67.27

2026-09-19T23:22:09.248Z,34.03,67.33

2026-09-19T23:22:14.260Z,34.02,67.32

2026-09-19T23:22:19.273Z,33.98,67.38

2026-09-19T23:22:24.262Z,33.99,67.31

2026-09-19T23:22:29.260Z,34,67.43

2026-09-19T23:22:34.260Z,33.99,67.42

2026-09-19T23:22:39.260Z,34,67.44

2026-09-19T23:22:44.269Z,33.98,67.41

2026-09-19T23:22:49.276Z,33.97,67.47

2026-09-19T23:22:54.267Z,33.97,67.43

2026-09-19T23:22:59.266Z,33.96,67.51

2026-09-19T23:23:04.265Z,33.94,67.51

2026-09-19T23:23:09.265Z,33.94,67.53

2026-09-19T23:23:14.269Z,33.95,67.55

2026-09-19T23:23:19.280Z,33.94,67.58

2026-09-19T23:23:24.267Z,33.91,67.61

2026-09-19T23:23:29.269Z,33.92,67.62

2026-09-19T23:23:34.269Z,33.91,67.67

2026-09-19T23:23:39.268Z,33.92,67.61

2026-09-19T23:23:44.267Z,33.91,67.65

2026-09-19T23:23:49.281Z,33.88,67.72

2026-09-19T23:23:54.268Z,33.9,67.71

2026-09-19T23:23:59.268Z,33.9,67.73

2026-09-19T23:24:04.267Z,33.88,67.76

2026-09-19T23:24:09.268Z,33.87,67.79

2026-09-19T23:24:14.269Z,33.88,67.8

2026-09-19T23:24:19.280Z,33.85,67.9

2026-09-19T23:24:24.267Z,33.86,67.89

2026-09-19T23:24:29.269Z,33.85,67.92

2026-09-19T23:24:34.270Z,33.86,67.81

2026-09-19T23:24:39.274Z,33.84,67.84

2026-09-19T23:24:44.274Z,33.86,67.87

2026-09-19T23:24:49.293Z,33.84,67.85

2026-09-19T23:24:54.272Z,33.83,67.89

2026-09-19T23:24:59.271Z,33.84,67.96

2026-09-19T23:25:04.272Z,33.82,67.92

2026-09-19T23:25:09.273Z,33.82,67.94

2026-09-19T23:25:14.279Z,33.81,67.99

2026-09-19T23:25:19.295Z,33.78,68.14

2026-09-19T23:25:24.278Z,33.79,68

2026-09-19T23:25:29.279Z,33.78,68.07

2026-09-19T23:25:34.280Z,33.78,68.12

2026-09-19T23:25:39.279Z,33.76,68.06

2026-09-19T23:25:44.296Z,33.77,68.16

2026-09-19T23:25:49.307Z,33.77,68.19

2026-09-19T23:25:54.296Z,33.75,68.19

2026-09-19T23:25:59.295Z,33.76,68.23

2026-09-19T23:26:04.294Z,33.74,68.23

2026-09-19T23:26:09.296Z,33.76,68.24

2026-09-19T23:26:14.299Z,33.77,68.21

2026-09-19T23:26:19.307Z,33.76,68.31

2026-09-19T23:26:24.298Z,33.77,68.23

2026-09-19T23:26:29.300Z,33.76,68.26

2026-09-19T23:26:34.298Z,33.78,68.19

2026-09-19T23:26:39.301Z,33.76,68.21

2026-09-19T23:26:44.302Z,33.75,68.24

2026-09-19T23:26:49.314Z,33.75,68.27

2026-09-19T23:26:54.301Z,33.77,68.23

2026-09-19T23:26:59.300Z,33.76,68.24

2026-09-19T23:27:04.300Z,33.78,68.26

2026-09-19T23:27:09.300Z,33.76,68.25

2026-09-19T23:27:14.315Z,33.77,68.21

2026-09-19T23:27:19.327Z,33.77,68.25

2026-09-19T23:27:24.313Z,33.77,68.19

2026-09-19T23:27:29.313Z,33.77,68.19

2026-09-19T23:27:34.316Z,33.78,68.17

2026-09-19T23:27:39.314Z,33.77,68.16

2026-09-19T23:27:44.326Z,33.78,68.16

2026-09-19T23:27:49.340Z,33.79,68.13

2026-09-19T23:27:54.325Z,33.8,68.12

2026-09-19T23:27:59.327Z,33.79,68.15

2026-09-19T23:28:04.328Z,33.79,68.1

2026-09-19T23:28:09.332Z,33.8,68.09

2026-09-19T23:28:14.344Z,33.81,68.13

2026-09-19T23:28:19.360Z,33.81,68.13

2026-09-19T23:28:24.346Z,33.8,68.12

2026-09-19T23:28:29.347Z,33.8,68.09

2026-09-19T23:28:34.345Z,33.81,68.02

2026-09-19T23:28:39.345Z,33.81,67.96

2026-09-19T23:28:44.358Z,33.82,67.93

2026-09-19T23:28:49.367Z,33.81,67.92

2026-09-19T23:28:54.357Z,33.83,67.96

2026-09-19T23:28:59.358Z,33.82,68.01

2026-09-19T23:29:04.358Z,33.83,67.98

2026-09-19T23:29:09.359Z,33.82,67.95

2026-09-19T23:29:14.360Z,33.84,67.94

2026-09-19T23:29:19.371Z,33.83,67.98

2026-09-19T23:29:24.358Z,33.84,67.92

2026-09-19T23:29:29.359Z,33.84,67.85

2026-09-19T23:29:34.357Z,33.84,67.71

2026-09-19T23:29:39.359Z,33.84,67.68

2026-09-19T23:29:44.362Z,33.84,67.68

2026-09-19T23:29:49.375Z,33.84,67.73

2026-09-19T23:29:54.360Z,33.84,67.7

2026-09-19T23:29:59.361Z,33.81,67.6

2026-09-19T23:30:04.360Z,33.82,67.73

2026-09-19T23:30:09.361Z,33.82,67.75

2026-09-19T23:30:14.384Z,33.79,67.85

2026-09-19T23:30:19.397Z,33.79,67.78

2026-09-19T23:30:24.383Z,33.78,67.85

2026-09-19T23:30:29.383Z,33.79,67.87

2026-09-19T23:30:34.383Z,33.79,67.9

2026-09-19T23:30:39.383Z,33.79,67.86

2026-09-19T23:30:44.389Z,33.79,67.8

2026-09-19T23:30:49.400Z,33.77,67.84

2026-09-19T23:30:54.386Z,33.76,67.85

2026-09-19T23:30:59.387Z,33.77,67.83

2026-09-19T23:31:04.387Z,33.76,67.86

2026-09-19T23:31:09.400Z,33.73,67.9

2026-09-19T23:31:14.390Z,33.76,67.89

2026-09-19T23:31:19.390Z,33.75,67.94

2026-09-19T23:31:24.389Z,33.75,67.97

2026-09-19T23:31:29.400Z,33.74,68

2026-09-19T23:31:34.391Z,33.73,67.98

2026-09-19T23:31:39.390Z,33.74,68.03

2026-09-19T23:31:44.391Z,33.75,68.03

2026-09-19T23:31:49.391Z,33.73,68.01

2026-09-19T23:31:54.413Z,33.73,68.05

2026-09-19T23:31:59.415Z,33.74,68.03

2026-09-19T23:32:04.396Z,33.74,67.92

2026-09-19T23:32:09.398Z,33.75,67.89

2026-09-19T23:32:14.398Z,33.75,67.96

2026-09-19T23:32:19.398Z,33.77,67.96

2026-09-19T23:32:24.413Z,33.76,67.88

2026-09-19T23:32:29.422Z,33.75,67.91

2026-09-19T23:32:34.413Z,33.75,67.93

2026-09-19T23:32:39.411Z,33.75,67.89

2026-09-19T23:32:44.409Z,33.79,67.87

2026-09-19T23:32:49.411Z,33.76,67.86

2026-09-19T23:32:54.420Z,33.76,67.79

2026-09-19T23:32:59.429Z,33.77,67.79

2026-09-19T23:33:04.416Z,33.77,67.79

2026-09-19T23:33:09.419Z,33.77,67.73

2026-09-19T23:33:14.420Z,33.77,67.72

2026-09-19T23:33:19.420Z,33.76,67.71

2026-09-19T23:33:24.429Z,33.78,67.72

2026-09-19T23:33:29.439Z,33.76,67.75

2026-09-19T23:33:34.427Z,33.78,67.73

2026-09-19T23:33:39.429Z,33.78,67.72

2026-09-19T23:33:44.428Z,33.78,67.7

2026-09-19T23:33:49.428Z,33.79,67.73

2026-09-19T23:33:54.428Z,33.79,67.77

2026-09-19T23:33:59.439Z,33.77,67.65

2026-09-19T23:34:04.430Z,33.81,67.7

2026-09-19T23:34:09.430Z,33.8,67.64

2026-09-19T23:34:14.430Z,33.8,67.74

2026-09-19T23:34:19.430Z,33.81,67.68

2026-09-19T23:34:24.432Z,33.8,67.66

2026-09-19T23:34:29.445Z,33.81,67.62

2026-09-19T23:34:34.432Z,33.79,67.56

2026-09-19T23:34:39.432Z,33.83,67.61

2026-09-19T23:34:44.433Z,33.82,67.58

2026-09-19T23:34:49.433Z,33.81,67.57

2026-09-19T23:34:54.438Z,33.81,67.55

2026-09-19T23:34:59.450Z,33.81,67.55

2026-09-19T23:35:04.436Z,33.82,67.52

2026-09-19T23:35:09.436Z,33.82,67.52

2026-09-19T23:35:14.437Z,33.83,67.49

2026-09-19T23:35:19.438Z,33.83,67.49

2026-09-19T23:35:24.451Z,33.81,67.59

2026-09-19T23:35:29.457Z,33.84,67.61

2026-09-19T23:35:34.445Z,33.83,67.59

2026-09-19T23:35:39.451Z,33.83,67.51

2026-09-19T23:35:44.449Z,33.83,67.48

2026-09-19T23:35:49.448Z,33.84,67.46

2026-09-19T23:35:54.459Z,33.85,67.42

2026-09-19T23:35:59.468Z,33.84,67.45

2026-09-19T23:36:04.456Z,33.84,67.43

2026-09-19T23:36:09.459Z,33.86,67.42

2026-09-19T23:36:14.457Z,33.84,67.35

2026-09-19T23:36:19.458Z,33.85,67.39

2026-09-19T23:36:24.481Z,33.86,67.38

2026-09-19T23:36:29.489Z,33.88,67.39

2026-09-19T23:36:34.478Z,33.86,67.31

2026-09-19T23:36:39.480Z,33.85,67.32

2026-09-19T23:36:44.478Z,33.87,67.31

2026-09-19T23:36:49.479Z,33.87,67.35

2026-09-19T23:36:54.489Z,33.87,67.28

2026-09-19T23:36:59.502Z,33.88,67.33

2026-09-19T23:37:04.490Z,33.88,67.27

2026-09-19T23:37:09.489Z,33.88,67.25

2026-09-19T23:37:14.489Z,33.9,67.23

2026-09-19T23:37:19.492Z,33.89,67.27

2026-09-19T23:37:24.491Z,33.89,67.2

2026-09-19T23:37:29.506Z,33.9,67.22

2026-09-19T23:37:34.492Z,33.9,67.19

2026-09-19T23:37:39.493Z,33.88,67.18

2026-09-19T23:37:44.492Z,33.91,67.2

2026-09-19T23:37:49.492Z,33.89,67.16

2026-09-19T23:37:54.502Z,33.89,67.15

2026-09-19T23:37:59.511Z,33.91,67.21

2026-09-19T23:38:04.500Z,33.92,67.13

2026-09-19T23:38:09.500Z,33.92,67.07

2026-09-19T23:38:14.501Z,33.92,67.09

2026-09-19T23:38:19.501Z,33.92,67.07

2026-09-19T23:38:24.501Z,33.92,67.01

2026-09-19T23:38:29.510Z,33.93,67.08

2026-09-19T23:38:34.501Z,33.93,67.06

2026-09-19T23:38:39.502Z,33.93,67.05

2026-09-19T23:38:44.502Z,33.93,67.03

2026-09-19T23:38:49.503Z,33.93,67.06

2026-09-19T23:38:54.502Z,33.93,67

2026-09-19T23:38:59.515Z,33.93,67.1

2026-09-19T23:39:04.502Z,33.96,67.05

2026-09-19T23:39:09.503Z,33.95,67.08

2026-09-19T23:39:14.514Z,33.94,67

2026-09-19T23:39:19.527Z,33.93,67.04

2026-09-19T23:39:24.515Z,33.94,66.99

2026-09-19T23:39:29.510Z,33.96,66.97

2026-09-19T23:39:34.530Z,33.94,66.95

2026-09-19T23:39:39.517Z,33.95,66.94

2026-09-19T23:39:44.517Z,33.95,66.91

2026-09-19T23:39:49.518Z,33.95,66.95

2026-09-19T23:39:54.519Z,33.97,66.89

2026-09-19T23:39:59.531Z,33.95,66.9

2026-09-19T23:40:04.518Z,33.96,66.88

2026-09-19T23:40:09.520Z,33.96,66.83

2026-09-19T23:40:14.519Z,33.97,66.8

2026-09-19T23:40:19.521Z,33.98,66.83

2026-09-19T23:40:24.524Z,33.98,66.87

2026-09-19T23:40:29.531Z,33.96,66.87

2026-09-19T23:40:34.520Z,33.98,66.8

2026-09-19T23:40:39.522Z,33.98,66.78

2026-09-19T23:40:44.520Z,34,66.83

2026-09-19T23:40:49.524Z,33.98,66.83

2026-09-19T23:40:54.523Z,34,66.81

2026-09-19T23:40:59.536Z,33.98,66.81

2026-09-19T23:41:04.524Z,33.99,66.8

2026-09-19T23:41:09.522Z,34,66.73

2026-09-19T23:41:14.522Z,34.01,66.74

2026-09-19T23:41:19.522Z,34.01,66.75

2026-09-19T23:41:24.540Z,34.02,66.75

2026-09-19T23:41:29.550Z,34.02,66.71

2026-09-19T23:41:34.539Z,34,66.71

2026-09-19T23:41:39.541Z,34.01,66.67

2026-09-19T23:41:44.540Z,34.02,66.65

2026-09-19T23:41:49.540Z,34.04,66.61

2026-09-19T23:41:54.545Z,34.01,66.59

2026-09-19T23:41:59.557Z,34.01,66.63

2026-09-19T23:42:04.544Z,34.03,66.58

2026-09-19T23:42:09.543Z,34.03,66.54

2026-09-19T23:42:14.543Z,34.03,66.55

2026-09-19T23:42:19.543Z,34.04,66.56

2026-09-19T23:42:24.544Z,34.03,66.59

2026-09-19T23:42:29.555Z,34.04,66.6

2026-09-19T23:42:34.545Z,34.04,66.6

2026-09-19T23:42:39.544Z,34.05,66.56

2026-09-19T23:42:44.544Z,34.06,66.59

2026-09-19T23:42:49.548Z,34.05,66.59

2026-09-19T23:42:54.562Z,34.06,66.61

2026-09-19T23:42:59.574Z,34.05,66.63

2026-09-19T23:43:04.563Z,34.07,66.56

2026-09-19T23:43:09.562Z,34.07,66.53

2026-09-19T23:43:14.563Z,34.06,66.54

2026-09-19T23:43:19.563Z,34.05,66.43

2026-09-19T23:43:24.573Z,34.05,66.48

2026-09-19T23:43:29.582Z,34.05,66.49

2026-09-19T23:43:34.571Z,34.05,66.48

2026-09-19T23:43:39.573Z,34.06,66.43

2026-09-19T23:43:44.571Z,34.06,66.48

2026-09-19T23:43:49.573Z,34.08,66.45

2026-09-19T23:43:54.581Z,34.06,66.43

2026-09-19T23:43:59.594Z,34.07,66.53

2026-09-19T23:44:04.578Z,34.06,66.51

2026-09-19T23:44:09.579Z,34.06,66.49

2026-09-19T23:44:14.580Z,34.06,66.49

2026-09-19T23:44:19.578Z,34.08,66.48

2026-09-19T23:44:24.579Z,34.07,66.43

2026-09-19T23:44:29.594Z,34.07,66.52

2026-09-19T23:44:34.577Z,34.07,66.5

2026-09-19T23:44:39.578Z,34.1,66.47

2026-09-19T23:44:44.580Z,34.09,66.51

2026-09-19T23:44:49.580Z,34.08,66.5

2026-09-19T23:44:54.578Z,34.09,66.41

2026-09-19T23:44:59.592Z,34.07,66.47

2026-09-19T23:45:04.581Z,34.09,66.4

2026-09-19T23:45:09.581Z,34.09,66.38

2026-09-19T23:45:14.579Z,34.09,66.38

2026-09-19T23:45:19.578Z,34.11,66.45

2026-09-19T23:45:24.579Z,34.1,66.38

2026-09-19T23:45:29.593Z,34.09,66.43

2026-09-19T23:45:34.580Z,34.11,66.43

2026-09-19T23:45:39.582Z,34.12,66.41

2026-09-19T23:45:44.582Z,34.11,66.41

2026-09-19T23:45:49.581Z,34.1,66.38

2026-09-19T23:45:54.590Z,34.11,66.35

2026-09-19T23:45:59.603Z,34.11,66.35

2026-09-19T23:46:04.589Z,34.11,66.3

2026-09-19T23:46:09.589Z,34.11,66.3

2026-09-19T23:46:14.588Z,34.12,66.33

2026-09-19T23:46:19.591Z,34.12,66.33

2026-09-19T23:46:24.604Z,34.11,66.31

2026-09-19T23:46:29.617Z,34.1,66.37

2026-09-19T23:46:34.601Z,34.11,66.25

2026-09-19T23:46:39.606Z,34.1,66.36

2026-09-19T23:46:44.602Z,34.11,66.33

2026-09-19T23:46:49.602Z,34.11,66.34

2026-09-19T23:46:54.624Z,34.13,66.34

2026-09-19T23:46:59.635Z,34.11,66.42

2026-09-19T23:47:04.622Z,34.14,66.33

2026-09-19T23:47:09.624Z,34.13,66.37

2026-09-19T23:47:14.625Z,34.11,66.26

2026-09-19T23:47:19.628Z,34.12,66.27

2026-09-19T23:47:24.639Z,34.12,66.29

2026-09-19T23:47:29.647Z,34.11,66.27

2026-09-19T23:47:34.638Z,34.13,66.27

2026-09-19T23:47:39.639Z,34.11,66.22

2026-09-19T23:47:44.638Z,34.12,66.22

2026-09-19T23:47:49.638Z,34.13,66.25

2026-09-19T23:47:54.640Z,34.13,66.2

2026-09-19T23:47:59.650Z,34.11,66.18

2026-09-19T23:48:04.642Z,34.14,66.21

2026-09-19T23:48:09.642Z,34.12,66.18

2026-09-19T23:48:14.642Z,34.11,66.24

2026-09-19T23:48:19.640Z,34.13,66.2

2026-09-19T23:48:24.670Z,34.12,66.29

2026-09-19T23:48:29.662Z,34.13,66.27

2026-09-19T23:48:34.664Z,34.12,66.26

2026-09-19T23:48:39.664Z,34.14,66.28

2026-09-19T23:48:44.663Z,34.1,66.27

2026-09-19T23:48:49.677Z,34.12,66.3

2026-09-19T23:48:54.666Z,34.12,66.26

2026-09-19T23:48:59.665Z,34.11,66.24

2026-09-19T23:49:04.665Z,34.14,66.27

2026-09-19T23:49:09.665Z,34.11,66.35

2026-09-19T23:49:14.667Z,34.12,66.3

2026-09-19T23:49:19.678Z,34.11,66.37

2026-09-19T23:49:24.665Z,34.12,66.31

2026-09-19T23:49:29.668Z,34.11,66.26

2026-09-19T23:49:34.666Z,34.14,66.26

2026-09-19T23:49:39.665Z,34.11,66.23

2026-09-19T23:49:44.665Z,34.13,66.19

2026-09-19T23:49:49.678Z,34.13,66.27

2026-09-19T23:49:54.666Z,34.13,66.2

2026-09-19T23:49:59.678Z,34.13,66.19

2026-09-19T23:50:04.665Z,34.13,66.16

2026-09-19T23:50:09.666Z,34.15,66.25

2026-09-19T23:50:14.668Z,34.13,66.17

2026-09-19T23:50:19.679Z,34.12,66.24

2026-09-19T23:50:24.668Z,34.13,66.21

2026-09-19T23:50:29.668Z,34.14,66.16

2026-09-19T23:50:34.668Z,34.13,66.22

2026-09-19T23:50:39.668Z,34.13,66.18

2026-09-19T23:50:44.670Z,34.13,66.18

2026-09-19T23:50:49.685Z,34.13,66.22

2026-09-19T23:50:54.671Z,34.13,66.2

2026-09-19T23:50:59.671Z,34.15,66.24

2026-09-19T23:51:04.670Z,34.15,66.21

2026-09-19T23:51:09.671Z,34.13,66.22

2026-09-19T23:51:14.675Z,34.15,66.19

2026-09-19T23:51:19.688Z,34.13,66.33

2026-09-19T23:51:24.672Z,34.15,66.29

2026-09-19T23:51:29.675Z,34.15,66.2

2026-09-19T23:51:34.675Z,34.12,66.26

2026-09-19T23:51:39.674Z,34.16,66.23

2026-09-19T23:51:44.688Z,34.15,66.23

2026-09-19T23:51:49.698Z,34.14,66.19

2026-09-19T23:51:54.684Z,34.17,66.2

2026-09-19T23:51:59.685Z,34.17,66.18

2026-09-19T23:52:04.686Z,34.16,66.19

2026-09-19T23:52:09.687Z,34.15,66.19

2026-09-19T23:52:14.691Z,34.14,66.14

2026-09-19T23:52:19.704Z,34.12,66.24

2026-09-19T23:52:24.691Z,34.15,66.15

2026-09-19T23:52:29.688Z,34.15,66.23

2026-09-19T23:52:34.689Z,34.13,66.21

2026-09-19T23:52:39.692Z,34.14,66.17

2026-09-19T23:52:44.698Z,34.14,66.16

2026-09-19T23:52:49.711Z,34.14,66.2

2026-09-19T23:52:54.697Z,34.17,66.15

2026-09-19T23:52:59.697Z,34.14,66.12

2026-09-19T23:53:04.697Z,34.16,66.2

2026-09-19T23:53:09.697Z,34.15,66.15

2026-09-19T23:53:14.709Z,34.15,66.19

2026-09-19T23:53:19.718Z,34.14,66.23

2026-09-19T23:53:24.706Z,34.14,66.18

2026-09-19T23:53:29.707Z,34.14,66.19

2026-09-19T23:53:34.706Z,34.16,66.28

2026-09-19T23:53:39.707Z,34.15,66.23

2026-09-19T23:53:44.709Z,34.15,66.2

2026-09-19T23:53:49.727Z,34.16,66.22

2026-09-19T23:53:54.710Z,34.15,66.21

2026-09-19T23:53:59.709Z,34.13,66.2

2026-09-19T23:54:04.711Z,34.17,66.21

2026-09-19T23:54:09.715Z,34.18,66.24

2026-09-19T23:54:14.719Z,34.15,66.27

2026-09-19T23:54:19.731Z,34.14,66.2

2026-09-19T23:54:24.717Z,34.15,66.25

2026-09-19T23:54:29.719Z,34.15,66.18

2026-09-19T23:54:34.718Z,34.14,66.2

2026-09-19T23:54:39.721Z,34.16,66.23

2026-09-19T23:54:44.737Z,34.14,66.25

2026-09-19T23:54:49.747Z,34.17,66.28

2026-09-19T23:54:54.736Z,34.15,66.25

2026-09-19T23:54:59.737Z,34.16,66.24

2026-09-19T23:55:04.735Z,34.16,66.25

2026-09-19T23:55:09.747Z,34.14,66.28

2026-09-19T23:55:14.737Z,34.14,66.3

2026-09-19T23:55:19.736Z,34.13,66.28

2026-09-19T23:55:24.738Z,34.14,66.22

2026-09-19T23:55:29.736Z,34.15,66.22

2026-09-19T23:55:34.751Z,34.17,66.26

2026-09-19T23:55:39.765Z,34.13,66.24

2026-09-19T23:55:44.748Z,34.15,66.23

2026-09-19T23:55:49.752Z,34.15,66.23

2026-09-19T23:55:54.750Z,34.15,66.18

2026-09-19T23:55:59.750Z,34.13,66.29

2026-09-19T23:56:04.756Z,34.14,66.23

2026-09-19T23:56:09.767Z,34.16,66.28

2026-09-19T23:56:14.754Z,34.14,66.24

2026-09-19T23:56:19.755Z,34.16,66.3

2026-09-19T23:56:24.756Z,34.16,66.25

2026-09-19T23:56:29.757Z,34.16,66.24

2026-09-19T23:56:34.757Z,34.14,66.26

2026-09-19T23:56:39.770Z,34.16,66.38

2026-09-19T23:56:44.754Z,34.15,66.25

2026-09-19T23:56:49.757Z,34.18,66.28

2026-09-19T23:56:54.756Z,34.18,66.23

2026-09-19T23:56:59.757Z,34.16,66.32

2026-09-19T23:57:04.757Z,34.15,66.28

2026-09-19T23:57:09.768Z,34.16,66.31

2026-09-19T23:57:14.757Z,34.16,66.35

2026-09-19T23:57:19.757Z,34.17,66.27

2026-09-19T23:57:24.757Z,34.16,66.33

2026-09-19T23:57:29.758Z,34.15,66.33

2026-09-19T23:57:34.759Z,34.16,66.36

2026-09-19T23:57:39.782Z,34.15,66.37

2026-09-19T23:57:44.758Z,34.15,66.37

2026-09-19T23:57:49.763Z,34.16,66.34

2026-09-19T23:57:54.762Z,34.14,66.34

2026-09-19T23:57:59.764Z,34.14,66.35

2026-09-19T23:58:04.783Z,34.16,66.34

2026-09-19T23:58:09.793Z,34.14,66.42

2026-09-19T23:58:14.783Z,34.16,66.33

2026-09-19T23:58:19.784Z,34.16,66.32

2026-09-19T23:58:24.783Z,34.15,66.31

2026-09-19T23:58:29.783Z,34.16,66.31

2026-09-19T23:58:34.791Z,34.16,66.27

2026-09-19T23:58:39.803Z,34.15,66.4

2026-09-19T23:58:44.791Z,34.16,66.3

2026-09-19T23:58:49.789Z,34.17,66.34

2026-09-19T23:58:54.792Z,34.14,66.35

2026-09-19T23:58:59.791Z,34.15,66.34

2026-09-19T23:59:04.801Z,34.17,66.34

2026-09-19T23:59:09.813Z,34.15,66.33

2026-09-19T23:59:14.801Z,34.18,66.28

2026-09-19T23:59:19.803Z,34.15,66.27

2026-09-19T23:59:24.802Z,34.17,66.27

2026-09-19T23:59:29.801Z,34.15,66.34

2026-09-19T23:59:34.802Z,34.16,66.18

2026-09-19T23:59:39.814Z,34.14,66.35

2026-09-19T23:59:44.801Z,34.18,66.34

2026-09-19T23:59:49.801Z,34.17,66.32

2026-09-19T23:59:54.803Z,34.16,66.31

2026-09-19T23:59:59.803Z,34.17,66.33

2026-09-20T00:00:04.806Z,34.15,66.3

2026-09-20T00:00:09.816Z,34.16,66.33

2026-09-20T00:00:14.805Z,34.15,66.3

2026-09-20T00:00:19.804Z,34.15,66.33

2026-09-20T00:00:24.807Z,34.13,66.24

2026-09-20T00:00:29.807Z,34.15,66.26

2026-09-20T00:00:34.807Z,34.12,66.27

2026-09-20T00:00:39.819Z,34.1,66.31

2026-09-20T00:00:44.807Z,34.11,66.31

2026-09-20T00:00:49.806Z,34.09,66.36

2026-09-20T00:00:54.808Z,34.1,66.39

2026-09-20T00:00:59.806Z,34.08,66.42

2026-09-20T00:01:04.836Z,34.07,66.48

2026-09-20T00:01:09.828Z,34.08,66.5

2026-09-20T00:01:14.829Z,34.06,66.53

2026-09-20T00:01:19.831Z,34.06,66.54

2026-09-20T00:01:24.828Z,34.07,66.55

2026-09-20T00:01:29.836Z,34.06,66.61

2026-09-20T00:01:34.827Z,34.06,66.57

2026-09-20T00:01:39.832Z,34.06,66.62

2026-09-20T00:01:44.831Z,34.05,66.58

2026-09-20T00:01:49.829Z,34.05,66.57

2026-09-20T00:01:54.828Z,34.06,66.53

2026-09-20T00:01:59.841Z,34.04,66.64

2026-09-20T00:02:04.831Z,34.03,66.62

2026-09-20T00:02:09.832Z,34.04,66.62

2026-09-20T00:02:14.831Z,34.03,66.63

2026-09-20T00:02:19.832Z,34.04,66.64

2026-09-20T00:02:24.844Z,34.02,66.7

2026-09-20T00:02:29.855Z,34.02,66.68

2026-09-20T00:02:34.840Z,34.02,66.74

2026-09-20T00:02:39.843Z,34.01,66.64

2026-09-20T00:02:44.843Z,34.02,66.66

2026-09-20T00:02:49.842Z,34.02,66.66

2026-09-20T00:02:54.844Z,34.03,66.66

2026-09-20T00:02:59.856Z,34.02,66.72

2026-09-20T00:03:04.844Z,34.02,66.67

2026-09-20T00:03:09.844Z,34.02,66.63

2026-09-20T00:03:14.844Z,34.04,66.65

2026-09-20T00:03:19.845Z,34.01,66.64

2026-09-20T00:03:24.846Z,34.02,66.62

2026-09-20T00:03:29.857Z,34.03,66.64

2026-09-20T00:03:34.843Z,34.04,66.57

2026-09-20T00:03:39.844Z,34.04,66.53

2026-09-20T00:03:44.844Z,34.03,66.52

2026-09-20T00:03:49.846Z,34.03,66.58

2026-09-20T00:03:54.848Z,34.04,66.66

2026-09-20T00:03:59.861Z,34.03,66.53

2026-09-20T00:04:04.845Z,34.04,66.52

2026-09-20T00:04:09.847Z,34.04,66.52

2026-09-20T00:04:14.846Z,34.06,66.49

2026-09-20T00:04:19.848Z,34.04,66.45

2026-09-20T00:04:24.848Z,34.05,66.47

2026-09-20T00:04:29.860Z,34.04,66.53

2026-09-20T00:04:34.848Z,34.04,66.49

2026-09-20T00:04:39.847Z,34.05,66.49

2026-09-20T00:04:44.847Z,34.05,66.49

2026-09-20T00:04:49.848Z,34.06,66.5

2026-09-20T00:04:54.863Z,34.07,66.49

2026-09-20T00:04:59.874Z,34.06,66.47

2026-09-20T00:05:04.863Z,34.05,66.48

2026-09-20T00:05:09.866Z,34.06,66.49

2026-09-20T00:05:14.866Z,34.06,66.44

2026-09-20T00:05:19.865Z,34.05,66.42

2026-09-20T00:05:24.876Z,34.07,66.35

2026-09-20T00:05:29.889Z,34.06,66.37

2026-09-20T00:05:34.876Z,34.08,66.3

2026-09-20T00:05:39.874Z,34.08,66.21

2026-09-20T00:05:44.874Z,34.08,66.12

2026-09-20T00:05:49.874Z,34.06,66.1

2026-09-20T00:05:54.891Z,34.08,66.07

2026-09-20T00:05:59.904Z,34.05,66.09

2026-09-20T00:06:04.888Z,34.06,66.1

2026-09-20T00:06:09.890Z,34.06,66.08

2026-09-20T00:06:14.888Z,34.05,66.02

2026-09-20T00:06:19.889Z,34.05,66.02

2026-09-20T00:06:24.895Z,34.05,66.05

2026-09-20T00:06:29.908Z,34.03,66.07

2026-09-20T00:06:34.893Z,34.04,66.12

2026-09-20T00:06:39.895Z,34.03,66.15

2026-09-20T00:06:44.896Z,34.01,66.22

2026-09-20T00:06:49.894Z,34.03,66.22

2026-09-20T00:06:54.911Z,34.02,66.24

2026-09-20T00:06:59.920Z,34.01,66.3

2026-09-20T00:07:04.909Z,34.02,66.28

2026-09-20T00:07:09.911Z,34.01,66.32

2026-09-20T00:07:14.911Z,34.02,66.28

2026-09-20T00:07:19.912Z,34,66.35

2026-09-20T00:07:24.914Z,34,66.31

2026-09-20T00:07:29.922Z,34.01,66.25

2026-09-20T00:07:34.915Z,34,66.24

2026-09-20T00:07:39.914Z,33.99,66.31

2026-09-20T00:07:44.915Z,33.99,66.23

2026-09-20T00:07:49.914Z,34.01,66.26

2026-09-20T00:07:54.928Z,33.99,66.29

2026-09-20T00:07:59.934Z,33.98,66.28

2026-09-20T00:08:04.924Z,33.97,66.23

2026-09-20T00:08:09.923Z,33.99,66.3

2026-09-20T00:08:14.922Z,33.99,66.31

2026-09-20T00:08:19.922Z,33.96,66.29

2026-09-20T00:08:24.929Z,33.98,66.34

2026-09-20T00:08:29.940Z,33.98,66.29

2026-09-20T00:08:34.928Z,33.99,66.36

2026-09-20T00:08:39.928Z,33.98,66.37

2026-09-20T00:08:44.932Z,33.96,66.36

2026-09-20T00:08:49.933Z,33.98,66.34

2026-09-20T00:08:54.944Z,33.98,66.37

2026-09-20T00:08:59.955Z,33.95,66.4

2026-09-20T00:09:04.944Z,33.98,66.32

2026-09-20T00:09:09.943Z,33.96,66.39

2026-09-20T00:09:14.941Z,33.97,66.27

2026-09-20T00:09:19.945Z,33.98,66.32

2026-09-20T00:09:24.959Z,33.99,66.36

2026-09-20T00:09:29.969Z,33.99,66.37

2026-09-20T00:09:34.956Z,33.98,66.37

2026-09-20T00:09:39.957Z,33.96,66.38

2026-09-20T00:09:44.958Z,33.98,66.37

2026-09-20T00:09:49.958Z,33.96,66.36

2026-09-20T00:09:54.966Z,33.99,66.43

2026-09-20T00:09:59.979Z,33.96,66.39

2026-09-20T00:10:04.963Z,34,66.4

2026-09-20T00:10:09.965Z,33.97,66.35

2026-09-20T00:10:14.964Z,33.97,66.37

2026-09-20T00:10:19.965Z,33.98,66.39

2026-09-20T00:10:24.969Z,33.98,66.36

2026-09-20T00:10:29.979Z,33.98,66.39

2026-09-20T00:10:34.967Z,33.98,66.3

2026-09-20T00:10:39.968Z,33.97,66.35

2026-09-20T00:10:44.968Z,33.98,66.38

2026-09-20T00:10:49.969Z,33.98,66.38

2026-09-20T00:10:54.975Z,33.98,66.34

2026-09-20T00:10:59.987Z,33.97,66.35

2026-09-20T00:11:04.971Z,33.98,66.35

2026-09-20T00:11:09.972Z,33.96,66.3

2026-09-20T00:11:14.972Z,33.97,66.28

2026-09-20T00:11:19.973Z,33.98,66.32

2026-09-20T00:11:24.975Z,33.98,66.25

2026-09-20T00:11:29.986Z,33.97,66.31

2026-09-20T00:11:34.975Z,33.98,66.35

2026-09-20T00:11:39.975Z,33.98,66.33

2026-09-20T00:11:44.976Z,33.98,66.36

2026-09-20T00:11:49.974Z,33.96,66.35

2026-09-20T00:11:54.983Z,33.96,66.42

2026-09-20T00:11:59.993Z,33.96,66.34

2026-09-20T00:12:04.980Z,33.95,66.36

2026-09-20T00:12:09.980Z,33.98,66.36

2026-09-20T00:12:14.979Z,33.98,66.41

2026-09-20T00:12:19.980Z,33.95,66.35

2026-09-20T00:12:25.003Z,33.96,66.35

2026-09-20T00:12:30.014Z,33.96,66.42

2026-09-20T00:12:35.000Z,33.97,66.42

2026-09-20T00:12:40.005Z,33.97,66.44

2026-09-20T00:12:45.004Z,33.98,66.35

2026-09-20T00:12:50.007Z,33.97,66.44

2026-09-20T00:12:55.012Z,33.97,66.39

2026-09-20T00:13:00.015Z,33.96,66.42

2026-09-20T00:13:05.007Z,33.98,66.38

2026-09-20T00:13:10.008Z,33.96,66.28

2026-09-20T00:13:15.007Z,33.97,66.38

2026-09-20T00:13:20.009Z,33.99,66.41

2026-09-20T00:13:25.023Z,33.96,66.38

2026-09-20T00:13:30.031Z,33.98,66.46

2026-09-20T00:13:35.020Z,33.99,66.43

2026-09-20T00:13:40.022Z,33.95,66.39

2026-09-20T00:13:45.022Z,33.96,66.45

2026-09-20T00:13:50.020Z,33.97,66.42

2026-09-20T00:13:55.034Z,33.97,66.46

2026-09-20T00:14:00.042Z,33.96,66.45

2026-09-20T00:14:05.031Z,33.97,66.37

2026-09-20T00:14:10.032Z,33.96,66.45

2026-09-20T00:14:15.031Z,33.97,66.43

2026-09-20T00:14:20.034Z,33.97,66.41

2026-09-20T00:14:25.035Z,33.97,66.42

2026-09-20T00:14:30.048Z,33.97,66.51

2026-09-20T00:14:35.036Z,33.96,66.53

2026-09-20T00:14:40.035Z,33.97,66.45

2026-09-20T00:14:45.034Z,33.96,66.42

2026-09-20T00:14:50.036Z,33.99,66.46

2026-09-20T00:14:55.036Z,34,66.44

2026-09-20T00:15:00.046Z,33.98,66.41

2026-09-20T00:15:05.035Z,33.98,66.38

2026-09-20T00:15:10.037Z,33.98,66.43

2026-09-20T00:15:15.037Z,33.96,66.49

2026-09-20T00:15:20.038Z,33.98,66.44

2026-09-20T00:15:25.040Z,33.98,66.43

2026-09-20T00:15:30.049Z,33.98,66.41

2026-09-20T00:15:35.037Z,34,66.42

2026-09-20T00:15:40.038Z,34,66.42

2026-09-20T00:15:45.039Z,34,66.42

2026-09-20T00:15:50.039Z,34.01,66.39

2026-09-20T00:15:55.038Z,34.01,66.36

2026-09-20T00:16:00.053Z,34,66.44

2026-09-20T00:16:05.039Z,34.01,66.42

2026-09-20T00:16:10.041Z,33.99,66.34

2026-09-20T00:16:15.040Z,33.98,66.42

2026-09-20T00:16:20.045Z,33.99,66.4

2026-09-20T00:16:25.054Z,33.98,66.44

2026-09-20T00:16:30.064Z,34,66.48

2026-09-20T00:16:35.051Z,33.99,66.42

2026-09-20T00:16:40.055Z,33.99,66.39

2026-09-20T00:16:45.050Z,33.99,66.4

2026-09-20T00:16:50.051Z,33.99,66.36

2026-09-20T00:16:55.053Z,33.99,66.39

2026-09-20T00:17:00.067Z,34,66.46

2026-09-20T00:17:05.052Z,33.99,66.42

2026-09-20T00:17:10.053Z,33.99,66.45

2026-09-20T00:17:15.053Z,33.99,66.38

2026-09-20T00:17:20.053Z,33.99,66.36

2026-09-20T00:17:25.062Z,34.01,66.36

2026-09-20T00:17:30.076Z,33.99,66.43

2026-09-20T00:17:35.062Z,34,66.35

2026-09-20T00:17:40.063Z,34,66.41

2026-09-20T00:17:45.064Z,34.02,66.41

2026-09-20T00:17:50.065Z,34.01,66.42

2026-09-20T00:17:55.083Z,34.01,66.39

2026-09-20T00:18:00.095Z,33.99,66.39

2026-09-20T00:18:05.079Z,34,66.38

2026-09-20T00:18:10.080Z,34,66.39

2026-09-20T00:18:15.079Z,34.01,66.35

2026-09-20T00:18:20.078Z,34,66.42

2026-09-20T00:18:25.090Z,34.01,66.43

2026-09-20T00:18:30.100Z,34.01,66.41

2026-09-20T00:18:35.090Z,33.99,66.39

2026-09-20T00:18:40.089Z,34,66.39

2026-09-20T00:18:45.090Z,34.01,66.4

2026-09-20T00:18:50.089Z,34,66.37

2026-09-20T00:18:55.094Z,34.02,66.35

2026-09-20T00:19:00.102Z,34.03,66.42

2026-09-20T00:19:05.094Z,34.02,66.38

2026-09-20T00:19:10.094Z,34.01,66.38

2026-09-20T00:19:15.094Z,34.01,66.31

2026-09-20T00:19:20.094Z,34.01,66.35

2026-09-20T00:19:25.096Z,34.03,66.4

2026-09-20T00:19:30.109Z,34.01,66.4

2026-09-20T00:19:35.095Z,34.02,66.36

2026-09-20T00:19:40.097Z,34,66.32

2026-09-20T00:19:45.096Z,34.02,66.32

2026-09-20T00:19:50.097Z,34,66.31

2026-09-20T00:19:55.111Z,34,66.35

2026-09-20T00:20:00.121Z,34.01,66.35

2026-09-20T00:20:05.107Z,34.01,66.37

2026-09-20T00:20:10.109Z,34.01,66.36

2026-09-20T00:20:15.110Z,34.01,66.42

2026-09-20T00:20:20.110Z,34.02,66.4

2026-09-20T00:20:25.121Z,34.02,66.41

2026-09-20T00:20:30.130Z,34.01,66.47

2026-09-20T00:20:35.119Z,34.01,66.45

2026-09-20T00:20:40.120Z,34.02,66.42

2026-09-20T00:20:45.119Z,34.01,66.44

2026-09-20T00:20:50.122Z,34.02,66.46

2026-09-20T00:20:55.126Z,34.02,66.4

2026-09-20T00:21:00.138Z,34,66.45

2026-09-20T00:21:05.124Z,34.02,66.37

2026-09-20T00:21:10.126Z,34.02,66.39

2026-09-20T00:21:15.125Z,34,66.33

2026-09-20T00:21:20.126Z,34.01,66.37

2026-09-20T00:21:25.136Z,34,66.34

2026-09-20T00:21:30.143Z,34,66.38

2026-09-20T00:21:35.132Z,34.01,66.36

2026-09-20T00:21:40.129Z,34.02,66.36

2026-09-20T00:21:45.130Z,34.01,66.39

2026-09-20T00:21:50.133Z,34.01,66.32

2026-09-20T00:21:55.134Z,34,66.39

2026-09-20T00:22:00.145Z,34,66.34

2026-09-20T00:22:05.134Z,34,66.42

2026-09-20T00:22:10.135Z,33.97,66.39

2026-09-20T00:22:15.134Z,33.97,66.43

2026-09-20T00:22:20.134Z,33.98,66.44

2026-09-20T00:22:25.134Z,33.98,66.46

2026-09-20T00:22:30.146Z,33.99,66.46

2026-09-20T00:22:35.135Z,33.99,66.46

2026-09-20T00:22:40.135Z,33.98,66.46

2026-09-20T00:22:45.136Z,33.98,66.49

2026-09-20T00:22:50.136Z,33.98,66.4

2026-09-20T00:22:55.136Z,33.97,66.49

2026-09-20T00:23:00.151Z,33.97,66.51

2026-09-20T00:23:05.134Z,33.96,66.51

2026-09-20T00:23:10.135Z,33.97,66.58

2026-09-20T00:23:15.134Z,33.95,66.58

2026-09-20T00:23:20.136Z,33.97,66.53

2026-09-20T00:23:25.148Z,33.97,66.57

2026-09-20T00:23:30.159Z,33.97,66.62

2026-09-20T00:23:35.146Z,33.98,66.55

2026-09-20T00:23:40.148Z,33.96,66.52

2026-09-20T00:23:45.148Z,33.98,66.53

2026-09-20T00:23:50.171Z,33.98,66.61

2026-09-20T00:23:55.156Z,33.98,66.48

2026-09-20T00:24:00.175Z,33.96,66.56

2026-09-20T00:24:05.156Z,33.99,66.52

2026-09-20T00:24:10.156Z,33.99,66.54

2026-09-20T00:24:15.154Z,33.99,66.48

2026-09-20T00:24:20.156Z,33.98,66.46

2026-09-20T00:24:25.173Z,33.97,66.47

2026-09-20T00:24:30.186Z,33.99,66.47

2026-09-20T00:24:35.171Z,33.99,66.51

2026-09-20T00:24:40.171Z,33.99,66.54

2026-09-20T00:24:45.173Z,33.98,66.48

2026-09-20T00:24:50.171Z,34,66.48

2026-09-20T00:24:55.186Z,34,66.46

2026-09-20T00:25:00.200Z,34,66.5

2026-09-20T00:25:05.186Z,34.01,66.48

2026-09-20T00:25:10.187Z,34.02,66.39

2026-09-20T00:25:15.185Z,34.03,66.42

2026-09-20T00:25:20.185Z,34.01,66.41

2026-09-20T00:25:25.198Z,34,66.4

2026-09-20T00:25:30.212Z,34.01,66.44

2026-09-20T00:25:35.197Z,34.02,66.42

2026-09-20T00:25:40.199Z,34.02,66.43

2026-09-20T00:25:45.196Z,34.03,66.42

2026-09-20T00:25:50.199Z,34.01,66.38

2026-09-20T00:25:55.211Z,34.01,66.42

2026-09-20T00:26:00.224Z,34.02,66.43

2026-09-20T00:26:05.211Z,34.04,66.41

2026-09-20T00:26:10.212Z,34.02,66.42

2026-09-20T00:26:15.214Z,34.02,66.36

2026-09-20T00:26:20.213Z,34.02,66.42

2026-09-20T00:26:25.211Z,34.04,66.38

2026-09-20T00:26:30.223Z,34.03,66.43

2026-09-20T00:26:35.212Z,34.03,66.36

2026-09-20T00:26:40.212Z,34.01,66.37

2026-09-20T00:26:45.212Z,34.03,66.41

2026-09-20T00:26:50.214Z,34.03,66.39

2026-09-20T00:26:55.213Z,34.02,66.41

2026-09-20T00:27:00.226Z,34.04,66.43

2026-09-20T00:27:05.216Z,34.05,66.36

2026-09-20T00:27:10.215Z,34.04,66.35

2026-09-20T00:27:15.215Z,34.05,66.3

2026-09-20T00:27:20.215Z,34.02,66.34

2026-09-20T00:27:25.216Z,34.05,66.37

2026-09-20T00:27:30.230Z,34.03,66.39

2026-09-20T00:27:35.218Z,34.05,66.33

2026-09-20T00:27:40.218Z,34.05,66.33

2026-09-20T00:27:45.224Z,34.06,66.36

2026-09-20T00:27:50.233Z,34.05,66.38

2026-09-20T00:27:55.224Z,34.06,66.33

2026-09-20T00:28:00.224Z,34.05,66.37

2026-09-20T00:28:05.224Z,34.05,66.33

2026-09-20T00:28:10.223Z,34.04,66.37

2026-09-20T00:28:15.225Z,34.03,66.32

2026-09-20T00:28:20.236Z,34.03,66.39

2026-09-20T00:28:25.226Z,34.04,66.43

2026-09-20T00:28:30.225Z,34.06,66.41

2026-09-20T00:28:35.224Z,34.06,66.36

2026-09-20T00:28:40.226Z,34.05,66.36

2026-09-20T00:28:45.233Z,34.04,66.41

2026-09-20T00:28:50.245Z,34.05,66.34

2026-09-20T00:28:55.234Z,34.04,66.33

2026-09-20T00:29:00.232Z,34.05,66.31

2026-09-20T00:29:05.232Z,34.04,66.38

2026-09-20T00:29:10.234Z,34.07,66.31

2026-09-20T00:29:15.240Z,34.06,66.36

2026-09-20T00:29:20.250Z,34.05,66.39

2026-09-20T00:29:25.236Z,34.04,66.41

2026-09-20T00:29:30.237Z,34.02,66.39

2026-09-20T00:29:35.235Z,34.05,66.43

2026-09-20T00:29:40.236Z,34.03,66.4

2026-09-20T00:29:45.249Z,34.05,66.46

2026-09-20T00:29:50.260Z,34.04,66.42

2026-09-20T00:29:55.248Z,34.04,66.44

2026-09-20T00:30:00.249Z,34.04,66.35

2026-09-20T00:30:05.248Z,34.04,66.4

2026-09-20T00:30:10.250Z,34.06,66.36

2026-09-20T00:30:15.255Z,34.05,66.37

2026-09-20T00:30:20.266Z,34.02,66.39

2026-09-20T00:30:25.252Z,34.03,66.42

2026-09-20T00:30:30.253Z,34.02,66.33

2026-09-20T00:30:35.252Z,34.04,66.44

2026-09-20T00:30:40.253Z,34.03,66.42

2026-09-20T00:30:45.255Z,34.03,66.46

2026-09-20T00:30:50.263Z,34.01,66.51

2026-09-20T00:30:55.256Z,34.02,66.49

2026-09-20T00:31:00.255Z,34.02,66.48

2026-09-20T00:31:05.254Z,34.01,66.49

2026-09-20T00:31:10.254Z,34,66.46

2026-09-20T00:31:15.270Z,33.99,66.55

2026-09-20T00:31:20.285Z,33.99,66.55

2026-09-20T00:31:25.266Z,34.01,66.52

2026-09-20T00:31:30.268Z,34.01,66.55

2026-09-20T00:31:35.266Z,34.01,66.58

2026-09-20T00:31:40.267Z,34,66.5

2026-09-20T00:31:45.279Z,34,66.55

2026-09-20T00:31:50.294Z,34,66.67

2026-09-20T00:31:55.277Z,34,66.63

2026-09-20T00:32:00.279Z,33.99,66.66

2026-09-20T00:32:05.278Z,34,66.64

2026-09-20T00:32:10.279Z,34,66.66

2026-09-20T00:32:15.293Z,34,66.63

2026-09-20T00:32:20.304Z,34,66.63

2026-09-20T00:32:25.292Z,34.01,66.68

2026-09-20T00:32:30.292Z,34,66.71

2026-09-20T00:32:35.291Z,34.02,66.68

2026-09-20T00:32:40.293Z,34,66.68

2026-09-20T00:32:45.301Z,34,66.72

2026-09-20T00:32:50.315Z,34.01,66.72

2026-09-20T00:32:55.300Z,34.02,66.61

2026-09-20T00:33:00.302Z,34.02,66.6

2026-09-20T00:33:05.302Z,34,66.65

2026-09-20T00:33:10.303Z,34.01,66.64

2026-09-20T00:33:15.308Z,33.99,66.63

2026-09-20T00:33:20.316Z,34.01,66.63

2026-09-20T00:33:25.307Z,34,66.61

2026-09-20T00:33:30.308Z,34.03,66.63

2026-09-20T00:33:35.309Z,34.01,66.6

2026-09-20T00:33:40.308Z,34,66.58

2026-09-20T00:33:45.319Z,34.02,66.66

2026-09-20T00:33:50.328Z,34.01,66.63

2026-09-20T00:33:55.317Z,34,66.65

2026-09-20T00:34:00.318Z,34.03,66.65

2026-09-20T00:34:05.316Z,34.01,66.67

2026-09-20T00:34:10.314Z,34.02,66.63

2026-09-20T00:34:15.322Z,34.01,66.68

2026-09-20T00:34:20.333Z,34.02,66.63

2026-09-20T00:34:25.322Z,34.01,66.69

2026-09-20T00:34:30.323Z,34.02,66.61

2026-09-20T00:34:35.324Z,34.03,66.72

2026-09-20T00:34:40.338Z,34.02,66.76

2026-09-20T00:34:45.323Z,34,66.65

2026-09-20T00:34:50.324Z,34,66.66

2026-09-20T00:34:55.325Z,34.02,66.67

2026-09-20T00:35:00.326Z,34.01,66.64

2026-09-20T00:35:05.342Z,34.02,66.65

2026-09-20T00:35:10.356Z,34,66.67

2026-09-20T00:35:15.343Z,34.03,66.66

2026-09-20T00:35:20.341Z,34.04,66.64

2026-09-20T00:35:25.341Z,34.01,66.63

2026-09-20T00:35:30.339Z,34.01,66.68

2026-09-20T00:35:35.346Z,34.02,66.56

2026-09-20T00:35:40.357Z,34.01,66.63

2026-09-20T00:35:45.347Z,34.01,66.59

2026-09-20T00:35:50.346Z,34,66.67

2026-09-20T00:35:55.345Z,34.01,66.62

2026-09-20T00:36:00.348Z,34.02,66.69

2026-09-20T00:36:05.347Z,34.01,66.58

2026-09-20T00:36:10.359Z,34.01,66.67

2026-09-20T00:36:15.348Z,34.02,66.66

2026-09-20T00:36:20.348Z,34.01,66.67

2026-09-20T00:36:25.350Z,34.01,66.63

2026-09-20T00:36:30.351Z,34,66.67

2026-09-20T00:36:35.360Z,34.02,66.67

2026-09-20T00:36:40.374Z,33.98,66.67

2026-09-20T00:36:45.360Z,34.02,66.67

2026-09-20T00:36:50.362Z,34.02,66.66

2026-09-20T00:36:55.361Z,34.01,66.66

2026-09-20T00:37:00.362Z,34,66.67

2026-09-20T00:37:05.361Z,34,66.72

2026-09-20T00:37:10.374Z,34,66.73

2026-09-20T00:37:15.362Z,34.01,66.65

2026-09-20T00:37:20.364Z,34,66.69

2026-09-20T00:37:25.363Z,34,66.67

2026-09-20T00:37:30.374Z,34.01,66.77

2026-09-20T00:37:35.363Z,34,66.7

2026-09-20T00:37:40.362Z,33.98,66.69

2026-09-20T00:37:45.363Z,34,66.67

2026-09-20T00:37:50.365Z,34.01,66.65

2026-09-20T00:37:55.364Z,34,66.73

2026-09-20T00:38:00.379Z,34.01,66.78

2026-09-20T00:38:05.366Z,34,66.75

2026-09-20T00:38:10.369Z,34,66.82

2026-09-20T00:38:15.365Z,33.98,66.74

2026-09-20T00:38:20.369Z,33.98,66.76

2026-09-20T00:38:25.380Z,33.99,66.66

2026-09-20T00:38:30.386Z,33.98,66.79

2026-09-20T00:38:35.375Z,33.98,66.77

2026-09-20T00:38:40.376Z,33.98,66.79

2026-09-20T00:38:45.375Z,33.99,66.69

2026-09-20T00:38:50.377Z,33.99,66.73

2026-09-20T00:38:55.396Z,34,66.76

2026-09-20T00:39:00.407Z,33.98,66.78

2026-09-20T00:39:05.395Z,33.99,66.75

2026-09-20T00:39:10.394Z,33.98,66.69

2026-09-20T00:39:15.395Z,34.02,66.72

2026-09-20T00:39:20.397Z,34,66.71

2026-09-20T00:39:25.408Z,33.99,66.78

2026-09-20T00:39:30.420Z,34,66.81

2026-09-20T00:39:35.406Z,34,66.81

2026-09-20T00:39:40.407Z,33.99,66.73

2026-09-20T00:39:45.408Z,34.02,66.85

2026-09-20T00:39:50.408Z,34.01,66.77

2026-09-20T00:39:55.416Z,34,66.8

2026-09-20T00:40:00.426Z,34,66.77

2026-09-20T00:40:05.415Z,34,66.76

2026-09-20T00:40:10.416Z,34.01,66.76

2026-09-20T00:40:15.416Z,34,66.83

2026-09-20T00:40:20.417Z,34,66.77

2026-09-20T00:40:25.421Z,34,66.73

2026-09-20T00:40:30.431Z,34.01,66.76

2026-09-20T00:40:35.419Z,34,66.79

2026-09-20T00:40:40.420Z,34.01,66.75

2026-09-20T00:40:45.420Z,34.01,66.77

2026-09-20T00:40:50.420Z,34.01,66.79

2026-09-20T00:40:55.420Z,34.02,66.74

2026-09-20T00:41:00.436Z,34.01,66.82

2026-09-20T00:41:05.420Z,34,66.8

2026-09-20T00:41:10.421Z,34.02,66.81

2026-09-20T00:41:15.420Z,34,66.69

2026-09-20T00:41:20.420Z,34.01,66.58

2026-09-20T00:41:25.421Z,34.01,66.54

2026-09-20T00:41:30.432Z,33.98,66.64

2026-09-20T00:41:35.419Z,34,66.67

2026-09-20T00:41:40.419Z,33.99,66.71

2026-09-20T00:41:45.418Z,33.99,66.79

2026-09-20T00:41:50.421Z,33.99,66.79

2026-09-20T00:41:55.437Z,33.97,66.8

2026-09-20T00:42:00.449Z,33.98,66.82

2026-09-20T00:42:05.436Z,33.98,66.74

2026-09-20T00:42:10.436Z,33.98,66.81

2026-09-20T00:42:15.438Z,33.96,66.73

2026-09-20T00:42:20.437Z,33.96,66.74

2026-09-20T00:42:25.449Z,33.97,66.74

2026-09-20T00:42:30.456Z,33.97,66.78

2026-09-20T00:42:35.448Z,33.96,66.76

2026-09-20T00:42:40.449Z,33.96,66.85

2026-09-20T00:42:45.449Z,33.94,66.84

2026-09-20T00:42:50.449Z,33.97,66.81

2026-09-20T00:42:55.461Z,33.96,66.8

2026-09-20T00:43:00.472Z,33.94,66.88

2026-09-20T00:43:05.460Z,33.97,66.85

2026-09-20T00:43:10.462Z,33.96,66.82

2026-09-20T00:43:15.461Z,33.96,66.86

2026-09-20T00:43:20.461Z,33.97,66.86

2026-09-20T00:43:25.470Z,33.96,66.86

2026-09-20T00:43:30.477Z,33.95,66.87

2026-09-20T00:43:35.468Z,33.95,66.88

2026-09-20T00:43:40.467Z,33.95,66.92

2026-09-20T00:43:45.466Z,33.95,66.9

2026-09-20T00:43:50.468Z,33.96,66.98

2026-09-20T00:43:55.480Z,33.94,67

2026-09-20T00:44:00.489Z,33.95,67.05

2026-09-20T00:44:05.478Z,33.97,66.93

2026-09-20T00:44:10.478Z,33.96,66.94

2026-09-20T00:44:15.476Z,33.96,66.92

2026-09-20T00:44:20.477Z,33.95,66.99

2026-09-20T00:44:25.479Z,33.97,66.91

2026-09-20T00:44:30.488Z,33.98,66.97

2026-09-20T00:44:35.477Z,33.99,66.92

2026-09-20T00:44:40.477Z,33.98,66.91

2026-09-20T00:44:45.476Z,33.99,66.93

2026-09-20T00:44:50.478Z,33.98,66.91

2026-09-20T00:44:55.483Z,33.98,66.87

2026-09-20T00:45:00.492Z,33.97,66.93

2026-09-20T00:45:05.480Z,33.97,66.94

2026-09-20T00:45:10.481Z,33.98,66.91

2026-09-20T00:45:15.481Z,34,66.93

2026-09-20T00:45:20.481Z,33.99,66.97

2026-09-20T00:45:25.482Z,34.01,66.88

2026-09-20T00:45:30.494Z,33.99,66.9

2026-09-20T00:45:35.484Z,34.01,66.88

2026-09-20T00:45:40.483Z,33.99,66.93

2026-09-20T00:45:45.483Z,33.99,66.88

2026-09-20T00:45:50.497Z,33.99,66.95

2026-09-20T00:45:55.484Z,34,66.93

2026-09-20T00:46:00.486Z,34.01,66.87

2026-09-20T00:46:05.489Z,34.01,66.94

2026-09-20T00:46:10.486Z,34.01,66.9

2026-09-20T00:46:15.486Z,34.02,66.93

2026-09-20T00:46:20.500Z,34.02,67

2026-09-20T00:46:25.486Z,34.01,66.93

2026-09-20T00:46:30.489Z,34.01,66.97

2026-09-20T00:46:35.489Z,34,67

2026-09-20T00:46:40.488Z,34,66.95

2026-09-20T00:46:45.491Z,34.01,66.9

2026-09-20T00:46:50.505Z,34,66.96

2026-09-20T00:46:55.489Z,34.01,66.98

2026-09-20T00:47:00.490Z,34.04,67

2026-09-20T00:47:05.490Z,34.02,67

2026-09-20T00:47:10.490Z,34.01,66.99

2026-09-20T00:47:15.506Z,34.01,66.97

2026-09-20T00:47:20.512Z,34.01,67.1

2026-09-20T00:47:25.501Z,34.03,66.95

2026-09-20T00:47:30.502Z,34,66.95

2026-09-20T00:47:35.503Z,34.03,67

2026-09-20T00:47:40.504Z,34.02,67.01

2026-09-20T00:47:45.510Z,34.02,67.06

2026-09-20T00:47:50.524Z,34,67.1

2026-09-20T00:47:55.510Z,33.99,67.07

2026-09-20T00:48:00.509Z,34,67.13

2026-09-20T00:48:05.510Z,33.99,67.08

2026-09-20T00:48:10.511Z,33.98,67.12

2026-09-20T00:48:15.526Z,33.98,67.14

2026-09-20T00:48:20.537Z,33.95,67.16

2026-09-20T00:48:25.523Z,33.94,67.19

2026-09-20T00:48:30.522Z,33.96,67.23

2026-09-20T00:48:35.524Z,33.94,67.13

2026-09-20T00:48:40.525Z,33.94,67.18

2026-09-20T00:48:45.530Z,33.95,67.22

2026-09-20T00:48:50.542Z,33.93,67.27

2026-09-20T00:48:55.528Z,33.95,67.22

2026-09-20T00:49:00.529Z,33.94,67.25

2026-09-20T00:49:05.529Z,33.94,67.25

2026-09-20T00:49:10.529Z,33.94,67.23

2026-09-20T00:49:15.544Z,33.93,67.32

2026-09-20T00:49:20.557Z,33.94,67.38

2026-09-20T00:49:25.543Z,33.93,67.37

2026-09-20T00:49:30.543Z,33.93,67.43

2026-09-20T00:49:35.544Z,33.91,67.39

2026-09-20T00:49:40.544Z,33.93,67.33

2026-09-20T00:49:45.557Z,33.92,67.36

2026-09-20T00:49:50.575Z,33.94,67.38

2026-09-20T00:49:55.553Z,33.93,67.36

2026-09-20T00:50:00.552Z,33.93,67.39

2026-09-20T00:50:05.553Z,33.93,67.35

2026-09-20T00:50:10.556Z,33.92,67.34

2026-09-20T00:50:15.561Z,33.93,67.37

2026-09-20T00:50:20.577Z,33.93,67.33

2026-09-20T00:50:25.560Z,33.94,67.36

2026-09-20T00:50:30.561Z,33.94,67.38

2026-09-20T00:50:35.559Z,33.93,67.41

2026-09-20T00:50:40.573Z,33.91,67.48

2026-09-20T00:50:45.561Z,33.91,67.39

2026-09-20T00:50:50.562Z,33.92,67.41

2026-09-20T00:50:55.563Z,33.91,67.35

2026-09-20T00:51:00.563Z,33.91,67.49

2026-09-20T00:51:05.585Z,33.9,67.47

2026-09-20T00:51:10.593Z,33.87,67.45

2026-09-20T00:51:15.581Z,33.88,67.48

2026-09-20T00:51:20.581Z,33.89,67.51

2026-09-20T00:51:25.581Z,33.9,67.48

2026-09-20T00:51:30.582Z,33.88,67.5

2026-09-20T00:51:35.584Z,33.87,67.57

2026-09-20T00:51:40.593Z,33.87,67.55

2026-09-20T00:51:45.584Z,33.86,67.51

2026-09-20T00:51:50.584Z,33.87,67.55

2026-09-20T00:51:55.585Z,33.86,67.54

2026-09-20T00:52:00.586Z,33.86,67.59

2026-09-20T00:52:05.584Z,33.87,67.62

2026-09-20T00:52:10.595Z,33.86,67.62

2026-09-20T00:52:15.586Z,33.86,67.61

2026-09-20T00:52:20.587Z,33.87,67.67

2026-09-20T00:52:25.587Z,33.87,67.63

2026-09-20T00:52:30.587Z,33.85,67.69

2026-09-20T00:52:35.589Z,33.85,67.69

2026-09-20T00:52:40.605Z,33.86,67.72

2026-09-20T00:52:45.589Z,33.87,67.65

2026-09-20T00:52:50.589Z,33.86,67.65

2026-09-20T00:52:55.590Z,33.85,67.68

2026-09-20T00:53:00.590Z,33.85,67.71

2026-09-20T00:53:05.599Z,33.85,67.74

2026-09-20T00:53:10.607Z,33.86,67.73

2026-09-20T00:53:15.593Z,33.86,67.71

2026-09-20T00:53:20.599Z,33.85,67.81

2026-09-20T00:53:25.595Z,33.85,67.85

2026-09-20T00:53:30.595Z,33.85,67.8

2026-09-20T00:53:35.610Z,33.87,67.85

2026-09-20T00:53:40.621Z,33.83,67.78

2026-09-20T00:53:45.609Z,33.86,67.79

2026-09-20T00:53:50.609Z,33.85,67.79

2026-09-20T00:53:55.610Z,33.84,67.77

2026-09-20T00:54:00.610Z,33.84,67.74

2026-09-20T00:54:05.620Z,33.85,67.73

2026-09-20T00:54:10.630Z,33.85,67.72

2026-09-20T00:54:15.620Z,33.84,67.71

2026-09-20T00:54:20.621Z,33.85,67.68

2026-09-20T00:54:25.620Z,33.85,67.76

2026-09-20T00:54:30.622Z,33.86,67.7

2026-09-20T00:54:35.622Z,33.85,67.75

2026-09-20T00:54:40.638Z,33.87,67.74

2026-09-20T00:54:45.621Z,33.85,67.72

2026-09-20T00:54:50.622Z,33.86,67.71

2026-09-20T00:54:55.620Z,33.88,67.8

2026-09-20T00:55:00.621Z,33.85,67.91

2026-09-20T00:55:05.628Z,33.84,67.86

2026-09-20T00:55:10.639Z,33.86,67.81

2026-09-20T00:55:15.627Z,33.85,67.79

2026-09-20T00:55:20.626Z,33.86,67.76

2026-09-20T00:55:25.628Z,33.87,67.77

2026-09-20T00:55:30.626Z,33.86,67.82

2026-09-20T00:55:35.643Z,33.88,67.77

2026-09-20T00:55:40.647Z,33.86,67.78

2026-09-20T00:55:45.639Z,33.84,67.74

2026-09-20T00:55:50.640Z,33.85,67.75

2026-09-20T00:55:55.642Z,33.85,67.8

2026-09-20T00:56:00.651Z,33.83,67.84

2026-09-20T00:56:05.640Z,33.83,67.77

2026-09-20T00:56:10.642Z,33.85,67.76

2026-09-20T00:56:15.642Z,33.88,67.78

2026-09-20T00:56:20.652Z,33.87,67.78

2026-09-20T00:56:25.641Z,33.85,67.7

2026-09-20T00:56:30.643Z,33.86,67.73

2026-09-20T00:56:35.643Z,33.85,67.69

2026-09-20T00:56:40.643Z,33.87,67.67

2026-09-20T00:56:45.643Z,33.85,67.75

2026-09-20T00:56:50.654Z,33.84,67.81

2026-09-20T00:56:55.644Z,33.87,67.76

2026-09-20T00:57:00.642Z,33.87,67.8

2026-09-20T00:57:05.644Z,33.87,67.82

2026-09-20T00:57:10.645Z,33.87,67.76

2026-09-20T00:57:15.645Z,33.86,67.78

2026-09-20T00:57:20.658Z,33.86,67.82

2026-09-20T00:57:25.648Z,33.88,67.9

2026-09-20T00:57:30.650Z,33.87,67.9

2026-09-20T00:57:35.648Z,33.86,67.98

2026-09-20T00:57:40.662Z,33.88,68.02

2026-09-20T00:57:45.646Z,33.88,67.95

2026-09-20T00:57:50.649Z,33.88,67.94

2026-09-20T00:57:55.648Z,33.88,67.88

2026-09-20T00:58:00.649Z,33.86,68.03

2026-09-20T00:58:05.657Z,33.9,68.16

2026-09-20T00:58:10.673Z,33.9,68.14

2026-09-20T00:58:15.657Z,33.89,68.08

2026-09-20T00:58:20.659Z,33.87,68.06

2026-09-20T00:58:25.659Z,33.89,67.99

2026-09-20T00:58:30.659Z,33.87,67.92

2026-09-20T00:58:35.684Z,33.89,67.91

2026-09-20T00:58:40.698Z,33.87,68.06

2026-09-20T00:58:45.682Z,33.86,68.12

2026-09-20T00:58:50.684Z,33.88,68.21

2026-09-20T00:58:55.683Z,33.88,68.23

2026-09-20T00:59:00.685Z,33.86,68.21

2026-09-20T00:59:05.690Z,33.86,68.14

2026-09-20T00:59:10.706Z,33.86,68.18

2026-09-20T00:59:15.690Z,33.87,68.15

2026-09-20T00:59:20.691Z,33.86,68.16

2026-09-20T00:59:25.689Z,33.85,68.18

2026-09-20T00:59:30.689Z,33.88,68.15

2026-09-20T00:59:35.689Z,33.86,68.37

2026-09-20T00:59:40.701Z,33.87,68.67

2026-09-20T00:59:45.689Z,33.87,68.73

2026-09-20T00:59:50.691Z,33.86,68.76

2026-09-20T00:59:55.690Z,33.86,68.76

2026-09-20T01:00:00.690Z,33.85,68.76

2026-09-20T01:00:05.696Z,33.86,68.62

2026-09-20T01:00:10.707Z,33.86,68.6

2026-09-20T01:00:15.696Z,33.85,68.55

2026-09-20T01:00:20.695Z,33.84,68.62

2026-09-20T01:00:25.694Z,33.82,68.66

2026-09-20T01:00:30.696Z,33.83,68.74

2026-09-20T01:00:35.712Z,33.84,68.84

2026-09-20T01:00:40.732Z,33.82,68.87

2026-09-20T01:00:45.715Z,33.83,68.86

2026-09-20T01:00:50.713Z,33.84,68.85

2026-09-20T01:00:55.711Z,33.82,68.81

2026-09-20T01:01:00.710Z,33.85,68.84

2026-09-20T01:01:05.724Z,33.83,68.77

2026-09-20T01:01:10.738Z,33.83,68.78

2026-09-20T01:01:15.727Z,33.83,68.73

2026-09-20T01:01:20.724Z,33.84,68.63

2026-09-20T01:01:25.725Z,33.85,68.6

2026-09-20T01:01:30.723Z,33.83,68.91

2026-09-20T01:01:35.730Z,33.83,69.06

2026-09-20T01:01:40.741Z,33.82,69.36

2026-09-20T01:01:45.730Z,33.84,69.52

2026-09-20T01:01:50.731Z,33.82,69.64

2026-09-20T01:01:55.734Z,33.82,69.8

2026-09-20T01:02:00.732Z,33.82,69.91

2026-09-20T01:02:05.740Z,33.82,70.19

2026-09-20T01:02:10.749Z,33.83,70.27

2026-09-20T01:02:15.740Z,33.82,69.9

2026-09-20T01:02:20.740Z,33.81,69.72

2026-09-20T01:02:25.737Z,33.83,69.57

2026-09-20T01:02:30.737Z,33.82,69.54

2026-09-20T01:02:35.747Z,33.82,69.5

2026-09-20T01:02:40.760Z,33.81,69.53

2026-09-20T01:02:45.744Z,33.81,69.39

2026-09-20T01:02:50.744Z,33.81,69.27

2026-09-20T01:02:55.746Z,33.8,69.24

2026-09-20T01:03:00.747Z,33.81,69.11

2026-09-20T01:03:05.752Z,33.82,69.17

2026-09-20T01:03:10.762Z,33.82,69.12

2026-09-20T01:03:15.749Z,33.8,69.07

2026-09-20T01:03:20.750Z,33.81,68.99

2026-09-20T01:03:25.749Z,33.81,69

2026-09-20T01:03:30.749Z,33.81,68.96

2026-09-20T01:03:35.754Z,33.8,68.91

2026-09-20T01:03:40.766Z,33.79,68.87

2026-09-20T01:03:45.755Z,33.81,68.89

2026-09-20T01:03:50.755Z,33.8,68.95

2026-09-20T01:03:55.755Z,33.8,69.12

2026-09-20T01:04:00.754Z,33.78,69.15

2026-09-20T01:04:05.766Z,33.78,69.22

2026-09-20T01:04:10.780Z,33.76,69.3

2026-09-20T01:04:15.769Z,33.79,69.32

2026-09-20T01:04:20.768Z,33.78,69.45

2026-09-20T01:04:25.769Z,33.77,69.51

2026-09-20T01:04:30.770Z,33.77,69.56

2026-09-20T01:04:35.782Z,33.75,69.58

2026-09-20T01:04:40.795Z,33.76,69.57

2026-09-20T01:04:45.780Z,33.75,69.6

2026-09-20T01:04:50.780Z,33.74,69.6

2026-09-20T01:04:55.781Z,33.73,69.59

2026-09-20T01:05:00.782Z,33.74,69.62

2026-09-20T01:05:05.786Z,33.73,69.61

2026-09-20T01:05:10.799Z,33.72,69.63

2026-09-20T01:05:15.783Z,33.71,69.59

2026-09-20T01:05:20.785Z,33.71,69.68

2026-09-20T01:05:25.788Z,33.7,69.7

2026-09-20T01:05:30.785Z,33.69,69.6

2026-09-20T01:05:35.789Z,33.72,69.65

2026-09-20T01:05:40.801Z,33.68,69.66

2026-09-20T01:05:45.792Z,33.68,69.74

2026-09-20T01:05:50.789Z,33.7,69.82

2026-09-20T01:05:55.790Z,33.66,69.8

2026-09-20T01:06:00.789Z,33.65,69.81

2026-09-20T01:06:05.798Z,33.66,69.85

2026-09-20T01:06:10.810Z,33.64,69.97

2026-09-20T01:06:15.797Z,33.64,69.91

2026-09-20T01:06:20.797Z,33.65,69.99

2026-09-20T01:06:25.798Z,33.63,70.02

2026-09-20T01:06:30.797Z,33.64,70.02

2026-09-20T01:06:35.806Z,33.62,70.11

2026-09-20T01:06:40.817Z,33.63,70.14

2026-09-20T01:06:45.802Z,33.62,70.06

2026-09-20T01:06:50.804Z,33.64,70.07

2026-09-20T01:06:55.804Z,33.61,70.09

2026-09-20T01:07:00.804Z,33.6,70.13

2026-09-20T01:07:05.805Z,33.6,70.08

2026-09-20T01:07:10.815Z,33.61,70.15

2026-09-20T01:07:15.807Z,33.59,70.2

2026-09-20T01:07:20.807Z,33.59,70.12

2026-09-20T01:07:25.805Z,33.59,70.16

2026-09-20T01:07:30.807Z,33.59,70.13

2026-09-20T01:07:35.813Z,33.6,70.22

2026-09-20T01:07:40.827Z,33.61,70.16

2026-09-20T01:07:45.811Z,33.59,70.12

2026-09-20T01:07:50.815Z,33.57,70.15

2026-09-20T01:07:55.815Z,33.58,70.17

2026-09-20T01:08:00.813Z,33.56,70.18

2026-09-20T01:08:05.833Z,33.55,70.22

2026-09-20T01:08:10.844Z,33.54,70.24

2026-09-20T01:08:15.835Z,33.55,70.12

2026-09-20T01:08:20.830Z,33.55,70.16

2026-09-20T01:08:25.830Z,33.54,70.13

2026-09-20T01:08:30.832Z,33.53,70.13

2026-09-20T01:08:35.842Z,33.56,70.12

2026-09-20T01:08:40.851Z,33.54,70.08

2026-09-20T01:08:45.841Z,33.55,70.11

2026-09-20T01:08:50.840Z,33.52,70.06

2026-09-20T01:08:55.838Z,33.53,70.06

2026-09-20T01:09:00.840Z,33.52,70.07

2026-09-20T01:09:05.855Z,33.52,70.1

2026-09-20T01:09:10.851Z,33.49,70.09

2026-09-20T01:09:15.849Z,33.51,70.09

2026-09-20T01:09:20.865Z,33.5,70.16

2026-09-20T01:09:25.851Z,33.51,70.13

2026-09-20T01:09:30.852Z,33.48,70.13

2026-09-20T01:09:35.852Z,33.51,70.15

2026-09-20T01:09:40.852Z,33.49,70.15

2026-09-20T01:09:45.853Z,33.51,70.11

2026-09-20T01:09:50.864Z,33.49,70.2

2026-09-20T01:09:55.850Z,33.5,70.15

2026-09-20T01:10:00.849Z,33.5,70.16

2026-09-20T01:10:05.850Z,33.48,70.21

2026-09-20T01:10:10.850Z,33.49,70.24

2026-09-20T01:10:15.851Z,33.49,70.25

2026-09-20T01:10:20.862Z,33.49,70.27

2026-09-20T01:10:25.851Z,33.49,70.17

2026-09-20T01:10:30.850Z,33.5,70.22

2026-09-20T01:10:35.852Z,33.5,70.15

2026-09-20T01:10:40.851Z,33.48,70.18

2026-09-20T01:10:45.862Z,33.48,70.25

2026-09-20T01:10:50.871Z,33.48,70.17

2026-09-20T01:10:55.859Z,33.47,70.17

2026-09-20T01:11:00.861Z,33.47,70.16

2026-09-20T01:11:05.861Z,33.45,70.2

2026-09-20T01:11:10.861Z,33.46,70.19

2026-09-20T01:11:15.866Z,33.46,70.23

2026-09-20T01:11:20.877Z,33.46,70.24

2026-09-20T01:11:25.864Z,33.46,70.23

2026-09-20T01:11:30.867Z,33.44,70.2

2026-09-20T01:11:35.864Z,33.46,70.17

2026-09-20T01:11:40.865Z,33.45,70.19

2026-09-20T01:11:45.877Z,33.47,70.2

2026-09-20T01:11:50.884Z,33.44,70.28

2026-09-20T01:11:55.875Z,33.44,70.24

2026-09-20T01:12:00.873Z,33.43,70.2

2026-09-20T01:12:05.873Z,33.45,70.21

2026-09-20T01:12:10.876Z,33.43,70.19

2026-09-20T01:12:15.876Z,33.45,70.23

2026-09-20T01:12:20.890Z,33.45,70.25

2026-09-20T01:12:25.878Z,33.44,70.28

2026-09-20T01:12:30.877Z,33.43,70.26

2026-09-20T01:12:35.878Z,33.43,70.3

2026-09-20T01:12:40.878Z,33.41,70.22

2026-09-20T01:12:45.893Z,33.42,70.2

2026-09-20T01:12:50.905Z,33.44,70.28

2026-09-20T01:12:55.891Z,33.43,70.21

2026-09-20T01:13:00.892Z,33.43,70.26

2026-09-20T01:13:05.891Z,33.43,70.26

2026-09-20T01:13:10.891Z,33.41,70.25

2026-09-20T01:13:15.911Z,33.42,70.23

2026-09-20T01:13:20.921Z,33.42,70.29

2026-09-20T01:13:25.907Z,33.42,70.28

2026-09-20T01:13:30.908Z,33.41,70.21

2026-09-20T01:13:35.909Z,33.41,70.17

2026-09-20T01:13:40.907Z,33.41,70.22

2026-09-20T01:13:45.912Z,33.38,70.17

2026-09-20T01:13:50.923Z,33.4,70.19

2026-09-20T01:13:55.910Z,33.4,70.17

2026-09-20T01:14:00.909Z,33.39,70.17

2026-09-20T01:14:05.910Z,33.38,70.21

2026-09-20T01:14:10.926Z,33.39,70.25

2026-09-20T01:14:15.910Z,33.39,70.2

2026-09-20T01:14:20.912Z,33.37,70.18

2026-09-20T01:14:25.912Z,33.41,70.16

2026-09-20T01:14:30.914Z,33.38,70.18

2026-09-20T01:14:35.915Z,33.38,70.12

2026-09-20T01:14:40.925Z,33.38,70.19

2026-09-20T01:14:45.912Z,33.39,70.17

2026-09-20T01:14:50.914Z,33.39,70.09

2026-09-20T01:14:55.915Z,33.39,70.05

2026-09-20T01:15:00.916Z,33.38,69.98

2026-09-20T01:15:05.937Z,33.39,70.01

2026-09-20T01:15:10.947Z,33.38,69.99

2026-09-20T01:15:15.939Z,33.39,69.97

2026-09-20T01:15:20.940Z,33.38,69.96

2026-09-20T01:15:25.939Z,33.39,69.95

2026-09-20T01:15:30.936Z,33.38,70.01

2026-09-20T01:15:35.942Z,33.38,69.96

2026-09-20T01:15:40.955Z,33.37,70.1

2026-09-20T01:15:45.940Z,33.39,70.04

2026-09-20T01:15:50.942Z,33.37,69.98

2026-09-20T01:15:55.940Z,33.38,70.04

2026-09-20T01:16:00.952Z,33.36,70.08

2026-09-20T01:16:05.942Z,33.35,70.08

2026-09-20T01:16:10.942Z,33.37,70.03

2026-09-20T01:16:15.942Z,33.39,70.05

2026-09-20T01:16:20.942Z,33.39,70.02

2026-09-20T01:16:25.960Z,33.38,70.08

2026-09-20T01:16:30.970Z,33.39,70.07

2026-09-20T01:16:35.959Z,33.39,70.03

2026-09-20T01:16:40.959Z,33.37,69.96

2026-09-20T01:16:45.959Z,33.37,70.03

2026-09-20T01:16:50.959Z,33.39,69.97

2026-09-20T01:16:55.964Z,33.4,69.98

2026-09-20T01:17:00.974Z,33.4,69.95

2026-09-20T01:17:05.964Z,33.38,69.97

2026-09-20T01:17:10.964Z,33.4,69.91

2026-09-20T01:17:15.965Z,33.39,69.95

2026-09-20T01:17:20.966Z,33.41,69.88

2026-09-20T01:17:25.962Z,33.39,69.85

2026-09-20T01:17:30.973Z,33.4,69.84

2026-09-20T01:17:35.966Z,33.41,69.85

2026-09-20T01:17:40.968Z,33.41,69.83

2026-09-20T01:17:45.967Z,33.4,69.8

2026-09-20T01:17:50.967Z,33.39,69.79

2026-09-20T01:17:55.967Z,33.39,69.87

2026-09-20T01:18:00.980Z,33.39,69.87

2026-09-20T01:18:05.967Z,33.39,69.83

2026-09-20T01:18:10.966Z,33.39,69.85

2026-09-20T01:18:15.965Z,33.38,69.85

2026-09-20T01:18:20.966Z,33.37,69.83

2026-09-20T01:18:25.972Z,33.38,69.77

2026-09-20T01:18:30.982Z,33.37,69.77

2026-09-20T01:18:35.973Z,33.37,69.74

2026-09-20T01:18:40.973Z,33.36,69.76

2026-09-20T01:18:45.973Z,33.35,69.84

2026-09-20T01:18:50.972Z,33.35,69.81

2026-09-20T01:18:55.991Z,33.34,69.82

2026-09-20T01:19:00.997Z,33.35,69.87

2026-09-20T01:19:05.986Z,33.34,69.88

2026-09-20T01:19:10.992Z,33.34,69.91

2026-09-20T01:19:15.987Z,33.34,69.95

2026-09-20T01:19:20.988Z,33.34,69.96

2026-09-20T01:19:25.998Z,33.35,69.97

2026-09-20T01:19:31.013Z,33.33,70.1

2026-09-20T01:19:35.998Z,33.33,70.01

2026-09-20T01:19:40.997Z,33.34,70.01

2026-09-20T01:19:45.997Z,33.34,70.09

2026-09-20T01:19:50.998Z,33.34,69.98

2026-09-20T01:19:56.005Z,33.34,69.95

2026-09-20T01:20:01.019Z,33.34,69.93

2026-09-20T01:20:06.004Z,33.35,69.86

2026-09-20T01:20:11.005Z,33.36,69.87

2026-09-20T01:20:16.005Z,33.35,69.89

2026-09-20T01:20:21.005Z,33.38,69.88

2026-09-20T01:20:26.021Z,33.36,69.91

2026-09-20T01:20:31.029Z,33.35,69.89

2026-09-20T01:20:36.020Z,33.35,69.86

2026-09-20T01:20:41.020Z,33.33,69.82

2026-09-20T01:20:46.020Z,33.34,69.82

2026-09-20T01:20:51.020Z,33.33,69.82

2026-09-20T01:20:56.026Z,33.34,69.81

2026-09-20T01:21:01.040Z,33.31,69.83

2026-09-20T01:21:06.022Z,33.32,69.86

2026-09-20T01:21:11.023Z,33.31,69.86

2026-09-20T01:21:16.022Z,33.31,69.88

2026-09-20T01:21:21.021Z,33.28,69.86

2026-09-20T01:21:26.030Z,33.32,69.87

2026-09-20T01:21:31.041Z,33.3,69.9

2026-09-20T01:21:36.028Z,33.3,69.86

2026-09-20T01:21:41.029Z,33.3,69.92

2026-09-20T01:21:46.029Z,33.27,69.86

2026-09-20T01:21:51.027Z,33.3,69.9

2026-09-20T01:21:56.028Z,33.28,69.92

2026-09-20T01:22:01.040Z,33.28,70.05

2026-09-20T01:22:06.030Z,33.28,70

2026-09-20T01:22:11.042Z,33.28,70.03

2026-09-20T01:22:16.030Z,33.29,70.03

2026-09-20T01:22:21.031Z,33.26,70.04

2026-09-20T01:22:26.032Z,33.28,69.98

2026-09-20T01:22:31.036Z,33.26,70.04

2026-09-20T01:22:36.033Z,33.27,70.01

2026-09-20T01:22:41.049Z,33.24,70.14

2026-09-20T01:22:46.039Z,33.26,69.99

2026-09-20T01:22:51.036Z,33.25,70.01

2026-09-20T01:22:56.037Z,33.25,69.99

2026-09-20T01:23:01.048Z,33.24,70.1

2026-09-20T01:23:06.038Z,33.21,70.09

2026-09-20T01:23:11.040Z,33.2,70.1

2026-09-20T01:23:16.038Z,33.23,70.1

2026-09-20T01:23:21.037Z,33.21,70.08

2026-09-20T01:23:26.040Z,33.22,70.06

2026-09-20T01:23:31.053Z,33.21,70.22

2026-09-20T01:23:36.039Z,33.22,70.15

2026-09-20T01:23:41.040Z,33.2,70.14

2026-09-20T01:23:46.041Z,33.21,70.16

2026-09-20T01:23:51.042Z,33.21,70.15

2026-09-20T01:23:56.055Z,33.18,70.17

2026-09-20T01:24:01.064Z,33.19,70.17

2026-09-20T01:24:06.054Z,33.2,70.18

2026-09-20T01:24:11.054Z,33.19,70.2

2026-09-20T01:24:16.055Z,33.16,70.09

2026-09-20T01:24:21.056Z,33.17,70.1

2026-09-20T01:24:26.069Z,33.19,70.19

2026-09-20T01:24:31.085Z,33.18,70.28

2026-09-20T01:24:36.068Z,33.16,70.23

2026-09-20T01:24:41.068Z,33.18,70.21

2026-09-20T01:24:46.069Z,33.16,70.2

2026-09-20T01:24:51.070Z,33.18,70.21

2026-09-20T01:24:56.075Z,33.16,70.21

2026-09-20T01:25:01.089Z,33.15,70.22

2026-09-20T01:25:06.074Z,33.15,70.17

2026-09-20T01:25:11.075Z,33.16,70.16

2026-09-20T01:25:16.074Z,33.17,70.21

2026-09-20T01:25:21.074Z,33.15,70.28

2026-09-20T01:25:26.085Z,33.17,70.29

2026-09-20T01:25:31.100Z,33.14,70.31

2026-09-20T01:25:36.083Z,33.15,70.26

2026-09-20T01:25:41.083Z,33.14,70.24

2026-09-20T01:25:46.082Z,33.15,70.26

2026-09-20T01:25:51.083Z,33.17,70.21

2026-09-20T01:25:56.112Z,33.15,70.17

2026-09-20T01:26:01.124Z,33.15,70.27

2026-09-20T01:26:06.109Z,33.16,70.14

2026-09-20T01:26:11.112Z,33.13,70.19

2026-09-20T01:26:16.110Z,33.14,70.18

2026-09-20T01:26:21.109Z,33.13,70.18

2026-09-20T01:26:26.114Z,33.11,70.24

2026-09-20T01:26:31.124Z,33.1,70.3

2026-09-20T01:26:36.112Z,33.11,70.18

2026-09-20T01:26:41.116Z,33.12,70.27

2026-09-20T01:26:46.112Z,33.11,70.26

2026-09-20T01:26:51.113Z,33.13,70.27

2026-09-20T01:26:56.112Z,33.11,70.33

2026-09-20T01:27:01.124Z,33.08,70.33

2026-09-20T01:27:06.113Z,33.1,70.24

2026-09-20T01:27:11.113Z,33.09,70.36

2026-09-20T01:27:16.114Z,33.09,70.31

2026-09-20T01:27:21.116Z,33.09,70.35

2026-09-20T01:27:26.123Z,33.12,70.36

2026-09-20T01:27:31.130Z,33.12,70.43

2026-09-20T01:27:36.120Z,33.09,70.36

2026-09-20T01:27:41.120Z,33.09,70.33

2026-09-20T01:27:46.120Z,33.1,70.37

2026-09-20T01:27:51.121Z,33.12,70.4

2026-09-20T01:27:56.125Z,33.12,70.41

2026-09-20T01:28:01.136Z,33.11,70.42

2026-09-20T01:28:06.123Z,33.12,70.4

2026-09-20T01:28:11.123Z,33.11,70.38

2026-09-20T01:28:16.121Z,33.12,70.42

2026-09-20T01:28:21.125Z,33.11,70.42

2026-09-20T01:28:26.132Z,33.13,70.36

2026-09-20T01:28:31.143Z,33.1,70.39

2026-09-20T01:28:36.131Z,33.11,70.34

2026-09-20T01:28:41.133Z,33.13,70.32

2026-09-20T01:28:46.130Z,33.1,70.33

2026-09-20T01:28:51.131Z,33.13,70.35

2026-09-20T01:28:56.133Z,33.1,70.37

2026-09-20T01:29:01.144Z,33.1,70.42

2026-09-20T01:29:06.132Z,33.11,70.36

2026-09-20T01:29:11.133Z,33.12,70.4

2026-09-20T01:29:16.132Z,33.11,70.41

2026-09-20T01:29:21.133Z,33.11,70.33

2026-09-20T01:29:26.131Z,33.12,70.31

2026-09-20T01:29:31.144Z,33.12,70.41

2026-09-20T01:29:36.134Z,33.12,70.36

2026-09-20T01:29:41.134Z,33.11,70.38

2026-09-20T01:29:46.134Z,33.12,70.39

2026-09-20T01:29:51.138Z,33.12,70.38

2026-09-20T01:29:56.142Z,33.13,70.39

2026-09-20T01:30:01.157Z,33.1,70.42

2026-09-20T01:30:06.140Z,33.13,70.43

2026-09-20T01:30:11.142Z,33.15,70.46

2026-09-20T01:30:16.142Z,33.12,70.32

2026-09-20T01:30:21.142Z,33.14,70.41

2026-09-20T01:30:26.167Z,33.12,70.39

2026-09-20T01:30:31.173Z,33.14,70.45

2026-09-20T01:30:36.159Z,33.17,70.34

2026-09-20T01:30:41.161Z,33.16,70.39

2026-09-20T01:30:46.162Z,33.17,70.38

2026-09-20T01:30:51.162Z,33.15,70.33

2026-09-20T01:30:56.168Z,33.19,70.33

2026-09-20T01:31:01.181Z,33.17,70.3

2026-09-20T01:31:06.169Z,33.2,70.22

2026-09-20T01:31:11.170Z,33.2,70.27

2026-09-20T01:31:16.168Z,33.19,70.18

2026-09-20T01:31:21.169Z,33.2,70.18

2026-09-20T01:31:26.169Z,33.2,70.22

2026-09-20T01:31:31.180Z,33.2,70.26

2026-09-20T01:31:36.171Z,33.2,70.19

2026-09-20T01:31:41.170Z,33.2,70.23

2026-09-20T01:31:46.172Z,33.19,70.12

2026-09-20T01:31:51.172Z,33.22,70.22

2026-09-20T01:31:56.174Z,33.21,70.16

2026-09-20T01:32:01.187Z,33.2,70.2

2026-09-20T01:32:06.173Z,33.21,70.15

2026-09-20T01:32:11.174Z,33.21,70.19

2026-09-20T01:32:16.172Z,33.19,70.14

2026-09-20T01:32:21.175Z,33.21,70.15

2026-09-20T01:32:26.190Z,33.21,70.17

2026-09-20T01:32:31.205Z,33.19,70.19

2026-09-20T01:32:36.188Z,33.22,70.12

2026-09-20T01:32:41.189Z,33.21,70.12

2026-09-20T01:32:46.189Z,33.22,70.13

2026-09-20T01:32:51.190Z,33.22,70.18

2026-09-20T01:32:56.194Z,33.22,70.15

2026-09-20T01:33:01.204Z,33.21,70.14

2026-09-20T01:33:06.192Z,33.22,70.15

2026-09-20T01:33:11.190Z,33.23,70.13

2026-09-20T01:33:16.190Z,33.22,70.13

2026-09-20T01:33:21.192Z,33.22,70.16

2026-09-20T01:33:26.190Z,33.24,70.14

2026-09-20T01:33:31.203Z,33.25,70.16

2026-09-20T01:33:36.191Z,33.24,70.13

2026-09-20T01:33:41.193Z,33.23,70.14

2026-09-20T01:33:46.196Z,33.24,70.15

2026-09-20T01:33:51.193Z,33.27,70.13

2026-09-20T01:33:56.198Z,33.26,70.1

2026-09-20T01:34:01.222Z,33.26,70.08

2026-09-20T01:34:06.196Z,33.25,70.07

2026-09-20T01:34:11.198Z,33.28,70.13

2026-09-20T01:34:16.196Z,33.28,70.04

2026-09-20T01:34:21.199Z,33.28,70.03

2026-09-20T01:34:26.218Z,33.29,70.07

2026-09-20T01:34:31.232Z,33.3,70.04

2026-09-20T01:34:36.216Z,33.3,70.07

2026-09-20T01:34:41.217Z,33.31,69.93

2026-09-20T01:34:46.219Z,33.31,69.91

2026-09-20T01:34:51.216Z,33.32,69.95

2026-09-20T01:34:56.235Z,33.32,69.97

2026-09-20T01:35:01.244Z,33.32,69.91

2026-09-20T01:35:06.233Z,33.32,69.9

2026-09-20T01:35:11.234Z,33.33,69.85

2026-09-20T01:35:16.234Z,33.33,69.87

2026-09-20T01:35:21.234Z,33.34,69.81

2026-09-20T01:35:26.248Z,33.35,69.78

2026-09-20T01:35:31.263Z,33.34,69.83

2026-09-20T01:35:36.247Z,33.35,69.8

2026-09-20T01:35:41.250Z,33.36,69.83

2026-09-20T01:35:46.249Z,33.37,69.81

2026-09-20T01:35:51.247Z,33.36,69.74

2026-09-20T01:35:56.250Z,33.36,69.83

2026-09-20T01:36:01.260Z,33.35,69.81

2026-09-20T01:36:06.247Z,33.38,69.76

2026-09-20T01:36:11.247Z,33.38,69.69

2026-09-20T01:36:16.246Z,33.38,69.69

2026-09-20T01:36:21.247Z,33.37,69.69

2026-09-20T01:36:26.249Z,33.41,69.66

2026-09-20T01:36:31.259Z,33.38,69.74

2026-09-20T01:36:36.247Z,33.4,69.64

2026-09-20T01:36:41.247Z,33.43,69.66

2026-09-20T01:36:46.249Z,33.4,69.65

2026-09-20T01:36:51.250Z,33.41,69.59

2026-09-20T01:36:56.248Z,33.42,69.63

2026-09-20T01:37:01.260Z,33.41,69.65

2026-09-20T01:37:06.248Z,33.43,69.51

2026-09-20T01:37:11.248Z,33.43,69.5

2026-09-20T01:37:16.262Z,33.44,69.53

2026-09-20T01:37:21.272Z,33.43,69.51

2026-09-20T01:37:26.260Z,33.44,69.47

2026-09-20T01:37:31.261Z,33.45,69.47

2026-09-20T01:37:36.261Z,33.45,69.5

2026-09-20T01:37:41.263Z,33.43,69.45

2026-09-20T01:37:46.260Z,33.44,69.45

2026-09-20T01:37:51.272Z,33.43,69.47

2026-09-20T01:37:56.262Z,33.42,69.44

2026-09-20T01:38:01.263Z,33.44,69.41

2026-09-20T01:38:06.264Z,33.46,69.52

2026-09-20T01:38:11.262Z,33.45,69.44

2026-09-20T01:38:16.264Z,33.45,69.48

2026-09-20T01:38:21.279Z,33.44,69.5

2026-09-20T01:38:26.265Z,33.43,69.41

2026-09-20T01:38:31.268Z,33.44,69.46

2026-09-20T01:38:36.266Z,33.44,69.45

2026-09-20T01:38:41.270Z,33.44,69.45

2026-09-20T01:38:46.275Z,33.44,69.48

2026-09-20T01:38:51.287Z,33.45,69.48

2026-09-20T01:38:56.274Z,33.44,69.49

2026-09-20T01:39:01.274Z,33.45,69.49

2026-09-20T01:39:06.273Z,33.43,69.49

2026-09-20T01:39:11.276Z,33.45,69.44

2026-09-20T01:39:16.289Z,33.44,69.48

2026-09-20T01:39:21.300Z,33.47,69.53

2026-09-20T01:39:26.288Z,33.46,69.4

2026-09-20T01:39:31.287Z,33.47,69.43

2026-09-20T01:39:36.289Z,33.46,69.42

2026-09-20T01:39:41.286Z,33.49,69.41

2026-09-20T01:39:46.304Z,33.48,69.4

2026-09-20T01:39:51.318Z,33.5,69.43

2026-09-20T01:39:56.300Z,33.49,69.35

2026-09-20T01:40:01.302Z,33.47,69.33

2026-09-20T01:40:06.300Z,33.49,69.27

2026-09-20T01:40:11.301Z,33.5,69.31

2026-09-20T01:40:16.303Z,33.51,69.27

2026-09-20T01:40:21.316Z,33.51,69.38

2026-09-20T01:40:26.304Z,33.51,69.31

2026-09-20T01:40:31.305Z,33.51,69.26

2026-09-20T01:40:36.302Z,33.52,69.22

2026-09-20T01:40:41.303Z,33.54,69.27

2026-09-20T01:40:46.309Z,33.53,69.24

2026-09-20T01:40:51.319Z,33.53,69.15

2026-09-20T01:40:56.308Z,33.53,69.02

2026-09-20T01:41:01.308Z,33.53,69

2026-09-20T01:41:06.308Z,33.53,68.98

2026-09-20T01:41:11.321Z,33.53,69.1

2026-09-20T01:41:16.306Z,33.53,69.08

2026-09-20T01:41:21.308Z,33.54,69.1

2026-09-20T01:41:26.313Z,33.56,69.11

2026-09-20T01:41:31.310Z,33.55,69.09

2026-09-20T01:41:36.370Z,33.53,69.04

2026-09-20T01:41:41.331Z,33.55,68.97

2026-09-20T01:41:46.331Z,33.56,69.05

2026-09-20T01:41:51.332Z,33.55,69.05

2026-09-20T01:41:56.332Z,33.56,69.01

2026-09-20T01:42:01.331Z,33.56,69.01

2026-09-20T01:42:06.332Z,33.57,68.95

2026-09-20T01:42:11.345Z,33.57,69.04

2026-09-20T01:42:16.334Z,33.57,69

2026-09-20T01:42:21.335Z,33.58,68.98

2026-09-20T01:42:26.337Z,33.58,68.95

2026-09-20T01:42:31.334Z,33.59,68.91

2026-09-20T01:42:36.337Z,33.58,68.81

2026-09-20T01:42:41.348Z,33.6,68.92

2026-09-20T01:42:46.336Z,33.58,68.88

2026-09-20T01:42:51.335Z,33.6,68.87

2026-09-20T01:42:56.337Z,33.59,68.81

2026-09-20T01:43:01.336Z,33.57,68.86

2026-09-20T01:43:06.354Z,33.59,68.87

2026-09-20T01:43:11.363Z,33.6,68.82

2026-09-20T01:43:16.352Z,33.61,68.79

2026-09-20T01:43:21.352Z,33.61,68.81

2026-09-20T01:43:26.353Z,33.63,68.7

2026-09-20T01:43:31.353Z,33.61,68.69

2026-09-20T01:43:36.356Z,33.62,68.72

2026-09-20T01:43:41.367Z,33.62,68.8

2026-09-20T01:43:46.354Z,33.64,68.75

2026-09-20T01:43:51.355Z,33.65,68.72

2026-09-20T01:43:56.354Z,33.64,68.78

2026-09-20T01:44:01.355Z,33.65,68.69

2026-09-20T01:44:06.367Z,33.63,68.67

2026-09-20T01:44:11.381Z,33.63,68.67

2026-09-20T01:44:16.367Z,33.64,68.64

2026-09-20T01:44:21.368Z,33.66,68.65

2026-09-20T01:44:26.369Z,33.65,68.64

2026-09-20T01:44:31.369Z,33.66,68.6

2026-09-20T01:44:36.369Z,33.66,68.59

2026-09-20T01:44:41.382Z,33.67,68.65

2026-09-20T01:44:46.368Z,33.67,68.63

2026-09-20T01:44:51.369Z,33.66,68.54

2026-09-20T01:44:56.367Z,33.68,68.58

2026-09-20T01:45:01.369Z,33.66,68.5

2026-09-20T01:45:06.381Z,33.67,68.49

2026-09-20T01:45:11.391Z,33.67,68.53

2026-09-20T01:45:16.378Z,33.67,68.46

2026-09-20T01:45:21.381Z,33.69,68.49

2026-09-20T01:45:26.383Z,33.69,68.44

2026-09-20T01:45:31.383Z,33.66,68.45

2026-09-20T01:45:36.393Z,33.67,68.38

2026-09-20T01:45:41.415Z,33.67,68.39

2026-09-20T01:45:46.393Z,33.67,68.41

2026-09-20T01:45:51.393Z,33.68,68.38

2026-09-20T01:45:56.394Z,33.68,68.41

2026-09-20T01:46:01.394Z,33.7,68.42

2026-09-20T01:46:06.401Z,33.68,68.37

2026-09-20T01:46:11.410Z,33.66,68.44

2026-09-20T01:46:16.399Z,33.68,68.41

2026-09-20T01:46:21.399Z,33.68,68.42

2026-09-20T01:46:26.400Z,33.69,68.45

2026-09-20T01:46:31.400Z,33.67,68.39

2026-09-20T01:46:36.408Z,33.66,68.41

2026-09-20T01:46:41.416Z,33.67,68.43

2026-09-20T01:46:46.402Z,33.66,68.49

2026-09-20T01:46:51.402Z,33.65,68.46

2026-09-20T01:46:56.402Z,33.64,68.47

2026-09-20T01:47:01.403Z,33.67,68.49

2026-09-20T01:47:06.403Z,33.67,68.51

2026-09-20T01:47:11.417Z,33.64,68.51

2026-09-20T01:47:16.405Z,33.65,68.52

2026-09-20T01:47:21.405Z,33.64,68.52

2026-09-20T01:47:26.406Z,33.64,68.51

2026-09-20T01:47:31.405Z,33.66,68.5

2026-09-20T01:47:36.420Z,33.64,68.5

2026-09-20T01:47:41.436Z,33.65,68.51

2026-09-20T01:47:46.421Z,33.65,68.48

2026-09-20T01:47:51.421Z,33.64,68.5

2026-09-20T01:47:56.424Z,33.63,68.54

2026-09-20T01:48:01.421Z,33.64,68.52

2026-09-20T01:48:06.423Z,33.65,68.48

2026-09-20T01:48:11.433Z,33.65,68.51

2026-09-20T01:48:16.419Z,33.65,68.46

2026-09-20T01:48:21.421Z,33.66,68.47

2026-09-20T01:48:26.420Z,33.65,68.48

2026-09-20T01:48:31.421Z,33.66,68.47

2026-09-20T01:48:36.426Z,33.67,68.43

2026-09-20T01:48:41.441Z,33.66,68.47

2026-09-20T01:48:46.427Z,33.64,68.43

2026-09-20T01:48:51.428Z,33.64,68.36

2026-09-20T01:48:56.429Z,33.64,68.38

2026-09-20T01:49:01.429Z,33.64,68.43

2026-09-20T01:49:06.434Z,33.63,68.43

2026-09-20T01:49:11.446Z,33.63,68.49

2026-09-20T01:49:16.429Z,33.63,68.46

2026-09-20T01:49:21.428Z,33.62,68.5

2026-09-20T01:49:26.428Z,33.6,68.49

2026-09-20T01:49:31.429Z,33.58,68.56

2026-09-20T01:49:36.450Z,33.57,68.57

2026-09-20T01:49:41.461Z,33.55,68.67

2026-09-20T01:49:46.450Z,33.54,68.62

2026-09-20T01:49:51.451Z,33.52,68.68

2026-09-20T01:49:56.452Z,33.52,68.72

2026-09-20T01:50:01.452Z,33.5,68.77

2026-09-20T01:50:06.459Z,33.5,68.88

2026-09-20T01:50:11.469Z,33.5,68.92

2026-09-20T01:50:16.459Z,33.49,68.97

2026-09-20T01:50:21.459Z,33.48,69.07

2026-09-20T01:50:26.458Z,33.46,69.06

2026-09-20T01:50:31.460Z,33.45,69.07

2026-09-20T01:50:36.463Z,33.46,69.18

2026-09-20T01:50:41.472Z,33.44,69.22

2026-09-20T01:50:46.461Z,33.43,69.18

2026-09-20T01:50:51.461Z,33.42,69.18

2026-09-20T01:50:56.461Z,33.43,69.22

2026-09-20T01:51:01.461Z,33.43,69.2

2026-09-20T01:51:06.461Z,33.42,69.21

2026-09-20T01:51:11.473Z,33.4,69.25

2026-09-20T01:51:16.461Z,33.4,69.19

2026-09-20T01:51:21.461Z,33.39,69.19

2026-09-20T01:51:26.462Z,33.38,69.24

2026-09-20T01:51:31.462Z,33.4,69.3

2026-09-20T01:51:36.471Z,33.39,69.25

2026-09-20T01:51:41.482Z,33.39,69.34

2026-09-20T01:51:46.470Z,33.36,69.33

2026-09-20T01:51:51.472Z,33.36,69.33

2026-09-20T01:51:56.469Z,33.37,69.34

2026-09-20T01:52:01.469Z,33.37,69.34

2026-09-20T01:52:06.474Z,33.34,69.33

2026-09-20T01:52:11.481Z,33.37,69.32

2026-09-20T01:52:16.470Z,33.34,69.38

2026-09-20T01:52:21.472Z,33.35,69.35

2026-09-20T01:52:26.474Z,33.34,69.4

2026-09-20T01:52:31.476Z,33.32,69.41

2026-09-20T01:52:36.495Z,33.33,69.52

2026-09-20T01:52:41.489Z,33.34,69.49

2026-09-20T01:52:46.488Z,33.33,69.49

2026-09-20T01:52:51.488Z,33.34,69.55

2026-09-20T01:52:56.489Z,33.34,69.59

2026-09-20T01:53:01.503Z,33.34,69.61

2026-09-20T01:53:06.488Z,33.34,69.57

2026-09-20T01:53:11.491Z,33.35,69.52

2026-09-20T01:53:16.490Z,33.34,69.51

2026-09-20T01:53:21.491Z,33.36,69.48

2026-09-20T01:53:26.495Z,33.35,69.41

2026-09-20T01:53:31.510Z,33.34,69.42

2026-09-20T01:53:36.494Z,33.37,69.33

2026-09-20T01:53:41.495Z,33.37,69.33

2026-09-20T01:53:46.494Z,33.36,69.37

2026-09-20T01:53:51.495Z,33.36,69.32

2026-09-20T01:53:56.514Z,33.38,69.32

2026-09-20T01:54:01.525Z,33.36,69.43

2026-09-20T01:54:06.515Z,33.36,69.37

2026-09-20T01:54:11.516Z,33.38,69.4

2026-09-20T01:54:16.514Z,33.37,69.34

2026-09-20T01:54:21.515Z,33.39,69.3

2026-09-20T01:54:26.527Z,33.39,69.34

2026-09-20T01:54:31.537Z,33.4,69.38

2026-09-20T01:54:36.525Z,33.4,69.29

2026-09-20T01:54:41.526Z,33.39,69.22

2026-09-20T01:54:46.526Z,33.39,69.17

2026-09-20T01:54:51.526Z,33.41,69.21

2026-09-20T01:54:56.527Z,33.42,69.13

2026-09-20T01:55:01.538Z,33.41,69.1

2026-09-20T01:55:06.525Z,33.42,69.01

2026-09-20T01:55:11.527Z,33.43,69.08

2026-09-20T01:55:16.527Z,33.43,69.12

2026-09-20T01:55:21.543Z,33.42,69.07

2026-09-20T01:55:26.527Z,33.44,69.03

2026-09-20T01:55:31.527Z,33.42,69.07

2026-09-20T01:55:36.528Z,33.44,69.04

2026-09-20T01:55:41.530Z,33.45,69.05

2026-09-20T01:55:46.529Z,33.46,69.01

2026-09-20T01:55:51.544Z,33.44,69.03

2026-09-20T01:55:56.531Z,33.47,68.93

2026-09-20T01:56:01.532Z,33.45,68.92

2026-09-20T01:56:06.532Z,33.46,68.87

2026-09-20T01:56:11.535Z,33.47,68.83

2026-09-20T01:56:16.533Z,33.47,68.8

2026-09-20T01:56:21.550Z,33.46,68.82

2026-09-20T01:56:26.532Z,33.47,68.82

2026-09-20T01:56:31.536Z,33.47,68.75

2026-09-20T01:56:36.535Z,33.47,68.79

2026-09-20T01:56:41.534Z,33.47,68.76

2026-09-20T01:56:46.551Z,33.49,68.8

2026-09-20T01:56:51.565Z,33.49,68.79

2026-09-20T01:56:56.548Z,33.49,68.7

2026-09-20T01:57:01.552Z,33.5,68.63

2026-09-20T01:57:06.551Z,33.49,68.56

2026-09-20T01:57:11.552Z,33.49,68.6

2026-09-20T01:57:16.554Z,33.52,68.59

2026-09-20T01:57:21.565Z,33.49,68.63

2026-09-20T01:57:26.552Z,33.49,68.57

2026-09-20T01:57:31.554Z,33.51,68.59

2026-09-20T01:57:36.551Z,33.53,68.58

2026-09-20T01:57:41.551Z,33.53,68.5

2026-09-20T01:57:46.564Z,33.51,68.52

2026-09-20T01:57:51.574Z,33.51,68.54

2026-09-20T01:57:56.561Z,33.54,68.46

2026-09-20T01:58:01.562Z,33.53,68.48

2026-09-20T01:58:06.562Z,33.54,68.43

2026-09-20T01:58:11.562Z,33.53,68.48

2026-09-20T01:58:16.573Z,33.55,68.43

2026-09-20T01:58:21.589Z,33.55,68.5

2026-09-20T01:58:26.573Z,33.54,68.46

2026-09-20T01:58:31.572Z,33.55,68.36

2026-09-20T01:58:36.572Z,33.57,68.39

2026-09-20T01:58:41.573Z,33.57,68.36

2026-09-20T01:58:46.581Z,33.55,68.39

2026-09-20T01:58:51.597Z,33.56,68.43

2026-09-20T01:58:56.578Z,33.58,68.42

2026-09-20T01:59:01.579Z,33.56,68.34

2026-09-20T01:59:06.579Z,33.57,68.37

2026-09-20T01:59:11.579Z,33.58,68.34

2026-09-20T01:59:16.590Z,33.59,68.32

2026-09-20T01:59:21.601Z,33.59,68.4

2026-09-20T01:59:26.588Z,33.58,68.36

2026-09-20T01:59:31.589Z,33.59,68.35

2026-09-20T01:59:36.589Z,33.6,68.37

2026-09-20T01:59:41.588Z,33.59,68.36

2026-09-20T01:59:46.599Z,33.59,68.39

2026-09-20T01:59:51.612Z,33.6,68.37

2026-09-20T01:59:56.598Z,33.62,68.38

2026-09-20T02:00:01.601Z,33.6,68.35

2026-09-20T02:00:06.599Z,33.61,68.34

2026-09-20T02:00:11.599Z,33.6,68.32

2026-09-20T02:00:16.604Z,33.62,68.33

2026-09-20T02:00:21.610Z,33.6,68.31

2026-09-20T02:00:26.602Z,33.62,68.3

2026-09-20T02:00:31.602Z,33.6,68.29

2026-09-20T02:00:36.603Z,33.61,68.19

2026-09-20T02:00:41.603Z,33.62,68.28

2026-09-20T02:00:46.619Z,33.63,68.22

2026-09-20T02:00:51.615Z,33.62,68.26

2026-09-20T02:00:56.616Z,33.63,68.25

2026-09-20T02:01:01.616Z,33.63,68.18

2026-09-20T02:01:06.639Z,33.64,68.22

2026-09-20T02:01:11.651Z,33.62,68.25

2026-09-20T02:01:16.638Z,33.62,68.22

2026-09-20T02:01:21.638Z,33.62,68.19

2026-09-20T02:01:26.636Z,33.63,68.23

2026-09-20T02:01:31.635Z,33.63,68.23

2026-09-20T02:01:36.643Z,33.63,68.2

2026-09-20T02:01:41.651Z,33.64,68.25

2026-09-20T02:01:46.639Z,33.64,68.2

2026-09-20T02:01:51.639Z,33.65,68.2

2026-09-20T02:01:56.638Z,33.63,68.22

2026-09-20T02:02:01.639Z,33.63,68.21

2026-09-20T02:02:06.652Z,33.65,68.2

2026-09-20T02:02:11.663Z,33.65,68.22

2026-09-20T02:02:16.650Z,33.64,68.16

2026-09-20T02:02:21.650Z,33.63,68.12

2026-09-20T02:02:26.649Z,33.64,68.17

2026-09-20T02:02:31.650Z,33.63,68.16

2026-09-20T02:02:36.657Z,33.64,68.18

2026-09-20T02:02:41.670Z,33.62,68.2

2026-09-20T02:02:46.656Z,33.64,68.15

2026-09-20T02:02:51.658Z,33.65,68.19

2026-09-20T02:02:56.658Z,33.64,68.2

2026-09-20T02:03:01.657Z,33.65,68.19

2026-09-20T02:03:06.658Z,33.62,68.15

2026-09-20T02:03:11.669Z,33.65,68.21

2026-09-20T02:03:16.658Z,33.63,68.18

2026-09-20T02:03:21.658Z,33.66,68.11

2026-09-20T02:03:26.662Z,33.63,68.19

2026-09-20T02:03:31.664Z,33.64,68.16

2026-09-20T02:03:36.662Z,33.65,68.16

2026-09-20T02:03:41.678Z,33.63,68.14

2026-09-20T02:03:46.658Z,33.64,68.18

2026-09-20T02:03:51.665Z,33.65,68.16

2026-09-20T02:03:56.664Z,33.65,68.1

2026-09-20T02:04:01.662Z,33.66,68.14

2026-09-20T02:04:06.674Z,33.67,68.15

2026-09-20T02:04:11.685Z,33.65,68.16

2026-09-20T02:04:16.673Z,33.67,68.15

2026-09-20T02:04:21.674Z,33.65,68.14

2026-09-20T02:04:26.674Z,33.67,68.16

2026-09-20T02:04:31.675Z,33.64,68.19

2026-09-20T02:04:36.688Z,33.67,68.26

2026-09-20T02:04:41.698Z,33.66,68.24

2026-09-20T02:04:46.686Z,33.65,68.19

2026-09-20T02:04:51.686Z,33.67,68.19

2026-09-20T02:04:56.686Z,33.66,68.15

2026-09-20T02:05:01.685Z,33.66,68.18

2026-09-20T02:05:06.699Z,33.67,68.21

2026-09-20T02:05:11.709Z,33.66,68.13

2026-09-20T02:05:16.697Z,33.67,68.16

2026-09-20T02:05:21.699Z,33.69,68.18

2026-09-20T02:05:26.693Z,33.66,68.18

2026-09-20T02:05:31.699Z,33.68,68.2

2026-09-20T02:05:36.697Z,33.66,68.16

2026-09-20T02:05:41.707Z,33.67,68.21

2026-09-20T02:05:46.698Z,33.66,68.21

2026-09-20T02:05:51.695Z,33.69,68.19

2026-09-20T02:05:56.698Z,33.67,68.24

2026-09-20T02:06:01.709Z,33.65,68.25

2026-09-20T02:06:06.698Z,33.66,68.24

2026-09-20T02:06:11.697Z,33.68,68.2

2026-09-20T02:06:16.699Z,33.68,68.26

2026-09-20T02:06:21.699Z,33.69,68.29

2026-09-20T02:06:26.710Z,33.67,68.2

2026-09-20T02:06:31.719Z,33.66,68.25

2026-09-20T02:06:36.709Z,33.68,68.22

2026-09-20T02:06:41.709Z,33.68,68.28

2026-09-20T02:06:46.709Z,33.69,68.31

2026-09-20T02:06:51.710Z,33.67,68.29

2026-09-20T02:06:56.711Z,33.67,68.25

2026-09-20T02:07:01.723Z,33.69,68.33

2026-09-20T02:07:06.710Z,33.68,68.29

2026-09-20T02:07:11.713Z,33.69,68.27

2026-09-20T02:07:16.715Z,33.68,68.29

2026-09-20T02:07:21.721Z,33.67,68.32

2026-09-20T02:07:26.714Z,33.66,68.32

2026-09-20T02:07:31.717Z,33.66,68.34

2026-09-20T02:07:36.715Z,33.66,68.34

2026-09-20T02:07:41.714Z,33.66,68.34

2026-09-20T02:07:46.730Z,33.67,68.34

2026-09-20T02:07:51.739Z,33.66,68.43

2026-09-20T02:07:56.725Z,33.68,68.34

2026-09-20T02:08:01.725Z,33.65,68.39

2026-09-20T02:08:06.725Z,33.66,68.35

2026-09-20T02:08:11.730Z,33.68,68.39

2026-09-20T02:08:16.742Z,33.68,68.45

2026-09-20T02:08:21.753Z,33.67,68.39

2026-09-20T02:08:26.742Z,33.68,68.41

2026-09-20T02:08:31.742Z,33.68,68.35

2026-09-20T02:08:36.741Z,33.67,68.39

2026-09-20T02:08:41.743Z,33.68,68.37

2026-09-20T02:08:46.754Z,33.68,68.37

2026-09-20T02:08:51.765Z,33.68,68.4

2026-09-20T02:08:56.752Z,33.69,68.36

2026-09-20T02:09:01.753Z,33.67,68.32

2026-09-20T02:09:06.754Z,33.7,68.37

2026-09-20T02:09:11.753Z,33.67,68.31

2026-09-20T02:09:16.756Z,33.67,68.37

2026-09-20T02:09:21.763Z,33.67,68.32

2026-09-20T02:09:26.755Z,33.67,68.31

2026-09-20T02:09:31.754Z,33.69,68.28

2026-09-20T02:09:36.752Z,33.7,68.31

2026-09-20T02:09:41.753Z,33.68,68.27

2026-09-20T02:09:46.763Z,33.69,68.32

2026-09-20T02:09:51.758Z,33.68,68.28

2026-09-20T02:09:56.756Z,33.69,68.26

2026-09-20T02:10:01.757Z,33.67,68.25

2026-09-20T02:10:06.758Z,33.7,68.26

2026-09-20T02:10:11.768Z,33.68,68.24

2026-09-20T02:10:16.756Z,33.69,68.25

2026-09-20T02:10:21.756Z,33.67,68.25

2026-09-20T02:10:26.756Z,33.68,68.29

2026-09-20T02:10:31.756Z,33.68,68.32

2026-09-20T02:10:36.763Z,33.69,68.33

2026-09-20T02:10:41.772Z,33.69,68.36

2026-09-20T02:10:46.762Z,33.69,68.36

2026-09-20T02:10:51.761Z,33.7,68.38

2026-09-20T02:10:56.762Z,33.68,68.35

2026-09-20T02:11:01.763Z,33.68,68.39

2026-09-20T02:11:06.769Z,33.68,68.36

2026-09-20T02:11:11.777Z,33.67,68.38

2026-09-20T02:11:16.773Z,33.69,68.3

2026-09-20T02:11:21.770Z,33.7,68.35

2026-09-20T02:11:26.769Z,33.67,68.35

2026-09-20T02:11:31.772Z,33.68,68.34

2026-09-20T02:11:36.778Z,33.69,68.37

2026-09-20T02:11:41.792Z,33.7,68.36

2026-09-20T02:11:46.778Z,33.71,68.33

2026-09-20T02:11:51.780Z,33.68,68.33

2026-09-20T02:11:56.780Z,33.7,68.29

2026-09-20T02:12:01.780Z,33.69,68.24

2026-09-20T02:12:06.781Z,33.7,68.33

2026-09-20T02:12:11.793Z,33.7,68.33

2026-09-20T02:12:16.778Z,33.7,68.28

2026-09-20T02:12:21.781Z,33.69,68.28

2026-09-20T02:12:26.778Z,33.68,68.25

2026-09-20T02:12:31.781Z,33.7,68.29

2026-09-20T02:12:36.781Z,33.7,68.33

2026-09-20T02:12:41.793Z,33.7,68.35

2026-09-20T02:12:46.779Z,33.71,68.28

2026-09-20T02:12:51.782Z,33.71,68.33

2026-09-20T02:12:56.784Z,33.72,68.28

2026-09-20T02:13:01.784Z,33.72,68.29

2026-09-20T02:13:06.796Z,33.69,68.27

2026-09-20T02:13:11.812Z,33.69,68.35

2026-09-20T02:13:16.795Z,33.7,68.27

2026-09-20T02:13:21.793Z,33.7,68.25

2026-09-20T02:13:26.793Z,33.71,68.26

2026-09-20T02:13:31.794Z,33.69,68.23

2026-09-20T02:13:36.805Z,33.69,68.24

2026-09-20T02:13:41.817Z,33.69,68.32

2026-09-20T02:13:46.804Z,33.71,68.32

2026-09-20T02:13:51.805Z,33.71,68.36

2026-09-20T02:13:56.805Z,33.71,68.25

2026-09-20T02:14:01.804Z,33.71,68.28

2026-09-20T02:14:06.809Z,33.72,68.29

2026-09-20T02:14:11.823Z,33.71,68.31

2026-09-20T02:14:16.808Z,33.71,68.27

2026-09-20T02:14:21.810Z,33.72,68.28

2026-09-20T02:14:26.810Z,33.71,68.33

2026-09-20T02:14:31.811Z,33.72,68.29

2026-09-20T02:14:36.823Z,33.72,68.29

2026-09-20T02:14:41.832Z,33.71,68.28

2026-09-20T02:14:46.826Z,33.72,68.39

2026-09-20T02:14:51.824Z,33.73,68.35

2026-09-20T02:14:56.821Z,33.75,68.29

2026-09-20T02:15:01.819Z,33.72,68.3

2026-09-20T02:15:06.832Z,33.71,68.39

2026-09-20T02:15:11.844Z,33.73,68.35

2026-09-20T02:15:16.832Z,33.73,68.32

2026-09-20T02:15:21.833Z,33.73,68.3

2026-09-20T02:15:26.833Z,33.74,68.32

2026-09-20T02:15:31.833Z,33.73,68.29

2026-09-20T02:15:36.848Z,33.73,68.35

2026-09-20T02:15:41.859Z,33.72,68.37

2026-09-20T02:15:46.847Z,33.73,68.39

2026-09-20T02:15:51.847Z,33.72,68.38

2026-09-20T02:15:56.847Z,33.76,68.38

2026-09-20T02:16:01.849Z,33.73,68.39

2026-09-20T02:16:06.853Z,33.73,68.4

2026-09-20T02:16:11.862Z,33.73,68.4

2026-09-20T02:16:16.850Z,33.72,68.39

2026-09-20T02:16:21.851Z,33.74,68.41

2026-09-20T02:16:26.851Z,33.73,68.44

2026-09-20T02:16:31.850Z,33.74,68.44

2026-09-20T02:16:36.853Z,33.73,68.5

2026-09-20T02:16:41.863Z,33.74,68.54

2026-09-20T02:16:46.853Z,33.73,68.44

2026-09-20T02:16:51.853Z,33.73,68.43

2026-09-20T02:16:56.855Z,33.74,68.42

2026-09-20T02:17:01.853Z,33.73,68.44

2026-09-20T02:17:06.859Z,33.74,68.4

2026-09-20T02:17:11.871Z,33.73,68.46

2026-09-20T02:17:16.859Z,33.75,68.38

2026-09-20T02:17:21.858Z,33.77,68.45

2026-09-20T02:17:26.859Z,33.74,68.42

2026-09-20T02:17:31.858Z,33.75,68.48

2026-09-20T02:17:36.857Z,33.75,68.44

2026-09-20T02:17:41.869Z,33.74,68.5

2026-09-20T02:17:46.860Z,33.73,68.45

2026-09-20T02:17:51.858Z,33.75,68.46

2026-09-20T02:17:56.858Z,33.74,68.44

2026-09-20T02:18:01.856Z,33.72,68.4

2026-09-20T02:18:06.858Z,33.73,68.43

2026-09-20T02:18:11.874Z,33.74,68.48

2026-09-20T02:18:16.862Z,33.72,68.41

2026-09-20T02:18:21.864Z,33.73,68.47

2026-09-20T02:18:26.863Z,33.73,68.42

2026-09-20T02:18:31.863Z,33.72,68.43

2026-09-20T02:18:36.863Z,33.74,68.43

2026-09-20T02:18:41.881Z,33.73,68.48

2026-09-20T02:18:46.863Z,33.73,68.49

2026-09-20T02:18:51.868Z,33.72,68.53

2026-09-20T02:18:56.866Z,33.74,68.5

2026-09-20T02:19:01.867Z,33.73,68.5

2026-09-20T02:19:06.882Z,33.72,68.45

2026-09-20T02:19:11.896Z,33.72,68.54

2026-09-20T02:19:16.883Z,33.73,68.51

2026-09-20T02:19:21.883Z,33.74,68.5

2026-09-20T02:19:26.881Z,33.73,68.52

2026-09-20T02:19:31.881Z,33.75,68.56

2026-09-20T02:19:36.897Z,33.72,68.55

2026-09-20T02:19:41.906Z,33.73,68.58

2026-09-20T02:19:46.897Z,33.74,68.47

2026-09-20T02:19:51.896Z,33.75,68.52

2026-09-20T02:19:56.896Z,33.74,68.54

2026-09-20T02:20:01.896Z,33.74,68.52

2026-09-20T02:20:06.908Z,33.75,68.49

2026-09-20T02:20:11.920Z,33.75,68.59

2026-09-20T02:20:16.907Z,33.75,68.5

2026-09-20T02:20:21.908Z,33.74,68.5

2026-09-20T02:20:26.910Z,33.73,68.51

2026-09-20T02:20:31.909Z,33.75,68.47

2026-09-20T02:20:36.913Z,33.77,68.57

2026-09-20T02:20:41.928Z,33.75,68.49

2026-09-20T02:20:46.910Z,33.75,68.54

2026-09-20T02:20:51.913Z,33.74,68.56

2026-09-20T02:20:56.912Z,33.75,68.59

2026-09-20T02:21:01.911Z,33.74,68.58

2026-09-20T02:21:06.919Z,33.75,68.56

2026-09-20T02:21:11.931Z,33.75,68.63

2026-09-20T02:21:16.917Z,33.77,68.63

2026-09-20T02:21:21.917Z,33.75,68.6

2026-09-20T02:21:26.919Z,33.76,68.65

2026-09-20T02:21:31.917Z,33.75,68.62

2026-09-20T02:21:36.918Z,33.77,68.57

2026-09-20T02:21:41.928Z,33.75,68.66

2026-09-20T02:21:46.919Z,33.74,68.6

2026-09-20T02:21:51.921Z,33.76,68.59

2026-09-20T02:21:56.919Z,33.76,68.61

2026-09-20T02:22:01.919Z,33.76,68.51

2026-09-20T02:22:06.931Z,33.75,68.59

2026-09-20T02:22:11.944Z,33.75,68.62

2026-09-20T02:22:16.930Z,33.75,68.57

2026-09-20T02:22:21.931Z,33.74,68.57

2026-09-20T02:22:26.931Z,33.75,68.58

2026-09-20T02:22:31.945Z,33.75,68.62

2026-09-20T02:22:36.931Z,33.74,68.61

2026-09-20T02:22:41.934Z,33.75,68.6

2026-09-20T02:22:46.933Z,33.78,68.56

2026-09-20T02:22:51.945Z,33.74,68.6

2026-09-20T02:22:56.933Z,33.76,68.53

2026-09-20T02:23:01.934Z,33.76,68.56

2026-09-20T02:23:06.935Z,33.76,68.53

2026-09-20T02:23:11.935Z,33.75,68.6

2026-09-20T02:23:16.937Z,33.75,68.61

2026-09-20T02:23:21.952Z,33.75,68.59

2026-09-20T02:23:26.938Z,33.76,68.59

2026-09-20T02:23:31.937Z,33.75,68.54

2026-09-20T02:23:36.936Z,33.74,68.52

2026-09-20T02:23:41.938Z,33.74,68.54

2026-09-20T02:23:46.949Z,33.75,68.53

2026-09-20T02:23:51.959Z,33.76,68.57

2026-09-20T02:23:56.949Z,33.77,68.56

2026-09-20T02:24:01.949Z,33.73,68.55

2026-09-20T02:24:06.949Z,33.74,68.56

2026-09-20T02:24:11.948Z,33.75,68.53

2026-09-20T02:24:16.964Z,33.72,68.52

2026-09-20T02:24:21.972Z,33.74,68.59

2026-09-20T02:24:26.962Z,33.74,68.61

2026-09-20T02:24:31.962Z,33.75,68.64

2026-09-20T02:24:36.963Z,33.74,68.63

2026-09-20T02:24:41.963Z,33.75,68.58

2026-09-20T02:24:46.966Z,33.76,68.65

2026-09-20T02:24:51.976Z,33.75,68.68

2026-09-20T02:24:56.963Z,33.74,68.6

2026-09-20T02:25:01.962Z,33.76,68.61

2026-09-20T02:25:06.963Z,33.74,68.67

2026-09-20T02:25:11.975Z,33.74,68.66

2026-09-20T02:25:16.965Z,33.73,68.65

2026-09-20T02:25:21.966Z,33.75,68.64

2026-09-20T02:25:26.964Z,33.74,68.66

2026-09-20T02:25:31.970Z,33.74,68.74

2026-09-20T02:25:36.965Z,33.75,68.61

2026-09-20T02:25:41.986Z,33.72,68.66

2026-09-20T02:25:46.966Z,33.73,68.64

2026-09-20T02:25:51.969Z,33.74,68.64

2026-09-20T02:25:56.970Z,33.74,68.64

2026-09-20T02:26:01.970Z,33.73,68.65

2026-09-20T02:26:06.990Z,33.74,68.65

2026-09-20T02:26:12.002Z,33.74,68.64

2026-09-20T02:26:16.989Z,33.73,68.65

2026-09-20T02:26:21.989Z,33.74,68.65

2026-09-20T02:26:26.989Z,33.76,68.69

2026-09-20T02:26:31.988Z,33.75,68.63

2026-09-20T02:26:36.996Z,33.74,68.62

2026-09-20T02:26:42.008Z,33.74,68.72

2026-09-20T02:26:46.992Z,33.75,68.66

2026-09-20T02:26:51.995Z,33.74,68.7

2026-09-20T02:26:56.995Z,33.74,68.71

2026-09-20T02:27:01.997Z,33.76,68.7

2026-09-20T02:27:06.996Z,33.76,68.64

2026-09-20T02:27:12.008Z,33.75,68.68

2026-09-20T02:27:16.996Z,33.75,68.68

2026-09-20T02:27:21.998Z,33.77,68.64

2026-09-20T02:27:26.996Z,33.76,68.62

2026-09-20T02:27:32.000Z,33.76,68.59

2026-09-20T02:27:36.999Z,33.75,68.6

2026-09-20T02:27:42.013Z,33.76,68.68

2026-09-20T02:27:46.999Z,33.75,68.66

2026-09-20T02:27:52.000Z,33.75,68.6

2026-09-20T02:27:56.999Z,33.77,68.64

2026-09-20T02:28:02.000Z,33.78,68.58

2026-09-20T02:28:07.013Z,33.77,68.68

2026-09-20T02:28:12.022Z,33.76,68.62

2026-09-20T02:28:17.010Z,33.76,68.55

2026-09-20T02:28:22.008Z,33.76,68.57

2026-09-20T02:28:27.010Z,33.77,68.56

2026-09-20T02:28:32.011Z,33.77,68.56

2026-09-20T02:28:37.009Z,33.78,68.54

2026-09-20T02:28:42.022Z,33.75,68.51

2026-09-20T02:28:47.008Z,33.78,68.56

2026-09-20T02:28:52.007Z,33.77,68.57

2026-09-20T02:28:57.008Z,33.78,68.56

2026-09-20T02:29:02.009Z,33.75,68.58

2026-09-20T02:29:07.019Z,33.77,68.64

2026-09-20T02:29:12.036Z,33.77,68.68

2026-09-20T02:29:17.019Z,33.75,68.58

2026-09-20T02:29:22.020Z,33.78,68.56

2026-09-20T02:29:27.018Z,33.78,68.52

2026-09-20T02:29:32.020Z,33.77,68.55

2026-09-20T02:29:37.032Z,33.77,68.62

2026-09-20T02:29:42.042Z,33.78,68.59

2026-09-20T02:29:47.030Z,33.79,68.58

2026-09-20T02:29:52.031Z,33.78,68.5

2026-09-20T02:29:57.030Z,33.77,68.56

2026-09-20T02:30:02.032Z,33.77,68.61

2026-09-20T02:30:07.034Z,33.79,68.63

2026-09-20T02:30:12.048Z,33.77,68.63

2026-09-20T02:30:17.032Z,33.77,68.57

2026-09-20T02:30:22.035Z,33.77,68.6

2026-09-20T02:30:27.035Z,33.79,68.55

2026-09-20T02:30:32.035Z,33.78,68.59

2026-09-20T02:30:37.054Z,33.78,68.58

2026-09-20T02:30:42.066Z,33.79,68.53

2026-09-20T02:30:47.054Z,33.79,68.51

2026-09-20T02:30:52.054Z,33.79,68.58

2026-09-20T02:30:57.054Z,33.79,68.54

2026-09-20T02:31:02.053Z,33.79,68.52

2026-09-20T02:31:07.053Z,33.79,68.51

2026-09-20T02:31:12.065Z,33.79,68.61

2026-09-20T02:31:17.056Z,33.79,68.56

2026-09-20T02:31:22.055Z,33.8,68.51

2026-09-20T02:31:27.054Z,33.78,68.57

2026-09-20T02:31:32.055Z,33.78,68.57

2026-09-20T02:31:37.055Z,33.79,68.59

2026-09-20T02:31:42.070Z,33.78,68.61

2026-09-20T02:31:47.057Z,33.78,68.61

2026-09-20T02:31:52.055Z,33.79,68.58

2026-09-20T02:31:57.056Z,33.78,68.61

2026-09-20T02:32:02.056Z,33.79,68.6

2026-09-20T02:32:07.058Z,33.77,68.69

2026-09-20T02:32:12.068Z,33.78,68.68

2026-09-20T02:32:17.056Z,33.79,68.64

2026-09-20T02:32:22.059Z,33.8,68.66

2026-09-20T02:32:27.057Z,33.79,68.67

2026-09-20T02:32:32.058Z,33.79,68.7

2026-09-20T02:32:37.067Z,33.76,68.66

2026-09-20T02:32:42.081Z,33.76,68.67

2026-09-20T02:32:47.065Z,33.77,68.65

2026-09-20T02:32:52.068Z,33.77,68.64

2026-09-20T02:32:57.066Z,33.77,68.64

2026-09-20T02:33:02.070Z,33.77,68.59

2026-09-20T02:33:07.085Z,33.78,68.55

2026-09-20T02:33:12.097Z,33.76,68.66

2026-09-20T02:33:17.080Z,33.78,68.65

2026-09-20T02:33:22.081Z,33.77,68.61

2026-09-20T02:33:27.082Z,33.76,68.6

2026-09-20T02:33:32.081Z,33.78,68.63

2026-09-20T02:33:37.090Z,33.77,68.58

2026-09-20T02:33:42.103Z,33.77,68.69

2026-09-20T02:33:47.089Z,33.81,68.6

2026-09-20T02:33:52.093Z,33.78,68.64

2026-09-20T02:33:57.091Z,33.79,68.6

2026-09-20T02:34:02.090Z,33.79,68.6

2026-09-20T02:34:07.101Z,33.78,68.59

2026-09-20T02:34:12.117Z,33.79,68.62

2026-09-20T02:34:17.099Z,33.8,68.61

2026-09-20T02:34:22.100Z,33.78,68.56

2026-09-20T02:34:27.099Z,33.79,68.6

2026-09-20T02:34:32.100Z,33.83,68.53

2026-09-20T02:34:37.106Z,33.78,68.53

2026-09-20T02:34:42.113Z,33.79,68.6

2026-09-20T02:34:47.105Z,33.8,68.52

2026-09-20T02:34:52.104Z,33.8,68.5

2026-09-20T02:34:57.102Z,33.79,68.48

2026-09-20T02:35:02.103Z,33.81,68.58

2026-09-20T02:35:07.113Z,33.77,68.52

2026-09-20T02:35:12.121Z,33.79,68.56

2026-09-20T02:35:17.110Z,33.79,68.51

2026-09-20T02:35:22.108Z,33.78,68.55

2026-09-20T02:35:27.107Z,33.77,68.56

2026-09-20T02:35:32.109Z,33.76,68.55

2026-09-20T02:35:37.114Z,33.78,68.52

2026-09-20T02:35:42.124Z,33.77,68.56

2026-09-20T02:35:47.113Z,33.79,68.58

2026-09-20T02:35:52.113Z,33.76,68.55

2026-09-20T02:35:57.112Z,33.79,68.56

2026-09-20T02:36:02.113Z,33.76,68.6

2026-09-20T02:36:07.117Z,33.77,68.64

2026-09-20T02:36:12.124Z,33.78,68.65

2026-09-20T02:36:17.113Z,33.75,68.69

2026-09-20T02:36:22.114Z,33.78,68.62

2026-09-20T02:36:27.120Z,33.77,68.64

2026-09-20T02:36:32.116Z,33.76,68.61

2026-09-20T02:36:37.116Z,33.77,68.55

2026-09-20T02:36:42.131Z,33.77,68.65

2026-09-20T02:36:47.117Z,33.77,68.63

2026-09-20T02:36:52.116Z,33.77,68.68

2026-09-20T02:36:57.117Z,33.77,68.7

2026-09-20T02:37:02.130Z,33.78,68.76

2026-09-20T02:37:07.116Z,33.77,68.66

2026-09-20T02:37:12.120Z,33.76,68.67

2026-09-20T02:37:17.117Z,33.76,68.67

2026-09-20T02:37:22.120Z,33.76,68.68

2026-09-20T02:37:27.130Z,33.77,68.69

2026-09-20T02:37:32.142Z,33.77,68.78

2026-09-20T02:37:37.130Z,33.78,68.72

2026-09-20T02:37:42.129Z,33.78,68.71

2026-09-20T02:37:47.130Z,33.77,68.74

2026-09-20T02:37:52.130Z,33.78,68.76

2026-09-20T02:37:57.140Z,33.77,68.73

2026-09-20T02:38:02.154Z,33.76,68.76

2026-09-20T02:38:07.137Z,33.77,68.75

2026-09-20T02:38:12.138Z,33.79,68.72

2026-09-20T02:38:17.136Z,33.78,68.74

2026-09-20T02:38:22.137Z,33.77,68.72

2026-09-20T02:38:27.149Z,33.79,68.74

2026-09-20T02:38:32.161Z,33.78,68.81

2026-09-20T02:38:37.147Z,33.79,68.75

2026-09-20T02:38:42.152Z,33.78,68.75

2026-09-20T02:38:47.149Z,33.76,68.7

2026-09-20T02:38:52.148Z,33.77,68.7

2026-09-20T02:38:57.154Z,33.77,68.73

2026-09-20T02:39:02.165Z,33.77,68.74

2026-09-20T02:39:07.152Z,33.78,68.68

2026-09-20T02:39:12.151Z,33.78,68.69

2026-09-20T02:39:17.150Z,33.79,68.71

2026-09-20T02:39:22.153Z,33.77,68.73

2026-09-20T02:39:27.164Z,33.78,68.67

2026-09-20T02:39:32.176Z,33.76,68.75

2026-09-20T02:39:37.163Z,33.76,68.68

2026-09-20T02:39:42.161Z,33.78,68.67

2026-09-20T02:39:47.162Z,33.76,68.7

2026-09-20T02:39:52.163Z,33.76,68.71

2026-09-20T02:39:57.173Z,33.78,68.71

2026-09-20T02:40:02.183Z,33.76,68.73

2026-09-20T02:40:07.176Z,33.77,68.71

2026-09-20T02:40:12.175Z,33.77,68.72

2026-09-20T02:40:17.173Z,33.77,68.71

2026-09-20T02:40:22.173Z,33.77,68.79

2026-09-20T02:40:27.192Z,33.77,68.76

2026-09-20T02:40:32.204Z,33.76,68.84

2026-09-20T02:40:37.186Z,33.76,68.79

2026-09-20T02:40:42.186Z,33.77,68.76

2026-09-20T02:40:47.194Z,33.77,68.75

2026-09-20T02:40:52.203Z,33.76,68.77

2026-09-20T02:40:57.193Z,33.77,68.74

2026-09-20T02:41:02.193Z,33.77,68.75

2026-09-20T02:41:07.195Z,33.76,68.8

2026-09-20T02:41:12.193Z,33.77,68.76

2026-09-20T02:41:17.200Z,33.78,68.72

2026-09-20T02:41:22.210Z,33.78,68.79

2026-09-20T02:41:27.197Z,33.77,68.77

2026-09-20T02:41:32.197Z,33.78,68.77

2026-09-20T02:41:37.200Z,33.78,68.79

2026-09-20T02:41:42.214Z,33.76,68.77

2026-09-20T02:41:47.200Z,33.78,68.74

2026-09-20T02:41:52.202Z,33.77,68.76

2026-09-20T02:41:57.200Z,33.77,68.79

2026-09-20T02:42:02.213Z,33.78,68.75

2026-09-20T02:42:07.201Z,33.78,68.76

2026-09-20T02:42:12.199Z,33.79,68.76

2026-09-20T02:42:17.199Z,33.79,68.73

2026-09-20T02:42:22.200Z,33.8,68.76

2026-09-20T02:42:27.200Z,33.79,68.75

2026-09-20T02:42:32.212Z,33.78,68.8

2026-09-20T02:42:37.202Z,33.78,68.82

2026-09-20T02:42:42.202Z,33.79,68.72

2026-09-20T02:42:47.200Z,33.78,68.77

2026-09-20T02:42:52.204Z,33.78,68.7

2026-09-20T02:42:57.204Z,33.77,68.77

2026-09-20T02:43:02.217Z,33.77,68.79

2026-09-20T02:43:07.204Z,33.78,68.78

2026-09-20T02:43:12.202Z,33.78,68.8

2026-09-20T02:43:17.205Z,33.79,68.89

2026-09-20T02:43:22.203Z,33.79,68.83

2026-09-20T02:43:27.217Z,33.77,68.87

2026-09-20T02:43:32.227Z,33.78,68.82

2026-09-20T02:43:37.214Z,33.78,68.78

2026-09-20T02:43:42.219Z,33.79,68.87

2026-09-20T02:43:47.219Z,33.79,68.84

2026-09-20T02:43:52.216Z,33.79,68.75

2026-09-20T02:43:57.221Z,33.79,68.79

2026-09-20T02:44:02.237Z,33.79,68.89

2026-09-20T02:44:07.221Z,33.79,68.79

2026-09-20T02:44:12.221Z,33.78,68.79

2026-09-20T02:44:17.221Z,33.8,68.84

2026-09-20T02:44:22.221Z,33.79,68.77

2026-09-20T02:44:27.237Z,33.77,68.78

2026-09-20T02:44:32.249Z,33.77,68.86

2026-09-20T02:44:37.235Z,33.79,68.81

2026-09-20T02:44:42.237Z,33.78,68.86

2026-09-20T02:44:47.236Z,33.81,68.78

2026-09-20T02:44:52.236Z,33.81,68.8

2026-09-20T02:44:57.247Z,33.79,68.83

2026-09-20T02:45:02.257Z,33.78,68.82

2026-09-20T02:45:07.244Z,33.78,68.79

2026-09-20T02:45:12.245Z,33.79,68.74

2026-09-20T02:45:17.247Z,33.79,68.82

2026-09-20T02:45:22.246Z,33.78,68.79

2026-09-20T02:45:27.260Z,33.79,68.78

2026-09-20T02:45:32.271Z,33.78,68.78

2026-09-20T02:45:37.257Z,33.8,68.78

2026-09-20T02:45:42.258Z,33.78,68.75

2026-09-20T02:45:47.257Z,33.77,68.76

2026-09-20T02:45:52.260Z,33.79,68.76

2026-09-20T02:45:57.267Z,33.8,68.77

2026-09-20T02:46:02.277Z,33.78,68.79

2026-09-20T02:46:07.265Z,33.8,68.74

2026-09-20T02:46:12.267Z,33.79,68.74

2026-09-20T02:46:17.264Z,33.8,68.73

2026-09-20T02:46:22.266Z,33.76,68.7

2026-09-20T02:46:27.272Z,33.78,68.62

2026-09-20T02:46:32.280Z,33.78,68.67

2026-09-20T02:46:37.271Z,33.79,68.67

2026-09-20T02:46:42.272Z,33.79,68.72

2026-09-20T02:46:47.272Z,33.79,68.61

2026-09-20T02:46:52.283Z,33.79,68.68

2026-09-20T02:46:57.272Z,33.81,68.61

2026-09-20T02:47:02.272Z,33.79,68.66

2026-09-20T02:47:07.272Z,33.81,68.65

2026-09-20T02:47:12.286Z,33.78,68.68

2026-09-20T02:47:17.274Z,33.8,68.62

2026-09-20T02:47:22.275Z,33.77,68.66

2026-09-20T02:47:27.276Z,33.8,68.67

2026-09-20T02:47:32.277Z,33.78,68.67

2026-09-20T02:47:37.280Z,33.79,68.68

2026-09-20T02:47:42.288Z,33.8,68.71

2026-09-20T02:47:47.278Z,33.81,68.68

2026-09-20T02:47:52.281Z,33.8,68.71

2026-09-20T02:47:57.281Z,33.81,68.69

2026-09-20T02:48:02.279Z,33.8,68.7

2026-09-20T02:48:07.296Z,33.79,68.68

2026-09-20T02:48:12.306Z,33.8,68.7

2026-09-20T02:48:17.295Z,33.82,68.65

2026-09-20T02:48:22.294Z,33.8,68.65

2026-09-20T02:48:27.294Z,33.8,68.65

2026-09-20T02:48:32.294Z,33.8,68.63

2026-09-20T02:48:37.306Z,33.81,68.71

2026-09-20T02:48:42.321Z,33.8,68.69

2026-09-20T02:48:47.307Z,33.8,68.66

2026-09-20T02:48:52.308Z,33.82,68.6

2026-09-20T02:48:57.308Z,33.81,68.64

2026-09-20T02:49:02.308Z,33.83,68.66

2026-09-20T02:49:07.317Z,33.82,68.66

2026-09-20T02:49:12.331Z,33.8,68.69

2026-09-20T02:49:17.316Z,33.81,68.62

2026-09-20T02:49:22.319Z,33.82,68.63

2026-09-20T02:49:27.320Z,33.82,68.64

2026-09-20T02:49:32.317Z,33.81,68.69

2026-09-20T02:49:37.317Z,33.82,68.66

2026-09-20T02:49:42.333Z,33.8,68.75

2026-09-20T02:49:47.319Z,33.81,68.64

2026-09-20T02:49:52.320Z,33.84,68.68

2026-09-20T02:49:57.319Z,33.81,68.63

2026-09-20T02:50:02.320Z,33.81,68.61

2026-09-20T02:50:07.330Z,33.82,68.64

2026-09-20T02:50:12.341Z,33.82,68.67

2026-09-20T02:50:17.328Z,33.81,68.63

2026-09-20T02:50:22.331Z,33.83,68.66

2026-09-20T02:50:27.330Z,33.82,68.63

2026-09-20T02:50:32.329Z,33.82,68.61

2026-09-20T02:50:37.330Z,33.82,68.63

2026-09-20T02:50:42.340Z,33.81,68.69

2026-09-20T02:50:47.329Z,33.83,68.61

2026-09-20T02:50:52.330Z,33.83,68.57

2026-09-20T02:50:57.330Z,33.82,68.56

2026-09-20T02:51:02.333Z,33.84,68.54

2026-09-20T02:51:07.333Z,33.84,68.52

2026-09-20T02:51:12.345Z,33.81,68.55

2026-09-20T02:51:17.333Z,33.83,68.55

2026-09-20T02:51:22.334Z,33.84,68.54

2026-09-20T02:51:27.334Z,33.83,68.52

2026-09-20T02:51:32.334Z,33.84,68.54

2026-09-20T02:51:37.336Z,33.84,68.53

2026-09-20T02:51:42.349Z,33.86,68.58

2026-09-20T02:51:47.336Z,33.85,68.51

2026-09-20T02:51:52.336Z,33.83,68.49

2026-09-20T02:51:57.337Z,33.87,68.5

2026-09-20T02:52:02.337Z,33.86,68.5

2026-09-20T02:52:07.356Z,33.85,68.48

2026-09-20T02:52:12.368Z,33.85,68.51

2026-09-20T02:52:17.356Z,33.85,68.47

2026-09-20T02:52:22.357Z,33.87,68.51

2026-09-20T02:52:27.356Z,33.87,68.54

2026-09-20T02:52:32.357Z,33.85,68.49

2026-09-20T02:52:37.365Z,33.85,68.57

2026-09-20T02:52:42.378Z,33.86,68.55

2026-09-20T02:52:47.366Z,33.86,68.49

2026-09-20T02:52:52.366Z,33.87,68.55

2026-09-20T02:52:57.367Z,33.84,68.53

2026-09-20T02:53:02.366Z,33.88,68.52

2026-09-20T02:53:07.372Z,33.85,68.55

2026-09-20T02:53:12.382Z,33.86,68.5

2026-09-20T02:53:17.371Z,33.86,68.48

2026-09-20T02:53:22.374Z,33.85,68.46

2026-09-20T02:53:27.373Z,33.86,68.46

2026-09-20T02:53:32.374Z,33.86,68.45

2026-09-20T02:53:37.372Z,33.86,68.47

2026-09-20T02:53:42.384Z,33.84,68.5

2026-09-20T02:53:47.372Z,33.88,68.4

2026-09-20T02:53:52.371Z,33.87,68.46

2026-09-20T02:53:57.373Z,33.87,68.44

2026-09-20T02:54:02.373Z,33.87,68.43

2026-09-20T02:54:07.374Z,33.86,68.47

2026-09-20T02:54:12.385Z,33.87,68.47

2026-09-20T02:54:17.375Z,33.87,68.45

2026-09-20T02:54:22.376Z,33.85,68.48

2026-09-20T02:54:27.375Z,33.87,68.49

2026-09-20T02:54:32.377Z,33.85,68.48

2026-09-20T02:54:37.387Z,33.87,68.47

2026-09-20T02:54:42.401Z,33.86,68.48

2026-09-20T02:54:47.387Z,33.86,68.49

2026-09-20T02:54:52.387Z,33.86,68.46

2026-09-20T02:54:57.386Z,33.85,68.42

2026-09-20T02:55:02.386Z,33.84,68.48

2026-09-20T02:55:07.403Z,33.83,68.45

2026-09-20T02:55:12.423Z,33.85,68.57

2026-09-20T02:55:17.399Z,33.86,68.57

2026-09-20T02:55:22.401Z,33.85,68.54

2026-09-20T02:55:27.400Z,33.83,68.57

2026-09-20T02:55:32.402Z,33.83,68.6

2026-09-20T02:55:37.405Z,33.84,68.49

2026-09-20T02:55:42.414Z,33.83,68.59

2026-09-20T02:55:47.404Z,33.83,68.5

2026-09-20T02:55:52.403Z,33.83,68.55

2026-09-20T02:55:57.405Z,33.84,68.5

2026-09-20T02:56:02.403Z,33.85,68.56

2026-09-20T02:56:07.403Z,33.83,68.53

2026-09-20T02:56:12.419Z,33.83,68.57

2026-09-20T02:56:17.406Z,33.82,68.55

2026-09-20T02:56:22.407Z,33.82,68.56

2026-09-20T02:56:27.407Z,33.84,68.55

2026-09-20T02:56:32.407Z,33.83,68.51

2026-09-20T02:56:37.431Z,33.84,68.54

2026-09-20T02:56:42.424Z,33.85,68.48

2026-09-20T02:56:47.423Z,33.83,68.59

2026-09-20T02:56:52.436Z,33.83,68.6

2026-09-20T02:56:57.424Z,33.83,68.58

2026-09-20T02:57:02.422Z,33.81,68.62

2026-09-20T02:57:07.424Z,33.81,68.61

2026-09-20T02:57:12.425Z,33.82,68.6

2026-09-20T02:57:17.428Z,33.81,68.59

2026-09-20T02:57:22.438Z,33.82,68.66

2026-09-20T02:57:27.427Z,33.82,68.63

2026-09-20T02:57:32.426Z,33.82,68.61

2026-09-20T02:57:37.428Z,33.83,68.55

2026-09-20T02:57:42.427Z,33.82,68.57

2026-09-20T02:57:47.429Z,33.83,68.59

2026-09-20T02:57:52.439Z,33.82,68.6

2026-09-20T02:57:57.428Z,33.81,68.55

2026-09-20T02:58:02.428Z,33.83,68.62

2026-09-20T02:58:07.429Z,33.82,68.6

2026-09-20T02:58:12.431Z,33.8,68.65

2026-09-20T02:58:17.438Z,33.82,68.66

2026-09-20T02:58:22.444Z,33.82,68.65

2026-09-20T02:58:27.431Z,33.82,68.65

2026-09-20T02:58:32.435Z,33.82,68.64

2026-09-20T02:58:37.435Z,33.81,68.61

2026-09-20T02:58:42.433Z,33.79,68.64

2026-09-20T02:58:47.446Z,33.81,68.62

2026-09-20T02:58:52.458Z,33.8,68.63

2026-09-20T02:58:57.445Z,33.8,68.58

2026-09-20T02:59:02.445Z,33.81,68.65

2026-09-20T02:59:07.445Z,33.82,68.65

2026-09-20T02:59:12.446Z,33.8,68.63

2026-09-20T02:59:17.450Z,33.81,68.64

2026-09-20T02:59:22.465Z,33.8,68.66

2026-09-20T02:59:27.450Z,33.81,68.7

2026-09-20T02:59:32.451Z,33.82,68.68

2026-09-20T02:59:37.450Z,33.81,68.64

2026-09-20T02:59:42.451Z,33.81,68.67

2026-09-20T02:59:47.465Z,33.81,68.7

2026-09-20T02:59:52.475Z,33.79,68.71

2026-09-20T02:59:57.461Z,33.81,68.63

2026-09-20T03:00:02.463Z,33.81,68.64

2026-09-20T03:00:07.462Z,33.82,68.62

2026-09-20T03:00:12.463Z,33.82,68.63

2026-09-20T03:00:17.474Z,33.82,68.58

2026-09-20T03:00:22.482Z,33.8,68.74

2026-09-20T03:00:27.472Z,33.82,68.63

2026-09-20T03:00:32.470Z,33.8,68.66

2026-09-20T03:00:37.472Z,33.8,68.62

2026-09-20T03:00:42.474Z,33.8,68.6

2026-09-20T03:00:47.488Z,33.8,68.6

2026-09-20T03:00:52.500Z,33.82,68.6

2026-09-20T03:00:57.489Z,33.8,68.61

2026-09-20T03:01:02.486Z,33.82,68.61

2026-09-20T03:01:07.488Z,33.8,68.64

2026-09-20T03:01:12.489Z,33.81,68.66

2026-09-20T03:01:17.491Z,33.81,68.59

2026-09-20T03:01:22.503Z,33.82,68.64

2026-09-20T03:01:27.488Z,33.83,68.64

2026-09-20T03:01:32.490Z,33.81,68.62

2026-09-20T03:01:37.491Z,33.8,68.68

2026-09-20T03:01:42.490Z,33.81,68.61

2026-09-20T03:01:47.495Z,33.82,68.55

2026-09-20T03:01:52.509Z,33.81,68.66

2026-09-20T03:01:57.496Z,33.8,68.59

2026-09-20T03:02:02.496Z,33.82,68.61

2026-09-20T03:02:07.496Z,33.82,68.63

2026-09-20T03:02:12.500Z,33.81,68.7

2026-09-20T03:02:17.507Z,33.81,68.74

2026-09-20T03:02:22.522Z,33.82,68.85

2026-09-20T03:02:27.506Z,33.8,68.82

2026-09-20T03:02:32.504Z,33.81,68.93

2026-09-20T03:02:37.504Z,33.81,68.95

2026-09-20T03:02:42.506Z,33.82,68.97

2026-09-20T03:02:47.507Z,33.8,68.95

2026-09-20T03:02:52.519Z,33.8,68.91

2026-09-20T03:02:57.507Z,33.82,68.83

2026-09-20T03:03:02.508Z,33.82,68.81

2026-09-20T03:03:07.508Z,33.81,68.8

2026-09-20T03:03:12.508Z,33.82,68.78

2026-09-20T03:03:17.521Z,33.81,68.78

2026-09-20T03:03:22.528Z,33.79,68.75

2026-09-20T03:03:27.520Z,33.8,68.74

2026-09-20T03:03:32.521Z,33.8,68.73

2026-09-20T03:03:37.519Z,33.8,68.74

2026-09-20T03:03:42.520Z,33.81,68.8

2026-09-20T03:03:47.520Z,33.79,68.67

2026-09-20T03:03:52.530Z,33.8,68.69

2026-09-20T03:03:57.519Z,33.78,68.72

2026-09-20T03:04:02.522Z,33.79,68.74

2026-09-20T03:04:07.520Z,33.8,68.66

2026-09-20T03:04:12.520Z,33.83,68.69

2026-09-20T03:04:17.521Z,33.81,68.65

2026-09-20T03:04:22.534Z,33.81,68.71

2026-09-20T03:04:27.522Z,33.81,68.69

2026-09-20T03:04:32.522Z,33.81,68.63

2026-09-20T03:04:37.522Z,33.81,68.67

2026-09-20T03:04:42.523Z,33.82,68.68

2026-09-20T03:04:47.521Z,33.81,68.68

2026-09-20T03:04:52.536Z,33.8,68.71

2026-09-20T03:04:57.523Z,33.79,68.7

2026-09-20T03:05:02.523Z,33.81,68.67

2026-09-20T03:05:07.524Z,33.8,68.66

2026-09-20T03:05:12.524Z,33.79,68.68

2026-09-20T03:05:17.529Z,33.8,68.75

2026-09-20T03:05:22.540Z,33.79,68.74

2026-09-20T03:05:27.526Z,33.78,68.67

2026-09-20T03:05:32.527Z,33.8,68.75

2026-09-20T03:05:37.528Z,33.8,68.72

2026-09-20T03:05:42.532Z,33.79,68.73

2026-09-20T03:05:47.534Z,33.81,68.71

2026-09-20T03:05:52.548Z,33.79,68.7

2026-09-20T03:05:57.535Z,33.8,68.75

2026-09-20T03:06:02.532Z,33.81,68.72

2026-09-20T03:06:07.532Z,33.81,68.71

2026-09-20T03:06:12.534Z,33.79,68.71

2026-09-20T03:06:17.544Z,33.79,68.67

2026-09-20T03:06:22.556Z,33.81,68.75

2026-09-20T03:06:27.544Z,33.81,68.66

2026-09-20T03:06:32.544Z,33.8,68.61

2026-09-20T03:06:37.545Z,33.81,68.62

2026-09-20T03:06:42.545Z,33.81,68.62

2026-09-20T03:06:47.558Z,33.82,68.68

2026-09-20T03:06:52.568Z,33.81,68.69

2026-09-20T03:06:57.560Z,33.8,68.72

2026-09-20T03:07:02.557Z,33.8,68.77

2026-09-20T03:07:07.558Z,33.8,68.81

2026-09-20T03:07:12.558Z,33.8,68.75

2026-09-20T03:07:17.578Z,33.8,68.74

2026-09-20T03:07:22.592Z,33.78,68.8

2026-09-20T03:07:27.577Z,33.79,68.81

2026-09-20T03:07:32.576Z,33.79,68.8

2026-09-20T03:07:37.577Z,33.81,68.81

2026-09-20T03:07:42.578Z,33.81,68.78

2026-09-20T03:07:47.582Z,33.78,68.79

2026-09-20T03:07:52.594Z,33.79,68.84

2026-09-20T03:07:57.581Z,33.8,68.82

2026-09-20T03:08:02.583Z,33.79,68.79

2026-09-20T03:08:07.583Z,33.78,68.84

2026-09-20T03:08:12.580Z,33.79,68.83

2026-09-20T03:08:17.591Z,33.8,68.76

2026-09-20T03:08:22.603Z,33.8,68.88

2026-09-20T03:08:27.590Z,33.77,68.82

2026-09-20T03:08:32.590Z,33.78,68.87

2026-09-20T03:08:37.588Z,33.79,68.88

2026-09-20T03:08:42.590Z,33.8,68.84

2026-09-20T03:08:47.592Z,33.78,68.88

2026-09-20T03:08:52.601Z,33.77,68.89

2026-09-20T03:08:57.590Z,33.79,68.78

2026-09-20T03:09:02.591Z,33.78,68.82

2026-09-20T03:09:07.590Z,33.79,68.79

2026-09-20T03:09:12.591Z,33.78,68.82

2026-09-20T03:09:17.595Z,33.76,68.8

2026-09-20T03:09:22.604Z,33.78,68.82

2026-09-20T03:09:27.592Z,33.78,68.8

2026-09-20T03:09:32.592Z,33.78,68.8

2026-09-20T03:09:37.596Z,33.78,68.78

2026-09-20T03:09:42.596Z,33.79,68.79

2026-09-20T03:09:47.611Z,33.75,68.76

2026-09-20T03:09:52.627Z,33.79,68.84

2026-09-20T03:09:57.611Z,33.75,68.75

2026-09-20T03:10:02.613Z,33.76,68.78

2026-09-20T03:10:07.611Z,33.76,68.85

2026-09-20T03:10:12.611Z,33.76,68.8

2026-09-20T03:10:17.620Z,33.77,68.79

2026-09-20T03:10:22.633Z,33.76,68.81

2026-09-20T03:10:27.618Z,33.77,68.74

2026-09-20T03:10:32.619Z,33.76,68.81

2026-09-20T03:10:37.618Z,33.77,68.78

2026-09-20T03:10:42.620Z,33.78,68.77

2026-09-20T03:10:47.623Z,33.78,68.81

2026-09-20T03:10:52.635Z,33.76,68.85

2026-09-20T03:10:57.625Z,33.77,68.82

2026-09-20T03:11:02.622Z,33.78,68.8

2026-09-20T03:11:07.621Z,33.76,68.84

2026-09-20T03:11:12.633Z,33.77,68.86

2026-09-20T03:11:17.621Z,33.77,68.82

2026-09-20T03:11:22.625Z,33.76,68.82

2026-09-20T03:11:27.623Z,33.76,68.79

2026-09-20T03:11:32.635Z,33.78,68.85

2026-09-20T03:11:37.624Z,33.77,68.81

2026-09-20T03:11:42.623Z,33.76,68.86

2026-09-20T03:11:47.623Z,33.76,68.84

2026-09-20T03:11:52.623Z,33.75,68.88

2026-09-20T03:11:57.632Z,33.76,68.88

2026-09-20T03:12:02.647Z,33.77,68.79

2026-09-20T03:12:07.633Z,33.76,68.87

2026-09-20T03:12:12.632Z,33.76,68.88

2026-09-20T03:12:17.633Z,33.76,68.88

2026-09-20T03:12:22.634Z,33.76,68.8

2026-09-20T03:12:27.633Z,33.76,68.82

2026-09-20T03:12:32.646Z,33.75,68.95

2026-09-20T03:12:37.632Z,33.77,68.84

2026-09-20T03:12:42.633Z,33.76,68.89

2026-09-20T03:12:47.633Z,33.75,68.88

2026-09-20T03:12:52.635Z,33.75,68.91

2026-09-20T03:12:57.646Z,33.75,68.87

2026-09-20T03:13:02.654Z,33.74,68.85

2026-09-20T03:13:07.644Z,33.75,68.84

2026-09-20T03:13:12.649Z,33.75,68.83

2026-09-20T03:13:17.645Z,33.75,68.8

2026-09-20T03:13:22.647Z,33.76,68.85

2026-09-20T03:13:27.661Z,33.76,68.75

2026-09-20T03:13:32.677Z,33.75,68.78

2026-09-20T03:13:37.657Z,33.78,68.77

2026-09-20T03:13:42.660Z,33.74,68.73

2026-09-20T03:13:47.664Z,33.76,68.74

2026-09-20T03:13:52.662Z,33.75,68.73

2026-09-20T03:13:57.671Z,33.77,68.76

2026-09-20T03:14:02.681Z,33.76,68.74

2026-09-20T03:14:07.670Z,33.77,68.78

2026-09-20T03:14:12.670Z,33.78,68.74

2026-09-20T03:14:17.671Z,33.75,68.76

2026-09-20T03:14:22.671Z,33.77,68.72

2026-09-20T03:14:27.680Z,33.77,68.72

2026-09-20T03:14:32.689Z,33.78,68.79

2026-09-20T03:14:37.677Z,33.77,68.74

2026-09-20T03:14:42.681Z,33.77,68.8

2026-09-20T03:14:47.677Z,33.79,68.77

2026-09-20T03:14:52.691Z,33.78,68.84

2026-09-20T03:14:57.679Z,33.76,68.75

2026-09-20T03:15:02.680Z,33.75,68.74

2026-09-20T03:15:07.679Z,33.74,68.79

2026-09-20T03:15:12.681Z,33.74,68.76

2026-09-20T03:15:17.679Z,33.75,68.79

2026-09-20T03:15:22.692Z,33.75,68.78

2026-09-20T03:15:27.682Z,33.76,68.74

2026-09-20T03:15:32.680Z,33.75,68.8

2026-09-20T03:15:37.680Z,33.76,68.79

2026-09-20T03:15:42.682Z,33.77,68.77

2026-09-20T03:15:47.695Z,33.74,68.79

2026-09-20T03:15:52.706Z,33.75,68.76

2026-09-20T03:15:57.693Z,33.76,68.74

2026-09-20T03:16:02.692Z,33.76,68.82

2026-09-20T03:16:07.691Z,33.74,68.83

2026-09-20T03:16:12.691Z,33.76,68.81

2026-09-20T03:16:17.697Z,33.76,68.8

2026-09-20T03:16:22.709Z,33.74,68.86

2026-09-20T03:16:27.697Z,33.75,68.82

2026-09-20T03:16:32.696Z,33.76,68.87

2026-09-20T03:16:37.702Z,33.77,68.84

2026-09-20T03:16:42.700Z,33.75,68.87

2026-09-20T03:16:47.719Z,33.76,68.9

2026-09-20T03:16:52.720Z,33.77,68.86

2026-09-20T03:16:57.713Z,33.74,68.89

2026-09-20T03:17:02.714Z,33.75,68.84

2026-09-20T03:17:07.717Z,33.76,68.81

2026-09-20T03:17:12.714Z,33.73,68.87

2026-09-20T03:17:17.714Z,33.75,68.84

2026-09-20T03:17:22.726Z,33.75,68.81

2026-09-20T03:17:27.716Z,33.75,68.8

2026-09-20T03:17:32.714Z,33.75,68.79

2026-09-20T03:17:37.715Z,33.75,68.78

2026-09-20T03:17:42.714Z,33.75,68.79

2026-09-20T03:17:47.724Z,33.76,68.8

2026-09-20T03:17:52.734Z,33.74,68.79

2026-09-20T03:17:57.722Z,33.76,68.77

2026-09-20T03:18:02.724Z,33.77,68.73

2026-09-20T03:18:07.723Z,33.74,68.73

2026-09-20T03:18:12.723Z,33.75,68.76

2026-09-20T03:18:17.738Z,33.74,68.75

2026-09-20T03:18:22.747Z,33.75,68.75

2026-09-20T03:18:27.738Z,33.74,68.77

2026-09-20T03:18:32.737Z,33.76,68.76

2026-09-20T03:18:37.735Z,33.74,68.77

2026-09-20T03:18:42.736Z,33.77,68.74

2026-09-20T03:18:47.752Z,33.75,68.69

2026-09-20T03:18:52.764Z,33.75,68.74

2026-09-20T03:18:57.750Z,33.76,68.69

2026-09-20T03:19:02.753Z,33.75,68.73

2026-09-20T03:19:07.752Z,33.76,68.71

2026-09-20T03:19:12.752Z,33.76,68.73

2026-09-20T03:19:17.764Z,33.76,68.72

2026-09-20T03:19:22.775Z,33.73,68.79

2026-09-20T03:19:27.763Z,33.74,68.72

2026-09-20T03:19:32.765Z,33.75,68.71

2026-09-20T03:19:37.765Z,33.75,68.73

2026-09-20T03:19:42.765Z,33.75,68.73

2026-09-20T03:19:47.770Z,33.74,68.75

2026-09-20T03:19:52.782Z,33.73,68.72

2026-09-20T03:19:57.771Z,33.74,68.74

2026-09-20T03:20:02.771Z,33.76,68.72

2026-09-20T03:20:07.770Z,33.76,68.79

2026-09-20T03:20:12.772Z,33.75,68.83

2026-09-20T03:20:17.775Z,33.75,68.79

2026-09-20T03:20:22.786Z,33.75,68.86

2026-09-20T03:20:27.772Z,33.74,68.76

2026-09-20T03:20:32.773Z,33.75,68.88

2026-09-20T03:20:37.771Z,33.76,68.85

2026-09-20T03:20:42.778Z,33.77,68.8

2026-09-20T03:20:47.788Z,33.75,68.86

2026-09-20T03:20:52.802Z,33.75,68.86

2026-09-20T03:20:57.784Z,33.75,68.81

2026-09-20T03:21:02.784Z,33.74,68.84

2026-09-20T03:21:07.783Z,33.76,68.86

2026-09-20T03:21:12.783Z,33.76,68.85

2026-09-20T03:21:17.801Z,33.76,68.87

2026-09-20T03:21:22.813Z,33.74,68.91

2026-09-20T03:21:27.800Z,33.74,68.84

2026-09-20T03:21:32.799Z,33.75,68.89

2026-09-20T03:21:37.798Z,33.75,68.87

2026-09-20T03:21:42.801Z,33.75,68.92

2026-09-20T03:21:47.802Z,33.78,68.92

2026-09-20T03:21:52.815Z,33.75,68.89

2026-09-20T03:21:57.804Z,33.77,68.85

2026-09-20T03:22:02.805Z,33.76,68.85

2026-09-20T03:22:07.805Z,33.75,68.85

2026-09-20T03:22:12.807Z,33.77,68.9

2026-09-20T03:22:17.817Z,33.75,68.91

2026-09-20T03:22:22.827Z,33.74,68.89

2026-09-20T03:22:27.816Z,33.74,68.91

2026-09-20T03:22:32.815Z,33.75,68.81

2026-09-20T03:22:37.816Z,33.74,68.86

2026-09-20T03:22:42.819Z,33.73,68.86

2026-09-20T03:22:47.819Z,33.75,68.82

2026-09-20T03:22:52.832Z,33.74,68.85

2026-09-20T03:22:57.817Z,33.75,68.8

2026-09-20T03:23:02.817Z,33.76,68.83

2026-09-20T03:23:07.818Z,33.75,68.8

2026-09-20T03:23:12.831Z,33.75,68.85

2026-09-20T03:23:17.820Z,33.76,68.79

2026-09-20T03:23:22.821Z,33.74,68.77

2026-09-20T03:23:27.819Z,33.76,68.74

2026-09-20T03:23:32.821Z,33.76,68.8

2026-09-20T03:23:37.820Z,33.75,68.81

2026-09-20T03:23:42.831Z,33.74,68.85

2026-09-20T03:23:47.821Z,33.74,68.75

2026-09-20T03:23:52.821Z,33.75,68.8

2026-09-20T03:23:57.821Z,33.74,68.82

2026-09-20T03:24:02.823Z,33.77,68.77

2026-09-20T03:24:07.830Z,33.75,68.81

2026-09-20T03:24:12.839Z,33.73,68.79

2026-09-20T03:24:17.833Z,33.75,68.79

2026-09-20T03:24:22.834Z,33.75,68.76

2026-09-20T03:24:27.832Z,33.76,68.77

2026-09-20T03:24:32.830Z,33.74,68.7

2026-09-20T03:24:37.845Z,33.75,68.78

2026-09-20T03:24:42.864Z,33.75,68.79

2026-09-20T03:24:47.845Z,33.75,68.7

2026-09-20T03:24:52.846Z,33.76,68.74

2026-09-20T03:24:57.847Z,33.75,68.72

2026-09-20T03:25:02.850Z,33.76,68.75

2026-09-20T03:25:07.850Z,33.76,68.69

2026-09-20T03:25:12.858Z,33.75,68.71

2026-09-20T03:25:17.848Z,33.75,68.62

2026-09-20T03:25:22.852Z,33.74,68.66

2026-09-20T03:25:27.851Z,33.75,68.61

2026-09-20T03:25:32.851Z,33.75,68.62

2026-09-20T03:25:37.854Z,33.76,68.56

2026-09-20T03:25:42.870Z,33.75,68.57

2026-09-20T03:25:47.854Z,33.75,68.54

2026-09-20T03:25:52.853Z,33.75,68.55

2026-09-20T03:25:57.852Z,33.77,68.52

2026-09-20T03:26:02.852Z,33.75,68.46

2026-09-20T03:26:07.864Z,33.75,68.47

2026-09-20T03:26:12.875Z,33.75,68.47

2026-09-20T03:26:17.861Z,33.76,68.43

2026-09-20T03:26:22.864Z,33.75,68.48

2026-09-20T03:26:27.864Z,33.75,68.49

2026-09-20T03:26:32.864Z,33.75,68.44

2026-09-20T03:26:37.871Z,33.75,68.45

2026-09-20T03:26:42.887Z,33.74,68.44

2026-09-20T03:26:47.871Z,33.75,68.37

2026-09-20T03:26:52.873Z,33.74,68.39

2026-09-20T03:26:57.872Z,33.76,68.36

2026-09-20T03:27:02.874Z,33.76,68.34

2026-09-20T03:27:07.873Z,33.75,68.34

2026-09-20T03:27:12.884Z,33.74,68.29

2026-09-20T03:27:17.871Z,33.76,68.24

2026-09-20T03:27:22.871Z,33.75,68.27

2026-09-20T03:27:27.873Z,33.75,68.25

2026-09-20T03:27:32.871Z,33.75,68.2

2026-09-20T03:27:37.875Z,33.75,68.16

2026-09-20T03:27:42.886Z,33.75,68.25

2026-09-20T03:27:47.871Z,33.74,68.12

2026-09-20T03:27:52.872Z,33.75,68.17

2026-09-20T03:27:57.875Z,33.76,68.12

2026-09-20T03:28:02.873Z,33.76,68.11

2026-09-20T03:28:07.889Z,33.77,68.09

2026-09-20T03:28:12.903Z,33.74,68.12

2026-09-20T03:28:17.885Z,33.76,68.09

2026-09-20T03:28:22.886Z,33.77,68.11

2026-09-20T03:28:27.887Z,33.76,68.04

2026-09-20T03:28:32.886Z,33.75,68.01

2026-09-20T03:28:37.898Z,33.77,68

2026-09-20T03:28:42.913Z,33.76,68.05

2026-09-20T03:28:47.896Z,33.76,68.02

2026-09-20T03:28:52.897Z,33.76,67.91

2026-09-20T03:28:57.896Z,33.75,67.87

2026-09-20T03:29:02.898Z,33.77,67.9

2026-09-20T03:29:07.912Z,33.76,67.9

2026-09-20T03:29:12.920Z,33.75,67.92

2026-09-20T03:29:17.912Z,33.75,67.91

2026-09-20T03:29:22.912Z,33.76,67.86

2026-09-20T03:29:27.911Z,33.76,67.86

2026-09-20T03:29:32.911Z,33.76,67.92

2026-09-20T03:29:37.932Z,33.76,67.87

2026-09-20T03:29:42.950Z,33.75,67.89

2026-09-20T03:29:47.933Z,33.77,67.79

2026-09-20T03:29:52.933Z,33.76,67.82

2026-09-20T03:29:57.934Z,33.77,67.78

2026-09-20T03:30:02.934Z,33.78,67.8

2026-09-20T03:30:07.940Z,33.78,67.73

2026-09-20T03:30:12.951Z,33.76,67.83

2026-09-20T03:30:17.938Z,33.78,67.73

2026-09-20T03:30:22.942Z,33.77,67.73

2026-09-20T03:30:27.940Z,33.75,67.71

2026-09-20T03:30:32.942Z,33.78,67.63

2026-09-20T03:30:37.940Z,33.77,67.63

2026-09-20T03:30:42.953Z,33.77,67.63

2026-09-20T03:30:47.939Z,33.78,67.57

2026-09-20T03:30:52.938Z,33.78,67.56

2026-09-20T03:30:57.939Z,33.76,67.58

2026-09-20T03:31:02.941Z,33.77,67.58

2026-09-20T03:31:07.939Z,33.77,67.57

2026-09-20T03:31:12.957Z,33.77,67.6

2026-09-20T03:31:17.940Z,33.77,67.54

2026-09-20T03:31:22.940Z,33.78,67.56

2026-09-20T03:31:27.938Z,33.8,67.48

2026-09-20T03:31:32.938Z,33.78,67.52

2026-09-20T03:31:37.954Z,33.78,67.53

2026-09-20T03:31:42.969Z,33.79,67.63

2026-09-20T03:31:47.951Z,33.78,67.53

2026-09-20T03:31:52.954Z,33.78,67.49

2026-09-20T03:31:57.954Z,33.78,67.47

2026-09-20T03:32:02.951Z,33.78,67.48

2026-09-20T03:32:07.969Z,33.78,67.51

2026-09-20T03:32:12.982Z,33.78,67.47

2026-09-20T03:32:17.967Z,33.78,67.4

2026-09-20T03:32:22.969Z,33.78,67.38

2026-09-20T03:32:27.980Z,33.77,67.38

2026-09-20T03:32:32.989Z,33.77,67.38

2026-09-20T03:32:37.977Z,33.79,67.29

2026-09-20T03:32:42.980Z,33.78,67.3

2026-09-20T03:32:47.977Z,33.78,67.3

2026-09-20T03:32:52.978Z,33.77,67.31

2026-09-20T03:32:57.982Z,33.76,67.27

2026-09-20T03:33:02.995Z,33.76,67.4

2026-09-20T03:33:07.981Z,33.76,67.35

2026-09-20T03:33:12.983Z,33.77,67.32

2026-09-20T03:33:17.983Z,33.75,67.3

2026-09-20T03:33:22.984Z,33.77,67.35

2026-09-20T03:33:27.990Z,33.76,67.38

2026-09-20T03:33:33.002Z,33.77,67.39

2026-09-20T03:33:37.988Z,33.77,67.34

2026-09-20T03:33:42.988Z,33.76,67.38

2026-09-20T03:33:47.987Z,33.78,67.26

2026-09-20T03:33:52.990Z,33.78,67.27

2026-09-20T03:33:58.001Z,33.77,67.37

2026-09-20T03:34:03.007Z,33.77,67.32

2026-09-20T03:34:07.994Z,33.76,67.33

2026-09-20T03:34:12.995Z,33.76,67.25

2026-09-20T03:34:17.995Z,33.76,67.25

2026-09-20T03:34:22.998Z,33.77,67.25

2026-09-20T03:34:27.997Z,33.76,67.29

2026-09-20T03:34:33.005Z,33.76,67.35

2026-09-20T03:34:37.996Z,33.78,67.27

2026-09-20T03:34:42.994Z,33.75,67.23

2026-09-20T03:34:47.995Z,33.76,67.31

2026-09-20T03:34:52.995Z,33.75,67.28

2026-09-20T03:34:57.999Z,33.75,67.26

2026-09-20T03:35:03.008Z,33.76,67.3

2026-09-20T03:35:07.997Z,33.77,67.24

2026-09-20T03:35:12.998Z,33.77,67.33

2026-09-20T03:35:18.002Z,33.76,67.19

2026-09-20T03:35:23.000Z,33.76,67.29

2026-09-20T03:35:28.011Z,33.77,67.32

2026-09-20T03:35:33.024Z,33.75,67.3

2026-09-20T03:35:38.012Z,33.76,67.28

2026-09-20T03:35:43.012Z,33.77,67.21

2026-09-20T03:35:48.011Z,33.75,67.29

2026-09-20T03:35:53.014Z,33.75,67.3

2026-09-20T03:35:58.020Z,33.76,67.31

2026-09-20T03:36:03.033Z,33.75,67.33

2026-09-20T03:36:08.020Z,33.75,67.32

2026-09-20T03:36:13.020Z,33.77,67.3

2026-09-20T03:36:18.020Z,33.76,67.34

2026-09-20T03:36:23.022Z,33.76,67.32

2026-09-20T03:36:28.033Z,33.78,67.37

2026-09-20T03:36:33.041Z,33.76,67.39

2026-09-20T03:36:38.030Z,33.77,67.36

2026-09-20T03:36:43.030Z,33.75,67.37

2026-09-20T03:36:48.029Z,33.75,67.39

2026-09-20T03:36:53.029Z,33.75,67.32

2026-09-20T03:36:58.045Z,33.73,67.37

2026-09-20T03:37:03.055Z,33.75,67.43

2026-09-20T03:37:08.043Z,33.74,67.36

2026-09-20T03:37:13.044Z,33.74,67.37

2026-09-20T03:37:18.044Z,33.75,67.41

2026-09-20T03:37:23.045Z,33.73,67.41

2026-09-20T03:37:28.052Z,33.74,67.39

2026-09-20T03:37:33.064Z,33.75,67.46

2026-09-20T03:37:38.050Z,33.74,67.39

2026-09-20T03:37:43.052Z,33.75,67.47

2026-09-20T03:37:48.051Z,33.74,67.42

2026-09-20T03:37:53.052Z,33.74,67.48

2026-09-20T03:37:58.053Z,33.73,67.47

2026-09-20T03:38:03.066Z,33.73,67.51

2026-09-20T03:38:08.054Z,33.73,67.46

2026-09-20T03:38:13.053Z,33.74,67.47

2026-09-20T03:38:18.053Z,33.74,67.46

2026-09-20T03:38:23.054Z,33.73,67.47

2026-09-20T03:38:28.053Z,33.75,67.46

2026-09-20T03:38:33.064Z,33.73,67.56

2026-09-20T03:38:38.052Z,33.73,67.6

2026-09-20T03:38:43.053Z,33.73,67.65

2026-09-20T03:38:48.054Z,33.72,67.72

2026-09-20T03:38:53.055Z,33.72,67.75

2026-09-20T03:38:58.054Z,33.73,67.83

2026-09-20T03:39:03.071Z,33.7,67.92

2026-09-20T03:39:08.058Z,33.72,67.88

2026-09-20T03:39:13.058Z,33.7,67.91

2026-09-20T03:39:18.060Z,33.71,67.9

2026-09-20T03:39:23.061Z,33.69,67.99

2026-09-20T03:39:28.061Z,33.69,68.01

2026-09-20T03:39:33.071Z,33.69,68.01

2026-09-20T03:39:38.060Z,33.7,68.01

2026-09-20T03:39:43.061Z,33.7,68

2026-09-20T03:39:48.063Z,33.69,67.99

2026-09-20T03:39:53.062Z,33.68,68.04

2026-09-20T03:39:58.075Z,33.69,67.94

2026-09-20T03:40:03.084Z,33.68,67.99

2026-09-20T03:40:08.072Z,33.69,67.96

2026-09-20T03:40:13.072Z,33.7,67.94

2026-09-20T03:40:18.071Z,33.7,67.92

2026-09-20T03:40:23.072Z,33.7,67.94

2026-09-20T03:40:28.088Z,33.71,67.87

2026-09-20T03:40:33.101Z,33.71,67.94

2026-09-20T03:40:38.088Z,33.7,67.89

2026-09-20T03:40:43.087Z,33.69,67.83

2026-09-20T03:40:48.086Z,33.7,67.87

2026-09-20T03:40:53.088Z,33.7,67.88

2026-09-20T03:40:58.105Z,33.71,67.85

2026-09-20T03:41:03.115Z,33.69,67.93

2026-09-20T03:41:08.103Z,33.69,67.91

2026-09-20T03:41:13.104Z,33.69,67.88

2026-09-20T03:41:18.105Z,33.69,67.92

2026-09-20T03:41:23.106Z,33.68,67.89

2026-09-20T03:41:28.105Z,33.7,67.95

2026-09-20T03:41:33.116Z,33.69,67.89

2026-09-20T03:41:38.104Z,33.69,68

2026-09-20T03:41:43.104Z,33.71,67.97

2026-09-20T03:41:48.106Z,33.71,68.01

2026-09-20T03:41:53.104Z,33.7,67.99

2026-09-20T03:41:58.113Z,33.72,68.16

2026-09-20T03:42:03.122Z,33.69,68.28

2026-09-20T03:42:08.112Z,33.7,68.41

2026-09-20T03:42:13.114Z,33.71,68.39

2026-09-20T03:42:18.114Z,33.68,68.51

2026-09-20T03:42:23.115Z,33.71,68.52

2026-09-20T03:42:28.119Z,33.71,68.52

2026-09-20T03:42:33.133Z,33.7,68.47

2026-09-20T03:42:38.117Z,33.7,68.49

2026-09-20T03:42:43.120Z,33.7,68.45

2026-09-20T03:42:48.118Z,33.71,68.44

2026-09-20T03:42:53.135Z,33.7,68.45

2026-09-20T03:42:58.119Z,33.68,68.42

2026-09-20T03:43:03.123Z,33.71,68.48

2026-09-20T03:43:08.120Z,33.69,68.5

2026-09-20T03:43:13.135Z,33.68,68.62

2026-09-20T03:43:18.122Z,33.69,68.57

2026-09-20T03:43:23.122Z,33.7,68.59

2026-09-20T03:43:28.122Z,33.69,68.61

2026-09-20T03:43:33.122Z,33.71,68.63

2026-09-20T03:43:38.121Z,33.69,68.64

2026-09-20T03:43:43.140Z,33.69,68.66

2026-09-20T03:43:48.124Z,33.71,68.66

2026-09-20T03:43:53.124Z,33.7,68.75

2026-09-20T03:43:58.125Z,33.71,68.7

2026-09-20T03:44:03.124Z,33.7,68.7

2026-09-20T03:44:08.137Z,33.69,68.69

2026-09-20T03:44:13.151Z,33.68,68.78

2026-09-20T03:44:18.135Z,33.7,68.7

2026-09-20T03:44:23.137Z,33.69,68.7

2026-09-20T03:44:28.136Z,33.69,68.75

2026-09-20T03:44:33.136Z,33.68,68.72

2026-09-20T03:44:38.157Z,33.68,68.71

2026-09-20T03:44:43.169Z,33.68,68.66

2026-09-20T03:44:48.156Z,33.7,68.64

2026-09-20T03:44:53.156Z,33.69,68.68

2026-09-20T03:44:58.156Z,33.7,68.64

2026-09-20T03:45:03.157Z,33.68,68.68

2026-09-20T03:45:08.160Z,33.7,68.56

2026-09-20T03:45:13.172Z,33.69,68.68

2026-09-20T03:45:18.160Z,33.69,68.65

2026-09-20T03:45:23.163Z,33.69,68.63

2026-09-20T03:45:28.163Z,33.69,68.68

2026-09-20T03:45:33.162Z,33.69,68.71

2026-09-20T03:45:38.174Z,33.71,68.6

2026-09-20T03:45:43.170Z,33.7,68.75

2026-09-20T03:45:48.168Z,33.68,68.69

2026-09-20T03:45:53.168Z,33.69,68.74

2026-09-20T03:45:58.167Z,33.71,68.74

2026-09-20T03:46:03.180Z,33.7,68.79

2026-09-20T03:46:08.168Z,33.69,68.77

2026-09-20T03:46:13.171Z,33.71,68.74

2026-09-20T03:46:18.173Z,33.69,68.78

2026-09-20T03:46:23.172Z,33.7,68.77

2026-09-20T03:46:28.172Z,33.71,68.79

2026-09-20T03:46:33.184Z,33.69,68.8

2026-09-20T03:46:38.178Z,33.71,68.76

2026-09-20T03:46:43.178Z,33.71,68.74

2026-09-20T03:46:48.178Z,33.68,68.75

2026-09-20T03:46:53.175Z,33.71,68.78

2026-09-20T03:46:58.196Z,33.7,68.71

2026-09-20T03:47:03.207Z,33.71,68.71

2026-09-20T03:47:08.193Z,33.71,68.7

2026-09-20T03:47:13.194Z,33.72,68.69

2026-09-20T03:47:18.193Z,33.69,68.71

2026-09-20T03:47:23.195Z,33.72,68.73

2026-09-20T03:47:28.223Z,33.71,68.79

2026-09-20T03:47:33.232Z,33.71,68.83

2026-09-20T03:47:38.219Z,33.72,68.8

2026-09-20T03:47:43.220Z,33.7,68.78

2026-09-20T03:47:48.220Z,33.71,68.8

2026-09-20T03:47:53.221Z,33.7,68.79

2026-09-20T03:47:58.220Z,33.72,68.78

2026-09-20T03:48:03.233Z,33.71,68.84

2026-09-20T03:48:08.221Z,33.73,68.78

2026-09-20T03:48:13.221Z,33.74,68.77

2026-09-20T03:48:18.223Z,33.72,68.79

2026-09-20T03:48:23.224Z,33.72,68.85

2026-09-20T03:48:28.225Z,33.71,68.8

2026-09-20T03:48:33.234Z,33.71,68.77

2026-09-20T03:48:38.224Z,33.71,68.77

2026-09-20T03:48:43.226Z,33.71,68.85

2026-09-20T03:48:48.226Z,33.71,68.77

2026-09-20T03:48:53.226Z,33.71,68.82

2026-09-20T03:48:58.226Z,33.71,68.74

2026-09-20T03:49:03.238Z,33.72,68.78

2026-09-20T03:49:08.227Z,33.71,68.74

2026-09-20T03:49:13.226Z,33.7,68.81

2026-09-20T03:49:18.226Z,33.72,68.78

2026-09-20T03:49:23.228Z,33.71,68.77

2026-09-20T03:49:28.228Z,33.7,68.82

2026-09-20T03:49:33.239Z,33.7,68.84

2026-09-20T03:49:38.227Z,33.72,68.76

2026-09-20T03:49:43.227Z,33.71,68.77

2026-09-20T03:49:48.228Z,33.72,68.84

2026-09-20T03:49:53.228Z,33.69,68.75

2026-09-20T03:49:58.229Z,33.71,68.77

2026-09-20T03:50:03.243Z,33.71,68.79

2026-09-20T03:50:08.230Z,33.71,68.82

2026-09-20T03:50:13.235Z,33.7,68.86

2026-09-20T03:50:18.232Z,33.71,68.78

2026-09-20T03:50:23.234Z,33.7,68.9

2026-09-20T03:50:28.233Z,33.71,68.84

2026-09-20T03:50:33.242Z,33.71,68.87

2026-09-20T03:50:38.230Z,33.73,68.72

2026-09-20T03:50:43.233Z,33.72,68.81

2026-09-20T03:50:48.253Z,33.72,68.84

2026-09-20T03:50:53.233Z,33.72,68.75

2026-09-20T03:50:58.251Z,33.7,68.76

2026-09-20T03:51:03.261Z,33.71,68.83

2026-09-20T03:51:08.248Z,33.72,68.75

2026-09-20T03:51:13.250Z,33.71,68.72

2026-09-20T03:51:18.250Z,33.7,68.75

2026-09-20T03:51:23.250Z,33.7,68.76

2026-09-20T03:51:28.263Z,33.72,68.78

2026-09-20T03:51:33.273Z,33.7,68.85

2026-09-20T03:51:38.262Z,33.72,68.8

2026-09-20T03:51:43.261Z,33.7,68.83

2026-09-20T03:51:48.259Z,33.73,68.8

2026-09-20T03:51:53.263Z,33.73,68.79

2026-09-20T03:51:58.283Z,33.72,68.77

2026-09-20T03:52:03.296Z,33.72,68.88

2026-09-20T03:52:08.282Z,33.71,68.82

2026-09-20T03:52:13.283Z,33.72,68.76

2026-09-20T03:52:18.281Z,33.74,68.74

2026-09-20T03:52:23.283Z,33.74,68.75

2026-09-20T03:52:28.287Z,33.72,68.84

2026-09-20T03:52:33.297Z,33.71,68.86

2026-09-20T03:52:38.286Z,33.74,68.77

2026-09-20T03:52:43.296Z,33.7,68.78

2026-09-20T03:52:48.288Z,33.73,68.75

2026-09-20T03:52:53.288Z,33.73,68.73

2026-09-20T03:52:58.288Z,33.73,68.74

2026-09-20T03:53:03.288Z,33.73,68.77

2026-09-20T03:53:08.290Z,33.76,68.81

2026-09-20T03:53:13.300Z,33.74,68.77

2026-09-20T03:53:18.291Z,33.75,68.72

2026-09-20T03:53:23.290Z,33.72,68.72

2026-09-20T03:53:28.292Z,33.73,68.78

2026-09-20T03:53:33.290Z,33.74,68.69

2026-09-20T03:53:38.295Z,33.74,68.64

2026-09-20T03:53:43.307Z,33.74,68.72

2026-09-20T03:53:48.294Z,33.74,68.62

2026-09-20T03:53:53.297Z,33.74,68.66

2026-09-20T03:53:58.299Z,33.75,68.62

2026-09-20T03:54:03.297Z,33.76,68.6

2026-09-20T03:54:08.314Z,33.74,68.63

2026-09-20T03:54:13.317Z,33.73,68.61

2026-09-20T03:54:18.307Z,33.74,68.59

2026-09-20T03:54:23.310Z,33.74,68.59

2026-09-20T03:54:28.314Z,33.72,68.56

2026-09-20T03:54:33.325Z,33.72,68.63

2026-09-20T03:54:38.314Z,33.73,68.54

2026-09-20T03:54:43.313Z,33.72,68.6

2026-09-20T03:54:48.312Z,33.74,68.65

2026-09-20T03:54:53.315Z,33.73,68.64

2026-09-20T03:54:58.323Z,33.73,68.66

2026-09-20T03:55:03.334Z,33.73,68.73

2026-09-20T03:55:08.321Z,33.73,68.7

2026-09-20T03:55:13.321Z,33.74,68.74

2026-09-20T03:55:18.320Z,33.73,68.76

2026-09-20T03:55:23.336Z,33.74,68.73

2026-09-20T03:55:28.322Z,33.72,68.68

2026-09-20T03:55:33.324Z,33.72,68.67

2026-09-20T03:55:38.323Z,33.72,68.68

2026-09-20T03:55:43.326Z,33.73,68.71

2026-09-20T03:55:48.325Z,33.75,68.68

2026-09-20T03:55:53.338Z,33.74,68.65

2026-09-20T03:55:58.324Z,33.76,68.69

2026-09-20T03:56:03.327Z,33.76,68.68

2026-09-20T03:56:08.326Z,33.74,68.63

2026-09-20T03:56:13.326Z,33.73,68.69

2026-09-20T03:56:18.326Z,33.73,68.69

2026-09-20T03:56:23.341Z,33.74,68.71

2026-09-20T03:56:28.330Z,33.74,68.67

2026-09-20T03:56:33.326Z,33.74,68.65

2026-09-20T03:56:38.326Z,33.73,68.72

2026-09-20T03:56:43.327Z,33.73,68.62

2026-09-20T03:56:48.328Z,33.75,68.63

2026-09-20T03:56:53.339Z,33.74,68.62

2026-09-20T03:56:58.326Z,33.73,68.67

2026-09-20T03:57:03.328Z,33.73,68.65

2026-09-20T03:57:08.326Z,33.75,68.73

2026-09-20T03:57:13.326Z,33.74,68.74

2026-09-20T03:57:18.344Z,33.74,68.73

2026-09-20T03:57:23.355Z,33.75,68.74

2026-09-20T03:57:28.342Z,33.75,68.76

2026-09-20T03:57:33.343Z,33.73,68.67

2026-09-20T03:57:38.342Z,33.73,68.7

2026-09-20T03:57:43.344Z,33.73,68.69

2026-09-20T03:57:48.351Z,33.74,68.69

2026-09-20T03:57:53.362Z,33.73,68.7

2026-09-20T03:57:58.351Z,33.73,68.69

2026-09-20T03:58:03.351Z,33.73,68.69

2026-09-20T03:58:08.351Z,33.74,68.65

2026-09-20T03:58:13.351Z,33.74,68.67

2026-09-20T03:58:18.360Z,33.75,68.7

2026-09-20T03:58:23.376Z,33.74,68.73

2026-09-20T03:58:28.361Z,33.72,68.64

2026-09-20T03:58:33.361Z,33.72,68.7

2026-09-20T03:58:38.360Z,33.74,68.72

2026-09-20T03:58:43.362Z,33.72,68.68

2026-09-20T03:58:48.371Z,33.74,68.68

2026-09-20T03:58:53.385Z,33.75,68.68

2026-09-20T03:58:58.369Z,33.73,68.6

2026-09-20T03:59:03.369Z,33.72,68.6

2026-09-20T03:59:08.371Z,33.73,68.61

2026-09-20T03:59:13.371Z,33.74,68.6

2026-09-20T03:59:18.383Z,33.73,68.6

2026-09-20T03:59:23.397Z,33.73,68.6

2026-09-20T03:59:28.384Z,33.73,68.55

2026-09-20T03:59:33.382Z,33.73,68.52

2026-09-20T03:59:38.382Z,33.73,68.59

2026-09-20T03:59:43.384Z,33.72,68.58

2026-09-20T03:59:48.390Z,33.74,68.55

2026-09-20T03:59:53.402Z,33.72,68.6

2026-09-20T03:59:58.389Z,33.73,68.56

2026-09-20T04:00:03.387Z,33.74,68.55

2026-09-20T04:00:08.387Z,33.73,68.53

2026-09-20T04:00:13.390Z,33.75,68.55

2026-09-20T04:00:18.390Z,33.73,68.66

2026-09-20T04:00:23.401Z,33.72,68.7

2026-09-20T04:00:28.391Z,33.74,68.68

2026-09-20T04:00:33.391Z,33.74,68.7

2026-09-20T04:00:38.395Z,33.75,68.72

2026-09-20T04:00:43.394Z,33.76,68.79

2026-09-20T04:00:48.393Z,33.75,68.78

2026-09-20T04:00:53.406Z,33.76,68.79

2026-09-20T04:00:58.394Z,33.76,68.73

2026-09-20T04:01:03.392Z,33.74,68.73

2026-09-20T04:01:08.394Z,33.74,68.69

2026-09-20T04:01:13.397Z,33.74,68.76

2026-09-20T04:01:18.394Z,33.74,68.74

2026-09-20T04:01:23.408Z,33.73,68.77

2026-09-20T04:01:28.396Z,33.74,68.79

2026-09-20T04:01:33.396Z,33.73,68.72

2026-09-20T04:01:38.395Z,33.75,68.72

2026-09-20T04:01:43.396Z,33.74,68.75

2026-09-20T04:01:48.420Z,33.74,68.73

2026-09-20T04:01:53.432Z,33.75,68.78

2026-09-20T04:01:58.420Z,33.75,68.74

2026-09-20T04:02:03.420Z,33.76,68.73

2026-09-20T04:02:08.419Z,33.78,68.69

2026-09-20T04:02:13.421Z,33.76,68.67

2026-09-20T04:02:18.428Z,33.75,68.64

2026-09-20T04:02:23.438Z,33.77,68.76

2026-09-20T04:02:28.427Z,33.75,68.65

2026-09-20T04:02:33.428Z,33.75,68.7

2026-09-20T04:02:38.429Z,33.75,68.67

2026-09-20T04:02:43.428Z,33.76,68.7

2026-09-20T04:02:48.433Z,33.75,68.7

2026-09-20T04:02:53.443Z,33.74,68.66

2026-09-20T04:02:58.433Z,33.75,68.58

2026-09-20T04:03:03.432Z,33.76,68.58

2026-09-20T04:03:08.433Z,33.77,68.65

2026-09-20T04:03:13.432Z,33.75,68.6

2026-09-20T04:03:18.432Z,33.76,68.55

2026-09-20T04:03:23.445Z,33.76,68.62

2026-09-20T04:03:28.433Z,33.76,68.57

2026-09-20T04:03:33.434Z,33.77,68.52

2026-09-20T04:03:38.434Z,33.75,68.51

2026-09-20T04:03:43.435Z,33.76,68.5

2026-09-20T04:03:48.448Z,33.75,68.54

2026-09-20T04:03:53.459Z,33.77,68.56

2026-09-20T04:03:58.447Z,33.75,68.59

2026-09-20T04:04:03.447Z,33.76,68.59

2026-09-20T04:04:08.448Z,33.75,68.61

2026-09-20T04:04:13.448Z,33.75,68.56

2026-09-20T04:04:18.452Z,33.75,68.58

2026-09-20T04:04:23.462Z,33.75,68.62

2026-09-20T04:04:28.451Z,33.75,68.6

2026-09-20T04:04:33.448Z,33.77,68.64

2026-09-20T04:04:38.452Z,33.75,68.74

2026-09-20T04:04:43.456Z,33.74,68.8

2026-09-20T04:04:48.453Z,33.76,68.79

2026-09-20T04:04:53.468Z,33.75,68.8

2026-09-20T04:04:58.453Z,33.76,68.83

2026-09-20T04:05:03.455Z,33.75,68.77

2026-09-20T04:05:08.455Z,33.73,68.84

2026-09-20T04:05:13.454Z,33.75,68.86

2026-09-20T04:05:18.463Z,33.76,68.93

2026-09-20T04:05:23.471Z,33.75,69

2026-09-20T04:05:28.460Z,33.76,69.03

2026-09-20T04:05:33.458Z,33.74,69.05

2026-09-20T04:05:38.459Z,33.76,69.08

2026-09-20T04:05:43.471Z,33.74,69.19

2026-09-20T04:05:48.460Z,33.74,69.12

2026-09-20T04:05:53.461Z,33.74,69.06

2026-09-20T04:05:58.462Z,33.74,69.08

2026-09-20T04:06:03.462Z,33.75,69.08

2026-09-20T04:06:08.461Z,33.75,69.15

2026-09-20T04:06:13.475Z,33.73,69.16

2026-09-20T04:06:18.462Z,33.74,69.11

2026-09-20T04:06:23.463Z,33.73,69.2

2026-09-20T04:06:28.464Z,33.75,69.13

2026-09-20T04:06:33.466Z,33.75,69.21

2026-09-20T04:06:38.476Z,33.76,69.25

2026-09-20T04:06:43.488Z,33.76,69.23

2026-09-20T04:06:48.476Z,33.73,69.23

2026-09-20T04:06:53.476Z,33.73,69.27

2026-09-20T04:06:58.477Z,33.75,69.28

2026-09-20T04:07:03.476Z,33.72,69.33

2026-09-20T04:07:08.490Z,33.75,69.35

2026-09-20T04:07:13.502Z,33.75,69.32

2026-09-20T04:07:18.488Z,33.73,69.4

2026-09-20T04:07:23.488Z,33.73,69.39

2026-09-20T04:07:28.486Z,33.74,69.4

2026-09-20T04:07:33.486Z,33.74,69.4

2026-09-20T04:07:38.501Z,33.74,69.42

2026-09-20T04:07:43.510Z,33.75,69.43

2026-09-20T04:07:48.500Z,33.75,69.4

2026-09-20T04:07:53.498Z,33.73,69.36

2026-09-20T04:07:58.501Z,33.75,69.32

2026-09-20T04:08:03.503Z,33.76,69.27

2026-09-20T04:08:08.500Z,33.75,69.36

2026-09-20T04:08:13.515Z,33.74,69.35

2026-09-20T04:08:18.502Z,33.75,69.33

2026-09-20T04:08:23.501Z,33.73,69.33

2026-09-20T04:08:28.502Z,33.74,69.37

2026-09-20T04:08:33.503Z,33.74,69.38

2026-09-20T04:08:38.511Z,33.75,69.44

2026-09-20T04:08:43.526Z,33.73,69.39

2026-09-20T04:08:48.514Z,33.75,69.34

2026-09-20T04:08:53.513Z,33.75,69.39

2026-09-20T04:08:58.513Z,33.72,69.39

2026-09-20T04:09:03.514Z,33.74,69.33

2026-09-20T04:09:08.521Z,33.74,69.37

2026-09-20T04:09:13.532Z,33.73,69.37

2026-09-20T04:09:18.521Z,33.72,69.38

2026-09-20T04:09:23.521Z,33.73,69.36

2026-09-20T04:09:28.520Z,33.75,69.39

2026-09-20T04:09:33.530Z,33.74,69.4

2026-09-20T04:09:38.519Z,33.72,69.47

2026-09-20T04:09:43.519Z,33.74,69.39

2026-09-20T04:09:48.518Z,33.74,69.42

2026-09-20T04:09:53.520Z,33.75,69.35

2026-09-20T04:09:58.523Z,33.74,69.35

2026-09-20T04:10:03.531Z,33.73,69.43

2026-09-20T04:10:08.519Z,33.73,69.46

2026-09-20T04:10:13.522Z,33.74,69.51

2026-09-20T04:10:18.520Z,33.73,69.48

2026-09-20T04:10:23.523Z,33.72,69.44

2026-09-20T04:10:28.523Z,33.72,69.47

2026-09-20T04:10:33.536Z,33.74,69.49

2026-09-20T04:10:38.524Z,33.73,69.5

2026-09-20T04:10:43.525Z,33.74,69.48

2026-09-20T04:10:48.526Z,33.75,69.61

2026-09-20T04:10:53.524Z,33.73,69.65

2026-09-20T04:10:58.533Z,33.74,69.67

2026-09-20T04:11:03.541Z,33.75,69.67

2026-09-20T04:11:08.528Z,33.75,69.63

2026-09-20T04:11:13.529Z,33.74,69.61

2026-09-20T04:11:18.530Z,33.75,69.63

2026-09-20T04:11:23.529Z,33.74,69.58

2026-09-20T04:11:28.544Z,33.74,69.48

2026-09-20T04:11:33.557Z,33.74,69.49

2026-09-20T04:11:38.542Z,33.74,69.42

2026-09-20T04:11:43.542Z,33.77,69.46

2026-09-20T04:11:48.541Z,33.76,69.44

2026-09-20T04:11:53.543Z,33.76,69.38

2026-09-20T04:11:58.550Z,33.74,69.41

2026-09-20T04:12:03.562Z,33.75,69.37

2026-09-20T04:12:08.547Z,33.74,69.4

2026-09-20T04:12:13.550Z,33.75,69.38

2026-09-20T04:12:18.552Z,33.74,69.38

2026-09-20T04:12:23.553Z,33.75,69.39

2026-09-20T04:12:28.555Z,33.76,69.48

2026-09-20T04:12:33.563Z,33.75,69.61

2026-09-20T04:12:38.555Z,33.75,69.63

2026-09-20T04:12:43.556Z,33.77,69.53

2026-09-20T04:12:48.556Z,33.74,69.57

2026-09-20T04:12:53.557Z,33.73,69.53

2026-09-20T04:12:58.560Z,33.75,69.6

2026-09-20T04:13:03.572Z,33.73,69.65

2026-09-20T04:13:08.559Z,33.73,69.6

2026-09-20T04:13:13.562Z,33.73,69.71

2026-09-20T04:13:18.561Z,33.71,69.72

2026-09-20T04:13:23.561Z,33.7,69.75

2026-09-20T04:13:28.580Z,33.69,69.85

2026-09-20T04:13:33.590Z,33.67,69.93

2026-09-20T04:13:38.578Z,33.66,69.95

2026-09-20T04:13:43.581Z,33.66,70.06

2026-09-20T04:13:48.579Z,33.65,70.03

2026-09-20T04:13:53.579Z,33.63,70.18

2026-09-20T04:13:58.600Z,33.61,70.19

2026-09-20T04:14:03.613Z,33.63,70.33

2026-09-20T04:14:08.597Z,33.58,70.31

2026-09-20T04:14:13.599Z,33.58,70.39

2026-09-20T04:14:18.600Z,33.56,70.49

2026-09-20T04:14:23.600Z,33.58,70.56

2026-09-20T04:14:28.604Z,33.54,70.53

2026-09-20T04:14:33.613Z,33.52,70.51

2026-09-20T04:14:38.602Z,33.53,70.65

2026-09-20T04:14:43.602Z,33.51,70.69

2026-09-20T04:14:48.601Z,33.5,70.79

2026-09-20T04:14:53.603Z,33.49,70.87

2026-09-20T04:14:58.603Z,33.49,70.79

2026-09-20T04:15:03.616Z,33.46,70.88

2026-09-20T04:15:08.604Z,33.46,70.92

2026-09-20T04:15:13.603Z,33.43,70.96

2026-09-20T04:15:18.605Z,33.43,70.96

2026-09-20T04:15:23.604Z,33.42,71.05

2026-09-20T04:15:28.605Z,33.44,71.02

2026-09-20T04:15:33.616Z,33.42,71.14

2026-09-20T04:15:38.604Z,33.42,71.16

2026-09-20T04:15:43.604Z,33.42,71.17

2026-09-20T04:15:48.604Z,33.37,71.24

2026-09-20T04:15:53.607Z,33.38,71.32

2026-09-20T04:15:58.637Z,33.37,71.31

2026-09-20T04:16:03.643Z,33.36,71.46

2026-09-20T04:16:08.636Z,33.36,71.5

2026-09-20T04:16:13.639Z,33.33,71.55

2026-09-20T04:16:18.638Z,33.36,71.65

2026-09-20T04:16:23.635Z,33.31,71.65

2026-09-20T04:16:28.636Z,33.32,71.69

2026-09-20T04:16:33.655Z,33.32,71.78

2026-09-20T04:16:38.637Z,33.29,71.82

2026-09-20T04:16:43.638Z,33.28,71.79

2026-09-20T04:16:48.637Z,33.29,71.86

2026-09-20T04:16:53.638Z,33.26,71.89

2026-09-20T04:16:58.639Z,33.27,71.93

2026-09-20T04:17:03.649Z,33.26,72.01

2026-09-20T04:17:08.639Z,33.28,72

2026-09-20T04:17:13.639Z,33.23,72.03

2026-09-20T04:17:18.639Z,33.24,72.1

2026-09-20T04:17:23.642Z,33.24,72.06

2026-09-20T04:17:28.654Z,33.23,72.12

2026-09-20T04:17:33.662Z,33.22,72.15

2026-09-20T04:17:38.651Z,33.22,72.18

2026-09-20T04:17:43.652Z,33.19,72.2

2026-09-20T04:17:48.652Z,33.21,72.3

2026-09-20T04:17:53.652Z,33.18,72.29

2026-09-20T04:17:58.652Z,33.19,72.28

2026-09-20T04:18:03.664Z,33.16,72.44

2026-09-20T04:18:08.654Z,33.19,72.33

2026-09-20T04:18:13.654Z,33.14,72.39

2026-09-20T04:18:18.654Z,33.18,72.38

2026-09-20T04:18:23.655Z,33.14,72.41

2026-09-20T04:18:28.655Z,33.13,72.47

2026-09-20T04:18:33.670Z,33.13,72.48

2026-09-20T04:18:38.656Z,33.15,72.51

2026-09-20T04:18:43.655Z,33.12,72.55

2026-09-20T04:18:48.655Z,33.11,72.56

2026-09-20T04:18:53.657Z,33.13,72.56

2026-09-20T04:18:58.660Z,33.1,72.6

2026-09-20T04:19:03.670Z,33.09,72.6

2026-09-20T04:19:08.659Z,33.11,72.57

2026-09-20T04:19:13.659Z,33.09,72.61

2026-09-20T04:19:18.658Z,33.07,72.6

2026-09-20T04:19:23.660Z,33.08,72.65

2026-09-20T04:19:28.663Z,33.09,72.69

2026-09-20T04:19:33.672Z,33.06,72.69

2026-09-20T04:19:38.666Z,33.06,72.66

2026-09-20T04:19:43.665Z,33.07,72.72

2026-09-20T04:19:48.664Z,33.07,72.74

2026-09-20T04:19:53.665Z,33.05,72.78

2026-09-20T04:19:58.683Z,33.04,72.83

2026-09-20T04:20:03.694Z,33.05,72.84

2026-09-20T04:20:08.677Z,33.04,72.75

2026-09-20T04:20:13.680Z,33.04,72.73

2026-09-20T04:20:18.679Z,33.05,72.78

2026-09-20T04:20:23.681Z,33.04,72.79

2026-09-20T04:20:28.692Z,33.03,72.78

2026-09-20T04:20:33.706Z,33.04,72.81

2026-09-20T04:20:38.692Z,33.03,72.78

2026-09-20T04:20:43.692Z,33.02,72.67

2026-09-20T04:20:48.693Z,33.02,72.65

2026-09-20T04:20:53.692Z,33.03,72.62

2026-09-20T04:20:58.707Z,33.04,72.65

2026-09-20T04:21:03.717Z,33.05,72.65

2026-09-20T04:21:08.705Z,33.05,72.67

2026-09-20T04:21:13.707Z,33.05,72.67

2026-09-20T04:21:18.708Z,33.06,72.71

2026-09-20T04:21:23.709Z,33.06,72.66

2026-09-20T04:21:28.721Z,33.06,72.73

2026-09-20T04:21:33.734Z,33.08,72.64

2026-09-20T04:21:38.721Z,33.09,72.57

2026-09-20T04:21:43.719Z,33.07,72.53

2026-09-20T04:21:48.720Z,33.09,72.56

2026-09-20T04:21:53.721Z,33.1,72.51

2026-09-20T04:21:58.724Z,33.11,72.52

2026-09-20T04:22:03.736Z,33.1,72.61

2026-09-20T04:22:08.722Z,33.13,72.61

2026-09-20T04:22:13.723Z,33.12,72.52

2026-09-20T04:22:18.725Z,33.12,72.49

2026-09-20T04:22:23.724Z,33.13,72.51

2026-09-20T04:22:28.733Z,33.15,72.46

2026-09-20T04:22:33.745Z,33.15,72.52

2026-09-20T04:22:38.733Z,33.14,72.36

2026-09-20T04:22:43.731Z,33.16,72.27

2026-09-20T04:22:48.733Z,33.17,72.25

2026-09-20T04:22:53.733Z,33.18,72.21

2026-09-20T04:22:58.734Z,33.17,72.16

2026-09-20T04:23:03.748Z,33.16,72.13

2026-09-20T04:23:08.731Z,33.18,72.07

2026-09-20T04:23:13.735Z,33.18,72.03

2026-09-20T04:23:18.733Z,33.2,71.97

2026-09-20T04:23:23.734Z,33.22,71.88

2026-09-20T04:23:28.743Z,33.2,71.91

2026-09-20T04:23:33.748Z,33.22,71.93

2026-09-20T04:23:38.737Z,33.21,71.88

2026-09-20T04:23:43.753Z,33.23,71.81

2026-09-20T04:23:48.740Z,33.24,71.77

2026-09-20T04:23:53.739Z,33.23,71.8

2026-09-20T04:23:58.741Z,33.23,71.71

2026-09-20T04:24:03.741Z,33.25,71.74

2026-09-20T04:24:08.739Z,33.25,71.63

2026-09-20T04:24:13.753Z,33.25,71.64

2026-09-20T04:24:18.740Z,33.26,71.44

2026-09-20T04:24:23.742Z,33.25,71.41

2026-09-20T04:24:28.743Z,33.25,71.37

2026-09-20T04:24:33.744Z,33.26,71.24

2026-09-20T04:24:38.751Z,33.28,71.21

2026-09-20T04:24:43.764Z,33.26,71.13

2026-09-20T04:24:48.750Z,33.26,71.11

2026-09-20T04:24:53.752Z,33.27,71.04

2026-09-20T04:24:58.749Z,33.27,70.91

2026-09-20T04:25:03.751Z,33.29,70.81

2026-09-20T04:25:08.768Z,33.28,70.7

2026-09-20T04:25:13.782Z,33.29,70.64

2026-09-20T04:25:18.766Z,33.29,70.6

2026-09-20T04:25:23.766Z,33.29,70.55

2026-09-20T04:25:28.766Z,33.32,70.57

2026-09-20T04:25:33.767Z,33.31,70.54

2026-09-20T04:25:38.785Z,33.33,70.59

2026-09-20T04:25:43.793Z,33.33,70.59

2026-09-20T04:25:48.784Z,33.33,70.56

2026-09-20T04:25:53.782Z,33.32,70.49

2026-09-20T04:25:58.782Z,33.33,70.47

2026-09-20T04:26:03.782Z,33.32,70.47

2026-09-20T04:26:08.785Z,33.34,70.4

2026-09-20T04:26:13.799Z,33.35,70.48

2026-09-20T04:26:18.784Z,33.34,70.41

2026-09-20T04:26:23.784Z,33.35,70.3

2026-09-20T04:26:28.783Z,33.35,70.26

2026-09-20T04:26:33.783Z,33.37,70.18

2026-09-20T04:26:38.785Z,33.39,70.2

2026-09-20T04:26:43.796Z,33.36,70.2

2026-09-20T04:26:48.784Z,33.37,70.17

2026-09-20T04:26:53.783Z,33.39,70.17

2026-09-20T04:26:58.786Z,33.38,70.15

2026-09-20T04:27:03.784Z,33.38,70.15

2026-09-20T04:27:08.784Z,33.37,70.13

2026-09-20T04:27:13.802Z,33.38,70.06

2026-09-20T04:27:18.789Z,33.4,70

2026-09-20T04:27:23.788Z,33.41,69.93

2026-09-20T04:27:28.787Z,33.4,69.92

2026-09-20T04:27:33.786Z,33.4,69.96

2026-09-20T04:27:38.794Z,33.41,69.92

2026-09-20T04:27:43.806Z,33.4,69.93

2026-09-20T04:27:48.792Z,33.41,69.95

2026-09-20T04:27:53.794Z,33.41,69.92

2026-09-20T04:27:58.794Z,33.42,69.98

2026-09-20T04:28:03.796Z,33.41,69.9

2026-09-20T04:28:08.810Z,33.44,69.9

2026-09-20T04:28:13.822Z,33.43,69.94

2026-09-20T04:28:18.808Z,33.43,69.92

2026-09-20T04:28:23.810Z,33.45,69.85

2026-09-20T04:28:28.810Z,33.44,69.88

2026-09-20T04:28:33.812Z,33.41,69.92

2026-09-20T04:28:38.824Z,33.44,69.87

2026-09-20T04:28:43.839Z,33.43,69.86

2026-09-20T04:28:48.823Z,33.44,69.84

2026-09-20T04:28:53.825Z,33.43,69.81

2026-09-20T04:28:58.823Z,33.46,69.81

2026-09-20T04:29:03.824Z,33.46,69.77

2026-09-20T04:29:08.833Z,33.45,69.77

2026-09-20T04:29:13.843Z,33.43,69.76

2026-09-20T04:29:18.830Z,33.44,69.73

2026-09-20T04:29:23.833Z,33.46,69.72

2026-09-20T04:29:28.832Z,33.46,69.7

2026-09-20T04:29:33.832Z,33.47,69.65

2026-09-20T04:29:38.835Z,33.48,69.7

2026-09-20T04:29:43.846Z,33.46,69.71

2026-09-20T04:29:48.834Z,33.48,69.73

2026-09-20T04:29:53.836Z,33.45,69.68

2026-09-20T04:29:58.835Z,33.47,69.73

2026-09-20T04:30:03.844Z,33.48,69.77

2026-09-20T04:30:08.838Z,33.47,69.68

2026-09-20T04:30:13.834Z,33.5,69.71

2026-09-20T04:30:18.835Z,33.48,69.69

2026-09-20T04:30:23.834Z,33.49,69.62

2026-09-20T04:30:28.837Z,33.5,69.68

2026-09-20T04:30:33.845Z,33.48,69.7

2026-09-20T04:30:38.836Z,33.51,69.63

2026-09-20T04:30:43.840Z,33.49,69.67

2026-09-20T04:30:48.840Z,33.5,69.71

2026-09-20T04:30:53.839Z,33.51,69.63

2026-09-20T04:30:58.847Z,33.52,69.67

2026-09-20T04:31:03.864Z,33.52,69.66

2026-09-20T04:31:08.849Z,33.51,69.67

2026-09-20T04:31:13.851Z,33.51,69.72

2026-09-20T04:31:18.847Z,33.53,69.66

2026-09-20T04:31:23.849Z,33.51,69.7

2026-09-20T04:31:28.857Z,33.52,69.75

2026-09-20T04:31:33.867Z,33.51,69.8

2026-09-20T04:31:38.858Z,33.52,69.73

2026-09-20T04:31:43.856Z,33.5,69.77

2026-09-20T04:31:48.856Z,33.53,69.76

2026-09-20T04:31:53.859Z,33.53,69.75

2026-09-20T04:31:58.857Z,33.51,69.78

2026-09-20T04:32:03.873Z,33.52,69.81

2026-09-20T04:32:08.859Z,33.52,69.78

2026-09-20T04:32:13.859Z,33.51,69.76

2026-09-20T04:32:18.858Z,33.52,69.78

2026-09-20T04:32:23.861Z,33.52,69.9

2026-09-20T04:32:28.865Z,33.51,69.8

2026-09-20T04:32:33.880Z,33.52,69.84

2026-09-20T04:32:38.864Z,33.51,69.82

2026-09-20T04:32:43.863Z,33.51,69.81

2026-09-20T04:32:48.865Z,33.53,69.87

2026-09-20T04:32:53.865Z,33.51,69.84

2026-09-20T04:32:58.888Z,33.53,69.84

2026-09-20T04:33:03.901Z,33.54,69.8

2026-09-20T04:33:08.887Z,33.54,69.8

2026-09-20T04:33:13.890Z,33.54,69.8

2026-09-20T04:33:18.888Z,33.55,69.76

2026-09-20T04:33:23.888Z,33.54,69.79

2026-09-20T04:33:28.889Z,33.54,69.75

2026-09-20T04:33:33.900Z,33.55,69.78

2026-09-20T04:33:38.889Z,33.54,69.75

2026-09-20T04:33:43.890Z,33.54,69.74

2026-09-20T04:33:48.889Z,33.54,69.74

2026-09-20T04:33:53.898Z,33.54,69.78

2026-09-20T04:33:58.889Z,33.54,69.76

2026-09-20T04:34:03.888Z,33.54,69.74

2026-09-20T04:34:08.888Z,33.55,69.74

2026-09-20T04:34:13.889Z,33.55,69.78

2026-09-20T04:34:18.900Z,33.55,69.74

2026-09-20T04:34:23.911Z,33.56,69.78

2026-09-20T04:34:28.897Z,33.57,69.71

2026-09-20T04:34:33.897Z,33.57,69.74

2026-09-20T04:34:38.896Z,33.57,69.68

2026-09-20T04:34:43.902Z,33.56,69.68

2026-09-20T04:34:48.903Z,33.57,69.64

2026-09-20T04:34:53.916Z,33.56,69.69

2026-09-20T04:34:58.906Z,33.56,69.7

2026-09-20T04:35:03.903Z,33.57,69.69

2026-09-20T04:35:08.902Z,33.56,69.71

2026-09-20T04:35:13.904Z,33.6,69.65

2026-09-20T04:35:18.914Z,33.59,69.65

2026-09-20T04:35:23.925Z,33.58,69.66

2026-09-20T04:35:28.914Z,33.6,69.6

2026-09-20T04:35:33.914Z,33.58,69.62

2026-09-20T04:35:38.912Z,33.59,69.6

2026-09-20T04:35:43.915Z,33.57,69.58

2026-09-20T04:35:48.926Z,33.6,69.61

2026-09-20T04:35:53.937Z,33.61,69.64

2026-09-20T04:35:58.924Z,33.6,69.61

2026-09-20T04:36:03.922Z,33.59,69.54

2026-09-20T04:36:08.923Z,33.59,69.54

2026-09-20T04:36:13.926Z,33.6,69.62

2026-09-20T04:36:18.936Z,33.63,69.54

2026-09-20T04:36:23.951Z,33.61,69.52

2026-09-20T04:36:28.935Z,33.6,69.48

2026-09-20T04:36:33.935Z,33.6,69.46

2026-09-20T04:36:38.935Z,33.62,69.46

2026-09-20T04:36:43.935Z,33.62,69.42

2026-09-20T04:36:48.945Z,33.62,69.45

2026-09-20T04:36:53.957Z,33.62,69.35

2026-09-20T04:36:58.945Z,33.62,69.34

2026-09-20T04:37:03.946Z,33.63,69.32

2026-09-20T04:37:08.946Z,33.62,69.27

2026-09-20T04:37:13.945Z,33.64,69.24

2026-09-20T04:37:18.945Z,33.63,69.17

2026-09-20T04:37:23.959Z,33.63,69.21

2026-09-20T04:37:28.945Z,33.65,69.2

2026-09-20T04:37:33.944Z,33.63,69.13

2026-09-20T04:37:38.945Z,33.64,69.14

2026-09-20T04:37:43.947Z,33.64,69.13

2026-09-20T04:37:48.945Z,33.63,69.13

2026-09-20T04:37:53.957Z,33.63,69.16

2026-09-20T04:37:58.945Z,33.63,69.04

2026-09-20T04:38:03.946Z,33.66,69.1

2026-09-20T04:38:08.945Z,33.64,69.09

2026-09-20T04:38:13.947Z,33.65,69.14

2026-09-20T04:38:18.945Z,33.65,69.13

2026-09-20T04:38:23.966Z,33.66,69.14

2026-09-20T04:38:28.951Z,33.64,69.04

2026-09-20T04:38:33.951Z,33.67,69.1

2026-09-20T04:38:38.949Z,33.65,69.06

2026-09-20T04:38:43.949Z,33.66,69.07

2026-09-20T04:38:48.951Z,33.66,69.02

2026-09-20T04:38:53.969Z,33.64,69.03

2026-09-20T04:38:58.950Z,33.66,69.05

2026-09-20T04:39:03.952Z,33.66,69

2026-09-20T04:39:08.954Z,33.66,68.95

2026-09-20T04:39:13.953Z,33.69,68.97

2026-09-20T04:39:18.960Z,33.65,68.99

2026-09-20T04:39:23.969Z,33.65,69.06

2026-09-20T04:39:28.956Z,33.66,69.13

2026-09-20T04:39:33.956Z,33.65,69.13

2026-09-20T04:39:38.958Z,33.66,69.26

2026-09-20T04:39:43.962Z,33.66,69.28

2026-09-20T04:39:48.979Z,33.66,69.25

2026-09-20T04:39:53.989Z,33.66,69.3

2026-09-20T04:39:58.978Z,33.66,69.2

2026-09-20T04:40:03.976Z,33.67,69.25

2026-09-20T04:40:08.975Z,33.68,69.24

2026-09-20T04:40:13.977Z,33.67,69.25

2026-09-20T04:40:18.991Z,33.68,69.26

2026-09-20T04:40:24.003Z,33.67,69.28

2026-09-20T04:40:28.990Z,33.67,69.28

2026-09-20T04:40:33.990Z,33.67,69.3

2026-09-20T04:40:38.991Z,33.67,69.25

2026-09-20T04:40:43.992Z,33.69,69.21

2026-09-20T04:40:49.011Z,33.7,69.19

2026-09-20T04:40:54.020Z,33.68,69.25

2026-09-20T04:40:59.008Z,33.7,69.19

2026-09-20T04:41:04.008Z,33.71,69.17

2026-09-20T04:41:09.008Z,33.69,69.14

2026-09-20T04:41:14.008Z,33.69,69.18

2026-09-20T04:41:19.009Z,33.69,69.18

2026-09-20T04:41:24.017Z,33.69,69.2

2026-09-20T04:41:29.008Z,33.71,69.17

2026-09-20T04:41:34.009Z,33.71,69.12

2026-09-20T04:41:39.007Z,33.71,69.13

2026-09-20T04:41:44.021Z,33.71,69.13

2026-09-20T04:41:49.010Z,33.7,69.01

2026-09-20T04:41:54.007Z,33.71,69.05

2026-09-20T04:41:59.010Z,33.72,69.01

2026-09-20T04:42:04.018Z,33.71,68.96

2026-09-20T04:42:09.013Z,33.72,68.96

2026-09-20T04:42:14.027Z,33.71,68.91

2026-09-20T04:42:19.012Z,33.7,68.87

2026-09-20T04:42:24.012Z,33.73,68.8

2026-09-20T04:42:29.013Z,33.73,68.88

2026-09-20T04:42:34.032Z,33.71,68.82

2026-09-20T04:42:39.012Z,33.72,68.81

2026-09-20T04:42:44.014Z,33.73,68.69

2026-09-20T04:42:49.012Z,33.73,68.73

2026-09-20T04:42:54.014Z,33.73,68.7

2026-09-20T04:42:59.014Z,33.73,68.68

2026-09-20T04:43:04.029Z,33.73,68.69

2026-09-20T04:43:09.016Z,33.73,68.69

2026-09-20T04:43:14.018Z,33.74,68.63

2026-09-20T04:43:19.019Z,33.74,68.61

2026-09-20T04:43:24.018Z,33.74,68.67

2026-09-20T04:43:29.030Z,33.73,68.6

2026-09-20T04:43:34.038Z,33.75,68.65

2026-09-20T04:43:39.029Z,33.74,68.6

2026-09-20T04:43:44.029Z,33.74,68.59

2026-09-20T04:43:49.030Z,33.75,68.62

2026-09-20T04:43:54.029Z,33.76,68.52

2026-09-20T04:43:59.045Z,33.74,68.54

2026-09-20T04:44:04.056Z,33.75,68.55

2026-09-20T04:44:09.041Z,33.74,68.52

2026-09-20T04:44:14.044Z,33.77,68.52

2026-09-20T04:44:19.046Z,33.77,68.45

2026-09-20T04:44:24.044Z,33.75,68.42

2026-09-20T04:44:29.042Z,33.75,68.43

2026-09-20T04:44:34.053Z,33.73,68.47

2026-09-20T04:44:39.044Z,33.75,68.4

2026-09-20T04:44:44.044Z,33.76,68.28

2026-09-20T04:44:49.044Z,33.76,68.35

2026-09-20T04:44:54.056Z,33.76,68.35

2026-09-20T04:44:59.045Z,33.74,68.29

2026-09-20T04:45:04.046Z,33.75,68.28

2026-09-20T04:45:09.045Z,33.75,68.25

2026-09-20T04:45:14.044Z,33.75,68.18

2026-09-20T04:45:19.052Z,33.78,68.19

2026-09-20T04:45:24.063Z,33.75,68.22

2026-09-20T04:45:29.051Z,33.75,68.31

2026-09-20T04:45:34.051Z,33.76,68.23

2026-09-20T04:45:39.050Z,33.75,68.22

2026-09-20T04:45:44.050Z,33.75,68.17

2026-09-20T04:45:49.060Z,33.75,68.16

2026-09-20T04:45:54.062Z,33.75,68.15

2026-09-20T04:45:59.054Z,33.75,68.17

2026-09-20T04:46:04.053Z,33.75,68.23

2026-09-20T04:46:09.058Z,33.77,68.23

2026-09-20T04:46:14.057Z,33.76,68.25

2026-09-20T04:46:19.056Z,33.77,68.26

2026-09-20T04:46:24.070Z,33.75,68.26

2026-09-20T04:46:29.058Z,33.76,68.2

2026-09-20T04:46:34.060Z,33.74,68.18

2026-09-20T04:46:39.060Z,33.74,68.22

2026-09-20T04:46:44.059Z,33.77,68.2

2026-09-20T04:46:49.066Z,33.76,68.26

2026-09-20T04:46:54.078Z,33.76,68.23

2026-09-20T04:46:59.065Z,33.75,68.17

2026-09-20T04:47:04.064Z,33.76,68.19

2026-09-20T04:47:09.065Z,33.75,68.2

2026-09-20T04:47:14.066Z,33.77,68.21

2026-09-20T04:47:19.095Z,33.77,68.21

2026-09-20T04:47:24.104Z,33.76,68.2

2026-09-20T04:47:29.094Z,33.77,68.18

2026-09-20T04:47:34.092Z,33.76,68.15

2026-09-20T04:47:39.092Z,33.77,68.21

2026-09-20T04:47:44.092Z,33.77,68.17

2026-09-20T04:47:49.096Z,33.79,68.12

2026-09-20T04:47:54.107Z,33.77,68.16

2026-09-20T04:47:59.095Z,33.78,68.1

2026-09-20T04:48:04.094Z,33.78,68.1

2026-09-20T04:48:09.096Z,33.77,68.11

2026-09-20T04:48:14.096Z,33.77,68.11

2026-09-20T04:48:19.101Z,33.78,68.12

2026-09-20T04:48:24.113Z,33.78,68.14

2026-09-20T04:48:29.101Z,33.78,68.1

2026-09-20T04:48:34.100Z,33.78,68.11

2026-09-20T04:48:39.100Z,33.78,68.12

2026-09-20T04:48:44.100Z,33.79,68.11

2026-09-20T04:48:49.101Z,33.78,68.11

2026-09-20T04:48:54.109Z,33.8,68.15

2026-09-20T04:48:59.099Z,33.78,68.11

2026-09-20T04:49:04.099Z,33.79,68.1

2026-09-20T04:49:09.101Z,33.78,68.13

2026-09-20T04:49:14.100Z,33.79,68.07

2026-09-20T04:49:19.103Z,33.8,68.11

2026-09-20T04:49:24.116Z,33.79,68.15

2026-09-20T04:49:29.104Z,33.79,68.11

2026-09-20T04:49:34.103Z,33.78,68.18

2026-09-20T04:49:39.105Z,33.8,68.24

2026-09-20T04:49:44.105Z,33.79,68.13

2026-09-20T04:49:49.124Z,33.79,68.1

2026-09-20T04:49:54.135Z,33.8,68.16

2026-09-20T04:49:59.125Z,33.8,68.14

2026-09-20T04:50:04.124Z,33.82,68.17

2026-09-20T04:50:09.124Z,33.81,68.12

2026-09-20T04:50:14.124Z,33.79,68.03

2026-09-20T04:50:19.136Z,33.8,67.98

2026-09-20T04:50:24.149Z,33.8,68.04

2026-09-20T04:50:29.134Z,33.81,67.95

2026-09-20T04:50:34.135Z,33.81,67.94

2026-09-20T04:50:39.141Z,33.82,67.95

2026-09-20T04:50:44.153Z,33.8,67.99

2026-09-20T04:50:49.141Z,33.81,67.94

2026-09-20T04:50:54.139Z,33.81,67.89

2026-09-20T04:50:59.141Z,33.82,67.92

2026-09-20T04:51:04.154Z,33.82,67.95

2026-09-20T04:51:09.142Z,33.81,68.05

2026-09-20T04:51:14.144Z,33.82,68.06

2026-09-20T04:51:19.141Z,33.82,68.07

2026-09-20T04:51:24.143Z,33.82,68.13

2026-09-20T04:51:29.145Z,33.81,68.17

2026-09-20T04:51:34.155Z,33.82,68.16

2026-09-20T04:51:39.145Z,33.8,68.15

2026-09-20T04:51:44.145Z,33.83,68.13

2026-09-20T04:51:49.146Z,33.8,68.1

2026-09-20T04:51:54.145Z,33.81,68.11

2026-09-20T04:51:59.166Z,33.82,68.04

2026-09-20T04:52:04.180Z,33.82,68.11

2026-09-20T04:52:09.164Z,33.82,68.09

2026-09-20T04:52:14.167Z,33.84,68.04

2026-09-20T04:52:19.166Z,33.83,68.13

2026-09-20T04:52:24.166Z,33.84,68.18

2026-09-20T04:52:29.166Z,33.83,68.17

2026-09-20T04:52:34.185Z,33.83,68.16

2026-09-20T04:52:39.169Z,33.84,68.19

2026-09-20T04:52:44.170Z,33.84,68.15

2026-09-20T04:52:49.172Z,33.86,68.21

2026-09-20T04:52:54.170Z,33.83,68.14

2026-09-20T04:52:59.169Z,33.85,68.21

2026-09-20T04:53:04.182Z,33.85,68.23

2026-09-20T04:53:09.168Z,33.84,68.2

2026-09-20T04:53:14.170Z,33.83,68.23

2026-09-20T04:53:19.173Z,33.86,68.18

2026-09-20T04:53:24.173Z,33.83,68.2

2026-09-20T04:53:29.173Z,33.84,68.24

2026-09-20T04:53:34.185Z,33.84,68.31

2026-09-20T04:53:39.175Z,33.86,68.32

2026-09-20T04:53:44.172Z,33.86,68.27

2026-09-20T04:53:49.171Z,33.83,68.26

2026-09-20T04:53:54.172Z,33.86,68.25

2026-09-20T04:53:59.180Z,33.86,68.33

2026-09-20T04:54:04.196Z,33.84,68.3

2026-09-20T04:54:09.179Z,33.84,68.28

2026-09-20T04:54:14.180Z,33.85,68.24

2026-09-20T04:54:19.180Z,33.85,68.24

2026-09-20T04:54:24.181Z,33.87,68.24

2026-09-20T04:54:29.188Z,33.87,68.25

2026-09-20T04:54:34.199Z,33.84,68.3

2026-09-20T04:54:39.186Z,33.86,68.27

2026-09-20T04:54:44.188Z,33.85,68.29

2026-09-20T04:54:49.188Z,33.86,68.29

2026-09-20T04:54:54.188Z,33.85,68.23

2026-09-20T04:54:59.203Z,33.86,68.28

2026-09-20T04:55:04.215Z,33.86,68.29

2026-09-20T04:55:09.202Z,33.86,68.29

2026-09-20T04:55:14.204Z,33.85,68.32

2026-09-20T04:55:19.204Z,33.86,68.16

2026-09-20T04:55:24.205Z,33.85,68.27

2026-09-20T04:55:29.212Z,33.85,68.25

2026-09-20T04:55:34.225Z,33.84,68.24

2026-09-20T04:55:39.211Z,33.85,68.24

2026-09-20T04:55:44.210Z,33.86,68.22

2026-09-20T04:55:49.211Z,33.87,68.15

2026-09-20T04:55:54.210Z,33.85,68.17

2026-09-20T04:55:59.216Z,33.85,68.2

2026-09-20T04:56:04.225Z,33.83,68.2

2026-09-20T04:56:09.215Z,33.85,68.17

2026-09-20T04:56:14.215Z,33.86,68.17

2026-09-20T04:56:19.215Z,33.84,68.25

2026-09-20T04:56:24.217Z,33.86,68.23

2026-09-20T04:56:29.232Z,33.86,68.23

2026-09-20T04:56:34.242Z,33.83,68.23

2026-09-20T04:56:39.230Z,33.84,68.17

2026-09-20T04:56:44.231Z,33.85,68.17

2026-09-20T04:56:49.230Z,33.86,68.21

2026-09-20T04:56:54.232Z,33.85,68.15

2026-09-20T04:56:59.241Z,33.85,68.16

2026-09-20T04:57:04.253Z,33.85,68.21

2026-09-20T04:57:09.242Z,33.86,68.21

2026-09-20T04:57:14.243Z,33.85,68.21

2026-09-20T04:57:19.241Z,33.85,68.21

2026-09-20T04:57:24.245Z,33.85,68.24

2026-09-20T04:57:29.248Z,33.84,68.26

2026-09-20T04:57:34.259Z,33.84,68.28

2026-09-20T04:57:39.246Z,33.84,68.25

2026-09-20T04:57:44.247Z,33.85,68.33

2026-09-20T04:57:49.247Z,33.85,68.33

2026-09-20T04:57:54.249Z,33.84,68.28

2026-09-20T04:57:59.261Z,33.84,68.33

2026-09-20T04:58:04.264Z,33.86,68.32

2026-09-20T04:58:09.257Z,33.85,68.32

2026-09-20T04:58:14.255Z,33.87,68.38

2026-09-20T04:58:19.257Z,33.86,68.33

2026-09-20T04:58:24.258Z,33.85,68.29

2026-09-20T04:58:29.274Z,33.86,68.39

2026-09-20T04:58:34.285Z,33.85,68.41

2026-09-20T04:58:39.272Z,33.84,68.34

2026-09-20T04:58:44.274Z,33.86,68.33

2026-09-20T04:58:49.273Z,33.86,68.4

2026-09-20T04:58:54.273Z,33.87,68.34

2026-09-20T04:58:59.281Z,33.86,68.29

2026-09-20T04:59:04.296Z,33.85,68.39

2026-09-20T04:59:09.283Z,33.85,68.35

2026-09-20T04:59:14.284Z,33.83,68.3

2026-09-20T04:59:19.283Z,33.84,68.37

2026-09-20T04:59:24.280Z,33.86,68.32

2026-09-20T04:59:29.289Z,33.86,68.29

2026-09-20T04:59:34.297Z,33.85,68.33

2026-09-20T04:59:39.286Z,33.86,68.32

2026-09-20T04:59:44.288Z,33.85,68.28

2026-09-20T04:59:49.286Z,33.86,68.33

2026-09-20T04:59:54.286Z,33.87,68.31

2026-09-20T04:59:59.291Z,33.86,68.3

2026-09-20T05:00:04.301Z,33.85,68.33

2026-09-20T05:00:09.288Z,33.85,68.28

2026-09-20T05:00:14.288Z,33.86,68.29

2026-09-20T05:00:19.290Z,33.87,68.29

2026-09-20T05:00:24.299Z,33.84,68.39

2026-09-20T05:00:29.288Z,33.86,68.35

2026-09-20T05:00:34.290Z,33.86,68.38

2026-09-20T05:00:39.290Z,33.87,68.32

2026-09-20T05:00:44.291Z,33.87,68.36

2026-09-20T05:00:49.295Z,33.85,68.38

2026-09-20T05:00:54.317Z,33.85,68.39

2026-09-20T05:00:59.297Z,33.86,68.33

2026-09-20T05:01:04.295Z,33.85,68.33

2026-09-20T05:01:09.294Z,33.86,68.35

2026-09-20T05:01:14.295Z,33.88,68.34

2026-09-20T05:01:19.301Z,33.88,68.3

2026-09-20T05:01:24.315Z,33.87,68.35

2026-09-20T05:01:29.302Z,33.86,68.31

2026-09-20T05:01:34.302Z,33.87,68.27

2026-09-20T05:01:39.300Z,33.86,68.33

2026-09-20T05:01:44.302Z,33.85,68.29

2026-09-20T05:01:49.325Z,33.85,68.28

2026-09-20T05:01:54.333Z,33.86,68.3

2026-09-20T05:01:59.323Z,33.87,68.26

2026-09-20T05:02:04.325Z,33.86,68.24

2026-09-20T05:02:09.322Z,33.85,68.2

2026-09-20T05:02:14.323Z,33.85,68.26

2026-09-20T05:02:19.334Z,33.86,68.26

2026-09-20T05:02:24.349Z,33.83,68.31

2026-09-20T05:02:29.332Z,33.84,68.26

2026-09-20T05:02:34.332Z,33.85,68.29

2026-09-20T05:02:39.332Z,33.83,68.24

2026-09-20T05:02:44.333Z,33.85,68.27

2026-09-20T05:02:49.336Z,33.86,68.28

2026-09-20T05:02:54.345Z,33.85,68.22

2026-09-20T05:02:59.334Z,33.85,68.26

2026-09-20T05:03:04.336Z,33.85,68.29

2026-09-20T05:03:09.335Z,33.87,68.27

2026-09-20T05:03:14.337Z,33.84,68.32

2026-09-20T05:03:19.336Z,33.86,68.33

2026-09-20T05:03:24.348Z,33.85,68.33

2026-09-20T05:03:29.337Z,33.85,68.29

2026-09-20T05:03:34.339Z,33.86,68.31

2026-09-20T05:03:39.340Z,33.87,68.32

2026-09-20T05:03:44.340Z,33.85,68.25

2026-09-20T05:03:49.338Z,33.85,68.36

2026-09-20T05:03:54.354Z,33.84,68.34

2026-09-20T05:03:59.342Z,33.85,68.36

2026-09-20T05:04:04.342Z,33.86,68.3

2026-09-20T05:04:09.344Z,33.85,68.32

2026-09-20T05:04:14.342Z,33.84,68.38

2026-09-20T05:04:19.350Z,33.84,68.37

2026-09-20T05:04:24.360Z,33.84,68.43

2026-09-20T05:04:29.351Z,33.86,68.37

2026-09-20T05:04:34.352Z,33.85,68.4

2026-09-20T05:04:39.350Z,33.84,68.4

2026-09-20T05:04:44.349Z,33.84,68.39

2026-09-20T05:04:49.367Z,33.84,68.45

2026-09-20T05:04:54.377Z,33.84,68.45

2026-09-20T05:04:59.359Z,33.84,68.41

2026-09-20T05:05:04.361Z,33.84,68.37

2026-09-20T05:05:09.360Z,33.83,68.32

2026-09-20T05:05:14.363Z,33.84,68.37

2026-09-20T05:05:19.383Z,33.84,68.36

2026-09-20T05:05:24.399Z,33.83,68.39

2026-09-20T05:05:29.384Z,33.85,68.3

2026-09-20T05:05:34.383Z,33.84,68.3

2026-09-20T05:05:39.384Z,33.84,68.2

2026-09-20T05:05:44.383Z,33.84,68.22

2026-09-20T05:05:49.384Z,33.84,68.23

2026-09-20T05:05:54.398Z,33.81,68.22

2026-09-20T05:05:59.386Z,33.82,68.2

2026-09-20T05:06:04.386Z,33.83,68.15

2026-09-20T05:06:09.388Z,33.82,68.16

2026-09-20T05:06:14.386Z,33.81,68.15

2026-09-20T05:06:19.387Z,33.83,68.15

2026-09-20T05:06:24.399Z,33.83,68.23

2026-09-20T05:06:29.388Z,33.82,68.12

2026-09-20T05:06:34.388Z,33.81,68.11

2026-09-20T05:06:39.388Z,33.83,68.02

2026-09-20T05:06:44.390Z,33.81,68.06

2026-09-20T05:06:49.388Z,33.83,68.11

2026-09-20T05:06:54.401Z,33.82,68.16

2026-09-20T05:06:59.390Z,33.8,68.07

2026-09-20T05:07:04.389Z,33.82,68.21

2026-09-20T05:07:09.388Z,33.8,68.48

2026-09-20T05:07:14.388Z,33.79,68.59

2026-09-20T05:07:19.391Z,33.79,68.61

2026-09-20T05:07:24.404Z,33.77,68.68

2026-09-20T05:07:29.389Z,33.79,68.64

2026-09-20T05:07:34.390Z,33.77,68.73

2026-09-20T05:07:39.389Z,33.76,68.74

2026-09-20T05:07:44.391Z,33.77,68.77

2026-09-20T05:07:49.399Z,33.77,68.72

2026-09-20T05:07:54.413Z,33.74,68.78

2026-09-20T05:07:59.398Z,33.77,68.77

2026-09-20T05:08:04.398Z,33.74,68.77

2026-09-20T05:08:09.399Z,33.74,68.74

2026-09-20T05:08:14.401Z,33.75,68.83

2026-09-20T05:08:19.407Z,33.72,68.82

2026-09-20T05:08:24.421Z,33.72,68.77

2026-09-20T05:08:29.409Z,33.72,68.8

2026-09-20T05:08:34.408Z,33.74,68.75

2026-09-20T05:08:39.408Z,33.69,68.77

2026-09-20T05:08:44.410Z,33.71,68.76

2026-09-20T05:08:49.418Z,33.72,68.75

2026-09-20T05:08:54.432Z,33.69,68.78

2026-09-20T05:08:59.420Z,33.7,68.8

2026-09-20T05:09:04.419Z,33.72,68.79

2026-09-20T05:09:09.420Z,33.7,68.74

2026-09-20T05:09:14.421Z,33.71,68.67

2026-09-20T05:09:19.440Z,33.69,68.79

2026-09-20T05:09:24.452Z,33.7,68.81

2026-09-20T05:09:29.439Z,33.7,68.8

2026-09-20T05:09:34.439Z,33.7,68.73

2026-09-20T05:09:39.440Z,33.7,68.78

2026-09-20T05:09:44.442Z,33.7,68.76

2026-09-20T05:09:49.442Z,33.71,68.72

2026-09-20T05:09:54.451Z,33.7,68.8

2026-09-20T05:09:59.442Z,33.7,68.69

2026-09-20T05:10:04.443Z,33.71,68.74

2026-09-20T05:10:09.442Z,33.7,68.68

2026-09-20T05:10:14.442Z,33.7,68.7

2026-09-20T05:10:19.445Z,33.73,68.65

2026-09-20T05:10:24.455Z,33.7,68.61

2026-09-20T05:10:29.445Z,33.72,68.58

2026-09-20T05:10:34.445Z,33.72,68.51

2026-09-20T05:10:39.444Z,33.71,68.49

2026-09-20T05:10:44.444Z,33.71,68.48

2026-09-20T05:10:49.449Z,33.71,68.5

2026-09-20T05:10:54.462Z,33.72,68.49

2026-09-20T05:10:59.450Z,33.74,68.47

2026-09-20T05:11:04.449Z,33.7,68.4

2026-09-20T05:11:09.449Z,33.72,68.42

2026-09-20T05:11:14.452Z,33.73,68.37

2026-09-20T05:11:19.451Z,33.7,68.36

2026-09-20T05:11:24.462Z,33.73,68.33

2026-09-20T05:11:29.452Z,33.71,68.34

2026-09-20T05:11:34.451Z,33.73,68.33

2026-09-20T05:11:39.451Z,33.75,68.28

2026-09-20T05:11:44.455Z,33.75,68.3

2026-09-20T05:11:49.462Z,33.73,68.27

2026-09-20T05:11:54.484Z,33.74,68.31

2026-09-20T05:11:59.463Z,33.75,68.23

2026-09-20T05:12:04.464Z,33.75,68.2

2026-09-20T05:12:09.467Z,33.74,68.14

2026-09-20T05:12:14.463Z,33.74,68.16

2026-09-20T05:12:19.463Z,33.74,68.17

2026-09-20T05:12:24.474Z,33.74,68.21

2026-09-20T05:12:29.464Z,33.75,68.23

2026-09-20T05:12:34.463Z,33.77,68.25

2026-09-20T05:12:39.462Z,33.73,68.31

2026-09-20T05:12:44.465Z,33.74,68.27

2026-09-20T05:12:49.464Z,33.75,68.4

2026-09-20T05:12:54.476Z,33.76,68.46

2026-09-20T05:12:59.462Z,33.76,68.5

2026-09-20T05:13:04.465Z,33.76,68.54

2026-09-20T05:13:09.465Z,33.76,68.49

2026-09-20T05:13:14.466Z,33.76,68.51

2026-09-20T05:13:19.477Z,33.73,68.47

2026-09-20T05:13:24.493Z,33.74,68.56

2026-09-20T05:13:29.475Z,33.76,68.51

2026-09-20T05:13:34.477Z,33.76,68.51

2026-09-20T05:13:39.477Z,33.75,68.57

2026-09-20T05:13:44.479Z,33.74,68.57

2026-09-20T05:13:49.484Z,33.73,68.53

2026-09-20T05:13:54.501Z,33.74,68.54

2026-09-20T05:13:59.483Z,33.75,68.52

2026-09-20T05:14:04.485Z,33.74,68.5

2026-09-20T05:14:09.481Z,33.78,68.47

2026-09-20T05:14:14.484Z,33.75,68.47

2026-09-20T05:14:19.489Z,33.75,68.46

2026-09-20T05:14:24.503Z,33.75,68.52

2026-09-20T05:14:29.488Z,33.75,68.45

2026-09-20T05:14:34.489Z,33.76,68.46

2026-09-20T05:14:39.487Z,33.75,68.42

2026-09-20T05:14:44.489Z,33.75,68.39

2026-09-20T05:14:49.498Z,33.75,68.35

2026-09-20T05:14:54.510Z,33.75,68.41

2026-09-20T05:14:59.497Z,33.76,68.3

2026-09-20T05:15:04.498Z,33.78,68.37

2026-09-20T05:15:09.497Z,33.78,68.17

2026-09-20T05:15:14.499Z,33.78,68.19

2026-09-20T05:15:19.504Z,33.79,68.11

2026-09-20T05:15:24.513Z,33.78,68.2

2026-09-20T05:15:29.504Z,33.77,68.22

2026-09-20T05:15:34.504Z,33.8,68.2

2026-09-20T05:15:39.503Z,33.8,68.24

2026-09-20T05:15:44.504Z,33.78,68.29

2026-09-20T05:15:49.524Z,33.77,68.29

2026-09-20T05:15:54.535Z,33.78,68.34

2026-09-20T05:15:59.520Z,33.79,68.32

2026-09-20T05:16:04.523Z,33.78,68.34

2026-09-20T05:16:09.522Z,33.77,68.29

2026-09-20T05:16:14.524Z,33.8,68.32

2026-09-20T05:16:19.531Z,33.79,68.21

2026-09-20T05:16:24.543Z,33.78,68.22

2026-09-20T05:16:29.529Z,33.78,68.23

2026-09-20T05:16:34.527Z,33.78,68.11

2026-09-20T05:16:39.528Z,33.8,68.14

2026-09-20T05:16:44.528Z,33.82,68.08

2026-09-20T05:16:49.542Z,33.79,68.11

2026-09-20T05:16:54.555Z,33.78,68.22

2026-09-20T05:16:59.542Z,33.79,68.25

2026-09-20T05:17:04.543Z,33.79,68.18

2026-09-20T05:17:09.542Z,33.8,68.2

2026-09-20T05:17:14.542Z,33.81,68.11

2026-09-20T05:17:19.548Z,33.8,68.13

2026-09-20T05:17:24.559Z,33.81,68.15

2026-09-20T05:17:29.546Z,33.82,68.2

2026-09-20T05:17:34.545Z,33.81,68.26

2026-09-20T05:17:39.546Z,33.8,68.32

2026-09-20T05:17:44.546Z,33.81,68.36

2026-09-20T05:17:49.550Z,33.81,68.4

2026-09-20T05:17:54.561Z,33.81,68.47

2026-09-20T05:17:59.550Z,33.82,68.53

2026-09-20T05:18:04.550Z,33.83,68.56

2026-09-20T05:18:09.549Z,33.83,68.51

2026-09-20T05:18:14.548Z,33.83,68.46

2026-09-20T05:18:19.553Z,33.82,68.36

2026-09-20T05:18:24.566Z,33.81,68.37

2026-09-20T05:18:29.554Z,33.82,68.34

2026-09-20T05:18:34.552Z,33.82,68.37

2026-09-20T05:18:39.554Z,33.81,68.41

2026-09-20T05:18:44.556Z,33.84,68.45

2026-09-20T05:18:49.553Z,33.83,68.5

2026-09-20T05:18:54.565Z,33.82,68.6

2026-09-20T05:18:59.553Z,33.82,68.48

2026-09-20T05:19:04.553Z,33.83,68.55

2026-09-20T05:19:09.556Z,33.83,68.46

2026-09-20T05:19:14.551Z,33.83,68.48

2026-09-20T05:19:19.559Z,33.82,68.5

2026-09-20T05:19:24.566Z,33.83,68.4

2026-09-20T05:19:29.563Z,33.83,68.43

2026-09-20T05:19:34.559Z,33.85,68.41

2026-09-20T05:19:39.559Z,33.87,68.44

2026-09-20T05:19:44.558Z,33.86,68.39

2026-09-20T05:19:49.571Z,33.85,68.36

2026-09-20T05:19:54.583Z,33.83,68.41

2026-09-20T05:19:59.571Z,33.85,68.35

2026-09-20T05:20:04.570Z,33.83,68.42

2026-09-20T05:20:09.568Z,33.84,68.38

2026-09-20T05:20:14.571Z,33.85,68.39

2026-09-20T05:20:19.591Z,33.85,68.4

2026-09-20T05:20:24.602Z,33.85,68.36

2026-09-20T05:20:29.590Z,33.84,68.39

2026-09-20T05:20:34.591Z,33.85,68.39

2026-09-20T05:20:39.592Z,33.85,68.38

2026-09-20T05:20:44.591Z,33.85,68.35

2026-09-20T05:20:49.591Z,33.87,68.39

2026-09-20T05:20:54.604Z,33.85,68.3

2026-09-20T05:20:59.593Z,33.86,68.28

2026-09-20T05:21:04.594Z,33.86,68.21

2026-09-20T05:21:09.593Z,33.86,68.23

2026-09-20T05:21:14.595Z,33.86,68.29

2026-09-20T05:21:19.594Z,33.86,68.2

2026-09-20T05:21:24.607Z,33.85,68.17

2026-09-20T05:21:29.596Z,33.87,68.07

2026-09-20T05:21:34.597Z,33.85,68.13

2026-09-20T05:21:39.598Z,33.87,68.11

2026-09-20T05:21:44.597Z,33.87,68.2

2026-09-20T05:21:49.600Z,33.86,68.24

2026-09-20T05:21:54.612Z,33.86,68.4

2026-09-20T05:21:59.598Z,33.88,68.41

2026-09-20T05:22:04.599Z,33.86,68.48

2026-09-20T05:22:09.601Z,33.85,68.5

2026-09-20T05:22:14.600Z,33.88,68.51

2026-09-20T05:22:19.599Z,33.87,68.59

2026-09-20T05:22:24.611Z,33.87,68.61

2026-09-20T05:22:29.599Z,33.87,68.58

2026-09-20T05:22:34.598Z,33.88,68.66

2026-09-20T05:22:39.600Z,33.87,68.74

2026-09-20T05:22:44.602Z,33.87,68.8

2026-09-20T05:22:49.614Z,33.87,68.85

2026-09-20T05:22:54.626Z,33.87,68.97

2026-09-20T05:22:59.615Z,33.9,68.96

2026-09-20T05:23:04.617Z,33.9,69.08

2026-09-20T05:23:09.616Z,33.88,68.99

2026-09-20T05:23:14.617Z,33.88,69.04

2026-09-20T05:23:19.627Z,33.86,68.99

2026-09-20T05:23:24.639Z,33.87,69.08

2026-09-20T05:23:29.624Z,33.88,69.12

2026-09-20T05:23:34.623Z,33.89,69.03

2026-09-20T05:23:39.623Z,33.89,69.11

2026-09-20T05:23:44.626Z,33.88,69.08

2026-09-20T05:23:49.631Z,33.91,69.04

2026-09-20T05:23:54.642Z,33.89,69

2026-09-20T05:23:59.632Z,33.88,69

2026-09-20T05:24:04.633Z,33.87,68.99

2026-09-20T05:24:09.633Z,33.89,68.95

2026-09-20T05:24:14.633Z,33.89,68.98

2026-09-20T05:24:19.634Z,33.9,68.93

2026-09-20T05:24:24.646Z,33.86,68.95

2026-09-20T05:24:29.634Z,33.88,68.94

2026-09-20T05:24:34.635Z,33.87,68.93

2026-09-20T05:24:39.635Z,33.88,68.86

2026-09-20T05:24:44.635Z,33.9,68.84

2026-09-20T05:24:49.635Z,33.88,68.88

2026-09-20T05:24:54.647Z,33.88,69.01

2026-09-20T05:24:59.637Z,33.89,69.11

2026-09-20T05:25:04.635Z,33.86,69.12

2026-09-20T05:25:09.638Z,33.89,69.22

2026-09-20T05:25:14.637Z,33.89,69.18

2026-09-20T05:25:19.648Z,33.89,69.24

2026-09-20T05:25:24.660Z,33.9,69.31

2026-09-20T05:25:29.647Z,33.89,69.21

2026-09-20T05:25:34.647Z,33.89,69.29

2026-09-20T05:25:39.646Z,33.9,69.28

2026-09-20T05:25:44.648Z,33.9,69.21

2026-09-20T05:25:49.654Z,33.89,69.22

2026-09-20T05:25:54.663Z,33.88,69.26

2026-09-20T05:25:59.652Z,33.9,69.22

2026-09-20T05:26:04.652Z,33.9,69.25

2026-09-20T05:26:09.653Z,33.9,69.27

2026-09-20T05:26:14.652Z,33.9,69.36

2026-09-20T05:26:19.655Z,33.91,69.4

2026-09-20T05:26:24.662Z,33.88,69.38

2026-09-20T05:26:29.653Z,33.89,69.41

2026-09-20T05:26:34.655Z,33.91,69.35

2026-09-20T05:26:39.656Z,33.9,69.36

2026-09-20T05:26:44.656Z,33.92,69.44

2026-09-20T05:26:49.654Z,33.91,69.34

2026-09-20T05:26:54.671Z,33.89,69.32

2026-09-20T05:26:59.659Z,33.89,69.31

2026-09-20T05:27:04.655Z,33.89,69.3

2026-09-20T05:27:09.656Z,33.9,69.36

2026-09-20T05:27:14.658Z,33.9,69.3

2026-09-20T05:27:19.679Z,33.89,69.36

2026-09-20T05:27:24.690Z,33.89,69.41

2026-09-20T05:27:29.677Z,33.92,69.45

2026-09-20T05:27:34.677Z,33.91,69.43

2026-09-20T05:27:39.677Z,33.91,69.39

2026-09-20T05:27:44.677Z,33.9,69.39

2026-09-20T05:27:49.689Z,33.92,69.37

2026-09-20T05:27:54.701Z,33.89,69.41

2026-09-20T05:27:59.689Z,33.92,69.33

2026-09-20T05:28:04.690Z,33.91,69.36

2026-09-20T05:28:09.690Z,33.93,69.3

2026-09-20T05:28:14.689Z,33.91,69.37

2026-09-20T05:28:19.695Z,33.91,69.3

2026-09-20T05:28:24.706Z,33.92,69.29

2026-09-20T05:28:29.695Z,33.92,69.26

2026-09-20T05:28:34.694Z,33.92,69.2

2026-09-20T05:28:39.693Z,33.91,69.25

2026-09-20T05:28:44.694Z,33.92,69.13

2026-09-20T05:28:49.697Z,33.92,69

2026-09-20T05:28:54.709Z,33.92,69

2026-09-20T05:28:59.697Z,33.91,68.83

2026-09-20T05:29:04.697Z,33.9,68.7

2026-09-20T05:29:09.697Z,33.9,68.62

2026-09-20T05:29:14.697Z,33.91,68.6

2026-09-20T05:29:19.699Z,33.9,68.61

2026-09-20T05:29:24.711Z,33.91,68.6

2026-09-20T05:29:29.698Z,33.9,68.57

2026-09-20T05:29:34.699Z,33.92,68.58

2026-09-20T05:29:39.699Z,33.92,68.57

2026-09-20T05:29:44.713Z,33.92,68.62

2026-09-20T05:29:49.700Z,33.93,68.61

2026-09-20T05:29:54.700Z,33.91,68.57

2026-09-20T05:29:59.701Z,33.92,68.56

2026-09-20T05:30:04.699Z,33.92,68.51

2026-09-20T05:30:09.699Z,33.92,68.55

2026-09-20T05:30:14.718Z,33.92,68.65

2026-09-20T05:30:19.703Z,33.91,68.57

2026-09-20T05:30:24.701Z,33.93,68.57

2026-09-20T05:30:29.701Z,33.93,68.55

2026-09-20T05:30:34.701Z,33.93,68.52

2026-09-20T05:30:39.706Z,33.93,68.61

2026-09-20T05:30:44.718Z,33.91,68.56

2026-09-20T05:30:49.706Z,33.94,68.56

2026-09-20T05:30:54.704Z,33.92,68.52

2026-09-20T05:30:59.704Z,33.93,68.58

2026-09-20T05:31:04.707Z,33.94,68.54

2026-09-20T05:31:09.726Z,33.94,68.56

2026-09-20T05:31:14.738Z,33.92,68.6

2026-09-20T05:31:19.725Z,33.93,68.54

2026-09-20T05:31:24.727Z,33.92,68.56

2026-09-20T05:31:29.725Z,33.94,68.54

2026-09-20T05:31:34.726Z,33.94,68.6

2026-09-20T05:31:39.731Z,33.93,68.67

2026-09-20T05:31:44.741Z,33.93,68.82

2026-09-20T05:31:49.730Z,33.93,69.05

2026-09-20T05:31:54.731Z,33.94,69.25

2026-09-20T05:31:59.731Z,33.94,69.38

2026-09-20T05:32:04.732Z,33.93,69.63

2026-09-20T05:32:09.733Z,33.95,69.62

2026-09-20T05:32:14.746Z,33.92,69.59

2026-09-20T05:32:19.733Z,33.93,69.65

2026-09-20T05:32:24.734Z,33.96,69.66

2026-09-20T05:32:29.734Z,33.92,69.75

2026-09-20T05:32:34.736Z,33.92,69.85

2026-09-20T05:32:39.748Z,33.91,69.85

2026-09-20T05:32:44.762Z,33.92,69.87

2026-09-20T05:32:49.748Z,33.9,69.83

2026-09-20T05:32:54.748Z,33.93,69.91

2026-09-20T05:32:59.749Z,33.89,69.87

2026-09-20T05:33:04.749Z,33.9,69.86

2026-09-20T05:33:09.764Z,33.89,69.87

2026-09-20T05:33:14.772Z,33.91,69.88

2026-09-20T05:33:19.777Z,33.9,69.9

2026-09-20T05:33:24.760Z,33.91,69.87

2026-09-20T05:33:29.760Z,33.89,69.87

2026-09-20T05:33:34.761Z,33.92,69.87

2026-09-20T05:33:39.760Z,33.91,69.89

2026-09-20T05:33:44.770Z,33.9,69.9

2026-09-20T05:33:49.761Z,33.9,69.82

2026-09-20T05:33:54.761Z,33.91,69.86

2026-09-20T05:33:59.764Z,33.9,69.82

2026-09-20T05:34:04.764Z,33.9,69.86

2026-09-20T05:34:09.774Z,33.89,69.8

2026-09-20T05:34:14.786Z,33.9,69.81

2026-09-20T05:34:19.773Z,33.88,69.76

2026-09-20T05:34:24.774Z,33.9,69.77

2026-09-20T05:34:29.775Z,33.89,69.78

2026-09-20T05:34:34.775Z,33.89,69.75

2026-09-20T05:34:39.782Z,33.9,69.77

2026-09-20T05:34:44.792Z,33.9,69.79

2026-09-20T05:34:49.783Z,33.91,69.75

2026-09-20T05:34:54.784Z,33.89,69.66

2026-09-20T05:34:59.785Z,33.9,69.68

2026-09-20T05:35:04.783Z,33.89,69.67

2026-09-20T05:35:09.787Z,33.88,69.61

2026-09-20T05:35:14.801Z,33.89,69.71

2026-09-20T05:35:19.788Z,33.89,69.69

2026-09-20T05:35:24.787Z,33.9,69.59

2026-09-20T05:35:29.789Z,33.89,69.63

2026-09-20T05:35:34.788Z,33.89,69.68

2026-09-20T05:35:39.793Z,33.9,69.62

2026-09-20T05:35:44.806Z,33.88,69.7

2026-09-20T05:35:49.794Z,33.91,69.65

2026-09-20T05:35:54.797Z,33.89,69.62

2026-09-20T05:35:59.796Z,33.9,69.61

2026-09-20T05:36:04.796Z,33.91,69.6

2026-09-20T05:36:09.804Z,33.91,69.6

2026-09-20T05:36:14.813Z,33.89,69.56

2026-09-20T05:36:19.802Z,33.88,69.46

2026-09-20T05:36:24.803Z,33.9,69.4

2026-09-20T05:36:29.804Z,33.88,69.38

2026-09-20T05:36:34.803Z,33.87,69.36

2026-09-20T05:36:39.804Z,33.89,69.33

2026-09-20T05:36:44.816Z,33.85,69.4

2026-09-20T05:36:49.805Z,33.88,69.37

2026-09-20T05:36:54.804Z,33.89,69.38

2026-09-20T05:36:59.805Z,33.88,69.35

2026-09-20T05:37:04.806Z,33.9,69.38

2026-09-20T05:37:09.805Z,33.87,69.38

2026-09-20T05:37:14.817Z,33.86,69.37

2026-09-20T05:37:19.806Z,33.87,69.34

2026-09-20T05:37:24.806Z,33.88,69.36

2026-09-20T05:37:29.807Z,33.85,69.32

2026-09-20T05:37:34.809Z,33.85,69.34

2026-09-20T05:37:39.808Z,33.88,69.37

2026-09-20T05:37:44.825Z,33.87,69.42

2026-09-20T05:37:49.812Z,33.87,69.35

2026-09-20T05:37:54.813Z,33.88,69.42

2026-09-20T05:37:59.812Z,33.87,69.36

2026-09-20T05:38:04.811Z,33.88,69.34

2026-09-20T05:38:09.817Z,33.87,69.39

2026-09-20T05:38:14.829Z,33.86,69.34

2026-09-20T05:38:19.814Z,33.87,69.34

2026-09-20T05:38:24.816Z,33.87,69.35

2026-09-20T05:38:29.817Z,33.87,69.37

2026-09-20T05:38:34.818Z,33.88,69.4

2026-09-20T05:38:39.827Z,33.86,69.36

2026-09-20T05:38:44.839Z,33.85,69.34

2026-09-20T05:38:49.828Z,33.86,69.33

2026-09-20T05:38:54.828Z,33.86,69.42

2026-09-20T05:38:59.828Z,33.87,69.34

2026-09-20T05:39:04.830Z,33.85,69.34

2026-09-20T05:39:09.831Z,33.86,69.32

2026-09-20T05:39:14.844Z,33.85,69.32

2026-09-20T05:39:19.829Z,33.86,69.32

2026-09-20T05:39:24.829Z,33.86,69.28

2026-09-20T05:39:29.830Z,33.86,69.32

2026-09-20T05:39:34.831Z,33.86,69.3

2026-09-20T05:39:39.849Z,33.87,69.27

2026-09-20T05:39:44.861Z,33.86,69.3

2026-09-20T05:39:49.845Z,33.87,69.22

2026-09-20T05:39:54.850Z,33.86,69.25

2026-09-20T05:39:59.851Z,33.86,69.33

2026-09-20T05:40:04.850Z,33.88,69.31

2026-09-20T05:40:09.852Z,33.85,69.29

2026-09-20T05:40:14.863Z,33.88,69.36

2026-09-20T05:40:19.852Z,33.87,69.31

2026-09-20T05:40:24.850Z,33.89,69.3

2026-09-20T05:40:29.849Z,33.9,69.29

2026-09-20T05:40:34.852Z,33.9,69.31

2026-09-20T05:40:39.863Z,33.88,69.24

2026-09-20T05:40:44.875Z,33.88,69.31

2026-09-20T05:40:49.864Z,33.91,69.37

2026-09-20T05:40:54.863Z,33.88,69.41

2026-09-20T05:40:59.862Z,33.9,69.4

2026-09-20T05:41:04.862Z,33.89,69.47

2026-09-20T05:41:09.868Z,33.89,69.5

2026-09-20T05:41:14.882Z,33.88,69.53

2026-09-20T05:41:19.867Z,33.89,69.5

2026-09-20T05:41:24.871Z,33.89,69.52

2026-09-20T05:41:29.871Z,33.88,69.54

2026-09-20T05:41:34.870Z,33.89,69.48

2026-09-20T05:41:39.879Z,33.88,69.49

2026-09-20T05:41:44.881Z,33.88,69.5

2026-09-20T05:41:49.872Z,33.88,69.46

2026-09-20T05:41:54.872Z,33.87,69.51

2026-09-20T05:41:59.873Z,33.9,69.52

2026-09-20T05:42:04.873Z,33.89,69.64

2026-09-20T05:42:09.884Z,33.87,69.62

2026-09-20T05:42:14.896Z,33.87,69.69

2026-09-20T05:42:19.883Z,33.89,69.66

2026-09-20T05:42:24.884Z,33.87,69.73

2026-09-20T05:42:29.887Z,33.87,69.67

2026-09-20T05:42:34.899Z,33.9,69.69

2026-09-20T05:42:39.884Z,33.88,69.68

2026-09-20T05:42:44.885Z,33.88,69.66

2026-09-20T05:42:49.883Z,33.86,69.67

2026-09-20T05:42:54.885Z,33.86,69.65

2026-09-20T05:42:59.898Z,33.88,69.71

2026-09-20T05:43:04.908Z,33.86,69.71

2026-09-20T05:43:09.896Z,33.86,69.68

2026-09-20T05:43:14.896Z,33.88,69.68

2026-09-20T05:43:19.898Z,33.87,69.64

2026-09-20T05:43:24.899Z,33.87,69.64

2026-09-20T05:43:29.917Z,33.87,69.63

2026-09-20T05:43:34.910Z,33.88,69.64

2026-09-20T05:43:39.910Z,33.89,69.58

2026-09-20T05:43:44.909Z,33.88,69.58

2026-09-20T05:43:49.910Z,33.88,69.5

2026-09-20T05:43:54.920Z,33.87,69.48

2026-09-20T05:43:59.909Z,33.87,69.45

2026-09-20T05:44:04.910Z,33.87,69.4

2026-09-20T05:44:09.911Z,33.89,69.38

2026-09-20T05:44:14.911Z,33.87,69.36

2026-09-20T05:44:19.909Z,33.87,69.24

2026-09-20T05:44:24.926Z,33.88,69.3

2026-09-20T05:44:29.910Z,33.87,69.23

2026-09-20T05:44:34.911Z,33.89,69.24

2026-09-20T05:44:39.909Z,33.89,69.27

2026-09-20T05:44:44.909Z,33.88,69.34

2026-09-20T05:44:49.911Z,33.89,69.3

2026-09-20T05:44:54.922Z,33.87,69.3

2026-09-20T05:44:59.912Z,33.89,69.24

2026-09-20T05:45:04.912Z,33.89,69.17

2026-09-20T05:45:09.917Z,33.89,69.12

2026-09-20T05:45:14.917Z,33.89,69.15

2026-09-20T05:45:19.918Z,33.87,69.08

2026-09-20T05:45:24.938Z,33.87,69.1

2026-09-20T05:45:29.919Z,33.9,69.07

2026-09-20T05:45:34.920Z,33.87,69.01

2026-09-20T05:45:39.918Z,33.9,69.04

2026-09-20T05:45:44.922Z,33.88,68.99

2026-09-20T05:45:49.943Z,33.88,68.98

2026-09-20T05:45:54.952Z,33.88,69

2026-09-20T05:45:59.940Z,33.87,68.99

2026-09-20T05:46:04.940Z,33.86,68.94

2026-09-20T05:46:09.941Z,33.87,69

2026-09-20T05:46:14.943Z,33.87,69

2026-09-20T05:46:19.944Z,33.89,68.98

2026-09-20T05:46:24.955Z,33.88,69.05

2026-09-20T05:46:29.945Z,33.89,69

2026-09-20T05:46:34.944Z,33.88,69.09

2026-09-20T05:46:39.945Z,33.89,69.08

2026-09-20T05:46:44.945Z,33.89,69.11

2026-09-20T05:46:49.949Z,33.89,69.15

2026-09-20T05:46:54.963Z,33.89,69.26

2026-09-20T05:46:59.951Z,33.88,69.29

2026-09-20T05:47:04.952Z,33.89,69.25

2026-09-20T05:47:09.951Z,33.91,69.22

2026-09-20T05:47:14.951Z,33.9,69.19

2026-09-20T05:47:19.950Z,33.9,69.05

2026-09-20T05:47:24.966Z,33.9,69.05

2026-09-20T05:47:29.952Z,33.91,69.01

2026-09-20T05:47:34.952Z,33.9,68.97

2026-09-20T05:47:39.950Z,33.91,69.04

2026-09-20T05:47:44.952Z,33.9,68.94

2026-09-20T05:47:49.957Z,33.94,68.93

2026-09-20T05:47:54.969Z,33.91,68.99

2026-09-20T05:47:59.954Z,33.91,68.84

2026-09-20T05:48:04.956Z,33.91,68.89

2026-09-20T05:48:09.955Z,33.92,68.86

2026-09-20T05:48:14.956Z,33.92,69.03

2026-09-20T05:48:19.979Z,33.91,69.06

2026-09-20T05:48:24.986Z,33.93,69.21

2026-09-20T05:48:29.978Z,33.91,69.17

2026-09-20T05:48:34.979Z,33.93,69.12

2026-09-20T05:48:39.979Z,33.92,69.08

2026-09-20T05:48:44.980Z,33.93,69.04

2026-09-20T05:48:49.979Z,33.91,69.09

2026-09-20T05:48:55.000Z,33.9,69.13

2026-09-20T05:48:59.980Z,33.91,69.1

2026-09-20T05:49:04.982Z,33.92,68.97

2026-09-20T05:49:09.981Z,33.93,68.98

2026-09-20T05:49:14.980Z,33.91,68.93

2026-09-20T05:49:19.989Z,33.91,68.98

2026-09-20T05:49:24.982Z,33.93,69

2026-09-20T05:49:29.981Z,33.92,69.11

2026-09-20T05:49:34.983Z,33.91,69.2

2026-09-20T05:49:39.982Z,33.92,69.14

2026-09-20T05:49:44.998Z,33.92,69.07

2026-09-20T05:49:49.984Z,33.94,68.92

2026-09-20T05:49:54.984Z,33.93,68.82

2026-09-20T05:49:59.984Z,33.92,68.78

2026-09-20T05:50:04.984Z,33.92,68.78

2026-09-20T05:50:09.983Z,33.93,68.71

2026-09-20T05:50:14.996Z,33.93,68.73

2026-09-20T05:50:19.985Z,33.94,68.79

2026-09-20T05:50:24.985Z,33.92,68.81

2026-09-20T05:50:29.985Z,33.92,68.69

2026-09-20T05:50:34.985Z,33.91,68.7

2026-09-20T05:50:39.985Z,33.93,68.8

2026-09-20T05:50:44.999Z,33.91,68.82

2026-09-20T05:50:49.986Z,33.92,68.77

2026-09-20T05:50:54.986Z,33.92,68.74

2026-09-20T05:50:59.987Z,33.92,68.74

2026-09-20T05:51:04.986Z,33.91,68.7

2026-09-20T05:51:09.991Z,33.92,68.67

2026-09-20T05:51:15.001Z,33.91,68.73

2026-09-20T05:51:19.989Z,33.92,68.85

2026-09-20T05:51:24.990Z,33.94,69.01

2026-09-20T05:51:29.990Z,33.93,69.04

2026-09-20T05:51:34.990Z,33.93,69.09

2026-09-20T05:51:39.999Z,33.94,69.11

2026-09-20T05:51:45.011Z,33.94,69.11

2026-09-20T05:51:49.998Z,33.93,69.05

2026-09-20T05:51:54.998Z,33.92,69.03

2026-09-20T05:51:59.998Z,33.93,68.98

2026-09-20T05:52:04.998Z,33.95,68.9

2026-09-20T05:52:10.013Z,33.92,68.8

2026-09-20T05:52:15.022Z,33.93,68.78

2026-09-20T05:52:20.014Z,33.95,68.74

2026-09-20T05:52:25.018Z,33.96,68.72

2026-09-20T05:52:30.014Z,33.94,68.72

2026-09-20T05:52:35.014Z,33.95,68.69

2026-09-20T05:52:40.031Z,33.95,68.63

2026-09-20T05:52:45.044Z,33.94,68.72

2026-09-20T05:52:50.028Z,33.96,68.66

2026-09-20T05:52:55.027Z,33.96,68.73

2026-09-20T05:53:00.029Z,33.96,68.83

2026-09-20T05:53:05.029Z,33.94,68.88

2026-09-20T05:53:10.035Z,33.95,69.01

2026-09-20T05:53:15.045Z,33.96,68.94

2026-09-20T05:53:20.034Z,33.97,68.88

2026-09-20T05:53:25.036Z,33.97,68.84

2026-09-20T05:53:30.032Z,33.97,68.78

2026-09-20T05:53:35.034Z,33.95,68.66

2026-09-20T05:53:40.036Z,33.97,68.72

2026-09-20T05:53:45.045Z,33.96,68.75

2026-09-20T05:53:50.034Z,33.98,68.74

2026-09-20T05:53:55.036Z,33.95,68.67

2026-09-20T05:54:00.036Z,33.96,68.68

2026-09-20T05:54:05.037Z,33.97,68.67

2026-09-20T05:54:10.040Z,33.97,68.71

2026-09-20T05:54:15.053Z,33.94,68.76

2026-09-20T05:54:20.041Z,33.97,68.73

2026-09-20T05:54:25.039Z,33.98,68.76

2026-09-20T05:54:30.040Z,33.98,68.79

2026-09-20T05:54:35.040Z,33.97,68.93

2026-09-20T05:54:40.043Z,33.98,68.92

2026-09-20T05:54:45.055Z,33.97,69.04

2026-09-20T05:54:50.041Z,33.98,68.98

2026-09-20T05:54:55.044Z,33.97,69.05

2026-09-20T05:55:00.044Z,33.97,69.02

2026-09-20T05:55:05.043Z,33.99,69.1

2026-09-20T05:55:10.043Z,33.97,69.03

2026-09-20T05:55:15.058Z,33.99,69.02

2026-09-20T05:55:20.045Z,34,68.93

2026-09-20T05:55:25.044Z,33.98,68.86

2026-09-20T05:55:30.046Z,33.99,68.74

2026-09-20T05:55:35.044Z,33.99,68.81

2026-09-20T05:55:40.046Z,33.97,68.71

2026-09-20T05:55:45.052Z,33.97,68.77

2026-09-20T05:55:50.046Z,34,68.7

2026-09-20T05:55:55.046Z,33.98,68.79

2026-09-20T05:56:00.045Z,33.98,68.75

2026-09-20T05:56:05.044Z,33.97,68.81

2026-09-20T05:56:10.044Z,34,68.75

2026-09-20T05:56:15.069Z,33.98,68.82

2026-09-20T05:56:20.047Z,33.98,68.77

2026-09-20T05:56:25.049Z,34.02,68.83

2026-09-20T05:56:30.048Z,33.99,68.75

2026-09-20T05:56:35.049Z,34,68.8

2026-09-20T05:56:40.052Z,33.99,68.81

2026-09-20T05:56:45.064Z,34,68.88

2026-09-20T05:56:50.053Z,34,68.81

2026-09-20T05:56:55.053Z,33.98,68.69

2026-09-20T05:57:00.053Z,33.99,68.8

2026-09-20T05:57:05.053Z,33.99,68.87

2026-09-20T05:57:10.062Z,33.99,68.8

2026-09-20T05:57:15.075Z,34.01,68.86

2026-09-20T05:57:20.064Z,34.01,68.82

2026-09-20T05:57:25.063Z,33.99,68.76

2026-09-20T05:57:30.064Z,33.99,68.76

2026-09-20T05:57:35.064Z,33.98,68.71

2026-09-20T05:57:40.081Z,33.98,68.74

2026-09-20T05:57:45.095Z,33.97,68.73

2026-09-20T05:57:50.080Z,33.98,68.74

2026-09-20T05:57:55.082Z,33.98,68.78

2026-09-20T05:58:00.083Z,33.99,68.78

2026-09-20T05:58:05.081Z,33.99,68.93

2026-09-20T05:58:10.092Z,33.98,68.93

2026-09-20T05:58:15.104Z,33.99,69.04

2026-09-20T05:58:20.094Z,33.99,69

2026-09-20T05:58:25.093Z,34,69

2026-09-20T05:58:30.093Z,34,69.03

2026-09-20T05:58:35.093Z,34,68.98

2026-09-20T05:58:40.096Z,33.98,68.95

2026-09-20T05:58:45.105Z,33.98,69.01

2026-09-20T05:58:50.094Z,33.98,68.91

2026-09-20T05:58:55.095Z,34,68.88

2026-09-20T05:59:00.094Z,34,68.93

2026-09-20T05:59:05.097Z,33.98,68.92

2026-09-20T05:59:10.102Z,33.98,68.97

2026-09-20T05:59:15.113Z,33.99,68.94

2026-09-20T05:59:20.099Z,33.99,68.98

2026-09-20T05:59:25.103Z,33.99,68.92

2026-09-20T05:59:30.102Z,33.99,68.99

2026-09-20T05:59:35.104Z,34,68.94

2026-09-20T05:59:40.119Z,33.98,68.95

2026-09-20T05:59:45.130Z,33.99,68.89

2026-09-20T05:59:50.119Z,34.01,68.87

2026-09-20T05:59:55.122Z,34,68.85

2026-09-20T06:00:00.122Z,34.01,68.79

2026-09-20T06:00:05.122Z,33.98,68.79

2026-09-20T06:00:10.125Z,34,68.87

2026-09-20T06:00:15.136Z,33.99,68.84

2026-09-20T06:00:20.124Z,33.99,68.9

2026-09-20T06:00:25.125Z,33.98,69

2026-09-20T06:00:30.127Z,33.98,68.95

2026-09-20T06:00:35.138Z,33.98,68.94

2026-09-20T06:00:40.126Z,34,68.97

2026-09-20T06:00:45.126Z,33.97,68.97

2026-09-20T06:00:50.127Z,33.97,68.85

2026-09-20T06:00:55.127Z,33.98,68.87

2026-09-20T06:01:00.136Z,33.98,68.89

2026-09-20T06:01:05.145Z,33.99,68.96

2026-09-20T06:01:10.133Z,33.96,69.07

2026-09-20T06:01:15.135Z,33.96,69.05

2026-09-20T06:01:20.135Z,33.96,69.05

2026-09-20T06:01:25.134Z,33.96,69.02

2026-09-20T06:01:30.148Z,33.96,69.02

2026-09-20T06:01:35.162Z,33.95,68.99

2026-09-20T06:01:40.147Z,33.97,68.97

2026-09-20T06:01:45.147Z,33.97,68.92

2026-09-20T06:01:50.147Z,33.96,68.89

2026-09-20T06:01:55.149Z,33.94,68.93

2026-09-20T06:02:00.153Z,33.97,68.9

2026-09-20T06:02:05.165Z,33.95,68.93

2026-09-20T06:02:10.150Z,33.97,68.94

2026-09-20T06:02:15.153Z,33.96,68.98

2026-09-20T06:02:20.151Z,33.95,68.92

2026-09-20T06:02:25.150Z,33.95,69.03

2026-09-20T06:02:30.155Z,33.94,69.06

2026-09-20T06:02:35.166Z,33.93,69.14

2026-09-20T06:02:40.152Z,33.95,69.19

2026-09-20T06:02:45.151Z,33.96,69.22

2026-09-20T06:02:50.152Z,33.94,69.18

2026-09-20T06:02:55.152Z,33.94,69.23

2026-09-20T06:03:00.156Z,33.96,69.26

2026-09-20T06:03:05.163Z,33.96,69.31

2026-09-20T06:03:10.152Z,33.98,69.23

2026-09-20T06:03:15.154Z,33.96,69.12

2026-09-20T06:03:20.154Z,33.97,69.09

2026-09-20T06:03:25.156Z,33.96,69.01

2026-09-20T06:03:30.169Z,33.97,69.07

2026-09-20T06:03:35.181Z,33.97,69.06

2026-09-20T06:03:40.170Z,33.95,69.03

2026-09-20T06:03:45.171Z,33.96,68.99

2026-09-20T06:03:50.173Z,33.97,69

2026-09-20T06:03:55.171Z,33.97,68.97

2026-09-20T06:04:00.185Z,33.98,69

2026-09-20T06:04:05.193Z,33.99,69.03

2026-09-20T06:04:10.184Z,33.98,69.06

2026-09-20T06:04:15.184Z,33.98,69.05

2026-09-20T06:04:20.185Z,33.98,69

2026-09-20T06:04:25.186Z,34,69

2026-09-20T06:04:30.200Z,34,68.86

2026-09-20T06:04:35.208Z,33.98,68.84

2026-09-20T06:04:40.196Z,33.99,68.8

2026-09-20T06:04:45.196Z,34,68.8

2026-09-20T06:04:50.198Z,33.99,68.76

2026-09-20T06:04:55.208Z,33.98,68.74

2026-09-20T06:05:00.197Z,34.01,68.74

2026-09-20T06:05:05.198Z,34,68.75

2026-09-20T06:05:10.199Z,33.99,68.77

2026-09-20T06:05:15.197Z,33.99,68.78

2026-09-20T06:05:20.205Z,33.99,68.85

2026-09-20T06:05:25.217Z,33.99,68.85

2026-09-20T06:05:30.204Z,33.98,68.87

2026-09-20T06:05:35.204Z,34,68.86

2026-09-20T06:05:40.203Z,34,68.87

2026-09-20T06:05:45.207Z,34,68.95

2026-09-20T06:05:50.205Z,33.99,68.88

2026-09-20T06:05:55.220Z,33.99,68.94

2026-09-20T06:06:00.205Z,33.96,68.97

2026-09-20T06:06:05.204Z,33.98,68.94

2026-09-20T06:06:10.206Z,33.98,68.93

2026-09-20T06:06:15.205Z,33.98,68.97

2026-09-20T06:06:20.211Z,34,68.96

2026-09-20T06:06:25.221Z,33.99,69.05

2026-09-20T06:06:30.210Z,33.99,69.05

2026-09-20T06:06:35.211Z,34.01,68.9

2026-09-20T06:06:40.211Z,33.98,68.96

2026-09-20T06:06:45.210Z,34.01,68.91

2026-09-20T06:06:50.211Z,33.99,68.9

2026-09-20T06:06:55.223Z,33.97,68.93

2026-09-20T06:07:00.211Z,34,68.89

2026-09-20T06:07:05.215Z,33.98,68.9

2026-09-20T06:07:10.214Z,34,68.86

2026-09-20T06:07:15.212Z,34,68.87

2026-09-20T06:07:20.234Z,33.99,68.91

2026-09-20T06:07:25.249Z,33.99,68.92

2026-09-20T06:07:30.231Z,34,68.89

2026-09-20T06:07:35.235Z,34.01,68.84

2026-09-20T06:07:40.231Z,34.01,68.82

2026-09-20T06:07:45.231Z,34.01,68.8

2026-09-20T06:07:50.232Z,34.02,68.78

2026-09-20T06:07:55.246Z,34,68.84

2026-09-20T06:08:00.232Z,34.02,68.84

2026-09-20T06:08:05.234Z,34,68.78

2026-09-20T06:08:10.232Z,34.02,68.7

2026-09-20T06:08:15.232Z,34.03,68.72

2026-09-20T06:08:20.240Z,34.02,68.74

2026-09-20T06:08:25.256Z,34.03,68.7

2026-09-20T06:08:30.241Z,34.03,68.61

2026-09-20T06:08:35.239Z,34.03,68.62

2026-09-20T06:08:40.237Z,34.02,68.58

2026-09-20T06:08:45.241Z,34.02,68.6

2026-09-20T06:08:50.255Z,34.02,68.69

2026-09-20T06:08:55.262Z,34.02,68.66

2026-09-20T06:09:00.251Z,34.03,68.62

2026-09-20T06:09:05.252Z,34.01,68.71

2026-09-20T06:09:10.254Z,34.02,68.72

2026-09-20T06:09:15.255Z,34.03,68.82

2026-09-20T06:09:20.265Z,34.02,68.86

2026-09-20T06:09:25.279Z,34.01,68.91

2026-09-20T06:09:30.263Z,34.03,68.9

2026-09-20T06:09:35.265Z,34.03,68.92

2026-09-20T06:09:40.268Z,34.03,69.05

2026-09-20T06:09:45.267Z,34,68.99

2026-09-20T06:09:50.286Z,34.02,68.98

2026-09-20T06:09:55.294Z,34.02,69.02

2026-09-20T06:10:00.285Z,34.05,69.02

2026-09-20T06:10:05.284Z,34.01,69.07

2026-09-20T06:10:10.284Z,34.01,69.02

2026-09-20T06:10:15.281Z,34.02,69.03

2026-09-20T06:10:20.284Z,34.02,68.96

2026-09-20T06:10:25.297Z,34.02,69.03

2026-09-20T06:10:30.282Z,34.03,69

2026-09-20T06:10:35.285Z,34,68.99

2026-09-20T06:10:40.284Z,34.02,69.08

2026-09-20T06:10:45.288Z,34.01,69

2026-09-20T06:10:50.286Z,34.02,69.05

2026-09-20T06:10:55.299Z,34.02,69.07

2026-09-20T06:11:00.289Z,34.01,69.01

2026-09-20T06:11:05.288Z,34.02,68.99

2026-09-20T06:11:10.286Z,34.03,69.02

2026-09-20T06:11:15.289Z,34.02,69.01

2026-09-20T06:11:20.291Z,34.03,68.99

2026-09-20T06:11:25.303Z,34.02,69.06

2026-09-20T06:11:30.292Z,34.01,69.12

2026-09-20T06:11:35.290Z,34.03,69.19

2026-09-20T06:11:40.290Z,34.03,69.14

2026-09-20T06:11:45.292Z,34.02,69.23

2026-09-20T06:11:50.302Z,34.02,69.22

2026-09-20T06:11:55.313Z,34.01,69.28

2026-09-20T06:12:00.300Z,34.02,69.31

2026-09-20T06:12:05.299Z,34.01,69.28

2026-09-20T06:12:10.300Z,34,69.19

2026-09-20T06:12:15.303Z,34,69.16

2026-09-20T06:12:20.309Z,33.99,69.16

2026-09-20T06:12:25.320Z,34,69.19

2026-09-20T06:12:30.309Z,34,69.19

2026-09-20T06:12:35.311Z,33.97,69.18

2026-09-20T06:12:40.309Z,33.97,69.26

2026-09-20T06:12:45.310Z,34,69.23

2026-09-20T06:12:50.311Z,33.99,69.27

2026-09-20T06:12:55.324Z,33.97,69.22

2026-09-20T06:13:00.312Z,33.97,69.26

2026-09-20T06:13:05.311Z,33.99,69.3

2026-09-20T06:13:10.312Z,33.98,69.35

2026-09-20T06:13:15.313Z,33.95,69.39

2026-09-20T06:13:20.317Z,33.98,69.43

2026-09-20T06:13:25.326Z,33.96,69.4

2026-09-20T06:13:30.316Z,33.96,69.42

2026-09-20T06:13:35.315Z,33.95,69.37

2026-09-20T06:13:40.315Z,33.97,69.29

2026-09-20T06:13:45.313Z,33.95,69.32

2026-09-20T06:13:50.331Z,33.99,69.26

2026-09-20T06:13:55.341Z,33.96,69.23

2026-09-20T06:14:00.330Z,33.95,69.29

2026-09-20T06:14:05.329Z,33.99,69.24

2026-09-20T06:14:10.329Z,33.97,69.3

2026-09-20T06:14:15.331Z,33.96,69.36

2026-09-20T06:14:20.334Z,33.99,69.42

2026-09-20T06:14:25.346Z,33.96,69.4

2026-09-20T06:14:30.335Z,33.97,69.43

2026-09-20T06:14:35.338Z,33.96,69.41

2026-09-20T06:14:40.336Z,33.98,69.46

2026-09-20T06:14:45.336Z,33.97,69.53

2026-09-20T06:14:50.337Z,33.96,69.56

2026-09-20T06:14:55.354Z,33.98,69.64

2026-09-20T06:15:00.337Z,33.99,69.71

2026-09-20T06:15:05.336Z,33.99,69.65

2026-09-20T06:15:10.336Z,33.99,69.65

2026-09-20T06:15:15.338Z,33.96,69.67

2026-09-20T06:15:20.337Z,33.99,69.7

2026-09-20T06:15:25.350Z,33.98,69.72

2026-09-20T06:15:30.338Z,33.99,69.73

2026-09-20T06:15:35.339Z,34,69.67

2026-09-20T06:15:40.339Z,33.98,69.64

2026-09-20T06:15:45.340Z,33.99,69.65

2026-09-20T06:15:50.346Z,33.99,69.5

2026-09-20T06:15:55.355Z,34,69.46

2026-09-20T06:16:00.344Z,33.98,69.3

2026-09-20T06:16:05.345Z,33.98,69.22

2026-09-20T06:16:10.344Z,33.98,69.21

2026-09-20T06:16:15.346Z,33.98,69.14

2026-09-20T06:16:20.364Z,33.96,69.15

2026-09-20T06:16:25.380Z,33.95,69.19

2026-09-20T06:16:30.362Z,33.97,69.17

2026-09-20T06:16:35.361Z,33.95,69.14

2026-09-20T06:16:40.363Z,33.96,69.17

2026-09-20T06:16:45.363Z,33.96,69.21

2026-09-20T06:16:50.364Z,33.96,69.13

2026-09-20T06:16:55.377Z,33.97,69.05

2026-09-20T06:17:00.362Z,33.94,69

2026-09-20T06:17:05.364Z,33.95,68.93

2026-09-20T06:17:10.365Z,33.94,68.96

2026-09-20T06:17:15.365Z,33.94,68.93

2026-09-20T06:17:20.365Z,33.93,68.94

2026-09-20T06:17:25.381Z,33.92,68.98

2026-09-20T06:17:30.368Z,33.91,69.06

2026-09-20T06:17:35.368Z,33.91,69.17

2026-09-20T06:17:40.367Z,33.9,69.2

2026-09-20T06:17:45.366Z,33.91,69.24

2026-09-20T06:17:50.366Z,33.89,69.2

2026-09-20T06:17:55.374Z,33.88,69.29

2026-09-20T06:18:00.366Z,33.89,69.25

2026-09-20T06:18:05.365Z,33.89,69.23

2026-09-20T06:18:10.366Z,33.9,69.3

2026-09-20T06:18:15.367Z,33.9,69.27

2026-09-20T06:18:20.379Z,33.88,69.3

2026-09-20T06:18:25.393Z,33.87,69.31

2026-09-20T06:18:30.379Z,33.88,69.23

2026-09-20T06:18:35.380Z,33.88,69.25

2026-09-20T06:18:40.377Z,33.87,69.2

2026-09-20T06:18:45.377Z,33.86,69.21

2026-09-20T06:18:50.393Z,33.86,69.26

2026-09-20T06:18:55.406Z,33.87,69.36

2026-09-20T06:19:00.393Z,33.87,69.43

2026-09-20T06:19:05.390Z,33.87,69.46

2026-09-20T06:19:10.391Z,33.88,69.52

2026-09-20T06:19:15.393Z,33.88,69.36

2026-09-20T06:19:20.405Z,33.89,69.45

2026-09-20T06:19:25.415Z,33.87,69.48

2026-09-20T06:19:30.404Z,33.88,69.41

2026-09-20T06:19:35.404Z,33.88,69.37

2026-09-20T06:19:40.404Z,33.9,69.31

2026-09-20T06:19:45.406Z,33.88,69.24

2026-09-20T06:19:50.415Z,33.89,69.21

2026-09-20T06:19:55.409Z,33.87,69.21

2026-09-20T06:20:00.409Z,33.88,69.16

2026-09-20T06:20:05.408Z,33.87,69.21

2026-09-20T06:20:10.410Z,33.87,69.22

2026-09-20T06:20:15.425Z,33.87,69.2

2026-09-20T06:20:20.411Z,33.87,69.16

2026-09-20T06:20:25.412Z,33.86,69.17

2026-09-20T06:20:30.413Z,33.85,69.16

2026-09-20T06:20:35.412Z,33.86,69.16

2026-09-20T06:20:40.413Z,33.85,69.19

2026-09-20T06:20:45.426Z,33.84,69.25

2026-09-20T06:20:50.412Z,33.85,69.23

2026-09-20T06:20:55.415Z,33.82,69.12

2026-09-20T06:21:00.415Z,33.82,69.05

2026-09-20T06:21:05.416Z,33.82,69.04

2026-09-20T06:21:10.426Z,33.82,69.03

2026-09-20T06:21:15.434Z,33.8,69.07

2026-09-20T06:21:20.423Z,33.81,69.01

2026-09-20T06:21:25.426Z,33.8,69.1

2026-09-20T06:21:30.425Z,33.79,69.13

2026-09-20T06:21:35.425Z,33.8,69.26

2026-09-20T06:21:40.438Z,33.78,69.36

2026-09-20T06:21:45.447Z,33.77,69.38

2026-09-20T06:21:50.436Z,33.77,69.43

2026-09-20T06:21:55.439Z,33.77,69.44

2026-09-20T06:22:00.437Z,33.77,69.45

2026-09-20T06:22:05.438Z,33.74,69.46

2026-09-20T06:22:10.445Z,33.76,69.56

2026-09-20T06:22:15.456Z,33.74,69.65

2026-09-20T06:22:20.443Z,33.76,69.57

2026-09-20T06:22:25.445Z,33.76,69.62

2026-09-20T06:22:30.445Z,33.74,69.57

2026-09-20T06:22:35.445Z,33.75,69.6

2026-09-20T06:22:40.449Z,33.76,69.55

2026-09-20T06:22:45.459Z,33.74,69.62

2026-09-20T06:22:50.446Z,33.77,69.6

2026-09-20T06:22:55.447Z,33.76,69.54

2026-09-20T06:23:00.447Z,33.76,69.51

2026-09-20T06:23:05.449Z,33.75,69.57

2026-09-20T06:23:10.455Z,33.78,69.57

2026-09-20T06:23:15.464Z,33.75,69.62

2026-09-20T06:23:20.455Z,33.77,69.63

2026-09-20T06:23:25.454Z,33.75,69.62

2026-09-20T06:23:30.455Z,33.76,69.57

2026-09-20T06:23:35.456Z,33.76,69.68

2026-09-20T06:23:40.464Z,33.74,69.72

2026-09-20T06:23:45.473Z,33.75,69.74

2026-09-20T06:23:50.461Z,33.74,69.78

2026-09-20T06:23:55.462Z,33.74,69.8

2026-09-20T06:24:00.459Z,33.75,69.9

2026-09-20T06:24:05.462Z,33.76,69.92

2026-09-20T06:24:10.477Z,33.75,69.98

2026-09-20T06:24:15.472Z,33.77,70.02

2026-09-20T06:24:20.471Z,33.75,69.99

2026-09-20T06:24:25.488Z,33.76,70.05

2026-09-20T06:24:30.470Z,33.75,70.03

2026-09-20T06:24:35.472Z,33.77,70.06

2026-09-20T06:24:40.470Z,33.75,70.07

2026-09-20T06:24:45.483Z,33.75,70.02

2026-09-20T06:24:50.471Z,33.76,70.04

2026-09-20T06:24:55.487Z,33.75,70.04

2026-09-20T06:25:00.472Z,33.76,70.07

2026-09-20T06:25:05.472Z,33.75,70.09

2026-09-20T06:25:10.473Z,33.75,70.16

2026-09-20T06:25:15.471Z,33.76,70.2

2026-09-20T06:25:20.475Z,33.75,70.16

2026-09-20T06:25:25.491Z,33.75,70.36

2026-09-20T06:25:30.477Z,33.76,70.29

2026-09-20T06:25:35.475Z,33.79,70.27

2026-09-20T06:25:40.477Z,33.77,70.29

2026-09-20T06:25:45.481Z,33.77,70.24

2026-09-20T06:25:50.492Z,33.76,70.17

2026-09-20T06:25:55.504Z,33.75,70.15

2026-09-20T06:26:00.494Z,33.75,70.07

2026-09-20T06:26:05.493Z,33.75,70.09

2026-09-20T06:26:10.491Z,33.74,70.05

2026-09-20T06:26:15.492Z,33.72,70.07

2026-09-20T06:26:20.504Z,33.74,70

2026-09-20T06:26:25.515Z,33.7,70.14

2026-09-20T06:26:30.501Z,33.71,70.16

2026-09-20T06:26:35.502Z,33.68,70.28

2026-09-20T06:26:40.503Z,33.68,70.2

2026-09-20T06:26:45.513Z,33.66,70.29

2026-09-20T06:26:50.501Z,33.67,70.23

2026-09-20T06:26:55.503Z,33.66,70.28

2026-09-20T06:27:00.501Z,33.66,70.35

2026-09-20T06:27:05.501Z,33.64,70.37

2026-09-20T06:27:10.520Z,33.63,70.46

2026-09-20T06:27:15.529Z,33.63,70.53

2026-09-20T06:27:20.518Z,33.63,70.54

2026-09-20T06:27:25.519Z,33.59,70.61

2026-09-20T06:27:30.520Z,33.6,70.66

2026-09-20T06:27:35.517Z,33.6,70.62

2026-09-20T06:27:40.517Z,33.6,70.66

2026-09-20T06:27:45.531Z,33.6,70.81

2026-09-20T06:27:50.517Z,33.59,70.84

2026-09-20T06:27:55.517Z,33.59,70.84

2026-09-20T06:28:00.517Z,33.6,70.9

2026-09-20T06:28:05.519Z,33.6,70.86

2026-09-20T06:28:10.528Z,33.59,70.81

2026-09-20T06:28:15.541Z,33.59,70.81

2026-09-20T06:28:20.526Z,33.57,70.82

2026-09-20T06:28:25.526Z,33.59,70.81

2026-09-20T06:28:30.527Z,33.59,70.86

2026-09-20T06:28:35.526Z,33.6,70.86

2026-09-20T06:28:40.531Z,33.61,70.86

2026-09-20T06:28:45.545Z,33.59,70.93

2026-09-20T06:28:50.531Z,33.59,70.88

2026-09-20T06:28:55.529Z,33.61,70.93

2026-09-20T06:29:00.529Z,33.6,71

2026-09-20T06:29:05.530Z,33.6,70.99

2026-09-20T06:29:10.534Z,33.61,70.96

2026-09-20T06:29:15.549Z,33.61,71.06

2026-09-20T06:29:20.539Z,33.63,70.99

2026-09-20T06:29:25.538Z,33.63,71.06

2026-09-20T06:29:30.538Z,33.64,71.12

2026-09-20T06:29:35.537Z,33.64,71.18

2026-09-20T06:29:40.543Z,33.63,71.2

2026-09-20T06:29:45.551Z,33.64,71.18

2026-09-20T06:29:50.540Z,33.63,71.12

2026-09-20T06:29:55.541Z,33.62,71.17

2026-09-20T06:30:00.542Z,33.6,71.06

2026-09-20T06:30:05.540Z,33.59,71.14

2026-09-20T06:30:10.563Z,33.57,71.11

2026-09-20T06:30:15.577Z,33.53,71.16

2026-09-20T06:30:20.560Z,33.56,71.16

2026-09-20T06:30:25.564Z,33.55,71.2

2026-09-20T06:30:30.562Z,33.56,71.18

2026-09-20T06:30:35.564Z,33.53,71.3

2026-09-20T06:30:40.571Z,33.55,71.32

2026-09-20T06:30:45.584Z,33.53,71.41

2026-09-20T06:30:50.571Z,33.53,71.42

2026-09-20T06:30:55.572Z,33.52,71.51

2026-09-20T06:31:00.572Z,33.53,71.48

2026-09-20T06:31:05.572Z,33.54,71.53

2026-09-20T06:31:10.573Z,33.51,71.54

2026-09-20T06:31:15.587Z,33.52,71.45

2026-09-20T06:31:20.573Z,33.52,71.18

2026-09-20T06:31:25.573Z,33.53,71.19

2026-09-20T06:31:30.574Z,33.53,71.2

2026-09-20T06:31:35.573Z,33.53,71.2

2026-09-20T06:31:40.586Z,33.52,71.3

2026-09-20T06:31:45.595Z,33.5,71.31

2026-09-20T06:31:50.586Z,33.52,71.35

2026-09-20T06:31:55.587Z,33.51,71.24

2026-09-20T06:32:00.585Z,33.51,71.28

2026-09-20T06:32:05.587Z,33.52,71.2

2026-09-20T06:32:10.585Z,33.52,70.99

2026-09-20T06:32:15.596Z,33.49,70.79

2026-09-20T06:32:20.588Z,33.52,70.79

2026-09-20T06:32:25.586Z,33.5,70.85

2026-09-20T06:32:30.584Z,33.5,70.92

2026-09-20T06:32:35.587Z,33.5,70.96

2026-09-20T06:32:40.591Z,33.5,71.05

2026-09-20T06:32:45.603Z,33.5,71.16

2026-09-20T06:32:50.591Z,33.5,71.2

2026-09-20T06:32:55.595Z,33.5,71.2

2026-09-20T06:33:00.595Z,33.5,71.22

2026-09-20T06:33:05.591Z,33.53,71.28

2026-09-20T06:33:10.592Z,33.5,71.07

2026-09-20T06:33:15.603Z,33.49,71.05

2026-09-20T06:33:20.594Z,33.49,70.99

2026-09-20T06:33:25.594Z,33.52,70.98

2026-09-20T06:33:30.595Z,33.51,71.08

2026-09-20T06:33:35.596Z,33.52,71.14

2026-09-20T06:33:40.608Z,33.52,71.14

2026-09-20T06:33:45.621Z,33.49,71.19

2026-09-20T06:33:50.606Z,33.5,71.25

2026-09-20T06:33:55.606Z,33.5,71.36

2026-09-20T06:34:00.606Z,33.53,71.46

2026-09-20T06:34:05.607Z,33.51,71.51

2026-09-20T06:34:10.621Z,33.52,71.58

2026-09-20T06:34:15.631Z,33.51,71.65

2026-09-20T06:34:20.620Z,33.53,71.62

2026-09-20T06:34:25.617Z,33.54,71.49

2026-09-20T06:34:30.619Z,33.51,71.44

2026-09-20T06:34:35.619Z,33.55,71.46

2026-09-20T06:34:40.636Z,33.53,71.43

2026-09-20T06:34:45.650Z,33.54,71.4

2026-09-20T06:34:50.634Z,33.54,71.07

2026-09-20T06:34:55.634Z,33.54,70.97

2026-09-20T06:35:00.639Z,33.53,70.99

2026-09-20T06:35:05.635Z,33.53,71.05

2026-09-20T06:35:10.644Z,33.53,71.13

2026-09-20T06:35:15.653Z,33.54,71.2

2026-09-20T06:35:20.642Z,33.55,71.16

2026-09-20T06:35:25.643Z,33.55,70.91

2026-09-20T06:35:30.641Z,33.54,70.98

2026-09-20T06:35:35.640Z,33.53,70.93

2026-09-20T06:35:40.641Z,33.54,70.97

2026-09-20T06:35:45.651Z,33.53,71.12

2026-09-20T06:35:50.643Z,33.55,71.1

2026-09-20T06:35:55.643Z,33.55,71.14

2026-09-20T06:36:00.643Z,33.57,71.26

2026-09-20T06:36:05.641Z,33.55,71.23

2026-09-20T06:36:10.644Z,33.56,71.21

2026-09-20T06:36:15.653Z,33.54,71.16

2026-09-20T06:36:20.640Z,33.56,71.05

2026-09-20T06:36:25.642Z,33.56,71.07

2026-09-20T06:36:30.641Z,33.56,71.05

2026-09-20T06:36:35.642Z,33.57,71.05

2026-09-20T06:36:40.647Z,33.55,71.07

2026-09-20T06:36:45.656Z,33.57,71.09

2026-09-20T06:36:50.645Z,33.58,71.09

2026-09-20T06:36:55.645Z,33.56,71

2026-09-20T06:37:00.649Z,33.55,70.98

2026-09-20T06:37:05.646Z,33.58,70.99

2026-09-20T06:37:10.647Z,33.56,70.9

2026-09-20T06:37:15.660Z,33.58,70.92

2026-09-20T06:37:20.649Z,33.57,70.94

2026-09-20T06:37:25.649Z,33.59,70.87

2026-09-20T06:37:30.649Z,33.59,70.76

2026-09-20T06:37:35.650Z,33.58,70.64

2026-09-20T06:37:40.662Z,33.58,70.6

2026-09-20T06:37:45.674Z,33.57,70.67

2026-09-20T06:37:50.661Z,33.55,70.6

2026-09-20T06:37:55.662Z,33.56,70.6

2026-09-20T06:38:00.662Z,33.55,70.58

2026-09-20T06:38:05.666Z,33.54,70.46

2026-09-20T06:38:10.674Z,33.53,70.46

2026-09-20T06:38:15.683Z,33.52,70.49

2026-09-20T06:38:20.672Z,33.53,70.53

2026-09-20T06:38:25.672Z,33.55,70.52

2026-09-20T06:38:30.674Z,33.53,70.67

2026-09-20T06:38:35.674Z,33.52,70.75

2026-09-20T06:38:40.679Z,33.51,70.9

2026-09-20T06:38:45.688Z,33.5,70.96

2026-09-20T06:38:50.678Z,33.52,70.97

2026-09-20T06:38:55.681Z,33.52,70.9

2026-09-20T06:39:00.679Z,33.52,70.84

2026-09-20T06:39:05.681Z,33.52,70.98

2026-09-20T06:39:10.688Z,33.53,70.94

2026-09-20T06:39:15.700Z,33.54,71.02

2026-09-20T06:39:20.688Z,33.53,70.95

2026-09-20T06:39:25.688Z,33.53,71.03

2026-09-20T06:39:30.689Z,33.55,71.05

2026-09-20T06:39:35.688Z,33.55,71.1

2026-09-20T06:39:40.701Z,33.54,71.05

2026-09-20T06:39:45.715Z,33.55,71.03

2026-09-20T06:39:50.701Z,33.57,71.02

2026-09-20T06:39:55.702Z,33.56,71.03

2026-09-20T06:40:00.701Z,33.56,70.96

2026-09-20T06:40:05.701Z,33.57,70.95

2026-09-20T06:40:10.710Z,33.56,70.94

2026-09-20T06:40:15.720Z,33.56,70.98

2026-09-20T06:40:20.709Z,33.57,70.93

2026-09-20T06:40:25.711Z,33.59,70.92

2026-09-20T06:40:30.711Z,33.56,71.02

2026-09-20T06:40:35.710Z,33.6,71.07

2026-09-20T06:40:40.725Z,33.6,70.99

2026-09-20T06:40:45.731Z,33.59,71.12

2026-09-20T06:40:50.720Z,33.58,71.05

2026-09-20T06:40:55.722Z,33.6,71.04

2026-09-20T06:41:00.721Z,33.6,71.06

2026-09-20T06:41:05.720Z,33.63,70.98

2026-09-20T06:41:10.728Z,33.61,71.01

2026-09-20T06:41:15.735Z,33.62,70.95

2026-09-20T06:41:20.725Z,33.61,70.89

2026-09-20T06:41:25.722Z,33.63,70.91

2026-09-20T06:41:30.724Z,33.62,70.85

2026-09-20T06:41:35.724Z,33.64,70.84

2026-09-20T06:41:40.730Z,33.66,70.82

2026-09-20T06:41:45.742Z,33.65,70.83

2026-09-20T06:41:50.729Z,33.64,70.77

2026-09-20T06:41:55.730Z,33.63,70.71

2026-09-20T06:42:00.730Z,33.66,70.71

2026-09-20T06:42:05.729Z,33.67,70.57

2026-09-20T06:42:10.735Z,33.68,70.65

2026-09-20T06:42:15.747Z,33.66,70.63

2026-09-20T06:42:20.735Z,33.69,70.58

2026-09-20T06:42:25.735Z,33.67,70.54

2026-09-20T06:42:30.735Z,33.71,70.5

2026-09-20T06:42:35.736Z,33.68,70.52

2026-09-20T06:42:40.745Z,33.7,70.48

2026-09-20T06:42:45.758Z,33.7,70.54

2026-09-20T06:42:50.744Z,33.7,70.41

2026-09-20T06:42:55.745Z,33.72,70.44

2026-09-20T06:43:00.745Z,33.71,70.35

2026-09-20T06:43:05.754Z,33.72,70.32

2026-09-20T06:43:10.745Z,33.73,70.31

2026-09-20T06:43:15.745Z,33.71,70.27

2026-09-20T06:43:20.745Z,33.73,70.29

2026-09-20T06:43:25.745Z,33.71,70.19

2026-09-20T06:43:30.746Z,33.75,70.12

2026-09-20T06:43:35.757Z,33.74,70.09

2026-09-20T06:43:40.746Z,33.77,70.05

2026-09-20T06:43:45.747Z,33.74,70.01

2026-09-20T06:43:50.746Z,33.74,70

2026-09-20T06:43:55.749Z,33.75,69.99

2026-09-20T06:44:00.764Z,33.75,69.95

2026-09-20T06:44:05.777Z,33.76,70.03

2026-09-20T06:44:10.762Z,33.75,70

2026-09-20T06:44:15.762Z,33.76,70.01

2026-09-20T06:44:20.764Z,33.75,70.03

2026-09-20T06:44:25.764Z,33.75,70.01

2026-09-20T06:44:30.774Z,33.75,69.99

2026-09-20T06:44:35.783Z,33.76,70

2026-09-20T06:44:40.770Z,33.75,70.01

2026-09-20T06:44:45.770Z,33.76,70.03

2026-09-20T06:44:50.770Z,33.75,70.01

2026-09-20T06:44:55.772Z,33.75,69.89

2026-09-20T06:45:00.773Z,33.76,69.95

2026-09-20T06:45:05.789Z,33.73,69.99

2026-09-20T06:45:10.775Z,33.75,70

2026-09-20T06:45:15.774Z,33.74,70.05

2026-09-20T06:45:20.776Z,33.74,70

2026-09-20T06:45:25.776Z,33.75,70.06

2026-09-20T06:45:30.794Z,33.73,69.93

2026-09-20T06:45:35.805Z,33.72,69.76

2026-09-20T06:45:40.792Z,33.73,69.66

2026-09-20T06:45:45.796Z,33.72,69.57

2026-09-20T06:45:50.794Z,33.74,69.57

2026-09-20T06:45:55.793Z,33.71,69.61

2026-09-20T06:46:00.801Z,33.71,69.66

2026-09-20T06:46:05.811Z,33.72,69.71

2026-09-20T06:46:10.802Z,33.73,69.66

2026-09-20T06:46:15.801Z,33.72,69.68

2026-09-20T06:46:20.802Z,33.72,69.72

2026-09-20T06:46:25.803Z,33.71,69.72

2026-09-20T06:46:30.801Z,33.69,69.77

2026-09-20T06:46:35.813Z,33.7,69.84

2026-09-20T06:46:40.803Z,33.7,69.77

2026-09-20T06:46:45.804Z,33.71,69.8

2026-09-20T06:46:50.805Z,33.71,69.83

2026-09-20T06:46:55.803Z,33.7,69.8

2026-09-20T06:47:00.804Z,33.7,69.83

2026-09-20T06:47:05.816Z,33.7,69.9

2026-09-20T06:47:10.809Z,33.7,69.76

2026-09-20T06:47:15.806Z,33.71,69.84

2026-09-20T06:47:20.804Z,33.7,69.85

2026-09-20T06:47:25.805Z,33.68,69.76

2026-09-20T06:47:30.807Z,33.69,69.84

2026-09-20T06:47:35.816Z,33.68,69.8

2026-09-20T06:47:40.807Z,33.67,69.84

2026-09-20T06:47:45.808Z,33.69,69.92

2026-09-20T06:47:50.812Z,33.68,69.87

2026-09-20T06:47:55.812Z,33.67,69.97

2026-09-20T06:48:00.811Z,33.67,69.99

2026-09-20T06:48:05.824Z,33.66,70.07

2026-09-20T06:48:10.813Z,33.67,69.99

2026-09-20T06:48:15.812Z,33.68,70.01

2026-09-20T06:48:20.810Z,33.67,69.94

2026-09-20T06:48:25.813Z,33.69,69.98

2026-09-20T06:48:30.818Z,33.66,70

2026-09-20T06:48:35.828Z,33.68,70.03

2026-09-20T06:48:40.817Z,33.69,70.02

2026-09-20T06:48:45.818Z,33.69,70

2026-09-20T06:48:50.818Z,33.68,70.02

2026-09-20T06:48:55.818Z,33.7,69.99

2026-09-20T06:49:00.841Z,33.7,69.99

2026-09-20T06:49:05.850Z,33.68,70.03

2026-09-20T06:49:10.839Z,33.68,70.06

2026-09-20T06:49:15.841Z,33.7,69.98

2026-09-20T06:49:20.840Z,33.69,69.93

2026-09-20T06:49:25.842Z,33.69,69.94

2026-09-20T06:49:30.853Z,33.7,70

2026-09-20T06:49:35.864Z,33.71,69.98

2026-09-20T06:49:40.852Z,33.71,69.88

2026-09-20T06:49:45.853Z,33.72,69.89

2026-09-20T06:49:50.852Z,33.73,69.91

2026-09-20T06:49:55.852Z,33.72,69.85

2026-09-20T06:50:00.856Z,33.72,69.88

2026-09-20T06:50:05.868Z,33.74,69.85

2026-09-20T06:50:10.855Z,33.74,69.81

2026-09-20T06:50:15.857Z,33.74,69.74

2026-09-20T06:50:20.857Z,33.73,69.77

2026-09-20T06:50:25.868Z,33.73,69.86

2026-09-20T06:50:30.855Z,33.74,69.91

2026-09-20T06:50:35.858Z,33.74,69.89

2026-09-20T06:50:40.857Z,33.74,69.87

2026-09-20T06:50:45.858Z,33.75,69.89

2026-09-20T06:50:50.882Z,33.76,69.97

2026-09-20T06:50:55.888Z,33.74,70.02

2026-09-20T06:51:00.878Z,33.74,69.96

2026-09-20T06:51:05.878Z,33.76,69.94

2026-09-20T06:51:10.878Z,33.76,69.91

2026-09-20T06:51:15.892Z,33.76,69.8

2026-09-20T06:51:20.877Z,33.77,69.81

2026-09-20T06:51:25.877Z,33.77,69.82

2026-09-20T06:51:30.877Z,33.78,69.78

2026-09-20T06:51:35.885Z,33.77,69.8

2026-09-20T06:51:40.882Z,33.78,69.8

2026-09-20T06:51:45.896Z,33.77,69.78

2026-09-20T06:51:50.881Z,33.77,69.81

2026-09-20T06:51:55.880Z,33.78,69.84

2026-09-20T06:52:00.880Z,33.79,69.79

2026-09-20T06:52:05.884Z,33.79,69.82

2026-09-20T06:52:10.887Z,33.78,69.77

2026-09-20T06:52:15.900Z,33.78,69.86

2026-09-20T06:52:20.886Z,33.77,69.94

2026-09-20T06:52:25.886Z,33.77,70.02

2026-09-20T06:52:30.885Z,33.78,70.05

2026-09-20T06:52:35.885Z,33.77,70.09

2026-09-20T06:52:40.901Z,33.76,70.15

2026-09-20T06:52:45.911Z,33.75,70.22

2026-09-20T06:52:50.899Z,33.76,70.24

2026-09-20T06:52:55.901Z,33.73,70.16

2026-09-20T06:53:00.901Z,33.73,70.15

2026-09-20T06:53:05.901Z,33.73,70.16

2026-09-20T06:53:10.908Z,33.74,70.2

2026-09-20T06:53:15.916Z,33.74,70.25

2026-09-20T06:53:20.906Z,33.72,70.26

2026-09-20T06:53:25.907Z,33.73,70.27

2026-09-20T06:53:30.906Z,33.71,70.26

2026-09-20T06:53:35.906Z,33.72,70.33

2026-09-20T06:53:40.914Z,33.72,70.22

2026-09-20T06:53:45.923Z,33.7,70.33

2026-09-20T06:53:50.911Z,33.7,70.25

2026-09-20T06:53:55.913Z,33.7,70.32

2026-09-20T06:54:00.912Z,33.7,70.31

2026-09-20T06:54:05.910Z,33.7,70.33

2026-09-20T06:54:10.916Z,33.71,70.33

2026-09-20T06:54:15.926Z,33.68,70.35

2026-09-20T06:54:20.912Z,33.69,70.35

2026-09-20T06:54:25.912Z,33.7,70.35

2026-09-20T06:54:30.910Z,33.67,70.37

2026-09-20T06:54:35.914Z,33.7,70.37

2026-09-20T06:54:40.910Z,33.68,70.38

2026-09-20T06:54:45.921Z,33.69,70.34

2026-09-20T06:54:50.912Z,33.69,70.41

2026-09-20T06:54:55.911Z,33.7,70.39

2026-09-20T06:55:00.914Z,33.7,70.37

2026-09-20T06:55:05.913Z,33.7,70.34

2026-09-20T06:55:10.933Z,33.7,70.32

2026-09-20T06:55:15.947Z,33.69,70.4

2026-09-20T06:55:20.933Z,33.69,70.32

2026-09-20T06:55:25.933Z,33.7,70.33

2026-09-20T06:55:30.934Z,33.7,70.32

2026-09-20T06:55:35.933Z,33.69,70.34

2026-09-20T06:55:40.946Z,33.69,70.28

2026-09-20T06:55:45.958Z,33.72,70.33

2026-09-20T06:55:50.946Z,33.72,70.26

2026-09-20T06:55:55.943Z,33.72,70.28

2026-09-20T06:56:00.944Z,33.72,70.25

2026-09-20T06:56:05.944Z,33.72,70.2

2026-09-20T06:56:10.948Z,33.75,70.2

2026-09-20T06:56:15.965Z,33.73,70.24

2026-09-20T06:56:20.949Z,33.74,70.18

2026-09-20T06:56:25.949Z,33.73,70.15

2026-09-20T06:56:30.949Z,33.72,70.15

2026-09-20T06:56:35.951Z,33.74,70.11

2026-09-20T06:56:40.967Z,33.74,70.11

2026-09-20T06:56:45.981Z,33.73,70.18

2026-09-20T06:56:50.970Z,33.75,70.05

2026-09-20T06:56:55.969Z,33.75,70.11

2026-09-20T06:57:00.969Z,33.76,70.09

2026-09-20T06:57:05.969Z,33.75,70.02

2026-09-20T06:57:10.969Z,33.73,70.04

2026-09-20T06:57:15.983Z,33.76,69.96

2026-09-20T06:57:20.968Z,33.76,70.03

2026-09-20T06:57:25.973Z,33.76,70.02

2026-09-20T06:57:30.970Z,33.76,69.97

2026-09-20T06:57:35.968Z,33.76,69.95

2026-09-20T06:57:40.970Z,33.76,69.91

2026-09-20T06:57:45.987Z,33.77,69.92

2026-09-20T06:57:50.973Z,33.77,69.92

2026-09-20T06:57:55.974Z,33.78,69.84

2026-09-20T06:58:00.974Z,33.78,69.86

2026-09-20T06:58:05.976Z,33.79,69.85

2026-09-20T06:58:10.974Z,33.78,69.81

2026-09-20T06:58:15.988Z,33.8,69.85

2026-09-20T06:58:20.976Z,33.81,69.74

2026-09-20T06:58:25.976Z,33.79,69.78

2026-09-20T06:58:30.975Z,33.8,69.72

2026-09-20T06:58:35.976Z,33.8,69.68

2026-09-20T06:58:40.978Z,33.81,69.79

2026-09-20T06:58:45.991Z,33.81,69.9

2026-09-20T06:58:50.979Z,33.8,69.94

2026-09-20T06:58:55.980Z,33.81,69.92

2026-09-20T06:59:00.978Z,33.83,69.89

2026-09-20T06:59:05.981Z,33.82,69.95

2026-09-20T06:59:10.979Z,33.8,69.99

2026-09-20T06:59:15.991Z,33.81,70.02

2026-09-20T06:59:20.977Z,33.81,69.93

2026-09-20T06:59:25.980Z,33.83,69.93

2026-09-20T06:59:30.979Z,33.83,69.93

2026-09-20T06:59:35.981Z,33.82,69.98

2026-09-20T06:59:40.994Z,33.81,69.98

2026-09-20T06:59:46.010Z,33.81,70

2026-09-20T06:59:50.992Z,33.83,69.95

2026-09-20T06:59:55.995Z,33.81,70

2026-09-20T07:00:00.995Z,33.82,70.02

2026-09-20T07:00:05.997Z,33.82,70.02

2026-09-20T07:00:11.008Z,33.82,69.98

2026-09-20T07:00:16.018Z,33.81,69.96

2026-09-20T07:00:21.007Z,33.81,69.89

2026-09-20T07:00:26.009Z,33.81,69.98

2026-09-20T07:00:31.006Z,33.82,69.97

2026-09-20T07:00:36.006Z,33.8,69.92

2026-09-20T07:00:41.021Z,33.83,69.93

2026-09-20T07:00:46.031Z,33.79,69.82

2026-09-20T07:00:51.020Z,33.78,69.72

2026-09-20T07:00:56.020Z,33.76,69.72

2026-09-20T07:01:01.021Z,33.75,69.67

2026-09-20T07:01:06.020Z,33.76,69.66

2026-09-20T07:01:11.035Z,33.74,69.65

2026-09-20T07:01:16.046Z,33.72,69.79

2026-09-20T07:01:21.031Z,33.73,69.77

2026-09-20T07:01:26.034Z,33.72,69.85

2026-09-20T07:01:31.032Z,33.72,69.82

2026-09-20T07:01:36.032Z,33.71,69.78

2026-09-20T07:01:41.033Z,33.7,69.77

2026-09-20T07:01:46.044Z,33.7,69.85

2026-09-20T07:01:51.033Z,33.69,69.81

2026-09-20T07:01:56.033Z,33.68,69.85

2026-09-20T07:02:01.034Z,33.67,69.79

2026-09-20T07:02:06.033Z,33.64,69.77

2026-09-20T07:02:11.034Z,33.64,69.82

2026-09-20T07:02:16.044Z,33.63,69.92

2026-09-20T07:02:21.033Z,33.64,69.95

2026-09-20T07:02:26.034Z,33.62,70

2026-09-20T07:02:31.036Z,33.62,70.05

2026-09-20T07:02:36.035Z,33.63,70.21

2026-09-20T07:02:41.056Z,33.64,70.18

2026-09-20T07:02:46.062Z,33.61,70.25

2026-09-20T07:02:51.054Z,33.59,70.11

2026-09-20T07:02:56.058Z,33.57,70.17

2026-09-20T07:03:01.058Z,33.56,70.14

2026-09-20T07:03:06.057Z,33.56,70.17

2026-09-20T07:03:11.069Z,33.55,70.16

2026-09-20T07:03:16.081Z,33.53,70.08

2026-09-20T07:03:21.069Z,33.53,70.04

2026-09-20T07:03:26.070Z,33.54,70.12

2026-09-20T07:03:31.068Z,33.51,70.2

2026-09-20T07:03:36.070Z,33.52,70.3

2026-09-20T07:03:41.073Z,33.52,70.4

2026-09-20T07:03:46.081Z,33.51,70.47

2026-09-20T07:03:51.073Z,33.51,70.5

2026-09-20T07:03:56.074Z,33.5,70.46

2026-09-20T07:04:01.073Z,33.51,70.52

2026-09-20T07:04:06.074Z,33.5,70.53

2026-09-20T07:04:11.083Z,33.51,70.56

2026-09-20T07:04:16.094Z,33.51,70.63

2026-09-20T07:04:21.080Z,33.52,70.58

2026-09-20T07:04:26.081Z,33.5,70.58

2026-09-20T07:04:31.081Z,33.51,70.6

2026-09-20T07:04:36.083Z,33.53,70.59

2026-09-20T07:04:41.081Z,33.51,70.62

2026-09-20T07:04:46.095Z,33.53,70.72

2026-09-20T07:04:51.081Z,33.52,70.62

2026-09-20T07:04:56.083Z,33.52,70.61

2026-09-20T07:05:01.081Z,33.53,70.65

2026-09-20T07:05:06.083Z,33.52,70.56

2026-09-20T07:05:11.095Z,33.56,70.61

2026-09-20T07:05:16.106Z,33.52,70.62

2026-09-20T07:05:21.094Z,33.55,70.55

2026-09-20T07:05:26.095Z,33.53,70.61

2026-09-20T07:05:31.095Z,33.54,70.6

2026-09-20T07:05:36.095Z,33.52,70.65

2026-09-20T07:05:41.104Z,33.53,70.63

2026-09-20T07:05:46.115Z,33.52,70.71

2026-09-20T07:05:51.101Z,33.53,70.74

2026-09-20T07:05:56.102Z,33.54,70.72

2026-09-20T07:06:01.103Z,33.52,70.78

2026-09-20T07:06:06.117Z,33.51,70.85

2026-09-20T07:06:11.103Z,33.49,70.93

2026-09-20T07:06:16.104Z,33.49,70.96

2026-09-20T07:06:21.104Z,33.49,70.9

2026-09-20T07:06:26.106Z,33.47,71

2026-09-20T07:06:31.105Z,33.47,71.04

2026-09-20T07:06:36.123Z,33.46,71.16

2026-09-20T07:06:41.108Z,33.45,71.2

2026-09-20T07:06:46.108Z,33.46,71.16

2026-09-20T07:06:51.107Z,33.46,71.28

2026-09-20T07:06:56.108Z,33.44,71.28

2026-09-20T07:07:01.132Z,33.44,71.37

2026-09-20T07:07:06.142Z,33.44,71.48

2026-09-20T07:07:11.129Z,33.41,71.46

2026-09-20T07:07:16.133Z,33.44,71.64

2026-09-20T07:07:21.132Z,33.41,71.6

2026-09-20T07:07:26.133Z,33.41,71.66

2026-09-20T07:07:31.135Z,33.41,71.64

2026-09-20T07:07:36.148Z,33.39,71.76

2026-09-20T07:07:41.133Z,33.4,71.65

2026-09-20T07:07:46.136Z,33.36,71.75

2026-09-20T07:07:51.136Z,33.38,71.71

2026-09-20T07:07:56.136Z,33.37,71.72

2026-09-20T07:08:01.135Z,33.35,71.81

2026-09-20T07:08:06.149Z,33.33,71.89

2026-09-20T07:08:11.138Z,33.32,71.96

2026-09-20T07:08:16.138Z,33.31,72.04

2026-09-20T07:08:21.138Z,33.32,72.09

2026-09-20T07:08:26.138Z,33.31,72.14

2026-09-20T07:08:31.140Z,33.3,72.22

2026-09-20T07:08:36.151Z,33.28,72.26

2026-09-20T07:08:41.140Z,33.26,72.33

2026-09-20T07:08:46.139Z,33.26,72.31

2026-09-20T07:08:51.140Z,33.26,72.3

2026-09-20T07:08:56.140Z,33.25,72.35

2026-09-20T07:09:01.142Z,33.23,72.37

2026-09-20T07:09:06.154Z,33.22,72.43

2026-09-20T07:09:11.140Z,33.22,72.26

2026-09-20T07:09:16.141Z,33.22,72.31

2026-09-20T07:09:21.141Z,33.21,72.38

2026-09-20T07:09:26.143Z,33.21,72.49

2026-09-20T07:09:31.146Z,33.17,72.44

2026-09-20T07:09:36.156Z,33.19,72.55

2026-09-20T07:09:41.144Z,33.17,72.42

2026-09-20T07:09:46.144Z,33.13,72.34

2026-09-20T07:09:51.144Z,33.14,72.25

2026-09-20T07:09:56.146Z,33.14,72.38

2026-09-20T07:10:01.172Z,33.12,72.44

2026-09-20T07:10:06.186Z,33.11,72.27

2026-09-20T07:10:11.166Z,33.11,72.17

2026-09-20T07:10:16.167Z,33.06,71.9

2026-09-20T07:10:21.167Z,33.06,71.93

2026-09-20T07:10:26.167Z,33.06,71.88

2026-09-20T07:10:31.184Z,33.06,71.97

2026-09-20T07:10:36.206Z,33.03,72.16

2026-09-20T07:10:41.183Z,33.04,72.32

2026-09-20T07:10:46.184Z,33.02,72.24

2026-09-20T07:10:51.186Z,33,72.35

2026-09-20T07:10:56.183Z,33.03,72.37

2026-09-20T07:11:01.187Z,33,72.4

2026-09-20T07:11:06.200Z,32.98,72.51

2026-09-20T07:11:11.183Z,33,72.51

2026-09-20T07:11:16.185Z,32.98,72.51

2026-09-20T07:11:21.193Z,32.96,72.6

2026-09-20T07:11:26.204Z,32.96,72.63

2026-09-20T07:11:31.193Z,32.97,72.53

2026-09-20T07:11:36.191Z,32.96,72.63

2026-09-20T07:11:41.193Z,32.97,72.73

2026-09-20T07:11:46.194Z,32.95,72.66

2026-09-20T07:11:51.205Z,32.97,72.64

2026-09-20T07:11:56.219Z,32.94,72.77

2026-09-20T07:12:01.200Z,32.94,72.59

2026-09-20T07:12:06.201Z,32.92,72.62

2026-09-20T07:12:11.200Z,32.95,72.68

2026-09-20T07:12:16.201Z,32.92,72.62

2026-09-20T07:12:21.207Z,32.92,72.74

2026-09-20T07:12:26.219Z,32.93,72.8

2026-09-20T07:12:31.204Z,32.93,72.84

2026-09-20T07:12:36.205Z,32.94,72.91

2026-09-20T07:12:41.204Z,32.93,72.93

2026-09-20T07:12:46.204Z,32.93,72.97

2026-09-20T07:12:51.212Z,32.93,73.05

2026-09-20T07:12:56.226Z,32.93,73.08

2026-09-20T07:13:01.211Z,32.91,73.16

2026-09-20T07:13:06.213Z,32.93,73.03

2026-09-20T07:13:11.211Z,32.92,73

2026-09-20T07:13:16.212Z,32.94,73.08

2026-09-20T07:13:21.212Z,32.89,73.02

2026-09-20T07:13:26.228Z,32.88,73.04

2026-09-20T07:13:31.213Z,32.89,72.95

2026-09-20T07:13:36.214Z,32.88,73.06

2026-09-20T07:13:41.216Z,32.89,73.07

2026-09-20T07:13:46.216Z,32.87,73.19

2026-09-20T07:13:51.225Z,32.89,73.21

2026-09-20T07:13:56.237Z,32.88,73.28

2026-09-20T07:14:01.226Z,32.91,73.22

2026-09-20T07:14:06.226Z,32.87,73.19

2026-09-20T07:14:11.225Z,32.89,73.23

2026-09-20T07:14:16.243Z,32.89,73.26

2026-09-20T07:14:21.228Z,32.88,73.25

2026-09-20T07:14:26.230Z,32.88,73.3

2026-09-20T07:14:31.228Z,32.88,73.31

2026-09-20T07:14:36.227Z,32.9,73.2

2026-09-20T07:14:41.228Z,32.9,73.25

2026-09-20T07:14:46.242Z,32.88,73.31

2026-09-20T07:14:51.229Z,32.87,73.36

2026-09-20T07:14:56.231Z,32.88,73.37

2026-09-20T07:15:01.230Z,32.88,73.33

2026-09-20T07:15:06.231Z,32.89,73.36

2026-09-20T07:15:11.234Z,32.89,73.36

2026-09-20T07:15:16.243Z,32.86,73.5

2026-09-20T07:15:21.233Z,32.87,73.44

2026-09-20T07:15:26.233Z,32.88,73.37

2026-09-20T07:15:31.233Z,32.89,73.32

2026-09-20T07:15:36.234Z,32.87,73.34

2026-09-20T07:15:41.248Z,32.87,73.44

2026-09-20T07:15:46.257Z,32.86,73.2

2026-09-20T07:15:51.247Z,32.85,72.96

2026-09-20T07:15:56.248Z,32.84,73.02

2026-09-20T07:16:01.248Z,32.84,73.09

2026-09-20T07:16:06.249Z,32.83,73.16

2026-09-20T07:16:11.265Z,32.84,73.24

2026-09-20T07:16:16.279Z,32.83,73.32

2026-09-20T07:16:21.263Z,32.82,73.31

2026-09-20T07:16:26.264Z,32.81,73.47

2026-09-20T07:16:31.264Z,32.81,73.49

2026-09-20T07:16:36.265Z,32.81,73.57

2026-09-20T07:16:41.267Z,32.82,73.56

2026-09-20T07:16:46.277Z,32.81,73.6

2026-09-20T07:16:51.267Z,32.79,73.64

2026-09-20T07:16:56.265Z,32.82,73.6

2026-09-20T07:17:01.266Z,32.81,73.62

2026-09-20T07:17:06.267Z,32.81,73.62

2026-09-20T07:17:11.277Z,32.8,73.6

2026-09-20T07:17:16.289Z,32.8,73.69

2026-09-20T07:17:21.273Z,32.82,73.63

2026-09-20T07:17:26.275Z,32.81,73.67

2026-09-20T07:17:31.273Z,32.82,73.69

2026-09-20T07:17:36.273Z,32.8,73.61

2026-09-20T07:17:41.275Z,32.81,73.62

2026-09-20T07:17:46.291Z,32.79,73.57

2026-09-20T07:17:51.273Z,32.78,73.54

2026-09-20T07:17:56.273Z,32.79,73.55

2026-09-20T07:18:01.273Z,32.79,73.62

2026-09-20T07:18:06.273Z,32.78,73.69

2026-09-20T07:18:11.274Z,32.78,73.64

2026-09-20T07:18:16.285Z,32.79,73.69

2026-09-20T07:18:21.276Z,32.78,73.69

2026-09-20T07:18:26.276Z,32.77,73.62

2026-09-20T07:18:31.274Z,32.79,73.72

2026-09-20T07:18:36.276Z,32.79,73.68

2026-09-20T07:18:41.289Z,32.77,73.67

2026-09-20T07:18:46.304Z,32.78,73.75

2026-09-20T07:18:51.289Z,32.76,73.62

2026-09-20T07:18:56.291Z,32.79,73.54

2026-09-20T07:19:01.288Z,32.75,73.45

2026-09-20T07:19:06.291Z,32.77,73.41

2026-09-20T07:19:11.312Z,32.74,73.41

2026-09-20T07:19:16.325Z,32.74,73.26

2026-09-20T07:19:21.312Z,32.76,73.43

2026-09-20T07:19:26.311Z,32.74,73.41

2026-09-20T07:19:31.310Z,32.75,73.44

2026-09-20T07:19:36.311Z,32.75,73.45

2026-09-20T07:19:41.313Z,32.75,73.5

2026-09-20T07:19:46.325Z,32.74,73.54

2026-09-20T07:19:51.312Z,32.74,73.46

2026-09-20T07:19:56.311Z,32.75,73.5

2026-09-20T07:20:01.311Z,32.74,73.47

2026-09-20T07:20:06.313Z,32.72,73.51

2026-09-20T07:20:11.312Z,32.72,73.45

2026-09-20T07:20:16.325Z,32.74,73.43

2026-09-20T07:20:21.311Z,32.75,73.5

2026-09-20T07:20:26.313Z,32.75,73.47

2026-09-20T07:20:31.312Z,32.75,73.49

2026-09-20T07:20:36.314Z,32.75,73.5

2026-09-20T07:20:41.313Z,32.73,73.38

2026-09-20T07:20:46.325Z,32.74,73.26

2026-09-20T07:20:51.314Z,32.71,73.2

2026-09-20T07:20:56.317Z,32.72,73.25

2026-09-20T07:21:01.319Z,32.75,73.3

2026-09-20T07:21:06.317Z,32.73,73.37

2026-09-20T07:21:11.335Z,32.71,73.42

2026-09-20T07:21:16.355Z,32.72,73.47

2026-09-20T07:21:21.341Z,32.71,73.47

2026-09-20T07:21:26.339Z,32.72,73.49

2026-09-20T07:21:31.335Z,32.7,73.52

2026-09-20T07:21:36.336Z,32.71,73.51

2026-09-20T07:21:41.344Z,32.71,73.54

2026-09-20T07:21:46.355Z,32.71,73.6

2026-09-20T07:21:51.343Z,32.71,73.63

2026-09-20T07:21:56.345Z,32.7,73.61

2026-09-20T07:22:01.344Z,32.7,73.58

2026-09-20T07:22:06.345Z,32.72,73.61

2026-09-20T07:22:11.352Z,32.71,73.59

2026-09-20T07:22:16.365Z,32.72,73.64

2026-09-20T07:22:21.351Z,32.71,73.56

2026-09-20T07:22:26.351Z,32.72,73.64

2026-09-20T07:22:31.352Z,32.74,73.65

2026-09-20T07:22:36.362Z,32.72,73.82

2026-09-20T07:22:41.351Z,32.72,73.75

2026-09-20T07:22:46.353Z,32.74,73.77

2026-09-20T07:22:51.352Z,32.72,73.79

2026-09-20T07:22:56.353Z,32.72,73.76

2026-09-20T07:23:01.351Z,32.73,73.79

2026-09-20T07:23:06.365Z,32.73,73.79

2026-09-20T07:23:11.353Z,32.73,73.77

2026-09-20T07:23:16.355Z,32.71,73.71

2026-09-20T07:23:21.354Z,32.73,73.77

2026-09-20T07:23:26.353Z,32.74,73.75

2026-09-20T07:23:31.370Z,32.72,73.62

2026-09-20T07:23:36.379Z,32.72,73.66

2026-09-20T07:23:41.368Z,32.72,73.54

2026-09-20T07:23:46.369Z,32.72,73.43

2026-09-20T07:23:51.370Z,32.72,73.41

2026-09-20T07:23:56.367Z,32.72,73.49

2026-09-20T07:24:01.375Z,32.73,73.43

2026-09-20T07:24:06.384Z,32.73,73.38

2026-09-20T07:24:11.374Z,32.73,73.32

2026-09-20T07:24:16.373Z,32.72,73.35

2026-09-20T07:24:21.374Z,32.73,73.33

2026-09-20T07:24:26.375Z,32.72,73.36

2026-09-20T07:24:31.382Z,32.73,73.4

2026-09-20T07:24:36.396Z,32.71,73.34

2026-09-20T07:24:41.381Z,32.7,73.33

2026-09-20T07:24:46.382Z,32.72,73.24

2026-09-20T07:24:51.384Z,32.68,73.22

2026-09-20T07:24:56.382Z,32.68,73.31

2026-09-20T07:25:01.382Z,32.7,73.3

2026-09-20T07:25:06.399Z,32.68,73.37

2026-09-20T07:25:11.384Z,32.7,73.31

2026-09-20T07:25:16.383Z,32.67,73.31

2026-09-20T07:25:21.384Z,32.69,73.34

2026-09-20T07:25:26.385Z,32.68,73.34

2026-09-20T07:25:31.390Z,32.69,73.37

2026-09-20T07:25:36.402Z,32.68,73.48

2026-09-20T07:25:41.387Z,32.67,73.39

2026-09-20T07:25:46.387Z,32.67,73.39

2026-09-20T07:25:51.388Z,32.67,73.38

2026-09-20T07:25:56.389Z,32.65,73.34

2026-09-20T07:26:01.406Z,32.67,73.33

2026-09-20T07:26:06.418Z,32.65,73.3

2026-09-20T07:26:11.406Z,32.66,73.28

2026-09-20T07:26:16.406Z,32.66,73.31

2026-09-20T07:26:21.406Z,32.63,73.34

2026-09-20T07:26:26.410Z,32.65,73.3

2026-09-20T07:26:31.417Z,32.66,73.32

2026-09-20T07:26:36.424Z,32.64,73.4

2026-09-20T07:26:41.412Z,32.65,73.24

2026-09-20T07:26:46.414Z,32.66,73.25

2026-09-20T07:26:51.414Z,32.65,73.31

2026-09-20T07:26:56.415Z,32.65,73.36

2026-09-20T07:27:01.417Z,32.64,73.36

2026-09-20T07:27:06.429Z,32.63,73.41

2026-09-20T07:27:11.416Z,32.64,73.4

2026-09-20T07:27:16.417Z,32.64,73.42

2026-09-20T07:27:21.416Z,32.64,73.37

2026-09-20T07:27:26.418Z,32.63,73.47

2026-09-20T07:27:31.418Z,32.63,73.49

2026-09-20T07:27:36.438Z,32.64,73.62

2026-09-20T07:27:41.418Z,32.63,73.6

2026-09-20T07:27:46.419Z,32.63,73.6

2026-09-20T07:27:51.417Z,32.63,73.54

2026-09-20T07:27:56.419Z,32.61,73.5

2026-09-20T07:28:01.422Z,32.62,73.53

2026-09-20T07:28:06.431Z,32.6,73.64

2026-09-20T07:28:11.420Z,32.6,73.6

2026-09-20T07:28:16.419Z,32.62,73.58

2026-09-20T07:28:21.419Z,32.63,73.67

2026-09-20T07:28:26.420Z,32.61,73.71

2026-09-20T07:28:31.430Z,32.62,73.77

2026-09-20T07:28:36.442Z,32.6,73.81

2026-09-20T07:28:41.429Z,32.6,73.84

2026-09-20T07:28:46.430Z,32.59,73.84

2026-09-20T07:28:51.430Z,32.61,73.92

2026-09-20T07:28:56.429Z,32.62,73.88

2026-09-20T07:29:01.442Z,32.6,73.95

2026-09-20T07:29:06.445Z,32.6,73.96

2026-09-20T07:29:11.438Z,32.6,73.99

2026-09-20T07:29:16.438Z,32.63,74.03

2026-09-20T07:29:21.439Z,32.61,73.98

2026-09-20T07:29:26.442Z,32.62,73.98

2026-09-20T07:29:31.461Z,32.61,73.97

2026-09-20T07:29:36.470Z,32.6,73.98

2026-09-20T07:29:41.460Z,32.6,74.01

2026-09-20T07:29:46.464Z,32.6,74.02

2026-09-20T07:29:51.464Z,32.6,74.02

2026-09-20T07:29:56.462Z,32.61,74.04

2026-09-20T07:30:01.472Z,32.63,74.1

2026-09-20T07:30:06.483Z,32.61,74.11

2026-09-20T07:30:11.469Z,32.6,74.08

2026-09-20T07:30:16.471Z,32.62,74.1

2026-09-20T07:30:21.469Z,32.61,74.04

2026-09-20T07:30:26.471Z,32.62,74.08

2026-09-20T07:30:31.480Z,32.62,74.09

2026-09-20T07:30:36.492Z,32.62,74.14

2026-09-20T07:30:41.478Z,32.61,74.01

2026-09-20T07:30:46.476Z,32.62,74.02

2026-09-20T07:30:51.478Z,32.63,73.96

2026-09-20T07:30:56.480Z,32.62,74.04

2026-09-20T07:31:01.490Z,32.64,73.99

2026-09-20T07:31:06.500Z,32.62,74.04

2026-09-20T07:31:11.489Z,32.63,74.02

2026-09-20T07:31:16.491Z,32.63,74.01

2026-09-20T07:31:21.495Z,32.63,73.9

2026-09-20T07:31:26.507Z,32.62,73.93

2026-09-20T07:31:31.492Z,32.63,73.92

2026-09-20T07:31:36.494Z,32.63,73.96

2026-09-20T07:31:41.493Z,32.64,73.95

2026-09-20T07:31:46.494Z,32.64,73.85

2026-09-20T07:31:51.492Z,32.64,73.88

2026-09-20T07:31:56.505Z,32.63,73.94

2026-09-20T07:32:01.494Z,32.64,73.97

2026-09-20T07:32:06.496Z,32.62,73.97

2026-09-20T07:32:11.498Z,32.61,74.02

2026-09-20T07:32:16.512Z,32.62,74.03

2026-09-20T07:32:21.498Z,32.62,74.02

2026-09-20T07:32:26.499Z,32.6,74.07

2026-09-20T07:32:31.498Z,32.61,74.08

2026-09-20T07:32:36.501Z,32.61,74.09

2026-09-20T07:32:41.500Z,32.63,74.12

2026-09-20T07:32:46.515Z,32.61,74.17

2026-09-20T07:32:51.501Z,32.62,74.11

2026-09-20T07:32:56.501Z,32.62,74.11

2026-09-20T07:33:01.502Z,32.62,74.15

2026-09-20T07:33:06.500Z,32.61,74.2

2026-09-20T07:33:11.519Z,32.6,74.19

2026-09-20T07:33:16.532Z,32.6,74.22

2026-09-20T07:33:21.517Z,32.61,74.26

2026-09-20T07:33:26.519Z,32.61,74.3

2026-09-20T07:33:31.519Z,32.59,74.36

2026-09-20T07:33:36.519Z,32.58,74.39

2026-09-20T07:33:41.534Z,32.58,74.4

2026-09-20T07:33:46.546Z,32.57,74.41

2026-09-20T07:33:51.534Z,32.6,74.39

2026-09-20T07:33:56.534Z,32.59,74.39

2026-09-20T07:34:01.534Z,32.56,74.42

2026-09-20T07:34:06.535Z,32.56,74.49

2026-09-20T07:34:11.542Z,32.57,74.48

2026-09-20T07:34:16.555Z,32.57,74.57

2026-09-20T07:34:21.542Z,32.57,74.57

2026-09-20T07:34:26.545Z,32.58,74.59

2026-09-20T07:34:31.543Z,32.56,74.61

2026-09-20T07:34:36.544Z,32.57,74.62

2026-09-20T07:34:41.544Z,32.55,74.64

2026-09-20T07:34:46.555Z,32.56,74.67

2026-09-20T07:34:51.544Z,32.55,74.67

2026-09-20T07:34:56.544Z,32.56,74.71

2026-09-20T07:35:01.545Z,32.57,74.67

2026-09-20T07:35:06.544Z,32.57,74.71

2026-09-20T07:35:11.544Z,32.57,74.72

2026-09-20T07:35:16.554Z,32.53,74.74

2026-09-20T07:35:21.542Z,32.55,74.74

2026-09-20T07:35:26.543Z,32.57,74.8

2026-09-20T07:35:31.542Z,32.57,74.75

2026-09-20T07:35:36.544Z,32.56,74.79

2026-09-20T07:35:41.557Z,32.57,74.79

2026-09-20T07:35:46.571Z,32.57,74.81

2026-09-20T07:35:51.555Z,32.56,74.74

2026-09-20T07:35:56.557Z,32.57,74.82

2026-09-20T07:36:01.558Z,32.58,74.76

2026-09-20T07:36:06.557Z,32.57,74.86

2026-09-20T07:36:11.566Z,32.58,74.81

2026-09-20T07:36:16.577Z,32.56,74.82

2026-09-20T07:36:21.565Z,32.58,74.8

2026-09-20T07:36:26.567Z,32.6,74.82

2026-09-20T07:36:31.565Z,32.57,74.79

2026-09-20T07:36:36.565Z,32.58,74.84

2026-09-20T07:36:41.577Z,32.58,74.82

2026-09-20T07:36:46.588Z,32.59,74.81

2026-09-20T07:36:51.576Z,32.6,74.76

2026-09-20T07:36:56.576Z,32.61,74.66

2026-09-20T07:37:01.578Z,32.59,74.68

2026-09-20T07:37:06.576Z,32.58,74.7

2026-09-20T07:37:11.581Z,32.59,74.69

2026-09-20T07:37:16.593Z,32.59,74.72

2026-09-20T07:37:21.581Z,32.61,74.65

2026-09-20T07:37:26.585Z,32.59,74.7

2026-09-20T07:37:31.583Z,32.61,74.73

2026-09-20T07:37:36.584Z,32.58,74.62

2026-09-20T07:37:41.583Z,32.6,74.64

2026-09-20T07:37:46.593Z,32.59,74.66

2026-09-20T07:37:51.584Z,32.59,74.64

2026-09-20T07:37:56.583Z,32.6,74.65

2026-09-20T07:38:01.585Z,32.6,74.61

2026-09-20T07:38:06.583Z,32.62,74.58

2026-09-20T07:38:11.598Z,32.62,74.59

2026-09-20T07:38:16.612Z,32.61,74.66

2026-09-20T07:38:21.596Z,32.61,74.53

2026-09-20T07:38:26.598Z,32.62,74.61

2026-09-20T07:38:31.597Z,32.61,74.51

2026-09-20T07:38:36.597Z,32.61,74.56

2026-09-20T07:38:41.597Z,32.58,74.54

2026-09-20T07:38:46.607Z,32.63,74.58

2026-09-20T07:38:51.596Z,32.61,74.49

2026-09-20T07:38:56.598Z,32.62,74.51

2026-09-20T07:39:01.600Z,32.63,74.59

2026-09-20T07:39:06.601Z,32.62,74.57

2026-09-20T07:39:11.599Z,32.64,74.49

2026-09-20T07:39:16.613Z,32.61,74.57

2026-09-20T07:39:21.598Z,32.63,74.5

2026-09-20T07:39:26.600Z,32.63,74.52

2026-09-20T07:39:31.602Z,32.63,74.5

2026-09-20T07:39:36.603Z,32.65,74.48

2026-09-20T07:39:41.610Z,32.63,74.44

2026-09-20T07:39:46.628Z,32.63,74.52

2026-09-20T07:39:51.610Z,32.61,74.5

2026-09-20T07:39:56.611Z,32.61,74.45

2026-09-20T07:40:01.609Z,32.63,74.53

2026-09-20T07:40:06.609Z,32.63,74.46

2026-09-20T07:40:11.628Z,32.63,74.47

2026-09-20T07:40:16.638Z,32.64,74.49

2026-09-20T07:40:21.628Z,32.63,74.45

2026-09-20T07:40:26.628Z,32.63,74.51

2026-09-20T07:40:31.629Z,32.62,74.51

2026-09-20T07:40:36.629Z,32.63,74.47

2026-09-20T07:40:41.644Z,32.64,74.5

2026-09-20T07:40:46.660Z,32.62,74.51

2026-09-20T07:40:51.640Z,32.64,74.48

2026-09-20T07:40:56.643Z,32.62,74.42

2026-09-20T07:41:01.643Z,32.65,74.49

2026-09-20T07:41:06.644Z,32.62,74.45

2026-09-20T07:41:11.651Z,32.64,74.52

2026-09-20T07:41:16.662Z,32.63,74.55

2026-09-20T07:41:21.648Z,32.65,74.57

2026-09-20T07:41:26.651Z,32.64,74.53

2026-09-20T07:41:31.651Z,32.64,74.47

2026-09-20T07:41:36.651Z,32.61,74.48

2026-09-20T07:41:41.651Z,32.63,74.48

2026-09-20T07:41:46.664Z,32.62,74.51

2026-09-20T07:41:51.651Z,32.63,74.42

2026-09-20T07:41:56.649Z,32.62,74.34

2026-09-20T07:42:01.652Z,32.61,74.35

2026-09-20T07:42:06.652Z,32.6,74.38

2026-09-20T07:42:11.657Z,32.62,74.34

2026-09-20T07:42:16.670Z,32.61,74.38

2026-09-20T07:42:21.656Z,32.61,74.37

2026-09-20T07:42:26.654Z,32.62,74.37

2026-09-20T07:42:31.653Z,32.61,74.31

2026-09-20T07:42:36.658Z,32.6,74.32

2026-09-20T07:42:41.668Z,32.61,74.31

2026-09-20T07:42:46.675Z,32.6,74.4

2026-09-20T07:42:51.665Z,32.6,74.38

2026-09-20T07:42:56.666Z,32.62,74.47

2026-09-20T07:43:01.668Z,32.61,74.5

2026-09-20T07:43:06.665Z,32.62,74.52

2026-09-20T07:43:11.677Z,32.6,74.48

2026-09-20T07:43:16.689Z,32.57,74.59

2026-09-20T07:43:21.677Z,32.59,74.62

2026-09-20T07:43:26.677Z,32.61,74.61

2026-09-20T07:43:31.677Z,32.59,74.66

2026-09-20T07:43:36.676Z,32.59,74.73

2026-09-20T07:43:41.696Z,32.59,74.73

2026-09-20T07:43:46.711Z,32.57,74.82

2026-09-20T07:43:51.693Z,32.58,74.77

2026-09-20T07:43:56.695Z,32.57,74.75

2026-09-20T07:44:01.694Z,32.57,74.82

2026-09-20T07:44:06.695Z,32.59,74.92

2026-09-20T07:44:11.705Z,32.58,74.95

2026-09-20T07:44:16.717Z,32.57,75.03

2026-09-20T07:44:21.705Z,32.58,74.96

2026-09-20T07:44:26.704Z,32.59,74.92

2026-09-20T07:44:31.705Z,32.59,74.9

2026-09-20T07:44:36.706Z,32.58,74.97

2026-09-20T07:44:41.713Z,32.59,74.98

2026-09-20T07:44:46.725Z,32.58,74.99

2026-09-20T07:44:51.709Z,32.58,74.96

2026-09-20T07:44:56.710Z,32.57,75.01

2026-09-20T07:45:01.710Z,32.58,75.06

2026-09-20T07:45:06.710Z,32.58,75.05

2026-09-20T07:45:11.716Z,32.57,75.12

2026-09-20T07:45:16.729Z,32.59,75.17

2026-09-20T07:45:21.716Z,32.58,75.16

2026-09-20T07:45:26.717Z,32.6,75.14

2026-09-20T07:45:31.716Z,32.58,75.17

2026-09-20T07:45:36.717Z,32.59,75.15

2026-09-20T07:45:41.727Z,32.59,75.21

2026-09-20T07:45:46.737Z,32.58,75.2

2026-09-20T07:45:51.725Z,32.57,75.13

2026-09-20T07:45:56.728Z,32.59,75.09

2026-09-20T07:46:01.728Z,32.59,75.21

2026-09-20T07:46:06.728Z,32.59,75.18

2026-09-20T07:46:11.727Z,32.59,75.1

2026-09-20T07:46:16.739Z,32.59,75.17

2026-09-20T07:46:21.727Z,32.58,75.18

2026-09-20T07:46:26.728Z,32.6,75.19

2026-09-20T07:46:31.726Z,32.58,75.24

2026-09-20T07:46:36.726Z,32.6,75.25

2026-09-20T07:46:41.728Z,32.59,75.3

2026-09-20T07:46:46.738Z,32.58,75.34

2026-09-20T07:46:51.727Z,32.61,75.25

2026-09-20T07:46:56.729Z,32.62,75.25

2026-09-20T07:47:01.729Z,32.61,75.3

2026-09-20T07:47:06.731Z,32.6,75.24

2026-09-20T07:47:11.729Z,32.62,75.35

2026-09-20T07:47:16.738Z,32.61,75.36

2026-09-20T07:47:21.733Z,32.63,75.33

2026-09-20T07:47:26.733Z,32.63,75.38

2026-09-20T07:47:31.731Z,32.6,75.35

2026-09-20T07:47:36.731Z,32.64,75.26

2026-09-20T07:47:41.737Z,32.64,75.31

2026-09-20T07:47:46.748Z,32.63,75.34

2026-09-20T07:47:51.737Z,32.65,75.36

2026-09-20T07:47:56.736Z,32.66,75.26

2026-09-20T07:48:01.738Z,32.65,75.33

2026-09-20T07:48:06.736Z,32.64,75.31

2026-09-20T07:48:11.743Z,32.65,75.26

2026-09-20T07:48:16.755Z,32.66,75.26

2026-09-20T07:48:21.743Z,32.65,75.36

2026-09-20T07:48:26.746Z,32.64,75.25

2026-09-20T07:48:31.744Z,32.67,75.24

2026-09-20T07:48:36.745Z,32.67,75.21

2026-09-20T07:48:41.755Z,32.67,75.3

2026-09-20T07:48:46.765Z,32.67,75.3

2026-09-20T07:48:51.752Z,32.68,75.24

2026-09-20T07:48:56.751Z,32.69,75.26

2026-09-20T07:49:01.749Z,32.68,75.23

2026-09-20T07:49:06.752Z,32.69,75.24

2026-09-20T07:49:11.762Z,32.68,75.27

2026-09-20T07:49:16.775Z,32.67,75.3

2026-09-20T07:49:21.763Z,32.69,75.23

2026-09-20T07:49:26.761Z,32.7,75.21

2026-09-20T07:49:31.761Z,32.7,75.24

2026-09-20T07:49:36.762Z,32.69,75.2

2026-09-20T07:49:41.785Z,32.7,75.23

2026-09-20T07:49:46.796Z,32.7,75.22

2026-09-20T07:49:51.783Z,32.71,75.22

2026-09-20T07:49:56.784Z,32.7,75.28

2026-09-20T07:50:01.783Z,32.71,75.23

2026-09-20T07:50:06.797Z,32.7,75.23

2026-09-20T07:50:11.782Z,32.72,75.12

2026-09-20T07:50:16.783Z,32.71,75.18

2026-09-20T07:50:21.782Z,32.7,75.2

2026-09-20T07:50:26.781Z,32.71,75.19

2026-09-20T07:50:31.788Z,32.71,75.21

2026-09-20T07:50:36.801Z,32.69,75.25

2026-09-20T07:50:41.787Z,32.7,75.13

2026-09-20T07:50:46.789Z,32.7,75.15

2026-09-20T07:50:51.789Z,32.7,75.15

2026-09-20T07:50:56.793Z,32.7,75.21

2026-09-20T07:51:01.795Z,32.69,75.24

2026-09-20T07:51:06.805Z,32.7,75.18

2026-09-20T07:51:11.792Z,32.7,75.22

2026-09-20T07:51:16.793Z,32.73,75.16

2026-09-20T07:51:21.792Z,32.7,75.23

2026-09-20T07:51:26.794Z,32.68,75.23

2026-09-20T07:51:31.808Z,32.69,75.3

2026-09-20T07:51:36.819Z,32.69,75.35

2026-09-20T07:51:41.808Z,32.69,75.29

2026-09-20T07:51:46.807Z,32.7,75.33

2026-09-20T07:51:51.807Z,32.68,75.27

2026-09-20T07:51:56.808Z,32.67,75.32

2026-09-20T07:52:01.822Z,32.68,75.29

2026-09-20T07:52:06.831Z,32.67,75.3

2026-09-20T07:52:11.819Z,32.66,75.26

2026-09-20T07:52:16.818Z,32.67,75.31

2026-09-20T07:52:21.817Z,32.66,75.31

2026-09-20T07:52:26.819Z,32.67,75.31

2026-09-20T07:52:31.820Z,32.67,75.27

2026-09-20T07:52:36.830Z,32.67,75.27

2026-09-20T07:52:41.819Z,32.66,75.25

2026-09-20T07:52:46.821Z,32.67,75.29

2026-09-20T07:52:51.821Z,32.65,75.23

2026-09-20T07:52:56.823Z,32.65,75.28

2026-09-20T07:53:01.827Z,32.65,75.29

2026-09-20T07:53:06.837Z,32.65,75.25

2026-09-20T07:53:11.824Z,32.65,75.2

2026-09-20T07:53:16.827Z,32.63,75.27

2026-09-20T07:53:21.825Z,32.64,75.33

2026-09-20T07:53:26.828Z,32.64,75.37

2026-09-20T07:53:31.848Z,32.64,75.31

2026-09-20T07:53:36.860Z,32.64,75.33

2026-09-20T07:53:41.846Z,32.66,75.36

2026-09-20T07:53:46.845Z,32.65,75.35

2026-09-20T07:53:51.847Z,32.65,75.35

2026-09-20T07:53:56.847Z,32.67,75.3

2026-09-20T07:54:01.847Z,32.65,75.33

2026-09-20T07:54:06.857Z,32.65,75.4

2026-09-20T07:54:11.847Z,32.65,75.28

2026-09-20T07:54:16.850Z,32.67,75.24

2026-09-20T07:54:21.848Z,32.66,75.3

2026-09-20T07:54:26.849Z,32.65,75.22

2026-09-20T07:54:31.852Z,32.67,75.21

2026-09-20T07:54:36.862Z,32.66,75.2

2026-09-20T07:54:41.852Z,32.65,75.24

2026-09-20T07:54:46.852Z,32.67,75.18

2026-09-20T07:54:51.851Z,32.67,75.22

2026-09-20T07:54:56.852Z,32.67,75.12

2026-09-20T07:55:01.852Z,32.65,75.19

2026-09-20T07:55:06.864Z,32.67,75.24

2026-09-20T07:55:11.853Z,32.68,75.17

2026-09-20T07:55:16.854Z,32.67,75.2

2026-09-20T07:55:21.855Z,32.67,75.17

2026-09-20T07:55:26.856Z,32.7,75.15

2026-09-20T07:55:31.869Z,32.68,75.11

2026-09-20T07:55:36.880Z,32.68,75.08

2026-09-20T07:55:41.868Z,32.69,75.1

2026-09-20T07:55:46.868Z,32.7,75.15

2026-09-20T07:55:51.868Z,32.69,75.14

2026-09-20T07:55:56.868Z,32.68,75.15

2026-09-20T07:56:01.883Z,32.71,75.11

2026-09-20T07:56:06.895Z,32.69,75.24

2026-09-20T07:56:11.883Z,32.69,75.15

2026-09-20T07:56:16.883Z,32.7,75.16

2026-09-20T07:56:21.883Z,32.71,75.08

2026-09-20T07:56:26.883Z,32.71,75.06

2026-09-20T07:56:31.883Z,32.7,75.07

2026-09-20T07:56:36.894Z,32.7,75.11

2026-09-20T07:56:41.884Z,32.71,74.96

2026-09-20T07:56:46.883Z,32.69,74.93

2026-09-20T07:56:51.884Z,32.71,74.95

2026-09-20T07:56:56.885Z,32.72,74.87

2026-09-20T07:57:01.884Z,32.71,74.84

2026-09-20T07:57:06.896Z,32.69,74.81

2026-09-20T07:57:11.884Z,32.71,74.74

2026-09-20T07:57:16.882Z,32.72,74.67

2026-09-20T07:57:21.883Z,32.71,74.63

2026-09-20T07:57:26.884Z,32.7,74.64

2026-09-20T07:57:31.895Z,32.71,74.56

2026-09-20T07:57:36.906Z,32.71,74.58

2026-09-20T07:57:41.894Z,32.73,74.51

2026-09-20T07:57:46.894Z,32.7,74.57

2026-09-20T07:57:51.893Z,32.73,74.49

2026-09-20T07:57:56.896Z,32.72,74.57

2026-09-20T07:58:01.903Z,32.72,74.54

2026-09-20T07:58:06.915Z,32.73,74.6

2026-09-20T07:58:11.904Z,32.71,74.52

2026-09-20T07:58:16.903Z,32.71,74.44

2026-09-20T07:58:21.901Z,32.73,74.47

2026-09-20T07:58:26.900Z,32.7,74.41

2026-09-20T07:58:31.912Z,32.71,74.47

2026-09-20T07:58:36.921Z,32.72,74.43

2026-09-20T07:58:41.910Z,32.71,74.34

2026-09-20T07:58:46.912Z,32.7,74.3

2026-09-20T07:58:51.909Z,32.71,74.28

2026-09-20T07:58:56.910Z,32.71,74.28

2026-09-20T07:59:01.915Z,32.7,74.24

2026-09-20T07:59:06.931Z,32.7,74.3

2026-09-20T07:59:11.913Z,32.69,74.22

2026-09-20T07:59:16.915Z,32.7,74.2

2026-09-20T07:59:21.914Z,32.69,74.25

2026-09-20T07:59:26.915Z,32.69,74.16

2026-09-20T07:59:31.933Z,32.69,74.18

2026-09-20T07:59:36.944Z,32.68,74.25

2026-09-20T07:59:41.929Z,32.68,74.19

2026-09-20T07:59:46.932Z,32.68,74.2

2026-09-20T07:59:51.931Z,32.68,74.22

2026-09-20T07:59:56.931Z,32.68,74.24

2026-09-20T08:00:01.938Z,32.67,74.25

2026-09-20T08:00:06.950Z,32.68,74.3

2026-09-20T08:00:11.937Z,32.68,74.2

2026-09-20T08:00:16.939Z,32.67,74.27

2026-09-20T08:00:21.939Z,32.67,74.27

2026-09-20T08:00:26.940Z,32.66,74.28

2026-09-20T08:00:31.945Z,32.67,74.33

2026-09-20T08:00:36.954Z,32.68,74.34

2026-09-20T08:00:41.941Z,32.67,74.34

2026-09-20T08:00:46.942Z,32.67,74.31

2026-09-20T08:00:51.941Z,32.66,74.27

2026-09-20T08:00:56.943Z,32.66,74.27

2026-09-20T08:01:01.944Z,32.66,74.35

2026-09-20T08:01:06.955Z,32.66,74.32

2026-09-20T08:01:11.944Z,32.65,74.38

2026-09-20T08:01:16.946Z,32.65,74.38

2026-09-20T08:01:21.947Z,32.67,74.3

2026-09-20T08:01:26.944Z,32.67,74.35

2026-09-20T08:01:31.960Z,32.65,74.34

2026-09-20T08:01:36.971Z,32.66,74.31

2026-09-20T08:01:41.956Z,32.67,74.22

2026-09-20T08:01:46.960Z,32.65,74.29

2026-09-20T08:01:51.959Z,32.65,74.3

2026-09-20T08:01:56.961Z,32.67,74.23

2026-09-20T08:02:01.969Z,32.65,74.17

2026-09-20T08:02:06.986Z,32.67,74.16

2026-09-20T08:02:11.965Z,32.66,74.09

2026-09-20T08:02:16.966Z,32.66,74.06

2026-09-20T08:02:21.965Z,32.67,74.09

2026-09-20T08:02:26.966Z,32.68,74.08

2026-09-20T08:02:31.982Z,32.68,74.18

2026-09-20T08:02:36.995Z,32.68,74.19

2026-09-20T08:02:41.981Z,32.7,74.17

2026-09-20T08:02:46.982Z,32.71,74.18

2026-09-20T08:02:51.981Z,32.71,74.19

2026-09-20T08:02:56.982Z,32.71,74.17

2026-09-20T08:03:01.983Z,32.7,74.14

2026-09-20T08:03:06.997Z,32.72,74.2

2026-09-20T08:03:11.984Z,32.73,74.06

2026-09-20T08:03:16.985Z,32.73,74.07

2026-09-20T08:03:21.983Z,32.75,74.07

2026-09-20T08:03:26.986Z,32.76,74.1

2026-09-20T08:03:31.994Z,32.77,74.04

2026-09-20T08:03:37.006Z,32.77,74.07

2026-09-20T08:03:41.992Z,32.78,74

2026-09-20T08:03:46.992Z,32.78,73.94

2026-09-20T08:03:51.995Z,32.79,73.92

2026-09-20T08:03:57.010Z,32.78,73.84

2026-09-20T08:04:01.994Z,32.8,73.84

2026-09-20T08:04:06.996Z,32.81,73.89

2026-09-20T08:04:11.995Z,32.82,73.89

2026-09-20T08:04:16.994Z,32.82,73.87

2026-09-20T08:04:21.994Z,32.83,73.88

2026-09-20T08:04:27.008Z,32.83,73.89

2026-09-20T08:04:31.995Z,32.84,73.88

2026-09-20T08:04:36.994Z,32.84,73.93

2026-09-20T08:04:41.996Z,32.83,73.9

2026-09-20T08:04:46.995Z,32.85,73.9

2026-09-20T08:04:51.995Z,32.84,73.84

2026-09-20T08:04:57.010Z,32.83,73.91

2026-09-20T08:05:01.997Z,32.83,73.95

2026-09-20T08:05:06.995Z,32.85,73.94

2026-09-20T08:05:11.995Z,32.85,73.94

2026-09-20T08:05:16.996Z,32.84,73.99

2026-09-20T08:05:21.996Z,32.86,74

2026-09-20T08:05:27.015Z,32.84,74.13

2026-09-20T08:05:31.999Z,32.85,74.1

2026-09-20T08:05:37.001Z,32.84,74.05

2026-09-20T08:05:41.997Z,32.84,74.02

2026-09-20T08:05:47.000Z,32.84,74.1

2026-09-20T08:05:51.998Z,32.85,73.96

2026-09-20T08:05:57.011Z,32.84,74.03

2026-09-20T08:06:02.001Z,32.83,74

2026-09-20T08:06:07.000Z,32.84,74.02

2026-09-20T08:06:12.001Z,32.82,74

2026-09-20T08:06:17.002Z,32.83,74.03

2026-09-20T08:06:22.008Z,32.82,73.97

2026-09-20T08:06:27.021Z,32.82,74

2026-09-20T08:06:32.009Z,32.82,73.95

2026-09-20T08:06:37.010Z,32.81,73.9

2026-09-20T08:06:42.007Z,32.82,73.93

2026-09-20T08:06:47.008Z,32.8,73.95

2026-09-20T08:06:52.032Z,32.8,73.99

2026-09-20T08:06:57.042Z,32.8,73.98

2026-09-20T08:07:02.029Z,32.81,74

2026-09-20T08:07:07.033Z,32.79,74.07

2026-09-20T08:07:12.031Z,32.79,73.93

2026-09-20T08:07:17.031Z,32.81,73.93

2026-09-20T08:07:22.036Z,32.78,74

2026-09-20T08:07:27.047Z,32.8,74.08

2026-09-20T08:07:32.035Z,32.77,74.03

2026-09-20T08:07:37.034Z,32.78,74.04

2026-09-20T08:07:42.035Z,32.77,74.09

2026-09-20T08:07:47.035Z,32.78,74.1

2026-09-20T08:07:52.048Z,32.78,74.13

2026-09-20T08:07:57.060Z,32.77,74.14

2026-09-20T08:08:02.046Z,32.78,74.12

2026-09-20T08:08:07.046Z,32.77,74.19

2026-09-20T08:08:12.045Z,32.75,74.22

2026-09-20T08:08:17.044Z,32.77,74.19

2026-09-20T08:08:22.047Z,32.77,74.15

2026-09-20T08:08:27.055Z,32.76,74.25

2026-09-20T08:08:32.044Z,32.77,74.23

2026-09-20T08:08:37.045Z,32.78,74.27

2026-09-20T08:08:42.046Z,32.76,74.3

2026-09-20T08:08:47.048Z,32.76,74.31

2026-09-20T08:08:52.057Z,32.75,74.41

2026-09-20T08:08:57.050Z,32.77,74.4

2026-09-20T08:09:02.051Z,32.73,74.45

2026-09-20T08:09:07.049Z,32.74,74.42

2026-09-20T08:09:12.052Z,32.76,74.41

2026-09-20T08:09:17.066Z,32.75,74.49

2026-09-20T08:09:22.053Z,32.75,74.43

2026-09-20T08:09:27.053Z,32.77,74.46

2026-09-20T08:09:32.054Z,32.76,74.42

2026-09-20T08:09:37.056Z,32.74,74.42

2026-09-20T08:09:42.064Z,32.75,74.35

2026-09-20T08:09:47.073Z,32.74,74.27

2026-09-20T08:09:52.061Z,32.74,74.28

2026-09-20T08:09:57.062Z,32.76,74.3

2026-09-20T08:10:02.063Z,32.74,74.22

2026-09-20T08:10:07.062Z,32.74,74.19

2026-09-20T08:10:12.072Z,32.75,74.2

2026-09-20T08:10:17.087Z,32.73,74.21

2026-09-20T08:10:22.073Z,32.73,74.22

2026-09-20T08:10:27.074Z,32.74,74.16

2026-09-20T08:10:32.072Z,32.75,74.21

2026-09-20T08:10:37.073Z,32.73,74.27

2026-09-20T08:10:42.095Z,32.74,74.26

2026-09-20T08:10:47.105Z,32.72,74.25

2026-09-20T08:10:52.092Z,32.73,74.28

2026-09-20T08:10:57.093Z,32.72,74.31

2026-09-20T08:11:02.095Z,32.73,74.33

2026-09-20T08:11:07.093Z,32.72,74.34

2026-09-20T08:11:12.094Z,32.73,74.33

2026-09-20T08:11:17.104Z,32.74,74.35

2026-09-20T08:11:22.092Z,32.73,74.35

2026-09-20T08:11:27.095Z,32.72,74.33

2026-09-20T08:11:32.096Z,32.72,74.38

2026-09-20T08:11:37.096Z,32.74,74.33

2026-09-20T08:11:42.098Z,32.73,74.39

2026-09-20T08:11:47.113Z,32.73,74.43

2026-09-20T08:11:52.098Z,32.73,74.39

2026-09-20T08:11:57.097Z,32.75,74.4

2026-09-20T08:12:02.096Z,32.73,74.43

2026-09-20T08:12:07.099Z,32.71,74.43

2026-09-20T08:12:12.102Z,32.73,74.4

2026-09-20T08:12:17.112Z,32.75,74.44

2026-09-20T08:12:22.100Z,32.73,74.44

2026-09-20T08:12:27.100Z,32.75,74.48

2026-09-20T08:12:32.105Z,32.74,74.46

2026-09-20T08:12:37.114Z,32.72,74.48

2026-09-20T08:12:42.099Z,32.75,74.45

2026-09-20T08:12:47.103Z,32.74,74.49

2026-09-20T08:12:52.101Z,32.74,74.47

2026-09-20T08:12:57.102Z,32.74,74.57

2026-09-20T08:13:02.123Z,32.72,74.53

2026-09-20T08:13:07.139Z,32.74,74.6

2026-09-20T08:13:12.122Z,32.74,74.52

2026-09-20T08:13:17.124Z,32.73,74.51

2026-09-20T08:13:22.123Z,32.72,74.58

2026-09-20T08:13:27.122Z,32.74,74.59

2026-09-20T08:13:32.135Z,32.75,74.62

2026-09-20T08:13:37.144Z,32.73,74.65

2026-09-20T08:13:42.130Z,32.75,74.61

2026-09-20T08:13:47.133Z,32.74,74.62

2026-09-20T08:13:52.133Z,32.74,74.63

2026-09-20T08:13:57.133Z,32.74,74.59

2026-09-20T08:14:02.134Z,32.75,74.62

2026-09-20T08:14:07.148Z,32.74,74.66

2026-09-20T08:14:12.134Z,32.76,74.64

2026-09-20T08:14:17.135Z,32.75,74.66

2026-09-20T08:14:22.135Z,32.74,74.56

2026-09-20T08:14:27.137Z,32.75,74.7

2026-09-20T08:14:32.147Z,32.75,74.69

2026-09-20T08:14:37.159Z,32.73,74.73

2026-09-20T08:14:42.146Z,32.76,74.7

2026-09-20T08:14:47.149Z,32.75,74.59

2026-09-20T08:14:52.147Z,32.76,74.6

2026-09-20T08:14:57.147Z,32.74,74.59

2026-09-20T08:15:02.158Z,32.71,74.53

2026-09-20T08:15:07.169Z,32.74,74.57

2026-09-20T08:15:12.155Z,32.75,74.45

2026-09-20T08:15:17.157Z,32.74,74.38

2026-09-20T08:15:22.157Z,32.71,74.32

2026-09-20T08:15:27.158Z,32.72,74.21

2026-09-20T08:15:32.167Z,32.73,74.24

2026-09-20T08:15:37.177Z,32.73,74.2

2026-09-20T08:15:42.166Z,32.73,74.14

2026-09-20T08:15:47.165Z,32.75,74.16

2026-09-20T08:15:52.165Z,32.73,74.16

2026-09-20T08:15:57.165Z,32.73,74.15

2026-09-20T08:16:02.166Z,32.72,74.12

2026-09-20T08:16:07.181Z,32.73,74.23

2026-09-20T08:16:12.167Z,32.71,74.16

2026-09-20T08:16:17.167Z,32.72,74.2

2026-09-20T08:16:22.165Z,32.72,74.16

2026-09-20T08:16:27.176Z,32.71,74.08

2026-09-20T08:16:32.169Z,32.72,74.12

2026-09-20T08:16:37.166Z,32.71,74.2

2026-09-20T08:16:42.166Z,32.7,74.17

2026-09-20T08:16:47.168Z,32.73,74.16

2026-09-20T08:16:52.174Z,32.72,74.23

2026-09-20T08:16:57.183Z,32.72,74.2

2026-09-20T08:17:02.168Z,32.72,74.13

2026-09-20T08:17:07.171Z,32.73,74.12

2026-09-20T08:17:12.171Z,32.71,74.09

2026-09-20T08:17:17.171Z,32.72,74.06

2026-09-20T08:17:22.182Z,32.71,74.02

2026-09-20T08:17:27.196Z,32.72,73.98

2026-09-20T08:17:32.182Z,32.69,74

2026-09-20T08:17:37.181Z,32.7,73.97

2026-09-20T08:17:42.180Z,32.71,74

2026-09-20T08:17:47.181Z,32.72,74.01

2026-09-20T08:17:52.203Z,32.71,74.03

2026-09-20T08:17:57.219Z,32.71,74.04

2026-09-20T08:18:02.203Z,32.73,74.08

2026-09-20T08:18:07.203Z,32.71,74.11

2026-09-20T08:18:12.202Z,32.71,74.11

2026-09-20T08:18:17.203Z,32.73,74.09

2026-09-20T08:18:22.206Z,32.71,74.13

2026-09-20T08:18:27.216Z,32.71,74.13

2026-09-20T08:18:32.205Z,32.72,74.05

2026-09-20T08:18:37.205Z,32.72,74.13

2026-09-20T08:18:42.206Z,32.72,74.17

2026-09-20T08:18:47.206Z,32.74,74.15

2026-09-20T08:18:52.206Z,32.75,74.22

2026-09-20T08:18:57.219Z,32.72,74.25

2026-09-20T08:19:02.207Z,32.73,74.18

2026-09-20T08:19:07.207Z,32.74,74.15

2026-09-20T08:19:12.207Z,32.74,74.09

2026-09-20T08:19:17.205Z,32.73,74.01

2026-09-20T08:19:22.210Z,32.72,73.82

2026-09-20T08:19:27.222Z,32.71,73.77

2026-09-20T08:19:32.211Z,32.71,73.57

2026-09-20T08:19:37.209Z,32.69,73.58

2026-09-20T08:19:42.210Z,32.71,73.44

2026-09-20T08:19:47.211Z,32.7,73.47

2026-09-20T08:19:52.217Z,32.69,73.38

2026-09-20T08:19:57.227Z,32.7,73.37

2026-09-20T08:20:02.215Z,32.7,73.3

2026-09-20T08:20:07.219Z,32.69,73.34

2026-09-20T08:20:12.219Z,32.69,73.3

2026-09-20T08:20:17.218Z,32.68,73.33

2026-09-20T08:20:22.227Z,32.7,73.32

2026-09-20T08:20:27.241Z,32.69,73.31

2026-09-20T08:20:32.228Z,32.69,73.3

2026-09-20T08:20:37.224Z,32.68,73.34

2026-09-20T08:20:42.224Z,32.69,73.36

2026-09-20T08:20:47.227Z,32.69,73.34

2026-09-20T08:20:52.236Z,32.69,73.3

2026-09-20T08:20:57.250Z,32.68,73.35

2026-09-20T08:21:02.236Z,32.67,73.34

2026-09-20T08:21:07.235Z,32.67,73.22

2026-09-20T08:21:12.237Z,32.66,73.25

2026-09-20T08:21:17.237Z,32.66,73.28

2026-09-20T08:21:22.246Z,32.68,73.22

2026-09-20T08:21:27.256Z,32.67,73.27

2026-09-20T08:21:32.246Z,32.68,73.12

2026-09-20T08:21:37.248Z,32.67,73.2

2026-09-20T08:21:42.247Z,32.65,73.11

2026-09-20T08:21:47.247Z,32.66,73.17

2026-09-20T08:21:52.253Z,32.67,73.22

2026-09-20T08:21:57.264Z,32.66,73.25

2026-09-20T08:22:02.251Z,32.65,73.24

2026-09-20T08:22:07.251Z,32.67,73.22

2026-09-20T08:22:12.253Z,32.67,73.26

2026-09-20T08:22:17.265Z,32.65,73.35

2026-09-20T08:22:22.252Z,32.68,73.34

2026-09-20T08:22:27.255Z,32.67,73.4

2026-09-20T08:22:32.257Z,32.68,73.45

2026-09-20T08:22:37.256Z,32.67,73.49

2026-09-20T08:22:42.254Z,32.67,73.29

2026-09-20T08:22:47.265Z,32.7,73.39

2026-09-20T08:22:52.254Z,32.68,73.35

2026-09-20T08:22:57.254Z,32.69,73.33

2026-09-20T08:23:02.254Z,32.7,73.4

2026-09-20T08:23:07.256Z,32.71,73.45

2026-09-20T08:23:12.264Z,32.71,73.39

2026-09-20T08:23:17.274Z,32.71,73.48

2026-09-20T08:23:22.262Z,32.7,73.54

2026-09-20T08:23:27.263Z,32.71,73.6

2026-09-20T08:23:32.262Z,32.71,73.56

2026-09-20T08:23:37.262Z,32.72,73.6

2026-09-20T08:23:42.267Z,32.72,73.7

2026-09-20T08:23:47.274Z,32.72,73.7

2026-09-20T08:23:52.264Z,32.72,73.68

2026-09-20T08:23:57.264Z,32.72,73.67

2026-09-20T08:24:02.264Z,32.72,73.7

2026-09-20T08:24:07.264Z,32.72,73.74

2026-09-20T08:24:12.279Z,32.72,73.78

2026-09-20T08:24:17.292Z,32.73,73.78

2026-09-20T08:24:22.276Z,32.73,73.76

2026-09-20T08:24:27.278Z,32.72,73.83

2026-09-20T08:24:32.277Z,32.74,73.88

2026-09-20T08:24:37.277Z,32.74,73.87

2026-09-20T08:24:42.299Z,32.75,73.92

2026-09-20T08:24:47.293Z,32.74,73.91

2026-09-20T08:24:52.293Z,32.75,73.96

2026-09-20T08:24:57.293Z,32.74,73.97

2026-09-20T08:25:02.292Z,32.74,73.94

2026-09-20T08:25:07.305Z,32.75,73.98

2026-09-20T08:25:12.291Z,32.76,74.02

2026-09-20T08:25:17.292Z,32.77,74.01

2026-09-20T08:25:22.293Z,32.77,74.02

2026-09-20T08:25:27.297Z,32.78,74.06

2026-09-20T08:25:32.303Z,32.76,74.08

2026-09-20T08:25:37.318Z,32.76,74.13

2026-09-20T08:25:42.300Z,32.77,74.13

2026-09-20T08:25:47.302Z,32.77,74.14

2026-09-20T08:25:52.301Z,32.78,74.17

2026-09-20T08:25:57.304Z,32.78,74.14

2026-09-20T08:26:02.312Z,32.77,74.2

2026-09-20T08:26:07.323Z,32.77,74.24

2026-09-20T08:26:12.310Z,32.77,74.22

2026-09-20T08:26:17.310Z,32.79,74.27

2026-09-20T08:26:22.310Z,32.8,74.25

2026-09-20T08:26:27.312Z,32.79,74.31

2026-09-20T08:26:32.319Z,32.8,74.33

2026-09-20T08:26:37.315Z,32.8,74.27

2026-09-20T08:26:42.317Z,32.79,74.38

2026-09-20T08:26:47.317Z,32.79,74.38

2026-09-20T08:26:52.316Z,32.79,74.47

2026-09-20T08:26:57.330Z,32.79,74.53

2026-09-20T08:27:02.316Z,32.79,74.49

2026-09-20T08:27:07.316Z,32.78,74.52

2026-09-20T08:27:12.317Z,32.79,74.56

2026-09-20T08:27:17.317Z,32.79,74.63

2026-09-20T08:27:22.321Z,32.78,74.69

2026-09-20T08:27:27.329Z,32.79,74.65

2026-09-20T08:27:32.320Z,32.8,74.67

2026-09-20T08:27:37.320Z,32.79,74.66

2026-09-20T08:27:42.320Z,32.8,74.67

2026-09-20T08:27:47.321Z,32.78,74.72

2026-09-20T08:27:52.336Z,32.78,74.69

2026-09-20T08:27:57.350Z,32.78,74.75

2026-09-20T08:28:02.334Z,32.78,74.72

2026-09-20T08:28:07.335Z,32.78,74.76

2026-09-20T08:28:12.333Z,32.78,74.58

2026-09-20T08:28:17.336Z,32.74,74.65

2026-09-20T08:28:22.344Z,32.74,74.65

2026-09-20T08:28:27.351Z,32.74,74.62

2026-09-20T08:28:32.340Z,32.73,74.5

2026-09-20T08:28:37.340Z,32.71,74.51

2026-09-20T08:28:42.340Z,32.72,74.48

2026-09-20T08:28:47.341Z,32.71,74.44

2026-09-20T08:28:52.342Z,32.71,74.55

2026-09-20T08:28:57.352Z,32.69,74.53

2026-09-20T08:29:02.339Z,32.7,74.39

2026-09-20T08:29:07.342Z,32.68,74.32

2026-09-20T08:29:12.342Z,32.68,74.27

2026-09-20T08:29:17.343Z,32.68,74.42

2026-09-20T08:29:22.343Z,32.7,74.43

2026-09-20T08:29:27.357Z,32.65,74.31

2026-09-20T08:29:32.343Z,32.62,74.03

2026-09-20T08:29:37.343Z,32.59,73.95

2026-09-20T08:29:42.343Z,32.59,73.94

2026-09-20T08:29:47.344Z,32.54,73.98

2026-09-20T08:29:52.358Z,32.56,73.96

2026-09-20T08:29:57.369Z,32.55,74.07

2026-09-20T08:30:02.359Z,32.53,74.02

2026-09-20T08:30:07.357Z,32.55,74.19

2026-09-20T08:30:12.357Z,32.55,74.31

2026-09-20T08:30:17.357Z,32.54,74.44

2026-09-20T08:30:22.372Z,32.55,74.54

2026-09-20T08:30:27.385Z,32.54,74.66

2026-09-20T08:30:32.372Z,32.56,74.69

2026-09-20T08:30:37.373Z,32.55,74.72

2026-09-20T08:30:42.372Z,32.55,74.75

2026-09-20T08:30:47.373Z,32.56,74.77

2026-09-20T08:30:52.372Z,32.55,74.82

2026-09-20T08:30:57.386Z,32.55,74.92

2026-09-20T08:31:02.375Z,32.56,74.87

2026-09-20T08:31:07.375Z,32.56,74.91

2026-09-20T08:31:12.374Z,32.56,74.84

2026-09-20T08:31:17.379Z,32.55,74.84

2026-09-20T08:31:22.378Z,32.55,74.78

2026-09-20T08:31:27.394Z,32.55,74.78

2026-09-20T08:31:32.380Z,32.55,74.75

2026-09-20T08:31:37.375Z,32.54,74.8

2026-09-20T08:31:42.377Z,32.55,74.83

2026-09-20T08:31:47.378Z,32.58,74.86

2026-09-20T08:31:52.388Z,32.56,74.83

2026-09-20T08:31:57.399Z,32.57,74.91

2026-09-20T08:32:02.387Z,32.53,74.93

2026-09-20T08:32:07.390Z,32.58,74.98

2026-09-20T08:32:12.391Z,32.58,74.98

2026-09-20T08:32:17.402Z,32.57,75.01

2026-09-20T08:32:22.390Z,32.58,74.97

2026-09-20T08:32:27.391Z,32.59,74.98

2026-09-20T08:32:32.391Z,32.57,74.98

2026-09-20T08:32:37.390Z,32.59,75

2026-09-20T08:32:42.399Z,32.59,75

2026-09-20T08:32:47.413Z,32.57,75.01

2026-09-20T08:32:52.400Z,32.6,74.94

2026-09-20T08:32:57.399Z,32.6,75.02

2026-09-20T08:33:02.400Z,32.6,75.06

2026-09-20T08:33:07.410Z,32.6,75.1

2026-09-20T08:33:12.399Z,32.61,75.06

2026-09-20T08:33:17.401Z,32.63,75.05

2026-09-20T08:33:22.401Z,32.62,74.97

2026-09-20T08:33:27.405Z,32.64,74.95

2026-09-20T08:33:32.415Z,32.61,74.93

2026-09-20T08:33:37.424Z,32.64,74.97

2026-09-20T08:33:42.412Z,32.64,74.95

2026-09-20T08:33:47.412Z,32.63,74.9

2026-09-20T08:33:52.411Z,32.64,74.94

2026-09-20T08:33:57.413Z,32.64,74.95

2026-09-20T08:34:02.411Z,32.65,74.93

2026-09-20T08:34:07.423Z,32.64,74.98

2026-09-20T08:34:12.411Z,32.65,74.93

2026-09-20T08:34:17.413Z,32.65,74.92

2026-09-20T08:34:22.412Z,32.66,74.9

2026-09-20T08:34:27.413Z,32.67,74.85

2026-09-20T08:34:32.426Z,32.67,74.85

2026-09-20T08:34:37.436Z,32.67,74.93

2026-09-20T08:34:42.425Z,32.64,74.78

2026-09-20T08:34:47.425Z,32.66,74.74

2026-09-20T08:34:52.426Z,32.66,74.73

2026-09-20T08:34:57.427Z,32.66,74.78

2026-09-20T08:35:02.433Z,32.65,74.78

2026-09-20T08:35:07.443Z,32.65,74.83

2026-09-20T08:35:12.435Z,32.68,74.83

2026-09-20T08:35:17.437Z,32.67,74.82

2026-09-20T08:35:22.433Z,32.69,74.85

2026-09-20T08:35:27.435Z,32.68,74.94

2026-09-20T08:35:32.444Z,32.68,74.87

2026-09-20T08:35:37.451Z,32.69,74.8

2026-09-20T08:35:42.443Z,32.69,74.76

2026-09-20T08:35:47.442Z,32.7,74.78

2026-09-20T08:35:52.443Z,32.68,74.7

2026-09-20T08:35:57.443Z,32.66,74.67

2026-09-20T08:36:02.449Z,32.65,74.65

2026-09-20T08:36:07.462Z,32.66,74.65

2026-09-20T08:36:12.445Z,32.68,74.67

2026-09-20T08:36:17.447Z,32.68,74.8

2026-09-20T08:36:22.447Z,32.68,74.81

2026-09-20T08:36:27.445Z,32.67,74.83

2026-09-20T08:36:32.456Z,32.68,74.63

2026-09-20T08:36:37.463Z,32.67,74.67

2026-09-20T08:36:42.453Z,32.68,74.7

2026-09-20T08:36:47.455Z,32.68,74.71

2026-09-20T08:36:52.454Z,32.69,74.69

2026-09-20T08:36:57.453Z,32.69,74.71

2026-09-20T08:37:02.453Z,32.7,74.72

2026-09-20T08:37:07.469Z,32.7,74.69

2026-09-20T08:37:12.455Z,32.67,74.48

2026-09-20T08:37:17.456Z,32.7,74.42

2026-09-20T08:37:22.457Z,32.69,74.26

2026-09-20T08:37:27.458Z,32.7,74.15

2026-09-20T08:37:32.465Z,32.71,74.03

2026-09-20T08:37:37.475Z,32.7,73.91

2026-09-20T08:37:42.465Z,32.71,73.7

2026-09-20T08:37:47.464Z,32.69,73.58

2026-09-20T08:37:52.464Z,32.68,73.36

2026-09-20T08:37:57.466Z,32.69,73.32

2026-09-20T08:38:02.474Z,32.7,73.15

2026-09-20T08:38:07.486Z,32.67,73.11

2026-09-20T08:38:12.473Z,32.67,72.98

2026-09-20T08:38:17.472Z,32.68,72.89

2026-09-20T08:38:22.473Z,32.69,72.82

2026-09-20T08:38:27.474Z,32.68,72.8

2026-09-20T08:38:32.482Z,32.68,72.83

2026-09-20T08:38:37.503Z,32.67,72.87

2026-09-20T08:38:42.481Z,32.68,72.72

2026-09-20T08:38:47.483Z,32.69,72.74

2026-09-20T08:38:52.480Z,32.69,72.71

2026-09-20T08:38:57.488Z,32.68,72.65

2026-09-20T08:39:02.500Z,32.69,72.68

2026-09-20T08:39:07.522Z,32.67,72.72

2026-09-20T08:39:12.498Z,32.7,72.7

2026-09-20T08:39:17.500Z,32.7,72.73

2026-09-20T08:39:22.499Z,32.68,72.71

2026-09-20T08:39:27.501Z,32.69,72.74

2026-09-20T08:39:32.506Z,32.69,72.79

2026-09-20T08:39:37.519Z,32.69,72.84

2026-09-20T08:39:42.503Z,32.7,72.86

2026-09-20T08:39:47.505Z,32.68,72.83

2026-09-20T08:39:52.506Z,32.68,72.88

2026-09-20T08:39:57.506Z,32.69,72.91

2026-09-20T08:40:02.511Z,32.7,72.94

2026-09-20T08:40:07.522Z,32.7,72.97

2026-09-20T08:40:12.512Z,32.71,72.92

2026-09-20T08:40:17.513Z,32.69,72.97

2026-09-20T08:40:22.512Z,32.71,72.97

2026-09-20T08:40:27.512Z,32.73,72.94

2026-09-20T08:40:32.513Z,32.72,72.99

2026-09-20T08:40:37.524Z,32.72,72.97

2026-09-20T08:40:42.512Z,32.72,73.01

2026-09-20T08:40:47.515Z,32.71,73

2026-09-20T08:40:52.513Z,32.72,73.03

2026-09-20T08:40:57.515Z,32.73,73.03

2026-09-20T08:41:02.515Z,32.74,73.04

2026-09-20T08:41:07.529Z,32.73,73.1

2026-09-20T08:41:12.514Z,32.74,73.09

2026-09-20T08:41:17.515Z,32.74,73.06

2026-09-20T08:41:22.514Z,32.73,73.07

2026-09-20T08:41:27.515Z,32.74,73.08

2026-09-20T08:41:32.524Z,32.73,73.12

2026-09-20T08:41:37.532Z,32.75,73.1

2026-09-20T08:41:42.520Z,32.74,73

2026-09-20T08:41:47.521Z,32.73,73.01

2026-09-20T08:41:52.521Z,32.73,72.96

2026-09-20T08:41:57.521Z,32.72,72.92

2026-09-20T08:42:02.531Z,32.73,72.82

2026-09-20T08:42:07.543Z,32.73,72.78

2026-09-20T08:42:12.531Z,32.73,72.71

2026-09-20T08:42:17.532Z,32.73,72.64

2026-09-20T08:42:22.532Z,32.72,72.69

2026-09-20T08:42:27.536Z,32.71,72.6

2026-09-20T08:42:32.547Z,32.71,72.59

2026-09-20T08:42:37.562Z,32.71,72.58

2026-09-20T08:42:42.550Z,32.73,72.59

2026-09-20T08:42:47.549Z,32.71,72.59

2026-09-20T08:42:52.549Z,32.73,72.53

2026-09-20T08:42:57.551Z,32.72,72.48

2026-09-20T08:43:02.564Z,32.73,72.51

2026-09-20T08:43:07.572Z,32.73,72.49

2026-09-20T08:43:12.564Z,32.72,72.5

2026-09-20T08:43:17.564Z,32.7,72.41

2026-09-20T08:43:22.566Z,32.71,72.46

2026-09-20T08:43:27.565Z,32.72,72.46

2026-09-20T08:43:32.578Z,32.71,72.51

2026-09-20T08:43:37.591Z,32.68,72.53

2026-09-20T08:43:42.578Z,32.71,72.53

2026-09-20T08:43:47.578Z,32.72,72.58

2026-09-20T08:43:52.576Z,32.71,72.62

2026-09-20T08:43:57.576Z,32.7,72.63

2026-09-20T08:44:02.585Z,32.71,72.64

2026-09-20T08:44:07.595Z,32.71,72.7

2026-09-20T08:44:12.584Z,32.7,72.71

2026-09-20T08:44:17.586Z,32.7,72.74

2026-09-20T08:44:22.584Z,32.7,72.76

2026-09-20T08:44:27.582Z,32.7,72.76

2026-09-20T08:44:32.584Z,32.7,72.85

2026-09-20T08:44:37.597Z,32.71,72.89

2026-09-20T08:44:42.583Z,32.68,72.83

2026-09-20T08:44:47.584Z,32.68,72.83

2026-09-20T08:44:52.585Z,32.71,72.86

2026-09-20T08:44:57.586Z,32.7,72.82

2026-09-20T08:45:02.596Z,32.73,72.85

2026-09-20T08:45:07.606Z,32.7,72.86

2026-09-20T08:45:12.592Z,32.69,72.79

2026-09-20T08:45:17.592Z,32.69,72.85

2026-09-20T08:45:22.592Z,32.69,72.79

2026-09-20T08:45:27.593Z,32.69,72.83

2026-09-20T08:45:32.598Z,32.69,72.79

2026-09-20T08:45:37.610Z,32.69,72.84

2026-09-20T08:45:42.594Z,32.67,72.8

2026-09-20T08:45:47.598Z,32.68,72.83

2026-09-20T08:45:52.595Z,32.69,72.86

2026-09-20T08:45:57.595Z,32.66,72.83

2026-09-20T08:46:02.608Z,32.68,72.9

2026-09-20T08:46:07.611Z,32.67,72.87

2026-09-20T08:46:12.603Z,32.66,72.9

2026-09-20T08:46:17.605Z,32.66,72.83

2026-09-20T08:46:22.606Z,32.67,72.9

2026-09-20T08:46:27.605Z,32.66,72.9

2026-09-20T08:46:32.626Z,32.65,72.9

2026-09-20T08:46:37.620Z,32.67,72.97

2026-09-20T08:46:42.620Z,32.65,72.91

2026-09-20T08:46:47.620Z,32.66,73

2026-09-20T08:46:52.620Z,32.66,73

2026-09-20T08:46:57.634Z,32.68,73.08

2026-09-20T08:47:02.618Z,32.67,73.08

2026-09-20T08:47:07.621Z,32.67,73.07

2026-09-20T08:47:12.620Z,32.68,73.1

2026-09-20T08:47:17.622Z,32.65,73.09

2026-09-20T08:47:22.635Z,32.65,73.08

2026-09-20T08:47:27.647Z,32.68,73.12

2026-09-20T08:47:32.635Z,32.67,73.12

2026-09-20T08:47:37.634Z,32.68,73.1

2026-09-20T08:47:42.634Z,32.66,73.12

2026-09-20T08:47:47.637Z,32.68,73.12

2026-09-20T08:47:52.645Z,32.67,73.12

2026-09-20T08:47:57.658Z,32.68,73.17

2026-09-20T08:48:02.648Z,32.68,73.21

2026-09-20T08:48:07.644Z,32.69,73.18

2026-09-20T08:48:12.646Z,32.7,73.17

2026-09-20T08:48:17.645Z,32.7,73.22

2026-09-20T08:48:22.649Z,32.7,73.2

2026-09-20T08:48:27.660Z,32.69,73.24

2026-09-20T08:48:32.647Z,32.7,73.22

2026-09-20T08:48:37.648Z,32.69,73.23

2026-09-20T08:48:42.650Z,32.69,73.31

2026-09-20T08:48:47.649Z,32.69,73.31

2026-09-20T08:48:52.649Z,32.7,73.3

2026-09-20T08:48:57.663Z,32.7,73.36

2026-09-20T08:49:02.649Z,32.7,73.32

2026-09-20T08:49:07.651Z,32.7,73.34

2026-09-20T08:49:12.650Z,32.72,73.35

2026-09-20T08:49:17.651Z,32.7,73.4

2026-09-20T08:49:22.653Z,32.72,73.34

2026-09-20T08:49:27.667Z,32.69,73.39

2026-09-20T08:49:32.652Z,32.74,73.41

2026-09-20T08:49:37.653Z,32.71,73.38

2026-09-20T08:49:42.658Z,32.71,73.38

2026-09-20T08:49:47.656Z,32.72,73.45

2026-09-20T08:49:52.666Z,32.72,73.42

2026-09-20T08:49:57.675Z,32.72,73.5

2026-09-20T08:50:02.661Z,32.74,73.53

2026-09-20T08:50:07.660Z,32.73,73.39

2026-09-20T08:50:12.660Z,32.73,73.38

2026-09-20T08:50:17.664Z,32.73,73.45

2026-09-20T08:50:22.676Z,32.74,73.47

2026-09-20T08:50:27.688Z,32.74,73.49

2026-09-20T08:50:32.674Z,32.76,73.36

2026-09-20T08:50:37.675Z,32.75,73.45

2026-09-20T08:50:42.675Z,32.77,73.48

2026-09-20T08:50:47.676Z,32.77,73.48

2026-09-20T08:50:52.694Z,32.75,73.43

2026-09-20T08:50:57.703Z,32.75,73.5

2026-09-20T08:51:02.691Z,32.75,73.45

2026-09-20T08:51:07.691Z,32.76,73.44

2026-09-20T08:51:12.693Z,32.76,73.5

2026-09-20T08:51:17.692Z,32.78,73.48

2026-09-20T08:51:22.697Z,32.76,73.45

2026-09-20T08:51:27.709Z,32.77,73.44

2026-09-20T08:51:32.696Z,32.76,73.49

2026-09-20T08:51:37.693Z,32.78,73.43

2026-09-20T08:51:42.697Z,32.77,73.41

2026-09-20T08:51:47.696Z,32.78,73.46

2026-09-20T08:51:52.695Z,32.74,73.5

2026-09-20T08:51:57.706Z,32.76,73.47

2026-09-20T08:52:02.697Z,32.76,73.46

2026-09-20T08:52:07.699Z,32.78,73.52

2026-09-20T08:52:12.699Z,32.77,73.43

2026-09-20T08:52:17.700Z,32.75,73.41

2026-09-20T08:52:22.700Z,32.77,73.36

2026-09-20T08:52:27.711Z,32.76,73.4

2026-09-20T08:52:32.699Z,32.78,73.32

2026-09-20T08:52:37.699Z,32.77,73.33

2026-09-20T08:52:42.699Z,32.78,73.34

2026-09-20T08:52:47.699Z,32.77,73.36

2026-09-20T08:52:52.712Z,32.76,73.37

2026-09-20T08:52:57.729Z,32.77,73.35

2026-09-20T08:53:02.712Z,32.77,73.32

2026-09-20T08:53:07.712Z,32.79,73.37

2026-09-20T08:53:12.712Z,32.77,73.32

2026-09-20T08:53:17.713Z,32.78,73.28

2026-09-20T08:53:22.720Z,32.78,73.28

2026-09-20T08:53:27.730Z,32.76,73.3

2026-09-20T08:53:32.715Z,32.77,73.16

2026-09-20T08:53:37.716Z,32.77,73.15

2026-09-20T08:53:42.715Z,32.78,73.06

2026-09-20T08:53:47.717Z,32.76,73.1

2026-09-20T08:53:52.714Z,32.77,73.12

2026-09-20T08:53:57.726Z,32.78,73.07

2026-09-20T08:54:02.718Z,32.77,73.05

2026-09-20T08:54:07.717Z,32.77,72.94

2026-09-20T08:54:12.716Z,32.77,72.96

2026-09-20T08:54:17.718Z,32.74,72.96

2026-09-20T08:54:22.719Z,32.77,73

2026-09-20T08:54:27.730Z,32.75,73.01

2026-09-20T08:54:32.719Z,32.73,73

2026-09-20T08:54:37.721Z,32.75,72.96

2026-09-20T08:54:42.719Z,32.74,72.93

2026-09-20T08:54:47.721Z,32.72,72.88

2026-09-20T08:54:52.738Z,32.73,72.81

2026-09-20T08:54:57.752Z,32.72,72.82

2026-09-20T08:55:02.736Z,32.75,72.72

2026-09-20T08:55:07.736Z,32.73,72.68

2026-09-20T08:55:12.737Z,32.72,72.65

2026-09-20T08:55:17.736Z,32.73,72.57

2026-09-20T08:55:22.751Z,32.73,72.62

2026-09-20T08:55:27.764Z,32.72,72.6

2026-09-20T08:55:32.751Z,32.72,72.54

2026-09-20T08:55:37.750Z,32.7,72.55

2026-09-20T08:55:42.749Z,32.72,72.56

2026-09-20T08:55:47.750Z,32.71,72.52

2026-09-20T08:55:52.756Z,32.72,72.48

2026-09-20T08:55:57.766Z,32.73,72.54

2026-09-20T08:56:02.757Z,32.7,72.49

2026-09-20T08:56:07.757Z,32.7,72.51

2026-09-20T08:56:12.755Z,32.71,72.51

2026-09-20T08:56:17.757Z,32.71,72.49

2026-09-20T08:56:22.758Z,32.71,72.5

2026-09-20T08:56:27.771Z,32.71,72.52

2026-09-20T08:56:32.757Z,32.7,72.47

2026-09-20T08:56:37.757Z,32.68,72.52

2026-09-20T08:56:42.758Z,32.7,72.52

2026-09-20T08:56:47.758Z,32.7,72.48

2026-09-20T08:56:52.784Z,32.72,72.59

2026-09-20T08:56:57.777Z,32.68,72.56

2026-09-20T08:57:02.778Z,32.67,72.57

2026-09-20T08:57:07.780Z,32.68,72.61

2026-09-20T08:57:12.780Z,32.67,72.62

2026-09-20T08:57:17.793Z,32.68,72.63

2026-09-20T08:57:22.784Z,32.7,72.59

2026-09-20T08:57:27.781Z,32.71,72.64

2026-09-20T08:57:32.780Z,32.7,72.6

2026-09-20T08:57:37.781Z,32.7,72.64

2026-09-20T08:57:42.781Z,32.67,72.65

2026-09-20T08:57:47.795Z,32.69,72.7

2026-09-20T08:57:52.782Z,32.69,72.69

2026-09-20T08:57:57.785Z,32.67,72.74

2026-09-20T08:58:02.780Z,32.66,72.77

2026-09-20T08:58:07.779Z,32.69,72.76

2026-09-20T08:58:12.810Z,32.67,72.77

2026-09-20T08:58:17.801Z,32.7,72.8

2026-09-20T08:58:22.801Z,32.68,72.79

2026-09-20T08:58:27.803Z,32.68,72.77

2026-09-20T08:58:32.802Z,32.68,72.81

2026-09-20T08:58:37.814Z,32.68,72.82

2026-09-20T08:58:42.802Z,32.69,72.83

2026-09-20T08:58:47.805Z,32.7,72.77

2026-09-20T08:58:52.804Z,32.7,72.82

2026-09-20T08:58:57.804Z,32.7,72.82

2026-09-20T08:59:02.804Z,32.71,72.88

2026-09-20T08:59:07.817Z,32.7,72.93

2026-09-20T08:59:12.804Z,32.71,72.86

2026-09-20T08:59:17.803Z,32.7,72.92

2026-09-20T08:59:22.803Z,32.71,72.95

2026-09-20T08:59:27.803Z,32.69,72.92

2026-09-20T08:59:32.812Z,32.71,72.94

2026-09-20T08:59:37.820Z,32.69,73

2026-09-20T08:59:42.809Z,32.7,72.83

2026-09-20T08:59:47.811Z,32.7,72.81

2026-09-20T08:59:52.812Z,32.72,72.85

2026-09-20T08:59:57.812Z,32.72,72.82

2026-09-20T09:00:02.824Z,32.73,72.82

2026-09-20T09:00:07.832Z,32.7,72.85

2026-09-20T09:00:12.822Z,32.72,72.76

2026-09-20T09:00:17.821Z,32.73,72.72

2026-09-20T09:00:22.821Z,32.72,72.69

2026-09-20T09:00:27.823Z,32.72,72.67

2026-09-20T09:00:32.830Z,32.73,72.66

2026-09-20T09:00:37.840Z,32.71,72.62

2026-09-20T09:00:42.829Z,32.71,72.53

2026-09-20T09:00:47.830Z,32.72,72.55

2026-09-20T09:00:52.829Z,32.72,72.46

2026-09-20T09:00:57.830Z,32.72,72.43

2026-09-20T09:01:02.866Z,32.71,72.45

2026-09-20T09:01:07.860Z,32.71,72.41

2026-09-20T09:01:12.859Z,32.7,72.34

2026-09-20T09:01:17.862Z,32.71,72.32

2026-09-20T09:01:22.858Z,32.7,72.37

2026-09-20T09:01:27.875Z,32.71,72.43

2026-09-20T09:01:32.861Z,32.72,72.42

2026-09-20T09:01:37.862Z,32.72,72.37

2026-09-20T09:01:42.862Z,32.72,72.37

2026-09-20T09:01:47.860Z,32.7,72.37

2026-09-20T09:01:52.863Z,32.73,72.34

2026-09-20T09:01:57.876Z,32.73,72.42

2026-09-20T09:02:02.863Z,32.74,72.37

2026-09-20T09:02:07.864Z,32.73,72.26

2026-09-20T09:02:12.861Z,32.72,72.29

2026-09-20T09:02:17.863Z,32.74,72.16

2026-09-20T09:02:22.864Z,32.73,72.03

2026-09-20T09:02:27.873Z,32.72,72.11

2026-09-20T09:02:32.862Z,32.72,72.01

2026-09-20T09:02:37.866Z,32.72,72.05

2026-09-20T09:02:42.863Z,32.72,71.95

2026-09-20T09:02:47.862Z,32.71,71.96

2026-09-20T09:02:52.877Z,32.72,71.99

2026-09-20T09:02:57.890Z,32.74,71.98

2026-09-20T09:03:02.873Z,32.71,71.97

2026-09-20T09:03:07.875Z,32.71,71.93

2026-09-20T09:03:12.875Z,32.73,72.02

2026-09-20T09:03:17.875Z,32.75,71.9

2026-09-20T09:03:22.884Z,32.72,71.99

2026-09-20T09:03:27.894Z,32.71,71.99

2026-09-20T09:03:32.881Z,32.73,71.98

2026-09-20T09:03:37.882Z,32.74,72.03

2026-09-20T09:03:42.882Z,32.74,72.02

2026-09-20T09:03:47.883Z,32.74,72.02

2026-09-20T09:03:52.885Z,32.73,72.03

2026-09-20T09:03:57.893Z,32.73,72.06

2026-09-20T09:04:02.883Z,32.72,72.02

2026-09-20T09:04:07.884Z,32.71,72.02

2026-09-20T09:04:12.882Z,32.75,72.01

2026-09-20T09:04:17.883Z,32.74,71.99

2026-09-20T09:04:22.884Z,32.72,71.95

2026-09-20T09:04:27.905Z,32.72,71.96

2026-09-20T09:04:32.887Z,32.73,71.98

2026-09-20T09:04:37.884Z,32.73,71.92

2026-09-20T09:04:42.885Z,32.74,71.92

2026-09-20T09:04:47.885Z,32.74,71.91

2026-09-20T09:04:52.906Z,32.74,71.91

2026-09-20T09:04:57.925Z,32.74,71.88

2026-09-20T09:05:02.909Z,32.74,71.81

2026-09-20T09:05:07.908Z,32.73,71.82

2026-09-20T09:05:12.907Z,32.74,71.82

2026-09-20T09:05:17.910Z,32.74,71.85

2026-09-20T09:05:22.921Z,32.73,71.85

2026-09-20T09:05:27.930Z,32.74,71.92

2026-09-20T09:05:32.921Z,32.74,71.87

2026-09-20T09:05:37.921Z,32.72,71.9

2026-09-20T09:05:42.920Z,32.74,71.89

2026-09-20T09:05:47.922Z,32.73,71.96

2026-09-20T09:05:52.927Z,32.73,71.96

2026-09-20T09:05:57.938Z,32.73,71.88

2026-09-20T09:06:02.926Z,32.76,72

2026-09-20T09:06:07.924Z,32.74,71.97

2026-09-20T09:06:12.925Z,32.72,72.01

2026-09-20T09:06:17.925Z,32.73,72

2026-09-20T09:06:22.934Z,32.73,72.09

2026-09-20T09:06:27.946Z,32.72,72.09

2026-09-20T09:06:32.934Z,32.74,72.12

2026-09-20T09:06:37.934Z,32.74,72.13

2026-09-20T09:06:42.934Z,32.73,72.13

2026-09-20T09:06:47.935Z,32.74,72.12

2026-09-20T09:06:52.935Z,32.73,72.18

2026-09-20T09:06:57.948Z,32.73,72.21

2026-09-20T09:07:02.936Z,32.74,72.21

2026-09-20T09:07:07.937Z,32.74,72.22

2026-09-20T09:07:12.936Z,32.74,72.26

2026-09-20T09:07:17.938Z,32.75,72.29

2026-09-20T09:07:22.942Z,32.75,72.28

2026-09-20T09:07:27.952Z,32.72,72.3

2026-09-20T09:07:32.942Z,32.74,72.29

2026-09-20T09:07:37.943Z,32.74,72.39

2026-09-20T09:07:42.942Z,32.73,72.38

2026-09-20T09:07:47.941Z,32.74,72.44

2026-09-20T09:07:52.945Z,32.76,72.44

2026-09-20T09:07:57.954Z,32.75,72.54

2026-09-20T09:08:02.943Z,32.74,72.47

2026-09-20T09:08:07.944Z,32.74,72.57

2026-09-20T09:08:12.945Z,32.75,72.49

2026-09-20T09:08:17.946Z,32.76,72.54

2026-09-20T09:08:22.956Z,32.75,72.62

2026-09-20T09:08:27.969Z,32.74,72.73

2026-09-20T09:08:32.956Z,32.74,72.63

2026-09-20T09:08:37.957Z,32.75,72.73

2026-09-20T09:08:42.954Z,32.76,72.76

2026-09-20T09:08:47.958Z,32.74,72.76

2026-09-20T09:08:52.956Z,32.74,72.77

2026-09-20T09:08:57.971Z,32.74,72.79

2026-09-20T09:09:02.959Z,32.76,72.79

2026-09-20T09:09:07.958Z,32.77,72.78

2026-09-20T09:09:12.960Z,32.75,72.81

2026-09-20T09:09:17.959Z,32.75,72.81

2026-09-20T09:09:22.971Z,32.75,72.77

2026-09-20T09:09:27.984Z,32.74,72.87

2026-09-20T09:09:32.974Z,32.76,72.84

2026-09-20T09:09:37.971Z,32.76,72.87

2026-09-20T09:09:42.970Z,32.75,72.86

2026-09-20T09:09:47.972Z,32.77,72.92

2026-09-20T09:09:52.988Z,32.75,72.9

2026-09-20T09:09:58.002Z,32.76,72.92

2026-09-20T09:10:02.988Z,32.76,72.87

2026-09-20T09:10:07.989Z,32.77,72.9

2026-09-20T09:10:12.989Z,32.78,72.89

2026-09-20T09:10:17.988Z,32.76,72.85

2026-09-20T09:10:22.997Z,32.76,72.89

2026-09-20T09:10:28.008Z,32.77,72.91

2026-09-20T09:10:32.996Z,32.78,72.86

2026-09-20T09:10:37.996Z,32.78,72.83

2026-09-20T09:10:42.995Z,32.78,72.79

2026-09-20T09:10:47.997Z,32.78,72.81

2026-09-20T09:10:52.997Z,32.8,72.86

2026-09-20T09:10:58.007Z,32.8,72.82

2026-09-20T09:11:02.995Z,32.82,72.81

2026-09-20T09:11:07.998Z,32.81,72.81

2026-09-20T09:11:12.998Z,32.82,72.74

2026-09-20T09:11:17.999Z,32.83,72.74

2026-09-20T09:11:22.997Z,32.84,72.8

2026-09-20T09:11:28.011Z,32.84,72.7

2026-09-20T09:11:32.997Z,32.85,72.69

2026-09-20T09:11:37.997Z,32.84,72.66

2026-09-20T09:11:43.001Z,32.85,72.65

2026-09-20T09:11:47.999Z,32.86,72.62

2026-09-20T09:11:52.999Z,32.86,72.61

2026-09-20T09:11:58.017Z,32.88,72.57

2026-09-20T09:12:03.002Z,32.89,72.54

2026-09-20T09:12:07.999Z,32.91,72.53

2026-09-20T09:12:13.000Z,32.91,72.5

2026-09-20T09:12:18.007Z,32.9,72.48

2026-09-20T09:12:23.006Z,32.9,72.45

2026-09-20T09:12:28.018Z,32.92,72.48

2026-09-20T09:12:33.004Z,32.92,72.42

2026-09-20T09:12:38.003Z,32.94,72.35

2026-09-20T09:12:43.002Z,32.93,72.42

2026-09-20T09:12:48.004Z,32.93,72.44

2026-09-20T09:12:53.007Z,32.95,72.37

2026-09-20T09:12:58.019Z,32.96,72.46

2026-09-20T09:13:03.006Z,32.98,72.36

2026-09-20T09:13:08.006Z,32.96,72.31

2026-09-20T09:13:13.007Z,32.99,72.3

2026-09-20T09:13:18.007Z,33,72.32

2026-09-20T09:13:23.017Z,32.98,72.21

2026-09-20T09:13:28.030Z,33.01,72.26

2026-09-20T09:13:33.017Z,33.01,72.15

2026-09-20T09:13:38.017Z,32.99,72.1

2026-09-20T09:13:43.017Z,33.03,72.02

2026-09-20T09:13:48.018Z,33.03,72.08

2026-09-20T09:13:53.025Z,33.04,72.01

2026-09-20T09:13:58.038Z,33.03,72.07

2026-09-20T09:14:03.027Z,33.04,71.98

2026-09-20T09:14:08.026Z,33.03,72.03

2026-09-20T09:14:13.027Z,33.03,71.95

2026-09-20T09:14:18.025Z,33.05,71.95

2026-09-20T09:14:23.046Z,33.04,72.05

2026-09-20T09:14:28.057Z,33.04,72.01

2026-09-20T09:14:33.043Z,33.03,71.99

2026-09-20T09:14:38.045Z,33.02,71.97

2026-09-20T09:14:43.045Z,33.04,71.97

2026-09-20T09:14:48.045Z,33.04,71.97

2026-09-20T09:14:53.053Z,33.03,72.05

2026-09-20T09:14:58.070Z,33.01,72.07

2026-09-20T09:15:03.051Z,33.04,71.98

2026-09-20T09:15:08.053Z,33.02,72.07

2026-09-20T09:15:13.052Z,33.03,72.03

2026-09-20T09:15:18.051Z,33.04,72.07

2026-09-20T09:15:23.051Z,33.03,71.99

2026-09-20T09:15:28.070Z,33.04,72.06

2026-09-20T09:15:33.053Z,33.03,72.02

2026-09-20T09:15:38.054Z,33.04,72.04

2026-09-20T09:15:43.054Z,33.05,72.03

2026-09-20T09:15:48.054Z,33.04,72.17

2026-09-20T09:15:53.063Z,33.04,72.16

2026-09-20T09:15:58.070Z,33.04,72.26

2026-09-20T09:16:03.060Z,33.05,72.33

2026-09-20T09:16:08.061Z,33.06,72.42

2026-09-20T09:16:13.062Z,33.05,72.4

2026-09-20T09:16:18.063Z,33.09,72.38

2026-09-20T09:16:23.073Z,33.06,72.35

2026-09-20T09:16:28.083Z,33.08,72.41

2026-09-20T09:16:33.073Z,33.08,72.33

2026-09-20T09:16:38.072Z,33.08,72.25

2026-09-20T09:16:43.073Z,33.08,72.21

2026-09-20T09:16:48.074Z,33.08,72.25

2026-09-20T09:16:53.075Z,33.09,72.17

2026-09-20T09:16:58.086Z,33.09,72.18

2026-09-20T09:17:03.076Z,33.12,72.13

2026-09-20T09:17:08.078Z,33.11,72.09

2026-09-20T09:17:13.076Z,33.12,72.08

2026-09-20T09:17:18.078Z,33.12,72.05

2026-09-20T09:17:23.093Z,33.11,72.03

2026-09-20T09:17:28.103Z,33.12,72.04

2026-09-20T09:17:33.093Z,33.11,71.98

2026-09-20T09:17:38.092Z,33.13,71.97

2026-09-20T09:17:43.090Z,33.1,72

2026-09-20T09:17:48.090Z,33.11,71.95

2026-09-20T09:17:53.095Z,33.12,72.01

2026-09-20T09:17:58.105Z,33.15,71.95

2026-09-20T09:18:03.092Z,33.13,71.92

2026-09-20T09:18:08.092Z,33.14,71.92

2026-09-20T09:18:13.094Z,33.13,71.81

2026-09-20T09:18:18.095Z,33.14,71.91

2026-09-20T09:18:23.094Z,33.14,71.87

2026-09-20T09:18:28.106Z,33.16,71.87

2026-09-20T09:18:33.097Z,33.14,71.81

2026-09-20T09:18:38.096Z,33.14,71.79

2026-09-20T09:18:43.095Z,33.18,71.83

2026-09-20T09:18:48.097Z,33.15,71.8

2026-09-20T09:18:53.098Z,33.16,71.82

2026-09-20T09:18:58.108Z,33.17,71.81

2026-09-20T09:19:03.095Z,33.17,71.82

2026-09-20T09:19:08.097Z,33.18,71.72

2026-09-20T09:19:13.097Z,33.2,71.71

2026-09-20T09:19:18.098Z,33.19,71.67

2026-09-20T09:19:23.114Z,33.2,71.71

2026-09-20T09:19:28.133Z,33.18,71.7

2026-09-20T09:19:33.114Z,33.18,71.68

2026-09-20T09:19:38.118Z,33.2,71.63

2026-09-20T09:19:43.115Z,33.19,71.66

2026-09-20T09:19:48.131Z,33.22,71.67

2026-09-20T09:19:53.114Z,33.23,71.52

2026-09-20T09:19:58.116Z,33.22,71.56

2026-09-20T09:20:03.116Z,33.22,71.52

2026-09-20T09:20:08.114Z,33.22,71.51

2026-09-20T09:20:13.127Z,33.22,71.52

2026-09-20T09:20:18.138Z,33.24,71.46

2026-09-20T09:20:23.128Z,33.25,71.4

2026-09-20T09:20:28.128Z,33.24,71.4

2026-09-20T09:20:33.128Z,33.24,71.4

2026-09-20T09:20:38.128Z,33.25,71.41

2026-09-20T09:20:43.127Z,33.26,71.38

2026-09-20T09:20:48.143Z,33.27,71.43

2026-09-20T09:20:53.129Z,33.26,71.38

2026-09-20T09:20:58.131Z,33.26,71.29

2026-09-20T09:21:03.130Z,33.26,71.31

2026-09-20T09:21:08.131Z,33.29,71.31

2026-09-20T09:21:13.140Z,33.27,71.28

2026-09-20T09:21:18.155Z,33.26,71.26

2026-09-20T09:21:23.139Z,33.28,71.25

2026-09-20T09:21:28.140Z,33.29,71.32

2026-09-20T09:21:33.140Z,33.26,71.29

2026-09-20T09:21:38.141Z,33.28,71.28

2026-09-20T09:21:43.153Z,33.3,71.29

2026-09-20T09:21:48.164Z,33.3,71.33

2026-09-20T09:21:53.154Z,33.3,71.33

2026-09-20T09:21:58.151Z,33.28,71.25

2026-09-20T09:22:03.153Z,33.29,71.25

2026-09-20T09:22:08.152Z,33.31,71.16

2026-09-20T09:22:13.152Z,33.31,71.22

2026-09-20T09:22:18.164Z,33.3,71.26

2026-09-20T09:22:23.152Z,33.3,71.21

2026-09-20T09:22:28.153Z,33.3,71.18

2026-09-20T09:22:33.152Z,33.32,71.13

2026-09-20T09:22:38.154Z,33.31,71.14

2026-09-20T09:22:43.152Z,33.31,71.16

2026-09-20T09:22:48.163Z,33.31,71.21

2026-09-20T09:22:53.152Z,33.32,71.15

2026-09-20T09:22:58.155Z,33.33,71.2

2026-09-20T09:23:03.158Z,33.34,71.14

2026-09-20T09:23:08.157Z,33.33,71.22

2026-09-20T09:23:13.167Z,33.34,71.19

2026-09-20T09:23:18.178Z,33.35,71.14

2026-09-20T09:23:23.170Z,33.38,71.18

2026-09-20T09:23:28.167Z,33.36,71.19

2026-09-20T09:23:33.168Z,33.34,71.22

2026-09-20T09:23:38.167Z,33.36,71.14

2026-09-20T09:23:43.174Z,33.36,71.22

2026-09-20T09:23:48.185Z,33.36,71.27

2026-09-20T09:23:53.175Z,33.36,71.18

2026-09-20T09:23:58.175Z,33.38,71.17

2026-09-20T09:24:03.174Z,33.38,71.16

2026-09-20T09:24:08.187Z,33.38,71.17

2026-09-20T09:24:13.176Z,33.38,71.15

2026-09-20T09:24:18.176Z,33.39,71.15

2026-09-20T09:24:23.177Z,33.37,71.19

2026-09-20T09:24:28.175Z,33.38,71.13

2026-09-20T09:24:33.179Z,33.39,71.07

2026-09-20T09:24:38.191Z,33.38,71.05

2026-09-20T09:24:43.179Z,33.4,71

2026-09-20T09:24:48.179Z,33.38,71.02

2026-09-20T09:24:53.178Z,33.38,70.94

2026-09-20T09:24:58.178Z,33.39,70.97

2026-09-20T09:25:03.185Z,33.4,70.96

2026-09-20T09:25:08.195Z,33.38,70.97

2026-09-20T09:25:13.183Z,33.4,70.93

2026-09-20T09:25:18.183Z,33.37,70.96

2026-09-20T09:25:23.185Z,33.39,70.95

2026-09-20T09:25:28.187Z,33.4,70.98

2026-09-20T09:25:33.194Z,33.4,70.91

2026-09-20T09:25:38.203Z,33.41,70.95

2026-09-20T09:25:43.191Z,33.4,70.88

2026-09-20T09:25:48.190Z,33.41,70.86

2026-09-20T09:25:53.191Z,33.42,70.87

2026-09-20T09:25:58.190Z,33.41,70.82

2026-09-20T09:26:03.200Z,33.41,70.9

2026-09-20T09:26:08.213Z,33.42,70.84

2026-09-20T09:26:13.202Z,33.43,70.83

2026-09-20T09:26:18.198Z,33.42,70.8

2026-09-20T09:26:23.209Z,33.42,70.81

2026-09-20T09:26:28.216Z,33.43,70.88

2026-09-20T09:26:33.208Z,33.44,70.94

2026-09-20T09:26:38.206Z,33.43,70.86

2026-09-20T09:26:43.206Z,33.45,70.89

2026-09-20T09:26:48.211Z,33.42,70.93

2026-09-20T09:26:53.225Z,33.45,70.84

2026-09-20T09:26:58.240Z,33.44,70.88

2026-09-20T09:27:03.225Z,33.45,70.82

2026-09-20T09:27:08.225Z,33.46,70.85

2026-09-20T09:27:13.224Z,33.45,70.83

2026-09-20T09:27:18.227Z,33.45,70.76

2026-09-20T09:27:23.235Z,33.48,70.79

2026-09-20T09:27:28.246Z,33.46,70.82

2026-09-20T09:27:33.234Z,33.48,70.75

2026-09-20T09:27:38.232Z,33.48,70.73

2026-09-20T09:27:43.233Z,33.47,70.67

2026-09-20T09:27:48.234Z,33.48,70.69

2026-09-20T09:27:53.238Z,33.5,70.69

2026-09-20T09:27:58.247Z,33.47,70.68

2026-09-20T09:28:03.238Z,33.5,70.53

2026-09-20T09:28:08.237Z,33.51,70.5

2026-09-20T09:28:13.237Z,33.52,70.56

2026-09-20T09:28:18.237Z,33.51,70.54

2026-09-20T09:28:23.249Z,33.5,70.4

2026-09-20T09:28:28.262Z,33.5,70.46

2026-09-20T09:28:33.250Z,33.52,70.4

2026-09-20T09:28:38.250Z,33.51,70.33

2026-09-20T09:28:43.248Z,33.52,70.32

2026-09-20T09:28:48.248Z,33.51,70.35

2026-09-20T09:28:53.248Z,33.52,70.32

2026-09-20T09:28:58.262Z,33.51,70.32

2026-09-20T09:29:03.252Z,33.52,70.32

2026-09-20T09:29:08.251Z,33.5,70.33

2026-09-20T09:29:13.251Z,33.52,70.33

2026-09-20T09:29:18.252Z,33.51,70.36

2026-09-20T09:29:23.252Z,33.52,70.31

2026-09-20T09:29:28.263Z,33.52,70.34

2026-09-20T09:29:33.252Z,33.52,70.33

2026-09-20T09:29:38.254Z,33.52,70.36

2026-09-20T09:29:43.254Z,33.51,70.37

2026-09-20T09:29:48.253Z,33.51,70.37

2026-09-20T09:29:53.253Z,33.53,70.31

2026-09-20T09:29:58.265Z,33.52,70.38

2026-09-20T09:30:03.252Z,33.52,70.32

2026-09-20T09:30:08.255Z,33.51,70.39

2026-09-20T09:30:13.258Z,33.53,70.5

2026-09-20T09:30:18.257Z,33.52,70.48

2026-09-20T09:30:23.258Z,33.52,70.47

2026-09-20T09:30:28.264Z,33.5,70.55

2026-09-20T09:30:33.255Z,33.49,70.57

2026-09-20T09:30:38.256Z,33.51,70.58

2026-09-20T09:30:43.257Z,33.49,70.61

2026-09-20T09:30:48.258Z,33.51,70.63

2026-09-20T09:30:53.277Z,33.51,70.61

2026-09-20T09:30:58.289Z,33.48,70.63

2026-09-20T09:31:03.275Z,33.5,70.63

2026-09-20T09:31:08.275Z,33.48,70.65

2026-09-20T09:31:13.275Z,33.47,70.61

2026-09-20T09:31:18.277Z,33.5,70.63

2026-09-20T09:31:23.281Z,33.49,70.64

2026-09-20T09:31:28.298Z,33.49,70.63

2026-09-20T09:31:33.281Z,33.48,70.58

2026-09-20T09:31:38.282Z,33.47,70.61

2026-09-20T09:31:43.283Z,33.49,70.59

2026-09-20T09:31:48.281Z,33.49,70.62

2026-09-20T09:31:53.291Z,33.49,70.69

2026-09-20T09:31:58.300Z,33.49,70.61

2026-09-20T09:32:03.290Z,33.49,70.58

2026-09-20T09:32:08.291Z,33.51,70.61

2026-09-20T09:32:13.290Z,33.52,70.5

2026-09-20T09:32:18.291Z,33.49,70.56

2026-09-20T09:32:23.305Z,33.52,70.57

2026-09-20T09:32:28.317Z,33.51,70.54

2026-09-20T09:32:33.307Z,33.51,70.5

2026-09-20T09:32:38.305Z,33.51,70.57

2026-09-20T09:32:43.304Z,33.53,70.53

2026-09-20T09:32:48.305Z,33.52,70.49

2026-09-20T09:32:53.323Z,33.51,70.5

2026-09-20T09:32:58.334Z,33.52,70.52

2026-09-20T09:33:03.324Z,33.52,70.49

2026-09-20T09:33:08.322Z,33.52,70.51

2026-09-20T09:33:13.322Z,33.52,70.51

2026-09-20T09:33:18.324Z,33.5,70.58

2026-09-20T09:33:23.323Z,33.52,70.52

2026-09-20T09:33:28.335Z,33.51,70.48

2026-09-20T09:33:33.322Z,33.51,70.54

2026-09-20T09:33:38.322Z,33.51,70.52

2026-09-20T09:33:43.323Z,33.51,70.5

2026-09-20T09:33:48.335Z,33.51,70.54

2026-09-20T09:33:53.323Z,33.51,70.49

2026-09-20T09:33:58.327Z,33.51,70.5

2026-09-20T09:34:03.326Z,33.51,70.43

2026-09-20T09:34:08.326Z,33.52,70.46

2026-09-20T09:34:13.328Z,33.52,70.47

2026-09-20T09:34:18.338Z,33.51,70.51

2026-09-20T09:34:23.327Z,33.52,70.5

2026-09-20T09:34:28.331Z,33.51,70.47

2026-09-20T09:34:33.329Z,33.52,70.51

2026-09-20T09:34:38.327Z,33.51,70.52

2026-09-20T09:34:43.340Z,33.53,70.47

2026-09-20T09:34:48.351Z,33.5,70.49

2026-09-20T09:34:53.340Z,33.52,70.49

2026-09-20T09:34:58.342Z,33.53,70.47

2026-09-20T09:35:03.341Z,33.52,70.39

2026-09-20T09:35:08.342Z,33.52,70.51

2026-09-20T09:35:13.355Z,33.52,70.37

2026-09-20T09:35:18.364Z,33.52,70.45

2026-09-20T09:35:23.350Z,33.53,70.44

2026-09-20T09:35:28.352Z,33.54,70.45

2026-09-20T09:35:33.353Z,33.52,70.4

2026-09-20T09:35:38.353Z,33.52,70.41

2026-09-20T09:35:43.356Z,33.53,70.43

2026-09-20T09:35:48.366Z,33.53,70.41

2026-09-20T09:35:53.352Z,33.54,70.36

2026-09-20T09:35:58.356Z,33.53,70.42

2026-09-20T09:36:03.355Z,33.52,70.4

2026-09-20T09:36:08.355Z,33.52,70.39

2026-09-20T09:36:13.356Z,33.51,70.38

2026-09-20T09:36:18.371Z,33.52,70.4

2026-09-20T09:36:23.356Z,33.53,70.33

2026-09-20T09:36:28.356Z,33.52,70.43

2026-09-20T09:36:33.354Z,33.51,70.36

2026-09-20T09:36:38.357Z,33.52,70.38

2026-09-20T09:36:43.362Z,33.52,70.38

2026-09-20T09:36:48.372Z,33.52,70.38

2026-09-20T09:36:53.355Z,33.52,70.41

2026-09-20T09:36:58.356Z,33.51,70.33

2026-09-20T09:37:03.357Z,33.52,70.42

2026-09-20T09:37:08.357Z,33.52,70.33

2026-09-20T09:37:13.369Z,33.52,70.33

2026-09-20T09:37:18.380Z,33.52,70.38

2026-09-20T09:37:23.367Z,33.52,70.33

2026-09-20T09:37:28.367Z,33.52,70.41

2026-09-20T09:37:33.369Z,33.53,70.4

2026-09-20T09:37:38.368Z,33.53,70.42

2026-09-20T09:37:43.384Z,33.51,70.56

2026-09-20T09:37:48.400Z,33.52,70.55

2026-09-20T09:37:53.384Z,33.52,70.59

2026-09-20T09:37:58.383Z,33.52,70.63

2026-09-20T09:38:03.383Z,33.54,70.64

2026-09-20T09:38:08.385Z,33.54,70.63

2026-09-20T09:38:13.394Z,33.52,70.68

2026-09-20T09:38:18.411Z,33.51,70.61

2026-09-20T09:38:23.393Z,33.54,70.71

2026-09-20T09:38:28.393Z,33.53,70.67

2026-09-20T09:38:33.394Z,33.5,70.65

2026-09-20T09:38:38.394Z,33.52,70.71

2026-09-20T09:38:43.406Z,33.52,70.76

2026-09-20T09:38:48.417Z,33.53,70.69

2026-09-20T09:38:53.406Z,33.52,70.71

2026-09-20T09:38:58.407Z,33.52,70.73

2026-09-20T09:39:03.407Z,33.53,70.73

2026-09-20T09:39:08.406Z,33.53,70.76

2026-09-20T09:39:13.411Z,33.54,70.75

2026-09-20T09:39:18.423Z,33.52,70.81

2026-09-20T09:39:23.410Z,33.52,70.75

2026-09-20T09:39:28.411Z,33.52,70.78

2026-09-20T09:39:33.412Z,33.52,70.76

2026-09-20T09:39:38.411Z,33.53,70.76

2026-09-20T09:39:43.411Z,33.51,70.79

2026-09-20T09:39:48.425Z,33.5,70.82

2026-09-20T09:39:53.412Z,33.53,70.73

2026-09-20T09:39:58.414Z,33.52,70.78

2026-09-20T09:40:03.414Z,33.54,70.81

2026-09-20T09:40:08.415Z,33.53,70.82

2026-09-20T09:40:13.429Z,33.54,70.79

2026-09-20T09:40:18.439Z,33.51,70.85

2026-09-20T09:40:23.427Z,33.53,70.84

2026-09-20T09:40:28.428Z,33.53,70.89

2026-09-20T09:40:33.428Z,33.53,70.8

2026-09-20T09:40:38.428Z,33.53,70.89

2026-09-20T09:40:43.434Z,33.52,70.84

2026-09-20T09:40:48.446Z,33.53,70.86

2026-09-20T09:40:53.435Z,33.54,70.83

2026-09-20T09:40:58.435Z,33.53,70.86

2026-09-20T09:41:03.435Z,33.53,70.91

2026-09-20T09:41:08.435Z,33.53,70.9

2026-09-20T09:41:13.436Z,33.54,70.91

2026-09-20T09:41:18.450Z,33.54,70.96

2026-09-20T09:41:23.436Z,33.54,70.88

2026-09-20T09:41:28.436Z,33.53,70.94

2026-09-20T09:41:33.441Z,33.53,70.95

2026-09-20T09:41:38.440Z,33.53,70.97

2026-09-20T09:41:43.440Z,33.52,70.89

2026-09-20T09:41:48.451Z,33.51,70.94

2026-09-20T09:41:53.442Z,33.51,70.94

2026-09-20T09:41:58.439Z,33.52,70.93

2026-09-20T09:42:03.439Z,33.52,70.95

2026-09-20T09:42:08.440Z,33.53,70.93

2026-09-20T09:42:13.448Z,33.54,70.99

2026-09-20T09:42:18.461Z,33.53,71

2026-09-20T09:42:23.449Z,33.52,70.97

2026-09-20T09:42:28.452Z,33.52,71.01

2026-09-20T09:42:33.451Z,33.54,71.03

2026-09-20T09:42:38.452Z,33.53,71.03

2026-09-20T09:42:43.466Z,33.54,71.01

2026-09-20T09:42:48.477Z,33.52,71.03

2026-09-20T09:42:53.464Z,33.54,71.01

2026-09-20T09:42:58.466Z,33.55,71.09

2026-09-20T09:43:03.466Z,33.56,71.08

2026-09-20T09:43:08.468Z,33.54,71.08

2026-09-20T09:43:13.484Z,33.55,71.1

2026-09-20T09:43:18.499Z,33.54,71.15

2026-09-20T09:43:23.485Z,33.56,71.16

2026-09-20T09:43:28.486Z,33.56,71.21

2026-09-20T09:43:33.488Z,33.56,71.19

2026-09-20T09:43:38.486Z,33.54,71.22

2026-09-20T09:43:43.489Z,33.54,71.16

2026-09-20T09:43:48.501Z,33.56,71.11

2026-09-20T09:43:53.486Z,33.55,71.06

2026-09-20T09:43:58.487Z,33.57,71.05

2026-09-20T09:44:03.486Z,33.57,71.04

2026-09-20T09:44:08.486Z,33.58,71.01

2026-09-20T09:44:13.496Z,33.56,70.97

2026-09-20T09:44:18.508Z,33.56,70.85

2026-09-20T09:44:23.495Z,33.57,70.82

2026-09-20T09:44:28.496Z,33.57,70.8

2026-09-20T09:44:33.496Z,33.58,70.77

2026-09-20T09:44:38.496Z,33.56,70.8

2026-09-20T09:44:43.495Z,33.59,70.72

2026-09-20T09:44:48.508Z,33.56,70.77

2026-09-20T09:44:53.495Z,33.59,70.79

2026-09-20T09:44:58.497Z,33.57,70.75

2026-09-20T09:45:03.496Z,33.58,70.78

2026-09-20T09:45:08.497Z,33.58,70.83

2026-09-20T09:45:13.509Z,33.58,70.83

2026-09-20T09:45:18.523Z,33.59,70.88

2026-09-20T09:45:23.510Z,33.59,70.8

2026-09-20T09:45:28.512Z,33.6,70.76

2026-09-20T09:45:33.511Z,33.58,70.82

2026-09-20T09:45:38.514Z,33.6,70.75

2026-09-20T09:45:43.518Z,33.59,70.75

2026-09-20T09:45:48.529Z,33.59,70.76

2026-09-20T09:45:53.518Z,33.6,70.66

2026-09-20T09:45:58.517Z,33.61,70.69

2026-09-20T09:46:03.518Z,33.62,70.8

2026-09-20T09:46:08.517Z,33.61,70.8

2026-09-20T09:46:13.534Z,33.62,70.77

2026-09-20T09:46:18.544Z,33.62,70.8

2026-09-20T09:46:23.532Z,33.63,70.78

2026-09-20T09:46:28.532Z,33.61,70.71

2026-09-20T09:46:33.531Z,33.63,70.69

2026-09-20T09:46:38.534Z,33.63,70.69

2026-09-20T09:46:43.538Z,33.61,70.61

2026-09-20T09:46:48.547Z,33.63,70.67

2026-09-20T09:46:53.538Z,33.64,70.64

2026-09-20T09:46:58.536Z,33.64,70.69

2026-09-20T09:47:03.537Z,33.64,70.65

2026-09-20T09:47:08.537Z,33.63,70.74

2026-09-20T09:47:13.545Z,33.63,70.78

2026-09-20T09:47:18.556Z,33.63,70.75

2026-09-20T09:47:23.544Z,33.63,70.75

2026-09-20T09:47:28.545Z,33.63,70.72

2026-09-20T09:47:33.549Z,33.63,70.7

2026-09-20T09:47:38.557Z,33.63,70.73

2026-09-20T09:47:43.548Z,33.64,70.72

2026-09-20T09:47:48.545Z,33.65,70.74

2026-09-20T09:47:53.547Z,33.65,70.8

2026-09-20T09:47:58.546Z,33.64,70.8

2026-09-20T09:48:03.548Z,33.64,70.79

2026-09-20T09:48:08.558Z,33.64,70.83

2026-09-20T09:48:13.545Z,33.63,70.76

2026-09-20T09:48:18.546Z,33.64,70.74

2026-09-20T09:48:23.548Z,33.65,70.84

2026-09-20T09:48:28.548Z,33.64,70.8

2026-09-20T09:48:33.547Z,33.63,70.89

2026-09-20T09:48:38.557Z,33.63,70.9

2026-09-20T09:48:43.547Z,33.65,70.91

2026-09-20T09:48:48.546Z,33.63,70.92

2026-09-20T09:48:53.551Z,33.65,70.85

2026-09-20T09:48:58.552Z,33.62,70.9

2026-09-20T09:49:03.558Z,33.64,70.89

2026-09-20T09:49:08.573Z,33.64,70.94

2026-09-20T09:49:13.558Z,33.66,70.93

2026-09-20T09:49:18.560Z,33.65,70.9

2026-09-20T09:49:23.559Z,33.65,70.94

2026-09-20T09:49:28.559Z,33.64,70.84

2026-09-20T09:49:33.569Z,33.64,70.92

2026-09-20T09:49:38.586Z,33.64,70.94

2026-09-20T09:49:43.569Z,33.66,70.85

2026-09-20T09:49:48.572Z,33.66,70.9

2026-09-20T09:49:53.570Z,33.66,70.87

2026-09-20T09:49:58.571Z,33.66,70.89

2026-09-20T09:50:03.580Z,33.66,70.81

2026-09-20T09:50:08.590Z,33.65,70.84

2026-09-20T09:50:13.577Z,33.65,70.73

2026-09-20T09:50:18.579Z,33.68,70.72

2026-09-20T09:50:23.579Z,33.67,70.69

2026-09-20T09:50:28.581Z,33.66,70.65

2026-09-20T09:50:33.593Z,33.66,70.66

2026-09-20T09:50:38.606Z,33.67,70.58

2026-09-20T09:50:43.593Z,33.67,70.53

2026-09-20T09:50:48.591Z,33.67,70.67

2026-09-20T09:50:53.593Z,33.67,70.56

2026-09-20T09:50:58.597Z,33.67,70.57

2026-09-20T09:51:03.604Z,33.68,70.58

2026-09-20T09:51:08.614Z,33.67,70.65

2026-09-20T09:51:13.601Z,33.68,70.5

2026-09-20T09:51:18.602Z,33.66,70.49

2026-09-20T09:51:23.600Z,33.68,70.43

2026-09-20T09:51:28.601Z,33.66,70.52

2026-09-20T09:51:33.611Z,33.67,70.48

2026-09-20T09:51:38.625Z,33.63,70.5

2026-09-20T09:51:43.609Z,33.63,70.57

2026-09-20T09:51:48.609Z,33.62,70.69

2026-09-20T09:51:53.611Z,33.61,70.71

2026-09-20T09:51:58.610Z,33.6,70.75

2026-09-20T09:52:03.613Z,33.61,70.89

2026-09-20T09:52:08.627Z,33.57,70.97

2026-09-20T09:52:13.612Z,33.56,71.12

2026-09-20T09:52:18.612Z,33.56,71.17

2026-09-20T09:52:23.611Z,33.54,71.25

2026-09-20T09:52:28.611Z,33.55,71.26

2026-09-20T09:52:33.618Z,33.55,71.35

2026-09-20T09:52:38.628Z,33.53,71.48

2026-09-20T09:52:43.613Z,33.52,71.44

2026-09-20T09:52:48.618Z,33.5,71.52

2026-09-20T09:52:53.618Z,33.5,71.59

2026-09-20T09:52:58.617Z,33.51,71.58

2026-09-20T09:53:03.628Z,33.5,71.58

2026-09-20T09:53:08.637Z,33.48,71.7

2026-09-20T09:53:13.626Z,33.49,71.62

2026-09-20T09:53:18.627Z,33.46,71.68

2026-09-20T09:53:23.627Z,33.47,71.66

2026-09-20T09:53:28.628Z,33.46,71.65

2026-09-20T09:53:33.641Z,33.47,71.62

2026-09-20T09:53:38.650Z,33.44,71.63

2026-09-20T09:53:43.638Z,33.45,71.64

2026-09-20T09:53:48.639Z,33.44,71.71

2026-09-20T09:53:53.640Z,33.43,71.65

2026-09-20T09:53:58.640Z,33.43,71.63

2026-09-20T09:54:03.656Z,33.43,71.65

2026-09-20T09:54:08.670Z,33.41,71.77

2026-09-20T09:54:13.654Z,33.4,71.72

2026-09-20T09:54:18.653Z,33.37,71.58

2026-09-20T09:54:23.654Z,33.39,71.57

2026-09-20T09:54:28.667Z,33.38,71.56

2026-09-20T09:54:33.657Z,33.38,71.63

2026-09-20T09:54:38.656Z,33.36,71.61

2026-09-20T09:54:43.656Z,33.35,71.52

2026-09-20T09:54:48.656Z,33.35,71.5

2026-09-20T09:54:53.657Z,33.32,71.5

2026-09-20T09:54:58.670Z,33.32,71.46

2026-09-20T09:55:03.656Z,33.35,71.42

2026-09-20T09:55:08.659Z,33.31,71.45

2026-09-20T09:55:13.657Z,33.31,71.43

2026-09-20T09:55:18.658Z,33.31,71.44

2026-09-20T09:55:23.664Z,33.28,71.45

2026-09-20T09:55:28.677Z,33.29,71.52

2026-09-20T09:55:33.664Z,33.28,71.52

2026-09-20T09:55:38.664Z,33.28,71.49

2026-09-20T09:55:43.664Z,33.26,71.52

2026-09-20T09:55:48.666Z,33.24,71.59

2026-09-20T09:55:53.665Z,33.25,71.68

2026-09-20T09:55:58.679Z,33.26,71.73

2026-09-20T09:56:03.665Z,33.23,71.73

2026-09-20T09:56:08.664Z,33.24,71.73

2026-09-20T09:56:13.667Z,33.22,71.78

2026-09-20T09:56:18.667Z,33.22,71.8

2026-09-20T09:56:23.665Z,33.2,71.83

2026-09-20T09:56:28.688Z,33.21,71.8

2026-09-20T09:56:33.670Z,33.2,71.83

2026-09-20T09:56:38.668Z,33.2,71.9

2026-09-20T09:56:43.670Z,33.18,71.87

2026-09-20T09:56:48.671Z,33.18,71.92

2026-09-20T09:56:53.686Z,33.2,71.91

2026-09-20T09:56:58.707Z,33.17,72.03

2026-09-20T09:57:03.687Z,33.16,72.04

2026-09-20T09:57:08.688Z,33.16,72.06

2026-09-20T09:57:13.687Z,33.16,72.03

2026-09-20T09:57:18.687Z,33.15,72.07

2026-09-20T09:57:23.697Z,33.14,72.14

2026-09-20T09:57:28.708Z,33.14,72.21

2026-09-20T09:57:33.695Z,33.15,72.13

2026-09-20T09:57:38.695Z,33.14,72.23

2026-09-20T09:57:43.696Z,33.12,72.3

2026-09-20T09:57:48.698Z,33.13,72.28

2026-09-20T09:57:53.710Z,33.12,72.32

2026-09-20T09:57:58.726Z,33.11,72.37

2026-09-20T09:58:03.712Z,33.1,72.42

2026-09-20T09:58:08.709Z,33.12,72.37

2026-09-20T09:58:13.711Z,33.09,72.45

2026-09-20T09:58:18.711Z,33.11,72.5

2026-09-20T09:58:23.721Z,33.1,72.45

2026-09-20T09:58:28.728Z,33.08,72.48

2026-09-20T09:58:33.719Z,33.1,72.49

2026-09-20T09:58:38.721Z,33.09,72.5

2026-09-20T09:58:43.719Z,33.1,72.59

2026-09-20T09:58:48.718Z,33.09,72.57

2026-09-20T09:58:53.720Z,33.09,72.66

2026-09-20T09:58:58.730Z,33.06,72.65

2026-09-20T09:59:03.722Z,33.08,72.65

2026-09-20T09:59:08.719Z,33.06,72.7

2026-09-20T09:59:13.720Z,33.08,72.62

2026-09-20T09:59:18.722Z,33.07,72.66

2026-09-20T09:59:23.721Z,33.08,72.69

2026-09-20T09:59:28.732Z,33.08,72.77

2026-09-20T09:59:33.722Z,33.07,72.71

2026-09-20T09:59:38.723Z,33.07,72.77

2026-09-20T09:59:43.724Z,33.06,72.64

2026-09-20T09:59:48.723Z,33.05,72.67

2026-09-20T09:59:53.725Z,33.03,72.53

2026-09-20T09:59:58.735Z,33.02,72.63

2026-09-20T10:00:03.727Z,33.04,72.68

2026-09-20T10:00:08.726Z,33.04,72.75

2026-09-20T10:00:13.726Z,33.02,72.77

2026-09-20T10:00:18.726Z,33.02,72.9

2026-09-20T10:00:23.752Z,33.02,72.9

2026-09-20T10:00:28.765Z,33.02,73

2026-09-20T10:00:33.747Z,33.01,72.94

2026-09-20T10:00:38.746Z,33.03,72.91

2026-09-20T10:00:43.748Z,33.01,72.88

2026-09-20T10:00:48.748Z,33.02,72.9

2026-09-20T10:00:53.755Z,33.01,72.94

2026-09-20T10:00:58.765Z,33.01,73.01

2026-09-20T10:01:03.755Z,32.99,72.95

2026-09-20T10:01:08.754Z,33.01,72.91

2026-09-20T10:01:13.755Z,33.01,72.94

2026-09-20T10:01:18.754Z,33.01,72.9

2026-09-20T10:01:23.755Z,33,72.94

2026-09-20T10:01:28.766Z,33.02,72.92

2026-09-20T10:01:33.756Z,33.02,72.91

2026-09-20T10:01:38.757Z,33,72.93

2026-09-20T10:01:43.756Z,32.99,72.96

2026-09-20T10:01:48.758Z,32.99,72.99

2026-09-20T10:01:53.782Z,32.99,73.05

2026-09-20T10:01:58.774Z,32.98,72.94

2026-09-20T10:02:03.776Z,32.97,72.99

2026-09-20T10:02:08.777Z,33,73.01

2026-09-20T10:02:13.776Z,32.99,73.03

2026-09-20T10:02:18.788Z,32.97,73.05

2026-09-20T10:02:23.780Z,32.96,73.09

2026-09-20T10:02:28.777Z,32.97,73.03

2026-09-20T10:02:33.777Z,32.98,73.03

2026-09-20T10:02:38.776Z,32.95,73.07

2026-09-20T10:02:43.776Z,32.97,73.14

2026-09-20T10:02:48.787Z,32.98,73.15

2026-09-20T10:02:53.775Z,32.97,73.16

2026-09-20T10:02:58.778Z,32.96,73.17

2026-09-20T10:03:03.778Z,32.97,73.12

2026-09-20T10:03:08.777Z,32.99,73.15

2026-09-20T10:03:13.778Z,32.96,73.18

2026-09-20T10:03:18.792Z,32.95,73.22

2026-09-20T10:03:23.779Z,32.94,73.18

2026-09-20T10:03:28.778Z,32.96,73.18

2026-09-20T10:03:33.778Z,32.96,73.13

2026-09-20T10:03:38.778Z,32.96,73.17

2026-09-20T10:03:43.778Z,32.95,73.17

2026-09-20T10:03:48.790Z,32.96,73.21

2026-09-20T10:03:53.782Z,32.95,73.07

2026-09-20T10:03:58.780Z,32.96,73.15

2026-09-20T10:04:03.781Z,32.97,73.22

2026-09-20T10:04:08.781Z,32.96,73.25

2026-09-20T10:04:13.795Z,32.96,73.2

2026-09-20T10:04:18.804Z,32.94,73.21

2026-09-20T10:04:23.793Z,32.95,73.19

2026-09-20T10:04:28.793Z,32.94,73.22

2026-09-20T10:04:33.793Z,32.93,73.25

2026-09-20T10:04:38.794Z,32.94,73.24

2026-09-20T10:04:43.796Z,32.93,73.24

2026-09-20T10:04:48.810Z,32.94,73.29

2026-09-20T10:04:53.794Z,32.95,73.26

2026-09-20T10:04:58.796Z,32.93,73.2

2026-09-20T10:05:03.797Z,32.94,73.27

2026-09-20T10:05:08.797Z,32.94,73.23

2026-09-20T10:05:13.803Z,32.94,73.18

2026-09-20T10:05:18.815Z,32.92,73.32

2026-09-20T10:05:23.801Z,32.96,73.3

2026-09-20T10:05:28.802Z,32.93,73.31

2026-09-20T10:05:33.804Z,32.93,73.38

2026-09-20T10:05:38.804Z,32.93,73.38

2026-09-20T10:05:43.813Z,32.92,73.43

2026-09-20T10:05:48.824Z,32.94,73.43

2026-09-20T10:05:53.811Z,32.94,73.43

2026-09-20T10:05:58.813Z,32.91,73.4

2026-09-20T10:06:03.812Z,32.92,73.32

2026-09-20T10:06:08.812Z,32.94,73.36

2026-09-20T10:06:13.813Z,32.91,73.4

2026-09-20T10:06:18.825Z,32.92,73.51

2026-09-20T10:06:23.812Z,32.93,73.4

2026-09-20T10:06:28.815Z,32.95,73.46

2026-09-20T10:06:33.814Z,32.93,73.55

2026-09-20T10:06:38.813Z,32.91,73.51

2026-09-20T10:06:43.817Z,32.93,73.55

2026-09-20T10:06:48.824Z,32.91,73.54

2026-09-20T10:06:53.815Z,32.93,73.46

2026-09-20T10:06:58.815Z,32.91,73.48

2026-09-20T10:07:03.817Z,32.92,73.56

2026-09-20T10:07:08.817Z,32.92,73.56

2026-09-20T10:07:13.824Z,32.93,73.56

2026-09-20T10:07:18.841Z,32.93,73.56

2026-09-20T10:07:23.822Z,32.94,73.48

2026-09-20T10:07:28.824Z,32.92,73.54

2026-09-20T10:07:33.825Z,32.94,73.58

2026-09-20T10:07:38.825Z,32.91,73.57

2026-09-20T10:07:43.837Z,32.91,73.57

2026-09-20T10:07:48.849Z,32.92,73.71

2026-09-20T10:07:53.835Z,32.91,73.65

2026-09-20T10:07:58.837Z,32.9,73.56

2026-09-20T10:08:03.838Z,32.9,73.59

2026-09-20T10:08:08.837Z,32.89,73.63

2026-09-20T10:08:13.841Z,32.9,73.58

2026-09-20T10:08:18.857Z,32.9,73.62

2026-09-20T10:08:23.841Z,32.88,73.61

2026-09-20T10:08:28.840Z,32.91,73.62

2026-09-20T10:08:33.841Z,32.9,73.64

2026-09-20T10:08:38.840Z,32.89,73.56

2026-09-20T10:08:43.856Z,32.91,73.65

2026-09-20T10:08:48.866Z,32.89,73.74

2026-09-20T10:08:53.852Z,32.88,73.72

2026-09-20T10:08:58.854Z,32.89,73.73

2026-09-20T10:09:03.854Z,32.89,73.7

2026-09-20T10:09:08.855Z,32.9,73.75

2026-09-20T10:09:13.870Z,32.88,73.71

2026-09-20T10:09:18.882Z,32.87,73.71

2026-09-20T10:09:23.869Z,32.87,73.71

2026-09-20T10:09:28.871Z,32.86,73.69

2026-09-20T10:09:33.870Z,32.88,73.65

2026-09-20T10:09:38.869Z,32.87,73.72

2026-09-20T10:09:43.876Z,32.86,73.67

2026-09-20T10:09:48.885Z,32.85,73.78

2026-09-20T10:09:53.874Z,32.83,73.74

2026-09-20T10:09:58.873Z,32.85,73.74

2026-09-20T10:10:03.875Z,32.84,73.77

2026-09-20T10:10:08.874Z,32.85,73.82

2026-09-20T10:10:13.874Z,32.83,73.8

2026-09-20T10:10:18.884Z,32.85,73.88

2026-09-20T10:10:23.876Z,32.83,73.87

2026-09-20T10:10:28.877Z,32.85,73.89

2026-09-20T10:10:33.878Z,32.85,73.93

2026-09-20T10:10:38.878Z,32.85,73.9

2026-09-20T10:10:43.878Z,32.85,73.95

2026-09-20T10:10:48.897Z,32.85,73.96

2026-09-20T10:10:53.880Z,32.84,73.9

2026-09-20T10:10:58.885Z,32.85,73.92

2026-09-20T10:11:03.885Z,32.85,73.93

2026-09-20T10:11:08.882Z,32.84,73.95

2026-09-20T10:11:13.892Z,32.87,73.96

2026-09-20T10:11:18.903Z,32.87,73.92

2026-09-20T10:11:23.890Z,32.87,73.91

2026-09-20T10:11:28.892Z,32.89,73.85

2026-09-20T10:11:33.890Z,32.88,73.9

2026-09-20T10:11:38.890Z,32.9,73.94

2026-09-20T10:11:43.909Z,32.9,73.84

2026-09-20T10:11:48.924Z,32.89,73.98

2026-09-20T10:11:53.909Z,32.91,73.87

2026-09-20T10:11:58.910Z,32.92,73.89

2026-09-20T10:12:03.910Z,32.91,73.92

2026-09-20T10:12:08.912Z,32.91,73.87

2026-09-20T10:12:13.917Z,32.94,73.92

2026-09-20T10:12:18.926Z,32.91,73.97

2026-09-20T10:12:23.916Z,32.93,73.9

2026-09-20T10:12:28.915Z,32.95,73.94

2026-09-20T10:12:33.917Z,32.93,73.89

2026-09-20T10:12:38.916Z,32.94,73.96

2026-09-20T10:12:43.919Z,32.93,73.95

2026-09-20T10:12:48.931Z,32.94,74.06

2026-09-20T10:12:53.918Z,32.94,73.95

2026-09-20T10:12:58.919Z,32.96,73.97

2026-09-20T10:13:03.920Z,32.97,74.06

2026-09-20T10:13:08.919Z,32.95,74.05

2026-09-20T10:13:13.920Z,32.96,73.98

2026-09-20T10:13:18.931Z,32.96,74

2026-09-20T10:13:23.920Z,32.96,74.02

2026-09-20T10:13:28.920Z,32.96,73.96

2026-09-20T10:13:33.920Z,32.96,73.98

2026-09-20T10:13:38.922Z,32.96,73.95

2026-09-20T10:13:43.921Z,32.99,73.9

2026-09-20T10:13:48.934Z,32.99,73.89

2026-09-20T10:13:53.922Z,32.99,73.77

2026-09-20T10:13:58.925Z,32.99,73.84

2026-09-20T10:14:03.923Z,32.99,73.81

2026-09-20T10:14:08.924Z,33,73.84

2026-09-20T10:14:13.935Z,33.01,73.81

2026-09-20T10:14:18.948Z,33.01,73.87

2026-09-20T10:14:23.939Z,33.02,73.8

2026-09-20T10:14:28.940Z,33.03,73.84

2026-09-20T10:14:33.938Z,33.04,73.73

2026-09-20T10:14:38.939Z,33.03,73.85

2026-09-20T10:14:43.946Z,33.04,73.8

2026-09-20T10:14:48.957Z,33.07,73.78

2026-09-20T10:14:53.944Z,33.04,73.77

2026-09-20T10:14:58.944Z,33.05,73.71

2026-09-20T10:15:03.942Z,33.06,73.72

2026-09-20T10:15:08.943Z,33.07,73.75

2026-09-20T10:15:13.948Z,33.07,73.72

2026-09-20T10:15:18.959Z,33.06,73.6

2026-09-20T10:15:23.944Z,33.09,73.59

2026-09-20T10:15:28.944Z,33.09,73.59

2026-09-20T10:15:33.945Z,33.09,73.61

2026-09-20T10:15:38.946Z,33.11,73.56

2026-09-20T10:15:43.953Z,33.11,73.58

2026-09-20T10:15:48.962Z,33.11,73.52

2026-09-20T10:15:53.949Z,33.11,73.37

2026-09-20T10:15:58.950Z,33.15,73.24

2026-09-20T10:16:03.950Z,33.12,73.28

2026-09-20T10:16:08.951Z,33.13,73.19

2026-09-20T10:16:13.968Z,33.15,73.19

2026-09-20T10:16:18.979Z,33.14,73.24

2026-09-20T10:16:23.966Z,33.16,73.21

2026-09-20T10:16:28.969Z,33.16,73.23

2026-09-20T10:16:33.966Z,33.18,73.21

2026-09-20T10:16:38.967Z,33.18,73.26

2026-09-20T10:16:43.977Z,33.16,73.19

2026-09-20T10:16:48.986Z,33.16,73.22

2026-09-20T10:16:53.974Z,33.19,73.16

2026-09-20T10:16:58.974Z,33.18,73.17

2026-09-20T10:17:03.974Z,33.19,73.18

2026-09-20T10:17:08.973Z,33.19,73.16

2026-09-20T10:17:13.980Z,33.21,73.2

2026-09-20T10:17:18.991Z,33.21,73.22

2026-09-20T10:17:23.978Z,33.22,73.17

2026-09-20T10:17:28.982Z,33.23,73.13

2026-09-20T10:17:33.979Z,33.23,73.22

2026-09-20T10:17:38.978Z,33.23,73.22

2026-09-20T10:17:43.980Z,33.22,73.25

2026-09-20T10:17:48.991Z,33.21,73.31

2026-09-20T10:17:53.978Z,33.23,73.32

2026-09-20T10:17:58.981Z,33.23,73.26

2026-09-20T10:18:03.979Z,33.23,73.23

2026-09-20T10:18:08.982Z,33.25,73.27

2026-09-20T10:18:13.983Z,33.26,73.23

2026-09-20T10:18:18.995Z,33.23,73.2

2026-09-20T10:18:23.986Z,33.25,73.18

2026-09-20T10:18:28.983Z,33.26,73.08

2026-09-20T10:18:33.983Z,33.26,73.07

2026-09-20T10:18:38.984Z,33.25,73.09

2026-09-20T10:18:43.997Z,33.27,73.04

2026-09-20T10:18:49.009Z,33.27,72.97

2026-09-20T10:18:53.997Z,33.27,72.91

2026-09-20T10:18:58.999Z,33.29,72.83

2026-09-20T10:19:03.999Z,33.28,72.79

2026-09-20T10:19:09.000Z,33.29,72.79

2026-09-20T10:19:13.998Z,33.27,72.78

2026-09-20T10:19:19.011Z,33.28,72.78

2026-09-20T10:19:23.998Z,33.27,72.78

2026-09-20T10:19:28.999Z,33.29,72.72

2026-09-20T10:19:33.997Z,33.29,72.77

2026-09-20T10:19:38.999Z,33.28,72.72

2026-09-20T10:19:44.003Z,33.29,72.73

2026-09-20T10:19:49.014Z,33.26,72.81

2026-09-20T10:19:54.002Z,33.29,72.73

2026-09-20T10:19:59.002Z,33.29,72.8

2026-09-20T10:20:04.001Z,33.29,72.76

2026-09-20T10:20:09.002Z,33.29,72.73

2026-09-20T10:20:14.007Z,33.29,72.68

2026-09-20T10:20:19.018Z,33.3,72.77

2026-09-20T10:20:24.007Z,33.3,72.68

2026-09-20T10:20:29.007Z,33.29,72.71

2026-09-20T10:20:34.010Z,33.3,72.71

2026-09-20T10:20:39.007Z,33.3,72.74

2026-09-20T10:20:44.008Z,33.3,72.76

2026-09-20T10:20:49.022Z,33.3,72.76

2026-09-20T10:20:54.008Z,33.32,72.77

2026-09-20T10:20:59.008Z,33.31,72.71

2026-09-20T10:21:04.006Z,33.29,72.68

2026-09-20T10:21:09.006Z,33.31,72.72

2026-09-20T10:21:14.008Z,33.3,72.6

2026-09-20T10:21:19.021Z,33.3,72.61

2026-09-20T10:21:24.009Z,33.32,72.53

2026-09-20T10:21:29.008Z,33.32,72.5

2026-09-20T10:21:34.010Z,33.32,72.48

2026-09-20T10:21:39.011Z,33.32,72.5

2026-09-20T10:21:44.040Z,33.33,72.42

2026-09-20T10:21:49.061Z,33.34,72.52

2026-09-20T10:21:54.038Z,33.34,72.43

2026-09-20T10:21:59.041Z,33.35,72.33

2026-09-20T10:22:04.040Z,33.36,72.31

2026-09-20T10:22:09.040Z,33.33,72.29

2026-09-20T10:22:14.051Z,33.33,72.24

2026-09-20T10:22:19.065Z,33.33,72.23

2026-09-20T10:22:24.050Z,33.36,72.17

2026-09-20T10:22:29.050Z,33.37,72.17

2026-09-20T10:22:34.053Z,33.37,72.18

2026-09-20T10:22:39.051Z,33.36,72.15

2026-09-20T10:22:44.051Z,33.37,72.06

2026-09-20T10:22:49.063Z,33.37,72.12

2026-09-20T10:22:54.051Z,33.38,72.1

2026-09-20T10:22:59.054Z,33.37,72.06

2026-09-20T10:23:04.061Z,33.37,72.05

2026-09-20T10:23:09.075Z,33.37,72.06

2026-09-20T10:23:14.059Z,33.37,72.01

2026-09-20T10:23:19.061Z,33.39,71.96

2026-09-20T10:23:24.060Z,33.38,71.99

2026-09-20T10:23:29.061Z,33.39,72.03

2026-09-20T10:23:34.084Z,33.38,71.94

2026-09-20T10:23:39.095Z,33.39,71.95

2026-09-20T10:23:44.082Z,33.39,71.92

2026-09-20T10:23:49.083Z,33.38,71.92

2026-09-20T10:23:54.083Z,33.37,71.96

2026-09-20T10:23:59.084Z,33.39,71.89

2026-09-20T10:24:04.086Z,33.4,71.91

2026-09-20T10:24:09.099Z,33.38,71.93

2026-09-20T10:24:14.087Z,33.38,71.84

2026-09-20T10:24:19.086Z,33.4,71.9

2026-09-20T10:24:24.085Z,33.4,71.87

2026-09-20T10:24:29.085Z,33.4,71.97

2026-09-20T10:24:34.086Z,33.4,71.89

2026-09-20T10:24:39.099Z,33.4,71.91

2026-09-20T10:24:44.084Z,33.41,71.86

2026-09-20T10:24:49.084Z,33.42,71.85

2026-09-20T10:24:54.086Z,33.4,71.82

2026-09-20T10:24:59.088Z,33.41,71.8

2026-09-20T10:25:04.089Z,33.44,71.78

2026-09-20T10:25:09.105Z,33.42,71.86

2026-09-20T10:25:14.088Z,33.41,71.71

2026-09-20T10:25:19.087Z,33.43,71.75

2026-09-20T10:25:24.087Z,33.43,71.77

2026-09-20T10:25:29.088Z,33.42,71.73

2026-09-20T10:25:34.103Z,33.41,71.74

2026-09-20T10:25:39.110Z,33.44,71.84

2026-09-20T10:25:44.098Z,33.44,71.76

2026-09-20T10:25:49.100Z,33.42,71.72

2026-09-20T10:25:54.098Z,33.44,71.79

2026-09-20T10:25:59.100Z,33.42,71.75

2026-09-20T10:26:04.111Z,33.43,71.74

2026-09-20T10:26:09.122Z,33.41,71.79

2026-09-20T10:26:14.109Z,33.42,71.77

2026-09-20T10:26:19.109Z,33.42,71.73

2026-09-20T10:26:24.110Z,33.43,71.72

2026-09-20T10:26:29.112Z,33.43,71.77

2026-09-20T10:26:34.118Z,33.43,71.75

2026-09-20T10:26:39.125Z,33.44,71.79

2026-09-20T10:26:44.115Z,33.43,71.7

2026-09-20T10:26:49.116Z,33.44,71.76

2026-09-20T10:26:54.115Z,33.44,71.78

2026-09-20T10:26:59.114Z,33.44,71.72

2026-09-20T10:27:04.114Z,33.44,71.7

2026-09-20T10:27:09.127Z,33.45,71.69

2026-09-20T10:27:14.115Z,33.45,71.65

2026-09-20T10:27:19.117Z,33.45,71.64

2026-09-20T10:27:24.116Z,33.46,71.65

2026-09-20T10:27:29.117Z,33.46,71.63

2026-09-20T10:27:34.117Z,33.46,71.59

2026-09-20T10:27:39.133Z,33.46,71.54

2026-09-20T10:27:44.120Z,33.47,71.42

2026-09-20T10:27:49.117Z,33.47,71.29

2026-09-20T10:27:54.117Z,33.45,71.21

2026-09-20T10:27:59.117Z,33.44,71.16

2026-09-20T10:28:04.139Z,33.45,71.24

2026-09-20T10:28:09.147Z,33.43,71.32

2026-09-20T10:28:14.134Z,33.46,71.26

2026-09-20T10:28:19.138Z,33.43,71.2

2026-09-20T10:28:24.138Z,33.44,71.12

2026-09-20T10:28:29.148Z,33.44,71.08

2026-09-20T10:28:34.138Z,33.45,71

2026-09-20T10:28:39.137Z,33.43,71.03

2026-09-20T10:28:44.136Z,33.44,70.98

2026-09-20T10:28:49.138Z,33.41,71.06

2026-09-20T10:28:54.136Z,33.42,71.04

2026-09-20T10:28:59.158Z,33.42,71.05

2026-09-20T10:29:04.142Z,33.41,71.06

2026-09-20T10:29:09.142Z,33.41,71.03

2026-09-20T10:29:14.140Z,33.37,71.02

2026-09-20T10:29:19.142Z,33.4,71.03

2026-09-20T10:29:24.141Z,33.36,71.14

2026-09-20T10:29:29.151Z,33.38,71.21

2026-09-20T10:29:34.142Z,33.36,71.15

2026-09-20T10:29:39.142Z,33.36,71.13

2026-09-20T10:29:44.143Z,33.36,71.14

2026-09-20T10:29:49.145Z,33.38,71.27

2026-09-20T10:29:54.165Z,33.35,71.21

2026-09-20T10:29:59.177Z,33.37,71.27

2026-09-20T10:30:04.164Z,33.36,71.33

2026-09-20T10:30:09.164Z,33.37,71.3

2026-09-20T10:30:14.163Z,33.36,71.33

2026-09-20T10:30:19.165Z,33.35,71.33

2026-09-20T10:30:24.178Z,33.36,71.35

2026-09-20T10:30:29.188Z,33.34,71.37

2026-09-20T10:30:34.177Z,33.36,71.36

2026-09-20T10:30:39.177Z,33.36,71.36

2026-09-20T10:30:44.178Z,33.36,71.45

2026-09-20T10:30:49.178Z,33.35,71.48

2026-09-20T10:30:54.187Z,33.34,71.5

2026-09-20T10:30:59.196Z,33.38,71.56

2026-09-20T10:31:04.185Z,33.38,71.51

2026-09-20T10:31:09.185Z,33.36,71.5

2026-09-20T10:31:14.185Z,33.36,71.49

2026-09-20T10:31:19.187Z,33.34,71.42

2026-09-20T10:31:24.197Z,33.38,71.44

2026-09-20T10:31:29.203Z,33.36,71.47

2026-09-20T10:31:34.194Z,33.36,71.52

2026-09-20T10:31:39.191Z,33.36,71.5

2026-09-20T10:31:44.191Z,33.37,71.53

2026-09-20T10:31:49.195Z,33.38,71.52

2026-09-20T10:31:54.197Z,33.36,71.56

2026-09-20T10:31:59.211Z,33.37,71.57

2026-09-20T10:32:04.197Z,33.35,71.58

2026-09-20T10:32:09.198Z,33.38,71.5

2026-09-20T10:32:14.196Z,33.38,71.56

2026-09-20T10:32:19.197Z,33.37,71.4

2026-09-20T10:32:24.216Z,33.37,71.43

2026-09-20T10:32:29.205Z,33.39,71.4

2026-09-20T10:32:34.207Z,33.4,71.33

2026-09-20T10:32:39.205Z,33.39,71.35

2026-09-20T10:32:44.206Z,33.38,71.34

2026-09-20T10:32:49.228Z,33.37,71.41

2026-09-20T10:32:54.207Z,33.39,71.44

2026-09-20T10:32:59.208Z,33.37,71.47

2026-09-20T10:33:04.207Z,33.37,71.47

2026-09-20T10:33:09.210Z,33.37,71.54

2026-09-20T10:33:14.211Z,33.36,71.55

2026-09-20T10:33:19.222Z,33.37,71.56

2026-09-20T10:33:24.210Z,33.37,71.55

2026-09-20T10:33:29.211Z,33.38,71.57

2026-09-20T10:33:34.213Z,33.37,71.59

2026-09-20T10:33:39.212Z,33.39,71.58

2026-09-20T10:33:44.215Z,33.37,71.55

2026-09-20T10:33:49.226Z,33.37,71.58

2026-09-20T10:33:54.214Z,33.4,71.51

2026-09-20T10:33:59.217Z,33.39,71.46

2026-09-20T10:34:04.214Z,33.39,71.54

2026-09-20T10:34:09.214Z,33.39,71.5

2026-09-20T10:34:14.237Z,33.38,71.54

2026-09-20T10:34:19.251Z,33.35,71.58

2026-09-20T10:34:24.235Z,33.36,71.54

2026-09-20T10:34:29.236Z,33.34,71.58

2026-09-20T10:34:34.236Z,33.34,71.62

2026-09-20T10:34:39.236Z,33.32,71.65

2026-09-20T10:34:44.241Z,33.32,71.68

2026-09-20T10:34:49.251Z,33.31,71.76

2026-09-20T10:34:54.239Z,33.3,71.76

2026-09-20T10:34:59.239Z,33.27,71.8

2026-09-20T10:35:04.238Z,33.28,71.84

2026-09-20T10:35:09.237Z,33.25,71.84

2026-09-20T10:35:14.249Z,33.25,71.94

2026-09-20T10:35:19.260Z,33.24,72.02

2026-09-20T10:35:24.250Z,33.23,72.07

2026-09-20T10:35:29.245Z,33.22,72.08

2026-09-20T10:35:34.248Z,33.21,72.12

2026-09-20T10:35:39.244Z,33.21,72.15

2026-09-20T10:35:44.255Z,33.19,72.17

2026-09-20T10:35:49.268Z,33.2,72.27

2026-09-20T10:35:54.254Z,33.2,72.31

2026-09-20T10:35:59.256Z,33.18,72.34

2026-09-20T10:36:04.257Z,33.2,72.34

2026-09-20T10:36:09.257Z,33.19,72.34

2026-09-20T10:36:14.256Z,33.18,72.42

2026-09-20T10:36:19.267Z,33.16,72.5

2026-09-20T10:36:24.257Z,33.18,72.41

2026-09-20T10:36:29.261Z,33.17,72.47

2026-09-20T10:36:34.260Z,33.2,72.44

2026-09-20T10:36:39.259Z,33.19,72.36

2026-09-20T10:36:44.280Z,33.18,72.34

2026-09-20T10:36:49.288Z,33.18,72.39

2026-09-20T10:36:54.276Z,33.19,72.4

2026-09-20T10:36:59.274Z,33.2,72.4

2026-09-20T10:37:04.275Z,33.2,72.43

2026-09-20T10:37:09.276Z,33.2,72.41

2026-09-20T10:37:14.290Z,33.19,72.49

2026-09-20T10:37:19.299Z,33.21,72.51

2026-09-20T10:37:24.289Z,33.21,72.48

2026-09-20T10:37:29.291Z,33.22,72.52

2026-09-20T10:37:34.289Z,33.21,72.47

2026-09-20T10:37:39.289Z,33.22,72.44

2026-09-20T10:37:44.300Z,33.23,72.41

2026-09-20T10:37:49.311Z,33.2,72.39

2026-09-20T10:37:54.298Z,33.22,72.32

2026-09-20T10:37:59.300Z,33.22,72.26

2026-09-20T10:38:04.300Z,33.25,72.22

2026-09-20T10:38:09.300Z,33.24,72.18

2026-09-20T10:38:14.307Z,33.25,72.19

2026-09-20T10:38:19.318Z,33.24,72.28

2026-09-20T10:38:24.307Z,33.25,72.24

2026-09-20T10:38:29.305Z,33.26,72.17

2026-09-20T10:38:34.306Z,33.27,72.19

2026-09-20T10:38:39.305Z,33.27,72.12

2026-09-20T10:38:44.310Z,33.25,72.09

2026-09-20T10:38:49.318Z,33.25,72.08

2026-09-20T10:38:54.306Z,33.24,72.08

2026-09-20T10:38:59.308Z,33.25,72.06

2026-09-20T10:39:04.306Z,33.25,72.07

2026-09-20T10:39:09.307Z,33.23,72.07

2026-09-20T10:39:14.308Z,33.23,72.03

2026-09-20T10:39:19.319Z,33.21,72.1

2026-09-20T10:39:24.308Z,33.22,72.02

2026-09-20T10:39:29.305Z,33.2,72.12

2026-09-20T10:39:34.307Z,33.2,72.09

2026-09-20T10:39:39.308Z,33.21,72.05

2026-09-20T10:39:44.309Z,33.19,72.08

2026-09-20T10:39:49.320Z,33.19,72.15

2026-09-20T10:39:54.306Z,33.18,72.13

2026-09-20T10:39:59.309Z,33.17,72.2

2026-09-20T10:40:04.309Z,33.18,72.13

2026-09-20T10:40:09.311Z,33.17,72.14

2026-09-20T10:40:14.336Z,33.17,72.22

2026-09-20T10:40:19.348Z,33.16,72.26

2026-09-20T10:40:24.337Z,33.15,72.31

2026-09-20T10:40:29.339Z,33.15,72.29

2026-09-20T10:40:34.337Z,33.15,72.33

2026-09-20T10:40:39.335Z,33.15,72.38

2026-09-20T10:40:44.346Z,33.14,72.41

2026-09-20T10:40:49.365Z,33.15,72.46

2026-09-20T10:40:54.345Z,33.13,72.39

2026-09-20T10:40:59.348Z,33.16,72.39

2026-09-20T10:41:04.347Z,33.16,72.39

2026-09-20T10:41:09.360Z,33.15,72.4

2026-09-20T10:41:14.349Z,33.14,72.37

2026-09-20T10:41:19.347Z,33.16,72.37

2026-09-20T10:41:24.349Z,33.16,72.31

2026-09-20T10:41:29.350Z,33.16,72.37

2026-09-20T10:41:34.364Z,33.16,72.34

2026-09-20T10:41:39.375Z,33.18,72.38

2026-09-20T10:41:44.362Z,33.18,72.35

2026-09-20T10:41:49.365Z,33.16,72.35

2026-09-20T10:41:54.363Z,33.17,72.33

2026-09-20T10:41:59.364Z,33.18,72.33

2026-09-20T10:42:04.365Z,33.17,72.34

2026-09-20T10:42:09.377Z,33.18,72.3

2026-09-20T10:42:14.365Z,33.18,72.32

2026-09-20T10:42:19.367Z,33.2,72.34

2026-09-20T10:42:24.366Z,33.2,72.29

2026-09-20T10:42:29.369Z,33.2,72.25

2026-09-20T10:42:34.368Z,33.21,72.27

2026-09-20T10:42:39.379Z,33.19,72.29

2026-09-20T10:42:44.368Z,33.2,72.29

2026-09-20T10:42:49.368Z,33.23,72.25

2026-09-20T10:42:54.370Z,33.22,72.22

2026-09-20T10:42:59.370Z,33.23,72.24

2026-09-20T10:43:04.378Z,33.22,72.21

2026-09-20T10:43:09.391Z,33.21,72.25

2026-09-20T10:43:14.376Z,33.22,72.14

2026-09-20T10:43:19.379Z,33.25,72.16

2026-09-20T10:43:24.378Z,33.24,72.14

2026-09-20T10:43:29.378Z,33.26,72.09

2026-09-20T10:43:34.379Z,33.26,72.07

2026-09-20T10:43:39.389Z,33.25,72.1

2026-09-20T10:43:44.378Z,33.26,72

2026-09-20T10:43:49.380Z,33.27,72.04

2026-09-20T10:43:54.379Z,33.26,72

2026-09-20T10:43:59.382Z,33.28,71.95

2026-09-20T10:44:04.387Z,33.27,71.9

2026-09-20T10:44:09.398Z,33.26,71.97

2026-09-20T10:44:14.386Z,33.27,71.93

2026-09-20T10:44:19.390Z,33.27,71.91

2026-09-20T10:44:24.386Z,33.26,71.94

2026-09-20T10:44:29.387Z,33.27,71.91

2026-09-20T10:44:34.398Z,33.25,71.94

2026-09-20T10:44:39.407Z,33.23,71.89

2026-09-20T10:44:44.398Z,33.26,71.87

2026-09-20T10:44:49.397Z,33.26,71.89

2026-09-20T10:44:54.397Z,33.26,71.95

2026-09-20T10:44:59.398Z,33.25,71.93

2026-09-20T10:45:04.405Z,33.25,71.96

2026-09-20T10:45:09.415Z,33.24,71.97

2026-09-20T10:45:14.402Z,33.25,71.93

2026-09-20T10:45:19.404Z,33.25,71.93

2026-09-20T10:45:24.404Z,33.26,71.84

2026-09-20T10:45:29.404Z,33.24,71.89

2026-09-20T10:45:34.436Z,33.26,71.92

2026-09-20T10:45:39.443Z,33.24,72

2026-09-20T10:45:44.430Z,33.25,71.99

2026-09-20T10:45:49.430Z,33.26,71.93

2026-09-20T10:45:54.430Z,33.26,71.95

2026-09-20T10:45:59.432Z,33.26,71.92

2026-09-20T10:46:04.432Z,33.26,71.92

2026-09-20T10:46:09.447Z,33.26,71.96

2026-09-20T10:46:14.434Z,33.27,71.94

2026-09-20T10:46:19.433Z,33.27,71.92

2026-09-20T10:46:24.434Z,33.28,71.88

2026-09-20T10:46:29.435Z,33.28,71.89

2026-09-20T10:46:34.435Z,33.29,71.9

2026-09-20T10:46:39.448Z,33.28,71.92

2026-09-20T10:46:44.435Z,33.3,71.91

2026-09-20T10:46:49.435Z,33.31,71.85

2026-09-20T10:46:54.434Z,33.31,71.88

2026-09-20T10:46:59.435Z,33.31,71.97

2026-09-20T10:47:04.434Z,33.31,72.06

2026-09-20T10:47:09.446Z,33.32,72.1

2026-09-20T10:47:14.435Z,33.33,71.97

2026-09-20T10:47:19.433Z,33.32,72.05

2026-09-20T10:47:24.435Z,33.32,72.11

2026-09-20T10:47:29.433Z,33.33,72.06

2026-09-20T10:47:34.435Z,33.31,72.1

2026-09-20T10:47:39.452Z,33.33,72.02

2026-09-20T10:47:44.436Z,33.33,72.07

2026-09-20T10:47:49.437Z,33.34,72.04

2026-09-20T10:47:54.438Z,33.34,72.03

2026-09-20T10:47:59.440Z,33.36,71.99

2026-09-20T10:48:04.438Z,33.33,72.04

2026-09-20T10:48:09.450Z,33.35,72.04

2026-09-20T10:48:14.439Z,33.34,72.02

2026-09-20T10:48:19.440Z,33.36,71.97

2026-09-20T10:48:24.437Z,33.35,71.95

2026-09-20T10:48:29.441Z,33.36,71.85

2026-09-20T10:48:34.445Z,33.35,71.72

2026-09-20T10:48:39.457Z,33.38,71.76

2026-09-20T10:48:44.444Z,33.38,71.67

2026-09-20T10:48:49.446Z,33.37,71.66

2026-09-20T10:48:54.446Z,33.39,71.63

2026-09-20T10:48:59.447Z,33.35,71.6

2026-09-20T10:49:04.451Z,33.39,71.6

2026-09-20T10:49:09.467Z,33.38,71.67

2026-09-20T10:49:14.449Z,33.39,71.62

2026-09-20T10:49:19.451Z,33.4,71.62

2026-09-20T10:49:24.450Z,33.37,71.59

2026-09-20T10:49:29.450Z,33.4,71.59

2026-09-20T10:49:34.464Z,33.41,71.62

2026-09-20T10:49:39.480Z,33.38,71.63

2026-09-20T10:49:44.464Z,33.38,71.53

2026-09-20T10:49:49.463Z,33.39,71.54

2026-09-20T10:49:54.464Z,33.41,71.55

2026-09-20T10:49:59.464Z,33.41,71.48

2026-09-20T10:50:04.486Z,33.41,71.56

2026-09-20T10:50:09.497Z,33.43,71.52

2026-09-20T10:50:14.483Z,33.43,71.61

2026-09-20T10:50:19.485Z,33.43,71.58

2026-09-20T10:50:24.483Z,33.42,71.61

2026-09-20T10:50:29.482Z,33.45,71.55

2026-09-20T10:50:34.484Z,33.43,71.61

2026-09-20T10:50:39.498Z,33.44,71.61

2026-09-20T10:50:44.485Z,33.44,71.54

2026-09-20T10:50:49.485Z,33.45,71.56

2026-09-20T10:50:54.486Z,33.44,71.54

2026-09-20T10:50:59.486Z,33.45,71.49

2026-09-20T10:51:04.488Z,33.47,71.38

2026-09-20T10:51:09.500Z,33.45,71.43

2026-09-20T10:51:14.488Z,33.46,71.34

2026-09-20T10:51:19.492Z,33.45,71.31

2026-09-20T10:51:24.489Z,33.45,71.32

2026-09-20T10:51:29.492Z,33.46,71.35

2026-09-20T10:51:34.492Z,33.47,71.29

2026-09-20T10:51:39.506Z,33.47,71.33

2026-09-20T10:51:44.495Z,33.46,71.3

2026-09-20T10:51:49.493Z,33.46,71.26

2026-09-20T10:51:54.493Z,33.48,71.19

2026-09-20T10:51:59.493Z,33.47,71.16

2026-09-20T10:52:04.499Z,33.46,71.14

2026-09-20T10:52:09.509Z,33.47,71.1

2026-09-20T10:52:14.498Z,33.49,71.1

2026-09-20T10:52:19.498Z,33.48,71.09

2026-09-20T10:52:24.497Z,33.46,71.15

2026-09-20T10:52:29.500Z,33.47,71.16

2026-09-20T10:52:34.520Z,33.46,71.1

2026-09-20T10:52:39.533Z,33.47,71.18

2026-09-20T10:52:44.518Z,33.48,71.15

2026-09-20T10:52:49.519Z,33.48,71.11

2026-09-20T10:52:54.519Z,33.48,71.14

2026-09-20T10:52:59.521Z,33.48,71.15

2026-09-20T10:53:04.530Z,33.49,71.15

2026-09-20T10:53:09.540Z,33.48,71.15

2026-09-20T10:53:14.529Z,33.48,71.09

2026-09-20T10:53:19.528Z,33.49,71.05

2026-09-20T10:53:24.529Z,33.5,71.01

2026-09-20T10:53:29.529Z,33.48,71.09

2026-09-20T10:53:34.531Z,33.48,71.01

2026-09-20T10:53:39.540Z,33.5,71.04

2026-09-20T10:53:44.530Z,33.51,71.02

2026-09-20T10:53:49.530Z,33.49,71.05

2026-09-20T10:53:54.530Z,33.49,71.11

2026-09-20T10:53:59.530Z,33.49,71.05

2026-09-20T10:54:04.530Z,33.49,71.15

2026-09-20T10:54:09.544Z,33.49,71.35

2026-09-20T10:54:14.531Z,33.48,71.31

2026-09-20T10:54:19.531Z,33.48,71.43

2026-09-20T10:54:24.531Z,33.48,71.4

2026-09-20T10:54:29.533Z,33.48,71.34

2026-09-20T10:54:34.536Z,33.47,71.33

2026-09-20T10:54:39.549Z,33.47,71.42

2026-09-20T10:54:44.535Z,33.49,71.36

2026-09-20T10:54:49.537Z,33.48,71.36

2026-09-20T10:54:54.535Z,33.49,71.32

2026-09-20T10:54:59.536Z,33.47,71.35

2026-09-20T10:55:04.551Z,33.47,71.29

2026-09-20T10:55:09.560Z,33.49,71.4

2026-09-20T10:55:14.547Z,33.46,71.35

2026-09-20T10:55:19.552Z,33.49,71.3

2026-09-20T10:55:24.552Z,33.48,71.24

2026-09-20T10:55:29.550Z,33.47,71.37

2026-09-20T10:55:34.559Z,33.47,71.33

2026-09-20T10:55:39.572Z,33.49,71.35

2026-09-20T10:55:44.557Z,33.48,71.29

2026-09-20T10:55:49.558Z,33.5,71.28

2026-09-20T10:55:54.559Z,33.49,71.25

2026-09-20T10:55:59.558Z,33.5,71.27

2026-09-20T10:56:04.557Z,33.5,71.19

2026-09-20T10:56:09.573Z,33.51,71.18

2026-09-20T10:56:14.559Z,33.47,71.13

2026-09-20T10:56:19.562Z,33.49,71.12

2026-09-20T10:56:24.561Z,33.5,71.04

2026-09-20T10:56:29.565Z,33.51,71.09

2026-09-20T10:56:34.579Z,33.51,71.09

2026-09-20T10:56:39.590Z,33.51,71.14

2026-09-20T10:56:44.576Z,33.52,71.1

2026-09-20T10:56:49.578Z,33.5,71.06

2026-09-20T10:56:54.578Z,33.5,71.11

2026-09-20T10:56:59.578Z,33.5,71.11

2026-09-20T10:57:04.585Z,33.5,71.03

2026-09-20T10:57:09.594Z,33.52,71.06

2026-09-20T10:57:14.582Z,33.53,71.07

2026-09-20T10:57:19.584Z,33.53,71

2026-09-20T10:57:24.585Z,33.51,71

2026-09-20T10:57:29.597Z,33.52,70.99

2026-09-20T10:57:34.588Z,33.52,70.97

2026-09-20T10:57:39.588Z,33.53,70.88

2026-09-20T10:57:44.589Z,33.52,70.85

2026-09-20T10:57:49.588Z,33.54,70.99

2026-09-20T10:57:54.589Z,33.53,71.12

2026-09-20T10:57:59.602Z,33.52,71.2

2026-09-20T10:58:04.587Z,33.52,71.24

2026-09-20T10:58:09.589Z,33.54,71.18

2026-09-20T10:58:14.590Z,33.55,71.26

2026-09-20T10:58:19.589Z,33.53,71.16

2026-09-20T10:58:24.589Z,33.54,71.09

2026-09-20T10:58:29.605Z,33.54,71.11

2026-09-20T10:58:34.591Z,33.55,71.05

2026-09-20T10:58:39.590Z,33.54,71.08

2026-09-20T10:58:44.590Z,33.54,71.1

2026-09-20T10:58:49.594Z,33.55,71.03

2026-09-20T10:58:54.600Z,33.54,71.05

2026-09-20T10:58:59.609Z,33.55,71.05

2026-09-20T10:59:04.599Z,33.55,71

2026-09-20T10:59:09.603Z,33.54,71.01

2026-09-20T10:59:14.597Z,33.56,71

2026-09-20T10:59:19.599Z,33.53,71.04

2026-09-20T10:59:24.610Z,33.55,71.06

2026-09-20T10:59:29.622Z,33.52,71

2026-09-20T10:59:34.610Z,33.55,70.89

2026-09-20T10:59:39.609Z,33.56,70.78

2026-09-20T10:59:44.609Z,33.55,70.85

2026-09-20T10:59:49.610Z,33.56,70.86

2026-09-20T10:59:54.619Z,33.56,70.9

2026-09-20T10:59:59.629Z,33.55,70.92

2026-09-20T11:00:04.617Z,33.55,70.86

2026-09-20T11:00:09.618Z,33.55,70.82

2026-09-20T11:00:14.617Z,33.54,70.84

2026-09-20T11:00:19.620Z,33.56,70.82

2026-09-20T11:00:24.630Z,33.55,70.79

2026-09-20T11:00:29.644Z,33.55,70.89

2026-09-20T11:00:34.630Z,33.54,70.74

2026-09-20T11:00:39.629Z,33.56,70.71

2026-09-20T11:00:44.629Z,33.55,70.62

2026-09-20T11:00:49.629Z,33.55,70.6

2026-09-20T11:00:54.637Z,33.54,70.54

2026-09-20T11:00:59.645Z,33.55,70.59

2026-09-20T11:01:04.635Z,33.55,70.53

2026-09-20T11:01:09.633Z,33.55,70.5

2026-09-20T11:01:14.635Z,33.54,70.58

2026-09-20T11:01:19.634Z,33.53,70.58

2026-09-20T11:01:24.640Z,33.53,70.53

2026-09-20T11:01:29.646Z,33.53,70.6

2026-09-20T11:01:34.637Z,33.53,70.58

2026-09-20T11:01:39.638Z,33.52,70.57

2026-09-20T11:01:44.639Z,33.54,70.59

2026-09-20T11:01:49.639Z,33.54,70.59

2026-09-20T11:01:54.637Z,33.54,70.62

2026-09-20T11:01:59.651Z,33.56,70.66

2026-09-20T11:02:04.639Z,33.54,70.62

2026-09-20T11:02:09.639Z,33.55,70.55

2026-09-20T11:02:14.637Z,33.53,70.62

2026-09-20T11:02:19.639Z,33.56,70.59

2026-09-20T11:02:24.638Z,33.56,70.59

2026-09-20T11:02:29.659Z,33.55,70.63

2026-09-20T11:02:34.643Z,33.55,70.61

2026-09-20T11:02:39.642Z,33.53,70.57

2026-09-20T11:02:44.641Z,33.58,70.51

2026-09-20T11:02:49.643Z,33.55,70.51

2026-09-20T11:02:54.642Z,33.57,70.43

2026-09-20T11:02:59.655Z,33.55,70.45

2026-09-20T11:03:04.644Z,33.56,70.39

2026-09-20T11:03:09.642Z,33.56,70.43

2026-09-20T11:03:14.644Z,33.57,70.36

2026-09-20T11:03:19.645Z,33.58,70.41

2026-09-20T11:03:24.657Z,33.57,70.46

2026-09-20T11:03:29.670Z,33.56,70.43

2026-09-20T11:03:34.656Z,33.55,70.47

2026-09-20T11:03:39.656Z,33.56,70.42

2026-09-20T11:03:44.654Z,33.58,70.41

2026-09-20T11:03:49.655Z,33.58,70.49

2026-09-20T11:03:54.663Z,33.56,70.48

2026-09-20T11:03:59.676Z,33.59,70.55

2026-09-20T11:04:04.661Z,33.59,70.52

2026-09-20T11:04:09.662Z,33.58,70.56

2026-09-20T11:04:14.662Z,33.59,70.53

2026-09-20T11:04:19.661Z,33.59,70.56

2026-09-20T11:04:24.676Z,33.59,70.57

2026-09-20T11:04:29.689Z,33.59,70.6

2026-09-20T11:04:34.673Z,33.59,70.54

2026-09-20T11:04:39.674Z,33.59,70.54

2026-09-20T11:04:44.672Z,33.6,70.5

2026-09-20T11:04:49.675Z,33.62,70.51

2026-09-20T11:04:54.679Z,33.6,70.52

2026-09-20T11:04:59.690Z,33.58,70.52

2026-09-20T11:05:04.678Z,33.6,70.56

2026-09-20T11:05:09.679Z,33.59,70.63

2026-09-20T11:05:14.679Z,33.59,70.71

2026-09-20T11:05:19.680Z,33.61,70.71

2026-09-20T11:05:24.687Z,33.63,70.82

2026-09-20T11:05:29.699Z,33.6,70.93

2026-09-20T11:05:34.687Z,33.61,70.98

2026-09-20T11:05:39.689Z,33.61,70.98

2026-09-20T11:05:44.686Z,33.61,70.96

2026-09-20T11:05:49.687Z,33.61,70.91

2026-09-20T11:05:54.692Z,33.62,70.91

2026-09-20T11:05:59.701Z,33.61,70.82

2026-09-20T11:06:04.692Z,33.62,70.78

2026-09-20T11:06:09.690Z,33.63,70.69

2026-09-20T11:06:14.690Z,33.63,70.6

2026-09-20T11:06:19.692Z,33.64,70.81

2026-09-20T11:06:24.704Z,33.64,70.91

2026-09-20T11:06:29.716Z,33.62,71.13

2026-09-20T11:06:34.700Z,33.63,71.19

2026-09-20T11:06:39.702Z,33.63,71.14

2026-09-20T11:06:44.700Z,33.63,71.09

2026-09-20T11:06:49.704Z,33.64,71.06

2026-09-20T11:06:54.709Z,33.64,71.14

2026-09-20T11:06:59.719Z,33.62,71.15

2026-09-20T11:07:04.707Z,33.65,70.98

2026-09-20T11:07:09.705Z,33.64,70.99

2026-09-20T11:07:14.705Z,33.64,71

2026-09-20T11:07:19.707Z,33.63,70.97

2026-09-20T11:07:24.707Z,33.63,70.96

2026-09-20T11:07:29.722Z,33.63,70.99

2026-09-20T11:07:34.708Z,33.63,71.02

2026-09-20T11:07:39.709Z,33.64,71.05

2026-09-20T11:07:44.707Z,33.64,71.05

2026-09-20T11:07:49.709Z,33.64,71.08

2026-09-20T11:07:54.713Z,33.63,71.06

2026-09-20T11:07:59.724Z,33.63,71.11

2026-09-20T11:08:04.713Z,33.65,71.04

2026-09-20T11:08:09.713Z,33.64,71.08

2026-09-20T11:08:14.710Z,33.66,71.06

2026-09-20T11:08:19.711Z,33.63,71.04

2026-09-20T11:08:24.731Z,33.64,71.12

2026-09-20T11:08:29.739Z,33.64,71.11

2026-09-20T11:08:34.728Z,33.64,71.11

2026-09-20T11:08:39.729Z,33.65,71.19

2026-09-20T11:08:44.728Z,33.65,71.15

2026-09-20T11:08:49.729Z,33.66,71.22

2026-09-20T11:08:54.729Z,33.64,71.27

2026-09-20T11:08:59.741Z,33.63,71.32

2026-09-20T11:09:04.729Z,33.64,71.24

2026-09-20T11:09:09.729Z,33.64,71.32

2026-09-20T11:09:14.729Z,33.65,71.25

2026-09-20T11:09:19.730Z,33.65,71.29

2026-09-20T11:09:24.729Z,33.65,71.36

2026-09-20T11:09:29.742Z,33.63,71.45

2026-09-20T11:09:34.731Z,33.63,71.44

2026-09-20T11:09:39.730Z,33.64,71.34

2026-09-20T11:09:44.731Z,33.63,71.28

2026-09-20T11:09:49.732Z,33.64,71.29

2026-09-20T11:09:54.761Z,33.63,71.28

2026-09-20T11:09:59.768Z,33.62,71.28

2026-09-20T11:10:04.762Z,33.64,71.3

2026-09-20T11:10:09.765Z,33.65,71.3

2026-09-20T11:10:14.763Z,33.65,71.22

2026-09-20T11:10:19.765Z,33.64,71.2

2026-09-20T11:10:24.764Z,33.66,71.18

2026-09-20T11:10:29.777Z,33.64,71.15

2026-09-20T11:10:34.766Z,33.64,71.06

2026-09-20T11:10:39.764Z,33.67,71.01

2026-09-20T11:10:44.763Z,33.67,71.05

2026-09-20T11:10:49.766Z,33.65,71.01

2026-09-20T11:10:54.766Z,33.67,70.96

2026-09-20T11:10:59.780Z,33.66,70.98

2026-09-20T11:11:04.766Z,33.68,70.92

2026-09-20T11:11:09.767Z,33.69,70.9

2026-09-20T11:11:14.767Z,33.7,70.92

2026-09-20T11:11:19.767Z,33.69,70.97

2026-09-20T11:11:24.770Z,33.7,71.07

2026-09-20T11:11:29.777Z,33.68,71.16

2026-09-20T11:11:34.770Z,33.68,71.15

2026-09-20T11:11:39.771Z,33.71,71.12

2026-09-20T11:11:44.769Z,33.7,71.09

2026-09-20T11:11:49.771Z,33.69,71.02

2026-09-20T11:11:54.784Z,33.7,71.01

2026-09-20T11:11:59.793Z,33.71,70.98

2026-09-20T11:12:04.785Z,33.7,70.91

2026-09-20T11:12:09.783Z,33.7,70.82

2026-09-20T11:12:14.782Z,33.71,70.77

2026-09-20T11:12:19.781Z,33.7,70.74

2026-09-20T11:12:24.783Z,33.71,70.66

2026-09-20T11:12:29.792Z,33.7,70.66

2026-09-20T11:12:34.782Z,33.7,70.64

2026-09-20T11:12:39.783Z,33.7,70.61

2026-09-20T11:12:44.785Z,33.68,70.73

2026-09-20T11:12:49.784Z,33.69,70.66

2026-09-20T11:12:54.783Z,33.68,70.7

2026-09-20T11:12:59.796Z,33.68,70.75

2026-09-20T11:13:04.785Z,33.66,70.71

2026-09-20T11:13:09.785Z,33.66,70.74

2026-09-20T11:13:14.786Z,33.66,70.81

2026-09-20T11:13:19.786Z,33.62,70.78

2026-09-20T11:13:24.788Z,33.63,70.81

2026-09-20T11:13:29.800Z,33.65,70.87

2026-09-20T11:13:34.788Z,33.6,70.9

2026-09-20T11:13:39.788Z,33.62,70.86

2026-09-20T11:13:44.787Z,33.62,70.96

2026-09-20T11:13:49.788Z,33.61,70.95

2026-09-20T11:13:54.792Z,33.61,70.94

2026-09-20T11:13:59.801Z,33.6,70.99

2026-09-20T11:14:04.788Z,33.62,71.04

2026-09-20T11:14:09.790Z,33.61,71.06

2026-09-20T11:14:14.790Z,33.6,71.06

2026-09-20T11:14:19.791Z,33.6,71.21

2026-09-20T11:14:24.792Z,33.61,71.35

2026-09-20T11:14:29.806Z,33.6,71.35

2026-09-20T11:14:34.791Z,33.62,71.35

2026-09-20T11:14:39.791Z,33.61,71.33

2026-09-20T11:14:44.792Z,33.62,71.32

2026-09-20T11:14:49.795Z,33.61,71.33

2026-09-20T11:14:54.802Z,33.62,71.25

2026-09-20T11:14:59.809Z,33.62,71.3

2026-09-20T11:15:04.798Z,33.61,71.24

2026-09-20T11:15:09.798Z,33.62,71.25

2026-09-20T11:15:14.800Z,33.62,71.25

2026-09-20T11:15:19.800Z,33.64,71.21

2026-09-20T11:15:24.814Z,33.62,71.16

2026-09-20T11:15:29.826Z,33.63,71.1

2026-09-20T11:15:34.814Z,33.62,71.01

2026-09-20T11:15:39.813Z,33.62,71.01

2026-09-20T11:15:44.813Z,33.64,71.07

2026-09-20T11:15:49.814Z,33.61,71.04

2026-09-20T11:15:54.828Z,33.61,71.09

2026-09-20T11:15:59.839Z,33.6,71.16

2026-09-20T11:16:04.827Z,33.62,71.07

2026-09-20T11:16:09.828Z,33.61,71.11

2026-09-20T11:16:14.829Z,33.62,71.06

2026-09-20T11:16:19.828Z,33.62,71.11

2026-09-20T11:16:24.831Z,33.62,71.09

2026-09-20T11:16:29.840Z,33.63,71.15

2026-09-20T11:16:34.831Z,33.61,71.14

2026-09-20T11:16:39.831Z,33.59,71.18

2026-09-20T11:16:44.831Z,33.61,71.13

2026-09-20T11:16:49.833Z,33.6,71.11

2026-09-20T11:16:54.832Z,33.59,71.21

2026-09-20T11:16:59.845Z,33.6,71.22

2026-09-20T11:17:04.833Z,33.59,71.2

2026-09-20T11:17:09.837Z,33.6,71.21

2026-09-20T11:17:14.835Z,33.58,71.18

2026-09-20T11:17:19.835Z,33.6,71.23

2026-09-20T11:17:24.841Z,33.59,71.19

2026-09-20T11:17:29.851Z,33.59,71.34

2026-09-20T11:17:34.836Z,33.59,71.46

2026-09-20T11:17:39.837Z,33.57,71.59

2026-09-20T11:17:44.837Z,33.59,71.69

2026-09-20T11:17:49.837Z,33.61,71.7

2026-09-20T11:17:54.848Z,33.57,71.66

2026-09-20T11:17:59.861Z,33.6,71.7

2026-09-20T11:18:04.846Z,33.61,71.61

2026-09-20T11:18:09.848Z,33.58,71.62

2026-09-20T11:18:14.846Z,33.59,71.7

2026-09-20T11:18:19.849Z,33.59,71.64

2026-09-20T11:18:24.855Z,33.59,71.69

2026-09-20T11:18:29.867Z,33.61,71.6

2026-09-20T11:18:34.856Z,33.61,71.61

2026-09-20T11:18:39.857Z,33.59,71.56

2026-09-20T11:18:44.856Z,33.6,71.52

2026-09-20T11:18:49.856Z,33.61,71.55

2026-09-20T11:18:54.864Z,33.59,71.54

2026-09-20T11:18:59.873Z,33.6,71.59

2026-09-20T11:19:04.861Z,33.6,71.72

2026-09-20T11:19:09.862Z,33.6,71.75

2026-09-20T11:19:14.862Z,33.61,71.79

2026-09-20T11:19:19.865Z,33.59,71.78

2026-09-20T11:19:24.865Z,33.61,71.84

2026-09-20T11:19:29.875Z,33.61,71.83

2026-09-20T11:19:34.867Z,33.62,71.84

2026-09-20T11:19:39.865Z,33.6,71.85

2026-09-20T11:19:44.875Z,33.62,71.87

2026-09-20T11:19:49.885Z,33.59,71.87

2026-09-20T11:19:54.874Z,33.62,71.84

2026-09-20T11:19:59.875Z,33.61,71.78

2026-09-20T11:20:04.872Z,33.6,71.88

2026-09-20T11:20:09.875Z,33.61,71.98

2026-09-20T11:20:14.880Z,33.61,72.07

2026-09-20T11:20:19.889Z,33.61,72.08

2026-09-20T11:20:24.881Z,33.59,72.02

2026-09-20T11:20:29.881Z,33.58,72

2026-09-20T11:20:34.880Z,33.61,72.04

2026-09-20T11:20:39.879Z,33.58,71.94

2026-09-20T11:20:44.882Z,33.6,71.96

2026-09-20T11:20:49.892Z,33.6,72

2026-09-20T11:20:54.881Z,33.62,71.99

2026-09-20T11:20:59.880Z,33.61,72.03

2026-09-20T11:21:04.883Z,33.6,71.95

2026-09-20T11:21:09.882Z,33.6,71.88

2026-09-20T11:21:14.884Z,33.6,71.97

2026-09-20T11:21:19.903Z,33.61,72

2026-09-20T11:21:24.886Z,33.59,71.97

2026-09-20T11:21:29.886Z,33.6,72

2026-09-20T11:21:34.885Z,33.61,72.01

2026-09-20T11:21:39.887Z,33.61,71.98

2026-09-20T11:21:44.901Z,33.61,71.99

2026-09-20T11:21:49.913Z,33.61,72.08

2026-09-20T11:21:54.900Z,33.6,72

2026-09-20T11:21:59.900Z,33.62,72.01

2026-09-20T11:22:04.901Z,33.61,71.95

2026-09-20T11:22:09.900Z,33.61,72.07

2026-09-20T11:22:14.913Z,33.63,71.96

2026-09-20T11:22:19.928Z,33.63,72.02

2026-09-20T11:22:24.914Z,33.64,71.86

2026-09-20T11:22:29.914Z,33.63,71.91

2026-09-20T11:22:34.912Z,33.64,71.87

2026-09-20T11:22:39.913Z,33.64,71.87

2026-09-20T11:22:44.920Z,33.64,71.82

2026-09-20T11:22:49.931Z,33.67,71.88

2026-09-20T11:22:54.919Z,33.67,71.79

2026-09-20T11:22:59.921Z,33.65,71.75

2026-09-20T11:23:04.922Z,33.65,71.78

2026-09-20T11:23:09.920Z,33.67,71.7

2026-09-20T11:23:14.922Z,33.68,71.66

2026-09-20T11:23:19.935Z,33.67,71.68

2026-09-20T11:23:24.921Z,33.67,71.65

2026-09-20T11:23:29.920Z,33.67,71.65

2026-09-20T11:23:34.921Z,33.67,71.62

2026-09-20T11:23:39.921Z,33.68,71.6

2026-09-20T11:23:44.935Z,33.69,71.6

2026-09-20T11:23:49.945Z,33.7,71.65

2026-09-20T11:23:54.932Z,33.71,71.62

2026-09-20T11:23:59.934Z,33.7,71.58

2026-09-20T11:24:04.932Z,33.71,71.62

2026-09-20T11:24:09.934Z,33.71,71.57

2026-09-20T11:24:14.934Z,33.7,71.64

2026-09-20T11:24:19.944Z,33.71,71.65

2026-09-20T11:24:24.933Z,33.72,71.61

2026-09-20T11:24:29.935Z,33.72,71.55

2026-09-20T11:24:34.935Z,33.72,71.59

2026-09-20T11:24:39.937Z,33.73,71.6

2026-09-20T11:24:44.936Z,33.73,71.59

2026-09-20T11:24:49.946Z,33.73,71.59

2026-09-20T11:24:54.938Z,33.73,71.57

2026-09-20T11:24:59.938Z,33.75,71.58

2026-09-20T11:25:04.936Z,33.74,71.65

2026-09-20T11:25:09.938Z,33.74,71.62

2026-09-20T11:25:14.940Z,33.75,71.61

2026-09-20T11:25:19.951Z,33.76,71.63

2026-09-20T11:25:24.939Z,33.76,71.6

2026-09-20T11:25:29.940Z,33.76,71.65

2026-09-20T11:25:34.940Z,33.76,71.64

2026-09-20T11:25:39.941Z,33.76,71.6

2026-09-20T11:25:44.960Z,33.77,71.55

2026-09-20T11:25:49.974Z,33.77,71.5

2026-09-20T11:25:54.961Z,33.77,71.54

2026-09-20T11:25:59.961Z,33.76,71.57

2026-09-20T11:26:04.961Z,33.74,71.53

2026-09-20T11:26:09.960Z,33.76,71.56

2026-09-20T11:26:14.968Z,33.75,71.5

2026-09-20T11:26:19.980Z,33.76,71.62

2026-09-20T11:26:24.968Z,33.78,71.54

2026-09-20T11:26:29.969Z,33.76,71.58

2026-09-20T11:26:34.968Z,33.75,71.59

2026-09-20T11:26:39.968Z,33.74,71.6

2026-09-20T11:26:44.976Z,33.74,71.68

2026-09-20T11:26:49.990Z,33.73,71.6

2026-09-20T11:26:54.976Z,33.75,71.64

2026-09-20T11:26:59.977Z,33.74,71.58

2026-09-20T11:27:04.978Z,33.73,71.61

2026-09-20T11:27:09.977Z,33.73,71.63

2026-09-20T11:27:14.980Z,33.73,71.62

2026-09-20T11:27:19.991Z,33.74,71.72

2026-09-20T11:27:24.978Z,33.72,71.7

2026-09-20T11:27:29.978Z,33.73,71.72

2026-09-20T11:27:34.979Z,33.74,71.74

2026-09-20T11:27:39.981Z,33.75,71.72

2026-09-20T11:27:44.982Z,33.74,71.73

2026-09-20T11:27:49.991Z,33.73,71.71

2026-09-20T11:27:54.981Z,33.74,71.73

2026-09-20T11:27:59.981Z,33.73,71.7

2026-09-20T11:28:04.981Z,33.74,71.67

2026-09-20T11:28:09.981Z,33.74,71.62

2026-09-20T11:28:14.989Z,33.75,71.67

2026-09-20T11:28:20.007Z,33.75,71.66

2026-09-20T11:28:24.991Z,33.75,71.7

2026-09-20T11:28:29.993Z,33.76,71.64

2026-09-20T11:28:34.992Z,33.75,71.65

2026-09-20T11:28:39.991Z,33.78,71.72

2026-09-20T11:28:44.993Z,33.78,71.69

2026-09-20T11:28:50.007Z,33.77,71.79

2026-09-20T11:28:54.992Z,33.76,71.77

2026-09-20T11:28:59.994Z,33.78,71.73

2026-09-20T11:29:04.991Z,33.77,71.74

2026-09-20T11:29:09.994Z,33.77,71.75

2026-09-20T11:29:14.998Z,33.78,71.75

2026-09-20T11:29:20.007Z,33.77,71.71

2026-09-20T11:29:24.996Z,33.77,71.66

2026-09-20T11:29:29.998Z,33.8,71.69

2026-09-20T11:29:34.998Z,33.79,71.66

2026-09-20T11:29:39.995Z,33.78,71.64

2026-09-20T11:29:45.006Z,33.78,71.64

2026-09-20T11:29:50.016Z,33.77,71.68

2026-09-20T11:29:55.006Z,33.76,71.71

2026-09-20T11:30:00.006Z,33.78,71.69

2026-09-20T11:30:05.008Z,33.78,71.73

2026-09-20T11:30:10.006Z,33.8,71.69

2026-09-20T11:30:15.016Z,33.81,71.65

2026-09-20T11:30:20.028Z,33.8,71.68

2026-09-20T11:30:25.015Z,33.82,71.64

2026-09-20T11:30:30.017Z,33.82,71.55

2026-09-20T11:30:35.016Z,33.82,71.63

2026-09-20T11:30:40.017Z,33.81,71.62

2026-09-20T11:30:45.024Z,33.81,71.54

2026-09-20T11:30:50.034Z,33.8,71.6

2026-09-20T11:30:55.023Z,33.82,71.59

2026-09-20T11:31:00.022Z,33.8,71.61

2026-09-20T11:31:05.022Z,33.8,71.55

2026-09-20T11:31:10.022Z,33.79,71.56

2026-09-20T11:31:15.030Z,33.78,71.59

2026-09-20T11:31:20.043Z,33.8,71.64

2026-09-20T11:31:25.028Z,33.8,71.62

2026-09-20T11:31:30.030Z,33.8,71.64

2026-09-20T11:31:35.027Z,33.81,71.6

2026-09-20T11:31:40.028Z,33.81,71.6

2026-09-20T11:31:45.036Z,33.82,71.62

2026-09-20T11:31:50.047Z,33.79,71.69

2026-09-20T11:31:55.036Z,33.8,71.59

2026-09-20T11:32:00.035Z,33.81,71.61

2026-09-20T11:32:05.036Z,33.81,71.54

2026-09-20T11:32:10.036Z,33.82,71.58

2026-09-20T11:32:15.044Z,33.8,71.56

2026-09-20T11:32:20.047Z,33.8,71.59

2026-09-20T11:32:25.039Z,33.82,71.51

2026-09-20T11:32:30.041Z,33.8,71.49

2026-09-20T11:32:35.037Z,33.8,71.46

2026-09-20T11:32:40.040Z,33.8,71.41

2026-09-20T11:32:45.058Z,33.79,71.43

2026-09-20T11:32:50.069Z,33.77,71.46

2026-09-20T11:32:55.056Z,33.78,71.46

2026-09-20T11:33:00.059Z,33.77,71.44

2026-09-20T11:33:05.059Z,33.78,71.41

2026-09-20T11:33:10.059Z,33.77,71.46

2026-09-20T11:33:15.071Z,33.77,71.5

2026-09-20T11:33:20.081Z,33.76,71.5

2026-09-20T11:33:25.070Z,33.78,71.48

2026-09-20T11:33:30.073Z,33.76,71.51

2026-09-20T11:33:35.070Z,33.76,71.54

2026-09-20T11:33:40.071Z,33.77,71.52

2026-09-20T11:33:45.075Z,33.77,71.53

2026-09-20T11:33:50.085Z,33.75,71.54

2026-09-20T11:33:55.073Z,33.75,71.6

2026-09-20T11:34:00.074Z,33.76,71.55

2026-09-20T11:34:05.075Z,33.75,71.57

2026-09-20T11:34:10.075Z,33.76,71.64

2026-09-20T11:34:15.087Z,33.75,71.62

2026-09-20T11:34:20.100Z,33.75,71.62

2026-09-20T11:34:25.085Z,33.75,71.61

2026-09-20T11:34:30.087Z,33.76,71.65

2026-09-20T11:34:35.087Z,33.76,71.54

2026-09-20T11:34:40.087Z,33.75,71.6

2026-09-20T11:34:45.091Z,33.76,71.63

2026-09-20T11:34:50.103Z,33.74,71.62

2026-09-20T11:34:55.091Z,33.75,71.64

2026-09-20T11:35:00.089Z,33.74,71.67

2026-09-20T11:35:05.090Z,33.76,71.61

2026-09-20T11:35:10.090Z,33.74,71.62

2026-09-20T11:35:15.091Z,33.72,71.6

2026-09-20T11:35:20.101Z,33.74,71.7

2026-09-20T11:35:25.090Z,33.73,71.67

2026-09-20T11:35:30.089Z,33.74,71.64

2026-09-20T11:35:35.090Z,33.74,71.66

2026-09-20T11:35:40.091Z,33.73,71.74

2026-09-20T11:35:45.096Z,33.72,71.74

2026-09-20T11:35:50.101Z,33.72,71.74

2026-09-20T11:35:55.092Z,33.75,71.69

2026-09-20T11:36:00.093Z,33.74,71.69

2026-09-20T11:36:05.097Z,33.75,71.75

2026-09-20T11:36:10.094Z,33.75,71.7

2026-09-20T11:36:15.105Z,33.76,71.72

2026-09-20T11:36:20.116Z,33.77,71.77

2026-09-20T11:36:25.106Z,33.75,71.72

2026-09-20T11:36:30.107Z,33.76,71.69

2026-09-20T11:36:35.106Z,33.75,71.73

2026-09-20T11:36:40.107Z,33.75,71.62

2026-09-20T11:36:45.115Z,33.75,71.67

2026-09-20T11:36:50.131Z,33.75,71.72

2026-09-20T11:36:55.114Z,33.76,71.64

2026-09-20T11:37:00.114Z,33.75,71.68

2026-09-20T11:37:05.115Z,33.76,71.67

2026-09-20T11:37:10.115Z,33.76,71.62

2026-09-20T11:37:15.125Z,33.78,71.68

2026-09-20T11:37:20.138Z,33.77,71.67

2026-09-20T11:37:25.123Z,33.76,71.64

2026-09-20T11:37:30.122Z,33.77,71.65

2026-09-20T11:37:35.123Z,33.76,71.63

2026-09-20T11:37:40.123Z,33.78,71.66

2026-09-20T11:37:45.122Z,33.79,71.61

2026-09-20T11:37:50.136Z,33.78,71.69

2026-09-20T11:37:55.125Z,33.77,71.61

2026-09-20T11:38:00.124Z,33.77,71.54

2026-09-20T11:38:05.123Z,33.77,71.65

2026-09-20T11:38:10.124Z,33.78,71.61

2026-09-20T11:38:15.123Z,33.75,71.6

2026-09-20T11:38:20.136Z,33.75,71.57

2026-09-20T11:38:25.123Z,33.76,71.57

2026-09-20T11:38:30.124Z,33.77,71.55

2026-09-20T11:38:35.127Z,33.78,71.57

2026-09-20T11:38:40.126Z,33.77,71.57

2026-09-20T11:38:45.141Z,33.75,71.6

2026-09-20T11:38:50.151Z,33.77,71.63

2026-09-20T11:38:55.140Z,33.75,71.64

2026-09-20T11:39:00.140Z,33.75,71.6

2026-09-20T11:39:05.141Z,33.75,71.62

2026-09-20T11:39:10.139Z,33.76,71.58

2026-09-20T11:39:15.144Z,33.75,71.6

2026-09-20T11:39:20.155Z,33.77,71.61

2026-09-20T11:39:25.147Z,33.77,71.57

2026-09-20T11:39:30.149Z,33.77,71.5

2026-09-20T11:39:35.147Z,33.75,71.53

2026-09-20T11:39:40.147Z,33.74,71.57

2026-09-20T11:39:45.152Z,33.75,71.63

2026-09-20T11:39:50.167Z,33.75,71.58

2026-09-20T11:39:55.149Z,33.77,71.58

2026-09-20T11:40:00.151Z,33.79,71.58

2026-09-20T11:40:05.151Z,33.74,71.64

2026-09-20T11:40:10.152Z,33.74,71.65

2026-09-20T11:40:15.149Z,33.72,71.66

2026-09-20T11:40:20.164Z,33.71,71.71

2026-09-20T11:40:25.152Z,33.72,71.6

2026-09-20T11:40:30.153Z,33.72,71.69

2026-09-20T11:40:35.153Z,33.71,71.69

2026-09-20T11:40:40.153Z,33.71,71.75

2026-09-20T11:40:45.161Z,33.7,71.81

2026-09-20T11:40:50.170Z,33.7,71.78

2026-09-20T11:40:55.159Z,33.71,71.78

2026-09-20T11:41:00.161Z,33.71,71.77

2026-09-20T11:41:05.162Z,33.68,71.84

2026-09-20T11:41:10.165Z,33.69,71.83

2026-09-20T11:41:15.203Z,33.69,71.89

2026-09-20T11:41:20.210Z,33.67,71.93

2026-09-20T11:41:25.199Z,33.68,71.86

2026-09-20T11:41:30.199Z,33.67,71.9

2026-09-20T11:41:35.200Z,33.68,71.94

2026-09-20T11:41:40.201Z,33.68,71.9

2026-09-20T11:41:45.199Z,33.66,71.9

2026-09-20T11:41:50.215Z,33.7,71.96

2026-09-20T11:41:55.198Z,33.68,71.85

2026-09-20T11:42:00.200Z,33.68,71.91

2026-09-20T11:42:05.200Z,33.69,71.9

2026-09-20T11:42:10.202Z,33.68,71.9

2026-09-20T11:42:15.200Z,33.66,71.92

2026-09-20T11:42:20.213Z,33.67,71.94

2026-09-20T11:42:25.202Z,33.67,71.91

2026-09-20T11:42:30.200Z,33.69,71.88

2026-09-20T11:42:35.201Z,33.69,71.96

2026-09-20T11:42:40.199Z,33.67,71.89

2026-09-20T11:42:45.201Z,33.67,71.91

2026-09-20T11:42:50.212Z,33.67,71.91

2026-09-20T11:42:55.202Z,33.68,71.91

2026-09-20T11:43:00.205Z,33.69,71.92

2026-09-20T11:43:05.204Z,33.69,71.88

2026-09-20T11:43:10.203Z,33.7,71.91

2026-09-20T11:43:15.202Z,33.7,71.88

2026-09-20T11:43:20.222Z,33.69,71.94

2026-09-20T11:43:25.203Z,33.69,71.94

2026-09-20T11:43:30.205Z,33.68,71.9

2026-09-20T11:43:35.206Z,33.68,71.88

2026-09-20T11:43:40.205Z,33.69,71.9

2026-09-20T11:43:45.205Z,33.7,71.91

2026-09-20T11:43:50.220Z,33.67,71.92

2026-09-20T11:43:55.205Z,33.67,71.97

2026-09-20T11:44:00.207Z,33.69,71.92

2026-09-20T11:44:05.209Z,33.67,71.92

2026-09-20T11:44:10.208Z,33.7,71.87

2026-09-20T11:44:15.211Z,33.69,71.91

2026-09-20T11:44:20.222Z,33.68,71.94

2026-09-20T11:44:25.210Z,33.67,71.86

2026-09-20T11:44:30.211Z,33.68,71.86

2026-09-20T11:44:35.212Z,33.67,71.92

2026-09-20T11:44:40.211Z,33.67,71.92

2026-09-20T11:44:45.223Z,33.67,71.93

2026-09-20T11:44:50.235Z,33.67,71.92

2026-09-20T11:44:55.220Z,33.68,71.94

2026-09-20T11:45:00.221Z,33.7,71.9

2026-09-20T11:45:05.221Z,33.67,71.87

2026-09-20T11:45:10.223Z,33.68,71.93

2026-09-20T11:45:15.239Z,33.67,71.92

2026-09-20T11:45:20.248Z,33.67,72.02

2026-09-20T11:45:25.236Z,33.66,72.02

2026-09-20T11:45:30.237Z,33.65,71.97

2026-09-20T11:45:35.238Z,33.65,72.03

2026-09-20T11:45:40.238Z,33.65,71.99

2026-09-20T11:45:45.252Z,33.66,71.99

2026-09-20T11:45:50.267Z,33.64,72.04

2026-09-20T11:45:55.251Z,33.64,72.04

2026-09-20T11:46:00.252Z,33.64,72.04

2026-09-20T11:46:05.255Z,33.65,72.05

2026-09-20T11:46:10.251Z,33.65,72.02

2026-09-20T11:46:15.261Z,33.63,72.08

2026-09-20T11:46:20.276Z,33.63,72.07

2026-09-20T11:46:25.259Z,33.67,72.01

2026-09-20T11:46:30.261Z,33.66,72.07

2026-09-20T11:46:35.260Z,33.64,72.01

2026-09-20T11:46:40.261Z,33.66,71.98

2026-09-20T11:46:45.263Z,33.66,72.02

2026-09-20T11:46:50.276Z,33.66,72.1

2026-09-20T11:46:55.266Z,33.66,72.01

2026-09-20T11:47:00.263Z,33.65,71.97

2026-09-20T11:47:05.264Z,33.67,72

2026-09-20T11:47:10.262Z,33.66,72.04

2026-09-20T11:47:15.269Z,33.67,71.94

2026-09-20T11:47:20.279Z,33.67,72.05

2026-09-20T11:47:25.267Z,33.66,72.01

2026-09-20T11:47:30.268Z,33.68,71.99

2026-09-20T11:47:35.270Z,33.68,71.93

2026-09-20T11:47:40.272Z,33.69,71.88

2026-09-20T11:47:45.271Z,33.71,71.93

2026-09-20T11:47:50.289Z,33.68,71.95

2026-09-20T11:47:55.270Z,33.69,71.83

2026-09-20T11:48:00.272Z,33.69,71.83

2026-09-20T11:48:05.273Z,33.7,71.83

2026-09-20T11:48:10.273Z,33.7,71.8

2026-09-20T11:48:15.269Z,33.7,71.79

2026-09-20T11:48:20.285Z,33.73,71.89

2026-09-20T11:48:25.271Z,33.71,71.83

2026-09-20T11:48:30.274Z,33.7,71.82

2026-09-20T11:48:35.276Z,33.72,71.72

2026-09-20T11:48:40.273Z,33.71,71.79

2026-09-20T11:48:45.281Z,33.7,71.73

2026-09-20T11:48:50.291Z,33.72,71.8

2026-09-20T11:48:55.280Z,33.71,71.74

2026-09-20T11:49:00.281Z,33.71,71.7

2026-09-20T11:49:05.281Z,33.71,71.69

2026-09-20T11:49:10.281Z,33.71,71.81

2026-09-20T11:49:15.291Z,33.72,71.79

2026-09-20T11:49:20.304Z,33.72,71.77

2026-09-20T11:49:25.289Z,33.73,71.76

2026-09-20T11:49:30.289Z,33.7,71.74

2026-09-20T11:49:35.290Z,33.72,71.77

2026-09-20T11:49:40.288Z,33.73,71.66

2026-09-20T11:49:45.300Z,33.71,71.66

2026-09-20T11:49:50.309Z,33.72,71.62

2026-09-20T11:49:55.298Z,33.72,71.53

2026-09-20T11:50:00.299Z,33.71,71.48

2026-09-20T11:50:05.299Z,33.71,71.48

2026-09-20T11:50:10.300Z,33.71,71.48

2026-09-20T11:50:15.320Z,33.71,71.44

2026-09-20T11:50:20.332Z,33.72,71.45

2026-09-20T11:50:25.320Z,33.69,71.43

2026-09-20T11:50:30.322Z,33.71,71.47

2026-09-20T11:50:35.321Z,33.7,71.43

2026-09-20T11:50:40.321Z,33.69,71.4

2026-09-20T11:50:45.331Z,33.69,71.38

2026-09-20T11:50:50.353Z,33.69,71.43

2026-09-20T11:50:55.329Z,33.7,71.36

2026-09-20T11:51:00.331Z,33.7,71.38

2026-09-20T11:51:05.330Z,33.68,71.38

2026-09-20T11:51:10.333Z,33.69,71.47

2026-09-20T11:51:15.358Z,33.69,71.41

2026-09-20T11:51:20.371Z,33.66,71.45

2026-09-20T11:51:25.356Z,33.67,71.41

2026-09-20T11:51:30.356Z,33.66,71.39

2026-09-20T11:51:35.356Z,33.66,71.35

2026-09-20T11:51:40.357Z,33.65,71.27

2026-09-20T11:51:45.357Z,33.67,71.27

2026-09-20T11:51:50.366Z,33.66,71.3

2026-09-20T11:51:55.356Z,33.64,71.29

2026-09-20T11:52:00.358Z,33.64,71.26

2026-09-20T11:52:05.357Z,33.65,71.3

2026-09-20T11:52:10.360Z,33.64,71.31

2026-09-20T11:52:15.358Z,33.64,71.29

2026-09-20T11:52:20.373Z,33.64,71.41

2026-09-20T11:52:25.359Z,33.65,71.34

2026-09-20T11:52:30.361Z,33.64,71.33

2026-09-20T11:52:35.361Z,33.65,71.29

2026-09-20T11:52:40.360Z,33.64,71.25

2026-09-20T11:52:45.362Z,33.65,71.25

2026-09-20T11:52:50.370Z,33.63,71.31

2026-09-20T11:52:55.361Z,33.64,71.29

2026-09-20T11:53:00.361Z,33.65,71.27

2026-09-20T11:53:05.360Z,33.64,71.24

2026-09-20T11:53:10.361Z,33.64,71.21

2026-09-20T11:53:15.361Z,33.64,71.19

2026-09-20T11:53:20.377Z,33.65,71.26

2026-09-20T11:53:25.360Z,33.65,71.14

2026-09-20T11:53:30.360Z,33.66,71.2

2026-09-20T11:53:35.359Z,33.66,71.24

2026-09-20T11:53:40.359Z,33.66,71.15

2026-09-20T11:53:45.359Z,33.66,71.17

2026-09-20T11:53:50.371Z,33.64,71.22

2026-09-20T11:53:55.361Z,33.66,71.22

2026-09-20T11:54:00.362Z,33.64,71.2

2026-09-20T11:54:05.365Z,33.66,71.19

2026-09-20T11:54:10.364Z,33.66,71.19

2026-09-20T11:54:15.370Z,33.67,71.24

2026-09-20T11:54:20.383Z,33.66,71.21

2026-09-20T11:54:25.374Z,33.66,71.19

2026-09-20T11:54:30.370Z,33.66,71.23

2026-09-20T11:54:35.370Z,33.66,71.18

2026-09-20T11:54:40.374Z,33.66,71.13

2026-09-20T11:54:45.397Z,33.66,71.14

2026-09-20T11:54:50.409Z,33.67,71.15

2026-09-20T11:54:55.398Z,33.68,71.1

2026-09-20T11:55:00.398Z,33.67,71.13

2026-09-20T11:55:05.397Z,33.66,71.12

2026-09-20T11:55:10.397Z,33.66,71.1

2026-09-20T11:55:15.405Z,33.66,71.11

2026-09-20T11:55:20.414Z,33.66,71.11

2026-09-20T11:55:25.402Z,33.65,71.12

2026-09-20T11:55:30.403Z,33.67,71.12

2026-09-20T11:55:35.403Z,33.66,71.08

2026-09-20T11:55:40.403Z,33.67,71.12

2026-09-20T11:55:45.418Z,33.66,71.07

2026-09-20T11:55:50.429Z,33.67,71.18

2026-09-20T11:55:55.419Z,33.66,71.13

2026-09-20T11:56:00.419Z,33.66,71.16

2026-09-20T11:56:05.419Z,33.65,71.09

2026-09-20T11:56:10.420Z,33.67,71.13

2026-09-20T11:56:15.424Z,33.67,71.13

2026-09-20T11:56:20.432Z,33.66,71.12

2026-09-20T11:56:25.419Z,33.66,71.05

2026-09-20T11:56:30.422Z,33.67,71.06

2026-09-20T11:56:35.421Z,33.67,71.03

2026-09-20T11:56:40.422Z,33.67,71.06

2026-09-20T11:56:45.420Z,33.66,71.08

2026-09-20T11:56:50.431Z,33.67,71.03

2026-09-20T11:56:55.421Z,33.67,71

2026-09-20T11:57:00.420Z,33.67,70.97

2026-09-20T11:57:05.421Z,33.69,70.96

2026-09-20T11:57:10.420Z,33.68,70.95

2026-09-20T11:57:15.419Z,33.68,70.99

2026-09-20T11:57:20.433Z,33.68,70.97

2026-09-20T11:57:25.420Z,33.69,70.89

2026-09-20T11:57:30.423Z,33.68,70.92

2026-09-20T11:57:35.420Z,33.7,70.89

2026-09-20T11:57:40.421Z,33.68,70.9

2026-09-20T11:57:45.441Z,33.7,70.9

2026-09-20T11:57:50.446Z,33.71,70.91

2026-09-20T11:57:55.437Z,33.71,70.84

2026-09-20T11:58:00.441Z,33.71,70.85

2026-09-20T11:58:05.439Z,33.69,70.8

2026-09-20T11:58:10.440Z,33.7,70.79

2026-09-20T11:58:15.447Z,33.71,70.65

2026-09-20T11:58:20.463Z,33.67,70.76

2026-09-20T11:58:25.446Z,33.7,70.71

2026-09-20T11:58:30.448Z,33.69,70.7

2026-09-20T11:58:35.447Z,33.71,70.71

2026-09-20T11:58:40.447Z,33.69,70.71

2026-09-20T11:58:45.458Z,33.69,70.65

2026-09-20T11:58:50.469Z,33.66,70.76

2026-09-20T11:58:55.457Z,33.69,70.67

2026-09-20T11:59:00.458Z,33.7,70.71

2026-09-20T11:59:05.459Z,33.69,70.73

2026-09-20T11:59:10.460Z,33.7,70.69

2026-09-20T11:59:15.460Z,33.68,70.72

2026-09-20T11:59:20.476Z,33.7,70.74

2026-09-20T11:59:25.462Z,33.69,70.72

2026-09-20T11:59:30.460Z,33.68,70.71

2026-09-20T11:59:35.460Z,33.66,70.72

2026-09-20T11:59:40.460Z,33.69,70.75

2026-09-20T11:59:45.477Z,33.69,70.74

2026-09-20T11:59:50.488Z,33.69,70.73

2026-09-20T11:59:55.477Z,33.68,70.67

2026-09-20T12:00:00.477Z,33.69,70.76

2026-09-20T12:00:05.477Z,33.69,70.71

2026-09-20T12:00:10.477Z,33.69,70.68

2026-09-20T12:00:15.487Z,33.68,70.59

2026-09-20T12:00:20.502Z,33.7,70.65

2026-09-20T12:00:25.486Z,33.69,70.55

2026-09-20T12:00:30.486Z,33.68,70.56

2026-09-20T12:00:35.485Z,33.69,70.62

2026-09-20T12:00:40.484Z,33.68,70.63

2026-09-20T12:00:45.487Z,33.7,70.62

2026-09-20T12:00:50.495Z,33.7,70.62

2026-09-20T12:00:55.485Z,33.69,70.67

2026-09-20T12:01:00.485Z,33.7,70.58

2026-09-20T12:01:05.486Z,33.7,70.64

2026-09-20T12:01:10.488Z,33.69,70.55

2026-09-20T12:01:15.489Z,33.68,70.57

2026-09-20T12:01:20.508Z,33.69,70.62

2026-09-20T12:01:25.492Z,33.67,70.57

2026-09-20T12:01:30.490Z,33.68,70.61

2026-09-20T12:01:35.491Z,33.68,70.59

2026-09-20T12:01:40.490Z,33.67,70.62

2026-09-20T12:01:45.490Z,33.66,70.66

2026-09-20T12:01:50.503Z,33.66,70.67

2026-09-20T12:01:55.491Z,33.66,70.65

2026-09-20T12:02:00.493Z,33.66,70.65

2026-09-20T12:02:05.492Z,33.65,70.57

2026-09-20T12:02:10.494Z,33.65,70.61

2026-09-20T12:02:15.503Z,33.66,70.64

2026-09-20T12:02:20.515Z,33.65,70.65

2026-09-20T12:02:25.502Z,33.64,70.6

2026-09-20T12:02:30.500Z,33.66,70.59

2026-09-20T12:02:35.500Z,33.66,70.67

2026-09-20T12:02:40.499Z,33.66,70.64

2026-09-20T12:02:45.515Z,33.65,70.7

2026-09-20T12:02:50.527Z,33.66,70.73

2026-09-20T12:02:55.513Z,33.67,70.65

2026-09-20T12:03:00.516Z,33.68,70.64

2026-09-20T12:03:05.517Z,33.68,70.68

2026-09-20T12:03:10.516Z,33.67,70.64

2026-09-20T12:03:15.521Z,33.67,70.66

2026-09-20T12:03:20.533Z,33.67,70.71

2026-09-20T12:03:25.521Z,33.67,70.63

2026-09-20T12:03:30.523Z,33.66,70.66

2026-09-20T12:03:35.521Z,33.67,70.64

2026-09-20T12:03:40.521Z,33.67,70.62

2026-09-20T12:03:45.542Z,33.66,70.68

2026-09-20T12:03:50.552Z,33.66,70.69

2026-09-20T12:03:55.540Z,33.66,70.69

2026-09-20T12:04:00.540Z,33.66,70.63

2026-09-20T12:04:05.541Z,33.65,70.68

2026-09-20T12:04:10.540Z,33.67,70.6

2026-09-20T12:04:15.546Z,33.66,70.6

2026-09-20T12:04:20.556Z,33.67,70.67

2026-09-20T12:04:25.546Z,33.66,70.61

2026-09-20T12:04:30.545Z,33.65,70.58

2026-09-20T12:04:35.548Z,33.67,70.64

2026-09-20T12:04:40.545Z,33.66,70.6

2026-09-20T12:04:45.545Z,33.65,70.61

2026-09-20T12:04:50.564Z,33.65,70.58

2026-09-20T12:04:55.547Z,33.67,70.51

2026-09-20T12:05:00.546Z,33.66,70.53

2026-09-20T12:05:05.546Z,33.66,70.51

2026-09-20T12:05:10.548Z,33.67,70.5

2026-09-20T12:05:15.550Z,33.67,70.43

2026-09-20T12:05:20.562Z,33.65,70.5

2026-09-20T12:05:25.550Z,33.66,70.5

2026-09-20T12:05:30.550Z,33.66,70.49

2026-09-20T12:05:35.549Z,33.64,70.51

2026-09-20T12:05:40.551Z,33.64,70.53

2026-09-20T12:05:45.560Z,33.65,70.52

2026-09-20T12:05:50.573Z,33.62,70.58

2026-09-20T12:05:55.559Z,33.64,70.6

2026-09-20T12:06:00.561Z,33.63,70.5

2026-09-20T12:06:05.561Z,33.63,70.56

2026-09-20T12:06:10.561Z,33.63,70.54

2026-09-20T12:06:15.572Z,33.62,70.55

2026-09-20T12:06:20.581Z,33.62,70.59

2026-09-20T12:06:25.570Z,33.63,70.55

2026-09-20T12:06:30.571Z,33.63,70.62

2026-09-20T12:06:35.572Z,33.62,70.53

2026-09-20T12:06:40.585Z,33.61,70.59

2026-09-20T12:06:45.573Z,33.6,70.54

2026-09-20T12:06:50.573Z,33.61,70.54

2026-09-20T12:06:55.572Z,33.61,70.58

2026-09-20T12:07:00.576Z,33.58,70.67

2026-09-20T12:07:05.576Z,33.6,70.61

2026-09-20T12:07:10.589Z,33.59,70.68

2026-09-20T12:07:15.574Z,33.61,70.58

2026-09-20T12:07:20.577Z,33.6,70.62

2026-09-20T12:07:25.576Z,33.6,70.64

2026-09-20T12:07:30.577Z,33.6,70.6

2026-09-20T12:07:35.583Z,33.59,70.59

2026-09-20T12:07:40.598Z,33.58,70.62

2026-09-20T12:07:45.581Z,33.58,70.59

2026-09-20T12:07:50.582Z,33.6,70.57

2026-09-20T12:07:55.579Z,33.58,70.6

2026-09-20T12:08:00.579Z,33.58,70.67

2026-09-20T12:08:05.595Z,33.58,70.63

2026-09-20T12:08:10.609Z,33.57,70.68

2026-09-20T12:08:15.596Z,33.58,70.68

2026-09-20T12:08:20.594Z,33.59,70.66

2026-09-20T12:08:25.593Z,33.58,70.7

2026-09-20T12:08:30.593Z,33.58,70.7

2026-09-20T12:08:35.608Z,33.56,70.69

2026-09-20T12:08:40.623Z,33.57,70.75

2026-09-20T12:08:45.609Z,33.57,70.69

2026-09-20T12:08:50.610Z,33.57,70.66

2026-09-20T12:08:55.610Z,33.57,70.69

2026-09-20T12:09:00.609Z,33.57,70.72

2026-09-20T12:09:05.618Z,33.57,70.72

2026-09-20T12:09:10.628Z,33.57,70.77

2026-09-20T12:09:15.617Z,33.57,70.69

2026-09-20T12:09:20.618Z,33.57,70.69

2026-09-20T12:09:25.616Z,33.58,70.72

2026-09-20T12:09:30.619Z,33.57,70.72

2026-09-20T12:09:35.620Z,33.57,70.73

2026-09-20T12:09:40.631Z,33.56,70.77

2026-09-20T12:09:45.620Z,33.58,70.72

2026-09-20T12:09:50.620Z,33.57,70.72

2026-09-20T12:09:55.621Z,33.56,70.7

2026-09-20T12:10:00.621Z,33.56,70.7

2026-09-20T12:10:05.621Z,33.56,70.79

2026-09-20T12:10:10.637Z,33.56,70.81

2026-09-20T12:10:15.622Z,33.55,70.65

2026-09-20T12:10:20.623Z,33.57,70.71

2026-09-20T12:10:25.623Z,33.56,70.69

2026-09-20T12:10:30.624Z,33.57,70.71

2026-09-20T12:10:35.633Z,33.56,70.68

2026-09-20T12:10:40.644Z,33.54,70.74

2026-09-20T12:10:45.632Z,33.53,70.76

2026-09-20T12:10:50.634Z,33.54,70.73

2026-09-20T12:10:55.633Z,33.55,70.74

2026-09-20T12:11:00.634Z,33.54,70.72

2026-09-20T12:11:05.646Z,33.5,70.73

2026-09-20T12:11:10.655Z,33.52,70.78

2026-09-20T12:11:15.646Z,33.51,70.77

2026-09-20T12:11:20.647Z,33.49,70.8

2026-09-20T12:11:25.647Z,33.5,70.8

2026-09-20T12:11:30.647Z,33.49,70.84

2026-09-20T12:11:35.657Z,33.49,70.85

2026-09-20T12:11:40.666Z,33.49,70.87

2026-09-20T12:11:45.656Z,33.5,70.85

2026-09-20T12:11:50.653Z,33.46,70.85

2026-09-20T12:11:55.654Z,33.49,70.88

2026-09-20T12:12:00.654Z,33.49,70.85

2026-09-20T12:12:05.655Z,33.49,70.9

2026-09-20T12:12:10.665Z,33.5,70.95

2026-09-20T12:12:15.658Z,33.49,70.91

2026-09-20T12:12:20.659Z,33.5,70.93

2026-09-20T12:12:25.656Z,33.5,70.95

2026-09-20T12:12:30.657Z,33.49,70.94

2026-09-20T12:12:35.666Z,33.48,70.98

2026-09-20T12:12:40.684Z,33.49,71.01

2026-09-20T12:12:45.666Z,33.5,70.9

2026-09-20T12:12:50.667Z,33.48,70.92

2026-09-20T12:12:55.666Z,33.49,70.92

2026-09-20T12:13:00.667Z,33.49,70.9

2026-09-20T12:13:05.679Z,33.49,70.9

2026-09-20T12:13:10.689Z,33.49,70.94

2026-09-20T12:13:15.679Z,33.47,70.9

2026-09-20T12:13:20.678Z,33.5,70.91

2026-09-20T12:13:25.678Z,33.5,70.85

2026-09-20T12:13:30.679Z,33.49,70.9

2026-09-20T12:13:35.689Z,33.48,70.9

2026-09-20T12:13:40.699Z,33.47,70.9

2026-09-20T12:13:45.689Z,33.47,70.93

2026-09-20T12:13:50.688Z,33.47,70.97

2026-09-20T12:13:55.690Z,33.48,70.96

2026-09-20T12:14:00.690Z,33.47,70.94

2026-09-20T12:14:05.690Z,33.48,70.96

2026-09-20T12:14:10.700Z,33.46,70.98

2026-09-20T12:14:15.693Z,33.46,70.98

2026-09-20T12:14:20.690Z,33.46,70.91

2026-09-20T12:14:25.688Z,33.48,70.97

2026-09-20T12:14:30.689Z,33.44,70.98

2026-09-20T12:14:35.689Z,33.44,70.99

2026-09-20T12:14:40.704Z,33.45,71.05

2026-09-20T12:14:45.691Z,33.45,70.97

2026-09-20T12:14:50.692Z,33.45,70.97

2026-09-20T12:14:55.693Z,33.46,71.05

2026-09-20T12:15:00.693Z,33.44,70.96

2026-09-20T12:15:05.703Z,33.46,71.06

2026-09-20T12:15:10.713Z,33.46,71.01

2026-09-20T12:15:15.700Z,33.45,70.99

2026-09-20T12:15:20.700Z,33.47,70.96

2026-09-20T12:15:25.701Z,33.46,70.99

2026-09-20T12:15:30.704Z,33.47,70.95

2026-09-20T12:15:35.701Z,33.46,70.96

2026-09-20T12:15:40.712Z,33.44,71.05

2026-09-20T12:15:45.702Z,33.46,70.98

2026-09-20T12:15:50.703Z,33.47,70.96

2026-09-20T12:15:55.702Z,33.46,71.06

2026-09-20T12:16:00.703Z,33.47,71.05

2026-09-20T12:16:05.722Z,33.48,71.02

2026-09-20T12:16:10.732Z,33.47,71.11

2026-09-20T12:16:15.716Z,33.47,71.05

2026-09-20T12:16:20.721Z,33.49,70.99

2026-09-20T12:16:25.720Z,33.49,71.07

2026-09-20T12:16:30.720Z,33.47,71.03

2026-09-20T12:16:35.735Z,33.49,71.02

2026-09-20T12:16:40.751Z,33.48,71

2026-09-20T12:16:45.730Z,33.5,70.96

2026-09-20T12:16:50.731Z,33.49,70.94

2026-09-20T12:16:55.731Z,33.51,70.93

2026-09-20T12:17:00.733Z,33.52,70.92

2026-09-20T12:17:05.743Z,33.51,70.93

2026-09-20T12:17:10.754Z,33.51,70.95

2026-09-20T12:17:15.741Z,33.5,70.93

2026-09-20T12:17:20.740Z,33.52,70.91

2026-09-20T12:17:25.740Z,33.52,70.96

2026-09-20T12:17:30.742Z,33.5,70.9

2026-09-20T12:17:35.757Z,33.51,70.93

2026-09-20T12:17:40.770Z,33.53,70.97

2026-09-20T12:17:45.756Z,33.53,70.9

2026-09-20T12:17:50.757Z,33.53,70.86

2026-09-20T12:17:55.758Z,33.52,70.89

2026-09-20T12:18:00.760Z,33.56,70.85

2026-09-20T12:18:05.763Z,33.53,70.82

2026-09-20T12:18:10.771Z,33.52,70.89

2026-09-20T12:18:15.760Z,33.54,70.85

2026-09-20T12:18:20.762Z,33.55,70.77

2026-09-20T12:18:25.761Z,33.55,70.89

2026-09-20T12:18:30.765Z,33.54,70.82

2026-09-20T12:18:35.766Z,33.56,70.84

2026-09-20T12:18:40.776Z,33.55,70.86

2026-09-20T12:18:45.765Z,33.55,70.79

2026-09-20T12:18:50.766Z,33.56,70.8

2026-09-20T12:18:55.764Z,33.57,70.78

2026-09-20T12:19:00.766Z,33.56,70.84

2026-09-20T12:19:05.763Z,33.54,70.84

2026-09-20T12:19:10.779Z,33.56,70.82

2026-09-20T12:19:15.766Z,33.56,70.82

2026-09-20T12:19:20.765Z,33.56,70.84

2026-09-20T12:19:25.766Z,33.54,70.82

2026-09-20T12:19:30.768Z,33.56,70.8

2026-09-20T12:19:35.766Z,33.54,70.78

2026-09-20T12:19:40.780Z,33.54,70.84

2026-09-20T12:19:45.769Z,33.55,70.8

2026-09-20T12:19:50.768Z,33.54,70.83

2026-09-20T12:19:55.767Z,33.54,70.83

2026-09-20T12:20:00.771Z,33.57,70.86

2026-09-20T12:20:05.778Z,33.53,70.89

2026-09-20T12:20:10.799Z,33.53,70.9

2026-09-20T12:20:15.779Z,33.53,70.9

2026-09-20T12:20:20.781Z,33.52,70.88

2026-09-20T12:20:25.780Z,33.53,70.87

2026-09-20T12:20:30.780Z,33.53,70.92

2026-09-20T12:20:35.785Z,33.55,70.9

2026-09-20T12:20:40.794Z,33.54,70.92

2026-09-20T12:20:45.782Z,33.54,70.96

2026-09-20T12:20:50.783Z,33.52,70.91

2026-09-20T12:20:55.783Z,33.54,70.94

2026-09-20T12:21:00.783Z,33.54,71.01

2026-09-20T12:21:05.801Z,33.53,71.04

2026-09-20T12:21:10.811Z,33.54,71.03

2026-09-20T12:21:15.798Z,33.53,71.05

2026-09-20T12:21:20.799Z,33.55,71.02

2026-09-20T12:21:25.798Z,33.55,71.06

2026-09-20T12:21:30.798Z,33.57,71.09

2026-09-20T12:21:35.801Z,33.55,71.09

2026-09-20T12:21:40.817Z,33.54,71.09

2026-09-20T12:21:45.803Z,33.55,71.06

2026-09-20T12:21:50.801Z,33.57,71

2026-09-20T12:21:55.802Z,33.56,71.01

2026-09-20T12:22:00.803Z,33.54,71

2026-09-20T12:22:05.809Z,33.56,71.01

2026-09-20T12:22:10.820Z,33.58,71.13

2026-09-20T12:22:15.808Z,33.57,71

2026-09-20T12:22:20.810Z,33.56,71

2026-09-20T12:22:25.809Z,33.57,70.99

2026-09-20T12:22:30.809Z,33.55,70.97

2026-09-20T12:22:35.815Z,33.57,70.93

2026-09-20T12:22:40.822Z,33.59,70.96

2026-09-20T12:22:45.811Z,33.58,70.9

2026-09-20T12:22:50.811Z,33.57,70.91

2026-09-20T12:22:55.814Z,33.59,70.9

2026-09-20T12:23:00.813Z,33.58,70.91

2026-09-20T12:23:05.827Z,33.58,70.89

2026-09-20T12:23:10.836Z,33.6,70.96

2026-09-20T12:23:15.827Z,33.59,70.92

2026-09-20T12:23:20.830Z,33.6,70.94

2026-09-20T12:23:25.827Z,33.6,70.84

2026-09-20T12:23:30.829Z,33.6,70.98

2026-09-20T12:23:35.856Z,33.59,70.92

2026-09-20T12:23:40.864Z,33.58,70.96

2026-09-20T12:23:45.851Z,33.59,70.9

2026-09-20T12:23:50.855Z,33.59,70.9

2026-09-20T12:23:55.854Z,33.59,70.87

2026-09-20T12:24:00.853Z,33.6,70.86

2026-09-20T12:24:05.855Z,33.58,70.86

2026-09-20T12:24:10.867Z,33.58,70.92

2026-09-20T12:24:15.854Z,33.59,70.87

2026-09-20T12:24:20.856Z,33.6,70.89

2026-09-20T12:24:25.857Z,33.6,70.86

2026-09-20T12:24:30.856Z,33.6,70.84

2026-09-20T12:24:35.857Z,33.57,70.89

2026-09-20T12:24:40.869Z,33.58,70.88

2026-09-20T12:24:45.858Z,33.58,70.87

2026-09-20T12:24:50.860Z,33.59,70.81

2026-09-20T12:24:55.859Z,33.59,70.85

2026-09-20T12:25:00.858Z,33.59,70.82

2026-09-20T12:25:05.860Z,33.59,70.82

2026-09-20T12:25:10.873Z,33.61,70.85

2026-09-20T12:25:15.861Z,33.59,70.8

2026-09-20T12:25:20.860Z,33.6,70.77

2026-09-20T12:25:25.860Z,33.6,70.81

2026-09-20T12:25:30.873Z,33.6,70.86

2026-09-20T12:25:35.859Z,33.6,70.74

2026-09-20T12:25:40.862Z,33.59,70.79

2026-09-20T12:25:45.863Z,33.61,70.78

2026-09-20T12:25:50.861Z,33.6,70.78

2026-09-20T12:25:55.867Z,33.59,70.77

2026-09-20T12:26:00.877Z,33.6,70.81

2026-09-20T12:26:05.866Z,33.61,70.73

2026-09-20T12:26:10.865Z,33.61,70.74

2026-09-20T12:26:15.865Z,33.6,70.75

2026-09-20T12:26:20.867Z,33.62,70.76

2026-09-20T12:26:25.881Z,33.62,70.71

2026-09-20T12:26:30.894Z,33.59,70.79

2026-09-20T12:26:35.879Z,33.62,70.73

2026-09-20T12:26:40.879Z,33.61,70.75

2026-09-20T12:26:45.879Z,33.62,70.74

2026-09-20T12:26:50.878Z,33.61,70.73

2026-09-20T12:26:55.878Z,33.63,70.73

2026-09-20T12:27:00.886Z,33.61,70.69

2026-09-20T12:27:05.878Z,33.6,70.59

2026-09-20T12:27:10.880Z,33.6,70.62

2026-09-20T12:27:15.880Z,33.62,70.61

2026-09-20T12:27:20.883Z,33.61,70.62

2026-09-20T12:27:25.881Z,33.6,70.69

2026-09-20T12:27:30.893Z,33.62,70.67

2026-09-20T12:27:35.885Z,33.6,70.67

2026-09-20T12:27:40.881Z,33.63,70.66

2026-09-20T12:27:45.884Z,33.63,70.68

2026-09-20T12:27:50.882Z,33.61,70.63

2026-09-20T12:27:55.885Z,33.63,70.6

2026-09-20T12:28:00.899Z,33.61,70.64

2026-09-20T12:28:05.885Z,33.62,70.56

2026-09-20T12:28:10.884Z,33.62,70.6

2026-09-20T12:28:15.884Z,33.62,70.54

2026-09-20T12:28:20.884Z,33.63,70.65

2026-09-20T12:28:25.901Z,33.62,70.56

2026-09-20T12:28:30.910Z,33.62,70.62

2026-09-20T12:28:35.898Z,33.61,70.55

2026-09-20T12:28:40.899Z,33.63,70.52

2026-09-20T12:28:45.900Z,33.63,70.45

2026-09-20T12:28:50.899Z,33.61,70.55

2026-09-20T12:28:55.910Z,33.62,70.52

2026-09-20T12:29:00.920Z,33.6,70.56

2026-09-20T12:29:05.910Z,33.62,70.5

2026-09-20T12:29:10.911Z,33.63,70.52

2026-09-20T12:29:15.912Z,33.62,70.54

2026-09-20T12:29:20.911Z,33.61,70.52

2026-09-20T12:29:25.917Z,33.62,70.54

2026-09-20T12:29:30.927Z,33.62,70.52

2026-09-20T12:29:35.916Z,33.62,70.58

2026-09-20T12:29:40.918Z,33.65,70.54

2026-09-20T12:29:45.916Z,33.62,70.55

2026-09-20T12:29:50.916Z,33.64,70.53

2026-09-20T12:29:55.918Z,33.62,70.5

2026-09-20T12:30:00.930Z,33.6,70.58

2026-09-20T12:30:05.917Z,33.63,70.53

2026-09-20T12:30:10.918Z,33.62,70.48

2026-09-20T12:30:15.921Z,33.62,70.49

2026-09-20T12:30:20.919Z,33.62,70.5

2026-09-20T12:30:25.919Z,33.63,70.59

2026-09-20T12:30:30.936Z,33.61,70.51

2026-09-20T12:30:35.919Z,33.62,70.46

2026-09-20T12:30:40.922Z,33.63,70.45

2026-09-20T12:30:45.920Z,33.64,70.49

2026-09-20T12:30:50.925Z,33.62,70.48

2026-09-20T12:30:55.936Z,33.63,70.48

2026-09-20T12:31:00.943Z,33.63,70.49

2026-09-20T12:31:05.938Z,33.61,70.52

2026-09-20T12:31:10.933Z,33.59,70.52

2026-09-20T12:31:15.932Z,33.61,70.56

2026-09-20T12:31:20.934Z,33.59,70.5

2026-09-20T12:31:25.945Z,33.61,70.5

2026-09-20T12:31:30.956Z,33.61,70.54

2026-09-20T12:31:35.944Z,33.61,70.49

2026-09-20T12:31:40.946Z,33.6,70.46

2026-09-20T12:31:45.945Z,33.61,70.43

2026-09-20T12:31:50.948Z,33.63,70.5

2026-09-20T12:31:55.950Z,33.62,70.49

2026-09-20T12:32:00.960Z,33.61,70.56

2026-09-20T12:32:05.947Z,33.62,70.45

2026-09-20T12:32:10.946Z,33.6,70.5

2026-09-20T12:32:15.946Z,33.61,70.5

2026-09-20T12:32:20.960Z,33.63,70.52

2026-09-20T12:32:25.950Z,33.62,70.49

2026-09-20T12:32:30.950Z,33.59,70.5

2026-09-20T12:32:35.952Z,33.62,70.47

2026-09-20T12:32:40.951Z,33.61,70.48

2026-09-20T12:32:45.952Z,33.6,70.5

2026-09-20T12:32:50.965Z,33.61,70.54

2026-09-20T12:32:55.949Z,33.59,70.67

2026-09-20T12:33:00.951Z,33.6,70.65

2026-09-20T12:33:05.952Z,33.61,70.6

2026-09-20T12:33:10.952Z,33.62,70.64

2026-09-20T12:33:15.969Z,33.62,70.56

2026-09-20T12:33:20.984Z,33.62,70.62

2026-09-20T12:33:25.968Z,33.62,70.63

2026-09-20T12:33:30.968Z,33.62,70.62

2026-09-20T12:33:35.968Z,33.64,70.6

2026-09-20T12:33:40.967Z,33.62,70.57

2026-09-20T12:33:45.970Z,33.63,70.53

2026-09-20T12:33:50.980Z,33.62,70.62

2026-09-20T12:33:55.969Z,33.61,70.56

2026-09-20T12:34:00.968Z,33.64,70.51

2026-09-20T12:34:05.968Z,33.64,70.51

2026-09-20T12:34:10.970Z,33.62,70.53

2026-09-20T12:34:15.980Z,33.64,70.49

2026-09-20T12:34:20.991Z,33.64,70.59

2026-09-20T12:34:25.979Z,33.64,70.56

2026-09-20T12:34:30.983Z,33.64,70.52

2026-09-20T12:34:35.983Z,33.61,70.6

2026-09-20T12:34:40.982Z,33.63,70.58

2026-09-20T12:34:45.991Z,33.63,70.6

2026-09-20T12:34:51.002Z,33.62,70.63

2026-09-20T12:34:55.988Z,33.63,70.59

2026-09-20T12:35:00.990Z,33.63,70.62

2026-09-20T12:35:05.990Z,33.64,70.62

2026-09-20T12:35:10.991Z,33.61,70.6

2026-09-20T12:35:15.998Z,33.63,70.65

2026-09-20T12:35:21.008Z,33.64,70.63

2026-09-20T12:35:25.998Z,33.63,70.58

2026-09-20T12:35:31.000Z,33.63,70.59

2026-09-20T12:35:35.999Z,33.65,70.64

2026-09-20T12:35:41.001Z,33.63,70.67

2026-09-20T12:35:46.008Z,33.65,70.67

2026-09-20T12:35:51.019Z,33.62,70.75

2026-09-20T12:35:56.007Z,33.64,70.74

2026-09-20T12:36:01.009Z,33.64,70.78

2026-09-20T12:36:06.008Z,33.64,70.73

2026-09-20T12:36:11.009Z,33.65,70.71

2026-09-20T12:36:16.008Z,33.66,70.74

2026-09-20T12:36:21.018Z,33.64,70.77

2026-09-20T12:36:26.007Z,33.67,70.68

2026-09-20T12:36:31.008Z,33.66,70.72

2026-09-20T12:36:36.007Z,33.67,70.69

2026-09-20T12:36:41.008Z,33.67,70.67

2026-09-20T12:36:46.017Z,33.69,70.64

2026-09-20T12:36:51.023Z,33.68,70.7

2026-09-20T12:36:56.013Z,33.68,70.7

2026-09-20T12:37:01.015Z,33.69,70.67

2026-09-20T12:37:06.014Z,33.7,70.64

2026-09-20T12:37:11.014Z,33.68,70.67

2026-09-20T12:37:16.013Z,33.69,70.69

2026-09-20T12:37:21.026Z,33.7,70.68

2026-09-20T12:37:26.015Z,33.7,70.63

2026-09-20T12:37:31.017Z,33.71,70.64

2026-09-20T12:37:36.015Z,33.7,70.59

2026-09-20T12:37:41.017Z,33.71,70.65

2026-09-20T12:37:46.017Z,33.72,70.6

2026-09-20T12:37:51.027Z,33.72,70.76

2026-09-20T12:37:56.015Z,33.72,70.66

2026-09-20T12:38:01.021Z,33.75,70.66

2026-09-20T12:38:06.015Z,33.73,70.74

2026-09-20T12:38:11.023Z,33.74,70.8

2026-09-20T12:38:16.020Z,33.74,70.93

2026-09-20T12:38:21.033Z,33.73,71.1

2026-09-20T12:38:26.018Z,33.75,71.09

2026-09-20T12:38:31.019Z,33.75,71.07

2026-09-20T12:38:36.020Z,33.75,71.05

2026-09-20T12:38:41.020Z,33.76,71.01

2026-09-20T12:38:46.036Z,33.76,71.09

2026-09-20T12:38:51.045Z,33.77,71.11

2026-09-20T12:38:56.034Z,33.76,71.11

2026-09-20T12:39:01.037Z,33.77,71.06

2026-09-20T12:39:06.035Z,33.76,71

2026-09-20T12:39:11.034Z,33.78,71.02

2026-09-20T12:39:16.040Z,33.78,70.98

2026-09-20T12:39:21.052Z,33.79,71

2026-09-20T12:39:26.039Z,33.8,70.97

2026-09-20T12:39:31.041Z,33.79,70.95

2026-09-20T12:39:36.039Z,33.77,70.96

2026-09-20T12:39:41.041Z,33.8,70.96

2026-09-20T12:39:46.053Z,33.78,71.14

2026-09-20T12:39:51.066Z,33.79,71.3

2026-09-20T12:39:56.052Z,33.78,71.22

2026-09-20T12:40:01.052Z,33.78,71.18

2026-09-20T12:40:06.051Z,33.79,71.04

2026-09-20T12:40:11.051Z,33.79,71.04

2026-09-20T12:40:16.060Z,33.79,71.01

2026-09-20T12:40:21.070Z,33.78,71.03

2026-09-20T12:40:26.056Z,33.79,71.03

2026-09-20T12:40:31.058Z,33.8,71.2

2026-09-20T12:40:36.057Z,33.8,71.22

2026-09-20T12:40:41.057Z,33.8,71.17

2026-09-20T12:40:46.070Z,33.81,71.16

2026-09-20T12:40:51.082Z,33.8,71.13

2026-09-20T12:40:56.071Z,33.8,71

2026-09-20T12:41:01.072Z,33.8,71.05

2026-09-20T12:41:06.071Z,33.81,70.99

2026-09-20T12:41:11.071Z,33.79,70.92

2026-09-20T12:41:16.072Z,33.8,70.86

2026-09-20T12:41:21.080Z,33.78,70.94

2026-09-20T12:41:26.071Z,33.78,70.91

2026-09-20T12:41:31.071Z,33.8,70.89

2026-09-20T12:41:36.071Z,33.81,70.9

2026-09-20T12:41:41.071Z,33.79,70.9

2026-09-20T12:41:46.081Z,33.79,70.87

2026-09-20T12:41:51.088Z,33.78,70.98

2026-09-20T12:41:56.079Z,33.79,70.89

2026-09-20T12:42:01.084Z,33.8,71

2026-09-20T12:42:06.077Z,33.78,70.99

2026-09-20T12:42:11.081Z,33.78,71.04

2026-09-20T12:42:16.096Z,33.78,71.11

2026-09-20T12:42:21.112Z,33.77,71.19

2026-09-20T12:42:26.094Z,33.8,71.18

2026-09-20T12:42:31.095Z,33.78,71.14

2026-09-20T12:42:36.096Z,33.78,71.21

2026-09-20T12:42:41.095Z,33.78,71.16

2026-09-20T12:42:46.098Z,33.79,71.16

2026-09-20T12:42:51.110Z,33.78,71.2

2026-09-20T12:42:56.096Z,33.81,71.25

2026-09-20T12:43:01.100Z,33.8,71.22

2026-09-20T12:43:06.099Z,33.82,71.19

2026-09-20T12:43:11.099Z,33.81,71.22

2026-09-20T12:43:16.111Z,33.81,71.16

2026-09-20T12:43:21.122Z,33.8,71.31

2026-09-20T12:43:26.109Z,33.83,71.28

2026-09-20T12:43:31.112Z,33.83,71.33

2026-09-20T12:43:36.110Z,33.82,71.36

2026-09-20T12:43:41.110Z,33.83,71.33

2026-09-20T12:43:46.119Z,33.83,71.33

2026-09-20T12:43:51.127Z,33.84,71.27

2026-09-20T12:43:56.117Z,33.84,71.21

2026-09-20T12:44:01.114Z,33.84,71.22

2026-09-20T12:44:06.116Z,33.83,71.2

2026-09-20T12:44:11.116Z,33.85,71.23

2026-09-20T12:44:16.120Z,33.86,71.28

2026-09-20T12:44:21.130Z,33.85,71.28

2026-09-20T12:44:26.119Z,33.86,71.23

2026-09-20T12:44:31.120Z,33.86,71.15

2026-09-20T12:44:36.117Z,33.86,71.03

2026-09-20T12:44:41.131Z,33.87,71.1

2026-09-20T12:44:46.122Z,33.87,71.03

2026-09-20T12:44:51.122Z,33.89,71.07

2026-09-20T12:44:56.121Z,33.88,71.15

2026-09-20T12:45:01.121Z,33.91,71.22

2026-09-20T12:45:06.124Z,33.91,71.36

2026-09-20T12:45:11.134Z,33.9,71.29

2026-09-20T12:45:16.121Z,33.9,71.27

2026-09-20T12:45:21.122Z,33.9,71.16

2026-09-20T12:45:26.121Z,33.92,71.11

2026-09-20T12:45:31.122Z,33.92,71.03

2026-09-20T12:45:36.123Z,33.92,70.98

2026-09-20T12:45:41.139Z,33.92,71.05

2026-09-20T12:45:46.123Z,33.93,71.01

2026-09-20T12:45:51.123Z,33.93,71.05

2026-09-20T12:45:56.123Z,33.93,71.06

2026-09-20T12:46:01.123Z,33.93,71.02

2026-09-20T12:46:06.136Z,33.96,70.97

2026-09-20T12:46:11.148Z,33.95,70.99

2026-09-20T12:46:16.135Z,33.95,71.03

2026-09-20T12:46:21.135Z,33.96,70.92

2026-09-20T12:46:26.136Z,33.96,71.02

2026-09-20T12:46:31.136Z,33.96,71.02

2026-09-20T12:46:36.148Z,33.96,71.08

2026-09-20T12:46:41.159Z,33.96,71.23

2026-09-20T12:46:46.147Z,33.98,71.14

2026-09-20T12:46:51.147Z,33.97,71.13

2026-09-20T12:46:56.147Z,33.98,71.04

2026-09-20T12:47:01.146Z,33.98,70.99

2026-09-20T12:47:06.163Z,33.99,70.91

2026-09-20T12:47:11.175Z,33.97,71.05

2026-09-20T12:47:16.159Z,34,70.89

2026-09-20T12:47:21.163Z,34,70.94

2026-09-20T12:47:26.160Z,33.99,70.89

2026-09-20T12:47:31.160Z,33.99,70.84

2026-09-20T12:47:36.177Z,34.01,70.81

2026-09-20T12:47:41.187Z,34,70.8

2026-09-20T12:47:46.177Z,33.98,70.83

2026-09-20T12:47:51.175Z,34.01,70.84

2026-09-20T12:47:56.176Z,33.99,70.79

2026-09-20T12:48:01.175Z,33.99,70.71

2026-09-20T12:48:06.190Z,34,70.63

2026-09-20T12:48:11.198Z,34.01,70.63

2026-09-20T12:48:16.188Z,34.01,70.61

2026-09-20T12:48:21.185Z,34.01,70.55

2026-09-20T12:48:26.188Z,34.01,70.53

2026-09-20T12:48:31.188Z,34.02,70.55

2026-09-20T12:48:36.187Z,34.02,70.52

2026-09-20T12:48:41.203Z,34.02,70.51

2026-09-20T12:48:46.191Z,34.03,70.48

2026-09-20T12:48:51.189Z,34.02,70.48

2026-09-20T12:48:56.190Z,34.03,70.52

2026-09-20T12:49:01.194Z,34.04,70.56

2026-09-20T12:49:06.193Z,34.04,70.6

2026-09-20T12:49:11.210Z,34.03,70.71

2026-09-20T12:49:16.195Z,34.04,70.67

2026-09-20T12:49:21.192Z,34.03,70.6

2026-09-20T12:49:26.191Z,34.03,70.66

2026-09-20T12:49:31.193Z,34.03,70.66

2026-09-20T12:49:36.204Z,34.05,70.63

2026-09-20T12:49:41.216Z,34.04,70.86

2026-09-20T12:49:46.203Z,34.04,70.82

2026-09-20T12:49:51.203Z,34.04,70.73

2026-09-20T12:49:56.203Z,34.04,70.61

2026-09-20T12:50:01.206Z,34.04,70.67

2026-09-20T12:50:06.216Z,34.06,70.74

2026-09-20T12:50:11.231Z,34.02,70.68

2026-09-20T12:50:16.214Z,34.04,70.71

2026-09-20T12:50:21.215Z,34.03,70.78

2026-09-20T12:50:26.216Z,34.07,70.68

2026-09-20T12:50:31.215Z,34.04,70.7

2026-09-20T12:50:36.221Z,34.05,70.71

2026-09-20T12:50:41.233Z,34.04,70.76

2026-09-20T12:50:46.219Z,34.04,70.76

2026-09-20T12:50:51.220Z,34.05,70.73

2026-09-20T12:50:56.220Z,34.06,70.65

2026-09-20T12:51:01.220Z,34.05,70.63

2026-09-20T12:51:06.220Z,34.06,70.64

2026-09-20T12:51:11.232Z,34.06,70.66

2026-09-20T12:51:16.220Z,34.04,70.52

2026-09-20T12:51:21.222Z,34.04,70.51

2026-09-20T12:51:26.222Z,34.05,70.51

2026-09-20T12:51:31.221Z,34.05,70.41

2026-09-20T12:51:36.222Z,34.05,70.41

2026-09-20T12:51:41.236Z,34.05,70.53

2026-09-20T12:51:46.224Z,34.04,70.52

2026-09-20T12:51:51.226Z,34.05,70.43

2026-09-20T12:51:56.222Z,34.06,70.44

2026-09-20T12:52:01.224Z,34.06,70.34

2026-09-20T12:52:06.233Z,34.07,70.43

2026-09-20T12:52:11.249Z,34.06,70.45

2026-09-20T12:52:16.231Z,34.06,70.38

2026-09-20T12:52:21.233Z,34.06,70.28

2026-09-20T12:52:26.232Z,34.06,70.36

2026-09-20T12:52:31.233Z,34.06,70.43

2026-09-20T12:52:36.244Z,34.04,70.37

2026-09-20T12:52:41.253Z,34.04,70.43

2026-09-20T12:52:46.242Z,34.04,70.46

2026-09-20T12:52:51.243Z,34.05,70.53

2026-09-20T12:52:56.244Z,34.04,70.55

2026-09-20T12:53:01.243Z,34.03,70.55

2026-09-20T12:53:06.254Z,34.05,70.55

2026-09-20T12:53:11.274Z,34.05,70.57

2026-09-20T12:53:16.253Z,34.05,70.53

2026-09-20T12:53:21.256Z,34.05,70.35

2026-09-20T12:53:26.255Z,34.03,70.31

2026-09-20T12:53:31.257Z,34.04,70.3

2026-09-20T12:53:36.269Z,34.04,70.28

2026-09-20T12:53:41.281Z,34.04,70.29

2026-09-20T12:53:46.266Z,34.04,70.34

2026-09-20T12:53:51.269Z,34.03,70.28

2026-09-20T12:53:56.268Z,34.06,70.38

2026-09-20T12:54:01.269Z,34.04,70.49

2026-09-20T12:54:06.270Z,34.04,70.53

2026-09-20T12:54:11.278Z,34.04,70.64

2026-09-20T12:54:16.269Z,34.05,70.67

2026-09-20T12:54:21.269Z,34.06,70.69

2026-09-20T12:54:26.271Z,34.06,70.56

2026-09-20T12:54:31.271Z,34.06,70.57

2026-09-20T12:54:36.279Z,34.05,70.57

2026-09-20T12:54:41.290Z,34.04,70.69

2026-09-20T12:54:46.277Z,34.05,70.68

2026-09-20T12:54:51.279Z,34.06,70.6

2026-09-20T12:54:56.279Z,34.04,70.49

2026-09-20T12:55:01.278Z,34.05,70.49

2026-09-20T12:55:06.286Z,34.05,70.49

2026-09-20T12:55:11.295Z,34.04,70.51

2026-09-20T12:55:16.283Z,34.04,70.47

2026-09-20T12:55:21.285Z,34.06,70.47

2026-09-20T12:55:26.282Z,34.04,70.48

2026-09-20T12:55:31.283Z,34.04,70.48

2026-09-20T12:55:36.290Z,34.05,70.51

2026-09-20T12:55:41.300Z,34.04,70.57

2026-09-20T12:55:46.289Z,34.04,70.59

2026-09-20T12:55:51.288Z,34.03,70.69

2026-09-20T12:55:56.289Z,34.06,70.72

2026-09-20T12:56:01.288Z,34.06,70.85

2026-09-20T12:56:06.288Z,34.04,71.05

2026-09-20T12:56:11.300Z,34.06,71.15

2026-09-20T12:56:16.289Z,34.04,71

2026-09-20T12:56:21.291Z,34.03,70.99

2026-09-20T12:56:26.289Z,34.05,70.91

2026-09-20T12:56:31.293Z,34.05,70.89

2026-09-20T12:56:36.292Z,34.03,70.88

2026-09-20T12:56:41.308Z,34.04,70.82

2026-09-20T12:56:46.291Z,34.05,70.74

2026-09-20T12:56:51.294Z,34.05,70.72

2026-09-20T12:56:56.295Z,34.03,70.57

2026-09-20T12:57:01.294Z,34.04,70.61

2026-09-20T12:57:06.300Z,34.05,70.52

2026-09-20T12:57:11.312Z,34.05,70.59

2026-09-20T12:57:16.299Z,34.04,70.57

2026-09-20T12:57:21.299Z,34.03,70.54

2026-09-20T12:57:26.300Z,34.07,70.64

2026-09-20T12:57:31.303Z,34.05,70.64

2026-09-20T12:57:36.309Z,34.07,70.71

2026-09-20T12:57:41.320Z,34.05,70.83

2026-09-20T12:57:46.308Z,34.05,70.85

2026-09-20T12:57:51.310Z,34.06,71.08

2026-09-20T12:57:56.310Z,34.05,71.1

2026-09-20T12:58:01.310Z,34.04,71.26

2026-09-20T12:58:06.320Z,34.06,71.1

2026-09-20T12:58:11.329Z,34.05,71.08

2026-09-20T12:58:16.319Z,34.04,71

2026-09-20T12:58:21.316Z,34.05,70.98

2026-09-20T12:58:26.316Z,34.04,70.97

2026-09-20T12:58:31.321Z,34.05,70.88

2026-09-20T12:58:36.320Z,34.05,70.82

2026-09-20T12:58:41.333Z,34.05,70.83

2026-09-20T12:58:46.320Z,34.05,70.81

2026-09-20T12:58:51.320Z,34.05,70.75

2026-09-20T12:58:56.319Z,34.04,70.77

2026-09-20T12:59:01.321Z,34.05,70.79

2026-09-20T12:59:06.328Z,34.03,70.75

2026-09-20T12:59:11.339Z,34.04,70.72

2026-09-20T12:59:16.327Z,34.05,70.64

2026-09-20T12:59:21.327Z,34.05,70.66

2026-09-20T12:59:26.327Z,34.04,70.65

2026-09-20T12:59:31.328Z,34.04,70.62

2026-09-20T12:59:36.338Z,34.04,70.66

2026-09-20T12:59:41.345Z,34.05,70.81

2026-09-20T12:59:46.333Z,34.03,70.81

2026-09-20T12:59:51.332Z,34.05,70.79

2026-09-20T12:59:56.331Z,34.04,70.7

2026-09-20T13:00:01.332Z,34.04,70.65

2026-09-20T13:00:06.355Z,34.04,70.69

2026-09-20T13:00:11.363Z,34.03,70.66

2026-09-20T13:00:16.351Z,34.03,70.75

2026-09-20T13:00:21.355Z,34.04,70.68

2026-09-20T13:00:26.352Z,34.03,70.67

2026-09-20T13:00:31.352Z,34.03,70.6

2026-09-20T13:00:36.355Z,34.05,70.62

2026-09-20T13:00:41.365Z,34.04,70.57

2026-09-20T13:00:46.354Z,34.04,70.75

2026-09-20T13:00:51.357Z,34.03,70.85

2026-09-20T13:00:56.354Z,34.02,70.89

2026-09-20T13:01:01.358Z,34.01,70.93

2026-09-20T13:01:06.367Z,34.04,70.98

2026-09-20T13:01:11.380Z,34.02,70.99

2026-09-20T13:01:16.367Z,34.04,70.96

2026-09-20T13:01:21.365Z,34.03,70.91

2026-09-20T13:01:26.367Z,34.03,70.87

2026-09-20T13:01:31.367Z,34.03,70.9

2026-09-20T13:01:36.384Z,34.02,70.8

2026-09-20T13:01:41.394Z,34.02,70.89

2026-09-20T13:01:46.382Z,34.03,70.83

2026-09-20T13:01:51.384Z,34.02,70.86

2026-09-20T13:01:56.384Z,34.03,70.91

2026-09-20T13:02:01.384Z,34.02,70.92

2026-09-20T13:02:06.384Z,34.03,70.96

2026-09-20T13:02:11.422Z,34,71.01

2026-09-20T13:02:16.383Z,34.01,70.91

2026-09-20T13:02:21.386Z,34.03,70.91

2026-09-20T13:02:26.386Z,34.03,70.84

2026-09-20T13:02:31.386Z,34.03,70.84

2026-09-20T13:02:36.387Z,34.02,70.8

2026-09-20T13:02:41.398Z,34.04,70.84

2026-09-20T13:02:46.386Z,34.03,70.81

2026-09-20T13:02:51.387Z,34.03,70.8

2026-09-20T13:02:56.388Z,34.03,70.8

2026-09-20T13:03:01.385Z,34.03,70.83

2026-09-20T13:03:06.386Z,34.03,70.83

2026-09-20T13:03:11.401Z,34.05,70.87

2026-09-20T13:03:16.387Z,34.03,70.86

2026-09-20T13:03:21.387Z,34.04,71.01

2026-09-20T13:03:26.388Z,34.04,71.05

2026-09-20T13:03:31.388Z,34.03,71.09

2026-09-20T13:03:36.399Z,34.05,71.36

2026-09-20T13:03:41.415Z,34.04,71.32

2026-09-20T13:03:46.397Z,34.03,71.18

2026-09-20T13:03:51.399Z,34.04,71.11

2026-09-20T13:03:56.397Z,34.04,71.12

2026-09-20T13:04:01.399Z,34.06,71.05

2026-09-20T13:04:06.414Z,34.03,71.06

2026-09-20T13:04:11.415Z,34.05,70.94

2026-09-20T13:04:16.409Z,34.03,70.91

2026-09-20T13:04:21.412Z,34.03,70.88

2026-09-20T13:04:26.409Z,34.04,70.93

2026-09-20T13:04:31.409Z,34.03,70.89

2026-09-20T13:04:36.425Z,34.05,70.97

2026-09-20T13:04:41.437Z,34.03,71

2026-09-20T13:04:46.425Z,34.05,71.04

2026-09-20T13:04:51.425Z,34.05,70.98

2026-09-20T13:04:56.425Z,34.06,70.92

2026-09-20T13:05:01.426Z,34.06,70.96

2026-09-20T13:05:06.430Z,34.04,70.84

2026-09-20T13:05:11.441Z,34.06,70.91

2026-09-20T13:05:16.427Z,34.06,70.83

2026-09-20T13:05:21.429Z,34.06,70.89

2026-09-20T13:05:26.429Z,34.07,70.86

2026-09-20T13:05:31.429Z,34.07,70.87

2026-09-20T13:05:36.440Z,34.06,70.99

2026-09-20T13:05:41.449Z,34.06,71.05

2026-09-20T13:05:46.440Z,34.07,71.03

2026-09-20T13:05:51.438Z,34.07,71.03

2026-09-20T13:05:56.440Z,34.07,71.02

2026-09-20T13:06:01.439Z,34.07,70.92

2026-09-20T13:06:06.442Z,34.09,70.9

2026-09-20T13:06:11.456Z,34.08,70.96

2026-09-20T13:06:16.442Z,34.07,70.88

2026-09-20T13:06:21.442Z,34.07,70.85

2026-09-20T13:06:26.442Z,34.07,70.92

2026-09-20T13:06:31.441Z,34.07,70.86

2026-09-20T13:06:36.442Z,34.08,70.93

2026-09-20T13:06:41.454Z,34.09,71.02

2026-09-20T13:06:46.443Z,34.09,70.98

2026-09-20T13:06:51.444Z,34.08,70.99

2026-09-20T13:06:56.443Z,34.08,70.99

2026-09-20T13:07:01.445Z,34.08,70.92

2026-09-20T13:07:06.445Z,34.09,70.96

2026-09-20T13:07:11.459Z,34.09,70.96

2026-09-20T13:07:16.445Z,34.1,71.04

2026-09-20T13:07:21.446Z,34.11,71

2026-09-20T13:07:26.450Z,34.1,70.87

2026-09-20T13:07:31.450Z,34.09,70.93

2026-09-20T13:07:36.457Z,34.1,70.82

2026-09-20T13:07:41.465Z,34.11,70.96

2026-09-20T13:07:46.459Z,34.1,70.95

2026-09-20T13:07:51.457Z,34.09,70.98

2026-09-20T13:07:56.458Z,34.08,70.94

2026-09-20T13:08:01.460Z,34.1,70.91

2026-09-20T13:08:06.475Z,34.1,70.93

2026-09-20T13:08:11.484Z,34.09,71.04

2026-09-20T13:08:16.473Z,34.09,70.99

2026-09-20T13:08:21.474Z,34.08,70.97

2026-09-20T13:08:26.475Z,34.08,70.91

2026-09-20T13:08:31.474Z,34.09,70.86

2026-09-20T13:08:36.488Z,34.08,70.89

2026-09-20T13:08:41.499Z,34.09,70.94

2026-09-20T13:08:46.487Z,34.09,70.92

2026-09-20T13:08:51.485Z,34.08,70.83

2026-09-20T13:08:56.484Z,34.08,70.88

2026-09-20T13:09:01.485Z,34.07,70.9

2026-09-20T13:09:06.495Z,34.1,70.92

2026-09-20T13:09:11.505Z,34.09,70.9

2026-09-20T13:09:16.495Z,34.08,70.89

2026-09-20T13:09:21.495Z,34.08,70.82

2026-09-20T13:09:26.497Z,34.07,70.87

2026-09-20T13:09:31.497Z,34.07,70.8

2026-09-20T13:09:36.499Z,34.08,70.89

2026-09-20T13:09:41.509Z,34.08,70.99

2026-09-20T13:09:46.497Z,34.09,71.02

2026-09-20T13:09:51.498Z,34.07,71.16

2026-09-20T13:09:56.500Z,34.09,71.14

2026-09-20T13:10:01.498Z,34.08,71.07

2026-09-20T13:10:06.501Z,34.09,71.05

2026-09-20T13:10:11.512Z,34.07,71.07

2026-09-20T13:10:16.499Z,34.08,71.08

2026-09-20T13:10:21.500Z,34.07,71.08

2026-09-20T13:10:26.500Z,34.06,71.06

2026-09-20T13:10:31.501Z,34.07,71.03

2026-09-20T13:10:36.501Z,34.07,71.02

2026-09-20T13:10:41.511Z,34.07,71.07

2026-09-20T13:10:46.502Z,34.08,71.02

2026-09-20T13:10:51.502Z,34.09,71.03

2026-09-20T13:10:56.503Z,34.07,70.93

2026-09-20T13:11:01.500Z,34.08,70.99

2026-09-20T13:11:06.503Z,34.08,70.9

2026-09-20T13:11:11.516Z,34.06,71.04

2026-09-20T13:11:16.503Z,34.08,71.08

2026-09-20T13:11:21.503Z,34.06,71.18

2026-09-20T13:11:26.503Z,34.06,71.14

2026-09-20T13:11:31.508Z,34.09,71.16

2026-09-20T13:11:36.512Z,34.1,71.16

2026-09-20T13:11:41.528Z,34.08,71.09

2026-09-20T13:11:46.513Z,34.08,71.13

2026-09-20T13:11:51.513Z,34.08,71.04

2026-09-20T13:11:56.513Z,34.07,71.03

2026-09-20T13:12:01.514Z,34.08,70.91

2026-09-20T13:12:06.529Z,34.09,70.84

2026-09-20T13:12:11.538Z,34.08,70.79

2026-09-20T13:12:16.526Z,34.08,70.79

2026-09-20T13:12:21.529Z,34.09,70.82

2026-09-20T13:12:26.529Z,34.09,70.85

2026-09-20T13:12:31.530Z,34.08,70.81

2026-09-20T13:12:36.532Z,34.09,70.81

2026-09-20T13:12:41.547Z,34.09,70.87

2026-09-20T13:12:46.529Z,34.1,70.77

2026-09-20T13:12:51.529Z,34.09,70.68

2026-09-20T13:12:56.530Z,34.09,70.72

2026-09-20T13:13:01.531Z,34.09,70.74

2026-09-20T13:13:06.541Z,34.07,70.7

2026-09-20T13:13:11.550Z,34.1,70.75

2026-09-20T13:13:16.538Z,34.09,70.75

2026-09-20T13:13:21.538Z,34.09,70.7

2026-09-20T13:13:26.538Z,34.08,70.79

2026-09-20T13:13:31.538Z,34.1,70.8

2026-09-20T13:13:36.550Z,34.09,70.81

2026-09-20T13:13:41.562Z,34.09,70.79

2026-09-20T13:13:46.549Z,34.09,70.82

2026-09-20T13:13:51.549Z,34.1,70.79

2026-09-20T13:13:56.548Z,34.1,70.84

2026-09-20T13:14:01.549Z,34.08,70.72

2026-09-20T13:14:06.553Z,34.1,70.69

2026-09-20T13:14:11.563Z,34.09,70.84

2026-09-20T13:14:16.551Z,34.1,70.89

2026-09-20T13:14:21.553Z,34.11,70.82

2026-09-20T13:14:26.551Z,34.1,70.87

2026-09-20T13:14:31.552Z,34.11,70.88

2026-09-20T13:14:36.557Z,34.09,70.81

2026-09-20T13:14:41.566Z,34.09,70.76

2026-09-20T13:14:46.554Z,34.09,70.75

2026-09-20T13:14:51.556Z,34.09,70.75

2026-09-20T13:14:56.556Z,34.08,70.73

2026-09-20T13:15:01.560Z,34.09,70.69

2026-09-20T13:15:06.568Z,34.09,70.81

2026-09-20T13:15:11.580Z,34.08,70.78

2026-09-20T13:15:16.566Z,34.1,70.73

2026-09-20T13:15:21.567Z,34.1,70.73

2026-09-20T13:15:26.567Z,34.12,70.77

2026-09-20T13:15:31.569Z,34.12,70.72

2026-09-20T13:15:36.578Z,34.11,70.68

2026-09-20T13:15:41.587Z,34.1,70.76

2026-09-20T13:15:46.577Z,34.11,70.78

2026-09-20T13:15:51.580Z,34.09,70.89

2026-09-20T13:15:56.578Z,34.11,70.95

2026-09-20T13:16:01.581Z,34.1,70.97

2026-09-20T13:16:06.584Z,34.1,70.92

2026-09-20T13:16:11.592Z,34.11,71.01

2026-09-20T13:16:16.582Z,34.1,71

2026-09-20T13:16:21.585Z,34.11,70.94

2026-09-20T13:16:26.584Z,34.11,70.91

2026-09-20T13:16:31.585Z,34.11,70.92

2026-09-20T13:16:36.588Z,34.12,70.85

2026-09-20T13:16:41.599Z,34.12,70.89

2026-09-20T13:16:46.588Z,34.1,70.86

2026-09-20T13:16:51.588Z,34.11,70.87

2026-09-20T13:16:56.588Z,34.11,70.87

2026-09-20T13:17:01.589Z,34.12,70.87

2026-09-20T13:17:06.591Z,34.11,70.83

2026-09-20T13:17:11.601Z,34.12,70.82

2026-09-20T13:17:16.588Z,34.12,70.74

2026-09-20T13:17:21.588Z,34.1,70.73

2026-09-20T13:17:26.589Z,34.11,70.78

2026-09-20T13:17:31.590Z,34.12,70.77

2026-09-20T13:17:36.590Z,34.11,70.77

2026-09-20T13:17:41.605Z,34.1,70.81

2026-09-20T13:17:46.591Z,34.13,70.76

2026-09-20T13:17:51.589Z,34.11,70.81

2026-09-20T13:17:56.589Z,34.1,70.79

2026-09-20T13:18:01.589Z,34.09,70.79

2026-09-20T13:18:06.589Z,34.1,70.83

2026-09-20T13:18:11.602Z,34.09,70.82

2026-09-20T13:18:16.589Z,34.1,70.82

2026-09-20T13:18:21.591Z,34.09,70.81

2026-09-20T13:18:26.590Z,34.09,70.78

2026-09-20T13:18:31.591Z,34.08,70.76

2026-09-20T13:18:36.605Z,34.09,70.78

2026-09-20T13:18:41.615Z,34.08,70.82

2026-09-20T13:18:46.605Z,34.09,70.8

2026-09-20T13:18:51.604Z,34.1,70.8

2026-09-20T13:18:56.602Z,34.06,70.81

2026-09-20T13:19:01.606Z,34.09,70.81

2026-09-20T13:19:06.617Z,34.09,70.79

2026-09-20T13:19:11.630Z,34.08,70.79

2026-09-20T13:19:16.616Z,34.07,70.79

2026-09-20T13:19:21.619Z,34.07,70.7

2026-09-20T13:19:26.617Z,34.08,70.75

2026-09-20T13:19:31.617Z,34.07,70.8

2026-09-20T13:19:36.624Z,34.07,70.76

2026-09-20T13:19:41.632Z,34.06,70.8

2026-09-20T13:19:46.623Z,34.09,70.83

2026-09-20T13:19:51.621Z,34.09,70.82

2026-09-20T13:19:56.623Z,34.09,70.8

2026-09-20T13:20:01.623Z,34.09,70.93

2026-09-20T13:20:06.639Z,34.08,71.08

2026-09-20T13:20:11.648Z,34.06,71.08

2026-09-20T13:20:16.637Z,34.08,71.11

2026-09-20T13:20:21.639Z,34.06,71.11

2026-09-20T13:20:26.638Z,34.07,71.15

2026-09-20T13:20:31.638Z,34.08,71.16

2026-09-20T13:20:36.641Z,34.06,71.13

2026-09-20T13:20:41.650Z,34.06,71.16

2026-09-20T13:20:46.641Z,34.08,71.17

2026-09-20T13:20:51.641Z,34.06,71.23

2026-09-20T13:20:56.641Z,34.07,71.24

2026-09-20T13:21:01.644Z,34.08,71.29

2026-09-20T13:21:06.648Z,34.06,71.29

2026-09-20T13:21:11.663Z,34.07,71.29

2026-09-20T13:21:16.648Z,34.07,71.27

2026-09-20T13:21:21.649Z,34.07,71.22

2026-09-20T13:21:26.659Z,34.07,71.34

2026-09-20T13:21:31.668Z,34.05,71.43

2026-09-20T13:21:36.656Z,34.07,71.51

2026-09-20T13:21:41.656Z,34.07,71.8

2026-09-20T13:21:46.657Z,34.06,72.05

2026-09-20T13:21:51.655Z,34.07,72.19

2026-09-20T13:21:56.659Z,34.06,72.21

2026-09-20T13:22:01.669Z,34.07,72.28

2026-09-20T13:22:06.657Z,34.07,72.28

2026-09-20T13:22:11.663Z,34.08,72.1

2026-09-20T13:22:16.658Z,34.07,72.06

2026-09-20T13:22:21.659Z,34.07,71.89

2026-09-20T13:22:26.670Z,34.09,71.81

2026-09-20T13:22:31.679Z,34.08,71.8

2026-09-20T13:22:36.669Z,34.07,71.8

2026-09-20T13:22:41.668Z,34.07,71.88

2026-09-20T13:22:46.670Z,34.08,71.79

2026-09-20T13:22:51.668Z,34.07,71.79

2026-09-20T13:22:56.679Z,34.08,71.67

2026-09-20T13:23:01.689Z,34.07,71.68

2026-09-20T13:23:06.679Z,34.07,71.61

2026-09-20T13:23:11.682Z,34.06,71.56

2026-09-20T13:23:16.681Z,34.05,71.66

2026-09-20T13:23:21.683Z,34.06,71.68

2026-09-20T13:23:26.693Z,34.05,71.68

2026-09-20T13:23:31.704Z,34.03,71.79

2026-09-20T13:23:36.692Z,34.03,71.71

2026-09-20T13:23:41.692Z,34.01,71.79

2026-09-20T13:23:46.692Z,34.01,71.81

2026-09-20T13:23:51.692Z,34,71.82

2026-09-20T13:23:56.691Z,33.97,71.89

2026-09-20T13:24:01.704Z,33.96,71.99

2026-09-20T13:24:06.691Z,33.96,72.04

2026-09-20T13:24:11.694Z,33.94,72.03

2026-09-20T13:24:16.693Z,33.95,72.13

2026-09-20T13:24:21.693Z,33.92,72.21

2026-09-20T13:24:26.693Z,33.91,72.27

2026-09-20T13:24:31.705Z,33.9,72.29

2026-09-20T13:24:36.695Z,33.9,72.29

2026-09-20T13:24:41.695Z,33.88,72.34

2026-09-20T13:24:46.695Z,33.89,72.38

2026-09-20T13:24:51.696Z,33.86,72.45

2026-09-20T13:24:56.703Z,33.85,72.43

2026-09-20T13:25:01.714Z,33.84,72.43

2026-09-20T13:25:06.701Z,33.84,72.41

2026-09-20T13:25:11.701Z,33.83,72.49

2026-09-20T13:25:16.701Z,33.81,72.51

2026-09-20T13:25:21.701Z,33.81,72.46

2026-09-20T13:25:26.701Z,33.82,72.52

2026-09-20T13:25:31.713Z,33.8,72.53

2026-09-20T13:25:36.703Z,33.79,72.57

2026-09-20T13:25:41.701Z,33.79,72.57

2026-09-20T13:25:46.702Z,33.79,72.5

2026-09-20T13:25:51.703Z,33.79,72.56

2026-09-20T13:25:56.720Z,33.79,72.47

2026-09-20T13:26:01.731Z,33.77,72.48

2026-09-20T13:26:06.719Z,33.77,72.48

2026-09-20T13:26:11.718Z,33.78,72.47

2026-09-20T13:26:16.718Z,33.79,72.44

2026-09-20T13:26:21.723Z,33.78,72.49

2026-09-20T13:26:26.725Z,33.8,72.4

2026-09-20T13:26:31.737Z,33.77,72.45

2026-09-20T13:26:36.724Z,33.78,72.47

2026-09-20T13:26:41.724Z,33.77,72.47

2026-09-20T13:26:46.725Z,33.78,72.42

2026-09-20T13:26:51.725Z,33.79,72.38

2026-09-20T13:26:56.736Z,33.79,72.4

2026-09-20T13:27:01.745Z,33.79,72.44

2026-09-20T13:27:06.737Z,33.78,72.38

2026-09-20T13:27:11.735Z,33.79,72.36

2026-09-20T13:27:16.734Z,33.78,72.33

2026-09-20T13:27:21.737Z,33.8,72.35

2026-09-20T13:27:26.745Z,33.79,72.39

2026-09-20T13:27:31.762Z,33.8,72.33

2026-09-20T13:27:36.745Z,33.81,72.4

2026-09-20T13:27:41.745Z,33.8,72.33

2026-09-20T13:27:46.745Z,33.79,72.32

2026-09-20T13:27:51.746Z,33.81,72.34

2026-09-20T13:27:56.760Z,33.79,72.22

2026-09-20T13:28:01.773Z,33.81,72.36

2026-09-20T13:28:06.756Z,33.8,72.27

2026-09-20T13:28:11.756Z,33.81,72.25

2026-09-20T13:28:16.758Z,33.82,72.27

2026-09-20T13:28:21.761Z,33.81,72.16

2026-09-20T13:28:26.765Z,33.82,72.22

2026-09-20T13:28:31.776Z,33.81,72.25

2026-09-20T13:28:36.763Z,33.81,72.25

2026-09-20T13:28:41.762Z,33.82,72.24

2026-09-20T13:28:46.764Z,33.82,72.19

2026-09-20T13:28:51.763Z,33.81,72.2

2026-09-20T13:28:56.772Z,33.83,72.15

2026-09-20T13:29:01.782Z,33.81,72.18

2026-09-20T13:29:06.769Z,33.83,72.17

2026-09-20T13:29:11.771Z,33.83,72.17

2026-09-20T13:29:16.769Z,33.82,72.14

2026-09-20T13:29:21.769Z,33.83,72.14

2026-09-20T13:29:26.776Z,33.82,72.13

2026-09-20T13:29:31.786Z,33.81,72.17

2026-09-20T13:29:36.774Z,33.84,72.12

2026-09-20T13:29:41.776Z,33.85,72.18

2026-09-20T13:29:46.775Z,33.84,72.12

2026-09-20T13:29:51.774Z,33.85,72.11

2026-09-20T13:29:56.792Z,33.84,72.12

2026-09-20T13:30:01.805Z,33.83,72.17

2026-09-20T13:30:06.794Z,33.84,72.1

2026-09-20T13:30:11.789Z,33.85,72.05

2026-09-20T13:30:16.791Z,33.86,72.12

2026-09-20T13:30:21.792Z,33.85,72.04

2026-09-20T13:30:26.798Z,33.86,72.04

2026-09-20T13:30:31.807Z,33.84,72.09

2026-09-20T13:30:36.797Z,33.86,72.02

2026-09-20T13:30:41.796Z,33.87,72.12

2026-09-20T13:30:46.796Z,33.85,72.1

2026-09-20T13:30:51.799Z,33.85,72.08

2026-09-20T13:30:56.803Z,33.86,71.99

2026-09-20T13:31:01.813Z,33.86,72.09

2026-09-20T13:31:06.801Z,33.85,71.98

2026-09-20T13:31:11.801Z,33.86,71.96

2026-09-20T13:31:16.802Z,33.86,71.94

2026-09-20T13:31:21.804Z,33.86,71.96

2026-09-20T13:31:26.813Z,33.85,71.99

2026-09-20T13:31:31.824Z,33.86,72.02

2026-09-20T13:31:36.813Z,33.87,72.01

2026-09-20T13:31:41.812Z,33.85,71.93

2026-09-20T13:31:46.813Z,33.87,71.97

2026-09-20T13:31:51.813Z,33.88,71.93

2026-09-20T13:31:56.813Z,33.86,71.98

2026-09-20T13:32:01.825Z,33.87,72.02

2026-09-20T13:32:06.814Z,33.87,71.89

2026-09-20T13:32:11.813Z,33.85,71.91

2026-09-20T13:32:16.814Z,33.87,71.91

2026-09-20T13:32:21.814Z,33.88,71.93

2026-09-20T13:32:26.814Z,33.88,71.95

2026-09-20T13:32:31.827Z,33.87,72

2026-09-20T13:32:36.814Z,33.86,71.94

2026-09-20T13:32:41.813Z,33.88,71.9

2026-09-20T13:32:46.815Z,33.87,71.95

2026-09-20T13:32:51.814Z,33.86,71.91

2026-09-20T13:32:56.822Z,33.88,71.9

2026-09-20T13:33:01.831Z,33.89,71.9

2026-09-20T13:33:06.821Z,33.87,71.86

2026-09-20T13:33:11.820Z,33.9,71.85

2026-09-20T13:33:16.823Z,33.88,71.91

2026-09-20T13:33:21.821Z,33.88,71.86

2026-09-20T13:33:26.843Z,33.88,71.83

2026-09-20T13:33:31.847Z,33.87,71.87

2026-09-20T13:33:36.840Z,33.88,71.79

2026-09-20T13:33:41.839Z,33.86,71.82

2026-09-20T13:33:46.838Z,33.89,71.79

2026-09-20T13:33:51.839Z,33.88,71.81

2026-09-20T13:33:56.847Z,33.86,71.87

2026-09-20T13:34:01.859Z,33.86,71.93

2026-09-20T13:34:06.845Z,33.87,71.85

2026-09-20T13:34:11.846Z,33.89,71.91

2026-09-20T13:34:16.846Z,33.86,71.87

2026-09-20T13:34:21.847Z,33.86,71.86

2026-09-20T13:34:26.864Z,33.9,71.87

2026-09-20T13:34:31.877Z,33.86,71.89

2026-09-20T13:34:36.863Z,33.87,71.79

2026-09-20T13:34:41.862Z,33.86,71.79

2026-09-20T13:34:46.863Z,33.84,71.81

2026-09-20T13:34:51.862Z,33.86,71.83

2026-09-20T13:34:56.886Z,33.85,71.85

2026-09-20T13:35:01.894Z,33.85,71.94

2026-09-20T13:35:06.886Z,33.83,71.88

2026-09-20T13:35:11.883Z,33.85,71.89

2026-09-20T13:35:16.885Z,33.84,71.93

2026-09-20T13:35:21.884Z,33.85,71.9

2026-09-20T13:35:26.884Z,33.86,71.88

2026-09-20T13:35:31.894Z,33.85,71.96

2026-09-20T13:35:36.886Z,33.85,71.92

2026-09-20T13:35:41.887Z,33.85,71.88

2026-09-20T13:35:46.885Z,33.85,71.87

2026-09-20T13:35:51.888Z,33.86,71.96

2026-09-20T13:35:56.887Z,33.85,71.89

2026-09-20T13:36:01.898Z,33.84,71.91

2026-09-20T13:36:06.885Z,33.84,71.87

2026-09-20T13:36:11.886Z,33.86,71.9

2026-09-20T13:36:16.887Z,33.83,71.91

2026-09-20T13:36:21.886Z,33.84,71.9

2026-09-20T13:36:26.886Z,33.83,71.86

2026-09-20T13:36:31.898Z,33.82,71.95

2026-09-20T13:36:36.886Z,33.84,71.87

2026-09-20T13:36:41.885Z,33.83,71.9

2026-09-20T13:36:46.887Z,33.84,71.91

2026-09-20T13:36:51.886Z,33.85,71.89

2026-09-20T13:36:56.887Z,33.84,71.93

2026-09-20T13:37:01.899Z,33.82,71.89

2026-09-20T13:37:06.890Z,33.84,71.87

2026-09-20T13:37:11.887Z,33.82,71.89

2026-09-20T13:37:16.888Z,33.84,71.93

2026-09-20T13:37:21.890Z,33.84,71.94

2026-09-20T13:37:26.898Z,33.82,71.87

2026-09-20T13:37:31.915Z,33.83,71.9

2026-09-20T13:37:36.899Z,33.82,71.86

2026-09-20T13:37:41.901Z,33.82,71.88

2026-09-20T13:37:46.897Z,33.84,71.88

2026-09-20T13:37:51.899Z,33.81,71.94

2026-09-20T13:37:56.910Z,33.82,71.98

2026-09-20T13:38:01.923Z,33.82,71.89

2026-09-20T13:38:06.909Z,33.8,71.91

2026-09-20T13:38:11.908Z,33.83,71.85

2026-09-20T13:38:16.907Z,33.81,71.89

2026-09-20T13:38:21.909Z,33.81,71.87

2026-09-20T13:38:26.911Z,33.81,71.89

2026-09-20T13:38:31.924Z,33.8,71.94

2026-09-20T13:38:36.912Z,33.81,71.88

2026-09-20T13:38:41.912Z,33.79,71.96

2026-09-20T13:38:46.911Z,33.81,71.95

2026-09-20T13:38:51.912Z,33.82,71.9

2026-09-20T13:38:56.910Z,33.81,71.89

2026-09-20T13:39:01.925Z,33.79,71.92

2026-09-20T13:39:06.913Z,33.81,71.94

2026-09-20T13:39:11.915Z,33.79,71.97

2026-09-20T13:39:16.915Z,33.81,71.95

2026-09-20T13:39:21.918Z,33.8,71.97

2026-09-20T13:39:26.915Z,33.8,72

2026-09-20T13:39:31.932Z,33.79,72.04

2026-09-20T13:39:36.915Z,33.8,72

2026-09-20T13:39:41.916Z,33.8,71.95

2026-09-20T13:39:46.915Z,33.8,71.96

2026-09-20T13:39:51.917Z,33.79,71.96

2026-09-20T13:39:56.917Z,33.79,72.01

2026-09-20T13:40:01.929Z,33.81,71.98

2026-09-20T13:40:06.918Z,33.8,71.98

2026-09-20T13:40:11.917Z,33.79,72

2026-09-20T13:40:16.918Z,33.81,71.99

2026-09-20T13:40:21.915Z,33.82,71.99

2026-09-20T13:40:26.925Z,33.8,72.01

2026-09-20T13:40:31.937Z,33.82,71.98

2026-09-20T13:40:36.924Z,33.81,71.96

2026-09-20T13:40:41.926Z,33.81,71.94

2026-09-20T13:40:46.926Z,33.82,71.96

2026-09-20T13:40:51.925Z,33.82,71.94

2026-09-20T13:40:56.938Z,33.81,71.91

2026-09-20T13:41:01.949Z,33.82,71.9

2026-09-20T13:41:06.934Z,33.82,71.88

2026-09-20T13:41:11.935Z,33.84,71.82

2026-09-20T13:41:16.936Z,33.82,71.82

2026-09-20T13:41:21.937Z,33.83,71.79

2026-09-20T13:41:26.954Z,33.84,71.79

2026-09-20T13:41:31.963Z,33.84,71.86

2026-09-20T13:41:36.949Z,33.84,71.84

2026-09-20T13:41:41.948Z,33.83,71.83

2026-09-20T13:41:46.948Z,33.84,71.82

2026-09-20T13:41:51.950Z,33.82,71.78

2026-09-20T13:41:56.963Z,33.83,71.85

2026-09-20T13:42:01.975Z,33.84,71.83

2026-09-20T13:42:06.963Z,33.8,71.84

2026-09-20T13:42:11.962Z,33.82,71.87

2026-09-20T13:42:16.967Z,33.84,71.92

2026-09-20T13:42:21.964Z,33.84,71.85

2026-09-20T13:42:26.970Z,33.83,71.79

2026-09-20T13:42:31.981Z,33.83,71.92

2026-09-20T13:42:36.968Z,33.82,71.86

2026-09-20T13:42:41.969Z,33.84,71.81

2026-09-20T13:42:46.968Z,33.85,71.86

2026-09-20T13:42:51.969Z,33.83,71.88

2026-09-20T13:42:56.971Z,33.84,71.83

2026-09-20T13:43:01.981Z,33.84,71.92

2026-09-20T13:43:06.968Z,33.83,71.88

2026-09-20T13:43:11.969Z,33.84,71.84

2026-09-20T13:43:16.969Z,33.86,71.84

2026-09-20T13:43:21.969Z,33.86,71.89

2026-09-20T13:43:26.978Z,33.86,71.85

2026-09-20T13:43:31.988Z,33.84,71.88

2026-09-20T13:43:36.975Z,33.84,71.82

2026-09-20T13:43:41.977Z,33.85,71.81

2026-09-20T13:43:46.976Z,33.84,71.81

2026-09-20T13:43:51.976Z,33.86,71.82

2026-09-20T13:43:56.978Z,33.87,71.82

2026-09-20T13:44:01.987Z,33.84,71.83

2026-09-20T13:44:06.978Z,33.84,71.81

2026-09-20T13:44:11.979Z,33.83,71.75

2026-09-20T13:44:16.979Z,33.84,71.82

2026-09-20T13:44:21.983Z,33.84,71.79

2026-09-20T13:44:26.991Z,33.84,71.81

2026-09-20T13:44:32.005Z,33.85,71.85

2026-09-20T13:44:36.987Z,33.85,71.84

2026-09-20T13:44:41.987Z,33.85,71.86

2026-09-20T13:44:46.987Z,33.85,71.86

2026-09-20T13:44:51.989Z,33.85,71.87

2026-09-20T13:44:57.003Z,33.86,71.79

2026-09-20T13:45:02.014Z,33.86,71.85

2026-09-20T13:45:07.005Z,33.86,71.84

2026-09-20T13:45:12.004Z,33.86,71.84

2026-09-20T13:45:17.003Z,33.86,71.81

2026-09-20T13:45:22.004Z,33.86,71.86

2026-09-20T13:45:27.002Z,33.87,71.78

2026-09-20T13:45:32.017Z,33.86,71.84

2026-09-20T13:45:37.005Z,33.87,71.85

2026-09-20T13:45:42.006Z,33.85,71.8

2026-09-20T13:45:47.006Z,33.86,71.85

2026-09-20T13:45:52.007Z,33.87,71.82

2026-09-20T13:45:57.006Z,33.87,71.81

2026-09-20T13:46:02.019Z,33.85,71.79

2026-09-20T13:46:07.006Z,33.86,71.81

2026-09-20T13:46:12.008Z,33.85,71.8

2026-09-20T13:46:17.007Z,33.87,71.84

2026-09-20T13:46:22.008Z,33.85,71.76

2026-09-20T13:46:27.019Z,33.87,71.77

2026-09-20T13:46:32.031Z,33.86,71.82

2026-09-20T13:46:37.018Z,33.86,71.77

2026-09-20T13:46:42.019Z,33.88,71.73

2026-09-20T13:46:47.021Z,33.86,71.71

2026-09-20T13:46:52.019Z,33.86,71.72

2026-09-20T13:46:57.026Z,33.87,71.66

2026-09-20T13:47:02.037Z,33.86,71.82

2026-09-20T13:47:07.024Z,33.87,71.7

2026-09-20T13:47:12.025Z,33.85,71.72

2026-09-20T13:47:17.024Z,33.87,71.79

2026-09-20T13:47:22.025Z,33.85,71.8

2026-09-20T13:47:27.035Z,33.85,71.81

2026-09-20T13:47:32.044Z,33.84,71.81

2026-09-20T13:47:37.031Z,33.83,71.84

2026-09-20T13:47:42.033Z,33.84,71.87

2026-09-20T13:47:47.032Z,33.82,71.86

2026-09-20T13:47:52.034Z,33.84,71.82

2026-09-20T13:47:57.048Z,33.83,71.82

2026-09-20T13:48:02.061Z,33.84,71.94

2026-09-20T13:48:07.047Z,33.85,71.86

2026-09-20T13:48:12.047Z,33.85,71.77

2026-09-20T13:48:17.048Z,33.83,71.7

2026-09-20T13:48:22.052Z,33.84,71.84

2026-09-20T13:48:27.062Z,33.84,71.74

2026-09-20T13:48:32.073Z,33.82,71.78

2026-09-20T13:48:37.060Z,33.83,71.83

2026-09-20T13:48:42.056Z,33.83,71.85

2026-09-20T13:48:47.057Z,33.84,71.79

2026-09-20T13:48:52.058Z,33.85,71.84

2026-09-20T13:48:57.067Z,33.83,71.78

2026-09-20T13:49:02.078Z,33.84,71.84

2026-09-20T13:49:07.067Z,33.84,71.78

2026-09-20T13:49:12.067Z,33.82,71.78

2026-09-20T13:49:17.064Z,33.83,71.81

2026-09-20T13:49:22.068Z,33.81,71.78

2026-09-20T13:49:27.068Z,33.84,71.8

2026-09-20T13:49:32.081Z,33.83,71.87

2026-09-20T13:49:37.068Z,33.84,71.79

2026-09-20T13:49:42.068Z,33.81,71.8

2026-09-20T13:49:47.065Z,33.83,71.8

2026-09-20T13:49:52.070Z,33.81,71.79

2026-09-20T13:49:57.074Z,33.82,71.79

2026-09-20T13:50:02.083Z,33.84,71.87

2026-09-20T13:50:07.072Z,33.83,71.83

2026-09-20T13:50:12.072Z,33.81,71.8

2026-09-20T13:50:17.071Z,33.83,71.75

2026-09-20T13:50:22.071Z,33.82,71.77

2026-09-20T13:50:27.085Z,33.82,71.81

2026-09-20T13:50:32.097Z,33.81,71.8

2026-09-20T13:50:37.084Z,33.8,71.87

2026-09-20T13:50:42.084Z,33.82,71.86

2026-09-20T13:50:47.084Z,33.81,71.85

2026-09-20T13:50:52.084Z,33.83,71.83

2026-09-20T13:50:57.084Z,33.82,71.86

2026-09-20T13:51:02.097Z,33.83,71.91

2026-09-20T13:51:07.084Z,33.82,71.88

2026-09-20T13:51:12.085Z,33.8,71.8

2026-09-20T13:51:17.085Z,33.82,71.86

2026-09-20T13:51:22.087Z,33.83,71.86

2026-09-20T13:51:27.085Z,33.84,71.88

2026-09-20T13:51:32.100Z,33.8,71.87

2026-09-20T13:51:37.089Z,33.83,71.81

2026-09-20T13:51:42.089Z,33.82,71.86

2026-09-20T13:51:47.089Z,33.83,71.79

2026-09-20T13:51:52.093Z,33.82,71.81

2026-09-20T13:51:57.093Z,33.82,71.83

2026-09-20T13:52:02.107Z,33.8,71.92

2026-09-20T13:52:07.096Z,33.8,71.88

2026-09-20T13:52:12.093Z,33.8,71.88

2026-09-20T13:52:17.092Z,33.81,71.92

2026-09-20T13:52:22.093Z,33.8,71.88

2026-09-20T13:52:27.102Z,33.79,71.88

2026-09-20T13:52:32.113Z,33.8,71.93

2026-09-20T13:52:37.102Z,33.8,71.86

2026-09-20T13:52:42.099Z,33.8,71.88

2026-09-20T13:52:47.101Z,33.81,71.85

2026-09-20T13:52:52.101Z,33.8,71.93

2026-09-20T13:52:57.117Z,33.8,71.94

2026-09-20T13:53:02.125Z,33.79,71.92

2026-09-20T13:53:07.115Z,33.8,71.92

2026-09-20T13:53:12.116Z,33.82,71.91

2026-09-20T13:53:17.117Z,33.8,71.89

2026-09-20T13:53:22.116Z,33.8,71.89

2026-09-20T13:53:27.119Z,33.8,71.9

2026-09-20T13:53:32.128Z,33.8,71.88

2026-09-20T13:53:37.130Z,33.79,71.91

2026-09-20T13:53:42.117Z,33.8,71.94

2026-09-20T13:53:47.118Z,33.81,71.91

2026-09-20T13:53:52.118Z,33.8,71.92

2026-09-20T13:53:57.117Z,33.8,71.89

2026-09-20T13:54:02.134Z,33.8,71.96

2026-09-20T13:54:07.119Z,33.8,71.94

2026-09-20T13:54:12.121Z,33.79,71.96

2026-09-20T13:54:17.121Z,33.78,71.91

2026-09-20T13:54:22.120Z,33.79,71.92

2026-09-20T13:54:27.132Z,33.79,71.95

2026-09-20T13:54:32.141Z,33.8,71.98

2026-09-20T13:54:37.130Z,33.79,71.93

2026-09-20T13:54:42.130Z,33.79,71.97

2026-09-20T13:54:47.130Z,33.78,72.03

2026-09-20T13:54:52.130Z,33.77,72.02

2026-09-20T13:54:57.134Z,33.79,71.98

2026-09-20T13:55:02.146Z,33.77,72.03

2026-09-20T13:55:07.133Z,33.78,72.01

2026-09-20T13:55:12.134Z,33.77,72.06

2026-09-20T13:55:17.133Z,33.78,71.96

2026-09-20T13:55:22.136Z,33.75,72

2026-09-20T13:55:27.139Z,33.77,72.07

2026-09-20T13:55:32.156Z,33.75,72.08

2026-09-20T13:55:37.142Z,33.77,72.04

2026-09-20T13:55:42.137Z,33.75,72.06

2026-09-20T13:55:47.138Z,33.76,72.06

2026-09-20T13:55:52.140Z,33.76,72.08

2026-09-20T13:55:57.140Z,33.75,72.12

2026-09-20T13:56:02.152Z,33.75,72.12

2026-09-20T13:56:07.143Z,33.75,72.1

2026-09-20T13:56:12.142Z,33.77,72.05

2026-09-20T13:56:17.141Z,33.75,72.08

2026-09-20T13:56:22.143Z,33.74,72.19

2026-09-20T13:56:27.144Z,33.75,72.11

2026-09-20T13:56:32.156Z,33.76,72.21

2026-09-20T13:56:37.145Z,33.76,72.12

2026-09-20T13:56:42.143Z,33.73,72.17

2026-09-20T13:56:47.143Z,33.74,72.15

2026-09-20T13:56:52.144Z,33.74,72.14

2026-09-20T13:56:57.148Z,33.74,72.16

2026-09-20T13:57:02.158Z,33.74,72.18

2026-09-20T13:57:07.147Z,33.75,72.17

2026-09-20T13:57:12.148Z,33.75,72.17

2026-09-20T13:57:17.147Z,33.75,72.14

2026-09-20T13:57:22.146Z,33.74,72.15

2026-09-20T13:57:27.162Z,33.75,72.12

2026-09-20T13:57:32.170Z,33.71,72.2

2026-09-20T13:57:37.160Z,33.73,72.15

2026-09-20T13:57:42.159Z,33.73,72.2

2026-09-20T13:57:47.160Z,33.72,72.19

2026-09-20T13:57:52.161Z,33.72,72.23

2026-09-20T13:57:57.172Z,33.73,72.2

2026-09-20T13:58:02.182Z,33.71,72.23

2026-09-20T13:58:07.168Z,33.73,72.27

2026-09-20T13:58:12.168Z,33.74,72.22

2026-09-20T13:58:17.169Z,33.72,72.25

2026-09-20T13:58:22.170Z,33.72,72.29

2026-09-20T13:58:27.175Z,33.72,72.28

2026-09-20T13:58:32.184Z,33.72,72.28

2026-09-20T13:58:37.172Z,33.74,72.23

2026-09-20T13:58:42.174Z,33.74,72.24

2026-09-20T13:58:47.172Z,33.73,72.24

2026-09-20T13:58:52.173Z,33.73,72.28

2026-09-20T13:58:57.190Z,33.73,72.25

2026-09-20T13:59:02.204Z,33.72,72.3

2026-09-20T13:59:07.191Z,33.72,72.29

2026-09-20T13:59:12.188Z,33.72,72.31

2026-09-20T13:59:17.191Z,33.73,72.26

2026-09-20T13:59:22.190Z,33.72,72.22

2026-09-20T13:59:27.195Z,33.72,72.22

2026-09-20T13:59:32.205Z,33.73,72.28

2026-09-20T13:59:37.192Z,33.74,72.28

2026-09-20T13:59:42.193Z,33.73,72.27

2026-09-20T13:59:47.194Z,33.74,72.3

2026-09-20T13:59:52.195Z,33.72,72.27

2026-09-20T13:59:57.200Z,33.75,72.26

2026-09-20T14:00:02.209Z,33.74,72.31

2026-09-20T14:00:07.198Z,33.74,72.31

2026-09-20T14:00:12.199Z,33.74,72.27

2026-09-20T14:00:17.199Z,33.74,72.22

2026-09-20T14:00:22.201Z,33.73,72.26

2026-09-20T14:00:27.216Z,33.73,72.27

2026-09-20T14:00:32.225Z,33.75,72.22

2026-09-20T14:00:37.212Z,33.75,72.17

2026-09-20T14:00:42.212Z,33.75,72.26

2026-09-20T14:00:47.210Z,33.76,72.25

2026-09-20T14:00:52.212Z,33.74,72.26

2026-09-20T14:00:57.217Z,33.77,72.28

2026-09-20T14:01:02.232Z,33.76,72.28

2026-09-20T14:01:07.219Z,33.76,72.21

2026-09-20T14:01:12.219Z,33.75,72.23

2026-09-20T14:01:17.219Z,33.75,72.17

2026-09-20T14:01:22.219Z,33.73,72.21

2026-09-20T14:01:27.224Z,33.75,72.19

2026-09-20T14:01:32.234Z,33.75,72.24

2026-09-20T14:01:37.224Z,33.74,72.23

2026-09-20T14:01:42.223Z,33.75,72.25

2026-09-20T14:01:47.223Z,33.75,72.25

2026-09-20T14:01:52.223Z,33.74,72.25

2026-09-20T14:01:57.230Z,33.73,72.23

2026-09-20T14:02:02.238Z,33.73,72.28

2026-09-20T14:02:07.228Z,33.75,72.18

2026-09-20T14:02:12.227Z,33.73,72.21

2026-09-20T14:02:17.228Z,33.73,72.24

2026-09-20T14:02:22.228Z,33.75,72.27

2026-09-20T14:02:27.234Z,33.75,72.23

2026-09-20T14:02:32.242Z,33.74,72.27

2026-09-20T14:02:37.230Z,33.72,72.24

2026-09-20T14:02:42.233Z,33.74,72.21

2026-09-20T14:02:47.233Z,33.72,72.19

2026-09-20T14:02:52.235Z,33.7,72.27

2026-09-20T14:02:57.244Z,33.73,72.3

2026-09-20T14:03:02.253Z,33.73,72.22

2026-09-20T14:03:07.241Z,33.73,72.27

2026-09-20T14:03:12.240Z,33.75,72.29

2026-09-20T14:03:17.241Z,33.72,72.28

2026-09-20T14:03:22.242Z,33.73,72.27

2026-09-20T14:03:27.250Z,33.72,72.31

2026-09-20T14:03:32.261Z,33.72,72.32

2026-09-20T14:03:37.248Z,33.73,72.32

2026-09-20T14:03:42.249Z,33.71,72.31

2026-09-20T14:03:47.249Z,33.72,72.32

2026-09-20T14:03:52.251Z,33.74,72.27

2026-09-20T14:03:57.258Z,33.73,72.25

2026-09-20T14:04:02.268Z,33.75,72.29

2026-09-20T14:04:07.257Z,33.75,72.27

2026-09-20T14:04:12.257Z,33.74,72.25

2026-09-20T14:04:17.257Z,33.73,72.25

2026-09-20T14:04:22.258Z,33.74,72.25

2026-09-20T14:04:27.267Z,33.75,72.26

2026-09-20T14:04:32.277Z,33.75,72.32

2026-09-20T14:04:37.264Z,33.75,72.28

2026-09-20T14:04:42.269Z,33.75,72.31

2026-09-20T14:04:47.265Z,33.74,72.3

2026-09-20T14:04:52.267Z,33.74,72.27

2026-09-20T14:04:57.266Z,33.75,72.31

2026-09-20T14:05:02.282Z,33.73,72.29

2026-09-20T14:05:07.267Z,33.72,72.26

2026-09-20T14:05:12.269Z,33.74,72.31

2026-09-20T14:05:17.266Z,33.74,72.23

2026-09-20T14:05:22.269Z,33.73,72.23

2026-09-20T14:05:27.269Z,33.74,72.28

2026-09-20T14:05:32.279Z,33.75,72.31

2026-09-20T14:05:37.268Z,33.74,72.24

2026-09-20T14:05:42.269Z,33.74,72.29

2026-09-20T14:05:47.269Z,33.76,72.3

2026-09-20T14:05:52.271Z,33.74,72.27

2026-09-20T14:05:57.270Z,33.74,72.31

2026-09-20T14:06:02.282Z,33.74,72.36

2026-09-20T14:06:07.271Z,33.75,72.33

2026-09-20T14:06:12.273Z,33.73,72.27

2026-09-20T14:06:17.273Z,33.75,72.29

2026-09-20T14:06:22.275Z,33.76,72.26

2026-09-20T14:06:27.279Z,33.74,72.27

2026-09-20T14:06:32.288Z,33.75,72.3

2026-09-20T14:06:37.278Z,33.76,72.29

2026-09-20T14:06:42.278Z,33.74,72.29

2026-09-20T14:06:47.278Z,33.75,72.34

2026-09-20T14:06:52.280Z,33.74,72.28

2026-09-20T14:06:57.292Z,33.75,72.27

2026-09-20T14:07:02.304Z,33.75,72.32

2026-09-20T14:07:07.294Z,33.75,72.25

2026-09-20T14:07:12.293Z,33.74,72.29

2026-09-20T14:07:17.292Z,33.75,72.28

2026-09-20T14:07:22.292Z,33.73,72.29

2026-09-20T14:07:27.311Z,33.74,72.32

2026-09-20T14:07:32.324Z,33.74,72.33

2026-09-20T14:07:37.310Z,33.76,72.31

2026-09-20T14:07:42.309Z,33.75,72.31

2026-09-20T14:07:47.310Z,33.75,72.33

2026-09-20T14:07:52.311Z,33.76,72.35

2026-09-20T14:07:57.315Z,33.76,72.32

2026-09-20T14:08:02.325Z,33.76,72.36

2026-09-20T14:08:07.315Z,33.77,72.31

2026-09-20T14:08:12.317Z,33.75,72.28

2026-09-20T14:08:17.316Z,33.74,72.28

2026-09-20T14:08:22.315Z,33.75,72.31

2026-09-20T14:08:27.326Z,33.76,72.31

2026-09-20T14:08:32.343Z,33.75,72.39

2026-09-20T14:08:37.327Z,33.74,72.26

2026-09-20T14:08:42.327Z,33.75,72.28

2026-09-20T14:08:47.326Z,33.72,72.3

2026-09-20T14:08:52.327Z,33.74,72.29

2026-09-20T14:08:57.329Z,33.75,72.35

2026-09-20T14:09:02.342Z,33.75,72.31

2026-09-20T14:09:07.327Z,33.75,72.35

2026-09-20T14:09:12.329Z,33.72,72.36

2026-09-20T14:09:17.328Z,33.74,72.31

2026-09-20T14:09:22.330Z,33.74,72.34

2026-09-20T14:09:27.328Z,33.74,72.29

2026-09-20T14:09:32.343Z,33.73,72.35

2026-09-20T14:09:37.328Z,33.72,72.35

2026-09-20T14:09:42.330Z,33.72,72.38

2026-09-20T14:09:47.328Z,33.75,72.36

2026-09-20T14:09:52.328Z,33.73,72.34

2026-09-20T14:09:57.334Z,33.75,72.33

2026-09-20T14:10:02.344Z,33.73,72.42

2026-09-20T14:10:07.333Z,33.74,72.36

2026-09-20T14:10:12.333Z,33.73,72.31

2026-09-20T14:10:17.333Z,33.75,72.3

2026-09-20T14:10:22.333Z,33.74,72.33

2026-09-20T14:10:27.332Z,33.74,72.26

2026-09-20T14:10:32.344Z,33.74,72.41

2026-09-20T14:10:37.334Z,33.73,72.4

2026-09-20T14:10:42.336Z,33.73,72.37

2026-09-20T14:10:47.336Z,33.74,72.36

2026-09-20T14:10:52.336Z,33.75,72.36

2026-09-20T14:10:57.352Z,33.72,72.35

2026-09-20T14:11:02.363Z,33.72,72.37

2026-09-20T14:11:07.351Z,33.73,72.3

2026-09-20T14:11:12.349Z,33.73,72.33

2026-09-20T14:11:17.349Z,33.74,72.3

2026-09-20T14:11:22.352Z,33.74,72.29

2026-09-20T14:11:27.371Z,33.73,72.39

2026-09-20T14:11:32.382Z,33.71,72.42

2026-09-20T14:11:37.370Z,33.71,72.36

2026-09-20T14:11:42.370Z,33.73,72.42

2026-09-20T14:11:47.370Z,33.71,72.44

2026-09-20T14:11:52.372Z,33.73,72.4

2026-09-20T14:11:57.378Z,33.71,72.43

2026-09-20T14:12:02.389Z,33.71,72.42

2026-09-20T14:12:07.377Z,33.72,72.44

2026-09-20T14:12:12.379Z,33.7,72.42

2026-09-20T14:12:17.379Z,33.71,72.48

2026-09-20T14:12:22.378Z,33.72,72.47

2026-09-20T14:12:27.378Z,33.69,72.49

2026-09-20T14:12:32.393Z,33.74,72.48

2026-09-20T14:12:37.380Z,33.7,72.42

2026-09-20T14:12:42.380Z,33.72,72.49

2026-09-20T14:12:47.382Z,33.71,72.54

2026-09-20T14:12:52.381Z,33.73,72.5

2026-09-20T14:12:57.382Z,33.72,72.47

2026-09-20T14:13:02.394Z,33.68,72.48

2026-09-20T14:13:07.379Z,33.71,72.52

2026-09-20T14:13:12.382Z,33.72,72.5

2026-09-20T14:13:17.382Z,33.72,72.51

2026-09-20T14:13:22.386Z,33.72,72.47

2026-09-20T14:13:27.387Z,33.72,72.46

2026-09-20T14:13:32.394Z,33.73,72.54

2026-09-20T14:13:37.384Z,33.72,72.48

2026-09-20T14:13:42.388Z,33.74,72.46

2026-09-20T14:13:47.386Z,33.73,72.55

2026-09-20T14:13:52.385Z,33.74,72.49

2026-09-20T14:13:57.387Z,33.73,72.5

2026-09-20T14:14:02.400Z,33.72,72.58

2026-09-20T14:14:07.387Z,33.74,72.46

2026-09-20T14:14:12.387Z,33.73,72.46

2026-09-20T14:14:17.386Z,33.73,72.47

2026-09-20T14:14:22.388Z,33.73,72.46

2026-09-20T14:14:27.408Z,33.74,72.5

2026-09-20T14:14:32.419Z,33.73,72.52

2026-09-20T14:14:37.408Z,33.73,72.44

2026-09-20T14:14:42.406Z,33.72,72.48

2026-09-20T14:14:47.406Z,33.71,72.48

2026-09-20T14:14:52.408Z,33.73,72.41

2026-09-20T14:14:57.418Z,33.73,72.38

2026-09-20T14:15:02.428Z,33.72,72.44

2026-09-20T14:15:07.415Z,33.72,72.44

2026-09-20T14:15:12.414Z,33.71,72.47

2026-09-20T14:15:17.414Z,33.71,72.44

2026-09-20T14:15:22.416Z,33.71,72.53

2026-09-20T14:15:27.417Z,33.7,72.47

2026-09-20T14:15:32.430Z,33.71,72.56

2026-09-20T14:15:37.416Z,33.71,72.47

2026-09-20T14:15:42.418Z,33.7,72.48

2026-09-20T14:15:47.416Z,33.69,72.54

2026-09-20T14:15:52.417Z,33.69,72.56

2026-09-20T14:15:57.420Z,33.68,72.56

2026-09-20T14:16:02.429Z,33.68,72.56

2026-09-20T14:16:07.418Z,33.68,72.56

2026-09-20T14:16:12.419Z,33.68,72.56

2026-09-20T14:16:17.420Z,33.7,72.6

2026-09-20T14:16:22.418Z,33.67,72.61

2026-09-20T14:16:27.425Z,33.66,72.67

2026-09-20T14:16:32.438Z,33.67,72.67

2026-09-20T14:16:37.424Z,33.68,72.61

2026-09-20T14:16:42.424Z,33.68,72.61

2026-09-20T14:16:47.425Z,33.67,72.66

2026-09-20T14:16:52.425Z,33.68,72.62

2026-09-20T14:16:57.424Z,33.67,72.65

2026-09-20T14:17:02.437Z,33.67,72.7

2026-09-20T14:17:07.426Z,33.68,72.65

2026-09-20T14:17:12.426Z,33.67,72.71

2026-09-20T14:17:17.427Z,33.69,72.59

2026-09-20T14:17:22.427Z,33.68,72.64

2026-09-20T14:17:27.441Z,33.67,72.64

2026-09-20T14:17:32.456Z,33.67,72.64

2026-09-20T14:17:37.439Z,33.68,72.64

2026-09-20T14:17:42.439Z,33.66,72.63

2026-09-20T14:17:47.439Z,33.69,72.67

2026-09-20T14:17:52.439Z,33.68,72.63

2026-09-20T14:17:57.450Z,33.69,72.61

2026-09-20T14:18:02.462Z,33.69,72.68

2026-09-20T14:18:07.448Z,33.7,72.65

2026-09-20T14:18:12.449Z,33.69,72.65

2026-09-20T14:18:17.448Z,33.69,72.68

2026-09-20T14:18:22.450Z,33.7,72.62

2026-09-20T14:18:27.462Z,33.68,72.63

2026-09-20T14:18:32.476Z,33.69,72.69

2026-09-20T14:18:37.464Z,33.68,72.61

2026-09-20T14:18:42.463Z,33.69,72.68

2026-09-20T14:18:47.462Z,33.67,72.6

2026-09-20T14:18:52.463Z,33.69,72.63

2026-09-20T14:18:57.469Z,33.7,72.68

2026-09-20T14:19:02.479Z,33.68,72.69

2026-09-20T14:19:07.468Z,33.7,72.61

2026-09-20T14:19:12.468Z,33.68,72.65

2026-09-20T14:19:17.468Z,33.68,72.64

2026-09-20T14:19:22.470Z,33.7,72.57

2026-09-20T14:19:27.478Z,33.7,72.64

2026-09-20T14:19:32.488Z,33.68,72.66

2026-09-20T14:19:37.478Z,33.7,72.61

2026-09-20T14:19:42.478Z,33.69,72.63

2026-09-20T14:19:47.478Z,33.7,72.6

2026-09-20T14:19:52.478Z,33.71,72.63

2026-09-20T14:19:57.480Z,33.69,72.6

2026-09-20T14:20:02.491Z,33.7,72.61

2026-09-20T14:20:07.477Z,33.7,72.59

2026-09-20T14:20:12.479Z,33.68,72.57

2026-09-20T14:20:17.479Z,33.7,72.56

2026-09-20T14:20:22.481Z,33.71,72.61

2026-09-20T14:20:27.480Z,33.69,72.63

2026-09-20T14:20:32.494Z,33.69,72.66

2026-09-20T14:20:37.480Z,33.69,72.68

2026-09-20T14:20:42.481Z,33.68,72.61

2026-09-20T14:20:47.479Z,33.67,72.61

2026-09-20T14:20:52.481Z,33.68,72.65

2026-09-20T14:20:57.480Z,33.69,72.61

2026-09-20T14:21:02.495Z,33.67,72.72

2026-09-20T14:21:07.484Z,33.69,72.67

2026-09-20T14:21:12.483Z,33.69,72.69

2026-09-20T14:21:17.485Z,33.69,72.73

2026-09-20T14:21:22.484Z,33.68,72.67

2026-09-20T14:21:27.493Z,33.68,72.69

2026-09-20T14:21:32.506Z,33.68,72.7

2026-09-20T14:21:37.495Z,33.68,72.69

2026-09-20T14:21:42.493Z,33.69,72.72

2026-09-20T14:21:47.493Z,33.68,72.64

2026-09-20T14:21:52.494Z,33.68,72.64

2026-09-20T14:21:57.492Z,33.69,72.63

2026-09-20T14:22:02.505Z,33.68,72.74

2026-09-20T14:22:07.493Z,33.69,72.67

2026-09-20T14:22:12.495Z,33.71,72.67

2026-09-20T14:22:17.497Z,33.7,72.64

2026-09-20T14:22:22.497Z,33.7,72.62

2026-09-20T14:22:27.498Z,33.7,72.61

2026-09-20T14:22:32.509Z,33.68,72.59

2026-09-20T14:22:37.499Z,33.7,72.67

2026-09-20T14:22:42.498Z,33.72,72.61

2026-09-20T14:22:47.497Z,33.72,72.59

2026-09-20T14:22:52.500Z,33.72,72.61

2026-09-20T14:22:57.503Z,33.71,72.59

2026-09-20T14:23:02.516Z,33.69,72.61

2026-09-20T14:23:07.501Z,33.71,72.56

2026-09-20T14:23:12.503Z,33.71,72.54

2026-09-20T14:23:17.502Z,33.71,72.59

2026-09-20T14:23:22.502Z,33.72,72.59

2026-09-20T14:23:27.516Z,33.71,72.63

2026-09-20T14:23:32.527Z,33.71,72.69

2026-09-20T14:23:37.515Z,33.7,72.67

2026-09-20T14:23:42.516Z,33.69,72.65

2026-09-20T14:23:47.517Z,33.71,72.66

2026-09-20T14:23:52.519Z,33.7,72.67

2026-09-20T14:23:57.518Z,33.69,72.67

2026-09-20T14:24:02.529Z,33.68,72.72

2026-09-20T14:24:07.518Z,33.69,72.73

2026-09-20T14:24:12.519Z,33.7,72.71

2026-09-20T14:24:17.517Z,33.69,72.65

2026-09-20T14:24:22.519Z,33.67,72.72

2026-09-20T14:24:27.526Z,33.67,72.74

2026-09-20T14:24:32.534Z,33.67,72.81

2026-09-20T14:24:37.521Z,33.65,72.8

2026-09-20T14:24:42.519Z,33.64,72.77

2026-09-20T14:24:47.521Z,33.64,72.78

2026-09-20T14:24:52.523Z,33.65,72.84

2026-09-20T14:24:57.533Z,33.64,72.85

2026-09-20T14:25:02.541Z,33.65,72.84

2026-09-20T14:25:07.528Z,33.62,72.89

2026-09-20T14:25:12.529Z,33.62,72.92

2026-09-20T14:25:17.529Z,33.61,72.96

2026-09-20T14:25:22.532Z,33.62,72.99

2026-09-20T14:25:27.546Z,33.63,73

2026-09-20T14:25:32.557Z,33.6,73.05

2026-09-20T14:25:37.545Z,33.61,72.99

2026-09-20T14:25:42.544Z,33.6,73.01

2026-09-20T14:25:47.544Z,33.63,73.01

2026-09-20T14:25:52.546Z,33.61,73

2026-09-20T14:25:57.550Z,33.6,73

2026-09-20T14:26:02.562Z,33.6,73.04

2026-09-20T14:26:07.552Z,33.61,73.01

2026-09-20T14:26:12.548Z,33.6,73.05

2026-09-20T14:26:17.549Z,33.6,73.04

2026-09-20T14:26:22.549Z,33.62,72.99

2026-09-20T14:26:27.564Z,33.61,73.02

2026-09-20T14:26:32.576Z,33.59,73.09

2026-09-20T14:26:37.561Z,33.58,73.04

2026-09-20T14:26:42.564Z,33.58,73.04

2026-09-20T14:26:47.563Z,33.6,73.01

2026-09-20T14:26:52.563Z,33.59,73.12

2026-09-20T14:26:57.584Z,33.6,73.11

2026-09-20T14:27:02.594Z,33.58,73.14

2026-09-20T14:27:07.583Z,33.58,73.14

2026-09-20T14:27:12.583Z,33.6,73.11

2026-09-20T14:27:17.583Z,33.59,73.09

2026-09-20T14:27:22.582Z,33.6,73.07

2026-09-20T14:27:27.585Z,33.58,73.05

2026-09-20T14:27:32.594Z,33.58,73.08

2026-09-20T14:27:37.584Z,33.57,73.06

2026-09-20T14:27:42.584Z,33.57,73.11

2026-09-20T14:27:47.586Z,33.57,73.11

2026-09-20T14:27:52.587Z,33.56,73.16

2026-09-20T14:27:57.587Z,33.58,73.13

2026-09-20T14:28:02.595Z,33.56,73.19

2026-09-20T14:28:07.587Z,33.56,73.15

2026-09-20T14:28:12.587Z,33.57,73.17

2026-09-20T14:28:17.588Z,33.56,73.17

2026-09-20T14:28:22.588Z,33.55,73.17

2026-09-20T14:28:27.596Z,33.56,73.22

2026-09-20T14:28:32.609Z,33.55,73.25

2026-09-20T14:28:37.597Z,33.54,73.25

2026-09-20T14:28:42.600Z,33.53,73.29

2026-09-20T14:28:47.599Z,33.53,73.24

2026-09-20T14:28:52.598Z,33.53,73.31

2026-09-20T14:28:57.609Z,33.54,73.29

2026-09-20T14:29:02.621Z,33.51,73.35

2026-09-20T14:29:07.609Z,33.51,73.33

2026-09-20T14:29:12.610Z,33.51,73.39

2026-09-20T14:29:17.608Z,33.52,73.41

2026-09-20T14:29:22.611Z,33.51,73.38

2026-09-20T14:29:27.620Z,33.51,73.43

2026-09-20T14:29:32.629Z,33.51,73.41

2026-09-20T14:29:37.616Z,33.5,73.44

2026-09-20T14:29:42.618Z,33.49,73.4

2026-09-20T14:29:47.618Z,33.5,73.48

2026-09-20T14:29:52.618Z,33.51,73.48

2026-09-20T14:29:57.627Z,33.5,73.52

2026-09-20T14:30:02.643Z,33.48,73.5

2026-09-20T14:30:07.627Z,33.49,73.55

2026-09-20T14:30:12.627Z,33.49,73.48

2026-09-20T14:30:17.627Z,33.49,73.49

2026-09-20T14:30:22.625Z,33.49,73.54

2026-09-20T14:30:27.629Z,33.49,73.51

2026-09-20T14:30:32.643Z,33.45,73.58

2026-09-20T14:30:37.630Z,33.49,73.56

2026-09-20T14:30:42.630Z,33.49,73.54

2026-09-20T14:30:47.630Z,33.49,73.49

2026-09-20T14:30:52.633Z,33.48,73.48

2026-09-20T14:30:57.639Z,33.49,73.53

2026-09-20T14:31:02.652Z,33.47,73.63

2026-09-20T14:31:07.635Z,33.5,73.59

2026-09-20T14:31:12.639Z,33.48,73.51

2026-09-20T14:31:17.639Z,33.48,73.57

2026-09-20T14:31:22.639Z,33.48,73.63

2026-09-20T14:31:27.641Z,33.49,73.59

2026-09-20T14:31:32.650Z,33.47,73.63

2026-09-20T14:31:37.639Z,33.45,73.6

2026-09-20T14:31:42.639Z,33.48,73.57

2026-09-20T14:31:47.640Z,33.48,73.58

2026-09-20T14:31:52.640Z,33.47,73.59

2026-09-20T14:31:57.640Z,33.47,73.6

2026-09-20T14:32:02.664Z,33.47,73.65

2026-09-20T14:32:07.642Z,33.47,73.61

2026-09-20T14:32:12.642Z,33.48,73.61

2026-09-20T14:32:17.641Z,33.49,73.61

2026-09-20T14:32:22.642Z,33.49,73.54

2026-09-20T14:32:27.651Z,33.48,73.62

2026-09-20T14:32:32.664Z,33.48,73.61

2026-09-20T14:32:37.652Z,33.47,73.56

2026-09-20T14:32:42.651Z,33.47,73.58

2026-09-20T14:32:47.650Z,33.49,73.6

2026-09-20T14:32:52.650Z,33.5,73.61

2026-09-20T14:32:57.664Z,33.48,73.58

2026-09-20T14:33:02.675Z,33.48,73.65

2026-09-20T14:33:07.663Z,33.49,73.57

2026-09-20T14:33:12.663Z,33.51,73.57

2026-09-20T14:33:17.662Z,33.47,73.55

2026-09-20T14:33:22.662Z,33.48,73.56

2026-09-20T14:33:27.673Z,33.49,73.57

2026-09-20T14:33:32.685Z,33.47,73.53

2026-09-20T14:33:37.670Z,33.49,73.6

2026-09-20T14:33:42.670Z,33.49,73.57

2026-09-20T14:33:47.671Z,33.48,73.52

2026-09-20T14:33:52.670Z,33.49,73.58

2026-09-20T14:33:57.670Z,33.46,73.62

2026-09-20T14:34:02.682Z,33.47,73.63

2026-09-20T14:34:07.672Z,33.46,73.6

2026-09-20T14:34:12.672Z,33.46,73.63

2026-09-20T14:34:17.672Z,33.46,73.61

2026-09-20T14:34:22.671Z,33.46,73.68

2026-09-20T14:34:27.688Z,33.46,73.65

2026-09-20T14:34:32.699Z,33.47,73.68

2026-09-20T14:34:37.688Z,33.46,73.67

2026-09-20T14:34:42.686Z,33.48,73.67

2026-09-20T14:34:47.688Z,33.45,73.7

2026-09-20T14:34:52.688Z,33.46,73.69

2026-09-20T14:34:57.687Z,33.47,73.69

2026-09-20T14:35:02.702Z,33.46,73.73

2026-09-20T14:35:07.687Z,33.45,73.72

2026-09-20T14:35:12.688Z,33.47,73.73

2026-09-20T14:35:17.688Z,33.45,73.66

2026-09-20T14:35:22.687Z,33.46,73.72

2026-09-20T14:35:27.688Z,33.45,73.7

2026-09-20T14:35:32.707Z,33.45,73.79

2026-09-20T14:35:37.690Z,33.45,73.73

2026-09-20T14:35:42.688Z,33.45,73.75

2026-09-20T14:35:47.688Z,33.46,73.7

2026-09-20T14:35:52.693Z,33.46,73.72

2026-09-20T14:35:57.692Z,33.48,73.68

2026-09-20T14:36:02.704Z,33.45,73.74

2026-09-20T14:36:07.696Z,33.45,73.67

2026-09-20T14:36:12.694Z,33.47,73.7

2026-09-20T14:36:17.694Z,33.47,73.69

2026-09-20T14:36:22.695Z,33.46,73.67

2026-09-20T14:36:27.711Z,33.48,73.64

2026-09-20T14:36:32.726Z,33.47,73.69

2026-09-20T14:36:37.710Z,33.5,73.68

2026-09-20T14:36:42.709Z,33.49,73.65

2026-09-20T14:36:47.709Z,33.48,73.65

2026-09-20T14:36:52.714Z,33.49,73.69

2026-09-20T14:36:57.729Z,33.5,73.65

2026-09-20T14:37:02.742Z,33.48,73.6

2026-09-20T14:37:07.727Z,33.49,73.64

2026-09-20T14:37:12.726Z,33.49,73.64

2026-09-20T14:37:17.728Z,33.52,73.55

2026-09-20T14:37:22.727Z,33.49,73.52

2026-09-20T14:37:27.738Z,33.5,73.59

2026-09-20T14:37:32.751Z,33.49,73.62

2026-09-20T14:37:37.738Z,33.51,73.6

2026-09-20T14:37:42.738Z,33.53,73.6

2026-09-20T14:37:47.737Z,33.48,73.54

2026-09-20T14:37:52.738Z,33.5,73.63

2026-09-20T14:37:57.748Z,33.51,73.55

2026-09-20T14:38:02.760Z,33.52,73.55

2026-09-20T14:38:07.748Z,33.53,73.56

2026-09-20T14:38:12.749Z,33.52,73.59

2026-09-20T14:38:17.749Z,33.53,73.54

2026-09-20T14:38:22.749Z,33.53,73.55

2026-09-20T14:38:27.752Z,33.54,73.6

2026-09-20T14:38:32.762Z,33.52,73.58

2026-09-20T14:38:37.748Z,33.55,73.51

2026-09-20T14:38:42.748Z,33.52,73.56

2026-09-20T14:38:47.748Z,33.56,73.52

2026-09-20T14:38:52.750Z,33.54,73.5

2026-09-20T14:38:57.750Z,33.55,73.46

2026-09-20T14:39:02.765Z,33.53,73.53

2026-09-20T14:39:07.751Z,33.54,73.47

2026-09-20T14:39:12.749Z,33.55,73.49

2026-09-20T14:39:17.753Z,33.55,73.45

2026-09-20T14:39:22.756Z,33.54,73.46

2026-09-20T14:39:27.764Z,33.52,73.48

2026-09-20T14:39:32.782Z,33.52,73.6

2026-09-20T14:39:37.762Z,33.53,73.52

2026-09-20T14:39:42.765Z,33.51,73.49

2026-09-20T14:39:47.766Z,33.5,73.52

2026-09-20T14:39:52.764Z,33.51,73.5

2026-09-20T14:39:57.770Z,33.54,73.48

2026-09-20T14:40:02.780Z,33.53,73.55

2026-09-20T14:40:07.767Z,33.53,73.47

2026-09-20T14:40:12.767Z,33.53,73.51

2026-09-20T14:40:17.768Z,33.54,73.53

2026-09-20T14:40:22.768Z,33.51,73.46

2026-09-20T14:40:27.768Z,33.54,73.51

2026-09-20T14:40:32.779Z,33.54,73.56

2026-09-20T14:40:37.769Z,33.51,73.5

2026-09-20T14:40:42.769Z,33.53,73.47

2026-09-20T14:40:47.769Z,33.54,73.45

2026-09-20T14:40:52.772Z,33.51,73.48

2026-09-20T14:40:57.779Z,33.53,73.45

2026-09-20T14:41:02.794Z,33.53,73.51

2026-09-20T14:41:07.778Z,33.54,73.51

2026-09-20T14:41:12.777Z,33.54,73.47

2026-09-20T14:41:17.779Z,33.54,73.53

2026-09-20T14:41:22.778Z,33.55,73.48

2026-09-20T14:41:27.784Z,33.55,73.52

2026-09-20T14:41:32.794Z,33.55,73.52

2026-09-20T14:41:37.782Z,33.56,73.5

2026-09-20T14:41:42.783Z,33.55,73.5

2026-09-20T14:41:47.781Z,33.56,73.46

2026-09-20T14:41:52.782Z,33.57,73.47

2026-09-20T14:41:57.801Z,33.56,73.5

2026-09-20T14:42:02.811Z,33.56,73.53

2026-09-20T14:42:07.801Z,33.56,73.54

2026-09-20T14:42:12.798Z,33.56,73.52

2026-09-20T14:42:17.799Z,33.57,73.46

2026-09-20T14:42:22.800Z,33.57,73.51

2026-09-20T14:42:27.805Z,33.57,73.43

2026-09-20T14:42:32.819Z,33.58,73.48

2026-09-20T14:42:37.804Z,33.56,73.46

2026-09-20T14:42:42.803Z,33.57,73.44

2026-09-20T14:42:47.802Z,33.59,73.42

2026-09-20T14:42:52.806Z,33.57,73.5

2026-09-20T14:42:57.815Z,33.57,73.44

2026-09-20T14:43:02.826Z,33.58,73.45

2026-09-20T14:43:07.812Z,33.58,73.36

2026-09-20T14:43:12.815Z,33.57,73.43

2026-09-20T14:43:17.813Z,33.59,73.43

2026-09-20T14:43:22.813Z,33.57,73.36

2026-09-20T14:43:27.815Z,33.58,73.44

2026-09-20T14:43:32.824Z,33.57,73.45

2026-09-20T14:43:37.815Z,33.59,73.38

2026-09-20T14:43:42.814Z,33.58,73.38

2026-09-20T14:43:47.815Z,33.57,73.43

2026-09-20T14:43:52.816Z,33.6,73.43

2026-09-20T14:43:57.824Z,33.6,73.46

2026-09-20T14:44:02.835Z,33.58,73.47

2026-09-20T14:44:07.824Z,33.6,73.45

2026-09-20T14:44:12.824Z,33.58,73.4

2026-09-20T14:44:17.824Z,33.58,73.47

2026-09-20T14:44:22.825Z,33.58,73.41

2026-09-20T14:44:27.833Z,33.59,73.44

2026-09-20T14:44:32.849Z,33.59,73.45

2026-09-20T14:44:37.833Z,33.6,73.45

2026-09-20T14:44:42.833Z,33.57,73.42

2026-09-20T14:44:47.831Z,33.6,73.39

2026-09-20T14:44:52.833Z,33.6,73.33

2026-09-20T14:44:57.844Z,33.58,73.35

2026-09-20T14:45:02.855Z,33.58,73.38

2026-09-20T14:45:07.846Z,33.6,73.38

2026-09-20T14:45:12.845Z,33.6,73.4

2026-09-20T14:45:17.844Z,33.6,73.38

2026-09-20T14:45:22.843Z,33.6,73.39

2026-09-20T14:45:27.844Z,33.61,73.33

2026-09-20T14:45:32.856Z,33.61,73.4

2026-09-20T14:45:37.845Z,33.62,73.32

2026-09-20T14:45:42.846Z,33.62,73.31

2026-09-20T14:45:47.846Z,33.62,73.34

2026-09-20T14:45:52.846Z,33.62,73.34

2026-09-20T14:45:57.852Z,33.63,73.39

2026-09-20T14:46:02.867Z,33.62,73.36

2026-09-20T14:46:07.850Z,33.61,73.39

2026-09-20T14:46:12.851Z,33.64,73.35

2026-09-20T14:46:17.849Z,33.64,73.36

2026-09-20T14:46:22.851Z,33.63,73.38

2026-09-20T14:46:27.854Z,33.63,73.41

2026-09-20T14:46:32.862Z,33.64,73.38

2026-09-20T14:46:37.851Z,33.65,73.34

2026-09-20T14:46:42.854Z,33.65,73.3

2026-09-20T14:46:47.853Z,33.65,73.39

2026-09-20T14:46:52.852Z,33.65,73.41

2026-09-20T14:46:57.860Z,33.65,73.46

2026-09-20T14:47:02.873Z,33.66,73.46

2026-09-20T14:47:07.863Z,33.66,73.45

2026-09-20T14:47:12.860Z,33.67,73.48

2026-09-20T14:47:17.859Z,33.65,73.46

2026-09-20T14:47:22.861Z,33.68,73.39

2026-09-20T14:47:27.864Z,33.66,73.44

2026-09-20T14:47:32.874Z,33.65,73.44

2026-09-20T14:47:37.862Z,33.67,73.39

2026-09-20T14:47:42.863Z,33.68,73.31

2026-09-20T14:47:47.863Z,33.68,73.36

2026-09-20T14:47:52.864Z,33.66,73.46

2026-09-20T14:47:57.877Z,33.69,73.46

2026-09-20T14:48:02.888Z,33.68,73.47

2026-09-20T14:48:07.874Z,33.67,73.41

2026-09-20T14:48:12.873Z,33.67,73.41

2026-09-20T14:48:17.875Z,33.69,73.38

2026-09-20T14:48:22.874Z,33.68,73.32

2026-09-20T14:48:27.913Z,33.71,73.32

2026-09-20T14:48:32.925Z,33.71,73.35

2026-09-20T14:48:37.913Z,33.7,73.33

2026-09-20T14:48:42.914Z,33.71,73.34

2026-09-20T14:48:47.914Z,33.72,73.34

2026-09-20T14:48:52.916Z,33.71,73.43

2026-09-20T14:48:57.915Z,33.73,73.4

2026-09-20T14:49:02.928Z,33.71,73.36

2026-09-20T14:49:07.915Z,33.71,73.35

2026-09-20T14:49:12.916Z,33.72,73.3

2026-09-20T14:49:17.916Z,33.71,73.29

2026-09-20T14:49:22.916Z,33.72,73.29

2026-09-20T14:49:27.915Z,33.71,73.26

2026-09-20T14:49:32.928Z,33.72,73.29

2026-09-20T14:49:37.917Z,33.73,73.3

2026-09-20T14:49:42.916Z,33.74,73.29

2026-09-20T14:49:47.916Z,33.73,73.25

2026-09-20T14:49:52.917Z,33.74,73.26

2026-09-20T14:49:57.917Z,33.75,73.24

2026-09-20T14:50:02.928Z,33.74,73.33

2026-09-20T14:50:07.915Z,33.74,73.31

2026-09-20T14:50:12.917Z,33.76,73.28

2026-09-20T14:50:17.916Z,33.77,73.23

2026-09-20T14:50:22.918Z,33.77,73.27

2026-09-20T14:50:27.917Z,33.75,73.23

2026-09-20T14:50:32.931Z,33.76,73.22

2026-09-20T14:50:37.922Z,33.76,73.18

2026-09-20T14:50:42.920Z,33.75,73.17

2026-09-20T14:50:47.918Z,33.76,73.13

2026-09-20T14:50:52.920Z,33.76,73.22

2026-09-20T14:50:57.921Z,33.75,73.18

2026-09-20T14:51:02.937Z,33.76,73.24

2026-09-20T14:51:07.920Z,33.75,73.19

2026-09-20T14:51:12.921Z,33.74,73.19

2026-09-20T14:51:17.922Z,33.76,73.2

2026-09-20T14:51:22.921Z,33.76,73.2

2026-09-20T14:51:27.925Z,33.76,73.22

2026-09-20T14:51:32.936Z,33.76,73.16

2026-09-20T14:51:37.924Z,33.75,73.18

2026-09-20T14:51:42.927Z,33.77,73.18

2026-09-20T14:51:47.925Z,33.76,73.2

2026-09-20T14:51:52.924Z,33.74,73.22

2026-09-20T14:51:57.938Z,33.75,73.2

2026-09-20T14:52:02.951Z,33.74,73.25

2026-09-20T14:52:07.934Z,33.77,73.24

2026-09-20T14:52:12.935Z,33.76,73.23

2026-09-20T14:52:17.934Z,33.76,73.25

2026-09-20T14:52:22.935Z,33.76,73.24

2026-09-20T14:52:27.939Z,33.76,73.21

2026-09-20T14:52:32.950Z,33.75,73.25

2026-09-20T14:52:37.938Z,33.75,73.22

2026-09-20T14:52:42.938Z,33.77,73.16

2026-09-20T14:52:47.938Z,33.78,73.2

2026-09-20T14:52:52.939Z,33.76,73.21

2026-09-20T14:52:57.960Z,33.78,73.25

2026-09-20T14:53:02.970Z,33.77,73.23

2026-09-20T14:53:07.957Z,33.78,73.18

2026-09-20T14:53:12.958Z,33.78,73.17

2026-09-20T14:53:17.959Z,33.78,73.13

2026-09-20T14:53:22.958Z,33.77,73.11

2026-09-20T14:53:27.960Z,33.79,73.12

2026-09-20T14:53:32.969Z,33.78,73.13

2026-09-20T14:53:37.957Z,33.77,73.13

2026-09-20T14:53:42.959Z,33.77,73.17

2026-09-20T14:53:47.959Z,33.77,73.17

2026-09-20T14:53:52.959Z,33.77,73.11

2026-09-20T14:53:57.970Z,33.79,73.19

2026-09-20T14:54:02.979Z,33.78,73.2

2026-09-20T14:54:07.968Z,33.79,73.16

2026-09-20T14:54:12.974Z,33.77,73.18

2026-09-20T14:54:17.974Z,33.78,73.17

2026-09-20T14:54:22.970Z,33.78,73.19

2026-09-20T14:54:27.971Z,33.79,73.2

2026-09-20T14:54:32.992Z,33.78,73.21

2026-09-20T14:54:37.968Z,33.8,73.17

2026-09-20T14:54:42.971Z,33.78,73.2

2026-09-20T14:54:47.970Z,33.79,73.18

2026-09-20T14:54:52.972Z,33.79,73.17

2026-09-20T14:54:57.981Z,33.81,73.21

2026-09-20T14:55:02.991Z,33.81,73.2

2026-09-20T14:55:07.981Z,33.79,73.13

2026-09-20T14:55:12.981Z,33.79,73.1

2026-09-20T14:55:17.981Z,33.82,73.08

2026-09-20T14:55:22.982Z,33.82,73.08

2026-09-20T14:55:27.984Z,33.81,73.06

2026-09-20T14:55:32.996Z,33.8,73.16

2026-09-20T14:55:37.983Z,33.81,73.05

2026-09-20T14:55:42.986Z,33.8,73.04

2026-09-20T14:55:47.984Z,33.82,73.04

2026-09-20T14:55:52.986Z,33.82,73.09

2026-09-20T14:55:57.985Z,33.82,73.02

2026-09-20T14:56:02.998Z,33.82,73.06

2026-09-20T14:56:07.987Z,33.82,72.99

2026-09-20T14:56:12.987Z,33.81,73.03

2026-09-20T14:56:17.988Z,33.81,72.95

2026-09-20T14:56:22.989Z,33.82,72.96

2026-09-20T14:56:27.987Z,33.82,72.91

2026-09-20T14:56:33.000Z,33.82,72.84

2026-09-20T14:56:37.987Z,33.83,72.84

2026-09-20T14:56:42.988Z,33.82,72.87

2026-09-20T14:56:47.989Z,33.81,72.91

2026-09-20T14:56:52.991Z,33.82,72.92

2026-09-20T14:56:57.990Z,33.81,72.93

2026-09-20T14:57:03.003Z,33.8,72.98

2026-09-20T14:57:07.988Z,33.81,72.95

2026-09-20T14:57:12.991Z,33.82,72.93

2026-09-20T14:57:17.990Z,33.81,72.99

2026-09-20T14:57:22.990Z,33.81,72.95

2026-09-20T14:57:28.002Z,33.81,72.99

2026-09-20T14:57:33.014Z,33.84,73.06

2026-09-20T14:57:38.000Z,33.82,73.03

2026-09-20T14:57:43.005Z,33.8,72.99

2026-09-20T14:57:48.002Z,33.83,72.97

2026-09-20T14:57:53.002Z,33.81,72.96

2026-09-20T14:57:58.012Z,33.82,72.89

2026-09-20T14:58:03.026Z,33.8,72.95

2026-09-20T14:58:08.012Z,33.81,72.87

2026-09-20T14:58:13.010Z,33.8,72.9

2026-09-20T14:58:18.010Z,33.8,72.96

2026-09-20T14:58:23.011Z,33.8,72.95

2026-09-20T14:58:28.021Z,33.8,72.95

2026-09-20T14:58:33.031Z,33.78,72.95

2026-09-20T14:58:38.019Z,33.8,72.96

2026-09-20T14:58:43.019Z,33.81,72.96

2026-09-20T14:58:48.019Z,33.78,72.98

2026-09-20T14:58:53.018Z,33.78,72.98

2026-09-20T14:58:58.038Z,33.78,73

2026-09-20T14:59:03.051Z,33.78,73.07

2026-09-20T14:59:08.036Z,33.78,73.05

2026-09-20T14:59:13.035Z,33.77,73.08

2026-09-20T14:59:18.036Z,33.77,73.03

2026-09-20T14:59:23.038Z,33.77,73.07

2026-09-20T14:59:28.049Z,33.79,73.13

2026-09-20T14:59:33.058Z,33.77,73.11

2026-09-20T14:59:38.047Z,33.75,73.03

2026-09-20T14:59:43.049Z,33.76,73.03

2026-09-20T14:59:48.049Z,33.77,73.01

2026-09-20T14:59:53.048Z,33.77,73.07

2026-09-20T14:59:58.056Z,33.78,73.03

2026-09-20T15:00:03.065Z,33.77,73.09

2026-09-20T15:00:08.054Z,33.76,73.08

2026-09-20T15:00:13.056Z,33.77,73.07

2026-09-20T15:00:18.055Z,33.76,73.05

2026-09-20T15:00:23.056Z,33.77,73.04

2026-09-20T15:00:28.056Z,33.76,73.05

2026-09-20T15:00:33.070Z,33.77,73.13

2026-09-20T15:00:38.056Z,33.77,73.1

2026-09-20T15:00:43.058Z,33.78,73.12

2026-09-20T15:00:48.057Z,33.77,73.1

2026-09-20T15:00:53.058Z,33.76,73.07

2026-09-20T15:00:58.058Z,33.78,73.09

2026-09-20T15:01:03.070Z,33.77,73.14

2026-09-20T15:01:08.057Z,33.77,73.09

2026-09-20T15:01:13.060Z,33.79,73.11

2026-09-20T15:01:18.060Z,33.78,73.11

2026-09-20T15:01:23.061Z,33.77,73.21

2026-09-20T15:01:28.061Z,33.75,73.19

2026-09-20T15:01:33.075Z,33.77,73.17

2026-09-20T15:01:38.060Z,33.77,73.1

2026-09-20T15:01:43.063Z,33.78,73.12

2026-09-20T15:01:48.063Z,33.77,73.14

2026-09-20T15:01:53.064Z,33.78,73.18

2026-09-20T15:01:58.064Z,33.78,73.12

2026-09-20T15:02:03.077Z,33.78,73.14

2026-09-20T15:02:08.066Z,33.79,73.14

2026-09-20T15:02:13.067Z,33.79,73.22

2026-09-20T15:02:18.065Z,33.78,73.23

2026-09-20T15:02:23.066Z,33.78,73.2

2026-09-20T15:02:28.080Z,33.77,73.28

2026-09-20T15:02:33.093Z,33.78,73.26

2026-09-20T15:02:38.082Z,33.75,73.23

2026-09-20T15:02:43.081Z,33.76,73.27

2026-09-20T15:02:48.080Z,33.77,73.28

2026-09-20T15:02:53.081Z,33.77,73.27

2026-09-20T15:02:58.088Z,33.75,73.35

2026-09-20T15:03:03.098Z,33.75,73.35

2026-09-20T15:03:08.087Z,33.74,73.3

2026-09-20T15:03:13.085Z,33.74,73.35

2026-09-20T15:03:18.086Z,33.76,73.34

2026-09-20T15:03:23.088Z,33.75,73.4

2026-09-20T15:03:28.094Z,33.74,73.37

2026-09-20T15:03:33.105Z,33.72,73.44

2026-09-20T15:03:38.094Z,33.74,73.44

2026-09-20T15:03:43.097Z,33.72,73.53

2026-09-20T15:03:48.094Z,33.73,73.5

2026-09-20T15:03:53.096Z,33.73,73.47

2026-09-20T15:03:58.095Z,33.73,73.45

2026-09-20T15:04:03.107Z,33.72,73.47

2026-09-20T15:04:08.096Z,33.74,73.5

2026-09-20T15:04:13.096Z,33.72,73.42

2026-09-20T15:04:18.096Z,33.73,73.44

2026-09-20T15:04:23.096Z,33.73,73.44

2026-09-20T15:04:28.097Z,33.7,73.45

2026-09-20T15:04:33.108Z,33.7,73.48

2026-09-20T15:04:38.099Z,33.71,73.49

2026-09-20T15:04:43.097Z,33.71,73.47

2026-09-20T15:04:48.098Z,33.71,73.44

2026-09-20T15:04:53.097Z,33.7,73.46

2026-09-20T15:04:58.113Z,33.69,73.47

2026-09-20T15:05:03.126Z,33.7,73.5

2026-09-20T15:05:08.113Z,33.69,73.39

2026-09-20T15:05:13.118Z,33.69,73.47

2026-09-20T15:05:18.116Z,33.71,73.49

2026-09-20T15:05:23.116Z,33.68,73.49

2026-09-20T15:05:28.120Z,33.69,73.49

2026-09-20T15:05:33.130Z,33.68,73.53

2026-09-20T15:05:38.118Z,33.68,73.53

2026-09-20T15:05:43.121Z,33.68,73.59

2026-09-20T15:05:48.119Z,33.68,73.54

2026-09-20T15:05:53.121Z,33.67,73.57

2026-09-20T15:05:58.121Z,33.69,73.55

2026-09-20T15:06:03.132Z,33.67,73.67

2026-09-20T15:06:08.122Z,33.67,73.59

2026-09-20T15:06:13.122Z,33.66,73.62

2026-09-20T15:06:18.121Z,33.67,73.6

2026-09-20T15:06:23.121Z,33.66,73.6

2026-09-20T15:06:28.124Z,33.64,73.67

2026-09-20T15:06:33.139Z,33.66,73.73

2026-09-20T15:06:38.123Z,33.65,73.72

2026-09-20T15:06:43.124Z,33.64,73.72

2026-09-20T15:06:48.125Z,33.65,73.74

2026-09-20T15:06:53.125Z,33.64,73.71

2026-09-20T15:06:58.142Z,33.64,73.76

2026-09-20T15:07:03.151Z,33.64,73.8

2026-09-20T15:07:08.140Z,33.63,73.8

2026-09-20T15:07:13.140Z,33.65,73.81

2026-09-20T15:07:18.146Z,33.64,73.81

2026-09-20T15:07:23.155Z,33.62,73.83

2026-09-20T15:07:28.145Z,33.63,73.82

2026-09-20T15:07:33.147Z,33.62,73.8

2026-09-20T15:07:38.149Z,33.62,73.84

2026-09-20T15:07:43.147Z,33.62,73.84

2026-09-20T15:07:48.149Z,33.63,73.82

2026-09-20T15:07:53.163Z,33.6,73.84

2026-09-20T15:07:58.148Z,33.62,73.76

2026-09-20T15:08:03.148Z,33.6,73.85

2026-09-20T15:08:08.149Z,33.61,73.87

2026-09-20T15:08:13.148Z,33.64,73.89

2026-09-20T15:08:18.147Z,33.6,73.88

2026-09-20T15:08:23.159Z,33.61,73.86

2026-09-20T15:08:28.149Z,33.61,73.91

2026-09-20T15:08:33.149Z,33.61,73.89

2026-09-20T15:08:38.149Z,33.61,73.89

2026-09-20T15:08:43.150Z,33.63,73.88

2026-09-20T15:08:48.154Z,33.6,73.85

2026-09-20T15:08:53.172Z,33.59,73.95

2026-09-20T15:08:58.153Z,33.6,73.98

2026-09-20T15:09:03.158Z,33.61,73.9

2026-09-20T15:09:08.154Z,33.6,73.92

2026-09-20T15:09:13.156Z,33.6,73.93

2026-09-20T15:09:18.165Z,33.61,73.94

2026-09-20T15:09:23.177Z,33.6,73.96

2026-09-20T15:09:28.166Z,33.61,73.99

2026-09-20T15:09:33.166Z,33.61,73.98

2026-09-20T15:09:38.167Z,33.61,73.95

2026-09-20T15:09:43.168Z,33.61,73.93

2026-09-20T15:09:48.181Z,33.61,73.93

2026-09-20T15:09:53.192Z,33.58,73.98

2026-09-20T15:09:58.181Z,33.61,73.94

2026-09-20T15:10:03.182Z,33.6,73.94

2026-09-20T15:10:08.181Z,33.6,74.02

2026-09-20T15:10:13.183Z,33.62,73.93

2026-09-20T15:10:18.188Z,33.6,73.91

2026-09-20T15:10:23.202Z,33.6,73.98

2026-09-20T15:10:28.188Z,33.6,73.96

2026-09-20T15:10:33.189Z,33.62,73.94

2026-09-20T15:10:38.189Z,33.63,73.92

2026-09-20T15:10:43.188Z,33.62,73.96

2026-09-20T15:10:48.207Z,33.6,73.98

2026-09-20T15:10:53.214Z,33.6,73.99

2026-09-20T15:10:58.204Z,33.63,73.96

2026-09-20T15:11:03.204Z,33.6,73.96

2026-09-20T15:11:08.205Z,33.62,74.01

2026-09-20T15:11:13.206Z,33.62,73.98

2026-09-20T15:11:18.218Z,33.62,73.88

2026-09-20T15:11:23.228Z,33.61,74.03

2026-09-20T15:11:28.217Z,33.63,73.97

2026-09-20T15:11:33.218Z,33.63,73.92

2026-09-20T15:11:38.217Z,33.63,73.88

2026-09-20T15:11:43.217Z,33.63,73.93

2026-09-20T15:11:48.225Z,33.64,73.94

2026-09-20T15:11:53.241Z,33.65,73.89

2026-09-20T15:11:58.226Z,33.64,73.87

2026-09-20T15:12:03.227Z,33.65,73.83

2026-09-20T15:12:08.228Z,33.65,73.81

2026-09-20T15:12:13.225Z,33.66,73.85

2026-09-20T15:12:18.230Z,33.67,73.8

2026-09-20T15:12:23.243Z,33.66,73.81

2026-09-20T15:12:28.230Z,33.66,73.76

2026-09-20T15:12:33.232Z,33.67,73.74

2026-09-20T15:12:38.231Z,33.66,73.78

2026-09-20T15:12:43.236Z,33.66,73.74

2026-09-20T15:12:48.243Z,33.68,73.79

2026-09-20T15:12:53.248Z,33.68,73.77

2026-09-20T15:12:58.239Z,33.68,73.71

2026-09-20T15:13:03.240Z,33.68,73.78

2026-09-20T15:13:08.241Z,33.69,73.74

2026-09-20T15:13:13.239Z,33.67,73.71

2026-09-20T15:13:18.248Z,33.67,73.65

2026-09-20T15:13:23.258Z,33.7,73.79

2026-09-20T15:13:28.247Z,33.68,73.72

2026-09-20T15:13:33.248Z,33.68,73.67

2026-09-20T15:13:38.248Z,33.69,73.67

2026-09-20T15:13:43.248Z,33.7,73.71

2026-09-20T15:13:48.258Z,33.71,73.67

2026-09-20T15:13:53.269Z,33.69,73.64

2026-09-20T15:13:58.258Z,33.71,73.6

2026-09-20T15:14:03.259Z,33.73,73.59

2026-09-20T15:14:08.260Z,33.7,73.62

2026-09-20T15:14:13.258Z,33.72,73.57

2026-09-20T15:14:18.270Z,33.71,73.56

2026-09-20T15:14:23.280Z,33.73,73.52

2026-09-20T15:14:28.269Z,33.7,73.54

2026-09-20T15:14:33.268Z,33.72,73.53

2026-09-20T15:14:38.269Z,33.72,73.55

2026-09-20T15:14:43.268Z,33.73,73.52

2026-09-20T15:14:48.271Z,33.73,73.49

2026-09-20T15:14:53.282Z,33.71,73.62

2026-09-20T15:14:58.269Z,33.72,73.48

2026-09-20T15:15:03.272Z,33.73,73.51

2026-09-20T15:15:08.272Z,33.72,73.5

2026-09-20T15:15:13.271Z,33.73,73.48

2026-09-20T15:15:18.276Z,33.72,73.51

2026-09-20T15:15:23.287Z,33.72,73.6

2026-09-20T15:15:28.272Z,33.73,73.5

2026-09-20T15:15:33.272Z,33.73,73.53

2026-09-20T15:15:38.273Z,33.73,73.49

2026-09-20T15:15:43.272Z,33.73,73.49

2026-09-20T15:15:48.271Z,33.73,73.47

2026-09-20T15:15:53.287Z,33.74,73.55

2026-09-20T15:15:58.274Z,33.72,73.48

2026-09-20T15:16:03.273Z,33.73,73.53

2026-09-20T15:16:08.276Z,33.72,73.5

2026-09-20T15:16:13.276Z,33.73,73.5

2026-09-20T15:16:18.290Z,33.73,73.46

2026-09-20T15:16:23.307Z,33.71,73.52

2026-09-20T15:16:28.287Z,33.73,73.48

2026-09-20T15:16:33.288Z,33.75,73.46

2026-09-20T15:16:38.288Z,33.75,73.48

2026-09-20T15:16:43.289Z,33.75,73.49

2026-09-20T15:16:48.307Z,33.75,73.44

2026-09-20T15:16:53.316Z,33.76,73.41

2026-09-20T15:16:58.306Z,33.73,73.4

2026-09-20T15:17:03.305Z,33.73,73.37

2026-09-20T15:17:08.305Z,33.75,73.32

2026-09-20T15:17:13.303Z,33.75,73.41

2026-09-20T15:17:18.305Z,33.73,73.33

2026-09-20T15:17:23.318Z,33.75,73.4

2026-09-20T15:17:28.304Z,33.75,73.34

2026-09-20T15:17:33.305Z,33.76,73.35

2026-09-20T15:17:38.307Z,33.75,73.44

2026-09-20T15:17:43.307Z,33.75,73.41

2026-09-20T15:17:48.308Z,33.72,73.37

2026-09-20T15:17:53.320Z,33.72,73.47

2026-09-20T15:17:58.308Z,33.75,73.43

2026-09-20T15:18:03.308Z,33.72,73.5

2026-09-20T15:18:08.309Z,33.74,73.47

2026-09-20T15:18:13.307Z,33.7,73.5

2026-09-20T15:18:18.313Z,33.72,73.45

2026-09-20T15:18:23.326Z,33.71,73.53

2026-09-20T15:18:28.312Z,33.7,73.46

2026-09-20T15:18:33.313Z,33.72,73.53

2026-09-20T15:18:38.312Z,33.74,73.47

2026-09-20T15:18:43.313Z,33.71,73.53

2026-09-20T15:18:48.324Z,33.71,73.59

2026-09-20T15:18:53.329Z,33.72,73.55

2026-09-20T15:18:58.321Z,33.72,73.53

2026-09-20T15:19:03.320Z,33.73,73.55

2026-09-20T15:19:08.322Z,33.71,73.55

2026-09-20T15:19:13.321Z,33.72,73.53

2026-09-20T15:19:18.332Z,33.7,73.53

2026-09-20T15:19:23.341Z,33.71,73.47

2026-09-20T15:19:28.330Z,33.71,73.56

2026-09-20T15:19:33.329Z,33.71,73.51

2026-09-20T15:19:38.329Z,33.71,73.52

2026-09-20T15:19:43.330Z,33.72,73.54

2026-09-20T15:19:48.344Z,33.7,73.57

2026-09-20T15:19:53.351Z,33.7,73.65

2026-09-20T15:19:58.342Z,33.67,73.63

2026-09-20T15:20:03.342Z,33.7,73.62

2026-09-20T15:20:08.346Z,33.69,73.64

2026-09-20T15:20:13.345Z,33.68,73.7

2026-09-20T15:20:18.355Z,33.68,73.68

2026-09-20T15:20:23.373Z,33.67,73.7

2026-09-20T15:20:28.355Z,33.67,73.69

2026-09-20T15:20:33.354Z,33.68,73.67

2026-09-20T15:20:38.355Z,33.69,73.66

2026-09-20T15:20:43.356Z,33.69,73.66

2026-09-20T15:20:48.362Z,33.69,73.65

2026-09-20T15:20:53.374Z,33.69,73.63

2026-09-20T15:20:58.361Z,33.68,73.64

2026-09-20T15:21:03.360Z,33.68,73.7

2026-09-20T15:21:08.361Z,33.69,73.7

2026-09-20T15:21:13.361Z,33.67,73.67

2026-09-20T15:21:18.363Z,33.69,73.79

2026-09-20T15:21:23.373Z,33.67,73.75

2026-09-20T15:21:28.361Z,33.69,73.72

2026-09-20T15:21:33.363Z,33.68,73.74

2026-09-20T15:21:38.364Z,33.68,73.75

2026-09-20T15:21:43.361Z,33.7,73.72

2026-09-20T15:21:48.376Z,33.69,73.74

2026-09-20T15:21:53.384Z,33.69,73.73

2026-09-20T15:21:58.373Z,33.71,73.67

2026-09-20T15:22:03.373Z,33.71,73.68

2026-09-20T15:22:08.373Z,33.7,73.67

2026-09-20T15:22:13.375Z,33.69,73.69

2026-09-20T15:22:18.394Z,33.69,73.66

2026-09-20T15:22:23.408Z,33.68,73.69

2026-09-20T15:22:28.391Z,33.71,73.68

2026-09-20T15:22:33.393Z,33.7,73.56

2026-09-20T15:22:38.394Z,33.69,73.66

2026-09-20T15:22:43.393Z,33.71,73.63

2026-09-20T15:22:48.393Z,33.7,73.64

2026-09-20T15:22:53.406Z,33.7,73.63

2026-09-20T15:22:58.395Z,33.7,73.65

2026-09-20T15:23:03.394Z,33.72,73.64

2026-09-20T15:23:08.393Z,33.7,73.59

2026-09-20T15:23:13.393Z,33.7,73.68

2026-09-20T15:23:18.394Z,33.7,73.7

2026-09-20T15:23:23.410Z,33.69,73.68

2026-09-20T15:23:28.398Z,33.68,73.64

2026-09-20T15:23:33.399Z,33.68,73.62

2026-09-20T15:23:38.403Z,33.7,73.61

2026-09-20T15:23:43.404Z,33.69,73.59

2026-09-20T15:23:48.400Z,33.7,73.54

2026-09-20T15:23:53.419Z,33.67,73.63

2026-09-20T15:23:58.403Z,33.69,73.64

2026-09-20T15:24:03.401Z,33.7,73.68

2026-09-20T15:24:08.403Z,33.71,73.69

2026-09-20T15:24:13.404Z,33.69,73.64

2026-09-20T15:24:18.415Z,33.69,73.66

2026-09-20T15:24:23.428Z,33.69,73.67

2026-09-20T15:24:28.416Z,33.69,73.63

2026-09-20T15:24:33.416Z,33.71,73.61

2026-09-20T15:24:38.417Z,33.7,73.57

2026-09-20T15:24:43.416Z,33.68,73.56

2026-09-20T15:24:48.423Z,33.69,73.57

2026-09-20T15:24:53.435Z,33.69,73.63

2026-09-20T15:24:58.422Z,33.67,73.57

2026-09-20T15:25:03.421Z,33.68,73.56

2026-09-20T15:25:08.421Z,33.69,73.49

2026-09-20T15:25:13.421Z,33.68,73.53

2026-09-20T15:25:18.432Z,33.68,73.54

2026-09-20T15:25:23.441Z,33.67,73.63

2026-09-20T15:25:28.431Z,33.66,73.57

2026-09-20T15:25:33.432Z,33.66,73.59

2026-09-20T15:25:38.432Z,33.66,73.61

2026-09-20T15:25:43.432Z,33.68,73.54

2026-09-20T15:25:48.430Z,33.66,73.54

2026-09-20T15:25:53.439Z,33.64,73.57

2026-09-20T15:25:58.429Z,33.65,73.55

2026-09-20T15:26:03.431Z,33.66,73.51

2026-09-20T15:26:08.432Z,33.65,73.49

2026-09-20T15:26:13.445Z,33.64,73.54

2026-09-20T15:26:18.433Z,33.65,73.51

2026-09-20T15:26:23.434Z,33.63,73.55

2026-09-20T15:26:28.433Z,33.63,73.64

2026-09-20T15:26:33.434Z,33.62,73.59

2026-09-20T15:26:38.443Z,33.63,73.58

2026-09-20T15:26:43.453Z,33.63,73.7

2026-09-20T15:26:48.443Z,33.6,73.7

2026-09-20T15:26:53.442Z,33.57,73.67

2026-09-20T15:26:58.442Z,33.6,73.71

2026-09-20T15:27:03.444Z,33.59,73.75

2026-09-20T15:27:08.456Z,33.56,73.74

2026-09-20T15:27:13.470Z,33.58,73.79

2026-09-20T15:27:18.453Z,33.57,73.85

2026-09-20T15:27:23.452Z,33.56,73.85

2026-09-20T15:27:28.455Z,33.54,73.87

2026-09-20T15:27:33.455Z,33.54,73.85

2026-09-20T15:27:38.470Z,33.52,73.89

2026-09-20T15:27:43.488Z,33.54,74

2026-09-20T15:27:48.469Z,33.53,73.92

2026-09-20T15:27:53.469Z,33.53,74

2026-09-20T15:27:58.469Z,33.53,73.97

2026-09-20T15:28:03.472Z,33.52,74.05

2026-09-20T15:28:08.470Z,33.52,74.07

2026-09-20T15:28:13.483Z,33.51,74.05

2026-09-20T15:28:18.471Z,33.5,74.07

2026-09-20T15:28:23.472Z,33.47,74.07

2026-09-20T15:28:28.472Z,33.49,74.07

2026-09-20T15:28:33.474Z,33.48,74.08

2026-09-20T15:28:38.478Z,33.49,74.12

2026-09-20T15:28:43.488Z,33.49,74.16

2026-09-20T15:28:48.478Z,33.47,74.17

2026-09-20T15:28:53.479Z,33.48,74.14

2026-09-20T15:28:58.479Z,33.48,74.21

2026-09-20T15:29:03.479Z,33.48,74.23

2026-09-20T15:29:08.485Z,33.48,74.26

2026-09-20T15:29:13.496Z,33.48,74.32

2026-09-20T15:29:18.484Z,33.46,74.27

2026-09-20T15:29:23.486Z,33.47,74.25

2026-09-20T15:29:28.485Z,33.46,74.26

2026-09-20T15:29:33.485Z,33.48,74.28

2026-09-20T15:29:38.491Z,33.48,74.22

2026-09-20T15:29:43.502Z,33.47,74.33

2026-09-20T15:29:48.489Z,33.49,74.24

2026-09-20T15:29:53.488Z,33.47,74.25

2026-09-20T15:29:58.488Z,33.48,74.26

2026-09-20T15:30:03.491Z,33.5,74.24

2026-09-20T15:30:08.490Z,33.49,74.24

2026-09-20T15:30:13.501Z,33.49,74.26

2026-09-20T15:30:18.491Z,33.5,74.26

2026-09-20T15:30:23.489Z,33.49,74.21

2026-09-20T15:30:28.489Z,33.52,74.26

2026-09-20T15:30:33.491Z,33.51,74.23

2026-09-20T15:30:38.491Z,33.5,74.16

2026-09-20T15:30:43.504Z,33.5,74.2

2026-09-20T15:30:48.492Z,33.51,74.14

2026-09-20T15:30:53.491Z,33.52,74.1

2026-09-20T15:30:58.493Z,33.53,74.09

2026-09-20T15:31:03.496Z,33.51,74.14

2026-09-20T15:31:08.505Z,33.51,74.1

2026-09-20T15:31:13.517Z,33.51,74.11

2026-09-20T15:31:18.498Z,33.53,74.09

2026-09-20T15:31:23.498Z,33.51,74.05

2026-09-20T15:31:28.499Z,33.52,74.06

2026-09-20T15:31:33.499Z,33.53,74.08

2026-09-20T15:31:38.511Z,33.51,74.06

2026-09-20T15:31:43.523Z,33.54,74.09

2026-09-20T15:31:48.509Z,33.52,74.08

2026-09-20T15:31:53.509Z,33.52,74.04

2026-09-20T15:31:58.510Z,33.51,74.07

2026-09-20T15:32:03.509Z,33.52,74.06

2026-09-20T15:32:08.510Z,33.53,74.04

2026-09-20T15:32:13.524Z,33.52,74.04

2026-09-20T15:32:18.511Z,33.54,74.02

2026-09-20T15:32:23.512Z,33.52,74

2026-09-20T15:32:28.512Z,33.51,74.02

2026-09-20T15:32:33.511Z,33.52,74.07

2026-09-20T15:32:38.522Z,33.52,74

2026-09-20T15:32:43.533Z,33.53,74.08

2026-09-20T15:32:48.520Z,33.5,74.05

2026-09-20T15:32:53.524Z,33.51,74.09

2026-09-20T15:32:58.522Z,33.51,74

2026-09-20T15:33:03.523Z,33.51,74.08

2026-09-20T15:33:08.531Z,33.54,74.05

2026-09-20T15:33:13.542Z,33.52,74.02

2026-09-20T15:33:18.530Z,33.52,74.07

2026-09-20T15:33:23.530Z,33.52,74.04

2026-09-20T15:33:28.530Z,33.53,73.98

2026-09-20T15:33:33.530Z,33.52,74.09

2026-09-20T15:33:38.539Z,33.52,74.1

2026-09-20T15:33:43.550Z,33.51,74.07

2026-09-20T15:33:48.540Z,33.52,74.01

2026-09-20T15:33:53.540Z,33.5,74.07

2026-09-20T15:33:58.540Z,33.53,74.13

2026-09-20T15:34:03.540Z,33.51,74.05

2026-09-20T15:34:08.551Z,33.51,73.93

2026-09-20T15:34:13.561Z,33.53,74.03

2026-09-20T15:34:18.549Z,33.52,74.02

2026-09-20T15:34:23.549Z,33.52,74.04

2026-09-20T15:34:28.549Z,33.52,74.06

2026-09-20T15:34:33.550Z,33.53,74.02

2026-09-20T15:34:38.564Z,33.51,73.98

2026-09-20T15:34:43.573Z,33.51,73.96

2026-09-20T15:34:48.563Z,33.51,73.93

2026-09-20T15:34:53.562Z,33.52,73.94

2026-09-20T15:34:58.561Z,33.54,73.91

2026-09-20T15:35:03.563Z,33.53,73.93

2026-09-20T15:35:08.573Z,33.52,73.97

2026-09-20T15:35:13.579Z,33.53,73.99

2026-09-20T15:35:18.571Z,33.51,73.91

2026-09-20T15:35:23.570Z,33.54,73.9

2026-09-20T15:35:28.570Z,33.54,73.93

2026-09-20T15:35:33.570Z,33.53,73.89

2026-09-20T15:35:38.571Z,33.55,73.91

2026-09-20T15:35:43.586Z,33.53,73.94

2026-09-20T15:35:48.573Z,33.54,73.91

2026-09-20T15:35:53.573Z,33.54,73.96

2026-09-20T15:35:58.573Z,33.54,73.91

2026-09-20T15:36:03.575Z,33.53,73.94

2026-09-20T15:36:08.596Z,33.53,73.93

2026-09-20T15:36:13.607Z,33.54,73.98

2026-09-20T15:36:18.594Z,33.54,73.98

2026-09-20T15:36:23.598Z,33.54,73.98

2026-09-20T15:36:28.595Z,33.54,74.04

2026-09-20T15:36:33.597Z,33.56,74.05

2026-09-20T15:36:38.602Z,33.53,74

2026-09-20T15:36:43.613Z,33.53,74.02

2026-09-20T15:36:48.601Z,33.54,73.94

2026-09-20T15:36:53.601Z,33.55,74

2026-09-20T15:36:58.601Z,33.54,73.98

2026-09-20T15:37:03.603Z,33.55,74.05

2026-09-20T15:37:08.608Z,33.57,73.96

2026-09-20T15:37:13.619Z,33.54,74.08

2026-09-20T15:37:18.606Z,33.54,73.96

2026-09-20T15:37:23.606Z,33.54,73.97

2026-09-20T15:37:28.607Z,33.55,74.02

2026-09-20T15:37:33.608Z,33.53,74.1

2026-09-20T15:37:38.606Z,33.54,74.08

2026-09-20T15:37:43.618Z,33.53,74.31

2026-09-20T15:37:48.606Z,33.54,74.36

2026-09-20T15:37:53.608Z,33.53,74.45

2026-09-20T15:37:58.606Z,33.54,74.43

2026-09-20T15:38:03.607Z,33.53,74.49

2026-09-20T15:38:08.618Z,33.53,74.46

2026-09-20T15:38:13.628Z,33.51,74.57

2026-09-20T15:38:18.619Z,33.52,74.59

2026-09-20T15:38:23.620Z,33.51,74.59

2026-09-20T15:38:28.618Z,33.5,74.63

2026-09-20T15:38:33.619Z,33.52,74.67

2026-09-20T15:38:38.627Z,33.49,74.7

2026-09-20T15:38:43.638Z,33.48,74.85

2026-09-20T15:38:48.632Z,33.49,74.84

2026-09-20T15:38:53.627Z,33.49,74.82

2026-09-20T15:38:58.628Z,33.49,74.77

2026-09-20T15:39:03.628Z,33.48,74.85

2026-09-20T15:39:08.628Z,33.47,74.92

2026-09-20T15:39:13.642Z,33.45,75.02

2026-09-20T15:39:18.630Z,33.45,74.98

2026-09-20T15:39:23.630Z,33.47,75.01

2026-09-20T15:39:28.631Z,33.46,74.97

2026-09-20T15:39:33.633Z,33.44,74.99

2026-09-20T15:39:38.633Z,33.46,75.06

2026-09-20T15:39:43.645Z,33.42,75.16

2026-09-20T15:39:48.632Z,33.44,75.1

2026-09-20T15:39:53.633Z,33.41,75.12

2026-09-20T15:39:58.634Z,33.43,75.1

2026-09-20T15:40:03.633Z,33.44,75.18

2026-09-20T15:40:08.643Z,33.44,75.23

2026-09-20T15:40:13.656Z,33.42,75.28

2026-09-20T15:40:18.642Z,33.41,75.18

2026-09-20T15:40:23.644Z,33.41,75.18

2026-09-20T15:40:28.645Z,33.41,75.26

2026-09-20T15:40:33.643Z,33.39,75.32

2026-09-20T15:40:38.658Z,33.39,75.34

2026-09-20T15:40:43.667Z,33.39,75.3

2026-09-20T15:40:48.657Z,33.38,75.41

2026-09-20T15:40:53.658Z,33.4,75.38

2026-09-20T15:40:58.657Z,33.38,75.36

2026-09-20T15:41:03.656Z,33.37,75.41

2026-09-20T15:41:08.665Z,33.38,75.41

2026-09-20T15:41:13.678Z,33.36,75.48

2026-09-20T15:41:18.664Z,33.37,75.37

2026-09-20T15:41:23.667Z,33.36,75.42

2026-09-20T15:41:28.664Z,33.35,75.43

2026-09-20T15:41:33.664Z,33.35,75.43

2026-09-20T15:41:38.666Z,33.37,75.45

2026-09-20T15:41:43.679Z,33.34,75.48

2026-09-20T15:41:48.666Z,33.35,75.52

2026-09-20T15:41:53.664Z,33.33,75.49

2026-09-20T15:41:58.667Z,33.33,75.48

2026-09-20T15:42:03.667Z,33.34,75.5

2026-09-20T15:42:08.671Z,33.33,75.47

2026-09-20T15:42:13.679Z,33.31,75.57

2026-09-20T15:42:18.669Z,33.33,75.52

2026-09-20T15:42:23.668Z,33.33,75.51

2026-09-20T15:42:28.672Z,33.33,75.6

2026-09-20T15:42:33.670Z,33.32,75.54

2026-09-20T15:42:38.668Z,33.31,75.6

2026-09-20T15:42:43.685Z,33.31,75.67

2026-09-20T15:42:48.670Z,33.32,75.63

2026-09-20T15:42:53.669Z,33.31,75.63

2026-09-20T15:42:58.670Z,33.3,75.64

2026-09-20T15:43:03.671Z,33.3,75.66

2026-09-20T15:43:08.683Z,33.31,75.68

2026-09-20T15:43:13.695Z,33.3,75.78

2026-09-20T15:43:18.684Z,33.29,75.72

2026-09-20T15:43:23.683Z,33.29,75.74

2026-09-20T15:43:28.684Z,33.29,75.73

2026-09-20T15:43:33.684Z,33.29,75.73

2026-09-20T15:43:38.692Z,33.3,75.71

2026-09-20T15:43:43.705Z,33.29,75.81

2026-09-20T15:43:48.690Z,33.29,75.79

2026-09-20T15:43:53.689Z,33.28,75.82

2026-09-20T15:43:58.690Z,33.27,75.78

2026-09-20T15:44:03.691Z,33.29,75.78

2026-09-20T15:44:08.702Z,33.28,75.82

2026-09-20T15:44:13.713Z,33.26,75.84

2026-09-20T15:44:18.700Z,33.28,75.84

2026-09-20T15:44:23.702Z,33.28,75.82

2026-09-20T15:44:28.699Z,33.29,75.85

2026-09-20T15:44:33.700Z,33.28,75.75

2026-09-20T15:44:38.708Z,33.27,75.82

2026-09-20T15:44:43.718Z,33.26,75.91

2026-09-20T15:44:48.704Z,33.27,75.84

2026-09-20T15:44:53.704Z,33.27,75.84

2026-09-20T15:44:58.706Z,33.26,75.93

2026-09-20T15:45:03.704Z,33.26,75.86

2026-09-20T15:45:08.705Z,33.26,75.83

2026-09-20T15:45:13.716Z,33.25,75.89

2026-09-20T15:45:18.706Z,33.27,75.91

2026-09-20T15:45:23.708Z,33.25,76

2026-09-20T15:45:28.708Z,33.26,75.95

2026-09-20T15:45:33.707Z,33.25,75.99

2026-09-20T15:45:38.724Z,33.27,75.95

2026-09-20T15:45:43.740Z,33.25,76.01

2026-09-20T15:45:48.724Z,33.25,76.02

2026-09-20T15:45:53.723Z,33.24,76.03

2026-09-20T15:45:58.723Z,33.25,76.05

2026-09-20T15:46:03.723Z,33.23,76.05

2026-09-20T15:46:08.734Z,33.25,76.04

2026-09-20T15:46:13.744Z,33.24,76.07

2026-09-20T15:46:18.729Z,33.25,76.03

2026-09-20T15:46:23.730Z,33.23,76.07

2026-09-20T15:46:28.730Z,33.23,76.11

2026-09-20T15:46:33.733Z,33.23,76.09

2026-09-20T15:46:38.745Z,33.22,76.04

2026-09-20T15:46:43.756Z,33.23,76.07

2026-09-20T15:46:48.743Z,33.23,76.06

2026-09-20T15:46:53.745Z,33.21,76.08

2026-09-20T15:46:58.746Z,33.24,76.12

2026-09-20T15:47:03.746Z,33.2,76.12

2026-09-20T15:47:08.757Z,33.21,76.16

2026-09-20T15:47:13.767Z,33.2,76.17

2026-09-20T15:47:18.754Z,33.23,76.13

2026-09-20T15:47:23.755Z,33.21,76.15

2026-09-20T15:47:28.754Z,33.21,76.18

2026-09-20T15:47:33.756Z,33.2,76.17

2026-09-20T15:47:38.768Z,33.19,76.14

2026-09-20T15:47:43.777Z,33.2,76.19

2026-09-20T15:47:48.766Z,33.19,76.17

2026-09-20T15:47:53.765Z,33.19,76.21

2026-09-20T15:47:58.767Z,33.2,76.24

2026-09-20T15:48:03.766Z,33.21,76.24

2026-09-20T15:48:08.781Z,33.2,76.2

2026-09-20T15:48:13.791Z,33.18,76.21

2026-09-20T15:48:18.779Z,33.19,76.23

2026-09-20T15:48:23.780Z,33.19,76.24

2026-09-20T15:48:28.779Z,33.18,76.26

2026-09-20T15:48:33.780Z,33.19,76.19

2026-09-20T15:48:38.784Z,33.18,76.25

2026-09-20T15:48:43.794Z,33.16,76.33

2026-09-20T15:48:48.782Z,33.17,76.3

2026-09-20T15:48:53.786Z,33.17,76.31

2026-09-20T15:48:58.783Z,33.17,76.3

2026-09-20T15:49:03.784Z,33.17,76.26

2026-09-20T15:49:08.785Z,33.16,76.32

2026-09-20T15:49:13.796Z,33.15,76.41

2026-09-20T15:49:18.783Z,33.17,76.35

2026-09-20T15:49:23.782Z,33.14,76.35

2026-09-20T15:49:28.783Z,33.18,76.33

2026-09-20T15:49:33.785Z,33.14,76.35

2026-09-20T15:49:38.783Z,33.15,76.35

2026-09-20T15:49:43.798Z,33.15,76.44

2026-09-20T15:49:48.787Z,33.14,76.36

2026-09-20T15:49:53.791Z,33.15,76.38

2026-09-20T15:49:58.792Z,33.14,76.33

2026-09-20T15:50:03.789Z,33.16,76.34

2026-09-20T15:50:08.792Z,33.14,76.45

2026-09-20T15:50:13.802Z,33.16,76.4

2026-09-20T15:50:18.794Z,33.13,76.4

2026-09-20T15:50:23.790Z,33.14,76.44

2026-09-20T15:50:28.790Z,33.13,76.36

2026-09-20T15:50:33.792Z,33.14,76.36

2026-09-20T15:50:38.817Z,33.15,76.36

2026-09-20T15:50:43.827Z,33.14,76.47

2026-09-20T15:50:48.815Z,33.15,76.37

2026-09-20T15:50:53.815Z,33.14,76.48

2026-09-20T15:50:58.816Z,33.14,76.45

2026-09-20T15:51:03.818Z,33.15,76.53

2026-09-20T15:51:08.822Z,33.13,76.43

2026-09-20T15:51:13.835Z,33.13,76.48

2026-09-20T15:51:18.823Z,33.14,76.43

2026-09-20T15:51:23.821Z,33.13,76.45

2026-09-20T15:51:28.825Z,33.12,76.48

2026-09-20T15:51:33.821Z,33.12,76.44

2026-09-20T15:51:38.823Z,33.13,76.48

2026-09-20T15:51:43.832Z,33.11,76.51

2026-09-20T15:51:48.822Z,33.12,76.48

2026-09-20T15:51:53.824Z,33.1,76.53

2026-09-20T15:51:58.825Z,33.1,76.54

2026-09-20T15:52:03.826Z,33.08,76.56

2026-09-20T15:52:08.826Z,33.08,76.6

2026-09-20T15:52:13.839Z,33.09,76.6

2026-09-20T15:52:18.824Z,33.07,76.61

2026-09-20T15:52:23.827Z,33.07,76.66

2026-09-20T15:52:28.826Z,33.06,76.74

2026-09-20T15:52:33.826Z,33.05,76.71

2026-09-20T15:52:38.833Z,33.04,76.68

2026-09-20T15:52:43.843Z,33.03,76.79

2026-09-20T15:52:48.831Z,33.04,76.78

2026-09-20T15:52:53.830Z,33.04,76.81

2026-09-20T15:52:58.830Z,33.03,76.79

2026-09-20T15:53:03.831Z,33.03,76.84

2026-09-20T15:53:08.833Z,33.03,76.85

2026-09-20T15:53:13.848Z,33.04,76.81

2026-09-20T15:53:18.832Z,33.04,76.77

2026-09-20T15:53:23.836Z,33.04,76.73

2026-09-20T15:53:28.835Z,33.02,76.71

2026-09-20T15:53:33.833Z,33.02,76.73

2026-09-20T15:53:38.833Z,33,76.73

2026-09-20T15:53:43.846Z,33.01,76.87

2026-09-20T15:53:48.835Z,33.01,76.79

2026-09-20T15:53:53.836Z,32.99,76.86

2026-09-20T15:53:58.837Z,33.01,76.81

2026-09-20T15:54:03.837Z,33.01,76.88

2026-09-20T15:54:08.849Z,33,76.9

2026-09-20T15:54:13.858Z,33,77

2026-09-20T15:54:18.846Z,33,76.9

2026-09-20T15:54:23.849Z,32.99,76.99

2026-09-20T15:54:28.848Z,32.99,76.97

2026-09-20T15:54:33.847Z,32.99,76.99

2026-09-20T15:54:38.865Z,33.01,77.03

2026-09-20T15:54:43.873Z,33,77.12

2026-09-20T15:54:48.865Z,32.99,77.1

2026-09-20T15:54:53.864Z,33.01,77.11

2026-09-20T15:54:58.864Z,33.01,77.1

2026-09-20T15:55:03.866Z,32.98,77.07

2026-09-20T15:55:08.876Z,32.99,77.11

2026-09-20T15:55:13.885Z,32.99,77.14

2026-09-20T15:55:18.875Z,33,77.1

2026-09-20T15:55:23.876Z,32.99,77.11

2026-09-20T15:55:28.874Z,33.01,77.1

2026-09-20T15:55:33.876Z,33.02,77.09

2026-09-20T15:55:38.875Z,33,77.08

2026-09-20T15:55:43.885Z,33,77.06

2026-09-20T15:55:48.878Z,33,77.06

2026-09-20T15:55:53.877Z,33,77.09

2026-09-20T15:55:58.877Z,33.03,77.02

2026-09-20T15:56:03.877Z,33,77.06

2026-09-20T15:56:08.879Z,33.03,77.03

2026-09-20T15:56:13.889Z,33.03,76.97

2026-09-20T15:56:18.878Z,33.03,77.04

2026-09-20T15:56:23.879Z,33.04,76.97

2026-09-20T15:56:28.879Z,33.05,76.91

2026-09-20T15:56:33.879Z,33.04,76.93

2026-09-20T15:56:38.878Z,33.06,76.93

2026-09-20T15:56:43.890Z,33.06,76.92

2026-09-20T15:56:48.880Z,33.05,76.87

2026-09-20T15:56:53.881Z,33.07,76.79

2026-09-20T15:56:58.879Z,33.08,76.8

2026-09-20T15:57:03.880Z,33.08,76.76

2026-09-20T15:57:08.889Z,33.12,76.77

2026-09-20T15:57:13.902Z,33.09,76.7

2026-09-20T15:57:18.891Z,33.12,76.62

2026-09-20T15:57:23.888Z,33.1,76.67

2026-09-20T15:57:28.887Z,33.1,76.56

2026-09-20T15:57:33.887Z,33.13,76.59

2026-09-20T15:57:38.899Z,33.11,76.59

2026-09-20T15:57:43.910Z,33.13,76.62

2026-09-20T15:57:48.894Z,33.14,76.56

2026-09-20T15:57:53.896Z,33.15,76.56

2026-09-20T15:57:58.898Z,33.17,76.56

2026-09-20T15:58:03.898Z,33.16,76.51

2026-09-20T15:58:08.898Z,33.16,76.48

2026-09-20T15:58:13.913Z,33.17,76.45

2026-09-20T15:58:18.900Z,33.18,76.42

2026-09-20T15:58:23.899Z,33.18,76.4

2026-09-20T15:58:28.898Z,33.19,76.32

2026-09-20T15:58:33.899Z,33.2,76.26

2026-09-20T15:58:38.901Z,33.18,76.33

2026-09-20T15:58:43.910Z,33.21,76.26

2026-09-20T15:58:48.898Z,33.21,76.23

2026-09-20T15:58:53.901Z,33.24,76.28

2026-09-20T15:58:58.901Z,33.21,76.38

2026-09-20T15:59:03.902Z,33.24,76.4

2026-09-20T15:59:08.913Z,33.23,76.42

2026-09-20T15:59:13.924Z,33.24,76.39

2026-09-20T15:59:18.913Z,33.24,76.32

2026-09-20T15:59:23.913Z,33.26,76.23

2026-09-20T15:59:28.911Z,33.25,76.27

2026-09-20T15:59:33.912Z,33.26,76.27

2026-09-20T15:59:38.923Z,33.27,76.27

2026-09-20T15:59:43.931Z,33.27,76.2

2026-09-20T15:59:48.922Z,33.29,76.17

2026-09-20T15:59:53.923Z,33.28,76.15

2026-09-20T15:59:58.921Z,33.28,76.13

2026-09-20T16:00:03.924Z,33.29,76.12

2026-09-20T16:00:08.930Z,33.29,76.08

2026-09-20T16:00:13.943Z,33.3,76.1

2026-09-20T16:00:18.926Z,33.31,76.08

2026-09-20T16:00:23.931Z,33.32,76.02

2026-09-20T16:00:28.930Z,33.31,76.06

2026-09-20T16:00:33.930Z,33.29,75.95

2026-09-20T16:00:38.934Z,33.31,75.98

2026-09-20T16:00:43.946Z,33.31,75.94

2026-09-20T16:00:48.934Z,33.3,75.86

2026-09-20T16:00:53.934Z,33.31,75.84

2026-09-20T16:00:58.934Z,33.32,75.89

2026-09-20T16:01:03.934Z,33.32,75.8

2026-09-20T16:01:08.951Z,33.33,75.8

2026-09-20T16:01:13.961Z,33.32,75.86

2026-09-20T16:01:18.949Z,33.32,75.81

2026-09-20T16:01:23.951Z,33.34,75.82

2026-09-20T16:01:28.951Z,33.32,75.83

2026-09-20T16:01:33.954Z,33.33,75.81

2026-09-20T16:01:38.958Z,33.33,75.82

2026-09-20T16:01:43.967Z,33.33,75.87

2026-09-20T16:01:48.957Z,33.34,75.73

2026-09-20T16:01:53.957Z,33.35,75.71

2026-09-20T16:01:58.965Z,33.33,75.73

2026-09-20T16:02:03.960Z,33.35,75.74

2026-09-20T16:02:08.963Z,33.34,75.72

2026-09-20T16:02:13.976Z,33.35,75.75

2026-09-20T16:02:18.963Z,33.37,75.7

2026-09-20T16:02:23.963Z,33.37,75.67

2026-09-20T16:02:28.964Z,33.36,75.66

2026-09-20T16:02:33.963Z,33.38,75.61

2026-09-20T16:02:38.961Z,33.36,75.65

2026-09-20T16:02:43.973Z,33.37,75.66

2026-09-20T16:02:48.963Z,33.39,75.7

2026-09-20T16:02:53.963Z,33.39,75.6

2026-09-20T16:02:58.964Z,33.4,75.61

2026-09-20T16:03:03.977Z,33.39,75.63

2026-09-20T16:03:08.965Z,33.4,75.56

2026-09-20T16:03:13.967Z,33.38,75.59

2026-09-20T16:03:18.965Z,33.41,75.47

2026-09-20T16:03:23.968Z,33.43,75.48

2026-09-20T16:03:28.967Z,33.42,75.49

2026-09-20T16:03:33.982Z,33.42,75.52

2026-09-20T16:03:38.968Z,33.45,75.44

2026-09-20T16:03:43.967Z,33.43,75.48

2026-09-20T16:03:48.967Z,33.44,75.43

2026-09-20T16:03:53.970Z,33.43,75.38

2026-09-20T16:03:58.970Z,33.44,75.38

2026-09-20T16:04:03.983Z,33.45,75.39

2026-09-20T16:04:08.973Z,33.47,75.34

2026-09-20T16:04:13.973Z,33.47,75.35

2026-09-20T16:04:18.972Z,33.46,75.27

2026-09-20T16:04:23.974Z,33.47,75.27

2026-09-20T16:04:28.980Z,33.48,75.22

2026-09-20T16:04:33.987Z,33.51,75.21

2026-09-20T16:04:38.975Z,33.5,75.19

2026-09-20T16:04:43.978Z,33.49,75.16

2026-09-20T16:04:48.977Z,33.5,75.19

2026-09-20T16:04:53.977Z,33.49,75.08

2026-09-20T16:04:58.985Z,33.5,75.13

2026-09-20T16:05:03.994Z,33.5,75.09

2026-09-20T16:05:08.984Z,33.5,75.11

2026-09-20T16:05:13.983Z,33.5,75.03

2026-09-20T16:05:18.984Z,33.49,75.02

2026-09-20T16:05:23.984Z,33.51,75.04

2026-09-20T16:05:28.997Z,33.51,75.03

2026-09-20T16:05:34.008Z,33.5,75.03

2026-09-20T16:05:38.995Z,33.52,75.01

2026-09-20T16:05:43.995Z,33.53,74.98

2026-09-20T16:05:48.994Z,33.52,74.97

2026-09-20T16:05:53.994Z,33.54,74.99

2026-09-20T16:05:59.010Z,33.54,75.02

2026-09-20T16:06:04.024Z,33.51,75.04

2026-09-20T16:06:09.007Z,33.54,75.01

2026-09-20T16:06:14.009Z,33.53,75

2026-09-20T16:06:19.008Z,33.56,74.95

2026-09-20T16:06:24.012Z,33.56,74.99

2026-09-20T16:06:29.014Z,33.55,75.03

2026-09-20T16:06:34.028Z,33.54,75.04

2026-09-20T16:06:39.013Z,33.54,75.08

2026-09-20T16:06:44.012Z,33.55,75.03

2026-09-20T16:06:49.012Z,33.56,75.03

2026-09-20T16:06:54.011Z,33.56,75.13

2026-09-20T16:06:59.018Z,33.56,75.04

2026-09-20T16:07:04.027Z,33.55,75.06

2026-09-20T16:07:09.017Z,33.54,75.03

2026-09-20T16:07:14.016Z,33.55,74.98

2026-09-20T16:07:19.017Z,33.54,74.99

2026-09-20T16:07:24.017Z,33.55,74.98

2026-09-20T16:07:29.017Z,33.56,74.99

2026-09-20T16:07:34.027Z,33.56,74.96

2026-09-20T16:07:39.018Z,33.56,74.97

2026-09-20T16:07:44.018Z,33.56,74.99

2026-09-20T16:07:49.017Z,33.56,75

2026-09-20T16:07:54.019Z,33.55,74.92

2026-09-20T16:07:59.028Z,33.54,74.99

2026-09-20T16:08:04.033Z,33.54,74.99

2026-09-20T16:08:09.027Z,33.56,74.96

2026-09-20T16:08:14.026Z,33.55,74.94

2026-09-20T16:08:19.026Z,33.55,74.89

2026-09-20T16:08:24.026Z,33.56,74.88

2026-09-20T16:08:29.039Z,33.56,74.92

2026-09-20T16:08:34.051Z,33.57,74.96

2026-09-20T16:08:39.041Z,33.58,74.89

2026-09-20T16:08:44.041Z,33.58,74.88

2026-09-20T16:08:49.040Z,33.6,74.88

2026-09-20T16:08:54.040Z,33.59,74.9

2026-09-20T16:08:59.047Z,33.6,74.87

2026-09-20T16:09:04.060Z,33.6,74.81

2026-09-20T16:09:09.046Z,33.59,74.81

2026-09-20T16:09:14.047Z,33.6,74.8

2026-09-20T16:09:19.048Z,33.6,74.76

2026-09-20T16:09:24.050Z,33.59,74.79

2026-09-20T16:09:29.052Z,33.59,74.73

2026-09-20T16:09:34.061Z,33.61,74.78

2026-09-20T16:09:39.049Z,33.63,74.74

2026-09-20T16:09:44.050Z,33.59,74.74

2026-09-20T16:09:49.050Z,33.64,74.76

2026-09-20T16:09:54.047Z,33.64,74.74

2026-09-20T16:09:59.061Z,33.61,74.75

2026-09-20T16:10:04.072Z,33.63,74.8

2026-09-20T16:10:09.060Z,33.62,74.67

2026-09-20T16:10:14.056Z,33.62,74.7

2026-09-20T16:10:19.060Z,33.6,74.66

2026-09-20T16:10:24.059Z,33.61,74.69

2026-09-20T16:10:29.062Z,33.62,74.71

2026-09-20T16:10:34.073Z,33.62,74.68

2026-09-20T16:10:39.060Z,33.62,74.63

2026-09-20T16:10:44.061Z,33.63,74.6

2026-09-20T16:10:49.062Z,33.64,74.66

2026-09-20T16:10:54.064Z,33.65,74.65

2026-09-20T16:10:59.063Z,33.65,74.63

2026-09-20T16:11:04.074Z,33.64,74.72

2026-09-20T16:11:09.064Z,33.65,74.57

2026-09-20T16:11:14.064Z,33.63,74.63

2026-09-20T16:11:19.063Z,33.64,74.58

2026-09-20T16:11:24.066Z,33.65,74.58

2026-09-20T16:11:29.069Z,33.63,74.57

2026-09-20T16:11:34.080Z,33.64,74.61

2026-09-20T16:11:39.071Z,33.66,74.55

2026-09-20T16:11:44.070Z,33.68,74.56

2026-09-20T16:11:49.069Z,33.67,74.5

2026-09-20T16:11:54.070Z,33.68,74.5

2026-09-20T16:11:59.081Z,33.68,74.47

2026-09-20T16:12:04.100Z,33.67,74.48

2026-09-20T16:12:09.082Z,33.66,74.47

2026-09-20T16:12:14.082Z,33.67,74.41

2026-09-20T16:12:19.082Z,33.68,74.35

2026-09-20T16:12:24.082Z,33.7,74.36

2026-09-20T16:12:29.096Z,33.68,74.34

2026-09-20T16:12:34.105Z,33.68,74.33

2026-09-20T16:12:39.094Z,33.7,74.3

2026-09-20T16:12:44.096Z,33.68,74.24

2026-09-20T16:12:49.095Z,33.7,74.24

2026-09-20T16:12:54.097Z,33.68,74.21

2026-09-20T16:12:59.098Z,33.69,74.23

2026-09-20T16:13:04.109Z,33.68,74.24

2026-09-20T16:13:09.097Z,33.68,74.24

2026-09-20T16:13:14.097Z,33.68,74.25

2026-09-20T16:13:19.097Z,33.68,74.23

2026-09-20T16:13:24.100Z,33.69,74.18

2026-09-20T16:13:29.103Z,33.67,74.16

2026-09-20T16:13:34.115Z,33.67,74.21

2026-09-20T16:13:39.100Z,33.65,74.24

2026-09-20T16:13:44.103Z,33.66,74.26

2026-09-20T16:13:49.102Z,33.68,74.22

2026-09-20T16:13:54.106Z,33.67,74.2

2026-09-20T16:13:59.105Z,33.69,74.21

2026-09-20T16:14:04.117Z,33.66,74.19

2026-09-20T16:14:09.105Z,33.66,74.17

2026-09-20T16:14:14.105Z,33.68,74.19

2026-09-20T16:14:19.104Z,33.66,74.2

2026-09-20T16:14:24.104Z,33.67,74.17

2026-09-20T16:14:29.117Z,33.67,74.21

2026-09-20T16:14:34.129Z,33.66,74.21

2026-09-20T16:14:39.116Z,33.67,74.21

2026-09-20T16:14:44.114Z,33.67,74.17

2026-09-20T16:14:49.118Z,33.67,74.25

2026-09-20T16:14:54.115Z,33.67,74.26

2026-09-20T16:14:59.120Z,33.68,74.28

2026-09-20T16:15:04.133Z,33.68,74.29

2026-09-20T16:15:09.121Z,33.67,74.27

2026-09-20T16:15:14.123Z,33.68,74.2

2026-09-20T16:15:19.122Z,33.69,74.27

2026-09-20T16:15:24.123Z,33.68,74.22

2026-09-20T16:15:29.122Z,33.68,74.22

2026-09-20T16:15:34.134Z,33.68,74.24

2026-09-20T16:15:39.123Z,33.69,74.17

2026-09-20T16:15:44.124Z,33.69,74.07

2026-09-20T16:15:49.123Z,33.7,74.09

2026-09-20T16:15:54.125Z,33.69,74.02

2026-09-20T16:15:59.125Z,33.68,74.01

2026-09-20T16:16:04.138Z,33.69,74.02

2026-09-20T16:16:09.127Z,33.69,73.96

2026-09-20T16:16:14.126Z,33.69,73.91

2026-09-20T16:16:19.126Z,33.71,73.97

2026-09-20T16:16:24.128Z,33.67,74.04

2026-09-20T16:16:29.126Z,33.69,74.03

2026-09-20T16:16:34.141Z,33.67,74.03

2026-09-20T16:16:39.127Z,33.69,74

2026-09-20T16:16:44.129Z,33.7,74

2026-09-20T16:16:49.129Z,33.7,74.03

2026-09-20T16:16:54.129Z,33.68,74.03

2026-09-20T16:16:59.141Z,33.68,74

2026-09-20T16:17:04.156Z,33.68,74.05

2026-09-20T16:17:09.140Z,33.67,74.06

2026-09-20T16:17:14.140Z,33.66,74.04

2026-09-20T16:17:19.140Z,33.66,74.04

2026-09-20T16:17:24.140Z,33.69,74

2026-09-20T16:17:29.156Z,33.67,74

2026-09-20T16:17:34.169Z,33.67,74.02

2026-09-20T16:17:39.155Z,33.67,74.01

2026-09-20T16:17:44.155Z,33.68,74.04

2026-09-20T16:17:49.155Z,33.65,74.06

2026-09-20T16:17:54.156Z,33.67,74.06

2026-09-20T16:17:59.160Z,33.67,74

2026-09-20T16:18:04.170Z,33.67,74.04

2026-09-20T16:18:09.159Z,33.67,74.05

2026-09-20T16:18:14.160Z,33.67,73.99

2026-09-20T16:18:19.161Z,33.65,74

2026-09-20T16:18:24.159Z,33.66,74.02

2026-09-20T16:18:29.162Z,33.67,73.98

2026-09-20T16:18:34.176Z,33.64,73.98

2026-09-20T16:18:39.163Z,33.67,73.92

2026-09-20T16:18:44.161Z,33.66,74.01

2026-09-20T16:18:49.160Z,33.67,74

2026-09-20T16:18:54.163Z,33.65,74.06

2026-09-20T16:18:59.178Z,33.65,74.03

2026-09-20T16:19:04.192Z,33.66,73.98

2026-09-20T16:19:09.175Z,33.68,74.08

2026-09-20T16:19:14.176Z,33.67,73.95

2026-09-20T16:19:19.177Z,33.66,73.98

2026-09-20T16:19:24.177Z,33.67,73.95

2026-09-20T16:19:29.188Z,33.68,73.98

2026-09-20T16:19:34.200Z,33.65,74.02

2026-09-20T16:19:39.189Z,33.63,73.98

2026-09-20T16:19:44.186Z,33.66,73.99

2026-09-20T16:19:49.186Z,33.66,73.98

2026-09-20T16:19:54.188Z,33.65,73.98

2026-09-20T16:19:59.193Z,33.66,74.03

2026-09-20T16:20:04.209Z,33.65,74

2026-09-20T16:20:09.192Z,33.65,74.03

2026-09-20T16:20:14.192Z,33.65,74

2026-09-20T16:20:19.193Z,33.64,74.01

2026-09-20T16:20:24.193Z,33.64,74

2026-09-20T16:20:29.201Z,33.63,74.02

2026-09-20T16:20:34.213Z,33.66,74.07

2026-09-20T16:20:39.201Z,33.64,73.98

2026-09-20T16:20:44.201Z,33.65,74.02

2026-09-20T16:20:49.199Z,33.65,73.98

2026-09-20T16:20:54.199Z,33.65,73.97

2026-09-20T16:20:59.202Z,33.64,73.96

2026-09-20T16:21:04.213Z,33.65,74.05

2026-09-20T16:21:09.198Z,33.64,73.99

2026-09-20T16:21:14.201Z,33.65,73.99

2026-09-20T16:21:19.200Z,33.63,73.95

2026-09-20T16:21:24.200Z,33.63,73.97

2026-09-20T16:21:29.201Z,33.64,73.9

2026-09-20T16:21:34.218Z,33.6,73.97

2026-09-20T16:21:39.203Z,33.63,73.97

2026-09-20T16:21:44.204Z,33.63,74.01

2026-09-20T16:21:49.204Z,33.61,74.01

2026-09-20T16:21:54.202Z,33.63,73.97

2026-09-20T16:21:59.203Z,33.64,74.04

2026-09-20T16:22:04.218Z,33.62,73.98

2026-09-20T16:22:09.205Z,33.61,74.04

2026-09-20T16:22:14.205Z,33.61,73.97

2026-09-20T16:22:19.205Z,33.62,73.96

2026-09-20T16:22:24.208Z,33.62,74.01

2026-09-20T16:22:29.209Z,33.63,73.97

2026-09-20T16:22:34.224Z,33.6,74.05

2026-09-20T16:22:39.212Z,33.6,73.95

2026-09-20T16:22:44.208Z,33.62,73.97

2026-09-20T16:22:49.208Z,33.61,73.97

2026-09-20T16:22:54.212Z,33.6,73.97

2026-09-20T16:22:59.223Z,33.61,73.91

2026-09-20T16:23:04.233Z,33.61,73.97

2026-09-20T16:23:09.224Z,33.59,73.92

2026-09-20T16:23:14.222Z,33.59,73.99

2026-09-20T16:23:19.220Z,33.6,73.96

2026-09-20T16:23:24.220Z,33.6,73.99

2026-09-20T16:23:29.231Z,33.6,73.99

2026-09-20T16:23:34.242Z,33.59,74.05

2026-09-20T16:23:39.231Z,33.59,73.94

2026-09-20T16:23:44.230Z,33.61,74.02

2026-09-20T16:23:49.229Z,33.58,74

2026-09-20T16:23:54.231Z,33.58,73.97

2026-09-20T16:23:59.237Z,33.6,73.99

2026-09-20T16:24:04.249Z,33.58,74.04

2026-09-20T16:24:09.235Z,33.59,73.97

2026-09-20T16:24:14.234Z,33.57,74

2026-09-20T16:24:19.237Z,33.57,73.99

2026-09-20T16:24:24.235Z,33.6,73.97

2026-09-20T16:24:29.246Z,33.59,73.96

2026-09-20T16:24:34.257Z,33.58,73.95

2026-09-20T16:24:39.245Z,33.6,73.89

2026-09-20T16:24:44.245Z,33.58,73.9

2026-09-20T16:24:49.244Z,33.58,73.86

2026-09-20T16:24:54.244Z,33.57,73.92

2026-09-20T16:24:59.252Z,33.59,73.94

2026-09-20T16:25:04.262Z,33.58,73.96

2026-09-20T16:25:09.253Z,33.57,73.97

2026-09-20T16:25:14.250Z,33.56,73.92

2026-09-20T16:25:19.250Z,33.57,73.96

2026-09-20T16:25:24.251Z,33.58,73.97

2026-09-20T16:25:29.262Z,33.57,73.93

2026-09-20T16:25:34.272Z,33.57,74.02

2026-09-20T16:25:39.262Z,33.56,73.98

2026-09-20T16:25:44.262Z,33.56,73.99

2026-09-20T16:25:49.261Z,33.56,73.97

2026-09-20T16:25:54.261Z,33.55,74.03

2026-09-20T16:25:59.270Z,33.54,73.99

2026-09-20T16:26:04.279Z,33.55,73.99

2026-09-20T16:26:09.269Z,33.56,74

2026-09-20T16:26:14.267Z,33.56,74.02

2026-09-20T16:26:19.269Z,33.53,73.96

2026-09-20T16:26:24.270Z,33.56,73.97

2026-09-20T16:26:29.280Z,33.56,73.95

2026-09-20T16:26:34.296Z,33.54,74.04

2026-09-20T16:26:39.279Z,33.55,74.05

2026-09-20T16:26:44.277Z,33.54,74

2026-09-20T16:26:49.279Z,33.53,73.96

2026-09-20T16:26:54.278Z,33.54,73.99

2026-09-20T16:26:59.294Z,33.53,74.05

2026-09-20T16:27:04.303Z,33.55,73.97

2026-09-20T16:27:09.293Z,33.54,74.02

2026-09-20T16:27:14.294Z,33.54,74.02

2026-09-20T16:27:19.294Z,33.53,73.95

2026-09-20T16:27:24.295Z,33.55,74.02

2026-09-20T16:27:29.307Z,33.55,73.99

2026-09-20T16:27:34.318Z,33.53,73.99

2026-09-20T16:27:39.305Z,33.53,73.99

2026-09-20T16:27:44.306Z,33.54,74.01

2026-09-20T16:27:49.308Z,33.54,73.99

2026-09-20T16:27:54.308Z,33.54,73.98

2026-09-20T16:27:59.307Z,33.53,73.97

2026-09-20T16:28:04.319Z,33.51,74.09

2026-09-20T16:28:09.308Z,33.52,74.04

2026-09-20T16:28:14.309Z,33.51,74.04

2026-09-20T16:28:19.310Z,33.52,74.06

2026-09-20T16:28:24.309Z,33.52,74.03

2026-09-20T16:28:29.310Z,33.51,73.97

2026-09-20T16:28:34.324Z,33.5,74.01

2026-09-20T16:28:39.309Z,33.53,73.98

2026-09-20T16:28:44.310Z,33.52,73.97

2026-09-20T16:28:49.309Z,33.51,74.02

2026-09-20T16:28:54.309Z,33.52,74.11

2026-09-20T16:28:59.329Z,33.51,74.06

2026-09-20T16:29:04.338Z,33.51,74.1

2026-09-20T16:29:09.327Z,33.52,74.08

2026-09-20T16:29:14.327Z,33.5,74.17

2026-09-20T16:29:19.328Z,33.51,74.19

2026-09-20T16:29:24.328Z,33.5,74.2

2026-09-20T16:29:29.329Z,33.49,74.12

2026-09-20T16:29:34.342Z,33.48,74.21

2026-09-20T16:29:39.326Z,33.49,74.16

2026-09-20T16:29:44.329Z,33.49,74.18

2026-09-20T16:29:49.327Z,33.47,74.17

2026-09-20T16:29:54.329Z,33.49,74.22

2026-09-20T16:29:59.330Z,33.47,74.16

2026-09-20T16:30:04.338Z,33.49,74.23

2026-09-20T16:30:09.331Z,33.48,74.24

2026-09-20T16:30:14.332Z,33.47,74.17

2026-09-20T16:30:19.331Z,33.47,74.28

2026-09-20T16:30:24.332Z,33.49,74.22

2026-09-20T16:30:29.344Z,33.48,74.26

2026-09-20T16:30:34.358Z,33.48,74.27

2026-09-20T16:30:39.343Z,33.51,74.22

2026-09-20T16:30:44.344Z,33.49,74.24

2026-09-20T16:30:49.345Z,33.47,74.23

2026-09-20T16:30:54.345Z,33.48,74.26

2026-09-20T16:30:59.359Z,33.49,74.24

2026-09-20T16:31:04.371Z,33.49,74.27

2026-09-20T16:31:09.358Z,33.5,74.29

2026-09-20T16:31:14.357Z,33.5,74.22

2026-09-20T16:31:19.359Z,33.5,74.19

2026-09-20T16:31:24.361Z,33.5,74.25

2026-09-20T16:31:29.369Z,33.5,74.21

2026-09-20T16:31:34.382Z,33.51,74.23

2026-09-20T16:31:39.369Z,33.51,74.18

2026-09-20T16:31:44.372Z,33.53,74.23

2026-09-20T16:31:49.372Z,33.52,74.22

2026-09-20T16:31:54.371Z,33.53,74.23

2026-09-20T16:31:59.373Z,33.53,74.25

2026-09-20T16:32:04.383Z,33.53,74.22

2026-09-20T16:32:09.371Z,33.53,74.18

2026-09-20T16:32:14.372Z,33.54,74.17

2026-09-20T16:32:19.372Z,33.54,74.12

2026-09-20T16:32:24.371Z,33.55,74.14

2026-09-20T16:32:29.372Z,33.55,74.12

2026-09-20T16:32:34.384Z,33.58,74.1

2026-09-20T16:32:39.373Z,33.55,74.12

2026-09-20T16:32:44.372Z,33.56,74.04

2026-09-20T16:32:49.372Z,33.55,74.04

2026-09-20T16:32:54.374Z,33.58,74

2026-09-20T16:32:59.375Z,33.57,74.03

2026-09-20T16:33:04.389Z,33.58,74.05

2026-09-20T16:33:09.372Z,33.58,74.02

2026-09-20T16:33:14.373Z,33.58,73.9

2026-09-20T16:33:19.372Z,33.59,73.93

2026-09-20T16:33:24.375Z,33.61,73.96

2026-09-20T16:33:29.387Z,33.57,73.87

2026-09-20T16:33:34.398Z,33.58,73.93

2026-09-20T16:33:39.383Z,33.6,73.81

2026-09-20T16:33:44.383Z,33.6,73.91

2026-09-20T16:33:49.384Z,33.61,73.87

2026-09-20T16:33:54.384Z,33.62,73.81

2026-09-20T16:33:59.393Z,33.63,73.82

2026-09-20T16:34:04.404Z,33.61,73.87

2026-09-20T16:34:09.390Z,33.62,73.81

2026-09-20T16:34:14.391Z,33.64,73.77

2026-09-20T16:34:19.389Z,33.64,73.78

2026-09-20T16:34:24.392Z,33.62,73.73

2026-09-20T16:34:29.400Z,33.63,73.74

2026-09-20T16:34:34.413Z,33.63,73.78

2026-09-20T16:34:39.402Z,33.64,73.73

2026-09-20T16:34:44.401Z,33.64,73.75

2026-09-20T16:34:49.402Z,33.64,73.67

2026-09-20T16:34:54.400Z,33.65,73.72

2026-09-20T16:34:59.402Z,33.65,73.7

2026-09-20T16:35:04.415Z,33.66,73.77

2026-09-20T16:35:09.403Z,33.65,73.69

2026-09-20T16:35:14.406Z,33.66,73.68

2026-09-20T16:35:19.402Z,33.67,73.62

2026-09-20T16:35:24.403Z,33.67,73.61

2026-09-20T16:35:29.403Z,33.66,73.62

2026-09-20T16:35:34.418Z,33.67,73.65

2026-09-20T16:35:39.403Z,33.66,73.65

2026-09-20T16:35:44.405Z,33.65,73.56

2026-09-20T16:35:49.406Z,33.66,73.62

2026-09-20T16:35:54.407Z,33.68,73.62

2026-09-20T16:35:59.407Z,33.68,73.6

2026-09-20T16:36:04.423Z,33.66,73.59

2026-09-20T16:36:09.406Z,33.68,73.62

2026-09-20T16:36:14.409Z,33.68,73.63

2026-09-20T16:36:19.409Z,33.69,73.54

2026-09-20T16:36:24.410Z,33.69,73.6

2026-09-20T16:36:29.421Z,33.69,73.56

2026-09-20T16:36:34.433Z,33.69,73.59

2026-09-20T16:36:39.418Z,33.69,73.6

2026-09-20T16:36:44.418Z,33.71,73.6

2026-09-20T16:36:49.417Z,33.71,73.53

2026-09-20T16:36:54.418Z,33.71,73.54

2026-09-20T16:36:59.435Z,33.72,73.47

2026-09-20T16:37:04.443Z,33.7,73.55

2026-09-20T16:37:09.433Z,33.72,73.48

2026-09-20T16:37:14.429Z,33.72,73.47

2026-09-20T16:37:19.434Z,33.73,73.51

2026-09-20T16:37:24.432Z,33.72,73.5

2026-09-20T16:37:29.440Z,33.73,73.42

2026-09-20T16:37:34.451Z,33.73,73.48

2026-09-20T16:37:39.438Z,33.74,73.41

2026-09-20T16:37:44.437Z,33.74,73.46

2026-09-20T16:37:49.434Z,33.76,73.42

2026-09-20T16:37:54.437Z,33.76,73.41

2026-09-20T16:37:59.442Z,33.74,73.39

2026-09-20T16:38:04.453Z,33.75,73.38

2026-09-20T16:38:09.440Z,33.75,73.4

2026-09-20T16:38:14.439Z,33.75,73.31

2026-09-20T16:38:19.440Z,33.75,73.39

2026-09-20T16:38:24.440Z,33.75,73.33

2026-09-20T16:38:29.459Z,33.77,73.41

2026-09-20T16:38:34.467Z,33.76,73.31

2026-09-20T16:38:39.455Z,33.77,73.3

2026-09-20T16:38:44.457Z,33.76,73.37

2026-09-20T16:38:49.458Z,33.76,73.32

2026-09-20T16:38:54.456Z,33.78,73.35

2026-09-20T16:38:59.465Z,33.77,73.34

2026-09-20T16:39:04.472Z,33.77,73.35

2026-09-20T16:39:09.464Z,33.77,73.25

2026-09-20T16:39:14.465Z,33.78,73.28

2026-09-20T16:39:19.465Z,33.78,73.24

2026-09-20T16:39:24.464Z,33.77,73.26

2026-09-20T16:39:29.475Z,33.79,73.2

2026-09-20T16:39:34.486Z,33.78,73.19

2026-09-20T16:39:39.474Z,33.8,73.12

2026-09-20T16:39:44.475Z,33.78,73.18

2026-09-20T16:39:49.474Z,33.79,73.21

2026-09-20T16:39:54.474Z,33.78,73.15

2026-09-20T16:39:59.484Z,33.8,73.17

2026-09-20T16:40:04.493Z,33.79,73.17

2026-09-20T16:40:09.483Z,33.78,73.16

2026-09-20T16:40:14.482Z,33.77,73.18

2026-09-20T16:40:19.482Z,33.79,73.21

2026-09-20T16:40:24.482Z,33.79,73.19

2026-09-20T16:40:29.483Z,33.8,73.12

2026-09-20T16:40:34.493Z,33.79,73.19

2026-09-20T16:40:39.482Z,33.78,73.21

2026-09-20T16:40:44.483Z,33.79,73.18

2026-09-20T16:40:49.483Z,33.8,73.17

2026-09-20T16:40:54.483Z,33.8,73.15

2026-09-20T16:40:59.486Z,33.78,73.15

2026-09-20T16:41:04.500Z,33.79,73.16

2026-09-20T16:41:09.488Z,33.8,73.15

2026-09-20T16:41:14.485Z,33.81,73.12

2026-09-20T16:41:19.485Z,33.81,73.14

2026-09-20T16:41:24.498Z,33.82,73.2

2026-09-20T16:41:29.487Z,33.82,73.15

2026-09-20T16:41:34.488Z,33.8,73.13

2026-09-20T16:41:39.490Z,33.8,73.16

2026-09-20T16:41:44.487Z,33.8,73.15

2026-09-20T16:41:49.488Z,33.8,73.14

2026-09-20T16:41:54.502Z,33.84,73.16

2026-09-20T16:41:59.490Z,33.82,73.11

2026-09-20T16:42:04.493Z,33.79,73.06

2026-09-20T16:42:09.492Z,33.81,73.12

2026-09-20T16:42:14.493Z,33.82,73.04

2026-09-20T16:42:19.497Z,33.8,73.06

2026-09-20T16:42:24.511Z,33.8,73.09

2026-09-20T16:42:29.495Z,33.82,73.06

2026-09-20T16:42:34.496Z,33.8,73.05

2026-09-20T16:42:39.496Z,33.82,73.09

2026-09-20T16:42:44.493Z,33.82,73.06

2026-09-20T16:42:49.508Z,33.81,73.02

2026-09-20T16:42:54.520Z,33.81,73.16

2026-09-20T16:42:59.504Z,33.82,73.08

2026-09-20T16:43:04.506Z,33.81,73.06

2026-09-20T16:43:09.506Z,33.8,73.08

2026-09-20T16:43:14.506Z,33.82,73.04

2026-09-20T16:43:19.523Z,33.82,73.06

2026-09-20T16:43:24.535Z,33.81,73.08

2026-09-20T16:43:29.521Z,33.81,73.04

2026-09-20T16:43:34.523Z,33.82,73.08

2026-09-20T16:43:39.519Z,33.81,73.06

2026-09-20T16:43:44.521Z,33.83,73.05

2026-09-20T16:43:49.529Z,33.82,73.17

2026-09-20T16:43:54.539Z,33.83,73.13

2026-09-20T16:43:59.528Z,33.81,73.1

2026-09-20T16:44:04.527Z,33.82,73.11

2026-09-20T16:44:09.528Z,33.82,73.02

2026-09-20T16:44:14.528Z,33.83,73.04

2026-09-20T16:44:19.534Z,33.81,72.95

2026-09-20T16:44:24.545Z,33.81,72.99

2026-09-20T16:44:29.535Z,33.82,73.03

2026-09-20T16:44:34.536Z,33.82,72.98

2026-09-20T16:44:39.535Z,33.83,72.95

2026-09-20T16:44:44.536Z,33.81,72.95

2026-09-20T16:44:49.551Z,33.81,72.87

2026-09-20T16:44:54.563Z,33.8,72.94

2026-09-20T16:44:59.549Z,33.8,72.79

2026-09-20T16:45:04.550Z,33.81,72.72

2026-09-20T16:45:09.549Z,33.8,72.8

2026-09-20T16:45:14.549Z,33.77,72.8

2026-09-20T16:45:19.560Z,33.78,72.86

2026-09-20T16:45:24.573Z,33.79,72.94

2026-09-20T16:45:29.562Z,33.78,72.95

2026-09-20T16:45:34.562Z,33.78,72.98

2026-09-20T16:45:39.562Z,33.78,73.09

2026-09-20T16:45:44.561Z,33.78,73.08

2026-09-20T16:45:49.571Z,33.77,73.12

2026-09-20T16:45:54.585Z,33.76,73.14

2026-09-20T16:45:59.569Z,33.77,73.11

2026-09-20T16:46:04.570Z,33.77,73.01

2026-09-20T16:46:09.570Z,33.76,72.99

2026-09-20T16:46:14.570Z,33.76,73.05

2026-09-20T16:46:19.578Z,33.76,73.06

2026-09-20T16:46:24.585Z,33.75,73.13

2026-09-20T16:46:29.576Z,33.75,73.11

2026-09-20T16:46:34.574Z,33.74,73.19

2026-09-20T16:46:39.574Z,33.76,73.2

2026-09-20T16:46:44.576Z,33.76,73.21

2026-09-20T16:46:49.577Z,33.73,73.26

2026-09-20T16:46:54.586Z,33.75,73.34

2026-09-20T16:46:59.577Z,33.74,73.36

2026-09-20T16:47:04.575Z,33.74,73.34

2026-09-20T16:47:09.577Z,33.72,73.33

2026-09-20T16:47:14.576Z,33.74,73.31

2026-09-20T16:47:19.576Z,33.73,73.3

2026-09-20T16:47:24.589Z,33.72,73.24

2026-09-20T16:47:29.577Z,33.73,73.29

2026-09-20T16:47:34.577Z,33.75,73.3

2026-09-20T16:47:39.580Z,33.74,73.29

2026-09-20T16:47:44.580Z,33.72,73.33

2026-09-20T16:47:49.583Z,33.74,73.26

2026-09-20T16:47:54.596Z,33.74,73.33

2026-09-20T16:47:59.582Z,33.74,73.3

2026-09-20T16:48:04.581Z,33.73,73.34

2026-09-20T16:48:09.581Z,33.74,73.26

2026-09-20T16:48:14.582Z,33.72,73.29

2026-09-20T16:48:19.597Z,33.73,73.27

2026-09-20T16:48:24.607Z,33.73,73.32

2026-09-20T16:48:29.597Z,33.74,73.27

2026-09-20T16:48:34.600Z,33.74,73.27

2026-09-20T16:48:39.598Z,33.75,73.25

2026-09-20T16:48:44.599Z,33.73,73.26

2026-09-20T16:48:49.597Z,33.76,73.24

2026-09-20T16:48:54.612Z,33.74,73.19

2026-09-20T16:48:59.599Z,33.75,73.2

2026-09-20T16:49:04.599Z,33.75,73.15

2026-09-20T16:49:09.600Z,33.74,73.17

2026-09-20T16:49:14.599Z,33.75,73.18

2026-09-20T16:49:19.603Z,33.74,73.11

2026-09-20T16:49:24.617Z,33.75,73.18

2026-09-20T16:49:29.604Z,33.75,73.17

2026-09-20T16:49:34.604Z,33.76,73.16

2026-09-20T16:49:39.605Z,33.76,73.14

2026-09-20T16:49:44.605Z,33.75,73.08

2026-09-20T16:49:49.617Z,33.74,73.15

2026-09-20T16:49:54.633Z,33.74,73.17

2026-09-20T16:49:59.615Z,33.75,73.13

2026-09-20T16:50:04.617Z,33.76,73.13

2026-09-20T16:50:09.615Z,33.74,73.18

2026-09-20T16:50:14.617Z,33.74,73.19

2026-09-20T16:50:19.639Z,33.75,73.18

2026-09-20T16:50:24.648Z,33.73,73.19

2026-09-20T16:50:29.637Z,33.75,73.15

2026-09-20T16:50:34.636Z,33.75,73.14

2026-09-20T16:50:39.638Z,33.73,73.13

2026-09-20T16:50:44.637Z,33.76,73.16

2026-09-20T16:50:49.637Z,33.75,73.19

2026-09-20T16:50:54.650Z,33.74,73.19

2026-09-20T16:50:59.639Z,33.75,73.18

2026-09-20T16:51:04.638Z,33.76,73.13

2026-09-20T16:51:09.638Z,33.75,73.14

2026-09-20T16:51:14.638Z,33.76,73.21

2026-09-20T16:51:19.637Z,33.75,73.18

2026-09-20T16:51:24.649Z,33.75,73.21

2026-09-20T16:51:29.638Z,33.75,73.18

2026-09-20T16:51:34.643Z,33.75,73.13

2026-09-20T16:51:39.645Z,33.73,73.18

2026-09-20T16:51:44.644Z,33.75,73.14

2026-09-20T16:51:49.642Z,33.72,73.15

2026-09-20T16:51:54.657Z,33.75,73.17

2026-09-20T16:51:59.645Z,33.76,73.1

2026-09-20T16:52:04.645Z,33.74,73.12

2026-09-20T16:52:09.646Z,33.74,73.15

2026-09-20T16:52:14.646Z,33.74,73.16

2026-09-20T16:52:19.647Z,33.75,73.17

2026-09-20T16:52:24.658Z,33.76,73.11

2026-09-20T16:52:29.648Z,33.75,73.11

2026-09-20T16:52:34.649Z,33.74,73.08

2026-09-20T16:52:39.648Z,33.73,73.1

2026-09-20T16:52:44.648Z,33.76,73.09

2026-09-20T16:52:49.658Z,33.75,73.05

2026-09-20T16:52:54.670Z,33.74,73.13

2026-09-20T16:52:59.659Z,33.74,73.18

2026-09-20T16:53:04.660Z,33.75,73.16

2026-09-20T16:53:09.659Z,33.74,73.22

2026-09-20T16:53:14.661Z,33.73,73.25

2026-09-20T16:53:19.677Z,33.74,73.29

2026-09-20T16:53:24.686Z,33.73,73.25

2026-09-20T16:53:29.688Z,33.75,73.24

2026-09-20T16:53:34.676Z,33.73,73.18

2026-09-20T16:53:39.677Z,33.74,73.16

2026-09-20T16:53:44.677Z,33.75,73.22

2026-09-20T16:53:49.675Z,33.76,73.13

2026-09-20T16:53:54.689Z,33.74,73.19

2026-09-20T16:53:59.677Z,33.74,73.16

2026-09-20T16:54:04.680Z,33.74,73.2

2026-09-20T16:54:09.678Z,33.74,73.19

2026-09-20T16:54:14.680Z,33.75,73.17

2026-09-20T16:54:19.677Z,33.74,73.23

2026-09-20T16:54:24.693Z,33.75,73.11

2026-09-20T16:54:29.681Z,33.73,73.17

2026-09-20T16:54:34.681Z,33.77,73.13

2026-09-20T16:54:39.678Z,33.76,73.11

2026-09-20T16:54:44.680Z,33.75,73.1

2026-09-20T16:54:49.680Z,33.76,73.05

2026-09-20T16:54:54.694Z,33.75,73.11

2026-09-20T16:54:59.679Z,33.75,73.09

2026-09-20T16:55:04.679Z,33.75,73.12

2026-09-20T16:55:09.680Z,33.75,73.11

2026-09-20T16:55:14.683Z,33.75,73.05

2026-09-20T16:55:19.682Z,33.76,73.17

2026-09-20T16:55:24.695Z,33.75,73.13

2026-09-20T16:55:29.681Z,33.74,73.14

2026-09-20T16:55:34.682Z,33.75,73.12

2026-09-20T16:55:39.685Z,33.73,73.23

2026-09-20T16:55:44.684Z,33.73,73.23

2026-09-20T16:55:49.697Z,33.72,73.27

2026-09-20T16:55:54.715Z,33.74,73.24

2026-09-20T16:55:59.697Z,33.73,73.18

2026-09-20T16:56:04.699Z,33.75,73.13

2026-09-20T16:56:09.695Z,33.75,73.1

2026-09-20T16:56:14.698Z,33.73,73.11

2026-09-20T16:56:19.702Z,33.72,73

2026-09-20T16:56:24.716Z,33.72,73.1

2026-09-20T16:56:29.700Z,33.73,73.05

2026-09-20T16:56:34.702Z,33.72,73.08

2026-09-20T16:56:39.701Z,33.72,73.07

2026-09-20T16:56:44.702Z,33.72,73.09

2026-09-20T16:56:49.713Z,33.72,73.09

2026-09-20T16:56:54.728Z,33.72,73.16

2026-09-20T16:56:59.714Z,33.73,73.15

2026-09-20T16:57:04.713Z,33.72,73.21

2026-09-20T16:57:09.713Z,33.71,73.15

2026-09-20T16:57:14.714Z,33.71,73.11

2026-09-20T16:57:19.723Z,33.73,73.18

2026-09-20T16:57:24.732Z,33.72,73.23

2026-09-20T16:57:29.721Z,33.73,73.19

2026-09-20T16:57:34.722Z,33.73,73.23

2026-09-20T16:57:39.721Z,33.73,73.18

2026-09-20T16:57:44.721Z,33.71,73.21

2026-09-20T16:57:49.731Z,33.73,73.26

2026-09-20T16:57:54.744Z,33.73,73.22

2026-09-20T16:57:59.730Z,33.73,73.21

2026-09-20T16:58:04.729Z,33.72,73.25

2026-09-20T16:58:09.729Z,33.74,73.22

2026-09-20T16:58:14.730Z,33.75,73.21

2026-09-20T16:58:19.738Z,33.73,73.19

2026-09-20T16:58:24.747Z,33.73,73.23

2026-09-20T16:58:29.736Z,33.74,73.08

2026-09-20T16:58:34.736Z,33.73,73.11

2026-09-20T16:58:39.736Z,33.74,73.12

2026-09-20T16:58:44.733Z,33.72,73.13

2026-09-20T16:58:49.736Z,33.73,73.1

2026-09-20T16:58:54.746Z,33.72,73.14

2026-09-20T16:58:59.737Z,33.72,73.17

2026-09-20T16:59:04.737Z,33.74,73.21

2026-09-20T16:59:09.738Z,33.74,73.17

2026-09-20T16:59:14.739Z,33.76,73.17

2026-09-20T16:59:19.768Z,33.74,73.18

2026-09-20T16:59:24.779Z,33.74,73.19

2026-09-20T16:59:29.766Z,33.75,73.19

2026-09-20T16:59:34.769Z,33.74,73.19

2026-09-20T16:59:39.767Z,33.73,73.22

2026-09-20T16:59:44.768Z,33.72,73.21

2026-09-20T16:59:49.766Z,33.75,73.2

2026-09-20T16:59:54.780Z,33.74,73.22

2026-09-20T16:59:59.771Z,33.72,73.24

2026-09-20T17:00:04.767Z,33.74,73.21

2026-09-20T17:00:09.770Z,33.71,73.18

2026-09-20T17:00:14.771Z,33.73,73.18

2026-09-20T17:00:19.772Z,33.73,73.17

2026-09-20T17:00:24.783Z,33.73,73.25

2026-09-20T17:00:29.772Z,33.72,73.2

2026-09-20T17:00:34.773Z,33.73,73.2

2026-09-20T17:00:39.774Z,33.72,73.2

2026-09-20T17:00:44.775Z,33.7,73.24

2026-09-20T17:00:49.798Z,33.72,73.19

2026-09-20T17:00:54.807Z,33.72,73.23

2026-09-20T17:00:59.794Z,33.7,73.15

2026-09-20T17:01:04.796Z,33.7,73.24

2026-09-20T17:01:09.795Z,33.7,73.3

2026-09-20T17:01:14.796Z,33.7,73.27

2026-09-20T17:01:19.794Z,33.7,73.32

2026-09-20T17:01:24.808Z,33.71,73.34

2026-09-20T17:01:29.795Z,33.7,73.21

2026-09-20T17:01:34.796Z,33.69,73.22

2026-09-20T17:01:39.797Z,33.69,73.22

2026-09-20T17:01:44.796Z,33.71,73.23

2026-09-20T17:01:49.797Z,33.69,73.24

2026-09-20T17:01:54.806Z,33.7,73.33

2026-09-20T17:01:59.795Z,33.7,73.34

2026-09-20T17:02:04.795Z,33.71,73.25

2026-09-20T17:02:09.796Z,33.7,73.24

2026-09-20T17:02:14.795Z,33.68,73.31

2026-09-20T17:02:19.794Z,33.71,73.36

2026-09-20T17:02:24.807Z,33.7,73.38

2026-09-20T17:02:29.794Z,33.69,73.32

2026-09-20T17:02:34.795Z,33.69,73.42

2026-09-20T17:02:39.794Z,33.7,73.34

2026-09-20T17:02:44.797Z,33.68,73.36

2026-09-20T17:02:49.796Z,33.7,73.39

2026-09-20T17:02:54.821Z,33.68,73.44

2026-09-20T17:02:59.797Z,33.7,73.38

2026-09-20T17:03:04.801Z,33.68,73.39

2026-09-20T17:03:09.801Z,33.7,73.36

2026-09-20T17:03:14.801Z,33.69,73.39

2026-09-20T17:03:19.808Z,33.69,73.38

2026-09-20T17:03:24.819Z,33.69,73.43

2026-09-20T17:03:29.807Z,33.67,73.35

2026-09-20T17:03:34.807Z,33.69,73.42

2026-09-20T17:03:39.807Z,33.69,73.48

2026-09-20T17:03:44.808Z,33.69,73.41

2026-09-20T17:03:49.821Z,33.67,73.42

2026-09-20T17:03:54.834Z,33.7,73.43

2026-09-20T17:03:59.820Z,33.68,73.49

2026-09-20T17:04:04.821Z,33.69,73.46

2026-09-20T17:04:09.823Z,33.69,73.4

2026-09-20T17:04:14.823Z,33.69,73.4

2026-09-20T17:04:19.831Z,33.69,73.39

2026-09-20T17:04:24.839Z,33.69,73.38

2026-09-20T17:04:29.829Z,33.69,73.44

2026-09-20T17:04:34.829Z,33.69,73.42

2026-09-20T17:04:39.828Z,33.69,73.42

2026-09-20T17:04:44.829Z,33.7,73.45

2026-09-20T17:04:49.829Z,33.72,73.44

2026-09-20T17:04:54.840Z,33.69,73.46

2026-09-20T17:04:59.828Z,33.69,73.4

2026-09-20T17:05:04.828Z,33.69,73.44

2026-09-20T17:05:09.829Z,33.68,73.39

2026-09-20T17:05:14.830Z,33.69,73.46

2026-09-20T17:05:19.829Z,33.7,73.48

2026-09-20T17:05:24.844Z,33.68,73.45

2026-09-20T17:05:29.832Z,33.68,73.46

2026-09-20T17:05:34.831Z,33.69,73.46

2026-09-20T17:05:39.830Z,33.68,73.46

2026-09-20T17:05:44.833Z,33.69,73.44

2026-09-20T17:05:49.846Z,33.69,73.51

2026-09-20T17:05:54.857Z,33.69,73.53

2026-09-20T17:05:59.845Z,33.69,73.55

2026-09-20T17:06:04.846Z,33.7,73.51

2026-09-20T17:06:09.849Z,33.68,73.48

2026-09-20T17:06:14.849Z,33.67,73.51

2026-09-20T17:06:19.852Z,33.68,73.5

2026-09-20T17:06:24.860Z,33.68,73.56

2026-09-20T17:06:29.850Z,33.67,73.42

2026-09-20T17:06:34.853Z,33.66,73.5

2026-09-20T17:06:39.853Z,33.67,73.47

2026-09-20T17:06:44.852Z,33.66,73.49

2026-09-20T17:06:49.857Z,33.67,73.5

2026-09-20T17:06:54.872Z,33.66,73.55

2026-09-20T17:06:59.853Z,33.66,73.52

2026-09-20T17:07:04.855Z,33.67,73.5

2026-09-20T17:07:09.856Z,33.66,73.59

2026-09-20T17:07:14.856Z,33.66,73.58

2026-09-20T17:07:19.856Z,33.68,73.58

2026-09-20T17:07:24.868Z,33.67,73.6

2026-09-20T17:07:29.857Z,33.67,73.58

2026-09-20T17:07:34.856Z,33.68,73.59

2026-09-20T17:07:39.857Z,33.68,73.6

2026-09-20T17:07:44.860Z,33.67,73.59

2026-09-20T17:07:49.863Z,33.68,73.6

2026-09-20T17:07:54.874Z,33.67,73.68

2026-09-20T17:07:59.862Z,33.69,73.63

2026-09-20T17:08:04.864Z,33.66,73.67

2026-09-20T17:08:09.864Z,33.68,73.69

2026-09-20T17:08:14.865Z,33.66,73.68

2026-09-20T17:08:19.878Z,33.67,73.66

2026-09-20T17:08:24.888Z,33.66,73.73

2026-09-20T17:08:29.876Z,33.68,73.67

2026-09-20T17:08:34.876Z,33.65,73.69

2026-09-20T17:08:39.877Z,33.65,73.67

2026-09-20T17:08:44.879Z,33.67,73.66

2026-09-20T17:08:49.881Z,33.67,73.64

2026-09-20T17:08:54.890Z,33.67,73.72

2026-09-20T17:08:59.877Z,33.67,73.62

2026-09-20T17:09:04.878Z,33.66,73.62

2026-09-20T17:09:09.878Z,33.67,73.68

2026-09-20T17:09:14.879Z,33.66,73.59

2026-09-20T17:09:19.892Z,33.68,73.62

2026-09-20T17:09:24.902Z,33.66,73.75

2026-09-20T17:09:29.891Z,33.68,73.64

2026-09-20T17:09:34.891Z,33.67,73.68

2026-09-20T17:09:39.890Z,33.66,73.68

2026-09-20T17:09:44.893Z,33.68,73.63

2026-09-20T17:09:49.898Z,33.69,73.7

2026-09-20T17:09:54.911Z,33.67,73.67

2026-09-20T17:09:59.898Z,33.69,73.64

2026-09-20T17:10:04.899Z,33.68,73.7

2026-09-20T17:10:09.899Z,33.67,73.63

2026-09-20T17:10:14.896Z,33.7,73.65

2026-09-20T17:10:19.916Z,33.69,73.63

2026-09-20T17:10:24.927Z,33.69,73.71

2026-09-20T17:10:29.912Z,33.69,73.63

2026-09-20T17:10:34.912Z,33.7,73.67

2026-09-20T17:10:39.912Z,33.69,73.61

2026-09-20T17:10:44.913Z,33.67,73.63

2026-09-20T17:10:49.921Z,33.67,73.68

2026-09-20T17:10:54.930Z,33.68,73.7

2026-09-20T17:10:59.919Z,33.69,73.7

2026-09-20T17:11:04.919Z,33.68,73.65

2026-09-20T17:11:09.920Z,33.68,73.68

2026-09-20T17:11:14.921Z,33.68,73.69

2026-09-20T17:11:19.932Z,33.68,73.66

2026-09-20T17:11:24.946Z,33.68,73.75

2026-09-20T17:11:29.931Z,33.69,73.68

2026-09-20T17:11:34.931Z,33.68,73.71

2026-09-20T17:11:39.932Z,33.68,73.69

2026-09-20T17:11:44.931Z,33.69,73.71

2026-09-20T17:11:49.936Z,33.68,73.7

2026-09-20T17:11:54.946Z,33.7,73.67

2026-09-20T17:11:59.932Z,33.69,73.62

2026-09-20T17:12:04.932Z,33.7,73.61

2026-09-20T17:12:09.933Z,33.68,73.61

2026-09-20T17:12:14.933Z,33.69,73.61

2026-09-20T17:12:19.947Z,33.69,73.62

2026-09-20T17:12:24.959Z,33.7,73.59

2026-09-20T17:12:29.946Z,33.68,73.57

2026-09-20T17:12:34.945Z,33.69,73.62

2026-09-20T17:12:39.946Z,33.69,73.61

2026-09-20T17:12:44.945Z,33.69,73.6

2026-09-20T17:12:49.950Z,33.71,73.66

2026-09-20T17:12:54.966Z,33.66,73.66

2026-09-20T17:12:59.949Z,33.7,73.61

2026-09-20T17:13:04.950Z,33.7,73.68

2026-09-20T17:13:09.950Z,33.69,73.71

2026-09-20T17:13:14.951Z,33.7,73.69

2026-09-20T17:13:19.951Z,33.69,73.73

2026-09-20T17:13:24.964Z,33.65,73.77

2026-09-20T17:13:29.952Z,33.68,73.69

2026-09-20T17:13:34.950Z,33.68,73.77

2026-09-20T17:13:39.951Z,33.68,73.74

2026-09-20T17:13:44.953Z,33.7,73.75

2026-09-20T17:13:49.954Z,33.68,73.69

2026-09-20T17:13:54.970Z,33.69,73.69

2026-09-20T17:13:59.954Z,33.67,73.68

2026-09-20T17:14:04.956Z,33.69,73.71

2026-09-20T17:14:09.956Z,33.68,73.72

2026-09-20T17:14:14.955Z,33.68,73.67

2026-09-20T17:14:19.959Z,33.69,73.62

2026-09-20T17:14:24.974Z,33.69,73.64

2026-09-20T17:14:29.961Z,33.71,73.64

2026-09-20T17:14:34.960Z,33.69,73.64

2026-09-20T17:14:39.959Z,33.68,73.63

2026-09-20T17:14:44.958Z,33.69,73.63

2026-09-20T17:14:49.966Z,33.71,73.56

2026-09-20T17:14:54.978Z,33.67,73.63

2026-09-20T17:14:59.965Z,33.69,73.6

2026-09-20T17:15:04.965Z,33.69,73.66

2026-09-20T17:15:09.966Z,33.67,73.62

2026-09-20T17:15:14.967Z,33.69,73.63

2026-09-20T17:15:19.982Z,33.68,73.59

2026-09-20T17:15:24.992Z,33.68,73.66

2026-09-20T17:15:29.982Z,33.67,73.63

2026-09-20T17:15:34.985Z,33.69,73.67

2026-09-20T17:15:39.987Z,33.69,73.66

2026-09-20T17:15:44.983Z,33.71,73.65

2026-09-20T17:15:49.993Z,33.68,73.68

2026-09-20T17:15:55.004Z,33.68,73.7

2026-09-20T17:15:59.993Z,33.68,73.61

2026-09-20T17:16:04.993Z,33.68,73.67

2026-09-20T17:16:09.992Z,33.68,73.69

2026-09-20T17:16:14.992Z,33.69,73.71

2026-09-20T17:16:19.993Z,33.69,73.67

2026-09-20T17:16:25.004Z,33.68,73.72

2026-09-20T17:16:29.993Z,33.67,73.72

2026-09-20T17:16:34.993Z,33.69,73.72

2026-09-20T17:16:39.993Z,33.69,73.71

2026-09-20T17:16:44.993Z,33.67,73.72

2026-09-20T17:16:49.994Z,33.68,73.71

2026-09-20T17:16:55.003Z,33.68,73.71

2026-09-20T17:16:59.993Z,33.69,73.68

2026-09-20T17:17:04.993Z,33.67,73.66

2026-09-20T17:17:09.993Z,33.69,73.61

2026-09-20T17:17:14.994Z,33.69,73.65

2026-09-20T17:17:20.004Z,33.69,73.67

2026-09-20T17:17:25.013Z,33.68,73.75

2026-09-20T17:17:30.006Z,33.67,73.73

2026-09-20T17:17:35.004Z,33.69,73.73

2026-09-20T17:17:40.006Z,33.69,73.65

2026-09-20T17:17:45.005Z,33.68,73.68

2026-09-20T17:17:50.010Z,33.68,73.73

2026-09-20T17:17:55.022Z,33.68,73.67

2026-09-20T17:18:00.010Z,33.69,73.66

2026-09-20T17:18:05.011Z,33.68,73.7

2026-09-20T17:18:10.011Z,33.69,73.72

2026-09-20T17:18:15.011Z,33.66,73.72

2026-09-20T17:18:20.033Z,33.69,73.67

2026-09-20T17:18:25.044Z,33.69,73.68

2026-09-20T17:18:30.032Z,33.69,73.67

2026-09-20T17:18:35.034Z,33.69,73.67

2026-09-20T17:18:40.033Z,33.7,73.59

2026-09-20T17:18:45.034Z,33.68,73.6

2026-09-20T17:18:50.042Z,33.69,73.64

2026-09-20T17:18:55.055Z,33.68,73.69

2026-09-20T17:19:00.041Z,33.69,73.59

2026-09-20T17:19:05.042Z,33.69,73.66

2026-09-20T17:19:10.055Z,33.69,73.66

2026-09-20T17:19:15.042Z,33.69,73.65

2026-09-20T17:19:20.049Z,33.7,73.64

2026-09-20T17:19:25.063Z,33.69,73.6

2026-09-20T17:19:30.047Z,33.7,73.5

2026-09-20T17:19:35.047Z,33.72,73.57

2026-09-20T17:19:40.047Z,33.7,73.55

2026-09-20T17:19:45.049Z,33.7,73.61

2026-09-20T17:19:50.047Z,33.69,73.59

2026-09-20T17:19:55.062Z,33.69,73.63

2026-09-20T17:20:00.046Z,33.72,73.63

2026-09-20T17:20:05.052Z,33.72,73.62

2026-09-20T17:20:10.049Z,33.7,73.63

2026-09-20T17:20:15.046Z,33.71,73.68

2026-09-20T17:20:20.048Z,33.72,73.66

2026-09-20T17:20:25.058Z,33.7,73.7

2026-09-20T17:20:30.048Z,33.72,73.63

2026-09-20T17:20:35.050Z,33.7,73.62

2026-09-20T17:20:40.049Z,33.69,73.63

2026-09-20T17:20:45.049Z,33.7,73.6

2026-09-20T17:20:50.053Z,33.72,73.55

2026-09-20T17:20:55.065Z,33.71,73.65

2026-09-20T17:21:00.053Z,33.72,73.58

2026-09-20T17:21:05.053Z,33.72,73.54

2026-09-20T17:21:10.053Z,33.72,73.48

2026-09-20T17:21:15.057Z,33.71,73.51

2026-09-20T17:21:20.070Z,33.72,73.44

2026-09-20T17:21:25.082Z,33.7,73.53

2026-09-20T17:21:30.071Z,33.71,73.47

2026-09-20T17:21:35.071Z,33.72,73.48

2026-09-20T17:21:40.070Z,33.72,73.53

2026-09-20T17:21:45.070Z,33.72,73.47

2026-09-20T17:21:50.079Z,33.7,73.56

2026-09-20T17:21:55.089Z,33.69,73.59

2026-09-20T17:22:00.076Z,33.72,73.5

2026-09-20T17:22:05.076Z,33.69,73.42

2026-09-20T17:22:10.076Z,33.71,73.42

2026-09-20T17:22:15.077Z,33.72,73.46

2026-09-20T17:22:20.092Z,33.69,73.44

2026-09-20T17:22:25.106Z,33.7,73.49

2026-09-20T17:22:30.092Z,33.69,73.43

2026-09-20T17:22:35.092Z,33.71,73.36

2026-09-20T17:22:40.089Z,33.69,73.39

2026-09-20T17:22:45.089Z,33.72,73.4

2026-09-20T17:22:50.091Z,33.71,73.4

2026-09-20T17:22:55.106Z,33.71,73.5

2026-09-20T17:23:00.090Z,33.72,73.51

2026-09-20T17:23:05.091Z,33.68,73.45

2026-09-20T17:23:10.093Z,33.7,73.48

2026-09-20T17:23:15.091Z,33.7,73.47

2026-09-20T17:23:20.103Z,33.68,73.55

2026-09-20T17:23:25.119Z,33.68,73.53

2026-09-20T17:23:30.103Z,33.69,73.54

2026-09-20T17:23:35.104Z,33.7,73.58

2026-09-20T17:23:40.103Z,33.68,73.57

2026-09-20T17:23:45.104Z,33.69,73.57

2026-09-20T17:23:50.103Z,33.69,73.58

2026-09-20T17:23:55.114Z,33.69,73.54

2026-09-20T17:24:00.103Z,33.69,73.54

2026-09-20T17:24:05.104Z,33.68,73.52

2026-09-20T17:24:10.105Z,33.7,73.5

2026-09-20T17:24:15.102Z,33.67,73.52

2026-09-20T17:24:20.105Z,33.68,73.47

2026-09-20T17:24:25.116Z,33.69,73.53

2026-09-20T17:24:30.106Z,33.69,73.43

2026-09-20T17:24:35.105Z,33.67,73.41

2026-09-20T17:24:40.105Z,33.67,73.41

2026-09-20T17:24:45.106Z,33.67,73.42

2026-09-20T17:24:50.115Z,33.69,73.47

2026-09-20T17:24:55.127Z,33.68,73.6

2026-09-20T17:25:00.111Z,33.68,73.55

2026-09-20T17:25:05.111Z,33.67,73.54

2026-09-20T17:25:10.115Z,33.69,73.58

2026-09-20T17:25:15.114Z,33.68,73.6

2026-09-20T17:25:20.110Z,33.69,73.58

2026-09-20T17:25:25.125Z,33.67,73.51

2026-09-20T17:25:30.111Z,33.67,73.5

2026-09-20T17:25:35.113Z,33.7,73.51

2026-09-20T17:25:40.114Z,33.7,73.47

2026-09-20T17:25:45.114Z,33.67,73.53

2026-09-20T17:25:50.116Z,33.64,73.54

2026-09-20T17:25:55.129Z,33.66,73.55

2026-09-20T17:26:00.115Z,33.67,73.48

2026-09-20T17:26:05.117Z,33.68,73.53

2026-09-20T17:26:10.115Z,33.68,73.45

2026-09-20T17:26:15.119Z,33.68,73.46

2026-09-20T17:26:20.128Z,33.68,73.49

2026-09-20T17:26:25.139Z,33.67,73.49

2026-09-20T17:26:30.129Z,33.66,73.56

2026-09-20T17:26:35.129Z,33.66,73.56

2026-09-20T17:26:40.129Z,33.67,73.53

2026-09-20T17:26:45.129Z,33.67,73.57

2026-09-20T17:26:50.133Z,33.68,73.59

2026-09-20T17:26:55.145Z,33.67,73.61

2026-09-20T17:27:00.131Z,33.68,73.52

2026-09-20T17:27:05.134Z,33.67,73.49

2026-09-20T17:27:10.134Z,33.67,73.47

2026-09-20T17:27:15.132Z,33.69,73.54

2026-09-20T17:27:20.144Z,33.69,73.47

2026-09-20T17:27:25.154Z,33.68,73.43

2026-09-20T17:27:30.141Z,33.68,73.43

2026-09-20T17:27:35.143Z,33.69,73.45

2026-09-20T17:27:40.142Z,33.67,73.39

2026-09-20T17:27:45.142Z,33.69,73.49

2026-09-20T17:27:50.157Z,33.68,73.42

2026-09-20T17:27:55.167Z,33.68,73.49

2026-09-20T17:28:00.153Z,33.69,73.44

2026-09-20T17:28:05.156Z,33.68,73.46

2026-09-20T17:28:10.154Z,33.68,73.55

2026-09-20T17:28:15.155Z,33.67,73.49

2026-09-20T17:28:20.162Z,33.68,73.45

2026-09-20T17:28:25.170Z,33.68,73.42

2026-09-20T17:28:30.163Z,33.68,73.41

2026-09-20T17:28:35.164Z,33.67,73.37

2026-09-20T17:28:40.161Z,33.67,73.31

2026-09-20T17:28:45.160Z,33.66,73.27

2026-09-20T17:28:50.171Z,33.67,73.33

2026-09-20T17:28:55.180Z,33.67,73.35

2026-09-20T17:29:00.173Z,33.65,73.33

2026-09-20T17:29:05.172Z,33.66,73.37

2026-09-20T17:29:10.169Z,33.67,73.37

2026-09-20T17:29:15.171Z,33.67,73.34

2026-09-20T17:29:20.183Z,33.67,73.41

2026-09-20T17:29:25.194Z,33.67,73.33

2026-09-20T17:29:30.182Z,33.67,73.33

2026-09-20T17:29:35.183Z,33.66,73.36

2026-09-20T17:29:40.184Z,33.66,73.36

2026-09-20T17:29:45.181Z,33.67,73.43

2026-09-20T17:29:50.190Z,33.68,73.35

2026-09-20T17:29:55.202Z,33.66,73.4

2026-09-20T17:30:00.190Z,33.67,73.37

2026-09-20T17:30:05.191Z,33.69,73.34

2026-09-20T17:30:10.191Z,33.68,73.32

2026-09-20T17:30:15.191Z,33.67,73.34

2026-09-20T17:30:20.192Z,33.69,73.42

2026-09-20T17:30:25.201Z,33.66,73.53

2026-09-20T17:30:30.189Z,33.67,73.6

2026-09-20T17:30:35.190Z,33.68,73.61

2026-09-20T17:30:40.192Z,33.69,73.66

2026-09-20T17:30:45.191Z,33.69,73.63

2026-09-20T17:30:50.190Z,33.7,73.73

2026-09-20T17:30:55.205Z,33.66,73.8

2026-09-20T17:31:00.191Z,33.68,73.63

2026-09-20T17:31:05.189Z,33.66,73.41

2026-09-20T17:31:10.191Z,33.67,73.45

2026-09-20T17:31:15.189Z,33.66,73.39

2026-09-20T17:31:20.204Z,33.67,73.38

2026-09-20T17:31:25.214Z,33.66,73.37

2026-09-20T17:31:30.202Z,33.66,73.34

2026-09-20T17:31:35.203Z,33.69,73.45

2026-09-20T17:31:40.202Z,33.66,73.45

2026-09-20T17:31:45.202Z,33.66,73.46

2026-09-20T17:31:50.206Z,33.67,73.55

2026-09-20T17:31:55.216Z,33.66,73.58

2026-09-20T17:32:00.203Z,33.65,73.52

2026-09-20T17:32:05.204Z,33.68,73.46

2026-09-20T17:32:10.204Z,33.66,73.4

2026-09-20T17:32:15.205Z,33.66,73.33

2026-09-20T17:32:20.220Z,33.65,73.32

2026-09-20T17:32:25.231Z,33.66,73.36

2026-09-20T17:32:30.225Z,33.64,73.32

2026-09-20T17:32:35.225Z,33.64,73.3

2026-09-20T17:32:40.219Z,33.67,73.34

2026-09-20T17:32:45.221Z,33.66,73.35

2026-09-20T17:32:50.222Z,33.68,73.39

2026-09-20T17:32:55.234Z,33.64,73.43

2026-09-20T17:33:00.222Z,33.68,73.43

2026-09-20T17:33:05.223Z,33.66,73.39

2026-09-20T17:33:10.224Z,33.65,73.35

2026-09-20T17:33:15.224Z,33.66,73.36

2026-09-20T17:33:20.230Z,33.68,73.36

2026-09-20T17:33:25.239Z,33.67,73.34

2026-09-20T17:33:30.228Z,33.67,73.36

2026-09-20T17:33:35.228Z,33.67,73.41

2026-09-20T17:33:40.228Z,33.67,73.27

2026-09-20T17:33:45.227Z,33.65,73.22

2026-09-20T17:33:50.251Z,33.66,73.2

2026-09-20T17:33:55.262Z,33.65,73.23

2026-09-20T17:34:00.251Z,33.66,73.2

2026-09-20T17:34:05.250Z,33.68,73.19

2026-09-20T17:34:10.249Z,33.68,73.3

2026-09-20T17:34:15.249Z,33.65,73.2

2026-09-20T17:34:20.252Z,33.67,73.23

2026-09-20T17:34:25.261Z,33.65,73.29

2026-09-20T17:34:30.251Z,33.67,73.17

2026-09-20T17:34:35.254Z,33.65,73.12

2026-09-20T17:34:40.252Z,33.68,73.15

2026-09-20T17:34:45.252Z,33.67,73.13

2026-09-20T17:34:50.253Z,33.66,73.17

2026-09-20T17:34:55.266Z,33.66,73.15

2026-09-20T17:35:00.253Z,33.67,73.09

2026-09-20T17:35:05.254Z,33.68,73.13

2026-09-20T17:35:10.255Z,33.66,73.09

2026-09-20T17:35:15.254Z,33.68,73.02

2026-09-20T17:35:20.256Z,33.68,73.05

2026-09-20T17:35:25.268Z,33.66,73.08

2026-09-20T17:35:30.256Z,33.66,73.04

2026-09-20T17:35:35.255Z,33.67,73

2026-09-20T17:35:40.256Z,33.66,72.94

2026-09-20T17:35:45.259Z,33.67,72.99

2026-09-20T17:35:50.259Z,33.67,73

2026-09-20T17:35:55.272Z,33.68,73.03

2026-09-20T17:36:00.263Z,33.67,73

2026-09-20T17:36:05.262Z,33.67,73

2026-09-20T17:36:10.261Z,33.67,73.01

2026-09-20T17:36:15.262Z,33.67,72.96

2026-09-20T17:36:20.288Z,33.67,72.89

2026-09-20T17:36:25.301Z,33.67,72.96

2026-09-20T17:36:30.284Z,33.67,72.89

2026-09-20T17:36:35.287Z,33.69,72.88

2026-09-20T17:36:40.286Z,33.68,72.85

2026-09-20T17:36:45.285Z,33.65,72.84

2026-09-20T17:36:50.298Z,33.67,72.85

2026-09-20T17:36:55.308Z,33.69,72.91

2026-09-20T17:37:00.297Z,33.67,72.8

2026-09-20T17:37:05.297Z,33.67,72.76

2026-09-20T17:37:10.298Z,33.68,72.71

2026-09-20T17:37:15.298Z,33.68,72.72

2026-09-20T17:37:20.301Z,33.69,72.69

2026-09-20T17:37:25.312Z,33.67,72.71

2026-09-20T17:37:30.301Z,33.66,72.62

2026-09-20T17:37:35.302Z,33.67,72.65

2026-09-20T17:37:40.301Z,33.67,72.7

2026-09-20T17:37:45.302Z,33.66,72.72

2026-09-20T17:37:50.302Z,33.67,72.74

2026-09-20T17:37:55.315Z,33.67,72.74

2026-09-20T17:38:00.304Z,33.67,72.68

2026-09-20T17:38:05.303Z,33.67,72.68

2026-09-20T17:38:10.302Z,33.7,72.64

2026-09-20T17:38:15.305Z,33.68,72.63

2026-09-20T17:38:20.304Z,33.69,72.62

2026-09-20T17:38:25.317Z,33.67,72.64

2026-09-20T17:38:30.303Z,33.68,72.52

2026-09-20T17:38:35.303Z,33.69,72.53

2026-09-20T17:38:40.303Z,33.7,72.5

2026-09-20T17:38:45.305Z,33.68,72.47

2026-09-20T17:38:50.315Z,33.7,72.48

2026-09-20T17:38:55.324Z,33.7,72.45

2026-09-20T17:39:00.316Z,33.71,72.44

2026-09-20T17:39:05.315Z,33.7,72.43

2026-09-20T17:39:10.315Z,33.7,72.4

2026-09-20T17:39:15.315Z,33.71,72.4

2026-09-20T17:39:20.321Z,33.69,72.43

2026-09-20T17:39:25.335Z,33.71,72.48

2026-09-20T17:39:30.323Z,33.7,72.47

2026-09-20T17:39:35.322Z,33.7,72.47

2026-09-20T17:39:40.322Z,33.71,72.49

2026-09-20T17:39:45.320Z,33.69,72.43

2026-09-20T17:39:50.338Z,33.69,72.46

2026-09-20T17:39:55.351Z,33.7,72.38

2026-09-20T17:40:00.335Z,33.7,72.42

2026-09-20T17:40:05.335Z,33.7,72.35

2026-09-20T17:40:10.335Z,33.72,72.38

2026-09-20T17:40:15.335Z,33.7,72.36

2026-09-20T17:40:20.342Z,33.72,72.35

2026-09-20T17:40:25.357Z,33.7,72.43

2026-09-20T17:40:30.340Z,33.71,72.41

2026-09-20T17:40:35.343Z,33.71,72.37

2026-09-20T17:40:40.343Z,33.71,72.36

2026-09-20T17:40:45.342Z,33.7,72.4

2026-09-20T17:40:50.351Z,33.7,72.34

2026-09-20T17:40:55.367Z,33.7,72.41

2026-09-20T17:41:00.351Z,33.71,72.34

2026-09-20T17:41:05.350Z,33.7,72.42

2026-09-20T17:41:10.351Z,33.71,72.38

2026-09-20T17:41:15.354Z,33.7,72.38

2026-09-20T17:41:20.380Z,33.68,72.46

2026-09-20T17:41:25.391Z,33.7,72.41

2026-09-20T17:41:30.377Z,33.72,72.42

2026-09-20T17:41:35.381Z,33.68,72.42

2026-09-20T17:41:40.381Z,33.71,72.34

2026-09-20T17:41:45.379Z,33.7,72.34

2026-09-20T17:41:50.386Z,33.69,72.33

2026-09-20T17:41:55.396Z,33.69,72.38

2026-09-20T17:42:00.385Z,33.71,72.3

2026-09-20T17:42:05.384Z,33.71,72.25

2026-09-20T17:42:10.386Z,33.7,72.22

2026-09-20T17:42:15.385Z,33.69,72.31

2026-09-20T17:42:20.385Z,33.71,72.25

2026-09-20T17:42:25.400Z,33.69,72.31

2026-09-20T17:42:30.385Z,33.7,72.28

2026-09-20T17:42:35.385Z,33.71,72.23

2026-09-20T17:42:40.387Z,33.72,72.31

2026-09-20T17:42:45.389Z,33.71,72.26

2026-09-20T17:42:50.388Z,33.7,72.24

2026-09-20T17:42:55.402Z,33.69,72.33

2026-09-20T17:43:00.389Z,33.7,72.3

2026-09-20T17:43:05.388Z,33.71,72.26

2026-09-20T17:43:10.388Z,33.7,72.26

2026-09-20T17:43:15.388Z,33.7,72.29

2026-09-20T17:43:20.388Z,33.7,72.31

2026-09-20T17:43:25.404Z,33.69,72.38

2026-09-20T17:43:30.391Z,33.68,72.3

2026-09-20T17:43:35.391Z,33.7,72.35

2026-09-20T17:43:40.392Z,33.72,72.33

2026-09-20T17:43:45.392Z,33.69,72.32

2026-09-20T17:43:50.390Z,33.71,72.31

2026-09-20T17:43:55.403Z,33.7,72.39

2026-09-20T17:44:00.392Z,33.69,72.33

2026-09-20T17:44:05.395Z,33.7,72.33

2026-09-20T17:44:10.394Z,33.72,72.35

2026-09-20T17:44:15.396Z,33.69,72.29

2026-09-20T17:44:20.403Z,33.71,72.3

2026-09-20T17:44:25.415Z,33.69,72.33

2026-09-20T17:44:30.403Z,33.7,72.3

2026-09-20T17:44:35.404Z,33.7,72.29

2026-09-20T17:44:40.403Z,33.7,72.3

2026-09-20T17:44:45.403Z,33.7,72.27

2026-09-20T17:44:50.416Z,33.7,72.3

2026-09-20T17:44:55.430Z,33.7,72.31

2026-09-20T17:45:00.416Z,33.7,72.34

2026-09-20T17:45:05.418Z,33.73,72.27

2026-09-20T17:45:10.417Z,33.7,72.24

2026-09-20T17:45:15.416Z,33.73,72.24

2026-09-20T17:45:20.422Z,33.71,72.23

2026-09-20T17:45:25.432Z,33.72,72.2

2026-09-20T17:45:30.423Z,33.73,72.22

2026-09-20T17:45:35.422Z,33.71,72.18

2026-09-20T17:45:40.421Z,33.7,72.19

2026-09-20T17:45:45.422Z,33.72,72.24

2026-09-20T17:45:50.427Z,33.7,72.18

2026-09-20T17:45:55.436Z,33.73,72.17

2026-09-20T17:46:00.423Z,33.7,72.17

2026-09-20T17:46:05.426Z,33.71,72.14

2026-09-20T17:46:10.425Z,33.71,72.13

2026-09-20T17:46:15.426Z,33.72,72.13

2026-09-20T17:46:20.425Z,33.72,72.18

2026-09-20T17:46:25.438Z,33.7,72.19

2026-09-20T17:46:30.427Z,33.72,72.09

2026-09-20T17:46:35.425Z,33.73,72.1

2026-09-20T17:46:40.427Z,33.72,72.15

2026-09-20T17:46:45.428Z,33.74,72.16

2026-09-20T17:46:50.443Z,33.71,72.15

2026-09-20T17:46:55.454Z,33.72,72.13

2026-09-20T17:47:00.440Z,33.72,72.11

2026-09-20T17:47:05.446Z,33.73,72.09

2026-09-20T17:47:10.445Z,33.72,72.11

2026-09-20T17:47:15.444Z,33.7,72.1

2026-09-20T17:47:20.464Z,33.72,72.11

2026-09-20T17:47:25.479Z,33.71,72.15

2026-09-20T17:47:30.458Z,33.72,72.14

2026-09-20T17:47:35.458Z,33.71,72.11

2026-09-20T17:47:40.457Z,33.71,72.17

2026-09-20T17:47:45.461Z,33.71,72.08

2026-09-20T17:47:50.462Z,33.71,72.12

2026-09-20T17:47:55.470Z,33.72,72.16

2026-09-20T17:48:00.462Z,33.71,72.17

2026-09-20T17:48:05.462Z,33.72,72.11

2026-09-20T17:48:10.461Z,33.71,72.08

2026-09-20T17:48:15.461Z,33.72,72.06

2026-09-20T17:48:20.464Z,33.71,72.11

2026-09-20T17:48:25.475Z,33.71,72.07

2026-09-20T17:48:30.463Z,33.71,72.1

2026-09-20T17:48:35.465Z,33.72,72.12

2026-09-20T17:48:40.465Z,33.7,72.15

2026-09-20T17:48:45.465Z,33.7,72.09

2026-09-20T17:48:50.478Z,33.69,72.1

2026-09-20T17:48:55.491Z,33.7,72.18

2026-09-20T17:49:00.478Z,33.69,72.14

2026-09-20T17:49:05.478Z,33.72,72.12

2026-09-20T17:49:10.477Z,33.69,72.13

2026-09-20T17:49:15.477Z,33.68,72.07

2026-09-20T17:49:20.495Z,33.69,72.1

2026-09-20T17:49:25.506Z,33.68,72.19

2026-09-20T17:49:30.496Z,33.69,72.13

2026-09-20T17:49:35.499Z,33.68,72.18

2026-09-20T17:49:40.498Z,33.7,72.1

2026-09-20T17:49:45.497Z,33.68,72.16

2026-09-20T17:49:50.497Z,33.68,72.15

2026-09-20T17:49:55.506Z,33.67,72.19

2026-09-20T17:50:00.496Z,33.69,72.14

2026-09-20T17:50:05.497Z,33.69,72.12

2026-09-20T17:50:10.496Z,33.69,72.11

2026-09-20T17:50:15.497Z,33.68,72.13

2026-09-20T17:50:20.496Z,33.67,72.08

2026-09-20T17:50:25.509Z,33.67,72.11

2026-09-20T17:50:30.497Z,33.69,72.02

2026-09-20T17:50:35.497Z,33.67,72.03

2026-09-20T17:50:40.499Z,33.67,72.04

2026-09-20T17:50:45.501Z,33.64,72.09

2026-09-20T17:50:50.512Z,33.67,72.1

2026-09-20T17:50:55.530Z,33.66,72.17

2026-09-20T17:51:00.513Z,33.68,72.16

2026-09-20T17:51:05.514Z,33.67,72.1

2026-09-20T17:51:10.511Z,33.66,72.13

2026-09-20T17:51:15.513Z,33.66,72.13

2026-09-20T17:51:20.527Z,33.66,72.11

2026-09-20T17:51:25.540Z,33.66,72.28

2026-09-20T17:51:30.527Z,33.66,72.18

2026-09-20T17:51:35.528Z,33.64,72.19

2026-09-20T17:51:40.529Z,33.67,72.21

2026-09-20T17:51:45.527Z,33.67,72.04

2026-09-20T17:51:50.531Z,33.65,72.08

2026-09-20T17:51:55.540Z,33.65,72.1

2026-09-20T17:52:00.530Z,33.65,72.12

2026-09-20T17:52:05.528Z,33.65,72.18

2026-09-20T17:52:10.528Z,33.66,72.17

2026-09-20T17:52:15.528Z,33.65,72.24

2026-09-20T17:52:20.527Z,33.66,72.28

2026-09-20T17:52:25.539Z,33.65,72.3

2026-09-20T17:52:30.527Z,33.66,72.23

2026-09-20T17:52:35.528Z,33.65,72.21

2026-09-20T17:52:40.527Z,33.64,72.21

2026-09-20T17:52:45.529Z,33.65,72.26

2026-09-20T17:52:50.544Z,33.64,72.25

2026-09-20T17:52:55.557Z,33.63,72.31

2026-09-20T17:53:00.543Z,33.66,72.28

2026-09-20T17:53:05.544Z,33.64,72.24

2026-09-20T17:53:10.544Z,33.65,72.19

2026-09-20T17:53:15.545Z,33.64,72.22

2026-09-20T17:53:20.555Z,33.66,72.16

2026-09-20T17:53:25.566Z,33.66,72.12

2026-09-20T17:53:30.554Z,33.65,72.12

2026-09-20T17:53:35.552Z,33.67,72.13

2026-09-20T17:53:40.554Z,33.64,72.05

2026-09-20T17:53:45.552Z,33.65,72.12

2026-09-20T17:53:50.551Z,33.67,72.14

2026-09-20T17:53:55.567Z,33.65,72.16

2026-09-20T17:54:00.554Z,33.65,72.09

2026-09-20T17:54:05.551Z,33.66,72.16

2026-09-20T17:54:10.552Z,33.67,72.18

2026-09-20T17:54:15.554Z,33.66,72.2

2026-09-20T17:54:20.562Z,33.67,72.15

2026-09-20T17:54:25.572Z,33.67,72.19

2026-09-20T17:54:30.559Z,33.67,72.09

2026-09-20T17:54:35.560Z,33.65,72.07

2026-09-20T17:54:40.560Z,33.64,72

2026-09-20T17:54:45.559Z,33.65,72.08

2026-09-20T17:54:50.559Z,33.64,72.08

2026-09-20T17:54:55.575Z,33.66,72.07

2026-09-20T17:55:00.561Z,33.65,72.06

2026-09-20T17:55:05.561Z,33.66,72.04

2026-09-20T17:55:10.561Z,33.64,72.1

2026-09-20T17:55:15.562Z,33.66,72.05

2026-09-20T17:55:20.563Z,33.66,72.02

2026-09-20T17:55:25.580Z,33.65,72.09

2026-09-20T17:55:30.564Z,33.66,72

2026-09-20T17:55:35.563Z,33.66,72.08

2026-09-20T17:55:40.562Z,33.66,72.06

2026-09-20T17:55:45.562Z,33.65,72.06

2026-09-20T17:55:50.581Z,33.66,72.09

2026-09-20T17:55:55.591Z,33.65,72.12

2026-09-20T17:56:00.578Z,33.67,72.06

2026-09-20T17:56:05.579Z,33.65,72.06

2026-09-20T17:56:10.582Z,33.65,72.04

2026-09-20T17:56:15.579Z,33.65,72.03

2026-09-20T17:56:20.594Z,33.67,72.06

2026-09-20T17:56:25.609Z,33.68,72.08

2026-09-20T17:56:30.593Z,33.67,72.04

2026-09-20T17:56:35.594Z,33.67,72.03

2026-09-20T17:56:40.594Z,33.68,72.02

2026-09-20T17:56:45.595Z,33.66,72.01

2026-09-20T17:56:50.602Z,33.66,72

2026-09-20T17:56:55.614Z,33.65,72

2026-09-20T17:57:00.602Z,33.66,71.95

2026-09-20T17:57:05.601Z,33.67,71.89

2026-09-20T17:57:10.602Z,33.66,71.86

2026-09-20T17:57:15.602Z,33.68,71.91

2026-09-20T17:57:20.603Z,33.67,71.93

2026-09-20T17:57:25.616Z,33.68,71.92

2026-09-20T17:57:30.601Z,33.66,71.91

2026-09-20T17:57:35.602Z,33.65,71.89

2026-09-20T17:57:40.603Z,33.66,72

2026-09-20T17:57:45.604Z,33.66,71.98

2026-09-20T17:57:50.612Z,33.66,71.97

2026-09-20T17:57:55.621Z,33.66,72.07

2026-09-20T17:58:00.612Z,33.65,71.94

2026-09-20T17:58:05.614Z,33.65,72.02

2026-09-20T17:58:10.613Z,33.66,72

2026-09-20T17:58:15.613Z,33.67,71.93

2026-09-20T17:58:20.613Z,33.66,71.97

2026-09-20T17:58:25.625Z,33.65,71.99

2026-09-20T17:58:30.613Z,33.68,71.91

2026-09-20T17:58:35.617Z,33.67,71.89

2026-09-20T17:58:40.614Z,33.66,71.83

2026-09-20T17:58:45.614Z,33.65,71.81

2026-09-20T17:58:50.620Z,33.66,71.8

2026-09-20T17:58:55.629Z,33.65,71.84

2026-09-20T17:59:00.616Z,33.68,71.82

2026-09-20T17:59:05.618Z,33.66,71.82

2026-09-20T17:59:10.620Z,33.66,71.74

2026-09-20T17:59:15.618Z,33.64,71.76

2026-09-20T17:59:20.625Z,33.67,71.77

2026-09-20T17:59:25.637Z,33.66,71.82

2026-09-20T17:59:30.624Z,33.65,71.79

2026-09-20T17:59:35.625Z,33.67,71.74

2026-09-20T17:59:40.625Z,33.66,71.8

2026-09-20T17:59:45.625Z,33.67,71.82

2026-09-20T17:59:50.631Z,33.64,71.79

2026-09-20T17:59:55.641Z,33.66,71.81

