2026-09-27T18:00:00.004Z,33.93,68.81

2026-09-27T18:00:05.009Z,33.94,68.87

2026-09-27T18:00:10.003Z,33.95,68.91

2026-09-27T18:00:14.996Z,33.94,68.87

2026-09-27T18:00:20.002Z,33.95,68.87

2026-09-27T18:00:25.010Z,33.93,68.86

2026-09-27T18:00:29.998Z,33.95,68.88

2026-09-27T18:00:34.999Z,33.93,68.84

2026-09-27T18:00:40.004Z,33.92,68.88

2026-09-27T18:00:45.017Z,33.94,68.89

2026-09-27T18:00:50.009Z,33.95,68.81

2026-09-27T18:00:55.012Z,33.93,68.79

2026-09-27T18:01:00.017Z,33.94,68.84

2026-09-27T18:01:05.010Z,33.92,68.82

2026-09-27T18:01:10.010Z,33.93,68.8

2026-09-27T18:01:15.009Z,33.94,68.79

2026-09-27T18:01:20.021Z,33.92,68.86

2026-09-27T18:01:25.030Z,33.91,68.84

2026-09-27T18:01:30.018Z,33.93,68.78

2026-09-27T18:01:35.020Z,33.92,68.82

2026-09-27T18:01:40.029Z,33.94,68.81

2026-09-27T18:01:45.039Z,33.9,68.85

2026-09-27T18:01:50.024Z,33.92,68.83

2026-09-27T18:01:55.025Z,33.9,68.81

2026-09-27T18:02:00.024Z,33.9,68.84

2026-09-27T18:02:05.025Z,33.91,68.86

2026-09-27T18:02:10.041Z,33.91,68.84

2026-09-27T18:02:15.048Z,33.9,68.84

2026-09-27T18:02:20.042Z,33.9,68.86

2026-09-27T18:02:25.048Z,33.93,68.81

2026-09-27T18:02:30.040Z,33.92,68.8

2026-09-27T18:02:35.052Z,33.93,68.82

2026-09-27T18:02:40.040Z,33.92,68.81

2026-09-27T18:02:45.039Z,33.92,68.79

2026-09-27T18:02:50.041Z,33.91,68.78

2026-09-27T18:02:55.041Z,33.89,68.78

2026-09-27T18:03:00.055Z,33.93,68.81

2026-09-27T18:03:05.065Z,33.9,68.84

2026-09-27T18:03:10.060Z,33.91,68.8

2026-09-27T18:03:15.069Z,33.93,68.81

2026-09-27T18:03:20.062Z,33.92,68.79

2026-09-27T18:03:25.069Z,33.92,68.83

2026-09-27T18:03:30.063Z,33.91,68.83

2026-09-27T18:03:35.056Z,33.9,68.72

2026-09-27T18:03:40.058Z,33.93,68.82

2026-09-27T18:03:45.068Z,33.92,68.82

2026-09-27T18:03:50.056Z,33.92,68.73

2026-09-27T18:03:55.062Z,33.9,68.79

2026-09-27T18:04:00.061Z,33.93,68.74

2026-09-27T18:04:05.061Z,33.94,68.74

2026-09-27T18:04:10.075Z,33.92,68.77

2026-09-27T18:04:15.067Z,33.93,68.75

2026-09-27T18:04:20.067Z,33.94,68.76

2026-09-27T18:04:25.068Z,33.93,68.76

2026-09-27T18:04:30.084Z,33.93,68.71

2026-09-27T18:04:35.096Z,33.92,68.76

2026-09-27T18:04:40.084Z,33.92,68.73

2026-09-27T18:04:45.083Z,33.92,68.72

2026-09-27T18:04:50.085Z,33.94,68.69

2026-09-27T18:04:55.084Z,33.92,68.68

2026-09-27T18:05:00.094Z,33.92,68.78

2026-09-27T18:05:05.100Z,33.93,68.76

2026-09-27T18:05:10.098Z,33.92,68.74

2026-09-27T18:05:15.100Z,33.93,68.8

2026-09-27T18:05:20.106Z,33.92,68.73

2026-09-27T18:05:25.098Z,33.94,68.69

2026-09-27T18:05:30.100Z,33.92,68.77

2026-09-27T18:05:35.111Z,33.92,68.78

2026-09-27T18:05:40.100Z,33.93,68.76

2026-09-27T18:05:45.100Z,33.92,68.75

2026-09-27T18:05:50.100Z,33.92,68.7

2026-09-27T18:05:55.110Z,33.92,68.82

2026-09-27T18:06:00.109Z,33.93,68.74

2026-09-27T18:06:05.116Z,33.9,68.83

2026-09-27T18:06:10.102Z,33.93,68.74

2026-09-27T18:06:15.101Z,33.95,68.77

2026-09-27T18:06:20.100Z,33.93,68.75

2026-09-27T18:06:25.103Z,33.93,68.72

2026-09-27T18:06:30.123Z,33.94,68.79

2026-09-27T18:06:35.134Z,33.92,68.77

2026-09-27T18:06:40.122Z,33.94,68.65

2026-09-27T18:06:45.133Z,33.93,68.71

2026-09-27T18:06:50.133Z,33.94,68.58

2026-09-27T18:06:55.132Z,33.93,68.67

2026-09-27T18:07:00.124Z,33.94,68.58

2026-09-27T18:07:05.121Z,33.92,68.6

2026-09-27T18:07:10.138Z,33.95,68.57

2026-09-27T18:07:15.129Z,33.93,68.6

2026-09-27T18:07:20.127Z,33.94,68.59

2026-09-27T18:07:25.128Z,33.93,68.61

2026-09-27T18:07:30.140Z,33.94,68.62

2026-09-27T18:07:35.149Z,33.94,68.61

2026-09-27T18:07:40.140Z,33.94,68.55

2026-09-27T18:07:45.140Z,33.94,68.58

2026-09-27T18:07:50.139Z,33.94,68.59

2026-09-27T18:07:55.140Z,33.95,68.54

2026-09-27T18:08:00.153Z,33.94,68.62

2026-09-27T18:08:05.164Z,33.93,68.59

2026-09-27T18:08:10.151Z,33.93,68.61

2026-09-27T18:08:15.154Z,33.94,68.64

2026-09-27T18:08:20.152Z,33.95,68.6

2026-09-27T18:08:25.154Z,33.94,68.55

2026-09-27T18:08:30.157Z,33.95,68.54

2026-09-27T18:08:35.168Z,33.94,68.63

2026-09-27T18:08:40.155Z,33.93,68.59

2026-09-27T18:08:45.157Z,33.94,68.57

2026-09-27T18:08:50.156Z,33.94,68.53

2026-09-27T18:08:55.155Z,33.94,68.57

2026-09-27T18:09:00.166Z,33.94,68.46

2026-09-27T18:09:05.178Z,33.95,68.59

2026-09-27T18:09:10.164Z,33.95,68.61

2026-09-27T18:09:15.163Z,33.94,68.56

2026-09-27T18:09:20.181Z,33.94,68.57

2026-09-27T18:09:25.173Z,33.95,68.57

2026-09-27T18:09:30.174Z,33.94,68.54

2026-09-27T18:09:35.173Z,33.94,68.59

2026-09-27T18:09:40.179Z,33.93,68.56

2026-09-27T18:09:45.187Z,33.94,68.61

2026-09-27T18:09:50.177Z,33.96,68.58

2026-09-27T18:09:55.179Z,33.92,68.57

2026-09-27T18:10:00.177Z,33.93,68.59

2026-09-27T18:10:05.179Z,33.93,68.6

2026-09-27T18:10:10.186Z,33.94,68.55

2026-09-27T18:10:15.199Z,33.93,68.65

2026-09-27T18:10:20.182Z,33.93,68.65

2026-09-27T18:10:25.183Z,33.93,68.61

2026-09-27T18:10:30.193Z,33.94,68.62

2026-09-27T18:10:35.203Z,33.93,68.69

2026-09-27T18:10:40.193Z,33.94,68.64

2026-09-27T18:10:45.191Z,33.93,68.56

2026-09-27T18:10:50.191Z,33.94,68.62

2026-09-27T18:10:55.190Z,33.92,68.64

2026-09-27T18:11:00.202Z,33.94,68.61

2026-09-27T18:11:05.214Z,33.91,68.66

2026-09-27T18:11:10.202Z,33.92,68.65

2026-09-27T18:11:15.221Z,33.92,68.69

2026-09-27T18:11:20.211Z,33.93,68.74

2026-09-27T18:11:25.217Z,33.9,68.71

2026-09-27T18:11:30.213Z,33.92,68.71

2026-09-27T18:11:35.202Z,33.92,68.68

2026-09-27T18:11:40.213Z,33.92,68.79

2026-09-27T18:11:45.219Z,33.91,68.76

2026-09-27T18:11:50.216Z,33.92,68.74

2026-09-27T18:11:55.227Z,33.92,68.76

2026-09-27T18:12:00.213Z,33.93,68.78

2026-09-27T18:12:05.217Z,33.91,68.75

2026-09-27T18:12:10.227Z,33.91,68.7

2026-09-27T18:12:15.234Z,33.91,68.79

2026-09-27T18:12:20.224Z,33.91,68.74

2026-09-27T18:12:25.223Z,33.92,68.74

2026-09-27T18:12:30.224Z,33.9,68.76

2026-09-27T18:12:35.224Z,33.92,68.73

2026-09-27T18:12:40.239Z,33.92,68.73

2026-09-27T18:12:45.249Z,33.91,68.8

2026-09-27T18:12:50.239Z,33.9,68.75

2026-09-27T18:12:55.238Z,33.93,68.82

2026-09-27T18:13:00.252Z,33.91,68.81

2026-09-27T18:13:05.265Z,33.92,68.8

2026-09-27T18:13:10.254Z,33.92,68.73

2026-09-27T18:13:15.253Z,33.94,68.76

2026-09-27T18:13:20.253Z,33.91,68.76

2026-09-27T18:13:25.253Z,33.93,68.74

2026-09-27T18:13:30.258Z,33.92,68.73

2026-09-27T18:13:35.270Z,33.92,68.69

2026-09-27T18:13:40.258Z,33.93,68.74

2026-09-27T18:13:45.258Z,33.95,68.73

2026-09-27T18:13:50.265Z,33.94,68.74

2026-09-27T18:13:55.276Z,33.92,68.74

2026-09-27T18:14:00.265Z,33.93,68.67

2026-09-27T18:14:05.281Z,33.92,68.75

2026-09-27T18:14:10.270Z,33.92,68.73

2026-09-27T18:14:15.280Z,33.91,68.76

2026-09-27T18:14:20.276Z,33.94,68.72

2026-09-27T18:14:25.283Z,33.93,68.67

2026-09-27T18:14:30.272Z,33.94,68.68

2026-09-27T18:14:35.292Z,33.93,68.68

2026-09-27T18:14:40.272Z,33.92,68.73

2026-09-27T18:14:45.273Z,33.92,68.71

2026-09-27T18:14:50.276Z,33.92,68.69

2026-09-27T18:14:55.278Z,33.93,68.71

2026-09-27T18:15:00.281Z,33.94,68.64

2026-09-27T18:15:05.291Z,33.94,68.68

2026-09-27T18:15:10.280Z,33.93,68.6

2026-09-27T18:15:15.280Z,33.93,68.66

2026-09-27T18:15:20.292Z,33.93,68.63

2026-09-27T18:15:25.300Z,33.94,68.67

2026-09-27T18:15:30.289Z,33.92,68.68

2026-09-27T18:15:35.290Z,33.93,68.69

2026-09-27T18:15:40.292Z,33.93,68.68

2026-09-27T18:15:45.290Z,33.93,68.6

2026-09-27T18:15:50.304Z,33.93,68.69

2026-09-27T18:15:55.311Z,33.94,68.7

2026-09-27T18:16:00.302Z,33.94,68.67

2026-09-27T18:16:05.302Z,33.96,68.71

2026-09-27T18:16:10.311Z,33.94,68.68

2026-09-27T18:16:15.324Z,33.93,68.7

2026-09-27T18:16:20.310Z,33.93,68.64

2026-09-27T18:16:25.309Z,33.93,68.65

2026-09-27T18:16:30.320Z,33.93,68.7

2026-09-27T18:16:35.329Z,33.95,68.74

2026-09-27T18:16:40.323Z,33.91,68.73

2026-09-27T18:16:45.334Z,33.92,68.73

2026-09-27T18:16:50.318Z,33.92,68.72

2026-09-27T18:16:55.318Z,33.93,68.7

2026-09-27T18:17:00.326Z,33.92,68.67

2026-09-27T18:17:05.336Z,33.93,68.75

2026-09-27T18:17:10.326Z,33.93,68.65

2026-09-27T18:17:15.325Z,33.94,68.71

2026-09-27T18:17:20.323Z,33.95,68.67

2026-09-27T18:17:25.325Z,33.95,68.7

2026-09-27T18:17:30.336Z,33.96,68.74

2026-09-27T18:17:35.349Z,33.95,68.7

2026-09-27T18:17:40.335Z,33.94,68.66

2026-09-27T18:17:45.335Z,33.94,68.66

2026-09-27T18:17:50.340Z,33.94,68.7

2026-09-27T18:17:55.350Z,33.92,68.63

2026-09-27T18:18:00.341Z,33.94,68.63

2026-09-27T18:18:05.346Z,33.96,68.71

2026-09-27T18:18:10.339Z,33.95,68.69

2026-09-27T18:18:15.349Z,33.94,68.68

2026-09-27T18:18:20.335Z,33.93,68.69

2026-09-27T18:18:25.340Z,33.94,68.66

2026-09-27T18:18:30.345Z,33.94,68.64

2026-09-27T18:18:35.362Z,33.93,68.66

2026-09-27T18:18:40.344Z,33.94,68.66

2026-09-27T18:18:45.343Z,33.95,68.71

2026-09-27T18:18:50.361Z,33.95,68.71

2026-09-27T18:18:55.354Z,33.95,68.71

2026-09-27T18:19:00.360Z,33.95,68.69

2026-09-27T18:19:05.372Z,33.94,68.75

2026-09-27T18:19:10.358Z,33.96,68.7

2026-09-27T18:19:15.360Z,33.94,68.76

2026-09-27T18:19:20.358Z,33.95,68.68

2026-09-27T18:19:25.374Z,33.95,68.76

2026-09-27T18:19:30.360Z,33.96,68.68

2026-09-27T18:19:35.361Z,33.98,68.68

2026-09-27T18:19:40.362Z,33.98,68.65

2026-09-27T18:19:45.362Z,33.97,68.65

2026-09-27T18:19:50.387Z,33.98,68.66

2026-09-27T18:19:55.378Z,33.98,68.67

2026-09-27T18:20:00.378Z,33.97,68.66

2026-09-27T18:20:05.377Z,33.98,68.61

2026-09-27T18:20:10.382Z,33.97,68.62

2026-09-27T18:20:15.392Z,33.97,68.68

2026-09-27T18:20:20.377Z,33.97,68.63

2026-09-27T18:20:25.379Z,33.98,68.69

2026-09-27T18:20:30.380Z,33.97,68.66

2026-09-27T18:20:35.392Z,33.96,68.72

2026-09-27T18:20:40.386Z,33.97,68.7

2026-09-27T18:20:45.390Z,33.97,68.69

2026-09-27T18:20:50.379Z,33.98,68.68

2026-09-27T18:20:55.381Z,33.97,68.66

2026-09-27T18:21:00.380Z,33.98,68.65

2026-09-27T18:21:05.380Z,33.98,68.65

2026-09-27T18:21:10.395Z,33.99,68.63

2026-09-27T18:21:15.405Z,33.99,68.62

2026-09-27T18:21:20.396Z,33.99,68.61

2026-09-27T18:21:25.395Z,34,68.64

2026-09-27T18:21:30.396Z,34,68.65

2026-09-27T18:21:35.395Z,33.97,68.58

2026-09-27T18:21:40.398Z,33.97,68.6

2026-09-27T18:21:45.407Z,33.97,68.69

2026-09-27T18:21:50.396Z,34,68.61

2026-09-27T18:21:55.397Z,33.97,68.59

2026-09-27T18:22:00.401Z,33.97,68.58

2026-09-27T18:22:05.399Z,33.96,68.56

2026-09-27T18:22:10.410Z,33.98,68.63

2026-09-27T18:22:15.422Z,33.98,68.67

2026-09-27T18:22:20.407Z,33.99,68.59

2026-09-27T18:22:25.405Z,33.98,68.64

2026-09-27T18:22:30.407Z,34,68.61

2026-09-27T18:22:35.408Z,34.01,68.62

2026-09-27T18:22:40.419Z,33.98,68.61

2026-09-27T18:22:45.432Z,34,68.62

2026-09-27T18:22:50.417Z,33.98,68.65

2026-09-27T18:22:55.418Z,33.99,68.61

2026-09-27T18:23:00.419Z,33.98,68.58

2026-09-27T18:23:05.419Z,34,68.61

2026-09-27T18:23:10.428Z,33.99,68.61

2026-09-27T18:23:15.435Z,33.97,68.67

2026-09-27T18:23:20.428Z,33.97,68.6

2026-09-27T18:23:25.439Z,33.98,68.57

2026-09-27T18:23:30.432Z,34,68.61

2026-09-27T18:23:35.439Z,33.98,68.63

2026-09-27T18:23:40.443Z,33.98,68.61

2026-09-27T18:23:45.437Z,33.99,68.61

2026-09-27T18:23:50.444Z,34,68.59

2026-09-27T18:23:55.456Z,33.97,68.6

2026-09-27T18:24:00.443Z,33.97,68.58

2026-09-27T18:24:05.443Z,34,68.6

2026-09-27T18:24:10.443Z,34,68.63

2026-09-27T18:24:15.442Z,34,68.56

2026-09-27T18:24:20.455Z,33.99,68.64

2026-09-27T18:24:25.463Z,33.98,68.64

2026-09-27T18:24:30.452Z,33.99,68.58

2026-09-27T18:24:35.451Z,33.99,68.57

2026-09-27T18:24:40.453Z,33.99,68.63

2026-09-27T18:24:45.454Z,34,68.58

2026-09-27T18:24:50.457Z,33.98,68.62

2026-09-27T18:24:55.469Z,33.99,68.63

2026-09-27T18:25:00.465Z,33.99,68.66

2026-09-27T18:25:05.470Z,33.99,68.62

2026-09-27T18:25:10.464Z,33.98,68.59

2026-09-27T18:25:15.480Z,33.97,68.65

2026-09-27T18:25:20.475Z,34,68.62

2026-09-27T18:25:25.469Z,34,68.65

2026-09-27T18:25:30.467Z,33.99,68.64

2026-09-27T18:25:35.478Z,33.97,68.7

2026-09-27T18:25:40.469Z,34,68.66

2026-09-27T18:25:45.468Z,33.98,68.66

2026-09-27T18:25:50.470Z,33.98,68.69

2026-09-27T18:25:55.467Z,33.99,68.66

2026-09-27T18:26:00.480Z,33.98,68.62

2026-09-27T18:26:05.488Z,33.97,68.66

2026-09-27T18:26:10.476Z,33.99,68.71

2026-09-27T18:26:15.476Z,33.97,68.67

2026-09-27T18:26:20.484Z,33.99,68.72

2026-09-27T18:26:25.498Z,33.98,68.77

2026-09-27T18:26:30.485Z,33.97,68.7

2026-09-27T18:26:35.482Z,33.98,68.67

2026-09-27T18:26:40.485Z,33.97,68.71

2026-09-27T18:26:45.485Z,33.97,68.66

2026-09-27T18:26:50.500Z,33.97,68.7

2026-09-27T18:26:55.491Z,33.97,68.74

2026-09-27T18:27:00.511Z,33.99,68.74

2026-09-27T18:27:05.521Z,33.97,68.74

2026-09-27T18:27:10.510Z,33.98,68.66

2026-09-27T18:27:15.509Z,33.97,68.69

2026-09-27T18:27:20.508Z,34,68.64

2026-09-27T18:27:25.511Z,33.96,68.69

2026-09-27T18:27:30.521Z,33.98,68.69

2026-09-27T18:27:35.532Z,33.97,68.7

2026-09-27T18:27:40.517Z,33.96,68.66

2026-09-27T18:27:45.530Z,33.98,68.66

2026-09-27T18:27:50.524Z,33.98,68.68

2026-09-27T18:27:55.530Z,33.99,68.71

2026-09-27T18:28:00.529Z,33.96,68.75

2026-09-27T18:28:05.533Z,33.97,68.75

2026-09-27T18:28:10.520Z,33.97,68.69

2026-09-27T18:28:15.523Z,33.97,68.73

2026-09-27T18:28:20.528Z,33.98,68.7

2026-09-27T18:28:25.520Z,33.97,68.71

2026-09-27T18:28:30.521Z,33.98,68.69

2026-09-27T18:28:35.523Z,33.96,68.66

2026-09-27T18:28:40.524Z,33.96,68.75

2026-09-27T18:28:45.534Z,33.97,68.76

2026-09-27T18:28:50.527Z,33.98,68.72

2026-09-27T18:28:55.523Z,33.99,68.7

2026-09-27T18:29:00.523Z,33.96,68.69

2026-09-27T18:29:05.523Z,33.99,68.73

2026-09-27T18:29:10.540Z,33.97,68.69

2026-09-27T18:29:15.551Z,33.99,68.72

2026-09-27T18:29:20.535Z,33.98,68.63

2026-09-27T18:29:25.548Z,33.99,68.73

2026-09-27T18:29:30.540Z,33.98,68.68

2026-09-27T18:29:35.553Z,33.99,68.73

2026-09-27T18:29:40.543Z,33.98,68.69

2026-09-27T18:29:45.547Z,33.98,68.67

2026-09-27T18:29:50.550Z,33.98,68.68

2026-09-27T18:29:55.551Z,34.01,68.71

2026-09-27T18:30:00.538Z,34,68.72

2026-09-27T18:30:05.541Z,34.01,68.68

2026-09-27T18:30:10.555Z,34.02,68.62

2026-09-27T18:30:15.567Z,34.01,68.67

2026-09-27T18:30:20.555Z,34.02,68.68

2026-09-27T18:30:25.555Z,34.02,68.6

2026-09-27T18:30:30.557Z,34.02,68.69

2026-09-27T18:30:35.555Z,34.01,68.67

2026-09-27T18:30:40.563Z,34.01,68.66

2026-09-27T18:30:45.570Z,34.01,68.7

2026-09-27T18:30:50.559Z,34.01,68.63

2026-09-27T18:30:55.562Z,34.02,68.64

2026-09-27T18:31:00.569Z,34.03,68.56

2026-09-27T18:31:05.576Z,34,68.64

2026-09-27T18:31:10.566Z,34.01,68.57

2026-09-27T18:31:15.565Z,34.02,68.65

2026-09-27T18:31:20.565Z,34,68.63

2026-09-27T18:31:25.568Z,34,68.65

2026-09-27T18:31:30.577Z,34,68.68

2026-09-27T18:31:35.585Z,34,68.73

2026-09-27T18:31:40.573Z,34.01,68.75

2026-09-27T18:31:45.575Z,34.02,68.69

2026-09-27T18:31:50.573Z,34.01,68.67

2026-09-27T18:31:55.572Z,33.99,68.69

2026-09-27T18:32:00.574Z,34.01,68.65

2026-09-27T18:32:05.586Z,33.99,68.73

2026-09-27T18:32:10.591Z,34,68.68

2026-09-27T18:32:15.601Z,34.01,68.71

2026-09-27T18:32:20.591Z,34,68.67

2026-09-27T18:32:25.596Z,34.02,68.76

2026-09-27T18:32:30.595Z,34,68.74

2026-09-27T18:32:35.584Z,34.02,68.73

2026-09-27T18:32:40.585Z,34.01,68.69

2026-09-27T18:32:45.585Z,34.01,68.71

2026-09-27T18:32:50.598Z,34.03,68.71

2026-09-27T18:32:55.609Z,34.01,68.7

2026-09-27T18:33:00.595Z,34.02,68.65

2026-09-27T18:33:05.596Z,34.02,68.73

2026-09-27T18:33:10.607Z,34.01,68.71

2026-09-27T18:33:15.618Z,34.03,68.77

2026-09-27T18:33:20.602Z,34.03,68.66

2026-09-27T18:33:25.603Z,34.03,68.73

2026-09-27T18:33:30.612Z,34.05,68.72

2026-09-27T18:33:35.616Z,34.05,68.75

2026-09-27T18:33:40.610Z,34.04,68.7

2026-09-27T18:33:45.605Z,34.04,68.68

2026-09-27T18:33:50.618Z,34.04,68.72

2026-09-27T18:33:55.630Z,34.02,68.69

2026-09-27T18:34:00.616Z,34.03,68.69

2026-09-27T18:34:05.619Z,34.03,68.7

2026-09-27T18:34:10.625Z,34.04,68.75

2026-09-27T18:34:15.633Z,34.04,68.72

2026-09-27T18:34:20.621Z,34.06,68.71

2026-09-27T18:34:25.635Z,34.03,68.7

2026-09-27T18:34:30.631Z,34.03,68.65

2026-09-27T18:34:35.621Z,34.02,68.68

2026-09-27T18:34:40.624Z,34.02,68.68

2026-09-27T18:34:45.634Z,34.04,68.69

2026-09-27T18:34:50.622Z,34.04,68.73

2026-09-27T18:34:55.624Z,34.06,68.75

2026-09-27T18:35:00.634Z,34.03,68.76

2026-09-27T18:35:05.650Z,34.04,68.67

2026-09-27T18:35:10.631Z,34.04,68.79

2026-09-27T18:35:15.648Z,34.03,68.71

2026-09-27T18:35:20.637Z,34.04,68.71

2026-09-27T18:35:25.654Z,34.03,68.73

2026-09-27T18:35:30.641Z,34.03,68.71

2026-09-27T18:35:35.645Z,34.05,68.82

2026-09-27T18:35:40.635Z,34.06,68.73

2026-09-27T18:35:45.640Z,34.03,68.74

2026-09-27T18:35:50.638Z,34.03,68.68

2026-09-27T18:35:55.658Z,34.04,68.74

2026-09-27T18:36:00.645Z,34.04,68.78

2026-09-27T18:36:05.649Z,34.03,68.74

2026-09-27T18:36:10.665Z,34.03,68.78

2026-09-27T18:36:15.653Z,34.02,68.78

2026-09-27T18:36:20.652Z,34.03,68.71

2026-09-27T18:36:25.651Z,34.01,68.74

2026-09-27T18:36:30.664Z,34.03,68.76

2026-09-27T18:36:35.674Z,34.02,68.79

2026-09-27T18:36:40.662Z,34.04,68.73

2026-09-27T18:36:45.664Z,34.02,68.81

2026-09-27T18:36:50.662Z,34.02,68.79

2026-09-27T18:36:55.663Z,34.02,68.74

2026-09-27T18:37:00.677Z,34.03,68.79

2026-09-27T18:37:05.688Z,34.02,68.86

2026-09-27T18:37:10.677Z,34.03,68.74

2026-09-27T18:37:15.677Z,34.02,68.76

2026-09-27T18:37:20.676Z,34.03,68.77

2026-09-27T18:37:25.691Z,34.03,68.77

2026-09-27T18:37:30.687Z,34.02,68.71

2026-09-27T18:37:35.693Z,34.02,68.78

2026-09-27T18:37:40.677Z,34.02,68.72

2026-09-27T18:37:45.677Z,34.04,68.76

2026-09-27T18:37:50.679Z,34.01,68.7

2026-09-27T18:37:55.677Z,34.01,68.73

2026-09-27T18:38:00.684Z,34.02,68.7

2026-09-27T18:38:05.693Z,34,68.75

2026-09-27T18:38:10.685Z,34,68.66

2026-09-27T18:38:15.684Z,34.02,68.71

2026-09-27T18:38:20.683Z,34.01,68.65

2026-09-27T18:38:25.683Z,34.02,68.63

2026-09-27T18:38:30.688Z,34.01,68.59

2026-09-27T18:38:35.696Z,34.01,68.68

2026-09-27T18:38:40.689Z,34,68.68

2026-09-27T18:38:45.684Z,34,68.66

2026-09-27T18:38:50.694Z,33.99,68.61

2026-09-27T18:38:55.700Z,33.98,68.7

2026-09-27T18:39:00.691Z,33.98,68.66

2026-09-27T18:39:05.698Z,34,68.64

2026-09-27T18:39:10.687Z,34,68.7

2026-09-27T18:39:15.688Z,34,68.66

2026-09-27T18:39:20.691Z,34,68.66

2026-09-27T18:39:25.689Z,34.01,68.68

2026-09-27T18:39:30.713Z,33.98,68.68

2026-09-27T18:39:35.707Z,33.98,68.66

2026-09-27T18:39:40.705Z,34,68.63

2026-09-27T18:39:45.705Z,33.99,68.66

2026-09-27T18:39:50.717Z,33.97,68.6

2026-09-27T18:39:55.728Z,33.99,68.66

2026-09-27T18:40:00.717Z,33.99,68.68

2026-09-27T18:40:05.716Z,33.97,68.74

2026-09-27T18:40:10.717Z,33.99,68.69

2026-09-27T18:40:15.718Z,33.98,68.71

2026-09-27T18:40:20.722Z,33.99,68.74

2026-09-27T18:40:25.733Z,33.97,68.77

2026-09-27T18:40:30.722Z,33.99,68.7

2026-09-27T18:40:35.721Z,33.97,68.67

2026-09-27T18:40:40.734Z,33.98,68.69

2026-09-27T18:40:45.742Z,33.98,68.73

2026-09-27T18:40:50.732Z,33.98,68.66

2026-09-27T18:40:55.732Z,33.96,68.69

2026-09-27T18:41:00.731Z,33.96,68.69

2026-09-27T18:41:05.732Z,33.95,68.7

2026-09-27T18:41:10.738Z,33.96,68.75

2026-09-27T18:41:15.750Z,33.94,68.79

2026-09-27T18:41:20.737Z,33.93,68.7

2026-09-27T18:41:25.737Z,33.96,68.7

2026-09-27T18:41:30.745Z,33.95,68.67

2026-09-27T18:41:35.751Z,33.95,68.76

2026-09-27T18:41:40.740Z,33.94,68.7

2026-09-27T18:41:45.741Z,33.94,68.64

2026-09-27T18:41:50.742Z,33.94,68.71

2026-09-27T18:41:55.754Z,33.94,68.74

2026-09-27T18:42:00.746Z,33.92,68.72

2026-09-27T18:42:05.752Z,33.92,68.66

2026-09-27T18:42:10.751Z,33.93,68.64

2026-09-27T18:42:15.755Z,33.94,68.71

2026-09-27T18:42:20.741Z,33.95,68.68

2026-09-27T18:42:25.741Z,33.96,68.66

2026-09-27T18:42:30.741Z,33.94,68.66

2026-09-27T18:42:35.744Z,33.95,68.59

2026-09-27T18:42:40.761Z,33.95,68.59

2026-09-27T18:42:45.772Z,33.93,68.61

2026-09-27T18:42:50.770Z,33.94,68.53

2026-09-27T18:42:55.770Z,33.92,68.54

2026-09-27T18:43:00.765Z,33.93,68.57

2026-09-27T18:43:05.772Z,33.93,68.54

2026-09-27T18:43:10.761Z,33.93,68.53

2026-09-27T18:43:15.761Z,33.92,68.51

2026-09-27T18:43:20.761Z,33.94,68.57

2026-09-27T18:43:25.762Z,33.93,68.54

2026-09-27T18:43:30.780Z,33.94,68.56

2026-09-27T18:43:35.794Z,33.93,68.59

2026-09-27T18:43:40.777Z,33.95,68.54

2026-09-27T18:43:45.778Z,33.92,68.56

2026-09-27T18:43:50.777Z,33.94,68.54

2026-09-27T18:43:55.778Z,33.95,68.53

2026-09-27T18:44:00.794Z,33.93,68.59

2026-09-27T18:44:05.802Z,33.93,68.61

2026-09-27T18:44:10.792Z,33.94,68.55

2026-09-27T18:44:15.791Z,33.94,68.55

2026-09-27T18:44:20.803Z,33.92,68.57

2026-09-27T18:44:25.795Z,33.94,68.51

2026-09-27T18:44:30.804Z,33.93,68.5

2026-09-27T18:44:35.815Z,33.94,68.57

2026-09-27T18:44:40.804Z,33.94,68.55

2026-09-27T18:44:45.803Z,33.92,68.46

2026-09-27T18:44:50.815Z,33.92,68.56

2026-09-27T18:44:55.824Z,33.91,68.54

2026-09-27T18:45:00.811Z,33.93,68.53

2026-09-27T18:45:05.823Z,33.91,68.54

2026-09-27T18:45:10.819Z,33.92,68.55

2026-09-27T18:45:15.830Z,33.92,68.54

2026-09-27T18:45:20.818Z,33.92,68.57

2026-09-27T18:45:25.824Z,33.91,68.56

2026-09-27T18:45:30.813Z,33.93,68.51

2026-09-27T18:45:35.814Z,33.94,68.51

2026-09-27T18:45:40.821Z,33.93,68.56

2026-09-27T18:45:45.816Z,33.93,68.5

2026-09-27T18:45:50.815Z,33.93,68.53

2026-09-27T18:45:55.815Z,33.93,68.57

2026-09-27T18:46:00.818Z,33.91,68.55

2026-09-27T18:46:05.827Z,33.93,68.6

2026-09-27T18:46:10.816Z,33.93,68.54

2026-09-27T18:46:15.819Z,33.93,68.56

2026-09-27T18:46:20.823Z,33.94,68.62

2026-09-27T18:46:25.838Z,33.92,68.63

2026-09-27T18:46:30.818Z,33.94,68.54

2026-09-27T18:46:35.823Z,33.93,68.55

2026-09-27T18:46:40.821Z,33.91,68.54

2026-09-27T18:46:45.821Z,33.94,68.55

2026-09-27T18:46:50.835Z,33.92,68.58

2026-09-27T18:46:55.849Z,33.91,68.59

2026-09-27T18:47:00.836Z,33.93,68.5

2026-09-27T18:47:05.836Z,33.92,68.51

2026-09-27T18:47:10.837Z,33.92,68.51

2026-09-27T18:47:15.838Z,33.93,68.55

2026-09-27T18:47:20.845Z,33.92,68.65

2026-09-27T18:47:25.838Z,33.9,68.58

2026-09-27T18:47:30.840Z,33.9,68.61

2026-09-27T18:47:35.838Z,33.92,68.53

2026-09-27T18:47:40.856Z,33.9,68.56

2026-09-27T18:47:45.869Z,33.9,68.6

2026-09-27T18:47:50.857Z,33.9,68.55

2026-09-27T18:47:55.854Z,33.9,68.56

2026-09-27T18:48:00.855Z,33.92,68.5

2026-09-27T18:48:05.857Z,33.9,68.52

2026-09-27T18:48:10.862Z,33.9,68.51

2026-09-27T18:48:15.877Z,33.9,68.56

2026-09-27T18:48:20.863Z,33.9,68.54

2026-09-27T18:48:25.861Z,33.92,68.52

2026-09-27T18:48:30.864Z,33.89,68.55

2026-09-27T18:48:35.863Z,33.9,68.52

2026-09-27T18:48:40.865Z,33.89,68.5

2026-09-27T18:48:45.879Z,33.91,68.51

2026-09-27T18:48:50.866Z,33.9,68.57

2026-09-27T18:48:55.867Z,33.89,68.52

2026-09-27T18:49:00.869Z,33.89,68.54

2026-09-27T18:49:05.867Z,33.89,68.49

2026-09-27T18:49:10.879Z,33.9,68.54

2026-09-27T18:49:15.890Z,33.9,68.49

2026-09-27T18:49:20.877Z,33.91,68.53

2026-09-27T18:49:25.875Z,33.89,68.51

2026-09-27T18:49:30.875Z,33.89,68.52

2026-09-27T18:49:35.877Z,33.9,68.59

2026-09-27T18:49:40.880Z,33.91,68.51

2026-09-27T18:49:45.888Z,33.88,68.57

2026-09-27T18:49:50.880Z,33.9,68.58

2026-09-27T18:49:55.881Z,33.89,68.55

2026-09-27T18:50:00.894Z,33.91,68.6

2026-09-27T18:50:05.903Z,33.88,68.58

2026-09-27T18:50:10.894Z,33.88,68.61

2026-09-27T18:50:15.896Z,33.88,68.62

2026-09-27T18:50:20.896Z,33.89,68.58

2026-09-27T18:50:25.894Z,33.9,68.58

2026-09-27T18:50:30.907Z,33.9,68.58

2026-09-27T18:50:35.906Z,33.91,68.6

2026-09-27T18:50:40.899Z,33.9,68.62

2026-09-27T18:50:45.907Z,33.9,68.61

2026-09-27T18:50:50.903Z,33.9,68.63

2026-09-27T18:50:55.909Z,33.89,68.61

2026-09-27T18:51:00.897Z,33.9,68.55

2026-09-27T18:51:05.899Z,33.91,68.61

2026-09-27T18:51:10.916Z,33.9,68.58

2026-09-27T18:51:15.905Z,33.89,68.62

2026-09-27T18:51:20.905Z,33.92,68.65

2026-09-27T18:51:25.904Z,33.91,68.59

2026-09-27T18:51:30.916Z,33.94,68.61

2026-09-27T18:51:35.925Z,33.92,68.6

2026-09-27T18:51:40.913Z,33.93,68.54

2026-09-27T18:51:45.915Z,33.93,68.55

2026-09-27T18:51:50.913Z,33.92,68.52

2026-09-27T18:51:55.927Z,33.92,68.63

2026-09-27T18:52:00.920Z,33.94,68.56

2026-09-27T18:52:05.925Z,33.92,68.54

2026-09-27T18:52:10.913Z,33.94,68.56

2026-09-27T18:52:15.916Z,33.94,68.55

2026-09-27T18:52:20.914Z,33.94,68.54

2026-09-27T18:52:25.930Z,33.95,68.59

2026-09-27T18:52:30.921Z,33.95,68.54

2026-09-27T18:52:35.927Z,33.94,68.56

2026-09-27T18:52:40.916Z,33.96,68.53

2026-09-27T18:52:45.915Z,33.95,68.51

2026-09-27T18:52:50.930Z,33.95,68.5

2026-09-27T18:52:55.940Z,33.95,68.55

2026-09-27T18:53:00.926Z,33.96,68.47

2026-09-27T18:53:05.927Z,33.96,68.43

2026-09-27T18:53:10.927Z,33.99,68.44

2026-09-27T18:53:15.926Z,33.98,68.53

2026-09-27T18:53:20.939Z,33.96,68.44

2026-09-27T18:53:25.947Z,33.96,68.51

2026-09-27T18:53:30.935Z,33.99,68.47

2026-09-27T18:53:35.941Z,33.97,68.46

2026-09-27T18:53:40.941Z,33.98,68.45

2026-09-27T18:53:45.946Z,33.98,68.43

2026-09-27T18:53:50.935Z,33.99,68.41

2026-09-27T18:53:55.939Z,33.98,68.41

2026-09-27T18:54:00.939Z,33.97,68.38

2026-09-27T18:54:05.939Z,33.99,68.38

2026-09-27T18:54:10.961Z,33.98,68.35

2026-09-27T18:54:15.972Z,33.96,68.43

2026-09-27T18:54:20.958Z,34.01,68.33

2026-09-27T18:54:25.961Z,33.99,68.31

2026-09-27T18:54:30.960Z,33.99,68.37

2026-09-27T18:54:35.961Z,34,68.32

2026-09-27T18:54:40.974Z,34.01,68.38

2026-09-27T18:54:45.985Z,34,68.39

2026-09-27T18:54:50.973Z,34,68.33

2026-09-27T18:54:55.972Z,34.02,68.34

2026-09-27T18:55:00.982Z,34.01,68.36

2026-09-27T18:55:05.994Z,34.01,68.37

2026-09-27T18:55:10.985Z,34.01,68.35

2026-09-27T18:55:15.991Z,34.02,68.36

2026-09-27T18:55:20.987Z,34.02,68.3

2026-09-27T18:55:25.981Z,34.02,68.35

2026-09-27T18:55:30.981Z,34.01,68.24

2026-09-27T18:55:35.994Z,34.02,68.32

2026-09-27T18:55:40.981Z,34.03,68.27

2026-09-27T18:55:45.981Z,34.04,68.25

2026-09-27T18:55:50.980Z,34.03,68.27

2026-09-27T18:55:55.982Z,34.03,68.23

2026-09-27T18:56:00.982Z,34.02,68.27

2026-09-27T18:56:05.994Z,34.02,68.24

2026-09-27T18:56:10.982Z,34.04,68.21

2026-09-27T18:56:15.982Z,34.03,68.14

2026-09-27T18:56:20.980Z,34.03,68.22

2026-09-27T18:56:25.981Z,34.03,68.15

2026-09-27T18:56:30.996Z,34.02,68.19

2026-09-27T18:56:36.006Z,34.03,68.15

2026-09-27T18:56:40.994Z,34.05,68.13

2026-09-27T18:56:45.993Z,34.03,68.17

2026-09-27T18:56:50.994Z,34.06,68.17

2026-09-27T18:56:56.006Z,34.04,68.23

2026-09-27T18:57:01.001Z,34.04,68.19

2026-09-27T18:57:06.013Z,34.03,68.14

2026-09-27T18:57:11.004Z,34.06,68.17

2026-09-27T18:57:16.013Z,34.04,68.2

2026-09-27T18:57:21.011Z,34.05,68.19

2026-09-27T18:57:26.001Z,34.04,68.11

2026-09-27T18:57:30.999Z,34.05,68.11

2026-09-27T18:57:36.012Z,34.04,68.15

2026-09-27T18:57:41.001Z,34.05,68.13

2026-09-27T18:57:46.001Z,34.04,68.09

2026-09-27T18:57:51.003Z,34.06,68.01

2026-09-27T18:57:56.002Z,34.05,68.08

2026-09-27T18:58:01.021Z,34.04,68.08

2026-09-27T18:58:06.029Z,34.05,68.1

2026-09-27T18:58:11.020Z,34.05,68.11

2026-09-27T18:58:16.019Z,34.06,68.09

2026-09-27T18:58:21.021Z,34.06,68.04

2026-09-27T18:58:26.021Z,34.08,68.11

2026-09-27T18:58:31.038Z,34.06,68.11

2026-09-27T18:58:36.047Z,34.08,68.15

2026-09-27T18:58:41.037Z,34.04,68.05

2026-09-27T18:58:46.051Z,34.05,68.16

2026-09-27T18:58:51.044Z,34.07,68.05

2026-09-27T18:58:56.048Z,34.04,68.12

2026-09-27T18:59:01.045Z,34.07,68.01

2026-09-27T18:59:06.037Z,34.05,68.01

2026-09-27T18:59:11.038Z,34.06,67.99

2026-09-27T18:59:16.050Z,34.04,68

2026-09-27T18:59:21.039Z,34.06,68.01

2026-09-27T18:59:26.040Z,34.07,68.02

2026-09-27T18:59:31.048Z,34.05,68.05

2026-09-27T18:59:36.054Z,34.05,68.09

2026-09-27T18:59:41.040Z,34.06,68.03

2026-09-27T18:59:46.049Z,34.06,68.02

2026-09-27T18:59:51.039Z,34.04,68.04

2026-09-27T18:59:56.039Z,34.05,68.04

2026-09-27T19:00:01.039Z,34.05,68.06

2026-09-27T19:00:06.052Z,34.05,68.07

2026-09-27T19:00:11.044Z,34.05,68.07

2026-09-27T19:00:16.052Z,34.06,68.06

2026-09-27T19:00:21.051Z,34.04,68.07

2026-09-27T19:00:26.044Z,34.05,68.08

2026-09-27T19:00:31.060Z,34.06,68.09

2026-09-27T19:00:36.073Z,34.04,68.11

2026-09-27T19:00:41.057Z,34.05,68.09

2026-09-27T19:00:46.056Z,34.06,68.08

2026-09-27T19:00:51.057Z,34.06,68.07

2026-09-27T19:00:56.058Z,34.04,68.12

2026-09-27T19:01:01.075Z,34.06,68.11

2026-09-27T19:01:06.068Z,34.07,68.12

2026-09-27T19:01:11.069Z,34.08,68.05

2026-09-27T19:01:16.068Z,34.07,68.14

2026-09-27T19:01:21.078Z,34.07,68.12

2026-09-27T19:01:26.090Z,34.06,68.15

2026-09-27T19:01:31.079Z,34.06,68.14

2026-09-27T19:01:36.085Z,34.05,68.1

2026-09-27T19:01:41.074Z,34.06,68.09

2026-09-27T19:01:46.088Z,34.06,68.15

2026-09-27T19:01:51.075Z,34.07,68.2

2026-09-27T19:01:56.075Z,34.08,68.08

2026-09-27T19:02:01.077Z,34.08,68.08

2026-09-27T19:02:06.075Z,34.07,68.13

2026-09-27T19:02:11.096Z,34.09,68.08

2026-09-27T19:02:16.106Z,34.07,68.05

2026-09-27T19:02:21.093Z,34.08,68.02

2026-09-27T19:02:26.095Z,34.08,68.03

2026-09-27T19:02:31.094Z,34.08,68.08

2026-09-27T19:02:36.108Z,34.07,68.09

2026-09-27T19:02:41.101Z,34.08,68.05

2026-09-27T19:02:46.113Z,34.08,68.11

2026-09-27T19:02:51.096Z,34.09,68.05

2026-09-27T19:02:56.094Z,34.09,68.07

2026-09-27T19:03:01.096Z,34.08,68.09

2026-09-27T19:03:06.110Z,34.09,68.09

2026-09-27T19:03:11.101Z,34.07,68.05

2026-09-27T19:03:16.109Z,34.07,68.08

2026-09-27T19:03:21.099Z,34.06,68.09

2026-09-27T19:03:26.098Z,34.06,68.03

2026-09-27T19:03:31.098Z,34.09,68.07

2026-09-27T19:03:36.110Z,34.06,68.1

2026-09-27T19:03:41.099Z,34.06,68.04

2026-09-27T19:03:46.106Z,34.08,67.99

2026-09-27T19:03:51.102Z,34.08,68.13

2026-09-27T19:03:56.103Z,34.09,68

2026-09-27T19:04:01.123Z,34.08,68.02

2026-09-27T19:04:06.133Z,34.07,68.08

2026-09-27T19:04:11.122Z,34.09,68.02

2026-09-27T19:04:16.120Z,34.07,68.03

2026-09-27T19:04:21.138Z,34.07,68.01

2026-09-27T19:04:26.146Z,34.07,67.96

2026-09-27T19:04:31.138Z,34.09,67.93

2026-09-27T19:04:36.136Z,34.08,67.97

2026-09-27T19:04:41.136Z,34.08,68

2026-09-27T19:04:46.137Z,34.06,67.97

2026-09-27T19:04:51.154Z,34.09,67.89

2026-09-27T19:04:56.163Z,34.06,67.96

2026-09-27T19:05:01.154Z,34.07,67.91

2026-09-27T19:05:06.154Z,34.07,67.93

2026-09-27T19:05:11.155Z,34.08,67.95

2026-09-27T19:05:16.155Z,34.07,67.95

2026-09-27T19:05:21.160Z,34.05,68

2026-09-27T19:05:26.170Z,34.05,67.95

2026-09-27T19:05:31.160Z,34.08,67.96

2026-09-27T19:05:36.160Z,34.07,67.94

2026-09-27T19:05:41.160Z,34.07,67.97

2026-09-27T19:05:46.160Z,34.06,67.94

2026-09-27T19:05:51.176Z,34.07,68.03

2026-09-27T19:05:56.186Z,34.06,68

2026-09-27T19:06:01.175Z,34.07,67.94

2026-09-27T19:06:06.175Z,34.05,67.95

2026-09-27T19:06:11.174Z,34.05,67.94

2026-09-27T19:06:16.174Z,34.06,67.99

2026-09-27T19:06:21.182Z,34.05,67.9

2026-09-27T19:06:26.192Z,34.05,67.98

2026-09-27T19:06:31.181Z,34.04,67.97

2026-09-27T19:06:36.197Z,34.04,68

2026-09-27T19:06:41.188Z,34.04,67.92

2026-09-27T19:06:46.199Z,34.03,67.96

2026-09-27T19:06:51.188Z,34.05,67.97

2026-09-27T19:06:56.182Z,34.03,67.96

2026-09-27T19:07:01.180Z,34.04,67.89

2026-09-27T19:07:06.194Z,34.03,67.97

2026-09-27T19:07:11.181Z,34.04,67.95

2026-09-27T19:07:16.179Z,34.04,67.92

2026-09-27T19:07:21.180Z,34.07,67.93

2026-09-27T19:07:26.182Z,34.01,67.97

2026-09-27T19:07:31.188Z,34.02,67.99

2026-09-27T19:07:36.199Z,34.02,67.91

2026-09-27T19:07:41.184Z,34.02,67.92

2026-09-27T19:07:46.190Z,34.01,67.94

2026-09-27T19:07:51.190Z,34.03,67.93

2026-09-27T19:07:56.202Z,34.02,67.95

2026-09-27T19:08:01.196Z,34.01,67.91

2026-09-27T19:08:06.208Z,34,67.94

2026-09-27T19:08:11.203Z,34,67.96

2026-09-27T19:08:16.207Z,34.01,67.99

2026-09-27T19:08:21.202Z,33.99,67.94

2026-09-27T19:08:26.207Z,34.02,67.98

2026-09-27T19:08:31.209Z,34,67.98

2026-09-27T19:08:36.212Z,34,68.05

2026-09-27T19:08:41.202Z,34,68.01

2026-09-27T19:08:46.200Z,34,68

2026-09-27T19:08:51.201Z,34,67.98

2026-09-27T19:08:56.201Z,34.02,68.02

2026-09-27T19:09:01.216Z,34.01,67.95

2026-09-27T19:09:06.226Z,34,67.97

2026-09-27T19:09:11.216Z,34.01,67.92

2026-09-27T19:09:16.228Z,34.01,68

2026-09-27T19:09:21.223Z,34,68.01

2026-09-27T19:09:26.230Z,34,68.04

2026-09-27T19:09:31.224Z,34,68.03

2026-09-27T19:09:36.216Z,34,67.95

2026-09-27T19:09:41.222Z,34,67.94

2026-09-27T19:09:46.232Z,34.02,67.95

2026-09-27T19:09:51.222Z,34.01,67.95

2026-09-27T19:09:56.221Z,34.02,67.94

2026-09-27T19:10:01.222Z,34.01,67.92

2026-09-27T19:10:06.221Z,34.01,67.89

2026-09-27T19:10:11.227Z,33.99,67.89

2026-09-27T19:10:16.235Z,33.99,67.95

2026-09-27T19:10:21.228Z,34,67.92

2026-09-27T19:10:26.234Z,34,67.93

2026-09-27T19:10:31.229Z,33.98,67.95

2026-09-27T19:10:36.237Z,34,68

2026-09-27T19:10:41.230Z,33.98,67.99

2026-09-27T19:10:46.232Z,33.99,68.01

2026-09-27T19:10:51.245Z,33.99,68.01

2026-09-27T19:10:56.238Z,34,67.96

2026-09-27T19:11:01.236Z,33.99,67.99

2026-09-27T19:11:06.239Z,33.99,67.99

2026-09-27T19:11:11.245Z,33.99,68.01

2026-09-27T19:11:16.258Z,33.97,68.03

2026-09-27T19:11:21.242Z,33.99,67.99

2026-09-27T19:11:26.244Z,33.99,67.99

2026-09-27T19:11:31.243Z,33.99,67.96

2026-09-27T19:11:36.244Z,33.99,67.95

2026-09-27T19:11:41.262Z,33.97,67.95

2026-09-27T19:11:46.274Z,33.99,68.04

2026-09-27T19:11:51.261Z,33.97,68.01

2026-09-27T19:11:56.259Z,33.99,68.01

2026-09-27T19:12:01.267Z,33.98,68.05

2026-09-27T19:12:06.271Z,33.97,68.09

2026-09-27T19:12:11.268Z,33.96,68.08

2026-09-27T19:12:16.262Z,34,68.13

2026-09-27T19:12:21.261Z,33.99,68.11

2026-09-27T19:12:26.272Z,33.98,68.17

2026-09-27T19:12:31.260Z,33.98,68.13

2026-09-27T19:12:36.263Z,33.99,68.06

2026-09-27T19:12:41.262Z,33.99,68.09

2026-09-27T19:12:46.276Z,33.98,68.2

2026-09-27T19:12:51.263Z,33.99,68.16

2026-09-27T19:12:56.262Z,33.99,68.17

2026-09-27T19:13:01.264Z,33.98,68.17

2026-09-27T19:13:06.275Z,33.98,68.22

2026-09-27T19:13:11.267Z,34.02,68.14

2026-09-27T19:13:16.275Z,34,68.21

2026-09-27T19:13:21.275Z,34,68.14

2026-09-27T19:13:26.267Z,34.02,68.13

2026-09-27T19:13:31.267Z,33.99,68.13

2026-09-27T19:13:36.265Z,34,68.1

2026-09-27T19:13:41.287Z,33.98,68.14

2026-09-27T19:13:46.297Z,33.99,68.22

2026-09-27T19:13:51.286Z,33.99,68.14

2026-09-27T19:13:56.289Z,33.99,68.17

2026-09-27T19:14:01.288Z,34,68.23

2026-09-27T19:14:06.306Z,33.99,68.19

2026-09-27T19:14:11.286Z,34,68.24

2026-09-27T19:14:16.300Z,34.01,68.23

2026-09-27T19:14:21.292Z,34,68.22

2026-09-27T19:14:26.300Z,34,68.18

2026-09-27T19:14:31.288Z,34,68.25

2026-09-27T19:14:36.289Z,34.01,68.17

2026-09-27T19:14:41.304Z,34.01,68.2

2026-09-27T19:14:46.312Z,34.02,68.22

2026-09-27T19:14:51.301Z,34.01,68.2

2026-09-27T19:14:56.301Z,34,68.21

2026-09-27T19:15:01.300Z,33.99,68.2

2026-09-27T19:15:06.303Z,33.99,68.25

2026-09-27T19:15:11.314Z,33.98,68.22

2026-09-27T19:15:16.325Z,33.99,68.27

2026-09-27T19:15:21.320Z,33.99,68.28

2026-09-27T19:15:26.331Z,33.99,68.29

2026-09-27T19:15:31.313Z,33.99,68.22

2026-09-27T19:15:36.314Z,33.99,68.24

2026-09-27T19:15:41.313Z,33.99,68.24

2026-09-27T19:15:46.312Z,34,68.27

2026-09-27T19:15:51.319Z,33.97,68.2

2026-09-27T19:15:56.327Z,33.98,68.31

2026-09-27T19:16:01.315Z,34,68.25

2026-09-27T19:16:06.315Z,34,68.3

2026-09-27T19:16:11.316Z,33.99,68.31

2026-09-27T19:16:16.315Z,33.97,68.29

2026-09-27T19:16:21.335Z,33.98,68.37

2026-09-27T19:16:26.344Z,34,68.43

2026-09-27T19:16:31.338Z,33.97,68.34

2026-09-27T19:16:36.345Z,33.98,68.45

2026-09-27T19:16:41.341Z,33.96,68.36

2026-09-27T19:16:46.342Z,33.97,68.4

2026-09-27T19:16:51.334Z,33.98,68.4

2026-09-27T19:16:56.336Z,33.96,68.36

2026-09-27T19:17:01.339Z,33.96,68.38

2026-09-27T19:17:06.347Z,33.99,68.46

2026-09-27T19:17:11.345Z,33.97,68.44

2026-09-27T19:17:16.346Z,33.98,68.45

2026-09-27T19:17:21.333Z,33.99,68.43

2026-09-27T19:17:26.340Z,33.98,68.43

2026-09-27T19:17:31.342Z,33.99,68.41

2026-09-27T19:17:36.355Z,33.97,68.43

2026-09-27T19:17:41.342Z,33.98,68.37

2026-09-27T19:17:46.341Z,33.98,68.39

2026-09-27T19:17:51.356Z,33.98,68.42

2026-09-27T19:17:56.367Z,33.97,68.43

2026-09-27T19:18:01.354Z,33.99,68.42

2026-09-27T19:18:06.354Z,33.97,68.42

2026-09-27T19:18:11.354Z,33.97,68.43

2026-09-27T19:18:16.354Z,33.96,68.52

2026-09-27T19:18:21.365Z,33.98,68.48

2026-09-27T19:18:26.378Z,33.97,68.44

2026-09-27T19:18:31.364Z,33.99,68.49

2026-09-27T19:18:36.363Z,33.98,68.51

2026-09-27T19:18:41.377Z,33.98,68.44

2026-09-27T19:18:46.391Z,33.99,68.48

2026-09-27T19:18:51.377Z,33.98,68.49

2026-09-27T19:18:56.389Z,33.98,68.53

2026-09-27T19:19:01.382Z,33.98,68.52

2026-09-27T19:19:06.393Z,33.97,68.52

2026-09-27T19:19:11.387Z,33.97,68.46

2026-09-27T19:19:16.378Z,34,68.5

2026-09-27T19:19:21.382Z,33.98,68.5

2026-09-27T19:19:26.393Z,33.97,68.53

2026-09-27T19:19:31.379Z,33.99,68.47

2026-09-27T19:19:36.381Z,33.96,68.49

2026-09-27T19:19:41.381Z,33.99,68.52

2026-09-27T19:19:46.393Z,33.98,68.49

2026-09-27T19:19:51.381Z,33.99,68.47

2026-09-27T19:19:56.382Z,33.97,68.48

2026-09-27T19:20:01.380Z,33.98,68.44

2026-09-27T19:20:06.383Z,33.97,68.49

2026-09-27T19:20:11.390Z,33.99,68.5

2026-09-27T19:20:16.394Z,33.97,68.53

2026-09-27T19:20:21.389Z,33.98,68.59

2026-09-27T19:20:26.387Z,33.98,68.51

2026-09-27T19:20:31.392Z,33.97,68.53

2026-09-27T19:20:36.405Z,33.96,68.61

2026-09-27T19:20:41.392Z,33.97,68.58

2026-09-27T19:20:46.391Z,33.95,68.47

2026-09-27T19:20:51.392Z,33.98,68.58

2026-09-27T19:20:56.397Z,33.96,68.56

2026-09-27T19:21:01.420Z,33.96,68.54

2026-09-27T19:21:06.407Z,33.96,68.53

2026-09-27T19:21:11.408Z,33.96,68.59

2026-09-27T19:21:16.407Z,33.96,68.57

2026-09-27T19:21:21.416Z,33.98,68.51

2026-09-27T19:21:26.431Z,33.97,68.56

2026-09-27T19:21:31.413Z,33.96,68.59

2026-09-27T19:21:36.416Z,33.97,68.55

2026-09-27T19:21:41.417Z,33.98,68.47

2026-09-27T19:21:46.415Z,33.97,68.52

2026-09-27T19:21:51.433Z,33.98,68.55

2026-09-27T19:21:56.426Z,33.98,68.51

2026-09-27T19:22:01.429Z,33.97,68.57

2026-09-27T19:22:06.428Z,33.97,68.49

2026-09-27T19:22:11.442Z,33.98,68.52

2026-09-27T19:22:16.451Z,33.97,68.54

2026-09-27T19:22:21.442Z,33.98,68.56

2026-09-27T19:22:26.454Z,33.98,68.61

2026-09-27T19:22:31.453Z,33.99,68.52

2026-09-27T19:22:36.453Z,33.98,68.5

2026-09-27T19:22:41.450Z,33.99,68.54

2026-09-27T19:22:46.446Z,33.98,68.47

2026-09-27T19:22:51.444Z,34.01,68.48

2026-09-27T19:22:56.445Z,33.97,68.52

2026-09-27T19:23:01.443Z,33.98,68.43

2026-09-27T19:23:06.458Z,33.99,68.48

2026-09-27T19:23:11.444Z,33.99,68.52

2026-09-27T19:23:16.454Z,33.99,68.49

2026-09-27T19:23:21.444Z,34,68.51

2026-09-27T19:23:26.443Z,33.98,68.49

2026-09-27T19:23:31.443Z,33.99,68.48

2026-09-27T19:23:36.443Z,33.97,68.48

2026-09-27T19:23:41.460Z,33.98,68.5

2026-09-27T19:23:46.454Z,33.98,68.56

2026-09-27T19:23:51.454Z,33.98,68.53

2026-09-27T19:23:56.455Z,33.98,68.51

2026-09-27T19:24:01.469Z,33.98,68.54

2026-09-27T19:24:06.477Z,33.98,68.54

2026-09-27T19:24:11.467Z,33.97,68.58

2026-09-27T19:24:16.469Z,33.96,68.56

2026-09-27T19:24:21.470Z,33.98,68.56

2026-09-27T19:24:26.468Z,33.98,68.56

2026-09-27T19:24:31.476Z,33.96,68.57

2026-09-27T19:24:36.487Z,33.99,68.57

2026-09-27T19:24:41.474Z,34,68.61

2026-09-27T19:24:46.476Z,33.97,68.56

2026-09-27T19:24:51.476Z,33.99,68.55

2026-09-27T19:24:56.477Z,33.98,68.56

2026-09-27T19:25:01.493Z,33.99,68.56

2026-09-27T19:25:06.505Z,33.99,68.59

2026-09-27T19:25:11.494Z,34,68.6

2026-09-27T19:25:16.494Z,33.99,68.56

2026-09-27T19:25:21.499Z,34,68.58

2026-09-27T19:25:26.506Z,33.99,68.64

2026-09-27T19:25:31.500Z,34.01,68.58

2026-09-27T19:25:36.506Z,33.99,68.65

2026-09-27T19:25:41.503Z,33.99,68.55

2026-09-27T19:25:46.506Z,34,68.64

2026-09-27T19:25:51.508Z,34,68.61

2026-09-27T19:25:56.509Z,34,68.54

2026-09-27T19:26:01.497Z,34.01,68.54

2026-09-27T19:26:06.498Z,34.02,68.55

2026-09-27T19:26:11.511Z,34,68.57

2026-09-27T19:26:16.522Z,34.02,68.64

2026-09-27T19:26:21.507Z,34.02,68.61

2026-09-27T19:26:26.510Z,34.01,68.59

2026-09-27T19:26:31.508Z,33.99,68.61

2026-09-27T19:26:36.509Z,34.01,68.6

2026-09-27T19:26:41.517Z,34.01,68.5

2026-09-27T19:26:46.525Z,34.02,68.58

2026-09-27T19:26:51.514Z,34.02,68.58

2026-09-27T19:26:56.513Z,34.01,68.6

2026-09-27T19:27:01.515Z,33.99,68.58

2026-09-27T19:27:06.514Z,33.99,68.61

2026-09-27T19:27:11.517Z,34,68.61

2026-09-27T19:27:16.527Z,33.98,68.64

2026-09-27T19:27:21.515Z,33.99,68.62

2026-09-27T19:27:26.515Z,33.99,68.67

2026-09-27T19:27:31.516Z,33.98,68.65

2026-09-27T19:27:36.517Z,33.98,68.67

2026-09-27T19:27:41.527Z,33.99,68.67

2026-09-27T19:27:46.540Z,33.99,68.72

2026-09-27T19:27:51.528Z,33.99,68.69

2026-09-27T19:27:56.529Z,33.97,68.72

2026-09-27T19:28:01.528Z,33.97,68.73

2026-09-27T19:28:06.525Z,33.97,68.77

2026-09-27T19:28:11.537Z,33.94,68.71

2026-09-27T19:28:16.547Z,33.96,68.79

2026-09-27T19:28:21.540Z,33.95,68.78

2026-09-27T19:28:26.538Z,33.99,68.77

2026-09-27T19:28:31.543Z,33.94,68.84

2026-09-27T19:28:36.555Z,33.96,68.88

2026-09-27T19:28:41.542Z,33.95,68.84

2026-09-27T19:28:46.542Z,33.96,68.85

2026-09-27T19:28:51.558Z,33.96,68.81

2026-09-27T19:28:56.574Z,33.95,68.93

2026-09-27T19:29:01.556Z,33.94,68.93

2026-09-27T19:29:06.556Z,33.94,68.86

2026-09-27T19:29:11.556Z,33.94,68.88

2026-09-27T19:29:16.558Z,33.91,68.98

2026-09-27T19:29:21.574Z,33.94,68.93

2026-09-27T19:29:26.586Z,33.94,69.03

2026-09-27T19:29:31.572Z,33.93,68.94

2026-09-27T19:29:36.573Z,33.93,68.96

2026-09-27T19:29:41.574Z,33.93,68.95

2026-09-27T19:29:46.585Z,33.92,69

2026-09-27T19:29:51.581Z,33.91,69.09

2026-09-27T19:29:56.588Z,33.92,69.06

2026-09-27T19:30:01.576Z,33.91,69.02

2026-09-27T19:30:06.574Z,33.91,69.11

2026-09-27T19:30:11.581Z,33.9,69.06

2026-09-27T19:30:16.591Z,33.9,69.1

2026-09-27T19:30:21.580Z,33.9,69.09

2026-09-27T19:30:26.580Z,33.91,69.15

2026-09-27T19:30:31.587Z,33.9,69.15

2026-09-27T19:30:36.595Z,33.9,69.17

2026-09-27T19:30:41.585Z,33.89,69.14

2026-09-27T19:30:46.598Z,33.92,69.19

2026-09-27T19:30:51.592Z,33.9,69.19

2026-09-27T19:30:56.598Z,33.88,69.23

2026-09-27T19:31:01.587Z,33.91,69.21

2026-09-27T19:31:06.587Z,33.9,69.17

2026-09-27T19:31:11.587Z,33.88,69.24

2026-09-27T19:31:16.589Z,33.91,69.24

2026-09-27T19:31:21.602Z,33.91,69.23

2026-09-27T19:31:26.615Z,33.89,69.29

2026-09-27T19:31:31.603Z,33.88,69.24

2026-09-27T19:31:36.601Z,33.91,69.28

2026-09-27T19:31:41.602Z,33.92,69.23

2026-09-27T19:31:46.620Z,33.9,69.26

2026-09-27T19:31:51.610Z,33.91,69.25

2026-09-27T19:31:56.616Z,33.89,69.22

2026-09-27T19:32:01.623Z,33.91,69.31

2026-09-27T19:32:06.618Z,33.91,69.26

2026-09-27T19:32:11.620Z,33.91,69.23

2026-09-27T19:32:16.630Z,33.9,69.26

2026-09-27T19:32:21.629Z,33.91,69.28

2026-09-27T19:32:26.618Z,33.91,69.23

2026-09-27T19:32:31.635Z,33.9,69.28

2026-09-27T19:32:36.629Z,33.92,69.3

2026-09-27T19:32:41.628Z,33.92,69.29

2026-09-27T19:32:46.628Z,33.89,69.29

2026-09-27T19:32:51.641Z,33.91,69.26

2026-09-27T19:32:56.652Z,33.91,69.28

2026-09-27T19:33:01.636Z,33.91,69.25

2026-09-27T19:33:06.650Z,33.92,69.28

2026-09-27T19:33:11.640Z,33.91,69.34

2026-09-27T19:33:16.648Z,33.92,69.3

2026-09-27T19:33:21.637Z,33.92,69.21

2026-09-27T19:33:26.638Z,33.92,69.29

2026-09-27T19:33:31.641Z,33.92,69.28

2026-09-27T19:33:36.653Z,33.92,69.28

2026-09-27T19:33:41.641Z,33.94,69.26

2026-09-27T19:33:46.641Z,33.94,69.3

2026-09-27T19:33:51.639Z,33.92,69.26

2026-09-27T19:33:56.651Z,33.93,69.29

2026-09-27T19:34:01.649Z,33.93,69.25

2026-09-27T19:34:06.651Z,33.93,69.3

2026-09-27T19:34:11.642Z,33.94,69.23

2026-09-27T19:34:16.653Z,33.93,69.25

2026-09-27T19:34:21.657Z,33.94,69.25

2026-09-27T19:34:26.678Z,33.93,69.26

2026-09-27T19:34:31.660Z,33.93,69.23

2026-09-27T19:34:36.660Z,33.96,69.22

2026-09-27T19:34:41.658Z,33.94,69.23

2026-09-27T19:34:46.675Z,33.92,69.23

2026-09-27T19:34:51.658Z,33.96,69.27

2026-09-27T19:34:56.659Z,33.94,69.23

2026-09-27T19:35:01.657Z,33.95,69.24

2026-09-27T19:35:06.660Z,33.94,69.25

2026-09-27T19:35:11.679Z,33.94,69.24

2026-09-27T19:35:16.691Z,33.93,69.23

2026-09-27T19:35:21.676Z,33.93,69.23

2026-09-27T19:35:26.678Z,33.95,69.22

2026-09-27T19:35:31.679Z,33.94,69.22

2026-09-27T19:35:36.692Z,33.93,69.31

2026-09-27T19:35:41.679Z,33.94,69.33

2026-09-27T19:35:46.680Z,33.92,69.31

2026-09-27T19:35:51.683Z,33.91,69.35

2026-09-27T19:35:56.682Z,33.93,69.29

2026-09-27T19:36:01.699Z,33.91,69.35

2026-09-27T19:36:06.714Z,33.9,69.35

2026-09-27T19:36:11.695Z,33.89,69.36

2026-09-27T19:36:16.698Z,33.89,69.38

2026-09-27T19:36:21.697Z,33.88,69.5

2026-09-27T19:36:26.698Z,33.9,69.46

2026-09-27T19:36:31.711Z,33.9,69.4

2026-09-27T19:36:36.720Z,33.87,69.48

2026-09-27T19:36:41.713Z,33.88,69.55

2026-09-27T19:36:46.718Z,33.89,69.58

2026-09-27T19:36:51.713Z,33.88,69.48

2026-09-27T19:36:56.718Z,33.87,69.57

2026-09-27T19:37:01.708Z,33.85,69.57

2026-09-27T19:37:06.708Z,33.86,69.55

2026-09-27T19:37:11.708Z,33.86,69.56

2026-09-27T19:37:16.708Z,33.86,69.53

2026-09-27T19:37:21.724Z,33.87,69.63

2026-09-27T19:37:26.733Z,33.86,69.61

2026-09-27T19:37:31.727Z,33.85,69.64

2026-09-27T19:37:36.733Z,33.83,69.69

2026-09-27T19:37:41.726Z,33.84,69.7

2026-09-27T19:37:46.721Z,33.86,69.67

2026-09-27T19:37:51.720Z,33.84,69.71

2026-09-27T19:37:56.722Z,33.84,69.69

2026-09-27T19:38:01.730Z,33.84,69.72

2026-09-27T19:38:06.734Z,33.84,69.82

2026-09-27T19:38:11.728Z,33.82,69.74

2026-09-27T19:38:16.727Z,33.84,69.74

2026-09-27T19:38:21.749Z,33.82,69.83

2026-09-27T19:38:26.740Z,33.82,69.8

2026-09-27T19:38:31.741Z,33.83,69.8

2026-09-27T19:38:36.752Z,33.81,69.86

2026-09-27T19:38:41.746Z,33.83,69.78

2026-09-27T19:38:46.753Z,33.83,69.85

2026-09-27T19:38:51.745Z,33.81,69.86

2026-09-27T19:38:56.753Z,33.82,69.86

2026-09-27T19:39:01.751Z,33.83,69.83

2026-09-27T19:39:06.759Z,33.81,69.9

2026-09-27T19:39:11.750Z,33.84,69.85

2026-09-27T19:39:16.749Z,33.82,69.83

2026-09-27T19:39:21.761Z,33.83,69.87

2026-09-27T19:39:26.770Z,33.83,69.94

2026-09-27T19:39:31.761Z,33.84,69.88

2026-09-27T19:39:36.769Z,33.83,69.92

2026-09-27T19:39:41.758Z,33.82,69.93

2026-09-27T19:39:46.758Z,33.82,69.9

2026-09-27T19:39:51.763Z,33.83,69.89

2026-09-27T19:39:56.772Z,33.81,69.94

2026-09-27T19:40:01.762Z,33.82,69.96

2026-09-27T19:40:06.763Z,33.82,69.91

2026-09-27T19:40:11.763Z,33.81,69.95

2026-09-27T19:40:16.761Z,33.83,69.96

2026-09-27T19:40:21.766Z,33.84,69.94

2026-09-27T19:40:26.777Z,33.84,69.95

2026-09-27T19:40:31.770Z,33.82,69.89

2026-09-27T19:40:36.774Z,33.82,70.05

2026-09-27T19:40:41.770Z,33.82,69.97

2026-09-27T19:40:46.762Z,33.83,69.96

2026-09-27T19:40:51.775Z,33.82,70.05

2026-09-27T19:40:56.778Z,33.82,70.06

2026-09-27T19:41:01.772Z,33.81,70.08

2026-09-27T19:41:06.782Z,33.79,70.08

2026-09-27T19:41:11.769Z,33.82,70.06

2026-09-27T19:41:16.781Z,33.8,70.1

2026-09-27T19:41:21.767Z,33.82,70.02

2026-09-27T19:41:26.769Z,33.82,70.03

2026-09-27T19:41:31.768Z,33.81,70.06

2026-09-27T19:41:36.772Z,33.81,70.05

2026-09-27T19:41:41.800Z,33.82,70.13

2026-09-27T19:41:46.809Z,33.81,70.08

2026-09-27T19:41:51.804Z,33.83,70.07

2026-09-27T19:41:56.810Z,33.82,70.06

2026-09-27T19:42:01.797Z,33.83,70.05

2026-09-27T19:42:06.799Z,33.83,70.07

2026-09-27T19:42:11.800Z,33.82,70.08

2026-09-27T19:42:16.800Z,33.84,70.06

2026-09-27T19:42:21.807Z,33.83,70.11

2026-09-27T19:42:26.820Z,33.82,70.12

2026-09-27T19:42:31.805Z,33.83,70.09

2026-09-27T19:42:36.807Z,33.82,70.06

2026-09-27T19:42:41.805Z,33.81,70.16

2026-09-27T19:42:46.807Z,33.83,70.12

2026-09-27T19:42:51.817Z,33.83,70.16

2026-09-27T19:42:56.828Z,33.82,70.2

2026-09-27T19:43:01.816Z,33.81,70.14

2026-09-27T19:43:06.817Z,33.81,70.09

2026-09-27T19:43:11.821Z,33.8,70.17

2026-09-27T19:43:16.831Z,33.83,70.11

2026-09-27T19:43:21.819Z,33.83,70.16

2026-09-27T19:43:26.820Z,33.82,70.16

2026-09-27T19:43:31.820Z,33.82,70.18

2026-09-27T19:43:36.821Z,33.82,70.11

2026-09-27T19:43:41.825Z,33.84,70.12

2026-09-27T19:43:46.834Z,33.81,70.13

2026-09-27T19:43:51.825Z,33.83,70.06

2026-09-27T19:43:56.825Z,33.82,70.13

2026-09-27T19:44:01.823Z,33.82,70.11

2026-09-27T19:44:06.825Z,33.81,70.14

2026-09-27T19:44:11.829Z,33.81,70.19

2026-09-27T19:44:16.835Z,33.82,70.21

2026-09-27T19:44:21.832Z,33.81,70.22

2026-09-27T19:44:26.837Z,33.81,70.18

2026-09-27T19:44:31.830Z,33.83,70.18

2026-09-27T19:44:36.838Z,33.8,70.23

2026-09-27T19:44:41.847Z,33.8,70.25

2026-09-27T19:44:46.848Z,33.82,70.26

2026-09-27T19:44:51.837Z,33.8,70.24

2026-09-27T19:44:56.838Z,33.8,70.21

2026-09-27T19:45:01.856Z,33.8,70.26

2026-09-27T19:45:06.848Z,33.8,70.29

2026-09-27T19:45:11.849Z,33.8,70.3

2026-09-27T19:45:16.849Z,33.8,70.28

2026-09-27T19:45:21.857Z,33.81,70.29

2026-09-27T19:45:26.867Z,33.79,70.34

2026-09-27T19:45:31.855Z,33.8,70.26

2026-09-27T19:45:36.857Z,33.82,70.28

2026-09-27T19:45:41.854Z,33.79,70.24

2026-09-27T19:45:46.857Z,33.8,70.25

2026-09-27T19:45:51.874Z,33.81,70.2

2026-09-27T19:45:56.867Z,33.8,70.31

2026-09-27T19:46:01.865Z,33.8,70.3

2026-09-27T19:46:06.868Z,33.8,70.32

2026-09-27T19:46:11.881Z,33.79,70.33

2026-09-27T19:46:16.874Z,33.8,70.33

2026-09-27T19:46:21.873Z,33.81,70.26

2026-09-27T19:46:26.873Z,33.8,70.31

2026-09-27T19:46:31.878Z,33.81,70.28

2026-09-27T19:46:36.890Z,33.81,70.36

2026-09-27T19:46:41.879Z,33.81,70.26

2026-09-27T19:46:46.877Z,33.8,70.32

2026-09-27T19:46:51.881Z,33.8,70.34

2026-09-27T19:46:56.880Z,33.82,70.23

2026-09-27T19:47:01.896Z,33.8,70.29

2026-09-27T19:47:06.905Z,33.81,70.3

2026-09-27T19:47:11.903Z,33.82,70.28

2026-09-27T19:47:16.903Z,33.81,70.3

2026-09-27T19:47:21.901Z,33.8,70.33

2026-09-27T19:47:26.910Z,33.82,70.33

2026-09-27T19:47:31.902Z,33.83,70.25

2026-09-27T19:47:36.897Z,33.84,70.25

2026-09-27T19:47:41.897Z,33.82,70.23

2026-09-27T19:47:46.909Z,33.83,70.24

2026-09-27T19:47:51.904Z,33.83,70.3

2026-09-27T19:47:56.915Z,33.84,70.24

2026-09-27T19:48:01.904Z,33.83,70.3

2026-09-27T19:48:06.901Z,33.84,70.25

2026-09-27T19:48:11.899Z,33.85,70.24

2026-09-27T19:48:16.912Z,33.83,70.24

2026-09-27T19:48:21.903Z,33.84,70.22

2026-09-27T19:48:26.902Z,33.85,70.23

2026-09-27T19:48:31.917Z,33.84,70.22

2026-09-27T19:48:36.926Z,33.86,70.27

2026-09-27T19:48:41.914Z,33.86,70.31

2026-09-27T19:48:46.914Z,33.87,70.28

2026-09-27T19:48:51.914Z,33.86,70.26

2026-09-27T19:48:56.917Z,33.88,70.2

2026-09-27T19:49:01.932Z,33.86,70.26

2026-09-27T19:49:06.936Z,33.84,70.25

2026-09-27T19:49:11.928Z,33.86,70.27

2026-09-27T19:49:16.932Z,33.87,70.24

2026-09-27T19:49:21.932Z,33.87,70.21

2026-09-27T19:49:26.926Z,33.87,70.21

2026-09-27T19:49:31.926Z,33.86,70.26

2026-09-27T19:49:36.926Z,33.88,70.24

2026-09-27T19:49:41.937Z,33.86,70.21

2026-09-27T19:49:46.944Z,33.87,70.26

2026-09-27T19:49:51.940Z,33.86,70.24

2026-09-27T19:49:56.947Z,33.87,70.33

2026-09-27T19:50:01.940Z,33.87,70.25

2026-09-27T19:50:06.935Z,33.86,70.18

2026-09-27T19:50:11.941Z,33.85,70.21

2026-09-27T19:50:16.955Z,33.87,70.24

2026-09-27T19:50:21.942Z,33.87,70.25

2026-09-27T19:50:26.941Z,33.86,70.26

2026-09-27T19:50:31.939Z,33.86,70.22

2026-09-27T19:50:36.939Z,33.87,70.23

2026-09-27T19:50:41.956Z,33.85,70.23

2026-09-27T19:50:46.961Z,33.85,70.22

2026-09-27T19:50:51.958Z,33.86,70.28

2026-09-27T19:50:56.962Z,33.86,70.23

2026-09-27T19:51:01.965Z,33.87,70.26

2026-09-27T19:51:06.957Z,33.85,70.25

2026-09-27T19:51:11.956Z,33.85,70.25

2026-09-27T19:51:16.971Z,33.85,70.35

2026-09-27T19:51:21.958Z,33.85,70.33

2026-09-27T19:51:26.958Z,33.87,70.29

2026-09-27T19:51:31.958Z,33.85,70.27

2026-09-27T19:51:36.961Z,33.86,70.29

2026-09-27T19:51:41.976Z,33.86,70.29

2026-09-27T19:51:46.984Z,33.84,70.39

2026-09-27T19:51:51.973Z,33.84,70.32

2026-09-27T19:51:56.975Z,33.85,70.33

2026-09-27T19:52:01.980Z,33.87,70.39

2026-09-27T19:52:06.985Z,33.85,70.32

2026-09-27T19:52:11.992Z,33.87,70.32

2026-09-27T19:52:16.979Z,33.84,70.27

2026-09-27T19:52:21.980Z,33.82,70.28

2026-09-27T19:52:26.996Z,33.85,70.31

2026-09-27T19:52:31.982Z,33.83,70.3

2026-09-27T19:52:36.981Z,33.85,70.28

2026-09-27T19:52:41.982Z,33.86,70.27

2026-09-27T19:52:46.980Z,33.86,70.26

2026-09-27T19:52:52.003Z,33.86,70.25

2026-09-27T19:52:57.012Z,33.85,70.23

2026-09-27T19:53:02.008Z,33.85,70.25

2026-09-27T19:53:07.015Z,33.84,70.2

2026-09-27T19:53:12.004Z,33.85,70.16

2026-09-27T19:53:17.014Z,33.83,70.19

2026-09-27T19:53:22.003Z,33.83,70.2

2026-09-27T19:53:27.003Z,33.83,70.21

2026-09-27T19:53:32.004Z,33.84,70.22

2026-09-27T19:53:37.006Z,33.84,70.28

2026-09-27T19:53:42.013Z,33.85,70.3

2026-09-27T19:53:47.026Z,33.83,70.22

2026-09-27T19:53:52.020Z,33.82,70.26

2026-09-27T19:53:57.024Z,33.85,70.29

2026-09-27T19:54:02.019Z,33.85,70.23

2026-09-27T19:54:07.025Z,33.81,70.3

2026-09-27T19:54:12.012Z,33.82,70.27

2026-09-27T19:54:17.025Z,33.84,70.29

2026-09-27T19:54:22.024Z,33.84,70.3

2026-09-27T19:54:27.026Z,33.84,70.29

2026-09-27T19:54:32.020Z,33.84,70.24

2026-09-27T19:54:37.015Z,33.85,70.17

2026-09-27T19:54:42.028Z,33.82,70.24

2026-09-27T19:54:47.016Z,33.85,70.17

2026-09-27T19:54:52.017Z,33.84,70.11

2026-09-27T19:54:57.018Z,33.83,70.08

2026-09-27T19:55:02.034Z,33.84,70.06

2026-09-27T19:55:07.049Z,33.82,70.14

2026-09-27T19:55:12.037Z,33.82,70.14

2026-09-27T19:55:17.046Z,33.86,70.07

2026-09-27T19:55:22.039Z,33.84,70.05

2026-09-27T19:55:27.048Z,33.82,70.13

2026-09-27T19:55:32.036Z,33.85,70.05

2026-09-27T19:55:37.035Z,33.84,70.04

2026-09-27T19:55:42.049Z,33.84,70.05

2026-09-27T19:55:47.051Z,33.84,70.17

2026-09-27T19:55:52.043Z,33.84,70.08

2026-09-27T19:55:57.050Z,33.84,70.08

2026-09-27T19:56:02.056Z,33.85,70.08

2026-09-27T19:56:07.066Z,33.85,70

2026-09-27T19:56:12.061Z,33.86,69.95

2026-09-27T19:56:17.066Z,33.84,70.02

2026-09-27T19:56:22.056Z,33.85,69.93

2026-09-27T19:56:27.056Z,33.85,69.88

2026-09-27T19:56:32.057Z,33.86,69.87

2026-09-27T19:56:37.070Z,33.86,69.93

2026-09-27T19:56:42.058Z,33.87,69.97

2026-09-27T19:56:47.057Z,33.86,69.96

2026-09-27T19:56:52.058Z,33.86,69.93

2026-09-27T19:56:57.058Z,33.86,69.95

2026-09-27T19:57:02.065Z,33.86,69.92

2026-09-27T19:57:07.075Z,33.86,69.96

2026-09-27T19:57:12.064Z,33.86,69.9

2026-09-27T19:57:17.079Z,33.87,69.91

2026-09-27T19:57:22.077Z,33.86,69.94

2026-09-27T19:57:27.082Z,33.86,69.93

2026-09-27T19:57:32.068Z,33.84,69.85

2026-09-27T19:57:37.080Z,33.87,69.85

2026-09-27T19:57:42.069Z,33.87,69.92

2026-09-27T19:57:47.070Z,33.86,69.87

2026-09-27T19:57:52.078Z,33.87,69.89

2026-09-27T19:57:57.090Z,33.84,69.93

2026-09-27T19:58:02.078Z,33.88,69.97

2026-09-27T19:58:07.079Z,33.88,69.89

2026-09-27T19:58:12.084Z,33.87,69.88

2026-09-27T19:58:17.091Z,33.88,69.84

2026-09-27T19:58:22.084Z,33.88,69.84

2026-09-27T19:58:27.080Z,33.89,69.87

2026-09-27T19:58:32.079Z,33.88,69.78

2026-09-27T19:58:37.079Z,33.89,69.74

2026-09-27T19:58:42.096Z,33.88,69.76

2026-09-27T19:58:47.106Z,33.9,69.73

2026-09-27T19:58:52.093Z,33.9,69.76

2026-09-27T19:58:57.094Z,33.9,69.67

2026-09-27T19:59:02.101Z,33.9,69.63

2026-09-27T19:59:07.112Z,33.89,69.62

2026-09-27T19:59:12.100Z,33.9,69.62

2026-09-27T19:59:17.110Z,33.9,69.67

2026-09-27T19:59:22.104Z,33.9,69.63

2026-09-27T19:59:27.111Z,33.9,69.63

2026-09-27T19:59:32.112Z,33.89,69.6

2026-09-27T19:59:37.104Z,33.89,69.57

2026-09-27T19:59:42.102Z,33.9,69.55

2026-09-27T19:59:47.104Z,33.91,69.47

2026-09-27T19:59:52.118Z,33.92,69.54

2026-09-27T19:59:57.122Z,33.92,69.53

2026-09-27T20:00:02.114Z,33.9,69.49

2026-09-27T20:00:07.118Z,33.9,69.52

2026-09-27T20:00:12.116Z,33.92,69.49

2026-09-27T20:00:17.108Z,33.92,69.53

2026-09-27T20:00:22.120Z,33.95,69.53

2026-09-27T20:00:27.129Z,33.94,69.52

2026-09-27T20:00:32.121Z,33.94,69.44

2026-09-27T20:00:37.138Z,33.95,69.46

2026-09-27T20:00:42.132Z,33.93,69.51

2026-09-27T20:00:47.130Z,33.92,69.45

2026-09-27T20:00:52.120Z,33.94,69.44

2026-09-27T20:00:57.121Z,33.94,69.35

2026-09-27T20:01:02.128Z,33.93,69.46

2026-09-27T20:01:07.141Z,33.94,69.4

2026-09-27T20:01:12.126Z,33.94,69.39

2026-09-27T20:01:17.124Z,33.95,69.3

2026-09-27T20:01:22.126Z,33.94,69.19

2026-09-27T20:01:27.143Z,33.95,69.18

2026-09-27T20:01:32.138Z,33.94,69.15

2026-09-27T20:01:37.139Z,33.95,69.14

2026-09-27T20:01:42.147Z,33.94,69.1

2026-09-27T20:01:47.138Z,33.96,69.02

2026-09-27T20:01:52.140Z,33.92,68.97

2026-09-27T20:01:57.141Z,33.95,68.88

2026-09-27T20:02:02.154Z,33.96,68.94

2026-09-27T20:02:07.145Z,33.95,68.8

2026-09-27T20:02:12.147Z,33.94,68.91

2026-09-27T20:02:17.147Z,33.94,68.83

2026-09-27T20:02:22.173Z,33.94,68.88

2026-09-27T20:02:27.173Z,33.93,68.99

2026-09-27T20:02:32.157Z,33.95,68.93

2026-09-27T20:02:37.157Z,33.96,68.94

2026-09-27T20:02:42.158Z,33.95,68.9

2026-09-27T20:02:47.166Z,33.95,68.91

2026-09-27T20:02:52.164Z,33.95,68.84

2026-09-27T20:02:57.170Z,33.93,68.85

2026-09-27T20:03:02.168Z,33.95,68.85

2026-09-27T20:03:07.160Z,33.95,68.77

2026-09-27T20:03:12.174Z,33.95,68.7

2026-09-27T20:03:17.189Z,33.93,68.76

2026-09-27T20:03:22.173Z,33.95,68.76

2026-09-27T20:03:27.173Z,33.94,68.73

2026-09-27T20:03:32.174Z,33.95,68.73

2026-09-27T20:03:37.174Z,33.94,68.72

2026-09-27T20:03:42.181Z,33.93,68.66

2026-09-27T20:03:47.192Z,33.94,68.69

2026-09-27T20:03:52.178Z,33.95,68.58

2026-09-27T20:03:57.181Z,33.95,68.6

2026-09-27T20:04:02.179Z,33.93,68.55

2026-09-27T20:04:07.183Z,33.94,68.56

2026-09-27T20:04:12.187Z,33.94,68.52

2026-09-27T20:04:17.202Z,33.94,68.51

2026-09-27T20:04:22.185Z,33.92,68.52

2026-09-27T20:04:27.188Z,33.92,68.49

2026-09-27T20:04:32.188Z,33.93,68.52

2026-09-27T20:04:37.189Z,33.92,68.5

2026-09-27T20:04:42.202Z,33.92,68.48

2026-09-27T20:04:47.211Z,33.91,68.62

2026-09-27T20:04:52.198Z,33.92,68.61

2026-09-27T20:04:57.197Z,33.93,68.55

2026-09-27T20:05:02.217Z,33.92,68.47

2026-09-27T20:05:07.225Z,33.92,68.42

2026-09-27T20:05:12.214Z,33.93,68.42

2026-09-27T20:05:17.215Z,33.92,68.4

2026-09-27T20:05:22.216Z,33.92,68.36

2026-09-27T20:05:27.215Z,33.9,68.43

2026-09-27T20:05:32.220Z,33.91,68.36

2026-09-27T20:05:37.229Z,33.91,68.38

2026-09-27T20:05:42.220Z,33.9,68.31

2026-09-27T20:05:47.221Z,33.9,68.31

2026-09-27T20:05:52.219Z,33.91,68.33

2026-09-27T20:05:57.236Z,33.9,68.26

2026-09-27T20:06:02.222Z,33.9,68.3

2026-09-27T20:06:07.222Z,33.89,68.33

2026-09-27T20:06:12.240Z,33.88,68.3

2026-09-27T20:06:17.249Z,33.89,68.3

2026-09-27T20:06:22.235Z,33.9,68.22

2026-09-27T20:06:27.238Z,33.88,68.2

2026-09-27T20:06:32.243Z,33.88,68.22

2026-09-27T20:06:37.255Z,33.88,68.17

2026-09-27T20:06:42.243Z,33.89,68.19

2026-09-27T20:06:47.244Z,33.88,68.15

2026-09-27T20:06:52.243Z,33.87,68.17

2026-09-27T20:06:57.245Z,33.87,68.33

2026-09-27T20:07:02.247Z,33.86,68.37

2026-09-27T20:07:07.257Z,33.85,68.35

2026-09-27T20:07:12.246Z,33.86,68.32

2026-09-27T20:07:17.258Z,33.85,68.38

2026-09-27T20:07:22.251Z,33.87,68.37

2026-09-27T20:07:27.259Z,33.88,68.41

2026-09-27T20:07:32.252Z,33.86,68.47

2026-09-27T20:07:37.263Z,33.86,68.43

2026-09-27T20:07:42.259Z,33.87,68.38

2026-09-27T20:07:47.250Z,33.87,68.18

2026-09-27T20:07:52.258Z,33.87,68.14

2026-09-27T20:07:57.268Z,33.85,68.12

2026-09-27T20:08:02.257Z,33.87,68.13

2026-09-27T20:08:07.258Z,33.86,68.16

2026-09-27T20:08:12.260Z,33.86,68.07

2026-09-27T20:08:17.260Z,33.85,67.94

2026-09-27T20:08:22.273Z,33.85,68.01

2026-09-27T20:08:27.267Z,33.84,67.98

2026-09-27T20:08:32.276Z,33.84,68.02

2026-09-27T20:08:37.291Z,33.84,68.05

2026-09-27T20:08:42.276Z,33.86,68.02

2026-09-27T20:08:47.275Z,33.86,68.02

2026-09-27T20:08:52.285Z,33.85,68.03

2026-09-27T20:08:57.294Z,33.85,68.05

2026-09-27T20:09:02.291Z,33.85,68.14

2026-09-27T20:09:07.297Z,33.82,68.07

2026-09-27T20:09:12.286Z,33.84,68.07

2026-09-27T20:09:17.287Z,33.83,68

2026-09-27T20:09:22.295Z,33.83,68.08

2026-09-27T20:09:27.289Z,33.84,68.02

2026-09-27T20:09:32.288Z,33.82,68.03

2026-09-27T20:09:37.288Z,33.84,68.03

2026-09-27T20:09:42.297Z,33.81,68.04

2026-09-27T20:09:47.307Z,33.81,68.1

2026-09-27T20:09:52.294Z,33.83,68.07

2026-09-27T20:09:57.296Z,33.83,68.02

2026-09-27T20:10:02.299Z,33.82,68.03

2026-09-27T20:10:07.306Z,33.82,68.04

2026-09-27T20:10:12.306Z,33.82,68.03

2026-09-27T20:10:17.296Z,33.82,68.01

2026-09-27T20:10:22.296Z,33.82,68.03

2026-09-27T20:10:27.296Z,33.82,68.03

2026-09-27T20:10:32.304Z,33.8,68

2026-09-27T20:10:37.315Z,33.79,68.02

2026-09-27T20:10:42.302Z,33.81,68

2026-09-27T20:10:47.302Z,33.82,67.99

2026-09-27T20:10:52.309Z,33.82,67.93

2026-09-27T20:10:57.323Z,33.82,68.03

2026-09-27T20:11:02.313Z,33.82,68.04

2026-09-27T20:11:07.311Z,33.82,68.08

2026-09-27T20:11:12.322Z,33.82,68.06

2026-09-27T20:11:17.313Z,33.81,68.04

2026-09-27T20:11:22.317Z,33.81,68.03

2026-09-27T20:11:27.330Z,33.79,67.92

2026-09-27T20:11:32.326Z,33.8,67.98

2026-09-27T20:11:37.333Z,33.81,67.96

2026-09-27T20:11:42.326Z,33.82,68.02

2026-09-27T20:11:47.329Z,33.8,67.93

2026-09-27T20:11:52.335Z,33.8,67.89

2026-09-27T20:11:57.350Z,33.8,67.99

2026-09-27T20:12:02.337Z,33.79,67.95

2026-09-27T20:12:07.336Z,33.81,67.99

2026-09-27T20:12:12.349Z,33.8,68

2026-09-27T20:12:17.350Z,33.79,68.09

2026-09-27T20:12:22.339Z,33.8,67.92

2026-09-27T20:12:27.348Z,33.81,67.94

2026-09-27T20:12:32.336Z,33.8,67.94

2026-09-27T20:12:37.338Z,33.79,67.91

2026-09-27T20:12:42.338Z,33.83,67.97

2026-09-27T20:12:47.339Z,33.81,67.96

2026-09-27T20:12:52.348Z,33.8,67.91

2026-09-27T20:12:57.358Z,33.78,67.93

2026-09-27T20:13:02.346Z,33.8,67.85

2026-09-27T20:13:07.347Z,33.8,67.82

2026-09-27T20:13:12.344Z,33.81,67.89

2026-09-27T20:13:17.359Z,33.8,67.87

2026-09-27T20:13:22.350Z,33.78,67.83

2026-09-27T20:13:27.358Z,33.8,67.84

2026-09-27T20:13:32.345Z,33.8,67.83

2026-09-27T20:13:37.345Z,33.8,67.79

2026-09-27T20:13:42.354Z,33.79,67.73

2026-09-27T20:13:47.360Z,33.79,67.83

2026-09-27T20:13:52.365Z,33.79,67.79

2026-09-27T20:13:57.358Z,33.79,67.83

2026-09-27T20:14:02.360Z,33.78,67.84

2026-09-27T20:14:07.376Z,33.78,67.92

2026-09-27T20:14:12.362Z,33.78,67.82

2026-09-27T20:14:17.360Z,33.79,67.79

2026-09-27T20:14:22.358Z,33.78,67.87

2026-09-27T20:14:27.365Z,33.78,67.86

2026-09-27T20:14:32.371Z,33.77,67.86

2026-09-27T20:14:37.384Z,33.76,67.91

2026-09-27T20:14:42.369Z,33.78,67.83

2026-09-27T20:14:47.371Z,33.8,67.93

2026-09-27T20:14:52.382Z,33.78,67.87

2026-09-27T20:14:57.391Z,33.77,67.85

2026-09-27T20:15:02.379Z,33.76,67.81

2026-09-27T20:15:07.377Z,33.78,67.85

2026-09-27T20:15:12.379Z,33.77,67.86

2026-09-27T20:15:17.380Z,33.76,67.89

2026-09-27T20:15:22.396Z,33.78,67.88

2026-09-27T20:15:27.406Z,33.75,67.95

2026-09-27T20:15:32.399Z,33.77,67.85

2026-09-27T20:15:37.407Z,33.76,67.85

2026-09-27T20:15:42.403Z,33.76,67.83

2026-09-27T20:15:47.406Z,33.73,67.84

2026-09-27T20:15:52.394Z,33.76,67.85

2026-09-27T20:15:57.395Z,33.77,67.87

2026-09-27T20:16:02.395Z,33.76,67.81

2026-09-27T20:16:07.395Z,33.76,67.84

2026-09-27T20:16:12.402Z,33.77,67.8

2026-09-27T20:16:17.409Z,33.76,67.89

2026-09-27T20:16:22.398Z,33.76,67.82

2026-09-27T20:16:27.397Z,33.78,67.93

2026-09-27T20:16:32.408Z,33.75,67.93

2026-09-27T20:16:37.417Z,33.75,67.92

2026-09-27T20:16:42.409Z,33.76,67.92

2026-09-27T20:16:47.415Z,33.76,67.89

2026-09-27T20:16:52.407Z,33.76,67.82

2026-09-27T20:16:57.419Z,33.75,67.84

2026-09-27T20:17:02.406Z,33.75,67.78

2026-09-27T20:17:07.404Z,33.77,67.85

2026-09-27T20:17:12.406Z,33.73,67.79

2026-09-27T20:17:17.405Z,33.76,67.81

2026-09-27T20:17:22.423Z,33.76,67.85

2026-09-27T20:17:27.435Z,33.76,67.86

2026-09-27T20:17:32.421Z,33.77,67.75

2026-09-27T20:17:37.425Z,33.75,67.77

2026-09-27T20:17:42.425Z,33.76,67.75

2026-09-27T20:17:47.423Z,33.75,67.74

2026-09-27T20:17:52.431Z,33.75,67.69

2026-09-27T20:17:57.435Z,33.75,67.78

2026-09-27T20:18:02.426Z,33.75,67.79

2026-09-27T20:18:07.429Z,33.76,67.74

2026-09-27T20:18:12.427Z,33.74,67.77

2026-09-27T20:18:17.427Z,33.77,67.76

2026-09-27T20:18:22.437Z,33.77,67.76

2026-09-27T20:18:27.446Z,33.76,67.85

2026-09-27T20:18:32.435Z,33.77,67.75

2026-09-27T20:18:37.434Z,33.75,67.75

2026-09-27T20:18:42.456Z,33.75,67.79

2026-09-27T20:18:47.466Z,33.75,67.76

2026-09-27T20:18:52.455Z,33.74,67.77

2026-09-27T20:18:57.453Z,33.74,67.77

2026-09-27T20:19:02.454Z,33.76,67.76

2026-09-27T20:19:07.456Z,33.75,67.74

2026-09-27T20:19:12.465Z,33.76,67.75

2026-09-27T20:19:17.478Z,33.74,67.76

2026-09-27T20:19:22.462Z,33.75,67.72

2026-09-27T20:19:27.463Z,33.76,67.79

2026-09-27T20:19:32.463Z,33.76,67.75

2026-09-27T20:19:37.465Z,33.72,67.75

2026-09-27T20:19:42.477Z,33.75,67.75

2026-09-27T20:19:47.486Z,33.75,67.8

2026-09-27T20:19:52.475Z,33.76,67.72

2026-09-27T20:19:57.486Z,33.74,67.75

2026-09-27T20:20:02.483Z,33.75,67.75

2026-09-27T20:20:07.488Z,33.73,67.78

2026-09-27T20:20:12.485Z,33.73,67.8

2026-09-27T20:20:17.489Z,33.74,67.79

2026-09-27T20:20:22.478Z,33.76,67.75

2026-09-27T20:20:27.478Z,33.76,67.77

2026-09-27T20:20:32.479Z,33.74,67.76

2026-09-27T20:20:37.493Z,33.75,67.74

2026-09-27T20:20:42.480Z,33.75,67.7

2026-09-27T20:20:47.478Z,33.75,67.76

2026-09-27T20:20:52.481Z,33.76,67.79

2026-09-27T20:20:57.481Z,33.76,67.7

2026-09-27T20:21:02.496Z,33.75,67.75

2026-09-27T20:21:07.489Z,33.74,67.76

2026-09-27T20:21:12.489Z,33.76,67.76

2026-09-27T20:21:17.489Z,33.75,67.77

2026-09-27T20:21:22.500Z,33.75,67.78

2026-09-27T20:21:27.494Z,33.75,67.7

2026-09-27T20:21:32.493Z,33.75,67.72

2026-09-27T20:21:37.492Z,33.76,67.67

2026-09-27T20:21:42.497Z,33.76,67.65

2026-09-27T20:21:47.509Z,33.74,67.73

2026-09-27T20:21:52.500Z,33.74,67.69

2026-09-27T20:21:57.512Z,33.75,67.71

2026-09-27T20:22:02.504Z,33.74,67.74

2026-09-27T20:22:07.510Z,33.75,67.67

2026-09-27T20:22:12.515Z,33.74,67.64

2026-09-27T20:22:17.506Z,33.74,67.61

2026-09-27T20:22:22.508Z,33.74,67.65

2026-09-27T20:22:27.508Z,33.74,67.62

2026-09-27T20:22:32.518Z,33.76,67.63

2026-09-27T20:22:37.535Z,33.73,67.7

2026-09-27T20:22:42.515Z,33.74,67.66

2026-09-27T20:22:47.517Z,33.75,67.64

2026-09-27T20:22:52.516Z,33.74,67.67

2026-09-27T20:22:57.517Z,33.74,67.69

2026-09-27T20:23:02.527Z,33.74,67.66

2026-09-27T20:23:07.539Z,33.74,67.67

2026-09-27T20:23:12.526Z,33.76,67.63

2026-09-27T20:23:17.527Z,33.75,67.61

2026-09-27T20:23:22.526Z,33.74,67.61

2026-09-27T20:23:27.525Z,33.75,67.62

2026-09-27T20:23:32.539Z,33.75,67.62

2026-09-27T20:23:37.532Z,33.74,67.62

2026-09-27T20:23:42.532Z,33.75,67.58

2026-09-27T20:23:47.531Z,33.76,67.61

2026-09-27T20:23:52.537Z,33.75,67.58

2026-09-27T20:23:57.548Z,33.74,67.69

2026-09-27T20:24:02.536Z,33.73,67.64

2026-09-27T20:24:07.535Z,33.74,67.62

2026-09-27T20:24:12.536Z,33.73,67.56

2026-09-27T20:24:17.548Z,33.74,67.66

2026-09-27T20:24:22.541Z,33.75,67.61

2026-09-27T20:24:27.546Z,33.74,67.59

2026-09-27T20:24:32.543Z,33.73,67.67

2026-09-27T20:24:37.554Z,33.72,67.6

2026-09-27T20:24:42.542Z,33.75,67.61

2026-09-27T20:24:47.542Z,33.72,67.57

2026-09-27T20:24:52.553Z,33.74,67.62

2026-09-27T20:24:57.561Z,33.73,67.67

2026-09-27T20:25:02.546Z,33.72,67.61

2026-09-27T20:25:07.548Z,33.74,67.57

2026-09-27T20:25:12.555Z,33.74,67.56

2026-09-27T20:25:17.563Z,33.72,67.62

2026-09-27T20:25:22.549Z,33.74,67.54

2026-09-27T20:25:27.552Z,33.74,67.59

2026-09-27T20:25:32.575Z,33.74,67.56

2026-09-27T20:25:37.586Z,33.72,67.53

2026-09-27T20:25:42.573Z,33.71,67.59

2026-09-27T20:25:47.574Z,33.73,67.54

2026-09-27T20:25:52.573Z,33.72,67.56

2026-09-27T20:25:57.584Z,33.72,67.59

2026-09-27T20:26:02.572Z,33.72,67.58

2026-09-27T20:26:07.572Z,33.72,67.61

2026-09-27T20:26:12.572Z,33.7,67.63

2026-09-27T20:26:17.573Z,33.71,67.55

2026-09-27T20:26:22.589Z,33.7,67.61

2026-09-27T20:26:27.598Z,33.72,67.6

2026-09-27T20:26:32.584Z,33.73,67.58

2026-09-27T20:26:37.587Z,33.74,67.61

2026-09-27T20:26:42.587Z,33.71,67.58

2026-09-27T20:26:47.586Z,33.72,67.55

2026-09-27T20:26:52.598Z,33.7,67.51

2026-09-27T20:26:57.609Z,33.71,67.62

2026-09-27T20:27:02.596Z,33.7,67.6

2026-09-27T20:27:07.595Z,33.72,67.6

2026-09-27T20:27:12.601Z,33.71,67.59

2026-09-27T20:27:17.609Z,33.68,67.62

2026-09-27T20:27:22.603Z,33.7,67.57

2026-09-27T20:27:27.608Z,33.7,67.54

2026-09-27T20:27:32.601Z,33.7,67.53

2026-09-27T20:27:37.610Z,33.69,67.52

2026-09-27T20:27:42.598Z,33.71,67.56

2026-09-27T20:27:47.598Z,33.69,67.56

2026-09-27T20:27:52.603Z,33.71,67.5

2026-09-27T20:27:57.598Z,33.69,67.59

2026-09-27T20:28:02.597Z,33.7,67.57

2026-09-27T20:28:07.600Z,33.71,67.51

2026-09-27T20:28:12.617Z,33.71,67.55

2026-09-27T20:28:17.617Z,33.7,67.59

2026-09-27T20:28:22.624Z,33.71,67.57

2026-09-27T20:28:27.618Z,33.72,67.55

2026-09-27T20:28:32.625Z,33.69,67.57

2026-09-27T20:28:37.611Z,33.72,67.51

2026-09-27T20:28:42.616Z,33.7,67.51

2026-09-27T20:28:47.624Z,33.7,67.52

2026-09-27T20:28:52.628Z,33.71,67.51

2026-09-27T20:28:57.614Z,33.71,67.49

2026-09-27T20:29:02.613Z,33.7,67.48

2026-09-27T20:29:07.615Z,33.69,67.48

2026-09-27T20:29:12.630Z,33.71,67.51

2026-09-27T20:29:17.642Z,33.69,67.55

2026-09-27T20:29:22.629Z,33.7,67.53

2026-09-27T20:29:27.634Z,33.7,67.51

2026-09-27T20:29:32.631Z,33.7,67.47

2026-09-27T20:29:37.644Z,33.7,67.56

2026-09-27T20:29:42.637Z,33.71,67.55

2026-09-27T20:29:47.643Z,33.7,67.55

2026-09-27T20:29:52.646Z,33.71,67.48

2026-09-27T20:29:57.639Z,33.7,67.52

2026-09-27T20:30:02.638Z,33.71,67.48

2026-09-27T20:30:07.640Z,33.7,67.49

2026-09-27T20:30:12.658Z,33.71,67.51

2026-09-27T20:30:17.667Z,33.7,67.57

2026-09-27T20:30:22.656Z,33.71,67.54

2026-09-27T20:30:27.656Z,33.71,67.5

2026-09-27T20:30:32.664Z,33.7,67.51

2026-09-27T20:30:37.674Z,33.7,67.55

2026-09-27T20:30:42.669Z,33.72,67.57

2026-09-27T20:30:47.672Z,33.71,67.49

2026-09-27T20:30:52.667Z,33.7,67.5

2026-09-27T20:30:57.671Z,33.71,67.54

2026-09-27T20:31:02.662Z,33.71,67.45

2026-09-27T20:31:07.662Z,33.71,67.46

2026-09-27T20:31:12.662Z,33.72,67.52

2026-09-27T20:31:17.662Z,33.71,67.5

2026-09-27T20:31:22.681Z,33.72,67.43

2026-09-27T20:31:27.679Z,33.72,67.59

2026-09-27T20:31:32.685Z,33.7,67.55

2026-09-27T20:31:37.672Z,33.71,67.55

2026-09-27T20:31:42.672Z,33.73,67.57

2026-09-27T20:31:47.671Z,33.72,67.57

2026-09-27T20:31:52.686Z,33.71,67.51

2026-09-27T20:31:57.698Z,33.71,67.53

2026-09-27T20:32:02.686Z,33.71,67.52

2026-09-27T20:32:07.704Z,33.7,67.57

2026-09-27T20:32:12.693Z,33.72,67.54

2026-09-27T20:32:17.687Z,33.72,67.57

2026-09-27T20:32:22.701Z,33.72,67.5

2026-09-27T20:32:27.694Z,33.73,67.52

2026-09-27T20:32:32.694Z,33.73,67.56

2026-09-27T20:32:37.693Z,33.72,67.51

2026-09-27T20:32:42.711Z,33.75,67.52

2026-09-27T20:32:47.719Z,33.71,67.56

2026-09-27T20:32:52.712Z,33.72,67.48

2026-09-27T20:32:57.723Z,33.73,67.5

2026-09-27T20:33:02.715Z,33.73,67.5

2026-09-27T20:33:07.720Z,33.72,67.52

2026-09-27T20:33:12.715Z,33.75,67.49

2026-09-27T20:33:17.713Z,33.73,67.48

2026-09-27T20:33:22.715Z,33.73,67.46

2026-09-27T20:33:27.724Z,33.75,67.48

2026-09-27T20:33:32.713Z,33.75,67.45

2026-09-27T20:33:37.715Z,33.77,67.41

2026-09-27T20:33:42.719Z,33.74,67.45

2026-09-27T20:33:47.724Z,33.76,67.43

2026-09-27T20:33:52.722Z,33.75,67.42

2026-09-27T20:33:57.715Z,33.76,67.37

2026-09-27T20:34:02.715Z,33.75,67.45

2026-09-27T20:34:07.714Z,33.75,67.39

2026-09-27T20:34:12.715Z,33.74,67.42

2026-09-27T20:34:17.728Z,33.76,67.43

2026-09-27T20:34:22.718Z,33.74,67.3

2026-09-27T20:34:27.726Z,33.75,67.35

2026-09-27T20:34:32.728Z,33.73,67.48

2026-09-27T20:34:37.731Z,33.75,67.43

2026-09-27T20:34:42.718Z,33.76,67.42

2026-09-27T20:34:47.719Z,33.75,67.35

2026-09-27T20:34:52.748Z,33.75,67.38

2026-09-27T20:34:57.749Z,33.74,67.42

2026-09-27T20:35:02.740Z,33.76,67.37

2026-09-27T20:35:07.748Z,33.75,67.41

2026-09-27T20:35:12.736Z,33.75,67.34

2026-09-27T20:35:17.738Z,33.76,67.33

2026-09-27T20:35:22.754Z,33.76,67.35

2026-09-27T20:35:27.764Z,33.76,67.38

2026-09-27T20:35:32.750Z,33.77,67.32

2026-09-27T20:35:37.753Z,33.75,67.37

2026-09-27T20:35:42.751Z,33.73,67.4

2026-09-27T20:35:47.754Z,33.76,67.38

2026-09-27T20:35:52.763Z,33.75,67.44

2026-09-27T20:35:57.773Z,33.75,67.38

2026-09-27T20:36:02.769Z,33.76,67.45

2026-09-27T20:36:07.772Z,33.76,67.48

2026-09-27T20:36:12.767Z,33.74,67.45

2026-09-27T20:36:17.761Z,33.75,67.45

2026-09-27T20:36:22.767Z,33.76,67.43

2026-09-27T20:36:27.776Z,33.74,67.44

2026-09-27T20:36:32.773Z,33.73,67.52

2026-09-27T20:36:37.780Z,33.75,67.46

2026-09-27T20:36:42.766Z,33.75,67.38

2026-09-27T20:36:47.778Z,33.73,67.46

2026-09-27T20:36:52.765Z,33.74,67.46

2026-09-27T20:36:57.767Z,33.74,67.41

2026-09-27T20:37:02.766Z,33.74,67.43

2026-09-27T20:37:07.766Z,33.73,67.36

2026-09-27T20:37:12.773Z,33.74,67.39

2026-09-27T20:37:17.778Z,33.73,67.5

2026-09-27T20:37:22.774Z,33.72,67.38

2026-09-27T20:37:27.778Z,33.75,67.43

2026-09-27T20:37:32.784Z,33.74,67.45

2026-09-27T20:37:37.776Z,33.75,67.42

2026-09-27T20:37:42.775Z,33.74,67.32

2026-09-27T20:37:47.775Z,33.75,67.41

2026-09-27T20:37:52.785Z,33.74,67.33

2026-09-27T20:37:57.793Z,33.72,67.41

2026-09-27T20:38:02.785Z,33.74,67.37

2026-09-27T20:38:07.799Z,33.75,67.36

2026-09-27T20:38:12.787Z,33.75,67.38

2026-09-27T20:38:17.784Z,33.75,67.36

2026-09-27T20:38:22.785Z,33.71,67.35

2026-09-27T20:38:27.798Z,33.74,67.38

2026-09-27T20:38:32.801Z,33.72,67.34

2026-09-27T20:38:37.808Z,33.74,67.36

2026-09-27T20:38:42.807Z,33.72,67.36

2026-09-27T20:38:47.799Z,33.75,67.39

2026-09-27T20:38:52.812Z,33.75,67.4

2026-09-27T20:38:57.805Z,33.73,67.42

2026-09-27T20:39:02.805Z,33.75,67.36

2026-09-27T20:39:07.818Z,33.75,67.43

2026-09-27T20:39:12.815Z,33.76,67.41

2026-09-27T20:39:17.818Z,33.74,67.42

2026-09-27T20:39:22.816Z,33.74,67.41

2026-09-27T20:39:27.821Z,33.74,67.41

2026-09-27T20:39:32.810Z,33.74,67.42

2026-09-27T20:39:37.809Z,33.74,67.33

2026-09-27T20:39:42.830Z,33.74,67.32

2026-09-27T20:39:47.820Z,33.72,67.37

2026-09-27T20:39:52.829Z,33.74,67.35

2026-09-27T20:39:57.832Z,33.73,67.34

2026-09-27T20:40:02.825Z,33.74,67.31

2026-09-27T20:40:07.836Z,33.73,67.34

2026-09-27T20:40:12.821Z,33.74,67.29

2026-09-27T20:40:17.832Z,33.73,67.32

2026-09-27T20:40:22.834Z,33.74,67.36

2026-09-27T20:40:27.842Z,33.74,67.39

2026-09-27T20:40:32.844Z,33.75,67.36

2026-09-27T20:40:37.843Z,33.74,67.3

2026-09-27T20:40:42.847Z,33.74,67.32

2026-09-27T20:40:47.836Z,33.73,67.32

2026-09-27T20:40:52.846Z,33.75,67.23

2026-09-27T20:40:57.857Z,33.75,67.29

2026-09-27T20:41:02.843Z,33.75,67.3

2026-09-27T20:41:07.845Z,33.76,67.29

2026-09-27T20:41:12.859Z,33.75,67.28

2026-09-27T20:41:17.868Z,33.76,67.33

2026-09-27T20:41:22.857Z,33.76,67.38

2026-09-27T20:41:27.860Z,33.75,67.22

2026-09-27T20:41:32.863Z,33.75,67.36

2026-09-27T20:41:37.866Z,33.75,67.31

2026-09-27T20:41:42.870Z,33.75,67.3

2026-09-27T20:41:47.873Z,33.74,67.27

2026-09-27T20:41:52.861Z,33.77,67.25

2026-09-27T20:41:57.863Z,33.77,67.21

2026-09-27T20:42:02.861Z,33.76,67.26

2026-09-27T20:42:07.862Z,33.75,67.28

2026-09-27T20:42:12.884Z,33.75,67.27

2026-09-27T20:42:17.894Z,33.76,67.32

2026-09-27T20:42:22.891Z,33.74,67.29

2026-09-27T20:42:27.896Z,33.76,67.34

2026-09-27T20:42:32.881Z,33.76,67.27

2026-09-27T20:42:37.882Z,33.76,67.33

2026-09-27T20:42:42.883Z,33.77,67.25

2026-09-27T20:42:47.898Z,33.76,67.33

2026-09-27T20:42:52.883Z,33.76,67.3

2026-09-27T20:42:57.882Z,33.76,67.29

2026-09-27T20:43:02.883Z,33.78,67.31

2026-09-27T20:43:07.880Z,33.77,67.29

2026-09-27T20:43:12.885Z,33.78,67.32

2026-09-27T20:43:17.894Z,33.76,67.34

2026-09-27T20:43:22.883Z,33.78,67.28

2026-09-27T20:43:27.880Z,33.77,67.33

2026-09-27T20:43:32.894Z,33.78,67.29

2026-09-27T20:43:37.903Z,33.78,67.34

2026-09-27T20:43:42.892Z,33.76,67.26

2026-09-27T20:43:47.891Z,33.77,67.24

2026-09-27T20:43:52.891Z,33.78,67.26

2026-09-27T20:43:57.907Z,33.78,67.28

2026-09-27T20:44:02.894Z,33.79,67.26

2026-09-27T20:44:07.894Z,33.79,67.23

2026-09-27T20:44:12.899Z,33.8,67.29

2026-09-27T20:44:17.910Z,33.79,67.27

2026-09-27T20:44:22.901Z,33.78,67.29

2026-09-27T20:44:27.907Z,33.79,67.22

2026-09-27T20:44:32.895Z,33.8,67.16

2026-09-27T20:44:37.896Z,33.78,67.26

2026-09-27T20:44:42.918Z,33.81,67.3

2026-09-27T20:44:47.927Z,33.8,67.22

2026-09-27T20:44:52.915Z,33.81,67.2

2026-09-27T20:44:57.917Z,33.81,67.22

2026-09-27T20:45:02.916Z,33.8,67.24

2026-09-27T20:45:07.928Z,33.79,67.26

2026-09-27T20:45:12.924Z,33.8,67.31

2026-09-27T20:45:17.930Z,33.78,67.25

2026-09-27T20:45:22.924Z,33.81,67.24

2026-09-27T20:45:27.930Z,33.81,67.23

2026-09-27T20:45:32.919Z,33.8,67.16

2026-09-27T20:45:37.919Z,33.79,67.21

2026-09-27T20:45:42.920Z,33.8,67.2

2026-09-27T20:45:47.920Z,33.82,67.15

2026-09-27T20:45:52.931Z,33.82,67.17

2026-09-27T20:45:57.940Z,33.82,67.17

2026-09-27T20:46:02.926Z,33.8,67.2

2026-09-27T20:46:07.928Z,33.83,67.16

2026-09-27T20:46:12.936Z,33.84,67.15

2026-09-27T20:46:17.941Z,33.85,67.22

2026-09-27T20:46:22.938Z,33.83,67.19

2026-09-27T20:46:27.946Z,33.82,67.2

2026-09-27T20:46:32.940Z,33.83,67.18

2026-09-27T20:46:37.942Z,33.82,67.19

2026-09-27T20:46:42.943Z,33.81,67.19

2026-09-27T20:46:47.933Z,33.81,67.18

2026-09-27T20:46:52.939Z,33.83,67.18

2026-09-27T20:46:57.950Z,33.84,67.19

2026-09-27T20:47:02.938Z,33.83,67.17

2026-09-27T20:47:07.941Z,33.83,67.18

2026-09-27T20:47:12.943Z,33.82,67.2

2026-09-27T20:47:17.955Z,33.83,67.14

2026-09-27T20:47:22.942Z,33.83,67.15

2026-09-27T20:47:27.940Z,33.84,67.1

2026-09-27T20:47:32.937Z,33.85,67.08

2026-09-27T20:47:37.939Z,33.85,67.09

2026-09-27T20:47:42.962Z,33.83,67.06

2026-09-27T20:47:47.970Z,33.84,67.1

2026-09-27T20:47:52.960Z,33.84,67.07

2026-09-27T20:47:57.959Z,33.85,67.06

2026-09-27T20:48:02.961Z,33.84,67.04

2026-09-27T20:48:07.960Z,33.85,67.07

2026-09-27T20:48:12.977Z,33.84,67.11

2026-09-27T20:48:17.988Z,33.83,67.11

2026-09-27T20:48:22.976Z,33.84,67.04

2026-09-27T20:48:27.977Z,33.83,66.99

2026-09-27T20:48:32.975Z,33.84,67.02

2026-09-27T20:48:37.988Z,33.85,67.03

2026-09-27T20:48:42.978Z,33.86,66.98

2026-09-27T20:48:47.978Z,33.85,67.02

2026-09-27T20:48:52.978Z,33.86,66.99

2026-09-27T20:48:57.979Z,33.86,67.01

2026-09-27T20:49:02.989Z,33.84,67.06

2026-09-27T20:49:07.999Z,33.85,67.06

2026-09-27T20:49:12.988Z,33.86,67.04

2026-09-27T20:49:17.988Z,33.84,66.98

2026-09-27T20:49:22.999Z,33.86,67.01

2026-09-27T20:49:28.007Z,33.84,67.02

2026-09-27T20:49:32.999Z,33.84,66.97

2026-09-27T20:49:37.997Z,33.83,67.01

2026-09-27T20:49:42.998Z,33.84,66.93

2026-09-27T20:49:47.996Z,33.85,67.01

2026-09-27T20:49:52.999Z,33.84,66.96

2026-09-27T20:49:58.010Z,33.84,67.05

2026-09-27T20:50:02.996Z,33.85,67.03

2026-09-27T20:50:08.001Z,33.85,66.99

2026-09-27T20:50:13.000Z,33.86,66.95

2026-09-27T20:50:18.000Z,33.83,67.01

2026-09-27T20:50:23.011Z,33.84,67.04

2026-09-27T20:50:28.011Z,33.82,66.98

2026-09-27T20:50:33.010Z,33.83,66.99

2026-09-27T20:50:38.014Z,33.85,67.09

2026-09-27T20:50:43.008Z,33.84,67.03

2026-09-27T20:50:48.014Z,33.83,67.01

2026-09-27T20:50:53.013Z,33.85,66.92

2026-09-27T20:50:58.009Z,33.82,67.01

2026-09-27T20:51:03.012Z,33.82,67.03

2026-09-27T20:51:08.012Z,33.82,67

2026-09-27T20:51:13.030Z,33.85,67.01

2026-09-27T20:51:18.037Z,33.84,67.08

2026-09-27T20:51:23.024Z,33.84,67.07

2026-09-27T20:51:28.019Z,33.83,67.03

2026-09-27T20:51:33.019Z,33.83,67.02

2026-09-27T20:51:38.029Z,33.81,67.14

2026-09-27T20:51:43.020Z,33.81,67.12

2026-09-27T20:51:48.019Z,33.81,67.1

2026-09-27T20:51:53.022Z,33.84,67.13

2026-09-27T20:51:58.021Z,33.82,67.08

2026-09-27T20:52:03.042Z,33.81,67.08

2026-09-27T20:52:08.051Z,33.81,67.14

2026-09-27T20:52:13.042Z,33.82,67.11

2026-09-27T20:52:18.043Z,33.8,67.1

2026-09-27T20:52:23.050Z,33.84,67.13

2026-09-27T20:52:28.063Z,33.82,67.11

2026-09-27T20:52:33.049Z,33.8,67.06

2026-09-27T20:52:38.049Z,33.81,67.04

2026-09-27T20:52:43.059Z,33.82,67.08

2026-09-27T20:52:48.069Z,33.8,67.12

2026-09-27T20:52:53.061Z,33.81,67.07

2026-09-27T20:52:58.068Z,33.81,67.09

2026-09-27T20:53:03.062Z,33.8,67.14

2026-09-27T20:53:08.072Z,33.82,67.16

2026-09-27T20:53:13.060Z,33.81,67.07

2026-09-27T20:53:18.061Z,33.81,67.1

2026-09-27T20:53:23.059Z,33.81,67.08

2026-09-27T20:53:28.062Z,33.8,67.1

2026-09-27T20:53:33.076Z,33.81,67.15

2026-09-27T20:53:38.086Z,33.81,67.2

2026-09-27T20:53:43.076Z,33.81,67.11

2026-09-27T20:53:48.076Z,33.78,67.05

2026-09-27T20:53:53.074Z,33.82,67.09

2026-09-27T20:53:58.076Z,33.81,67.13

2026-09-27T20:54:03.076Z,33.81,67.13

2026-09-27T20:54:08.090Z,33.79,67.15

2026-09-27T20:54:13.078Z,33.8,67.09

2026-09-27T20:54:18.076Z,33.8,67.1

2026-09-27T20:54:23.077Z,33.81,67.12

2026-09-27T20:54:28.078Z,33.79,67.15

2026-09-27T20:54:33.093Z,33.79,67.12

2026-09-27T20:54:38.093Z,33.79,67.15

2026-09-27T20:54:43.081Z,33.82,67.13

2026-09-27T20:54:48.082Z,33.79,67.08

2026-09-27T20:54:53.094Z,33.8,67.17

2026-09-27T20:54:58.105Z,33.79,67.18

2026-09-27T20:55:03.095Z,33.8,67.15

2026-09-27T20:55:08.095Z,33.78,67.2

2026-09-27T20:55:13.095Z,33.79,67.17

2026-09-27T20:55:18.095Z,33.78,67.14

2026-09-27T20:55:23.110Z,33.77,67.12

2026-09-27T20:55:28.119Z,33.79,67.22

2026-09-27T20:55:33.105Z,33.8,67.2

2026-09-27T20:55:38.108Z,33.78,67.25

2026-09-27T20:55:43.107Z,33.78,67.16

2026-09-27T20:55:48.108Z,33.78,67.22

2026-09-27T20:55:53.124Z,33.79,67.22

2026-09-27T20:55:58.136Z,33.78,67.26

2026-09-27T20:56:03.121Z,33.77,67.21

2026-09-27T20:56:08.132Z,33.77,67.29

2026-09-27T20:56:13.127Z,33.76,67.2

2026-09-27T20:56:18.131Z,33.77,67.26

2026-09-27T20:56:23.121Z,33.78,67.26

2026-09-27T20:56:28.122Z,33.77,67.27

2026-09-27T20:56:33.121Z,33.76,67.28

2026-09-27T20:56:38.121Z,33.78,67.24

2026-09-27T20:56:43.128Z,33.78,67.23

2026-09-27T20:56:48.136Z,33.78,67.28

2026-09-27T20:56:53.130Z,33.78,67.22

2026-09-27T20:56:58.139Z,33.78,67.3

2026-09-27T20:57:03.128Z,33.77,67.21

2026-09-27T20:57:08.141Z,33.76,67.26

2026-09-27T20:57:13.129Z,33.77,67.22

2026-09-27T20:57:18.129Z,33.77,67.27

2026-09-27T20:57:23.140Z,33.77,67.26

2026-09-27T20:57:28.147Z,33.76,67.29

2026-09-27T20:57:33.134Z,33.78,67.24

2026-09-27T20:57:38.138Z,33.77,67.25

2026-09-27T20:57:43.136Z,33.76,67.24

2026-09-27T20:57:48.136Z,33.75,67.24

2026-09-27T20:57:53.138Z,33.76,67.17

2026-09-27T20:57:58.150Z,33.74,67.24

2026-09-27T20:58:03.139Z,33.76,67.34

2026-09-27T20:58:08.152Z,33.76,67.28

2026-09-27T20:58:13.145Z,33.76,67.3

2026-09-27T20:58:18.156Z,33.77,67.32

2026-09-27T20:58:23.142Z,33.76,67.27

2026-09-27T20:58:28.141Z,33.75,67.25

2026-09-27T20:58:33.158Z,33.76,67.27

2026-09-27T20:58:38.167Z,33.75,67.3

2026-09-27T20:58:43.154Z,33.74,67.24

2026-09-27T20:58:48.155Z,33.77,67.27

2026-09-27T20:58:53.153Z,33.75,67.27

2026-09-27T20:58:58.155Z,33.75,67.29

2026-09-27T20:59:03.173Z,33.76,67.3

2026-09-27T20:59:08.175Z,33.75,67.31

2026-09-27T20:59:13.166Z,33.75,67.33

2026-09-27T20:59:18.174Z,33.76,67.33

2026-09-27T20:59:23.173Z,33.75,67.25

2026-09-27T20:59:28.185Z,33.74,67.35

2026-09-27T20:59:33.179Z,33.75,67.34

2026-09-27T20:59:38.185Z,33.74,67.34

2026-09-27T20:59:43.180Z,33.76,67.3

2026-09-27T20:59:48.173Z,33.75,67.26

2026-09-27T20:59:53.180Z,33.73,67.26

2026-09-27T20:59:58.188Z,33.75,67.35

2026-09-27T21:00:03.180Z,33.73,67.35

2026-09-27T21:00:08.179Z,33.76,67.36

2026-09-27T21:00:13.178Z,33.75,67.36

2026-09-27T21:00:18.179Z,33.74,67.35

2026-09-27T21:00:23.191Z,33.74,67.4

2026-09-27T21:00:28.196Z,33.75,67.41

2026-09-27T21:00:33.186Z,33.75,67.42

2026-09-27T21:00:38.193Z,33.75,67.39

2026-09-27T21:00:43.184Z,33.76,67.39

2026-09-27T21:00:48.194Z,33.76,67.47

2026-09-27T21:00:53.182Z,33.73,67.41

2026-09-27T21:00:58.196Z,33.73,67.41

2026-09-27T21:01:03.188Z,33.74,67.42

2026-09-27T21:01:08.199Z,33.73,67.46

2026-09-27T21:01:13.186Z,33.74,67.48

2026-09-27T21:01:18.198Z,33.73,67.43

2026-09-27T21:01:23.184Z,33.75,67.44

2026-09-27T21:01:28.190Z,33.74,67.45

2026-09-27T21:01:33.189Z,33.75,67.42

2026-09-27T21:01:38.187Z,33.74,67.38

2026-09-27T21:01:43.208Z,33.74,67.38

2026-09-27T21:01:48.220Z,33.75,67.38

2026-09-27T21:01:53.207Z,33.75,67.46

2026-09-27T21:01:58.207Z,33.75,67.36

2026-09-27T21:02:03.223Z,33.74,67.38

2026-09-27T21:02:08.235Z,33.73,67.41

2026-09-27T21:02:13.225Z,33.73,67.42

2026-09-27T21:02:18.224Z,33.73,67.31

2026-09-27T21:02:23.223Z,33.75,67.34

2026-09-27T21:02:28.223Z,33.74,67.4

2026-09-27T21:02:33.229Z,33.74,67.42

2026-09-27T21:02:38.240Z,33.75,67.43

2026-09-27T21:02:43.227Z,33.74,67.38

2026-09-27T21:02:48.228Z,33.74,67.36

2026-09-27T21:02:53.228Z,33.74,67.4

2026-09-27T21:02:58.229Z,33.75,67.4

2026-09-27T21:03:03.241Z,33.73,67.41

2026-09-27T21:03:08.252Z,33.71,67.45

2026-09-27T21:03:13.239Z,33.74,67.42

2026-09-27T21:03:18.242Z,33.73,67.42

2026-09-27T21:03:23.242Z,33.74,67.42

2026-09-27T21:03:28.242Z,33.74,67.4

2026-09-27T21:03:33.256Z,33.72,67.45

2026-09-27T21:03:38.266Z,33.74,67.45

2026-09-27T21:03:43.252Z,33.73,67.44

2026-09-27T21:03:48.266Z,33.73,67.43

2026-09-27T21:03:53.259Z,33.72,67.39

2026-09-27T21:03:58.266Z,33.75,67.55

2026-09-27T21:04:03.257Z,33.74,67.5

2026-09-27T21:04:08.266Z,33.76,67.51

2026-09-27T21:04:13.261Z,33.74,67.53

2026-09-27T21:04:18.254Z,33.74,67.47

2026-09-27T21:04:23.258Z,33.73,67.55

2026-09-27T21:04:28.267Z,33.72,67.5

2026-09-27T21:04:33.256Z,33.75,67.48

2026-09-27T21:04:38.256Z,33.73,67.48

2026-09-27T21:04:43.255Z,33.76,67.54

2026-09-27T21:04:48.258Z,33.74,67.48

2026-09-27T21:04:53.266Z,33.74,67.49

2026-09-27T21:04:58.272Z,33.74,67.56

2026-09-27T21:05:03.265Z,33.76,67.51

2026-09-27T21:05:08.288Z,33.75,67.62

2026-09-27T21:05:13.265Z,33.75,67.53

2026-09-27T21:05:18.276Z,33.72,67.55

2026-09-27T21:05:23.279Z,33.73,67.55

2026-09-27T21:05:28.279Z,33.73,67.54

2026-09-27T21:05:33.277Z,33.75,67.53

2026-09-27T21:05:38.283Z,33.75,67.53

2026-09-27T21:05:43.285Z,33.77,67.5

2026-09-27T21:05:48.288Z,33.74,67.52

2026-09-27T21:05:53.278Z,33.75,67.45

2026-09-27T21:05:58.277Z,33.75,67.46

2026-09-27T21:06:03.299Z,33.76,67.51

2026-09-27T21:06:08.292Z,33.75,67.49

2026-09-27T21:06:13.291Z,33.77,67.44

2026-09-27T21:06:18.290Z,33.75,67.46

2026-09-27T21:06:23.298Z,33.76,67.41

2026-09-27T21:06:28.312Z,33.75,67.43

2026-09-27T21:06:33.299Z,33.76,67.47

2026-09-27T21:06:38.299Z,33.77,67.52

2026-09-27T21:06:43.299Z,33.76,67.47

2026-09-27T21:06:48.296Z,33.77,67.54

2026-09-27T21:06:53.302Z,33.77,67.46

2026-09-27T21:06:58.316Z,33.76,67.51

2026-09-27T21:07:03.303Z,33.77,67.44

2026-09-27T21:07:08.303Z,33.78,67.37

2026-09-27T21:07:13.312Z,33.78,67.37

2026-09-27T21:07:18.321Z,33.75,67.44

2026-09-27T21:07:23.312Z,33.77,67.36

2026-09-27T21:07:28.313Z,33.76,67.36

2026-09-27T21:07:33.311Z,33.77,67.35

2026-09-27T21:07:38.325Z,33.79,67.4

2026-09-27T21:07:43.320Z,33.77,67.34

2026-09-27T21:07:48.325Z,33.78,67.4

2026-09-27T21:07:53.322Z,33.78,67.37

2026-09-27T21:07:58.329Z,33.76,67.37

2026-09-27T21:08:03.322Z,33.77,67.3

2026-09-27T21:08:08.327Z,33.76,67.37

2026-09-27T21:08:13.328Z,33.77,67.31

2026-09-27T21:08:18.323Z,33.79,67.33

2026-09-27T21:08:23.337Z,33.76,67.36

2026-09-27T21:08:28.331Z,33.77,67.32

2026-09-27T21:08:33.330Z,33.76,67.37

2026-09-27T21:08:38.330Z,33.77,67.38

2026-09-27T21:08:43.342Z,33.76,67.38

2026-09-27T21:08:48.351Z,33.78,67.37

2026-09-27T21:08:53.336Z,33.77,67.31

2026-09-27T21:08:58.339Z,33.76,67.39

2026-09-27T21:09:03.337Z,33.76,67.43

2026-09-27T21:09:08.339Z,33.75,67.4

2026-09-27T21:09:13.356Z,33.76,67.4

2026-09-27T21:09:18.369Z,33.75,67.44

2026-09-27T21:09:23.359Z,33.74,67.44

2026-09-27T21:09:28.367Z,33.75,67.46

2026-09-27T21:09:33.356Z,33.75,67.43

2026-09-27T21:09:38.365Z,33.74,67.44

2026-09-27T21:09:43.355Z,33.74,67.42

2026-09-27T21:09:48.355Z,33.73,67.4

2026-09-27T21:09:53.353Z,33.74,67.44

2026-09-27T21:09:58.353Z,33.75,67.44

2026-09-27T21:10:03.362Z,33.75,67.45

2026-09-27T21:10:08.372Z,33.73,67.44

2026-09-27T21:10:13.357Z,33.74,67.4

2026-09-27T21:10:18.359Z,33.73,67.43

2026-09-27T21:10:23.373Z,33.73,67.45

2026-09-27T21:10:28.378Z,33.73,67.48

2026-09-27T21:10:33.371Z,33.72,67.5

2026-09-27T21:10:38.378Z,33.72,67.43

2026-09-27T21:10:43.363Z,33.73,67.44

2026-09-27T21:10:48.374Z,33.71,67.46

2026-09-27T21:10:53.369Z,33.73,67.47

2026-09-27T21:10:58.378Z,33.73,67.48

2026-09-27T21:11:03.380Z,33.72,67.41

2026-09-27T21:11:08.390Z,33.72,67.45

2026-09-27T21:11:13.373Z,33.71,67.46

2026-09-27T21:11:18.375Z,33.74,67.48

2026-09-27T21:11:23.391Z,33.73,67.46

2026-09-27T21:11:28.391Z,33.72,67.45

2026-09-27T21:11:33.394Z,33.72,67.48

2026-09-27T21:11:38.386Z,33.74,67.44

2026-09-27T21:11:43.401Z,33.73,67.45

2026-09-27T21:11:48.393Z,33.73,67.42

2026-09-27T21:11:53.392Z,33.73,67.44

2026-09-27T21:11:58.394Z,33.72,67.39

2026-09-27T21:12:03.395Z,33.73,67.45

2026-09-27T21:12:08.408Z,33.73,67.43

2026-09-27T21:12:13.396Z,33.72,67.47

2026-09-27T21:12:18.396Z,33.71,67.42

2026-09-27T21:12:23.396Z,33.75,67.42

2026-09-27T21:12:28.396Z,33.72,67.46

2026-09-27T21:12:33.418Z,33.72,67.4

2026-09-27T21:12:38.428Z,33.7,67.49

2026-09-27T21:12:43.415Z,33.7,67.39

2026-09-27T21:12:48.417Z,33.7,67.39

2026-09-27T21:12:53.415Z,33.7,67.37

2026-09-27T21:12:58.419Z,33.71,67.41

2026-09-27T21:13:03.430Z,33.7,67.47

2026-09-27T21:13:08.432Z,33.71,67.49

2026-09-27T21:13:13.428Z,33.7,67.43

2026-09-27T21:13:18.433Z,33.71,67.5

2026-09-27T21:13:23.435Z,33.7,67.49

2026-09-27T21:13:28.426Z,33.7,67.34

2026-09-27T21:13:33.434Z,33.69,67.44

2026-09-27T21:13:38.439Z,33.68,67.44

2026-09-27T21:13:43.431Z,33.71,67.46

2026-09-27T21:13:48.437Z,33.69,67.54

2026-09-27T21:13:53.425Z,33.69,67.51

2026-09-27T21:13:58.425Z,33.69,67.46

2026-09-27T21:14:03.437Z,33.7,67.41

2026-09-27T21:14:08.447Z,33.7,67.42

2026-09-27T21:14:13.440Z,33.69,67.38

2026-09-27T21:14:18.444Z,33.69,67.47

2026-09-27T21:14:23.435Z,33.7,67.45

2026-09-27T21:14:28.435Z,33.68,67.45

2026-09-27T21:14:33.449Z,33.7,67.41

2026-09-27T21:14:38.455Z,33.69,67.45

2026-09-27T21:14:43.445Z,33.67,67.39

2026-09-27T21:14:48.446Z,33.67,67.44

2026-09-27T21:14:53.446Z,33.68,67.43

2026-09-27T21:14:58.446Z,33.69,67.41

2026-09-27T21:15:03.457Z,33.67,67.36

2026-09-27T21:15:08.469Z,33.67,67.43

2026-09-27T21:15:13.457Z,33.67,67.4

2026-09-27T21:15:18.458Z,33.68,67.31

2026-09-27T21:15:23.458Z,33.69,67.33

2026-09-27T21:15:28.455Z,33.69,67.42

2026-09-27T21:15:33.469Z,33.67,67.42

2026-09-27T21:15:38.478Z,33.66,67.45

2026-09-27T21:15:43.465Z,33.67,67.41

2026-09-27T21:15:48.464Z,33.67,67.43

2026-09-27T21:15:53.478Z,33.66,67.42

2026-09-27T21:15:58.493Z,33.67,67.4

2026-09-27T21:16:03.476Z,33.68,67.38

2026-09-27T21:16:08.476Z,33.66,67.4

2026-09-27T21:16:13.486Z,33.67,67.4

2026-09-27T21:16:18.492Z,33.66,67.42

2026-09-27T21:16:23.482Z,33.66,67.47

2026-09-27T21:16:28.478Z,33.68,67.33

2026-09-27T21:16:33.497Z,33.67,67.39

2026-09-27T21:16:38.487Z,33.67,67.4

2026-09-27T21:16:43.488Z,33.65,67.44

2026-09-27T21:16:48.488Z,33.68,67.38

2026-09-27T21:16:53.498Z,33.66,67.43

2026-09-27T21:16:58.508Z,33.66,67.39

2026-09-27T21:17:03.503Z,33.64,67.43

2026-09-27T21:17:08.494Z,33.65,67.43

2026-09-27T21:17:13.497Z,33.65,67.42

2026-09-27T21:17:18.505Z,33.65,67.38

2026-09-27T21:17:23.492Z,33.65,67.35

2026-09-27T21:17:28.494Z,33.66,67.4

2026-09-27T21:17:33.494Z,33.68,67.36

2026-09-27T21:17:38.494Z,33.66,67.41

2026-09-27T21:17:43.507Z,33.66,67.41

2026-09-27T21:17:48.517Z,33.66,67.43

2026-09-27T21:17:53.505Z,33.66,67.42

2026-09-27T21:17:58.505Z,33.64,67.38

2026-09-27T21:18:03.506Z,33.65,67.33

2026-09-27T21:18:08.525Z,33.64,67.41

2026-09-27T21:18:13.517Z,33.66,67.39

2026-09-27T21:18:18.520Z,33.65,67.42

2026-09-27T21:18:23.511Z,33.63,67.37

2026-09-27T21:18:28.521Z,33.64,67.41

2026-09-27T21:18:33.511Z,33.66,67.35

2026-09-27T21:18:38.511Z,33.65,67.35

2026-09-27T21:18:43.524Z,33.65,67.31

2026-09-27T21:18:48.534Z,33.65,67.43

2026-09-27T21:18:53.523Z,33.65,67.35

2026-09-27T21:18:58.525Z,33.66,67.37

2026-09-27T21:19:03.523Z,33.64,67.4

2026-09-27T21:19:08.534Z,33.64,67.43

2026-09-27T21:19:13.523Z,33.66,67.38

2026-09-27T21:19:18.541Z,33.64,67.35

2026-09-27T21:19:23.533Z,33.67,67.37

2026-09-27T21:19:28.536Z,33.65,67.32

2026-09-27T21:19:33.531Z,33.66,67.32

2026-09-27T21:19:38.540Z,33.65,67.37

2026-09-27T21:19:43.525Z,33.67,67.34

2026-09-27T21:19:48.536Z,33.65,67.36

2026-09-27T21:19:53.534Z,33.67,67.37

2026-09-27T21:19:58.538Z,33.65,67.41

2026-09-27T21:20:03.540Z,33.64,67.36

2026-09-27T21:20:08.551Z,33.65,67.35

2026-09-27T21:20:13.541Z,33.66,67.35

2026-09-27T21:20:18.538Z,33.64,67.36

2026-09-27T21:20:23.541Z,33.65,67.36

2026-09-27T21:20:28.539Z,33.65,67.36

2026-09-27T21:20:33.541Z,33.65,67.4

2026-09-27T21:20:38.552Z,33.66,67.45

2026-09-27T21:20:43.539Z,33.66,67.38

2026-09-27T21:20:48.540Z,33.66,67.34

2026-09-27T21:20:53.539Z,33.66,67.34

2026-09-27T21:20:58.541Z,33.66,67.27

2026-09-27T21:21:03.552Z,33.66,67.21

2026-09-27T21:21:08.562Z,33.66,67.28

2026-09-27T21:21:13.554Z,33.67,67.22

2026-09-27T21:21:18.552Z,33.65,67.21

2026-09-27T21:21:23.552Z,33.67,67.27

2026-09-27T21:21:28.550Z,33.68,67.25

2026-09-27T21:21:33.568Z,33.67,67.16

2026-09-27T21:21:38.580Z,33.67,67.23

2026-09-27T21:21:43.566Z,33.66,67.22

2026-09-27T21:21:48.565Z,33.68,67.21

2026-09-27T21:21:53.566Z,33.68,67.14

2026-09-27T21:21:58.566Z,33.69,67.14

2026-09-27T21:22:03.579Z,33.7,67.18

2026-09-27T21:22:08.571Z,33.68,67.12

2026-09-27T21:22:13.573Z,33.68,67.17

2026-09-27T21:22:18.574Z,33.69,67.13

2026-09-27T21:22:23.585Z,33.67,67.16

2026-09-27T21:22:28.595Z,33.68,67.23

2026-09-27T21:22:33.585Z,33.69,67.12

2026-09-27T21:22:38.586Z,33.67,67.18

2026-09-27T21:22:43.585Z,33.68,67.13

2026-09-27T21:22:48.586Z,33.68,67.11

2026-09-27T21:22:53.597Z,33.68,67.15

2026-09-27T21:22:58.607Z,33.68,67.17

2026-09-27T21:23:03.594Z,33.69,67.2

2026-09-27T21:23:08.592Z,33.67,67.16

2026-09-27T21:23:13.594Z,33.67,67.17

2026-09-27T21:23:18.593Z,33.67,67.13

2026-09-27T21:23:23.596Z,33.67,67.13

2026-09-27T21:23:28.610Z,33.66,67.14

2026-09-27T21:23:33.596Z,33.68,67.08

2026-09-27T21:23:38.595Z,33.68,67.17

2026-09-27T21:23:43.596Z,33.69,67.14

2026-09-27T21:23:48.596Z,33.67,67.15

2026-09-27T21:23:53.605Z,33.68,67.19

2026-09-27T21:23:58.615Z,33.66,67.18

2026-09-27T21:24:03.609Z,33.66,67.17

2026-09-27T21:24:08.615Z,33.68,67.18

2026-09-27T21:24:13.610Z,33.67,67.15

2026-09-27T21:24:18.615Z,33.68,67.18

2026-09-27T21:24:23.606Z,33.68,67.14

2026-09-27T21:24:28.605Z,33.67,67.15

2026-09-27T21:24:33.604Z,33.67,67.09

2026-09-27T21:24:38.612Z,33.66,67.15

2026-09-27T21:24:43.611Z,33.66,67.16

2026-09-27T21:24:48.620Z,33.67,67.17

2026-09-27T21:24:53.615Z,33.67,67.12

2026-09-27T21:24:58.614Z,33.66,67.17

2026-09-27T21:25:03.611Z,33.68,67.13

2026-09-27T21:25:08.617Z,33.66,67.13

2026-09-27T21:25:13.613Z,33.66,67.1

2026-09-27T21:25:18.626Z,33.67,67.2

2026-09-27T21:25:23.615Z,33.69,67.08

2026-09-27T21:25:28.613Z,33.67,67.12

2026-09-27T21:25:33.615Z,33.67,67.11

2026-09-27T21:25:38.625Z,33.67,67.14

2026-09-27T21:25:43.615Z,33.68,67.12

2026-09-27T21:25:48.616Z,33.66,67.15

2026-09-27T21:25:53.616Z,33.66,67.12

2026-09-27T21:25:58.616Z,33.66,67.18

2026-09-27T21:26:03.640Z,33.67,67.14

2026-09-27T21:26:08.649Z,33.66,67.2

2026-09-27T21:26:13.638Z,33.66,67.18

2026-09-27T21:26:18.640Z,33.66,67.14

2026-09-27T21:26:23.638Z,33.68,67.13

2026-09-27T21:26:28.638Z,33.67,67.16

2026-09-27T21:26:33.644Z,33.67,67.11

2026-09-27T21:26:38.658Z,33.67,67.19

2026-09-27T21:26:43.646Z,33.68,67.12

2026-09-27T21:26:48.645Z,33.68,67.13

2026-09-27T21:26:53.646Z,33.67,67.14

2026-09-27T21:26:58.644Z,33.69,67.06

2026-09-27T21:27:03.657Z,33.69,67.1

2026-09-27T21:27:08.667Z,33.67,67.08

2026-09-27T21:27:13.656Z,33.68,67.06

2026-09-27T21:27:18.655Z,33.69,67.06

2026-09-27T21:27:23.656Z,33.68,67.09

2026-09-27T21:27:28.657Z,33.67,67.05

2026-09-27T21:27:33.659Z,33.68,67.06

2026-09-27T21:27:38.671Z,33.69,67.11

2026-09-27T21:27:43.660Z,33.69,67.1

2026-09-27T21:27:48.661Z,33.67,67.08

2026-09-27T21:27:53.658Z,33.68,67.1

2026-09-27T21:27:58.658Z,33.67,67.09

2026-09-27T21:28:03.661Z,33.68,67.1

2026-09-27T21:28:08.673Z,33.68,67.05

2026-09-27T21:28:13.658Z,33.66,67.09

2026-09-27T21:28:18.659Z,33.66,67.06

2026-09-27T21:28:23.666Z,33.66,67.07

2026-09-27T21:28:28.677Z,33.67,67.08

2026-09-27T21:28:33.666Z,33.67,67.07

2026-09-27T21:28:38.668Z,33.68,67.06

2026-09-27T21:28:43.670Z,33.65,67.03

2026-09-27T21:28:48.667Z,33.66,67.06

2026-09-27T21:28:53.681Z,33.66,67.04

2026-09-27T21:28:58.689Z,33.65,67.1

2026-09-27T21:29:03.675Z,33.65,67.03

2026-09-27T21:29:08.679Z,33.66,67.01

2026-09-27T21:29:13.678Z,33.67,67.01

2026-09-27T21:29:18.677Z,33.69,67.08

2026-09-27T21:29:23.677Z,33.67,67.04

2026-09-27T21:29:28.691Z,33.66,67.08

2026-09-27T21:29:33.680Z,33.65,67.02

2026-09-27T21:29:38.693Z,33.67,67.06

2026-09-27T21:29:43.678Z,33.66,67.02

2026-09-27T21:29:48.680Z,33.66,67.06

2026-09-27T21:29:53.679Z,33.66,67.05

2026-09-27T21:29:58.679Z,33.65,67.05

2026-09-27T21:30:03.698Z,33.67,67.1

2026-09-27T21:30:08.705Z,33.66,67.12

2026-09-27T21:30:13.695Z,33.65,67.08

2026-09-27T21:30:18.695Z,33.65,67.06

2026-09-27T21:30:23.696Z,33.65,67.06

2026-09-27T21:30:28.698Z,33.64,67.09

2026-09-27T21:30:33.703Z,33.65,67.09

2026-09-27T21:30:38.715Z,33.64,67.14

2026-09-27T21:30:43.700Z,33.64,67.12

2026-09-27T21:30:48.702Z,33.64,67.15

2026-09-27T21:30:53.717Z,33.65,67.11

2026-09-27T21:30:58.710Z,33.63,67.12

2026-09-27T21:31:03.711Z,33.64,67.1

2026-09-27T21:31:08.712Z,33.64,67.14

2026-09-27T21:31:13.717Z,33.64,67.17

2026-09-27T21:31:18.727Z,33.64,67.23

2026-09-27T21:31:23.714Z,33.65,67.18

2026-09-27T21:31:28.716Z,33.67,67.22

2026-09-27T21:31:33.715Z,33.64,67.19

2026-09-27T21:31:38.716Z,33.62,67.21

2026-09-27T21:31:43.724Z,33.63,67.21

2026-09-27T21:31:48.729Z,33.65,67.23

2026-09-27T21:31:53.723Z,33.64,67.23

2026-09-27T21:31:58.716Z,33.64,67.18

2026-09-27T21:32:03.723Z,33.65,67.2

2026-09-27T21:32:08.735Z,33.63,67.29

2026-09-27T21:32:13.723Z,33.64,67.28

2026-09-27T21:32:18.723Z,33.64,67.2

2026-09-27T21:32:23.725Z,33.62,67.21

2026-09-27T21:32:28.724Z,33.63,67.24

2026-09-27T21:32:33.737Z,33.64,67.22

2026-09-27T21:32:38.754Z,33.62,67.31

2026-09-27T21:32:43.739Z,33.62,67.21

2026-09-27T21:32:48.736Z,33.62,67.2

2026-09-27T21:32:53.738Z,33.63,67.15

2026-09-27T21:32:58.738Z,33.65,67.17

2026-09-27T21:33:03.736Z,33.64,67.18

2026-09-27T21:33:08.750Z,33.63,67.24

2026-09-27T21:33:13.736Z,33.65,67.17

2026-09-27T21:33:18.739Z,33.63,67.18

2026-09-27T21:33:23.749Z,33.64,67.2

2026-09-27T21:33:28.759Z,33.65,67.23

2026-09-27T21:33:33.747Z,33.63,67.21

2026-09-27T21:33:38.747Z,33.63,67.22

2026-09-27T21:33:43.748Z,33.64,67.17

2026-09-27T21:33:48.748Z,33.63,67.22

2026-09-27T21:33:53.761Z,33.65,67.17

2026-09-27T21:33:58.776Z,33.63,67.18

2026-09-27T21:34:03.760Z,33.66,67.09

2026-09-27T21:34:08.760Z,33.63,67.13

2026-09-27T21:34:13.759Z,33.63,67.19

2026-09-27T21:34:18.760Z,33.62,67.17

2026-09-27T21:34:23.778Z,33.62,67.15

2026-09-27T21:34:28.787Z,33.64,67.22

2026-09-27T21:34:33.773Z,33.62,67.18

2026-09-27T21:34:38.771Z,33.62,67.26

2026-09-27T21:34:43.772Z,33.62,67.21

2026-09-27T21:34:48.774Z,33.62,67.2

2026-09-27T21:34:53.778Z,33.6,67.21

2026-09-27T21:34:58.792Z,33.62,67.22

2026-09-27T21:35:03.776Z,33.63,67.24

2026-09-27T21:35:08.776Z,33.58,67.27

2026-09-27T21:35:13.776Z,33.6,67.24

2026-09-27T21:35:18.776Z,33.6,67.26

2026-09-27T21:35:23.782Z,33.61,67.3

2026-09-27T21:35:28.793Z,33.6,67.3

2026-09-27T21:35:33.791Z,33.6,67.25

2026-09-27T21:35:38.793Z,33.61,67.26

2026-09-27T21:35:43.782Z,33.62,67.2

2026-09-27T21:35:48.794Z,33.62,67.25

2026-09-27T21:35:53.788Z,33.61,67.21

2026-09-27T21:35:58.798Z,33.59,67.24

2026-09-27T21:36:03.789Z,33.61,67.24

2026-09-27T21:36:08.797Z,33.58,67.28

2026-09-27T21:36:13.783Z,33.62,67.24

2026-09-27T21:36:18.784Z,33.61,67.25

2026-09-27T21:36:23.787Z,33.61,67.27

2026-09-27T21:36:28.785Z,33.61,67.27

2026-09-27T21:36:33.801Z,33.62,67.23

2026-09-27T21:36:38.815Z,33.6,67.25

2026-09-27T21:36:43.801Z,33.62,67.18

2026-09-27T21:36:48.801Z,33.62,67.14

2026-09-27T21:36:53.806Z,33.58,67.13

2026-09-27T21:36:58.817Z,33.6,67.11

2026-09-27T21:37:03.804Z,33.61,67.01

2026-09-27T21:37:08.805Z,33.59,67.09

2026-09-27T21:37:13.805Z,33.6,67.17

2026-09-27T21:37:18.807Z,33.6,67.14

2026-09-27T21:37:23.821Z,33.6,67.18

2026-09-27T21:37:28.833Z,33.59,67.17

2026-09-27T21:37:33.818Z,33.6,67.12

2026-09-27T21:37:38.820Z,33.59,67.13

2026-09-27T21:37:43.827Z,33.6,67.11

2026-09-27T21:37:48.833Z,33.59,67.16

2026-09-27T21:37:53.828Z,33.62,67.1

2026-09-27T21:37:58.830Z,33.58,67.14

2026-09-27T21:38:03.838Z,33.59,67.17

2026-09-27T21:38:08.828Z,33.59,67.13

2026-09-27T21:38:13.828Z,33.6,67.1

2026-09-27T21:38:18.828Z,33.59,67.1

2026-09-27T21:38:23.835Z,33.59,67.13

2026-09-27T21:38:28.844Z,33.59,67.22

2026-09-27T21:38:33.833Z,33.58,67.16

2026-09-27T21:38:38.832Z,33.6,67.18

2026-09-27T21:38:43.832Z,33.59,67.16

2026-09-27T21:38:48.831Z,33.59,67.22

2026-09-27T21:38:53.849Z,33.59,67.29

2026-09-27T21:38:58.853Z,33.6,67.22

2026-09-27T21:39:03.847Z,33.58,67.28

2026-09-27T21:39:08.849Z,33.56,67.22

2026-09-27T21:39:13.841Z,33.58,67.25

2026-09-27T21:39:18.840Z,33.58,67.22

2026-09-27T21:39:23.839Z,33.58,67.24

2026-09-27T21:39:28.842Z,33.6,67.22

2026-09-27T21:39:33.852Z,33.58,67.2

2026-09-27T21:39:38.857Z,33.58,67.27

2026-09-27T21:39:43.847Z,33.59,67.26

2026-09-27T21:39:48.847Z,33.58,67.23

2026-09-27T21:39:53.850Z,33.59,67.24

2026-09-27T21:39:58.846Z,33.61,67.16

2026-09-27T21:40:03.861Z,33.58,67.23

2026-09-27T21:40:08.872Z,33.6,67.19

2026-09-27T21:40:13.859Z,33.6,67.15

2026-09-27T21:40:18.859Z,33.59,67.16

2026-09-27T21:40:23.857Z,33.6,67.19

2026-09-27T21:40:28.873Z,33.59,67.23

2026-09-27T21:40:33.866Z,33.59,67.24

2026-09-27T21:40:38.874Z,33.57,67.25

2026-09-27T21:40:43.874Z,33.59,67.22

2026-09-27T21:40:48.888Z,33.6,67.22

2026-09-27T21:40:53.874Z,33.59,67.21

2026-09-27T21:40:58.876Z,33.58,67.18

2026-09-27T21:41:03.882Z,33.6,67.16

2026-09-27T21:41:08.889Z,33.58,67.23

2026-09-27T21:41:13.884Z,33.58,67.19

2026-09-27T21:41:18.875Z,33.59,67.16

2026-09-27T21:41:23.882Z,33.61,67.17

2026-09-27T21:41:28.894Z,33.57,67.17

2026-09-27T21:41:33.881Z,33.59,67.21

2026-09-27T21:41:38.882Z,33.58,67.17

2026-09-27T21:41:43.880Z,33.57,67.17

2026-09-27T21:41:48.879Z,33.58,67.23

2026-09-27T21:41:53.883Z,33.58,67.18

2026-09-27T21:41:58.894Z,33.57,67.23

2026-09-27T21:42:03.881Z,33.57,67.15

2026-09-27T21:42:08.883Z,33.59,67.19

2026-09-27T21:42:13.882Z,33.59,67.2

2026-09-27T21:42:18.885Z,33.58,67.18

2026-09-27T21:42:23.895Z,33.57,67.15

2026-09-27T21:42:28.899Z,33.59,67.2

2026-09-27T21:42:33.895Z,33.56,67.2

2026-09-27T21:42:38.901Z,33.58,67.24

2026-09-27T21:42:43.899Z,33.57,67.2

2026-09-27T21:42:48.906Z,33.57,67.2

2026-09-27T21:42:53.897Z,33.59,67.2

2026-09-27T21:42:58.900Z,33.57,67.19

2026-09-27T21:43:03.898Z,33.58,67.21

2026-09-27T21:43:08.899Z,33.57,67.17

2026-09-27T21:43:13.908Z,33.58,67.18

2026-09-27T21:43:18.915Z,33.59,67.23

2026-09-27T21:43:23.907Z,33.6,67.23

2026-09-27T21:43:28.909Z,33.58,67.19

2026-09-27T21:43:33.922Z,33.6,67.19

2026-09-27T21:43:38.934Z,33.56,67.25

2026-09-27T21:43:43.926Z,33.58,67.23

2026-09-27T21:43:48.932Z,33.58,67.21

2026-09-27T21:43:53.931Z,33.58,67.27

2026-09-27T21:43:58.921Z,33.58,67.21

2026-09-27T21:44:03.922Z,33.58,67.24

2026-09-27T21:44:08.934Z,33.56,67.24

2026-09-27T21:44:13.924Z,33.58,67.22

2026-09-27T21:44:18.923Z,33.59,67.28

2026-09-27T21:44:23.924Z,33.57,67.27

2026-09-27T21:44:28.924Z,33.59,67.26

2026-09-27T21:44:33.938Z,33.58,67.23

2026-09-27T21:44:38.950Z,33.59,67.26

2026-09-27T21:44:43.937Z,33.59,67.29

2026-09-27T21:44:48.940Z,33.59,67.3

2026-09-27T21:44:53.939Z,33.59,67.25

2026-09-27T21:44:58.949Z,33.59,67.3

2026-09-27T21:45:03.945Z,33.58,67.2

2026-09-27T21:45:08.952Z,33.6,67.26

2026-09-27T21:45:13.941Z,33.6,67.28

2026-09-27T21:45:18.938Z,33.6,67.28

2026-09-27T21:45:23.943Z,33.6,67.25

2026-09-27T21:45:28.953Z,33.59,67.28

2026-09-27T21:45:33.942Z,33.61,67.25

2026-09-27T21:45:38.955Z,33.6,67.26

2026-09-27T21:45:43.942Z,33.59,67.26

2026-09-27T21:45:48.953Z,33.61,67.29

2026-09-27T21:45:53.953Z,33.6,67.28

2026-09-27T21:45:58.968Z,33.58,67.29

2026-09-27T21:46:03.955Z,33.6,67.27

2026-09-27T21:46:08.956Z,33.6,67.26

2026-09-27T21:46:13.953Z,33.59,67.25

2026-09-27T21:46:18.956Z,33.58,67.24

2026-09-27T21:46:23.962Z,33.61,67.26

2026-09-27T21:46:28.968Z,33.62,67.34

2026-09-27T21:46:33.961Z,33.61,67.25

2026-09-27T21:46:38.966Z,33.61,67.27

2026-09-27T21:46:43.978Z,33.6,67.26

2026-09-27T21:46:48.992Z,33.61,67.32

2026-09-27T21:46:53.977Z,33.61,67.33

2026-09-27T21:46:58.977Z,33.6,67.3

2026-09-27T21:47:03.979Z,33.6,67.33

2026-09-27T21:47:08.977Z,33.6,67.32

2026-09-27T21:47:13.986Z,33.6,67.31

2026-09-27T21:47:18.996Z,33.6,67.36

2026-09-27T21:47:23.985Z,33.58,67.33

2026-09-27T21:47:28.988Z,33.59,67.23

2026-09-27T21:47:33.985Z,33.6,67.33

2026-09-27T21:47:38.987Z,33.6,67.39

2026-09-27T21:47:43.998Z,33.6,67.36

2026-09-27T21:47:49.009Z,33.59,67.46

2026-09-27T21:47:53.999Z,33.59,67.32

2026-09-27T21:47:58.999Z,33.59,67.42

2026-09-27T21:48:03.999Z,33.6,67.36

2026-09-27T21:48:08.999Z,33.59,67.45

2026-09-27T21:48:14.010Z,33.6,67.38

2026-09-27T21:48:19.024Z,33.57,67.36

2026-09-27T21:48:24.011Z,33.6,67.41

2026-09-27T21:48:29.026Z,33.58,67.39

2026-09-27T21:48:34.016Z,33.59,67.37

2026-09-27T21:48:39.021Z,33.6,67.39

2026-09-27T21:48:44.019Z,33.6,67.37

2026-09-27T21:48:49.023Z,33.61,67.39

2026-09-27T21:48:54.012Z,33.6,67.46

2026-09-27T21:48:59.013Z,33.59,67.37

2026-09-27T21:49:04.019Z,33.61,67.43

2026-09-27T21:49:09.030Z,33.6,67.43

2026-09-27T21:49:14.020Z,33.6,67.38

2026-09-27T21:49:19.019Z,33.59,67.42

2026-09-27T21:49:24.019Z,33.59,67.43

2026-09-27T21:49:29.020Z,33.58,67.43

2026-09-27T21:49:34.022Z,33.59,67.43

2026-09-27T21:49:39.032Z,33.59,67.5

2026-09-27T21:49:44.018Z,33.6,67.39

2026-09-27T21:49:49.020Z,33.6,67.41

2026-09-27T21:49:54.020Z,33.59,67.54

2026-09-27T21:49:59.034Z,33.6,67.49

2026-09-27T21:50:04.023Z,33.59,67.49

2026-09-27T21:50:09.024Z,33.6,67.49

2026-09-27T21:50:14.040Z,33.61,67.41

2026-09-27T21:50:19.050Z,33.6,67.47

2026-09-27T21:50:24.038Z,33.61,67.45

2026-09-27T21:50:29.040Z,33.6,67.46

2026-09-27T21:50:34.041Z,33.59,67.44

2026-09-27T21:50:39.040Z,33.59,67.47

2026-09-27T21:50:44.056Z,33.61,67.52

2026-09-27T21:50:49.046Z,33.6,67.46

2026-09-27T21:50:54.046Z,33.61,67.45

2026-09-27T21:50:59.049Z,33.61,67.41

2026-09-27T21:51:04.057Z,33.6,67.44

2026-09-27T21:51:09.067Z,33.6,67.5

2026-09-27T21:51:14.055Z,33.59,67.48

2026-09-27T21:51:19.055Z,33.61,67.43

2026-09-27T21:51:24.053Z,33.6,67.52

2026-09-27T21:51:29.056Z,33.6,67.51

2026-09-27T21:51:34.059Z,33.58,67.44

2026-09-27T21:51:39.071Z,33.6,67.53

2026-09-27T21:51:44.057Z,33.61,67.48

2026-09-27T21:51:49.059Z,33.62,67.47

2026-09-27T21:51:54.065Z,33.59,67.45

2026-09-27T21:51:59.077Z,33.61,67.52

2026-09-27T21:52:04.063Z,33.62,67.56

2026-09-27T21:52:09.067Z,33.61,67.52

2026-09-27T21:52:14.065Z,33.6,67.49

2026-09-27T21:52:19.065Z,33.61,67.53

2026-09-27T21:52:24.075Z,33.61,67.53

2026-09-27T21:52:29.090Z,33.6,67.57

2026-09-27T21:52:34.075Z,33.61,67.52

2026-09-27T21:52:39.074Z,33.6,67.57

2026-09-27T21:52:44.075Z,33.61,67.56

2026-09-27T21:52:49.074Z,33.6,67.53

2026-09-27T21:52:54.077Z,33.61,67.59

2026-09-27T21:52:59.090Z,33.6,67.64

2026-09-27T21:53:04.076Z,33.6,67.62

2026-09-27T21:53:09.075Z,33.6,67.59

2026-09-27T21:53:14.075Z,33.6,67.61

2026-09-27T21:53:19.075Z,33.6,67.63

2026-09-27T21:53:24.077Z,33.6,67.55

2026-09-27T21:53:29.087Z,33.6,67.61

2026-09-27T21:53:34.079Z,33.6,67.59

2026-09-27T21:53:39.087Z,33.59,67.62

2026-09-27T21:53:44.083Z,33.6,67.59

2026-09-27T21:53:49.090Z,33.61,67.63

2026-09-27T21:53:54.096Z,33.59,67.66

2026-09-27T21:53:59.092Z,33.6,67.55

2026-09-27T21:54:04.096Z,33.61,67.62

2026-09-27T21:54:09.106Z,33.58,67.62

2026-09-27T21:54:14.093Z,33.58,67.63

2026-09-27T21:54:19.094Z,33.57,67.57

2026-09-27T21:54:24.093Z,33.58,67.61

2026-09-27T21:54:29.107Z,33.59,67.69

2026-09-27T21:54:34.095Z,33.6,67.62

2026-09-27T21:54:39.097Z,33.59,67.64

2026-09-27T21:54:44.111Z,33.59,67.57

2026-09-27T21:54:49.120Z,33.57,67.66

2026-09-27T21:54:54.115Z,33.59,67.63

2026-09-27T21:54:59.123Z,33.6,67.71

2026-09-27T21:55:04.125Z,33.57,67.64

2026-09-27T21:55:09.137Z,33.57,67.66

2026-09-27T21:55:14.132Z,33.6,67.7

2026-09-27T21:55:19.136Z,33.59,67.74

2026-09-27T21:55:24.133Z,33.58,67.73

2026-09-27T21:55:29.125Z,33.59,67.6

2026-09-27T21:55:34.126Z,33.58,67.68

2026-09-27T21:55:39.126Z,33.59,67.69

2026-09-27T21:55:44.125Z,33.58,67.71

2026-09-27T21:55:49.136Z,33.58,67.76

2026-09-27T21:55:54.124Z,33.59,67.73

2026-09-27T21:55:59.125Z,33.59,67.74

2026-09-27T21:56:04.126Z,33.58,67.72

2026-09-27T21:56:09.137Z,33.58,67.72

2026-09-27T21:56:14.131Z,33.58,67.72

2026-09-27T21:56:19.140Z,33.59,67.76

2026-09-27T21:56:24.131Z,33.58,67.71

2026-09-27T21:56:29.126Z,33.57,67.69

2026-09-27T21:56:34.126Z,33.58,67.73

2026-09-27T21:56:39.137Z,33.59,67.77

2026-09-27T21:56:44.128Z,33.61,67.69

2026-09-27T21:56:49.129Z,33.58,67.67

2026-09-27T21:56:54.141Z,33.59,67.74

2026-09-27T21:56:59.151Z,33.58,67.79

2026-09-27T21:57:04.140Z,33.58,67.73

2026-09-27T21:57:09.150Z,33.59,67.8

2026-09-27T21:57:14.148Z,33.6,67.74

2026-09-27T21:57:19.154Z,33.59,67.73

2026-09-27T21:57:24.144Z,33.58,67.77

2026-09-27T21:57:29.143Z,33.59,67.73

2026-09-27T21:57:34.161Z,33.61,67.77

2026-09-27T21:57:39.175Z,33.58,67.73

2026-09-27T21:57:44.159Z,33.59,67.73

2026-09-27T21:57:49.162Z,33.59,67.7

2026-09-27T21:57:54.160Z,33.58,67.72

2026-09-27T21:57:59.161Z,33.59,67.78

2026-09-27T21:58:04.171Z,33.58,67.74

2026-09-27T21:58:09.179Z,33.6,67.83

2026-09-27T21:58:14.170Z,33.58,67.79

2026-09-27T21:58:19.173Z,33.59,67.78

2026-09-27T21:58:24.178Z,33.58,67.71

2026-09-27T21:58:29.170Z,33.58,67.74

2026-09-27T21:58:34.168Z,33.59,67.79

2026-09-27T21:58:39.170Z,33.6,67.75

2026-09-27T21:58:44.180Z,33.59,67.75

2026-09-27T21:58:49.189Z,33.6,67.82

2026-09-27T21:58:54.177Z,33.58,67.72

2026-09-27T21:58:59.179Z,33.59,67.79

2026-09-27T21:59:04.178Z,33.57,67.79

2026-09-27T21:59:09.180Z,33.59,67.77

2026-09-27T21:59:14.185Z,33.6,67.77

2026-09-27T21:59:19.200Z,33.59,67.85

2026-09-27T21:59:24.183Z,33.58,67.79

2026-09-27T21:59:29.194Z,33.61,67.79

2026-09-27T21:59:34.189Z,33.6,67.81

2026-09-27T21:59:39.194Z,33.6,67.77

2026-09-27T21:59:44.184Z,33.6,67.77

2026-09-27T21:59:49.193Z,33.56,67.85

2026-09-27T21:59:54.182Z,33.59,67.81

2026-09-27T21:59:59.186Z,33.58,67.82

2026-09-27T22:00:04.200Z,33.59,67.82

2026-09-27T22:00:09.197Z,33.58,67.82

2026-09-27T22:00:14.197Z,33.58,67.82

2026-09-27T22:00:19.195Z,33.59,67.78

2026-09-27T22:00:24.205Z,33.58,67.89

2026-09-27T22:00:29.220Z,33.58,67.84

2026-09-27T22:00:34.202Z,33.6,67.76

2026-09-27T22:00:39.218Z,33.6,67.85

2026-09-27T22:00:44.212Z,33.59,67.88

2026-09-27T22:00:49.216Z,33.59,67.86

2026-09-27T22:00:54.216Z,33.6,67.8

2026-09-27T22:00:59.226Z,33.59,67.86

2026-09-27T22:01:04.214Z,33.59,67.8

2026-09-27T22:01:09.216Z,33.61,67.82

2026-09-27T22:01:14.215Z,33.58,67.86

2026-09-27T22:01:19.215Z,33.61,67.87

2026-09-27T22:01:24.221Z,33.59,67.87

2026-09-27T22:01:29.231Z,33.58,67.88

2026-09-27T22:01:34.219Z,33.59,67.87

2026-09-27T22:01:39.220Z,33.6,67.87

2026-09-27T22:01:44.236Z,33.58,67.89

2026-09-27T22:01:49.249Z,33.58,67.88

2026-09-27T22:01:54.235Z,33.6,67.86

2026-09-27T22:01:59.249Z,33.59,67.92

2026-09-27T22:02:04.238Z,33.57,67.86

2026-09-27T22:02:09.247Z,33.58,67.88

2026-09-27T22:02:14.240Z,33.59,67.9

2026-09-27T22:02:19.234Z,33.6,67.89

2026-09-27T22:02:24.240Z,33.58,67.88

2026-09-27T22:02:29.252Z,33.58,67.93

2026-09-27T22:02:34.240Z,33.59,67.86

2026-09-27T22:02:39.238Z,33.59,67.92

2026-09-27T22:02:44.238Z,33.58,67.93

2026-09-27T22:02:49.238Z,33.58,67.96

2026-09-27T22:02:54.238Z,33.59,67.97

2026-09-27T22:02:59.249Z,33.58,67.94

2026-09-27T22:03:04.238Z,33.58,67.94

2026-09-27T22:03:09.238Z,33.58,67.94

2026-09-27T22:03:14.237Z,33.57,67.97

2026-09-27T22:03:19.235Z,33.58,67.99

2026-09-27T22:03:24.254Z,33.58,67.93

2026-09-27T22:03:29.262Z,33.58,67.93

2026-09-27T22:03:34.252Z,33.6,67.97

2026-09-27T22:03:39.255Z,33.57,67.97

2026-09-27T22:03:44.254Z,33.57,67.98

2026-09-27T22:03:49.252Z,33.59,67.97

2026-09-27T22:03:54.262Z,33.59,68.01

2026-09-27T22:03:59.273Z,33.56,67.99

2026-09-27T22:04:04.260Z,33.59,68

2026-09-27T22:04:09.260Z,33.59,67.97

2026-09-27T22:04:14.268Z,33.59,67.95

2026-09-27T22:04:19.283Z,33.58,68.01

2026-09-27T22:04:24.268Z,33.59,67.99

2026-09-27T22:04:29.268Z,33.58,67.99

2026-09-27T22:04:34.279Z,33.58,67.99

2026-09-27T22:04:39.287Z,33.56,67.97

2026-09-27T22:04:44.276Z,33.57,67.97

2026-09-27T22:04:49.277Z,33.57,67.99

2026-09-27T22:04:54.275Z,33.6,67.98

2026-09-27T22:04:59.276Z,33.59,67.99

2026-09-27T22:05:04.289Z,33.58,68

2026-09-27T22:05:09.297Z,33.59,68.05

2026-09-27T22:05:14.285Z,33.59,67.96

2026-09-27T22:05:19.286Z,33.59,68.05

2026-09-27T22:05:24.285Z,33.59,67.94

2026-09-27T22:05:29.285Z,33.61,68.01

2026-09-27T22:05:34.298Z,33.6,68.01

2026-09-27T22:05:39.309Z,33.59,68.01

2026-09-27T22:05:44.299Z,33.59,68.05

2026-09-27T22:05:49.309Z,33.59,68.02

2026-09-27T22:05:54.303Z,33.61,67.93

2026-09-27T22:05:59.308Z,33.6,68.01

2026-09-27T22:06:04.304Z,33.61,68.01

2026-09-27T22:06:09.296Z,33.59,68.02

2026-09-27T22:06:14.303Z,33.6,68.03

2026-09-27T22:06:19.313Z,33.61,68.08

2026-09-27T22:06:24.300Z,33.61,67.95

2026-09-27T22:06:29.300Z,33.61,68.03

2026-09-27T22:06:34.306Z,33.59,68.03

2026-09-27T22:06:39.318Z,33.59,68.08

2026-09-27T22:06:44.308Z,33.6,68.03

2026-09-27T22:06:49.320Z,33.59,68.07

2026-09-27T22:06:54.313Z,33.59,68.05

2026-09-27T22:06:59.319Z,33.6,68.05

2026-09-27T22:07:04.319Z,33.6,68.04

2026-09-27T22:07:09.318Z,33.61,68.03

2026-09-27T22:07:14.318Z,33.63,68.05

2026-09-27T22:07:19.320Z,33.61,68.03

2026-09-27T22:07:24.310Z,33.59,68

2026-09-27T22:07:29.309Z,33.59,67.99

2026-09-27T22:07:34.310Z,33.59,68.01

2026-09-27T22:07:39.309Z,33.6,68.06

2026-09-27T22:07:44.335Z,33.59,68.07

2026-09-27T22:07:49.325Z,33.6,68.09

2026-09-27T22:07:54.345Z,33.59,68.09

2026-09-27T22:07:59.336Z,33.59,68.08

2026-09-27T22:08:04.335Z,33.58,68.06

2026-09-27T22:08:09.336Z,33.6,68.06

2026-09-27T22:08:14.343Z,33.59,68.04

2026-09-27T22:08:19.354Z,33.6,68.16

2026-09-27T22:08:24.338Z,33.6,68.09

2026-09-27T22:08:29.340Z,33.58,68.09

2026-09-27T22:08:34.346Z,33.59,68.04

2026-09-27T22:08:39.358Z,33.57,68.09

2026-09-27T22:08:44.346Z,33.6,68.1

2026-09-27T22:08:49.345Z,33.57,68.12

2026-09-27T22:08:54.359Z,33.58,68.07

2026-09-27T22:08:59.369Z,33.59,68.06

2026-09-27T22:09:04.360Z,33.58,68.12

2026-09-27T22:09:09.359Z,33.58,68.08

2026-09-27T22:09:14.367Z,33.57,68.19

2026-09-27T22:09:19.371Z,33.58,68.15

2026-09-27T22:09:24.361Z,33.59,68.09

2026-09-27T22:09:29.370Z,33.58,68.17

2026-09-27T22:09:34.364Z,33.57,68.12

2026-09-27T22:09:39.367Z,33.59,68.15

2026-09-27T22:09:44.363Z,33.59,68.18

2026-09-27T22:09:49.372Z,33.58,68.22

2026-09-27T22:09:54.359Z,33.59,68.19

2026-09-27T22:09:59.357Z,33.6,68.15

2026-09-27T22:10:04.374Z,33.59,68.22

2026-09-27T22:10:09.387Z,33.58,68.22

2026-09-27T22:10:14.370Z,33.57,68.22

2026-09-27T22:10:19.372Z,33.59,68.21

2026-09-27T22:10:24.371Z,33.58,68.22

2026-09-27T22:10:29.374Z,33.57,68.19

2026-09-27T22:10:34.388Z,33.57,68.18

2026-09-27T22:10:39.406Z,33.57,68.27

2026-09-27T22:10:44.386Z,33.57,68.2

2026-09-27T22:10:49.387Z,33.57,68.21

2026-09-27T22:10:54.386Z,33.58,68.24

2026-09-27T22:10:59.388Z,33.57,68.18

2026-09-27T22:11:04.399Z,33.56,68.22

2026-09-27T22:11:09.407Z,33.57,68.21

2026-09-27T22:11:14.396Z,33.57,68.22

2026-09-27T22:11:19.397Z,33.58,68.23

2026-09-27T22:11:24.397Z,33.57,68.26

2026-09-27T22:11:29.398Z,33.57,68.27

2026-09-27T22:11:34.405Z,33.58,68.25

2026-09-27T22:11:39.416Z,33.57,68.3

2026-09-27T22:11:44.404Z,33.57,68.25

2026-09-27T22:11:49.405Z,33.57,68.29

2026-09-27T22:11:54.420Z,33.56,68.27

2026-09-27T22:11:59.432Z,33.57,68.33

2026-09-27T22:12:04.415Z,33.57,68.29

2026-09-27T22:12:09.427Z,33.55,68.29

2026-09-27T22:12:14.422Z,33.57,68.27

2026-09-27T22:12:19.426Z,33.55,68.3

2026-09-27T22:12:24.428Z,33.57,68.34

2026-09-27T22:12:29.421Z,33.58,68.33

2026-09-27T22:12:34.421Z,33.57,68.32

2026-09-27T22:12:39.419Z,33.56,68.26

2026-09-27T22:12:44.420Z,33.58,68.31

2026-09-27T22:12:49.435Z,33.56,68.34

2026-09-27T22:12:54.423Z,33.57,68.32

2026-09-27T22:12:59.422Z,33.58,68.28

2026-09-27T22:13:04.424Z,33.56,68.32

2026-09-27T22:13:09.421Z,33.58,68.33

2026-09-27T22:13:14.429Z,33.57,68.31

2026-09-27T22:13:19.442Z,33.57,68.33

2026-09-27T22:13:24.427Z,33.58,68.29

2026-09-27T22:13:29.428Z,33.57,68.34

2026-09-27T22:13:34.436Z,33.57,68.35

2026-09-27T22:13:39.438Z,33.57,68.37

2026-09-27T22:13:44.433Z,33.56,68.26

2026-09-27T22:13:49.448Z,33.56,68.36

2026-09-27T22:13:54.439Z,33.56,68.33

2026-09-27T22:13:59.456Z,33.56,68.36

2026-09-27T22:14:04.441Z,33.58,68.33

2026-09-27T22:14:09.441Z,33.57,68.31

2026-09-27T22:14:14.439Z,33.58,68.39

2026-09-27T22:14:19.451Z,33.56,68.42

2026-09-27T22:14:24.437Z,33.57,68.36

2026-09-27T22:14:29.441Z,33.56,68.38

2026-09-27T22:14:34.441Z,33.56,68.42

2026-09-27T22:14:39.442Z,33.56,68.37

2026-09-27T22:14:44.465Z,33.57,68.31

2026-09-27T22:14:49.471Z,33.56,68.38

2026-09-27T22:14:54.463Z,33.55,68.4

2026-09-27T22:14:59.464Z,33.55,68.41

2026-09-27T22:15:04.464Z,33.56,68.42

2026-09-27T22:15:09.478Z,33.56,68.47

2026-09-27T22:15:14.470Z,33.56,68.44

2026-09-27T22:15:19.479Z,33.55,68.5

2026-09-27T22:15:24.473Z,33.54,68.5

2026-09-27T22:15:29.478Z,33.54,68.47

2026-09-27T22:15:34.467Z,33.55,68.48

2026-09-27T22:15:39.466Z,33.56,68.42

2026-09-27T22:15:44.468Z,33.57,68.46

2026-09-27T22:15:49.467Z,33.55,68.47

2026-09-27T22:15:54.484Z,33.55,68.44

2026-09-27T22:15:59.496Z,33.54,68.5

2026-09-27T22:16:04.485Z,33.56,68.47

2026-09-27T22:16:09.487Z,33.54,68.44

2026-09-27T22:16:14.492Z,33.55,68.51

2026-09-27T22:16:19.502Z,33.53,68.54

2026-09-27T22:16:24.492Z,33.54,68.49

2026-09-27T22:16:29.501Z,33.54,68.52

2026-09-27T22:16:34.487Z,33.53,68.46

2026-09-27T22:16:39.487Z,33.53,68.51

2026-09-27T22:16:44.488Z,33.55,68.5

2026-09-27T22:16:49.501Z,33.53,68.5

2026-09-27T22:16:54.489Z,33.54,68.54

2026-09-27T22:16:59.487Z,33.54,68.5

2026-09-27T22:17:04.488Z,33.53,68.47

2026-09-27T22:17:09.496Z,33.54,68.57

2026-09-27T22:17:14.489Z,33.52,68.53

2026-09-27T22:17:19.490Z,33.54,68.49

2026-09-27T22:17:24.493Z,33.54,68.53

2026-09-27T22:17:29.490Z,33.56,68.51

2026-09-27T22:17:34.513Z,33.54,68.53

2026-09-27T22:17:39.523Z,33.55,68.61

2026-09-27T22:17:44.509Z,33.57,68.56

2026-09-27T22:17:49.510Z,33.55,68.55

2026-09-27T22:17:54.510Z,33.53,68.51

2026-09-27T22:17:59.526Z,33.54,68.52

2026-09-27T22:18:04.518Z,33.54,68.5

2026-09-27T22:18:09.525Z,33.53,68.54

2026-09-27T22:18:14.532Z,33.54,68.51

2026-09-27T22:18:19.524Z,33.55,68.52

2026-09-27T22:18:24.526Z,33.53,68.54

2026-09-27T22:18:29.538Z,33.55,68.59

2026-09-27T22:18:34.529Z,33.54,68.51

2026-09-27T22:18:39.537Z,33.54,68.59

2026-09-27T22:18:44.537Z,33.55,68.58

2026-09-27T22:18:49.528Z,33.54,68.58

2026-09-27T22:18:54.538Z,33.54,68.58

2026-09-27T22:18:59.544Z,33.54,68.64

2026-09-27T22:19:04.536Z,33.53,68.58

2026-09-27T22:19:09.544Z,33.54,68.54

2026-09-27T22:19:14.530Z,33.54,68.5

2026-09-27T22:19:19.531Z,33.54,68.55

2026-09-27T22:19:24.539Z,33.53,68.62

2026-09-27T22:19:29.548Z,33.53,68.64

2026-09-27T22:19:34.537Z,33.56,68.53

2026-09-27T22:19:39.546Z,33.53,68.67

2026-09-27T22:19:44.542Z,33.55,68.63

2026-09-27T22:19:49.547Z,33.54,68.62

2026-09-27T22:19:54.545Z,33.54,68.61

2026-09-27T22:19:59.536Z,33.57,68.63

2026-09-27T22:20:04.539Z,33.54,68.56

2026-09-27T22:20:09.540Z,33.55,68.58

2026-09-27T22:20:14.544Z,33.54,68.58

2026-09-27T22:20:19.555Z,33.55,68.62

2026-09-27T22:20:24.543Z,33.54,68.58

2026-09-27T22:20:29.544Z,33.54,68.6

2026-09-27T22:20:34.546Z,33.54,68.63

2026-09-27T22:20:39.544Z,33.51,68.57

2026-09-27T22:20:44.561Z,33.55,68.65

2026-09-27T22:20:49.574Z,33.53,68.61

2026-09-27T22:20:54.558Z,33.55,68.6

2026-09-27T22:20:59.560Z,33.55,68.62

2026-09-27T22:21:04.560Z,33.54,68.56

2026-09-27T22:21:09.560Z,33.55,68.64

2026-09-27T22:21:14.579Z,33.54,68.64

2026-09-27T22:21:19.587Z,33.55,68.68

2026-09-27T22:21:24.583Z,33.53,68.63

2026-09-27T22:21:29.583Z,33.53,68.66

2026-09-27T22:21:34.578Z,33.53,68.66

2026-09-27T22:21:39.574Z,33.53,68.66

2026-09-27T22:21:44.582Z,33.53,68.65

2026-09-27T22:21:49.590Z,33.53,68.69

2026-09-27T22:21:54.581Z,33.54,68.68

2026-09-27T22:21:59.580Z,33.55,68.66

2026-09-27T22:22:04.579Z,33.52,68.63

2026-09-27T22:22:09.580Z,33.54,68.66

2026-09-27T22:22:14.596Z,33.54,68.64

2026-09-27T22:22:19.610Z,33.53,68.65

2026-09-27T22:22:24.592Z,33.55,68.67

2026-09-27T22:22:29.592Z,33.53,68.62

2026-09-27T22:22:34.599Z,33.55,68.7

2026-09-27T22:22:39.603Z,33.53,68.72

2026-09-27T22:22:44.603Z,33.53,68.75

2026-09-27T22:22:49.594Z,33.54,68.66

2026-09-27T22:22:54.593Z,33.55,68.65

2026-09-27T22:22:59.605Z,33.54,68.68

2026-09-27T22:23:04.593Z,33.56,68.71

2026-09-27T22:23:09.594Z,33.54,68.62

2026-09-27T22:23:14.593Z,33.54,68.66

2026-09-27T22:23:19.594Z,33.55,68.62

2026-09-27T22:23:24.602Z,33.56,68.64

2026-09-27T22:23:29.613Z,33.56,68.73

2026-09-27T22:23:34.599Z,33.54,68.66

2026-09-27T22:23:39.604Z,33.56,68.68

2026-09-27T22:23:44.604Z,33.56,68.63

2026-09-27T22:23:49.604Z,33.56,68.72

2026-09-27T22:23:54.618Z,33.54,68.64

2026-09-27T22:23:59.626Z,33.55,68.69

2026-09-27T22:24:04.619Z,33.56,68.65

2026-09-27T22:24:09.615Z,33.55,68.69

2026-09-27T22:24:14.617Z,33.54,68.64

2026-09-27T22:24:19.614Z,33.55,68.7

2026-09-27T22:24:24.635Z,33.54,68.68

2026-09-27T22:24:29.634Z,33.55,68.73

2026-09-27T22:24:34.629Z,33.54,68.68

2026-09-27T22:24:39.638Z,33.56,68.74

2026-09-27T22:24:44.634Z,33.55,68.6

2026-09-27T22:24:49.629Z,33.54,68.63

2026-09-27T22:24:54.635Z,33.55,68.67

2026-09-27T22:24:59.647Z,33.54,68.71

2026-09-27T22:25:04.633Z,33.55,68.65

2026-09-27T22:25:09.634Z,33.55,68.59

2026-09-27T22:25:14.634Z,33.54,68.6

2026-09-27T22:25:19.635Z,33.56,68.64

2026-09-27T22:25:24.639Z,33.58,68.6

2026-09-27T22:25:29.650Z,33.58,68.68

2026-09-27T22:25:34.639Z,33.57,68.65

2026-09-27T22:25:39.639Z,33.57,68.63

2026-09-27T22:25:44.639Z,33.58,68.59

2026-09-27T22:25:49.638Z,33.58,68.64

2026-09-27T22:25:54.642Z,33.56,68.63

2026-09-27T22:25:59.653Z,33.57,68.68

2026-09-27T22:26:04.643Z,33.58,68.62

2026-09-27T22:26:09.641Z,33.58,68.64

2026-09-27T22:26:14.640Z,33.58,68.64

2026-09-27T22:26:19.654Z,33.59,68.61

2026-09-27T22:26:24.646Z,33.61,68.61

2026-09-27T22:26:29.654Z,33.58,68.6

2026-09-27T22:26:34.652Z,33.59,68.64

2026-09-27T22:26:39.654Z,33.6,68.65

2026-09-27T22:26:44.651Z,33.61,68.59

2026-09-27T22:26:49.661Z,33.6,68.63

2026-09-27T22:26:54.650Z,33.63,68.49

2026-09-27T22:26:59.651Z,33.63,68.52

2026-09-27T22:27:04.678Z,33.62,68.42

2026-09-27T22:27:09.668Z,33.61,68.43

2026-09-27T22:27:14.670Z,33.61,68.37

2026-09-27T22:27:19.669Z,33.63,68.42

2026-09-27T22:27:24.678Z,33.62,68.4

2026-09-27T22:27:29.691Z,33.62,68.42

2026-09-27T22:27:34.677Z,33.62,68.46

2026-09-27T22:27:39.680Z,33.63,68.41

2026-09-27T22:27:44.675Z,33.64,68.45

2026-09-27T22:27:49.687Z,33.63,68.48

2026-09-27T22:27:54.677Z,33.65,68.4

2026-09-27T22:27:59.688Z,33.64,68.41

2026-09-27T22:28:04.682Z,33.63,68.41

2026-09-27T22:28:09.689Z,33.63,68.43

2026-09-27T22:28:14.683Z,33.65,68.47

2026-09-27T22:28:19.690Z,33.64,68.45

2026-09-27T22:28:24.700Z,33.65,68.43

2026-09-27T22:28:29.704Z,33.66,68.41

2026-09-27T22:28:34.687Z,33.64,68.37

2026-09-27T22:28:39.691Z,33.66,68.36

2026-09-27T22:28:44.690Z,33.65,68.35

2026-09-27T22:28:49.690Z,33.66,68.36

2026-09-27T22:28:54.704Z,33.67,68.31

2026-09-27T22:28:59.714Z,33.67,68.4

2026-09-27T22:29:04.705Z,33.67,68.31

2026-09-27T22:29:09.718Z,33.67,68.35

2026-09-27T22:29:14.705Z,33.68,68.35

2026-09-27T22:29:19.704Z,33.67,68.35

2026-09-27T22:29:24.702Z,33.67,68.31

2026-09-27T22:29:29.703Z,33.67,68.4

2026-09-27T22:29:34.715Z,33.67,68.36

2026-09-27T22:29:39.724Z,33.67,68.37

2026-09-27T22:29:44.715Z,33.68,68.34

2026-09-27T22:29:49.728Z,33.68,68.34

2026-09-27T22:29:54.719Z,33.69,68.31

2026-09-27T22:29:59.731Z,33.68,68.38

2026-09-27T22:30:04.721Z,33.69,68.34

2026-09-27T22:30:09.722Z,33.69,68.3

2026-09-27T22:30:14.721Z,33.71,68.27

2026-09-27T22:30:19.722Z,33.7,68.31

2026-09-27T22:30:24.729Z,33.7,68.26

2026-09-27T22:30:29.738Z,33.7,68.31

2026-09-27T22:30:34.727Z,33.7,68.31

2026-09-27T22:30:39.728Z,33.7,68.26

2026-09-27T22:30:44.727Z,33.72,68.22

2026-09-27T22:30:49.726Z,33.73,68.21

2026-09-27T22:30:54.733Z,33.71,68.23

2026-09-27T22:30:59.747Z,33.71,68.3

2026-09-27T22:31:04.733Z,33.72,68.17

2026-09-27T22:31:09.733Z,33.71,68.14

2026-09-27T22:31:14.732Z,33.73,68.21

2026-09-27T22:31:19.732Z,33.72,68.17

2026-09-27T22:31:24.741Z,33.73,68.16

2026-09-27T22:31:29.754Z,33.72,68.2

2026-09-27T22:31:34.743Z,33.73,68.1

2026-09-27T22:31:39.742Z,33.71,68.16

2026-09-27T22:31:44.755Z,33.72,68.14

2026-09-27T22:31:49.763Z,33.73,68.19

2026-09-27T22:31:54.753Z,33.74,68.14

2026-09-27T22:31:59.753Z,33.72,68.19

2026-09-27T22:32:04.752Z,33.73,68.17

2026-09-27T22:32:09.755Z,33.74,68.12

2026-09-27T22:32:14.764Z,33.73,68.11

2026-09-27T22:32:19.776Z,33.73,68.17

2026-09-27T22:32:24.768Z,33.74,68.14

2026-09-27T22:32:29.774Z,33.74,68.17

2026-09-27T22:32:34.770Z,33.75,68.22

2026-09-27T22:32:39.765Z,33.74,68.16

2026-09-27T22:32:44.765Z,33.75,68.11

2026-09-27T22:32:49.763Z,33.75,68.08

2026-09-27T22:32:54.764Z,33.75,68.12

2026-09-27T22:32:59.779Z,33.76,68.06

2026-09-27T22:33:04.766Z,33.76,68.1

2026-09-27T22:33:09.779Z,33.76,68.12

2026-09-27T22:33:14.772Z,33.78,68.06

2026-09-27T22:33:19.776Z,33.76,68.15

2026-09-27T22:33:24.765Z,33.78,68.07

2026-09-27T22:33:29.776Z,33.77,68.14

2026-09-27T22:33:34.775Z,33.77,68.13

2026-09-27T22:33:39.775Z,33.77,68.13

2026-09-27T22:33:44.767Z,33.76,68.04

2026-09-27T22:33:49.767Z,33.78,68.08

2026-09-27T22:33:54.780Z,33.78,68.09

2026-09-27T22:33:59.790Z,33.81,68.07

2026-09-27T22:34:04.779Z,33.79,68.05

2026-09-27T22:34:09.782Z,33.81,68.08

2026-09-27T22:34:14.780Z,33.78,68.02

2026-09-27T22:34:19.794Z,33.8,68.04

2026-09-27T22:34:24.781Z,33.81,68.08

2026-09-27T22:34:29.783Z,33.79,67.99

2026-09-27T22:34:34.783Z,33.81,68.04

2026-09-27T22:34:39.785Z,33.8,67.97

2026-09-27T22:34:44.801Z,33.8,68

2026-09-27T22:34:49.812Z,33.81,68.01

2026-09-27T22:34:54.800Z,33.82,68.01

2026-09-27T22:34:59.799Z,33.81,68

2026-09-27T22:35:04.804Z,33.81,68

2026-09-27T22:35:09.810Z,33.81,67.97

2026-09-27T22:35:14.812Z,33.8,67.96

2026-09-27T22:35:19.817Z,33.82,68.01

2026-09-27T22:35:24.804Z,33.82,67.97

2026-09-27T22:35:29.803Z,33.83,67.97

2026-09-27T22:35:34.804Z,33.81,67.98

2026-09-27T22:35:39.802Z,33.81,68

2026-09-27T22:35:44.820Z,33.82,67.92

2026-09-27T22:35:49.827Z,33.82,67.98

2026-09-27T22:35:54.818Z,33.83,67.91

2026-09-27T22:35:59.819Z,33.82,67.92

2026-09-27T22:36:04.818Z,33.82,67.9

2026-09-27T22:36:09.830Z,33.82,67.94

2026-09-27T22:36:14.829Z,33.8,67.96

2026-09-27T22:36:19.830Z,33.81,67.93

2026-09-27T22:36:24.820Z,33.84,67.89

2026-09-27T22:36:29.820Z,33.81,67.91

2026-09-27T22:36:34.820Z,33.82,67.94

2026-09-27T22:36:39.834Z,33.82,67.91

2026-09-27T22:36:44.820Z,33.83,67.89

2026-09-27T22:36:49.819Z,33.84,67.88

2026-09-27T22:36:54.821Z,33.82,67.92

2026-09-27T22:36:59.832Z,33.83,67.91

2026-09-27T22:37:04.822Z,33.84,67.92

2026-09-27T22:37:09.823Z,33.84,67.9

2026-09-27T22:37:14.823Z,33.85,67.89

2026-09-27T22:37:19.823Z,33.85,67.86

2026-09-27T22:37:24.839Z,33.84,67.88

2026-09-27T22:37:29.850Z,33.84,67.88

2026-09-27T22:37:34.841Z,33.84,67.83

2026-09-27T22:37:39.841Z,33.84,67.84

2026-09-27T22:37:44.854Z,33.85,67.84

2026-09-27T22:37:49.854Z,33.86,67.89

2026-09-27T22:37:54.853Z,33.85,67.86

2026-09-27T22:37:59.861Z,33.84,67.88

2026-09-27T22:38:04.857Z,33.85,67.84

2026-09-27T22:38:09.849Z,33.85,67.84

2026-09-27T22:38:14.851Z,33.87,67.89

2026-09-27T22:38:19.852Z,33.85,67.87

2026-09-27T22:38:24.859Z,33.85,67.78

2026-09-27T22:38:29.871Z,33.85,67.86

2026-09-27T22:38:34.861Z,33.85,67.76

2026-09-27T22:38:39.860Z,33.87,67.86

2026-09-27T22:38:44.859Z,33.88,67.85

2026-09-27T22:38:49.858Z,33.85,67.79

2026-09-27T22:38:54.883Z,33.86,67.88

2026-09-27T22:38:59.876Z,33.85,67.82

2026-09-27T22:39:04.885Z,33.85,67.86

2026-09-27T22:39:09.889Z,33.86,67.84

2026-09-27T22:39:14.883Z,33.86,67.84

2026-09-27T22:39:19.889Z,33.85,67.85

2026-09-27T22:39:24.875Z,33.86,67.87

2026-09-27T22:39:29.876Z,33.86,67.82

2026-09-27T22:39:34.874Z,33.86,67.9

2026-09-27T22:39:39.876Z,33.85,67.82

2026-09-27T22:39:44.882Z,33.86,67.89

2026-09-27T22:39:49.887Z,33.86,67.88

2026-09-27T22:39:54.879Z,33.87,67.9

2026-09-27T22:39:59.878Z,33.86,67.89

2026-09-27T22:40:04.879Z,33.86,67.87

2026-09-27T22:40:09.877Z,33.87,67.84

2026-09-27T22:40:14.879Z,33.87,67.85

2026-09-27T22:40:19.890Z,33.85,67.88

2026-09-27T22:40:24.879Z,33.86,67.89

2026-09-27T22:40:29.881Z,33.86,67.91

2026-09-27T22:40:34.889Z,33.86,67.91

2026-09-27T22:40:39.904Z,33.86,67.97

2026-09-27T22:40:44.889Z,33.86,67.85

2026-09-27T22:40:49.889Z,33.85,67.88

2026-09-27T22:40:54.900Z,33.87,67.92

2026-09-27T22:40:59.909Z,33.86,67.94

2026-09-27T22:41:04.898Z,33.87,67.86

2026-09-27T22:41:09.900Z,33.85,67.89

2026-09-27T22:41:14.914Z,33.85,67.88

2026-09-27T22:41:19.925Z,33.85,67.93

2026-09-27T22:41:24.910Z,33.86,67.84

2026-09-27T22:41:29.912Z,33.87,67.84

2026-09-27T22:41:34.915Z,33.86,67.91

2026-09-27T22:41:39.926Z,33.87,67.93

2026-09-27T22:41:44.919Z,33.87,67.94

2026-09-27T22:41:49.929Z,33.87,67.91

2026-09-27T22:41:54.922Z,33.87,67.92

2026-09-27T22:41:59.925Z,33.87,67.96

2026-09-27T22:42:04.911Z,33.87,67.94

2026-09-27T22:42:09.914Z,33.87,67.9

2026-09-27T22:42:14.913Z,33.87,67.9

2026-09-27T22:42:19.912Z,33.88,67.9

2026-09-27T22:42:24.936Z,33.88,67.89

2026-09-27T22:42:29.946Z,33.87,67.9

2026-09-27T22:42:34.936Z,33.88,67.9

2026-09-27T22:42:39.936Z,33.88,67.87

2026-09-27T22:42:44.938Z,33.85,67.86

2026-09-27T22:42:49.936Z,33.89,67.9

2026-09-27T22:42:54.939Z,33.9,67.9

2026-09-27T22:42:59.949Z,33.88,67.91

2026-09-27T22:43:04.938Z,33.87,67.87

2026-09-27T22:43:09.939Z,33.88,67.88

2026-09-27T22:43:14.940Z,33.88,67.87

2026-09-27T22:43:19.941Z,33.88,67.91

2026-09-27T22:43:24.942Z,33.89,67.89

2026-09-27T22:43:29.957Z,33.88,67.89

2026-09-27T22:43:34.941Z,33.89,67.87

2026-09-27T22:43:39.940Z,33.88,67.79

2026-09-27T22:43:44.945Z,33.87,67.76

2026-09-27T22:43:49.956Z,33.87,67.82

2026-09-27T22:43:54.948Z,33.89,67.74

2026-09-27T22:43:59.956Z,33.88,67.82

2026-09-27T22:44:04.955Z,33.87,67.74

2026-09-27T22:44:09.955Z,33.88,67.79

2026-09-27T22:44:14.954Z,33.9,67.71

2026-09-27T22:44:19.960Z,33.87,67.68

2026-09-27T22:44:24.946Z,33.88,67.71

2026-09-27T22:44:29.947Z,33.9,67.7

2026-09-27T22:44:34.946Z,33.9,67.64

2026-09-27T22:44:39.947Z,33.89,67.68

2026-09-27T22:44:44.962Z,33.89,67.68

2026-09-27T22:44:49.977Z,33.88,67.69

2026-09-27T22:44:54.958Z,33.9,67.67

2026-09-27T22:44:59.960Z,33.88,67.75

2026-09-27T22:45:04.971Z,33.89,67.77

2026-09-27T22:45:09.980Z,33.89,67.81

2026-09-27T22:45:14.969Z,33.9,67.7

2026-09-27T22:45:19.969Z,33.9,67.75

2026-09-27T22:45:24.970Z,33.89,67.74

2026-09-27T22:45:29.983Z,33.88,67.74

2026-09-27T22:45:34.977Z,33.89,67.74

2026-09-27T22:45:39.982Z,33.89,67.78

2026-09-27T22:45:44.982Z,33.89,67.7

2026-09-27T22:45:49.992Z,33.91,67.78

2026-09-27T22:45:54.981Z,33.9,67.73

2026-09-27T22:45:59.982Z,33.89,67.74

2026-09-27T22:46:04.982Z,33.89,67.71

2026-09-27T22:46:09.982Z,33.9,67.68

2026-09-27T22:46:14.988Z,33.91,67.67

2026-09-27T22:46:19.998Z,33.9,67.68

2026-09-27T22:46:24.988Z,33.9,67.69

2026-09-27T22:46:29.988Z,33.89,67.67

2026-09-27T22:46:34.989Z,33.91,67.69

2026-09-27T22:46:39.988Z,33.91,67.61

2026-09-27T22:46:44.996Z,33.89,67.66

2026-09-27T22:46:50.009Z,33.88,67.72

2026-09-27T22:46:55.004Z,33.9,67.67

2026-09-27T22:47:00.010Z,33.89,67.65

2026-09-27T22:47:05.001Z,33.9,67.61

2026-09-27T22:47:09.997Z,33.9,67.68

2026-09-27T22:47:14.998Z,33.9,67.68

2026-09-27T22:47:20.016Z,33.91,67.62

2026-09-27T22:47:24.998Z,33.91,67.6

2026-09-27T22:47:30.000Z,33.92,67.64

2026-09-27T22:47:34.998Z,33.91,67.58

2026-09-27T22:47:40.001Z,33.91,67.59

2026-09-27T22:47:45.000Z,33.91,67.62

2026-09-27T22:47:50.018Z,33.91,67.68

2026-09-27T22:47:55.005Z,33.91,67.62

2026-09-27T22:48:00.002Z,33.9,67.62

2026-09-27T22:48:05.018Z,33.91,67.6

2026-09-27T22:48:10.032Z,33.91,67.62

2026-09-27T22:48:15.017Z,33.91,67.59

2026-09-27T22:48:20.017Z,33.92,67.63

2026-09-27T22:48:25.018Z,33.92,67.62

2026-09-27T22:48:30.018Z,33.91,67.63

2026-09-27T22:48:35.024Z,33.92,67.66

2026-09-27T22:48:40.034Z,33.92,67.71

2026-09-27T22:48:45.025Z,33.92,67.63

2026-09-27T22:48:50.024Z,33.92,67.64

2026-09-27T22:48:55.023Z,33.92,67.64

2026-09-27T22:49:00.026Z,33.91,67.67

2026-09-27T22:49:05.031Z,33.94,67.66

2026-09-27T22:49:10.044Z,33.92,67.65

2026-09-27T22:49:15.030Z,33.93,67.64

2026-09-27T22:49:20.030Z,33.91,67.64

2026-09-27T22:49:25.039Z,33.92,67.61

2026-09-27T22:49:30.039Z,33.92,67.63

2026-09-27T22:49:35.040Z,33.91,67.59

2026-09-27T22:49:40.052Z,33.9,67.69

2026-09-27T22:49:45.042Z,33.91,67.65

2026-09-27T22:49:50.040Z,33.91,67.69

2026-09-27T22:49:55.041Z,33.9,67.72

2026-09-27T22:50:00.041Z,33.92,67.72

2026-09-27T22:50:05.047Z,33.91,67.75

2026-09-27T22:50:10.058Z,33.9,67.77

2026-09-27T22:50:15.047Z,33.89,67.76

2026-09-27T22:50:20.059Z,33.88,67.76

2026-09-27T22:50:25.052Z,33.88,67.79

2026-09-27T22:50:30.057Z,33.88,67.84

2026-09-27T22:50:35.047Z,33.88,67.75

2026-09-27T22:50:40.059Z,33.87,67.86

2026-09-27T22:50:45.046Z,33.87,67.8

2026-09-27T22:50:50.048Z,33.87,67.8

2026-09-27T22:50:55.056Z,33.88,67.87

2026-09-27T22:51:00.066Z,33.87,67.87

2026-09-27T22:51:05.055Z,33.85,67.81

2026-09-27T22:51:10.056Z,33.88,67.91

2026-09-27T22:51:15.069Z,33.87,67.91

2026-09-27T22:51:20.082Z,33.84,67.88

2026-09-27T22:51:25.070Z,33.86,67.95

2026-09-27T22:51:30.070Z,33.86,67.93

2026-09-27T22:51:35.072Z,33.86,67.87

2026-09-27T22:51:40.072Z,33.86,67.94

2026-09-27T22:51:45.080Z,33.86,67.95

2026-09-27T22:51:50.093Z,33.83,67.99

2026-09-27T22:51:55.080Z,33.88,67.94

2026-09-27T22:52:00.079Z,33.86,67.98

2026-09-27T22:52:05.079Z,33.88,68.01

2026-09-27T22:52:10.093Z,33.86,68

2026-09-27T22:52:15.081Z,33.88,67.91

2026-09-27T22:52:20.080Z,33.85,67.95

2026-09-27T22:52:25.082Z,33.86,67.91

2026-09-27T22:52:30.081Z,33.86,67.97

2026-09-27T22:52:35.103Z,33.88,67.91

2026-09-27T22:52:40.115Z,33.86,68.01

2026-09-27T22:52:45.101Z,33.85,67.96

2026-09-27T22:52:50.101Z,33.87,67.98

2026-09-27T22:52:55.101Z,33.85,67.93

2026-09-27T22:53:00.103Z,33.85,68.01

2026-09-27T22:53:05.108Z,33.86,67.94

2026-09-27T22:53:10.120Z,33.85,67.98

2026-09-27T22:53:15.114Z,33.86,67.97

2026-09-27T22:53:20.118Z,33.85,68.02

2026-09-27T22:53:25.111Z,33.86,68.01

2026-09-27T22:53:30.120Z,33.88,67.99

2026-09-27T22:53:35.110Z,33.87,67.97

2026-09-27T22:53:40.111Z,33.87,67.97

2026-09-27T22:53:45.109Z,33.85,67.95

2026-09-27T22:53:50.109Z,33.86,67.94

2026-09-27T22:53:55.117Z,33.88,67.98

2026-09-27T22:54:00.127Z,33.88,68

2026-09-27T22:54:05.118Z,33.84,67.99

2026-09-27T22:54:10.117Z,33.87,67.97

2026-09-27T22:54:15.120Z,33.86,68

2026-09-27T22:54:20.117Z,33.86,68.02

2026-09-27T22:54:25.120Z,33.87,68

2026-09-27T22:54:30.130Z,33.86,68.05

2026-09-27T22:54:35.116Z,33.86,68

2026-09-27T22:54:40.119Z,33.86,68.01

2026-09-27T22:54:45.120Z,33.87,68.02

2026-09-27T22:54:50.119Z,33.87,68

2026-09-27T22:54:55.138Z,33.86,68.04

2026-09-27T22:55:00.153Z,33.86,68.05

2026-09-27T22:55:05.134Z,33.86,68.06

2026-09-27T22:55:10.138Z,33.88,68.02

2026-09-27T22:55:15.141Z,33.86,68.09

2026-09-27T22:55:20.147Z,33.85,68.09

2026-09-27T22:55:25.145Z,33.85,68.07

2026-09-27T22:55:30.148Z,33.86,68.09

2026-09-27T22:55:35.136Z,33.88,68.05

2026-09-27T22:55:40.138Z,33.87,68.11

2026-09-27T22:55:45.139Z,33.85,68.08

2026-09-27T22:55:50.139Z,33.88,68.1

2026-09-27T22:55:55.158Z,33.85,68.08

2026-09-27T22:56:00.167Z,33.85,68.12

2026-09-27T22:56:05.156Z,33.86,68.18

2026-09-27T22:56:10.158Z,33.85,68.1

2026-09-27T22:56:15.153Z,33.85,68.18

2026-09-27T22:56:20.156Z,33.86,68.11

2026-09-27T22:56:25.173Z,33.84,68.09

2026-09-27T22:56:30.164Z,33.86,68.14

2026-09-27T22:56:35.167Z,33.86,68.12

2026-09-27T22:56:40.177Z,33.85,68.17

2026-09-27T22:56:45.165Z,33.85,68.11

2026-09-27T22:56:50.177Z,33.85,68.19

2026-09-27T22:56:55.168Z,33.84,68.26

2026-09-27T22:57:00.176Z,33.85,68.2

2026-09-27T22:57:05.170Z,33.85,68.2

2026-09-27T22:57:10.178Z,33.86,68.3

2026-09-27T22:57:15.180Z,33.84,68.22

2026-09-27T22:57:20.171Z,33.86,68.21

2026-09-27T22:57:25.180Z,33.83,68.27

2026-09-27T22:57:30.185Z,33.84,68.27

2026-09-27T22:57:35.180Z,33.83,68.24

2026-09-27T22:57:40.188Z,33.83,68.34

2026-09-27T22:57:45.181Z,33.85,68.36

2026-09-27T22:57:50.193Z,33.83,68.38

2026-09-27T22:57:55.177Z,33.82,68.34

2026-09-27T22:58:00.178Z,33.82,68.34

2026-09-27T22:58:05.174Z,33.84,68.37

2026-09-27T22:58:10.176Z,33.82,68.34

2026-09-27T22:58:15.179Z,33.81,68.41

2026-09-27T22:58:20.189Z,33.83,68.5

2026-09-27T22:58:25.179Z,33.82,68.38

2026-09-27T22:58:30.181Z,33.83,68.41

2026-09-27T22:58:35.199Z,33.82,68.32

2026-09-27T22:58:40.212Z,33.81,68.41

2026-09-27T22:58:45.200Z,33.83,68.34

2026-09-27T22:58:50.199Z,33.84,68.41

2026-09-27T22:58:55.201Z,33.82,68.33

2026-09-27T22:59:00.209Z,33.83,68.42

2026-09-27T22:59:05.201Z,33.83,68.39

2026-09-27T22:59:10.200Z,33.84,68.39

2026-09-27T22:59:15.200Z,33.84,68.29

2026-09-27T22:59:20.201Z,33.82,68.27

2026-09-27T22:59:25.218Z,33.83,68.3

2026-09-27T22:59:30.230Z,33.83,68.31

2026-09-27T22:59:35.219Z,33.83,68.38

2026-09-27T22:59:40.220Z,33.85,68.3

2026-09-27T22:59:45.219Z,33.84,68.23

2026-09-27T22:59:50.220Z,33.85,68.32

2026-09-27T22:59:55.228Z,33.84,68.33

2026-09-27T23:00:00.237Z,33.83,68.38

2026-09-27T23:00:05.225Z,33.85,68.37

2026-09-27T23:00:10.227Z,33.84,68.42

2026-09-27T23:00:15.229Z,33.85,68.48

2026-09-27T23:00:20.226Z,33.85,68.44

2026-09-27T23:00:25.231Z,33.83,68.45

2026-09-27T23:00:30.240Z,33.84,68.42

2026-09-27T23:00:35.229Z,33.84,68.39

2026-09-27T23:00:40.230Z,33.85,68.51

2026-09-27T23:00:45.234Z,33.84,68.43

2026-09-27T23:00:50.238Z,33.83,68.52

2026-09-27T23:00:55.235Z,33.85,68.48

2026-09-27T23:01:00.241Z,33.85,68.53

2026-09-27T23:01:05.229Z,33.83,68.55

2026-09-27T23:01:10.231Z,33.84,68.59

2026-09-27T23:01:15.238Z,33.82,68.6

2026-09-27T23:01:20.247Z,33.82,68.73

2026-09-27T23:01:25.236Z,33.82,68.67

2026-09-27T23:01:30.238Z,33.83,68.66

2026-09-27T23:01:35.239Z,33.81,68.73

2026-09-27T23:01:40.251Z,33.82,68.75

2026-09-27T23:01:45.249Z,33.81,68.76

2026-09-27T23:01:50.251Z,33.79,68.77

2026-09-27T23:01:55.248Z,33.79,68.76

2026-09-27T23:02:00.253Z,33.77,68.87

2026-09-27T23:02:05.241Z,33.77,68.85

2026-09-27T23:02:10.241Z,33.77,68.86

2026-09-27T23:02:15.239Z,33.78,68.85

2026-09-27T23:02:20.241Z,33.78,68.85

2026-09-27T23:02:25.264Z,33.77,68.89

2026-09-27T23:02:30.275Z,33.77,68.87

2026-09-27T23:02:35.264Z,33.77,68.89

2026-09-27T23:02:40.265Z,33.75,68.85

2026-09-27T23:02:45.265Z,33.76,68.87

2026-09-27T23:02:50.265Z,33.75,68.92

2026-09-27T23:02:55.281Z,33.74,69.05

2026-09-27T23:03:00.292Z,33.73,69.06

2026-09-27T23:03:05.277Z,33.72,69.12

2026-09-27T23:03:10.279Z,33.72,69.14

2026-09-27T23:03:15.279Z,33.71,69.13

2026-09-27T23:03:20.278Z,33.7,69.23

2026-09-27T23:03:25.288Z,33.72,69.25

2026-09-27T23:03:30.298Z,33.7,69.27

2026-09-27T23:03:35.286Z,33.69,69.25

2026-09-27T23:03:40.285Z,33.69,69.23

2026-09-27T23:03:45.286Z,33.66,69.32

2026-09-27T23:03:50.285Z,33.68,69.33

2026-09-27T23:03:55.297Z,33.67,69.34

2026-09-27T23:04:00.307Z,33.66,69.4

2026-09-27T23:04:05.306Z,33.65,69.44

2026-09-27T23:04:10.308Z,33.63,69.43

2026-09-27T23:04:15.304Z,33.63,69.5

2026-09-27T23:04:20.307Z,33.63,69.51

2026-09-27T23:04:25.295Z,33.63,69.42

2026-09-27T23:04:30.295Z,33.61,69.48

2026-09-27T23:04:35.295Z,33.62,69.48

2026-09-27T23:04:40.307Z,33.62,69.48

2026-09-27T23:04:45.299Z,33.62,69.47

2026-09-27T23:04:50.317Z,33.61,69.4

2026-09-27T23:04:55.304Z,33.61,69.46

2026-09-27T23:05:00.317Z,33.61,69.59

2026-09-27T23:05:05.298Z,33.6,69.56

2026-09-27T23:05:10.299Z,33.62,69.61

2026-09-27T23:05:15.300Z,33.62,69.57

2026-09-27T23:05:20.311Z,33.58,69.61

2026-09-27T23:05:25.300Z,33.59,69.52

2026-09-27T23:05:30.300Z,33.61,69.61

2026-09-27T23:05:35.321Z,33.58,69.58

2026-09-27T23:05:40.334Z,33.6,69.68

2026-09-27T23:05:45.321Z,33.59,69.7

2026-09-27T23:05:50.320Z,33.6,69.71

2026-09-27T23:05:55.320Z,33.6,69.72

2026-09-27T23:06:00.319Z,33.6,69.77

2026-09-27T23:06:05.331Z,33.6,69.73

2026-09-27T23:06:10.339Z,33.59,69.68

2026-09-27T23:06:15.329Z,33.6,69.7

2026-09-27T23:06:20.329Z,33.57,69.65

2026-09-27T23:06:25.330Z,33.61,69.69

2026-09-27T23:06:30.332Z,33.61,69.8

2026-09-27T23:06:35.346Z,33.6,69.75

2026-09-27T23:06:40.356Z,33.6,69.73

2026-09-27T23:06:45.345Z,33.6,69.68

2026-09-27T23:06:50.345Z,33.59,69.72

2026-09-27T23:06:55.356Z,33.6,69.75

2026-09-27T23:07:00.356Z,33.58,69.79

2026-09-27T23:07:05.350Z,33.59,69.72

2026-09-27T23:07:10.356Z,33.61,69.8

2026-09-27T23:07:15.344Z,33.6,69.78

2026-09-27T23:07:20.344Z,33.59,69.76

2026-09-27T23:07:25.346Z,33.62,69.76

2026-09-27T23:07:30.347Z,33.61,69.78

2026-09-27T23:07:35.360Z,33.61,69.74

2026-09-27T23:07:40.369Z,33.61,69.8

2026-09-27T23:07:45.360Z,33.63,69.73

2026-09-27T23:07:50.358Z,33.64,69.74

2026-09-27T23:07:55.360Z,33.63,69.76

2026-09-27T23:08:00.361Z,33.63,69.69

2026-09-27T23:08:05.361Z,33.62,69.74

2026-09-27T23:08:10.373Z,33.62,69.72

2026-09-27T23:08:15.363Z,33.63,69.65

2026-09-27T23:08:20.362Z,33.63,69.68

2026-09-27T23:08:25.362Z,33.62,69.72

2026-09-27T23:08:30.363Z,33.64,69.67

2026-09-27T23:08:35.377Z,33.64,69.67

2026-09-27T23:08:40.370Z,33.64,69.73

2026-09-27T23:08:45.373Z,33.63,69.71

2026-09-27T23:08:50.378Z,33.65,69.74

2026-09-27T23:08:55.375Z,33.65,69.73

2026-09-27T23:09:00.376Z,33.65,69.73

2026-09-27T23:09:05.365Z,33.66,69.7

2026-09-27T23:09:10.367Z,33.64,69.71

2026-09-27T23:09:15.366Z,33.64,69.74

2026-09-27T23:09:20.366Z,33.66,69.72

2026-09-27T23:09:25.386Z,33.65,69.71

2026-09-27T23:09:30.401Z,33.65,69.7

2026-09-27T23:09:35.387Z,33.64,69.71

2026-09-27T23:09:40.388Z,33.66,69.67

2026-09-27T23:09:45.387Z,33.64,69.68

2026-09-27T23:09:50.390Z,33.65,69.76

2026-09-27T23:09:55.400Z,33.64,69.82

2026-09-27T23:10:00.407Z,33.65,69.74

2026-09-27T23:10:05.398Z,33.64,69.72

2026-09-27T23:10:10.401Z,33.63,69.75

2026-09-27T23:10:15.397Z,33.65,69.79

2026-09-27T23:10:20.400Z,33.64,69.73

2026-09-27T23:10:25.415Z,33.65,69.79

2026-09-27T23:10:30.423Z,33.63,69.74

2026-09-27T23:10:35.419Z,33.64,69.73

2026-09-27T23:10:40.424Z,33.64,69.71

2026-09-27T23:10:45.415Z,33.63,69.75

2026-09-27T23:10:50.427Z,33.65,69.77

2026-09-27T23:10:55.416Z,33.65,69.77

2026-09-27T23:11:00.414Z,33.66,69.78

2026-09-27T23:11:05.414Z,33.65,69.71

2026-09-27T23:11:10.413Z,33.64,69.77

2026-09-27T23:11:15.419Z,33.64,69.73

2026-09-27T23:11:20.429Z,33.65,69.74

2026-09-27T23:11:25.417Z,33.66,69.72

2026-09-27T23:11:30.416Z,33.65,69.75

2026-09-27T23:11:35.416Z,33.64,69.72

2026-09-27T23:11:40.418Z,33.64,69.81

2026-09-27T23:11:45.424Z,33.65,69.68

2026-09-27T23:11:50.435Z,33.65,69.74

2026-09-27T23:11:55.428Z,33.64,69.72

2026-09-27T23:12:00.434Z,33.64,69.8

2026-09-27T23:12:05.426Z,33.64,69.76

2026-09-27T23:12:10.422Z,33.66,69.77

2026-09-27T23:12:15.437Z,33.63,69.77

2026-09-27T23:12:20.429Z,33.63,69.78

2026-09-27T23:12:25.427Z,33.62,69.73

2026-09-27T23:12:30.429Z,33.63,69.75

2026-09-27T23:12:35.440Z,33.64,69.79

2026-09-27T23:12:40.456Z,33.63,69.77

2026-09-27T23:12:45.437Z,33.65,69.7

2026-09-27T23:12:50.447Z,33.64,69.86

2026-09-27T23:12:55.445Z,33.64,69.85

2026-09-27T23:13:00.450Z,33.64,69.82

2026-09-27T23:13:05.450Z,33.65,69.72

2026-09-27T23:13:10.445Z,33.66,69.75

2026-09-27T23:13:15.462Z,33.66,69.77

2026-09-27T23:13:20.475Z,33.63,69.82

2026-09-27T23:13:25.467Z,33.64,69.78

2026-09-27T23:13:30.475Z,33.66,69.81

2026-09-27T23:13:35.467Z,33.65,69.77

2026-09-27T23:13:40.464Z,33.66,69.8

2026-09-27T23:13:45.462Z,33.64,69.78

2026-09-27T23:13:50.461Z,33.66,69.77

2026-09-27T23:13:55.463Z,33.65,69.77

2026-09-27T23:14:00.475Z,33.66,69.77

2026-09-27T23:14:05.460Z,33.67,69.76

2026-09-27T23:14:10.463Z,33.67,69.7

2026-09-27T23:14:15.461Z,33.67,69.68

2026-09-27T23:14:20.463Z,33.65,69.71

2026-09-27T23:14:25.477Z,33.67,69.69

2026-09-27T23:14:30.484Z,33.66,69.69

2026-09-27T23:14:35.472Z,33.68,69.64

2026-09-27T23:14:40.474Z,33.68,69.66

2026-09-27T23:14:45.473Z,33.67,69.65

2026-09-27T23:14:50.474Z,33.66,69.66

2026-09-27T23:14:55.478Z,33.67,69.61

2026-09-27T23:15:00.488Z,33.7,69.65

2026-09-27T23:15:05.475Z,33.67,69.61

2026-09-27T23:15:10.477Z,33.68,69.65

2026-09-27T23:15:15.476Z,33.68,69.61

2026-09-27T23:15:20.477Z,33.7,69.65

2026-09-27T23:15:25.491Z,33.67,69.66

2026-09-27T23:15:30.483Z,33.69,69.54

2026-09-27T23:15:35.483Z,33.69,69.59

2026-09-27T23:15:40.496Z,33.69,69.61

2026-09-27T23:15:45.491Z,33.7,69.57

2026-09-27T23:15:50.495Z,33.72,69.56

2026-09-27T23:15:55.499Z,33.71,69.62

2026-09-27T23:16:00.496Z,33.7,69.57

2026-09-27T23:16:05.499Z,33.7,69.58

2026-09-27T23:16:10.495Z,33.72,69.52

2026-09-27T23:16:15.500Z,33.73,69.59

2026-09-27T23:16:20.509Z,33.74,69.59

2026-09-27T23:16:25.499Z,33.73,69.61

2026-09-27T23:16:30.500Z,33.73,69.59

2026-09-27T23:16:35.520Z,33.75,69.62

2026-09-27T23:16:40.510Z,33.75,69.54

2026-09-27T23:16:45.509Z,33.76,69.6

2026-09-27T23:16:50.509Z,33.76,69.52

2026-09-27T23:16:55.518Z,33.74,69.52

2026-09-27T23:17:00.527Z,33.75,69.5

2026-09-27T23:17:05.518Z,33.76,69.56

2026-09-27T23:17:10.516Z,33.75,69.47

2026-09-27T23:17:15.517Z,33.75,69.51

2026-09-27T23:17:20.525Z,33.76,69.52

2026-09-27T23:17:25.523Z,33.76,69.49

2026-09-27T23:17:30.527Z,33.77,69.56

2026-09-27T23:17:35.525Z,33.76,69.54

2026-09-27T23:17:40.530Z,33.76,69.52

2026-09-27T23:17:45.520Z,33.77,69.47

2026-09-27T23:17:50.519Z,33.76,69.48

2026-09-27T23:17:55.528Z,33.77,69.5

2026-09-27T23:18:00.541Z,33.76,69.52

2026-09-27T23:18:05.527Z,33.79,69.48

2026-09-27T23:18:10.526Z,33.77,69.44

2026-09-27T23:18:15.526Z,33.77,69.46

2026-09-27T23:18:20.526Z,33.79,69.44

2026-09-27T23:18:25.538Z,33.77,69.41

2026-09-27T23:18:30.545Z,33.77,69.47

2026-09-27T23:18:35.536Z,33.78,69.38

2026-09-27T23:18:40.536Z,33.78,69.39

2026-09-27T23:18:45.534Z,33.78,69.34

2026-09-27T23:18:50.534Z,33.79,69.43

2026-09-27T23:18:55.542Z,33.78,69.44

2026-09-27T23:19:00.557Z,33.77,69.36

2026-09-27T23:19:05.546Z,33.78,69.39

2026-09-27T23:19:10.544Z,33.77,69.39

2026-09-27T23:19:15.560Z,33.79,69.35

2026-09-27T23:19:20.571Z,33.79,69.46

2026-09-27T23:19:25.551Z,33.77,69.36

2026-09-27T23:19:30.554Z,33.8,69.39

2026-09-27T23:19:35.554Z,33.79,69.4

2026-09-27T23:19:40.555Z,33.79,69.42

2026-09-27T23:19:45.568Z,33.78,69.43

2026-09-27T23:19:50.574Z,33.78,69.4

2026-09-27T23:19:55.573Z,33.79,69.43

2026-09-27T23:20:00.575Z,33.8,69.43

2026-09-27T23:20:05.571Z,33.78,69.35

2026-09-27T23:20:10.565Z,33.79,69.35

2026-09-27T23:20:15.571Z,33.79,69.43

2026-09-27T23:20:20.581Z,33.78,69.4

2026-09-27T23:20:25.570Z,33.8,69.4

2026-09-27T23:20:30.570Z,33.8,69.42

2026-09-27T23:20:35.582Z,33.79,69.45

2026-09-27T23:20:40.593Z,33.78,69.5

2026-09-27T23:20:45.585Z,33.78,69.53

2026-09-27T23:20:50.585Z,33.76,69.54

2026-09-27T23:20:55.584Z,33.79,69.43

2026-09-27T23:21:00.598Z,33.78,69.44

2026-09-27T23:21:05.583Z,33.78,69.46

2026-09-27T23:21:10.595Z,33.78,69.47

2026-09-27T23:21:15.588Z,33.78,69.51

2026-09-27T23:21:20.598Z,33.77,69.49

2026-09-27T23:21:25.587Z,33.76,69.53

2026-09-27T23:21:30.588Z,33.79,69.51

2026-09-27T23:21:35.586Z,33.76,69.49

2026-09-27T23:21:40.599Z,33.76,69.57

2026-09-27T23:21:45.591Z,33.77,69.54

2026-09-27T23:21:50.599Z,33.77,69.54

2026-09-27T23:21:55.588Z,33.75,69.57

2026-09-27T23:22:00.600Z,33.76,69.53

2026-09-27T23:22:05.587Z,33.77,69.58

2026-09-27T23:22:10.590Z,33.77,69.6

2026-09-27T23:22:15.602Z,33.75,69.58

2026-09-27T23:22:20.617Z,33.77,69.6

2026-09-27T23:22:25.605Z,33.73,69.59

2026-09-27T23:22:30.604Z,33.77,69.58

2026-09-27T23:22:35.602Z,33.76,69.57

2026-09-27T23:22:40.615Z,33.75,69.65

2026-09-27T23:22:45.605Z,33.74,69.53

2026-09-27T23:22:50.604Z,33.74,69.61

2026-09-27T23:22:55.606Z,33.75,69.59

2026-09-27T23:23:00.606Z,33.76,69.55

2026-09-27T23:23:05.622Z,33.75,69.61

2026-09-27T23:23:10.631Z,33.74,69.63

2026-09-27T23:23:15.621Z,33.75,69.63

2026-09-27T23:23:20.635Z,33.73,69.66

2026-09-27T23:23:25.621Z,33.76,69.66

2026-09-27T23:23:30.633Z,33.74,69.64

2026-09-27T23:23:35.630Z,33.74,69.65

2026-09-27T23:23:40.634Z,33.75,69.63

2026-09-27T23:23:45.624Z,33.75,69.61

2026-09-27T23:23:50.624Z,33.75,69.58

2026-09-27T23:23:55.623Z,33.74,69.64

2026-09-27T23:24:00.621Z,33.72,69.62

2026-09-27T23:24:05.644Z,33.74,69.59

2026-09-27T23:24:10.658Z,33.74,69.62

2026-09-27T23:24:15.643Z,33.74,69.62

2026-09-27T23:24:20.643Z,33.74,69.62

2026-09-27T23:24:25.650Z,33.74,69.67

2026-09-27T23:24:30.657Z,33.74,69.69

2026-09-27T23:24:35.651Z,33.73,69.63

2026-09-27T23:24:40.647Z,33.73,69.68

2026-09-27T23:24:45.648Z,33.72,69.6

2026-09-27T23:24:50.657Z,33.74,69.69

2026-09-27T23:24:55.648Z,33.73,69.64

2026-09-27T23:25:00.648Z,33.74,69.63

2026-09-27T23:25:05.649Z,33.73,69.62

2026-09-27T23:25:10.648Z,33.73,69.59

2026-09-27T23:25:15.649Z,33.72,69.59

2026-09-27T23:25:20.658Z,33.73,69.67

2026-09-27T23:25:25.650Z,33.72,69.67

2026-09-27T23:25:30.650Z,33.73,69.64

2026-09-27T23:25:35.661Z,33.7,69.66

2026-09-27T23:25:40.670Z,33.7,69.62

2026-09-27T23:25:45.675Z,33.69,69.76

2026-09-27T23:25:50.666Z,33.68,69.69

2026-09-27T23:25:55.658Z,33.7,69.67

2026-09-27T23:26:00.658Z,33.68,69.68

2026-09-27T23:26:05.667Z,33.69,69.7

2026-09-27T23:26:10.675Z,33.71,69.77

2026-09-27T23:26:15.662Z,33.72,69.7

2026-09-27T23:26:20.674Z,33.71,69.76

2026-09-27T23:26:25.671Z,33.7,69.78

2026-09-27T23:26:30.679Z,33.68,69.76

2026-09-27T23:26:35.680Z,33.7,69.73

2026-09-27T23:26:40.679Z,33.69,69.76

2026-09-27T23:26:45.671Z,33.68,69.74

2026-09-27T23:26:50.669Z,33.68,69.75

2026-09-27T23:26:55.692Z,33.7,69.73

2026-09-27T23:27:00.703Z,33.69,69.75

2026-09-27T23:27:05.696Z,33.7,69.74

2026-09-27T23:27:10.704Z,33.68,69.8

2026-09-27T23:27:15.696Z,33.69,69.77

2026-09-27T23:27:20.696Z,33.69,69.74

2026-09-27T23:27:25.690Z,33.69,69.73

2026-09-27T23:27:30.689Z,33.72,69.74

2026-09-27T23:27:35.688Z,33.7,69.75

2026-09-27T23:27:40.688Z,33.71,69.73

2026-09-27T23:27:45.700Z,33.69,69.69

2026-09-27T23:27:50.710Z,33.69,69.71

2026-09-27T23:27:55.699Z,33.71,69.73

2026-09-27T23:28:00.700Z,33.7,69.7

2026-09-27T23:28:05.700Z,33.69,69.72

2026-09-27T23:28:10.699Z,33.7,69.71

2026-09-27T23:28:15.705Z,33.7,69.69

2026-09-27T23:28:20.715Z,33.7,69.71

2026-09-27T23:28:25.706Z,33.69,69.71

2026-09-27T23:28:30.715Z,33.71,69.71

2026-09-27T23:28:35.701Z,33.7,69.74

2026-09-27T23:28:40.702Z,33.71,69.72

2026-09-27T23:28:45.704Z,33.71,69.78

2026-09-27T23:28:50.705Z,33.73,69.64

2026-09-27T23:28:55.717Z,33.71,69.73

2026-09-27T23:29:00.730Z,33.7,69.71

2026-09-27T23:29:05.718Z,33.71,69.66

2026-09-27T23:29:10.718Z,33.71,69.67

2026-09-27T23:29:15.716Z,33.71,69.72

2026-09-27T23:29:20.714Z,33.73,69.64

2026-09-27T23:29:25.729Z,33.73,69.64

2026-09-27T23:29:30.741Z,33.74,69.7

2026-09-27T23:29:35.728Z,33.73,69.64

2026-09-27T23:29:40.728Z,33.7,69.62

2026-09-27T23:29:45.728Z,33.72,69.63

2026-09-27T23:29:50.730Z,33.71,69.62

2026-09-27T23:29:55.740Z,33.72,69.69

2026-09-27T23:30:00.755Z,33.73,69.63

2026-09-27T23:30:05.741Z,33.74,69.61

2026-09-27T23:30:10.743Z,33.73,69.64

2026-09-27T23:30:15.740Z,33.74,69.63

2026-09-27T23:30:20.739Z,33.74,69.65

2026-09-27T23:30:25.757Z,33.75,69.6

2026-09-27T23:30:30.770Z,33.75,69.62

2026-09-27T23:30:35.754Z,33.73,69.61

2026-09-27T23:30:40.755Z,33.74,69.58

2026-09-27T23:30:45.760Z,33.77,69.64

2026-09-27T23:30:50.769Z,33.75,69.62

2026-09-27T23:30:55.758Z,33.77,69.6

2026-09-27T23:31:00.768Z,33.76,69.65

2026-09-27T23:31:05.757Z,33.75,69.6

2026-09-27T23:31:10.759Z,33.75,69.63

2026-09-27T23:31:15.764Z,33.76,69.65

2026-09-27T23:31:20.777Z,33.75,69.61

2026-09-27T23:31:25.761Z,33.75,69.59

2026-09-27T23:31:30.760Z,33.77,69.57

2026-09-27T23:31:35.769Z,33.78,69.58

2026-09-27T23:31:40.782Z,33.75,69.67

2026-09-27T23:31:45.766Z,33.77,69.59

2026-09-27T23:31:50.766Z,33.77,69.59

2026-09-27T23:31:55.765Z,33.78,69.55

2026-09-27T23:32:00.766Z,33.77,69.53

2026-09-27T23:32:05.772Z,33.77,69.55

2026-09-27T23:32:10.783Z,33.77,69.58

2026-09-27T23:32:15.771Z,33.78,69.65

2026-09-27T23:32:20.770Z,33.77,69.56

2026-09-27T23:32:25.770Z,33.77,69.56

2026-09-27T23:32:30.771Z,33.77,69.59

2026-09-27T23:32:35.789Z,33.78,69.55

2026-09-27T23:32:40.782Z,33.78,69.55

2026-09-27T23:32:45.786Z,33.78,69.53

2026-09-27T23:32:50.783Z,33.78,69.61

2026-09-27T23:32:55.794Z,33.77,69.52

2026-09-27T23:33:00.790Z,33.77,69.51

2026-09-27T23:33:05.791Z,33.78,69.54

2026-09-27T23:33:10.793Z,33.77,69.54

2026-09-27T23:33:15.799Z,33.77,69.49

2026-09-27T23:33:20.806Z,33.77,69.52

2026-09-27T23:33:25.797Z,33.79,69.52

2026-09-27T23:33:30.798Z,33.79,69.56

2026-09-27T23:33:35.799Z,33.78,69.5

2026-09-27T23:33:40.800Z,33.77,69.5

2026-09-27T23:33:45.811Z,33.8,69.49

2026-09-27T23:33:50.818Z,33.79,69.57

2026-09-27T23:33:55.807Z,33.79,69.47

2026-09-27T23:34:00.809Z,33.79,69.53

2026-09-27T23:34:05.809Z,33.79,69.55

2026-09-27T23:34:10.809Z,33.81,69.48

2026-09-27T23:34:15.819Z,33.8,69.58

2026-09-27T23:34:20.830Z,33.81,69.59

2026-09-27T23:34:25.820Z,33.8,69.57

2026-09-27T23:34:30.822Z,33.8,69.59

2026-09-27T23:34:35.821Z,33.8,69.59

2026-09-27T23:34:40.821Z,33.81,69.56

2026-09-27T23:34:45.825Z,33.81,69.59

2026-09-27T23:34:50.835Z,33.8,69.63

2026-09-27T23:34:55.827Z,33.81,69.59

2026-09-27T23:35:00.824Z,33.82,69.58

2026-09-27T23:35:05.827Z,33.8,69.57

2026-09-27T23:35:10.824Z,33.82,69.61

2026-09-27T23:35:15.837Z,33.81,69.57

2026-09-27T23:35:20.848Z,33.81,69.6

2026-09-27T23:35:25.837Z,33.8,69.55

2026-09-27T23:35:30.836Z,33.81,69.58

2026-09-27T23:35:35.836Z,33.83,69.59

2026-09-27T23:35:40.837Z,33.82,69.61

2026-09-27T23:35:45.841Z,33.81,69.53

2026-09-27T23:35:50.851Z,33.81,69.64

2026-09-27T23:35:55.839Z,33.8,69.56

2026-09-27T23:36:00.840Z,33.82,69.59

2026-09-27T23:36:05.839Z,33.82,69.59

2026-09-27T23:36:10.839Z,33.82,69.52

2026-09-27T23:36:15.844Z,33.82,69.59

2026-09-27T23:36:20.851Z,33.82,69.52

2026-09-27T23:36:25.851Z,33.8,69.59

2026-09-27T23:36:30.848Z,33.81,69.59

2026-09-27T23:36:35.853Z,33.81,69.56

2026-09-27T23:36:40.856Z,33.8,69.59

2026-09-27T23:36:45.858Z,33.83,69.52

2026-09-27T23:36:50.864Z,33.8,69.58

2026-09-27T23:36:55.847Z,33.8,69.47

2026-09-27T23:37:00.850Z,33.81,69.53

2026-09-27T23:37:05.850Z,33.81,69.48

2026-09-27T23:37:10.850Z,33.81,69.44

2026-09-27T23:37:15.877Z,33.81,69.49

2026-09-27T23:37:20.887Z,33.82,69.56

2026-09-27T23:37:25.875Z,33.81,69.53

2026-09-27T23:37:30.877Z,33.81,69.55

2026-09-27T23:37:35.875Z,33.81,69.51

2026-09-27T23:37:40.877Z,33.8,69.52

2026-09-27T23:37:45.877Z,33.81,69.48

2026-09-27T23:37:50.889Z,33.79,69.49

2026-09-27T23:37:55.877Z,33.82,69.45

2026-09-27T23:38:00.876Z,33.8,69.48

2026-09-27T23:38:05.882Z,33.82,69.5

2026-09-27T23:38:10.890Z,33.81,69.58

2026-09-27T23:38:15.887Z,33.83,69.56

2026-09-27T23:38:20.882Z,33.81,69.52

2026-09-27T23:38:25.892Z,33.83,69.52

2026-09-27T23:38:30.900Z,33.83,69.5

2026-09-27T23:38:35.889Z,33.84,69.51

2026-09-27T23:38:40.891Z,33.83,69.48

2026-09-27T23:38:45.889Z,33.83,69.41

2026-09-27T23:38:50.901Z,33.82,69.49

2026-09-27T23:38:55.892Z,33.83,69.51

2026-09-27T23:39:00.900Z,33.83,69.51

2026-09-27T23:39:05.891Z,33.84,69.45

2026-09-27T23:39:10.903Z,33.83,69.45

2026-09-27T23:39:15.893Z,33.83,69.47

2026-09-27T23:39:20.892Z,33.84,69.44

2026-09-27T23:39:25.893Z,33.86,69.46

2026-09-27T23:39:30.891Z,33.85,69.52

2026-09-27T23:39:35.904Z,33.85,69.38

2026-09-27T23:39:40.916Z,33.84,69.49

2026-09-27T23:39:45.904Z,33.86,69.45

2026-09-27T23:39:50.905Z,33.86,69.45

2026-09-27T23:39:55.917Z,33.85,69.5

2026-09-27T23:40:00.922Z,33.84,69.5

2026-09-27T23:40:05.923Z,33.86,69.44

2026-09-27T23:40:10.936Z,33.84,69.46

2026-09-27T23:40:15.917Z,33.84,69.44

2026-09-27T23:40:20.914Z,33.84,69.43

2026-09-27T23:40:25.925Z,33.85,69.44

2026-09-27T23:40:30.931Z,33.84,69.4

2026-09-27T23:40:35.925Z,33.86,69.42

2026-09-27T23:40:40.932Z,33.86,69.39

2026-09-27T23:40:45.927Z,33.85,69.44

2026-09-27T23:40:50.932Z,33.86,69.43

2026-09-27T23:40:55.923Z,33.86,69.42

2026-09-27T23:41:00.923Z,33.85,69.42

2026-09-27T23:41:05.923Z,33.85,69.44

2026-09-27T23:41:10.922Z,33.84,69.37

2026-09-27T23:41:15.937Z,33.84,69.41

2026-09-27T23:41:20.946Z,33.85,69.42

2026-09-27T23:41:25.935Z,33.87,69.43

2026-09-27T23:41:30.935Z,33.85,69.42

2026-09-27T23:41:35.936Z,33.85,69.38

2026-09-27T23:41:40.950Z,33.87,69.44

2026-09-27T23:41:45.942Z,33.85,69.42

2026-09-27T23:41:50.949Z,33.86,69.44

2026-09-27T23:41:55.939Z,33.87,69.41

2026-09-27T23:42:00.949Z,33.85,69.44

2026-09-27T23:42:05.937Z,33.87,69.4

2026-09-27T23:42:10.938Z,33.85,69.38

2026-09-27T23:42:15.940Z,33.86,69.36

2026-09-27T23:42:20.952Z,33.85,69.44

2026-09-27T23:42:25.938Z,33.87,69.35

2026-09-27T23:42:30.954Z,33.85,69.44

2026-09-27T23:42:35.946Z,33.84,69.38

2026-09-27T23:42:40.940Z,33.87,69.33

2026-09-27T23:42:45.960Z,33.85,69.38

2026-09-27T23:42:50.968Z,33.85,69.41

2026-09-27T23:42:55.957Z,33.87,69.36

2026-09-27T23:43:00.957Z,33.86,69.37

2026-09-27T23:43:05.965Z,33.87,69.35

2026-09-27T23:43:10.978Z,33.84,69.38

2026-09-27T23:43:15.962Z,33.86,69.35

2026-09-27T23:43:20.967Z,33.87,69.34

2026-09-27T23:43:25.968Z,33.86,69.36

2026-09-27T23:43:30.974Z,33.88,69.37

2026-09-27T23:43:35.976Z,33.85,69.4

2026-09-27T23:43:40.978Z,33.86,69.38

2026-09-27T23:43:45.967Z,33.87,69.34

2026-09-27T23:43:50.967Z,33.88,69.37

2026-09-27T23:43:55.967Z,33.86,69.35

2026-09-27T23:44:00.966Z,33.86,69.34

2026-09-27T23:44:05.993Z,33.86,69.33

2026-09-27T23:44:10.986Z,33.88,69.3

2026-09-27T23:44:15.993Z,33.86,69.34

2026-09-27T23:44:20.994Z,33.87,69.39

2026-09-27T23:44:25.995Z,33.87,69.3

2026-09-27T23:44:30.997Z,33.88,69.36

2026-09-27T23:44:35.985Z,33.86,69.36

2026-09-27T23:44:40.987Z,33.86,69.32

2026-09-27T23:44:45.983Z,33.88,69.38

2026-09-27T23:44:50.985Z,33.89,69.34

2026-09-27T23:44:55.998Z,33.86,69.31

2026-09-27T23:45:01.009Z,33.87,69.36

2026-09-27T23:45:05.997Z,33.87,69.35

2026-09-27T23:45:10.998Z,33.86,69.34

2026-09-27T23:45:16.002Z,33.87,69.29

2026-09-27T23:45:21.009Z,33.88,69.41

2026-09-27T23:45:26.003Z,33.88,69.36

2026-09-27T23:45:31.007Z,33.86,69.37

2026-09-27T23:45:35.997Z,33.86,69.34

2026-09-27T23:45:40.996Z,33.87,69.32

2026-09-27T23:45:46.001Z,33.87,69.36

2026-09-27T23:45:51.012Z,33.86,69.35

2026-09-27T23:45:56.002Z,33.87,69.4

2026-09-27T23:46:01.002Z,33.88,69.37

2026-09-27T23:46:06.020Z,33.86,69.33

2026-09-27T23:46:11.028Z,33.86,69.39

2026-09-27T23:46:16.013Z,33.87,69.34

2026-09-27T23:46:21.020Z,33.88,69.35

2026-09-27T23:46:26.018Z,33.86,69.37

2026-09-27T23:46:31.018Z,33.87,69.38

2026-09-27T23:46:36.028Z,33.88,69.3

2026-09-27T23:46:41.046Z,33.86,69.37

2026-09-27T23:46:46.035Z,33.85,69.36

2026-09-27T23:46:51.038Z,33.86,69.34

2026-09-27T23:46:56.034Z,33.86,69.4

2026-09-27T23:47:01.029Z,33.86,69.37

2026-09-27T23:47:06.029Z,33.85,69.43

2026-09-27T23:47:11.028Z,33.86,69.42

2026-09-27T23:47:16.041Z,33.83,69.42

2026-09-27T23:47:21.050Z,33.85,69.48

2026-09-27T23:47:26.039Z,33.86,69.45

2026-09-27T23:47:31.039Z,33.84,69.46

2026-09-27T23:47:36.039Z,33.87,69.45

2026-09-27T23:47:41.040Z,33.84,69.45

2026-09-27T23:47:46.046Z,33.83,69.43

2026-09-27T23:47:51.057Z,33.84,69.47

2026-09-27T23:47:56.046Z,33.84,69.44

2026-09-27T23:48:01.046Z,33.85,69.4

2026-09-27T23:48:06.048Z,33.83,69.47

2026-09-27T23:48:11.046Z,33.85,69.45

2026-09-27T23:48:16.057Z,33.85,69.44

2026-09-27T23:48:21.069Z,33.85,69.43

2026-09-27T23:48:26.061Z,33.83,69.46

2026-09-27T23:48:31.057Z,33.85,69.45

2026-09-27T23:48:36.059Z,33.84,69.46

2026-09-27T23:48:41.069Z,33.84,69.44

2026-09-27T23:48:46.064Z,33.84,69.52

2026-09-27T23:48:51.072Z,33.85,69.48

2026-09-27T23:48:56.067Z,33.84,69.5

2026-09-27T23:49:01.059Z,33.85,69.44

2026-09-27T23:49:06.061Z,33.84,69.43

2026-09-27T23:49:11.072Z,33.84,69.49

2026-09-27T23:49:16.060Z,33.85,69.42

2026-09-27T23:49:21.063Z,33.86,69.44

2026-09-27T23:49:26.059Z,33.85,69.36

2026-09-27T23:49:31.062Z,33.85,69.45

2026-09-27T23:49:36.075Z,33.85,69.43

2026-09-27T23:49:41.086Z,33.84,69.44

2026-09-27T23:49:46.079Z,33.85,69.51

2026-09-27T23:49:51.094Z,33.86,69.48

2026-09-27T23:49:56.089Z,33.83,69.44

2026-09-27T23:50:01.084Z,33.84,69.53

2026-09-27T23:50:06.076Z,33.85,69.47

2026-09-27T23:50:11.079Z,33.86,69.45

2026-09-27T23:50:16.087Z,33.85,69.51

2026-09-27T23:50:21.097Z,33.84,69.5

2026-09-27T23:50:26.094Z,33.87,69.51

2026-09-27T23:50:31.087Z,33.85,69.44

2026-09-27T23:50:36.093Z,33.84,69.52

2026-09-27T23:50:41.099Z,33.83,69.5

2026-09-27T23:50:46.093Z,33.84,69.53

2026-09-27T23:50:51.104Z,33.83,69.56

2026-09-27T23:50:56.093Z,33.84,69.49

2026-09-27T23:51:01.093Z,33.86,69.49

2026-09-27T23:51:06.093Z,33.83,69.53

2026-09-27T23:51:11.093Z,33.83,69.5

2026-09-27T23:51:16.106Z,33.84,69.49

2026-09-27T23:51:21.118Z,33.85,69.55

2026-09-27T23:51:26.105Z,33.83,69.52

2026-09-27T23:51:31.106Z,33.83,69.5

2026-09-27T23:51:36.108Z,33.84,69.5

2026-09-27T23:51:41.122Z,33.83,69.59

2026-09-27T23:51:46.111Z,33.83,69.55

2026-09-27T23:51:51.116Z,33.84,69.58

2026-09-27T23:51:56.107Z,33.84,69.56

2026-09-27T23:52:01.106Z,33.84,69.52

2026-09-27T23:52:06.116Z,33.85,69.55

2026-09-27T23:52:11.126Z,33.84,69.54

2026-09-27T23:52:16.117Z,33.84,69.56

2026-09-27T23:52:21.115Z,33.85,69.53

2026-09-27T23:52:26.121Z,33.84,69.49

2026-09-27T23:52:31.127Z,33.85,69.54

2026-09-27T23:52:36.124Z,33.86,69.61

2026-09-27T23:52:41.129Z,33.84,69.49

2026-09-27T23:52:46.123Z,33.84,69.48

2026-09-27T23:52:51.119Z,33.83,69.47

2026-09-27T23:52:56.121Z,33.84,69.56

2026-09-27T23:53:01.119Z,33.85,69.49

2026-09-27T23:53:06.129Z,33.87,69.53

2026-09-27T23:53:11.129Z,33.87,69.58

2026-09-27T23:53:16.128Z,33.85,69.57

2026-09-27T23:53:21.134Z,33.86,69.57

2026-09-27T23:53:26.136Z,33.86,69.57

2026-09-27T23:53:31.137Z,33.86,69.57

2026-09-27T23:53:36.124Z,33.86,69.52

2026-09-27T23:53:41.125Z,33.84,69.49

2026-09-27T23:53:46.126Z,33.85,69.49

2026-09-27T23:53:51.126Z,33.85,69.53

2026-09-27T23:53:56.153Z,33.85,69.56

2026-09-27T23:54:01.168Z,33.85,69.56

2026-09-27T23:54:06.161Z,33.84,69.56

2026-09-27T23:54:11.163Z,33.86,69.62

2026-09-27T23:54:16.158Z,33.84,69.66

2026-09-27T23:54:21.153Z,33.82,69.55

2026-09-27T23:54:26.154Z,33.84,69.61

2026-09-27T23:54:31.155Z,33.85,69.58

2026-09-27T23:54:36.162Z,33.86,69.64

2026-09-27T23:54:41.172Z,33.84,69.66

2026-09-27T23:54:46.160Z,33.85,69.61

2026-09-27T23:54:51.159Z,33.85,69.59

2026-09-27T23:54:56.157Z,33.87,69.58

2026-09-27T23:55:01.161Z,33.86,69.62

2026-09-27T23:55:06.165Z,33.86,69.66

2026-09-27T23:55:11.173Z,33.85,69.62

2026-09-27T23:55:16.166Z,33.85,69.61

2026-09-27T23:55:21.171Z,33.86,69.66

2026-09-27T23:55:26.166Z,33.86,69.59

2026-09-27T23:55:31.173Z,33.86,69.7

2026-09-27T23:55:36.161Z,33.86,69.61

2026-09-27T23:55:41.161Z,33.87,69.62

2026-09-27T23:55:46.169Z,33.84,69.6

2026-09-27T23:55:51.180Z,33.85,69.64

2026-09-27T23:55:56.169Z,33.86,69.58

2026-09-27T23:56:01.168Z,33.86,69.55

2026-09-27T23:56:06.167Z,33.86,69.54

2026-09-27T23:56:11.173Z,33.86,69.53

2026-09-27T23:56:16.187Z,33.85,69.57

2026-09-27T23:56:21.196Z,33.85,69.58

2026-09-27T23:56:26.186Z,33.85,69.56

2026-09-27T23:56:31.185Z,33.86,69.63

2026-09-27T23:56:36.186Z,33.87,69.6

2026-09-27T23:56:41.201Z,33.87,69.66

2026-09-27T23:56:46.192Z,33.85,69.63

2026-09-27T23:56:51.200Z,33.86,69.62

2026-09-27T23:56:56.192Z,33.86,69.61

2026-09-27T23:57:01.198Z,33.86,69.59

2026-09-27T23:57:06.202Z,33.85,69.6

2026-09-27T23:57:11.212Z,33.87,69.58

2026-09-27T23:57:16.204Z,33.86,69.62

2026-09-27T23:57:21.204Z,33.87,69.63

2026-09-27T23:57:26.203Z,33.88,69.59

2026-09-27T23:57:31.217Z,33.84,69.57

2026-09-27T23:57:36.205Z,33.85,69.6

2026-09-27T23:57:41.205Z,33.88,69.58

2026-09-27T23:57:46.230Z,33.86,69.52

2026-09-27T23:57:51.219Z,33.86,69.54

2026-09-27T23:57:56.222Z,33.89,69.53

2026-09-27T23:58:01.231Z,33.88,69.55

2026-09-27T23:58:06.227Z,33.87,69.58

2026-09-27T23:58:11.236Z,33.87,69.67

2026-09-27T23:58:16.230Z,33.86,69.62

2026-09-27T23:58:21.222Z,33.89,69.63

2026-09-27T23:58:26.232Z,33.86,69.62

2026-09-27T23:58:31.238Z,33.87,69.55

2026-09-27T23:58:36.226Z,33.87,69.58

2026-09-27T23:58:41.225Z,33.86,69.55

2026-09-27T23:58:46.229Z,33.89,69.57

2026-09-27T23:58:51.240Z,33.88,69.54

2026-09-27T23:58:56.229Z,33.88,69.51

2026-09-27T23:59:01.227Z,33.87,69.61

2026-09-27T23:59:06.229Z,33.87,69.6

2026-09-27T23:59:11.232Z,33.87,69.58

2026-09-27T23:59:16.243Z,33.84,69.59

2026-09-27T23:59:21.252Z,33.85,69.63

2026-09-27T23:59:26.238Z,33.85,69.57

2026-09-27T23:59:31.238Z,33.86,69.57

2026-09-27T23:59:36.241Z,33.86,69.6

2026-09-27T23:59:41.240Z,33.87,69.62

2026-09-27T23:59:46.247Z,33.87,69.56

2026-09-27T23:59:51.257Z,33.84,69.67

2026-09-27T23:59:56.245Z,33.87,69.62

2026-09-28T00:00:01.246Z,33.86,69.6

2026-09-28T00:00:06.246Z,33.85,69.59

2026-09-28T00:00:11.245Z,33.87,69.61

2026-09-28T00:00:16.264Z,33.83,69.58

2026-09-28T00:00:21.271Z,33.83,69.65

2026-09-28T00:00:26.263Z,33.86,69.59

2026-09-28T00:00:31.261Z,33.86,69.63

2026-09-28T00:00:36.271Z,33.84,69.6

2026-09-28T00:00:41.282Z,33.83,69.53

2026-09-28T00:00:46.270Z,33.81,69.55

2026-09-28T00:00:51.282Z,33.83,69.59

2026-09-28T00:00:56.267Z,33.81,69.53

2026-09-28T00:01:01.286Z,33.8,69.55

2026-09-28T00:01:06.282Z,33.81,69.62

2026-09-28T00:01:11.286Z,33.81,69.61

2026-09-28T00:01:16.278Z,33.79,69.63

2026-09-28T00:01:21.286Z,33.81,69.62

2026-09-28T00:01:26.284Z,33.82,69.6

2026-09-28T00:01:31.293Z,33.81,69.71

2026-09-28T00:01:36.284Z,33.78,69.61

2026-09-28T00:01:41.281Z,33.8,69.62

2026-09-28T00:01:46.283Z,33.8,69.68

2026-09-28T00:01:51.282Z,33.78,69.7

2026-09-28T00:01:56.285Z,33.78,69.72

2026-09-28T00:02:01.297Z,33.77,69.73

2026-09-28T00:02:06.290Z,33.76,69.74

2026-09-28T00:02:11.286Z,33.74,69.76

2026-09-28T00:02:16.286Z,33.74,69.82

2026-09-28T00:02:21.287Z,33.73,69.83

2026-09-28T00:02:26.287Z,33.73,69.77

2026-09-28T00:02:31.297Z,33.71,69.93

2026-09-28T00:02:36.291Z,33.71,69.75

2026-09-28T00:02:41.289Z,33.7,69.7

2026-09-28T00:02:46.287Z,33.69,69.72

2026-09-28T00:02:51.291Z,33.69,69.73

2026-09-28T00:02:56.306Z,33.69,69.77

2026-09-28T00:03:01.318Z,33.67,69.73

2026-09-28T00:03:06.307Z,33.65,69.75

2026-09-28T00:03:11.305Z,33.65,69.78

2026-09-28T00:03:16.311Z,33.66,69.73

2026-09-28T00:03:21.318Z,33.66,69.84

2026-09-28T00:03:26.306Z,33.66,69.95

2026-09-28T00:03:31.319Z,33.65,70.05

2026-09-28T00:03:36.315Z,33.64,70.03

2026-09-28T00:03:41.325Z,33.63,70

2026-09-28T00:03:46.307Z,33.65,69.92

2026-09-28T00:03:51.309Z,33.64,69.85

2026-09-28T00:03:56.309Z,33.63,69.92

2026-09-28T00:04:01.306Z,33.62,69.92

2026-09-28T00:04:06.335Z,33.64,70.01

2026-09-28T00:04:11.340Z,33.65,69.97

2026-09-28T00:04:16.331Z,33.64,69.91

2026-09-28T00:04:21.343Z,33.63,69.87

2026-09-28T00:04:26.338Z,33.61,69.89

2026-09-28T00:04:31.342Z,33.62,69.89

2026-09-28T00:04:36.334Z,33.61,69.77

2026-09-28T00:04:41.331Z,33.61,69.77

2026-09-28T00:04:46.346Z,33.59,69.78

2026-09-28T00:04:51.357Z,33.61,69.9

2026-09-28T00:04:56.344Z,33.6,69.87

2026-09-28T00:05:01.358Z,33.58,69.96

2026-09-28T00:05:06.350Z,33.59,69.93

2026-09-28T00:05:11.360Z,33.58,70.01

2026-09-28T00:05:16.345Z,33.57,69.93

2026-09-28T00:05:21.345Z,33.59,69.97

2026-09-28T00:05:26.345Z,33.55,69.95

2026-09-28T00:05:31.354Z,33.55,69.9

2026-09-28T00:05:36.344Z,33.54,69.87

2026-09-28T00:05:41.345Z,33.53,69.87

2026-09-28T00:05:46.345Z,33.53,69.87

2026-09-28T00:05:51.345Z,33.54,69.9

2026-09-28T00:05:56.360Z,33.53,69.92

2026-09-28T00:06:01.364Z,33.53,70.02

2026-09-28T00:06:06.355Z,33.51,70.05

2026-09-28T00:06:11.359Z,33.51,70.06

2026-09-28T00:06:16.357Z,33.5,69.92

2026-09-28T00:06:21.357Z,33.5,70.02

2026-09-28T00:06:26.366Z,33.48,70.05

2026-09-28T00:06:31.378Z,33.49,70.06

2026-09-28T00:06:36.361Z,33.47,70.06

2026-09-28T00:06:41.363Z,33.46,70.1

2026-09-28T00:06:46.365Z,33.48,70.16

2026-09-28T00:06:51.379Z,33.47,70.21

2026-09-28T00:06:56.364Z,33.47,70.21

2026-09-28T00:07:01.365Z,33.45,70.18

2026-09-28T00:07:06.365Z,33.46,70.25

2026-09-28T00:07:11.367Z,33.43,70.11

2026-09-28T00:07:16.392Z,33.45,70.21

2026-09-28T00:07:21.384Z,33.46,70.12

2026-09-28T00:07:26.389Z,33.48,70.18

2026-09-28T00:07:31.396Z,33.45,70.14

2026-09-28T00:07:36.391Z,33.46,70.2

2026-09-28T00:07:41.398Z,33.44,70.19

2026-09-28T00:07:46.390Z,33.46,70.07

2026-09-28T00:07:51.402Z,33.44,70.21

2026-09-28T00:07:56.388Z,33.45,70.16

2026-09-28T00:08:01.388Z,33.45,70.17

2026-09-28T00:08:06.389Z,33.45,70.11

2026-09-28T00:08:11.389Z,33.43,70.07

2026-09-28T00:08:16.401Z,33.44,70.1

2026-09-28T00:08:21.411Z,33.45,70.21

2026-09-28T00:08:26.399Z,33.45,70.17

2026-09-28T00:08:31.398Z,33.43,70.19

2026-09-28T00:08:36.397Z,33.42,70.13

2026-09-28T00:08:41.400Z,33.44,70.07

2026-09-28T00:08:46.402Z,33.44,70.17

2026-09-28T00:08:51.412Z,33.43,70.14

2026-09-28T00:08:56.401Z,33.44,70.12

2026-09-28T00:09:01.417Z,33.43,70.15

2026-09-28T00:09:06.407Z,33.42,70.1

2026-09-28T00:09:11.410Z,33.43,70.12

2026-09-28T00:09:16.414Z,33.42,70.11

2026-09-28T00:09:21.407Z,33.44,70.06

2026-09-28T00:09:26.411Z,33.42,70.06

2026-09-28T00:09:31.413Z,33.42,70.16

2026-09-28T00:09:36.412Z,33.42,70.14

2026-09-28T00:09:41.424Z,33.42,70.21

2026-09-28T00:09:46.410Z,33.41,70.2

2026-09-28T00:09:51.422Z,33.4,70.18

2026-09-28T00:09:56.411Z,33.41,70.15

2026-09-28T00:10:01.409Z,33.42,70.2

2026-09-28T00:10:06.410Z,33.42,70.24

2026-09-28T00:10:11.409Z,33.41,70.19

2026-09-28T00:10:16.427Z,33.42,70.24

2026-09-28T00:10:21.437Z,33.4,70.31

2026-09-28T00:10:26.425Z,33.4,70.29

2026-09-28T00:10:31.427Z,33.43,70.32

2026-09-28T00:10:36.426Z,33.42,70.4

2026-09-28T00:10:41.428Z,33.42,70.29

2026-09-28T00:10:46.439Z,33.42,70.28

2026-09-28T00:10:51.448Z,33.41,70.3

2026-09-28T00:10:56.437Z,33.43,70.22

2026-09-28T00:11:01.454Z,33.41,70.22

2026-09-28T00:11:06.446Z,33.41,70.26

2026-09-28T00:11:11.450Z,33.42,70.28

2026-09-28T00:11:16.439Z,33.44,70.15

2026-09-28T00:11:21.438Z,33.41,70.21

2026-09-28T00:11:26.454Z,33.43,70.22

2026-09-28T00:11:31.443Z,33.43,70.17

2026-09-28T00:11:36.445Z,33.41,70.14

2026-09-28T00:11:41.443Z,33.42,70.18

2026-09-28T00:11:46.443Z,33.42,70.2

2026-09-28T00:11:51.454Z,33.43,70.26

2026-09-28T00:11:56.442Z,33.4,70.16

2026-09-28T00:12:01.443Z,33.41,70.2

2026-09-28T00:12:06.442Z,33.41,70.23

2026-09-28T00:12:11.456Z,33.39,70.3

2026-09-28T00:12:16.449Z,33.4,70.28

2026-09-28T00:12:21.453Z,33.4,70.31

2026-09-28T00:12:26.442Z,33.41,70.23

2026-09-28T00:12:31.452Z,33.41,70.36

2026-09-28T00:12:36.444Z,33.41,70.27

2026-09-28T00:12:41.447Z,33.41,70.24

2026-09-28T00:12:46.445Z,33.41,70.32

2026-09-28T00:12:51.449Z,33.41,70.33

2026-09-28T00:12:56.462Z,33.42,70.3

2026-09-28T00:13:01.473Z,33.4,70.43

2026-09-28T00:13:06.463Z,33.42,70.34

2026-09-28T00:13:11.462Z,33.42,70.31

2026-09-28T00:13:16.462Z,33.42,70.34

2026-09-28T00:13:21.464Z,33.42,70.38

2026-09-28T00:13:26.471Z,33.39,70.31

2026-09-28T00:13:31.484Z,33.41,70.39

2026-09-28T00:13:36.469Z,33.43,70.26

2026-09-28T00:13:41.470Z,33.42,70.3

2026-09-28T00:13:46.470Z,33.43,70.31

2026-09-28T00:13:51.470Z,33.44,70.28

2026-09-28T00:13:56.485Z,33.45,70.27

2026-09-28T00:14:01.494Z,33.44,70.31

2026-09-28T00:14:06.484Z,33.44,70.28

2026-09-28T00:14:11.484Z,33.42,70.23

2026-09-28T00:14:16.493Z,33.42,70.27

2026-09-28T00:14:21.497Z,33.43,70.3

2026-09-28T00:14:26.494Z,33.45,70.27

2026-09-28T00:14:31.488Z,33.47,70.27

2026-09-28T00:14:36.501Z,33.46,70.27

2026-09-28T00:14:41.513Z,33.47,70.23

2026-09-28T00:14:46.501Z,33.47,70.23

2026-09-28T00:14:51.498Z,33.48,70.19

2026-09-28T00:14:56.500Z,33.49,70.17

2026-09-28T00:15:01.500Z,33.48,70.19

2026-09-28T00:15:06.510Z,33.48,70.19

2026-09-28T00:15:11.498Z,33.47,70.1

2026-09-28T00:15:16.499Z,33.48,70.1

2026-09-28T00:15:21.511Z,33.5,70.12

2026-09-28T00:15:26.505Z,33.49,70.08

2026-09-28T00:15:31.509Z,33.5,70.1

2026-09-28T00:15:36.500Z,33.51,70.07

2026-09-28T00:15:41.501Z,33.51,70.15

2026-09-28T00:15:46.500Z,33.51,70.12

2026-09-28T00:15:51.511Z,33.52,70.1

2026-09-28T00:15:56.510Z,33.52,70.06

2026-09-28T00:16:01.519Z,33.53,70.05

2026-09-28T00:16:06.512Z,33.55,70.07

2026-09-28T00:16:11.517Z,33.53,70.11

2026-09-28T00:16:16.512Z,33.56,70

2026-09-28T00:16:21.526Z,33.55,70.02

2026-09-28T00:16:26.514Z,33.56,70.08

2026-09-28T00:16:31.519Z,33.55,70.05

2026-09-28T00:16:36.509Z,33.56,70.02

2026-09-28T00:16:41.508Z,33.56,69.99

2026-09-28T00:16:46.524Z,33.57,70.04

2026-09-28T00:16:51.534Z,33.56,70.02

2026-09-28T00:16:56.524Z,33.6,69.95

2026-09-28T00:17:01.526Z,33.58,69.96

2026-09-28T00:17:06.524Z,33.6,69.93

2026-09-28T00:17:11.540Z,33.6,69.94

2026-09-28T00:17:16.525Z,33.59,69.95

2026-09-28T00:17:21.525Z,33.61,69.95

2026-09-28T00:17:26.524Z,33.61,69.93

2026-09-28T00:17:31.527Z,33.62,69.96

2026-09-28T00:17:36.542Z,33.63,69.93

2026-09-28T00:17:41.556Z,33.62,69.96

2026-09-28T00:17:46.544Z,33.63,69.94

2026-09-28T00:17:51.544Z,33.62,69.91

2026-09-28T00:17:56.555Z,33.63,69.89

2026-09-28T00:18:01.563Z,33.64,69.94

2026-09-28T00:18:06.554Z,33.64,69.85

2026-09-28T00:18:11.553Z,33.65,69.93

2026-09-28T00:18:16.553Z,33.63,69.86

2026-09-28T00:18:21.553Z,33.63,69.85

2026-09-28T00:18:26.562Z,33.64,69.83

2026-09-28T00:18:31.570Z,33.62,69.85

2026-09-28T00:18:36.562Z,33.63,69.75

2026-09-28T00:18:41.559Z,33.63,69.73

2026-09-28T00:18:46.561Z,33.64,69.76

2026-09-28T00:18:51.558Z,33.64,69.71

2026-09-28T00:18:56.565Z,33.63,69.72

2026-09-28T00:19:01.572Z,33.64,69.72

2026-09-28T00:19:06.562Z,33.64,69.75

2026-09-28T00:19:11.563Z,33.65,69.74

2026-09-28T00:19:16.563Z,33.65,69.69

2026-09-28T00:19:21.563Z,33.63,69.72

2026-09-28T00:19:26.568Z,33.65,69.71

2026-09-28T00:19:31.579Z,33.65,69.79

2026-09-28T00:19:36.571Z,33.64,69.74

2026-09-28T00:19:41.579Z,33.67,69.7

2026-09-28T00:19:46.579Z,33.65,69.75

2026-09-28T00:19:51.576Z,33.65,69.73

2026-09-28T00:19:56.576Z,33.65,69.72

2026-09-28T00:20:01.579Z,33.66,69.73

2026-09-28T00:20:06.579Z,33.67,69.66

2026-09-28T00:20:11.584Z,33.69,69.7

2026-09-28T00:20:16.569Z,33.67,69.68

2026-09-28T00:20:21.573Z,33.68,69.66

2026-09-28T00:20:26.595Z,33.68,69.73

2026-09-28T00:20:31.586Z,33.69,69.69

2026-09-28T00:20:36.586Z,33.68,69.65

2026-09-28T00:20:41.589Z,33.7,69.66

2026-09-28T00:20:46.596Z,33.69,69.66

2026-09-28T00:20:51.606Z,33.7,69.69

2026-09-28T00:20:56.593Z,33.68,69.68

2026-09-28T00:21:01.593Z,33.71,69.67

2026-09-28T00:21:06.607Z,33.7,69.67

2026-09-28T00:21:11.616Z,33.68,69.68

2026-09-28T00:21:16.605Z,33.69,69.57

2026-09-28T00:21:21.603Z,33.69,69.67

2026-09-28T00:21:26.615Z,33.71,69.67

2026-09-28T00:21:31.628Z,33.71,69.64

2026-09-28T00:21:36.615Z,33.72,69.71

2026-09-28T00:21:41.614Z,33.72,69.67

2026-09-28T00:21:46.617Z,33.72,69.67

2026-09-28T00:21:51.615Z,33.72,69.72

2026-09-28T00:21:56.626Z,33.7,69.65

2026-09-28T00:22:01.619Z,33.7,69.66

2026-09-28T00:22:06.624Z,33.73,69.64

2026-09-28T00:22:11.637Z,33.71,69.65

2026-09-28T00:22:16.626Z,33.72,69.64

2026-09-28T00:22:21.634Z,33.73,69.65

2026-09-28T00:22:26.620Z,33.73,69.62

2026-09-28T00:22:31.620Z,33.72,69.6

2026-09-28T00:22:36.620Z,33.74,69.66

2026-09-28T00:22:41.634Z,33.73,69.66

2026-09-28T00:22:46.626Z,33.73,69.63

2026-09-28T00:22:51.633Z,33.74,69.69

2026-09-28T00:22:56.622Z,33.72,69.62

2026-09-28T00:23:01.633Z,33.75,69.69

2026-09-28T00:23:06.622Z,33.73,69.62

2026-09-28T00:23:11.622Z,33.75,69.69

2026-09-28T00:23:16.629Z,33.75,69.65

2026-09-28T00:23:21.641Z,33.75,69.7

2026-09-28T00:23:26.631Z,33.76,69.66

2026-09-28T00:23:31.631Z,33.77,69.6

2026-09-28T00:23:36.629Z,33.75,69.64

2026-09-28T00:23:41.630Z,33.74,69.66

2026-09-28T00:23:46.641Z,33.74,69.58

2026-09-28T00:23:51.658Z,33.75,69.69

2026-09-28T00:23:56.641Z,33.75,69.62

2026-09-28T00:24:01.642Z,33.76,69.72

2026-09-28T00:24:06.642Z,33.75,69.76

2026-09-28T00:24:11.642Z,33.75,69.79

2026-09-28T00:24:16.650Z,33.76,69.76

2026-09-28T00:24:21.662Z,33.75,69.86

2026-09-28T00:24:26.648Z,33.75,69.86

2026-09-28T00:24:31.648Z,33.76,69.83

2026-09-28T00:24:36.649Z,33.77,69.82

2026-09-28T00:24:41.648Z,33.78,69.87

2026-09-28T00:24:46.664Z,33.76,69.85

2026-09-28T00:24:51.677Z,33.75,69.93

2026-09-28T00:24:56.661Z,33.76,69.88

2026-09-28T00:25:01.665Z,33.76,69.89

2026-09-28T00:25:06.665Z,33.76,69.83

2026-09-28T00:25:11.664Z,33.78,69.88

2026-09-28T00:25:16.674Z,33.76,69.84

2026-09-28T00:25:21.666Z,33.76,69.87

2026-09-28T00:25:26.671Z,33.77,69.93

2026-09-28T00:25:31.676Z,33.76,69.86

2026-09-28T00:25:36.667Z,33.77,69.93

2026-09-28T00:25:41.676Z,33.76,69.88

2026-09-28T00:25:46.664Z,33.76,69.92

2026-09-28T00:25:51.665Z,33.78,69.9

2026-09-28T00:25:56.669Z,33.78,69.85

2026-09-28T00:26:01.678Z,33.77,69.9

2026-09-28T00:26:06.668Z,33.77,69.88

2026-09-28T00:26:11.665Z,33.79,69.91

2026-09-28T00:26:16.675Z,33.77,69.95

2026-09-28T00:26:21.685Z,33.77,69.87

2026-09-28T00:26:26.673Z,33.78,69.84

2026-09-28T00:26:31.687Z,33.78,69.94

2026-09-28T00:26:36.677Z,33.77,69.94

2026-09-28T00:26:41.687Z,33.78,70

2026-09-28T00:26:46.681Z,33.77,70

2026-09-28T00:26:51.688Z,33.78,70.03

2026-09-28T00:26:56.682Z,33.77,69.94

2026-09-28T00:27:01.680Z,33.78,69.96

2026-09-28T00:27:06.689Z,33.77,69.92

2026-09-28T00:27:11.701Z,33.76,70.03

2026-09-28T00:27:16.686Z,33.76,69.97

2026-09-28T00:27:21.686Z,33.78,70.02

2026-09-28T00:27:26.701Z,33.76,70.01

2026-09-28T00:27:31.716Z,33.75,70.03

2026-09-28T00:27:36.702Z,33.75,70.07

2026-09-28T00:27:41.703Z,33.74,70.11

2026-09-28T00:27:46.703Z,33.75,70.06

2026-09-28T00:27:51.713Z,33.76,70.09

2026-09-28T00:27:56.710Z,33.74,70.11

2026-09-28T00:28:01.715Z,33.74,70.11

2026-09-28T00:28:06.712Z,33.75,70.11

2026-09-28T00:28:11.705Z,33.76,70.13

2026-09-28T00:28:16.719Z,33.75,70.09

2026-09-28T00:28:21.728Z,33.74,70.16

2026-09-28T00:28:26.727Z,33.75,70.17

2026-09-28T00:28:31.734Z,33.74,70.16

2026-09-28T00:28:36.724Z,33.74,70.15

2026-09-28T00:28:41.719Z,33.73,70.13

2026-09-28T00:28:46.723Z,33.73,70.04

2026-09-28T00:28:51.731Z,33.74,70.12

2026-09-28T00:28:56.720Z,33.75,70.11

2026-09-28T00:29:01.723Z,33.72,70.06

2026-09-28T00:29:06.724Z,33.75,70.05

2026-09-28T00:29:11.722Z,33.73,70.12

2026-09-28T00:29:16.729Z,33.75,70.1

2026-09-28T00:29:21.735Z,33.76,70.19

2026-09-28T00:29:26.731Z,33.73,70.16

2026-09-28T00:29:31.739Z,33.74,70.2

2026-09-28T00:29:36.723Z,33.77,70.15

2026-09-28T00:29:41.737Z,33.75,70.17

2026-09-28T00:29:46.733Z,33.76,70.18

2026-09-28T00:29:51.744Z,33.75,70.25

2026-09-28T00:29:56.738Z,33.76,70.18

2026-09-28T00:30:01.747Z,33.74,70.19

2026-09-28T00:30:06.747Z,33.75,70.12

2026-09-28T00:30:11.748Z,33.76,70.1

2026-09-28T00:30:16.738Z,33.76,70.1

2026-09-28T00:30:21.738Z,33.77,70.07

2026-09-28T00:30:26.737Z,33.76,70.1

2026-09-28T00:30:31.739Z,33.76,70.06

2026-09-28T00:30:36.759Z,33.77,70.05

2026-09-28T00:30:41.751Z,33.75,70.03

2026-09-28T00:30:46.750Z,33.76,70.1

2026-09-28T00:30:51.752Z,33.77,70.14

2026-09-28T00:30:56.759Z,33.77,70.08

2026-09-28T00:31:01.769Z,33.77,70.06

2026-09-28T00:31:06.758Z,33.76,70.06

2026-09-28T00:31:11.758Z,33.78,70.04

2026-09-28T00:31:16.759Z,33.77,70.07

2026-09-28T00:31:21.759Z,33.77,70.04

2026-09-28T00:31:26.768Z,33.77,70.07

2026-09-28T00:31:31.777Z,33.76,70.06

2026-09-28T00:31:36.767Z,33.78,70.05

2026-09-28T00:31:41.767Z,33.77,70.01

2026-09-28T00:31:46.767Z,33.77,70

2026-09-28T00:31:51.768Z,33.79,70.02

2026-09-28T00:31:56.770Z,33.8,70.04

2026-09-28T00:32:01.783Z,33.79,70.07

2026-09-28T00:32:06.770Z,33.79,70.01

2026-09-28T00:32:11.783Z,33.79,70.12

2026-09-28T00:32:16.780Z,33.77,69.99

2026-09-28T00:32:21.782Z,33.78,70.07

2026-09-28T00:32:26.775Z,33.78,70.02

2026-09-28T00:32:31.783Z,33.8,70.07

2026-09-28T00:32:36.774Z,33.77,70.02

2026-09-28T00:32:41.776Z,33.8,70.02

2026-09-28T00:32:46.776Z,33.78,69.96

2026-09-28T00:32:51.777Z,33.78,70.13

2026-09-28T00:32:56.785Z,33.8,70.13

2026-09-28T00:33:01.785Z,33.78,70.2

2026-09-28T00:33:06.782Z,33.79,70.27

2026-09-28T00:33:11.789Z,33.77,70.31

2026-09-28T00:33:16.777Z,33.76,70.32

2026-09-28T00:33:21.777Z,33.77,70.21

2026-09-28T00:33:26.781Z,33.78,70.19

2026-09-28T00:33:31.793Z,33.77,70.22

2026-09-28T00:33:36.783Z,33.79,70.23

2026-09-28T00:33:41.780Z,33.78,70.2

2026-09-28T00:33:46.781Z,33.76,70.22

2026-09-28T00:33:51.781Z,33.78,70.23

2026-09-28T00:33:56.800Z,33.77,70.24

2026-09-28T00:34:01.803Z,33.75,70.27

2026-09-28T00:34:06.807Z,33.77,70.21

2026-09-28T00:34:11.798Z,33.78,70.2

2026-09-28T00:34:16.816Z,33.78,70.23

2026-09-28T00:34:21.807Z,33.77,70.19

2026-09-28T00:34:26.809Z,33.77,70.18

2026-09-28T00:34:31.808Z,33.79,70.25

2026-09-28T00:34:36.824Z,33.78,70.21

2026-09-28T00:34:41.831Z,33.77,70.28

2026-09-28T00:34:46.825Z,33.77,70.2

2026-09-28T00:34:51.831Z,33.78,70.19

2026-09-28T00:34:56.828Z,33.77,70.2

2026-09-28T00:35:01.832Z,33.75,70.23

2026-09-28T00:35:06.820Z,33.78,70.17

2026-09-28T00:35:11.823Z,33.76,70.13

2026-09-28T00:35:16.820Z,33.8,70.17

2026-09-28T00:35:21.822Z,33.79,70.17

2026-09-28T00:35:26.826Z,33.8,70.21

2026-09-28T00:35:31.836Z,33.76,70.19

2026-09-28T00:35:36.823Z,33.79,70.15

2026-09-28T00:35:41.823Z,33.8,70.23

2026-09-28T00:35:46.823Z,33.79,70.29

2026-09-28T00:35:51.822Z,33.79,70.22

2026-09-28T00:35:56.839Z,33.79,70.19

2026-09-28T00:36:01.850Z,33.78,70.27

2026-09-28T00:36:06.835Z,33.79,70.21

2026-09-28T00:36:11.838Z,33.79,70.21

2026-09-28T00:36:16.836Z,33.8,70.22

2026-09-28T00:36:21.847Z,33.79,70.24

2026-09-28T00:36:26.845Z,33.81,70.19

2026-09-28T00:36:31.854Z,33.79,70.15

2026-09-28T00:36:36.841Z,33.79,70.18

2026-09-28T00:36:41.848Z,33.78,70.25

2026-09-28T00:36:46.840Z,33.79,70.2

2026-09-28T00:36:51.840Z,33.8,70.22

2026-09-28T00:36:56.861Z,33.8,70.25

2026-09-28T00:37:01.850Z,33.79,70.21

2026-09-28T00:37:06.853Z,33.8,70.23

2026-09-28T00:37:11.866Z,33.8,70.24

2026-09-28T00:37:16.851Z,33.81,70.24

2026-09-28T00:37:21.851Z,33.81,70.3

2026-09-28T00:37:26.852Z,33.8,70.26

2026-09-28T00:37:31.854Z,33.79,70.29

2026-09-28T00:37:36.863Z,33.81,70.27

2026-09-28T00:37:41.876Z,33.81,70.33

2026-09-28T00:37:46.864Z,33.81,70.33

2026-09-28T00:37:51.864Z,33.8,70.33

2026-09-28T00:37:56.879Z,33.79,70.26

2026-09-28T00:38:01.891Z,33.8,70.33

2026-09-28T00:38:06.877Z,33.82,70.32

2026-09-28T00:38:11.878Z,33.83,70.3

2026-09-28T00:38:16.877Z,33.81,70.27

2026-09-28T00:38:21.876Z,33.81,70.24

2026-09-28T00:38:26.889Z,33.81,70.32

2026-09-28T00:38:31.897Z,33.8,70.3

2026-09-28T00:38:36.894Z,33.82,70.24

2026-09-28T00:38:41.903Z,33.82,70.24

2026-09-28T00:38:46.892Z,33.82,70.26

2026-09-28T00:38:51.899Z,33.8,70.31

2026-09-28T00:38:56.901Z,33.84,70.3

2026-09-28T00:39:01.908Z,33.83,70.38

2026-09-28T00:39:06.900Z,33.84,70.35

2026-09-28T00:39:11.902Z,33.82,70.41

2026-09-28T00:39:16.897Z,33.82,70.43

2026-09-28T00:39:21.909Z,33.84,70.42

2026-09-28T00:39:26.904Z,33.84,70.38

2026-09-28T00:39:31.910Z,33.83,70.43

2026-09-28T00:39:36.901Z,33.85,70.41

2026-09-28T00:39:41.912Z,33.84,70.47

2026-09-28T00:39:46.899Z,33.84,70.43

2026-09-28T00:39:51.901Z,33.86,70.42

2026-09-28T00:39:56.901Z,33.84,70.42

2026-09-28T00:40:01.901Z,33.83,70.35

2026-09-28T00:40:06.910Z,33.81,70.4

2026-09-28T00:40:11.916Z,33.84,70.39

2026-09-28T00:40:16.906Z,33.83,70.4

2026-09-28T00:40:21.909Z,33.84,70.36

2026-09-28T00:40:26.921Z,33.83,70.36

2026-09-28T00:40:31.930Z,33.85,70.39

2026-09-28T00:40:36.919Z,33.85,70.33

2026-09-28T00:40:41.922Z,33.86,70.35

2026-09-28T00:40:46.921Z,33.85,70.32

2026-09-28T00:40:51.933Z,33.84,70.28

2026-09-28T00:40:56.921Z,33.87,70.33

2026-09-28T00:41:01.923Z,33.86,70.28

2026-09-28T00:41:06.922Z,33.84,70.23

2026-09-28T00:41:11.923Z,33.85,70.18

2026-09-28T00:41:16.940Z,33.84,70.23

2026-09-28T00:41:21.949Z,33.84,70.18

2026-09-28T00:41:26.938Z,33.86,70.16

2026-09-28T00:41:31.939Z,33.86,70.13

2026-09-28T00:41:36.938Z,33.85,70.16

2026-09-28T00:41:41.940Z,33.85,70.17

2026-09-28T00:41:46.954Z,33.86,70.17

2026-09-28T00:41:51.947Z,33.86,70.1

2026-09-28T00:41:56.945Z,33.89,70.13

2026-09-28T00:42:01.945Z,33.87,70.08

2026-09-28T00:42:06.955Z,33.85,70.11

2026-09-28T00:42:11.969Z,33.85,70.13

2026-09-28T00:42:16.955Z,33.89,70.05

2026-09-28T00:42:21.954Z,33.88,70.04

2026-09-28T00:42:26.955Z,33.87,70

2026-09-28T00:42:31.968Z,33.88,70

2026-09-28T00:42:36.964Z,33.86,69.97

2026-09-28T00:42:41.967Z,33.87,70.03

2026-09-28T00:42:46.962Z,33.89,70.02

2026-09-28T00:42:51.968Z,33.88,70.05

2026-09-28T00:42:56.962Z,33.88,70.02

2026-09-28T00:43:01.968Z,33.85,69.99

2026-09-28T00:43:06.958Z,33.88,69.97

2026-09-28T00:43:11.970Z,33.87,70.05

2026-09-28T00:43:16.957Z,33.86,70.01

2026-09-28T00:43:21.958Z,33.88,69.98

2026-09-28T00:43:26.959Z,33.87,69.96

2026-09-28T00:43:31.962Z,33.86,70.02

2026-09-28T00:43:36.974Z,33.89,69.97

2026-09-28T00:43:41.985Z,33.85,69.99

2026-09-28T00:43:46.974Z,33.88,69.94

2026-09-28T00:43:51.973Z,33.88,69.89

2026-09-28T00:43:56.974Z,33.88,69.94

2026-09-28T00:44:01.974Z,33.87,69.97

2026-09-28T00:44:06.983Z,33.87,69.96

2026-09-28T00:44:11.993Z,33.88,70.02

2026-09-28T00:44:16.982Z,33.87,70.02

2026-09-28T00:44:21.981Z,33.88,70.06

2026-09-28T00:44:26.995Z,33.87,70.11

2026-09-28T00:44:32.007Z,33.86,70.11

2026-09-28T00:44:36.994Z,33.87,70.06

2026-09-28T00:44:41.996Z,33.86,70.07

2026-09-28T00:44:46.996Z,33.86,70.05

2026-09-28T00:44:51.996Z,33.85,70.06

2026-09-28T00:44:57.014Z,33.83,70.17

2026-09-28T00:45:02.004Z,33.85,70.09

2026-09-28T00:45:07.005Z,33.84,70.01

2026-09-28T00:45:12.017Z,33.83,70.09

2026-09-28T00:45:17.006Z,33.85,70

2026-09-28T00:45:22.008Z,33.84,70.11

2026-09-28T00:45:27.007Z,33.85,70.09

2026-09-28T00:45:32.007Z,33.82,70.06

2026-09-28T00:45:37.021Z,33.83,70.12

2026-09-28T00:45:42.032Z,33.83,70.14

2026-09-28T00:45:47.017Z,33.83,70.07

2026-09-28T00:45:52.021Z,33.82,70.15

2026-09-28T00:45:57.019Z,33.82,70.12

2026-09-28T00:46:02.017Z,33.83,70.13

2026-09-28T00:46:07.025Z,33.84,70.12

2026-09-28T00:46:12.034Z,33.84,70.09

2026-09-28T00:46:17.023Z,33.81,70.03

2026-09-28T00:46:22.024Z,33.81,70.08

2026-09-28T00:46:27.029Z,33.83,70.1

2026-09-28T00:46:32.037Z,33.83,70.08

2026-09-28T00:46:37.032Z,33.82,70.09

2026-09-28T00:46:42.025Z,33.82,70.08

2026-09-28T00:46:47.026Z,33.81,70.04

2026-09-28T00:46:52.041Z,33.83,70.09

2026-09-28T00:46:57.026Z,33.81,70.09

2026-09-28T00:47:02.026Z,33.83,70.08

2026-09-28T00:47:07.026Z,33.81,70.09

2026-09-28T00:47:12.031Z,33.83,70.12

2026-09-28T00:47:17.037Z,33.84,70.1

2026-09-28T00:47:22.045Z,33.8,70.14

2026-09-28T00:47:27.035Z,33.83,70.12

2026-09-28T00:47:32.036Z,33.81,70.19

2026-09-28T00:47:37.039Z,33.83,70.12

2026-09-28T00:47:42.041Z,33.82,70.17

2026-09-28T00:47:47.042Z,33.83,70.15

2026-09-28T00:47:52.056Z,33.83,70.09

2026-09-28T00:47:57.041Z,33.81,70.08

2026-09-28T00:48:02.042Z,33.83,70.05

2026-09-28T00:48:07.042Z,33.83,70.09

2026-09-28T00:48:12.044Z,33.83,70.09

2026-09-28T00:48:17.059Z,33.82,70.05

2026-09-28T00:48:22.069Z,33.83,70.1

2026-09-28T00:48:27.058Z,33.81,70

2026-09-28T00:48:32.056Z,33.81,70.07

2026-09-28T00:48:37.076Z,33.82,70.06

2026-09-28T00:48:42.065Z,33.83,70.07

2026-09-28T00:48:47.066Z,33.81,70.04

2026-09-28T00:48:52.076Z,33.82,70.04

2026-09-28T00:48:57.073Z,33.82,70.07

2026-09-28T00:49:02.076Z,33.81,70.05

2026-09-28T00:49:07.074Z,33.83,70

2026-09-28T00:49:12.067Z,33.83,70.1

2026-09-28T00:49:17.067Z,33.82,70.06

2026-09-28T00:49:22.067Z,33.8,69.99

2026-09-28T00:49:27.077Z,33.81,70.1

2026-09-28T00:49:32.072Z,33.83,70.01

2026-09-28T00:49:37.075Z,33.81,70.1

2026-09-28T00:49:42.081Z,33.84,70.12

2026-09-28T00:49:47.081Z,33.83,70.06

2026-09-28T00:49:52.081Z,33.82,70.09

2026-09-28T00:49:57.078Z,33.82,69.98

2026-09-28T00:50:02.072Z,33.84,70.02

2026-09-28T00:50:07.073Z,33.83,69.99

2026-09-28T00:50:12.072Z,33.83,70.04

2026-09-28T00:50:17.073Z,33.81,70.07

2026-09-28T00:50:22.087Z,33.8,70.12

2026-09-28T00:50:27.070Z,33.8,70.08

2026-09-28T00:50:32.083Z,33.82,70.01

2026-09-28T00:50:37.087Z,33.81,70.11

2026-09-28T00:50:42.087Z,33.82,70.11

2026-09-28T00:50:47.077Z,33.83,70.05

2026-09-28T00:50:52.078Z,33.82,70.1

2026-09-28T00:50:57.077Z,33.82,70

2026-09-28T00:51:02.091Z,33.84,70.06

2026-09-28T00:51:07.079Z,33.81,70.02

2026-09-28T00:51:12.078Z,33.83,70

2026-09-28T00:51:17.078Z,33.83,70

2026-09-28T00:51:22.080Z,33.81,70.03

2026-09-28T00:51:27.101Z,33.81,70.07

2026-09-28T00:51:32.112Z,33.81,70.1

2026-09-28T00:51:37.099Z,33.81,70.07

2026-09-28T00:51:42.101Z,33.82,70.09

2026-09-28T00:51:47.100Z,33.83,70.06

2026-09-28T00:51:52.099Z,33.81,70

2026-09-28T00:51:57.123Z,33.81,70.12

2026-09-28T00:52:02.117Z,33.81,70.08

2026-09-28T00:52:07.118Z,33.8,70.08

2026-09-28T00:52:12.118Z,33.82,70.04

2026-09-28T00:52:17.126Z,33.81,70.08

2026-09-28T00:52:22.135Z,33.79,70.12

2026-09-28T00:52:27.125Z,33.8,70.1

2026-09-28T00:52:32.124Z,33.8,70.08

2026-09-28T00:52:37.124Z,33.79,70.08

2026-09-28T00:52:42.125Z,33.8,70.1

2026-09-28T00:52:47.131Z,33.81,70.09

2026-09-28T00:52:52.144Z,33.82,70.12

2026-09-28T00:52:57.128Z,33.81,70.06

2026-09-28T00:53:02.128Z,33.79,70.07

2026-09-28T00:53:07.128Z,33.8,70.17

2026-09-28T00:53:12.128Z,33.8,70.11

2026-09-28T00:53:17.141Z,33.8,70.15

2026-09-28T00:53:22.150Z,33.8,70.2

2026-09-28T00:53:27.141Z,33.81,70.14

2026-09-28T00:53:32.140Z,33.79,70.15

2026-09-28T00:53:37.141Z,33.8,70.12

2026-09-28T00:53:42.140Z,33.8,70.13

2026-09-28T00:53:47.148Z,33.8,70.22

2026-09-28T00:53:52.143Z,33.78,70.15

2026-09-28T00:53:57.150Z,33.79,70.21

2026-09-28T00:54:02.157Z,33.77,70.22

2026-09-28T00:54:07.154Z,33.78,70.14

2026-09-28T00:54:12.163Z,33.8,70.21

2026-09-28T00:54:17.153Z,33.78,70.21

2026-09-28T00:54:22.152Z,33.78,70.14

2026-09-28T00:54:27.150Z,33.79,70.23

2026-09-28T00:54:32.154Z,33.78,70.23

2026-09-28T00:54:37.168Z,33.79,70.21

2026-09-28T00:54:42.179Z,33.79,70.23

2026-09-28T00:54:47.164Z,33.76,70.18

2026-09-28T00:54:52.175Z,33.79,70.22

2026-09-28T00:54:57.169Z,33.78,70.22

2026-09-28T00:55:02.176Z,33.77,70.16

2026-09-28T00:55:07.170Z,33.77,70.25

2026-09-28T00:55:12.176Z,33.76,70.22

2026-09-28T00:55:17.180Z,33.76,70.27

2026-09-28T00:55:22.171Z,33.78,70.16

2026-09-28T00:55:27.171Z,33.78,70.28

2026-09-28T00:55:32.171Z,33.77,70.24

2026-09-28T00:55:37.181Z,33.79,70.25

2026-09-28T00:55:42.191Z,33.78,70.28

2026-09-28T00:55:47.179Z,33.78,70.25

2026-09-28T00:55:52.181Z,33.77,70.26

2026-09-28T00:55:57.180Z,33.77,70.26

2026-09-28T00:56:02.180Z,33.79,70.25

2026-09-28T00:56:07.196Z,33.77,70.28

2026-09-28T00:56:12.197Z,33.78,70.3

2026-09-28T00:56:17.191Z,33.76,70.2

2026-09-28T00:56:22.196Z,33.77,70.25

2026-09-28T00:56:27.190Z,33.79,70.33

2026-09-28T00:56:32.195Z,33.79,70.33

2026-09-28T00:56:37.191Z,33.78,70.28

2026-09-28T00:56:42.183Z,33.81,70.28

2026-09-28T00:56:47.189Z,33.79,70.26

2026-09-28T00:56:52.198Z,33.78,70.35

2026-09-28T00:56:57.188Z,33.78,70.34

2026-09-28T00:57:02.188Z,33.78,70.39

2026-09-28T00:57:07.196Z,33.78,70.32

2026-09-28T00:57:12.188Z,33.79,70.33

2026-09-28T00:57:17.195Z,33.78,70.36

2026-09-28T00:57:22.198Z,33.78,70.36

2026-09-28T00:57:27.198Z,33.78,70.39

2026-09-28T00:57:32.197Z,33.78,70.33

2026-09-28T00:57:37.195Z,33.78,70.37

2026-09-28T00:57:42.202Z,33.76,70.4

2026-09-28T00:57:47.206Z,33.78,70.37

2026-09-28T00:57:52.195Z,33.78,70.41

2026-09-28T00:57:57.206Z,33.79,70.39

2026-09-28T00:58:02.216Z,33.78,70.45

2026-09-28T00:58:07.214Z,33.77,70.42

2026-09-28T00:58:12.223Z,33.77,70.43

2026-09-28T00:58:17.212Z,33.77,70.45

2026-09-28T00:58:22.212Z,33.77,70.45

2026-09-28T00:58:27.211Z,33.78,70.5

2026-09-28T00:58:32.215Z,33.76,70.45

2026-09-28T00:58:37.220Z,33.79,70.5

2026-09-28T00:58:42.231Z,33.79,70.56

2026-09-28T00:58:47.217Z,33.76,70.49

2026-09-28T00:58:52.218Z,33.78,70.52

2026-09-28T00:58:57.217Z,33.78,70.51

2026-09-28T00:59:02.216Z,33.78,70.53

2026-09-28T00:59:07.224Z,33.78,70.52

2026-09-28T00:59:12.235Z,33.79,70.54

2026-09-28T00:59:17.222Z,33.78,70.55

2026-09-28T00:59:22.225Z,33.77,70.51

2026-09-28T00:59:27.238Z,33.78,70.5

2026-09-28T00:59:32.248Z,33.78,70.58

2026-09-28T00:59:37.234Z,33.77,70.47

2026-09-28T00:59:42.253Z,33.8,70.54

2026-09-28T00:59:47.243Z,33.8,70.52

2026-09-28T00:59:52.253Z,33.82,70.63

2026-09-28T00:59:57.237Z,33.79,70.62

2026-09-28T01:00:02.249Z,33.8,70.79

2026-09-28T01:00:07.236Z,33.78,70.87

2026-09-28T01:00:12.235Z,33.81,70.77

2026-09-28T01:00:17.236Z,33.8,70.77

2026-09-28T01:00:22.235Z,33.79,70.82

2026-09-28T01:00:27.245Z,33.79,70.8

2026-09-28T01:00:32.256Z,33.79,70.89

2026-09-28T01:00:37.242Z,33.78,70.77

2026-09-28T01:00:42.247Z,33.78,70.98

2026-09-28T01:00:47.250Z,33.79,70.94

2026-09-28T01:00:52.245Z,33.8,70.94

2026-09-28T01:00:57.255Z,33.79,71.08

2026-09-28T01:01:02.263Z,33.77,71.12

2026-09-28T01:01:07.248Z,33.79,71.19

2026-09-28T01:01:12.249Z,33.76,71.13

2026-09-28T01:01:17.262Z,33.78,71.22

2026-09-28T01:01:22.275Z,33.77,71.24

2026-09-28T01:01:27.258Z,33.75,71.22

2026-09-28T01:01:32.259Z,33.74,71.27

2026-09-28T01:01:37.266Z,33.74,71.4

2026-09-28T01:01:42.271Z,33.73,71.4

2026-09-28T01:01:47.268Z,33.74,71.34

2026-09-28T01:01:52.264Z,33.73,71.37

2026-09-28T01:01:57.263Z,33.72,71.38

2026-09-28T01:02:02.264Z,33.72,71.43

2026-09-28T01:02:07.278Z,33.71,71.41

2026-09-28T01:02:12.288Z,33.71,71.48

2026-09-28T01:02:17.278Z,33.69,71.44

2026-09-28T01:02:22.277Z,33.68,71.5

2026-09-28T01:02:27.285Z,33.69,71.48

2026-09-28T01:02:32.293Z,33.66,71.5

2026-09-28T01:02:37.283Z,33.68,71.48

2026-09-28T01:02:42.294Z,33.66,71.53

2026-09-28T01:02:47.289Z,33.66,71.54

2026-09-28T01:02:52.293Z,33.66,71.5

2026-09-28T01:02:57.290Z,33.64,71.55

2026-09-28T01:03:02.283Z,33.64,71.57

2026-09-28T01:03:07.283Z,33.64,71.6

2026-09-28T01:03:12.282Z,33.63,71.63

2026-09-28T01:03:17.283Z,33.62,71.59

2026-09-28T01:03:22.295Z,33.63,71.7

2026-09-28T01:03:27.283Z,33.61,71.69

2026-09-28T01:03:32.283Z,33.6,71.72

2026-09-28T01:03:37.283Z,33.62,71.75

2026-09-28T01:03:42.284Z,33.6,71.79

2026-09-28T01:03:47.289Z,33.59,71.8

2026-09-28T01:03:52.300Z,33.59,71.79

2026-09-28T01:03:57.288Z,33.57,71.79

2026-09-28T01:04:02.291Z,33.58,71.79

2026-09-28T01:04:07.300Z,33.57,71.82

2026-09-28T01:04:12.312Z,33.56,71.85

2026-09-28T01:04:17.301Z,33.57,71.84

2026-09-28T01:04:22.301Z,33.56,71.85

2026-09-28T01:04:27.299Z,33.57,71.8

2026-09-28T01:04:32.299Z,33.56,71.85

2026-09-28T01:04:37.315Z,33.56,71.89

2026-09-28T01:04:42.310Z,33.54,71.86

2026-09-28T01:04:47.310Z,33.52,71.9

2026-09-28T01:04:52.321Z,33.54,71.91

2026-09-28T01:04:57.309Z,33.53,71.86

2026-09-28T01:05:02.310Z,33.53,71.89

2026-09-28T01:05:07.311Z,33.53,71.89

2026-09-28T01:05:12.312Z,33.51,71.79

2026-09-28T01:05:17.324Z,33.51,71.8

2026-09-28T01:05:22.335Z,33.52,71.84

2026-09-28T01:05:27.324Z,33.5,71.86

2026-09-28T01:05:32.323Z,33.5,71.85

2026-09-28T01:05:37.323Z,33.52,71.92

2026-09-28T01:05:42.323Z,33.49,71.88

2026-09-28T01:05:47.344Z,33.51,71.91

2026-09-28T01:05:52.333Z,33.52,71.95

2026-09-28T01:05:57.334Z,33.51,71.91

2026-09-28T01:06:02.335Z,33.54,71.91

2026-09-28T01:06:07.343Z,33.54,71.95

2026-09-28T01:06:12.352Z,33.52,71.96

2026-09-28T01:06:17.342Z,33.53,71.92

2026-09-28T01:06:22.341Z,33.53,71.99

2026-09-28T01:06:27.342Z,33.54,71.92

2026-09-28T01:06:32.342Z,33.54,71.83

2026-09-28T01:06:37.348Z,33.55,71.78

2026-09-28T01:06:42.355Z,33.55,71.8

2026-09-28T01:06:47.345Z,33.56,71.79

2026-09-28T01:06:52.343Z,33.56,71.66

2026-09-28T01:06:57.349Z,33.55,71.67

2026-09-28T01:07:02.356Z,33.56,71.58

2026-09-28T01:07:07.344Z,33.59,71.57

2026-09-28T01:07:12.345Z,33.58,71.57

2026-09-28T01:07:17.342Z,33.58,71.6

2026-09-28T01:07:22.357Z,33.58,71.68

2026-09-28T01:07:27.343Z,33.58,71.66

2026-09-28T01:07:32.342Z,33.61,71.64

2026-09-28T01:07:37.349Z,33.62,71.57

2026-09-28T01:07:42.359Z,33.59,71.55

2026-09-28T01:07:47.348Z,33.61,71.54

2026-09-28T01:07:52.349Z,33.61,71.44

2026-09-28T01:07:57.351Z,33.62,71.29

2026-09-28T01:08:02.348Z,33.61,71.2

2026-09-28T01:08:07.362Z,33.62,71.22

2026-09-28T01:08:12.378Z,33.6,71.21

2026-09-28T01:08:17.360Z,33.63,71.16

2026-09-28T01:08:22.361Z,33.63,71.15

2026-09-28T01:08:27.376Z,33.61,71.12

2026-09-28T01:08:32.371Z,33.62,71.08

2026-09-28T01:08:37.369Z,33.62,71.12

2026-09-28T01:08:42.369Z,33.62,71.17

2026-09-28T01:08:47.378Z,33.63,71.27

2026-09-28T01:08:52.389Z,33.63,71.44

2026-09-28T01:08:57.378Z,33.64,71.4

2026-09-28T01:09:02.376Z,33.61,71.38

2026-09-28T01:09:07.377Z,33.61,71.34

2026-09-28T01:09:12.378Z,33.63,71.32

2026-09-28T01:09:17.387Z,33.63,71.31

2026-09-28T01:09:22.394Z,33.64,71.39

2026-09-28T01:09:27.381Z,33.64,71.34

2026-09-28T01:09:32.382Z,33.63,71.31

2026-09-28T01:09:37.381Z,33.66,71.41

2026-09-28T01:09:42.382Z,33.65,71.4

2026-09-28T01:09:47.398Z,33.64,71.35

2026-09-28T01:09:52.408Z,33.64,71.39

2026-09-28T01:09:57.404Z,33.67,71.34

2026-09-28T01:10:02.416Z,33.66,71.38

2026-09-28T01:10:07.404Z,33.67,71.36

2026-09-28T01:10:12.407Z,33.65,71.33

2026-09-28T01:10:17.403Z,33.66,71.43

2026-09-28T01:10:22.410Z,33.67,71.23

2026-09-28T01:10:27.398Z,33.67,71.16

2026-09-28T01:10:32.398Z,33.69,71.1

2026-09-28T01:10:37.399Z,33.69,71.17

2026-09-28T01:10:42.397Z,33.7,71.11

2026-09-28T01:10:47.401Z,33.68,71.22

2026-09-28T01:10:52.410Z,33.7,71.21

2026-09-28T01:10:57.399Z,33.69,71.17

2026-09-28T01:11:02.411Z,33.71,71.12

2026-09-28T01:11:07.407Z,33.7,70.88

2026-09-28T01:11:12.417Z,33.71,70.83

2026-09-28T01:11:17.411Z,33.71,70.77

2026-09-28T01:11:22.410Z,33.71,70.86

2026-09-28T01:11:27.413Z,33.71,70.81

2026-09-28T01:11:32.427Z,33.69,70.77

2026-09-28T01:11:37.419Z,33.69,70.73

2026-09-28T01:11:42.432Z,33.7,70.85

2026-09-28T01:11:47.416Z,33.72,70.8

2026-09-28T01:11:52.416Z,33.71,70.71

2026-09-28T01:11:57.417Z,33.7,70.73

2026-09-28T01:12:02.417Z,33.72,70.73

2026-09-28T01:12:07.428Z,33.7,70.77

2026-09-28T01:12:12.439Z,33.72,70.77

2026-09-28T01:12:17.426Z,33.71,70.75

2026-09-28T01:12:22.425Z,33.7,70.7

2026-09-28T01:12:27.426Z,33.69,70.83

2026-09-28T01:12:32.425Z,33.71,70.83

2026-09-28T01:12:37.440Z,33.68,70.91

2026-09-28T01:12:42.447Z,33.7,70.89

2026-09-28T01:12:47.436Z,33.7,70.83

2026-09-28T01:12:52.438Z,33.71,70.85

2026-09-28T01:12:57.435Z,33.71,70.83

2026-09-28T01:13:02.437Z,33.72,70.8

2026-09-28T01:13:07.443Z,33.7,70.76

2026-09-28T01:13:12.456Z,33.71,70.8

2026-09-28T01:13:17.443Z,33.71,70.72

2026-09-28T01:13:22.442Z,33.73,70.71

2026-09-28T01:13:27.443Z,33.72,70.77

2026-09-28T01:13:32.444Z,33.71,70.78

2026-09-28T01:13:37.449Z,33.71,70.78

2026-09-28T01:13:42.459Z,33.7,70.82

2026-09-28T01:13:47.450Z,33.7,70.74

2026-09-28T01:13:52.446Z,33.72,70.76

2026-09-28T01:13:57.448Z,33.72,70.72

2026-09-28T01:14:02.448Z,33.73,70.69

2026-09-28T01:14:07.456Z,33.73,70.75

2026-09-28T01:14:12.470Z,33.72,70.8

2026-09-28T01:14:17.458Z,33.74,70.81

2026-09-28T01:14:22.457Z,33.73,70.77

2026-09-28T01:14:27.464Z,33.72,70.8

2026-09-28T01:14:32.471Z,33.73,70.79

2026-09-28T01:14:37.464Z,33.73,70.66

2026-09-28T01:14:42.478Z,33.72,70.66

2026-09-28T01:14:47.460Z,33.73,70.65

2026-09-28T01:14:52.462Z,33.72,70.62

2026-09-28T01:14:57.461Z,33.74,70.51

2026-09-28T01:15:02.460Z,33.74,70.58

2026-09-28T01:15:07.471Z,33.75,70.53

2026-09-28T01:15:12.488Z,33.73,70.56

2026-09-28T01:15:17.470Z,33.74,70.55

2026-09-28T01:15:22.470Z,33.73,70.6

2026-09-28T01:15:27.468Z,33.75,70.59

2026-09-28T01:15:32.471Z,33.74,70.63

2026-09-28T01:15:37.481Z,33.74,70.63

2026-09-28T01:15:42.494Z,33.74,70.63

2026-09-28T01:15:47.479Z,33.73,70.62

2026-09-28T01:15:52.481Z,33.75,70.6

2026-09-28T01:15:57.480Z,33.75,70.59

2026-09-28T01:16:02.493Z,33.74,70.61

2026-09-28T01:16:07.493Z,33.75,70.59

2026-09-28T01:16:12.492Z,33.74,70.61

2026-09-28T01:16:17.501Z,33.75,70.49

2026-09-28T01:16:22.502Z,33.76,70.47

2026-09-28T01:16:27.490Z,33.78,70.46

2026-09-28T01:16:32.491Z,33.77,70.42

2026-09-28T01:16:37.490Z,33.8,70.46

2026-09-28T01:16:42.490Z,33.76,70.45

2026-09-28T01:16:47.508Z,33.78,70.43

2026-09-28T01:16:52.517Z,33.78,70.49

2026-09-28T01:16:57.505Z,33.78,70.42

2026-09-28T01:17:02.517Z,33.78,70.42

2026-09-28T01:17:07.511Z,33.79,70.36

2026-09-28T01:17:12.518Z,33.79,70.34

2026-09-28T01:17:17.505Z,33.77,70.45

2026-09-28T01:17:22.505Z,33.79,70.34

2026-09-28T01:17:27.505Z,33.79,70.39

2026-09-28T01:17:32.505Z,33.8,70.41

2026-09-28T01:17:37.509Z,33.78,70.41

2026-09-28T01:17:42.519Z,33.79,70.35

2026-09-28T01:17:47.512Z,33.79,70.35

2026-09-28T01:17:52.516Z,33.79,70.33

2026-09-28T01:17:57.506Z,33.8,70.26

2026-09-28T01:18:02.518Z,33.8,70.34

2026-09-28T01:18:07.507Z,33.79,70.33

2026-09-28T01:18:12.511Z,33.8,70.26

2026-09-28T01:18:17.529Z,33.78,70.28

2026-09-28T01:18:22.534Z,33.78,70.24

2026-09-28T01:18:27.523Z,33.79,70.22

2026-09-28T01:18:32.530Z,33.8,70.23

2026-09-28T01:18:37.529Z,33.8,70.18

2026-09-28T01:18:42.525Z,33.8,70.22

2026-09-28T01:18:47.541Z,33.8,70.26

2026-09-28T01:18:52.547Z,33.8,70.29

2026-09-28T01:18:57.537Z,33.79,70.27

2026-09-28T01:19:02.535Z,33.8,70.25

2026-09-28T01:19:07.542Z,33.81,70.2

2026-09-28T01:19:12.552Z,33.81,70.24

2026-09-28T01:19:17.539Z,33.79,70.22

2026-09-28T01:19:22.539Z,33.8,70.24

2026-09-28T01:19:27.540Z,33.8,70.17

2026-09-28T01:19:32.541Z,33.8,70.19

2026-09-28T01:19:37.545Z,33.81,70.18

2026-09-28T01:19:42.556Z,33.79,70.26

2026-09-28T01:19:47.544Z,33.79,70.25

2026-09-28T01:19:52.544Z,33.79,70.13

2026-09-28T01:19:57.544Z,33.8,70.16

2026-09-28T01:20:02.544Z,33.8,70.13

2026-09-28T01:20:07.560Z,33.81,70.16

2026-09-28T01:20:12.574Z,33.8,70.19

2026-09-28T01:20:17.560Z,33.82,70.14

2026-09-28T01:20:22.560Z,33.8,70.2

2026-09-28T01:20:27.559Z,33.81,70.14

2026-09-28T01:20:32.574Z,33.8,70.16

2026-09-28T01:20:37.565Z,33.81,70.12

2026-09-28T01:20:42.570Z,33.8,70.17

2026-09-28T01:20:47.558Z,33.82,70

2026-09-28T01:20:52.561Z,33.8,70.04

2026-09-28T01:20:57.565Z,33.79,70.09

2026-09-28T01:21:02.574Z,33.8,70.08

2026-09-28T01:21:07.563Z,33.79,70.08

2026-09-28T01:21:12.562Z,33.79,70.05

2026-09-28T01:21:17.574Z,33.81,70.13

2026-09-28T01:21:22.574Z,33.78,70.09

2026-09-28T01:21:27.572Z,33.79,70.07

2026-09-28T01:21:32.577Z,33.79,70.04

2026-09-28T01:21:37.572Z,33.78,70.01

2026-09-28T01:21:42.593Z,33.81,70.07

2026-09-28T01:21:47.570Z,33.79,70.02

2026-09-28T01:21:52.571Z,33.78,70

2026-09-28T01:21:57.581Z,33.8,69.99

2026-09-28T01:22:02.601Z,33.76,70.11

2026-09-28T01:22:07.581Z,33.79,70.1

2026-09-28T01:22:12.582Z,33.78,70.1

2026-09-28T01:22:17.583Z,33.78,70.14

2026-09-28T01:22:22.583Z,33.78,70.16

2026-09-28T01:22:27.592Z,33.77,70.17

2026-09-28T01:22:32.602Z,33.79,70.13

2026-09-28T01:22:37.591Z,33.79,70.11

2026-09-28T01:22:42.591Z,33.79,70.09

2026-09-28T01:22:47.592Z,33.77,70.11

2026-09-28T01:22:52.592Z,33.79,70.14

2026-09-28T01:22:57.606Z,33.81,70.14

2026-09-28T01:23:02.618Z,33.8,70.16

2026-09-28T01:23:07.607Z,33.81,70.1

2026-09-28T01:23:12.621Z,33.8,70.18

2026-09-28T01:23:17.614Z,33.79,70.15

2026-09-28T01:23:22.614Z,33.8,70.2

2026-09-28T01:23:27.607Z,33.81,70.11

2026-09-28T01:23:32.608Z,33.8,70.06

2026-09-28T01:23:37.619Z,33.81,70.05

2026-09-28T01:23:42.631Z,33.8,70.1

2026-09-28T01:23:47.619Z,33.81,70.07

2026-09-28T01:23:52.618Z,33.82,69.99

2026-09-28T01:23:57.617Z,33.79,69.99

2026-09-28T01:24:02.619Z,33.81,69.9

2026-09-28T01:24:07.625Z,33.81,69.94

2026-09-28T01:24:12.639Z,33.8,69.95

2026-09-28T01:24:17.627Z,33.82,70

2026-09-28T01:24:22.637Z,33.81,69.96

2026-09-28T01:24:27.632Z,33.8,69.96

2026-09-28T01:24:32.636Z,33.8,69.97

2026-09-28T01:24:37.632Z,33.8,69.97

2026-09-28T01:24:42.640Z,33.81,69.94

2026-09-28T01:24:47.628Z,33.81,69.97

2026-09-28T01:24:52.639Z,33.82,70.01

2026-09-28T01:24:57.627Z,33.82,69.97

2026-09-28T01:25:02.628Z,33.82,69.97

2026-09-28T01:25:07.638Z,33.82,69.95

2026-09-28T01:25:12.652Z,33.81,70

2026-09-28T01:25:17.635Z,33.82,69.94

2026-09-28T01:25:22.638Z,33.82,69.84

2026-09-28T01:25:27.638Z,33.8,69.87

2026-09-28T01:25:32.637Z,33.82,69.87

2026-09-28T01:25:37.653Z,33.8,69.98

2026-09-28T01:25:42.647Z,33.81,69.89

2026-09-28T01:25:47.651Z,33.8,69.91

2026-09-28T01:25:52.665Z,33.82,69.98

2026-09-28T01:25:57.648Z,33.82,69.9

2026-09-28T01:26:02.650Z,33.8,69.91

2026-09-28T01:26:07.652Z,33.8,69.96

2026-09-28T01:26:12.651Z,33.81,69.89

2026-09-28T01:26:17.661Z,33.81,69.86

2026-09-28T01:26:22.672Z,33.81,69.91

2026-09-28T01:26:27.660Z,33.8,69.88

2026-09-28T01:26:32.661Z,33.81,69.94

2026-09-28T01:26:37.670Z,33.81,69.95

2026-09-28T01:26:42.677Z,33.79,69.95

2026-09-28T01:26:47.669Z,33.81,69.99

2026-09-28T01:26:52.666Z,33.8,69.98

2026-09-28T01:26:57.669Z,33.81,70

2026-09-28T01:27:02.667Z,33.81,70.05

2026-09-28T01:27:07.682Z,33.81,70.01

2026-09-28T01:27:12.688Z,33.81,70

2026-09-28T01:27:17.677Z,33.81,70

2026-09-28T01:27:22.679Z,33.8,70.04

2026-09-28T01:27:27.675Z,33.8,69.96

2026-09-28T01:27:32.676Z,33.83,69.96

2026-09-28T01:27:37.685Z,33.82,69.88

2026-09-28T01:27:42.698Z,33.81,69.93

2026-09-28T01:27:47.685Z,33.8,69.92

2026-09-28T01:27:52.685Z,33.81,69.95

2026-09-28T01:27:57.684Z,33.82,69.91

2026-09-28T01:28:02.686Z,33.81,69.89

2026-09-28T01:28:07.698Z,33.83,69.89

2026-09-28T01:28:12.690Z,33.81,69.84

2026-09-28T01:28:17.693Z,33.84,69.8

2026-09-28T01:28:22.690Z,33.82,69.83

2026-09-28T01:28:27.698Z,33.82,69.79

2026-09-28T01:28:32.704Z,33.81,69.93

2026-09-28T01:28:37.698Z,33.81,69.87

2026-09-28T01:28:42.704Z,33.82,69.89

2026-09-28T01:28:47.702Z,33.84,69.96

2026-09-28T01:28:52.709Z,33.82,69.89

2026-09-28T01:28:57.707Z,33.85,69.85

2026-09-28T01:29:02.699Z,33.84,69.86

2026-09-28T01:29:07.702Z,33.82,69.83

2026-09-28T01:29:12.712Z,33.83,69.95

2026-09-28T01:29:17.701Z,33.83,69.89

2026-09-28T01:29:22.702Z,33.82,69.79

2026-09-28T01:29:27.717Z,33.85,69.85

2026-09-28T01:29:32.725Z,33.85,69.85

2026-09-28T01:29:37.714Z,33.86,69.8

2026-09-28T01:29:42.714Z,33.84,69.8

2026-09-28T01:29:47.712Z,33.85,69.81

2026-09-28T01:29:52.713Z,33.86,69.77

2026-09-28T01:29:57.722Z,33.86,69.81

2026-09-28T01:30:02.732Z,33.85,69.78

2026-09-28T01:30:07.721Z,33.85,69.78

2026-09-28T01:30:12.733Z,33.84,69.81

2026-09-28T01:30:17.724Z,33.87,69.8

2026-09-28T01:30:22.734Z,33.87,69.8

2026-09-28T01:30:27.721Z,33.87,69.77

2026-09-28T01:30:32.721Z,33.86,69.72

2026-09-28T01:30:37.734Z,33.86,69.7

2026-09-28T01:30:42.748Z,33.86,69.74

2026-09-28T01:30:47.731Z,33.88,69.66

2026-09-28T01:30:52.732Z,33.86,69.6

2026-09-28T01:30:57.733Z,33.86,69.61

2026-09-28T01:31:02.731Z,33.86,69.68

2026-09-28T01:31:07.747Z,33.85,69.74

2026-09-28T01:31:12.759Z,33.83,69.64

2026-09-28T01:31:17.746Z,33.86,69.63

2026-09-28T01:31:22.746Z,33.84,69.74

2026-09-28T01:31:27.745Z,33.82,69.69

2026-09-28T01:31:32.760Z,33.84,69.83

2026-09-28T01:31:37.754Z,33.84,69.79

2026-09-28T01:31:42.760Z,33.83,69.82

2026-09-28T01:31:47.747Z,33.84,69.77

2026-09-28T01:31:52.745Z,33.85,69.81

2026-09-28T01:31:57.746Z,33.84,69.79

2026-09-28T01:32:02.758Z,33.84,69.88

2026-09-28T01:32:07.744Z,33.83,69.79

2026-09-28T01:32:12.748Z,33.83,69.68

2026-09-28T01:32:17.761Z,33.82,69.72

2026-09-28T01:32:22.766Z,33.8,69.74

2026-09-28T01:32:27.757Z,33.81,69.72

2026-09-28T01:32:32.758Z,33.79,69.81

2026-09-28T01:32:37.757Z,33.81,69.84

2026-09-28T01:32:42.756Z,33.78,69.83

2026-09-28T01:32:47.769Z,33.79,69.89

2026-09-28T01:32:52.781Z,33.77,69.94

2026-09-28T01:32:57.767Z,33.76,69.91

2026-09-28T01:33:02.768Z,33.75,69.99

2026-09-28T01:33:07.768Z,33.72,70.08

2026-09-28T01:33:12.769Z,33.71,70.09

2026-09-28T01:33:17.777Z,33.7,70.13

2026-09-28T01:33:22.786Z,33.71,70.24

2026-09-28T01:33:27.777Z,33.7,70.22

2026-09-28T01:33:32.775Z,33.67,70.3

2026-09-28T01:33:37.774Z,33.66,70.33

2026-09-28T01:33:42.787Z,33.66,70.41

2026-09-28T01:33:47.783Z,33.65,70.41

2026-09-28T01:33:52.789Z,33.64,70.41

2026-09-28T01:33:57.778Z,33.63,70.42

2026-09-28T01:34:02.779Z,33.64,70.44

2026-09-28T01:34:07.796Z,33.62,70.47

2026-09-28T01:34:12.788Z,33.62,70.54

2026-09-28T01:34:17.798Z,33.62,70.55

2026-09-28T01:34:22.807Z,33.63,70.6

2026-09-28T01:34:27.795Z,33.61,70.59

2026-09-28T01:34:32.796Z,33.6,70.67

2026-09-28T01:34:37.794Z,33.61,70.62

2026-09-28T01:34:42.794Z,33.6,70.6

2026-09-28T01:34:47.806Z,33.59,70.62

2026-09-28T01:34:52.809Z,33.59,70.76

2026-09-28T01:34:57.803Z,33.6,70.69

2026-09-28T01:35:02.809Z,33.58,70.81

2026-09-28T01:35:07.797Z,33.6,70.76

2026-09-28T01:35:12.797Z,33.6,70.75

2026-09-28T01:35:17.799Z,33.57,70.77

2026-09-28T01:35:22.798Z,33.58,70.75

2026-09-28T01:35:27.802Z,33.6,70.8

2026-09-28T01:35:32.812Z,33.59,70.82

2026-09-28T01:35:37.798Z,33.6,70.83

2026-09-28T01:35:42.800Z,33.6,70.79

2026-09-28T01:35:47.820Z,33.6,70.86

2026-09-28T01:35:52.812Z,33.6,70.84

2026-09-28T01:35:57.825Z,33.61,70.85

2026-09-28T01:36:02.842Z,33.59,70.88

2026-09-28T01:36:07.830Z,33.6,70.83

2026-09-28T01:36:12.839Z,33.61,70.82

2026-09-28T01:36:17.834Z,33.6,70.82

2026-09-28T01:36:22.823Z,33.6,70.83

2026-09-28T01:36:27.826Z,33.61,70.84

2026-09-28T01:36:32.824Z,33.62,70.8

2026-09-28T01:36:37.838Z,33.63,70.79

2026-09-28T01:36:42.850Z,33.61,70.86

2026-09-28T01:36:47.836Z,33.62,70.79

2026-09-28T01:36:52.837Z,33.63,70.78

2026-09-28T01:36:57.836Z,33.64,70.79

2026-09-28T01:37:02.838Z,33.61,70.78

2026-09-28T01:37:07.842Z,33.62,70.81

2026-09-28T01:37:12.855Z,33.64,70.85

2026-09-28T01:37:17.844Z,33.65,70.83

2026-09-28T01:37:22.843Z,33.63,70.82

2026-09-28T01:37:27.850Z,33.64,70.82

2026-09-28T01:37:32.855Z,33.61,70.86

2026-09-28T01:37:37.847Z,33.64,70.8

2026-09-28T01:37:42.856Z,33.64,70.87

2026-09-28T01:37:47.857Z,33.66,70.84

2026-09-28T01:37:52.871Z,33.67,70.87

2026-09-28T01:37:57.857Z,33.67,70.82

2026-09-28T01:38:02.856Z,33.66,70.84

2026-09-28T01:38:07.857Z,33.64,70.82

2026-09-28T01:38:12.858Z,33.65,70.87

2026-09-28T01:38:17.864Z,33.64,70.85

2026-09-28T01:38:22.877Z,33.67,70.8

2026-09-28T01:38:27.864Z,33.67,70.84

2026-09-28T01:38:32.863Z,33.66,70.8

2026-09-28T01:38:37.863Z,33.69,70.81

2026-09-28T01:38:42.863Z,33.69,70.86

2026-09-28T01:38:47.867Z,33.69,70.8

2026-09-28T01:38:52.876Z,33.68,70.73

2026-09-28T01:38:57.871Z,33.68,70.76

2026-09-28T01:39:02.864Z,33.69,70.75

2026-09-28T01:39:07.877Z,33.67,70.68

2026-09-28T01:39:12.873Z,33.69,70.77

2026-09-28T01:39:17.870Z,33.69,70.81

2026-09-28T01:39:22.871Z,33.7,70.79

2026-09-28T01:39:27.891Z,33.7,70.78

2026-09-28T01:39:32.899Z,33.69,70.76

2026-09-28T01:39:37.885Z,33.71,70.7

2026-09-28T01:39:42.885Z,33.7,70.81

2026-09-28T01:39:47.891Z,33.7,70.76

2026-09-28T01:39:52.899Z,33.71,70.76

2026-09-28T01:39:57.891Z,33.71,70.77

2026-09-28T01:40:02.897Z,33.72,70.75

2026-09-28T01:40:07.889Z,33.72,70.73

2026-09-28T01:40:12.889Z,33.71,70.75

2026-09-28T01:40:17.888Z,33.73,70.69

2026-09-28T01:40:22.888Z,33.72,70.71

2026-09-28T01:40:27.902Z,33.72,70.74

2026-09-28T01:40:32.915Z,33.7,70.65

2026-09-28T01:40:37.902Z,33.71,70.71

2026-09-28T01:40:42.902Z,33.71,70.69

2026-09-28T01:40:47.902Z,33.71,70.66

2026-09-28T01:40:52.916Z,33.72,70.76

2026-09-28T01:40:57.907Z,33.71,70.73

2026-09-28T01:41:02.917Z,33.71,70.72

2026-09-28T01:41:07.911Z,33.73,70.69

2026-09-28T01:41:12.922Z,33.75,70.72

2026-09-28T01:41:17.911Z,33.71,70.65

2026-09-28T01:41:22.911Z,33.73,70.64

2026-09-28T01:41:27.912Z,33.73,70.68

2026-09-28T01:41:32.912Z,33.74,70.67

2026-09-28T01:41:37.923Z,33.75,70.67

2026-09-28T01:41:42.935Z,33.75,70.7

2026-09-28T01:41:47.928Z,33.73,70.76

2026-09-28T01:41:52.933Z,33.74,70.65

2026-09-28T01:41:57.924Z,33.76,70.63

2026-09-28T01:42:02.925Z,33.79,70.65

2026-09-28T01:42:07.924Z,33.75,70.62

2026-09-28T01:42:12.936Z,33.77,70.64

2026-09-28T01:42:17.923Z,33.76,70.65

2026-09-28T01:42:22.924Z,33.76,70.58

2026-09-28T01:42:27.923Z,33.76,70.61

2026-09-28T01:42:32.924Z,33.77,70.61

2026-09-28T01:42:37.938Z,33.76,70.64

2026-09-28T01:42:42.952Z,33.77,70.6

2026-09-28T01:42:47.939Z,33.77,70.54

2026-09-28T01:42:52.937Z,33.79,70.6

2026-09-28T01:42:57.936Z,33.78,70.58

2026-09-28T01:43:02.937Z,33.79,70.58

2026-09-28T01:43:07.946Z,33.79,70.55

2026-09-28T01:43:12.956Z,33.78,70.6

2026-09-28T01:43:17.944Z,33.79,70.59

2026-09-28T01:43:22.945Z,33.79,70.53

2026-09-28T01:43:27.944Z,33.8,70.55

2026-09-28T01:43:32.942Z,33.81,70.55

2026-09-28T01:43:37.959Z,33.8,70.55

2026-09-28T01:43:42.969Z,33.81,70.59

2026-09-28T01:43:47.957Z,33.8,70.56

2026-09-28T01:43:52.957Z,33.8,70.54

2026-09-28T01:43:57.957Z,33.82,70.56

2026-09-28T01:44:02.956Z,33.83,70.59

2026-09-28T01:44:07.970Z,33.82,70.54

2026-09-28T01:44:12.982Z,33.82,70.55

2026-09-28T01:44:17.969Z,33.82,70.5

2026-09-28T01:44:22.968Z,33.81,70.56

2026-09-28T01:44:27.966Z,33.82,70.53

2026-09-28T01:44:32.967Z,33.83,70.55

2026-09-28T01:44:37.978Z,33.81,70.52

2026-09-28T01:44:42.990Z,33.84,70.58

2026-09-28T01:44:47.975Z,33.84,70.55

2026-09-28T01:44:52.977Z,33.85,70.51

2026-09-28T01:44:57.986Z,33.84,70.47

2026-09-28T01:45:02.998Z,33.85,70.51

2026-09-28T01:45:07.986Z,33.86,70.51

2026-09-28T01:45:12.996Z,33.84,70.55

2026-09-28T01:45:17.985Z,33.84,70.45

2026-09-28T01:45:22.999Z,33.86,70.53

2026-09-28T01:45:27.989Z,33.82,70.5

2026-09-28T01:45:32.993Z,33.84,70.56

2026-09-28T01:45:37.990Z,33.85,70.51

2026-09-28T01:45:42.999Z,33.84,70.5

2026-09-28T01:45:47.989Z,33.87,70.49

2026-09-28T01:45:52.987Z,33.85,70.48

2026-09-28T01:45:57.994Z,33.86,70.57

2026-09-28T01:46:02.996Z,33.87,70.47

2026-09-28T01:46:07.995Z,33.86,70.47

2026-09-28T01:46:13.002Z,33.87,70.54

2026-09-28T01:46:17.998Z,33.86,70.49

2026-09-28T01:46:22.992Z,33.87,70.5

2026-09-28T01:46:27.990Z,33.85,70.51

2026-09-28T01:46:33.004Z,33.86,70.55

2026-09-28T01:46:37.991Z,33.86,70.54

2026-09-28T01:46:42.991Z,33.85,70.53

2026-09-28T01:46:47.989Z,33.86,70.55

2026-09-28T01:46:53.005Z,33.86,70.57

2026-09-28T01:46:58.008Z,33.86,70.53

2026-09-28T01:47:03.008Z,33.85,70.61

2026-09-28T01:47:08.007Z,33.85,70.55

2026-09-28T01:47:13.015Z,33.84,70.63

2026-09-28T01:47:18.003Z,33.83,70.6

2026-09-28T01:47:23.001Z,33.84,70.6

2026-09-28T01:47:28.021Z,33.85,70.54

2026-09-28T01:47:33.032Z,33.82,70.61

2026-09-28T01:47:38.021Z,33.83,70.65

2026-09-28T01:47:43.022Z,33.84,70.58

2026-09-28T01:47:48.022Z,33.84,70.64

2026-09-28T01:47:53.032Z,33.83,70.7

2026-09-28T01:47:58.028Z,33.83,70.65

2026-09-28T01:48:03.032Z,33.83,70.75

2026-09-28T01:48:08.034Z,33.85,70.68

2026-09-28T01:48:13.026Z,33.84,70.61

2026-09-28T01:48:18.038Z,33.84,70.72

2026-09-28T01:48:23.050Z,33.83,70.71

2026-09-28T01:48:28.036Z,33.86,70.71

2026-09-28T01:48:33.037Z,33.84,70.73

2026-09-28T01:48:38.037Z,33.84,70.72

2026-09-28T01:48:43.038Z,33.84,70.75

2026-09-28T01:48:48.042Z,33.84,70.72

2026-09-28T01:48:53.051Z,33.85,70.73

2026-09-28T01:48:58.042Z,33.83,70.73

2026-09-28T01:49:03.037Z,33.83,70.72

2026-09-28T01:49:08.041Z,33.84,70.72

2026-09-28T01:49:13.050Z,33.85,70.75

2026-09-28T01:49:18.037Z,33.84,70.65

2026-09-28T01:49:23.044Z,33.85,70.69

2026-09-28T01:49:28.041Z,33.84,70.67

2026-09-28T01:49:33.054Z,33.83,70.74

2026-09-28T01:49:38.048Z,33.84,70.7

2026-09-28T01:49:43.051Z,33.83,70.74

2026-09-28T01:49:48.057Z,33.85,70.7

2026-09-28T01:49:53.057Z,33.83,70.69

2026-09-28T01:49:58.047Z,33.85,70.65

2026-09-28T01:50:03.047Z,33.84,70.73

2026-09-28T01:50:08.063Z,33.85,70.72

2026-09-28T01:50:13.071Z,33.85,70.74

2026-09-28T01:50:18.061Z,33.84,70.68

2026-09-28T01:50:23.077Z,33.84,70.75

2026-09-28T01:50:28.070Z,33.84,70.71

2026-09-28T01:50:33.075Z,33.82,70.76

2026-09-28T01:50:38.072Z,33.84,70.7

2026-09-28T01:50:43.084Z,33.83,70.73

2026-09-28T01:50:48.070Z,33.84,70.69

2026-09-28T01:50:53.068Z,33.86,70.69

2026-09-28T01:50:58.068Z,33.84,70.73

2026-09-28T01:51:03.069Z,33.84,70.67

2026-09-28T01:51:08.085Z,33.87,70.68

2026-09-28T01:51:13.098Z,33.86,70.71

2026-09-28T01:51:18.082Z,33.87,70.7

2026-09-28T01:51:23.083Z,33.87,70.71

2026-09-28T01:51:28.083Z,33.86,70.63

2026-09-28T01:51:33.085Z,33.85,70.66

2026-09-28T01:51:38.092Z,33.85,70.74

2026-09-28T01:51:43.094Z,33.87,70.71

2026-09-28T01:51:48.090Z,33.87,70.63

2026-09-28T01:51:53.094Z,33.87,70.63

2026-09-28T01:51:58.084Z,33.86,70.63

2026-09-28T01:52:03.087Z,33.87,70.65

2026-09-28T01:52:08.089Z,33.87,70.6

2026-09-28T01:52:13.100Z,33.87,70.66

2026-09-28T01:52:18.087Z,33.86,70.65

2026-09-28T01:52:23.091Z,33.85,70.66

2026-09-28T01:52:28.091Z,33.85,70.7

2026-09-28T01:52:33.091Z,33.84,70.67

2026-09-28T01:52:38.107Z,33.86,70.68

2026-09-28T01:52:43.122Z,33.86,70.69

2026-09-28T01:52:48.106Z,33.86,70.69

2026-09-28T01:52:53.126Z,33.85,70.71

2026-09-28T01:52:58.115Z,33.86,70.69

2026-09-28T01:53:03.122Z,33.87,70.66

2026-09-28T01:53:08.111Z,33.85,70.69

2026-09-28T01:53:13.120Z,33.85,70.74

2026-09-28T01:53:18.109Z,33.86,70.67

2026-09-28T01:53:23.116Z,33.87,70.67

2026-09-28T01:53:28.115Z,33.87,70.63

2026-09-28T01:53:33.122Z,33.87,70.72

2026-09-28T01:53:38.121Z,33.83,70.69

2026-09-28T01:53:43.130Z,33.86,70.72

2026-09-28T01:53:48.121Z,33.86,70.64

2026-09-28T01:53:53.134Z,33.85,70.76

2026-09-28T01:53:58.129Z,33.86,70.7

2026-09-28T01:54:03.132Z,33.86,70.68

2026-09-28T01:54:08.124Z,33.86,70.69

2026-09-28T01:54:13.122Z,33.87,70.63

2026-09-28T01:54:18.124Z,33.87,70.63

2026-09-28T01:54:23.123Z,33.87,70.7

2026-09-28T01:54:28.131Z,33.87,70.66

2026-09-28T01:54:33.139Z,33.86,70.68

2026-09-28T01:54:38.129Z,33.87,70.64

2026-09-28T01:54:43.131Z,33.88,70.66

2026-09-28T01:54:48.129Z,33.86,70.66

2026-09-28T01:54:53.129Z,33.86,70.64

2026-09-28T01:54:58.140Z,33.87,70.68

2026-09-28T01:55:03.147Z,33.87,70.65

2026-09-28T01:55:08.142Z,33.87,70.69

2026-09-28T01:55:13.134Z,33.87,70.58

2026-09-28T01:55:18.146Z,33.86,70.6

2026-09-28T01:55:23.153Z,33.86,70.62

2026-09-28T01:55:28.142Z,33.87,70.58

2026-09-28T01:55:33.143Z,33.88,70.58

2026-09-28T01:55:38.146Z,33.87,70.46

2026-09-28T01:55:43.145Z,33.87,70.54

2026-09-28T01:55:48.163Z,33.87,70.41

2026-09-28T01:55:53.166Z,33.84,70.4

2026-09-28T01:55:58.159Z,33.86,70.37

2026-09-28T01:56:03.160Z,33.88,70.35

2026-09-28T01:56:08.167Z,33.84,70.44

2026-09-28T01:56:13.179Z,33.85,70.41

2026-09-28T01:56:18.168Z,33.85,70.39

2026-09-28T01:56:23.166Z,33.87,70.32

2026-09-28T01:56:28.175Z,33.88,70.4

2026-09-28T01:56:33.183Z,33.84,70.4

2026-09-28T01:56:38.178Z,33.85,70.38

2026-09-28T01:56:43.183Z,33.84,70.42

2026-09-28T01:56:48.179Z,33.84,70.43

2026-09-28T01:56:53.186Z,33.83,70.44

2026-09-28T01:56:58.189Z,33.84,70.47

2026-09-28T01:57:03.178Z,33.84,70.4

2026-09-28T01:57:08.180Z,33.84,70.4

2026-09-28T01:57:13.180Z,33.82,70.36

2026-09-28T01:57:18.188Z,33.83,70.43

2026-09-28T01:57:23.198Z,33.81,70.43

2026-09-28T01:57:28.187Z,33.84,70.37

2026-09-28T01:57:33.189Z,33.82,70.45

2026-09-28T01:57:38.194Z,33.81,70.45

2026-09-28T01:57:43.202Z,33.83,70.48

2026-09-28T01:57:48.195Z,33.83,70.43

2026-09-28T01:57:53.200Z,33.82,70.48

2026-09-28T01:57:58.195Z,33.81,70.42

2026-09-28T01:58:03.201Z,33.82,70.5

2026-09-28T01:58:08.187Z,33.81,70.46

2026-09-28T01:58:13.201Z,33.82,70.46

2026-09-28T01:58:18.192Z,33.83,70.36

2026-09-28T01:58:23.189Z,33.82,70.41

2026-09-28T01:58:28.190Z,33.82,70.39

2026-09-28T01:58:33.192Z,33.81,70.43

2026-09-28T01:58:38.206Z,33.83,70.38

2026-09-28T01:58:43.206Z,33.81,70.44

2026-09-28T01:58:48.201Z,33.83,70.38

2026-09-28T01:58:53.203Z,33.82,70.41

2026-09-28T01:58:58.211Z,33.8,70.48

2026-09-28T01:59:03.223Z,33.83,70.45

2026-09-28T01:59:08.208Z,33.83,70.48

2026-09-28T01:59:13.212Z,33.82,70.47

2026-09-28T01:59:18.225Z,33.84,70.42

2026-09-28T01:59:23.234Z,33.81,70.44

2026-09-28T01:59:28.224Z,33.83,70.4

2026-09-28T01:59:33.224Z,33.82,70.42

2026-09-28T01:59:38.225Z,33.82,70.41

2026-09-28T01:59:43.226Z,33.84,70.41

2026-09-28T01:59:48.237Z,33.84,70.41

2026-09-28T01:59:53.250Z,33.82,70.43

2026-09-28T01:59:58.242Z,33.83,70.41

2026-09-28T02:00:03.244Z,33.84,70.4

2026-09-28T02:00:08.242Z,33.83,70.39

2026-09-28T02:00:13.250Z,33.83,70.39

2026-09-28T02:00:18.252Z,33.83,70.34

2026-09-28T02:00:23.244Z,33.83,70.33

2026-09-28T02:00:28.243Z,33.82,70.35

2026-09-28T02:00:33.254Z,33.83,70.4

2026-09-28T02:00:38.245Z,33.82,70.34

2026-09-28T02:00:43.256Z,33.81,70.4

2026-09-28T02:00:48.249Z,33.83,70.36

2026-09-28T02:00:53.243Z,33.84,70.32

2026-09-28T02:00:58.249Z,33.84,70.37

2026-09-28T02:01:03.258Z,33.82,70.41

2026-09-28T02:01:08.246Z,33.84,70.28

2026-09-28T02:01:13.247Z,33.83,70.27

2026-09-28T02:01:18.258Z,33.84,70.19

2026-09-28T02:01:23.272Z,33.82,70.22

2026-09-28T02:01:28.258Z,33.83,70.17

2026-09-28T02:01:33.256Z,33.84,70.19

2026-09-28T02:01:38.257Z,33.83,70.13

2026-09-28T02:01:43.258Z,33.84,70.19

2026-09-28T02:01:48.264Z,33.84,70.17

2026-09-28T02:01:53.275Z,33.85,70.25

2026-09-28T02:01:58.259Z,33.84,70.24

2026-09-28T02:02:03.264Z,33.84,70.2

2026-09-28T02:02:08.264Z,33.81,70.3

2026-09-28T02:02:13.261Z,33.84,70.36

2026-09-28T02:02:18.280Z,33.83,70.32

2026-09-28T02:02:23.273Z,33.83,70.31

2026-09-28T02:02:28.267Z,33.84,70.39

2026-09-28T02:02:33.271Z,33.82,70.37

2026-09-28T02:02:38.280Z,33.82,70.35

2026-09-28T02:02:43.292Z,33.81,70.4

2026-09-28T02:02:48.282Z,33.84,70.36

2026-09-28T02:02:53.280Z,33.84,70.34

2026-09-28T02:02:58.279Z,33.82,70.33

2026-09-28T02:03:03.294Z,33.83,70.36

2026-09-28T02:03:08.288Z,33.83,70.33

2026-09-28T02:03:13.291Z,33.83,70.3

2026-09-28T02:03:18.301Z,33.85,70.31

2026-09-28T02:03:23.291Z,33.83,70.29

2026-09-28T02:03:28.301Z,33.82,70.25

2026-09-28T02:03:33.310Z,33.85,70.3

2026-09-28T02:03:38.298Z,33.83,70.29

2026-09-28T02:03:43.300Z,33.82,70.3

2026-09-28T02:03:48.306Z,33.85,70.3

2026-09-28T02:03:53.315Z,33.83,70.3

2026-09-28T02:03:58.301Z,33.84,70.23

2026-09-28T02:04:03.315Z,33.85,70.29

2026-09-28T02:04:08.310Z,33.82,70.25

2026-09-28T02:04:13.313Z,33.84,70.24

2026-09-28T02:04:18.308Z,33.84,70.27

2026-09-28T02:04:23.314Z,33.83,70.29

2026-09-28T02:04:28.305Z,33.84,70.21

2026-09-28T02:04:33.313Z,33.82,70.19

2026-09-28T02:04:38.304Z,33.84,70.14

2026-09-28T02:04:43.305Z,33.82,70.11

2026-09-28T02:04:48.304Z,33.83,70.1

2026-09-28T02:04:53.303Z,33.84,70.07

2026-09-28T02:04:58.313Z,33.84,70.09

2026-09-28T02:05:03.321Z,33.82,70.13

2026-09-28T02:05:08.310Z,33.85,70.05

2026-09-28T02:05:13.311Z,33.83,70.06

2026-09-28T02:05:18.318Z,33.83,70.04

2026-09-28T02:05:23.325Z,33.83,70.1

2026-09-28T02:05:28.321Z,33.83,70.04

2026-09-28T02:05:33.314Z,33.82,69.92

2026-09-28T02:05:38.325Z,33.84,69.93

2026-09-28T02:05:43.336Z,33.82,69.94

2026-09-28T02:05:48.322Z,33.83,69.98

2026-09-28T02:05:53.324Z,33.84,69.97

2026-09-28T02:05:58.322Z,33.82,69.94

2026-09-28T02:06:03.324Z,33.82,69.95

2026-09-28T02:06:08.340Z,33.83,69.94

2026-09-28T02:06:13.350Z,33.84,69.96

2026-09-28T02:06:18.338Z,33.83,69.9

2026-09-28T02:06:23.340Z,33.82,69.88

2026-09-28T02:06:28.340Z,33.83,69.93

2026-09-28T02:06:33.342Z,33.82,69.9

2026-09-28T02:06:38.360Z,33.83,69.96

2026-09-28T02:06:43.369Z,33.81,69.95

2026-09-28T02:06:48.358Z,33.81,69.97

2026-09-28T02:06:53.357Z,33.83,70

2026-09-28T02:06:58.357Z,33.82,69.96

2026-09-28T02:07:03.359Z,33.83,69.97

2026-09-28T02:07:08.362Z,33.84,69.98

2026-09-28T02:07:13.372Z,33.83,69.99

2026-09-28T02:07:18.359Z,33.82,69.96

2026-09-28T02:07:23.362Z,33.79,69.94

2026-09-28T02:07:28.361Z,33.8,69.92

2026-09-28T02:07:33.363Z,33.8,69.93

2026-09-28T02:07:38.369Z,33.82,69.96

2026-09-28T02:07:43.378Z,33.8,70

2026-09-28T02:07:48.368Z,33.82,69.97

2026-09-28T02:07:53.369Z,33.81,69.95

2026-09-28T02:07:58.368Z,33.82,70.06

2026-09-28T02:08:03.382Z,33.82,70.06

2026-09-28T02:08:08.373Z,33.82,69.99

2026-09-28T02:08:13.378Z,33.82,70.04

2026-09-28T02:08:18.370Z,33.82,70.01

2026-09-28T02:08:23.380Z,33.8,70.03

2026-09-28T02:08:28.369Z,33.82,70.02

2026-09-28T02:08:33.369Z,33.81,69.98

2026-09-28T02:08:38.369Z,33.82,69.96

2026-09-28T02:08:43.370Z,33.82,70

2026-09-28T02:08:48.389Z,33.83,69.98

2026-09-28T02:08:53.399Z,33.81,70.03

2026-09-28T02:08:58.388Z,33.82,70.04

2026-09-28T02:09:03.398Z,33.82,70.08

2026-09-28T02:09:08.401Z,33.81,70.03

2026-09-28T02:09:13.406Z,33.79,70.03

2026-09-28T02:09:18.405Z,33.78,70.09

2026-09-28T02:09:23.396Z,33.81,70.04

2026-09-28T02:09:28.397Z,33.8,70.03

2026-09-28T02:09:33.398Z,33.8,70.06

2026-09-28T02:09:38.404Z,33.8,70.03

2026-09-28T02:09:43.415Z,33.82,70.08

2026-09-28T02:09:48.405Z,33.79,70.02

2026-09-28T02:09:53.405Z,33.81,70.05

2026-09-28T02:09:58.413Z,33.8,70.01

2026-09-28T02:10:03.427Z,33.79,70.11

2026-09-28T02:10:08.413Z,33.8,70

2026-09-28T02:10:13.417Z,33.79,70.03

2026-09-28T02:10:18.413Z,33.79,70.05

2026-09-28T02:10:23.415Z,33.8,70.04

2026-09-28T02:10:28.429Z,33.79,70.11

2026-09-28T02:10:33.443Z,33.8,70.09

2026-09-28T02:10:38.427Z,33.8,70.09

2026-09-28T02:10:43.427Z,33.8,70.09

2026-09-28T02:10:48.427Z,33.8,70.08

2026-09-28T02:10:53.438Z,33.8,70.07

2026-09-28T02:10:58.427Z,33.81,70.12

2026-09-28T02:11:03.438Z,33.8,70.07

2026-09-28T02:11:08.434Z,33.81,70.1

2026-09-28T02:11:13.440Z,33.81,70.1

2026-09-28T02:11:18.431Z,33.8,70.06

2026-09-28T02:11:23.433Z,33.79,70.03

2026-09-28T02:11:28.443Z,33.79,70

2026-09-28T02:11:33.454Z,33.8,70.09

2026-09-28T02:11:38.441Z,33.81,70.06

2026-09-28T02:11:43.443Z,33.8,70.1

2026-09-28T02:11:48.443Z,33.8,70.07

2026-09-28T02:11:53.444Z,33.82,70.05

2026-09-28T02:11:58.456Z,33.82,70.07

2026-09-28T02:12:03.458Z,33.79,70.06

2026-09-28T02:12:08.457Z,33.81,70.06

2026-09-28T02:12:13.459Z,33.81,69.98

2026-09-28T02:12:18.456Z,33.81,70

2026-09-28T02:12:23.462Z,33.8,69.95

2026-09-28T02:12:28.448Z,33.8,69.91

2026-09-28T02:12:33.452Z,33.81,69.96

2026-09-28T02:12:38.463Z,33.81,69.93

2026-09-28T02:12:43.477Z,33.82,69.94

2026-09-28T02:12:48.460Z,33.83,69.94

2026-09-28T02:12:53.462Z,33.81,69.89

2026-09-28T02:12:58.461Z,33.81,69.88

2026-09-28T02:13:03.463Z,33.83,69.86

2026-09-28T02:13:08.471Z,33.81,69.93

2026-09-28T02:13:13.487Z,33.82,69.94

2026-09-28T02:13:18.472Z,33.81,69.98

2026-09-28T02:13:23.473Z,33.81,70.03

2026-09-28T02:13:28.472Z,33.8,69.94

2026-09-28T02:13:33.472Z,33.8,69.95

2026-09-28T02:13:38.488Z,33.79,69.95

2026-09-28T02:13:43.498Z,33.8,69.94

2026-09-28T02:13:48.486Z,33.8,69.88

2026-09-28T02:13:53.497Z,33.79,69.94

2026-09-28T02:13:58.497Z,33.78,69.93

2026-09-28T02:14:03.498Z,33.77,70

2026-09-28T02:14:08.494Z,33.79,69.93

2026-09-28T02:14:13.497Z,33.77,70

2026-09-28T02:14:18.504Z,33.77,70.03

2026-09-28T02:14:23.494Z,33.77,69.97

2026-09-28T02:14:28.496Z,33.78,70.03

2026-09-28T02:14:33.495Z,33.78,69.99

2026-09-28T02:14:38.500Z,33.77,70.08

2026-09-28T02:14:43.510Z,33.76,70.09

2026-09-28T02:14:48.506Z,33.78,70.06

2026-09-28T02:14:53.514Z,33.75,70.17

2026-09-28T02:14:58.506Z,33.75,70.03

2026-09-28T02:15:03.511Z,33.76,70.14

2026-09-28T02:15:08.500Z,33.79,70.04

2026-09-28T02:15:13.501Z,33.77,70.09

2026-09-28T02:15:18.501Z,33.78,70.09

2026-09-28T02:15:23.501Z,33.78,70.09

2026-09-28T02:15:28.509Z,33.77,70.02

2026-09-28T02:15:33.522Z,33.75,70.12

2026-09-28T02:15:38.506Z,33.8,70.03

2026-09-28T02:15:43.512Z,33.77,70.1

2026-09-28T02:15:48.509Z,33.76,70.06

2026-09-28T02:15:53.509Z,33.78,70.08

2026-09-28T02:15:58.525Z,33.77,70.12

2026-09-28T02:16:03.532Z,33.77,70.13

2026-09-28T02:16:08.527Z,33.78,70.08

2026-09-28T02:16:13.535Z,33.78,70.13

2026-09-28T02:16:18.522Z,33.79,70.05

2026-09-28T02:16:23.521Z,33.77,70.09

2026-09-28T02:16:28.536Z,33.77,70.12

2026-09-28T02:16:33.529Z,33.79,70.01

2026-09-28T02:16:38.530Z,33.79,70.09

2026-09-28T02:16:43.530Z,33.8,70.09

2026-09-28T02:16:48.538Z,33.81,70.12

2026-09-28T02:16:53.548Z,33.79,70.17

2026-09-28T02:16:58.536Z,33.8,70.11

2026-09-28T02:17:03.535Z,33.79,70.07

2026-09-28T02:17:08.535Z,33.81,70.06

2026-09-28T02:17:13.538Z,33.8,70.05

2026-09-28T02:17:18.546Z,33.8,69.95

2026-09-28T02:17:23.555Z,33.8,70.01

2026-09-28T02:17:28.542Z,33.81,69.93

2026-09-28T02:17:33.541Z,33.8,69.92

2026-09-28T02:17:38.542Z,33.79,69.85

2026-09-28T02:17:43.540Z,33.79,69.9

2026-09-28T02:17:48.559Z,33.81,69.89

2026-09-28T02:17:53.568Z,33.82,69.93

2026-09-28T02:17:58.559Z,33.82,69.87

2026-09-28T02:18:03.557Z,33.8,69.86

2026-09-28T02:18:08.558Z,33.81,69.85

2026-09-28T02:18:13.572Z,33.81,69.93

2026-09-28T02:18:18.566Z,33.79,69.98

2026-09-28T02:18:23.560Z,33.8,69.88

2026-09-28T02:18:28.560Z,33.8,69.9

2026-09-28T02:18:33.569Z,33.8,69.91

2026-09-28T02:18:38.560Z,33.81,69.94

2026-09-28T02:18:43.560Z,33.8,69.93

2026-09-28T02:18:48.559Z,33.79,69.93

2026-09-28T02:18:53.562Z,33.8,69.89

2026-09-28T02:18:58.568Z,33.81,69.92

2026-09-28T02:19:03.579Z,33.8,69.92

2026-09-28T02:19:08.565Z,33.79,69.94

2026-09-28T02:19:13.579Z,33.81,69.94

2026-09-28T02:19:18.581Z,33.8,69.96

2026-09-28T02:19:23.580Z,33.81,69.96

2026-09-28T02:19:28.579Z,33.8,69.89

2026-09-28T02:19:33.570Z,33.82,69.91

2026-09-28T02:19:38.580Z,33.8,69.95

2026-09-28T02:19:43.589Z,33.81,69.95

2026-09-28T02:19:48.580Z,33.8,69.92

2026-09-28T02:19:53.576Z,33.78,69.93

2026-09-28T02:19:58.587Z,33.8,69.92

2026-09-28T02:20:03.599Z,33.79,70.02

2026-09-28T02:20:08.585Z,33.8,69.98

2026-09-28T02:20:13.596Z,33.79,70

2026-09-28T02:20:18.590Z,33.79,69.98

2026-09-28T02:20:23.594Z,33.81,69.92

2026-09-28T02:20:28.600Z,33.8,69.95

2026-09-28T02:20:33.592Z,33.81,69.92

2026-09-28T02:20:38.591Z,33.81,69.89

2026-09-28T02:20:43.592Z,33.8,69.95

2026-09-28T02:20:48.605Z,33.81,69.97

2026-09-28T02:20:53.594Z,33.79,69.92

2026-09-28T02:20:58.593Z,33.8,69.93

2026-09-28T02:21:03.595Z,33.78,69.9

2026-09-28T02:21:08.610Z,33.79,69.92

2026-09-28T02:21:13.617Z,33.79,69.94

2026-09-28T02:21:18.604Z,33.79,69.92

2026-09-28T02:21:23.613Z,33.78,69.87

2026-09-28T02:21:28.601Z,33.78,69.87

2026-09-28T02:21:33.605Z,33.8,69.87

2026-09-28T02:21:38.601Z,33.78,69.81

2026-09-28T02:21:43.602Z,33.77,69.78

2026-09-28T02:21:48.601Z,33.77,69.79

2026-09-28T02:21:53.614Z,33.79,69.74

2026-09-28T02:21:58.604Z,33.77,69.74

2026-09-28T02:22:03.605Z,33.77,69.76

2026-09-28T02:22:08.604Z,33.78,69.75

2026-09-28T02:22:13.606Z,33.76,69.8

2026-09-28T02:22:18.623Z,33.76,69.78

2026-09-28T02:22:23.613Z,33.76,69.8

2026-09-28T02:22:28.624Z,33.74,69.83

2026-09-28T02:22:33.618Z,33.75,69.83

2026-09-28T02:22:38.616Z,33.76,69.81

2026-09-28T02:22:43.622Z,33.75,69.82

2026-09-28T02:22:48.633Z,33.77,69.76

2026-09-28T02:22:53.646Z,33.74,69.78

2026-09-28T02:22:58.633Z,33.76,69.82

2026-09-28T02:23:03.634Z,33.73,69.79

2026-09-28T02:23:08.634Z,33.74,69.78

2026-09-28T02:23:13.646Z,33.75,69.84

2026-09-28T02:23:18.638Z,33.76,69.81

2026-09-28T02:23:23.645Z,33.74,69.79

2026-09-28T02:23:28.643Z,33.75,69.82

2026-09-28T02:23:33.653Z,33.76,69.8

2026-09-28T02:23:38.638Z,33.76,69.8

2026-09-28T02:23:43.641Z,33.76,69.73

2026-09-28T02:23:48.642Z,33.77,69.72

2026-09-28T02:23:53.643Z,33.77,69.72

2026-09-28T02:23:58.664Z,33.75,69.72

2026-09-28T02:24:03.651Z,33.78,69.69

2026-09-28T02:24:08.653Z,33.77,69.64

2026-09-28T02:24:13.654Z,33.77,69.61

2026-09-28T02:24:18.658Z,33.77,69.66

2026-09-28T02:24:23.668Z,33.78,69.62

2026-09-28T02:24:28.655Z,33.77,69.59

2026-09-28T02:24:33.658Z,33.76,69.61

2026-09-28T02:24:38.661Z,33.76,69.6

2026-09-28T02:24:43.667Z,33.76,69.64

2026-09-28T02:24:48.660Z,33.75,69.58

2026-09-28T02:24:53.667Z,33.76,69.61

2026-09-28T02:24:58.656Z,33.77,69.52

2026-09-28T02:25:03.656Z,33.75,69.58

2026-09-28T02:25:08.657Z,33.75,69.51

2026-09-28T02:25:13.657Z,33.76,69.55

2026-09-28T02:25:18.663Z,33.75,69.6

2026-09-28T02:25:23.671Z,33.77,69.58

2026-09-28T02:25:28.663Z,33.74,69.63

2026-09-28T02:25:33.682Z,33.78,69.61

2026-09-28T02:25:38.659Z,33.75,69.65

2026-09-28T02:25:43.666Z,33.75,69.63

2026-09-28T02:25:48.671Z,33.76,69.63

2026-09-28T02:25:53.674Z,33.76,69.63

2026-09-28T02:25:58.667Z,33.75,69.63

2026-09-28T02:26:03.668Z,33.77,69.56

2026-09-28T02:26:08.670Z,33.77,69.54

2026-09-28T02:26:13.668Z,33.78,69.54

2026-09-28T02:26:18.682Z,33.76,69.49

2026-09-28T02:26:23.691Z,33.76,69.64

2026-09-28T02:26:28.679Z,33.76,69.55

2026-09-28T02:26:33.678Z,33.76,69.55

2026-09-28T02:26:38.691Z,33.76,69.46

2026-09-28T02:26:43.700Z,33.76,69.45

2026-09-28T02:26:48.689Z,33.76,69.44

2026-09-28T02:26:53.688Z,33.76,69.41

2026-09-28T02:26:58.687Z,33.77,69.45

2026-09-28T02:27:03.703Z,33.77,69.44

2026-09-28T02:27:08.695Z,33.76,69.46

2026-09-28T02:27:13.704Z,33.76,69.42

2026-09-28T02:27:18.700Z,33.77,69.44

2026-09-28T02:27:23.717Z,33.77,69.46

2026-09-28T02:27:28.701Z,33.76,69.4

2026-09-28T02:27:33.702Z,33.76,69.38

2026-09-28T02:27:38.704Z,33.77,69.36

2026-09-28T02:27:43.701Z,33.77,69.36

2026-09-28T02:27:48.717Z,33.77,69.45

2026-09-28T02:27:53.725Z,33.77,69.45

2026-09-28T02:27:58.712Z,33.76,69.4

2026-09-28T02:28:03.714Z,33.77,69.44

2026-09-28T02:28:08.713Z,33.76,69.44

2026-09-28T02:28:13.712Z,33.75,69.49

2026-09-28T02:28:18.718Z,33.74,69.53

2026-09-28T02:28:23.729Z,33.76,69.52

2026-09-28T02:28:28.716Z,33.74,69.54

2026-09-28T02:28:33.728Z,33.73,69.52

2026-09-28T02:28:38.725Z,33.74,69.6

2026-09-28T02:28:43.728Z,33.73,69.61

2026-09-28T02:28:48.724Z,33.73,69.64

2026-09-28T02:28:53.719Z,33.73,69.59

2026-09-28T02:28:58.725Z,33.73,69.55

2026-09-28T02:29:03.743Z,33.72,69.57

2026-09-28T02:29:08.728Z,33.74,69.49

2026-09-28T02:29:13.727Z,33.73,69.45

2026-09-28T02:29:18.728Z,33.73,69.42

2026-09-28T02:29:23.749Z,33.72,69.5

2026-09-28T02:29:28.729Z,33.72,69.42

2026-09-28T02:29:33.729Z,33.72,69.37

2026-09-28T02:29:38.743Z,33.7,69.39

2026-09-28T02:29:43.754Z,33.71,69.46

2026-09-28T02:29:48.741Z,33.72,69.44

2026-09-28T02:29:53.742Z,33.71,69.45

2026-09-28T02:29:58.743Z,33.72,69.56

2026-09-28T02:30:03.757Z,33.71,69.54

2026-09-28T02:30:08.743Z,33.71,69.44

2026-09-28T02:30:13.743Z,33.72,69.49

2026-09-28T02:30:18.758Z,33.7,69.47

2026-09-28T02:30:23.770Z,33.71,69.54

2026-09-28T02:30:28.758Z,33.71,69.48

2026-09-28T02:30:33.758Z,33.7,69.5

2026-09-28T02:30:38.756Z,33.7,69.46

2026-09-28T02:30:43.758Z,33.71,69.46

2026-09-28T02:30:48.764Z,33.7,69.5

2026-09-28T02:30:53.776Z,33.7,69.54

2026-09-28T02:30:58.763Z,33.68,69.48

2026-09-28T02:31:03.765Z,33.69,69.55

2026-09-28T02:31:08.762Z,33.69,69.49

2026-09-28T02:31:13.763Z,33.7,69.54

2026-09-28T02:31:18.773Z,33.69,69.53

2026-09-28T02:31:23.782Z,33.69,69.57

2026-09-28T02:31:28.771Z,33.68,69.57

2026-09-28T02:31:33.772Z,33.67,69.53

2026-09-28T02:31:38.776Z,33.67,69.59

2026-09-28T02:31:43.789Z,33.66,69.57

2026-09-28T02:31:48.779Z,33.66,69.59

2026-09-28T02:31:53.783Z,33.65,69.66

2026-09-28T02:31:58.774Z,33.65,69.73

2026-09-28T02:32:03.787Z,33.66,69.7

2026-09-28T02:32:08.774Z,33.65,69.75

2026-09-28T02:32:13.773Z,33.64,69.65

2026-09-28T02:32:18.774Z,33.65,69.72

2026-09-28T02:32:23.774Z,33.66,69.77

2026-09-28T02:32:28.787Z,33.66,69.75

2026-09-28T02:32:33.796Z,33.63,69.89

2026-09-28T02:32:38.786Z,33.65,69.82

2026-09-28T02:32:43.784Z,33.63,69.86

2026-09-28T02:32:48.798Z,33.65,69.85

2026-09-28T02:32:53.813Z,33.63,69.87

2026-09-28T02:32:58.796Z,33.64,69.91

2026-09-28T02:33:03.797Z,33.65,69.83

2026-09-28T02:33:08.796Z,33.64,69.91

2026-09-28T02:33:13.812Z,33.65,69.89

2026-09-28T02:33:18.802Z,33.65,69.85

2026-09-28T02:33:23.810Z,33.62,69.94

2026-09-28T02:33:28.797Z,33.65,69.89

2026-09-28T02:33:33.810Z,33.64,69.89

2026-09-28T02:33:38.807Z,33.65,69.93

2026-09-28T02:33:43.812Z,33.66,69.92

2026-09-28T02:33:48.811Z,33.64,69.88

2026-09-28T02:33:53.820Z,33.64,69.91

2026-09-28T02:33:58.810Z,33.64,69.96

2026-09-28T02:34:03.810Z,33.65,69.95

2026-09-28T02:34:08.810Z,33.64,69.91

2026-09-28T02:34:13.808Z,33.65,69.94

2026-09-28T02:34:18.823Z,33.66,69.92

2026-09-28T02:34:23.833Z,33.65,69.93

2026-09-28T02:34:28.821Z,33.66,69.91

2026-09-28T02:34:33.820Z,33.67,69.9

2026-09-28T02:34:38.821Z,33.66,69.94

2026-09-28T02:34:43.836Z,33.67,69.92

2026-09-28T02:34:48.826Z,33.66,69.95

2026-09-28T02:34:53.835Z,33.66,69.91

2026-09-28T02:34:58.830Z,33.67,69.89

2026-09-28T02:35:03.839Z,33.67,69.9

2026-09-28T02:35:08.826Z,33.69,69.94

2026-09-28T02:35:13.830Z,33.69,69.89

2026-09-28T02:35:18.827Z,33.7,69.95

2026-09-28T02:35:23.839Z,33.7,70.01

2026-09-28T02:35:28.833Z,33.69,69.99

2026-09-28T02:35:33.840Z,33.69,70.06

2026-09-28T02:35:38.844Z,33.69,70.13

2026-09-28T02:35:43.849Z,33.69,70.09

2026-09-28T02:35:48.838Z,33.7,70.03

2026-09-28T02:35:53.839Z,33.71,70.02

2026-09-28T02:35:58.837Z,33.71,70.04

2026-09-28T02:36:03.843Z,33.71,69.99

2026-09-28T02:36:08.868Z,33.71,70.01

2026-09-28T02:36:13.870Z,33.69,69.99

2026-09-28T02:36:18.861Z,33.71,70

2026-09-28T02:36:23.856Z,33.74,70.01

2026-09-28T02:36:28.862Z,33.72,70.05

2026-09-28T02:36:33.871Z,33.71,70.11

2026-09-28T02:36:38.861Z,33.72,70

2026-09-28T02:36:43.862Z,33.72,70.07

2026-09-28T02:36:48.862Z,33.71,70.01

2026-09-28T02:36:53.864Z,33.73,70.07

2026-09-28T02:36:58.871Z,33.73,70.07

2026-09-28T02:37:03.882Z,33.73,70.02

2026-09-28T02:37:08.871Z,33.73,69.96

2026-09-28T02:37:13.872Z,33.75,70.07

2026-09-28T02:37:18.871Z,33.74,70.02

2026-09-28T02:37:23.870Z,33.74,69.95

2026-09-28T02:37:28.886Z,33.74,69.95

2026-09-28T02:37:33.890Z,33.75,69.94

2026-09-28T02:37:38.885Z,33.75,69.93

2026-09-28T02:37:43.892Z,33.72,69.91

2026-09-28T02:37:48.879Z,33.75,69.91

2026-09-28T02:37:53.882Z,33.76,69.99

2026-09-28T02:37:58.880Z,33.76,69.97

2026-09-28T02:38:03.878Z,33.76,70.01

2026-09-28T02:38:08.889Z,33.76,70.03

2026-09-28T02:38:13.898Z,33.76,70.1

2026-09-28T02:38:18.885Z,33.77,70.07

2026-09-28T02:38:23.889Z,33.76,70.12

2026-09-28T02:38:28.895Z,33.76,70.22

2026-09-28T02:38:33.898Z,33.78,70.16

2026-09-28T02:38:38.892Z,33.78,70.22

2026-09-28T02:38:43.899Z,33.77,70.16

2026-09-28T02:38:48.886Z,33.79,70.14

2026-09-28T02:38:53.902Z,33.79,70.02

2026-09-28T02:38:58.894Z,33.8,70.09

2026-09-28T02:39:03.905Z,33.79,70.1

2026-09-28T02:39:08.908Z,33.78,70.06

2026-09-28T02:39:13.897Z,33.78,70

2026-09-28T02:39:18.896Z,33.78,69.99

2026-09-28T02:39:23.897Z,33.78,69.99

2026-09-28T02:39:28.905Z,33.79,70.01

2026-09-28T02:39:33.919Z,33.81,70.02

2026-09-28T02:39:38.905Z,33.8,70.04

2026-09-28T02:39:43.904Z,33.79,70.02

2026-09-28T02:39:48.903Z,33.78,69.98

2026-09-28T02:39:53.903Z,33.79,70.06

2026-09-28T02:39:58.918Z,33.79,69.99

2026-09-28T02:40:03.931Z,33.76,69.93

2026-09-28T02:40:08.918Z,33.79,70.02

2026-09-28T02:40:13.917Z,33.78,69.94

2026-09-28T02:40:18.917Z,33.78,69.96

2026-09-28T02:40:23.918Z,33.77,69.96

2026-09-28T02:40:28.928Z,33.81,69.92

2026-09-28T02:40:33.940Z,33.78,69.9

2026-09-28T02:40:38.926Z,33.79,69.89

2026-09-28T02:40:43.927Z,33.79,69.85

2026-09-28T02:40:48.924Z,33.79,69.79

2026-09-28T02:40:53.927Z,33.78,69.79

2026-09-28T02:40:58.934Z,33.78,69.72

2026-09-28T02:41:03.946Z,33.78,69.71

2026-09-28T02:41:08.939Z,33.8,69.66

2026-09-28T02:41:13.946Z,33.79,69.62

2026-09-28T02:41:18.936Z,33.79,69.58

2026-09-28T02:41:23.943Z,33.78,69.61

2026-09-28T02:41:28.948Z,33.79,69.6

2026-09-28T02:41:33.939Z,33.78,69.61

2026-09-28T02:41:38.937Z,33.8,69.66

2026-09-28T02:41:43.939Z,33.81,69.68

2026-09-28T02:41:48.950Z,33.8,69.59

2026-09-28T02:41:53.943Z,33.77,69.6

2026-09-28T02:41:58.946Z,33.8,69.52

2026-09-28T02:42:03.956Z,33.77,69.3

2026-09-28T02:42:08.943Z,33.78,69.22

2026-09-28T02:42:13.945Z,33.78,69.2

2026-09-28T02:42:18.951Z,33.8,69.22

2026-09-28T02:42:23.960Z,33.77,69.31

2026-09-28T02:42:28.948Z,33.76,69.25

2026-09-28T02:42:33.949Z,33.78,69.15

2026-09-28T02:42:38.952Z,33.77,69.08

2026-09-28T02:42:43.950Z,33.78,69.14

2026-09-28T02:42:48.964Z,33.76,69.15

2026-09-28T02:42:53.976Z,33.75,69.18

2026-09-28T02:42:58.962Z,33.77,69.09

2026-09-28T02:43:03.964Z,33.77,69.01

2026-09-28T02:43:08.961Z,33.76,68.98

2026-09-28T02:43:13.962Z,33.74,68.88

2026-09-28T02:43:18.969Z,33.77,68.87

2026-09-28T02:43:23.983Z,33.75,68.78

2026-09-28T02:43:28.970Z,33.75,68.68

2026-09-28T02:43:33.970Z,33.73,68.71

2026-09-28T02:43:38.981Z,33.72,68.67

2026-09-28T02:43:43.990Z,33.72,68.7

2026-09-28T02:43:48.980Z,33.72,68.67

2026-09-28T02:43:53.979Z,33.74,68.6

2026-09-28T02:43:58.980Z,33.73,68.67

2026-09-28T02:44:03.979Z,33.72,68.64

2026-09-28T02:44:08.996Z,33.72,68.66

2026-09-28T02:44:13.989Z,33.72,68.65

2026-09-28T02:44:18.988Z,33.71,68.61

2026-09-28T02:44:23.989Z,33.73,68.63

2026-09-28T02:44:28.998Z,33.74,68.61

2026-09-28T02:44:34.007Z,33.71,68.65

2026-09-28T02:44:38.998Z,33.72,68.58

2026-09-28T02:44:44.014Z,33.72,68.64

2026-09-28T02:44:49.004Z,33.73,68.55

2026-09-28T02:44:54.009Z,33.71,68.54

2026-09-28T02:44:59.004Z,33.74,68.47

2026-09-28T02:45:04.000Z,33.72,68.48

2026-09-28T02:45:08.999Z,33.73,68.5

2026-09-28T02:45:14.011Z,33.73,68.42

2026-09-28T02:45:19.002Z,33.75,68.43

2026-09-28T02:45:24.001Z,33.74,68.33

2026-09-28T02:45:29.001Z,33.73,68.23

2026-09-28T02:45:34.000Z,33.73,68.25

2026-09-28T02:45:39.003Z,33.74,68.24

2026-09-28T02:45:44.012Z,33.75,68.22

2026-09-28T02:45:48.998Z,33.76,68.21

2026-09-28T02:45:54.000Z,33.75,68.16

2026-09-28T02:45:59.000Z,33.75,68.14

2026-09-28T02:46:04.001Z,33.75,68.1

2026-09-28T02:46:09.012Z,33.74,68.02

2026-09-28T02:46:14.021Z,33.73,68.04

2026-09-28T02:46:19.009Z,33.75,68.05

2026-09-28T02:46:24.008Z,33.75,67.97

2026-09-28T02:46:29.023Z,33.76,67.9

2026-09-28T02:46:34.028Z,33.73,67.92

2026-09-28T02:46:39.023Z,33.76,67.84

2026-09-28T02:46:44.025Z,33.76,67.81

2026-09-28T02:46:49.023Z,33.73,67.71

2026-09-28T02:46:54.015Z,33.75,67.74

2026-09-28T02:46:59.028Z,33.76,67.74

2026-09-28T02:47:04.037Z,33.74,67.75

2026-09-28T02:47:09.029Z,33.74,67.66

2026-09-28T02:47:14.028Z,33.75,67.67

2026-09-28T02:47:19.027Z,33.73,67.55

2026-09-28T02:47:24.028Z,33.73,67.61

2026-09-28T02:47:29.039Z,33.74,67.61

2026-09-28T02:47:34.049Z,33.73,67.6

2026-09-28T02:47:39.039Z,33.71,67.57

2026-09-28T02:47:44.040Z,33.72,67.67

2026-09-28T02:47:49.040Z,33.72,67.61

2026-09-28T02:47:54.040Z,33.71,67.57

2026-09-28T02:47:59.047Z,33.71,67.63

2026-09-28T02:48:04.057Z,33.67,67.65

2026-09-28T02:48:09.045Z,33.7,67.65

2026-09-28T02:48:14.046Z,33.7,67.74

2026-09-28T02:48:19.048Z,33.71,67.88

2026-09-28T02:48:24.057Z,33.7,67.86

2026-09-28T02:48:29.051Z,33.7,67.81

2026-09-28T02:48:34.058Z,33.69,67.77

2026-09-28T02:48:39.053Z,33.7,67.84

2026-09-28T02:48:44.047Z,33.68,67.78

2026-09-28T02:48:49.048Z,33.69,67.81

2026-09-28T02:48:54.062Z,33.68,67.78

2026-09-28T02:48:59.052Z,33.68,67.79

2026-09-28T02:49:04.063Z,33.69,67.85

2026-09-28T02:49:09.053Z,33.68,67.82

2026-09-28T02:49:14.047Z,33.7,67.77

2026-09-28T02:49:19.058Z,33.68,67.89

2026-09-28T02:49:24.052Z,33.69,67.77

2026-09-28T02:49:29.060Z,33.69,67.83

2026-09-28T02:49:34.066Z,33.67,67.83

2026-09-28T02:49:39.060Z,33.71,67.84

2026-09-28T02:49:44.059Z,33.69,67.83

2026-09-28T02:49:49.060Z,33.67,67.76

2026-09-28T02:49:54.059Z,33.7,67.76

2026-09-28T02:49:59.067Z,33.69,67.76

2026-09-28T02:50:04.080Z,33.69,67.87

2026-09-28T02:50:09.066Z,33.68,67.78

2026-09-28T02:50:14.070Z,33.67,67.82

2026-09-28T02:50:19.068Z,33.68,67.84

2026-09-28T02:50:24.068Z,33.7,67.82

2026-09-28T02:50:29.082Z,33.7,67.81

2026-09-28T02:50:34.092Z,33.69,67.87

2026-09-28T02:50:39.080Z,33.7,67.76

2026-09-28T02:50:44.082Z,33.7,67.79

2026-09-28T02:50:49.089Z,33.69,67.7

2026-09-28T02:50:54.098Z,33.7,67.71

2026-09-28T02:50:59.091Z,33.7,67.72

2026-09-28T02:51:04.094Z,33.71,67.64

2026-09-28T02:51:09.090Z,33.71,67.67

2026-09-28T02:51:14.095Z,33.71,67.67

2026-09-28T02:51:19.094Z,33.7,67.56

2026-09-28T02:51:24.099Z,33.71,67.57

2026-09-28T02:51:29.096Z,33.7,67.55

2026-09-28T02:51:34.090Z,33.7,67.6

2026-09-28T02:51:39.099Z,33.71,67.52

2026-09-28T02:51:44.113Z,33.7,67.62

2026-09-28T02:51:49.098Z,33.69,67.55

2026-09-28T02:51:54.098Z,33.66,67.61

2026-09-28T02:51:59.098Z,33.7,67.55

2026-09-28T02:52:04.097Z,33.7,67.56

2026-09-28T02:52:09.103Z,33.68,67.52

2026-09-28T02:52:14.115Z,33.66,67.63

2026-09-28T02:52:19.105Z,33.68,67.63

2026-09-28T02:52:24.101Z,33.68,67.6

2026-09-28T02:52:29.120Z,33.67,67.68

2026-09-28T02:52:34.114Z,33.68,67.63

2026-09-28T02:52:39.115Z,33.67,67.63

2026-09-28T02:52:44.121Z,33.68,67.67

2026-09-28T02:52:49.127Z,33.68,67.65

2026-09-28T02:52:54.114Z,33.67,67.66

2026-09-28T02:52:59.117Z,33.67,67.67

2026-09-28T02:53:04.115Z,33.68,67.72

2026-09-28T02:53:09.133Z,33.69,67.65

2026-09-28T02:53:14.126Z,33.69,67.64

2026-09-28T02:53:19.124Z,33.69,67.64

2026-09-28T02:53:24.137Z,33.7,67.64

2026-09-28T02:53:29.128Z,33.7,67.63

2026-09-28T02:53:34.141Z,33.7,67.7

2026-09-28T02:53:39.140Z,33.68,67.6

2026-09-28T02:53:44.132Z,33.69,67.58

2026-09-28T02:53:49.140Z,33.67,67.57

2026-09-28T02:53:54.149Z,33.67,67.61

2026-09-28T02:53:59.135Z,33.69,67.5

2026-09-28T02:54:04.136Z,33.7,67.55

2026-09-28T02:54:09.134Z,33.71,67.56

2026-09-28T02:54:14.136Z,33.71,67.61

2026-09-28T02:54:19.146Z,33.68,67.52

2026-09-28T02:54:24.157Z,33.69,67.6

2026-09-28T02:54:29.145Z,33.69,67.49

2026-09-28T02:54:34.145Z,33.72,67.55

2026-09-28T02:54:39.148Z,33.7,67.46

2026-09-28T02:54:44.145Z,33.72,67.48

2026-09-28T02:54:49.162Z,33.7,67.56

2026-09-28T02:54:54.171Z,33.73,67.54

2026-09-28T02:54:59.158Z,33.73,67.5

2026-09-28T02:55:04.161Z,33.73,67.49

2026-09-28T02:55:09.159Z,33.72,67.49

2026-09-28T02:55:14.160Z,33.74,67.48

2026-09-28T02:55:19.162Z,33.72,67.48

2026-09-28T02:55:24.169Z,33.72,67.54

2026-09-28T02:55:29.163Z,33.74,67.49

2026-09-28T02:55:34.169Z,33.71,67.51

2026-09-28T02:55:39.165Z,33.73,67.49

2026-09-28T02:55:44.169Z,33.73,67.54

2026-09-28T02:55:49.160Z,33.74,67.51

2026-09-28T02:55:54.162Z,33.73,67.47

2026-09-28T02:55:59.177Z,33.72,67.43

2026-09-28T02:56:04.171Z,33.73,67.5

2026-09-28T02:56:09.169Z,33.72,67.46

2026-09-28T02:56:14.170Z,33.71,67.43

2026-09-28T02:56:19.180Z,33.72,67.5

2026-09-28T02:56:24.196Z,33.74,67.51

2026-09-28T02:56:29.179Z,33.74,67.5

2026-09-28T02:56:34.179Z,33.72,67.51

2026-09-28T02:56:39.181Z,33.74,67.49

2026-09-28T02:56:44.183Z,33.7,67.55

2026-09-28T02:56:49.190Z,33.72,67.5

2026-09-28T02:56:54.201Z,33.71,67.58

2026-09-28T02:56:59.189Z,33.72,67.54

2026-09-28T02:57:04.189Z,33.72,67.57

2026-09-28T02:57:09.193Z,33.72,67.63

2026-09-28T02:57:14.201Z,33.7,67.65

2026-09-28T02:57:19.197Z,33.72,67.62

2026-09-28T02:57:24.204Z,33.71,67.63

2026-09-28T02:57:29.198Z,33.72,67.7

2026-09-28T02:57:34.207Z,33.7,67.67

2026-09-28T02:57:39.211Z,33.71,67.71

2026-09-28T02:57:44.203Z,33.71,67.72

2026-09-28T02:57:49.202Z,33.7,67.64

2026-09-28T02:57:54.204Z,33.72,67.64

2026-09-28T02:57:59.209Z,33.72,67.63

2026-09-28T02:58:04.220Z,33.72,67.66

2026-09-28T02:58:09.206Z,33.71,67.63

2026-09-28T02:58:14.220Z,33.72,67.7

2026-09-28T02:58:19.213Z,33.72,67.7

2026-09-28T02:58:24.217Z,33.75,67.65

2026-09-28T02:58:29.214Z,33.74,67.68

2026-09-28T02:58:34.218Z,33.72,67.59

2026-09-28T02:58:39.207Z,33.75,67.63

2026-09-28T02:58:44.218Z,33.75,67.59

2026-09-28T02:58:49.209Z,33.74,67.57

2026-09-28T02:58:54.206Z,33.75,67.61

2026-09-28T02:58:59.210Z,33.75,67.5

2026-09-28T02:59:04.210Z,33.75,67.49

2026-09-28T02:59:09.222Z,33.75,67.55

2026-09-28T02:59:14.236Z,33.72,67.56

2026-09-28T02:59:19.223Z,33.73,67.47

2026-09-28T02:59:24.229Z,33.74,67.55

2026-09-28T02:59:29.229Z,33.75,67.52

2026-09-28T02:59:34.234Z,33.75,67.52

2026-09-28T02:59:39.241Z,33.75,67.62

2026-09-28T02:59:44.232Z,33.75,67.57

2026-09-28T02:59:49.240Z,33.75,67.52

2026-09-28T02:59:54.250Z,33.75,67.55

2026-09-28T02:59:59.243Z,33.75,67.56

2026-09-28T03:00:04.249Z,33.75,67.59

2026-09-28T03:00:09.246Z,33.74,67.54

2026-09-28T03:00:14.256Z,33.75,67.6

2026-09-28T03:00:19.242Z,33.76,67.52

2026-09-28T03:00:24.243Z,33.77,67.52

2026-09-28T03:00:29.241Z,33.76,67.57

2026-09-28T03:00:34.243Z,33.77,67.55

2026-09-28T03:00:39.254Z,33.76,67.6

2026-09-28T03:00:44.263Z,33.76,67.58

2026-09-28T03:00:49.257Z,33.77,67.56

2026-09-28T03:00:54.261Z,33.76,67.53

2026-09-28T03:00:59.258Z,33.77,67.56

2026-09-28T03:01:04.252Z,33.78,67.55

2026-09-28T03:01:09.260Z,33.79,67.64

2026-09-28T03:01:14.264Z,33.78,67.61

2026-09-28T03:01:19.253Z,33.8,67.55

2026-09-28T03:01:24.253Z,33.79,67.47

2026-09-28T03:01:29.266Z,33.8,67.48

2026-09-28T03:01:34.278Z,33.8,67.55

2026-09-28T03:01:39.265Z,33.79,67.52

2026-09-28T03:01:44.265Z,33.78,67.51

2026-09-28T03:01:49.264Z,33.81,67.49

2026-09-28T03:01:54.263Z,33.8,67.54

2026-09-28T03:01:59.275Z,33.79,67.56

2026-09-28T03:02:04.288Z,33.79,67.58

2026-09-28T03:02:09.277Z,33.81,67.55

2026-09-28T03:02:14.269Z,33.82,67.52

2026-09-28T03:02:19.274Z,33.8,67.52

2026-09-28T03:02:24.287Z,33.78,67.55

2026-09-28T03:02:29.272Z,33.8,67.53

2026-09-28T03:02:34.273Z,33.8,67.5

2026-09-28T03:02:39.283Z,33.79,67.56

2026-09-28T03:02:44.291Z,33.81,67.6

2026-09-28T03:02:49.282Z,33.79,67.55

2026-09-28T03:02:54.281Z,33.81,67.54

2026-09-28T03:02:59.282Z,33.81,67.48

2026-09-28T03:03:04.299Z,33.79,67.55

2026-09-28T03:03:09.288Z,33.81,67.59

2026-09-28T03:03:14.294Z,33.8,67.58

2026-09-28T03:03:19.294Z,33.82,67.55

2026-09-28T03:03:24.304Z,33.8,67.55

2026-09-28T03:03:29.294Z,33.8,67.54

2026-09-28T03:03:34.295Z,33.81,67.54

2026-09-28T03:03:39.293Z,33.78,67.57

2026-09-28T03:03:44.293Z,33.79,67.53

2026-09-28T03:03:49.306Z,33.79,67.53

2026-09-28T03:03:54.318Z,33.8,67.6

2026-09-28T03:03:59.309Z,33.78,67.57

2026-09-28T03:04:04.316Z,33.79,67.6

2026-09-28T03:04:09.301Z,33.79,67.55

2026-09-28T03:04:14.303Z,33.8,67.58

2026-09-28T03:04:19.304Z,33.79,67.54

2026-09-28T03:04:24.302Z,33.8,67.53

2026-09-28T03:04:29.313Z,33.81,67.56

2026-09-28T03:04:34.321Z,33.78,67.53

2026-09-28T03:04:39.310Z,33.78,67.62

2026-09-28T03:04:44.310Z,33.81,67.52

2026-09-28T03:04:49.320Z,33.78,67.59

2026-09-28T03:04:54.321Z,33.81,67.56

2026-09-28T03:04:59.315Z,33.81,67.54

2026-09-28T03:05:04.309Z,33.82,67.51

2026-09-28T03:05:09.319Z,33.78,67.49

2026-09-28T03:05:14.329Z,33.82,67.55

2026-09-28T03:05:19.330Z,33.81,67.49

2026-09-28T03:05:24.340Z,33.82,67.55

2026-09-28T03:05:29.331Z,33.83,67.54

2026-09-28T03:05:34.349Z,33.81,67.55

2026-09-28T03:05:39.345Z,33.83,67.51

2026-09-28T03:05:44.333Z,33.83,67.47

2026-09-28T03:05:49.340Z,33.83,67.42

2026-09-28T03:05:54.351Z,33.82,67.47

2026-09-28T03:05:59.338Z,33.84,67.44

2026-09-28T03:06:04.339Z,33.83,67.41

2026-09-28T03:06:09.338Z,33.85,67.42

2026-09-28T03:06:14.338Z,33.83,67.4

2026-09-28T03:06:19.347Z,33.82,67.4

2026-09-28T03:06:24.356Z,33.82,67.42

2026-09-28T03:06:29.350Z,33.83,67.38

2026-09-28T03:06:34.361Z,33.81,67.42

2026-09-28T03:06:39.357Z,33.82,67.37

2026-09-28T03:06:44.361Z,33.82,67.44

2026-09-28T03:06:49.356Z,33.82,67.36

2026-09-28T03:06:54.351Z,33.82,67.42

2026-09-28T03:06:59.354Z,33.81,67.41

2026-09-28T03:07:04.365Z,33.82,67.38

2026-09-28T03:07:09.353Z,33.83,67.39

2026-09-28T03:07:14.353Z,33.8,67.46

2026-09-28T03:07:19.353Z,33.81,67.47

2026-09-28T03:07:24.352Z,33.81,67.46

2026-09-28T03:07:29.366Z,33.81,67.45

2026-09-28T03:07:34.375Z,33.8,67.55

2026-09-28T03:07:39.364Z,33.8,67.57

2026-09-28T03:07:44.365Z,33.81,67.6

2026-09-28T03:07:49.365Z,33.83,67.54

2026-09-28T03:07:54.377Z,33.79,67.57

2026-09-28T03:07:59.372Z,33.81,67.52

2026-09-28T03:08:04.378Z,33.78,67.48

2026-09-28T03:08:09.372Z,33.8,67.51

2026-09-28T03:08:14.366Z,33.78,67.45

2026-09-28T03:08:19.365Z,33.78,67.43

2026-09-28T03:08:24.379Z,33.79,67.52

2026-09-28T03:08:29.369Z,33.78,67.53

2026-09-28T03:08:34.375Z,33.78,67.55

2026-09-28T03:08:39.382Z,33.79,67.54

2026-09-28T03:08:44.392Z,33.78,67.57

2026-09-28T03:08:49.385Z,33.78,67.61

2026-09-28T03:08:54.383Z,33.8,67.53

2026-09-28T03:08:59.395Z,33.79,67.55

2026-09-28T03:09:04.387Z,33.78,67.57

2026-09-28T03:09:09.386Z,33.79,67.58

2026-09-28T03:09:14.388Z,33.79,67.54

2026-09-28T03:09:19.401Z,33.79,67.63

2026-09-28T03:09:24.408Z,33.8,67.58

2026-09-28T03:09:29.401Z,33.8,67.54

2026-09-28T03:09:34.409Z,33.8,67.63

2026-09-28T03:09:39.402Z,33.79,67.58

2026-09-28T03:09:44.409Z,33.79,67.55

2026-09-28T03:09:49.404Z,33.79,67.57

2026-09-28T03:09:54.414Z,33.79,67.51

2026-09-28T03:09:59.398Z,33.79,67.47

2026-09-28T03:10:04.401Z,33.81,67.44

2026-09-28T03:10:09.400Z,33.82,67.49

2026-09-28T03:10:14.410Z,33.81,67.52

2026-09-28T03:10:19.400Z,33.8,67.5

2026-09-28T03:10:24.400Z,33.83,67.45

2026-09-28T03:10:29.400Z,33.81,67.45

2026-09-28T03:10:34.399Z,33.82,67.45

2026-09-28T03:10:39.427Z,33.81,67.43

2026-09-28T03:10:44.419Z,33.81,67.43

2026-09-28T03:10:49.419Z,33.81,67.46

2026-09-28T03:10:54.418Z,33.83,67.5

2026-09-28T03:10:59.424Z,33.81,67.41

2026-09-28T03:11:04.431Z,33.82,67.47

2026-09-28T03:11:09.418Z,33.85,67.42

2026-09-28T03:11:14.418Z,33.83,67.39

2026-09-28T03:11:19.420Z,33.84,67.4

2026-09-28T03:11:24.419Z,33.84,67.4

2026-09-28T03:11:29.422Z,33.83,67.39

2026-09-28T03:11:34.431Z,33.83,67.41

2026-09-28T03:11:39.419Z,33.84,67.34

2026-09-28T03:11:44.421Z,33.84,67.41

2026-09-28T03:11:49.423Z,33.84,67.36

2026-09-28T03:11:54.422Z,33.85,67.34

2026-09-28T03:11:59.433Z,33.85,67.34

2026-09-28T03:12:04.437Z,33.86,67.34

2026-09-28T03:12:09.429Z,33.86,67.32

2026-09-28T03:12:14.434Z,33.83,67.29

2026-09-28T03:12:19.434Z,33.84,67.27

2026-09-28T03:12:24.431Z,33.87,67.32

2026-09-28T03:12:29.444Z,33.86,67.24

2026-09-28T03:12:34.453Z,33.86,67.28

2026-09-28T03:12:39.442Z,33.87,67.23

2026-09-28T03:12:44.442Z,33.85,67.24

2026-09-28T03:12:49.457Z,33.86,67.25

2026-09-28T03:12:54.470Z,33.85,67.26

2026-09-28T03:12:59.453Z,33.85,67.23

2026-09-28T03:13:04.456Z,33.86,67.21

2026-09-28T03:13:09.455Z,33.85,67.23

2026-09-28T03:13:14.466Z,33.84,67.25

2026-09-28T03:13:19.454Z,33.84,67.25

2026-09-28T03:13:24.455Z,33.84,67.22

2026-09-28T03:13:29.453Z,33.83,67.19

2026-09-28T03:13:34.455Z,33.86,67.28

2026-09-28T03:13:39.471Z,33.84,67.24

2026-09-28T03:13:44.480Z,33.83,67.3

2026-09-28T03:13:49.467Z,33.85,67.17

2026-09-28T03:13:54.469Z,33.84,67.21

2026-09-28T03:13:59.469Z,33.84,67.17

2026-09-28T03:14:04.469Z,33.86,67.26

2026-09-28T03:14:09.481Z,33.83,67.23

2026-09-28T03:14:14.493Z,33.83,67.33

2026-09-28T03:14:19.482Z,33.84,67.3

2026-09-28T03:14:24.482Z,33.83,67.21

2026-09-28T03:14:29.484Z,33.85,67.16

2026-09-28T03:14:34.483Z,33.83,67.17

2026-09-28T03:14:39.495Z,33.86,67.25

2026-09-28T03:14:44.505Z,33.84,67.22

2026-09-28T03:14:49.495Z,33.85,67.19

2026-09-28T03:14:54.502Z,33.82,67.24

2026-09-28T03:14:59.498Z,33.84,67.24

2026-09-28T03:15:04.492Z,33.84,67.28

2026-09-28T03:15:09.494Z,33.85,67.18

2026-09-28T03:15:14.505Z,33.85,67.22

2026-09-28T03:15:19.493Z,33.84,67.28

2026-09-28T03:15:24.492Z,33.85,67.24

2026-09-28T03:15:29.493Z,33.84,67.21

2026-09-28T03:15:34.494Z,33.85,67.25

2026-09-28T03:15:39.508Z,33.86,67.24

2026-09-28T03:15:44.517Z,33.85,67.28

2026-09-28T03:15:49.506Z,33.87,67.26

2026-09-28T03:15:54.506Z,33.87,67.25

2026-09-28T03:15:59.508Z,33.85,67.27

2026-09-28T03:16:04.514Z,33.85,67.25

2026-09-28T03:16:09.504Z,33.86,67.21

2026-09-28T03:16:14.517Z,33.84,67.29

2026-09-28T03:16:19.510Z,33.87,67.25

2026-09-28T03:16:24.519Z,33.86,67.22

2026-09-28T03:16:29.520Z,33.89,67.19

2026-09-28T03:16:34.528Z,33.89,67.29

2026-09-28T03:16:39.519Z,33.89,67.16

2026-09-28T03:16:44.519Z,33.87,67.16

2026-09-28T03:16:49.531Z,33.88,67.17

2026-09-28T03:16:54.538Z,33.87,67.19

2026-09-28T03:16:59.526Z,33.9,67.1

2026-09-28T03:17:04.534Z,33.9,67.13

2026-09-28T03:17:09.522Z,33.91,67.07

2026-09-28T03:17:14.525Z,33.92,67.05

2026-09-28T03:17:19.531Z,33.91,67.02

2026-09-28T03:17:24.543Z,33.9,67.06

2026-09-28T03:17:29.530Z,33.91,67.03

2026-09-28T03:17:34.530Z,33.91,67.07

2026-09-28T03:17:39.530Z,33.91,67.03

2026-09-28T03:17:44.531Z,33.91,67.03

2026-09-28T03:17:49.545Z,33.89,67.02

2026-09-28T03:17:54.555Z,33.91,66.99

2026-09-28T03:17:59.549Z,33.9,67

2026-09-28T03:18:04.553Z,33.9,67.01

2026-09-28T03:18:09.548Z,33.89,67.09

2026-09-28T03:18:14.542Z,33.9,67.06

2026-09-28T03:18:19.543Z,33.88,67

2026-09-28T03:18:24.553Z,33.88,67.1

2026-09-28T03:18:29.541Z,33.88,67.07

2026-09-28T03:18:34.540Z,33.9,67.08

2026-09-28T03:18:39.541Z,33.88,67.09

2026-09-28T03:18:44.541Z,33.89,67.14

2026-09-28T03:18:49.561Z,33.89,67.09

2026-09-28T03:18:54.554Z,33.89,67.14

2026-09-28T03:18:59.553Z,33.87,67.11

2026-09-28T03:19:04.561Z,33.87,67.23

2026-09-28T03:19:09.554Z,33.87,67.12

2026-09-28T03:19:14.555Z,33.88,67.13

2026-09-28T03:19:19.555Z,33.89,67.15

2026-09-28T03:19:24.556Z,33.87,67.08

2026-09-28T03:19:29.565Z,33.88,67.14

2026-09-28T03:19:34.576Z,33.88,67.12

2026-09-28T03:19:39.564Z,33.88,67.13

2026-09-28T03:19:44.566Z,33.86,67.1

2026-09-28T03:19:49.585Z,33.88,67.13

2026-09-28T03:19:54.577Z,33.86,67.08

2026-09-28T03:19:59.575Z,33.86,67.13

2026-09-28T03:20:04.574Z,33.86,67.14

2026-09-28T03:20:09.583Z,33.86,67.16

2026-09-28T03:20:14.597Z,33.86,67.21

2026-09-28T03:20:19.584Z,33.85,67.15

2026-09-28T03:20:24.583Z,33.86,67.18

2026-09-28T03:20:29.584Z,33.87,67.15

2026-09-28T03:20:34.585Z,33.87,67.14

2026-09-28T03:20:39.597Z,33.87,67.21

2026-09-28T03:20:44.608Z,33.87,67.21

2026-09-28T03:20:49.602Z,33.87,67.19

2026-09-28T03:20:54.608Z,33.88,67.14

2026-09-28T03:20:59.601Z,33.89,67.2

2026-09-28T03:21:04.612Z,33.88,67.2

2026-09-28T03:21:09.599Z,33.87,67.18

2026-09-28T03:21:14.600Z,33.87,67.13

2026-09-28T03:21:19.601Z,33.88,67.15

2026-09-28T03:21:24.600Z,33.87,67.14

2026-09-28T03:21:29.605Z,33.89,67.16

2026-09-28T03:21:34.612Z,33.89,67.15

2026-09-28T03:21:39.603Z,33.89,67.11

2026-09-28T03:21:44.600Z,33.9,67.11

2026-09-28T03:21:49.615Z,33.89,67.08

2026-09-28T03:21:54.614Z,33.9,67.16

2026-09-28T03:21:59.612Z,33.91,67.13

2026-09-28T03:22:04.602Z,33.91,67.12

2026-09-28T03:22:09.606Z,33.93,67.17

2026-09-28T03:22:14.613Z,33.92,67.19

2026-09-28T03:22:19.616Z,33.92,67.13

2026-09-28T03:22:24.630Z,33.94,67.22

2026-09-28T03:22:29.624Z,33.91,67.19

2026-09-28T03:22:34.632Z,33.92,67.2

2026-09-28T03:22:39.620Z,33.93,67.21

2026-09-28T03:22:44.622Z,33.93,67.19

2026-09-28T03:22:49.620Z,33.92,67.25

2026-09-28T03:22:54.622Z,33.92,67.27

2026-09-28T03:22:59.631Z,33.92,67.25

2026-09-28T03:23:04.641Z,33.93,67.34

2026-09-28T03:23:09.632Z,33.94,67.28

2026-09-28T03:23:14.630Z,33.93,67.33

2026-09-28T03:23:19.631Z,33.94,67.34

2026-09-28T03:23:24.631Z,33.96,67.31

2026-09-28T03:23:29.645Z,33.93,67.34

2026-09-28T03:23:34.660Z,33.94,67.39

2026-09-28T03:23:39.643Z,33.95,67.24

2026-09-28T03:23:44.644Z,33.97,67.29

2026-09-28T03:23:49.656Z,33.96,67.31

2026-09-28T03:23:54.666Z,33.96,67.34

2026-09-28T03:23:59.655Z,33.96,67.3

2026-09-28T03:24:04.654Z,33.98,67.29

2026-09-28T03:24:09.655Z,33.97,67.3

2026-09-28T03:24:14.653Z,33.97,67.25

2026-09-28T03:24:19.666Z,33.97,67.28

2026-09-28T03:24:24.675Z,33.99,67.2

2026-09-28T03:24:29.663Z,33.97,67.18

2026-09-28T03:24:34.664Z,33.99,67.2

2026-09-28T03:24:39.663Z,33.98,67.22

2026-09-28T03:24:44.664Z,33.99,67.18

2026-09-28T03:24:49.669Z,33.99,67.23

2026-09-28T03:24:54.678Z,34,67.18

2026-09-28T03:24:59.667Z,34,67.17

2026-09-28T03:25:04.666Z,33.99,67.17

2026-09-28T03:25:09.668Z,33.99,67.16

2026-09-28T03:25:14.667Z,34.01,67.16

2026-09-28T03:25:19.673Z,34,67.15

2026-09-28T03:25:24.684Z,34,67.14

2026-09-28T03:25:29.670Z,33.99,67.11

2026-09-28T03:25:34.669Z,34.03,67.14

2026-09-28T03:25:39.669Z,34.01,67.2

2026-09-28T03:25:44.670Z,34.02,67.2

2026-09-28T03:25:49.681Z,34.03,67.17

2026-09-28T03:25:54.690Z,34.01,67.23

2026-09-28T03:25:59.678Z,34.01,67.27

2026-09-28T03:26:04.679Z,34,67.18

2026-09-28T03:26:09.678Z,33.99,67.19

2026-09-28T03:26:14.681Z,34.02,67.19

2026-09-28T03:26:19.689Z,34.01,67.18

2026-09-28T03:26:24.699Z,34.01,67.24

2026-09-28T03:26:29.689Z,34,67.2

2026-09-28T03:26:34.687Z,34.01,67.21

2026-09-28T03:26:39.688Z,34.02,67.23

2026-09-28T03:26:44.695Z,34,67.22

2026-09-28T03:26:49.705Z,34,67.28

2026-09-28T03:26:54.722Z,34.02,67.24

2026-09-28T03:26:59.701Z,34.02,67.19

2026-09-28T03:27:04.700Z,34.02,67.24

2026-09-28T03:27:09.710Z,34.02,67.18

2026-09-28T03:27:14.725Z,34.02,67.24

2026-09-28T03:27:19.709Z,34.02,67.24

2026-09-28T03:27:24.721Z,34.04,67.22

2026-09-28T03:27:29.708Z,34.02,67.23

2026-09-28T03:27:34.709Z,34.03,67.19

2026-09-28T03:27:39.708Z,34.04,67.21

2026-09-28T03:27:44.709Z,34.05,67.2

2026-09-28T03:27:49.726Z,34.04,67.17

2026-09-28T03:27:54.734Z,34.03,67.23

2026-09-28T03:27:59.722Z,34.03,67.2

2026-09-28T03:28:04.736Z,34.03,67.26

2026-09-28T03:28:09.731Z,34.02,67.22

2026-09-28T03:28:14.736Z,34.02,67.27

2026-09-28T03:28:19.743Z,34.04,67.31

2026-09-28T03:28:24.737Z,34.02,67.26

2026-09-28T03:28:29.743Z,34.02,67.27

2026-09-28T03:28:34.755Z,34.01,67.24

2026-09-28T03:28:39.739Z,34.03,67.26

2026-09-28T03:28:44.741Z,33.99,67.28

2026-09-28T03:28:49.738Z,34,67.31

2026-09-28T03:28:54.741Z,34.01,67.27

2026-09-28T03:28:59.746Z,34.01,67.31

2026-09-28T03:29:04.758Z,34,67.32

2026-09-28T03:29:09.745Z,34.01,67.34

2026-09-28T03:29:14.757Z,34.01,67.41

2026-09-28T03:29:19.753Z,33.99,67.36

2026-09-28T03:29:24.755Z,34,67.49

2026-09-28T03:29:29.746Z,34,67.49

2026-09-28T03:29:34.757Z,33.98,67.54

2026-09-28T03:29:39.745Z,33.98,67.52

2026-09-28T03:29:44.746Z,33.99,67.55

2026-09-28T03:29:49.746Z,33.99,67.58

2026-09-28T03:29:54.748Z,34.01,67.54

2026-09-28T03:29:59.758Z,33.99,67.57

2026-09-28T03:30:04.777Z,34,67.53

2026-09-28T03:30:09.760Z,33.97,67.6

2026-09-28T03:30:14.759Z,33.96,67.52

2026-09-28T03:30:19.757Z,33.98,67.58

2026-09-28T03:30:24.758Z,33.96,67.55

2026-09-28T03:30:29.778Z,33.98,67.65

2026-09-28T03:30:34.788Z,33.97,67.67

2026-09-28T03:30:39.787Z,33.98,67.73

2026-09-28T03:30:44.792Z,33.96,67.67

2026-09-28T03:30:49.783Z,33.97,67.72

2026-09-28T03:30:54.792Z,33.96,67.66

2026-09-28T03:30:59.780Z,33.97,67.67

2026-09-28T03:31:04.779Z,33.98,67.7

2026-09-28T03:31:09.783Z,33.97,67.71

2026-09-28T03:31:14.797Z,33.98,67.67

2026-09-28T03:31:19.781Z,33.98,67.71

2026-09-28T03:31:24.783Z,33.97,67.68

2026-09-28T03:31:29.783Z,33.98,67.7

2026-09-28T03:31:34.785Z,33.97,67.71

2026-09-28T03:31:39.800Z,33.97,67.65

2026-09-28T03:31:44.809Z,33.98,67.71

2026-09-28T03:31:49.797Z,33.97,67.71

2026-09-28T03:31:54.797Z,33.98,67.72

2026-09-28T03:31:59.798Z,33.96,67.72

2026-09-28T03:32:04.808Z,34,67.74

2026-09-28T03:32:09.804Z,33.97,67.72

2026-09-28T03:32:14.810Z,33.98,67.72

2026-09-28T03:32:19.799Z,33.98,67.73

2026-09-28T03:32:24.809Z,34,67.77

2026-09-28T03:32:29.797Z,33.98,67.7

2026-09-28T03:32:34.799Z,34.01,67.73

2026-09-28T03:32:39.801Z,34,67.71

2026-09-28T03:32:44.812Z,33.99,67.73

2026-09-28T03:32:49.802Z,34,67.67

2026-09-28T03:32:54.802Z,34.01,67.65

2026-09-28T03:32:59.808Z,34,67.7

2026-09-28T03:33:04.818Z,34,67.76

2026-09-28T03:33:09.821Z,33.99,67.62

2026-09-28T03:33:14.811Z,33.99,67.62

2026-09-28T03:33:19.820Z,33.98,67.77

2026-09-28T03:33:24.828Z,33.98,67.77

2026-09-28T03:33:29.822Z,33.99,67.77

2026-09-28T03:33:34.825Z,34,67.76

2026-09-28T03:33:39.825Z,33.99,67.77

2026-09-28T03:33:44.833Z,33.97,67.77

2026-09-28T03:33:49.821Z,34,67.73

2026-09-28T03:33:54.822Z,33.98,67.7

2026-09-28T03:33:59.820Z,33.97,67.72

2026-09-28T03:34:04.837Z,33.99,67.78

2026-09-28T03:34:09.823Z,33.99,67.76

2026-09-28T03:34:14.824Z,34,67.71

2026-09-28T03:34:19.824Z,33.96,67.79

2026-09-28T03:34:24.824Z,33.98,67.74

2026-09-28T03:34:29.842Z,33.96,67.78

2026-09-28T03:34:34.852Z,33.97,67.81

2026-09-28T03:34:39.841Z,33.99,67.81

2026-09-28T03:34:44.840Z,33.98,67.76

2026-09-28T03:34:49.841Z,33.98,67.75

2026-09-28T03:34:54.852Z,33.98,67.72

2026-09-28T03:34:59.847Z,33.97,67.74

2026-09-28T03:35:04.850Z,33.99,67.78

2026-09-28T03:35:09.859Z,33.99,67.81

2026-09-28T03:35:14.851Z,33.99,67.76

2026-09-28T03:35:19.852Z,33.98,67.76

2026-09-28T03:35:24.853Z,33.99,67.79

2026-09-28T03:35:29.852Z,33.99,67.82

2026-09-28T03:35:34.862Z,33.99,67.87

2026-09-28T03:35:39.850Z,33.98,67.83

2026-09-28T03:35:44.853Z,33.99,67.7

2026-09-28T03:35:49.852Z,33.99,67.79

2026-09-28T03:35:54.852Z,33.98,67.76

2026-09-28T03:35:59.863Z,34,67.65

2026-09-28T03:36:04.873Z,33.98,67.73

2026-09-28T03:36:09.861Z,33.96,67.65

2026-09-28T03:36:14.861Z,34.01,67.66

2026-09-28T03:36:19.859Z,33.98,67.69

2026-09-28T03:36:24.859Z,33.98,67.67

2026-09-28T03:36:29.860Z,34,67.71

2026-09-28T03:36:34.870Z,34,67.73

2026-09-28T03:36:39.860Z,34.01,67.69

2026-09-28T03:36:44.863Z,33.99,67.67

2026-09-28T03:36:49.881Z,33.99,67.76

2026-09-28T03:36:54.894Z,33.98,67.69

2026-09-28T03:36:59.883Z,33.99,67.63

2026-09-28T03:37:04.886Z,33.98,67.7

2026-09-28T03:37:09.876Z,34,67.66

2026-09-28T03:37:14.887Z,33.98,67.7

2026-09-28T03:37:19.875Z,33.97,67.62

2026-09-28T03:37:24.875Z,33.97,67.62

2026-09-28T03:37:29.876Z,34,67.62

2026-09-28T03:37:34.876Z,33.99,67.62

2026-09-28T03:37:39.892Z,33.99,67.56

2026-09-28T03:37:44.900Z,34,67.62

2026-09-28T03:37:49.890Z,33.98,67.53

2026-09-28T03:37:54.891Z,33.99,67.54

2026-09-28T03:37:59.891Z,33.98,67.59

2026-09-28T03:38:04.890Z,33.97,67.5

2026-09-28T03:38:09.904Z,33.99,67.54

2026-09-28T03:38:14.915Z,33.98,67.58

2026-09-28T03:38:19.903Z,33.98,67.55

2026-09-28T03:38:24.905Z,33.99,67.49

2026-09-28T03:38:29.910Z,33.98,67.59

2026-09-28T03:38:34.918Z,33.99,67.54

2026-09-28T03:38:39.911Z,33.98,67.54

2026-09-28T03:38:44.921Z,33.98,67.61

2026-09-28T03:38:49.910Z,33.99,67.55

2026-09-28T03:38:54.917Z,33.98,67.6

2026-09-28T03:38:59.917Z,33.99,67.61

2026-09-28T03:39:04.904Z,33.99,67.52

2026-09-28T03:39:09.904Z,34,67.57

2026-09-28T03:39:14.904Z,34,67.58

2026-09-28T03:39:19.919Z,33.99,67.53

2026-09-28T03:39:24.927Z,33.98,67.54

2026-09-28T03:39:29.916Z,33.99,67.5

2026-09-28T03:39:34.917Z,34,67.52

2026-09-28T03:39:39.918Z,34,67.51

2026-09-28T03:39:44.917Z,33.99,67.47

2026-09-28T03:39:49.924Z,34,67.57

2026-09-28T03:39:54.939Z,34,67.5

2026-09-28T03:39:59.921Z,34.01,67.57

2026-09-28T03:40:04.924Z,34,67.52

2026-09-28T03:40:09.924Z,34,67.52

2026-09-28T03:40:14.925Z,34.02,67.52

2026-09-28T03:40:19.941Z,34.01,67.51

2026-09-28T03:40:24.945Z,34,67.5

2026-09-28T03:40:29.935Z,34.02,67.52

2026-09-28T03:40:34.936Z,34,67.58

2026-09-28T03:40:39.936Z,34.01,67.52

2026-09-28T03:40:44.937Z,34.05,67.52

2026-09-28T03:40:49.945Z,34.03,67.48

2026-09-28T03:40:54.953Z,34.02,67.49

2026-09-28T03:40:59.940Z,34.03,67.5

2026-09-28T03:41:04.944Z,34.03,67.42

2026-09-28T03:41:09.961Z,34.04,67.42

2026-09-28T03:41:14.970Z,34.03,67.44

2026-09-28T03:41:19.958Z,34.01,67.43

2026-09-28T03:41:24.959Z,34.03,67.34

2026-09-28T03:41:29.960Z,34.05,67.34

2026-09-28T03:41:34.960Z,34.05,67.38

2026-09-28T03:41:39.967Z,34.04,67.38

2026-09-28T03:41:44.977Z,34.06,67.35

2026-09-28T03:41:49.967Z,34.06,67.32

2026-09-28T03:41:54.967Z,34.05,67.35

2026-09-28T03:41:59.967Z,34.04,67.28

2026-09-28T03:42:04.969Z,34.05,67.29

2026-09-28T03:42:09.977Z,34.06,67.34

2026-09-28T03:42:14.990Z,34.07,67.33

2026-09-28T03:42:19.977Z,34.07,67.24

2026-09-28T03:42:24.977Z,34.07,67.25

2026-09-28T03:42:29.976Z,34.06,67.21

2026-09-28T03:42:34.974Z,34.07,67.21

2026-09-28T03:42:39.985Z,34.09,67.23

2026-09-28T03:42:44.994Z,34.08,67.22

2026-09-28T03:42:49.985Z,34.08,67.12

2026-09-28T03:42:54.995Z,34.1,67.21

2026-09-28T03:42:59.992Z,34.09,67.19

2026-09-28T03:43:04.994Z,34.09,67.28

2026-09-28T03:43:09.992Z,34.09,67.17

2026-09-28T03:43:14.998Z,34.08,67.23

2026-09-28T03:43:19.986Z,34.1,67.18

2026-09-28T03:43:24.985Z,34.1,67.18

2026-09-28T03:43:29.985Z,34.09,67.16

2026-09-28T03:43:34.998Z,34.1,67.19

2026-09-28T03:43:39.987Z,34.1,67.15

2026-09-28T03:43:44.991Z,34.09,67.18

2026-09-28T03:43:49.990Z,34.11,67.2

2026-09-28T03:43:54.990Z,34.1,67.18

2026-09-28T03:44:00.001Z,34.11,67.17

2026-09-28T03:44:05.012Z,34.11,67.17

2026-09-28T03:44:09.999Z,34.12,67.12

2026-09-28T03:44:15.000Z,34.1,67.05

2026-09-28T03:44:20.010Z,34.12,67.06

2026-09-28T03:44:25.021Z,34.13,67.01

2026-09-28T03:44:30.008Z,34.1,66.92

2026-09-28T03:44:35.010Z,34.11,66.98

2026-09-28T03:44:40.011Z,34.11,66.96

2026-09-28T03:44:45.010Z,34.1,66.92

2026-09-28T03:44:50.021Z,34.11,66.96

2026-09-28T03:44:55.030Z,34.11,66.98

2026-09-28T03:45:00.017Z,34.1,66.93

2026-09-28T03:45:05.019Z,34.1,66.88

2026-09-28T03:45:10.017Z,34.1,66.96

2026-09-28T03:45:15.018Z,34.07,66.96

2026-09-28T03:45:20.040Z,34.09,66.93

2026-09-28T03:45:25.030Z,34.09,66.97

2026-09-28T03:45:30.029Z,34.08,66.94

2026-09-28T03:45:35.030Z,34.09,66.89

2026-09-28T03:45:40.042Z,34.07,66.88

2026-09-28T03:45:45.052Z,34.07,66.97

2026-09-28T03:45:50.041Z,34.06,66.95

2026-09-28T03:45:55.040Z,34.04,66.88

2026-09-28T03:46:00.041Z,34.05,66.91

2026-09-28T03:46:05.040Z,34.03,66.95

2026-09-28T03:46:10.055Z,34.03,66.85

2026-09-28T03:46:15.067Z,34.01,66.91

2026-09-28T03:46:20.053Z,34.02,66.88

2026-09-28T03:46:25.055Z,34,66.93

2026-09-28T03:46:30.054Z,34,66.93

2026-09-28T03:46:35.058Z,34.01,66.89

2026-09-28T03:46:40.058Z,33.99,66.95

2026-09-28T03:46:45.070Z,33.97,66.91

2026-09-28T03:46:50.056Z,33.99,66.97

2026-09-28T03:46:55.055Z,33.99,66.91

2026-09-28T03:47:00.057Z,33.98,66.9

2026-09-28T03:47:05.057Z,33.96,66.96

2026-09-28T03:47:10.063Z,33.97,67.07

2026-09-28T03:47:15.069Z,33.95,67

2026-09-28T03:47:20.063Z,33.96,66.93

2026-09-28T03:47:25.073Z,33.95,67.03

2026-09-28T03:47:30.059Z,33.95,67.02

2026-09-28T03:47:35.058Z,33.97,66.99

2026-09-28T03:47:40.069Z,33.93,67

2026-09-28T03:47:45.083Z,33.95,67

2026-09-28T03:47:50.072Z,33.94,66.92

2026-09-28T03:47:55.073Z,33.97,66.92

2026-09-28T03:48:00.068Z,33.95,66.89

2026-09-28T03:48:05.071Z,33.94,66.85

2026-09-28T03:48:10.083Z,33.97,66.87

2026-09-28T03:48:15.097Z,33.96,66.95

2026-09-28T03:48:20.080Z,33.96,66.9

2026-09-28T03:48:25.081Z,33.96,66.92

2026-09-28T03:48:30.096Z,33.96,66.89

2026-09-28T03:48:35.107Z,33.97,66.92

2026-09-28T03:48:40.097Z,33.96,66.84

2026-09-28T03:48:45.105Z,33.96,66.91

2026-09-28T03:48:50.098Z,33.96,66.92

2026-09-28T03:48:55.095Z,33.96,66.8

2026-09-28T03:49:00.103Z,33.98,66.86

2026-09-28T03:49:05.114Z,33.96,66.94

2026-09-28T03:49:10.103Z,33.98,66.87

2026-09-28T03:49:15.102Z,33.99,66.85

2026-09-28T03:49:20.107Z,34.01,66.83

2026-09-28T03:49:25.119Z,33.99,66.91

2026-09-28T03:49:30.111Z,33.99,66.83

2026-09-28T03:49:35.111Z,34,66.85

2026-09-28T03:49:40.104Z,34.02,66.85

2026-09-28T03:49:45.114Z,34.01,66.87

2026-09-28T03:49:50.102Z,34.01,66.79

2026-09-28T03:49:55.102Z,34,66.79

2026-09-28T03:50:00.104Z,34.03,66.76

2026-09-28T03:50:05.101Z,34.01,66.79

2026-09-28T03:50:10.112Z,34.02,66.74

2026-09-28T03:50:15.124Z,34.03,66.76

2026-09-28T03:50:20.116Z,34.04,66.69

2026-09-28T03:50:25.123Z,34.03,66.7

2026-09-28T03:50:30.116Z,34.04,66.64

2026-09-28T03:50:35.125Z,34.04,66.63

2026-09-28T03:50:40.113Z,34.03,66.62

2026-09-28T03:50:45.118Z,34.03,66.53

2026-09-28T03:50:50.127Z,34.04,66.56

2026-09-28T03:50:55.132Z,34.04,66.57

2026-09-28T03:51:00.123Z,34.03,66.57

2026-09-28T03:51:05.125Z,34.02,66.66

2026-09-28T03:51:10.124Z,34.02,66.55

2026-09-28T03:51:15.126Z,34.02,66.6

2026-09-28T03:51:20.144Z,34,66.61

2026-09-28T03:51:25.152Z,34.02,66.68

2026-09-28T03:51:30.139Z,34.01,66.67

2026-09-28T03:51:35.142Z,34.01,66.62

2026-09-28T03:51:40.141Z,34.01,66.69

2026-09-28T03:51:45.143Z,34.02,66.65

2026-09-28T03:51:50.159Z,34.01,66.67

2026-09-28T03:51:55.152Z,34,66.79

2026-09-28T03:52:00.153Z,34.02,66.68

2026-09-28T03:52:05.152Z,34,66.68

2026-09-28T03:52:10.163Z,34,66.73

2026-09-28T03:52:15.175Z,33.98,66.74

2026-09-28T03:52:20.161Z,34,66.74

2026-09-28T03:52:25.161Z,34,66.72

2026-09-28T03:52:30.178Z,33.99,66.66

2026-09-28T03:52:35.192Z,33.99,66.71

2026-09-28T03:52:40.182Z,33.98,66.72

2026-09-28T03:52:45.186Z,33.97,66.73

2026-09-28T03:52:50.181Z,33.98,66.7

2026-09-28T03:52:55.192Z,33.97,66.74

2026-09-28T03:53:00.178Z,33.98,66.71

2026-09-28T03:53:05.180Z,33.96,66.77

2026-09-28T03:53:10.180Z,33.96,66.78

2026-09-28T03:53:15.179Z,33.95,66.84

2026-09-28T03:53:20.184Z,33.93,66.77

2026-09-28T03:53:25.195Z,33.95,66.89

2026-09-28T03:53:30.181Z,33.95,66.86

2026-09-28T03:53:35.180Z,33.95,66.87

2026-09-28T03:53:40.188Z,33.92,66.87

2026-09-28T03:53:45.193Z,33.91,66.87

2026-09-28T03:53:50.185Z,33.92,66.86

2026-09-28T03:53:55.189Z,33.91,66.95

2026-09-28T03:54:00.181Z,33.93,66.86

2026-09-28T03:54:05.182Z,33.94,66.91

2026-09-28T03:54:10.188Z,33.92,66.95

2026-09-28T03:54:15.200Z,33.93,66.97

2026-09-28T03:54:20.187Z,33.94,66.99

2026-09-28T03:54:25.189Z,33.93,66.96

2026-09-28T03:54:30.202Z,33.9,66.98

2026-09-28T03:54:35.198Z,33.93,66.97

2026-09-28T03:54:40.196Z,33.92,66.94

2026-09-28T03:54:45.195Z,33.92,66.96

2026-09-28T03:54:50.205Z,33.92,66.99

2026-09-28T03:54:55.213Z,33.9,66.97

2026-09-28T03:55:00.201Z,33.94,66.96

2026-09-28T03:55:05.202Z,33.93,66.93

2026-09-28T03:55:10.204Z,33.92,66.96

2026-09-28T03:55:15.205Z,33.92,66.94

2026-09-28T03:55:20.220Z,33.92,66.89

2026-09-28T03:55:25.235Z,33.9,67.01

2026-09-28T03:55:30.219Z,33.92,66.89

2026-09-28T03:55:35.219Z,33.92,66.95

2026-09-28T03:55:40.228Z,33.91,66.97

2026-09-28T03:55:45.235Z,33.9,67

2026-09-28T03:55:50.225Z,33.92,66.95

2026-09-28T03:55:55.226Z,33.9,66.99

2026-09-28T03:56:00.232Z,33.92,66.96

2026-09-28T03:56:05.236Z,33.91,66.97

2026-09-28T03:56:10.231Z,33.9,66.91

2026-09-28T03:56:15.235Z,33.89,66.99

2026-09-28T03:56:20.229Z,33.9,66.93

2026-09-28T03:56:25.237Z,33.89,67

2026-09-28T03:56:30.240Z,33.92,67.01

2026-09-28T03:56:35.242Z,33.9,67.01

2026-09-28T03:56:40.229Z,33.92,67.03

2026-09-28T03:56:45.245Z,33.89,67.04

2026-09-28T03:56:50.234Z,33.9,67.06

2026-09-28T03:56:55.240Z,33.9,67.13

2026-09-28T03:57:00.236Z,33.9,67.01

2026-09-28T03:57:05.242Z,33.91,67.06

2026-09-28T03:57:10.233Z,33.9,67

2026-09-28T03:57:15.241Z,33.91,67.09

2026-09-28T03:57:20.232Z,33.91,66.99

2026-09-28T03:57:25.232Z,33.9,67.01

2026-09-28T03:57:30.236Z,33.92,67.04

2026-09-28T03:57:35.235Z,33.9,67.01

2026-09-28T03:57:40.261Z,33.9,66.97

2026-09-28T03:57:45.249Z,33.91,67.02

2026-09-28T03:57:50.250Z,33.9,67.02

2026-09-28T03:57:55.266Z,33.9,67.03

2026-09-28T03:58:00.250Z,33.91,67.04

2026-09-28T03:58:05.252Z,33.89,67.03

2026-09-28T03:58:10.262Z,33.94,67.04

2026-09-28T03:58:15.275Z,33.91,67.02

2026-09-28T03:58:20.260Z,33.91,66.96

2026-09-28T03:58:25.260Z,33.91,66.99

2026-09-28T03:58:30.263Z,33.92,66.99

2026-09-28T03:58:35.263Z,33.92,67

2026-09-28T03:58:40.276Z,33.92,66.97

2026-09-28T03:58:45.285Z,33.93,67.03

2026-09-28T03:58:50.275Z,33.94,66.93

2026-09-28T03:58:55.273Z,33.93,66.98

2026-09-28T03:59:00.273Z,33.94,67.02

2026-09-28T03:59:05.289Z,33.95,67.02

2026-09-28T03:59:10.280Z,33.94,66.94

2026-09-28T03:59:15.275Z,33.97,66.89

2026-09-28T03:59:20.278Z,33.97,66.91

2026-09-28T03:59:25.284Z,33.96,66.96

2026-09-28T03:59:30.279Z,33.94,66.93

2026-09-28T03:59:35.285Z,33.95,66.96

2026-09-28T03:59:40.277Z,33.95,66.96

2026-09-28T03:59:45.286Z,33.95,66.97

2026-09-28T03:59:50.288Z,33.95,66.96

2026-09-28T03:59:55.280Z,33.95,66.94

2026-09-28T04:00:00.278Z,33.98,66.92

2026-09-28T04:00:05.276Z,33.97,66.89

2026-09-28T04:00:10.282Z,33.95,66.91

2026-09-28T04:00:15.291Z,33.96,66.86

2026-09-28T04:00:20.279Z,33.96,66.82

2026-09-28T04:00:25.280Z,33.97,66.79

2026-09-28T04:00:30.281Z,33.96,66.83

2026-09-28T04:00:35.295Z,33.94,66.86

2026-09-28T04:00:40.285Z,33.94,66.75

2026-09-28T04:00:45.286Z,33.95,66.81

2026-09-28T04:00:50.295Z,33.97,66.8

2026-09-28T04:00:55.304Z,33.95,66.83

2026-09-28T04:01:00.297Z,33.96,66.81

2026-09-28T04:01:05.292Z,33.95,66.78

2026-09-28T04:01:10.293Z,33.95,66.85

2026-09-28T04:01:15.291Z,33.96,66.85

2026-09-28T04:01:20.307Z,33.94,66.79

2026-09-28T04:01:25.318Z,33.92,66.91

2026-09-28T04:01:30.301Z,33.96,66.85

2026-09-28T04:01:35.305Z,33.94,66.8

2026-09-28T04:01:40.312Z,33.96,66.8

2026-09-28T04:01:45.322Z,33.95,66.86

2026-09-28T04:01:50.311Z,33.93,66.81

2026-09-28T04:01:55.313Z,33.94,66.88

2026-09-28T04:02:00.309Z,33.94,66.88

2026-09-28T04:02:05.312Z,33.94,66.86

2026-09-28T04:02:10.326Z,33.94,66.88

2026-09-28T04:02:15.338Z,33.93,66.99

2026-09-28T04:02:20.325Z,33.92,66.93

2026-09-28T04:02:25.325Z,33.93,66.94

2026-09-28T04:02:30.328Z,33.93,66.92

2026-09-28T04:02:35.339Z,33.91,66.96

2026-09-28T04:02:40.329Z,33.93,67

2026-09-28T04:02:45.329Z,33.93,66.95

2026-09-28T04:02:50.329Z,33.9,66.95

2026-09-28T04:02:55.343Z,33.92,67.04

2026-09-28T04:03:00.329Z,33.91,67.02

2026-09-28T04:03:05.328Z,33.92,66.98

2026-09-28T04:03:10.328Z,33.91,67.02

2026-09-28T04:03:15.327Z,33.91,66.92

2026-09-28T04:03:20.343Z,33.91,67

2026-09-28T04:03:25.355Z,33.9,67.05

2026-09-28T04:03:30.342Z,33.91,67.02

2026-09-28T04:03:35.343Z,33.92,67.02

2026-09-28T04:03:40.344Z,33.9,67.09

2026-09-28T04:03:45.345Z,33.9,67.1

2026-09-28T04:03:50.345Z,33.89,67.08

2026-09-28T04:03:55.363Z,33.89,67.15

2026-09-28T04:04:00.344Z,33.9,67.12

2026-09-28T04:04:05.344Z,33.91,67.22

2026-09-28T04:04:10.346Z,33.89,67.24

2026-09-28T04:04:15.343Z,33.91,67.25

2026-09-28T04:04:20.350Z,33.9,67.28

2026-09-28T04:04:25.361Z,33.9,67.25

2026-09-28T04:04:30.348Z,33.9,67.32

2026-09-28T04:04:35.353Z,33.89,67.24

2026-09-28T04:04:40.355Z,33.89,67.27

2026-09-28T04:04:45.371Z,33.88,67.31

2026-09-28T04:04:50.356Z,33.9,67.39

2026-09-28T04:04:55.356Z,33.92,67.3

2026-09-28T04:05:00.355Z,33.89,67.36

2026-09-28T04:05:05.358Z,33.9,67.34

2026-09-28T04:05:10.365Z,33.91,67.32

2026-09-28T04:05:15.377Z,33.88,67.4

2026-09-28T04:05:20.363Z,33.91,67.32

2026-09-28T04:05:25.365Z,33.9,67.36

2026-09-28T04:05:30.374Z,33.9,67.39

2026-09-28T04:05:35.383Z,33.89,67.41

2026-09-28T04:05:40.369Z,33.91,67.38

2026-09-28T04:05:45.369Z,33.89,67.38

2026-09-28T04:05:50.370Z,33.9,67.35

2026-09-28T04:05:55.371Z,33.9,67.34

2026-09-28T04:06:00.400Z,33.9,67.34

2026-09-28T04:06:05.389Z,33.91,67.35

2026-09-28T04:06:10.388Z,33.91,67.33

2026-09-28T04:06:15.402Z,33.91,67.44

2026-09-28T04:06:20.399Z,33.92,67.41

2026-09-28T04:06:25.401Z,33.91,67.37

2026-09-28T04:06:30.396Z,33.92,67.33

2026-09-28T04:06:35.405Z,33.9,67.43

2026-09-28T04:06:40.398Z,33.92,67.32

2026-09-28T04:06:45.405Z,33.92,67.37

2026-09-28T04:06:50.406Z,33.92,67.35

2026-09-28T04:06:55.396Z,33.92,67.39

2026-09-28T04:07:00.396Z,33.91,67.32

2026-09-28T04:07:05.395Z,33.92,67.36

2026-09-28T04:07:10.402Z,33.93,67.39

2026-09-28T04:07:15.411Z,33.9,67.45

2026-09-28T04:07:20.400Z,33.91,67.37

2026-09-28T04:07:25.399Z,33.91,67.43

2026-09-28T04:07:30.400Z,33.89,67.43

2026-09-28T04:07:35.402Z,33.9,67.45

2026-09-28T04:07:40.401Z,33.89,67.43

2026-09-28T04:07:45.413Z,33.88,67.45

2026-09-28T04:07:50.404Z,33.88,67.45

2026-09-28T04:07:55.404Z,33.86,67.45

2026-09-28T04:08:00.404Z,33.85,67.48

2026-09-28T04:08:05.404Z,33.84,67.55

2026-09-28T04:08:10.427Z,33.84,67.57

2026-09-28T04:08:15.411Z,33.84,67.58

2026-09-28T04:08:20.410Z,33.84,67.56

2026-09-28T04:08:25.409Z,33.84,67.54

2026-09-28T04:08:30.421Z,33.82,67.57

2026-09-28T04:08:35.434Z,33.81,67.6

2026-09-28T04:08:40.422Z,33.82,67.68

2026-09-28T04:08:45.422Z,33.81,67.66

2026-09-28T04:08:50.420Z,33.81,67.67

2026-09-28T04:08:55.420Z,33.79,67.71

2026-09-28T04:09:00.435Z,33.77,67.75

2026-09-28T04:09:05.430Z,33.78,67.74

2026-09-28T04:09:10.427Z,33.79,67.77

2026-09-28T04:09:15.429Z,33.8,67.84

2026-09-28T04:09:20.437Z,33.77,67.81

2026-09-28T04:09:25.442Z,33.74,67.85

2026-09-28T04:09:30.435Z,33.75,67.83

2026-09-28T04:09:35.442Z,33.75,67.94

2026-09-28T04:09:40.431Z,33.74,67.9

2026-09-28T04:09:45.431Z,33.74,67.82

2026-09-28T04:09:50.443Z,33.73,67.9

2026-09-28T04:09:55.454Z,33.73,67.98

2026-09-28T04:10:00.443Z,33.71,67.94

2026-09-28T04:10:05.442Z,33.7,68

2026-09-28T04:10:10.456Z,33.71,68.03

2026-09-28T04:10:15.462Z,33.72,68.02

2026-09-28T04:10:20.452Z,33.71,68.07

2026-09-28T04:10:25.459Z,33.7,68.15

2026-09-28T04:10:30.448Z,33.7,68.14

2026-09-28T04:10:35.446Z,33.69,68.17

2026-09-28T04:10:40.449Z,33.68,68.16

2026-09-28T04:10:45.457Z,33.66,68.17

2026-09-28T04:10:50.445Z,33.69,68.17

2026-09-28T04:10:55.445Z,33.66,68.23

2026-09-28T04:11:00.445Z,33.68,68.26

2026-09-28T04:11:05.446Z,33.67,68.28

2026-09-28T04:11:10.458Z,33.68,68.28

2026-09-28T04:11:15.473Z,33.65,68.34

2026-09-28T04:11:20.459Z,33.66,68.29

2026-09-28T04:11:25.462Z,33.64,68.37

2026-09-28T04:11:30.465Z,33.63,68.39

2026-09-28T04:11:35.469Z,33.63,68.45

2026-09-28T04:11:40.479Z,33.64,68.43

2026-09-28T04:11:45.466Z,33.64,68.35

2026-09-28T04:11:50.466Z,33.62,68.42

2026-09-28T04:11:55.476Z,33.65,68.45

2026-09-28T04:12:00.467Z,33.61,68.4

2026-09-28T04:12:05.465Z,33.61,68.47

2026-09-28T04:12:10.465Z,33.6,68.45

2026-09-28T04:12:15.469Z,33.62,68.44

2026-09-28T04:12:20.486Z,33.59,68.51

2026-09-28T04:12:25.498Z,33.6,68.52

2026-09-28T04:12:30.483Z,33.58,68.54

2026-09-28T04:12:35.497Z,33.58,68.61

2026-09-28T04:12:40.491Z,33.59,68.6

2026-09-28T04:12:45.483Z,33.61,68.58

2026-09-28T04:12:50.498Z,33.59,68.65

2026-09-28T04:12:55.490Z,33.58,68.64

2026-09-28T04:13:00.490Z,33.58,68.67

2026-09-28T04:13:05.490Z,33.59,68.6

2026-09-28T04:13:10.503Z,33.58,68.67

2026-09-28T04:13:15.514Z,33.56,68.7

2026-09-28T04:13:20.504Z,33.57,68.64

2026-09-28T04:13:25.502Z,33.57,68.69

2026-09-28T04:13:30.503Z,33.56,68.67

2026-09-28T04:13:35.502Z,33.56,68.74

2026-09-28T04:13:40.510Z,33.57,68.76

2026-09-28T04:13:45.518Z,33.54,68.74

2026-09-28T04:13:50.513Z,33.56,68.68

2026-09-28T04:13:55.522Z,33.55,68.76

2026-09-28T04:14:00.512Z,33.53,68.8

2026-09-28T04:14:05.508Z,33.54,68.75

2026-09-28T04:14:10.508Z,33.56,68.78

2026-09-28T04:14:15.519Z,33.54,68.74

2026-09-28T04:14:20.507Z,33.52,68.82

2026-09-28T04:14:25.506Z,33.52,68.8

2026-09-28T04:14:30.507Z,33.51,68.8

2026-09-28T04:14:35.508Z,33.52,68.82

2026-09-28T04:14:40.520Z,33.5,68.77

2026-09-28T04:14:45.531Z,33.5,68.83

2026-09-28T04:14:50.524Z,33.49,68.89

2026-09-28T04:14:55.522Z,33.5,68.83

2026-09-28T04:15:00.519Z,33.49,68.78

2026-09-28T04:15:05.521Z,33.48,68.81

2026-09-28T04:15:10.542Z,33.48,68.83

2026-09-28T04:15:15.544Z,33.49,68.86

2026-09-28T04:15:20.533Z,33.48,68.84

2026-09-28T04:15:25.539Z,33.48,68.81

2026-09-28T04:15:30.539Z,33.47,68.82

2026-09-28T04:15:35.555Z,33.47,68.91

2026-09-28T04:15:40.539Z,33.49,68.79

2026-09-28T04:15:45.539Z,33.48,68.83

2026-09-28T04:15:50.540Z,33.48,68.83

2026-09-28T04:15:55.540Z,33.49,68.83

2026-09-28T04:16:00.546Z,33.5,68.81

2026-09-28T04:16:05.557Z,33.47,68.83

2026-09-28T04:16:10.545Z,33.51,68.86

2026-09-28T04:16:15.546Z,33.51,68.8

2026-09-28T04:16:20.547Z,33.48,68.78

2026-09-28T04:16:25.546Z,33.51,68.8

2026-09-28T04:16:30.563Z,33.51,68.8

2026-09-28T04:16:35.574Z,33.52,68.82

2026-09-28T04:16:40.568Z,33.51,68.83

2026-09-28T04:16:45.575Z,33.51,68.81

2026-09-28T04:16:50.571Z,33.53,68.79

2026-09-28T04:16:55.562Z,33.53,68.77

2026-09-28T04:17:00.565Z,33.53,68.71

2026-09-28T04:17:05.578Z,33.54,68.72

2026-09-28T04:17:10.565Z,33.54,68.68

2026-09-28T04:17:15.566Z,33.56,68.68

2026-09-28T04:17:20.566Z,33.54,68.63

2026-09-28T04:17:25.567Z,33.56,68.65

2026-09-28T04:17:30.566Z,33.57,68.64

2026-09-28T04:17:35.579Z,33.58,68.55

2026-09-28T04:17:40.568Z,33.57,68.54

2026-09-28T04:17:45.567Z,33.57,68.51

2026-09-28T04:17:50.567Z,33.57,68.56

2026-09-28T04:17:55.567Z,33.58,68.49

2026-09-28T04:18:00.582Z,33.61,68.51

2026-09-28T04:18:05.586Z,33.57,68.56

2026-09-28T04:18:10.580Z,33.58,68.59

2026-09-28T04:18:15.587Z,33.56,68.59

2026-09-28T04:18:20.578Z,33.6,68.52

2026-09-28T04:18:25.586Z,33.6,68.51

2026-09-28T04:18:30.584Z,33.58,68.53

2026-09-28T04:18:35.595Z,33.6,68.52

2026-09-28T04:18:40.583Z,33.61,68.54

2026-09-28T04:18:45.583Z,33.59,68.5

2026-09-28T04:18:50.593Z,33.61,68.43

2026-09-28T04:18:55.603Z,33.63,68.55

2026-09-28T04:19:00.592Z,33.59,68.45

2026-09-28T04:19:05.606Z,33.6,68.47

2026-09-28T04:19:10.600Z,33.62,68.44

2026-09-28T04:19:15.607Z,33.62,68.46

2026-09-28T04:19:20.595Z,33.62,68.41

2026-09-28T04:19:25.595Z,33.61,68.43

2026-09-28T04:19:30.597Z,33.62,68.41

2026-09-28T04:19:35.597Z,33.6,68.41

2026-09-28T04:19:40.611Z,33.62,68.4

2026-09-28T04:19:45.621Z,33.62,68.42

2026-09-28T04:19:50.617Z,33.62,68.42

2026-09-28T04:19:55.621Z,33.61,68.33

2026-09-28T04:20:00.617Z,33.61,68.34

2026-09-28T04:20:05.610Z,33.62,68.34

2026-09-28T04:20:10.623Z,33.62,68.43

2026-09-28T04:20:15.616Z,33.61,68.3

2026-09-28T04:20:20.614Z,33.61,68.41

2026-09-28T04:20:25.614Z,33.62,68.36

2026-09-28T04:20:30.624Z,33.62,68.3

2026-09-28T04:20:35.635Z,33.6,68.42

2026-09-28T04:20:40.622Z,33.61,68.39

2026-09-28T04:20:45.635Z,33.62,68.31

2026-09-28T04:20:50.630Z,33.61,68.33

2026-09-28T04:20:55.637Z,33.62,68.38

2026-09-28T04:21:00.633Z,33.63,68.37

2026-09-28T04:21:05.643Z,33.63,68.32

2026-09-28T04:21:10.636Z,33.63,68.39

2026-09-28T04:21:15.628Z,33.64,68.24

2026-09-28T04:21:20.633Z,33.63,68.31

2026-09-28T04:21:25.644Z,33.65,68.28

2026-09-28T04:21:30.628Z,33.64,68.22

2026-09-28T04:21:35.628Z,33.67,68.2

2026-09-28T04:21:40.640Z,33.66,68.24

2026-09-28T04:21:45.650Z,33.66,68.2

2026-09-28T04:21:50.635Z,33.65,68.18

2026-09-28T04:21:55.635Z,33.67,68.16

2026-09-28T04:22:00.635Z,33.66,68.15

2026-09-28T04:22:05.636Z,33.67,68.11

2026-09-28T04:22:10.643Z,33.7,68.05

2026-09-28T04:22:15.656Z,33.69,68.08

2026-09-28T04:22:20.642Z,33.7,68.1

2026-09-28T04:22:25.642Z,33.69,68.08

2026-09-28T04:22:30.653Z,33.69,68.04

2026-09-28T04:22:35.666Z,33.71,68.07

2026-09-28T04:22:40.648Z,33.7,68.03

2026-09-28T04:22:45.651Z,33.72,68.01

2026-09-28T04:22:50.649Z,33.71,68

2026-09-28T04:22:55.651Z,33.72,67.98

2026-09-28T04:23:00.660Z,33.71,67.94

2026-09-28T04:23:05.671Z,33.71,68.02

2026-09-28T04:23:10.658Z,33.73,68

2026-09-28T04:23:15.659Z,33.74,67.94

2026-09-28T04:23:20.666Z,33.73,67.91

2026-09-28T04:23:25.679Z,33.73,67.91

2026-09-28T04:23:30.671Z,33.75,67.91

2026-09-28T04:23:35.680Z,33.73,67.95

2026-09-28T04:23:40.672Z,33.74,67.82

2026-09-28T04:23:45.676Z,33.74,67.86

2026-09-28T04:23:50.665Z,33.76,67.74

2026-09-28T04:23:55.665Z,33.74,67.72

2026-09-28T04:24:00.667Z,33.74,67.75

2026-09-28T04:24:05.676Z,33.75,67.81

2026-09-28T04:24:10.665Z,33.74,67.75

2026-09-28T04:24:15.665Z,33.76,67.82

2026-09-28T04:24:20.666Z,33.76,67.79

2026-09-28T04:24:25.680Z,33.75,67.76

2026-09-28T04:24:30.667Z,33.75,67.8

2026-09-28T04:24:35.668Z,33.76,67.8

2026-09-28T04:24:40.677Z,33.75,67.79

2026-09-28T04:24:45.684Z,33.75,67.85

2026-09-28T04:24:50.674Z,33.74,67.86

2026-09-28T04:24:55.674Z,33.75,67.78

2026-09-28T04:25:00.675Z,33.74,67.84

2026-09-28T04:25:05.676Z,33.75,67.81

2026-09-28T04:25:10.686Z,33.73,67.85

2026-09-28T04:25:15.697Z,33.73,67.94

2026-09-28T04:25:20.687Z,33.74,67.84

2026-09-28T04:25:25.686Z,33.74,67.83

2026-09-28T04:25:30.701Z,33.73,67.81

2026-09-28T04:25:35.710Z,33.74,67.89

2026-09-28T04:25:40.700Z,33.74,67.84

2026-09-28T04:25:45.701Z,33.74,67.82

2026-09-28T04:25:50.700Z,33.74,67.78

2026-09-28T04:25:55.700Z,33.73,67.83

2026-09-28T04:26:00.718Z,33.72,67.85

2026-09-28T04:26:05.710Z,33.73,67.72

2026-09-28T04:26:10.709Z,33.73,67.74

2026-09-28T04:26:15.709Z,33.73,67.69

2026-09-28T04:26:20.713Z,33.73,67.68

2026-09-28T04:26:25.722Z,33.73,67.73

2026-09-28T04:26:30.710Z,33.74,67.72

2026-09-28T04:26:35.711Z,33.75,67.67

2026-09-28T04:26:40.711Z,33.73,67.68

2026-09-28T04:26:45.711Z,33.73,67.74

2026-09-28T04:26:50.724Z,33.74,67.71

2026-09-28T04:26:55.736Z,33.74,67.65

2026-09-28T04:27:00.722Z,33.76,67.69

2026-09-28T04:27:05.722Z,33.74,67.69

2026-09-28T04:27:10.723Z,33.73,67.67

2026-09-28T04:27:15.722Z,33.73,67.68

2026-09-28T04:27:20.726Z,33.74,67.68

2026-09-28T04:27:25.734Z,33.74,67.71

2026-09-28T04:27:30.724Z,33.73,67.77

2026-09-28T04:27:35.725Z,33.73,67.67

2026-09-28T04:27:40.731Z,33.74,67.71

2026-09-28T04:27:45.742Z,33.71,67.8

2026-09-28T04:27:50.728Z,33.74,67.72

2026-09-28T04:27:55.730Z,33.75,67.73

2026-09-28T04:28:00.736Z,33.75,67.73

2026-09-28T04:28:05.745Z,33.74,67.77

2026-09-28T04:28:10.740Z,33.73,67.82

2026-09-28T04:28:15.746Z,33.75,67.78

2026-09-28T04:28:20.740Z,33.73,67.68

2026-09-28T04:28:25.751Z,33.74,67.76

2026-09-28T04:28:30.749Z,33.75,67.65

2026-09-28T04:28:35.760Z,33.73,67.69

2026-09-28T04:28:40.744Z,33.75,67.67

2026-09-28T04:28:45.745Z,33.74,67.67

2026-09-28T04:28:50.756Z,33.74,67.68

2026-09-28T04:28:55.769Z,33.75,67.67

2026-09-28T04:29:00.756Z,33.76,67.64

2026-09-28T04:29:05.758Z,33.75,67.64

2026-09-28T04:29:10.774Z,33.74,67.63

2026-09-28T04:29:15.767Z,33.74,67.65

2026-09-28T04:29:20.773Z,33.75,67.61

2026-09-28T04:29:25.778Z,33.76,67.65

2026-09-28T04:29:30.771Z,33.76,67.66

2026-09-28T04:29:35.778Z,33.74,67.66

2026-09-28T04:29:40.767Z,33.75,67.58

2026-09-28T04:29:45.766Z,33.73,67.55

2026-09-28T04:29:50.778Z,33.74,67.46

2026-09-28T04:29:55.786Z,33.76,67.47

2026-09-28T04:30:00.781Z,33.76,67.43

2026-09-28T04:30:05.786Z,33.74,67.42

2026-09-28T04:30:10.786Z,33.75,67.35

2026-09-28T04:30:15.778Z,33.74,67.37

2026-09-28T04:30:20.779Z,33.74,67.34

2026-09-28T04:30:25.779Z,33.75,67.28

2026-09-28T04:30:30.786Z,33.72,67.28

2026-09-28T04:30:35.794Z,33.74,67.29

2026-09-28T04:30:40.784Z,33.74,67.26

2026-09-28T04:30:45.783Z,33.72,67.2

2026-09-28T04:30:50.789Z,33.73,67.2

2026-09-28T04:30:55.798Z,33.72,67.19

2026-09-28T04:31:00.791Z,33.72,67.22

2026-09-28T04:31:05.800Z,33.71,67.23

2026-09-28T04:31:10.788Z,33.71,67.17

2026-09-28T04:31:15.804Z,33.71,67.25

2026-09-28T04:31:20.788Z,33.7,67.27

2026-09-28T04:31:25.794Z,33.69,67.23

2026-09-28T04:31:30.802Z,33.69,67.17

2026-09-28T04:31:35.809Z,33.68,67.26

2026-09-28T04:31:40.803Z,33.68,67.27

2026-09-28T04:31:45.803Z,33.68,67.28

2026-09-28T04:31:50.804Z,33.68,67.26

2026-09-28T04:31:55.802Z,33.67,67.3

2026-09-28T04:32:00.812Z,33.65,67.32

2026-09-28T04:32:05.822Z,33.65,67.32

2026-09-28T04:32:10.812Z,33.65,67.33

2026-09-28T04:32:15.810Z,33.67,67.33

2026-09-28T04:32:20.811Z,33.64,67.38

2026-09-28T04:32:25.809Z,33.64,67.37

2026-09-28T04:32:30.823Z,33.63,67.32

2026-09-28T04:32:35.835Z,33.63,67.45

2026-09-28T04:32:40.823Z,33.62,67.27

2026-09-28T04:32:45.823Z,33.62,67.41

2026-09-28T04:32:50.833Z,33.62,67.39

2026-09-28T04:32:55.838Z,33.62,67.38

2026-09-28T04:33:00.832Z,33.62,67.38

2026-09-28T04:33:05.839Z,33.62,67.39

2026-09-28T04:33:10.826Z,33.64,67.3

2026-09-28T04:33:15.828Z,33.61,67.37

2026-09-28T04:33:20.844Z,33.6,67.3

2026-09-28T04:33:25.856Z,33.61,67.27

2026-09-28T04:33:30.851Z,33.61,67.26

2026-09-28T04:33:35.857Z,33.59,67.37

2026-09-28T04:33:40.845Z,33.62,67.24

2026-09-28T04:33:45.856Z,33.61,67.27

2026-09-28T04:33:50.843Z,33.62,67.2

2026-09-28T04:33:55.843Z,33.61,67.3

2026-09-28T04:34:00.845Z,33.6,67.29

2026-09-28T04:34:05.844Z,33.6,67.25

2026-09-28T04:34:10.851Z,33.61,67.32

2026-09-28T04:34:15.859Z,33.6,67.33

2026-09-28T04:34:20.846Z,33.6,67.32

2026-09-28T04:34:25.848Z,33.61,67.32

2026-09-28T04:34:30.853Z,33.62,67.34

2026-09-28T04:34:35.859Z,33.63,67.35

2026-09-28T04:34:40.864Z,33.63,67.32

2026-09-28T04:34:45.862Z,33.63,67.35

2026-09-28T04:34:50.851Z,33.61,67.26

2026-09-28T04:34:55.851Z,33.61,67.37

2026-09-28T04:35:00.861Z,33.62,67.35

2026-09-28T04:35:05.882Z,33.63,67.32

2026-09-28T04:35:10.861Z,33.64,67.27

2026-09-28T04:35:15.861Z,33.65,67.25

2026-09-28T04:35:20.863Z,33.65,67.33

2026-09-28T04:35:25.873Z,33.64,67.32

2026-09-28T04:35:30.866Z,33.67,67.32

2026-09-28T04:35:35.864Z,33.65,67.31

2026-09-28T04:35:40.863Z,33.66,67.3

2026-09-28T04:35:45.875Z,33.66,67.34

2026-09-28T04:35:50.864Z,33.68,67.25

2026-09-28T04:35:55.865Z,33.67,67.29

2026-09-28T04:36:00.885Z,33.66,67.34

2026-09-28T04:36:05.892Z,33.66,67.31

2026-09-28T04:36:10.889Z,33.67,67.26

2026-09-28T04:36:15.880Z,33.67,67.33

2026-09-28T04:36:20.898Z,33.7,67.14

2026-09-28T04:36:25.907Z,33.68,67.16

2026-09-28T04:36:30.895Z,33.68,67.06

2026-09-28T04:36:35.907Z,33.7,67.15

2026-09-28T04:36:40.901Z,33.68,67.1

2026-09-28T04:36:45.906Z,33.7,67.13

2026-09-28T04:36:50.898Z,33.7,67.17

2026-09-28T04:36:55.896Z,33.71,67.17

2026-09-28T04:37:00.897Z,33.71,67.16

2026-09-28T04:37:05.910Z,33.71,67.21

2026-09-28T04:37:10.901Z,33.72,67.14

2026-09-28T04:37:15.913Z,33.69,67.19

2026-09-28T04:37:20.897Z,33.71,67.17

2026-09-28T04:37:25.897Z,33.72,67.12

2026-09-28T04:37:30.896Z,33.72,67.1

2026-09-28T04:37:35.897Z,33.73,67.13

2026-09-28T04:37:40.906Z,33.73,67.1

2026-09-28T04:37:45.914Z,33.72,67.14

2026-09-28T04:37:50.904Z,33.73,67.17

2026-09-28T04:37:55.904Z,33.74,67.14

2026-09-28T04:38:00.921Z,33.72,67.17

2026-09-28T04:38:05.926Z,33.73,67.24

2026-09-28T04:38:10.925Z,33.73,67.27

2026-09-28T04:38:15.928Z,33.73,67.33

2026-09-28T04:38:20.919Z,33.7,67.27

2026-09-28T04:38:25.933Z,33.71,67.33

2026-09-28T04:38:30.920Z,33.72,67.36

2026-09-28T04:38:35.920Z,33.7,67.32

2026-09-28T04:38:40.918Z,33.7,67.37

2026-09-28T04:38:45.919Z,33.7,67.4

2026-09-28T04:38:50.927Z,33.69,67.38

2026-09-28T04:38:55.934Z,33.7,67.46

2026-09-28T04:39:00.929Z,33.68,67.39

2026-09-28T04:39:05.932Z,33.69,67.53

2026-09-28T04:39:10.947Z,33.65,67.5

2026-09-28T04:39:15.935Z,33.67,67.53

2026-09-28T04:39:20.935Z,33.67,67.57

2026-09-28T04:39:25.935Z,33.65,67.64

2026-09-28T04:39:30.943Z,33.65,67.61

2026-09-28T04:39:35.952Z,33.64,67.7

2026-09-28T04:39:40.941Z,33.63,67.7

2026-09-28T04:39:45.942Z,33.65,67.64

2026-09-28T04:39:50.942Z,33.63,67.6

2026-09-28T04:39:55.943Z,33.63,67.61

2026-09-28T04:40:00.963Z,33.63,67.61

2026-09-28T04:40:05.951Z,33.62,67.58

2026-09-28T04:40:10.951Z,33.62,67.6

2026-09-28T04:40:15.963Z,33.62,67.52

2026-09-28T04:40:20.950Z,33.62,67.44

2026-09-28T04:40:25.962Z,33.59,67.49

2026-09-28T04:40:30.953Z,33.61,67.51

2026-09-28T04:40:35.962Z,33.59,67.48

2026-09-28T04:40:40.963Z,33.59,67.46

2026-09-28T04:40:45.974Z,33.6,67.51

2026-09-28T04:40:50.962Z,33.58,67.49

2026-09-28T04:40:55.962Z,33.58,67.47

2026-09-28T04:41:00.970Z,33.59,67.52

2026-09-28T04:41:05.974Z,33.58,67.49

2026-09-28T04:41:10.969Z,33.58,67.55

2026-09-28T04:41:15.965Z,33.59,67.44

2026-09-28T04:41:20.968Z,33.59,67.41

2026-09-28T04:41:25.966Z,33.58,67.36

2026-09-28T04:41:30.974Z,33.57,67.4

2026-09-28T04:41:35.987Z,33.59,67.39

2026-09-28T04:41:40.974Z,33.57,67.35

2026-09-28T04:41:45.973Z,33.56,67.37

2026-09-28T04:41:50.974Z,33.58,67.39

2026-09-28T04:41:55.973Z,33.57,67.36

2026-09-28T04:42:00.984Z,33.59,67.35

2026-09-28T04:42:05.992Z,33.6,67.44

2026-09-28T04:42:10.981Z,33.59,67.41

2026-09-28T04:42:15.982Z,33.59,67.46

2026-09-28T04:42:20.980Z,33.59,67.45

2026-09-28T04:42:25.993Z,33.58,67.51

2026-09-28T04:42:30.982Z,33.61,67.43

2026-09-28T04:42:35.997Z,33.61,67.45

2026-09-28T04:42:41.007Z,33.59,67.36

2026-09-28T04:42:45.997Z,33.61,67.3

2026-09-28T04:42:50.994Z,33.61,67.24

2026-09-28T04:42:56.000Z,33.63,67.22

2026-09-28T04:43:01.003Z,33.62,67.18

2026-09-28T04:43:06.015Z,33.63,67.22

2026-09-28T04:43:11.003Z,33.62,67.16

2026-09-28T04:43:16.004Z,33.63,67.14

2026-09-28T04:43:21.012Z,33.63,67.19

2026-09-28T04:43:26.023Z,33.64,67.14

2026-09-28T04:43:31.017Z,33.64,67.07

2026-09-28T04:43:36.012Z,33.63,67.06

2026-09-28T04:43:41.012Z,33.65,67.01

2026-09-28T04:43:46.026Z,33.63,67.03

2026-09-28T04:43:51.022Z,33.64,66.98

2026-09-28T04:43:56.023Z,33.63,67.04

2026-09-28T04:44:01.019Z,33.63,66.97

2026-09-28T04:44:06.024Z,33.63,67.08

2026-09-28T04:44:11.016Z,33.65,66.97

2026-09-28T04:44:16.026Z,33.63,67.05

2026-09-28T04:44:21.020Z,33.62,67.03

2026-09-28T04:44:26.024Z,33.65,66.98

2026-09-28T04:44:31.015Z,33.64,66.93

2026-09-28T04:44:36.017Z,33.64,66.93

2026-09-28T04:44:41.019Z,33.64,66.91

2026-09-28T04:44:46.018Z,33.65,66.88

2026-09-28T04:44:51.019Z,33.64,66.9

2026-09-28T04:44:56.029Z,33.64,66.97

2026-09-28T04:45:01.018Z,33.65,66.98

2026-09-28T04:45:06.017Z,33.64,66.94

2026-09-28T04:45:11.035Z,33.67,66.96

2026-09-28T04:45:16.045Z,33.64,66.93

2026-09-28T04:45:21.035Z,33.67,66.99

2026-09-28T04:45:26.035Z,33.67,66.96

2026-09-28T04:45:31.035Z,33.67,66.98

2026-09-28T04:45:36.035Z,33.67,67.05

2026-09-28T04:45:41.047Z,33.67,67.02

2026-09-28T04:45:46.059Z,33.69,66.99

2026-09-28T04:45:51.047Z,33.68,66.95

2026-09-28T04:45:56.060Z,33.68,66.89

2026-09-28T04:46:01.052Z,33.67,66.87

2026-09-28T04:46:06.058Z,33.68,66.84

2026-09-28T04:46:11.052Z,33.67,66.92

2026-09-28T04:46:16.062Z,33.68,66.86

2026-09-28T04:46:21.050Z,33.69,66.84

2026-09-28T04:46:26.049Z,33.69,66.87

2026-09-28T04:46:31.054Z,33.68,66.92

2026-09-28T04:46:36.059Z,33.7,66.99

2026-09-28T04:46:41.050Z,33.69,66.97

2026-09-28T04:46:46.061Z,33.71,67.01

2026-09-28T04:46:51.059Z,33.71,67.02

2026-09-28T04:46:56.065Z,33.72,67.05

2026-09-28T04:47:01.062Z,33.73,67.03

2026-09-28T04:47:06.066Z,33.71,67.07

2026-09-28T04:47:11.053Z,33.72,67.11

2026-09-28T04:47:16.053Z,33.71,67.07

2026-09-28T04:47:21.065Z,33.74,67.15

2026-09-28T04:47:26.075Z,33.72,67.2

2026-09-28T04:47:31.065Z,33.76,67.2

2026-09-28T04:47:36.084Z,33.74,67.29

2026-09-28T04:47:41.067Z,33.75,67.17

2026-09-28T04:47:46.068Z,33.75,67.16

2026-09-28T04:47:51.081Z,33.76,67.23

2026-09-28T04:47:56.081Z,33.75,67.19

2026-09-28T04:48:01.086Z,33.76,67.2

2026-09-28T04:48:06.089Z,33.77,67.2

2026-09-28T04:48:11.080Z,33.76,67.22

2026-09-28T04:48:16.079Z,33.76,67.22

2026-09-28T04:48:21.082Z,33.77,67.25

2026-09-28T04:48:26.078Z,33.77,67.29

2026-09-28T04:48:31.094Z,33.8,67.25

2026-09-28T04:48:36.104Z,33.78,67.24

2026-09-28T04:48:41.094Z,33.78,67.21

2026-09-28T04:48:46.092Z,33.78,67.11

2026-09-28T04:48:51.097Z,33.8,67.03

2026-09-28T04:48:56.110Z,33.78,67.03

2026-09-28T04:49:01.114Z,33.81,66.95

2026-09-28T04:49:06.105Z,33.82,66.87

2026-09-28T04:49:11.105Z,33.8,66.86

2026-09-28T04:49:16.117Z,33.82,66.84

2026-09-28T04:49:21.110Z,33.81,66.85

2026-09-28T04:49:26.118Z,33.82,66.85

2026-09-28T04:49:31.108Z,33.82,66.81

2026-09-28T04:49:36.106Z,33.83,66.82

2026-09-28T04:49:41.106Z,33.83,66.88

2026-09-28T04:49:46.117Z,33.82,66.94

2026-09-28T04:49:51.106Z,33.83,66.97

2026-09-28T04:49:56.118Z,33.83,67.06

2026-09-28T04:50:01.114Z,33.84,67.02

2026-09-28T04:50:06.121Z,33.83,66.89

2026-09-28T04:50:11.104Z,33.83,66.84

2026-09-28T04:50:16.107Z,33.83,66.83

2026-09-28T04:50:21.105Z,33.85,66.77

2026-09-28T04:50:26.117Z,33.84,66.8

2026-09-28T04:50:31.123Z,33.82,66.84

2026-09-28T04:50:36.126Z,33.84,66.79

2026-09-28T04:50:41.125Z,33.83,66.74

2026-09-28T04:50:46.126Z,33.83,66.79

2026-09-28T04:50:51.115Z,33.82,66.75

2026-09-28T04:50:56.116Z,33.85,66.78

2026-09-28T04:51:01.121Z,33.83,66.76

2026-09-28T04:51:06.116Z,33.82,66.81

2026-09-28T04:51:11.135Z,33.84,66.75

2026-09-28T04:51:16.145Z,33.84,66.78

2026-09-28T04:51:21.135Z,33.84,66.81

2026-09-28T04:51:26.146Z,33.83,66.8

2026-09-28T04:51:31.149Z,33.84,66.81

2026-09-28T04:51:36.141Z,33.83,66.8

2026-09-28T04:51:41.149Z,33.83,66.78

2026-09-28T04:51:46.163Z,33.82,66.83

2026-09-28T04:51:51.145Z,33.82,66.88

2026-09-28T04:51:56.146Z,33.81,66.89

2026-09-28T04:52:01.157Z,33.83,66.87

2026-09-28T04:52:06.166Z,33.82,66.83

2026-09-28T04:52:11.161Z,33.82,66.75

2026-09-28T04:52:16.152Z,33.81,66.75

2026-09-28T04:52:21.165Z,33.82,66.65

2026-09-28T04:52:26.176Z,33.8,66.7

2026-09-28T04:52:31.161Z,33.8,66.67

2026-09-28T04:52:36.162Z,33.79,66.69

2026-09-28T04:52:41.168Z,33.77,66.81

2026-09-28T04:52:46.178Z,33.77,66.91

2026-09-28T04:52:51.166Z,33.77,66.92

2026-09-28T04:52:56.166Z,33.74,66.96

2026-09-28T04:53:01.165Z,33.76,67.04

2026-09-28T04:53:06.165Z,33.73,67.08

2026-09-28T04:53:11.177Z,33.74,67.07

2026-09-28T04:53:16.183Z,33.73,67.11

2026-09-28T04:53:21.174Z,33.73,67.12

2026-09-28T04:53:26.182Z,33.71,67.17

2026-09-28T04:53:31.180Z,33.7,67.11

2026-09-28T04:53:36.174Z,33.71,67.12

2026-09-28T04:53:41.171Z,33.71,67.12

2026-09-28T04:53:46.173Z,33.71,67.14

2026-09-28T04:53:51.188Z,33.72,67.19

2026-09-28T04:53:56.194Z,33.72,67.2

2026-09-28T04:54:01.184Z,33.69,67.12

2026-09-28T04:54:06.189Z,33.72,67.17

2026-09-28T04:54:11.188Z,33.7,67.14

2026-09-28T04:54:16.196Z,33.72,67.23

2026-09-28T04:54:21.186Z,33.69,67.24

2026-09-28T04:54:26.187Z,33.71,67.26

2026-09-28T04:54:31.199Z,33.68,67.27

2026-09-28T04:54:36.209Z,33.69,67.29

2026-09-28T04:54:41.200Z,33.69,67.31

2026-09-28T04:54:46.218Z,33.68,67.32

2026-09-28T04:54:51.206Z,33.69,67.36

2026-09-28T04:54:56.214Z,33.69,67.43

2026-09-28T04:55:01.211Z,33.68,67.31

2026-09-28T04:55:06.206Z,33.69,67.3

2026-09-28T04:55:11.217Z,33.68,67.32

2026-09-28T04:55:16.208Z,33.69,67.37

2026-09-28T04:55:21.208Z,33.68,67.28

2026-09-28T04:55:26.208Z,33.7,67.32

2026-09-28T04:55:31.222Z,33.7,67.3

2026-09-28T04:55:36.225Z,33.68,67.35

2026-09-28T04:55:41.221Z,33.66,67.3

2026-09-28T04:55:46.226Z,33.67,67.36

2026-09-28T04:55:51.215Z,33.69,67.34

2026-09-28T04:55:56.214Z,33.69,67.34

2026-09-28T04:56:01.221Z,33.69,67.3

2026-09-28T04:56:06.232Z,33.67,67.36

2026-09-28T04:56:11.222Z,33.68,67.31

2026-09-28T04:56:16.223Z,33.69,67.28

2026-09-28T04:56:21.220Z,33.68,67.2

2026-09-28T04:56:26.221Z,33.67,67.06

2026-09-28T04:56:31.229Z,33.66,67

2026-09-28T04:56:36.240Z,33.67,66.98

2026-09-28T04:56:41.232Z,33.66,66.8

2026-09-28T04:56:46.238Z,33.66,66.65

2026-09-28T04:56:51.228Z,33.67,66.51

2026-09-28T04:56:56.241Z,33.66,66.53

2026-09-28T04:57:01.227Z,33.66,66.47

2026-09-28T04:57:06.231Z,33.66,66.47

2026-09-28T04:57:11.228Z,33.64,66.55

2026-09-28T04:57:16.232Z,33.63,66.53

2026-09-28T04:57:21.244Z,33.63,66.51

2026-09-28T04:57:26.257Z,33.63,66.57

2026-09-28T04:57:31.240Z,33.63,66.48

2026-09-28T04:57:36.242Z,33.62,66.29

2026-09-28T04:57:41.243Z,33.63,66.18

2026-09-28T04:57:46.243Z,33.63,66.16

2026-09-28T04:57:51.258Z,33.62,66.08

2026-09-28T04:57:56.270Z,33.64,66.1

2026-09-28T04:58:01.256Z,33.61,66.11

2026-09-28T04:58:06.257Z,33.61,66.17

2026-09-28T04:58:11.254Z,33.62,66.15

2026-09-28T04:58:16.257Z,33.61,66.18

2026-09-28T04:58:21.269Z,33.59,66.16

2026-09-28T04:58:26.276Z,33.62,66.18

2026-09-28T04:58:31.268Z,33.59,66.17

2026-09-28T04:58:36.277Z,33.61,66.2

2026-09-28T04:58:41.272Z,33.6,66.18

2026-09-28T04:58:46.276Z,33.59,66.28

2026-09-28T04:58:51.265Z,33.6,66.25

2026-09-28T04:58:56.264Z,33.59,66.31

2026-09-28T04:59:01.265Z,33.57,66.29

2026-09-28T04:59:06.264Z,33.56,66.34

2026-09-28T04:59:11.284Z,33.57,66.39

2026-09-28T04:59:16.293Z,33.57,66.44

2026-09-28T04:59:21.281Z,33.56,66.42

2026-09-28T04:59:26.281Z,33.58,66.45

2026-09-28T04:59:31.281Z,33.58,66.38

2026-09-28T04:59:36.282Z,33.57,66.47

2026-09-28T04:59:41.289Z,33.54,66.5

2026-09-28T04:59:46.301Z,33.56,66.51

2026-09-28T04:59:51.288Z,33.56,66.52

2026-09-28T04:59:56.299Z,33.55,66.59

2026-09-28T05:00:01.292Z,33.55,66.55

2026-09-28T05:00:06.301Z,33.56,66.63

2026-09-28T05:00:11.297Z,33.56,66.61

2026-09-28T05:00:16.288Z,33.55,66.55

2026-09-28T05:00:21.287Z,33.55,66.57

2026-09-28T05:00:26.301Z,33.55,66.59

2026-09-28T05:00:31.288Z,33.54,66.61

2026-09-28T05:00:36.288Z,33.54,66.64

2026-09-28T05:00:41.306Z,33.53,66.67

2026-09-28T05:00:46.313Z,33.53,66.71

2026-09-28T05:00:51.301Z,33.55,66.69

2026-09-28T05:00:56.302Z,33.56,66.64

2026-09-28T05:01:01.303Z,33.56,66.72

2026-09-28T05:01:06.303Z,33.56,66.71

2026-09-28T05:01:11.318Z,33.55,66.86

2026-09-28T05:01:16.310Z,33.55,66.75

2026-09-28T05:01:21.319Z,33.56,66.75

2026-09-28T05:01:26.327Z,33.56,66.78

2026-09-28T05:01:31.316Z,33.55,66.83

2026-09-28T05:01:36.332Z,33.57,66.81

2026-09-28T05:01:41.325Z,33.55,66.83

2026-09-28T05:01:46.329Z,33.56,66.9

2026-09-28T05:01:51.325Z,33.56,66.79

2026-09-28T05:01:56.334Z,33.57,66.93

2026-09-28T05:02:01.320Z,33.57,66.84

2026-09-28T05:02:06.322Z,33.55,66.86

2026-09-28T05:02:11.326Z,33.57,66.95

2026-09-28T05:02:16.335Z,33.54,66.94

2026-09-28T05:02:21.324Z,33.57,66.94

2026-09-28T05:02:26.323Z,33.55,66.91

2026-09-28T05:02:31.323Z,33.57,66.94

2026-09-28T05:02:36.337Z,33.54,67.01

2026-09-28T05:02:41.324Z,33.56,66.92

2026-09-28T05:02:46.324Z,33.57,66.93

2026-09-28T05:02:51.321Z,33.57,66.98

2026-09-28T05:02:56.323Z,33.56,66.93

2026-09-28T05:03:01.340Z,33.56,66.94

2026-09-28T05:03:06.349Z,33.57,66.9

2026-09-28T05:03:11.343Z,33.57,66.87

2026-09-28T05:03:16.339Z,33.57,66.87

2026-09-28T05:03:21.352Z,33.56,66.88

2026-09-28T05:03:26.350Z,33.57,66.9

2026-09-28T05:03:31.339Z,33.59,66.92

2026-09-28T05:03:36.350Z,33.58,66.88

2026-09-28T05:03:41.356Z,33.58,66.81

2026-09-28T05:03:46.367Z,33.59,66.84

2026-09-28T05:03:51.348Z,33.6,66.81

2026-09-28T05:03:56.347Z,33.58,66.75

2026-09-28T05:04:01.364Z,33.58,66.78

2026-09-28T05:04:06.381Z,33.58,66.82

2026-09-28T05:04:11.358Z,33.59,66.82

2026-09-28T05:04:16.361Z,33.58,66.78

2026-09-28T05:04:21.361Z,33.6,66.83

2026-09-28T05:04:26.360Z,33.58,66.82

2026-09-28T05:04:31.366Z,33.58,66.88

2026-09-28T05:04:36.378Z,33.59,66.83

2026-09-28T05:04:41.366Z,33.59,66.79

2026-09-28T05:04:46.366Z,33.59,66.78

2026-09-28T05:04:51.367Z,33.61,66.78

2026-09-28T05:04:56.365Z,33.61,66.73

2026-09-28T05:05:01.387Z,33.62,66.79

2026-09-28T05:05:06.382Z,33.61,66.75

2026-09-28T05:05:11.381Z,33.63,66.74

2026-09-28T05:05:16.381Z,33.62,66.71

2026-09-28T05:05:21.389Z,33.61,66.66

2026-09-28T05:05:26.399Z,33.6,66.74

2026-09-28T05:05:31.392Z,33.64,66.69

2026-09-28T05:05:36.390Z,33.63,66.67

2026-09-28T05:05:41.391Z,33.63,66.7

2026-09-28T05:05:46.390Z,33.63,66.68

2026-09-28T05:05:51.402Z,33.63,66.65

2026-09-28T05:05:56.410Z,33.64,66.75

2026-09-28T05:06:01.401Z,33.63,66.67

2026-09-28T05:06:06.402Z,33.65,66.62

2026-09-28T05:06:11.401Z,33.64,66.61

2026-09-28T05:06:16.400Z,33.66,66.66

2026-09-28T05:06:21.407Z,33.65,66.67

2026-09-28T05:06:26.415Z,33.66,66.67

2026-09-28T05:06:31.401Z,33.66,66.67

2026-09-28T05:06:36.401Z,33.65,66.63

2026-09-28T05:06:41.402Z,33.67,66.69

2026-09-28T05:06:46.404Z,33.67,66.7

2026-09-28T05:06:51.411Z,33.67,66.62

2026-09-28T05:06:56.421Z,33.7,66.63

2026-09-28T05:07:01.409Z,33.69,66.62

2026-09-28T05:07:06.409Z,33.7,66.63

2026-09-28T05:07:11.415Z,33.71,66.61

2026-09-28T05:07:16.420Z,33.69,66.58

2026-09-28T05:07:21.417Z,33.69,66.62

2026-09-28T05:07:26.426Z,33.72,66.63

2026-09-28T05:07:31.418Z,33.7,66.58

2026-09-28T05:07:36.426Z,33.72,66.61

2026-09-28T05:07:41.416Z,33.71,66.56

2026-09-28T05:07:46.414Z,33.73,66.6

2026-09-28T05:07:51.422Z,33.74,66.6

2026-09-28T05:07:56.422Z,33.73,66.56

2026-09-28T05:08:01.431Z,33.74,66.57

2026-09-28T05:08:06.441Z,33.74,66.57

2026-09-28T05:08:11.428Z,33.74,66.6

2026-09-28T05:08:16.430Z,33.75,66.59

2026-09-28T05:08:21.431Z,33.76,66.52

2026-09-28T05:08:26.430Z,33.76,66.59

2026-09-28T05:08:31.441Z,33.75,66.58

2026-09-28T05:08:36.451Z,33.77,66.57

2026-09-28T05:08:41.439Z,33.78,66.56

2026-09-28T05:08:46.441Z,33.76,66.5

2026-09-28T05:08:51.442Z,33.75,66.47

2026-09-28T05:08:56.443Z,33.77,66.42

2026-09-28T05:09:01.448Z,33.76,66.48

2026-09-28T05:09:06.463Z,33.77,66.51

2026-09-28T05:09:11.449Z,33.77,66.47

2026-09-28T05:09:16.460Z,33.76,66.52

2026-09-28T05:09:21.449Z,33.78,66.47

2026-09-28T05:09:26.448Z,33.78,66.47

2026-09-28T05:09:31.449Z,33.78,66.48

2026-09-28T05:09:36.449Z,33.78,66.52

2026-09-28T05:09:41.462Z,33.77,66.5

2026-09-28T05:09:46.476Z,33.8,66.51

2026-09-28T05:09:51.463Z,33.79,66.48

2026-09-28T05:09:56.461Z,33.81,66.51

2026-09-28T05:10:01.461Z,33.79,66.48

2026-09-28T05:10:06.463Z,33.81,66.49

2026-09-28T05:10:11.478Z,33.81,66.43

2026-09-28T05:10:16.471Z,33.81,66.44

2026-09-28T05:10:21.472Z,33.82,66.43

2026-09-28T05:10:26.485Z,33.83,66.47

2026-09-28T05:10:31.474Z,33.83,66.45

2026-09-28T05:10:36.481Z,33.81,66.47

2026-09-28T05:10:41.468Z,33.84,66.43

2026-09-28T05:10:46.469Z,33.82,66.47

2026-09-28T05:10:51.470Z,33.84,66.53

2026-09-28T05:10:56.471Z,33.82,66.46

2026-09-28T05:11:01.473Z,33.84,66.52

2026-09-28T05:11:06.484Z,33.83,66.65

2026-09-28T05:11:11.471Z,33.84,66.61

2026-09-28T05:11:16.475Z,33.82,66.67

2026-09-28T05:11:21.474Z,33.82,66.66

2026-09-28T05:11:26.474Z,33.82,66.74

2026-09-28T05:11:31.488Z,33.83,66.73

2026-09-28T05:11:36.499Z,33.81,66.74

2026-09-28T05:11:41.485Z,33.83,66.76

2026-09-28T05:11:46.488Z,33.8,66.78

2026-09-28T05:11:51.487Z,33.8,66.81

2026-09-28T05:11:56.488Z,33.79,66.84

2026-09-28T05:12:01.501Z,33.79,66.88

2026-09-28T05:12:06.509Z,33.77,66.88

2026-09-28T05:12:11.498Z,33.79,66.88

2026-09-28T05:12:16.499Z,33.81,66.93

2026-09-28T05:12:21.498Z,33.77,66.89

2026-09-28T05:12:26.500Z,33.78,66.87

2026-09-28T05:12:31.511Z,33.77,66.9

2026-09-28T05:12:36.518Z,33.77,66.95

2026-09-28T05:12:41.507Z,33.75,66.94

2026-09-28T05:12:46.521Z,33.76,66.86

2026-09-28T05:12:51.514Z,33.76,66.85

2026-09-28T05:12:56.519Z,33.74,66.87

2026-09-28T05:13:01.508Z,33.74,66.81

2026-09-28T05:13:06.510Z,33.74,66.82

2026-09-28T05:13:11.521Z,33.74,66.84

2026-09-28T05:13:16.535Z,33.72,66.85

2026-09-28T05:13:21.521Z,33.72,66.86

2026-09-28T05:13:26.522Z,33.73,66.83

2026-09-28T05:13:31.522Z,33.72,66.9

2026-09-28T05:13:36.521Z,33.71,66.9

2026-09-28T05:13:41.526Z,33.71,66.95

2026-09-28T05:13:46.538Z,33.68,66.97

2026-09-28T05:13:51.524Z,33.69,66.98

2026-09-28T05:13:56.527Z,33.71,66.97

2026-09-28T05:14:01.526Z,33.7,66.9

2026-09-28T05:14:06.535Z,33.68,66.97

2026-09-28T05:14:11.533Z,33.68,66.93

2026-09-28T05:14:16.543Z,33.69,66.92

2026-09-28T05:14:21.533Z,33.69,66.87

2026-09-28T05:14:26.528Z,33.67,66.86

2026-09-28T05:14:31.529Z,33.67,66.92

2026-09-28T05:14:36.539Z,33.65,66.96

2026-09-28T05:14:41.538Z,33.66,66.92

2026-09-28T05:14:46.549Z,33.67,67

2026-09-28T05:14:51.538Z,33.65,66.97

2026-09-28T05:14:56.540Z,33.67,66.98

2026-09-28T05:15:01.538Z,33.67,66.98

2026-09-28T05:15:06.538Z,33.66,66.95

2026-09-28T05:15:11.546Z,33.65,66.94

2026-09-28T05:15:16.566Z,33.65,66.96

2026-09-28T05:15:21.560Z,33.65,66.95

2026-09-28T05:15:26.570Z,33.63,66.92

2026-09-28T05:15:31.561Z,33.64,66.92

2026-09-28T05:15:36.566Z,33.63,66.97

2026-09-28T05:15:41.563Z,33.65,66.88

2026-09-28T05:15:46.569Z,33.63,66.92

2026-09-28T05:15:51.558Z,33.63,66.85

2026-09-28T05:15:56.560Z,33.64,66.9

2026-09-28T05:16:01.559Z,33.65,66.94

2026-09-28T05:16:06.558Z,33.64,66.91

2026-09-28T05:16:11.571Z,33.64,66.92

2026-09-28T05:16:16.581Z,33.65,66.92

2026-09-28T05:16:21.570Z,33.64,66.9

2026-09-28T05:16:26.569Z,33.63,66.86

2026-09-28T05:16:31.580Z,33.64,66.81

2026-09-28T05:16:36.593Z,33.63,66.9

2026-09-28T05:16:41.581Z,33.62,66.87

2026-09-28T05:16:46.579Z,33.62,66.88

2026-09-28T05:16:51.577Z,33.62,67

2026-09-28T05:16:56.578Z,33.61,66.91

2026-09-28T05:17:01.585Z,33.61,66.97

2026-09-28T05:17:06.596Z,33.62,66.99

2026-09-28T05:17:11.584Z,33.61,66.98

2026-09-28T05:17:16.585Z,33.61,66.94

2026-09-28T05:17:21.584Z,33.58,66.9

2026-09-28T05:17:26.584Z,33.6,66.84

2026-09-28T05:17:31.592Z,33.59,66.83

2026-09-28T05:17:36.601Z,33.62,66.78

2026-09-28T05:17:41.592Z,33.6,66.82

2026-09-28T05:17:46.591Z,33.61,66.78

2026-09-28T05:17:51.595Z,33.59,66.72

2026-09-28T05:17:56.604Z,33.58,66.64

2026-09-28T05:18:01.595Z,33.58,66.54

2026-09-28T05:18:06.602Z,33.59,66.6

2026-09-28T05:18:11.602Z,33.57,66.55

2026-09-28T05:18:16.595Z,33.57,66.59

2026-09-28T05:18:21.595Z,33.57,66.54

2026-09-28T05:18:26.597Z,33.57,66.55

2026-09-28T05:18:31.603Z,33.57,66.59

2026-09-28T05:18:36.615Z,33.55,66.61

2026-09-28T05:18:41.602Z,33.58,66.56

2026-09-28T05:18:46.603Z,33.58,66.55

2026-09-28T05:18:51.615Z,33.56,66.58

2026-09-28T05:18:56.624Z,33.58,66.59

2026-09-28T05:19:01.617Z,33.57,66.54

2026-09-28T05:19:06.614Z,33.57,66.59

2026-09-28T05:19:11.612Z,33.56,66.55

2026-09-28T05:19:16.613Z,33.57,66.5

2026-09-28T05:19:21.620Z,33.55,66.5

2026-09-28T05:19:26.631Z,33.56,66.48

2026-09-28T05:19:31.619Z,33.57,66.49

2026-09-28T05:19:36.621Z,33.58,66.47

2026-09-28T05:19:41.623Z,33.54,66.46

2026-09-28T05:19:46.622Z,33.58,66.45

2026-09-28T05:19:51.635Z,33.57,66.43

2026-09-28T05:19:56.647Z,33.56,66.49

2026-09-28T05:20:01.634Z,33.57,66.45

2026-09-28T05:20:06.635Z,33.57,66.44

2026-09-28T05:20:11.644Z,33.56,66.5

2026-09-28T05:20:16.648Z,33.57,66.5

2026-09-28T05:20:21.641Z,33.57,66.53

2026-09-28T05:20:26.636Z,33.57,66.53

2026-09-28T05:20:31.643Z,33.58,66.51

2026-09-28T05:20:36.648Z,33.57,66.6

2026-09-28T05:20:41.635Z,33.6,66.52

2026-09-28T05:20:46.636Z,33.6,66.55

2026-09-28T05:20:51.644Z,33.58,66.55

2026-09-28T05:20:56.654Z,33.58,66.67

2026-09-28T05:21:01.643Z,33.6,66.61

2026-09-28T05:21:06.643Z,33.58,66.53

2026-09-28T05:21:11.644Z,33.59,66.59

2026-09-28T05:21:16.655Z,33.59,66.6

2026-09-28T05:21:21.646Z,33.6,66.56

2026-09-28T05:21:26.644Z,33.6,66.55

2026-09-28T05:21:31.644Z,33.62,66.64

2026-09-28T05:21:36.646Z,33.63,66.53

2026-09-28T05:21:41.663Z,33.64,66.58

2026-09-28T05:21:46.674Z,33.64,66.62

2026-09-28T05:21:51.662Z,33.65,66.58

2026-09-28T05:21:56.662Z,33.64,66.54

2026-09-28T05:22:01.665Z,33.64,66.6

2026-09-28T05:22:06.663Z,33.66,66.65

2026-09-28T05:22:11.662Z,33.64,66.64

2026-09-28T05:22:16.674Z,33.65,66.6

2026-09-28T05:22:21.664Z,33.68,66.59

2026-09-28T05:22:26.666Z,33.66,66.58

2026-09-28T05:22:31.665Z,33.66,66.6

2026-09-28T05:22:36.667Z,33.69,66.59

2026-09-28T05:22:41.678Z,33.7,66.61

2026-09-28T05:22:46.692Z,33.69,66.59

2026-09-28T05:22:51.676Z,33.69,66.57

2026-09-28T05:22:56.676Z,33.68,66.47

2026-09-28T05:23:01.676Z,33.71,66.51

2026-09-28T05:23:06.689Z,33.68,66.54

2026-09-28T05:23:11.678Z,33.71,66.53

2026-09-28T05:23:16.678Z,33.71,66.54

2026-09-28T05:23:21.699Z,33.69,66.42

2026-09-28T05:23:26.691Z,33.69,66.49

2026-09-28T05:23:31.690Z,33.7,66.52

2026-09-28T05:23:36.693Z,33.69,66.48

2026-09-28T05:23:41.701Z,33.71,66.38

2026-09-28T05:23:46.713Z,33.7,66.44

2026-09-28T05:23:51.702Z,33.71,66.36

2026-09-28T05:23:56.701Z,33.7,66.32

2026-09-28T05:24:01.701Z,33.71,66.29

2026-09-28T05:24:06.702Z,33.71,66.33

2026-09-28T05:24:11.718Z,33.72,66.34

2026-09-28T05:24:16.726Z,33.72,66.31

2026-09-28T05:24:21.715Z,33.73,66.2

2026-09-28T05:24:26.713Z,33.73,66.24

2026-09-28T05:24:31.715Z,33.73,66.24

2026-09-28T05:24:36.716Z,33.73,66.25

2026-09-28T05:24:41.719Z,33.75,66.21

2026-09-28T05:24:46.732Z,33.74,66.2

2026-09-28T05:24:51.724Z,33.74,66.22

2026-09-28T05:24:56.730Z,33.73,66.21

2026-09-28T05:25:01.722Z,33.74,66.1

2026-09-28T05:25:06.730Z,33.73,66.13

2026-09-28T05:25:11.724Z,33.76,66.08

2026-09-28T05:25:16.721Z,33.75,66.07

2026-09-28T05:25:21.727Z,33.78,66.06

2026-09-28T05:25:26.723Z,33.75,65.91

2026-09-28T05:25:31.744Z,33.76,65.85

2026-09-28T05:25:36.732Z,33.75,65.85

2026-09-28T05:25:41.735Z,33.77,65.77

2026-09-28T05:25:46.743Z,33.79,65.76

2026-09-28T05:25:51.735Z,33.79,65.66

2026-09-28T05:25:56.733Z,33.77,65.74

2026-09-28T05:26:01.735Z,33.81,65.69

2026-09-28T05:26:06.736Z,33.81,65.77

2026-09-28T05:26:11.756Z,33.81,65.8

2026-09-28T05:26:16.747Z,33.79,65.81

2026-09-28T05:26:21.750Z,33.82,65.83

2026-09-28T05:26:26.762Z,33.81,65.85

2026-09-28T05:26:31.751Z,33.83,65.85

2026-09-28T05:26:36.750Z,33.85,65.89

2026-09-28T05:26:41.749Z,33.83,65.95

2026-09-28T05:26:46.760Z,33.82,65.98

2026-09-28T05:26:51.759Z,33.83,65.94

2026-09-28T05:26:56.766Z,33.85,65.95

2026-09-28T05:27:01.767Z,33.85,65.94

2026-09-28T05:27:06.761Z,33.84,65.98

2026-09-28T05:27:11.765Z,33.88,66.04

2026-09-28T05:27:16.775Z,33.86,66.11

2026-09-28T05:27:21.763Z,33.88,66.02

2026-09-28T05:27:26.763Z,33.87,66

2026-09-28T05:27:31.780Z,33.88,66.04

2026-09-28T05:27:36.774Z,33.88,66.1

2026-09-28T05:27:41.782Z,33.89,66.05

2026-09-28T05:27:46.786Z,33.88,66.03

2026-09-28T05:27:51.781Z,33.89,66.04

2026-09-28T05:27:56.786Z,33.9,65.98

2026-09-28T05:28:01.774Z,33.89,65.9

2026-09-28T05:28:06.775Z,33.91,66.02

2026-09-28T05:28:11.775Z,33.92,65.91

2026-09-28T05:28:16.773Z,33.93,65.96

2026-09-28T05:28:21.773Z,33.92,65.93

2026-09-28T05:28:26.784Z,33.94,66.01

2026-09-28T05:28:31.772Z,33.94,65.85

2026-09-28T05:28:36.776Z,33.94,65.93

2026-09-28T05:28:41.775Z,33.94,65.89

2026-09-28T05:28:46.775Z,33.94,65.86

2026-09-28T05:28:51.798Z,33.96,65.78

2026-09-28T05:28:56.790Z,33.96,65.77

2026-09-28T05:29:01.790Z,33.98,65.81

2026-09-28T05:29:06.790Z,33.97,65.84

2026-09-28T05:29:11.805Z,33.97,65.78

2026-09-28T05:29:16.817Z,33.97,65.83

2026-09-28T05:29:21.799Z,33.97,65.83

2026-09-28T05:29:26.799Z,33.98,65.8

2026-09-28T05:29:31.800Z,33.99,65.7

2026-09-28T05:29:36.802Z,33.99,65.77

2026-09-28T05:29:41.819Z,33.98,65.63

2026-09-28T05:29:46.811Z,34,65.59

2026-09-28T05:29:51.814Z,33.99,65.54

2026-09-28T05:29:56.812Z,34.02,65.44

2026-09-28T05:30:01.819Z,34,65.36

2026-09-28T05:30:06.834Z,34.01,65.32

2026-09-28T05:30:11.822Z,34.01,65.19

2026-09-28T05:30:16.820Z,34.02,65.12

2026-09-28T05:30:21.820Z,34.02,65.12

2026-09-28T05:30:26.820Z,34,65.08

2026-09-28T05:30:31.828Z,34.02,65.1

2026-09-28T05:30:36.841Z,34.01,65.22

2026-09-28T05:30:41.829Z,34.01,65.22

2026-09-28T05:30:46.831Z,34.01,65.24

2026-09-28T05:30:51.832Z,34,65.25

2026-09-28T05:30:56.830Z,34.02,65.24

2026-09-28T05:31:01.845Z,33.99,65.25

2026-09-28T05:31:06.852Z,33.99,65.27

2026-09-28T05:31:11.847Z,34,65.18

2026-09-28T05:31:16.853Z,34,65.23

2026-09-28T05:31:21.840Z,34,65.19

2026-09-28T05:31:26.839Z,34,65.25

2026-09-28T05:31:31.843Z,34.01,65.26

2026-09-28T05:31:36.853Z,34.01,65.28

2026-09-28T05:31:41.841Z,34,65.31

2026-09-28T05:31:46.842Z,34.03,65.28

2026-09-28T05:31:51.841Z,34,65.27

2026-09-28T05:31:56.854Z,33.99,65.31

2026-09-28T05:32:01.845Z,34,65.25

2026-09-28T05:32:06.852Z,34.01,65.29

2026-09-28T05:32:11.842Z,34.03,65.32

2026-09-28T05:32:16.855Z,34,65.33

2026-09-28T05:32:21.840Z,34.01,65.41

2026-09-28T05:32:26.847Z,34.02,65.49

2026-09-28T05:32:31.859Z,34.01,65.51

2026-09-28T05:32:36.871Z,33.99,65.53

2026-09-28T05:32:41.861Z,34,65.46

2026-09-28T05:32:46.862Z,34.01,65.48

2026-09-28T05:32:51.861Z,34.01,65.46

2026-09-28T05:32:56.860Z,34,65.53

2026-09-28T05:33:01.866Z,34.01,65.6

2026-09-28T05:33:06.878Z,34.02,65.61

2026-09-28T05:33:11.881Z,34.01,65.69

2026-09-28T05:33:16.874Z,34.02,65.69

2026-09-28T05:33:21.871Z,34.01,65.73

2026-09-28T05:33:26.886Z,34.01,65.77

2026-09-28T05:33:31.878Z,34.02,65.82

2026-09-28T05:33:36.873Z,34.02,65.71

2026-09-28T05:33:41.882Z,34.02,65.76

2026-09-28T05:33:46.892Z,34.03,65.84

2026-09-28T05:33:51.881Z,34.01,65.72

2026-09-28T05:33:56.891Z,34.03,65.71

2026-09-28T05:34:01.889Z,34.03,65.63

2026-09-28T05:34:06.880Z,34.02,65.62

2026-09-28T05:34:11.887Z,34.03,65.55

2026-09-28T05:34:16.899Z,34.02,65.51

2026-09-28T05:34:21.889Z,34.03,65.47

2026-09-28T05:34:26.898Z,34.03,65.48

2026-09-28T05:34:31.890Z,34.04,65.49

2026-09-28T05:34:36.893Z,34.03,65.38

2026-09-28T05:34:41.886Z,34.03,65.36

2026-09-28T05:34:46.900Z,34.03,65.33

2026-09-28T05:34:51.885Z,34.05,65.24

2026-09-28T05:34:56.885Z,34.04,65.25

2026-09-28T05:35:01.883Z,34.04,65.25

2026-09-28T05:35:06.884Z,34.04,65.2

2026-09-28T05:35:11.905Z,34.04,65.27

2026-09-28T05:35:16.917Z,34.04,65.26

2026-09-28T05:35:21.906Z,34.04,65.21

2026-09-28T05:35:26.907Z,34.02,65.23

2026-09-28T05:35:31.905Z,34.04,65.24

2026-09-28T05:35:36.917Z,34.06,65.27

2026-09-28T05:35:41.908Z,34.03,65.27

2026-09-28T05:35:46.909Z,34.02,65.21

2026-09-28T05:35:51.913Z,34.02,65.25

2026-09-28T05:35:56.923Z,34.03,65.28

2026-09-28T05:36:01.913Z,34.02,65.26

2026-09-28T05:36:06.926Z,34.03,65.25

2026-09-28T05:36:11.910Z,34.01,65.29

2026-09-28T05:36:16.910Z,34.01,65.24

2026-09-28T05:36:21.928Z,34.03,65.25

2026-09-28T05:36:26.939Z,34,65.21

2026-09-28T05:36:31.926Z,34,65.2

2026-09-28T05:36:36.928Z,34,65.12

2026-09-28T05:36:41.935Z,34.02,65.19

2026-09-28T05:36:46.945Z,33.98,65.14

2026-09-28T05:36:51.932Z,33.99,65.1

2026-09-28T05:36:56.933Z,34,65.06

2026-09-28T05:37:01.939Z,33.98,65.1

2026-09-28T05:37:06.945Z,33.99,65.12

2026-09-28T05:37:11.937Z,33.98,65.07

2026-09-28T05:37:16.946Z,33.95,65.19

2026-09-28T05:37:21.935Z,33.97,65.13

2026-09-28T05:37:26.939Z,33.96,65.08

2026-09-28T05:37:31.944Z,33.97,65.07

2026-09-28T05:37:36.957Z,33.96,65.18

2026-09-28T05:37:41.941Z,33.97,65.09

2026-09-28T05:37:46.943Z,33.96,65.1

2026-09-28T05:37:51.943Z,33.95,65.2

2026-09-28T05:37:56.944Z,33.95,65.15

2026-09-28T05:38:01.950Z,33.93,65.2

2026-09-28T05:38:06.958Z,33.92,65.29

2026-09-28T05:38:11.947Z,33.93,65.28

2026-09-28T05:38:16.946Z,33.92,65.25

2026-09-28T05:38:21.952Z,33.89,65.27

2026-09-28T05:38:26.958Z,33.89,65.32

2026-09-28T05:38:31.954Z,33.89,65.26

2026-09-28T05:38:36.957Z,33.9,65.26

2026-09-28T05:38:41.949Z,33.88,65.23

2026-09-28T05:38:46.969Z,33.89,65.21

2026-09-28T05:38:51.961Z,33.88,65.2

2026-09-28T05:38:56.967Z,33.86,65.24

2026-09-28T05:39:01.958Z,33.89,65.21

2026-09-28T05:39:06.955Z,33.87,65.1

2026-09-28T05:39:11.960Z,33.87,65.13

2026-09-28T05:39:16.970Z,33.85,65.18

2026-09-28T05:39:21.958Z,33.87,65.11

2026-09-28T05:39:26.961Z,33.84,65.13

2026-09-28T05:39:31.962Z,33.87,65.12

2026-09-28T05:39:36.960Z,33.85,65.1

2026-09-28T05:39:41.981Z,33.84,65

2026-09-28T05:39:46.991Z,33.84,65.08

2026-09-28T05:39:51.979Z,33.83,65.1

2026-09-28T05:39:56.981Z,33.84,65.1

2026-09-28T05:40:01.980Z,33.84,65.01

2026-09-28T05:40:06.980Z,33.84,64.98

2026-09-28T05:40:11.998Z,33.85,64.96

2026-09-28T05:40:17.005Z,33.85,65

2026-09-28T05:40:21.998Z,33.84,64.94

2026-09-28T05:40:27.001Z,33.84,64.91

2026-09-28T05:40:31.995Z,33.83,64.95

2026-09-28T05:40:37.003Z,33.83,64.91

2026-09-28T05:40:42.003Z,33.83,64.88

2026-09-28T05:40:47.005Z,33.84,64.97

2026-09-28T05:40:51.995Z,33.86,64.97

2026-09-28T05:40:56.996Z,33.85,64.92

2026-09-28T05:41:01.995Z,33.85,64.83

2026-09-28T05:41:06.993Z,33.85,64.87

2026-09-28T05:41:12.006Z,33.85,64.89

2026-09-28T05:41:17.015Z,33.85,64.91

2026-09-28T05:41:22.001Z,33.85,64.82

2026-09-28T05:41:27.003Z,33.86,64.9

2026-09-28T05:41:32.000Z,33.85,64.83

2026-09-28T05:41:37.001Z,33.86,64.86

2026-09-28T05:41:42.004Z,33.87,64.77

2026-09-28T05:41:47.017Z,33.86,64.82

2026-09-28T05:41:52.003Z,33.88,64.79

2026-09-28T05:41:57.015Z,33.87,64.8

2026-09-28T05:42:02.008Z,33.89,64.81

2026-09-28T05:42:07.016Z,33.9,64.86

2026-09-28T05:42:12.013Z,33.87,64.9

2026-09-28T05:42:17.019Z,33.89,65.01

2026-09-28T05:42:22.007Z,33.91,64.99

2026-09-28T05:42:27.007Z,33.9,65

2026-09-28T05:42:32.023Z,33.9,65.01

2026-09-28T05:42:37.035Z,33.91,65.03

2026-09-28T05:42:42.022Z,33.93,64.88

2026-09-28T05:42:47.021Z,33.93,64.82

2026-09-28T05:42:52.021Z,33.94,64.8

2026-09-28T05:42:57.022Z,33.94,64.75

2026-09-28T05:43:02.036Z,33.96,64.74

2026-09-28T05:43:07.031Z,33.96,64.71

2026-09-28T05:43:12.029Z,33.97,64.7

2026-09-28T05:43:17.032Z,33.96,64.68

2026-09-28T05:43:22.036Z,33.98,64.74

2026-09-28T05:43:27.048Z,33.98,64.86

2026-09-28T05:43:32.033Z,33.98,64.93

2026-09-28T05:43:37.035Z,34,65.04

2026-09-28T05:43:42.045Z,33.99,65.09

2026-09-28T05:43:47.059Z,33.99,65.23

2026-09-28T05:43:52.044Z,34,65.15

2026-09-28T05:43:57.045Z,34,65.19

2026-09-28T05:44:02.045Z,34,65.25

2026-09-28T05:44:07.044Z,33.99,65.26

2026-09-28T05:44:12.060Z,34,65.33

2026-09-28T05:44:17.068Z,34.01,65.35

2026-09-28T05:44:22.056Z,34.01,65.35

2026-09-28T05:44:27.066Z,34.01,65.33

2026-09-28T05:44:32.059Z,34.01,65.33

2026-09-28T05:44:37.069Z,34.02,65.34

2026-09-28T05:44:42.063Z,34.04,65.25

2026-09-28T05:44:47.070Z,34.04,65.26

2026-09-28T05:44:52.064Z,34.04,65.15

2026-09-28T05:44:57.074Z,34.04,65.21

2026-09-28T05:45:02.062Z,34.04,65.05

2026-09-28T05:45:07.062Z,34.03,65.02

2026-09-28T05:45:12.062Z,34.03,64.95

2026-09-28T05:45:17.061Z,34.03,64.98

2026-09-28T05:45:22.060Z,34.04,64.87

2026-09-28T05:45:27.072Z,34.04,64.86

2026-09-28T05:45:32.060Z,34.07,64.69

2026-09-28T05:45:37.062Z,34.07,64.71

2026-09-28T05:45:42.078Z,34.06,64.6

2026-09-28T05:45:47.099Z,34.08,64.62

2026-09-28T05:45:52.081Z,34.09,64.65

2026-09-28T05:45:57.076Z,34.07,64.73

2026-09-28T05:46:02.086Z,34.08,64.87

2026-09-28T05:46:07.097Z,34.07,64.99

2026-09-28T05:46:12.085Z,34.07,65.14

2026-09-28T05:46:17.085Z,34.07,65.17

2026-09-28T05:46:22.089Z,34.08,65.14

2026-09-28T05:46:27.087Z,34.09,65.17

2026-09-28T05:46:32.101Z,34.07,65.2

2026-09-28T05:46:37.114Z,34.07,65.25

2026-09-28T05:46:42.100Z,34.07,65.17

2026-09-28T05:46:47.102Z,34.09,65.18

2026-09-28T05:46:52.100Z,34.09,65.13

2026-09-28T05:46:57.100Z,34.09,65.17

2026-09-28T05:47:02.111Z,34.09,65.18

2026-09-28T05:47:07.118Z,34.09,65.26

2026-09-28T05:47:12.109Z,34.1,65.17

2026-09-28T05:47:17.110Z,34.1,65.08

2026-09-28T05:47:22.106Z,34.08,65

2026-09-28T05:47:27.110Z,34.1,64.93

2026-09-28T05:47:32.133Z,34.09,64.65

2026-09-28T05:47:37.124Z,34.09,64.44

2026-09-28T05:47:42.123Z,34.08,64.45

2026-09-28T05:47:47.136Z,34.08,64.45

2026-09-28T05:47:52.133Z,34.09,64.36

2026-09-28T05:47:57.126Z,34.09,64.29

2026-09-28T05:48:02.127Z,34.07,64.33

2026-09-28T05:48:07.138Z,34.08,64.31

2026-09-28T05:48:12.128Z,34.07,64.29

2026-09-28T05:48:17.127Z,34.05,64.23

2026-09-28T05:48:22.136Z,34.05,64.29

2026-09-28T05:48:27.139Z,34.02,64.32

2026-09-28T05:48:32.133Z,34.03,64.3

2026-09-28T05:48:37.139Z,34.02,64.3

2026-09-28T05:48:42.130Z,34.02,64.29

2026-09-28T05:48:47.131Z,34,64.29

2026-09-28T05:48:52.131Z,34.01,64.32

2026-09-28T05:48:57.142Z,34,64.4

2026-09-28T05:49:02.136Z,34,64.3

2026-09-28T05:49:07.149Z,34,64.34

2026-09-28T05:49:12.138Z,34,64.34

2026-09-28T05:49:17.149Z,33.98,64.36

2026-09-28T05:49:22.135Z,33.97,64.38

2026-09-28T05:49:27.135Z,33.98,64.33

2026-09-28T05:49:32.135Z,33.97,64.32

2026-09-28T05:49:37.137Z,33.97,64.38

2026-09-28T05:49:42.152Z,33.98,64.43

2026-09-28T05:49:47.159Z,33.96,64.43

2026-09-28T05:49:52.152Z,33.95,64.38

2026-09-28T05:49:57.159Z,33.95,64.59

2026-09-28T05:50:02.148Z,33.97,64.61

2026-09-28T05:50:07.148Z,33.96,64.63

2026-09-28T05:50:12.170Z,33.96,64.75

2026-09-28T05:50:17.175Z,33.96,64.63

2026-09-28T05:50:22.167Z,33.97,64.63

2026-09-28T05:50:27.170Z,33.96,64.59

2026-09-28T05:50:32.160Z,33.96,64.58

2026-09-28T05:50:37.162Z,33.96,64.67

2026-09-28T05:50:42.167Z,33.98,64.64

2026-09-28T05:50:47.175Z,33.97,64.59

2026-09-28T05:50:52.162Z,33.97,64.56

2026-09-28T05:50:57.164Z,33.97,64.56

2026-09-28T05:51:02.165Z,33.97,64.48

2026-09-28T05:51:07.178Z,33.96,64.5

2026-09-28T05:51:12.167Z,33.99,64.5

2026-09-28T05:51:17.167Z,33.97,64.48

2026-09-28T05:51:22.166Z,33.99,64.5

2026-09-28T05:51:27.167Z,34,64.44

2026-09-28T05:51:32.183Z,33.98,64.45

2026-09-28T05:51:37.185Z,33.98,64.56

2026-09-28T05:51:42.182Z,33.97,64.49

2026-09-28T05:51:47.186Z,33.98,64.51

2026-09-28T05:51:52.181Z,33.98,64.49

2026-09-28T05:51:57.174Z,33.99,64.45

2026-09-28T05:52:02.175Z,33.98,64.45

2026-09-28T05:52:07.175Z,33.99,64.47

2026-09-28T05:52:12.179Z,33.98,64.44

2026-09-28T05:52:17.196Z,33.99,64.43

2026-09-28T05:52:22.182Z,33.99,64.35

2026-09-28T05:52:27.178Z,33.99,64.35

2026-09-28T05:52:32.179Z,34,64.36

2026-09-28T05:52:37.197Z,33.98,64.31

2026-09-28T05:52:42.183Z,33.99,64.34

2026-09-28T05:52:47.190Z,33.98,64.32

2026-09-28T05:52:52.181Z,33.98,64.36

2026-09-28T05:52:57.180Z,33.99,64.42

2026-09-28T05:53:02.202Z,33.99,64.41

2026-09-28T05:53:07.212Z,33.96,64.46

2026-09-28T05:53:12.202Z,33.97,64.44

2026-09-28T05:53:17.200Z,33.97,64.45

2026-09-28T05:53:22.209Z,33.99,64.44

2026-09-28T05:53:27.217Z,33.97,64.55

2026-09-28T05:53:32.209Z,33.96,64.59

2026-09-28T05:53:37.220Z,33.95,64.59

2026-09-28T05:53:42.215Z,33.95,64.66

2026-09-28T05:53:47.219Z,33.95,64.65

2026-09-28T05:53:52.206Z,33.95,64.59

2026-09-28T05:53:57.208Z,33.96,64.68

2026-09-28T05:54:02.208Z,33.97,64.74

2026-09-28T05:54:07.208Z,33.96,64.73

2026-09-28T05:54:12.219Z,33.94,64.7

2026-09-28T05:54:17.230Z,33.94,64.8

2026-09-28T05:54:22.220Z,33.93,64.78

2026-09-28T05:54:27.220Z,33.96,64.84

2026-09-28T05:54:32.218Z,33.93,64.82

2026-09-28T05:54:37.219Z,33.94,64.85

2026-09-28T05:54:42.226Z,33.93,64.85

2026-09-28T05:54:47.237Z,33.93,64.87

2026-09-28T05:54:52.223Z,33.94,64.9

2026-09-28T05:54:57.224Z,33.96,64.88

2026-09-28T05:55:02.223Z,33.92,64.81

2026-09-28T05:55:07.235Z,33.94,64.91

2026-09-28T05:55:12.224Z,33.95,64.92

2026-09-28T05:55:17.236Z,33.93,64.95

2026-09-28T05:55:22.230Z,33.93,64.93

2026-09-28T05:55:27.235Z,33.96,64.95

2026-09-28T05:55:32.236Z,33.95,64.99

2026-09-28T05:55:37.241Z,33.93,65.03

2026-09-28T05:55:42.240Z,33.95,64.98

2026-09-28T05:55:47.262Z,33.94,64.94

2026-09-28T05:55:52.239Z,33.96,65.01

2026-09-28T05:55:57.237Z,33.96,64.98

2026-09-28T05:56:02.237Z,34,64.97

2026-09-28T05:56:07.250Z,33.96,65.03

2026-09-28T05:56:12.238Z,33.98,64.91

2026-09-28T05:56:17.238Z,33.98,64.96

2026-09-28T05:56:22.258Z,33.97,64.92

2026-09-28T05:56:27.269Z,33.98,64.89

2026-09-28T05:56:32.258Z,33.98,64.89

2026-09-28T05:56:37.258Z,34,64.88

2026-09-28T05:56:42.258Z,34.03,64.9

2026-09-28T05:56:47.259Z,34.01,64.94

2026-09-28T05:56:52.267Z,34.01,64.95

2026-09-28T05:56:57.279Z,34.01,64.95

2026-09-28T05:57:02.266Z,34.04,64.92

2026-09-28T05:57:07.265Z,34.01,64.92

2026-09-28T05:57:12.283Z,34.03,64.94

2026-09-28T05:57:17.290Z,34.03,64.97

2026-09-28T05:57:22.283Z,34.04,64.96

2026-09-28T05:57:27.289Z,34.05,65

2026-09-28T05:57:32.280Z,34.06,64.94

2026-09-28T05:57:37.289Z,34.04,64.96

2026-09-28T05:57:42.277Z,34.08,65.02

2026-09-28T05:57:47.277Z,34.07,65

2026-09-28T05:57:52.276Z,34.08,65.03

2026-09-28T05:57:57.273Z,34.08,65.05

2026-09-28T05:58:02.285Z,34.08,65.1

2026-09-28T05:58:07.294Z,34.08,65.09

2026-09-28T05:58:12.282Z,34.1,65.11

2026-09-28T05:58:17.282Z,34.12,65.06

2026-09-28T05:58:22.283Z,34.1,64.94

2026-09-28T05:58:27.282Z,34.11,64.92

2026-09-28T05:58:32.292Z,34.1,64.92

2026-09-28T05:58:37.304Z,34.11,64.91

2026-09-28T05:58:42.301Z,34.11,64.84

2026-09-28T05:58:47.309Z,34.12,64.88

2026-09-28T05:58:52.302Z,34.13,64.74

2026-09-28T05:58:57.311Z,34.13,64.86

2026-09-28T05:59:02.308Z,34.12,64.78

2026-09-28T05:59:07.323Z,34.12,64.76

2026-09-28T05:59:12.305Z,34.13,64.7

2026-09-28T05:59:17.305Z,34.12,64.72

2026-09-28T05:59:22.313Z,34.14,64.66

2026-09-28T05:59:27.324Z,34.14,64.66

2026-09-28T05:59:32.311Z,34.15,64.64

2026-09-28T05:59:37.327Z,34.16,64.64

2026-09-28T05:59:42.311Z,34.17,64.59

2026-09-28T05:59:47.325Z,34.15,64.65

2026-09-28T05:59:52.319Z,34.17,64.56

2026-09-28T05:59:57.327Z,34.15,64.57

2026-09-28T06:00:02.324Z,34.18,64.52

2026-09-28T06:00:07.335Z,34.19,64.59

2026-09-28T06:00:12.322Z,34.16,64.53

2026-09-28T06:00:17.319Z,34.19,64.55

2026-09-28T06:00:22.333Z,34.19,64.62

2026-09-28T06:00:27.344Z,34.18,64.75

2026-09-28T06:00:32.350Z,34.2,64.79

2026-09-28T06:00:37.335Z,34.2,64.87

2026-09-28T06:00:42.336Z,34.19,64.89

2026-09-28T06:00:47.334Z,34.19,64.89

2026-09-28T06:00:52.352Z,34.2,64.86

2026-09-28T06:00:57.344Z,34.2,64.91

2026-09-28T06:01:02.344Z,34.2,64.77

2026-09-28T06:01:07.344Z,34.17,64.85

2026-09-28T06:01:12.359Z,34.19,64.8

2026-09-28T06:01:17.360Z,34.19,64.84

2026-09-28T06:01:22.353Z,34.18,64.85

2026-09-28T06:01:27.347Z,34.21,64.79

2026-09-28T06:01:32.364Z,34.19,64.78

2026-09-28T06:01:37.353Z,34.18,64.74

2026-09-28T06:01:42.352Z,34.2,64.82

2026-09-28T06:01:47.351Z,34.2,64.86

2026-09-28T06:01:52.354Z,34.2,64.87

2026-09-28T06:01:57.366Z,34.2,64.86

2026-09-28T06:02:02.354Z,34.21,64.87

2026-09-28T06:02:07.357Z,34.2,64.85

2026-09-28T06:02:12.360Z,34.22,64.9

2026-09-28T06:02:17.372Z,34.21,64.94

2026-09-28T06:02:22.367Z,34.21,64.87

2026-09-28T06:02:27.376Z,34.22,64.8

2026-09-28T06:02:32.358Z,34.21,64.72

2026-09-28T06:02:37.369Z,34.22,64.71

2026-09-28T06:02:42.360Z,34.24,64.7

2026-09-28T06:02:47.359Z,34.23,64.68

2026-09-28T06:02:52.360Z,34.22,64.7

2026-09-28T06:02:57.360Z,34.23,64.59

2026-09-28T06:03:02.382Z,34.23,64.62

2026-09-28T06:03:07.392Z,34.23,64.66

2026-09-28T06:03:12.378Z,34.23,64.58

2026-09-28T06:03:17.381Z,34.24,64.59

2026-09-28T06:03:22.382Z,34.23,64.59

2026-09-28T06:03:27.380Z,34.24,64.55

2026-09-28T06:03:32.392Z,34.24,64.57

2026-09-28T06:03:37.401Z,34.24,64.6

2026-09-28T06:03:42.389Z,34.25,64.57

2026-09-28T06:03:47.390Z,34.25,64.57

2026-09-28T06:03:52.390Z,34.25,64.58

2026-09-28T06:03:57.390Z,34.24,64.62

2026-09-28T06:04:02.395Z,34.25,64.67

2026-09-28T06:04:07.404Z,34.24,64.59

2026-09-28T06:04:12.393Z,34.24,64.59

2026-09-28T06:04:17.403Z,34.26,64.62

2026-09-28T06:04:22.391Z,34.25,64.59

2026-09-28T06:04:27.391Z,34.25,64.58

2026-09-28T06:04:32.392Z,34.27,64.59

2026-09-28T06:04:37.391Z,34.27,64.6

2026-09-28T06:04:42.401Z,34.26,64.52

2026-09-28T06:04:47.414Z,34.26,64.53

2026-09-28T06:04:52.399Z,34.27,64.55

2026-09-28T06:04:57.401Z,34.28,64.56

2026-09-28T06:05:02.400Z,34.3,64.55

2026-09-28T06:05:07.399Z,34.27,64.6

2026-09-28T06:05:12.414Z,34.29,64.51

2026-09-28T06:05:17.419Z,34.26,64.62

2026-09-28T06:05:22.413Z,34.26,64.64

2026-09-28T06:05:27.423Z,34.27,64.63

2026-09-28T06:05:32.413Z,34.29,64.53

2026-09-28T06:05:37.426Z,34.29,64.61

2026-09-28T06:05:42.420Z,34.28,64.65

2026-09-28T06:05:47.426Z,34.29,64.67

2026-09-28T06:05:52.421Z,34.27,64.75

2026-09-28T06:05:57.425Z,34.28,64.87

2026-09-28T06:06:02.419Z,34.28,64.85

2026-09-28T06:06:07.427Z,34.3,64.92

2026-09-28T06:06:12.414Z,34.3,64.87

2026-09-28T06:06:17.415Z,34.29,64.81

2026-09-28T06:06:22.417Z,34.29,64.78

2026-09-28T06:06:27.429Z,34.27,64.7

2026-09-28T06:06:32.418Z,34.29,64.65

2026-09-28T06:06:37.417Z,34.3,64.68

2026-09-28T06:06:42.434Z,34.28,64.66

2026-09-28T06:06:47.444Z,34.27,64.72

2026-09-28T06:06:52.430Z,34.29,64.69

2026-09-28T06:06:57.442Z,34.28,64.69

2026-09-28T06:07:02.437Z,34.26,64.71

2026-09-28T06:07:07.445Z,34.28,64.77

2026-09-28T06:07:12.444Z,34.28,64.75

2026-09-28T06:07:17.457Z,34.27,64.78

2026-09-28T06:07:22.443Z,34.28,64.73

2026-09-28T06:07:27.444Z,34.29,64.74

2026-09-28T06:07:32.441Z,34.29,64.73

2026-09-28T06:07:37.445Z,34.27,64.75

2026-09-28T06:07:42.459Z,34.29,64.72

2026-09-28T06:07:47.449Z,34.32,64.73

2026-09-28T06:07:52.450Z,34.27,64.66

2026-09-28T06:07:57.452Z,34.3,64.72

2026-09-28T06:08:02.457Z,34.3,64.93

2026-09-28T06:08:07.466Z,34.31,65.14

2026-09-28T06:08:12.456Z,34.28,65.04

2026-09-28T06:08:17.455Z,34.3,65.1

2026-09-28T06:08:22.455Z,34.3,65.11

2026-09-28T06:08:27.468Z,34.28,65.16

2026-09-28T06:08:32.459Z,34.31,65.08

2026-09-28T06:08:37.465Z,34.3,65.1

2026-09-28T06:08:42.465Z,34.29,65.05

2026-09-28T06:08:47.471Z,34.3,65.1

2026-09-28T06:08:52.461Z,34.3,64.95

2026-09-28T06:08:57.463Z,34.29,65

2026-09-28T06:09:02.481Z,34.31,64.99

2026-09-28T06:09:07.486Z,34.3,65.04

2026-09-28T06:09:12.477Z,34.3,65.09

2026-09-28T06:09:17.495Z,34.3,65.18

2026-09-28T06:09:22.484Z,34.28,65.03

2026-09-28T06:09:27.490Z,34.3,64.95

2026-09-28T06:09:32.478Z,34.29,64.92

2026-09-28T06:09:37.477Z,34.3,64.91

2026-09-28T06:09:42.503Z,34.29,64.93

2026-09-28T06:09:47.508Z,34.29,64.96

2026-09-28T06:09:52.500Z,34.28,64.97

2026-09-28T06:09:57.510Z,34.29,64.98

2026-09-28T06:10:02.501Z,34.28,65.07

2026-09-28T06:10:07.496Z,34.29,65.03

2026-09-28T06:10:12.495Z,34.29,65.06

2026-09-28T06:10:17.497Z,34.29,65.11

2026-09-28T06:10:22.506Z,34.3,65.03

2026-09-28T06:10:27.515Z,34.29,65.08

2026-09-28T06:10:32.505Z,34.28,65.02

2026-09-28T06:10:37.506Z,34.3,65.09

2026-09-28T06:10:42.507Z,34.29,65

2026-09-28T06:10:47.507Z,34.3,65

2026-09-28T06:10:52.508Z,34.3,64.93

2026-09-28T06:10:57.523Z,34.29,65.02

2026-09-28T06:11:02.511Z,34.3,64.98

2026-09-28T06:11:07.522Z,34.3,64.91

2026-09-28T06:11:12.513Z,34.3,64.8

2026-09-28T06:11:17.518Z,34.29,64.92

2026-09-28T06:11:22.507Z,34.3,64.88

2026-09-28T06:11:27.506Z,34.31,64.91

2026-09-28T06:11:32.513Z,34.29,64.92

2026-09-28T06:11:37.523Z,34.31,64.93

2026-09-28T06:11:42.511Z,34.31,64.81

2026-09-28T06:11:47.525Z,34.32,64.73

2026-09-28T06:11:52.527Z,34.33,64.76

2026-09-28T06:11:57.517Z,34.32,64.73

2026-09-28T06:12:02.518Z,34.34,64.81

2026-09-28T06:12:07.518Z,34.35,64.79

2026-09-28T06:12:12.539Z,34.34,64.78

2026-09-28T06:12:17.529Z,34.33,64.74

2026-09-28T06:12:22.530Z,34.34,64.72

2026-09-28T06:12:27.527Z,34.35,64.62

2026-09-28T06:12:32.536Z,34.35,64.63

2026-09-28T06:12:37.546Z,34.33,64.74

2026-09-28T06:12:42.537Z,34.36,64.69

2026-09-28T06:12:47.536Z,34.34,64.62

2026-09-28T06:12:52.535Z,34.34,64.56

2026-09-28T06:12:57.536Z,34.33,64.42

2026-09-28T06:13:02.542Z,34.35,64.2

2026-09-28T06:13:07.553Z,34.33,64.12

2026-09-28T06:13:12.543Z,34.34,64.05

2026-09-28T06:13:17.543Z,34.34,63.99

2026-09-28T06:13:22.542Z,34.35,64.01

2026-09-28T06:13:27.542Z,34.36,64.03

2026-09-28T06:13:32.552Z,34.35,64.04

2026-09-28T06:13:37.567Z,34.34,64.17

2026-09-28T06:13:42.553Z,34.34,64.2

2026-09-28T06:13:47.556Z,34.34,64.18

2026-09-28T06:13:52.563Z,34.32,64.33

2026-09-28T06:13:57.574Z,34.33,64.34

2026-09-28T06:14:02.562Z,34.32,64.32

2026-09-28T06:14:07.562Z,34.33,64.37

2026-09-28T06:14:12.562Z,34.34,64.39

2026-09-28T06:14:17.564Z,34.33,64.38

2026-09-28T06:14:22.578Z,34.34,64.39

2026-09-28T06:14:27.569Z,34.33,64.42

2026-09-28T06:14:32.577Z,34.33,64.33

2026-09-28T06:14:37.583Z,34.34,64.36

2026-09-28T06:14:42.571Z,34.33,64.38

2026-09-28T06:14:47.572Z,34.32,64.15

2026-09-28T06:14:52.573Z,34.33,63.83

2026-09-28T06:14:57.572Z,34.32,63.64

2026-09-28T06:15:02.580Z,34.33,63.57

2026-09-28T06:15:07.594Z,34.32,63.5

2026-09-28T06:15:12.576Z,34.31,63.4

2026-09-28T06:15:17.577Z,34.31,63.42

2026-09-28T06:15:22.577Z,34.28,63.38

2026-09-28T06:15:27.578Z,34.29,63.43

2026-09-28T06:15:32.586Z,34.3,63.62

2026-09-28T06:15:37.597Z,34.28,63.7

2026-09-28T06:15:42.585Z,34.28,63.64

2026-09-28T06:15:47.584Z,34.27,63.68

2026-09-28T06:15:52.583Z,34.28,63.67

2026-09-28T06:15:57.590Z,34.28,63.79

2026-09-28T06:16:02.585Z,34.27,63.88

2026-09-28T06:16:07.584Z,34.26,63.94

2026-09-28T06:16:12.584Z,34.26,64

2026-09-28T06:16:17.583Z,34.27,64.12

2026-09-28T06:16:22.597Z,34.27,64.2

2026-09-28T06:16:27.608Z,34.28,64.39

2026-09-28T06:16:32.594Z,34.29,64.41

2026-09-28T06:16:37.595Z,34.29,64.39

2026-09-28T06:16:42.610Z,34.26,64.28

2026-09-28T06:16:47.621Z,34.28,64.37

2026-09-28T06:16:52.612Z,34.29,64.31

2026-09-28T06:16:57.610Z,34.29,64.26

2026-09-28T06:17:02.612Z,34.29,64.17

2026-09-28T06:17:07.610Z,34.31,64.08

2026-09-28T06:17:12.631Z,34.29,63.94

2026-09-28T06:17:17.632Z,34.28,63.89

2026-09-28T06:17:22.626Z,34.29,63.82

2026-09-28T06:17:27.636Z,34.3,63.9

2026-09-28T06:17:32.625Z,34.29,63.8

2026-09-28T06:17:37.638Z,34.27,63.9

2026-09-28T06:17:42.625Z,34.27,63.92

2026-09-28T06:17:47.625Z,34.27,63.93

2026-09-28T06:17:52.633Z,34.28,63.91

2026-09-28T06:17:57.643Z,34.25,63.93

2026-09-28T06:18:02.632Z,34.25,64

2026-09-28T06:18:07.632Z,34.26,63.98

2026-09-28T06:18:12.631Z,34.24,64.04

2026-09-28T06:18:17.644Z,34.23,64.04

2026-09-28T06:18:22.639Z,34.24,64.03

2026-09-28T06:18:27.641Z,34.22,64.03

2026-09-28T06:18:32.639Z,34.22,64

2026-09-28T06:18:37.647Z,34.22,64.04

2026-09-28T06:18:42.631Z,34.19,64.08

2026-09-28T06:18:47.635Z,34.22,64.12

2026-09-28T06:18:52.643Z,34.2,64.16

2026-09-28T06:18:57.649Z,34.2,64.3

2026-09-28T06:19:02.643Z,34.19,64.18

2026-09-28T06:19:07.644Z,34.19,64.25

2026-09-28T06:19:12.645Z,34.18,64.29

2026-09-28T06:19:17.663Z,34.17,64.33

2026-09-28T06:19:22.646Z,34.19,64.31

2026-09-28T06:19:27.663Z,34.19,64.33

2026-09-28T06:19:32.647Z,34.18,64.31

2026-09-28T06:19:37.660Z,34.15,64.36

2026-09-28T06:19:42.665Z,34.17,64.4

2026-09-28T06:19:47.656Z,34.19,64.4

2026-09-28T06:19:52.655Z,34.16,64.39

2026-09-28T06:19:57.656Z,34.17,64.39

2026-09-28T06:20:02.665Z,34.16,64.41

2026-09-28T06:20:07.677Z,34.17,64.42

2026-09-28T06:20:12.662Z,34.16,64.44

2026-09-28T06:20:17.677Z,34.16,64.5

2026-09-28T06:20:22.664Z,34.17,64.47

2026-09-28T06:20:27.664Z,34.17,64.42

2026-09-28T06:20:32.664Z,34.17,64.5

2026-09-28T06:20:37.663Z,34.17,64.5

2026-09-28T06:20:42.684Z,34.15,64.55

2026-09-28T06:20:47.692Z,34.15,64.56

2026-09-28T06:20:52.683Z,34.15,64.47

2026-09-28T06:20:57.682Z,34.15,64.48

2026-09-28T06:21:02.681Z,34.17,64.45

2026-09-28T06:21:07.682Z,34.17,64.45

2026-09-28T06:21:12.688Z,34.16,64.45

2026-09-28T06:21:17.696Z,34.15,64.51

2026-09-28T06:21:22.685Z,34.15,64.43

2026-09-28T06:21:27.685Z,34.15,64.4

2026-09-28T06:21:32.701Z,34.14,64.37

2026-09-28T06:21:37.711Z,34.16,64.37

2026-09-28T06:21:42.699Z,34.15,64.35

2026-09-28T06:21:47.710Z,34.14,64.37

2026-09-28T06:21:52.704Z,34.14,64.35

2026-09-28T06:21:57.716Z,34.13,64.35

2026-09-28T06:22:02.702Z,34.15,64.36

2026-09-28T06:22:07.699Z,34.13,64.37

2026-09-28T06:22:12.710Z,34.12,64.32

2026-09-28T06:22:17.708Z,34.14,64.29

2026-09-28T06:22:22.704Z,34.13,64.32

2026-09-28T06:22:27.710Z,34.13,64.39

2026-09-28T06:22:32.705Z,34.13,64.3

2026-09-28T06:22:37.707Z,34.14,64.3

2026-09-28T06:22:42.718Z,34.12,64.35

2026-09-28T06:22:47.709Z,34.14,64.28

2026-09-28T06:22:52.710Z,34.12,64.38

2026-09-28T06:22:57.709Z,34.12,64.34

2026-09-28T06:23:02.721Z,34.12,64.48

2026-09-28T06:23:07.731Z,34.13,64.54

2026-09-28T06:23:12.720Z,34.12,64.6

2026-09-28T06:23:17.722Z,34.09,64.53

2026-09-28T06:23:22.720Z,34.12,64.59

2026-09-28T06:23:27.735Z,34.1,64.57

2026-09-28T06:23:32.726Z,34.12,64.58

2026-09-28T06:23:37.721Z,34.1,64.55

2026-09-28T06:23:42.735Z,34.12,64.59

2026-09-28T06:23:47.746Z,34.12,64.75

2026-09-28T06:23:52.731Z,34.1,64.75

2026-09-28T06:23:57.732Z,34.1,64.88

2026-09-28T06:24:02.732Z,34.1,64.87

2026-09-28T06:24:07.732Z,34.11,64.9

2026-09-28T06:24:12.749Z,34.11,64.96

2026-09-28T06:24:17.756Z,34.11,64.81

2026-09-28T06:24:22.748Z,34.12,64.65

2026-09-28T06:24:27.745Z,34.12,64.6

2026-09-28T06:24:32.755Z,34.11,64.61

2026-09-28T06:24:37.756Z,34.11,64.53

2026-09-28T06:24:42.747Z,34.12,64.41

2026-09-28T06:24:47.758Z,34.09,64.39

2026-09-28T06:24:52.745Z,34.1,64.28

2026-09-28T06:24:57.745Z,34.09,64.33

2026-09-28T06:25:02.745Z,34.06,64.28

2026-09-28T06:25:07.756Z,34.09,64.28

2026-09-28T06:25:12.750Z,34.08,64.27

2026-09-28T06:25:17.761Z,34.07,64.25

2026-09-28T06:25:22.767Z,34.06,64.14

2026-09-28T06:25:27.758Z,34.07,64.31

2026-09-28T06:25:32.759Z,34.07,64.27

2026-09-28T06:25:37.758Z,34.07,64.21

2026-09-28T06:25:42.763Z,34.07,64.24

2026-09-28T06:25:47.775Z,34.06,64.28

2026-09-28T06:25:52.762Z,34.07,64.28

2026-09-28T06:25:57.762Z,34.07,64.37

2026-09-28T06:26:02.765Z,34.05,64.41

2026-09-28T06:26:07.776Z,34.07,64.58

2026-09-28T06:26:12.763Z,34.06,64.52

2026-09-28T06:26:17.767Z,34.06,64.51

2026-09-28T06:26:22.766Z,34.09,64.6

2026-09-28T06:26:27.781Z,34.09,64.67

2026-09-28T06:26:32.776Z,34.07,64.73

2026-09-28T06:26:37.768Z,34.06,64.68

2026-09-28T06:26:42.783Z,34.08,64.65

2026-09-28T06:26:47.791Z,34.06,64.76

2026-09-28T06:26:52.782Z,34.08,64.66

2026-09-28T06:26:57.780Z,34.08,64.44

2026-09-28T06:27:02.782Z,34.08,64.31

2026-09-28T06:27:07.780Z,34.08,64.25

2026-09-28T06:27:12.802Z,34.07,64.25

2026-09-28T06:27:17.791Z,34.07,64.15

2026-09-28T06:27:22.790Z,34.07,64.09

2026-09-28T06:27:27.790Z,34.06,64.02

2026-09-28T06:27:32.803Z,34.08,64.09

2026-09-28T06:27:37.814Z,34.07,64.17

2026-09-28T06:27:42.797Z,34.07,64.16

2026-09-28T06:27:47.800Z,34.07,64.17

2026-09-28T06:27:52.806Z,34.07,64.13

2026-09-28T06:27:57.813Z,34.09,64.26

2026-09-28T06:28:02.805Z,34.07,64.24

2026-09-28T06:28:07.816Z,34.09,64.28

2026-09-28T06:28:12.805Z,34.09,64.23

2026-09-28T06:28:17.803Z,34.1,64.16

2026-09-28T06:28:22.804Z,34.09,64.13

2026-09-28T06:28:27.806Z,34.08,64.12

2026-09-28T06:28:32.814Z,34.06,64.14

2026-09-28T06:28:37.818Z,34.08,64.18

2026-09-28T06:28:42.815Z,34.08,64.12

2026-09-28T06:28:47.818Z,34.06,64.13

2026-09-28T06:28:52.808Z,34.08,64.11

2026-09-28T06:28:57.811Z,34.07,64.19

2026-09-28T06:29:02.830Z,34.08,64.24

2026-09-28T06:29:07.823Z,34.08,64.28

2026-09-28T06:29:12.826Z,34.08,64.43

2026-09-28T06:29:17.839Z,34.07,64.49

2026-09-28T06:29:22.826Z,34.07,64.5

2026-09-28T06:29:27.838Z,34.08,64.55

2026-09-28T06:29:32.829Z,34.07,64.48

2026-09-28T06:29:37.838Z,34.08,64.53

2026-09-28T06:29:42.827Z,34.08,64.63

2026-09-28T06:29:47.839Z,34.09,64.6

2026-09-28T06:29:52.833Z,34.08,64.71

2026-09-28T06:29:57.828Z,34.09,64.83

2026-09-28T06:30:02.840Z,34.11,65.01

2026-09-28T06:30:07.850Z,34.12,65.31

2026-09-28T06:30:12.840Z,34.12,65.46

2026-09-28T06:30:17.838Z,34.09,65.34

2026-09-28T06:30:22.838Z,34.14,65.1

2026-09-28T06:30:27.839Z,34.13,64.94

2026-09-28T06:30:32.845Z,34.14,64.87

2026-09-28T06:30:37.861Z,34.11,64.91

2026-09-28T06:30:42.845Z,34.13,64.93

2026-09-28T06:30:47.844Z,34.14,65.04

2026-09-28T06:30:52.859Z,34.13,65.12

2026-09-28T06:30:57.869Z,34.16,65.17

2026-09-28T06:31:02.857Z,34.16,65.18

2026-09-28T06:31:07.868Z,34.16,65.21

2026-09-28T06:31:12.860Z,34.16,65.22

2026-09-28T06:31:17.858Z,34.16,65.07

2026-09-28T06:31:22.869Z,34.16,64.99

2026-09-28T06:31:27.878Z,34.18,65.06

2026-09-28T06:31:32.866Z,34.19,65.14

2026-09-28T06:31:37.866Z,34.2,65.19

2026-09-28T06:31:42.869Z,34.19,65.21

2026-09-28T06:31:47.879Z,34.21,65.34

2026-09-28T06:31:52.874Z,34.21,65.45

2026-09-28T06:31:57.882Z,34.2,65.42

2026-09-28T06:32:02.874Z,34.21,65.28

2026-09-28T06:32:07.867Z,34.22,65.23

2026-09-28T06:32:12.868Z,34.23,65.24

2026-09-28T06:32:17.877Z,34.23,65.18

2026-09-28T06:32:22.866Z,34.24,65.12

2026-09-28T06:32:27.874Z,34.24,64.99

2026-09-28T06:32:32.884Z,34.25,64.88

2026-09-28T06:32:37.896Z,34.24,64.86

2026-09-28T06:32:42.879Z,34.24,64.88

2026-09-28T06:32:47.883Z,34.25,64.88

2026-09-28T06:32:52.884Z,34.28,64.78

2026-09-28T06:32:57.881Z,34.26,64.67

2026-09-28T06:33:02.891Z,34.27,64.62

2026-09-28T06:33:07.900Z,34.29,64.63

2026-09-28T06:33:12.890Z,34.28,64.55

2026-09-28T06:33:17.892Z,34.26,64.6

2026-09-28T06:33:22.903Z,34.28,64.54

2026-09-28T06:33:27.910Z,34.29,64.56

2026-09-28T06:33:32.895Z,34.3,64.4

2026-09-28T06:33:37.898Z,34.3,64.34

2026-09-28T06:33:42.898Z,34.29,64.37

2026-09-28T06:33:47.909Z,34.29,64.37

2026-09-28T06:33:52.903Z,34.29,64.32

2026-09-28T06:33:57.910Z,34.3,64.25

2026-09-28T06:34:02.905Z,34.3,64.35

2026-09-28T06:34:07.911Z,34.31,64.37

2026-09-28T06:34:12.912Z,34.31,64.43

2026-09-28T06:34:17.921Z,34.3,64.41

2026-09-28T06:34:22.911Z,34.31,64.4

2026-09-28T06:34:27.911Z,34.31,64.43

2026-09-28T06:34:32.910Z,34.32,64.49

2026-09-28T06:34:37.915Z,34.31,64.64

2026-09-28T06:34:42.920Z,34.31,64.58

2026-09-28T06:34:47.934Z,34.31,64.65

2026-09-28T06:34:52.923Z,34.31,64.59

2026-09-28T06:34:57.921Z,34.33,64.62

2026-09-28T06:35:02.926Z,34.33,64.61

2026-09-28T06:35:07.932Z,34.31,64.57

2026-09-28T06:35:12.928Z,34.32,64.58

2026-09-28T06:35:17.930Z,34.33,64.55

2026-09-28T06:35:22.929Z,34.32,64.49

2026-09-28T06:35:27.939Z,34.32,64.47

2026-09-28T06:35:32.925Z,34.33,64.38

2026-09-28T06:35:37.928Z,34.33,64.41

2026-09-28T06:35:42.933Z,34.33,64.34

2026-09-28T06:35:47.938Z,34.36,64.34

2026-09-28T06:35:52.932Z,34.35,64.29

2026-09-28T06:35:57.935Z,34.36,64.29

2026-09-28T06:36:02.933Z,34.35,64.26

2026-09-28T06:36:07.931Z,34.36,64.25

2026-09-28T06:36:12.945Z,34.36,64.26

2026-09-28T06:36:17.956Z,34.37,64.28

2026-09-28T06:36:22.946Z,34.35,64.29

2026-09-28T06:36:27.945Z,34.37,64.27

2026-09-28T06:36:32.955Z,34.37,64.26

2026-09-28T06:36:37.965Z,34.35,64.25

2026-09-28T06:36:42.955Z,34.4,64.18

2026-09-28T06:36:47.955Z,34.37,64.19

2026-09-28T06:36:52.956Z,34.37,64.26

2026-09-28T06:36:57.956Z,34.39,64.29

2026-09-28T06:37:02.965Z,34.39,64.26

2026-09-28T06:37:07.974Z,34.38,64.33

2026-09-28T06:37:12.963Z,34.41,64.27

2026-09-28T06:37:17.963Z,34.38,64.34

2026-09-28T06:37:22.971Z,34.4,64.3

2026-09-28T06:37:27.979Z,34.4,64.31

2026-09-28T06:37:32.969Z,34.4,64.28

2026-09-28T06:37:37.968Z,34.39,64.21

2026-09-28T06:37:42.985Z,34.42,64.29

2026-09-28T06:37:47.976Z,34.41,64.29

2026-09-28T06:37:52.982Z,34.4,64.2

2026-09-28T06:37:57.986Z,34.41,64.26

2026-09-28T06:38:02.982Z,34.4,64.19

2026-09-28T06:38:07.991Z,34.41,64.18

2026-09-28T06:38:12.978Z,34.41,64.13

2026-09-28T06:38:17.977Z,34.41,64.09

2026-09-28T06:38:22.981Z,34.42,64.09

2026-09-28T06:38:27.991Z,34.44,64.04

2026-09-28T06:38:32.980Z,34.43,63.99

2026-09-28T06:38:37.983Z,34.42,63.99

2026-09-28T06:38:42.980Z,34.41,63.94

2026-09-28T06:38:47.983Z,34.42,63.94

2026-09-28T06:38:52.983Z,34.44,63.95

2026-09-28T06:38:57.994Z,34.42,63.95

2026-09-28T06:39:02.981Z,34.42,63.9

2026-09-28T06:39:07.983Z,34.42,63.94

2026-09-28T06:39:12.981Z,34.43,63.93

2026-09-28T06:39:17.984Z,34.42,63.96

2026-09-28T06:39:22.999Z,34.44,63.98

2026-09-28T06:39:28.005Z,34.42,64.01

2026-09-28T06:39:33.003Z,34.43,63.95

2026-09-28T06:39:38.001Z,34.43,63.9

2026-09-28T06:39:43.001Z,34.44,63.82

2026-09-28T06:39:48.020Z,34.43,63.92

2026-09-28T06:39:53.000Z,34.44,63.88

2026-09-28T06:39:58.000Z,34.45,63.9

2026-09-28T06:40:03.008Z,34.44,63.85

2026-09-28T06:40:08.020Z,34.43,63.95

2026-09-28T06:40:13.008Z,34.45,63.86

2026-09-28T06:40:18.010Z,34.44,63.91

2026-09-28T06:40:23.024Z,34.44,63.91

2026-09-28T06:40:28.035Z,34.44,63.93

2026-09-28T06:40:33.024Z,34.44,63.93

2026-09-28T06:40:38.022Z,34.44,63.87

2026-09-28T06:40:43.025Z,34.45,63.87

2026-09-28T06:40:48.024Z,34.45,63.88

2026-09-28T06:40:53.040Z,34.46,63.77

2026-09-28T06:40:58.050Z,34.45,63.82

2026-09-28T06:41:03.038Z,34.45,63.81

2026-09-28T06:41:08.040Z,34.46,63.82

2026-09-28T06:41:13.042Z,34.45,63.86

2026-09-28T06:41:18.041Z,34.46,63.74

2026-09-28T06:41:23.046Z,34.46,63.72

2026-09-28T06:41:28.056Z,34.44,63.69

2026-09-28T06:41:33.046Z,34.46,63.53

2026-09-28T06:41:38.045Z,34.44,63.46

2026-09-28T06:41:43.043Z,34.45,63.38

2026-09-28T06:41:48.047Z,34.44,63.33

2026-09-28T06:41:53.056Z,34.43,63.3

2026-09-28T06:41:58.047Z,34.44,63.25

2026-09-28T06:42:03.052Z,34.43,63.17

2026-09-28T06:42:08.060Z,34.41,63.28

2026-09-28T06:42:13.053Z,34.42,63.3

2026-09-28T06:42:18.059Z,34.44,63.36

2026-09-28T06:42:23.062Z,34.42,63.39

2026-09-28T06:42:28.051Z,34.43,63.32

2026-09-28T06:42:33.058Z,34.42,63.37

2026-09-28T06:42:38.068Z,34.42,63.43

2026-09-28T06:42:43.063Z,34.41,63.39

2026-09-28T06:42:48.057Z,34.43,63.38

2026-09-28T06:42:53.058Z,34.41,63.34

2026-09-28T06:42:58.070Z,34.4,63.39

2026-09-28T06:43:03.057Z,34.4,63.36

2026-09-28T06:43:08.070Z,34.4,63.36

2026-09-28T06:43:13.060Z,34.39,63.36

2026-09-28T06:43:18.071Z,34.4,63.48

2026-09-28T06:43:23.057Z,34.4,63.37

2026-09-28T06:43:28.069Z,34.37,63.35

2026-09-28T06:43:33.082Z,34.41,63.36

2026-09-28T06:43:38.074Z,34.38,63.39

2026-09-28T06:43:43.077Z,34.4,63.44

2026-09-28T06:43:48.089Z,34.37,63.45

2026-09-28T06:43:53.076Z,34.37,63.51

2026-09-28T06:43:58.078Z,34.38,63.48

2026-09-28T06:44:03.077Z,34.37,63.51

2026-09-28T06:44:08.078Z,34.35,63.55

2026-09-28T06:44:13.089Z,34.35,63.51

2026-09-28T06:44:18.099Z,34.36,63.68

2026-09-28T06:44:23.090Z,34.37,63.53

2026-09-28T06:44:28.088Z,34.37,63.56

2026-09-28T06:44:33.089Z,34.37,63.53

2026-09-28T06:44:38.089Z,34.35,63.53

2026-09-28T06:44:43.106Z,34.36,63.51

2026-09-28T06:44:48.100Z,34.36,63.54

2026-09-28T06:44:53.098Z,34.36,63.54

2026-09-28T06:44:58.098Z,34.37,63.58

2026-09-28T06:45:03.105Z,34.37,63.51

2026-09-28T06:45:08.115Z,34.34,63.55

2026-09-28T06:45:13.104Z,34.35,63.55

2026-09-28T06:45:18.103Z,34.36,63.58

2026-09-28T06:45:23.112Z,34.37,63.56

2026-09-28T06:45:28.125Z,34.36,63.6

2026-09-28T06:45:33.111Z,34.37,63.53

2026-09-28T06:45:38.125Z,34.35,63.56

2026-09-28T06:45:43.117Z,34.35,63.57

2026-09-28T06:45:48.123Z,34.35,63.49

2026-09-28T06:45:53.115Z,34.36,63.49

2026-09-28T06:45:58.129Z,34.35,63.45

2026-09-28T06:46:03.114Z,34.35,63.45

2026-09-28T06:46:08.133Z,34.34,63.46

2026-09-28T06:46:13.118Z,34.35,63.48

2026-09-28T06:46:18.120Z,34.36,63.45

2026-09-28T06:46:23.115Z,34.38,63.47

2026-09-28T06:46:28.116Z,34.37,63.47

2026-09-28T06:46:33.128Z,34.36,63.39

2026-09-28T06:46:38.138Z,34.35,63.47

2026-09-28T06:46:43.127Z,34.35,63.42

2026-09-28T06:46:48.127Z,34.36,63.45

2026-09-28T06:46:53.141Z,34.36,63.42

2026-09-28T06:46:58.151Z,34.35,63.46

2026-09-28T06:47:03.140Z,34.36,63.42

2026-09-28T06:47:08.141Z,34.36,63.45

2026-09-28T06:47:13.141Z,34.35,63.41

2026-09-28T06:47:18.141Z,34.37,63.43

2026-09-28T06:47:23.147Z,34.36,63.46

2026-09-28T06:47:28.157Z,34.35,63.48

2026-09-28T06:47:33.147Z,34.37,63.45

2026-09-28T06:47:38.161Z,34.35,63.52

2026-09-28T06:47:43.153Z,34.37,63.5

2026-09-28T06:47:48.160Z,34.36,63.43

2026-09-28T06:47:53.161Z,34.36,63.47

2026-09-28T06:47:58.171Z,34.36,63.53

2026-09-28T06:48:03.162Z,34.35,63.42

2026-09-28T06:48:08.159Z,34.35,63.49

2026-09-28T06:48:13.158Z,34.4,63.51

2026-09-28T06:48:18.162Z,34.37,63.43

2026-09-28T06:48:23.169Z,34.37,63.48

2026-09-28T06:48:28.179Z,34.36,63.48

2026-09-28T06:48:33.165Z,34.38,63.48

2026-09-28T06:48:38.181Z,34.38,63.48

2026-09-28T06:48:43.172Z,34.37,63.42

2026-09-28T06:48:48.179Z,34.38,63.39

2026-09-28T06:48:53.165Z,34.37,63.32

2026-09-28T06:48:58.166Z,34.38,63.3

2026-09-28T06:49:03.165Z,34.38,63.27

2026-09-28T06:49:08.166Z,34.39,63.27

2026-09-28T06:49:13.178Z,34.38,63.22

2026-09-28T06:49:18.171Z,34.38,63.16

2026-09-28T06:49:23.196Z,34.36,63.12

2026-09-28T06:49:28.193Z,34.36,63.18

2026-09-28T06:49:33.188Z,34.33,63.21

2026-09-28T06:49:38.181Z,34.35,63.26

2026-09-28T06:49:43.190Z,34.37,63.28

2026-09-28T06:49:48.191Z,34.36,63.36

2026-09-28T06:49:53.182Z,34.35,63.29

2026-09-28T06:49:58.181Z,34.36,63.31

2026-09-28T06:50:03.191Z,34.35,63.29

2026-09-28T06:50:08.205Z,34.35,63.38

2026-09-28T06:50:13.192Z,34.36,63.35

2026-09-28T06:50:18.206Z,34.35,63.41

2026-09-28T06:50:23.200Z,34.35,63.38

2026-09-28T06:50:28.204Z,34.36,63.42

2026-09-28T06:50:33.215Z,34.34,63.42

2026-09-28T06:50:38.208Z,34.35,63.35

2026-09-28T06:50:43.207Z,34.37,63.37

2026-09-28T06:50:48.207Z,34.35,63.32

2026-09-28T06:50:53.218Z,34.33,63.39

2026-09-28T06:50:58.209Z,34.37,63.37

2026-09-28T06:51:03.210Z,34.36,63.36

2026-09-28T06:51:08.211Z,34.34,63.38

2026-09-28T06:51:13.218Z,34.35,63.43

2026-09-28T06:51:18.222Z,34.35,63.52

2026-09-28T06:51:23.220Z,34.35,63.39

2026-09-28T06:51:28.214Z,34.35,63.41

2026-09-28T06:51:33.213Z,34.37,63.44

2026-09-28T06:51:38.216Z,34.36,63.41

2026-09-28T06:51:43.227Z,34.36,63.4

2026-09-28T06:51:48.238Z,34.35,63.49

2026-09-28T06:51:53.227Z,34.34,63.48

2026-09-28T06:51:58.227Z,34.35,63.44

2026-09-28T06:52:03.229Z,34.37,63.43

2026-09-28T06:52:08.240Z,34.35,63.5

2026-09-28T06:52:13.227Z,34.35,63.45

2026-09-28T06:52:18.241Z,34.34,63.42

2026-09-28T06:52:23.235Z,34.36,63.37

2026-09-28T06:52:28.230Z,34.35,63.26

2026-09-28T06:52:33.229Z,34.36,63.32

2026-09-28T06:52:38.240Z,34.34,63.34

2026-09-28T06:52:43.229Z,34.36,63.33

2026-09-28T06:52:48.232Z,34.34,63.33

2026-09-28T06:52:53.248Z,34.35,63.31

2026-09-28T06:52:58.263Z,34.33,63.41

2026-09-28T06:53:03.246Z,34.36,63.39

2026-09-28T06:53:08.248Z,34.35,63.41

2026-09-28T06:53:13.247Z,34.35,63.36

2026-09-28T06:53:18.248Z,34.34,63.45

2026-09-28T06:53:23.264Z,34.35,63.31

2026-09-28T06:53:28.277Z,34.34,63.38

2026-09-28T06:53:33.261Z,34.36,63.29

2026-09-28T06:53:38.263Z,34.35,63.29

2026-09-28T06:53:43.264Z,34.35,63.29

2026-09-28T06:53:48.262Z,34.36,63.33

2026-09-28T06:53:53.273Z,34.34,63.37

2026-09-28T06:53:58.285Z,34.34,63.4

2026-09-28T06:54:03.271Z,34.34,63.38

2026-09-28T06:54:08.271Z,34.34,63.38

2026-09-28T06:54:13.274Z,34.34,63.33

2026-09-28T06:54:18.284Z,34.34,63.37

2026-09-28T06:54:23.284Z,34.36,63.34

2026-09-28T06:54:28.277Z,34.36,63.37

2026-09-28T06:54:33.276Z,34.34,63.41

2026-09-28T06:54:38.293Z,34.34,63.42

2026-09-28T06:54:43.278Z,34.34,63.39

2026-09-28T06:54:48.278Z,34.35,63.38

2026-09-28T06:54:53.286Z,34.36,63.43

2026-09-28T06:54:58.294Z,34.34,63.44

2026-09-28T06:55:03.284Z,34.35,63.43

2026-09-28T06:55:08.283Z,34.36,63.5

2026-09-28T06:55:13.284Z,34.36,63.53

2026-09-28T06:55:18.293Z,34.35,63.56

2026-09-28T06:55:23.289Z,34.35,63.58

2026-09-28T06:55:28.296Z,34.35,63.57

2026-09-28T06:55:33.287Z,34.36,63.53

2026-09-28T06:55:38.296Z,34.36,63.57

2026-09-28T06:55:43.282Z,34.36,63.48

2026-09-28T06:55:48.285Z,34.36,63.46

2026-09-28T06:55:53.288Z,34.36,63.57

2026-09-28T06:55:58.301Z,34.34,63.59

2026-09-28T06:56:03.291Z,34.35,63.57

2026-09-28T06:56:08.290Z,34.35,63.49

2026-09-28T06:56:13.302Z,34.33,63.59

2026-09-28T06:56:18.314Z,34.32,63.49

2026-09-28T06:56:23.303Z,34.34,63.52

2026-09-28T06:56:28.301Z,34.35,63.54

2026-09-28T06:56:33.301Z,34.35,63.51

2026-09-28T06:56:38.316Z,34.37,63.6

2026-09-28T06:56:43.310Z,34.34,63.49

2026-09-28T06:56:48.313Z,34.34,63.56

2026-09-28T06:56:53.307Z,34.34,63.53

2026-09-28T06:56:58.318Z,34.34,63.58

2026-09-28T06:57:03.318Z,34.35,63.56

2026-09-28T06:57:08.330Z,34.33,63.61

2026-09-28T06:57:13.316Z,34.34,63.54

2026-09-28T06:57:18.317Z,34.33,63.57

2026-09-28T06:57:23.327Z,34.36,63.58

2026-09-28T06:57:28.336Z,34.35,63.6

2026-09-28T06:57:33.327Z,34.34,63.57

2026-09-28T06:57:38.327Z,34.36,63.53

2026-09-28T06:57:43.338Z,34.35,63.5

2026-09-28T06:57:48.348Z,34.35,63.49

2026-09-28T06:57:53.335Z,34.36,63.45

2026-09-28T06:57:58.348Z,34.36,63.5

2026-09-28T06:58:03.343Z,34.36,63.46

2026-09-28T06:58:08.348Z,34.34,63.4

2026-09-28T06:58:13.342Z,34.36,63.42

2026-09-28T06:58:18.349Z,34.37,63.38

2026-09-28T06:58:23.339Z,34.36,63.4

2026-09-28T06:58:28.340Z,34.36,63.35

2026-09-28T06:58:33.339Z,34.38,63.31

2026-09-28T06:58:38.340Z,34.36,63.36

2026-09-28T06:58:43.342Z,34.35,63.3

2026-09-28T06:58:48.351Z,34.35,63.3

2026-09-28T06:58:53.341Z,34.35,63.25

2026-09-28T06:58:58.342Z,34.35,63.28

2026-09-28T06:59:03.342Z,34.34,63.39

2026-09-28T06:59:08.339Z,34.37,63.29

2026-09-28T06:59:13.353Z,34.36,63.28

2026-09-28T06:59:18.366Z,34.36,63.42

2026-09-28T06:59:23.351Z,34.36,63.39

2026-09-28T06:59:28.355Z,34.35,63.35

2026-09-28T06:59:33.354Z,34.36,63.41

2026-09-28T06:59:38.353Z,34.36,63.42

2026-09-28T06:59:43.362Z,34.37,63.4

2026-09-28T06:59:48.373Z,34.36,63.49

2026-09-28T06:59:53.360Z,34.36,63.37

2026-09-28T06:59:58.359Z,34.37,63.48

2026-09-28T07:00:03.359Z,34.36,63.44

2026-09-28T07:00:08.361Z,34.37,63.49

2026-09-28T07:00:13.381Z,34.37,63.48

2026-09-28T07:00:18.372Z,34.37,63.45

2026-09-28T07:00:23.373Z,34.37,63.41

2026-09-28T07:00:28.372Z,34.37,63.45

2026-09-28T07:00:33.384Z,34.38,63.44

2026-09-28T07:00:38.378Z,34.39,63.44

2026-09-28T07:00:43.379Z,34.38,63.42

2026-09-28T07:00:48.378Z,34.38,63.47

2026-09-28T07:00:53.384Z,34.39,63.42

2026-09-28T07:00:58.394Z,34.36,63.47

2026-09-28T07:01:03.382Z,34.37,63.36

2026-09-28T07:01:08.383Z,34.36,63.39

2026-09-28T07:01:13.380Z,34.37,63.39

2026-09-28T07:01:18.381Z,34.36,63.43

2026-09-28T07:01:23.386Z,34.35,63.41

2026-09-28T07:01:28.400Z,34.37,63.47

2026-09-28T07:01:33.384Z,34.38,63.46

2026-09-28T07:01:38.385Z,34.35,63.52

2026-09-28T07:01:43.395Z,34.36,63.51

2026-09-28T07:01:48.407Z,34.36,63.55

2026-09-28T07:01:53.391Z,34.36,63.48

2026-09-28T07:01:58.393Z,34.36,63.44

2026-09-28T07:02:03.392Z,34.36,63.48

2026-09-28T07:02:08.393Z,34.36,63.52

2026-09-28T07:02:13.402Z,34.34,63.52

2026-09-28T07:02:18.414Z,34.35,63.55

2026-09-28T07:02:23.401Z,34.37,63.52

2026-09-28T07:02:28.401Z,34.37,63.51

2026-09-28T07:02:33.401Z,34.36,63.49

2026-09-28T07:02:38.401Z,34.37,63.43

2026-09-28T07:02:43.406Z,34.38,63.49

2026-09-28T07:02:48.401Z,34.35,63.41

2026-09-28T07:02:53.406Z,34.37,63.4

2026-09-28T07:02:58.414Z,34.36,63.43

2026-09-28T07:03:03.413Z,34.36,63.38

2026-09-28T07:03:08.425Z,34.35,63.35

2026-09-28T07:03:13.418Z,34.36,63.3

2026-09-28T07:03:18.413Z,34.34,63.28

2026-09-28T07:03:23.416Z,34.33,63.38

2026-09-28T07:03:28.412Z,34.33,63.39

2026-09-28T07:03:33.423Z,34.34,63.39

2026-09-28T07:03:38.431Z,34.35,63.43

2026-09-28T07:03:43.421Z,34.35,63.41

2026-09-28T07:03:48.423Z,34.35,63.38

2026-09-28T07:03:53.424Z,34.35,63.46

2026-09-28T07:03:58.421Z,34.34,63.4

2026-09-28T07:04:03.436Z,34.35,63.42

2026-09-28T07:04:08.448Z,34.35,63.48

2026-09-28T07:04:13.437Z,34.35,63.49

2026-09-28T07:04:18.453Z,34.34,63.54

2026-09-28T07:04:23.434Z,34.35,63.44

2026-09-28T07:04:28.436Z,34.35,63.41

2026-09-28T07:04:33.441Z,34.32,63.46

2026-09-28T07:04:38.453Z,34.35,63.49

2026-09-28T07:04:43.441Z,34.36,63.43

2026-09-28T07:04:48.451Z,34.35,63.46

2026-09-28T07:04:53.439Z,34.36,63.45

2026-09-28T07:04:58.437Z,34.37,63.39

2026-09-28T07:05:03.446Z,34.36,63.42

2026-09-28T07:05:08.454Z,34.36,63.4

2026-09-28T07:05:13.445Z,34.37,63.38

2026-09-28T07:05:18.445Z,34.37,63.38

2026-09-28T07:05:23.460Z,34.35,63.37

2026-09-28T07:05:28.470Z,34.36,63.43

2026-09-28T07:05:33.457Z,34.36,63.32

2026-09-28T07:05:38.472Z,34.36,63.32

2026-09-28T07:05:43.464Z,34.39,63.33

2026-09-28T07:05:48.473Z,34.37,63.28

2026-09-28T07:05:53.465Z,34.38,63.28

2026-09-28T07:05:58.471Z,34.38,63.32

2026-09-28T07:06:03.461Z,34.4,63.25

2026-09-28T07:06:08.464Z,34.37,63.29

2026-09-28T07:06:13.472Z,34.38,63.28

2026-09-28T07:06:18.475Z,34.38,63.27

2026-09-28T07:06:23.469Z,34.38,63.24

2026-09-28T07:06:28.476Z,34.37,63.25

2026-09-28T07:06:33.464Z,34.4,63.22

2026-09-28T07:06:38.476Z,34.41,63.21

2026-09-28T07:06:43.465Z,34.39,63.17

2026-09-28T07:06:48.465Z,34.41,63.2

2026-09-28T07:06:53.484Z,34.38,63.28

2026-09-28T07:06:58.475Z,34.39,63.27

2026-09-28T07:07:03.475Z,34.38,63.25

2026-09-28T07:07:08.477Z,34.38,63.3

2026-09-28T07:07:13.485Z,34.39,63.31

2026-09-28T07:07:18.489Z,34.37,63.32

2026-09-28T07:07:23.478Z,34.38,63.31

2026-09-28T07:07:28.491Z,34.37,63.26

2026-09-28T07:07:33.477Z,34.38,63.28

2026-09-28T07:07:38.478Z,34.4,63.27

2026-09-28T07:07:43.477Z,34.38,63.29

2026-09-28T07:07:48.478Z,34.37,63.28

2026-09-28T07:07:53.499Z,34.4,63.3

2026-09-28T07:07:58.514Z,34.38,63.32

2026-09-28T07:08:03.499Z,34.37,63.29

2026-09-28T07:08:08.499Z,34.37,63.26

2026-09-28T07:08:13.498Z,34.39,63.28

2026-09-28T07:08:18.500Z,34.37,63.28

2026-09-28T07:08:23.506Z,34.38,63.23

2026-09-28T07:08:28.516Z,34.39,63.31

2026-09-28T07:08:33.512Z,34.41,63.33

2026-09-28T07:08:38.521Z,34.4,63.3

2026-09-28T07:08:43.508Z,34.42,63.29

2026-09-28T07:08:48.508Z,34.42,63.28

2026-09-28T07:08:53.507Z,34.39,63.21

2026-09-28T07:08:58.518Z,34.39,63.22

2026-09-28T07:09:03.508Z,34.39,63.04

2026-09-28T07:09:08.507Z,34.4,63.15

2026-09-28T07:09:13.507Z,34.4,63.02

2026-09-28T07:09:18.509Z,34.4,63.04

2026-09-28T07:09:23.507Z,34.4,63.01

2026-09-28T07:09:28.522Z,34.41,63

2026-09-28T07:09:33.519Z,34.41,63.01

2026-09-28T07:09:38.529Z,34.41,62.95

2026-09-28T07:09:43.517Z,34.41,62.85

2026-09-28T07:09:48.527Z,34.39,62.93

2026-09-28T07:09:53.524Z,34.39,63.01

2026-09-28T07:09:58.531Z,34.39,63.01

2026-09-28T07:10:03.517Z,34.39,62.94

2026-09-28T07:10:08.518Z,34.42,62.97

2026-09-28T07:10:13.520Z,34.4,62.99

2026-09-28T07:10:18.520Z,34.39,63

2026-09-28T07:10:23.535Z,34.37,62.97

2026-09-28T07:10:28.546Z,34.37,63.02

2026-09-28T07:10:33.532Z,34.38,62.97

2026-09-28T07:10:38.534Z,34.37,62.94

2026-09-28T07:10:43.534Z,34.37,62.98

2026-09-28T07:10:48.535Z,34.37,62.94

2026-09-28T07:10:53.549Z,34.37,62.93

2026-09-28T07:10:58.559Z,34.34,62.92

2026-09-28T07:11:03.547Z,34.33,62.88

2026-09-28T07:11:08.548Z,34.35,62.86

2026-09-28T07:11:13.551Z,34.32,62.71

2026-09-28T07:11:18.562Z,34.32,62.76

2026-09-28T07:11:23.549Z,34.31,62.71

2026-09-28T07:11:28.559Z,34.32,62.68

2026-09-28T07:11:33.564Z,34.31,62.54

2026-09-28T07:11:38.576Z,34.3,62.55

2026-09-28T07:11:43.564Z,34.29,62.59

2026-09-28T07:11:48.563Z,34.28,62.59

2026-09-28T07:11:53.563Z,34.29,62.5

2026-09-28T07:11:58.563Z,34.27,62.6

2026-09-28T07:12:03.579Z,34.27,62.69

2026-09-28T07:12:08.576Z,34.28,62.64

2026-09-28T07:12:13.577Z,34.26,62.72

2026-09-28T07:12:18.587Z,34.26,62.77

2026-09-28T07:12:23.575Z,34.25,62.77

2026-09-28T07:12:28.585Z,34.23,62.84

2026-09-28T07:12:33.574Z,34.24,62.79

2026-09-28T07:12:38.586Z,34.25,62.85

2026-09-28T07:12:43.573Z,34.27,62.82

2026-09-28T07:12:48.587Z,34.23,62.85

2026-09-28T07:12:53.580Z,34.22,62.93

2026-09-28T07:12:58.585Z,34.21,62.91

2026-09-28T07:13:03.579Z,34.21,62.88

2026-09-28T07:13:08.595Z,34.21,62.95

2026-09-28T07:13:13.579Z,34.22,62.92

2026-09-28T07:13:18.582Z,34.23,62.94

2026-09-28T07:13:23.602Z,34.25,62.99

2026-09-28T07:13:28.587Z,34.22,62.99

2026-09-28T07:13:33.589Z,34.23,63.06

2026-09-28T07:13:38.600Z,34.24,63.1

2026-09-28T07:13:43.594Z,34.24,63.05

2026-09-28T07:13:48.589Z,34.24,63.09

2026-09-28T07:13:53.606Z,34.26,63.08

2026-09-28T07:13:58.597Z,34.25,63.1

2026-09-28T07:14:03.598Z,34.24,63.12

2026-09-28T07:14:08.599Z,34.25,63.12

2026-09-28T07:14:13.606Z,34.25,63.17

2026-09-28T07:14:18.617Z,34.25,63.16

2026-09-28T07:14:23.604Z,34.26,63.1

2026-09-28T07:14:28.604Z,34.26,63.11

2026-09-28T07:14:33.620Z,34.26,63.03

2026-09-28T07:14:38.624Z,34.26,63.13

2026-09-28T07:14:43.618Z,34.26,63.13

2026-09-28T07:14:48.624Z,34.26,63.13

2026-09-28T07:14:53.614Z,34.28,63.07

2026-09-28T07:14:58.628Z,34.27,63.13

2026-09-28T07:15:03.614Z,34.29,63.11

2026-09-28T07:15:08.615Z,34.27,63.08

2026-09-28T07:15:13.614Z,34.29,63.07

2026-09-28T07:15:18.623Z,34.31,63.04

2026-09-28T07:15:23.627Z,34.3,63.02

2026-09-28T07:15:28.636Z,34.31,63.04

2026-09-28T07:15:33.622Z,34.32,63

2026-09-28T07:15:38.625Z,34.33,63.04

2026-09-28T07:15:43.639Z,34.32,63.03

2026-09-28T07:15:48.628Z,34.32,62.95

2026-09-28T07:15:53.632Z,34.32,63

2026-09-28T07:15:58.627Z,34.33,63.06

2026-09-28T07:16:03.630Z,34.32,63.11

2026-09-28T07:16:08.640Z,34.34,63.13

2026-09-28T07:16:13.641Z,34.34,63.08

2026-09-28T07:16:18.657Z,34.33,63.08

2026-09-28T07:16:23.640Z,34.35,63.1

2026-09-28T07:16:28.643Z,34.34,63.07

2026-09-28T07:16:33.652Z,34.33,63.05

2026-09-28T07:16:38.662Z,34.34,63.15

2026-09-28T07:16:43.645Z,34.38,63.09

2026-09-28T07:16:48.654Z,34.36,63.07

2026-09-28T07:16:53.658Z,34.36,63.07

2026-09-28T07:16:58.664Z,34.36,63.06

2026-09-28T07:17:03.655Z,34.35,63.05

2026-09-28T07:17:08.655Z,34.36,63.02

2026-09-28T07:17:13.655Z,34.36,63.06

2026-09-28T07:17:18.656Z,34.36,63.01

2026-09-28T07:17:23.659Z,34.37,62.99

2026-09-28T07:17:28.669Z,34.39,63

2026-09-28T07:17:33.660Z,34.35,62.94

2026-09-28T07:17:38.660Z,34.37,62.92

2026-09-28T07:17:43.659Z,34.37,62.96

2026-09-28T07:17:48.659Z,34.37,62.94

2026-09-28T07:17:53.676Z,34.38,62.88

2026-09-28T07:17:58.686Z,34.38,62.91

2026-09-28T07:18:03.673Z,34.35,62.95

2026-09-28T07:18:08.677Z,34.39,62.93

2026-09-28T07:18:13.672Z,34.39,62.95

2026-09-28T07:18:18.676Z,34.39,62.92

2026-09-28T07:18:23.684Z,34.39,62.89

2026-09-28T07:18:28.692Z,34.4,62.84

2026-09-28T07:18:33.679Z,34.38,62.91

2026-09-28T07:18:38.682Z,34.4,62.89

2026-09-28T07:18:43.683Z,34.42,62.79

2026-09-28T07:18:48.682Z,34.42,62.76

2026-09-28T07:18:53.689Z,34.41,62.7

2026-09-28T07:18:58.702Z,34.41,62.74

2026-09-28T07:19:03.687Z,34.4,62.73

2026-09-28T07:19:08.685Z,34.41,62.66

2026-09-28T07:19:13.694Z,34.41,62.7

2026-09-28T07:19:18.697Z,34.4,62.74

2026-09-28T07:19:23.692Z,34.4,62.75

2026-09-28T07:19:28.699Z,34.4,62.77

2026-09-28T07:19:33.697Z,34.4,62.75

2026-09-28T07:19:38.689Z,34.39,62.77

2026-09-28T07:19:43.707Z,34.4,62.85

2026-09-28T07:19:48.700Z,34.41,62.76

2026-09-28T07:19:53.701Z,34.39,62.79

2026-09-28T07:19:58.698Z,34.4,62.74

2026-09-28T07:20:03.707Z,34.4,62.85

2026-09-28T07:20:08.719Z,34.39,62.81

2026-09-28T07:20:13.706Z,34.39,62.8

2026-09-28T07:20:18.708Z,34.4,62.78

2026-09-28T07:20:23.706Z,34.42,62.79

2026-09-28T07:20:28.708Z,34.39,62.82

2026-09-28T07:20:33.714Z,34.4,62.89

2026-09-28T07:20:38.724Z,34.41,62.95

2026-09-28T07:20:43.710Z,34.39,62.94

2026-09-28T07:20:48.714Z,34.39,62.91

2026-09-28T07:20:53.712Z,34.41,62.92

2026-09-28T07:20:58.711Z,34.39,62.86

2026-09-28T07:21:03.730Z,34.39,62.93

2026-09-28T07:21:08.742Z,34.39,62.93

2026-09-28T07:21:13.728Z,34.38,62.88

2026-09-28T07:21:18.729Z,34.42,62.94

2026-09-28T07:21:23.727Z,34.41,63.01

2026-09-28T07:21:28.729Z,34.4,62.96

2026-09-28T07:21:33.740Z,34.4,62.99

2026-09-28T07:21:38.753Z,34.41,63.04

2026-09-28T07:21:43.739Z,34.41,62.99

2026-09-28T07:21:48.740Z,34.42,62.96

2026-09-28T07:21:53.740Z,34.42,62.96

2026-09-28T07:21:58.740Z,34.43,62.89

2026-09-28T07:22:03.746Z,34.42,62.88

2026-09-28T07:22:08.760Z,34.42,62.94

2026-09-28T07:22:13.746Z,34.43,62.93

2026-09-28T07:22:18.747Z,34.42,62.86

2026-09-28T07:22:23.748Z,34.41,62.87

2026-09-28T07:22:28.747Z,34.43,62.86

2026-09-28T07:22:33.759Z,34.4,62.86

2026-09-28T07:22:38.750Z,34.39,62.89

2026-09-28T07:22:43.764Z,34.42,62.89

2026-09-28T07:22:48.767Z,34.41,62.85

2026-09-28T07:22:53.761Z,34.4,62.8

2026-09-28T07:22:58.765Z,34.38,62.95

2026-09-28T07:23:03.758Z,34.39,62.96

2026-09-28T07:23:08.767Z,34.39,62.93

2026-09-28T07:23:13.755Z,34.4,62.86

2026-09-28T07:23:18.762Z,34.39,62.97

2026-09-28T07:23:23.757Z,34.39,62.91

2026-09-28T07:23:28.759Z,34.4,62.92

2026-09-28T07:23:33.782Z,34.4,62.94

2026-09-28T07:23:38.768Z,34.39,62.89

2026-09-28T07:23:43.772Z,34.37,62.99

2026-09-28T07:23:48.770Z,34.37,63.07

2026-09-28T07:23:53.776Z,34.37,63.08

2026-09-28T07:23:58.788Z,34.39,63.16

2026-09-28T07:24:03.777Z,34.37,63.15

2026-09-28T07:24:08.777Z,34.39,63.15

2026-09-28T07:24:13.776Z,34.38,63.22

2026-09-28T07:24:18.777Z,34.39,63.22

2026-09-28T07:24:23.785Z,34.38,63.25

2026-09-28T07:24:28.799Z,34.39,63.28

2026-09-28T07:24:33.784Z,34.39,63.21

2026-09-28T07:24:38.800Z,34.39,63.22

2026-09-28T07:24:43.791Z,34.38,63.34

2026-09-28T07:24:48.799Z,34.41,63.29

2026-09-28T07:24:53.795Z,34.38,63.24

2026-09-28T07:24:58.800Z,34.4,63.35

2026-09-28T07:25:03.788Z,34.4,63.28

2026-09-28T07:25:08.788Z,34.4,63.27

2026-09-28T07:25:13.807Z,34.39,63.29

2026-09-28T07:25:18.820Z,34.39,63.47

2026-09-28T07:25:23.807Z,34.37,63.48

2026-09-28T07:25:28.805Z,34.37,63.49

2026-09-28T07:25:33.806Z,34.38,63.56

2026-09-28T07:25:38.808Z,34.36,63.6

2026-09-28T07:25:43.809Z,34.39,63.59

2026-09-28T07:25:48.819Z,34.38,63.63

2026-09-28T07:25:53.809Z,34.39,63.6

2026-09-28T07:25:58.823Z,34.34,63.67

2026-09-28T07:26:03.813Z,34.36,63.72

2026-09-28T07:26:08.823Z,34.35,63.72

2026-09-28T07:26:13.809Z,34.36,63.65

2026-09-28T07:26:18.821Z,34.34,63.72

2026-09-28T07:26:23.810Z,34.35,63.79

2026-09-28T07:26:28.808Z,34.35,63.8

2026-09-28T07:26:33.826Z,34.32,63.78

2026-09-28T07:26:38.819Z,34.34,63.8

2026-09-28T07:26:43.820Z,34.34,63.81

2026-09-28T07:26:48.819Z,34.34,63.79

2026-09-28T07:26:53.827Z,34.32,63.87

2026-09-28T07:26:58.838Z,34.32,63.89

2026-09-28T07:27:03.829Z,34.31,63.88

2026-09-28T07:27:08.827Z,34.3,63.86

2026-09-28T07:27:13.833Z,34.29,63.96

2026-09-28T07:27:18.850Z,34.29,64.03

2026-09-28T07:27:23.833Z,34.29,63.98

2026-09-28T07:27:28.834Z,34.28,64

2026-09-28T07:27:33.831Z,34.28,64.01

2026-09-28T07:27:38.834Z,34.27,64.04

2026-09-28T07:27:43.848Z,34.27,64.01

2026-09-28T07:27:48.858Z,34.27,64.09

2026-09-28T07:27:53.847Z,34.27,64.09

2026-09-28T07:27:58.858Z,34.26,64.12

2026-09-28T07:28:03.847Z,34.26,64.18

2026-09-28T07:28:08.848Z,34.27,64.18

2026-09-28T07:28:13.847Z,34.24,64.15

2026-09-28T07:28:18.847Z,34.25,64.24

2026-09-28T07:28:23.862Z,34.25,64.22

2026-09-28T07:28:28.873Z,34.24,64.24

2026-09-28T07:28:33.863Z,34.25,64.27

2026-09-28T07:28:38.862Z,34.24,64.29

2026-09-28T07:28:43.861Z,34.23,64.23

2026-09-28T07:28:48.862Z,34.24,64.22

2026-09-28T07:28:53.871Z,34.22,64.24

2026-09-28T07:28:58.884Z,34.25,64.28

2026-09-28T07:29:03.869Z,34.23,64.19

2026-09-28T07:29:08.869Z,34.23,64.17

2026-09-28T07:29:13.868Z,34.24,64.11

2026-09-28T07:29:18.871Z,34.24,64.23

2026-09-28T07:29:23.880Z,34.23,64.14

2026-09-28T07:29:28.893Z,34.23,64.15

2026-09-28T07:29:33.884Z,34.26,64.01

2026-09-28T07:29:38.890Z,34.26,64.03

2026-09-28T07:29:43.879Z,34.26,64

2026-09-28T07:29:48.890Z,34.25,64.07

2026-09-28T07:29:53.879Z,34.26,63.99

2026-09-28T07:29:58.879Z,34.25,63.94

2026-09-28T07:30:03.878Z,34.24,63.89

2026-09-28T07:30:08.879Z,34.24,63.86

2026-09-28T07:30:13.888Z,34.24,63.83

2026-09-28T07:30:18.902Z,34.23,63.73

2026-09-28T07:30:23.886Z,34.23,63.67

2026-09-28T07:30:28.888Z,34.23,63.71

2026-09-28T07:30:33.887Z,34.24,63.68

2026-09-28T07:30:38.896Z,34.25,63.67

2026-09-28T07:30:43.888Z,34.23,63.51

2026-09-28T07:30:48.889Z,34.21,63.42

2026-09-28T07:30:53.889Z,34.23,63.33

2026-09-28T07:30:58.887Z,34.24,63.28

2026-09-28T07:31:03.904Z,34.23,63.18

2026-09-28T07:31:08.919Z,34.21,63.17

2026-09-28T07:31:13.904Z,34.23,63.15

2026-09-28T07:31:18.907Z,34.22,63.08

2026-09-28T07:31:23.903Z,34.2,63.06

2026-09-28T07:31:28.905Z,34.19,63.04

2026-09-28T07:31:33.918Z,34.22,63.07

2026-09-28T07:31:38.928Z,34.19,63.08

2026-09-28T07:31:43.916Z,34.2,63.09

2026-09-28T07:31:48.919Z,34.18,63.1

2026-09-28T07:31:53.917Z,34.19,63.15

2026-09-28T07:31:58.917Z,34.19,63.16

2026-09-28T07:32:03.932Z,34.19,63.19

2026-09-28T07:32:08.939Z,34.19,63.22

2026-09-28T07:32:13.932Z,34.19,63.22

2026-09-28T07:32:18.940Z,34.18,63.24

2026-09-28T07:32:23.938Z,34.16,63.2

2026-09-28T07:32:28.948Z,34.17,63.27

2026-09-28T07:32:33.935Z,34.2,63.22

2026-09-28T07:32:38.935Z,34.17,63.24

2026-09-28T07:32:43.935Z,34.2,63.21

2026-09-28T07:32:48.934Z,34.19,63.23

2026-09-28T07:32:53.935Z,34.2,63.26

2026-09-28T07:32:58.953Z,34.19,63.29

2026-09-28T07:33:03.939Z,34.21,63.25

2026-09-28T07:33:08.950Z,34.2,63.31

2026-09-28T07:33:13.935Z,34.19,63.26

2026-09-28T07:33:18.936Z,34.18,63.17

2026-09-28T07:33:23.936Z,34.19,63.16

2026-09-28T07:33:28.936Z,34.21,63.18

2026-09-28T07:33:33.948Z,34.21,63.2

2026-09-28T07:33:38.952Z,34.21,63.2

2026-09-28T07:33:43.950Z,34.2,63.19

2026-09-28T07:33:48.956Z,34.18,63.22

2026-09-28T07:33:53.953Z,34.2,63.24

2026-09-28T07:33:58.942Z,34.2,63.28

2026-09-28T07:34:03.950Z,34.22,63.29

2026-09-28T07:34:08.962Z,34.21,63.27

2026-09-28T07:34:13.951Z,34.23,63.3

2026-09-28T07:34:18.951Z,34.22,63.29

2026-09-28T07:34:23.951Z,34.24,63.37

2026-09-28T07:34:28.966Z,34.21,63.39

2026-09-28T07:34:33.958Z,34.22,63.32

2026-09-28T07:34:38.964Z,34.23,63.34

2026-09-28T07:34:43.966Z,34.24,63.33

2026-09-28T07:34:48.961Z,34.24,63.36

2026-09-28T07:34:53.967Z,34.25,63.4

2026-09-28T07:34:58.974Z,34.23,63.36

2026-09-28T07:35:03.964Z,34.25,63.41

2026-09-28T07:35:08.964Z,34.25,63.36

2026-09-28T07:35:13.977Z,34.25,63.3

2026-09-28T07:35:18.991Z,34.26,63.34

2026-09-28T07:35:23.986Z,34.25,63.26

2026-09-28T07:35:28.994Z,34.26,63.32

2026-09-28T07:35:33.982Z,34.29,63.17

2026-09-28T07:35:38.998Z,34.27,63.24

2026-09-28T07:35:43.990Z,34.28,63.21

2026-09-28T07:35:48.985Z,34.27,63.21

2026-09-28T07:35:53.991Z,34.28,63.22

2026-09-28T07:35:59.000Z,34.28,63.29

2026-09-28T07:36:03.988Z,34.26,63.29

2026-09-28T07:36:08.988Z,34.27,63.22

2026-09-28T07:36:13.989Z,34.27,63.23

2026-09-28T07:36:19.002Z,34.26,63.3

2026-09-28T07:36:23.990Z,34.29,63.32

2026-09-28T07:36:29.001Z,34.28,63.28

2026-09-28T07:36:33.998Z,34.27,63.29

2026-09-28T07:36:39.001Z,34.29,63.29

2026-09-28T07:36:43.990Z,34.3,63.28

2026-09-28T07:36:49.002Z,34.29,63.3

2026-09-28T07:36:53.997Z,34.28,63.36

2026-09-28T07:36:59.007Z,34.27,63.35

2026-09-28T07:37:03.991Z,34.3,63.28

2026-09-28T07:37:08.991Z,34.3,63.32

2026-09-28T07:37:14.008Z,34.31,63.29

2026-09-28T07:37:19.022Z,34.29,63.32

2026-09-28T07:37:24.003Z,34.3,63.23

2026-09-28T07:37:29.005Z,34.3,63.28

2026-09-28T07:37:34.005Z,34.31,63.32

2026-09-28T07:37:39.004Z,34.3,63.25

2026-09-28T07:37:44.020Z,34.31,63.26

2026-09-28T07:37:49.032Z,34.3,63.2

2026-09-28T07:37:54.017Z,34.31,63.18

2026-09-28T07:37:59.018Z,34.3,63.17

2026-09-28T07:38:04.017Z,34.32,63.18

2026-09-28T07:38:09.020Z,34.31,63.18

2026-09-28T07:38:14.025Z,34.32,63.19

2026-09-28T07:38:19.037Z,34.31,63.21

2026-09-28T07:38:24.025Z,34.3,63.15

2026-09-28T07:38:29.024Z,34.31,63.16

2026-09-28T07:38:34.032Z,34.31,63.2

2026-09-28T07:38:39.041Z,34.3,63.12

2026-09-28T07:38:44.031Z,34.3,63.09

2026-09-28T07:38:49.032Z,34.31,63.11

2026-09-28T07:38:54.031Z,34.3,63.11

2026-09-28T07:38:59.029Z,34.3,63.15

2026-09-28T07:39:04.042Z,34.28,63.05

2026-09-28T07:39:09.053Z,34.29,63.1

2026-09-28T07:39:14.042Z,34.29,63.11

2026-09-28T07:39:19.043Z,34.28,63.12

2026-09-28T07:39:24.043Z,34.28,63.09

2026-09-28T07:39:29.042Z,34.3,63.05

2026-09-28T07:39:34.059Z,34.3,63.07

2026-09-28T07:39:39.048Z,34.29,63.1

2026-09-28T07:39:44.047Z,34.3,63.08

2026-09-28T07:39:49.046Z,34.3,63.07

2026-09-28T07:39:54.057Z,34.3,63.07

2026-09-28T07:39:59.047Z,34.31,63.09

2026-09-28T07:40:04.047Z,34.3,63.13

2026-09-28T07:40:09.047Z,34.3,63.11

2026-09-28T07:40:14.060Z,34.3,63.08

2026-09-28T07:40:19.058Z,34.29,63.14

2026-09-28T07:40:24.056Z,34.3,63.18

2026-09-28T07:40:29.050Z,34.32,63.16

2026-09-28T07:40:34.061Z,34.34,63.17

2026-09-28T07:40:39.074Z,34.31,63.29

2026-09-28T07:40:44.055Z,34.31,63.28

2026-09-28T07:40:49.057Z,34.32,63.28

2026-09-28T07:40:54.057Z,34.32,63.3

2026-09-28T07:40:59.056Z,34.32,63.33

2026-09-28T07:41:04.065Z,34.33,63.31

2026-09-28T07:41:09.074Z,34.32,63.36

2026-09-28T07:41:14.064Z,34.32,63.36

2026-09-28T07:41:19.066Z,34.32,63.38

2026-09-28T07:41:24.067Z,34.33,63.45

2026-09-28T07:41:29.079Z,34.32,63.51

2026-09-28T07:41:34.066Z,34.29,63.49

2026-09-28T07:41:39.067Z,34.31,63.5

2026-09-28T07:41:44.067Z,34.33,63.51

2026-09-28T07:41:49.067Z,34.33,63.5

2026-09-28T07:41:54.088Z,34.3,63.53

2026-09-28T07:41:59.098Z,34.3,63.57

2026-09-28T07:42:04.088Z,34.3,63.5

2026-09-28T07:42:09.085Z,34.3,63.56

2026-09-28T07:42:14.087Z,34.3,63.52

2026-09-28T07:42:19.099Z,34.29,63.56

2026-09-28T07:42:24.093Z,34.29,63.51

2026-09-28T07:42:29.101Z,34.29,63.47

2026-09-28T07:42:34.093Z,34.3,63.53

2026-09-28T07:42:39.100Z,34.29,63.52

2026-09-28T07:42:44.101Z,34.3,63.49

2026-09-28T07:42:49.106Z,34.28,63.49

2026-09-28T07:42:54.093Z,34.29,63.5

2026-09-28T07:42:59.092Z,34.29,63.49

2026-09-28T07:43:04.105Z,34.29,63.52

2026-09-28T07:43:09.113Z,34.29,63.42

2026-09-28T07:43:14.102Z,34.3,63.41

2026-09-28T07:43:19.102Z,34.31,63.38

2026-09-28T07:43:24.102Z,34.31,63.4

2026-09-28T07:43:29.104Z,34.28,63.35

2026-09-28T07:43:34.118Z,34.3,63.37

2026-09-28T07:43:39.110Z,34.3,63.37

2026-09-28T07:43:44.112Z,34.29,63.29

2026-09-28T07:43:49.122Z,34.28,63.37

2026-09-28T07:43:54.116Z,34.29,63.29

2026-09-28T07:43:59.132Z,34.29,63.31

2026-09-28T07:44:04.114Z,34.3,63.32

2026-09-28T07:44:09.131Z,34.27,63.32

2026-09-28T07:44:14.122Z,34.26,63.35

2026-09-28T07:44:19.122Z,34.26,63.29

2026-09-28T07:44:24.114Z,34.27,63.3

2026-09-28T07:44:29.114Z,34.27,63.32

2026-09-28T07:44:34.141Z,34.28,63.31

2026-09-28T07:44:39.146Z,34.28,63.43

2026-09-28T07:44:44.136Z,34.28,63.41

2026-09-28T07:44:49.134Z,34.27,63.38

2026-09-28T07:44:54.142Z,34.28,63.38

2026-09-28T07:44:59.135Z,34.26,63.46

2026-09-28T07:45:04.138Z,34.28,63.44

2026-09-28T07:45:09.149Z,34.27,63.5

2026-09-28T07:45:14.135Z,34.28,63.39

2026-09-28T07:45:19.146Z,34.28,63.46

2026-09-28T07:45:24.139Z,34.28,63.4

2026-09-28T07:45:29.150Z,34.29,63.39

2026-09-28T07:45:34.149Z,34.29,63.43

2026-09-28T07:45:39.158Z,34.29,63.47

2026-09-28T07:45:44.146Z,34.31,63.41

2026-09-28T07:45:49.148Z,34.32,63.31

2026-09-28T07:45:54.148Z,34.3,63.27

2026-09-28T07:45:59.150Z,34.32,63.23

2026-09-28T07:46:04.158Z,34.3,63.16

2026-09-28T07:46:09.168Z,34.31,63.15

2026-09-28T07:46:14.155Z,34.3,63.07

2026-09-28T07:46:19.156Z,34.3,63.08

2026-09-28T07:46:24.156Z,34.3,63.08

2026-09-28T07:46:29.156Z,34.3,63.09

2026-09-28T07:46:34.162Z,34.3,63.1

2026-09-28T07:46:39.171Z,34.3,63.16

2026-09-28T07:46:44.163Z,34.29,63.06

2026-09-28T07:46:49.163Z,34.29,63.1

2026-09-28T07:46:54.164Z,34.28,63.17

2026-09-28T07:46:59.174Z,34.29,63.31

2026-09-28T07:47:04.161Z,34.29,63.35

2026-09-28T07:47:09.162Z,34.28,63.36

2026-09-28T07:47:14.161Z,34.29,63.35

2026-09-28T07:47:19.167Z,34.28,63.36

2026-09-28T07:47:24.179Z,34.27,63.45

2026-09-28T07:47:29.190Z,34.26,63.57

2026-09-28T07:47:34.183Z,34.25,63.66

2026-09-28T07:47:39.181Z,34.25,63.7

2026-09-28T07:47:44.186Z,34.26,63.68

2026-09-28T07:47:49.176Z,34.25,63.62

2026-09-28T07:47:54.190Z,34.25,63.73

2026-09-28T07:47:59.183Z,34.27,63.62

2026-09-28T07:48:04.186Z,34.24,63.7

2026-09-28T07:48:09.186Z,34.22,63.84

2026-09-28T07:48:14.187Z,34.24,63.89

2026-09-28T07:48:19.199Z,34.22,63.92

2026-09-28T07:48:24.187Z,34.24,63.91

2026-09-28T07:48:29.187Z,34.24,63.89

2026-09-28T07:48:34.199Z,34.22,63.95

2026-09-28T07:48:39.201Z,34.22,64.02

2026-09-28T07:48:44.195Z,34.23,64.05

2026-09-28T07:48:49.203Z,34.2,64.13

2026-09-28T07:48:54.189Z,34.2,64.13

2026-09-28T07:48:59.191Z,34.21,64.06

2026-09-28T07:49:04.205Z,34.18,64.05

2026-09-28T07:49:09.213Z,34.19,64.12

2026-09-28T07:49:14.201Z,34.19,64.17

2026-09-28T07:49:19.202Z,34.2,64.19

2026-09-28T07:49:24.202Z,34.2,64.2

2026-09-28T07:49:29.201Z,34.17,64.23

2026-09-28T07:49:34.217Z,34.17,64.3

2026-09-28T07:49:39.210Z,34.18,64.24

2026-09-28T07:49:44.217Z,34.17,64.3

2026-09-28T07:49:49.226Z,34.17,64.35

2026-09-28T07:49:54.211Z,34.16,64.36

2026-09-28T07:49:59.227Z,34.16,64.36

2026-09-28T07:50:04.212Z,34.16,64.34

2026-09-28T07:50:09.214Z,34.17,64.34

2026-09-28T07:50:14.214Z,34.16,64.39

2026-09-28T07:50:19.214Z,34.15,64.37

2026-09-28T07:50:24.223Z,34.17,64.33

2026-09-28T07:50:29.236Z,34.15,64.42

2026-09-28T07:50:34.224Z,34.15,64.34

2026-09-28T07:50:39.223Z,34.14,64.42

2026-09-28T07:50:44.237Z,34.14,64.45

2026-09-28T07:50:49.235Z,34.14,64.44

2026-09-28T07:50:54.230Z,34.14,64.37

2026-09-28T07:50:59.237Z,34.14,64.4

2026-09-28T07:51:04.228Z,34.15,64.34

2026-09-28T07:51:09.240Z,34.14,64.31

2026-09-28T07:51:14.227Z,34.15,64.27

2026-09-28T07:51:19.229Z,34.16,64.2

2026-09-28T07:51:24.248Z,34.13,64.17

2026-09-28T07:51:29.241Z,34.15,64.17

2026-09-28T07:51:34.241Z,34.14,64.22

2026-09-28T07:51:39.242Z,34.14,64.14

2026-09-28T07:51:44.250Z,34.12,64.2

2026-09-28T07:51:49.257Z,34.13,64.25

2026-09-28T07:51:54.247Z,34.13,64.17

2026-09-28T07:51:59.247Z,34.13,64.19

2026-09-28T07:52:04.253Z,34.1,64.26

2026-09-28T07:52:09.258Z,34.1,64.27

2026-09-28T07:52:14.247Z,34.12,64.26

2026-09-28T07:52:19.248Z,34.12,64.24

2026-09-28T07:52:24.259Z,34.11,64.21

2026-09-28T07:52:29.269Z,34.12,64.31

2026-09-28T07:52:34.257Z,34.1,64.29

2026-09-28T07:52:39.259Z,34.11,64.29

2026-09-28T07:52:44.258Z,34.1,64.31

2026-09-28T07:52:49.259Z,34.11,64.27

2026-09-28T07:52:54.264Z,34.09,64.28

2026-09-28T07:52:59.274Z,34.09,64.3

2026-09-28T07:53:04.262Z,34.1,64.25

2026-09-28T07:53:09.261Z,34.09,64.3

2026-09-28T07:53:14.264Z,34.07,64.35

2026-09-28T07:53:19.264Z,34.08,64.33

2026-09-28T07:53:24.273Z,34.08,64.33

2026-09-28T07:53:29.266Z,34.08,64.34

2026-09-28T07:53:34.272Z,34.08,64.32

2026-09-28T07:53:39.277Z,34.07,64.36

2026-09-28T07:53:44.265Z,34.07,64.32

2026-09-28T07:53:49.277Z,34.06,64.35

2026-09-28T07:53:54.267Z,34.05,64.35

2026-09-28T07:53:59.269Z,34.06,64.3

2026-09-28T07:54:04.268Z,34.04,64.29

2026-09-28T07:54:09.269Z,34.05,64.3

2026-09-28T07:54:14.290Z,34.04,64.31

2026-09-28T07:54:19.279Z,34.04,64.43

2026-09-28T07:54:24.286Z,34.05,64.35

2026-09-28T07:54:29.291Z,34.04,64.49

2026-09-28T07:54:34.291Z,34.08,64.36

2026-09-28T07:54:39.282Z,34.04,64.43

2026-09-28T07:54:44.290Z,34.04,64.41

2026-09-28T07:54:49.302Z,34.03,64.34

2026-09-28T07:54:54.289Z,34.04,64.33

2026-09-28T07:54:59.289Z,34.05,64.27

2026-09-28T07:55:04.300Z,34.03,64.3

2026-09-28T07:55:09.313Z,34.03,64.35

2026-09-28T07:55:14.298Z,34.05,64.36

2026-09-28T07:55:19.298Z,34.03,64.35

2026-09-28T07:55:24.299Z,34.03,64.32

2026-09-28T07:55:29.299Z,34.05,64.34

2026-09-28T07:55:34.305Z,34.04,64.36

2026-09-28T07:55:39.317Z,34.04,64.38

2026-09-28T07:55:44.306Z,34.02,64.35

2026-09-28T07:55:49.318Z,34,64.43

2026-09-28T07:55:54.312Z,34,64.41

2026-09-28T07:55:59.320Z,34.01,64.43

2026-09-28T07:56:04.314Z,34.02,64.39

2026-09-28T07:56:09.319Z,34.02,64.45

2026-09-28T07:56:14.308Z,34.02,64.42

2026-09-28T07:56:19.308Z,34.01,64.46

2026-09-28T07:56:24.310Z,34.04,64.45

2026-09-28T07:56:29.308Z,34.01,64.48

2026-09-28T07:56:34.323Z,33.99,64.49

2026-09-28T07:56:39.332Z,34.01,64.48

2026-09-28T07:56:44.319Z,34.01,64.41

2026-09-28T07:56:49.322Z,34.01,64.45

2026-09-28T07:56:54.322Z,34.02,64.45

2026-09-28T07:56:59.321Z,34.01,64.48

2026-09-28T07:57:04.326Z,34.01,64.48

2026-09-28T07:57:09.338Z,33.99,64.54

2026-09-28T07:57:14.327Z,34.01,64.52

2026-09-28T07:57:19.326Z,34.01,64.49

2026-09-28T07:57:24.331Z,34,64.52

2026-09-28T07:57:29.337Z,34,64.5

2026-09-28T07:57:34.339Z,34.03,64.56

2026-09-28T07:57:39.350Z,34,64.57

2026-09-28T07:57:44.338Z,34.02,64.58

2026-09-28T07:57:49.336Z,34.01,64.57

2026-09-28T07:57:54.338Z,34,64.56

2026-09-28T07:57:59.339Z,34.02,64.56

2026-09-28T07:58:04.352Z,34.01,64.64

2026-09-28T07:58:09.361Z,34.01,64.65

2026-09-28T07:58:14.349Z,34.02,64.61

2026-09-28T07:58:19.362Z,34.01,64.64

2026-09-28T07:58:24.354Z,34.01,64.64

2026-09-28T07:58:29.361Z,34.01,64.67

2026-09-28T07:58:34.359Z,34.03,64.72

2026-09-28T07:58:39.364Z,34.02,64.69

2026-09-28T07:58:44.350Z,34.03,64.69

2026-09-28T07:58:49.353Z,34.04,64.63

2026-09-28T07:58:54.353Z,34.02,64.69

2026-09-28T07:58:59.353Z,34.04,64.62

2026-09-28T07:59:04.381Z,34.04,64.68

2026-09-28T07:59:09.388Z,34.02,64.71

2026-09-28T07:59:14.375Z,34.06,64.73

2026-09-28T07:59:19.375Z,34.03,64.63

2026-09-28T07:59:24.376Z,34.03,64.62

2026-09-28T07:59:29.388Z,34.02,64.71

2026-09-28T07:59:34.377Z,34.04,64.68

2026-09-28T07:59:39.379Z,34.03,64.72

2026-09-28T07:59:44.386Z,34.05,64.7

2026-09-28T07:59:49.387Z,34.04,64.72

2026-09-28T07:59:54.383Z,34.02,64.65

2026-09-28T07:59:59.388Z,34.02,64.71

2026-09-28T08:00:04.386Z,34.03,64.64

2026-09-28T08:00:09.395Z,34.03,64.69

2026-09-28T08:00:14.383Z,34.03,64.68

2026-09-28T08:00:19.384Z,34.04,64.66

2026-09-28T08:00:24.384Z,34.05,64.71

2026-09-28T08:00:29.384Z,34.05,64.66

2026-09-28T08:00:34.386Z,34.06,64.69

2026-09-28T08:00:39.395Z,34.05,64.69

2026-09-28T08:00:44.396Z,34.07,64.67

2026-09-28T08:00:49.407Z,34.06,64.71

2026-09-28T08:00:54.389Z,34.08,64.66

2026-09-28T08:00:59.393Z,34.06,64.66

2026-09-28T08:01:04.396Z,34.07,64.64

2026-09-28T08:01:09.407Z,34.08,64.69

2026-09-28T08:01:14.394Z,34.08,64.67

2026-09-28T08:01:19.396Z,34.09,64.65

2026-09-28T08:01:24.396Z,34.09,64.63

2026-09-28T08:01:29.408Z,34.08,64.68

2026-09-28T08:01:34.393Z,34.11,64.61

2026-09-28T08:01:39.396Z,34.08,64.64

2026-09-28T08:01:44.396Z,34.1,64.61

2026-09-28T08:01:49.397Z,34.11,64.6

2026-09-28T08:01:54.422Z,34.11,64.6

2026-09-28T08:01:59.433Z,34.09,64.61

2026-09-28T08:02:04.419Z,34.11,64.52

2026-09-28T08:02:09.420Z,34.11,64.52

2026-09-28T08:02:14.419Z,34.11,64.49

2026-09-28T08:02:19.420Z,34.11,64.53

2026-09-28T08:02:24.442Z,34.09,64.55

2026-09-28T08:02:29.430Z,34.14,64.51

2026-09-28T08:02:34.432Z,34.12,64.46

2026-09-28T08:02:39.431Z,34.1,64.52

2026-09-28T08:02:44.434Z,34.11,64.5

2026-09-28T08:02:49.445Z,34.11,64.55

2026-09-28T08:02:54.433Z,34.13,64.48

2026-09-28T08:02:59.433Z,34.13,64.48

2026-09-28T08:03:04.433Z,34.12,64.53

2026-09-28T08:03:09.433Z,34.12,64.47

2026-09-28T08:03:14.441Z,34.13,64.49

2026-09-28T08:03:19.452Z,34.11,64.51

2026-09-28T08:03:24.442Z,34.13,64.47

2026-09-28T08:03:29.441Z,34.12,64.44

2026-09-28T08:03:34.442Z,34.12,64.44

2026-09-28T08:03:39.442Z,34.12,64.41

2026-09-28T08:03:44.454Z,34.13,64.43

2026-09-28T08:03:49.447Z,34.13,64.44

2026-09-28T08:03:54.446Z,34.12,64.45

2026-09-28T08:03:59.447Z,34.13,64.43

2026-09-28T08:04:04.448Z,34.12,64.44

2026-09-28T08:04:09.462Z,34.14,64.49

2026-09-28T08:04:14.455Z,34.13,64.42

2026-09-28T08:04:19.448Z,34.15,64.46

2026-09-28T08:04:24.457Z,34.14,64.48

2026-09-28T08:04:29.465Z,34.16,64.39

2026-09-28T08:04:34.451Z,34.16,64.36

2026-09-28T08:04:39.452Z,34.15,64.34

2026-09-28T08:04:44.451Z,34.15,64.38

2026-09-28T08:04:49.474Z,34.14,64.38

2026-09-28T08:04:54.467Z,34.15,64.32

2026-09-28T08:04:59.466Z,34.16,64.33

2026-09-28T08:05:04.469Z,34.16,64.35

2026-09-28T08:05:09.463Z,34.18,64.33

2026-09-28T08:05:14.461Z,34.18,64.34

2026-09-28T08:05:19.474Z,34.17,64.31

2026-09-28T08:05:24.462Z,34.18,64.22

2026-09-28T08:05:29.459Z,34.17,64.27

2026-09-28T08:05:34.461Z,34.17,64.2

2026-09-28T08:05:39.461Z,34.18,64.18

2026-09-28T08:05:44.482Z,34.2,64.18

2026-09-28T08:05:49.496Z,34.19,64.23

2026-09-28T08:05:54.482Z,34.2,64.19

2026-09-28T08:05:59.480Z,34.19,64.15

2026-09-28T08:06:04.481Z,34.2,64.11

2026-09-28T08:06:09.483Z,34.19,64.16

2026-09-28T08:06:14.490Z,34.19,64.12

2026-09-28T08:06:19.500Z,34.2,64.17

2026-09-28T08:06:24.492Z,34.19,64.14

2026-09-28T08:06:29.489Z,34.19,64.14

2026-09-28T08:06:34.504Z,34.2,64.17

2026-09-28T08:06:39.510Z,34.2,64.16

2026-09-28T08:06:44.500Z,34.19,64.11

2026-09-28T08:06:49.496Z,34.21,64.13

2026-09-28T08:06:54.495Z,34.18,64.22

2026-09-28T08:06:59.496Z,34.17,64.19

2026-09-28T08:07:04.501Z,34.2,64.14

2026-09-28T08:07:09.512Z,34.18,64.22

2026-09-28T08:07:14.500Z,34.17,64.23

2026-09-28T08:07:19.500Z,34.18,64.18

2026-09-28T08:07:24.500Z,34.17,64.19

2026-09-28T08:07:29.499Z,34.17,64.23

2026-09-28T08:07:34.506Z,34.17,64.23

2026-09-28T08:07:39.517Z,34.17,64.26

2026-09-28T08:07:44.504Z,34.19,64.23

2026-09-28T08:07:49.505Z,34.19,64.27

2026-09-28T08:07:54.506Z,34.17,64.23

2026-09-28T08:07:59.519Z,34.16,64.31

2026-09-28T08:08:04.503Z,34.19,64.21

2026-09-28T08:08:09.522Z,34.16,64.28

2026-09-28T08:08:14.519Z,34.17,64.31

2026-09-28T08:08:19.511Z,34.18,64.21

2026-09-28T08:08:24.516Z,34.19,64.21

2026-09-28T08:08:29.527Z,34.17,64.27

2026-09-28T08:08:34.514Z,34.19,64.25

2026-09-28T08:08:39.516Z,34.19,64.23

2026-09-28T08:08:44.517Z,34.2,64.25

2026-09-28T08:08:49.517Z,34.19,64.3

2026-09-28T08:08:54.532Z,34.19,64.28

2026-09-28T08:08:59.543Z,34.19,64.24

2026-09-28T08:09:04.531Z,34.18,64.26

2026-09-28T08:09:09.532Z,34.21,64.23

2026-09-28T08:09:14.535Z,34.2,64.22

2026-09-28T08:09:19.545Z,34.2,64.27

2026-09-28T08:09:24.533Z,34.2,64.27

2026-09-28T08:09:29.534Z,34.19,64.25

2026-09-28T08:09:34.535Z,34.19,64.23

2026-09-28T08:09:39.533Z,34.22,64.27

2026-09-28T08:09:44.552Z,34.22,64.19

2026-09-28T08:09:49.563Z,34.21,64.19

2026-09-28T08:09:54.551Z,34.23,64.13

2026-09-28T08:09:59.567Z,34.22,64.11

2026-09-28T08:10:04.560Z,34.22,64.15

2026-09-28T08:10:09.552Z,34.23,64.05

2026-09-28T08:10:14.560Z,34.23,64.04

2026-09-28T08:10:19.571Z,34.23,63.96

2026-09-28T08:10:24.560Z,34.23,63.87

2026-09-28T08:10:29.559Z,34.23,63.89

2026-09-28T08:10:34.564Z,34.23,63.93

2026-09-28T08:10:39.572Z,34.24,63.98

2026-09-28T08:10:44.563Z,34.23,63.88

2026-09-28T08:10:49.561Z,34.24,63.83

2026-09-28T08:10:54.565Z,34.25,63.87

2026-09-28T08:10:59.574Z,34.23,63.85

2026-09-28T08:11:04.565Z,34.23,63.91

2026-09-28T08:11:09.571Z,34.23,63.93

2026-09-28T08:11:14.575Z,34.24,63.9

2026-09-28T08:11:19.568Z,34.22,63.93

2026-09-28T08:11:24.566Z,34.23,63.96

2026-09-28T08:11:29.580Z,34.22,63.93

2026-09-28T08:11:34.565Z,34.21,63.92

2026-09-28T08:11:39.567Z,34.24,63.96

2026-09-28T08:11:44.567Z,34.22,63.96

2026-09-28T08:11:49.568Z,34.23,64

2026-09-28T08:11:54.583Z,34.25,63.92

2026-09-28T08:11:59.593Z,34.23,63.96

2026-09-28T08:12:04.584Z,34.24,63.87

2026-09-28T08:12:09.584Z,34.23,63.79

2026-09-28T08:12:14.581Z,34.23,63.77

2026-09-28T08:12:19.584Z,34.23,63.76

2026-09-28T08:12:24.607Z,34.24,63.82

2026-09-28T08:12:29.599Z,34.24,63.76

2026-09-28T08:12:34.598Z,34.24,63.83

2026-09-28T08:12:39.613Z,34.23,63.8

2026-09-28T08:12:44.599Z,34.25,63.81

2026-09-28T08:12:49.600Z,34.25,63.83

2026-09-28T08:12:54.596Z,34.24,63.78

2026-09-28T08:12:59.598Z,34.24,63.77

2026-09-28T08:13:04.609Z,34.25,63.77

2026-09-28T08:13:09.619Z,34.22,63.81

2026-09-28T08:13:14.607Z,34.23,63.81

2026-09-28T08:13:19.609Z,34.24,63.74

2026-09-28T08:13:24.606Z,34.23,63.8

2026-09-28T08:13:29.618Z,34.24,63.85

2026-09-28T08:13:34.613Z,34.22,63.83

2026-09-28T08:13:39.617Z,34.23,63.85

2026-09-28T08:13:44.616Z,34.23,63.82

2026-09-28T08:13:49.611Z,34.24,63.8

2026-09-28T08:13:54.611Z,34.24,63.84

2026-09-28T08:13:59.622Z,34.24,63.87

2026-09-28T08:14:04.610Z,34.23,63.85

2026-09-28T08:14:09.609Z,34.23,63.81

2026-09-28T08:14:14.618Z,34.23,63.76

2026-09-28T08:14:19.629Z,34.22,63.78

2026-09-28T08:14:24.618Z,34.22,63.76

2026-09-28T08:14:29.617Z,34.22,63.79

2026-09-28T08:14:34.620Z,34.21,63.78

2026-09-28T08:14:39.634Z,34.21,63.82

2026-09-28T08:14:44.621Z,34.21,63.78

2026-09-28T08:14:49.620Z,34.22,63.87

2026-09-28T08:14:54.641Z,34.2,63.82

2026-09-28T08:14:59.628Z,34.2,63.87

2026-09-28T08:15:04.634Z,34.19,63.9

2026-09-28T08:15:09.641Z,34.2,63.82

2026-09-28T08:15:14.631Z,34.22,63.87

2026-09-28T08:15:19.640Z,34.21,63.88

2026-09-28T08:15:24.647Z,34.21,63.88

2026-09-28T08:15:29.638Z,34.21,63.82

2026-09-28T08:15:34.637Z,34.22,63.79

2026-09-28T08:15:39.638Z,34.22,63.73

2026-09-28T08:15:44.645Z,34.19,63.7

2026-09-28T08:15:49.654Z,34.21,63.72

2026-09-28T08:15:54.644Z,34.2,63.62

2026-09-28T08:15:59.645Z,34.2,63.69

2026-09-28T08:16:04.643Z,34.2,63.74

2026-09-28T08:16:09.645Z,34.22,63.77

2026-09-28T08:16:14.654Z,34.19,63.85

2026-09-28T08:16:19.668Z,34.2,63.8

2026-09-28T08:16:24.655Z,34.2,63.76

2026-09-28T08:16:29.664Z,34.19,63.83

2026-09-28T08:16:34.654Z,34.19,63.74

2026-09-28T08:16:39.655Z,34.19,63.76

2026-09-28T08:16:44.657Z,34.19,63.78

2026-09-28T08:16:49.666Z,34.2,63.74

2026-09-28T08:16:54.653Z,34.19,63.76

2026-09-28T08:16:59.654Z,34.21,63.74

2026-09-28T08:17:04.654Z,34.18,63.67

2026-09-28T08:17:09.655Z,34.2,63.78

2026-09-28T08:17:14.660Z,34.21,63.71

2026-09-28T08:17:19.670Z,34.2,63.81

2026-09-28T08:17:24.661Z,34.2,63.76

2026-09-28T08:17:29.670Z,34.21,63.73

2026-09-28T08:17:34.671Z,34.21,63.73

2026-09-28T08:17:39.665Z,34.2,63.76

2026-09-28T08:17:44.664Z,34.19,63.76

2026-09-28T08:17:49.663Z,34.19,63.75

2026-09-28T08:17:54.687Z,34.2,63.81

2026-09-28T08:17:59.681Z,34.18,63.74

2026-09-28T08:18:04.680Z,34.19,63.77

2026-09-28T08:18:09.693Z,34.21,63.82

2026-09-28T08:18:14.677Z,34.19,63.77

2026-09-28T08:18:19.680Z,34.21,63.83

2026-09-28T08:18:24.679Z,34.21,63.8

2026-09-28T08:18:29.694Z,34.21,63.89

2026-09-28T08:18:34.680Z,34.19,63.88

2026-09-28T08:18:39.680Z,34.2,63.84

2026-09-28T08:18:44.695Z,34.21,63.8

2026-09-28T08:18:49.709Z,34.21,63.85

2026-09-28T08:18:54.695Z,34.19,63.87

2026-09-28T08:18:59.697Z,34.2,63.84

2026-09-28T08:19:04.696Z,34.2,63.9

2026-09-28T08:19:09.695Z,34.2,63.82

2026-09-28T08:19:14.707Z,34.22,63.89

2026-09-28T08:19:19.717Z,34.19,63.89

2026-09-28T08:19:24.705Z,34.21,63.88

2026-09-28T08:19:29.705Z,34.2,63.84

2026-09-28T08:19:34.716Z,34.21,63.91

2026-09-28T08:19:39.725Z,34.21,63.97

2026-09-28T08:19:44.712Z,34.19,63.86

2026-09-28T08:19:49.711Z,34.2,63.9

2026-09-28T08:19:54.713Z,34.2,63.83

2026-09-28T08:19:59.714Z,34.22,63.81

2026-09-28T08:20:04.724Z,34.21,63.83

2026-09-28T08:20:09.733Z,34.2,63.84

2026-09-28T08:20:14.720Z,34.21,63.78

2026-09-28T08:20:19.736Z,34.2,63.81

2026-09-28T08:20:24.723Z,34.22,63.75

2026-09-28T08:20:29.722Z,34.22,63.67

2026-09-28T08:20:34.732Z,34.22,63.75

2026-09-28T08:20:39.741Z,34.21,63.68

2026-09-28T08:20:44.730Z,34.22,63.62

2026-09-28T08:20:49.728Z,34.22,63.55

2026-09-28T08:20:54.740Z,34.22,63.54

2026-09-28T08:20:59.738Z,34.21,63.57

2026-09-28T08:21:04.729Z,34.23,63.58

2026-09-28T08:21:09.738Z,34.23,63.51

2026-09-28T08:21:14.731Z,34.22,63.52

2026-09-28T08:21:19.728Z,34.23,63.48

2026-09-28T08:21:24.729Z,34.25,63.51

2026-09-28T08:21:29.731Z,34.25,63.47

2026-09-28T08:21:34.736Z,34.21,63.5

2026-09-28T08:21:39.750Z,34.23,63.52

2026-09-28T08:21:44.743Z,34.23,63.43

2026-09-28T08:21:49.739Z,34.23,63.5

2026-09-28T08:21:54.737Z,34.24,63.5

2026-09-28T08:21:59.740Z,34.23,63.51

2026-09-28T08:22:04.745Z,34.26,63.53

2026-09-28T08:22:09.737Z,34.26,63.53

2026-09-28T08:22:14.746Z,34.25,63.57

2026-09-28T08:22:19.751Z,34.25,63.59

2026-09-28T08:22:24.751Z,34.25,63.55

2026-09-28T08:22:29.756Z,34.24,63.62

2026-09-28T08:22:34.758Z,34.24,63.59

2026-09-28T08:22:39.749Z,34.25,63.58

2026-09-28T08:22:44.762Z,34.24,63.62

2026-09-28T08:22:49.772Z,34.25,63.65

2026-09-28T08:22:54.760Z,34.25,63.63

2026-09-28T08:22:59.763Z,34.25,63.63

2026-09-28T08:23:04.776Z,34.25,63.76

2026-09-28T08:23:09.771Z,34.27,63.68

2026-09-28T08:23:14.774Z,34.25,63.68

2026-09-28T08:23:19.783Z,34.27,63.68

2026-09-28T08:23:24.776Z,34.26,63.64

2026-09-28T08:23:29.782Z,34.25,63.65

2026-09-28T08:23:34.772Z,34.25,63.6

2026-09-28T08:23:39.772Z,34.26,63.68

2026-09-28T08:23:44.771Z,34.26,63.65

2026-09-28T08:23:49.770Z,34.26,63.71

2026-09-28T08:23:54.784Z,34.25,63.67

2026-09-28T08:23:59.793Z,34.25,63.72

2026-09-28T08:24:04.782Z,34.24,63.7

2026-09-28T08:24:09.783Z,34.25,63.67

2026-09-28T08:24:14.783Z,34.26,63.78

2026-09-28T08:24:19.783Z,34.26,63.81

2026-09-28T08:24:24.795Z,34.25,63.81

2026-09-28T08:24:29.803Z,34.26,63.86

2026-09-28T08:24:34.789Z,34.27,63.9

2026-09-28T08:24:39.801Z,34.26,63.91

2026-09-28T08:24:44.787Z,34.25,63.87

2026-09-28T08:24:49.796Z,34.24,63.9

2026-09-28T08:24:54.787Z,34.26,63.76

2026-09-28T08:24:59.788Z,34.23,63.72

2026-09-28T08:25:04.803Z,34.26,63.69

2026-09-28T08:25:09.808Z,34.25,63.77

2026-09-28T08:25:14.806Z,34.24,63.74

2026-09-28T08:25:19.805Z,34.26,63.76

2026-09-28T08:25:24.807Z,34.25,63.72

2026-09-28T08:25:29.805Z,34.27,63.68

2026-09-28T08:25:34.810Z,34.25,63.69

2026-09-28T08:25:39.821Z,34.28,63.7

2026-09-28T08:25:44.810Z,34.26,63.71

2026-09-28T08:25:49.812Z,34.25,63.64

2026-09-28T08:25:54.812Z,34.28,63.64

2026-09-28T08:25:59.812Z,34.27,63.5

2026-09-28T08:26:04.825Z,34.28,63.51

2026-09-28T08:26:09.834Z,34.27,63.55

2026-09-28T08:26:14.823Z,34.28,63.58

2026-09-28T08:26:19.825Z,34.27,63.6

2026-09-28T08:26:24.825Z,34.29,63.54

2026-09-28T08:26:29.838Z,34.29,63.49

2026-09-28T08:26:34.826Z,34.3,63.39

2026-09-28T08:26:39.826Z,34.29,63.42

2026-09-28T08:26:44.825Z,34.31,63.38

2026-09-28T08:26:49.836Z,34.31,63.42

2026-09-28T08:26:54.834Z,34.31,63.24

2026-09-28T08:26:59.836Z,34.3,63.18

2026-09-28T08:27:04.844Z,34.31,63.07

2026-09-28T08:27:09.838Z,34.32,62.95

2026-09-28T08:27:14.846Z,34.31,62.84

2026-09-28T08:27:19.862Z,34.31,62.81

2026-09-28T08:27:24.847Z,34.31,62.76

2026-09-28T08:27:29.847Z,34.32,62.71

2026-09-28T08:27:34.846Z,34.3,62.77

2026-09-28T08:27:39.860Z,34.3,62.77

2026-09-28T08:27:44.854Z,34.3,62.74

2026-09-28T08:27:49.858Z,34.29,62.69

2026-09-28T08:27:54.856Z,34.29,62.67

2026-09-28T08:27:59.846Z,34.29,62.58

2026-09-28T08:28:04.845Z,34.28,62.59

2026-09-28T08:28:09.860Z,34.3,62.48

2026-09-28T08:28:14.848Z,34.27,62.37

2026-09-28T08:28:19.848Z,34.28,62.31

2026-09-28T08:28:24.851Z,34.28,62.34

2026-09-28T08:28:29.852Z,34.28,62.37

2026-09-28T08:28:34.861Z,34.28,62.38

2026-09-28T08:28:39.884Z,34.25,62.38

2026-09-28T08:28:44.871Z,34.26,62.43

2026-09-28T08:28:49.871Z,34.25,62.38

2026-09-28T08:28:54.859Z,34.27,62.35

2026-09-28T08:28:59.872Z,34.26,62.46

2026-09-28T08:29:04.859Z,34.26,62.47

2026-09-28T08:29:09.859Z,34.27,62.52

2026-09-28T08:29:14.860Z,34.25,62.51

2026-09-28T08:29:19.861Z,34.26,62.57

2026-09-28T08:29:24.881Z,34.27,62.54

2026-09-28T08:29:29.891Z,34.24,62.54

2026-09-28T08:29:34.878Z,34.27,62.52

2026-09-28T08:29:39.879Z,34.28,62.51

2026-09-28T08:29:44.881Z,34.26,62.56

2026-09-28T08:29:49.881Z,34.29,62.59

2026-09-28T08:29:54.890Z,34.28,62.68

2026-09-28T08:29:59.902Z,34.28,62.73

2026-09-28T08:30:04.889Z,34.28,62.7

2026-09-28T08:30:09.891Z,34.27,62.63

2026-09-28T08:30:14.890Z,34.3,62.63

2026-09-28T08:30:19.890Z,34.29,62.65

2026-09-28T08:30:24.904Z,34.29,62.6

2026-09-28T08:30:29.913Z,34.3,62.64

2026-09-28T08:30:34.903Z,34.31,62.66

2026-09-28T08:30:39.916Z,34.32,62.62

2026-09-28T08:30:44.909Z,34.33,62.61

2026-09-28T08:30:49.916Z,34.33,62.6

2026-09-28T08:30:54.904Z,34.33,62.55

2026-09-28T08:30:59.903Z,34.34,62.55

2026-09-28T08:31:04.902Z,34.34,62.56

2026-09-28T08:31:09.904Z,34.34,62.51

2026-09-28T08:31:14.909Z,34.36,62.63

2026-09-28T08:31:19.920Z,34.34,62.58

2026-09-28T08:31:24.909Z,34.34,62.43

2026-09-28T08:31:29.908Z,34.32,62.37

2026-09-28T08:31:34.908Z,34.33,62.37

2026-09-28T08:31:39.921Z,34.33,62.44

2026-09-28T08:31:44.907Z,34.34,62.43

2026-09-28T08:31:49.910Z,34.34,62.47

2026-09-28T08:31:54.919Z,34.33,62.45

2026-09-28T08:31:59.932Z,34.35,62.64

2026-09-28T08:32:04.915Z,34.34,62.8

2026-09-28T08:32:09.913Z,34.34,62.78

2026-09-28T08:32:14.915Z,34.35,62.75

2026-09-28T08:32:19.915Z,34.35,62.71

2026-09-28T08:32:24.941Z,34.34,62.76

2026-09-28T08:32:29.950Z,34.35,62.7

2026-09-28T08:32:34.935Z,34.35,62.54

2026-09-28T08:32:39.949Z,34.35,62.5

2026-09-28T08:32:44.936Z,34.34,62.47

2026-09-28T08:32:49.936Z,34.34,62.34

2026-09-28T08:32:54.942Z,34.35,62.34

2026-09-28T08:32:59.949Z,34.36,62.31

2026-09-28T08:33:04.950Z,34.34,62.32

2026-09-28T08:33:09.953Z,34.36,62.38

2026-09-28T08:33:14.943Z,34.35,62.35

2026-09-28T08:33:19.942Z,34.34,62.33

2026-09-28T08:33:24.954Z,34.34,62.37

2026-09-28T08:33:29.969Z,34.35,62.41

2026-09-28T08:33:34.954Z,34.34,62.4

2026-09-28T08:33:39.954Z,34.35,62.42

2026-09-28T08:33:44.955Z,34.35,62.44

2026-09-28T08:33:49.955Z,34.35,62.42

2026-09-28T08:33:54.965Z,34.35,62.44

2026-09-28T08:33:59.976Z,34.34,62.45

2026-09-28T08:34:04.963Z,34.35,62.41

2026-09-28T08:34:09.962Z,34.36,62.43

2026-09-28T08:34:14.963Z,34.37,62.37

2026-09-28T08:34:19.963Z,34.37,62.36

2026-09-28T08:34:24.971Z,34.36,62.31

2026-09-28T08:34:29.982Z,34.35,62.37

2026-09-28T08:34:34.967Z,34.38,62.31

2026-09-28T08:34:39.967Z,34.36,62.24

2026-09-28T08:34:44.972Z,34.35,62.23

2026-09-28T08:34:49.982Z,34.37,62.22

2026-09-28T08:34:54.975Z,34.37,62.28

2026-09-28T08:34:59.983Z,34.36,62.28

2026-09-28T08:35:04.971Z,34.37,62.31

2026-09-28T08:35:09.982Z,34.35,62.31

2026-09-28T08:35:14.976Z,34.36,62.2

2026-09-28T08:35:19.974Z,34.34,62.22

2026-09-28T08:35:24.987Z,34.37,62.3

2026-09-28T08:35:29.976Z,34.36,62.2

2026-09-28T08:35:34.985Z,34.38,62.15

2026-09-28T08:35:39.995Z,34.38,62.22

2026-09-28T08:35:44.979Z,34.36,62.17

2026-09-28T08:35:49.982Z,34.38,62.19

2026-09-28T08:35:54.995Z,34.38,62.2

2026-09-28T08:35:59.990Z,34.38,62.16

2026-09-28T08:36:04.996Z,34.39,62.22

2026-09-28T08:36:10.003Z,34.38,62.24

2026-09-28T08:36:14.991Z,34.37,62.2

2026-09-28T08:36:19.999Z,34.39,62.18

2026-09-28T08:36:24.988Z,34.4,62.11

2026-09-28T08:36:29.988Z,34.39,62.14

2026-09-28T08:36:34.988Z,34.41,62.15

2026-09-28T08:36:39.988Z,34.41,62.28

2026-09-28T08:36:45.005Z,34.41,62.31

2026-09-28T08:36:50.017Z,34.41,62.28

2026-09-28T08:36:55.005Z,34.43,62.25

2026-09-28T08:37:00.004Z,34.43,62.24

2026-09-28T08:37:05.019Z,34.42,62.28

2026-09-28T08:37:10.024Z,34.43,62.21

2026-09-28T08:37:15.018Z,34.42,62.21

2026-09-28T08:37:20.022Z,34.45,62.17

2026-09-28T08:37:25.016Z,34.45,62.14

2026-09-28T08:37:30.020Z,34.44,62.12

2026-09-28T08:37:35.019Z,34.46,62.14

2026-09-28T08:37:40.023Z,34.46,62.05

2026-09-28T08:37:45.012Z,34.45,62.02

2026-09-28T08:37:50.011Z,34.45,61.94

2026-09-28T08:37:55.018Z,34.47,61.93

2026-09-28T08:38:00.027Z,34.46,61.9

2026-09-28T08:38:05.017Z,34.47,61.83

2026-09-28T08:38:10.019Z,34.46,61.8

2026-09-28T08:38:15.017Z,34.46,61.84

2026-09-28T08:38:20.018Z,34.47,61.7

2026-09-28T08:38:25.030Z,34.5,61.78

2026-09-28T08:38:30.036Z,34.47,61.72

2026-09-28T08:38:35.026Z,34.45,61.73

2026-09-28T08:38:40.031Z,34.46,61.71

2026-09-28T08:38:45.027Z,34.48,61.79

2026-09-28T08:38:50.027Z,34.46,61.82

2026-09-28T08:38:55.035Z,34.46,61.81

2026-09-28T08:39:00.046Z,34.47,61.81

2026-09-28T08:39:05.036Z,34.45,61.8

2026-09-28T08:39:10.037Z,34.46,61.79

2026-09-28T08:39:15.036Z,34.47,61.75

2026-09-28T08:39:20.037Z,34.47,61.74

2026-09-28T08:39:25.059Z,34.48,61.78

2026-09-28T08:39:30.050Z,34.48,61.67

2026-09-28T08:39:35.047Z,34.47,61.65

2026-09-28T08:39:40.059Z,34.48,61.56

2026-09-28T08:39:45.049Z,34.48,61.5

2026-09-28T08:39:50.051Z,34.48,61.42

2026-09-28T08:39:55.062Z,34.49,61.4

2026-09-28T08:40:00.049Z,34.48,61.37

2026-09-28T08:40:05.048Z,34.48,61.24

2026-09-28T08:40:10.051Z,34.49,61.2

2026-09-28T08:40:15.059Z,34.47,61.13

2026-09-28T08:40:20.067Z,34.46,61.18

2026-09-28T08:40:25.064Z,34.47,61.13

2026-09-28T08:40:30.065Z,34.46,61.19

2026-09-28T08:40:35.072Z,34.45,61.11

2026-09-28T08:40:40.065Z,34.46,61.15

2026-09-28T08:40:45.063Z,34.45,61.17

2026-09-28T08:40:50.064Z,34.46,61.24

2026-09-28T08:40:55.068Z,34.44,61.21

2026-09-28T08:41:00.077Z,34.44,61.27

2026-09-28T08:41:05.067Z,34.43,61.22

2026-09-28T08:41:10.067Z,34.43,61.16

2026-09-28T08:41:15.068Z,34.43,61.29

2026-09-28T08:41:20.068Z,34.43,61.25

2026-09-28T08:41:25.073Z,34.4,61.25

2026-09-28T08:41:30.082Z,34.41,61.39

2026-09-28T08:41:35.069Z,34.42,61.33

2026-09-28T08:41:40.070Z,34.42,61.39

2026-09-28T08:41:45.071Z,34.4,61.3

2026-09-28T08:41:50.071Z,34.41,61.35

2026-09-28T08:41:55.085Z,34.41,61.39

2026-09-28T08:42:00.096Z,34.38,61.45

2026-09-28T08:42:05.081Z,34.39,61.38

2026-09-28T08:42:10.087Z,34.38,61.39

2026-09-28T08:42:15.086Z,34.38,61.4

2026-09-28T08:42:20.084Z,34.39,61.41

2026-09-28T08:42:25.101Z,34.38,61.31

2026-09-28T08:42:30.091Z,34.36,61.34

2026-09-28T08:42:35.092Z,34.39,61.37

2026-09-28T08:42:40.104Z,34.37,61.36

2026-09-28T08:42:45.092Z,34.37,61.37

2026-09-28T08:42:50.091Z,34.38,61.28

2026-09-28T08:42:55.092Z,34.37,61.23

2026-09-28T08:43:00.093Z,34.35,61.22

2026-09-28T08:43:05.096Z,34.37,61.14

2026-09-28T08:43:10.108Z,34.34,61.24

2026-09-28T08:43:15.094Z,34.33,61.2

2026-09-28T08:43:20.096Z,34.35,61.21

2026-09-28T08:43:25.096Z,34.34,61.24

2026-09-28T08:43:30.096Z,34.33,61.22

2026-09-28T08:43:35.110Z,34.35,61.25

2026-09-28T08:43:40.121Z,34.34,61.23

2026-09-28T08:43:45.109Z,34.31,61.27

2026-09-28T08:43:50.110Z,34.33,61.18

2026-09-28T08:43:55.110Z,34.35,61.07

2026-09-28T08:44:00.119Z,34.34,61.1

2026-09-28T08:44:05.114Z,34.33,61.03

2026-09-28T08:44:10.121Z,34.34,61.06

2026-09-28T08:44:15.122Z,34.33,60.94

2026-09-28T08:44:20.115Z,34.36,60.92

2026-09-28T08:44:25.120Z,34.34,61

2026-09-28T08:44:30.131Z,34.33,60.94

2026-09-28T08:44:35.119Z,34.34,60.88

2026-09-28T08:44:40.118Z,34.34,60.89

2026-09-28T08:44:45.119Z,34.33,60.87

2026-09-28T08:44:50.118Z,34.33,60.89

2026-09-28T08:44:55.125Z,34.35,60.91

2026-09-28T08:45:00.132Z,34.31,61

2026-09-28T08:45:05.122Z,34.33,60.96

2026-09-28T08:45:10.120Z,34.33,61.04

2026-09-28T08:45:15.128Z,34.32,60.99

2026-09-28T08:45:20.122Z,34.33,61.07

2026-09-28T08:45:25.120Z,34.32,61.09

2026-09-28T08:45:30.121Z,34.32,61.11

2026-09-28T08:45:35.145Z,34.32,61.09

2026-09-28T08:45:40.132Z,34.31,61.07

2026-09-28T08:45:45.136Z,34.31,61.06

2026-09-28T08:45:50.144Z,34.31,61.08

2026-09-28T08:45:55.138Z,34.31,61.03

2026-09-28T08:46:00.146Z,34.3,61.07

2026-09-28T08:46:05.149Z,34.31,61.03

2026-09-28T08:46:10.143Z,34.31,61

2026-09-28T08:46:15.142Z,34.29,60.9

2026-09-28T08:46:20.142Z,34.3,60.89

2026-09-28T08:46:25.146Z,34.28,60.84

2026-09-28T08:46:30.155Z,34.28,60.85

2026-09-28T08:46:35.145Z,34.3,60.89

2026-09-28T08:46:40.145Z,34.27,60.83

2026-09-28T08:46:45.147Z,34.28,60.79

2026-09-28T08:46:50.146Z,34.27,60.86

2026-09-28T08:46:55.160Z,34.28,60.81

2026-09-28T08:47:00.170Z,34.28,60.88

2026-09-28T08:47:05.160Z,34.27,60.75

2026-09-28T08:47:10.160Z,34.29,60.79

2026-09-28T08:47:15.160Z,34.28,60.82

2026-09-28T08:47:20.159Z,34.27,60.89

2026-09-28T08:47:25.165Z,34.27,60.8

2026-09-28T08:47:30.173Z,34.24,60.84

2026-09-28T08:47:35.164Z,34.28,60.84

2026-09-28T08:47:40.165Z,34.28,60.84

2026-09-28T08:47:45.172Z,34.3,60.85

2026-09-28T08:47:50.181Z,34.29,60.88

2026-09-28T08:47:55.168Z,34.28,60.84

2026-09-28T08:48:00.170Z,34.28,60.9

2026-09-28T08:48:05.169Z,34.27,60.93

2026-09-28T08:48:10.179Z,34.28,60.93

2026-09-28T08:48:15.171Z,34.29,60.93

2026-09-28T08:48:20.169Z,34.31,60.87

2026-09-28T08:48:25.183Z,34.29,60.93

2026-09-28T08:48:30.185Z,34.31,60.92

2026-09-28T08:48:35.180Z,34.29,60.93

2026-09-28T08:48:40.184Z,34.32,60.95

2026-09-28T08:48:45.173Z,34.31,60.95

2026-09-28T08:48:50.175Z,34.3,60.84

2026-09-28T08:48:55.186Z,34.32,60.85

2026-09-28T08:49:00.196Z,34.32,60.89

2026-09-28T08:49:05.186Z,34.32,60.88

2026-09-28T08:49:10.184Z,34.32,60.87

2026-09-28T08:49:15.183Z,34.35,60.83

2026-09-28T08:49:20.199Z,34.32,60.95

2026-09-28T08:49:25.184Z,34.32,60.84

2026-09-28T08:49:30.185Z,34.34,60.77

2026-09-28T08:49:35.187Z,34.33,60.77

2026-09-28T08:49:40.185Z,34.35,60.81

2026-09-28T08:49:45.207Z,34.34,60.72

2026-09-28T08:49:50.217Z,34.35,60.76

2026-09-28T08:49:55.203Z,34.35,60.79

2026-09-28T08:50:00.213Z,34.34,60.78

2026-09-28T08:50:05.210Z,34.36,60.82

2026-09-28T08:50:10.219Z,34.34,60.83

2026-09-28T08:50:15.210Z,34.36,60.76

2026-09-28T08:50:20.217Z,34.34,60.79

2026-09-28T08:50:25.222Z,34.34,60.74

2026-09-28T08:50:30.216Z,34.37,60.73

2026-09-28T08:50:35.214Z,34.36,60.72

2026-09-28T08:50:40.215Z,34.37,60.73

2026-09-28T08:50:45.225Z,34.37,60.83

2026-09-28T08:50:50.234Z,34.38,60.99

2026-09-28T08:50:55.225Z,34.37,60.91

2026-09-28T08:51:00.224Z,34.36,60.91

2026-09-28T08:51:05.224Z,34.36,60.92

2026-09-28T08:51:10.223Z,34.37,60.94

2026-09-28T08:51:15.240Z,34.37,60.99

2026-09-28T08:51:20.230Z,34.38,60.99

2026-09-28T08:51:25.232Z,34.38,61.01

2026-09-28T08:51:30.242Z,34.39,61.05

2026-09-28T08:51:35.229Z,34.39,61.01

2026-09-28T08:51:40.245Z,34.4,61.01

2026-09-28T08:51:45.232Z,34.39,61.03

2026-09-28T08:51:50.243Z,34.38,61.03

2026-09-28T08:51:55.244Z,34.39,61.02

2026-09-28T08:52:00.234Z,34.4,60.91

2026-09-28T08:52:05.233Z,34.42,60.87

2026-09-28T08:52:10.248Z,34.39,60.84

2026-09-28T08:52:15.237Z,34.39,60.78

2026-09-28T08:52:20.234Z,34.39,60.82

2026-09-28T08:52:25.240Z,34.43,60.82

2026-09-28T08:52:30.240Z,34.4,60.92

2026-09-28T08:52:35.259Z,34.38,60.92

2026-09-28T08:52:40.270Z,34.38,60.99

2026-09-28T08:52:45.252Z,34.38,60.91

2026-09-28T08:52:50.253Z,34.41,60.89

2026-09-28T08:52:55.273Z,34.41,60.97

2026-09-28T08:53:00.275Z,34.38,60.99

2026-09-28T08:53:05.270Z,34.41,61.04

2026-09-28T08:53:10.262Z,34.38,61.04

2026-09-28T08:53:15.261Z,34.39,61.11

2026-09-28T08:53:20.264Z,34.4,61.12

2026-09-28T08:53:25.282Z,34.39,61.17

2026-09-28T08:53:30.272Z,34.38,61.08

2026-09-28T08:53:35.270Z,34.38,61.18

2026-09-28T08:53:40.271Z,34.38,61.16

2026-09-28T08:53:45.280Z,34.39,61.15

2026-09-28T08:53:50.291Z,34.38,61.15

2026-09-28T08:53:55.277Z,34.37,61.1

2026-09-28T08:54:00.278Z,34.37,61.15

2026-09-28T08:54:05.280Z,34.37,61

2026-09-28T08:54:10.292Z,34.37,61.13

2026-09-28T08:54:15.284Z,34.37,61.06

2026-09-28T08:54:20.294Z,34.37,61.11

2026-09-28T08:54:25.286Z,34.37,61.05

2026-09-28T08:54:30.302Z,34.36,61.1

2026-09-28T08:54:35.287Z,34.37,61.13

2026-09-28T08:54:40.287Z,34.34,61.09

2026-09-28T08:54:45.286Z,34.37,61.1

2026-09-28T08:54:50.288Z,34.37,61.07

2026-09-28T08:54:55.287Z,34.37,60.98

2026-09-28T08:55:00.300Z,34.35,61.05

2026-09-28T08:55:05.290Z,34.36,60.98

2026-09-28T08:55:10.288Z,34.36,60.98

2026-09-28T08:55:15.289Z,34.36,60.94

2026-09-28T08:55:20.288Z,34.37,61.03

2026-09-28T08:55:25.288Z,34.36,61.01

2026-09-28T08:55:30.300Z,34.35,60.95

2026-09-28T08:55:35.289Z,34.35,60.93

2026-09-28T08:55:40.289Z,34.35,60.86

2026-09-28T08:55:45.302Z,34.37,60.81

2026-09-28T08:55:50.318Z,34.35,60.79

2026-09-28T08:55:55.304Z,34.34,60.68

2026-09-28T08:56:00.303Z,34.36,60.71

2026-09-28T08:56:05.301Z,34.35,60.75

2026-09-28T08:56:10.301Z,34.37,60.74

2026-09-28T08:56:15.324Z,34.35,60.73

2026-09-28T08:56:20.323Z,34.33,60.75

2026-09-28T08:56:25.321Z,34.35,60.8

2026-09-28T08:56:30.324Z,34.34,60.82

2026-09-28T08:56:35.326Z,34.34,60.83

2026-09-28T08:56:40.316Z,34.36,60.81

2026-09-28T08:56:45.323Z,34.33,60.84

2026-09-28T08:56:50.335Z,34.34,60.94

2026-09-28T08:56:55.323Z,34.32,60.86

2026-09-28T08:57:00.323Z,34.33,60.88

2026-09-28T08:57:05.327Z,34.33,60.87

2026-09-28T08:57:10.339Z,34.33,60.96

2026-09-28T08:57:15.324Z,34.32,60.87

2026-09-28T08:57:20.335Z,34.34,60.92

2026-09-28T08:57:25.323Z,34.31,60.92

2026-09-28T08:57:30.338Z,34.3,60.94

2026-09-28T08:57:35.324Z,34.31,60.92

2026-09-28T08:57:40.333Z,34.31,60.96

2026-09-28T08:57:45.339Z,34.31,60.99

2026-09-28T08:57:50.339Z,34.33,61

2026-09-28T08:57:55.327Z,34.31,60.93

2026-09-28T08:58:00.326Z,34.31,60.98

2026-09-28T08:58:05.348Z,34.32,60.99

2026-09-28T08:58:10.358Z,34.31,60.96

2026-09-28T08:58:15.346Z,34.32,60.98

2026-09-28T08:58:20.347Z,34.32,60.94

2026-09-28T08:58:25.356Z,34.32,60.98

2026-09-28T08:58:30.347Z,34.32,60.97

2026-09-28T08:58:35.351Z,34.31,60.92

2026-09-28T08:58:40.360Z,34.32,61.03

2026-09-28T08:58:45.347Z,34.32,61.02

2026-09-28T08:58:50.367Z,34.32,61.05

2026-09-28T08:58:55.352Z,34.32,61.06

2026-09-28T08:59:00.350Z,34.32,61.02

2026-09-28T08:59:05.358Z,34.31,60.98

2026-09-28T08:59:10.362Z,34.31,61.09

2026-09-28T08:59:15.353Z,34.33,61.04

2026-09-28T08:59:20.355Z,34.33,61.01

2026-09-28T08:59:25.363Z,34.34,61.1

2026-09-28T08:59:30.372Z,34.31,61.12

2026-09-28T08:59:35.358Z,34.34,61.09

2026-09-28T08:59:40.367Z,34.33,61.08

2026-09-28T08:59:45.380Z,34.35,61.04

2026-09-28T08:59:50.373Z,34.34,61.06

2026-09-28T08:59:55.384Z,34.35,61.06

2026-09-28T09:00:00.372Z,34.37,61.09

2026-09-28T09:00:05.386Z,34.35,61.14

2026-09-28T09:00:10.399Z,34.37,61.15

2026-09-28T09:00:15.387Z,34.37,61.1

2026-09-28T09:00:20.384Z,34.36,61.13

2026-09-28T09:00:25.385Z,34.38,61.11

2026-09-28T09:00:30.397Z,34.38,61.1

2026-09-28T09:00:35.384Z,34.38,61.18

2026-09-28T09:00:40.399Z,34.38,61.17

2026-09-28T09:00:45.392Z,34.38,61.15

2026-09-28T09:00:50.397Z,34.39,61.21

2026-09-28T09:00:55.395Z,34.39,61.16

2026-09-28T09:01:00.405Z,34.39,61.16

2026-09-28T09:01:05.391Z,34.4,61.16

2026-09-28T09:01:10.391Z,34.41,61.16

2026-09-28T09:01:15.401Z,34.4,61.18

2026-09-28T09:01:20.414Z,34.42,61.23

2026-09-28T09:01:25.400Z,34.43,61.16

2026-09-28T09:01:30.399Z,34.42,61.18

2026-09-28T09:01:35.400Z,34.43,61.2

2026-09-28T09:01:40.399Z,34.42,61.15

2026-09-28T09:01:45.400Z,34.44,61.24

2026-09-28T09:01:50.410Z,34.44,61.18

2026-09-28T09:01:55.399Z,34.46,61.2

2026-09-28T09:02:00.401Z,34.46,61.15

2026-09-28T09:02:05.409Z,34.46,61.15

2026-09-28T09:02:10.405Z,34.45,61.15

2026-09-28T09:02:15.419Z,34.47,61.19

2026-09-28T09:02:20.428Z,34.46,61.18

2026-09-28T09:02:25.417Z,34.46,61.21

2026-09-28T09:02:30.415Z,34.48,61.16

2026-09-28T09:02:35.417Z,34.48,61.18

2026-09-28T09:02:40.418Z,34.48,61.15

2026-09-28T09:02:45.427Z,34.47,61.21

2026-09-28T09:02:50.438Z,34.46,61.19

2026-09-28T09:02:55.426Z,34.46,61.19

2026-09-28T09:03:00.424Z,34.49,61.13

2026-09-28T09:03:05.437Z,34.49,61.21

2026-09-28T09:03:10.448Z,34.48,61.16

2026-09-28T09:03:15.433Z,34.48,61.18

2026-09-28T09:03:20.435Z,34.49,61.17

2026-09-28T09:03:25.434Z,34.49,61.2

2026-09-28T09:03:30.435Z,34.49,61.16

2026-09-28T09:03:35.445Z,34.48,61.22

2026-09-28T09:03:40.456Z,34.48,61.21

2026-09-28T09:03:45.444Z,34.49,61.2

2026-09-28T09:03:50.447Z,34.49,61.2

2026-09-28T09:03:55.455Z,34.5,61.23

2026-09-28T09:04:00.465Z,34.49,61.27

2026-09-28T09:04:05.451Z,34.5,61.25

2026-09-28T09:04:10.454Z,34.51,61.26

2026-09-28T09:04:15.455Z,34.49,61.29

2026-09-28T09:04:20.467Z,34.48,61.34

2026-09-28T09:04:25.454Z,34.5,61.28

2026-09-28T09:04:30.453Z,34.51,61.32

2026-09-28T09:04:35.468Z,34.49,61.37

2026-09-28T09:04:40.456Z,34.5,61.35

2026-09-28T09:04:45.457Z,34.49,61.46

2026-09-28T09:04:50.457Z,34.49,61.42

2026-09-28T09:04:55.469Z,34.49,61.47

2026-09-28T09:05:00.481Z,34.49,61.55

2026-09-28T09:05:05.468Z,34.49,61.5

2026-09-28T09:05:10.468Z,34.5,61.51

2026-09-28T09:05:15.468Z,34.5,61.55

2026-09-28T09:05:20.482Z,34.48,61.54

2026-09-28T09:05:25.474Z,34.49,61.61

2026-09-28T09:05:30.479Z,34.5,61.57

2026-09-28T09:05:35.479Z,34.49,61.53

2026-09-28T09:05:40.472Z,34.49,61.5

2026-09-28T09:05:45.474Z,34.49,61.54

2026-09-28T09:05:50.487Z,34.48,61.55

2026-09-28T09:05:55.471Z,34.5,61.52

2026-09-28T09:06:00.473Z,34.5,61.48

2026-09-28T09:06:05.486Z,34.48,61.51

2026-09-28T09:06:10.496Z,34.49,61.52

2026-09-28T09:06:15.483Z,34.48,61.45

2026-09-28T09:06:20.486Z,34.52,61.49

2026-09-28T09:06:25.486Z,34.48,61.5

2026-09-28T09:06:30.486Z,34.49,61.53

2026-09-28T09:06:35.500Z,34.49,61.51

2026-09-28T09:06:40.508Z,34.51,61.59

2026-09-28T09:06:45.497Z,34.51,61.54

2026-09-28T09:06:50.499Z,34.48,61.55

2026-09-28T09:06:55.497Z,34.51,61.59

2026-09-28T09:07:00.510Z,34.51,61.58

2026-09-28T09:07:05.498Z,34.5,61.57

2026-09-28T09:07:10.500Z,34.5,61.47

2026-09-28T09:07:15.520Z,34.49,61.53

2026-09-28T09:07:20.522Z,34.5,61.57

2026-09-28T09:07:25.517Z,34.5,61.49

2026-09-28T09:07:30.522Z,34.5,61.55

2026-09-28T09:07:35.522Z,34.5,61.43

2026-09-28T09:07:40.514Z,34.5,61.49

2026-09-28T09:07:45.527Z,34.51,61.47

2026-09-28T09:07:50.517Z,34.51,61.49

2026-09-28T09:07:55.518Z,34.51,61.46

2026-09-28T09:08:00.516Z,34.54,61.55

2026-09-28T09:08:05.535Z,34.53,61.47

2026-09-28T09:08:10.527Z,34.54,61.51

2026-09-28T09:08:15.531Z,34.51,61.5

2026-09-28T09:08:20.538Z,34.52,61.54

2026-09-28T09:08:25.534Z,34.55,61.51

2026-09-28T09:08:30.540Z,34.53,61.52

2026-09-28T09:08:35.530Z,34.53,61.45

2026-09-28T09:08:40.528Z,34.52,61.46

2026-09-28T09:08:45.527Z,34.52,61.48

2026-09-28T09:08:50.531Z,34.54,61.44

2026-09-28T09:08:55.532Z,34.53,61.39

2026-09-28T09:09:00.537Z,34.53,61.4

2026-09-28T09:09:05.529Z,34.53,61.33

2026-09-28T09:09:10.531Z,34.53,61.37

2026-09-28T09:09:15.538Z,34.52,61.31

2026-09-28T09:09:20.549Z,34.52,61.34

2026-09-28T09:09:25.537Z,34.5,61.29

2026-09-28T09:09:30.535Z,34.52,61.25

2026-09-28T09:09:35.537Z,34.51,61.28

2026-09-28T09:09:40.537Z,34.5,61.28

2026-09-28T09:09:45.551Z,34.51,61.24

2026-09-28T09:09:50.567Z,34.49,61.32

2026-09-28T09:09:55.550Z,34.49,61.27

2026-09-28T09:10:00.553Z,34.48,61.29

2026-09-28T09:10:05.551Z,34.48,61.29

2026-09-28T09:10:10.552Z,34.46,61.26

2026-09-28T09:10:15.561Z,34.49,61.18

2026-09-28T09:10:20.570Z,34.48,61.26

2026-09-28T09:10:25.560Z,34.48,61.22

2026-09-28T09:10:30.560Z,34.48,61.22

2026-09-28T09:10:35.559Z,34.49,61.14

2026-09-28T09:10:40.561Z,34.45,61.2

2026-09-28T09:10:45.563Z,34.49,61.18

2026-09-28T09:10:50.574Z,34.48,61.23

2026-09-28T09:10:55.561Z,34.48,61.17

2026-09-28T09:11:00.563Z,34.49,61.16

2026-09-28T09:11:05.563Z,34.48,61.02

2026-09-28T09:11:10.564Z,34.47,60.97

2026-09-28T09:11:15.571Z,34.49,60.94

2026-09-28T09:11:20.585Z,34.5,60.88

2026-09-28T09:11:25.570Z,34.48,60.92

2026-09-28T09:11:30.570Z,34.45,60.91

2026-09-28T09:11:35.573Z,34.48,60.97

2026-09-28T09:11:40.573Z,34.48,61.04

2026-09-28T09:11:45.581Z,34.47,60.98

2026-09-28T09:11:50.591Z,34.47,60.98

2026-09-28T09:11:55.579Z,34.47,61.07

2026-09-28T09:12:00.580Z,34.46,61.09

2026-09-28T09:12:05.578Z,34.48,61.18

2026-09-28T09:12:10.578Z,34.47,61.13

2026-09-28T09:12:15.581Z,34.46,61.17

2026-09-28T09:12:20.593Z,34.45,61.3

2026-09-28T09:12:25.583Z,34.44,61.28

2026-09-28T09:12:30.579Z,34.46,61.37

2026-09-28T09:12:35.579Z,34.47,61.37

2026-09-28T09:12:40.592Z,34.46,61.43

2026-09-28T09:12:45.582Z,34.45,61.41

2026-09-28T09:12:50.597Z,34.45,61.55

2026-09-28T09:12:55.590Z,34.43,61.6

2026-09-28T09:13:00.593Z,34.43,61.56

2026-09-28T09:13:05.590Z,34.45,61.66

2026-09-28T09:13:10.594Z,34.43,61.61

2026-09-28T09:13:15.582Z,34.43,61.67

2026-09-28T09:13:20.584Z,34.43,61.73

2026-09-28T09:13:25.584Z,34.42,61.71

2026-09-28T09:13:30.586Z,34.42,61.72

2026-09-28T09:13:35.604Z,34.41,61.74

2026-09-28T09:13:40.614Z,34.4,61.73

2026-09-28T09:13:45.602Z,34.4,61.69

2026-09-28T09:13:50.603Z,34.39,61.74

2026-09-28T09:13:55.602Z,34.4,61.83

2026-09-28T09:14:00.602Z,34.41,61.77

2026-09-28T09:14:05.614Z,34.4,61.85

2026-09-28T09:14:10.624Z,34.37,61.9

2026-09-28T09:14:15.613Z,34.39,61.8

2026-09-28T09:14:20.615Z,34.39,61.72

2026-09-28T09:14:25.614Z,34.37,61.71

2026-09-28T09:14:30.616Z,34.37,61.82

2026-09-28T09:14:35.622Z,34.35,61.84

2026-09-28T09:14:40.635Z,34.35,61.85

2026-09-28T09:14:45.619Z,34.35,61.77

2026-09-28T09:14:50.621Z,34.33,61.8

2026-09-28T09:14:55.620Z,34.36,61.78

2026-09-28T09:15:00.621Z,34.35,61.82

2026-09-28T09:15:05.625Z,34.35,61.85

2026-09-28T09:15:10.635Z,34.35,61.84

2026-09-28T09:15:15.627Z,34.34,61.79

2026-09-28T09:15:20.632Z,34.35,61.86

2026-09-28T09:15:25.640Z,34.35,61.84

2026-09-28T09:15:30.645Z,34.33,61.78

2026-09-28T09:15:35.637Z,34.33,61.79

2026-09-28T09:15:40.645Z,34.33,61.78

2026-09-28T09:15:45.635Z,34.35,61.73

2026-09-28T09:15:50.634Z,34.34,61.73

2026-09-28T09:15:55.641Z,34.33,61.8

2026-09-28T09:16:00.634Z,34.35,61.81

2026-09-28T09:16:05.635Z,34.33,61.72

2026-09-28T09:16:10.637Z,34.32,61.78

2026-09-28T09:16:15.639Z,34.32,61.76

2026-09-28T09:16:20.654Z,34.31,61.8

2026-09-28T09:16:25.644Z,34.34,61.78

2026-09-28T09:16:30.642Z,34.33,61.75

2026-09-28T09:16:35.658Z,34.32,61.77

2026-09-28T09:16:40.668Z,34.32,61.78

2026-09-28T09:16:45.654Z,34.33,61.74

2026-09-28T09:16:50.655Z,34.32,61.73

2026-09-28T09:16:55.668Z,34.31,61.76

2026-09-28T09:17:00.678Z,34.32,61.8

2026-09-28T09:17:05.675Z,34.32,61.65

2026-09-28T09:17:10.678Z,34.31,61.57

2026-09-28T09:17:15.679Z,34.31,61.43

2026-09-28T09:17:20.669Z,34.32,61.35

2026-09-28T09:17:25.676Z,34.31,61.29

2026-09-28T09:17:30.688Z,34.31,61.25

2026-09-28T09:17:35.684Z,34.3,61.26

2026-09-28T09:17:40.687Z,34.31,61.3

2026-09-28T09:17:45.677Z,34.29,61.25

2026-09-28T09:17:50.678Z,34.31,61.27

2026-09-28T09:17:55.683Z,34.29,61.28

2026-09-28T09:18:00.691Z,34.29,61.34

2026-09-28T09:18:05.682Z,34.3,61.29

2026-09-28T09:18:10.681Z,34.32,61.29

2026-09-28T09:18:15.683Z,34.31,61.39

2026-09-28T09:18:20.684Z,34.29,61.31

2026-09-28T09:18:25.695Z,34.31,61.35

2026-09-28T09:18:30.704Z,34.31,61.43

2026-09-28T09:18:35.697Z,34.29,61.44

2026-09-28T09:18:40.689Z,34.28,61.47

2026-09-28T09:18:45.691Z,34.31,61.56

2026-09-28T09:18:50.691Z,34.32,61.58

2026-09-28T09:18:55.690Z,34.29,61.6

2026-09-28T09:19:00.705Z,34.28,61.61

2026-09-28T09:19:05.691Z,34.29,61.63

2026-09-28T09:19:10.691Z,34.3,61.59

2026-09-28T09:19:15.700Z,34.29,61.68

2026-09-28T09:19:20.707Z,34.29,61.74

2026-09-28T09:19:25.700Z,34.29,61.76

2026-09-28T09:19:30.707Z,34.31,61.81

2026-09-28T09:19:35.696Z,34.31,61.84

2026-09-28T09:19:40.695Z,34.3,61.93

2026-09-28T09:19:45.699Z,34.3,62.04

2026-09-28T09:19:50.700Z,34.28,62

2026-09-28T09:19:55.713Z,34.31,61.98

2026-09-28T09:20:00.726Z,34.28,62.06

2026-09-28T09:20:05.712Z,34.27,62.07

2026-09-28T09:20:10.713Z,34.29,62.04

2026-09-28T09:20:15.717Z,34.26,61.94

2026-09-28T09:20:20.728Z,34.28,61.89

2026-09-28T09:20:25.713Z,34.28,61.86

2026-09-28T09:20:30.727Z,34.26,61.9

2026-09-28T09:20:35.717Z,34.28,61.91

2026-09-28T09:20:40.727Z,34.3,62.01

2026-09-28T09:20:45.733Z,34.28,61.96

2026-09-28T09:20:50.738Z,34.3,62.01

2026-09-28T09:20:55.727Z,34.3,61.97

2026-09-28T09:21:00.724Z,34.28,61.95

2026-09-28T09:21:05.741Z,34.27,61.98

2026-09-28T09:21:10.754Z,34.28,62.07

2026-09-28T09:21:15.741Z,34.29,62.03

2026-09-28T09:21:20.741Z,34.26,61.99

2026-09-28T09:21:25.740Z,34.28,61.95

2026-09-28T09:21:30.740Z,34.27,62.03

2026-09-28T09:21:35.761Z,34.26,62.03

2026-09-28T09:21:40.751Z,34.28,62.01

2026-09-28T09:21:45.752Z,34.26,62.02

2026-09-28T09:21:50.754Z,34.26,62

2026-09-28T09:21:55.758Z,34.27,62.04

2026-09-28T09:22:00.769Z,34.29,62.11

2026-09-28T09:22:05.757Z,34.28,62.08

2026-09-28T09:22:10.755Z,34.27,62.12

2026-09-28T09:22:15.760Z,34.28,62.17

2026-09-28T09:22:20.767Z,34.28,62.1

2026-09-28T09:22:25.756Z,34.27,62.18

2026-09-28T09:22:30.771Z,34.28,62.23

2026-09-28T09:22:35.763Z,34.26,62.21

2026-09-28T09:22:40.776Z,34.26,62.19

2026-09-28T09:22:45.768Z,34.26,62.24

2026-09-28T09:22:50.780Z,34.24,62.23

2026-09-28T09:22:55.765Z,34.24,62.21

2026-09-28T09:23:00.764Z,34.28,62.2

2026-09-28T09:23:05.779Z,34.24,62.25

2026-09-28T09:23:10.769Z,34.23,62.24

2026-09-28T09:23:15.780Z,34.24,62.27

2026-09-28T09:23:20.790Z,34.25,62.26

2026-09-28T09:23:25.778Z,34.25,62.3

2026-09-28T09:23:30.778Z,34.23,62.27

2026-09-28T09:23:35.778Z,34.22,62.3

2026-09-28T09:23:40.779Z,34.22,62.29

2026-09-28T09:23:45.786Z,34.24,62.29

2026-09-28T09:23:50.799Z,34.23,62.33

2026-09-28T09:23:55.783Z,34.26,62.37

2026-09-28T09:24:00.784Z,34.23,62.33

2026-09-28T09:24:05.797Z,34.24,62.36

2026-09-28T09:24:10.791Z,34.23,62.22

2026-09-28T09:24:15.798Z,34.21,62.24

2026-09-28T09:24:20.805Z,34.21,62.26

2026-09-28T09:24:25.798Z,34.21,62.27

2026-09-28T09:24:30.801Z,34.21,62.28

2026-09-28T09:24:35.791Z,34.22,62.18

2026-09-28T09:24:40.793Z,34.22,62.2

2026-09-28T09:24:45.804Z,34.19,62.17

2026-09-28T09:24:50.815Z,34.2,62.16

2026-09-28T09:24:55.800Z,34.22,62.19

2026-09-28T09:25:00.800Z,34.23,62.05

2026-09-28T09:25:05.811Z,34.24,62.14

2026-09-28T09:25:10.824Z,34.22,62.11

2026-09-28T09:25:15.806Z,34.22,62.04

2026-09-28T09:25:20.808Z,34.21,62.01

2026-09-28T09:25:25.807Z,34.23,62.05

2026-09-28T09:25:30.809Z,34.23,62.06

2026-09-28T09:25:35.813Z,34.23,61.98

2026-09-28T09:25:40.821Z,34.23,62.06

2026-09-28T09:25:45.817Z,34.23,61.97

2026-09-28T09:25:50.810Z,34.24,61.94

2026-09-28T09:25:55.823Z,34.23,62.01

2026-09-28T09:26:00.815Z,34.2,61.94

2026-09-28T09:26:05.825Z,34.23,61.97

2026-09-28T09:26:10.817Z,34.24,61.98

2026-09-28T09:26:15.818Z,34.22,61.95

2026-09-28T09:26:20.819Z,34.23,61.96

2026-09-28T09:26:25.827Z,34.24,61.93

2026-09-28T09:26:30.836Z,34.22,62

2026-09-28T09:26:35.822Z,34.22,61.93

2026-09-28T09:26:40.838Z,34.24,61.98

2026-09-28T09:26:45.829Z,34.23,62.02

2026-09-28T09:26:50.837Z,34.23,62.05

2026-09-28T09:26:55.845Z,34.24,61.97

2026-09-28T09:27:00.837Z,34.26,61.97

2026-09-28T09:27:05.834Z,34.24,61.94

2026-09-28T09:27:10.835Z,34.25,61.9

2026-09-28T09:27:15.845Z,34.25,61.86

2026-09-28T09:27:20.855Z,34.27,61.92

2026-09-28T09:27:25.845Z,34.27,61.84

2026-09-28T09:27:30.845Z,34.27,61.84

2026-09-28T09:27:35.843Z,34.26,61.81

2026-09-28T09:27:40.845Z,34.29,61.8

2026-09-28T09:27:45.851Z,34.29,61.78

2026-09-28T09:27:50.865Z,34.29,61.77

2026-09-28T09:27:55.859Z,34.29,61.74

2026-09-28T09:28:00.864Z,34.3,61.69

2026-09-28T09:28:05.856Z,34.3,61.69

2026-09-28T09:28:10.852Z,34.31,61.62

2026-09-28T09:28:15.857Z,34.31,61.6

2026-09-28T09:28:20.850Z,34.31,61.57

2026-09-28T09:28:25.859Z,34.31,61.43

2026-09-28T09:28:30.870Z,34.31,61.3

2026-09-28T09:28:35.860Z,34.32,61.27

2026-09-28T09:28:40.858Z,34.32,61.22

2026-09-28T09:28:45.859Z,34.3,61.19

2026-09-28T09:28:50.860Z,34.31,61.14

2026-09-28T09:28:55.863Z,34.34,61.17

2026-09-28T09:29:00.860Z,34.32,61.19

2026-09-28T09:29:05.861Z,34.32,61.13

2026-09-28T09:29:10.874Z,34.32,61.13

2026-09-28T09:29:15.860Z,34.31,61.03

2026-09-28T09:29:20.862Z,34.33,60.99

2026-09-28T09:29:25.869Z,34.31,61.04

2026-09-28T09:29:30.876Z,34.32,61.01

2026-09-28T09:29:35.881Z,34.32,60.94

2026-09-28T09:29:40.888Z,34.32,61.02

2026-09-28T09:29:45.871Z,34.31,61

2026-09-28T09:29:50.872Z,34.32,61

2026-09-28T09:29:55.871Z,34.31,61.05

2026-09-28T09:30:00.871Z,34.3,61.1

2026-09-28T09:30:05.890Z,34.32,61.1

2026-09-28T09:30:10.906Z,34.3,61.13

2026-09-28T09:30:15.887Z,34.29,61.11

2026-09-28T09:30:20.890Z,34.29,61.14

2026-09-28T09:30:25.890Z,34.31,61.17

2026-09-28T09:30:30.890Z,34.3,61.17

2026-09-28T09:30:35.900Z,34.3,61.14

2026-09-28T09:30:40.912Z,34.3,61.21

2026-09-28T09:30:45.897Z,34.3,61.16

2026-09-28T09:30:50.899Z,34.3,61.29

2026-09-28T09:30:55.898Z,34.3,61.28

2026-09-28T09:31:00.898Z,34.31,61.26

2026-09-28T09:31:05.905Z,34.27,61.26

2026-09-28T09:31:10.913Z,34.3,61.34

2026-09-28T09:31:15.901Z,34.29,61.34

2026-09-28T09:31:20.903Z,34.29,61.32

2026-09-28T09:31:25.911Z,34.31,61.39

2026-09-28T09:31:30.922Z,34.28,61.39

2026-09-28T09:31:35.912Z,34.32,61.35

2026-09-28T09:31:40.911Z,34.3,61.42

2026-09-28T09:31:45.913Z,34.28,61.45

2026-09-28T09:31:50.912Z,34.31,61.45

2026-09-28T09:31:55.923Z,34.27,61.42

2026-09-28T09:32:00.932Z,34.29,61.5

2026-09-28T09:32:05.920Z,34.29,61.47

2026-09-28T09:32:10.921Z,34.28,61.34

2026-09-28T09:32:15.919Z,34.3,61.32

2026-09-28T09:32:20.919Z,34.31,61.27

2026-09-28T09:32:25.923Z,34.29,61.3

2026-09-28T09:32:30.934Z,34.29,61.28

2026-09-28T09:32:35.923Z,34.28,61.24

2026-09-28T09:32:40.922Z,34.29,61.3

2026-09-28T09:32:45.929Z,34.28,61.27

2026-09-28T09:32:50.933Z,34.28,61.24

2026-09-28T09:32:55.928Z,34.28,61.25

2026-09-28T09:33:00.926Z,34.28,61.25

2026-09-28T09:33:05.925Z,34.27,61.2

2026-09-28T09:33:10.925Z,34.29,61.22

2026-09-28T09:33:15.931Z,34.27,61.26

2026-09-28T09:33:20.940Z,34.25,61.33

2026-09-28T09:33:25.931Z,34.29,61.23

2026-09-28T09:33:30.931Z,34.28,61.24

2026-09-28T09:33:35.932Z,34.27,61.2

2026-09-28T09:33:40.932Z,34.27,61.22

2026-09-28T09:33:45.943Z,34.28,61.2

2026-09-28T09:33:50.954Z,34.26,61.25

2026-09-28T09:33:55.943Z,34.27,61.23

2026-09-28T09:34:00.942Z,34.27,61.3

2026-09-28T09:34:05.943Z,34.27,61.32

2026-09-28T09:34:10.943Z,34.28,61.28

2026-09-28T09:34:15.956Z,34.27,61.27

2026-09-28T09:34:20.962Z,34.26,61.28

2026-09-28T09:34:25.950Z,34.28,61.28

2026-09-28T09:34:30.962Z,34.27,61.26

2026-09-28T09:34:35.954Z,34.24,61.24

2026-09-28T09:34:40.965Z,34.25,61.17

2026-09-28T09:34:45.950Z,34.25,61.06

2026-09-28T09:34:50.952Z,34.25,61.01

2026-09-28T09:34:55.951Z,34.25,61

2026-09-28T09:35:00.964Z,34.25,60.95

2026-09-28T09:35:05.951Z,34.24,60.94

2026-09-28T09:35:10.954Z,34.24,60.88

2026-09-28T09:35:15.956Z,34.24,60.95

2026-09-28T09:35:20.955Z,34.25,60.88

2026-09-28T09:35:25.967Z,34.24,60.78

2026-09-28T09:35:30.977Z,34.23,60.81

2026-09-28T09:35:35.966Z,34.24,60.82

2026-09-28T09:35:40.967Z,34.24,60.83

2026-09-28T09:35:45.966Z,34.23,60.76

2026-09-28T09:35:50.968Z,34.23,60.74

2026-09-28T09:35:55.969Z,34.24,60.8

2026-09-28T09:36:00.981Z,34.22,60.81

2026-09-28T09:36:05.973Z,34.26,60.78

2026-09-28T09:36:10.978Z,34.22,60.81

2026-09-28T09:36:15.966Z,34.22,60.75

2026-09-28T09:36:20.978Z,34.23,60.81

2026-09-28T09:36:25.973Z,34.22,60.74

2026-09-28T09:36:30.985Z,34.21,60.87

2026-09-28T09:36:35.982Z,34.24,60.82

2026-09-28T09:36:40.994Z,34.22,60.8

2026-09-28T09:36:45.981Z,34.21,60.84

2026-09-28T09:36:50.983Z,34.24,60.87

2026-09-28T09:36:55.983Z,34.24,60.87

2026-09-28T09:37:00.994Z,34.22,60.91

2026-09-28T09:37:05.982Z,34.25,60.93

2026-09-28T09:37:10.982Z,34.24,60.93

2026-09-28T09:37:15.983Z,34.25,60.91

2026-09-28T09:37:20.983Z,34.25,60.93

2026-09-28T09:37:26.003Z,34.24,60.92

2026-09-28T09:37:31.011Z,34.23,60.93

2026-09-28T09:37:36.002Z,34.26,60.93

2026-09-28T09:37:41.001Z,34.25,60.94

2026-09-28T09:37:46.002Z,34.26,60.97

2026-09-28T09:37:51.001Z,34.25,60.92

2026-09-28T09:37:56.017Z,34.26,60.92

2026-09-28T09:38:01.027Z,34.25,60.97

2026-09-28T09:38:06.020Z,34.27,60.9

2026-09-28T09:38:11.026Z,34.25,60.99

2026-09-28T09:38:16.013Z,34.25,60.89

2026-09-28T09:38:21.025Z,34.25,60.94

2026-09-28T09:38:26.013Z,34.27,60.9

2026-09-28T09:38:31.013Z,34.26,60.95

2026-09-28T09:38:36.025Z,34.25,60.92

2026-09-28T09:38:41.032Z,34.26,60.96

2026-09-28T09:38:46.024Z,34.27,60.91

2026-09-28T09:38:51.025Z,34.25,61

2026-09-28T09:38:56.025Z,34.26,60.97

2026-09-28T09:39:01.026Z,34.28,60.94

2026-09-28T09:39:06.040Z,34.28,60.9

2026-09-28T09:39:11.033Z,34.28,60.94

2026-09-28T09:39:16.038Z,34.26,60.94

2026-09-28T09:39:21.047Z,34.28,60.95

2026-09-28T09:39:26.034Z,34.28,61.01

2026-09-28T09:39:31.036Z,34.28,61.05

2026-09-28T09:39:36.036Z,34.28,61.01

2026-09-28T09:39:41.036Z,34.28,61.06

2026-09-28T09:39:46.038Z,34.27,61.05

2026-09-28T09:39:51.051Z,34.29,61.14

2026-09-28T09:39:56.037Z,34.27,61.04

2026-09-28T09:40:01.038Z,34.3,61.01

2026-09-28T09:40:06.041Z,34.29,61.04

2026-09-28T09:40:11.053Z,34.28,60.99

2026-09-28T09:40:16.039Z,34.29,60.99

2026-09-28T09:40:21.041Z,34.28,61

2026-09-28T09:40:26.041Z,34.28,60.99

2026-09-28T09:40:31.040Z,34.28,60.95

2026-09-28T09:40:36.064Z,34.28,60.96

2026-09-28T09:40:41.059Z,34.29,61

2026-09-28T09:40:46.061Z,34.28,61.01

2026-09-28T09:40:51.071Z,34.29,61.06

2026-09-28T09:40:56.060Z,34.3,61.03

2026-09-28T09:41:01.060Z,34.3,61.07

2026-09-28T09:41:06.078Z,34.3,61.08

2026-09-28T09:41:11.072Z,34.33,61.12

2026-09-28T09:41:16.071Z,34.33,61.11

2026-09-28T09:41:21.072Z,34.31,61.11

2026-09-28T09:41:26.074Z,34.31,61.1

2026-09-28T09:41:31.085Z,34.32,61.12

2026-09-28T09:41:36.073Z,34.32,61.14

2026-09-28T09:41:41.072Z,34.33,61.13

2026-09-28T09:41:46.070Z,34.33,61.11

2026-09-28T09:41:51.073Z,34.34,61.05

2026-09-28T09:41:56.096Z,34.34,61.01

2026-09-28T09:42:01.088Z,34.36,61.05

2026-09-28T09:42:06.086Z,34.36,60.88

2026-09-28T09:42:11.099Z,34.36,60.93

2026-09-28T09:42:16.092Z,34.36,60.89

2026-09-28T09:42:21.099Z,34.39,60.83

2026-09-28T09:42:26.093Z,34.37,60.79

2026-09-28T09:42:31.100Z,34.36,60.77

2026-09-28T09:42:36.093Z,34.37,60.71

2026-09-28T09:42:41.087Z,34.37,60.63

2026-09-28T09:42:46.095Z,34.38,60.75

2026-09-28T09:42:51.104Z,34.37,60.74

2026-09-28T09:42:56.094Z,34.38,60.71

2026-09-28T09:43:01.106Z,34.36,60.78

2026-09-28T09:43:06.095Z,34.38,60.77

2026-09-28T09:43:11.107Z,34.38,60.82

2026-09-28T09:43:16.099Z,34.36,60.79

2026-09-28T09:43:21.114Z,34.36,60.88

2026-09-28T09:43:26.095Z,34.37,60.83

2026-09-28T09:43:31.100Z,34.37,60.87

2026-09-28T09:43:36.110Z,34.37,60.81

2026-09-28T09:43:41.121Z,34.38,60.88

2026-09-28T09:43:46.108Z,34.39,60.86

2026-09-28T09:43:51.122Z,34.38,60.88

2026-09-28T09:43:56.109Z,34.4,60.78

2026-09-28T09:44:01.126Z,34.38,60.84

2026-09-28T09:44:06.113Z,34.39,60.85

2026-09-28T09:44:11.122Z,34.39,60.93

2026-09-28T09:44:16.110Z,34.39,60.83

2026-09-28T09:44:21.110Z,34.41,60.83

2026-09-28T09:44:26.110Z,34.41,60.82

2026-09-28T09:44:31.109Z,34.43,60.86

2026-09-28T09:44:36.129Z,34.4,60.85

2026-09-28T09:44:41.139Z,34.43,60.89

2026-09-28T09:44:46.125Z,34.43,60.88

2026-09-28T09:44:51.127Z,34.41,60.92

2026-09-28T09:44:56.136Z,34.43,60.89

2026-09-28T09:45:01.129Z,34.42,60.84

2026-09-28T09:45:06.135Z,34.43,60.92

2026-09-28T09:45:11.143Z,34.43,60.94

2026-09-28T09:45:16.136Z,34.45,60.83

2026-09-28T09:45:21.142Z,34.45,60.89

2026-09-28T09:45:26.132Z,34.45,60.79

2026-09-28T09:45:31.132Z,34.47,60.77

2026-09-28T09:45:36.138Z,34.45,60.79

2026-09-28T09:45:41.148Z,34.46,60.76

2026-09-28T09:45:46.141Z,34.45,60.68

2026-09-28T09:45:51.147Z,34.44,60.7

2026-09-28T09:45:56.144Z,34.44,60.62

2026-09-28T09:46:01.137Z,34.43,60.67

2026-09-28T09:46:06.145Z,34.46,60.57

2026-09-28T09:46:11.153Z,34.45,60.65

2026-09-28T09:46:16.152Z,34.44,60.61

2026-09-28T09:46:21.155Z,34.45,60.61

2026-09-28T09:46:26.143Z,34.44,60.65

2026-09-28T09:46:31.144Z,34.45,60.61

2026-09-28T09:46:36.144Z,34.45,60.63

2026-09-28T09:46:41.144Z,34.45,60.66

2026-09-28T09:46:46.164Z,34.44,60.59

2026-09-28T09:46:51.173Z,34.46,60.68

2026-09-28T09:46:56.160Z,34.45,60.66

2026-09-28T09:47:01.159Z,34.45,60.67

2026-09-28T09:47:06.166Z,34.45,60.65

2026-09-28T09:47:11.175Z,34.45,60.7

2026-09-28T09:47:16.168Z,34.45,60.67

2026-09-28T09:47:21.171Z,34.44,60.76

2026-09-28T09:47:26.179Z,34.44,60.77

2026-09-28T09:47:31.192Z,34.44,60.85

2026-09-28T09:47:36.181Z,34.44,60.86

2026-09-28T09:47:41.189Z,34.45,60.84

2026-09-28T09:47:46.186Z,34.45,60.86

2026-09-28T09:47:51.195Z,34.46,60.95

2026-09-28T09:47:56.184Z,34.45,60.93

2026-09-28T09:48:01.185Z,34.45,61

2026-09-28T09:48:06.185Z,34.45,60.99

2026-09-28T09:48:11.195Z,34.43,61.07

2026-09-28T09:48:16.191Z,34.46,61.08

2026-09-28T09:48:21.197Z,34.44,61.13

2026-09-28T09:48:26.187Z,34.44,61.08

2026-09-28T09:48:31.186Z,34.45,61.1

2026-09-28T09:48:36.186Z,34.45,61.12

2026-09-28T09:48:41.187Z,34.45,61.11

2026-09-28T09:48:46.199Z,34.44,61.11

2026-09-28T09:48:51.191Z,34.45,61.17

2026-09-28T09:48:56.192Z,34.44,61.16

2026-09-28T09:49:01.204Z,34.44,61.19

2026-09-28T09:49:06.200Z,34.47,61.26

2026-09-28T09:49:11.192Z,34.47,61.19

2026-09-28T09:49:16.198Z,34.44,61.28

2026-09-28T09:49:21.195Z,34.46,61.2

2026-09-28T09:49:26.194Z,34.45,61.27

2026-09-28T09:49:31.209Z,34.46,61.27

2026-09-28T09:49:36.195Z,34.46,61.2

2026-09-28T09:49:41.195Z,34.47,61.22

2026-09-28T09:49:46.197Z,34.47,61.26

2026-09-28T09:49:51.195Z,34.48,61.22

2026-09-28T09:49:56.216Z,34.47,61.26

2026-09-28T09:50:01.207Z,34.47,61.16

2026-09-28T09:50:06.208Z,34.49,61.17

2026-09-28T09:50:11.220Z,34.49,61.23

2026-09-28T09:50:16.216Z,34.49,61.19

2026-09-28T09:50:21.221Z,34.49,61.22

2026-09-28T09:50:26.211Z,34.5,61.17

2026-09-28T09:50:31.211Z,34.49,61.19

2026-09-28T09:50:36.225Z,34.47,61.16

2026-09-28T09:50:41.236Z,34.49,61.24

2026-09-28T09:50:46.225Z,34.49,61.21

2026-09-28T09:50:51.224Z,34.49,61.24

2026-09-28T09:50:56.225Z,34.5,61.22

2026-09-28T09:51:01.224Z,34.51,61.25

2026-09-28T09:51:06.241Z,34.48,61.28

2026-09-28T09:51:11.233Z,34.51,61.29

2026-09-28T09:51:16.232Z,34.49,61.24

2026-09-28T09:51:21.233Z,34.49,61.28

2026-09-28T09:51:26.239Z,34.51,61.24

2026-09-28T09:51:31.231Z,34.51,61.28

2026-09-28T09:51:36.237Z,34.49,61.31

2026-09-28T09:51:41.243Z,34.51,61.26

2026-09-28T09:51:46.238Z,34.48,61.22

2026-09-28T09:51:51.235Z,34.51,61.32

2026-09-28T09:51:56.242Z,34.52,61.27

2026-09-28T09:52:01.257Z,34.48,61.36

2026-09-28T09:52:06.242Z,34.5,61.32

2026-09-28T09:52:11.255Z,34.49,61.37

2026-09-28T09:52:16.246Z,34.51,61.33

2026-09-28T09:52:21.254Z,34.51,61.38

2026-09-28T09:52:26.239Z,34.53,61.33

2026-09-28T09:52:31.260Z,34.51,61.42

2026-09-28T09:52:36.243Z,34.52,61.39

2026-09-28T09:52:41.248Z,34.52,61.4

2026-09-28T09:52:46.247Z,34.51,61.35

2026-09-28T09:52:51.263Z,34.51,61.38

2026-09-28T09:52:56.250Z,34.52,61.38

2026-09-28T09:53:01.247Z,34.49,61.36

2026-09-28T09:53:06.248Z,34.49,61.33

2026-09-28T09:53:11.250Z,34.52,61.25

2026-09-28T09:53:16.260Z,34.51,61.21

2026-09-28T09:53:21.276Z,34.51,61.15

2026-09-28T09:53:26.260Z,34.5,61.21

2026-09-28T09:53:31.270Z,34.49,61.23

2026-09-28T09:53:36.260Z,34.48,61.26

2026-09-28T09:53:41.262Z,34.48,61.24

2026-09-28T09:53:46.261Z,34.49,61.17

2026-09-28T09:53:51.273Z,34.47,61.28

2026-09-28T09:53:56.266Z,34.48,61.28

2026-09-28T09:54:01.274Z,34.47,61.23

2026-09-28T09:54:06.281Z,34.46,61.34

2026-09-28T09:54:11.286Z,34.47,61.36

2026-09-28T09:54:16.273Z,34.47,61.28

2026-09-28T09:54:21.275Z,34.46,61.26

2026-09-28T09:54:26.272Z,34.48,61.28

2026-09-28T09:54:31.272Z,34.46,61.24

2026-09-28T09:54:36.281Z,34.45,61.2

2026-09-28T09:54:41.294Z,34.44,61.18

2026-09-28T09:54:46.282Z,34.45,61.17

2026-09-28T09:54:51.281Z,34.45,61.17

2026-09-28T09:54:56.284Z,34.45,61.17

2026-09-28T09:55:01.283Z,34.45,61.16

2026-09-28T09:55:06.288Z,34.44,61.18

2026-09-28T09:55:11.296Z,34.44,61.21

2026-09-28T09:55:16.286Z,34.46,61.16

2026-09-28T09:55:21.285Z,34.45,61.17

2026-09-28T09:55:26.283Z,34.44,61.16

2026-09-28T09:55:31.297Z,34.44,61.2

2026-09-28T09:55:36.284Z,34.44,61.19

2026-09-28T09:55:41.284Z,34.46,61.23

2026-09-28T09:55:46.285Z,34.44,61.26

2026-09-28T09:55:51.297Z,34.45,61.3

2026-09-28T09:55:56.290Z,34.43,61.32

2026-09-28T09:56:01.303Z,34.45,61.32

2026-09-28T09:56:06.293Z,34.44,61.37

2026-09-28T09:56:11.296Z,34.45,61.41

2026-09-28T09:56:16.309Z,34.44,61.37

2026-09-28T09:56:21.299Z,34.46,61.39

2026-09-28T09:56:26.296Z,34.43,61.43

2026-09-28T09:56:31.296Z,34.45,61.4

2026-09-28T09:56:36.305Z,34.44,61.49

2026-09-28T09:56:41.318Z,34.46,61.44

2026-09-28T09:56:46.306Z,34.45,61.49

2026-09-28T09:56:51.305Z,34.48,61.45

2026-09-28T09:56:56.320Z,34.45,61.5

2026-09-28T09:57:01.329Z,34.44,61.47

2026-09-28T09:57:06.315Z,34.44,61.48

2026-09-28T09:57:11.317Z,34.46,61.51

2026-09-28T09:57:16.317Z,34.47,61.51

2026-09-28T09:57:21.317Z,34.48,61.5

2026-09-28T09:57:26.326Z,34.47,61.52

2026-09-28T09:57:31.336Z,34.48,61.59

2026-09-28T09:57:36.325Z,34.5,61.54

2026-09-28T09:57:41.326Z,34.5,61.54

2026-09-28T09:57:46.324Z,34.49,61.53

2026-09-28T09:57:51.326Z,34.48,61.54

2026-09-28T09:57:56.332Z,34.5,61.6

2026-09-28T09:58:01.343Z,34.49,61.58

2026-09-28T09:58:06.334Z,34.48,61.6

2026-09-28T09:58:11.333Z,34.5,61.58

2026-09-28T09:58:16.334Z,34.5,61.54

2026-09-28T09:58:21.333Z,34.51,61.55

2026-09-28T09:58:26.342Z,34.51,61.58

2026-09-28T09:58:31.352Z,34.5,61.66

2026-09-28T09:58:36.338Z,34.51,61.65

2026-09-28T09:58:41.339Z,34.5,61.62

2026-09-28T09:58:46.343Z,34.51,61.66

2026-09-28T09:58:51.351Z,34.53,61.7

2026-09-28T09:58:56.343Z,34.51,61.7

2026-09-28T09:59:01.343Z,34.53,61.72

2026-09-28T09:59:06.340Z,34.52,61.74

2026-09-28T09:59:11.342Z,34.53,61.78

2026-09-28T09:59:16.347Z,34.52,61.79

2026-09-28T09:59:21.357Z,34.52,61.75

2026-09-28T09:59:26.345Z,34.54,61.83

2026-09-28T09:59:31.346Z,34.55,61.82

2026-09-28T09:59:36.354Z,34.55,61.86

2026-09-28T09:59:41.363Z,34.54,61.83

2026-09-28T09:59:46.355Z,34.54,61.76

2026-09-28T09:59:51.353Z,34.54,61.79

2026-09-28T09:59:56.367Z,34.52,61.79

2026-09-28T10:00:01.373Z,34.52,61.76

2026-09-28T10:00:06.369Z,34.5,61.8

2026-09-28T10:00:11.368Z,34.52,61.78

2026-09-28T10:00:16.367Z,34.52,61.82

2026-09-28T10:00:21.365Z,34.5,61.83

2026-09-28T10:00:26.377Z,34.51,61.9

2026-09-28T10:00:31.387Z,34.5,61.91

2026-09-28T10:00:36.374Z,34.49,61.9

2026-09-28T10:00:41.376Z,34.49,61.92

2026-09-28T10:00:46.386Z,34.5,61.91

2026-09-28T10:00:51.398Z,34.49,61.9

2026-09-28T10:00:56.383Z,34.49,61.9

2026-09-28T10:01:01.382Z,34.49,61.89

2026-09-28T10:01:06.383Z,34.48,61.88

2026-09-28T10:01:11.382Z,34.49,61.87

2026-09-28T10:01:16.401Z,34.47,61.89

2026-09-28T10:01:21.412Z,34.47,61.92

2026-09-28T10:01:26.398Z,34.48,61.89

2026-09-28T10:01:31.400Z,34.47,61.9

2026-09-28T10:01:36.398Z,34.46,61.88

2026-09-28T10:01:41.398Z,34.47,61.85

2026-09-28T10:01:46.409Z,34.47,61.89

2026-09-28T10:01:51.416Z,34.47,61.9

2026-09-28T10:01:56.404Z,34.46,61.88

2026-09-28T10:02:01.406Z,34.45,61.89

2026-09-28T10:02:06.418Z,34.46,61.96

2026-09-28T10:02:11.427Z,34.45,62

2026-09-28T10:02:16.417Z,34.44,61.88

2026-09-28T10:02:21.417Z,34.44,61.97

2026-09-28T10:02:26.416Z,34.45,61.93

2026-09-28T10:02:31.415Z,34.44,62.01

2026-09-28T10:02:36.423Z,34.44,61.97

2026-09-28T10:02:41.434Z,34.43,62.05

2026-09-28T10:02:46.422Z,34.44,62.02

2026-09-28T10:02:51.422Z,34.44,61.98

2026-09-28T10:02:56.429Z,34.44,61.92

2026-09-28T10:03:01.437Z,34.45,62.04

2026-09-28T10:03:06.429Z,34.45,61.95

2026-09-28T10:03:11.433Z,34.44,62

2026-09-28T10:03:16.423Z,34.44,62.01

2026-09-28T10:03:21.432Z,34.43,62.04

2026-09-28T10:03:26.436Z,34.43,62.06

2026-09-28T10:03:31.428Z,34.44,62.1

2026-09-28T10:03:36.436Z,34.45,62.06

2026-09-28T10:03:41.446Z,34.42,62.04

2026-09-28T10:03:46.432Z,34.43,62.15

2026-09-28T10:03:51.434Z,34.41,62.05

2026-09-28T10:03:56.432Z,34.42,62.16

2026-09-28T10:04:01.433Z,34.41,62.23

2026-09-28T10:04:06.445Z,34.41,62.22

2026-09-28T10:04:11.456Z,34.44,62.28

2026-09-28T10:04:16.443Z,34.41,62.25

2026-09-28T10:04:21.444Z,34.43,62.25

2026-09-28T10:04:26.444Z,34.43,62.24

2026-09-28T10:04:31.454Z,34.42,62.34

2026-09-28T10:04:36.442Z,34.4,62.37

2026-09-28T10:04:41.445Z,34.41,62.42

2026-09-28T10:04:46.444Z,34.41,62.45

2026-09-28T10:04:51.446Z,34.4,62.49

2026-09-28T10:04:56.463Z,34.4,62.55

2026-09-28T10:05:01.472Z,34.39,62.56

2026-09-28T10:05:06.461Z,34.4,62.57

2026-09-28T10:05:11.462Z,34.39,62.6

2026-09-28T10:05:16.460Z,34.41,62.57

2026-09-28T10:05:21.460Z,34.39,62.57

2026-09-28T10:05:26.474Z,34.4,62.64

2026-09-28T10:05:31.486Z,34.4,62.67

2026-09-28T10:05:36.473Z,34.39,62.69

2026-09-28T10:05:41.474Z,34.38,62.63

2026-09-28T10:05:46.475Z,34.4,62.7

2026-09-28T10:05:51.474Z,34.37,62.67

2026-09-28T10:05:56.483Z,34.38,62.69

2026-09-28T10:06:01.493Z,34.38,62.65

2026-09-28T10:06:06.481Z,34.39,62.66

2026-09-28T10:06:11.481Z,34.39,62.61

2026-09-28T10:06:16.482Z,34.39,62.61

2026-09-28T10:06:21.481Z,34.38,62.61

2026-09-28T10:06:26.485Z,34.38,62.61

2026-09-28T10:06:31.497Z,34.39,62.56

2026-09-28T10:06:36.485Z,34.4,62.55

2026-09-28T10:06:41.486Z,34.4,62.54

2026-09-28T10:06:46.489Z,34.4,62.52

2026-09-28T10:06:51.487Z,34.39,62.47

2026-09-28T10:06:56.485Z,34.38,62.5

2026-09-28T10:07:01.495Z,34.37,62.54

2026-09-28T10:07:06.489Z,34.39,62.54

2026-09-28T10:07:11.499Z,34.39,62.56

2026-09-28T10:07:16.492Z,34.39,62.57

2026-09-28T10:07:21.498Z,34.38,62.59

2026-09-28T10:07:26.487Z,34.38,62.56

2026-09-28T10:07:31.492Z,34.37,62.6

2026-09-28T10:07:36.503Z,34.38,62.56

2026-09-28T10:07:41.519Z,34.39,62.62

2026-09-28T10:07:46.500Z,34.39,62.54

2026-09-28T10:07:51.502Z,34.37,62.57

2026-09-28T10:07:56.514Z,34.38,62.6

2026-09-28T10:08:01.523Z,34.37,62.6

2026-09-28T10:08:06.520Z,34.38,62.58

2026-09-28T10:08:11.529Z,34.38,62.52

2026-09-28T10:08:16.518Z,34.38,62.45

2026-09-28T10:08:21.527Z,34.37,62.38

2026-09-28T10:08:26.525Z,34.37,62.34

2026-09-28T10:08:31.525Z,34.36,62.27

2026-09-28T10:08:36.513Z,34.36,62.18

2026-09-28T10:08:41.513Z,34.36,62.19

2026-09-28T10:08:46.514Z,34.36,62.13

2026-09-28T10:08:51.514Z,34.35,62.08

2026-09-28T10:08:56.531Z,34.35,62.07

2026-09-28T10:09:01.545Z,34.34,62.15

2026-09-28T10:09:06.529Z,34.35,62.13

2026-09-28T10:09:11.529Z,34.36,62.06

2026-09-28T10:09:16.528Z,34.37,62.09

2026-09-28T10:09:21.530Z,34.35,62.07

2026-09-28T10:09:26.529Z,34.34,62.02

2026-09-28T10:09:31.547Z,34.34,62.03

2026-09-28T10:09:36.531Z,34.33,62.02

2026-09-28T10:09:41.532Z,34.33,61.99

2026-09-28T10:09:46.536Z,34.35,62.01

2026-09-28T10:09:51.541Z,34.34,62.04

2026-09-28T10:09:56.530Z,34.36,61.95

2026-09-28T10:10:01.529Z,34.35,61.99

2026-09-28T10:10:06.531Z,34.35,61.99

2026-09-28T10:10:11.532Z,34.36,61.99

2026-09-28T10:10:16.538Z,34.35,62.03

2026-09-28T10:10:21.543Z,34.34,62.02

2026-09-28T10:10:26.543Z,34.35,62.04

2026-09-28T10:10:31.540Z,34.36,62.03

2026-09-28T10:10:36.535Z,34.37,62

2026-09-28T10:10:41.539Z,34.36,61.99

2026-09-28T10:10:46.535Z,34.38,61.94

2026-09-28T10:10:51.536Z,34.39,62

2026-09-28T10:10:56.556Z,34.39,62

2026-09-28T10:11:01.563Z,34.39,62.06

2026-09-28T10:11:06.561Z,34.4,61.98

2026-09-28T10:11:11.565Z,34.4,61.99

2026-09-28T10:11:16.562Z,34.4,61.99

2026-09-28T10:11:21.555Z,34.39,62.05

2026-09-28T10:11:26.554Z,34.4,62.02

2026-09-28T10:11:31.555Z,34.42,61.97

2026-09-28T10:11:36.564Z,34.42,62.07

2026-09-28T10:11:41.573Z,34.4,62.09

2026-09-28T10:11:46.562Z,34.43,62.05

2026-09-28T10:11:51.565Z,34.45,62.07

2026-09-28T10:11:56.577Z,34.42,62.07

2026-09-28T10:12:01.586Z,34.44,62.06

2026-09-28T10:12:06.578Z,34.44,62.05

2026-09-28T10:12:11.585Z,34.43,62.06

2026-09-28T10:12:16.592Z,34.43,62.11

2026-09-28T10:12:21.584Z,34.45,62.1

2026-09-28T10:12:26.585Z,34.46,62.05

2026-09-28T10:12:31.594Z,34.45,62.1

2026-09-28T10:12:36.589Z,34.45,62.11

2026-09-28T10:12:41.596Z,34.46,62.1

2026-09-28T10:12:46.597Z,34.45,62.13

2026-09-28T10:12:51.583Z,34.46,62.06

2026-09-28T10:12:56.585Z,34.44,62.11

2026-09-28T10:13:01.599Z,34.45,62.14

2026-09-28T10:13:06.590Z,34.45,62.12

2026-09-28T10:13:11.595Z,34.43,62.16

2026-09-28T10:13:16.584Z,34.45,62.18

2026-09-28T10:13:21.585Z,34.43,62.15

2026-09-28T10:13:26.585Z,34.45,62.17

2026-09-28T10:13:31.599Z,34.43,62.22

2026-09-28T10:13:36.588Z,34.45,62.21

2026-09-28T10:13:41.591Z,34.44,62.16

2026-09-28T10:13:46.592Z,34.43,62.19

2026-09-28T10:13:51.589Z,34.43,62.19

2026-09-28T10:13:56.605Z,34.46,62.2

2026-09-28T10:14:01.614Z,34.45,62.29

2026-09-28T10:14:06.604Z,34.45,62.25

2026-09-28T10:14:11.605Z,34.44,62.24

2026-09-28T10:14:16.605Z,34.45,62.23

2026-09-28T10:14:21.604Z,34.45,62.22

2026-09-28T10:14:26.628Z,34.45,62.32

2026-09-28T10:14:31.618Z,34.47,62.24

2026-09-28T10:14:36.619Z,34.46,62.29

2026-09-28T10:14:41.619Z,34.46,62.23

2026-09-28T10:14:46.627Z,34.47,62.24

2026-09-28T10:14:51.638Z,34.44,62.28

2026-09-28T10:14:56.627Z,34.48,62.26

2026-09-28T10:15:01.626Z,34.46,62.21

2026-09-28T10:15:06.632Z,34.45,62.09

2026-09-28T10:15:11.637Z,34.43,62.13

2026-09-28T10:15:16.631Z,34.47,62.09

2026-09-28T10:15:21.634Z,34.44,62.08

2026-09-28T10:15:26.625Z,34.44,62.06

2026-09-28T10:15:31.626Z,34.44,62.13

2026-09-28T10:15:36.642Z,34.44,62.03

2026-09-28T10:15:41.652Z,34.43,62.1

2026-09-28T10:15:46.641Z,34.45,62.08

2026-09-28T10:15:51.653Z,34.44,62.12

2026-09-28T10:15:56.648Z,34.44,62.14

2026-09-28T10:16:01.653Z,34.43,62.04

2026-09-28T10:16:06.641Z,34.44,62.06

2026-09-28T10:16:11.640Z,34.45,62.09

2026-09-28T10:16:16.641Z,34.45,62.09

2026-09-28T10:16:21.652Z,34.44,62.08

2026-09-28T10:16:26.640Z,34.45,61.91

2026-09-28T10:16:31.652Z,34.45,61.94

2026-09-28T10:16:36.646Z,34.43,61.86

2026-09-28T10:16:41.644Z,34.47,61.82

2026-09-28T10:16:46.652Z,34.46,61.83

2026-09-28T10:16:51.647Z,34.45,61.84

2026-09-28T10:16:56.644Z,34.43,61.79

2026-09-28T10:17:01.663Z,34.44,61.85

2026-09-28T10:17:06.648Z,34.44,61.89

2026-09-28T10:17:11.648Z,34.45,61.81

2026-09-28T10:17:16.659Z,34.45,61.81

2026-09-28T10:17:21.668Z,34.44,61.81

2026-09-28T10:17:26.657Z,34.46,61.76

2026-09-28T10:17:31.656Z,34.45,61.82

2026-09-28T10:17:36.659Z,34.45,61.85

2026-09-28T10:17:41.672Z,34.45,61.86

2026-09-28T10:17:46.662Z,34.44,61.83

2026-09-28T10:17:51.670Z,34.44,61.9

2026-09-28T10:17:56.673Z,34.44,61.9

2026-09-28T10:18:01.683Z,34.44,61.94

2026-09-28T10:18:06.674Z,34.45,61.9

2026-09-28T10:18:11.679Z,34.44,62.02

2026-09-28T10:18:16.686Z,34.42,62

2026-09-28T10:18:21.677Z,34.43,61.94

2026-09-28T10:18:26.675Z,34.44,62

2026-09-28T10:18:31.677Z,34.42,62.02

2026-09-28T10:18:36.684Z,34.41,62

2026-09-28T10:18:41.698Z,34.44,62.1

2026-09-28T10:18:46.682Z,34.42,62.06

2026-09-28T10:18:51.683Z,34.45,62.05

2026-09-28T10:18:56.684Z,34.44,62.06

2026-09-28T10:19:01.693Z,34.45,62.06

2026-09-28T10:19:06.686Z,34.44,62.07

2026-09-28T10:19:11.694Z,34.43,62.15

2026-09-28T10:19:16.681Z,34.43,62.15

2026-09-28T10:19:21.685Z,34.41,62.14

2026-09-28T10:19:26.686Z,34.43,62.11

2026-09-28T10:19:31.696Z,34.42,62.11

2026-09-28T10:19:36.685Z,34.44,62.11

2026-09-28T10:19:41.686Z,34.43,62.16

2026-09-28T10:19:46.685Z,34.42,62.11

2026-09-28T10:19:51.696Z,34.42,62.17

2026-09-28T10:19:56.695Z,34.41,62.13

2026-09-28T10:20:01.697Z,34.41,62.16

2026-09-28T10:20:06.691Z,34.43,62.17

2026-09-28T10:20:11.700Z,34.44,62.2

2026-09-28T10:20:16.695Z,34.42,62.08

2026-09-28T10:20:21.705Z,34.43,62.28

2026-09-28T10:20:26.706Z,34.42,62.21

2026-09-28T10:20:31.714Z,34.41,62.28

2026-09-28T10:20:36.705Z,34.41,62.33

2026-09-28T10:20:41.706Z,34.42,62.24

2026-09-28T10:20:46.720Z,34.41,62.38

2026-09-28T10:20:51.728Z,34.42,62.43

2026-09-28T10:20:56.718Z,34.43,62.43

2026-09-28T10:21:01.729Z,34.41,62.48

2026-09-28T10:21:06.730Z,34.42,62.58

2026-09-28T10:21:11.723Z,34.41,62.55

2026-09-28T10:21:16.722Z,34.41,62.61

2026-09-28T10:21:21.723Z,34.4,62.59

2026-09-28T10:21:26.727Z,34.4,62.64

2026-09-28T10:21:31.736Z,34.41,62.65

2026-09-28T10:21:36.737Z,34.42,62.64

2026-09-28T10:21:41.749Z,34.41,62.66

2026-09-28T10:21:46.735Z,34.4,62.63

2026-09-28T10:21:51.736Z,34.41,62.66

2026-09-28T10:21:56.738Z,34.41,62.67

2026-09-28T10:22:01.736Z,34.39,62.68

2026-09-28T10:22:06.747Z,34.41,62.61

2026-09-28T10:22:11.758Z,34.39,62.58

2026-09-28T10:22:16.747Z,34.4,62.54

2026-09-28T10:22:21.746Z,34.39,62.54

2026-09-28T10:22:26.752Z,34.38,62.59

2026-09-28T10:22:31.747Z,34.38,62.56

2026-09-28T10:22:36.745Z,34.4,62.54

2026-09-28T10:22:41.763Z,34.39,62.56

2026-09-28T10:22:46.751Z,34.39,62.41

2026-09-28T10:22:51.755Z,34.4,62.37

2026-09-28T10:22:56.747Z,34.4,62.33

2026-09-28T10:23:01.765Z,34.4,62.3

2026-09-28T10:23:06.751Z,34.38,62.33

2026-09-28T10:23:11.750Z,34.39,62.26

2026-09-28T10:23:16.774Z,34.37,62.23

2026-09-28T10:23:21.762Z,34.38,62.2

2026-09-28T10:23:26.765Z,34.39,62.15

2026-09-28T10:23:31.764Z,34.39,62.17

2026-09-28T10:23:36.768Z,34.37,62.14

2026-09-28T10:23:41.782Z,34.37,62.09

2026-09-28T10:23:46.766Z,34.36,62.06

2026-09-28T10:23:51.767Z,34.39,62.05

2026-09-28T10:23:56.766Z,34.37,62.04

2026-09-28T10:24:01.767Z,34.38,62.06

2026-09-28T10:24:06.783Z,34.38,62.02

2026-09-28T10:24:11.793Z,34.37,62.09

2026-09-28T10:24:16.781Z,34.39,62.02

2026-09-28T10:24:21.782Z,34.37,62.07

2026-09-28T10:24:26.781Z,34.38,62.02

2026-09-28T10:24:31.780Z,34.39,62.05

2026-09-28T10:24:36.795Z,34.38,62.04

2026-09-28T10:24:41.803Z,34.35,62.09

2026-09-28T10:24:46.790Z,34.37,62.09

2026-09-28T10:24:51.801Z,34.36,62.15

2026-09-28T10:24:56.798Z,34.39,62.16

2026-09-28T10:25:01.801Z,34.36,62.2

2026-09-28T10:25:06.796Z,34.37,62.18

2026-09-28T10:25:11.804Z,34.38,62.22

2026-09-28T10:25:16.809Z,34.35,62.15

2026-09-28T10:25:21.799Z,34.37,62.14

2026-09-28T10:25:26.803Z,34.39,62.18

2026-09-28T10:25:31.819Z,34.36,62.22

2026-09-28T10:25:36.804Z,34.35,62.23

2026-09-28T10:25:41.803Z,34.34,62.35

2026-09-28T10:25:46.810Z,34.36,62.29

2026-09-28T10:25:51.820Z,34.37,62.25

2026-09-28T10:25:56.808Z,34.36,62.27

2026-09-28T10:26:01.807Z,34.36,62.29

2026-09-28T10:26:06.810Z,34.34,62.36

2026-09-28T10:26:11.808Z,34.37,62.33

2026-09-28T10:26:16.814Z,34.36,62.34

2026-09-28T10:26:21.810Z,34.38,62.3

2026-09-28T10:26:26.818Z,34.36,62.36

2026-09-28T10:26:31.822Z,34.36,62.35

2026-09-28T10:26:36.821Z,34.36,62.4

2026-09-28T10:26:41.829Z,34.36,62.42

2026-09-28T10:26:46.820Z,34.37,62.4

2026-09-28T10:26:51.819Z,34.36,62.4

2026-09-28T10:26:56.816Z,34.35,62.4

2026-09-28T10:27:01.816Z,34.37,62.39

2026-09-28T10:27:06.841Z,34.37,62.42

2026-09-28T10:27:11.832Z,34.38,62.39

2026-09-28T10:27:16.837Z,34.37,62.4

2026-09-28T10:27:21.850Z,34.37,62.34

2026-09-28T10:27:26.835Z,34.38,62.42

2026-09-28T10:27:31.836Z,34.37,62.38

2026-09-28T10:27:36.837Z,34.37,62.37

2026-09-28T10:27:41.836Z,34.36,62.37

2026-09-28T10:27:46.839Z,34.39,62.37

2026-09-28T10:27:51.851Z,34.37,62.41

2026-09-28T10:27:56.839Z,34.38,62.31

2026-09-28T10:28:01.841Z,34.38,62.29

2026-09-28T10:28:06.838Z,34.39,62.26

2026-09-28T10:28:11.851Z,34.37,62.3

2026-09-28T10:28:16.841Z,34.37,62.26

2026-09-28T10:28:21.852Z,34.38,62.29

2026-09-28T10:28:26.856Z,34.37,62.31

2026-09-28T10:28:31.856Z,34.38,62.28

2026-09-28T10:28:36.854Z,34.37,62.3

2026-09-28T10:28:41.861Z,34.37,62.28

2026-09-28T10:28:46.865Z,34.36,62.28

2026-09-28T10:28:51.855Z,34.36,62.2

2026-09-28T10:28:56.856Z,34.37,62.19

2026-09-28T10:29:01.855Z,34.36,62.23

2026-09-28T10:29:06.863Z,34.37,62.28

2026-09-28T10:29:11.874Z,34.38,62.24

2026-09-28T10:29:16.862Z,34.36,62.26

2026-09-28T10:29:21.862Z,34.36,62.25

2026-09-28T10:29:26.862Z,34.35,62.22

2026-09-28T10:29:31.861Z,34.36,62.31

2026-09-28T10:29:36.872Z,34.35,62.3

2026-09-28T10:29:41.864Z,34.34,62.23

2026-09-28T10:29:46.868Z,34.36,62.2

2026-09-28T10:29:51.874Z,34.34,62.3

2026-09-28T10:29:56.878Z,34.34,62.25

2026-09-28T10:30:01.877Z,34.34,62.24

2026-09-28T10:30:06.872Z,34.35,62.3

2026-09-28T10:30:11.881Z,34.34,62.23

2026-09-28T10:30:16.882Z,34.34,62.26

2026-09-28T10:30:21.887Z,34.33,62.21

2026-09-28T10:30:26.875Z,34.32,62.26

2026-09-28T10:30:31.876Z,34.34,62.27

2026-09-28T10:30:36.903Z,34.32,62.28

2026-09-28T10:30:41.894Z,34.33,62.31

2026-09-28T10:30:46.894Z,34.33,62.33

2026-09-28T10:30:51.893Z,34.35,62.36

2026-09-28T10:30:56.905Z,34.34,62.35

2026-09-28T10:31:01.916Z,34.33,62.41

2026-09-28T10:31:06.903Z,34.33,62.42

2026-09-28T10:31:11.903Z,34.33,62.41

2026-09-28T10:31:16.902Z,34.33,62.42

2026-09-28T10:31:21.916Z,34.32,62.51

2026-09-28T10:31:26.905Z,34.32,62.47

2026-09-28T10:31:31.905Z,34.33,62.5

2026-09-28T10:31:36.905Z,34.33,62.55

2026-09-28T10:31:41.905Z,34.31,62.56

2026-09-28T10:31:46.920Z,34.31,62.57

2026-09-28T10:31:51.931Z,34.29,62.67

2026-09-28T10:31:56.916Z,34.31,62.65

2026-09-28T10:32:01.917Z,34.33,62.67

2026-09-28T10:32:06.917Z,34.31,62.73

2026-09-28T10:32:11.934Z,34.3,62.77

2026-09-28T10:32:16.924Z,34.31,62.77

2026-09-28T10:32:21.930Z,34.3,62.81

2026-09-28T10:32:26.928Z,34.3,62.79

2026-09-28T10:32:31.920Z,34.32,62.82

2026-09-28T10:32:36.920Z,34.3,62.82

2026-09-28T10:32:41.919Z,34.32,62.83

2026-09-28T10:32:46.924Z,34.3,62.9

2026-09-28T10:32:51.934Z,34.3,62.97

2026-09-28T10:32:56.921Z,34.31,62.85

2026-09-28T10:33:01.921Z,34.29,63

2026-09-28T10:33:06.920Z,34.3,62.97

2026-09-28T10:33:11.936Z,34.29,63.01

2026-09-28T10:33:16.924Z,34.3,63.07

2026-09-28T10:33:21.924Z,34.3,63

2026-09-28T10:33:26.937Z,34.29,62.97

2026-09-28T10:33:31.949Z,34.29,63.06

2026-09-28T10:33:36.939Z,34.3,63.03

2026-09-28T10:33:41.951Z,34.3,63.12

2026-09-28T10:33:46.953Z,34.31,63.12

2026-09-28T10:33:51.949Z,34.3,63.15

2026-09-28T10:33:56.951Z,34.33,63.17

2026-09-28T10:34:01.961Z,34.3,63.19

2026-09-28T10:34:06.949Z,34.32,63.24

2026-09-28T10:34:11.950Z,34.32,63.24

2026-09-28T10:34:16.947Z,34.32,63.26

2026-09-28T10:34:21.951Z,34.31,63.27

2026-09-28T10:34:26.963Z,34.32,63.33

2026-09-28T10:34:31.976Z,34.31,63.45

2026-09-28T10:34:36.962Z,34.32,63.45

2026-09-28T10:34:41.963Z,34.33,63.45

2026-09-28T10:34:46.965Z,34.31,63.45

2026-09-28T10:34:51.963Z,34.33,63.52

2026-09-28T10:34:56.970Z,34.31,63.55

2026-09-28T10:35:01.981Z,34.33,63.53

2026-09-28T10:35:06.972Z,34.32,63.53

2026-09-28T10:35:11.971Z,34.31,63.55

2026-09-28T10:35:16.973Z,34.32,63.52

2026-09-28T10:35:21.983Z,34.3,63.55

2026-09-28T10:35:26.971Z,34.31,63.48

2026-09-28T10:35:31.971Z,34.31,63.56

2026-09-28T10:35:36.970Z,34.32,63.53

2026-09-28T10:35:41.982Z,34.31,63.53

2026-09-28T10:35:46.979Z,34.34,63.54

2026-09-28T10:35:51.979Z,34.3,63.52

2026-09-28T10:35:56.971Z,34.31,63.59

2026-09-28T10:36:01.979Z,34.3,63.65

2026-09-28T10:36:06.970Z,34.3,63.64

2026-09-28T10:36:11.969Z,34.32,63.63

2026-09-28T10:36:16.972Z,34.32,63.7

2026-09-28T10:36:21.972Z,34.3,63.66

2026-09-28T10:36:26.981Z,34.31,63.7

2026-09-28T10:36:31.996Z,34.31,63.73

2026-09-28T10:36:36.981Z,34.31,63.69

2026-09-28T10:36:41.981Z,34.31,63.75

2026-09-28T10:36:46.978Z,34.31,63.74

2026-09-28T10:36:51.995Z,34.33,63.74

2026-09-28T10:36:56.986Z,34.31,63.7

2026-09-28T10:37:01.989Z,34.32,63.74

2026-09-28T10:37:07.001Z,34.31,63.8

2026-09-28T10:37:11.994Z,34.32,63.8

2026-09-28T10:37:17.007Z,34.31,63.84

2026-09-28T10:37:22.019Z,34.31,63.88

2026-09-28T10:37:27.008Z,34.31,63.89

2026-09-28T10:37:32.008Z,34.31,63.89

2026-09-28T10:37:37.006Z,34.31,63.84

2026-09-28T10:37:42.020Z,34.3,63.96

2026-09-28T10:37:47.017Z,34.3,63.89

2026-09-28T10:37:52.020Z,34.3,63.9

2026-09-28T10:37:57.021Z,34.31,63.96

2026-09-28T10:38:02.034Z,34.31,64.05

2026-09-28T10:38:07.020Z,34.29,64

2026-09-28T10:38:12.019Z,34.29,63.98

2026-09-28T10:38:17.019Z,34.29,64.02

2026-09-28T10:38:22.019Z,34.29,64

2026-09-28T10:38:27.025Z,34.29,64.06

2026-09-28T10:38:32.037Z,34.31,64

2026-09-28T10:38:37.027Z,34.28,64.05

2026-09-28T10:38:42.027Z,34.29,64.01

2026-09-28T10:38:47.027Z,34.29,63.98

2026-09-28T10:38:52.026Z,34.3,64.04

2026-09-28T10:38:57.038Z,34.3,63.98

2026-09-28T10:39:02.046Z,34.29,64.1

2026-09-28T10:39:07.035Z,34.3,64.05

2026-09-28T10:39:12.037Z,34.3,64.07

2026-09-28T10:39:17.038Z,34.3,64

2026-09-28T10:39:22.049Z,34.29,64.05

2026-09-28T10:39:27.043Z,34.3,64.08

2026-09-28T10:39:32.054Z,34.31,64.09

2026-09-28T10:39:37.043Z,34.3,64.03

2026-09-28T10:39:42.056Z,34.3,64.07

2026-09-28T10:39:47.042Z,34.3,64

2026-09-28T10:39:52.040Z,34.3,63.99

2026-09-28T10:39:57.040Z,34.29,64.01

2026-09-28T10:40:02.041Z,34.3,64.05

2026-09-28T10:40:07.064Z,34.32,64.06

2026-09-28T10:40:12.049Z,34.32,63.96

2026-09-28T10:40:17.062Z,34.31,64.07

2026-09-28T10:40:22.070Z,34.32,64.09

2026-09-28T10:40:27.065Z,34.31,64.09

2026-09-28T10:40:32.073Z,34.3,64.12

2026-09-28T10:40:37.062Z,34.3,64.05

2026-09-28T10:40:42.073Z,34.3,64.09

2026-09-28T10:40:47.060Z,34.31,64.1

2026-09-28T10:40:52.061Z,34.3,64.15

2026-09-28T10:40:57.061Z,34.3,64.16

2026-09-28T10:41:02.062Z,34.3,64.06

2026-09-28T10:41:07.066Z,34.29,64.11

2026-09-28T10:41:12.078Z,34.3,64.18

2026-09-28T10:41:17.064Z,34.3,64.09

2026-09-28T10:41:22.063Z,34.3,64.16

2026-09-28T10:41:27.064Z,34.31,64.14

2026-09-28T10:41:32.063Z,34.31,64.1

2026-09-28T10:41:37.080Z,34.32,64.09

2026-09-28T10:41:42.086Z,34.31,64.2

2026-09-28T10:41:47.075Z,34.3,64.2

2026-09-28T10:41:52.076Z,34.31,64.16

2026-09-28T10:41:57.076Z,34.3,64.2

2026-09-28T10:42:02.076Z,34.31,64.23

2026-09-28T10:42:07.083Z,34.31,64.21

2026-09-28T10:42:12.094Z,34.29,64.28

2026-09-28T10:42:17.079Z,34.3,64.29

2026-09-28T10:42:22.080Z,34.31,64.26

2026-09-28T10:42:27.079Z,34.29,64.27

2026-09-28T10:42:32.079Z,34.3,64.28

2026-09-28T10:42:37.090Z,34.29,64.31

2026-09-28T10:42:42.101Z,34.29,64.35

2026-09-28T10:42:47.087Z,34.29,64.29

2026-09-28T10:42:52.088Z,34.3,64.35

2026-09-28T10:42:57.099Z,34.29,64.29

2026-09-28T10:43:02.103Z,34.29,64.28

2026-09-28T10:43:07.090Z,34.28,64.31

2026-09-28T10:43:12.103Z,34.29,64.35

2026-09-28T10:43:17.107Z,34.3,64.28

2026-09-28T10:43:22.107Z,34.3,64.29

2026-09-28T10:43:27.104Z,34.3,64.32

2026-09-28T10:43:32.116Z,34.3,64.28

2026-09-28T10:43:37.100Z,34.3,64.32

2026-09-28T10:43:42.105Z,34.29,64.33

2026-09-28T10:43:47.103Z,34.29,64.35

2026-09-28T10:43:52.103Z,34.28,64.39

2026-09-28T10:43:57.110Z,34.28,64.46

2026-09-28T10:44:02.104Z,34.29,64.5

2026-09-28T10:44:07.118Z,34.28,64.46

2026-09-28T10:44:12.129Z,34.29,64.55

2026-09-28T10:44:17.114Z,34.29,64.53

2026-09-28T10:44:22.117Z,34.28,64.51

2026-09-28T10:44:27.123Z,34.28,64.54

2026-09-28T10:44:32.133Z,34.29,64.54

2026-09-28T10:44:37.122Z,34.28,64.53

2026-09-28T10:44:42.125Z,34.28,64.59

2026-09-28T10:44:47.123Z,34.29,64.52

2026-09-28T10:44:52.135Z,34.26,64.63

2026-09-28T10:44:57.124Z,34.27,64.56

2026-09-28T10:45:02.124Z,34.3,64.56

2026-09-28T10:45:07.124Z,34.29,64.59

2026-09-28T10:45:12.124Z,34.3,64.6

2026-09-28T10:45:17.142Z,34.3,64.59

2026-09-28T10:45:22.152Z,34.28,64.7

2026-09-28T10:45:27.141Z,34.31,64.59

2026-09-28T10:45:32.141Z,34.3,64.61

2026-09-28T10:45:37.141Z,34.29,64.63

2026-09-28T10:45:42.152Z,34.28,64.7

2026-09-28T10:45:47.142Z,34.3,64.67

2026-09-28T10:45:52.150Z,34.28,64.72

2026-09-28T10:45:57.146Z,34.3,64.67

2026-09-28T10:46:02.140Z,34.3,64.68

2026-09-28T10:46:07.145Z,34.3,64.68

2026-09-28T10:46:12.140Z,34.31,64.7

2026-09-28T10:46:17.147Z,34.3,64.69

2026-09-28T10:46:22.156Z,34.27,64.74

2026-09-28T10:46:27.144Z,34.3,64.69

2026-09-28T10:46:32.145Z,34.29,64.74

2026-09-28T10:46:37.145Z,34.29,64.81

2026-09-28T10:46:42.153Z,34.29,64.82

2026-09-28T10:46:47.148Z,34.31,64.79

2026-09-28T10:46:52.150Z,34.29,64.84

2026-09-28T10:46:57.146Z,34.3,64.9

2026-09-28T10:47:02.144Z,34.31,64.85

2026-09-28T10:47:07.155Z,34.3,64.9

2026-09-28T10:47:12.166Z,34.28,64.95

2026-09-28T10:47:17.154Z,34.29,64.9

2026-09-28T10:47:22.154Z,34.27,64.93

2026-09-28T10:47:27.153Z,34.28,64.9

2026-09-28T10:47:32.164Z,34.28,64.88

2026-09-28T10:47:37.170Z,34.26,64.96

2026-09-28T10:47:42.173Z,34.26,64.95

2026-09-28T10:47:47.171Z,34.28,64.96

2026-09-28T10:47:52.176Z,34.26,64.91

2026-09-28T10:47:57.180Z,34.27,64.89

2026-09-28T10:48:02.182Z,34.27,64.9

2026-09-28T10:48:07.170Z,34.29,64.95

2026-09-28T10:48:12.171Z,34.28,64.86

2026-09-28T10:48:17.168Z,34.28,64.89

2026-09-28T10:48:22.170Z,34.26,64.91

2026-09-28T10:48:27.187Z,34.26,64.98

2026-09-28T10:48:32.196Z,34.24,64.95

2026-09-28T10:48:37.187Z,34.27,64.93

2026-09-28T10:48:42.199Z,34.26,64.95

2026-09-28T10:48:47.189Z,34.25,64.96

2026-09-28T10:48:52.201Z,34.27,65.01

2026-09-28T10:48:57.190Z,34.25,64.97

2026-09-28T10:49:02.191Z,34.25,65.02

2026-09-28T10:49:07.192Z,34.25,65.01

2026-09-28T10:49:12.192Z,34.25,65.02

2026-09-28T10:49:17.198Z,34.24,65.04

2026-09-28T10:49:22.203Z,34.26,65.02

2026-09-28T10:49:27.199Z,34.26,64.94

2026-09-28T10:49:32.204Z,34.25,65.04

2026-09-28T10:49:37.195Z,34.26,65.03

2026-09-28T10:49:42.193Z,34.25,65.03

2026-09-28T10:49:47.216Z,34.26,65.01

2026-09-28T10:49:52.208Z,34.25,65.03

2026-09-28T10:49:57.206Z,34.25,64.98

2026-09-28T10:50:02.209Z,34.26,64.95

2026-09-28T10:50:07.213Z,34.23,65.04

2026-09-28T10:50:12.227Z,34.24,65.07

2026-09-28T10:50:17.212Z,34.24,65.02

2026-09-28T10:50:22.214Z,34.24,65.02

2026-09-28T10:50:27.212Z,34.23,65.03

2026-09-28T10:50:32.212Z,34.24,65.07

2026-09-28T10:50:37.227Z,34.25,65.07

2026-09-28T10:50:42.219Z,34.26,65.07

2026-09-28T10:50:47.224Z,34.25,65.01

2026-09-28T10:50:52.237Z,34.25,65.09

2026-09-28T10:50:57.227Z,34.26,64.98

2026-09-28T10:51:02.234Z,34.25,65.01

2026-09-28T10:51:07.232Z,34.24,65.07

2026-09-28T10:51:12.235Z,34.26,65.1

2026-09-28T10:51:17.227Z,34.26,65

2026-09-28T10:51:22.228Z,34.24,65.01

2026-09-28T10:51:27.238Z,34.24,65.03

2026-09-28T10:51:32.239Z,34.25,65.05

2026-09-28T10:51:37.244Z,34.26,65.12

2026-09-28T10:51:42.236Z,34.23,65.03

2026-09-28T10:51:47.235Z,34.26,65.05

2026-09-28T10:51:52.236Z,34.23,65.09

2026-09-28T10:51:57.248Z,34.23,65.05

2026-09-28T10:52:02.240Z,34.24,65.01

2026-09-28T10:52:07.240Z,34.23,65.05

2026-09-28T10:52:12.241Z,34.25,65.06

2026-09-28T10:52:17.246Z,34.22,65.07

2026-09-28T10:52:22.242Z,34.24,65.06

2026-09-28T10:52:27.246Z,34.24,65.1

2026-09-28T10:52:32.254Z,34.22,65.08

2026-09-28T10:52:37.246Z,34.24,65.11

2026-09-28T10:52:42.255Z,34.25,65.13

2026-09-28T10:52:47.241Z,34.24,65.07

2026-09-28T10:52:52.244Z,34.25,65.05

2026-09-28T10:52:57.252Z,34.26,65.07

2026-09-28T10:53:02.260Z,34.27,65.08

2026-09-28T10:53:07.258Z,34.26,64.99

2026-09-28T10:53:12.269Z,34.26,65.08

2026-09-28T10:53:17.259Z,34.25,65

2026-09-28T10:53:22.264Z,34.27,65.03

2026-09-28T10:53:27.266Z,34.28,65.04

2026-09-28T10:53:32.260Z,34.28,64.94

2026-09-28T10:53:37.262Z,34.29,64.91

2026-09-28T10:53:42.260Z,34.28,65

2026-09-28T10:53:47.269Z,34.29,64.96

2026-09-28T10:53:52.283Z,34.3,64.96

2026-09-28T10:53:57.269Z,34.31,64.89

2026-09-28T10:54:02.268Z,34.3,64.92

2026-09-28T10:54:07.281Z,34.32,64.86

2026-09-28T10:54:12.292Z,34.29,64.88

2026-09-28T10:54:17.280Z,34.31,64.8

2026-09-28T10:54:22.283Z,34.31,64.75

2026-09-28T10:54:27.282Z,34.32,64.79

2026-09-28T10:54:32.282Z,34.33,64.78

2026-09-28T10:54:37.289Z,34.31,64.8

2026-09-28T10:54:42.301Z,34.34,64.75

2026-09-28T10:54:47.289Z,34.33,64.71

2026-09-28T10:54:52.289Z,34.32,64.69

2026-09-28T10:54:57.290Z,34.32,64.65

2026-09-28T10:55:02.291Z,34.33,64.68

2026-09-28T10:55:07.301Z,34.31,64.69

2026-09-28T10:55:12.313Z,34.33,64.7

2026-09-28T10:55:17.301Z,34.33,64.66

2026-09-28T10:55:22.299Z,34.34,64.7

2026-09-28T10:55:27.300Z,34.31,64.66

2026-09-28T10:55:32.302Z,34.34,64.72

2026-09-28T10:55:37.315Z,34.32,64.69

2026-09-28T10:55:42.309Z,34.33,64.7

2026-09-28T10:55:47.315Z,34.32,64.74

2026-09-28T10:55:52.322Z,34.33,64.76

2026-09-28T10:55:57.312Z,34.33,64.71

2026-09-28T10:56:02.308Z,34.34,64.72

2026-09-28T10:56:07.307Z,34.34,64.69

2026-09-28T10:56:12.307Z,34.32,64.71

2026-09-28T10:56:17.313Z,34.34,64.7

2026-09-28T10:56:22.321Z,34.36,64.7

2026-09-28T10:56:27.311Z,34.36,64.69

2026-09-28T10:56:32.323Z,34.34,64.72

2026-09-28T10:56:37.317Z,34.35,64.62

2026-09-28T10:56:42.323Z,34.37,64.61

2026-09-28T10:56:47.312Z,34.36,64.57

2026-09-28T10:56:52.312Z,34.38,64.59

2026-09-28T10:56:57.325Z,34.37,64.61

2026-09-28T10:57:02.337Z,34.37,64.68

2026-09-28T10:57:07.323Z,34.38,64.59

2026-09-28T10:57:12.327Z,34.38,64.59

2026-09-28T10:57:17.326Z,34.39,64.57

2026-09-28T10:57:22.327Z,34.38,64.57

2026-09-28T10:57:27.341Z,34.39,64.55

2026-09-28T10:57:32.355Z,34.39,64.68

2026-09-28T10:57:37.341Z,34.4,64.56

2026-09-28T10:57:42.341Z,34.4,64.58

2026-09-28T10:57:47.341Z,34.41,64.55

2026-09-28T10:57:52.342Z,34.4,64.51

2026-09-28T10:57:57.351Z,34.41,64.53

2026-09-28T10:58:02.361Z,34.38,64.54

2026-09-28T10:58:07.347Z,34.38,64.57

2026-09-28T10:58:12.349Z,34.39,64.54

2026-09-28T10:58:17.348Z,34.39,64.49

2026-09-28T10:58:22.361Z,34.41,64.6

2026-09-28T10:58:27.354Z,34.39,64.57

2026-09-28T10:58:32.359Z,34.39,64.58

2026-09-28T10:58:37.349Z,34.4,64.63

2026-09-28T10:58:42.349Z,34.38,64.58

2026-09-28T10:58:47.361Z,34.41,64.52

2026-09-28T10:58:52.373Z,34.4,64.67

2026-09-28T10:58:57.362Z,34.39,64.59

2026-09-28T10:59:02.362Z,34.39,64.64

2026-09-28T10:59:07.368Z,34.4,64.67

2026-09-28T10:59:12.373Z,34.37,64.64

2026-09-28T10:59:17.368Z,34.38,64.67

2026-09-28T10:59:22.362Z,34.39,64.66

2026-09-28T10:59:27.360Z,34.39,64.64

2026-09-28T10:59:32.364Z,34.39,64.66

2026-09-28T10:59:37.364Z,34.4,64.64

2026-09-28T10:59:42.375Z,34.4,64.76

2026-09-28T10:59:47.363Z,34.39,64.65

2026-09-28T10:59:52.365Z,34.4,64.67

2026-09-28T10:59:57.367Z,34.4,64.66

2026-09-28T11:00:02.379Z,34.4,64.72

2026-09-28T11:00:07.368Z,34.4,64.67

2026-09-28T11:00:12.368Z,34.39,64.64

2026-09-28T11:00:17.373Z,34.41,64.67

2026-09-28T11:00:22.379Z,34.41,64.72

2026-09-28T11:00:27.387Z,34.39,64.69

2026-09-28T11:00:32.377Z,34.4,64.68

2026-09-28T11:00:37.385Z,34.41,64.69

2026-09-28T11:00:42.395Z,34.4,64.73

2026-09-28T11:00:47.384Z,34.41,64.66

2026-09-28T11:00:52.386Z,34.4,64.73

2026-09-28T11:00:57.395Z,34.42,64.69

2026-09-28T11:01:02.404Z,34.39,64.74

2026-09-28T11:01:07.393Z,34.41,64.74

2026-09-28T11:01:12.393Z,34.42,64.71

2026-09-28T11:01:17.391Z,34.43,64.74

2026-09-28T11:01:22.393Z,34.42,64.7

2026-09-28T11:01:27.408Z,34.42,64.75

2026-09-28T11:01:32.421Z,34.41,64.74

2026-09-28T11:01:37.405Z,34.44,64.73

2026-09-28T11:01:42.407Z,34.41,64.73

2026-09-28T11:01:47.406Z,34.42,64.74

2026-09-28T11:01:52.408Z,34.43,64.71

2026-09-28T11:01:57.419Z,34.43,64.67

2026-09-28T11:02:02.410Z,34.45,64.71

2026-09-28T11:02:07.414Z,34.43,64.7

2026-09-28T11:02:12.422Z,34.44,64.74

2026-09-28T11:02:17.415Z,34.45,64.71

2026-09-28T11:02:22.422Z,34.45,64.72

2026-09-28T11:02:27.422Z,34.45,64.65

2026-09-28T11:02:32.431Z,34.47,64.63

2026-09-28T11:02:37.422Z,34.46,64.68

2026-09-28T11:02:42.421Z,34.44,64.61

2026-09-28T11:02:47.420Z,34.47,64.67

2026-09-28T11:02:52.422Z,34.47,64.54

2026-09-28T11:02:57.422Z,34.46,64.65

2026-09-28T11:03:02.434Z,34.46,64.58

2026-09-28T11:03:07.423Z,34.47,64.54

2026-09-28T11:03:12.423Z,34.47,64.51

2026-09-28T11:03:17.432Z,34.47,64.45

2026-09-28T11:03:22.445Z,34.49,64.41

2026-09-28T11:03:27.433Z,34.47,64.42

2026-09-28T11:03:32.437Z,34.48,64.4

2026-09-28T11:03:37.441Z,34.47,64.37

2026-09-28T11:03:42.440Z,34.46,64.37

2026-09-28T11:03:47.428Z,34.45,64.34

2026-09-28T11:03:52.429Z,34.45,64.35

2026-09-28T11:03:57.446Z,34.45,64.24

2026-09-28T11:04:02.440Z,34.47,64.32

2026-09-28T11:04:07.439Z,34.45,64.3

2026-09-28T11:04:12.440Z,34.44,64.35

2026-09-28T11:04:17.446Z,34.44,64.34

2026-09-28T11:04:22.459Z,34.45,64.4

2026-09-28T11:04:27.447Z,34.42,64.37

2026-09-28T11:04:32.447Z,34.45,64.32

2026-09-28T11:04:37.455Z,34.42,64.34

2026-09-28T11:04:42.468Z,34.41,64.39

2026-09-28T11:04:47.455Z,34.45,64.43

2026-09-28T11:04:52.454Z,34.42,64.4

2026-09-28T11:04:57.452Z,34.41,64.38

2026-09-28T11:05:02.452Z,34.4,64.47

2026-09-28T11:05:07.463Z,34.42,64.42

2026-09-28T11:05:12.475Z,34.4,64.47

2026-09-28T11:05:17.463Z,34.4,64.51

2026-09-28T11:05:22.464Z,34.41,64.45

2026-09-28T11:05:27.465Z,34.42,64.46

2026-09-28T11:05:32.464Z,34.42,64.47

2026-09-28T11:05:37.472Z,34.42,64.48

2026-09-28T11:05:42.482Z,34.4,64.47

2026-09-28T11:05:47.470Z,34.39,64.49

2026-09-28T11:05:52.472Z,34.41,64.42

2026-09-28T11:05:57.472Z,34.39,64.4

2026-09-28T11:06:02.471Z,34.4,64.44

2026-09-28T11:06:07.480Z,34.38,64.43

2026-09-28T11:06:12.490Z,34.4,64.42

2026-09-28T11:06:17.477Z,34.36,64.44

2026-09-28T11:06:22.480Z,34.38,64.39

2026-09-28T11:06:27.478Z,34.38,64.42

2026-09-28T11:06:32.477Z,34.38,64.42

2026-09-28T11:06:37.482Z,34.37,64.45

2026-09-28T11:06:42.492Z,34.38,64.49

2026-09-28T11:06:47.478Z,34.36,64.42

2026-09-28T11:06:52.479Z,34.37,64.45

2026-09-28T11:06:57.479Z,34.37,64.41

2026-09-28T11:07:02.481Z,34.37,64.45

2026-09-28T11:07:07.489Z,34.36,64.43

2026-09-28T11:07:12.502Z,34.37,64.49

2026-09-28T11:07:17.484Z,34.37,64.4

2026-09-28T11:07:22.489Z,34.36,64.49

2026-09-28T11:07:27.486Z,34.37,64.52

2026-09-28T11:07:32.487Z,34.37,64.45

2026-09-28T11:07:37.498Z,34.36,64.54

2026-09-28T11:07:42.508Z,34.35,64.56

2026-09-28T11:07:47.500Z,34.35,64.54

2026-09-28T11:07:52.499Z,34.38,64.54

2026-09-28T11:07:57.512Z,34.37,64.6

2026-09-28T11:08:02.524Z,34.37,64.62

2026-09-28T11:08:07.515Z,34.37,64.61

2026-09-28T11:08:12.523Z,34.36,64.62

2026-09-28T11:08:17.514Z,34.38,64.62

2026-09-28T11:08:22.526Z,34.37,64.61

2026-09-28T11:08:27.517Z,34.38,64.66

2026-09-28T11:08:32.529Z,34.38,64.62

2026-09-28T11:08:37.516Z,34.38,64.56

2026-09-28T11:08:42.516Z,34.36,64.58

2026-09-28T11:08:47.513Z,34.38,64.57

2026-09-28T11:08:52.515Z,34.36,64.59

2026-09-28T11:08:57.525Z,34.36,64.59

2026-09-28T11:09:02.535Z,34.35,64.64

2026-09-28T11:09:07.523Z,34.35,64.56

2026-09-28T11:09:12.524Z,34.34,64.59

2026-09-28T11:09:17.521Z,34.34,64.58

2026-09-28T11:09:22.522Z,34.33,64.61

2026-09-28T11:09:27.533Z,34.36,64.59

2026-09-28T11:09:32.543Z,34.33,64.58

2026-09-28T11:09:37.532Z,34.33,64.52

2026-09-28T11:09:42.531Z,34.33,64.55

2026-09-28T11:09:47.533Z,34.33,64.55

2026-09-28T11:09:52.548Z,34.34,64.56

2026-09-28T11:09:57.538Z,34.33,64.56

2026-09-28T11:10:02.543Z,34.33,64.45

2026-09-28T11:10:07.532Z,34.32,64.45

2026-09-28T11:10:12.533Z,34.32,64.49

2026-09-28T11:10:17.540Z,34.32,64.5

2026-09-28T11:10:22.550Z,34.3,64.48

2026-09-28T11:10:27.543Z,34.33,64.52

2026-09-28T11:10:32.562Z,34.29,64.51

2026-09-28T11:10:37.547Z,34.33,64.41

2026-09-28T11:10:42.545Z,34.32,64.4

2026-09-28T11:10:47.546Z,34.32,64.42

2026-09-28T11:10:52.546Z,34.31,64.43

2026-09-28T11:10:57.561Z,34.32,64.38

2026-09-28T11:11:02.554Z,34.31,64.41

2026-09-28T11:11:07.561Z,34.3,64.49

2026-09-28T11:11:12.574Z,34.31,64.49

2026-09-28T11:11:17.560Z,34.32,64.44

2026-09-28T11:11:22.560Z,34.32,64.46

2026-09-28T11:11:27.562Z,34.31,64.47

2026-09-28T11:11:32.560Z,34.3,64.47

2026-09-28T11:11:37.565Z,34.29,64.55

2026-09-28T11:11:42.575Z,34.27,64.52

2026-09-28T11:11:47.561Z,34.3,64.49

2026-09-28T11:11:52.564Z,34.29,64.52

2026-09-28T11:11:57.566Z,34.3,64.51

2026-09-28T11:12:02.575Z,34.29,64.56

2026-09-28T11:12:07.567Z,34.29,64.51

2026-09-28T11:12:12.577Z,34.27,64.58

2026-09-28T11:12:17.566Z,34.28,64.46

2026-09-28T11:12:22.578Z,34.28,64.55

2026-09-28T11:12:27.573Z,34.28,64.57

2026-09-28T11:12:32.578Z,34.27,64.56

2026-09-28T11:12:37.585Z,34.27,64.62

2026-09-28T11:12:42.574Z,34.27,64.59

2026-09-28T11:12:47.584Z,34.26,64.56

2026-09-28T11:12:52.600Z,34.27,64.55

2026-09-28T11:12:57.583Z,34.27,64.55

2026-09-28T11:13:02.585Z,34.27,64.55

2026-09-28T11:13:07.585Z,34.27,64.54

2026-09-28T11:13:12.585Z,34.26,64.57

2026-09-28T11:13:17.585Z,34.26,64.61

2026-09-28T11:13:22.592Z,34.26,64.6

2026-09-28T11:13:27.584Z,34.28,64.64

2026-09-28T11:13:32.585Z,34.27,64.63

2026-09-28T11:13:37.584Z,34.26,64.62

2026-09-28T11:13:42.589Z,34.25,64.67

2026-09-28T11:13:47.600Z,34.25,64.68

2026-09-28T11:13:52.600Z,34.26,64.6

2026-09-28T11:13:57.595Z,34.24,64.65

2026-09-28T11:14:02.601Z,34.22,64.67

2026-09-28T11:14:07.608Z,34.23,64.64

2026-09-28T11:14:12.607Z,34.24,64.66

2026-09-28T11:14:17.596Z,34.23,64.66

2026-09-28T11:14:22.596Z,34.22,64.61

2026-09-28T11:14:27.598Z,34.23,64.61

2026-09-28T11:14:32.597Z,34.22,64.64

2026-09-28T11:14:37.609Z,34.24,64.63

2026-09-28T11:14:42.619Z,34.22,64.72

2026-09-28T11:14:47.608Z,34.22,64.67

2026-09-28T11:14:52.607Z,34.22,64.73

2026-09-28T11:14:57.620Z,34.21,64.77

2026-09-28T11:15:02.630Z,34.22,64.7

2026-09-28T11:15:07.617Z,34.22,64.72

2026-09-28T11:15:12.619Z,34.22,64.69

2026-09-28T11:15:17.617Z,34.22,64.76

2026-09-28T11:15:22.620Z,34.21,64.78

2026-09-28T11:15:27.625Z,34.24,64.76

2026-09-28T11:15:32.635Z,34.22,64.78

2026-09-28T11:15:37.623Z,34.23,64.79

2026-09-28T11:15:42.625Z,34.23,64.77

2026-09-28T11:15:47.633Z,34.21,64.76

2026-09-28T11:15:52.641Z,34.23,64.81

2026-09-28T11:15:57.630Z,34.22,64.78

2026-09-28T11:16:02.628Z,34.24,64.81

2026-09-28T11:16:07.631Z,34.23,64.84

2026-09-28T11:16:12.631Z,34.25,64.87

2026-09-28T11:16:17.639Z,34.23,64.84

2026-09-28T11:16:22.648Z,34.22,64.88

2026-09-28T11:16:27.638Z,34.22,64.84

2026-09-28T11:16:32.639Z,34.21,64.82

2026-09-28T11:16:37.639Z,34.22,64.9

2026-09-28T11:16:42.655Z,34.2,64.81

2026-09-28T11:16:47.638Z,34.22,64.85

2026-09-28T11:16:52.638Z,34.21,64.83

2026-09-28T11:16:57.637Z,34.21,64.8

2026-09-28T11:17:02.647Z,34.22,64.84

2026-09-28T11:17:07.643Z,34.22,64.84

2026-09-28T11:17:12.657Z,34.21,64.91

2026-09-28T11:17:17.656Z,34.22,64.86

2026-09-28T11:17:22.645Z,34.21,64.78

2026-09-28T11:17:27.651Z,34.2,64.82

2026-09-28T11:17:32.658Z,34.22,64.78

2026-09-28T11:17:37.650Z,34.22,64.83

2026-09-28T11:17:42.657Z,34.21,64.88

2026-09-28T11:17:47.651Z,34.21,64.81

2026-09-28T11:17:52.661Z,34.22,64.85

2026-09-28T11:17:57.648Z,34.22,64.85

2026-09-28T11:18:02.648Z,34.23,64.8

2026-09-28T11:18:07.671Z,34.2,64.82

2026-09-28T11:18:12.684Z,34.2,64.81

2026-09-28T11:18:17.670Z,34.24,64.84

2026-09-28T11:18:22.681Z,34.21,64.8

2026-09-28T11:18:27.678Z,34.23,64.81

2026-09-28T11:18:32.670Z,34.23,64.8

2026-09-28T11:18:37.680Z,34.23,64.76

2026-09-28T11:18:42.690Z,34.24,64.87

2026-09-28T11:18:47.678Z,34.25,64.83

2026-09-28T11:18:52.678Z,34.25,64.81

2026-09-28T11:18:57.677Z,34.23,64.78

2026-09-28T11:19:02.677Z,34.26,64.81

2026-09-28T11:19:07.683Z,34.26,64.74

2026-09-28T11:19:12.692Z,34.25,64.83

2026-09-28T11:19:17.683Z,34.25,64.79

2026-09-28T11:19:22.683Z,34.24,64.71

2026-09-28T11:19:27.681Z,34.25,64.79

2026-09-28T11:19:32.684Z,34.24,64.74

2026-09-28T11:19:37.686Z,34.25,64.72

2026-09-28T11:19:42.697Z,34.26,64.75

2026-09-28T11:19:47.686Z,34.28,64.76

2026-09-28T11:19:52.697Z,34.27,64.74

2026-09-28T11:19:57.692Z,34.26,64.73

2026-09-28T11:20:02.698Z,34.26,64.77

2026-09-28T11:20:07.685Z,34.27,64.76

2026-09-28T11:20:12.685Z,34.27,64.74

2026-09-28T11:20:17.686Z,34.26,64.79

2026-09-28T11:20:22.699Z,34.28,64.86

2026-09-28T11:20:27.700Z,34.25,64.82

2026-09-28T11:20:32.711Z,34.25,64.79

2026-09-28T11:20:37.695Z,34.26,64.82

2026-09-28T11:20:42.703Z,34.25,64.85

2026-09-28T11:20:47.695Z,34.26,64.72

2026-09-28T11:20:52.699Z,34.27,64.74

2026-09-28T11:20:57.713Z,34.26,64.74

2026-09-28T11:21:02.724Z,34.25,64.73

2026-09-28T11:21:07.704Z,34.24,64.75

2026-09-28T11:21:12.707Z,34.26,64.69

2026-09-28T11:21:17.716Z,34.25,64.7

2026-09-28T11:21:22.726Z,34.25,64.76

2026-09-28T11:21:27.714Z,34.26,64.74

2026-09-28T11:21:32.714Z,34.26,64.79

2026-09-28T11:21:37.714Z,34.25,64.79

2026-09-28T11:21:42.715Z,34.26,64.79

2026-09-28T11:21:47.736Z,34.26,64.76

2026-09-28T11:21:52.743Z,34.26,64.82

2026-09-28T11:21:57.735Z,34.26,64.75

2026-09-28T11:22:02.741Z,34.27,64.82

2026-09-28T11:22:07.730Z,34.26,64.78

2026-09-28T11:22:12.746Z,34.26,64.8

2026-09-28T11:22:17.737Z,34.28,64.76

2026-09-28T11:22:22.742Z,34.24,64.75

2026-09-28T11:22:27.732Z,34.25,64.8

2026-09-28T11:22:32.732Z,34.26,64.79

2026-09-28T11:22:37.742Z,34.26,64.74

2026-09-28T11:22:42.753Z,34.26,64.8

2026-09-28T11:22:47.740Z,34.26,64.71

2026-09-28T11:22:52.741Z,34.24,64.81

2026-09-28T11:22:57.741Z,34.25,64.81

2026-09-28T11:23:02.752Z,34.25,64.84

2026-09-28T11:23:07.740Z,34.25,64.78

2026-09-28T11:23:12.753Z,34.25,64.85

2026-09-28T11:23:17.746Z,34.25,64.77

2026-09-28T11:23:22.742Z,34.24,64.8

2026-09-28T11:23:27.740Z,34.25,64.79

2026-09-28T11:23:32.751Z,34.24,64.82

2026-09-28T11:23:37.740Z,34.24,64.8

2026-09-28T11:23:42.742Z,34.24,64.8

2026-09-28T11:23:47.742Z,34.26,64.77

2026-09-28T11:23:52.744Z,34.23,64.8

2026-09-28T11:23:57.760Z,34.23,64.79

2026-09-28T11:24:02.774Z,34.26,64.94

2026-09-28T11:24:07.760Z,34.22,64.8

2026-09-28T11:24:12.772Z,34.23,64.86

2026-09-28T11:24:17.758Z,34.24,64.82

2026-09-28T11:24:22.760Z,34.24,64.84

2026-09-28T11:24:27.762Z,34.23,64.85

2026-09-28T11:24:32.774Z,34.22,64.89

2026-09-28T11:24:37.768Z,34.23,64.82

2026-09-28T11:24:42.775Z,34.22,64.9

2026-09-28T11:24:47.776Z,34.22,64.81

2026-09-28T11:24:52.787Z,34.23,64.91

2026-09-28T11:24:57.771Z,34.23,64.87

2026-09-28T11:25:02.771Z,34.23,64.93

2026-09-28T11:25:07.786Z,34.24,64.81

2026-09-28T11:25:12.800Z,34.23,64.9

2026-09-28T11:25:17.784Z,34.22,64.91

2026-09-28T11:25:22.785Z,34.24,64.88

2026-09-28T11:25:27.785Z,34.24,64.89

2026-09-28T11:25:32.786Z,34.25,64.92

2026-09-28T11:25:37.787Z,34.25,64.93

2026-09-28T11:25:42.799Z,34.23,64.97

2026-09-28T11:25:47.791Z,34.24,65.05

2026-09-28T11:25:52.798Z,34.24,64.95

2026-09-28T11:25:57.791Z,34.23,64.96

2026-09-28T11:26:02.799Z,34.25,64.98

2026-09-28T11:26:07.805Z,34.23,64.9

2026-09-28T11:26:12.797Z,34.23,64.97

2026-09-28T11:26:17.793Z,34.22,64.92

2026-09-28T11:26:22.794Z,34.25,65.04

2026-09-28T11:26:27.795Z,34.23,64.95

2026-09-28T11:26:32.806Z,34.24,65

2026-09-28T11:26:37.794Z,34.25,65.01

2026-09-28T11:26:42.795Z,34.25,64.95

2026-09-28T11:26:47.794Z,34.24,65.01

2026-09-28T11:26:52.795Z,34.25,65

2026-09-28T11:26:57.809Z,34.26,65.08

2026-09-28T11:27:02.818Z,34.25,65.13

2026-09-28T11:27:07.815Z,34.25,64.99

2026-09-28T11:27:12.827Z,34.23,65.13

2026-09-28T11:27:17.816Z,34.25,65.06

2026-09-28T11:27:22.814Z,34.25,65.04

2026-09-28T11:27:27.813Z,34.25,65.06

2026-09-28T11:27:32.813Z,34.26,65.08

2026-09-28T11:27:37.825Z,34.27,65.07

2026-09-28T11:27:42.838Z,34.26,65.1

2026-09-28T11:27:47.825Z,34.26,65.04

2026-09-28T11:27:52.826Z,34.27,65.03

2026-09-28T11:27:57.828Z,34.29,65.07

2026-09-28T11:28:02.836Z,34.28,65.06

2026-09-28T11:28:07.826Z,34.29,65.05

2026-09-28T11:28:12.825Z,34.28,65.04

2026-09-28T11:28:17.842Z,34.3,65.02

2026-09-28T11:28:22.850Z,34.28,65.09

2026-09-28T11:28:27.840Z,34.28,65.02

2026-09-28T11:28:32.840Z,34.31,65.03

2026-09-28T11:28:37.839Z,34.3,65.01

2026-09-28T11:28:42.840Z,34.3,64.99

2026-09-28T11:28:47.844Z,34.31,65.01

2026-09-28T11:28:52.854Z,34.32,65

2026-09-28T11:28:57.843Z,34.31,64.98

2026-09-28T11:29:02.843Z,34.31,64.98

2026-09-28T11:29:07.842Z,34.33,65.02

2026-09-28T11:29:12.844Z,34.33,64.92

2026-09-28T11:29:17.860Z,34.35,64.93

2026-09-28T11:29:22.851Z,34.34,64.95

2026-09-28T11:29:27.858Z,34.36,64.94

2026-09-28T11:29:32.868Z,34.34,64.94

2026-09-28T11:29:37.857Z,34.35,64.89

2026-09-28T11:29:42.859Z,34.37,64.95

2026-09-28T11:29:47.860Z,34.36,64.87

2026-09-28T11:29:52.858Z,34.35,64.97

2026-09-28T11:29:57.862Z,34.36,64.95

2026-09-28T11:30:02.872Z,34.37,64.91

2026-09-28T11:30:07.859Z,34.37,64.91

2026-09-28T11:30:12.858Z,34.38,64.91

2026-09-28T11:30:17.857Z,34.37,64.92

2026-09-28T11:30:22.858Z,34.36,64.89

2026-09-28T11:30:27.860Z,34.39,64.84

2026-09-28T11:30:32.874Z,34.38,64.89

2026-09-28T11:30:37.868Z,34.4,64.89

2026-09-28T11:30:42.872Z,34.36,64.94

2026-09-28T11:30:47.869Z,34.38,64.91

2026-09-28T11:30:52.876Z,34.37,64.94

2026-09-28T11:30:57.868Z,34.38,64.97

2026-09-28T11:31:02.875Z,34.38,64.98

2026-09-28T11:31:07.861Z,34.38,64.86

2026-09-28T11:31:12.865Z,34.39,64.89

2026-09-28T11:31:17.886Z,34.39,64.91

2026-09-28T11:31:22.879Z,34.39,64.91

2026-09-28T11:31:27.880Z,34.41,64.93

2026-09-28T11:31:32.879Z,34.38,64.9

2026-09-28T11:31:37.886Z,34.38,64.99

2026-09-28T11:31:42.900Z,34.36,65.02

2026-09-28T11:31:47.884Z,34.37,64.99

2026-09-28T11:31:52.887Z,34.37,64.94

2026-09-28T11:31:57.886Z,34.37,64.9

2026-09-28T11:32:02.885Z,34.38,64.95

2026-09-28T11:32:07.896Z,34.39,64.98

2026-09-28T11:32:12.906Z,34.37,64.92

2026-09-28T11:32:17.894Z,34.38,64.9

2026-09-28T11:32:22.895Z,34.38,64.96

2026-09-28T11:32:27.894Z,34.38,64.95

2026-09-28T11:32:32.896Z,34.4,65.01

2026-09-28T11:32:37.904Z,34.4,64.97

2026-09-28T11:32:42.913Z,34.39,64.96

2026-09-28T11:32:47.903Z,34.4,64.93

2026-09-28T11:32:52.904Z,34.38,64.95

2026-09-28T11:32:57.905Z,34.39,64.93

2026-09-28T11:33:02.916Z,34.4,64.94

2026-09-28T11:33:07.903Z,34.4,64.98

2026-09-28T11:33:12.902Z,34.39,64.88

2026-09-28T11:33:17.908Z,34.4,64.95

2026-09-28T11:33:22.919Z,34.4,64.99

2026-09-28T11:33:27.904Z,34.38,64.94

2026-09-28T11:33:32.905Z,34.4,64.94

2026-09-28T11:33:37.907Z,34.41,64.93

2026-09-28T11:33:42.908Z,34.41,64.92

2026-09-28T11:33:47.919Z,34.41,64.99

2026-09-28T11:33:52.912Z,34.4,64.98

2026-09-28T11:33:57.915Z,34.39,64.94

2026-09-28T11:34:02.920Z,34.39,65.04

2026-09-28T11:34:07.910Z,34.41,65.01

2026-09-28T11:34:12.925Z,34.38,65

2026-09-28T11:34:17.909Z,34.39,65.02

2026-09-28T11:34:22.924Z,34.38,65.04

2026-09-28T11:34:27.914Z,34.38,64.98

2026-09-28T11:34:32.911Z,34.38,65.03

2026-09-28T11:34:37.944Z,34.37,65.04

2026-09-28T11:34:42.935Z,34.36,64.98

2026-09-28T11:34:47.936Z,34.37,65.01

2026-09-28T11:34:52.939Z,34.36,65

2026-09-28T11:34:57.942Z,34.37,64.97

2026-09-28T11:35:02.954Z,34.35,65.01

2026-09-28T11:35:07.942Z,34.37,64.96

2026-09-28T11:35:12.944Z,34.37,65.03

2026-09-28T11:35:17.943Z,34.38,64.99

2026-09-28T11:35:22.942Z,34.37,65.05

2026-09-28T11:35:27.961Z,34.36,65.02

2026-09-28T11:35:32.955Z,34.35,65.03

2026-09-28T11:35:37.963Z,34.38,65.03

2026-09-28T11:35:42.972Z,34.36,65.13

2026-09-28T11:35:47.959Z,34.38,65.08

2026-09-28T11:35:52.961Z,34.37,65.05

2026-09-28T11:35:57.960Z,34.36,65.06

2026-09-28T11:36:02.960Z,34.35,65.06

2026-09-28T11:36:07.968Z,34.38,65.08

2026-09-28T11:36:12.976Z,34.38,65.07

2026-09-28T11:36:17.964Z,34.36,65.06

2026-09-28T11:36:22.963Z,34.39,65.02

2026-09-28T11:36:27.963Z,34.37,65.05

2026-09-28T11:36:32.965Z,34.39,65.1

2026-09-28T11:36:37.966Z,34.38,65.08

2026-09-28T11:36:42.978Z,34.38,65.09

2026-09-28T11:36:47.967Z,34.41,65.04

2026-09-28T11:36:52.967Z,34.4,65.04

2026-09-28T11:36:57.965Z,34.41,65.06

2026-09-28T11:37:02.966Z,34.41,65.02

2026-09-28T11:37:07.986Z,34.41,64.99

2026-09-28T11:37:12.979Z,34.42,65.01

2026-09-28T11:37:17.981Z,34.41,65.02

2026-09-28T11:37:22.993Z,34.42,65.06

2026-09-28T11:37:27.985Z,34.42,65

2026-09-28T11:37:32.991Z,34.42,65.05

2026-09-28T11:37:37.988Z,34.43,65.08

2026-09-28T11:37:42.994Z,34.42,65.05

2026-09-28T11:37:47.981Z,34.45,65

2026-09-28T11:37:52.983Z,34.44,65

2026-09-28T11:37:57.991Z,34.44,64.92

2026-09-28T11:38:02.996Z,34.43,64.96

2026-09-28T11:38:07.985Z,34.42,64.97

2026-09-28T11:38:12.991Z,34.44,64.95

2026-09-28T11:38:17.990Z,34.45,64.96

2026-09-28T11:38:22.990Z,34.44,64.97

2026-09-28T11:38:28.001Z,34.45,64.94

2026-09-28T11:38:33.020Z,34.44,64.99

2026-09-28T11:38:38.000Z,34.45,64.98

2026-09-28T11:38:43.002Z,34.44,64.99

2026-09-28T11:38:48.003Z,34.46,65.03

2026-09-28T11:38:53.003Z,34.45,65.03

2026-09-28T11:38:58.006Z,34.46,65.01

2026-09-28T11:39:03.017Z,34.46,65.04

2026-09-28T11:39:08.004Z,34.47,64.98

2026-09-28T11:39:13.007Z,34.46,65.02

2026-09-28T11:39:18.028Z,34.45,65.04

2026-09-28T11:39:23.018Z,34.45,64.95

2026-09-28T11:39:28.018Z,34.47,64.97

2026-09-28T11:39:33.018Z,34.44,64.95

2026-09-28T11:39:38.026Z,34.46,64.98

2026-09-28T11:39:43.036Z,34.46,65.02

2026-09-28T11:39:48.025Z,34.45,64.95

2026-09-28T11:39:53.025Z,34.46,64.98

2026-09-28T11:39:58.043Z,34.46,65.03

2026-09-28T11:40:03.034Z,34.47,64.99

2026-09-28T11:40:08.033Z,34.45,64.99

2026-09-28T11:40:13.034Z,34.45,65.01

2026-09-28T11:40:18.036Z,34.45,64.96

2026-09-28T11:40:23.048Z,34.45,65.07

2026-09-28T11:40:28.037Z,34.47,65.04

2026-09-28T11:40:33.035Z,34.46,65.02

2026-09-28T11:40:38.050Z,34.46,64.97

2026-09-28T11:40:43.065Z,34.46,65.05

2026-09-28T11:40:48.047Z,34.45,64.97

2026-09-28T11:40:53.048Z,34.47,65

2026-09-28T11:40:58.051Z,34.47,64.94

2026-09-28T11:41:03.050Z,34.48,64.92

2026-09-28T11:41:08.051Z,34.48,64.97

2026-09-28T11:41:13.059Z,34.47,65.04

2026-09-28T11:41:18.056Z,34.48,64.96

2026-09-28T11:41:23.059Z,34.5,65.03

2026-09-28T11:41:28.050Z,34.48,64.9

2026-09-28T11:41:33.059Z,34.49,64.98

2026-09-28T11:41:38.048Z,34.46,64.97

2026-09-28T11:41:43.051Z,34.49,65.01

2026-09-28T11:41:48.055Z,34.51,64.94

2026-09-28T11:41:53.056Z,34.49,64.93

2026-09-28T11:41:58.078Z,34.49,64.98

2026-09-28T11:42:03.065Z,34.52,64.95

2026-09-28T11:42:08.074Z,34.5,64.91

2026-09-28T11:42:13.077Z,34.51,64.92

2026-09-28T11:42:18.071Z,34.52,64.92

2026-09-28T11:42:23.080Z,34.49,64.95

2026-09-28T11:42:28.066Z,34.52,64.92

2026-09-28T11:42:33.064Z,34.54,64.9

2026-09-28T11:42:38.087Z,34.53,64.9

2026-09-28T11:42:43.095Z,34.53,64.92

2026-09-28T11:42:48.086Z,34.55,64.86

2026-09-28T11:42:53.086Z,34.53,64.84

2026-09-28T11:42:58.086Z,34.51,64.85

2026-09-28T11:43:03.087Z,34.52,64.86

2026-09-28T11:43:08.102Z,34.52,64.82

2026-09-28T11:43:13.112Z,34.52,64.88

2026-09-28T11:43:18.102Z,34.54,64.85

2026-09-28T11:43:23.102Z,34.55,64.93

2026-09-28T11:43:28.103Z,34.54,64.9

2026-09-28T11:43:33.103Z,34.52,64.8

2026-09-28T11:43:38.106Z,34.55,64.88

2026-09-28T11:43:43.117Z,34.54,64.87

2026-09-28T11:43:48.105Z,34.54,64.86

2026-09-28T11:43:53.109Z,34.53,64.87

2026-09-28T11:43:58.106Z,34.54,64.86

2026-09-28T11:44:03.108Z,34.53,64.94

2026-09-28T11:44:08.113Z,34.53,64.81

2026-09-28T11:44:13.123Z,34.53,64.9

2026-09-28T11:44:18.113Z,34.56,64.91

2026-09-28T11:44:23.124Z,34.54,64.9

2026-09-28T11:44:28.117Z,34.54,64.91

2026-09-28T11:44:33.124Z,34.55,64.9

2026-09-28T11:44:38.110Z,34.54,64.85

2026-09-28T11:44:43.125Z,34.54,64.89

2026-09-28T11:44:48.113Z,34.55,64.85

2026-09-28T11:44:53.125Z,34.55,64.91

2026-09-28T11:44:58.114Z,34.55,64.88

2026-09-28T11:45:03.115Z,34.55,64.89

2026-09-28T11:45:08.137Z,34.56,64.9

2026-09-28T11:45:13.128Z,34.55,64.9

2026-09-28T11:45:18.127Z,34.57,64.84

2026-09-28T11:45:23.139Z,34.53,64.86

2026-09-28T11:45:28.125Z,34.56,64.96

2026-09-28T11:45:33.126Z,34.56,64.92

2026-09-28T11:45:38.133Z,34.58,64.9

2026-09-28T11:45:43.142Z,34.56,64.97

2026-09-28T11:45:48.147Z,34.55,64.9

2026-09-28T11:45:53.134Z,34.57,64.85

2026-09-28T11:45:58.143Z,34.56,64.92

2026-09-28T11:46:03.151Z,34.56,64.93

2026-09-28T11:46:08.143Z,34.56,64.89

2026-09-28T11:46:13.143Z,34.57,64.9

2026-09-28T11:46:18.144Z,34.56,64.87

2026-09-28T11:46:23.158Z,34.56,64.94

2026-09-28T11:46:28.144Z,34.58,64.93

2026-09-28T11:46:33.156Z,34.59,64.96

2026-09-28T11:46:38.155Z,34.57,64.95

2026-09-28T11:46:43.148Z,34.59,64.88

2026-09-28T11:46:48.162Z,34.57,64.92

2026-09-28T11:46:53.176Z,34.59,64.92

2026-09-28T11:46:58.171Z,34.6,64.9

2026-09-28T11:47:03.177Z,34.59,64.97

2026-09-28T11:47:08.165Z,34.59,64.91

2026-09-28T11:47:13.170Z,34.59,64.95

2026-09-28T11:47:18.160Z,34.59,64.93

2026-09-28T11:47:23.161Z,34.6,64.9

2026-09-28T11:47:28.161Z,34.57,64.94

2026-09-28T11:47:33.160Z,34.59,64.93

2026-09-28T11:47:38.167Z,34.58,64.92

2026-09-28T11:47:43.170Z,34.6,65.05

2026-09-28T11:47:48.168Z,34.59,64.99

2026-09-28T11:47:53.177Z,34.59,64.98

2026-09-28T11:47:58.165Z,34.61,64.92

2026-09-28T11:48:03.166Z,34.57,64.9

2026-09-28T11:48:08.166Z,34.59,64.86

2026-09-28T11:48:13.175Z,34.58,64.92

2026-09-28T11:48:18.182Z,34.57,64.92

2026-09-28T11:48:23.186Z,34.57,64.93

2026-09-28T11:48:28.174Z,34.59,64.86

2026-09-28T11:48:33.174Z,34.6,64.89

2026-09-28T11:48:38.193Z,34.57,64.96

2026-09-28T11:48:43.190Z,34.58,64.93

2026-09-28T11:48:48.188Z,34.58,64.97

2026-09-28T11:48:53.189Z,34.58,64.95

2026-09-28T11:48:58.177Z,34.59,64.89

2026-09-28T11:49:03.179Z,34.58,64.91

2026-09-28T11:49:08.178Z,34.58,64.92

2026-09-28T11:49:13.181Z,34.58,64.92

2026-09-28T11:49:18.203Z,34.58,64.95

2026-09-28T11:49:23.214Z,34.59,64.98

2026-09-28T11:49:28.202Z,34.59,64.97

2026-09-28T11:49:33.202Z,34.59,64.96

2026-09-28T11:49:38.211Z,34.6,64.97

2026-09-28T11:49:43.220Z,34.59,64.98

2026-09-28T11:49:48.208Z,34.61,64.97

2026-09-28T11:49:53.209Z,34.59,64.94

2026-09-28T11:49:58.210Z,34.61,64.91

2026-09-28T11:50:03.210Z,34.6,64.92

2026-09-28T11:50:08.213Z,34.6,64.95

2026-09-28T11:50:13.224Z,34.61,64.96

2026-09-28T11:50:18.211Z,34.63,64.94

2026-09-28T11:50:23.211Z,34.62,64.87

2026-09-28T11:50:28.219Z,34.62,64.87

2026-09-28T11:50:33.224Z,34.61,64.93

2026-09-28T11:50:38.221Z,34.63,64.9

2026-09-28T11:50:43.214Z,34.61,64.84

2026-09-28T11:50:48.224Z,34.6,64.82

2026-09-28T11:50:53.233Z,34.61,64.9

2026-09-28T11:50:58.220Z,34.61,64.82

2026-09-28T11:51:03.222Z,34.61,64.86

2026-09-28T11:51:08.221Z,34.61,64.84

2026-09-28T11:51:13.222Z,34.62,64.87

2026-09-28T11:51:18.224Z,34.61,64.85

2026-09-28T11:51:23.232Z,34.6,64.85

2026-09-28T11:51:28.227Z,34.62,64.81

2026-09-28T11:51:33.242Z,34.62,64.81

2026-09-28T11:51:38.231Z,34.63,64.88

2026-09-28T11:51:43.241Z,34.6,64.88

2026-09-28T11:51:48.245Z,34.6,64.88

2026-09-28T11:51:53.238Z,34.6,64.86

2026-09-28T11:51:58.245Z,34.6,64.84

2026-09-28T11:52:03.253Z,34.61,64.84

2026-09-28T11:52:08.241Z,34.58,64.88

2026-09-28T11:52:13.242Z,34.61,64.79

2026-09-28T11:52:18.242Z,34.6,64.82

2026-09-28T11:52:23.242Z,34.58,64.76

2026-09-28T11:52:28.263Z,34.57,64.8

2026-09-28T11:52:33.255Z,34.58,64.82

2026-09-28T11:52:38.255Z,34.59,64.79

2026-09-28T11:52:43.267Z,34.57,64.84

2026-09-28T11:52:48.256Z,34.58,64.78

2026-09-28T11:52:53.255Z,34.58,64.77

2026-09-28T11:52:58.268Z,34.59,64.82

2026-09-28T11:53:03.277Z,34.56,64.8

2026-09-28T11:53:08.262Z,34.58,64.81

2026-09-28T11:53:13.264Z,34.57,64.88

2026-09-28T11:53:18.283Z,34.56,64.88

2026-09-28T11:53:23.271Z,34.55,64.84

2026-09-28T11:53:28.276Z,34.56,64.89

2026-09-28T11:53:33.283Z,34.56,64.9

2026-09-28T11:53:38.279Z,34.56,64.86

2026-09-28T11:53:43.281Z,34.55,64.87

2026-09-28T11:53:48.284Z,34.54,64.85

2026-09-28T11:53:53.277Z,34.54,64.97

2026-09-28T11:53:58.273Z,34.56,64.93

2026-09-28T11:54:03.277Z,34.54,64.9

2026-09-28T11:54:08.277Z,34.55,64.9

2026-09-28T11:54:13.287Z,34.56,64.94

2026-09-28T11:54:18.275Z,34.54,64.98

2026-09-28T11:54:23.277Z,34.54,64.93

2026-09-28T11:54:28.277Z,34.53,64.87

2026-09-28T11:54:33.289Z,34.54,65.01

2026-09-28T11:54:38.285Z,34.52,64.91

2026-09-28T11:54:43.279Z,34.54,64.98

2026-09-28T11:54:48.287Z,34.53,64.98

2026-09-28T11:54:53.296Z,34.53,64.98

2026-09-28T11:54:58.292Z,34.53,64.96

2026-09-28T11:55:03.295Z,34.52,65.07

2026-09-28T11:55:08.299Z,34.52,64.96

2026-09-28T11:55:13.293Z,34.52,65

2026-09-28T11:55:18.301Z,34.52,64.95

2026-09-28T11:55:23.312Z,34.54,65.04

2026-09-28T11:55:28.303Z,34.54,65.06

2026-09-28T11:55:33.310Z,34.52,65.02

2026-09-28T11:55:38.298Z,34.55,65.04

2026-09-28T11:55:43.309Z,34.52,65.07

2026-09-28T11:55:48.310Z,34.54,65.08

2026-09-28T11:55:53.302Z,34.54,65.09

2026-09-28T11:55:58.307Z,34.52,64.98

2026-09-28T11:56:03.315Z,34.54,65.09

2026-09-28T11:56:08.304Z,34.55,65.08

2026-09-28T11:56:13.305Z,34.54,65.06

2026-09-28T11:56:18.304Z,34.53,65.07

2026-09-28T11:56:23.314Z,34.53,65.11

2026-09-28T11:56:28.303Z,34.54,65.06

2026-09-28T11:56:33.316Z,34.54,65.11

2026-09-28T11:56:38.310Z,34.52,65.1

2026-09-28T11:56:43.318Z,34.54,65.13

2026-09-28T11:56:48.313Z,34.53,65.18

2026-09-28T11:56:53.321Z,34.52,65.2

2026-09-28T11:56:58.308Z,34.52,65.23

2026-09-28T11:57:03.322Z,34.51,65.23

2026-09-28T11:57:08.313Z,34.51,65.18

2026-09-28T11:57:13.320Z,34.52,65.26

2026-09-28T11:57:18.308Z,34.52,65.32

2026-09-28T11:57:23.307Z,34.52,65.23

2026-09-28T11:57:28.331Z,34.51,65.28

2026-09-28T11:57:33.333Z,34.49,65.28

2026-09-28T11:57:38.325Z,34.48,65.32

2026-09-28T11:57:43.326Z,34.5,65.31

2026-09-28T11:57:48.324Z,34.49,65.3

2026-09-28T11:57:53.331Z,34.47,65.46

2026-09-28T11:57:58.325Z,34.49,65.42

2026-09-28T11:58:03.327Z,34.48,65.37

2026-09-28T11:58:08.326Z,34.48,65.4

2026-09-28T11:58:13.326Z,34.48,65.43

2026-09-28T11:58:18.355Z,34.48,65.44

2026-09-28T11:58:23.345Z,34.47,65.37

2026-09-28T11:58:28.345Z,34.49,65.42

2026-09-28T11:58:33.344Z,34.47,65.47

2026-09-28T11:58:38.345Z,34.48,65.48

2026-09-28T11:58:43.355Z,34.48,65.53

2026-09-28T11:58:48.344Z,34.48,65.5

2026-09-28T11:58:53.346Z,34.48,65.55

2026-09-28T11:58:58.360Z,34.48,65.59

2026-09-28T11:59:03.361Z,34.47,65.55

2026-09-28T11:59:08.356Z,34.45,65.56

2026-09-28T11:59:13.363Z,34.47,65.59

2026-09-28T11:59:18.351Z,34.45,65.61

2026-09-28T11:59:23.352Z,34.47,65.6

2026-09-28T11:59:28.355Z,34.46,65.58

2026-09-28T11:59:33.367Z,34.46,65.63

2026-09-28T11:59:38.357Z,34.48,65.64

2026-09-28T11:59:43.356Z,34.47,65.61

2026-09-28T11:59:48.355Z,34.47,65.66

2026-09-28T11:59:53.355Z,34.47,65.67

2026-09-28T11:59:58.364Z,34.48,65.69

2026-09-28T12:00:03.375Z,34.46,65.67

2026-09-28T12:00:08.362Z,34.47,65.65

2026-09-28T12:00:13.360Z,34.48,65.64

2026-09-28T12:00:18.364Z,34.47,65.73

2026-09-28T12:00:23.361Z,34.47,65.7

2026-09-28T12:00:28.364Z,34.48,65.65

2026-09-28T12:00:33.377Z,34.47,65.69

2026-09-28T12:00:38.370Z,34.47,65.72

2026-09-28T12:00:43.376Z,34.48,65.73

2026-09-28T12:00:48.363Z,34.48,65.68

2026-09-28T12:00:53.364Z,34.5,65.66

2026-09-28T12:00:58.373Z,34.48,65.68

2026-09-28T12:01:03.384Z,34.49,65.7

2026-09-28T12:01:08.370Z,34.5,65.67

2026-09-28T12:01:13.375Z,34.47,65.69

2026-09-28T12:01:18.379Z,34.5,65.68

2026-09-28T12:01:23.392Z,34.49,65.74

2026-09-28T12:01:28.374Z,34.5,65.73

2026-09-28T12:01:33.397Z,34.51,65.75

2026-09-28T12:01:38.375Z,34.5,65.7

2026-09-28T12:01:43.386Z,34.5,65.75

2026-09-28T12:01:48.395Z,34.51,65.64

2026-09-28T12:01:53.387Z,34.5,65.65

2026-09-28T12:01:58.385Z,34.52,65.64

2026-09-28T12:02:03.385Z,34.53,65.65

2026-09-28T12:02:08.394Z,34.51,65.65

2026-09-28T12:02:13.404Z,34.52,65.59

2026-09-28T12:02:18.391Z,34.5,65.62

2026-09-28T12:02:23.393Z,34.54,65.6

2026-09-28T12:02:28.401Z,34.52,65.6

2026-09-28T12:02:33.413Z,34.52,65.62

2026-09-28T12:02:38.402Z,34.53,65.63

2026-09-28T12:02:43.402Z,34.53,65.63

2026-09-28T12:02:48.410Z,34.52,65.62

2026-09-28T12:02:53.419Z,34.54,65.65

2026-09-28T12:02:58.410Z,34.53,65.66

2026-09-28T12:03:03.419Z,34.53,65.67

2026-09-28T12:03:08.403Z,34.52,65.63

2026-09-28T12:03:13.403Z,34.53,65.57

2026-09-28T12:03:18.403Z,34.54,65.61

2026-09-28T12:03:23.402Z,34.53,65.58

2026-09-28T12:03:28.411Z,34.53,65.64

2026-09-28T12:03:33.420Z,34.54,65.62

2026-09-28T12:03:38.404Z,34.53,65.62

2026-09-28T12:03:43.404Z,34.53,65.6

2026-09-28T12:03:48.407Z,34.54,65.58

2026-09-28T12:03:53.406Z,34.54,65.6

2026-09-28T12:03:58.404Z,34.54,65.66

2026-09-28T12:04:03.418Z,34.53,65.67

2026-09-28T12:04:08.405Z,34.54,65.63

2026-09-28T12:04:13.404Z,34.54,65.65

2026-09-28T12:04:18.404Z,34.53,65.61

2026-09-28T12:04:23.410Z,34.51,65.65

2026-09-28T12:04:28.425Z,34.54,65.63

2026-09-28T12:04:33.438Z,34.53,65.62

2026-09-28T12:04:38.424Z,34.54,65.67

2026-09-28T12:04:43.422Z,34.53,65.68

2026-09-28T12:04:48.421Z,34.55,65.63

2026-09-28T12:04:53.424Z,34.55,65.63

2026-09-28T12:04:58.431Z,34.54,65.65

2026-09-28T12:05:03.442Z,34.54,65.67

2026-09-28T12:05:08.431Z,34.54,65.62

2026-09-28T12:05:13.440Z,34.56,65.64

2026-09-28T12:05:18.433Z,34.54,65.66

2026-09-28T12:05:23.433Z,34.53,65.63

2026-09-28T12:05:28.438Z,34.54,65.65

2026-09-28T12:05:33.446Z,34.55,65.69

2026-09-28T12:05:38.433Z,34.53,65.63

2026-09-28T12:05:43.433Z,34.54,65.63

2026-09-28T12:05:48.444Z,34.55,65.61

2026-09-28T12:05:53.452Z,34.56,65.63

2026-09-28T12:05:58.444Z,34.56,65.65

2026-09-28T12:06:03.442Z,34.57,65.62

2026-09-28T12:06:08.466Z,34.56,65.62

2026-09-28T12:06:13.457Z,34.55,65.65

2026-09-28T12:06:18.456Z,34.57,65.58

2026-09-28T12:06:23.458Z,34.58,65.62

2026-09-28T12:06:28.460Z,34.58,65.62

2026-09-28T12:06:33.468Z,34.57,65.58

2026-09-28T12:06:38.457Z,34.58,65.59

2026-09-28T12:06:43.461Z,34.57,65.61

2026-09-28T12:06:48.466Z,34.58,65.65

2026-09-28T12:06:53.461Z,34.57,65.57

2026-09-28T12:06:58.462Z,34.58,65.6

2026-09-28T12:07:03.473Z,34.57,65.61

2026-09-28T12:07:08.472Z,34.58,65.64

2026-09-28T12:07:13.473Z,34.59,65.61

2026-09-28T12:07:18.467Z,34.58,65.52

2026-09-28T12:07:23.475Z,34.59,65.56

2026-09-28T12:07:28.461Z,34.58,65.6

2026-09-28T12:07:33.463Z,34.59,65.56

2026-09-28T12:07:38.481Z,34.6,65.59

2026-09-28T12:07:43.476Z,34.62,65.58

2026-09-28T12:07:48.477Z,34.61,65.54

2026-09-28T12:07:53.493Z,34.61,65.55

2026-09-28T12:07:58.473Z,34.62,65.54

2026-09-28T12:08:03.473Z,34.63,65.51

2026-09-28T12:08:08.473Z,34.61,65.49

2026-09-28T12:08:13.474Z,34.61,65.49

2026-09-28T12:08:18.485Z,34.61,65.5

2026-09-28T12:08:23.498Z,34.61,65.56

2026-09-28T12:08:28.485Z,34.63,65.46

2026-09-28T12:08:33.485Z,34.61,65.5

2026-09-28T12:08:38.501Z,34.61,65.51

2026-09-28T12:08:43.512Z,34.59,65.55

2026-09-28T12:08:48.498Z,34.61,65.52

2026-09-28T12:08:53.499Z,34.6,65.57

2026-09-28T12:08:58.497Z,34.6,65.56

2026-09-28T12:09:03.498Z,34.59,65.55

2026-09-28T12:09:08.504Z,34.61,65.53

2026-09-28T12:09:13.516Z,34.61,65.55

2026-09-28T12:09:18.508Z,34.61,65.54

2026-09-28T12:09:23.517Z,34.58,65.59

2026-09-28T12:09:28.506Z,34.62,65.57

2026-09-28T12:09:33.517Z,34.59,65.57

2026-09-28T12:09:38.511Z,34.6,65.56

2026-09-28T12:09:43.519Z,34.61,65.57

2026-09-28T12:09:48.527Z,34.6,65.57

2026-09-28T12:09:53.530Z,34.62,65.65

2026-09-28T12:09:58.519Z,34.61,65.54

2026-09-28T12:10:03.520Z,34.62,65.61

2026-09-28T12:10:08.522Z,34.61,65.58

2026-09-28T12:10:13.520Z,34.61,65.56

2026-09-28T12:10:18.526Z,34.62,65.6

2026-09-28T12:10:23.536Z,34.6,65.64

2026-09-28T12:10:28.526Z,34.61,65.58

2026-09-28T12:10:33.523Z,34.61,65.62

2026-09-28T12:10:38.525Z,34.59,65.61

2026-09-28T12:10:43.524Z,34.6,65.59

2026-09-28T12:10:48.527Z,34.6,65.61

2026-09-28T12:10:53.539Z,34.59,65.65

2026-09-28T12:10:58.546Z,34.61,65.65

2026-09-28T12:11:03.538Z,34.59,65.61

2026-09-28T12:11:08.548Z,34.58,65.65

2026-09-28T12:11:13.548Z,34.58,65.53

2026-09-28T12:11:18.550Z,34.61,65.57

2026-09-28T12:11:23.550Z,34.59,65.53

2026-09-28T12:11:28.550Z,34.61,65.54

2026-09-28T12:11:33.542Z,34.59,65.59

2026-09-28T12:11:38.547Z,34.59,65.56

2026-09-28T12:11:43.558Z,34.57,65.49

2026-09-28T12:11:48.547Z,34.57,65.55

2026-09-28T12:11:53.563Z,34.57,65.5

2026-09-28T12:11:58.548Z,34.57,65.5

2026-09-28T12:12:03.549Z,34.57,65.5

2026-09-28T12:12:08.546Z,34.59,65.47

2026-09-28T12:12:13.547Z,34.57,65.49

2026-09-28T12:12:18.558Z,34.57,65.59

2026-09-28T12:12:23.572Z,34.55,65.61

2026-09-28T12:12:28.555Z,34.58,65.51

2026-09-28T12:12:33.566Z,34.56,65.54

2026-09-28T12:12:38.558Z,34.55,65.55

2026-09-28T12:12:43.567Z,34.56,65.56

2026-09-28T12:12:48.566Z,34.55,65.57

2026-09-28T12:12:53.577Z,34.56,65.59

2026-09-28T12:12:58.568Z,34.55,65.51

2026-09-28T12:13:03.567Z,34.55,65.56

2026-09-28T12:13:08.582Z,34.53,65.59

2026-09-28T12:13:13.571Z,34.54,65.58

2026-09-28T12:13:18.572Z,34.53,65.56

2026-09-28T12:13:23.571Z,34.55,65.52

2026-09-28T12:13:28.582Z,34.55,65.57

2026-09-28T12:13:33.593Z,34.54,65.53

2026-09-28T12:13:38.588Z,34.54,65.52

2026-09-28T12:13:43.590Z,34.52,65.57

2026-09-28T12:13:48.583Z,34.55,65.55

2026-09-28T12:13:53.579Z,34.52,65.57

2026-09-28T12:13:58.583Z,34.51,65.46

2026-09-28T12:14:03.590Z,34.53,65.52

2026-09-28T12:14:08.577Z,34.54,65.48

2026-09-28T12:14:13.579Z,34.53,65.49

2026-09-28T12:14:18.590Z,34.54,65.5

2026-09-28T12:14:23.601Z,34.52,65.54

2026-09-28T12:14:28.591Z,34.52,65.51

2026-09-28T12:14:33.604Z,34.54,65.49

2026-09-28T12:14:38.597Z,34.53,65.45

2026-09-28T12:14:43.602Z,34.54,65.41

2026-09-28T12:14:48.601Z,34.52,65.46

2026-09-28T12:14:53.605Z,34.53,65.48

2026-09-28T12:14:58.596Z,34.54,65.44

2026-09-28T12:15:03.595Z,34.53,65.4

2026-09-28T12:15:08.595Z,34.54,65.46

2026-09-28T12:15:13.596Z,34.53,65.4

2026-09-28T12:15:18.609Z,34.51,65.47

2026-09-28T12:15:23.619Z,34.55,65.49

2026-09-28T12:15:28.605Z,34.52,65.48

2026-09-28T12:15:33.604Z,34.51,65.42

2026-09-28T12:15:38.605Z,34.52,65.46

2026-09-28T12:15:43.609Z,34.53,65.48

2026-09-28T12:15:48.624Z,34.5,65.45

2026-09-28T12:15:53.636Z,34.53,65.57

2026-09-28T12:15:58.624Z,34.51,65.55

2026-09-28T12:16:03.633Z,34.52,65.55

2026-09-28T12:16:08.632Z,34.53,65.57

2026-09-28T12:16:13.633Z,34.51,65.58

2026-09-28T12:16:18.627Z,34.5,65.54

2026-09-28T12:16:23.637Z,34.52,65.52

2026-09-28T12:16:28.627Z,34.52,65.52

2026-09-28T12:16:33.627Z,34.52,65.52

2026-09-28T12:16:38.625Z,34.51,65.55

2026-09-28T12:16:43.627Z,34.52,65.46

2026-09-28T12:16:48.638Z,34.53,65.54

2026-09-28T12:16:53.639Z,34.54,65.52

2026-09-28T12:16:58.633Z,34.53,65.49

2026-09-28T12:17:03.642Z,34.54,65.51

2026-09-28T12:17:08.630Z,34.52,65.5

2026-09-28T12:17:13.629Z,34.52,65.46

2026-09-28T12:17:18.630Z,34.54,65.48

2026-09-28T12:17:23.642Z,34.53,65.49

2026-09-28T12:17:28.645Z,34.52,65.49

2026-09-28T12:17:33.646Z,34.52,65.48

2026-09-28T12:17:38.636Z,34.55,65.48

2026-09-28T12:17:43.633Z,34.55,65.49

2026-09-28T12:17:48.635Z,34.54,65.49

2026-09-28T12:17:53.650Z,34.53,65.45

2026-09-28T12:17:58.652Z,34.54,65.43

2026-09-28T12:18:03.661Z,34.53,65.4

2026-09-28T12:18:08.660Z,34.51,65.32

2026-09-28T12:18:13.662Z,34.52,65.37

2026-09-28T12:18:18.652Z,34.54,65.42

2026-09-28T12:18:23.651Z,34.52,65.44

2026-09-28T12:18:28.650Z,34.54,65.41

2026-09-28T12:18:33.651Z,34.51,65.34

2026-09-28T12:18:38.680Z,34.53,65.35

2026-09-28T12:18:43.674Z,34.53,65.35

2026-09-28T12:18:48.673Z,34.52,65.29

2026-09-28T12:18:53.675Z,34.52,65.34

2026-09-28T12:18:58.681Z,34.52,65.36

2026-09-28T12:19:03.696Z,34.52,65.34

2026-09-28T12:19:08.679Z,34.53,65.31

2026-09-28T12:19:13.683Z,34.53,65.28

2026-09-28T12:19:18.681Z,34.51,65.31

2026-09-28T12:19:23.694Z,34.53,65.3

2026-09-28T12:19:28.687Z,34.51,65.31

2026-09-28T12:19:33.697Z,34.54,65.34

2026-09-28T12:19:38.684Z,34.52,65.35

2026-09-28T12:19:43.683Z,34.52,65.3

2026-09-28T12:19:48.683Z,34.53,65.28

2026-09-28T12:19:53.695Z,34.52,65.32

2026-09-28T12:19:58.692Z,34.53,65.33

2026-09-28T12:20:03.683Z,34.54,65.32

2026-09-28T12:20:08.691Z,34.53,65.3

2026-09-28T12:20:13.704Z,34.51,65.32

2026-09-28T12:20:18.698Z,34.52,65.3

2026-09-28T12:20:23.703Z,34.53,65.39

2026-09-28T12:20:28.703Z,34.51,65.26

2026-09-28T12:20:33.698Z,34.51,65.25

2026-09-28T12:20:38.693Z,34.53,65.26

2026-09-28T12:20:43.700Z,34.51,65.26

2026-09-28T12:20:48.699Z,34.52,65.2

2026-09-28T12:20:53.710Z,34.54,65.28

2026-09-28T12:20:58.698Z,34.53,65.25

2026-09-28T12:21:03.698Z,34.51,65.26

2026-09-28T12:21:08.719Z,34.52,65.24

2026-09-28T12:21:13.713Z,34.52,65.24

2026-09-28T12:21:18.720Z,34.5,65.29

2026-09-28T12:21:23.727Z,34.51,65.29

2026-09-28T12:21:28.720Z,34.5,65.24

2026-09-28T12:21:33.726Z,34.51,65.3

2026-09-28T12:21:38.713Z,34.51,65.21

2026-09-28T12:21:43.713Z,34.52,65.27

2026-09-28T12:21:48.714Z,34.53,65.27

2026-09-28T12:21:53.714Z,34.53,65.3

2026-09-28T12:21:58.730Z,34.51,65.29

2026-09-28T12:22:03.743Z,34.51,65.3

2026-09-28T12:22:08.734Z,34.5,65.32

2026-09-28T12:22:13.738Z,34.5,65.32

2026-09-28T12:22:18.730Z,34.5,65.27

2026-09-28T12:22:23.730Z,34.52,65.26

2026-09-28T12:22:28.728Z,34.5,65.27

2026-09-28T12:22:33.729Z,34.5,65.29

2026-09-28T12:22:38.741Z,34.5,65.27

2026-09-28T12:22:43.748Z,34.5,65.27

2026-09-28T12:22:48.738Z,34.5,65.29

2026-09-28T12:22:53.739Z,34.5,65.29

2026-09-28T12:22:58.751Z,34.5,65.28

2026-09-28T12:23:03.743Z,34.5,65.31

2026-09-28T12:23:08.743Z,34.5,65.35

2026-09-28T12:23:13.752Z,34.51,65.36

2026-09-28T12:23:18.751Z,34.5,65.31

2026-09-28T12:23:23.755Z,34.51,65.32

2026-09-28T12:23:28.754Z,34.51,65.35

2026-09-28T12:23:33.768Z,34.5,65.35

2026-09-28T12:23:38.754Z,34.49,65.32

2026-09-28T12:23:43.768Z,34.48,65.35

2026-09-28T12:23:48.751Z,34.52,65.27

2026-09-28T12:23:53.751Z,34.49,65.31

2026-09-28T12:23:58.761Z,34.49,65.32

2026-09-28T12:24:03.780Z,34.49,65.36

2026-09-28T12:24:08.761Z,34.5,65.32

2026-09-28T12:24:13.760Z,34.5,65.31

2026-09-28T12:24:18.760Z,34.49,65.31

2026-09-28T12:24:23.760Z,34.49,65.34

2026-09-28T12:24:28.767Z,34.5,65.26

2026-09-28T12:24:33.780Z,34.49,65.33

2026-09-28T12:24:38.767Z,34.51,65.32

2026-09-28T12:24:43.765Z,34.51,65.34

2026-09-28T12:24:48.776Z,34.5,65.28

2026-09-28T12:24:53.788Z,34.5,65.34

2026-09-28T12:24:58.776Z,34.5,65.3

2026-09-28T12:25:03.776Z,34.5,65.32

2026-09-28T12:25:08.775Z,34.5,65.25

2026-09-28T12:25:13.776Z,34.5,65.28

2026-09-28T12:25:18.785Z,34.52,65.4

2026-09-28T12:25:23.795Z,34.5,65.38

2026-09-28T12:25:28.787Z,34.51,65.27

2026-09-28T12:25:33.785Z,34.5,65.3

2026-09-28T12:25:38.785Z,34.51,65.28

2026-09-28T12:25:43.785Z,34.51,65.28

2026-09-28T12:25:48.788Z,34.52,65.28

2026-09-28T12:25:53.793Z,34.51,65.34

2026-09-28T12:25:58.787Z,34.5,65.32

2026-09-28T12:26:03.786Z,34.53,65.3

2026-09-28T12:26:08.786Z,34.51,65.31

2026-09-28T12:26:13.786Z,34.53,65.33

2026-09-28T12:26:18.794Z,34.52,65.29

2026-09-28T12:26:23.804Z,34.5,65.29

2026-09-28T12:26:28.794Z,34.53,65.27

2026-09-28T12:26:33.796Z,34.52,65.27

2026-09-28T12:26:38.792Z,34.53,65.31

2026-09-28T12:26:43.796Z,34.53,65.3

2026-09-28T12:26:48.803Z,34.52,65.3

2026-09-28T12:26:53.811Z,34.54,65.33

2026-09-28T12:26:58.802Z,34.53,65.33

2026-09-28T12:27:03.801Z,34.54,65.26

2026-09-28T12:27:08.800Z,34.54,65.32

2026-09-28T12:27:13.800Z,34.54,65.25

2026-09-28T12:27:18.807Z,34.56,65.31

2026-09-28T12:27:23.821Z,34.52,65.35

2026-09-28T12:27:28.809Z,34.55,65.29

2026-09-28T12:27:33.807Z,34.55,65.29

2026-09-28T12:27:38.817Z,34.51,65.3

2026-09-28T12:27:43.829Z,34.54,65.29

2026-09-28T12:27:48.817Z,34.53,65.29

2026-09-28T12:27:53.818Z,34.54,65.26

2026-09-28T12:27:58.817Z,34.54,65.28

2026-09-28T12:28:03.818Z,34.52,65.28

2026-09-28T12:28:08.835Z,34.55,65.25

2026-09-28T12:28:13.843Z,34.54,65.3

2026-09-28T12:28:18.829Z,34.54,65.32

2026-09-28T12:28:23.834Z,34.55,65.26

2026-09-28T12:28:28.831Z,34.55,65.29

2026-09-28T12:28:33.831Z,34.54,65.32

2026-09-28T12:28:38.844Z,34.55,65.3

2026-09-28T12:28:43.855Z,34.55,65.38

2026-09-28T12:28:48.843Z,34.55,65.27

2026-09-28T12:28:53.846Z,34.54,65.33

2026-09-28T12:28:58.852Z,34.54,65.32

2026-09-28T12:29:03.866Z,34.55,65.35

2026-09-28T12:29:08.853Z,34.55,65.31

2026-09-28T12:29:13.852Z,34.56,65.31

2026-09-28T12:29:18.851Z,34.54,65.33

2026-09-28T12:29:23.853Z,34.56,65.31

2026-09-28T12:29:28.862Z,34.56,65.31

2026-09-28T12:29:33.871Z,34.55,65.39

2026-09-28T12:29:38.862Z,34.55,65.32

2026-09-28T12:29:43.862Z,34.57,65.39

2026-09-28T12:29:48.860Z,34.56,65.37

2026-09-28T12:29:53.863Z,34.54,65.35

2026-09-28T12:29:58.867Z,34.56,65.32

2026-09-28T12:30:03.876Z,34.55,65.38

2026-09-28T12:30:08.866Z,34.56,65.32

2026-09-28T12:30:13.866Z,34.56,65.32

2026-09-28T12:30:18.866Z,34.55,65.34

2026-09-28T12:30:23.868Z,34.56,65.3

2026-09-28T12:30:28.885Z,34.57,65.38

2026-09-28T12:30:33.874Z,34.55,65.33

2026-09-28T12:30:38.873Z,34.55,65.37

2026-09-28T12:30:43.874Z,34.54,65.34

2026-09-28T12:30:48.873Z,34.54,65.31

2026-09-28T12:30:53.887Z,34.55,65.36

2026-09-28T12:30:58.875Z,34.54,65.33

2026-09-28T12:31:03.873Z,34.55,65.31

2026-09-28T12:31:08.872Z,34.56,65.35

2026-09-28T12:31:13.885Z,34.54,65.38

2026-09-28T12:31:18.874Z,34.54,65.43

2026-09-28T12:31:23.884Z,34.55,65.42

2026-09-28T12:31:28.879Z,34.53,65.37

2026-09-28T12:31:33.893Z,34.52,65.41

2026-09-28T12:31:38.893Z,34.55,65.38

2026-09-28T12:31:43.892Z,34.53,65.37

2026-09-28T12:31:48.894Z,34.54,65.37

2026-09-28T12:31:53.907Z,34.55,65.4

2026-09-28T12:31:58.894Z,34.56,65.39

2026-09-28T12:32:03.893Z,34.55,65.37

2026-09-28T12:32:08.892Z,34.55,65.36

2026-09-28T12:32:13.895Z,34.54,65.43

2026-09-28T12:32:18.905Z,34.56,65.44

2026-09-28T12:32:23.916Z,34.53,65.43

2026-09-28T12:32:28.904Z,34.54,65.43

2026-09-28T12:32:33.903Z,34.54,65.4

2026-09-28T12:32:38.904Z,34.54,65.42

2026-09-28T12:32:43.904Z,34.54,65.41

2026-09-28T12:32:48.920Z,34.55,65.41

2026-09-28T12:32:53.926Z,34.54,65.41

2026-09-28T12:32:58.916Z,34.54,65.45

2026-09-28T12:33:03.924Z,34.54,65.46

2026-09-28T12:33:08.913Z,34.56,65.45

2026-09-28T12:33:13.912Z,34.56,65.45

2026-09-28T12:33:18.918Z,34.54,65.46

2026-09-28T12:33:23.929Z,34.54,65.47

2026-09-28T12:33:28.919Z,34.55,65.42

2026-09-28T12:33:33.919Z,34.54,65.43

2026-09-28T12:33:38.918Z,34.55,65.45

2026-09-28T12:33:43.932Z,34.55,65.51

2026-09-28T12:33:48.919Z,34.55,65.42

2026-09-28T12:33:53.934Z,34.56,65.51

2026-09-28T12:33:58.921Z,34.55,65.47

2026-09-28T12:34:03.932Z,34.55,65.48

2026-09-28T12:34:08.922Z,34.56,65.41

2026-09-28T12:34:13.938Z,34.56,65.52

2026-09-28T12:34:18.921Z,34.56,65.39

2026-09-28T12:34:23.923Z,34.55,65.41

2026-09-28T12:34:28.922Z,34.57,65.41

2026-09-28T12:34:33.923Z,34.58,65.44

2026-09-28T12:34:38.941Z,34.56,65.45

2026-09-28T12:34:43.935Z,34.57,65.43

2026-09-28T12:34:48.937Z,34.58,65.39

2026-09-28T12:34:53.937Z,34.57,65.43

2026-09-28T12:34:58.955Z,34.56,65.39

2026-09-28T12:35:03.944Z,34.55,65.4

2026-09-28T12:35:08.944Z,34.57,65.36

2026-09-28T12:35:13.942Z,34.58,65.44

2026-09-28T12:35:18.951Z,34.57,65.37

2026-09-28T12:35:23.961Z,34.58,65.45

2026-09-28T12:35:28.948Z,34.57,65.39

2026-09-28T12:35:33.949Z,34.58,65.44

2026-09-28T12:35:38.950Z,34.57,65.38

2026-09-28T12:35:43.950Z,34.58,65.39

2026-09-28T12:35:48.966Z,34.58,65.4

2026-09-28T12:35:53.976Z,34.56,65.52

2026-09-28T12:35:58.966Z,34.58,65.45

2026-09-28T12:36:03.964Z,34.55,65.46

2026-09-28T12:36:08.972Z,34.56,65.44

2026-09-28T12:36:13.975Z,34.55,65.5

2026-09-28T12:36:18.975Z,34.54,65.48

2026-09-28T12:36:23.977Z,34.56,65.5

2026-09-28T12:36:28.965Z,34.57,65.44

2026-09-28T12:36:33.965Z,34.54,65.45

2026-09-28T12:36:38.964Z,34.55,65.46

2026-09-28T12:36:43.967Z,34.55,65.5

2026-09-28T12:36:48.985Z,34.55,65.46

2026-09-28T12:36:53.995Z,34.55,65.49

2026-09-28T12:36:58.982Z,34.56,65.49

2026-09-28T12:37:03.983Z,34.54,65.49

2026-09-28T12:37:08.981Z,34.55,65.45

2026-09-28T12:37:13.982Z,34.54,65.51

2026-09-28T12:37:18.997Z,34.55,65.55

2026-09-28T12:37:24.003Z,34.54,65.54

2026-09-28T12:37:28.994Z,34.54,65.5

2026-09-28T12:37:34.001Z,34.53,65.5

2026-09-28T12:37:38.990Z,34.54,65.55

2026-09-28T12:37:44.003Z,34.55,65.51

2026-09-28T12:37:48.999Z,34.54,65.54

2026-09-28T12:37:54.003Z,34.53,65.54

2026-09-28T12:37:58.997Z,34.53,65.5

2026-09-28T12:38:04.008Z,34.54,65.56

2026-09-28T12:38:08.995Z,34.54,65.52

2026-09-28T12:38:13.996Z,34.55,65.55

2026-09-28T12:38:19.008Z,34.54,65.59

2026-09-28T12:38:24.028Z,34.53,65.59

2026-09-28T12:38:29.009Z,34.53,65.57

2026-09-28T12:38:34.010Z,34.53,65.55

2026-09-28T12:38:39.012Z,34.56,65.52

2026-09-28T12:38:44.027Z,34.53,65.57

2026-09-28T12:38:49.014Z,34.53,65.55

2026-09-28T12:38:54.027Z,34.53,65.61

2026-09-28T12:38:59.016Z,34.54,65.53

2026-09-28T12:39:04.023Z,34.53,65.57

2026-09-28T12:39:09.027Z,34.54,65.64

2026-09-28T12:39:14.019Z,34.54,65.61

2026-09-28T12:39:19.021Z,34.54,65.55

2026-09-28T12:39:24.019Z,34.54,65.59

2026-09-28T12:39:29.024Z,34.53,65.58

2026-09-28T12:39:34.036Z,34.54,65.64

2026-09-28T12:39:39.025Z,34.53,65.57

2026-09-28T12:39:44.023Z,34.53,65.62

2026-09-28T12:39:49.023Z,34.52,65.62

2026-09-28T12:39:54.036Z,34.55,65.65

2026-09-28T12:39:59.022Z,34.54,65.6

2026-09-28T12:40:04.037Z,34.51,65.62

2026-09-28T12:40:09.029Z,34.53,65.62

2026-09-28T12:40:14.037Z,34.54,65.6

2026-09-28T12:40:19.033Z,34.53,65.67

2026-09-28T12:40:24.037Z,34.53,65.69

2026-09-28T12:40:29.027Z,34.53,65.61

2026-09-28T12:40:34.041Z,34.52,65.63

2026-09-28T12:40:39.026Z,34.54,65.62

2026-09-28T12:40:44.025Z,34.55,65.68

2026-09-28T12:40:49.028Z,34.56,65.62

2026-09-28T12:40:54.026Z,34.53,65.7

2026-09-28T12:40:59.047Z,34.54,65.63

2026-09-28T12:41:04.058Z,34.53,65.66

2026-09-28T12:41:09.045Z,34.55,65.6

2026-09-28T12:41:14.049Z,34.53,65.67

2026-09-28T12:41:19.048Z,34.53,65.62

2026-09-28T12:41:24.047Z,34.53,65.66

2026-09-28T12:41:29.067Z,34.54,65.7

2026-09-28T12:41:34.054Z,34.55,65.66

2026-09-28T12:41:39.054Z,34.55,65.66

2026-09-28T12:41:44.056Z,34.53,65.68

2026-09-28T12:41:49.065Z,34.53,65.61

2026-09-28T12:41:54.079Z,34.55,65.73

2026-09-28T12:41:59.066Z,34.56,65.66

2026-09-28T12:42:04.064Z,34.55,65.65

2026-09-28T12:42:09.066Z,34.54,65.69

2026-09-28T12:42:14.079Z,34.53,65.69

2026-09-28T12:42:19.067Z,34.54,65.67

2026-09-28T12:42:24.066Z,34.54,65.67

2026-09-28T12:42:29.082Z,34.55,65.61

2026-09-28T12:42:34.092Z,34.56,65.72

2026-09-28T12:42:39.079Z,34.55,65.63

2026-09-28T12:42:44.080Z,34.53,65.66

2026-09-28T12:42:49.080Z,34.56,65.64

2026-09-28T12:42:54.092Z,34.55,65.68

2026-09-28T12:42:59.081Z,34.55,65.64

2026-09-28T12:43:04.084Z,34.56,65.65

2026-09-28T12:43:09.082Z,34.55,65.67

2026-09-28T12:43:14.091Z,34.56,65.68

2026-09-28T12:43:19.089Z,34.56,65.7

2026-09-28T12:43:24.097Z,34.55,65.64

2026-09-28T12:43:29.092Z,34.57,65.69

2026-09-28T12:43:34.084Z,34.57,65.66

2026-09-28T12:43:39.097Z,34.56,65.69

2026-09-28T12:43:44.089Z,34.56,65.61

2026-09-28T12:43:49.092Z,34.55,65.53

2026-09-28T12:43:54.103Z,34.56,65.65

2026-09-28T12:43:59.092Z,34.58,65.68

2026-09-28T12:44:04.092Z,34.59,65.64

2026-09-28T12:44:09.099Z,34.58,65.66

2026-09-28T12:44:14.109Z,34.57,65.7

2026-09-28T12:44:19.097Z,34.55,65.67

2026-09-28T12:44:24.107Z,34.54,65.73

2026-09-28T12:44:29.111Z,34.55,65.6

2026-09-28T12:44:34.101Z,34.56,65.66

2026-09-28T12:44:39.106Z,34.56,65.66

2026-09-28T12:44:44.121Z,34.55,65.73

2026-09-28T12:44:49.105Z,34.55,65.67

2026-09-28T12:44:54.104Z,34.56,65.73

2026-09-28T12:44:59.106Z,34.55,65.7

2026-09-28T12:45:04.105Z,34.56,65.77

2026-09-28T12:45:09.115Z,34.56,65.71

2026-09-28T12:45:14.124Z,34.57,65.78

2026-09-28T12:45:19.114Z,34.55,65.71

2026-09-28T12:45:24.114Z,34.56,65.69

2026-09-28T12:45:29.114Z,34.57,65.76

2026-09-28T12:45:34.124Z,34.54,65.7

2026-09-28T12:45:39.123Z,34.55,65.7

2026-09-28T12:45:44.125Z,34.55,65.73

2026-09-28T12:45:49.123Z,34.56,65.75

2026-09-28T12:45:54.129Z,34.57,65.73

2026-09-28T12:45:59.139Z,34.57,65.74

2026-09-28T12:46:04.133Z,34.55,65.7

2026-09-28T12:46:09.137Z,34.58,65.72

2026-09-28T12:46:14.145Z,34.57,65.71

2026-09-28T12:46:19.140Z,34.56,65.71

2026-09-28T12:46:24.145Z,34.55,65.74

2026-09-28T12:46:29.145Z,34.57,65.72

2026-09-28T12:46:34.138Z,34.57,65.8

2026-09-28T12:46:39.146Z,34.57,65.8

2026-09-28T12:46:44.156Z,34.57,65.79

2026-09-28T12:46:49.148Z,34.57,65.81

2026-09-28T12:46:54.158Z,34.55,65.77

2026-09-28T12:46:59.147Z,34.56,65.79

2026-09-28T12:47:04.146Z,34.57,65.8

2026-09-28T12:47:09.147Z,34.55,65.77

2026-09-28T12:47:14.158Z,34.56,65.82

2026-09-28T12:47:19.146Z,34.57,65.8

2026-09-28T12:47:24.160Z,34.55,65.81

2026-09-28T12:47:29.157Z,34.56,65.82

2026-09-28T12:47:34.158Z,34.55,65.83

2026-09-28T12:47:39.163Z,34.57,65.75

2026-09-28T12:47:44.164Z,34.57,65.85

2026-09-28T12:47:49.151Z,34.57,65.75

2026-09-28T12:47:54.152Z,34.56,65.8

2026-09-28T12:47:59.150Z,34.56,65.81

2026-09-28T12:48:04.153Z,34.57,65.75

2026-09-28T12:48:09.167Z,34.56,65.74

2026-09-28T12:48:14.176Z,34.54,65.82

2026-09-28T12:48:19.162Z,34.55,65.76

2026-09-28T12:48:24.165Z,34.54,65.74

2026-09-28T12:48:29.173Z,34.55,65.7

2026-09-28T12:48:34.180Z,34.55,65.75

2026-09-28T12:48:39.171Z,34.54,65.78

2026-09-28T12:48:44.170Z,34.56,65.78

2026-09-28T12:48:49.171Z,34.55,65.7

2026-09-28T12:48:54.171Z,34.54,65.69

2026-09-28T12:48:59.183Z,34.54,65.7

2026-09-28T12:49:04.191Z,34.55,65.8

2026-09-28T12:49:09.180Z,34.53,65.73

2026-09-28T12:49:14.182Z,34.55,65.73

2026-09-28T12:49:19.181Z,34.56,65.73

2026-09-28T12:49:24.181Z,34.55,65.75

2026-09-28T12:49:29.191Z,34.55,65.76

2026-09-28T12:49:34.200Z,34.54,65.79

2026-09-28T12:49:39.189Z,34.55,65.76

2026-09-28T12:49:44.189Z,34.54,65.71

2026-09-28T12:49:49.200Z,34.56,65.76

2026-09-28T12:49:54.192Z,34.54,65.76

2026-09-28T12:49:59.192Z,34.55,65.67

2026-09-28T12:50:04.203Z,34.54,65.73

2026-09-28T12:50:09.199Z,34.54,65.72

2026-09-28T12:50:14.203Z,34.54,65.75

2026-09-28T12:50:19.199Z,34.54,65.75

2026-09-28T12:50:24.205Z,34.53,65.78

2026-09-28T12:50:29.195Z,34.55,65.81

2026-09-28T12:50:34.193Z,34.54,65.75

2026-09-28T12:50:39.202Z,34.53,65.75

2026-09-28T12:50:44.212Z,34.55,65.76

2026-09-28T12:50:49.206Z,34.54,65.79

2026-09-28T12:50:54.211Z,34.54,65.76

2026-09-28T12:50:59.208Z,34.53,65.8

2026-09-28T12:51:04.212Z,34.52,65.79

2026-09-28T12:51:09.203Z,34.53,65.78

2026-09-28T12:51:14.219Z,34.53,65.79

2026-09-28T12:51:19.202Z,34.52,65.76

2026-09-28T12:51:24.203Z,34.53,65.82

2026-09-28T12:51:29.226Z,34.53,65.74

2026-09-28T12:51:34.236Z,34.51,65.78

2026-09-28T12:51:39.221Z,34.54,65.81

2026-09-28T12:51:44.221Z,34.54,65.79

2026-09-28T12:51:49.230Z,34.51,65.78

2026-09-28T12:51:54.235Z,34.51,65.82

2026-09-28T12:51:59.244Z,34.52,65.85

2026-09-28T12:52:04.236Z,34.53,65.85

2026-09-28T12:52:09.244Z,34.53,65.85

2026-09-28T12:52:14.256Z,34.53,65.78

2026-09-28T12:52:19.243Z,34.52,65.76

2026-09-28T12:52:24.243Z,34.51,65.78

2026-09-28T12:52:29.242Z,34.52,65.8

2026-09-28T12:52:34.243Z,34.52,65.81

2026-09-28T12:52:39.247Z,34.52,65.76

2026-09-28T12:52:44.256Z,34.52,65.87

2026-09-28T12:52:49.246Z,34.53,65.81

2026-09-28T12:52:54.244Z,34.52,65.85

2026-09-28T12:52:59.247Z,34.53,65.82

2026-09-28T12:53:04.245Z,34.54,65.76

2026-09-28T12:53:09.254Z,34.53,65.75

2026-09-28T12:53:14.262Z,34.52,65.8

2026-09-28T12:53:19.251Z,34.54,65.69

2026-09-28T12:53:24.254Z,34.53,65.72

2026-09-28T12:53:29.252Z,34.52,65.66

2026-09-28T12:53:34.252Z,34.54,65.72

2026-09-28T12:53:39.270Z,34.53,65.71

2026-09-28T12:53:44.260Z,34.54,65.72

2026-09-28T12:53:49.258Z,34.53,65.66

2026-09-28T12:53:54.259Z,34.52,65.66

2026-09-28T12:53:59.267Z,34.51,65.74

2026-09-28T12:54:04.274Z,34.53,65.75

2026-09-28T12:54:09.261Z,34.51,65.74

2026-09-28T12:54:14.279Z,34.51,65.74

2026-09-28T12:54:19.262Z,34.51,65.72

2026-09-28T12:54:24.265Z,34.52,65.69

2026-09-28T12:54:29.278Z,34.51,65.69

2026-09-28T12:54:34.282Z,34.52,65.73

2026-09-28T12:54:39.270Z,34.54,65.68

2026-09-28T12:54:44.274Z,34.52,65.63

2026-09-28T12:54:49.290Z,34.51,65.67

2026-09-28T12:54:54.283Z,34.52,65.69

2026-09-28T12:54:59.285Z,34.51,65.67

2026-09-28T12:55:04.292Z,34.53,65.7

2026-09-28T12:55:09.285Z,34.52,65.73

2026-09-28T12:55:14.296Z,34.53,65.75

2026-09-28T12:55:19.295Z,34.52,65.71

2026-09-28T12:55:24.298Z,34.52,65.78

2026-09-28T12:55:29.304Z,34.52,65.65

2026-09-28T12:55:34.308Z,34.51,65.7

2026-09-28T12:55:39.299Z,34.52,65.69

2026-09-28T12:55:44.303Z,34.52,65.76

2026-09-28T12:55:49.293Z,34.52,65.71

2026-09-28T12:55:54.293Z,34.53,65.76

2026-09-28T12:55:59.308Z,34.5,65.68

2026-09-28T12:56:04.318Z,34.52,65.76

2026-09-28T12:56:09.305Z,34.52,65.71

2026-09-28T12:56:14.322Z,34.51,65.77

2026-09-28T12:56:19.316Z,34.51,65.79

2026-09-28T12:56:24.306Z,34.51,65.78

2026-09-28T12:56:29.321Z,34.5,65.8

2026-09-28T12:56:34.315Z,34.51,65.8

2026-09-28T12:56:39.315Z,34.5,65.77

2026-09-28T12:56:44.317Z,34.52,65.74

2026-09-28T12:56:49.320Z,34.49,65.77

2026-09-28T12:56:54.331Z,34.49,65.82

2026-09-28T12:56:59.324Z,34.51,65.78

2026-09-28T12:57:04.334Z,34.49,65.79

2026-09-28T12:57:09.319Z,34.48,65.84

2026-09-28T12:57:14.331Z,34.5,65.85

2026-09-28T12:57:19.334Z,34.5,65.77

2026-09-28T12:57:24.325Z,34.5,65.77

2026-09-28T12:57:29.326Z,34.5,65.83

2026-09-28T12:57:34.332Z,34.49,65.87

2026-09-28T12:57:39.325Z,34.48,65.79

2026-09-28T12:57:44.328Z,34.49,65.81

2026-09-28T12:57:49.325Z,34.48,65.82

2026-09-28T12:57:54.326Z,34.5,65.88

2026-09-28T12:57:59.344Z,34.5,65.8

2026-09-28T12:58:04.352Z,34.49,65.85

2026-09-28T12:58:09.341Z,34.48,65.87

2026-09-28T12:58:14.342Z,34.5,65.84

2026-09-28T12:58:19.351Z,34.49,65.93

2026-09-28T12:58:24.367Z,34.49,65.92

2026-09-28T12:58:29.351Z,34.49,65.89

2026-09-28T12:58:34.353Z,34.49,66

2026-09-28T12:58:39.360Z,34.49,65.95

2026-09-28T12:58:44.371Z,34.49,66.04

2026-09-28T12:58:49.360Z,34.48,65.95

2026-09-28T12:58:54.360Z,34.46,65.92

2026-09-28T12:58:59.360Z,34.47,65.96

2026-09-28T12:59:04.360Z,34.48,65.92

2026-09-28T12:59:09.378Z,34.45,65.99

2026-09-28T12:59:14.368Z,34.47,65.99

2026-09-28T12:59:19.369Z,34.47,65.99

2026-09-28T12:59:24.383Z,34.46,66.01

2026-09-28T12:59:29.377Z,34.45,66

2026-09-28T12:59:34.382Z,34.45,66.03

2026-09-28T12:59:39.381Z,34.45,66.05

2026-09-28T12:59:44.384Z,34.45,66.03

2026-09-28T12:59:49.373Z,34.45,66.01

2026-09-28T12:59:54.371Z,34.47,65.96

2026-09-28T12:59:59.370Z,34.46,65.94

2026-09-28T13:00:04.372Z,34.47,65.98

2026-09-28T13:00:09.383Z,34.46,65.97

2026-09-28T13:00:14.392Z,34.46,66

2026-09-28T13:00:19.382Z,34.46,65.92

2026-09-28T13:00:24.384Z,34.45,65.94

2026-09-28T13:00:29.382Z,34.47,65.94

2026-09-28T13:00:34.384Z,34.46,65.94

2026-09-28T13:00:39.384Z,34.45,65.99

2026-09-28T13:00:44.394Z,34.46,65.95

2026-09-28T13:00:49.382Z,34.45,65.92

2026-09-28T13:00:54.385Z,34.46,65.94

2026-09-28T13:00:59.386Z,34.45,65.93

2026-09-28T13:01:04.384Z,34.46,65.89

2026-09-28T13:01:09.393Z,34.44,65.94

2026-09-28T13:01:14.396Z,34.44,65.93

2026-09-28T13:01:19.392Z,34.46,65.91

2026-09-28T13:01:24.399Z,34.45,65.93

2026-09-28T13:01:29.390Z,34.46,65.91

2026-09-28T13:01:34.388Z,34.44,65.87

2026-09-28T13:01:39.388Z,34.46,65.88

2026-09-28T13:01:44.390Z,34.44,65.89

2026-09-28T13:01:49.407Z,34.46,65.88

2026-09-28T13:01:54.421Z,34.43,65.9

2026-09-28T13:01:59.408Z,34.43,65.84

2026-09-28T13:02:04.406Z,34.45,65.91

2026-09-28T13:02:09.422Z,34.43,65.89

2026-09-28T13:02:14.435Z,34.43,65.96

2026-09-28T13:02:19.420Z,34.43,65.89

2026-09-28T13:02:24.420Z,34.44,65.94

2026-09-28T13:02:29.419Z,34.44,65.89

2026-09-28T13:02:34.421Z,34.43,65.99

2026-09-28T13:02:39.428Z,34.43,65.91

2026-09-28T13:02:44.435Z,34.43,65.94

2026-09-28T13:02:49.426Z,34.43,65.93

2026-09-28T13:02:54.425Z,34.42,65.96

2026-09-28T13:02:59.437Z,34.43,66.02

2026-09-28T13:03:04.445Z,34.41,65.97

2026-09-28T13:03:09.435Z,34.41,65.93

2026-09-28T13:03:14.434Z,34.42,65.99

2026-09-28T13:03:19.446Z,34.42,65.99

2026-09-28T13:03:24.455Z,34.41,65.98

2026-09-28T13:03:29.441Z,34.41,65.99

2026-09-28T13:03:34.444Z,34.42,66

2026-09-28T13:03:39.443Z,34.42,65.96

2026-09-28T13:03:44.443Z,34.42,65.97

2026-09-28T13:03:49.447Z,34.41,65.98

2026-09-28T13:03:54.460Z,34.39,66.08

2026-09-28T13:03:59.445Z,34.43,66.01

2026-09-28T13:04:04.445Z,34.41,66.09

2026-09-28T13:04:09.450Z,34.42,66

2026-09-28T13:04:14.446Z,34.41,66.02

2026-09-28T13:04:19.448Z,34.42,66.03

2026-09-28T13:04:24.460Z,34.41,66.08

2026-09-28T13:04:29.446Z,34.43,66.05

2026-09-28T13:04:34.446Z,34.44,66.09

2026-09-28T13:04:39.444Z,34.44,66.11

2026-09-28T13:04:44.464Z,34.41,66.18

2026-09-28T13:04:49.449Z,34.43,66.08

2026-09-28T13:04:54.449Z,34.43,66.09

2026-09-28T13:04:59.458Z,34.43,66.12

2026-09-28T13:05:04.473Z,34.42,66.1

2026-09-28T13:05:09.458Z,34.44,66.06

2026-09-28T13:05:14.457Z,34.45,66.12

2026-09-28T13:05:19.454Z,34.43,66.06

2026-09-28T13:05:24.457Z,34.44,65.99

2026-09-28T13:05:29.482Z,34.43,66.09

2026-09-28T13:05:34.476Z,34.44,66.05

2026-09-28T13:05:39.476Z,34.43,66.11

2026-09-28T13:05:44.487Z,34.43,66.1

2026-09-28T13:05:49.474Z,34.44,66.1

2026-09-28T13:05:54.475Z,34.44,66.07

2026-09-28T13:05:59.477Z,34.45,66.1

2026-09-28T13:06:04.477Z,34.46,66.1

2026-09-28T13:06:09.499Z,34.42,66.11

2026-09-28T13:06:14.492Z,34.44,66.1

2026-09-28T13:06:19.498Z,34.43,66.01

2026-09-28T13:06:24.512Z,34.42,66.11

2026-09-28T13:06:29.506Z,34.44,66.09

2026-09-28T13:06:34.511Z,34.44,66.15

2026-09-28T13:06:39.503Z,34.45,66.05

2026-09-28T13:06:44.510Z,34.45,66.12

2026-09-28T13:06:49.505Z,34.43,66.13

2026-09-28T13:06:54.501Z,34.45,66.08

2026-09-28T13:06:59.505Z,34.46,66.05

2026-09-28T13:07:04.514Z,34.45,66.08

2026-09-28T13:07:09.504Z,34.45,66.06

2026-09-28T13:07:14.503Z,34.45,66.08

2026-09-28T13:07:19.521Z,34.43,66.12

2026-09-28T13:07:24.510Z,34.44,66.08

2026-09-28T13:07:29.510Z,34.44,66.12

2026-09-28T13:07:34.520Z,34.44,66.13

2026-09-28T13:07:39.514Z,34.43,66.07

2026-09-28T13:07:44.519Z,34.44,66.15

2026-09-28T13:07:49.510Z,34.43,66.19

2026-09-28T13:07:54.521Z,34.43,66.15

2026-09-28T13:07:59.528Z,34.43,66.13

2026-09-28T13:08:04.519Z,34.42,66.15

2026-09-28T13:08:09.533Z,34.42,66.05

2026-09-28T13:08:14.526Z,34.43,66.13

2026-09-28T13:08:19.526Z,34.44,66.15

2026-09-28T13:08:24.527Z,34.42,66.16

2026-09-28T13:08:29.543Z,34.43,66.17

2026-09-28T13:08:34.536Z,34.43,66.19

2026-09-28T13:08:39.536Z,34.44,66.18

2026-09-28T13:08:44.536Z,34.42,66.19

2026-09-28T13:08:49.545Z,34.43,66.21

2026-09-28T13:08:54.557Z,34.43,66.2

2026-09-28T13:08:59.545Z,34.42,66.17

2026-09-28T13:09:04.542Z,34.43,66.21

2026-09-28T13:09:09.543Z,34.43,66.21

2026-09-28T13:09:14.555Z,34.41,66.2

2026-09-28T13:09:19.551Z,34.42,66.19

2026-09-28T13:09:24.561Z,34.42,66.25

2026-09-28T13:09:29.555Z,34.43,66.2

2026-09-28T13:09:34.563Z,34.42,66.23

2026-09-28T13:09:39.555Z,34.42,66.15

2026-09-28T13:09:44.561Z,34.42,66.25

2026-09-28T13:09:49.552Z,34.41,66.26

2026-09-28T13:09:54.551Z,34.43,66.19

2026-09-28T13:09:59.566Z,34.44,66.23

2026-09-28T13:10:04.576Z,34.4,66.29

2026-09-28T13:10:09.563Z,34.42,66.25

2026-09-28T13:10:14.563Z,34.43,66.24

2026-09-28T13:10:19.564Z,34.43,66.24

2026-09-28T13:10:24.564Z,34.42,66.22

2026-09-28T13:10:29.583Z,34.43,66.21

2026-09-28T13:10:34.588Z,34.41,66.26

2026-09-28T13:10:39.578Z,34.41,66.22

2026-09-28T13:10:44.584Z,34.42,66.26

2026-09-28T13:10:49.574Z,34.43,66.19

2026-09-28T13:10:54.584Z,34.43,66.25

2026-09-28T13:10:59.580Z,34.43,66.25

2026-09-28T13:11:04.590Z,34.45,66.3

2026-09-28T13:11:09.590Z,34.44,66.25

2026-09-28T13:11:14.586Z,34.42,66.2

2026-09-28T13:11:19.584Z,34.43,66.24

2026-09-28T13:11:24.585Z,34.43,66.22

2026-09-28T13:11:29.593Z,34.44,66.24

2026-09-28T13:11:34.604Z,34.43,66.3

2026-09-28T13:11:39.594Z,34.44,66.28

2026-09-28T13:11:44.593Z,34.43,66.23

2026-09-28T13:11:49.592Z,34.43,66.3

2026-09-28T13:11:54.592Z,34.43,66.28

2026-09-28T13:11:59.601Z,34.44,66.3

2026-09-28T13:12:04.614Z,34.44,66.34

2026-09-28T13:12:09.602Z,34.44,66.3

2026-09-28T13:12:14.602Z,34.43,66.3

2026-09-28T13:12:19.601Z,34.43,66.27

2026-09-28T13:12:24.612Z,34.43,66.35

2026-09-28T13:12:29.612Z,34.43,66.31

2026-09-28T13:12:34.616Z,34.43,66.27

2026-09-28T13:12:39.623Z,34.45,66.28

2026-09-28T13:12:44.618Z,34.46,66.22

2026-09-28T13:12:49.618Z,34.43,66.27

2026-09-28T13:12:54.629Z,34.45,66.31

2026-09-28T13:12:59.626Z,34.44,66.28

2026-09-28T13:13:04.633Z,34.46,66.3

2026-09-28T13:13:09.618Z,34.45,66.29

2026-09-28T13:13:14.619Z,34.44,66.27

2026-09-28T13:13:19.617Z,34.47,66.3

2026-09-28T13:13:24.629Z,34.45,66.34

2026-09-28T13:13:29.629Z,34.46,66.28

2026-09-28T13:13:34.635Z,34.44,66.34

2026-09-28T13:13:39.633Z,34.43,66.31

2026-09-28T13:13:44.627Z,34.46,66.23

2026-09-28T13:13:49.625Z,34.46,66.29

2026-09-28T13:13:54.623Z,34.46,66.22

2026-09-28T13:13:59.634Z,34.46,66.29

2026-09-28T13:14:04.643Z,34.46,66.3

2026-09-28T13:14:09.632Z,34.48,66.26

2026-09-28T13:14:14.642Z,34.44,66.23

2026-09-28T13:14:19.630Z,34.47,66.25

2026-09-28T13:14:24.634Z,34.46,66.27

2026-09-28T13:14:29.633Z,34.48,66.28

2026-09-28T13:14:34.635Z,34.46,66.25

2026-09-28T13:14:39.646Z,34.45,66.2

2026-09-28T13:14:44.653Z,34.45,66.29

2026-09-28T13:14:49.639Z,34.49,66.25

2026-09-28T13:14:54.641Z,34.49,66.2

2026-09-28T13:14:59.651Z,34.48,66.25

2026-09-28T13:15:04.658Z,34.48,66.19

2026-09-28T13:15:09.645Z,34.49,66.21

2026-09-28T13:15:14.657Z,34.48,66.26

2026-09-28T13:15:19.653Z,34.5,66.17

2026-09-28T13:15:24.655Z,34.49,66.23

2026-09-28T13:15:29.672Z,34.47,66.22

2026-09-28T13:15:34.666Z,34.49,66.23

2026-09-28T13:15:39.667Z,34.48,66.21

2026-09-28T13:15:44.666Z,34.48,66.21

2026-09-28T13:15:49.681Z,34.49,66.28

2026-09-28T13:15:54.675Z,34.5,66.22

2026-09-28T13:15:59.681Z,34.5,66.23

2026-09-28T13:16:04.687Z,34.48,66.31

2026-09-28T13:16:09.681Z,34.5,66.23

2026-09-28T13:16:14.674Z,34.5,66.23

2026-09-28T13:16:19.683Z,34.5,66.21

2026-09-28T13:16:24.694Z,34.49,66.23

2026-09-28T13:16:29.684Z,34.49,66.26

2026-09-28T13:16:34.693Z,34.5,66.19

2026-09-28T13:16:39.687Z,34.5,66.19

2026-09-28T13:16:44.691Z,34.51,66.25

2026-09-28T13:16:49.686Z,34.48,66.16

2026-09-28T13:16:54.697Z,34.49,66.21

2026-09-28T13:16:59.684Z,34.51,66.18

2026-09-28T13:17:04.687Z,34.5,66.2

2026-09-28T13:17:09.684Z,34.49,66.21

2026-09-28T13:17:14.687Z,34.51,66.21

2026-09-28T13:17:19.684Z,34.5,66.17

2026-09-28T13:17:24.695Z,34.5,66.26

2026-09-28T13:17:29.684Z,34.51,66.22

2026-09-28T13:17:34.687Z,34.49,66.23

2026-09-28T13:17:39.687Z,34.49,66.19

2026-09-28T13:17:44.687Z,34.51,66.2

2026-09-28T13:17:49.697Z,34.5,66.26

2026-09-28T13:17:54.704Z,34.5,66.24

2026-09-28T13:17:59.709Z,34.5,66.25

2026-09-28T13:18:04.701Z,34.52,66.19

2026-09-28T13:18:09.705Z,34.5,66.26

2026-09-28T13:18:14.715Z,34.51,66.22

2026-09-28T13:18:19.711Z,34.52,66.23

2026-09-28T13:18:24.718Z,34.5,66.25

2026-09-28T13:18:29.713Z,34.49,66.32

2026-09-28T13:18:34.725Z,34.52,66.32

2026-09-28T13:18:39.715Z,34.5,66.19

2026-09-28T13:18:44.728Z,34.5,66.2

2026-09-28T13:18:49.713Z,34.5,66.19

2026-09-28T13:18:54.717Z,34.5,66.23

2026-09-28T13:18:59.714Z,34.5,66.25

2026-09-28T13:19:04.715Z,34.53,66.29

2026-09-28T13:19:09.730Z,34.51,66.23

2026-09-28T13:19:14.742Z,34.51,66.27

2026-09-28T13:19:19.730Z,34.52,66.3

2026-09-28T13:19:24.743Z,34.52,66.27

2026-09-28T13:19:29.730Z,34.53,66.27

2026-09-28T13:19:34.743Z,34.52,66.27

2026-09-28T13:19:39.733Z,34.53,66.21

2026-09-28T13:19:44.745Z,34.53,66.31

2026-09-28T13:19:49.731Z,34.53,66.22

2026-09-28T13:19:54.733Z,34.53,66.18

2026-09-28T13:19:59.743Z,34.52,66.22

2026-09-28T13:20:04.755Z,34.53,66.29

2026-09-28T13:20:09.743Z,34.55,66.28

2026-09-28T13:20:14.744Z,34.53,66.28

2026-09-28T13:20:19.746Z,34.54,66.21

2026-09-28T13:20:24.756Z,34.53,66.26

2026-09-28T13:20:29.747Z,34.53,66.28

2026-09-28T13:20:34.747Z,34.54,66.27

2026-09-28T13:20:39.747Z,34.53,66.21

2026-09-28T13:20:44.747Z,34.55,66.2

2026-09-28T13:20:49.767Z,34.53,66.27

2026-09-28T13:20:54.765Z,34.53,66.23

2026-09-28T13:20:59.756Z,34.52,66.19

2026-09-28T13:21:04.766Z,34.55,66.22

2026-09-28T13:21:09.758Z,34.54,66.28

2026-09-28T13:21:14.770Z,34.55,66.18

2026-09-28T13:21:19.770Z,34.55,66.23

2026-09-28T13:21:24.774Z,34.54,66.26

2026-09-28T13:21:29.762Z,34.53,66.2

2026-09-28T13:21:34.763Z,34.54,66.2

2026-09-28T13:21:39.763Z,34.56,66.18

2026-09-28T13:21:44.775Z,34.53,66.22

2026-09-28T13:21:49.763Z,34.53,66.25

2026-09-28T13:21:54.764Z,34.54,66.21

2026-09-28T13:21:59.783Z,34.54,66.18

2026-09-28T13:22:04.790Z,34.55,66.22

2026-09-28T13:22:09.779Z,34.55,66.19

2026-09-28T13:22:14.780Z,34.56,66.18

2026-09-28T13:22:19.780Z,34.56,66.25

2026-09-28T13:22:24.781Z,34.54,66.18

2026-09-28T13:22:29.786Z,34.54,66.2

2026-09-28T13:22:34.800Z,34.54,66.24

2026-09-28T13:22:39.781Z,34.54,66.17

2026-09-28T13:22:44.783Z,34.56,66.24

2026-09-28T13:22:49.783Z,34.56,66.19

2026-09-28T13:22:54.783Z,34.57,66.2

2026-09-28T13:22:59.790Z,34.55,66.23

2026-09-28T13:23:04.802Z,34.55,66.21

2026-09-28T13:23:09.801Z,34.54,66.3

2026-09-28T13:23:14.805Z,34.58,66.27

2026-09-28T13:23:19.796Z,34.57,66.24

2026-09-28T13:23:24.800Z,34.55,66.28

2026-09-28T13:23:29.790Z,34.56,66.19

2026-09-28T13:23:34.803Z,34.53,66.25

2026-09-28T13:23:39.790Z,34.57,66.21

2026-09-28T13:23:44.792Z,34.55,66.2

2026-09-28T13:23:49.796Z,34.56,66.23

2026-09-28T13:23:54.806Z,34.54,66.25

2026-09-28T13:23:59.795Z,34.55,66.22

2026-09-28T13:24:04.799Z,34.53,66.31

2026-09-28T13:24:09.797Z,34.54,66.3

2026-09-28T13:24:14.807Z,34.52,66.27

2026-09-28T13:24:19.799Z,34.53,66.31

2026-09-28T13:24:24.801Z,34.53,66.3

2026-09-28T13:24:29.799Z,34.53,66.27

2026-09-28T13:24:34.799Z,34.53,66.31

2026-09-28T13:24:39.823Z,34.53,66.36

2026-09-28T13:24:44.816Z,34.54,66.33

2026-09-28T13:24:49.814Z,34.52,66.37

2026-09-28T13:24:54.815Z,34.52,66.37

2026-09-28T13:24:59.815Z,34.53,66.35

2026-09-28T13:25:04.827Z,34.51,66.36

2026-09-28T13:25:09.813Z,34.53,66.41

2026-09-28T13:25:14.815Z,34.5,66.37

2026-09-28T13:25:19.816Z,34.51,66.4

2026-09-28T13:25:24.816Z,34.51,66.39

2026-09-28T13:25:29.826Z,34.51,66.37

2026-09-28T13:25:34.835Z,34.49,66.47

2026-09-28T13:25:39.825Z,34.49,66.46

2026-09-28T13:25:44.836Z,34.48,66.47

2026-09-28T13:25:49.824Z,34.49,66.51

2026-09-28T13:25:54.841Z,34.48,66.54

2026-09-28T13:25:59.832Z,34.46,66.58

2026-09-28T13:26:04.837Z,34.47,66.61

2026-09-28T13:26:09.844Z,34.46,66.6

2026-09-28T13:26:14.848Z,34.47,66.63

2026-09-28T13:26:19.836Z,34.47,66.59

2026-09-28T13:26:24.837Z,34.45,66.59

2026-09-28T13:26:29.841Z,34.46,66.6

2026-09-28T13:26:34.851Z,34.44,66.67

2026-09-28T13:26:39.841Z,34.46,66.64

2026-09-28T13:26:44.839Z,34.47,66.65

2026-09-28T13:26:49.839Z,34.46,66.65

2026-09-28T13:26:54.854Z,34.46,66.67

2026-09-28T13:26:59.846Z,34.46,66.66

2026-09-28T13:27:04.854Z,34.47,66.71

2026-09-28T13:27:09.847Z,34.45,66.71

2026-09-28T13:27:14.863Z,34.48,66.67

2026-09-28T13:27:19.860Z,34.46,66.65

2026-09-28T13:27:24.854Z,34.47,66.64

2026-09-28T13:27:29.853Z,34.45,66.68

2026-09-28T13:27:34.852Z,34.49,66.66

2026-09-28T13:27:39.865Z,34.47,66.66

2026-09-28T13:27:44.876Z,34.47,66.76

2026-09-28T13:27:49.863Z,34.47,66.74

2026-09-28T13:27:54.864Z,34.48,66.7

2026-09-28T13:27:59.865Z,34.47,66.72

2026-09-28T13:28:04.865Z,34.49,66.68

2026-09-28T13:28:09.872Z,34.47,66.68

2026-09-28T13:28:14.884Z,34.48,66.69

2026-09-28T13:28:19.873Z,34.47,66.7

2026-09-28T13:28:24.872Z,34.48,66.74

2026-09-28T13:28:29.871Z,34.49,66.67

2026-09-28T13:28:34.874Z,34.48,66.74

2026-09-28T13:28:39.881Z,34.48,66.71

2026-09-28T13:28:44.888Z,34.48,66.77

2026-09-28T13:28:49.881Z,34.48,66.73

2026-09-28T13:28:54.881Z,34.47,66.76

2026-09-28T13:28:59.900Z,34.48,66.77

2026-09-28T13:29:04.895Z,34.49,66.75

2026-09-28T13:29:09.893Z,34.46,66.85

2026-09-28T13:29:14.893Z,34.47,66.81

2026-09-28T13:29:19.905Z,34.46,66.79

2026-09-28T13:29:24.897Z,34.47,66.76

2026-09-28T13:29:29.904Z,34.47,66.75

2026-09-28T13:29:34.910Z,34.49,66.87

2026-09-28T13:29:39.900Z,34.47,66.83

2026-09-28T13:29:44.907Z,34.48,66.86

2026-09-28T13:29:49.905Z,34.47,66.78

2026-09-28T13:29:54.901Z,34.46,66.81

2026-09-28T13:29:59.903Z,34.49,66.84

2026-09-28T13:30:04.914Z,34.47,66.9

2026-09-28T13:30:09.903Z,34.47,66.82

2026-09-28T13:30:14.903Z,34.47,66.81

2026-09-28T13:30:19.903Z,34.47,66.83

2026-09-28T13:30:24.903Z,34.47,66.81

2026-09-28T13:30:29.910Z,34.48,66.77

2026-09-28T13:30:34.919Z,34.47,66.88

2026-09-28T13:30:39.908Z,34.47,66.84

2026-09-28T13:30:44.912Z,34.47,66.86

2026-09-28T13:30:49.922Z,34.45,66.86

2026-09-28T13:30:54.926Z,34.46,66.89

2026-09-28T13:30:59.919Z,34.46,66.89

2026-09-28T13:31:04.917Z,34.46,66.9

2026-09-28T13:31:09.924Z,34.44,66.92

2026-09-28T13:31:14.933Z,34.45,66.97

2026-09-28T13:31:19.921Z,34.44,66.96

2026-09-28T13:31:24.921Z,34.42,66.97

2026-09-28T13:31:29.940Z,34.43,66.98

2026-09-28T13:31:34.952Z,34.41,67.04

2026-09-28T13:31:39.940Z,34.4,67.1

2026-09-28T13:31:44.940Z,34.41,67.1

2026-09-28T13:31:49.939Z,34.41,67.16

2026-09-28T13:31:54.940Z,34.39,67.15

2026-09-28T13:31:59.946Z,34.41,67.17

2026-09-28T13:32:04.956Z,34.39,67.18

2026-09-28T13:32:09.945Z,34.4,67.11

2026-09-28T13:32:14.943Z,34.41,67.11

2026-09-28T13:32:19.944Z,34.42,67.2

2026-09-28T13:32:24.945Z,34.41,67.2

2026-09-28T13:32:29.959Z,34.4,67.2

2026-09-28T13:32:34.973Z,34.39,67.26

2026-09-28T13:32:39.958Z,34.38,67.24

2026-09-28T13:32:44.958Z,34.38,67.28

2026-09-28T13:32:49.959Z,34.38,67.2

2026-09-28T13:32:54.961Z,34.39,67.24

2026-09-28T13:32:59.963Z,34.38,67.29

2026-09-28T13:33:04.974Z,34.39,67.28

2026-09-28T13:33:09.961Z,34.4,67.27

2026-09-28T13:33:14.962Z,34.38,67.26

2026-09-28T13:33:19.961Z,34.39,67.28

2026-09-28T13:33:24.976Z,34.37,67.34

2026-09-28T13:33:29.967Z,34.37,67.26

2026-09-28T13:33:34.977Z,34.36,67.35

2026-09-28T13:33:39.969Z,34.37,67.43

2026-09-28T13:33:44.962Z,34.36,67.35

2026-09-28T13:33:49.967Z,34.38,67.36

2026-09-28T13:33:54.976Z,34.36,67.38

2026-09-28T13:33:59.966Z,34.37,67.43

2026-09-28T13:34:04.967Z,34.34,67.45

2026-09-28T13:34:09.962Z,34.37,67.38

2026-09-28T13:34:14.966Z,34.36,67.47

2026-09-28T13:34:19.985Z,34.36,67.47

2026-09-28T13:34:24.998Z,34.37,67.51

2026-09-28T13:34:29.982Z,34.35,67.52

2026-09-28T13:34:34.982Z,34.36,67.45

2026-09-28T13:34:39.981Z,34.37,67.46

2026-09-28T13:34:44.986Z,34.37,67.53

2026-09-28T13:34:49.994Z,34.36,67.51

2026-09-28T13:34:55.008Z,34.34,67.51

2026-09-28T13:34:59.993Z,34.35,67.54

2026-09-28T13:35:05.002Z,34.34,67.61

2026-09-28T13:35:09.993Z,34.34,67.54

2026-09-28T13:35:14.994Z,34.33,67.55

2026-09-28T13:35:20.002Z,34.33,67.62

2026-09-28T13:35:25.013Z,34.33,67.61

2026-09-28T13:35:30.000Z,34.32,67.67

2026-09-28T13:35:35.001Z,34.31,67.68

2026-09-28T13:35:40.000Z,34.31,67.65

2026-09-28T13:35:45.000Z,34.31,67.66

2026-09-28T13:35:50.020Z,34.32,67.71

2026-09-28T13:35:55.013Z,34.31,67.75

2026-09-28T13:36:00.021Z,34.3,67.7

2026-09-28T13:36:05.030Z,34.31,67.84

2026-09-28T13:36:10.019Z,34.31,67.7

2026-09-28T13:36:15.019Z,34.32,67.82

2026-09-28T13:36:20.021Z,34.32,67.82

2026-09-28T13:36:25.021Z,34.33,67.77

2026-09-28T13:36:30.029Z,34.32,67.78

2026-09-28T13:36:35.038Z,34.31,67.85

2026-09-28T13:36:40.026Z,34.31,67.73

2026-09-28T13:36:45.026Z,34.32,67.74

2026-09-28T13:36:50.038Z,34.32,67.86

2026-09-28T13:36:55.031Z,34.31,67.84

2026-09-28T13:37:00.031Z,34.32,67.78

2026-09-28T13:37:05.047Z,34.29,67.88

2026-09-28T13:37:10.035Z,34.32,67.88

2026-09-28T13:37:15.046Z,34.28,67.91

2026-09-28T13:37:20.046Z,34.3,67.94

2026-09-28T13:37:25.035Z,34.29,67.9

2026-09-28T13:37:30.038Z,34.31,67.88

2026-09-28T13:37:35.048Z,34.3,67.93

2026-09-28T13:37:40.037Z,34.3,67.91

2026-09-28T13:37:45.037Z,34.31,67.94

2026-09-28T13:37:50.036Z,34.28,67.93

2026-09-28T13:37:55.039Z,34.3,67.92

2026-09-28T13:38:00.044Z,34.31,68.02

2026-09-28T13:38:05.055Z,34.28,68.04

2026-09-28T13:38:10.042Z,34.3,68.02

2026-09-28T13:38:15.044Z,34.29,67.92

2026-09-28T13:38:20.054Z,34.28,67.96

2026-09-28T13:38:25.059Z,34.28,68.03

2026-09-28T13:38:30.053Z,34.28,68.02

2026-09-28T13:38:35.065Z,34.29,68.09

2026-09-28T13:38:40.067Z,34.28,68.02

2026-09-28T13:38:45.055Z,34.29,68.06

2026-09-28T13:38:50.056Z,34.29,68.09

2026-09-28T13:38:55.068Z,34.28,68.14

2026-09-28T13:39:00.062Z,34.29,68.09

2026-09-28T13:39:05.068Z,34.28,68.1

2026-09-28T13:39:10.072Z,34.28,68.16

2026-09-28T13:39:15.066Z,34.28,68.09

2026-09-28T13:39:20.070Z,34.27,68.15

2026-09-28T13:39:25.083Z,34.28,68.17

2026-09-28T13:39:30.068Z,34.29,68.12

2026-09-28T13:39:35.069Z,34.29,68.1

2026-09-28T13:39:40.080Z,34.28,68.12

2026-09-28T13:39:45.089Z,34.26,68.16

2026-09-28T13:39:50.077Z,34.27,68.17

2026-09-28T13:39:55.080Z,34.28,68.17

2026-09-28T13:40:00.079Z,34.29,68.12

2026-09-28T13:40:05.091Z,34.27,68.14

2026-09-28T13:40:10.079Z,34.27,68.17

2026-09-28T13:40:15.078Z,34.29,68.1

2026-09-28T13:40:20.084Z,34.29,68.12

2026-09-28T13:40:25.091Z,34.29,68.2

2026-09-28T13:40:30.089Z,34.3,68.15

2026-09-28T13:40:35.080Z,34.29,68.1

2026-09-28T13:40:40.080Z,34.31,68.13

2026-09-28T13:40:45.094Z,34.29,68.2

2026-09-28T13:40:50.080Z,34.31,68.17

2026-09-28T13:40:55.081Z,34.3,68.13

2026-09-28T13:41:00.081Z,34.31,68.16

2026-09-28T13:41:05.081Z,34.29,68.15

2026-09-28T13:41:10.107Z,34.3,68.18

2026-09-28T13:41:15.099Z,34.31,68.13

2026-09-28T13:41:20.100Z,34.33,68.14

2026-09-28T13:41:25.102Z,34.3,68.09

2026-09-28T13:41:30.105Z,34.29,68.13

2026-09-28T13:41:35.120Z,34.29,68.2

2026-09-28T13:41:40.111Z,34.3,68.09

2026-09-28T13:41:45.114Z,34.31,68.2

2026-09-28T13:41:50.113Z,34.28,68.17

2026-09-28T13:41:55.119Z,34.27,68.22

2026-09-28T13:42:00.127Z,34.3,68.16

2026-09-28T13:42:05.117Z,34.3,68.18

2026-09-28T13:42:10.116Z,34.28,68.24

2026-09-28T13:42:15.117Z,34.29,68.23

2026-09-28T13:42:20.126Z,34.29,68.21

2026-09-28T13:42:25.137Z,34.28,68.27

2026-09-28T13:42:30.123Z,34.3,68.28

2026-09-28T13:42:35.125Z,34.29,68.29

2026-09-28T13:42:40.132Z,34.29,68.22

2026-09-28T13:42:45.142Z,34.25,68.3

2026-09-28T13:42:50.131Z,34.27,68.26

2026-09-28T13:42:55.131Z,34.28,68.29

2026-09-28T13:43:00.131Z,34.27,68.27

2026-09-28T13:43:05.134Z,34.28,68.34

2026-09-28T13:43:10.141Z,34.26,68.34

2026-09-28T13:43:15.154Z,34.26,68.35

2026-09-28T13:43:20.140Z,34.24,68.37

2026-09-28T13:43:25.141Z,34.26,68.35

2026-09-28T13:43:30.140Z,34.26,68.44

2026-09-28T13:43:35.140Z,34.27,68.41

2026-09-28T13:43:40.146Z,34.25,68.37

2026-09-28T13:43:45.156Z,34.26,68.46

2026-09-28T13:43:50.141Z,34.25,68.43

2026-09-28T13:43:55.143Z,34.24,68.49

2026-09-28T13:44:00.148Z,34.23,68.48

2026-09-28T13:44:05.156Z,34.24,68.52

2026-09-28T13:44:10.150Z,34.24,68.51

2026-09-28T13:44:15.157Z,34.27,68.49

2026-09-28T13:44:20.155Z,34.26,68.53

2026-09-28T13:44:25.145Z,34.24,68.48

2026-09-28T13:44:30.155Z,34.24,68.49

2026-09-28T13:44:35.164Z,34.25,68.59

2026-09-28T13:44:40.152Z,34.25,68.56

2026-09-28T13:44:45.153Z,34.23,68.49

2026-09-28T13:44:50.167Z,34.24,68.54

2026-09-28T13:44:55.179Z,34.21,68.61

2026-09-28T13:45:00.165Z,34.23,68.58

2026-09-28T13:45:05.164Z,34.23,68.59

2026-09-28T13:45:10.164Z,34.24,68.64

2026-09-28T13:45:15.165Z,34.23,68.68

2026-09-28T13:45:20.183Z,34.23,68.67

2026-09-28T13:45:25.193Z,34.21,68.71

2026-09-28T13:45:30.180Z,34.22,68.7

2026-09-28T13:45:35.180Z,34.22,68.69

2026-09-28T13:45:40.188Z,34.21,68.72

2026-09-28T13:45:45.197Z,34.23,68.76

2026-09-28T13:45:50.178Z,34.22,68.73

2026-09-28T13:45:55.190Z,34.23,68.73

2026-09-28T13:46:00.192Z,34.24,68.7

2026-09-28T13:46:05.202Z,34.22,68.73

2026-09-28T13:46:10.192Z,34.23,68.7

2026-09-28T13:46:15.205Z,34.24,68.76

2026-09-28T13:46:20.204Z,34.24,68.75

2026-09-28T13:46:25.191Z,34.23,68.65

