2026-08-20T18:00:03.580Z,33.94,75.05

2026-08-20T18:00:08.580Z,33.96,75.07

2026-08-20T18:00:13.602Z,33.95,75.05

2026-08-20T18:00:18.616Z,33.94,75.16

2026-08-20T18:00:23.598Z,33.95,75.11

2026-08-20T18:00:28.600Z,33.95,75.14

2026-08-20T18:00:33.601Z,33.95,75.17

2026-08-20T18:00:38.600Z,33.95,75.16

2026-08-20T18:00:43.607Z,33.97,75.12

2026-08-20T18:00:48.616Z,33.95,75.08

2026-08-20T18:00:53.607Z,33.95,75.12

2026-08-20T18:00:58.621Z,33.95,75.06

2026-08-20T18:01:03.606Z,33.95,75.1

2026-08-20T18:01:08.607Z,33.94,75.09

2026-08-20T18:01:13.607Z,33.95,75.03

2026-08-20T18:01:18.628Z,33.93,75.1

2026-08-20T18:01:23.610Z,33.93,75.09

2026-08-20T18:01:28.610Z,33.96,75.07

2026-08-20T18:01:33.609Z,33.95,75.08

2026-08-20T18:01:38.608Z,33.93,75.11

2026-08-20T18:01:43.610Z,33.96,75.12

2026-08-20T18:01:48.621Z,33.95,75.1

2026-08-20T18:01:53.609Z,33.94,75.06

2026-08-20T18:01:58.611Z,33.95,75.08

2026-08-20T18:02:03.610Z,33.93,75.08

2026-08-20T18:02:08.612Z,33.95,75.03

2026-08-20T18:02:13.613Z,33.93,75.05

2026-08-20T18:02:18.629Z,33.94,75.07

2026-08-20T18:02:23.614Z,33.93,75.07

2026-08-20T18:02:28.615Z,33.93,75.01

2026-08-20T18:02:33.613Z,33.94,75.06

2026-08-20T18:02:38.615Z,33.94,75.08

2026-08-20T18:02:43.622Z,33.95,75.01

2026-08-20T18:02:48.638Z,33.94,75.1

2026-08-20T18:02:53.622Z,33.95,75

2026-08-20T18:02:58.622Z,33.93,74.99

2026-08-20T18:03:03.623Z,33.92,75.04

2026-08-20T18:03:08.624Z,33.93,75.09

2026-08-20T18:03:13.631Z,33.91,75.06

2026-08-20T18:03:18.642Z,33.91,75.13

2026-08-20T18:03:23.629Z,33.92,75.12

2026-08-20T18:03:28.629Z,33.92,75.15

2026-08-20T18:03:33.629Z,33.9,75.11

2026-08-20T18:03:38.629Z,33.91,75.1

2026-08-20T18:03:43.636Z,33.92,75.09

2026-08-20T18:03:48.647Z,33.9,75.15

2026-08-20T18:03:53.634Z,33.92,75.19

2026-08-20T18:03:58.635Z,33.91,75.17

2026-08-20T18:04:03.637Z,33.9,75.15

2026-08-20T18:04:08.635Z,33.89,75.18

2026-08-20T18:04:13.640Z,33.9,75.16

2026-08-20T18:04:18.652Z,33.9,75.21

2026-08-20T18:04:23.640Z,33.9,75.21

2026-08-20T18:04:28.638Z,33.87,75.19

2026-08-20T18:04:33.647Z,33.89,75.19

2026-08-20T18:04:38.657Z,33.88,75.27

2026-08-20T18:04:43.674Z,33.89,75.22

2026-08-20T18:04:48.669Z,33.89,75.22

2026-08-20T18:04:53.667Z,33.9,75.27

2026-08-20T18:04:58.678Z,33.91,75.24

2026-08-20T18:05:03.669Z,33.88,75.23

2026-08-20T18:05:08.669Z,33.89,75.28

2026-08-20T18:05:13.670Z,33.89,75.27

2026-08-20T18:05:18.682Z,33.88,75.31

2026-08-20T18:05:23.675Z,33.89,75.27

2026-08-20T18:05:28.674Z,33.9,75.26

2026-08-20T18:05:33.674Z,33.89,75.21

2026-08-20T18:05:38.686Z,33.88,75.22

2026-08-20T18:05:43.671Z,33.9,75.17

2026-08-20T18:05:48.672Z,33.9,75.21

2026-08-20T18:05:53.674Z,33.89,75.19

2026-08-20T18:05:58.675Z,33.89,75.21

2026-08-20T18:06:03.685Z,33.9,75.12

2026-08-20T18:06:08.697Z,33.88,75.16

2026-08-20T18:06:13.684Z,33.9,75.17

2026-08-20T18:06:18.684Z,33.88,75.2

2026-08-20T18:06:23.684Z,33.89,75.19

2026-08-20T18:06:28.685Z,33.87,75.21

2026-08-20T18:06:33.685Z,33.88,75.28

2026-08-20T18:06:38.695Z,33.87,75.19

2026-08-20T18:06:43.684Z,33.88,75.24

2026-08-20T18:06:48.684Z,33.87,75.23

2026-08-20T18:06:53.684Z,33.88,75.24

2026-08-20T18:06:58.686Z,33.85,75.21

2026-08-20T18:07:03.695Z,33.86,75.24

2026-08-20T18:07:08.706Z,33.86,75.24

2026-08-20T18:07:13.693Z,33.86,75.19

2026-08-20T18:07:18.692Z,33.86,75.24

2026-08-20T18:07:23.692Z,33.87,75.28

2026-08-20T18:07:28.706Z,33.85,75.28

2026-08-20T18:07:33.692Z,33.85,75.26

2026-08-20T18:07:38.693Z,33.84,75.28

2026-08-20T18:07:43.693Z,33.86,75.3

2026-08-20T18:07:48.692Z,33.83,75.29

2026-08-20T18:07:53.718Z,33.86,75.35

2026-08-20T18:07:58.726Z,33.85,75.36

2026-08-20T18:08:03.715Z,33.85,75.28

2026-08-20T18:08:08.713Z,33.85,75.3

2026-08-20T18:08:13.727Z,33.86,75.35

2026-08-20T18:08:18.719Z,33.86,75.24

2026-08-20T18:08:23.718Z,33.86,75.33

2026-08-20T18:08:28.733Z,33.85,75.29

2026-08-20T18:08:33.717Z,33.84,75.29

2026-08-20T18:08:38.718Z,33.85,75.23

2026-08-20T18:08:43.719Z,33.85,75.25

2026-08-20T18:08:48.720Z,33.85,75.24

2026-08-20T18:08:53.738Z,33.84,75.35

2026-08-20T18:08:58.726Z,33.85,75.29

2026-08-20T18:09:03.731Z,33.84,75.27

2026-08-20T18:09:08.729Z,33.86,75.3

2026-08-20T18:09:13.728Z,33.85,75.29

2026-08-20T18:09:18.750Z,33.83,75.38

2026-08-20T18:09:23.728Z,33.84,75.27

2026-08-20T18:09:28.730Z,33.84,75.37

2026-08-20T18:09:33.731Z,33.84,75.34

2026-08-20T18:09:38.733Z,33.86,75.33

2026-08-20T18:09:43.750Z,33.84,75.33

2026-08-20T18:09:48.761Z,33.85,75.4

2026-08-20T18:09:53.748Z,33.85,75.37

2026-08-20T18:09:58.748Z,33.84,75.36

2026-08-20T18:10:03.748Z,33.85,75.32

2026-08-20T18:10:08.747Z,33.86,75.33

2026-08-20T18:10:13.756Z,33.85,75.36

2026-08-20T18:10:18.764Z,33.84,75.34

2026-08-20T18:10:23.754Z,33.85,75.27

2026-08-20T18:10:28.755Z,33.87,75.3

2026-08-20T18:10:33.755Z,33.86,75.2

2026-08-20T18:10:38.755Z,33.85,75.21

2026-08-20T18:10:43.757Z,33.9,75.23

2026-08-20T18:10:48.767Z,33.85,75.3

2026-08-20T18:10:53.758Z,33.86,75.23

2026-08-20T18:10:58.757Z,33.86,75.2

2026-08-20T18:11:03.757Z,33.87,75.27

2026-08-20T18:11:08.772Z,33.85,75.31

2026-08-20T18:11:13.755Z,33.86,75.32

2026-08-20T18:11:18.756Z,33.87,75.28

2026-08-20T18:11:23.758Z,33.84,75.24

2026-08-20T18:11:28.757Z,33.86,75.24

2026-08-20T18:11:33.780Z,33.85,75.24

2026-08-20T18:11:38.786Z,33.85,75.31

2026-08-20T18:11:43.776Z,33.85,75.29

2026-08-20T18:11:48.777Z,33.84,75.23

2026-08-20T18:11:53.777Z,33.85,75.28

2026-08-20T18:11:58.789Z,33.84,75.33

2026-08-20T18:12:03.779Z,33.84,75.27

2026-08-20T18:12:08.779Z,33.85,75.33

2026-08-20T18:12:13.779Z,33.85,75.31

2026-08-20T18:12:18.781Z,33.84,75.35

2026-08-20T18:12:23.781Z,33.84,75.37

2026-08-20T18:12:28.793Z,33.81,75.42

2026-08-20T18:12:33.783Z,33.82,75.39

2026-08-20T18:12:38.784Z,33.83,75.37

2026-08-20T18:12:43.783Z,33.83,75.35

2026-08-20T18:12:48.807Z,33.82,75.43

2026-08-20T18:12:53.783Z,33.83,75.36

2026-08-20T18:12:58.789Z,33.82,75.41

2026-08-20T18:13:03.785Z,33.82,75.41

2026-08-20T18:13:08.786Z,33.84,75.42

2026-08-20T18:13:13.784Z,33.83,75.44

2026-08-20T18:13:18.804Z,33.83,75.49

2026-08-20T18:13:23.785Z,33.83,75.41

2026-08-20T18:13:28.787Z,33.82,75.42

2026-08-20T18:13:33.790Z,33.8,75.41

2026-08-20T18:13:38.789Z,33.83,75.39

2026-08-20T18:13:43.800Z,33.83,75.39

2026-08-20T18:13:48.812Z,33.82,75.48

2026-08-20T18:13:53.797Z,33.82,75.37

2026-08-20T18:13:58.797Z,33.81,75.37

2026-08-20T18:14:03.797Z,33.83,75.38

2026-08-20T18:14:08.798Z,33.82,75.36

2026-08-20T18:14:13.816Z,33.83,75.38

2026-08-20T18:14:18.822Z,33.82,75.38

2026-08-20T18:14:23.813Z,33.82,75.36

2026-08-20T18:14:28.813Z,33.81,75.33

2026-08-20T18:14:33.813Z,33.84,75.39

2026-08-20T18:14:38.814Z,33.83,75.35

2026-08-20T18:14:43.826Z,33.82,75.39

2026-08-20T18:14:48.836Z,33.82,75.4

2026-08-20T18:14:53.826Z,33.82,75.41

2026-08-20T18:14:58.827Z,33.82,75.39

2026-08-20T18:15:03.828Z,33.82,75.38

2026-08-20T18:15:08.827Z,33.82,75.36

2026-08-20T18:15:13.834Z,33.81,75.37

2026-08-20T18:15:18.844Z,33.81,75.4

2026-08-20T18:15:23.831Z,33.81,75.32

2026-08-20T18:15:28.835Z,33.8,75.42

2026-08-20T18:15:33.841Z,33.8,75.38

2026-08-20T18:15:38.851Z,33.79,75.38

2026-08-20T18:15:43.840Z,33.82,75.4

2026-08-20T18:15:48.841Z,33.83,75.38

2026-08-20T18:15:53.842Z,33.81,75.35

2026-08-20T18:15:58.857Z,33.8,75.37

2026-08-20T18:16:03.840Z,33.82,75.34

2026-08-20T18:16:08.839Z,33.82,75.4

2026-08-20T18:16:13.840Z,33.81,75.39

2026-08-20T18:16:18.847Z,33.81,75.38

2026-08-20T18:16:23.841Z,33.82,75.41

2026-08-20T18:16:28.842Z,33.82,75.34

2026-08-20T18:16:33.843Z,33.82,75.35

2026-08-20T18:16:38.855Z,33.82,75.34

2026-08-20T18:16:43.845Z,33.81,75.35

2026-08-20T18:16:48.845Z,33.81,75.34

2026-08-20T18:16:53.844Z,33.82,75.3

2026-08-20T18:16:58.844Z,33.8,75.3

2026-08-20T18:17:03.846Z,33.82,75.38

2026-08-20T18:17:08.858Z,33.81,75.39

2026-08-20T18:17:13.847Z,33.81,75.43

2026-08-20T18:17:18.847Z,33.81,75.43

2026-08-20T18:17:23.846Z,33.81,75.38

2026-08-20T18:17:28.848Z,33.81,75.41

2026-08-20T18:17:33.852Z,33.83,75.41

2026-08-20T18:17:38.861Z,33.8,75.43

2026-08-20T18:17:43.853Z,33.8,75.35

2026-08-20T18:17:48.851Z,33.79,75.36

2026-08-20T18:17:53.851Z,33.8,75.37

2026-08-20T18:17:58.852Z,33.8,75.39

2026-08-20T18:18:03.866Z,33.81,75.34

2026-08-20T18:18:08.877Z,33.78,75.38

2026-08-20T18:18:13.864Z,33.82,75.41

2026-08-20T18:18:18.863Z,33.81,75.37

2026-08-20T18:18:23.864Z,33.81,75.38

2026-08-20T18:18:28.863Z,33.82,75.41

2026-08-20T18:18:33.874Z,33.77,75.38

2026-08-20T18:18:38.887Z,33.8,75.39

2026-08-20T18:18:43.873Z,33.79,75.41

2026-08-20T18:18:48.872Z,33.8,75.37

2026-08-20T18:18:53.874Z,33.79,75.37

2026-08-20T18:18:58.875Z,33.8,75.4

2026-08-20T18:19:03.883Z,33.81,75.4

2026-08-20T18:19:08.891Z,33.8,75.44

2026-08-20T18:19:13.879Z,33.79,75.38

2026-08-20T18:19:18.879Z,33.8,75.39

2026-08-20T18:19:23.880Z,33.78,75.43

2026-08-20T18:19:28.878Z,33.79,75.41

2026-08-20T18:19:33.893Z,33.8,75.48

2026-08-20T18:19:38.899Z,33.8,75.49

2026-08-20T18:19:43.890Z,33.8,75.48

2026-08-20T18:19:48.890Z,33.82,75.42

2026-08-20T18:19:53.889Z,33.81,75.41

2026-08-20T18:19:58.891Z,33.8,75.45

2026-08-20T18:20:03.896Z,33.81,75.42

2026-08-20T18:20:08.902Z,33.81,75.45

2026-08-20T18:20:13.894Z,33.8,75.41

2026-08-20T18:20:18.898Z,33.81,75.42

2026-08-20T18:20:23.899Z,33.81,75.41

2026-08-20T18:20:28.894Z,33.82,75.38

2026-08-20T18:20:33.912Z,33.82,75.34

2026-08-20T18:20:38.924Z,33.82,75.35

2026-08-20T18:20:43.911Z,33.81,75.31

2026-08-20T18:20:48.912Z,33.82,75.39

2026-08-20T18:20:53.912Z,33.83,75.33

2026-08-20T18:20:58.913Z,33.83,75.35

2026-08-20T18:21:03.930Z,33.84,75.28

2026-08-20T18:21:08.939Z,33.85,75.36

2026-08-20T18:21:13.930Z,33.84,75.32

2026-08-20T18:21:18.930Z,33.83,75.3

2026-08-20T18:21:23.929Z,33.82,75.34

2026-08-20T18:21:28.930Z,33.83,75.32

2026-08-20T18:21:33.934Z,33.83,75.33

2026-08-20T18:21:38.948Z,33.82,75.33

2026-08-20T18:21:43.935Z,33.85,75.39

2026-08-20T18:21:48.935Z,33.82,75.28

2026-08-20T18:21:53.934Z,33.84,75.31

2026-08-20T18:21:58.937Z,33.83,75.27

2026-08-20T18:22:03.954Z,33.86,75.4

2026-08-20T18:22:08.944Z,33.83,75.34

2026-08-20T18:22:13.952Z,33.83,75.37

2026-08-20T18:22:18.949Z,33.84,75.34

2026-08-20T18:22:23.948Z,33.83,75.27

2026-08-20T18:22:28.951Z,33.83,75.33

2026-08-20T18:22:33.948Z,33.83,75.31

2026-08-20T18:22:38.961Z,33.84,75.36

2026-08-20T18:22:43.951Z,33.84,75.33

2026-08-20T18:22:48.951Z,33.82,75.35

2026-08-20T18:22:53.949Z,33.84,75.32

2026-08-20T18:22:58.952Z,33.81,75.3

2026-08-20T18:23:03.950Z,33.84,75.23

2026-08-20T18:23:08.964Z,33.82,75.35

2026-08-20T18:23:13.951Z,33.83,75.31

2026-08-20T18:23:18.952Z,33.84,75.32

2026-08-20T18:23:23.953Z,33.84,75.32

2026-08-20T18:23:28.952Z,33.84,75.32

2026-08-20T18:23:33.953Z,33.84,75.33

2026-08-20T18:23:38.965Z,33.85,75.37

2026-08-20T18:23:43.953Z,33.84,75.31

2026-08-20T18:23:48.953Z,33.86,75.32

2026-08-20T18:23:53.954Z,33.85,75.29

2026-08-20T18:23:58.960Z,33.86,75.32

2026-08-20T18:24:03.959Z,33.84,75.23

2026-08-20T18:24:08.968Z,33.83,75.27

2026-08-20T18:24:13.960Z,33.86,75.21

2026-08-20T18:24:18.957Z,33.85,75.22

2026-08-20T18:24:23.958Z,33.86,75.23

2026-08-20T18:24:28.958Z,33.86,75.21

2026-08-20T18:24:33.965Z,33.85,75.26

2026-08-20T18:24:38.977Z,33.85,75.25

2026-08-20T18:24:43.965Z,33.84,75.18

2026-08-20T18:24:48.967Z,33.85,75.22

2026-08-20T18:24:53.965Z,33.85,75.2

2026-08-20T18:24:58.965Z,33.86,75.17

2026-08-20T18:25:03.982Z,33.85,75.15

2026-08-20T18:25:08.996Z,33.85,75.2

2026-08-20T18:25:13.984Z,33.86,75.17

2026-08-20T18:25:18.981Z,33.85,75.13

2026-08-20T18:25:23.984Z,33.85,75.11

2026-08-20T18:25:28.983Z,33.87,75.17

2026-08-20T18:25:34.000Z,33.86,75.16

2026-08-20T18:25:39.005Z,33.87,75.19

2026-08-20T18:25:43.993Z,33.86,75.19

2026-08-20T18:25:48.998Z,33.86,75.15

2026-08-20T18:25:54.018Z,33.87,75.15

2026-08-20T18:25:59.012Z,33.88,75.17

2026-08-20T18:26:04.013Z,33.87,75.17

2026-08-20T18:26:09.013Z,33.87,75.2

2026-08-20T18:26:14.012Z,33.88,75.22

2026-08-20T18:26:19.021Z,33.88,75.14

2026-08-20T18:26:24.015Z,33.87,75.19

2026-08-20T18:26:29.015Z,33.88,75.13

2026-08-20T18:26:34.014Z,33.87,75.12

2026-08-20T18:26:39.015Z,33.89,75.13

2026-08-20T18:26:44.014Z,33.9,75.11

2026-08-20T18:26:49.028Z,33.87,75.1

2026-08-20T18:26:54.015Z,33.89,75.05

2026-08-20T18:26:59.016Z,33.89,75.06

2026-08-20T18:27:04.014Z,33.9,75.02

2026-08-20T18:27:09.017Z,33.9,75.1

2026-08-20T18:27:14.026Z,33.88,75.08

2026-08-20T18:27:19.036Z,33.89,75.09

2026-08-20T18:27:24.024Z,33.88,75.04

2026-08-20T18:27:29.024Z,33.88,75.02

2026-08-20T18:27:34.040Z,33.87,75.09

2026-08-20T18:27:39.034Z,33.87,74.99

2026-08-20T18:27:44.035Z,33.88,75.06

2026-08-20T18:27:49.036Z,33.87,74.98

2026-08-20T18:27:54.044Z,33.89,75.06

2026-08-20T18:27:59.037Z,33.88,75.11

2026-08-20T18:28:04.038Z,33.88,75

2026-08-20T18:28:09.038Z,33.87,75.02

2026-08-20T18:28:14.039Z,33.88,75.01

2026-08-20T18:28:19.058Z,33.88,75.1

2026-08-20T18:28:24.039Z,33.89,75.04

2026-08-20T18:28:29.040Z,33.88,75.09

2026-08-20T18:28:34.041Z,33.87,75.12

2026-08-20T18:28:39.042Z,33.88,75.05

2026-08-20T18:28:44.041Z,33.88,75.08

2026-08-20T18:28:49.058Z,33.88,75.11

2026-08-20T18:28:54.043Z,33.86,75

2026-08-20T18:28:59.043Z,33.86,75.01

2026-08-20T18:29:04.043Z,33.87,75.07

2026-08-20T18:29:09.045Z,33.86,75.05

2026-08-20T18:29:14.044Z,33.85,75.08

2026-08-20T18:29:19.058Z,33.87,75.08

2026-08-20T18:29:24.044Z,33.85,75.08

2026-08-20T18:29:29.045Z,33.85,75.08

2026-08-20T18:29:34.046Z,33.86,75.07

2026-08-20T18:29:39.045Z,33.85,75.05

2026-08-20T18:29:44.045Z,33.87,75.07

2026-08-20T18:29:49.056Z,33.87,75.07

2026-08-20T18:29:54.044Z,33.85,75.11

2026-08-20T18:29:59.047Z,33.86,75.11

2026-08-20T18:30:04.046Z,33.84,75.13

2026-08-20T18:30:09.046Z,33.85,75.1

2026-08-20T18:30:14.068Z,33.86,75.13

2026-08-20T18:30:19.079Z,33.86,75.18

2026-08-20T18:30:24.067Z,33.84,75.09

2026-08-20T18:30:29.068Z,33.87,75.12

2026-08-20T18:30:34.067Z,33.86,75.13

2026-08-20T18:30:39.068Z,33.87,75.09

2026-08-20T18:30:44.067Z,33.85,75.11

2026-08-20T18:30:49.083Z,33.85,75.1

2026-08-20T18:30:54.068Z,33.85,75.08

2026-08-20T18:30:59.072Z,33.85,75.09

2026-08-20T18:31:04.087Z,33.84,75.07

2026-08-20T18:31:09.081Z,33.85,75.07

2026-08-20T18:31:14.094Z,33.85,75.11

2026-08-20T18:31:19.084Z,33.84,75.06

2026-08-20T18:31:24.083Z,33.85,75.07

2026-08-20T18:31:29.100Z,33.83,75.13

2026-08-20T18:31:34.088Z,33.84,75.12

2026-08-20T18:31:39.085Z,33.85,75.11

2026-08-20T18:31:44.086Z,33.85,75.06

2026-08-20T18:31:49.099Z,33.85,75.16

2026-08-20T18:31:54.085Z,33.83,75.08

2026-08-20T18:31:59.086Z,33.85,75.14

2026-08-20T18:32:04.089Z,33.83,75.15

2026-08-20T18:32:09.100Z,33.83,75.14

2026-08-20T18:32:14.088Z,33.84,75.13

2026-08-20T18:32:19.089Z,33.82,75.11

2026-08-20T18:32:24.089Z,33.83,75.13

2026-08-20T18:32:29.089Z,33.85,75.16

2026-08-20T18:32:34.091Z,33.84,75.14

2026-08-20T18:32:39.105Z,33.84,75.15

2026-08-20T18:32:44.090Z,33.84,75.12

2026-08-20T18:32:49.092Z,33.84,75.16

2026-08-20T18:32:54.091Z,33.83,75.11

2026-08-20T18:32:59.091Z,33.84,75.18

2026-08-20T18:33:04.092Z,33.84,75.15

2026-08-20T18:33:09.107Z,33.83,75.21

2026-08-20T18:33:14.091Z,33.83,75.18

2026-08-20T18:33:19.092Z,33.85,75.22

2026-08-20T18:33:24.095Z,33.82,75.18

2026-08-20T18:33:29.092Z,33.83,75.2

2026-08-20T18:33:34.107Z,33.83,75.23

2026-08-20T18:33:39.114Z,33.81,75.21

2026-08-20T18:33:44.104Z,33.83,75.21

2026-08-20T18:33:49.106Z,33.83,75.23

2026-08-20T18:33:54.105Z,33.82,75.17

2026-08-20T18:33:59.104Z,33.81,75.21

2026-08-20T18:34:04.113Z,33.84,75.18

2026-08-20T18:34:09.122Z,33.82,75.22

2026-08-20T18:34:14.112Z,33.84,75.19

2026-08-20T18:34:19.113Z,33.83,75.25

2026-08-20T18:34:24.112Z,33.84,75.22

2026-08-20T18:34:29.112Z,33.83,75.22

2026-08-20T18:34:34.122Z,33.83,75.16

2026-08-20T18:34:39.130Z,33.84,75.19

2026-08-20T18:34:44.118Z,33.83,75.2

2026-08-20T18:34:49.120Z,33.82,75.17

2026-08-20T18:34:54.122Z,33.83,75.19

2026-08-20T18:34:59.122Z,33.83,75.26

2026-08-20T18:35:04.137Z,33.81,75.21

2026-08-20T18:35:09.151Z,33.82,75.24

2026-08-20T18:35:14.133Z,33.83,75.16

2026-08-20T18:35:19.135Z,33.84,75.26

2026-08-20T18:35:24.133Z,33.83,75.24

2026-08-20T18:35:29.134Z,33.84,75.19

2026-08-20T18:35:34.144Z,33.83,75.22

2026-08-20T18:35:39.155Z,33.85,75.26

2026-08-20T18:35:44.143Z,33.84,75.26

2026-08-20T18:35:49.143Z,33.85,75.25

2026-08-20T18:35:54.143Z,33.82,75.22

2026-08-20T18:35:59.144Z,33.85,75.2

2026-08-20T18:36:04.156Z,33.84,75.22

2026-08-20T18:36:09.167Z,33.82,75.23

2026-08-20T18:36:14.155Z,33.85,75.16

2026-08-20T18:36:19.167Z,33.85,75.25

2026-08-20T18:36:24.158Z,33.86,75.19

2026-08-20T18:36:29.159Z,33.87,75.13

2026-08-20T18:36:34.159Z,33.87,75.12

2026-08-20T18:36:39.173Z,33.85,75.15

2026-08-20T18:36:44.158Z,33.87,75.1

2026-08-20T18:36:49.161Z,33.87,75.06

2026-08-20T18:36:54.164Z,33.85,75.07

2026-08-20T18:36:59.175Z,33.87,75.08

2026-08-20T18:37:04.162Z,33.88,75.03

2026-08-20T18:37:09.163Z,33.87,75.03

2026-08-20T18:37:14.163Z,33.86,75.05

2026-08-20T18:37:19.165Z,33.86,75.1

2026-08-20T18:37:24.163Z,33.85,75.07

2026-08-20T18:37:29.175Z,33.85,75.11

2026-08-20T18:37:34.164Z,33.86,75.08

2026-08-20T18:37:39.162Z,33.86,75.11

2026-08-20T18:37:44.164Z,33.86,75.02

2026-08-20T18:37:49.166Z,33.84,75.04

2026-08-20T18:37:54.164Z,33.84,75.07

2026-08-20T18:37:59.176Z,33.83,75.14

2026-08-20T18:38:04.164Z,33.83,75.11

2026-08-20T18:38:09.166Z,33.83,75.14

2026-08-20T18:38:14.167Z,33.84,75.1

2026-08-20T18:38:19.166Z,33.84,75.13

2026-08-20T18:38:24.172Z,33.84,75.17

2026-08-20T18:38:29.181Z,33.84,75.22

2026-08-20T18:38:34.172Z,33.84,75.21

2026-08-20T18:38:39.173Z,33.83,75.18

2026-08-20T18:38:44.172Z,33.82,75.19

2026-08-20T18:38:49.176Z,33.83,75.23

2026-08-20T18:38:54.186Z,33.81,75.24

2026-08-20T18:38:59.188Z,33.82,75.31

2026-08-20T18:39:04.181Z,33.81,75.28

2026-08-20T18:39:09.180Z,33.82,75.21

2026-08-20T18:39:14.182Z,33.83,75.22

2026-08-20T18:39:19.182Z,33.83,75.22

2026-08-20T18:39:24.196Z,33.83,75.2

2026-08-20T18:39:29.206Z,33.82,75.2

2026-08-20T18:39:34.194Z,33.84,75.17

2026-08-20T18:39:39.196Z,33.84,75.19

2026-08-20T18:39:44.195Z,33.83,75.15

2026-08-20T18:39:49.196Z,33.83,75.2

2026-08-20T18:39:54.211Z,33.82,75.18

2026-08-20T18:39:59.225Z,33.83,75.18

2026-08-20T18:40:04.208Z,33.86,75.22

2026-08-20T18:40:09.210Z,33.86,75.15

2026-08-20T18:40:14.208Z,33.85,75.19

2026-08-20T18:40:19.210Z,33.87,75.13

2026-08-20T18:40:24.224Z,33.86,75.2

2026-08-20T18:40:29.235Z,33.86,75.17

2026-08-20T18:40:34.222Z,33.85,75.14

2026-08-20T18:40:39.224Z,33.87,75.08

2026-08-20T18:40:44.223Z,33.85,75.08

2026-08-20T18:40:49.223Z,33.87,75.09

2026-08-20T18:40:54.232Z,33.88,75.12

2026-08-20T18:40:59.244Z,33.87,75.15

2026-08-20T18:41:04.232Z,33.87,75.09

2026-08-20T18:41:09.232Z,33.87,75.08

2026-08-20T18:41:14.232Z,33.87,75.09

2026-08-20T18:41:19.232Z,33.88,75.01

2026-08-20T18:41:24.237Z,33.88,75.04

2026-08-20T18:41:29.246Z,33.88,75.05

2026-08-20T18:41:34.236Z,33.88,75.06

2026-08-20T18:41:39.236Z,33.87,74.99

2026-08-20T18:41:44.237Z,33.88,75.01

2026-08-20T18:41:49.234Z,33.91,75.01

2026-08-20T18:41:54.239Z,33.87,74.98

2026-08-20T18:41:59.250Z,33.88,75.06

2026-08-20T18:42:04.238Z,33.9,74.97

2026-08-20T18:42:09.248Z,33.9,74.95

2026-08-20T18:42:14.238Z,33.89,74.96

2026-08-20T18:42:19.240Z,33.89,74.96

2026-08-20T18:42:24.241Z,33.89,75

2026-08-20T18:42:29.241Z,33.9,74.98

2026-08-20T18:42:34.259Z,33.9,74.97

2026-08-20T18:42:39.268Z,33.9,74.96

2026-08-20T18:42:44.254Z,33.9,74.96

2026-08-20T18:42:49.255Z,33.91,74.97

2026-08-20T18:42:54.253Z,33.91,74.96

2026-08-20T18:42:59.255Z,33.9,74.95

2026-08-20T18:43:04.268Z,33.9,74.95

2026-08-20T18:43:09.278Z,33.89,74.98

2026-08-20T18:43:14.267Z,33.92,74.97

2026-08-20T18:43:19.282Z,33.89,75

2026-08-20T18:43:24.268Z,33.9,74.91

2026-08-20T18:43:29.268Z,33.92,74.84

2026-08-20T18:43:34.270Z,33.91,74.95

2026-08-20T18:43:39.271Z,33.91,74.92

2026-08-20T18:43:44.281Z,33.91,74.9

2026-08-20T18:43:49.274Z,33.91,74.85

2026-08-20T18:43:54.271Z,33.92,74.82

2026-08-20T18:43:59.273Z,33.91,74.88

2026-08-20T18:44:04.274Z,33.93,74.85

2026-08-20T18:44:09.286Z,33.91,74.91

2026-08-20T18:44:14.273Z,33.91,74.83

2026-08-20T18:44:19.275Z,33.94,74.81

2026-08-20T18:44:24.274Z,33.92,74.85

2026-08-20T18:44:29.274Z,33.92,74.85

2026-08-20T18:44:34.277Z,33.93,74.9

2026-08-20T18:44:39.291Z,33.92,74.9

2026-08-20T18:44:44.277Z,33.92,74.86

2026-08-20T18:44:49.275Z,33.91,74.86

2026-08-20T18:44:54.276Z,33.91,74.86

2026-08-20T18:44:59.276Z,33.91,74.87

2026-08-20T18:45:04.287Z,33.9,74.82

2026-08-20T18:45:09.298Z,33.91,74.88

2026-08-20T18:45:14.286Z,33.9,74.85

2026-08-20T18:45:19.288Z,33.92,74.91

2026-08-20T18:45:24.288Z,33.91,74.8

2026-08-20T18:45:29.300Z,33.92,74.89

2026-08-20T18:45:34.290Z,33.93,74.84

2026-08-20T18:45:39.290Z,33.92,74.85

2026-08-20T18:45:44.291Z,33.94,74.85

2026-08-20T18:45:49.290Z,33.93,74.84

2026-08-20T18:45:54.299Z,33.95,74.76

2026-08-20T18:45:59.310Z,33.93,74.82

2026-08-20T18:46:04.300Z,33.93,74.82

2026-08-20T18:46:09.301Z,33.93,74.8

2026-08-20T18:46:14.300Z,33.94,74.78

2026-08-20T18:46:19.303Z,33.93,74.81

2026-08-20T18:46:24.301Z,33.93,74.8

2026-08-20T18:46:29.320Z,33.91,74.82

2026-08-20T18:46:34.302Z,33.91,74.79

2026-08-20T18:46:39.304Z,33.92,74.77

2026-08-20T18:46:44.303Z,33.94,74.8

2026-08-20T18:46:49.304Z,33.93,74.75

2026-08-20T18:46:54.305Z,33.92,74.83

2026-08-20T18:46:59.316Z,33.92,74.85

2026-08-20T18:47:04.303Z,33.93,74.84

2026-08-20T18:47:09.306Z,33.92,74.8

2026-08-20T18:47:14.305Z,33.91,74.82

2026-08-20T18:47:19.307Z,33.9,74.81

2026-08-20T18:47:24.324Z,33.9,74.82

2026-08-20T18:47:29.337Z,33.9,74.85

2026-08-20T18:47:34.323Z,33.89,74.86

2026-08-20T18:47:39.322Z,33.9,74.84

2026-08-20T18:47:44.323Z,33.91,74.82

2026-08-20T18:47:49.324Z,33.91,74.84

2026-08-20T18:47:54.330Z,33.9,74.84

2026-08-20T18:47:59.338Z,33.91,74.89

2026-08-20T18:48:04.327Z,33.91,74.79

2026-08-20T18:48:09.328Z,33.91,74.82

2026-08-20T18:48:14.327Z,33.91,74.82

2026-08-20T18:48:19.328Z,33.91,74.76

2026-08-20T18:48:24.332Z,33.93,74.78

2026-08-20T18:48:29.347Z,33.92,74.8

2026-08-20T18:48:34.333Z,33.91,74.79

2026-08-20T18:48:39.333Z,33.92,74.73

2026-08-20T18:48:44.332Z,33.9,74.78

2026-08-20T18:48:49.332Z,33.9,74.74

2026-08-20T18:48:54.336Z,33.93,74.76

2026-08-20T18:48:59.343Z,33.9,74.73

2026-08-20T18:49:04.334Z,33.9,74.8

2026-08-20T18:49:09.334Z,33.9,74.79

2026-08-20T18:49:14.333Z,33.9,74.83

2026-08-20T18:49:19.344Z,33.9,74.77

2026-08-20T18:49:24.335Z,33.9,74.8

2026-08-20T18:49:29.334Z,33.88,74.78

2026-08-20T18:49:34.342Z,33.88,74.73

2026-08-20T18:49:39.354Z,33.87,74.87

2026-08-20T18:49:44.341Z,33.89,74.82

2026-08-20T18:49:49.342Z,33.85,74.83

2026-08-20T18:49:54.341Z,33.88,74.87

2026-08-20T18:49:59.365Z,33.86,74.89

2026-08-20T18:50:04.341Z,33.87,74.85

2026-08-20T18:50:09.342Z,33.87,74.87

2026-08-20T18:50:14.346Z,33.87,74.84

2026-08-20T18:50:19.345Z,33.88,74.91

2026-08-20T18:50:24.344Z,33.88,74.92

2026-08-20T18:50:29.362Z,33.86,74.92

2026-08-20T18:50:34.344Z,33.88,74.92

2026-08-20T18:50:39.346Z,33.88,74.87

2026-08-20T18:50:44.348Z,33.87,74.88

2026-08-20T18:50:49.348Z,33.85,74.85

2026-08-20T18:50:54.354Z,33.86,74.91

2026-08-20T18:50:59.366Z,33.85,74.96

2026-08-20T18:51:04.351Z,33.85,74.92

2026-08-20T18:51:09.351Z,33.85,74.89

2026-08-20T18:51:14.360Z,33.84,74.98

2026-08-20T18:51:19.369Z,33.86,74.98

2026-08-20T18:51:24.359Z,33.87,74.98

2026-08-20T18:51:29.362Z,33.87,74.98

2026-08-20T18:51:34.359Z,33.87,74.94

2026-08-20T18:51:39.360Z,33.86,74.98

2026-08-20T18:51:44.364Z,33.86,74.9

2026-08-20T18:51:49.374Z,33.86,74.98

2026-08-20T18:51:54.363Z,33.86,75

2026-08-20T18:51:59.363Z,33.87,74.93

2026-08-20T18:52:04.363Z,33.87,74.92

2026-08-20T18:52:09.366Z,33.86,74.96

2026-08-20T18:52:14.375Z,33.87,74.93

2026-08-20T18:52:19.384Z,33.87,74.92

2026-08-20T18:52:24.374Z,33.87,74.9

2026-08-20T18:52:29.374Z,33.85,74.94

2026-08-20T18:52:34.382Z,33.88,74.92

2026-08-20T18:52:39.378Z,33.86,74.93

2026-08-20T18:52:44.377Z,33.87,74.96

2026-08-20T18:52:49.392Z,33.85,74.93

2026-08-20T18:52:54.376Z,33.87,74.96

2026-08-20T18:52:59.377Z,33.86,74.89

2026-08-20T18:53:04.386Z,33.85,74.98

2026-08-20T18:53:09.400Z,33.86,74.98

2026-08-20T18:53:14.384Z,33.87,74.92

2026-08-20T18:53:19.382Z,33.88,74.95

2026-08-20T18:53:24.384Z,33.87,74.96

2026-08-20T18:53:29.389Z,33.87,74.98

2026-08-20T18:53:34.397Z,33.87,74.87

2026-08-20T18:53:39.408Z,33.88,74.96

2026-08-20T18:53:44.393Z,33.87,74.94

2026-08-20T18:53:49.395Z,33.88,74.89

2026-08-20T18:53:54.397Z,33.85,74.89

2026-08-20T18:53:59.395Z,33.87,74.95

2026-08-20T18:54:04.411Z,33.86,74.86

2026-08-20T18:54:09.422Z,33.85,74.96

2026-08-20T18:54:14.411Z,33.85,74.94

2026-08-20T18:54:19.414Z,33.84,74.93

2026-08-20T18:54:24.411Z,33.87,74.95

2026-08-20T18:54:29.416Z,33.87,74.95

2026-08-20T18:54:34.420Z,33.86,74.96

2026-08-20T18:54:39.429Z,33.87,74.96

2026-08-20T18:54:44.417Z,33.86,74.95

2026-08-20T18:54:49.430Z,33.84,75.01

2026-08-20T18:54:54.419Z,33.86,74.98

2026-08-20T18:54:59.419Z,33.87,74.96

2026-08-20T18:55:04.418Z,33.85,74.97

2026-08-20T18:55:09.429Z,33.87,74.97

2026-08-20T18:55:14.419Z,33.87,74.91

2026-08-20T18:55:19.418Z,33.86,74.97

2026-08-20T18:55:24.418Z,33.84,74.89

2026-08-20T18:55:29.417Z,33.88,74.85

2026-08-20T18:55:34.418Z,33.86,74.88

2026-08-20T18:55:39.431Z,33.87,74.88

2026-08-20T18:55:44.418Z,33.86,74.88

2026-08-20T18:55:49.422Z,33.85,74.89

2026-08-20T18:55:54.431Z,33.84,74.89

2026-08-20T18:55:59.442Z,33.86,74.88

2026-08-20T18:56:04.430Z,33.85,74.91

2026-08-20T18:56:09.431Z,33.85,74.91

2026-08-20T18:56:14.431Z,33.83,74.86

2026-08-20T18:56:19.431Z,33.85,74.97

2026-08-20T18:56:24.437Z,33.81,74.95

2026-08-20T18:56:29.448Z,33.82,75

2026-08-20T18:56:34.436Z,33.83,74.96

2026-08-20T18:56:39.447Z,33.81,75.03

2026-08-20T18:56:44.437Z,33.82,75.01

2026-08-20T18:56:49.435Z,33.8,75.06

2026-08-20T18:56:54.434Z,33.82,75.1

2026-08-20T18:56:59.446Z,33.8,75.09

2026-08-20T18:57:04.435Z,33.78,75.15

2026-08-20T18:57:09.438Z,33.77,75.21

2026-08-20T18:57:14.453Z,33.79,75.16

2026-08-20T18:57:19.465Z,33.79,75.19

2026-08-20T18:57:24.451Z,33.8,75.17

2026-08-20T18:57:29.449Z,33.79,75.2

2026-08-20T18:57:34.447Z,33.77,75.19

2026-08-20T18:57:39.468Z,33.75,75.29

2026-08-20T18:57:44.450Z,33.77,75.31

2026-08-20T18:57:49.451Z,33.75,75.34

2026-08-20T18:57:54.452Z,33.74,75.34

2026-08-20T18:57:59.454Z,33.75,75.34

2026-08-20T18:58:04.466Z,33.76,75.33

2026-08-20T18:58:09.459Z,33.75,75.37

2026-08-20T18:58:14.460Z,33.76,75.34

2026-08-20T18:58:19.460Z,33.74,75.37

2026-08-20T18:58:24.459Z,33.73,75.34

2026-08-20T18:58:29.473Z,33.72,75.41

2026-08-20T18:58:34.460Z,33.74,75.44

2026-08-20T18:58:39.461Z,33.73,75.46

2026-08-20T18:58:44.460Z,33.72,75.45

2026-08-20T18:58:49.461Z,33.71,75.52

2026-08-20T18:58:54.465Z,33.71,75.49

2026-08-20T18:58:59.476Z,33.7,75.54

2026-08-20T18:59:04.465Z,33.69,75.5

2026-08-20T18:59:09.466Z,33.7,75.61

2026-08-20T18:59:14.466Z,33.7,75.56

2026-08-20T18:59:19.467Z,33.7,75.58

2026-08-20T18:59:24.481Z,33.69,75.59

2026-08-20T18:59:29.490Z,33.68,75.62

2026-08-20T18:59:34.479Z,33.68,75.58

2026-08-20T18:59:39.480Z,33.69,75.55

2026-08-20T18:59:44.477Z,33.71,75.61

2026-08-20T18:59:49.477Z,33.7,75.63

2026-08-20T18:59:54.488Z,33.69,75.6

2026-08-20T18:59:59.498Z,33.68,75.66

2026-08-20T19:00:04.487Z,33.69,75.66

2026-08-20T19:00:09.489Z,33.7,75.61

2026-08-20T19:00:14.496Z,33.72,75.66

2026-08-20T19:00:19.505Z,33.71,75.65

2026-08-20T19:00:24.493Z,33.68,75.57

2026-08-20T19:00:29.511Z,33.69,75.72

2026-08-20T19:00:34.494Z,33.72,75.64

2026-08-20T19:00:39.507Z,33.71,75.62

2026-08-20T19:00:44.496Z,33.71,75.55

2026-08-20T19:00:49.497Z,33.7,75.53

2026-08-20T19:00:54.501Z,33.72,75.58

2026-08-20T19:00:59.517Z,33.72,75.64

2026-08-20T19:01:04.495Z,33.72,75.66

2026-08-20T19:01:09.508Z,33.73,75.6

2026-08-20T19:01:14.496Z,33.72,75.6

2026-08-20T19:01:19.497Z,33.72,75.56

2026-08-20T19:01:24.496Z,33.72,75.62

2026-08-20T19:01:29.498Z,33.72,75.6

2026-08-20T19:01:34.502Z,33.71,75.56

2026-08-20T19:01:39.517Z,33.73,75.58

2026-08-20T19:01:44.502Z,33.72,75.47

2026-08-20T19:01:49.503Z,33.72,75.57

2026-08-20T19:01:54.502Z,33.72,75.54

2026-08-20T19:01:59.504Z,33.73,75.51

2026-08-20T19:02:04.520Z,33.74,75.53

2026-08-20T19:02:09.535Z,33.71,75.57

2026-08-20T19:02:14.519Z,33.72,75.5

2026-08-20T19:02:19.520Z,33.74,75.49

2026-08-20T19:02:24.521Z,33.71,75.53

2026-08-20T19:02:29.521Z,33.72,75.52

2026-08-20T19:02:34.525Z,33.71,75.52

2026-08-20T19:02:39.535Z,33.72,75.56

2026-08-20T19:02:44.523Z,33.71,75.6

2026-08-20T19:02:49.524Z,33.71,75.56

2026-08-20T19:02:54.528Z,33.72,75.54

2026-08-20T19:02:59.526Z,33.72,75.56

2026-08-20T19:03:04.526Z,33.72,75.53

2026-08-20T19:03:09.538Z,33.71,75.62

2026-08-20T19:03:14.525Z,33.71,75.6

2026-08-20T19:03:19.525Z,33.73,75.57

2026-08-20T19:03:24.526Z,33.73,75.61

2026-08-20T19:03:29.527Z,33.73,75.59

2026-08-20T19:03:34.533Z,33.7,75.61

2026-08-20T19:03:39.544Z,33.71,75.58

2026-08-20T19:03:44.533Z,33.71,75.56

2026-08-20T19:03:49.532Z,33.69,75.58

2026-08-20T19:03:54.534Z,33.71,75.61

2026-08-20T19:03:59.533Z,33.69,75.62

2026-08-20T19:04:04.539Z,33.69,75.56

2026-08-20T19:04:09.545Z,33.7,75.63

2026-08-20T19:04:14.537Z,33.71,75.6

2026-08-20T19:04:19.535Z,33.72,75.59

2026-08-20T19:04:24.535Z,33.71,75.63

2026-08-20T19:04:29.543Z,33.7,75.62

2026-08-20T19:04:34.553Z,33.7,75.65

2026-08-20T19:04:39.562Z,33.69,75.64

2026-08-20T19:04:44.553Z,33.68,75.64

2026-08-20T19:04:49.553Z,33.7,75.64

2026-08-20T19:04:54.552Z,33.69,75.64

2026-08-20T19:04:59.552Z,33.69,75.66

2026-08-20T19:05:04.572Z,33.68,75.65

2026-08-20T19:05:09.586Z,33.69,75.65

2026-08-20T19:05:14.570Z,33.7,75.63

2026-08-20T19:05:19.572Z,33.69,75.61

2026-08-20T19:05:24.575Z,33.7,75.69

2026-08-20T19:05:29.573Z,33.7,75.73

2026-08-20T19:05:34.581Z,33.69,75.66

2026-08-20T19:05:39.590Z,33.71,75.69

2026-08-20T19:05:44.580Z,33.71,75.61

2026-08-20T19:05:49.593Z,33.71,75.66

2026-08-20T19:05:54.580Z,33.7,75.65

2026-08-20T19:05:59.581Z,33.69,75.64

2026-08-20T19:06:04.581Z,33.7,75.69

2026-08-20T19:06:09.581Z,33.7,75.63

2026-08-20T19:06:14.580Z,33.69,75.65

2026-08-20T19:06:19.595Z,33.71,75.71

2026-08-20T19:06:24.583Z,33.69,75.71

2026-08-20T19:06:29.582Z,33.7,75.66

2026-08-20T19:06:34.581Z,33.7,75.67

2026-08-20T19:06:39.583Z,33.72,75.64

2026-08-20T19:06:44.584Z,33.7,75.66

2026-08-20T19:06:49.598Z,33.7,75.72

2026-08-20T19:06:54.584Z,33.7,75.68

2026-08-20T19:06:59.583Z,33.7,75.72

2026-08-20T19:07:04.584Z,33.72,75.61

2026-08-20T19:07:09.583Z,33.75,75.69

2026-08-20T19:07:14.593Z,33.72,75.66

2026-08-20T19:07:19.604Z,33.73,75.68

2026-08-20T19:07:24.591Z,33.71,75.62

2026-08-20T19:07:29.591Z,33.73,75.61

2026-08-20T19:07:34.598Z,33.73,75.59

2026-08-20T19:07:39.607Z,33.72,75.57

2026-08-20T19:07:44.596Z,33.71,75.59

2026-08-20T19:07:49.595Z,33.72,75.59

2026-08-20T19:07:54.596Z,33.72,75.62

2026-08-20T19:07:59.598Z,33.72,75.65

2026-08-20T19:08:04.613Z,33.72,75.68

2026-08-20T19:08:09.621Z,33.74,75.63

2026-08-20T19:08:14.612Z,33.75,75.58

2026-08-20T19:08:19.611Z,33.73,75.61

2026-08-20T19:08:24.615Z,33.73,75.63

2026-08-20T19:08:29.613Z,33.72,75.6

2026-08-20T19:08:34.625Z,33.72,75.6

2026-08-20T19:08:39.633Z,33.7,75.62

2026-08-20T19:08:44.622Z,33.71,75.66

2026-08-20T19:08:49.623Z,33.72,75.61

2026-08-20T19:08:54.623Z,33.71,75.63

2026-08-20T19:08:59.625Z,33.7,75.65

2026-08-20T19:09:04.629Z,33.72,75.68

2026-08-20T19:09:09.640Z,33.72,75.75

2026-08-20T19:09:14.629Z,33.71,75.66

2026-08-20T19:09:19.631Z,33.7,75.67

2026-08-20T19:09:24.633Z,33.71,75.68

2026-08-20T19:09:29.631Z,33.7,75.67

2026-08-20T19:09:34.639Z,33.73,75.67

2026-08-20T19:09:39.652Z,33.71,75.71

2026-08-20T19:09:44.640Z,33.71,75.72

2026-08-20T19:09:49.652Z,33.69,75.7

2026-08-20T19:09:54.641Z,33.7,75.69

2026-08-20T19:09:59.640Z,33.69,75.69

2026-08-20T19:10:04.641Z,33.71,75.73

2026-08-20T19:10:09.653Z,33.7,75.73

2026-08-20T19:10:14.643Z,33.71,75.71

2026-08-20T19:10:19.643Z,33.71,75.73

2026-08-20T19:10:24.643Z,33.71,75.71

2026-08-20T19:10:29.643Z,33.7,75.74

2026-08-20T19:10:34.643Z,33.71,75.7

2026-08-20T19:10:39.657Z,33.69,75.77

2026-08-20T19:10:44.645Z,33.71,75.69

2026-08-20T19:10:49.644Z,33.72,75.75

2026-08-20T19:10:54.647Z,33.7,75.78

2026-08-20T19:10:59.645Z,33.68,75.76

2026-08-20T19:11:04.652Z,33.69,75.75

2026-08-20T19:11:09.662Z,33.7,75.79

2026-08-20T19:11:14.650Z,33.7,75.73

2026-08-20T19:11:19.663Z,33.69,75.77

2026-08-20T19:11:24.650Z,33.72,75.72

2026-08-20T19:11:29.649Z,33.7,75.76

2026-08-20T19:11:34.651Z,33.71,75.71

2026-08-20T19:11:39.653Z,33.71,75.73

2026-08-20T19:11:44.651Z,33.69,75.69

2026-08-20T19:11:49.666Z,33.71,75.77

2026-08-20T19:11:54.654Z,33.71,75.72

2026-08-20T19:11:59.653Z,33.7,75.72

2026-08-20T19:12:04.653Z,33.69,75.71

2026-08-20T19:12:09.654Z,33.72,75.74

2026-08-20T19:12:14.663Z,33.69,75.75

2026-08-20T19:12:19.676Z,33.7,75.74

2026-08-20T19:12:24.662Z,33.71,75.71

2026-08-20T19:12:29.663Z,33.7,75.7

2026-08-20T19:12:34.665Z,33.7,75.69

2026-08-20T19:12:39.665Z,33.71,75.74

2026-08-20T19:12:44.676Z,33.7,75.7

2026-08-20T19:12:49.687Z,33.69,75.72

2026-08-20T19:12:54.675Z,33.69,75.68

2026-08-20T19:12:59.674Z,33.68,75.76

2026-08-20T19:13:04.675Z,33.7,75.73

2026-08-20T19:13:09.677Z,33.69,75.71

2026-08-20T19:13:14.682Z,33.67,75.78

2026-08-20T19:13:19.696Z,33.69,75.76

2026-08-20T19:13:24.682Z,33.68,75.79

2026-08-20T19:13:29.683Z,33.68,75.75

2026-08-20T19:13:34.682Z,33.68,75.74

2026-08-20T19:13:39.683Z,33.67,75.77

2026-08-20T19:13:44.702Z,33.67,75.8

2026-08-20T19:13:49.710Z,33.67,75.8

2026-08-20T19:13:54.700Z,33.68,75.74

2026-08-20T19:13:59.699Z,33.68,75.77

2026-08-20T19:14:04.700Z,33.68,75.72

2026-08-20T19:14:09.699Z,33.67,75.8

2026-08-20T19:14:14.711Z,33.66,75.76

2026-08-20T19:14:19.720Z,33.66,75.78

2026-08-20T19:14:24.709Z,33.66,75.78

2026-08-20T19:14:29.709Z,33.66,75.77

2026-08-20T19:14:34.722Z,33.65,75.8

2026-08-20T19:14:39.715Z,33.66,75.78

2026-08-20T19:14:44.716Z,33.66,75.82

2026-08-20T19:14:49.730Z,33.66,75.84

2026-08-20T19:14:54.715Z,33.68,75.8

2026-08-20T19:14:59.717Z,33.66,75.81

2026-08-20T19:15:04.718Z,33.67,75.8

2026-08-20T19:15:09.718Z,33.67,75.75

2026-08-20T19:15:14.718Z,33.66,75.74

2026-08-20T19:15:19.732Z,33.66,75.79

2026-08-20T19:15:24.717Z,33.68,75.76

2026-08-20T19:15:29.720Z,33.68,75.81

2026-08-20T19:15:34.718Z,33.65,75.82

2026-08-20T19:15:39.724Z,33.66,75.81

2026-08-20T19:15:44.721Z,33.67,75.8

2026-08-20T19:15:49.733Z,33.66,75.82

2026-08-20T19:15:54.720Z,33.66,75.77

2026-08-20T19:15:59.722Z,33.67,75.78

2026-08-20T19:16:04.719Z,33.68,75.78

2026-08-20T19:16:09.721Z,33.7,75.77

2026-08-20T19:16:14.723Z,33.69,75.72

2026-08-20T19:16:19.735Z,33.68,75.81

2026-08-20T19:16:24.724Z,33.68,75.74

2026-08-20T19:16:29.724Z,33.68,75.7

2026-08-20T19:16:34.725Z,33.7,75.72

2026-08-20T19:16:39.726Z,33.68,75.69

2026-08-20T19:16:44.732Z,33.7,75.65

2026-08-20T19:16:49.744Z,33.66,75.67

2026-08-20T19:16:54.731Z,33.69,75.64

2026-08-20T19:16:59.729Z,33.7,75.74

2026-08-20T19:17:04.731Z,33.68,75.63

2026-08-20T19:17:09.733Z,33.69,75.64

2026-08-20T19:17:14.744Z,33.68,75.62

2026-08-20T19:17:19.757Z,33.69,75.64

2026-08-20T19:17:24.744Z,33.71,75.61

2026-08-20T19:17:29.744Z,33.7,75.62

2026-08-20T19:17:34.744Z,33.7,75.66

2026-08-20T19:17:39.744Z,33.68,75.64

2026-08-20T19:17:44.760Z,33.68,75.62

2026-08-20T19:17:49.771Z,33.69,75.62

2026-08-20T19:17:54.759Z,33.7,75.62

2026-08-20T19:17:59.757Z,33.69,75.64

2026-08-20T19:18:04.756Z,33.7,75.66

2026-08-20T19:18:09.757Z,33.69,75.58

2026-08-20T19:18:14.767Z,33.7,75.62

2026-08-20T19:18:19.780Z,33.7,75.64

2026-08-20T19:18:24.765Z,33.7,75.58

2026-08-20T19:18:29.765Z,33.68,75.53

2026-08-20T19:18:34.765Z,33.69,75.6

2026-08-20T19:18:39.767Z,33.7,75.62

2026-08-20T19:18:44.771Z,33.68,75.59

2026-08-20T19:18:49.781Z,33.66,75.64

2026-08-20T19:18:54.768Z,33.67,75.68

2026-08-20T19:18:59.769Z,33.67,75.65

2026-08-20T19:19:04.768Z,33.65,75.65

2026-08-20T19:19:09.768Z,33.67,75.63

2026-08-20T19:19:14.784Z,33.65,75.59

2026-08-20T19:19:19.794Z,33.66,75.73

2026-08-20T19:19:24.780Z,33.64,75.64

2026-08-20T19:19:29.782Z,33.64,75.66

2026-08-20T19:19:34.784Z,33.65,75.66

2026-08-20T19:19:39.783Z,33.64,75.74

2026-08-20T19:19:44.795Z,33.63,75.78

2026-08-20T19:19:49.805Z,33.65,75.79

2026-08-20T19:19:54.789Z,33.64,75.68

2026-08-20T19:19:59.792Z,33.66,75.74

2026-08-20T19:20:04.790Z,33.65,75.77

2026-08-20T19:20:09.802Z,33.64,75.79

2026-08-20T19:20:14.791Z,33.65,75.7

2026-08-20T19:20:19.793Z,33.64,75.71

2026-08-20T19:20:24.793Z,33.64,75.71

2026-08-20T19:20:29.795Z,33.65,75.72

2026-08-20T19:20:34.809Z,33.64,75.81

2026-08-20T19:20:39.803Z,33.63,75.76

2026-08-20T19:20:44.804Z,33.64,75.79

2026-08-20T19:20:49.806Z,33.63,75.8

2026-08-20T19:20:54.804Z,33.62,75.75

2026-08-20T19:20:59.819Z,33.59,75.77

2026-08-20T19:21:04.807Z,33.63,75.76

2026-08-20T19:21:09.803Z,33.62,75.76

2026-08-20T19:21:14.804Z,33.61,75.76

2026-08-20T19:21:19.805Z,33.63,75.84

2026-08-20T19:21:24.804Z,33.61,75.85

2026-08-20T19:21:29.822Z,33.62,75.84

2026-08-20T19:21:34.806Z,33.62,75.85

2026-08-20T19:21:39.807Z,33.61,75.86

2026-08-20T19:21:44.807Z,33.61,75.89

2026-08-20T19:21:49.807Z,33.62,75.82

2026-08-20T19:21:54.806Z,33.62,75.89

2026-08-20T19:21:59.823Z,33.61,75.89

2026-08-20T19:22:04.809Z,33.62,75.86

2026-08-20T19:22:09.807Z,33.62,75.89

2026-08-20T19:22:14.809Z,33.62,75.87

2026-08-20T19:22:19.810Z,33.61,75.92

2026-08-20T19:22:24.819Z,33.62,75.89

2026-08-20T19:22:29.835Z,33.6,75.9

2026-08-20T19:22:34.819Z,33.62,75.83

2026-08-20T19:22:39.819Z,33.62,75.9

2026-08-20T19:22:44.820Z,33.62,75.9

2026-08-20T19:22:49.820Z,33.62,75.88

2026-08-20T19:22:54.825Z,33.62,75.89

2026-08-20T19:22:59.841Z,33.62,75.89

2026-08-20T19:23:04.825Z,33.62,75.85

2026-08-20T19:23:09.825Z,33.61,75.85

2026-08-20T19:23:14.823Z,33.63,75.84

2026-08-20T19:23:19.825Z,33.64,75.84

2026-08-20T19:23:24.837Z,33.62,75.86

2026-08-20T19:23:29.848Z,33.61,75.86

2026-08-20T19:23:34.835Z,33.61,75.82

2026-08-20T19:23:39.834Z,33.63,75.86

2026-08-20T19:23:44.833Z,33.64,75.8

2026-08-20T19:23:49.849Z,33.64,75.85

2026-08-20T19:23:54.838Z,33.66,75.82

2026-08-20T19:23:59.837Z,33.63,75.86

2026-08-20T19:24:04.839Z,33.63,75.82

2026-08-20T19:24:09.839Z,33.63,75.85

2026-08-20T19:24:14.859Z,33.62,75.77

2026-08-20T19:24:19.873Z,33.66,75.87

2026-08-20T19:24:24.858Z,33.66,75.79

2026-08-20T19:24:29.862Z,33.65,75.86

2026-08-20T19:24:34.861Z,33.64,75.76

2026-08-20T19:24:39.862Z,33.64,75.8

2026-08-20T19:24:44.870Z,33.64,75.77

2026-08-20T19:24:49.878Z,33.64,75.82

2026-08-20T19:24:54.867Z,33.65,75.76

2026-08-20T19:24:59.866Z,33.64,75.76

2026-08-20T19:25:04.868Z,33.64,75.75

2026-08-20T19:25:09.868Z,33.67,75.73

2026-08-20T19:25:14.872Z,33.67,75.75

2026-08-20T19:25:19.881Z,33.67,75.82

2026-08-20T19:25:24.873Z,33.68,75.72

2026-08-20T19:25:29.871Z,33.67,75.73

2026-08-20T19:25:34.871Z,33.67,75.74

2026-08-20T19:25:39.885Z,33.66,75.73

2026-08-20T19:25:44.873Z,33.68,75.7

2026-08-20T19:25:49.886Z,33.65,75.74

2026-08-20T19:25:54.875Z,33.69,75.7

2026-08-20T19:25:59.874Z,33.67,75.69

2026-08-20T19:26:04.880Z,33.67,75.71

2026-08-20T19:26:09.877Z,33.67,75.77

2026-08-20T19:26:14.875Z,33.68,75.71

2026-08-20T19:26:19.876Z,33.69,75.66

2026-08-20T19:26:24.879Z,33.7,75.62

2026-08-20T19:26:29.888Z,33.69,75.65

2026-08-20T19:26:34.875Z,33.68,75.59

2026-08-20T19:26:39.878Z,33.7,75.62

2026-08-20T19:26:44.878Z,33.68,75.64

2026-08-20T19:26:49.880Z,33.7,75.62

2026-08-20T19:26:54.881Z,33.7,75.68

2026-08-20T19:26:59.898Z,33.69,75.58

2026-08-20T19:27:04.880Z,33.71,75.59

2026-08-20T19:27:09.881Z,33.69,75.63

2026-08-20T19:27:14.881Z,33.69,75.63

2026-08-20T19:27:19.881Z,33.7,75.62

2026-08-20T19:27:24.885Z,33.71,75.62

2026-08-20T19:27:29.895Z,33.7,75.65

2026-08-20T19:27:34.885Z,33.7,75.63

2026-08-20T19:27:39.885Z,33.68,75.63

2026-08-20T19:27:44.885Z,33.69,75.61

2026-08-20T19:27:49.886Z,33.69,75.63

2026-08-20T19:27:54.890Z,33.69,75.66

2026-08-20T19:27:59.902Z,33.69,75.69

2026-08-20T19:28:04.888Z,33.7,75.68

2026-08-20T19:28:09.892Z,33.71,75.66

2026-08-20T19:28:14.891Z,33.69,75.6

2026-08-20T19:28:19.892Z,33.67,75.66

2026-08-20T19:28:24.913Z,33.68,75.68

2026-08-20T19:28:29.926Z,33.69,75.74

2026-08-20T19:28:34.912Z,33.71,75.65

2026-08-20T19:28:39.914Z,33.7,75.61

2026-08-20T19:28:44.914Z,33.7,75.68

2026-08-20T19:28:49.912Z,33.7,75.74

2026-08-20T19:28:54.916Z,33.68,75.71

2026-08-20T19:28:59.929Z,33.7,75.69

2026-08-20T19:29:04.914Z,33.68,75.64

2026-08-20T19:29:09.914Z,33.7,75.68

2026-08-20T19:29:14.915Z,33.7,75.67

2026-08-20T19:29:19.916Z,33.69,75.66

2026-08-20T19:29:24.916Z,33.68,75.66

2026-08-20T19:29:29.928Z,33.67,75.78

2026-08-20T19:29:34.915Z,33.66,75.75

2026-08-20T19:29:39.915Z,33.68,75.74

2026-08-20T19:29:44.915Z,33.67,75.73

2026-08-20T19:29:49.916Z,33.66,75.73

2026-08-20T19:29:54.918Z,33.67,75.74

2026-08-20T19:29:59.930Z,33.66,75.74

2026-08-20T19:30:04.918Z,33.66,75.75

2026-08-20T19:30:09.916Z,33.64,75.8

2026-08-20T19:30:14.918Z,33.65,75.76

2026-08-20T19:30:19.918Z,33.65,75.82

2026-08-20T19:30:24.939Z,33.63,75.84

2026-08-20T19:30:29.954Z,33.65,75.88

2026-08-20T19:30:34.941Z,33.63,75.82

2026-08-20T19:30:39.940Z,33.66,75.84

2026-08-20T19:30:44.939Z,33.64,75.89

2026-08-20T19:30:49.939Z,33.66,75.87

2026-08-20T19:30:54.954Z,33.64,75.93

2026-08-20T19:30:59.964Z,33.64,75.94

2026-08-20T19:31:04.949Z,33.63,75.9

2026-08-20T19:31:09.952Z,33.62,75.91

2026-08-20T19:31:14.953Z,33.62,75.97

2026-08-20T19:31:19.952Z,33.64,75.86

2026-08-20T19:31:24.957Z,33.62,75.92

2026-08-20T19:31:29.968Z,33.62,76.01

2026-08-20T19:31:34.957Z,33.64,75.95

2026-08-20T19:31:39.956Z,33.64,75.99

2026-08-20T19:31:44.958Z,33.64,75.96

2026-08-20T19:31:49.957Z,33.63,75.93

2026-08-20T19:31:54.963Z,33.64,75.95

2026-08-20T19:31:59.971Z,33.62,76.04

2026-08-20T19:32:04.963Z,33.63,76

2026-08-20T19:32:09.962Z,33.64,76.05

2026-08-20T19:32:14.963Z,33.64,76.04

2026-08-20T19:32:19.962Z,33.63,76.01

2026-08-20T19:32:24.975Z,33.64,76.04

2026-08-20T19:32:29.986Z,33.62,76.04

2026-08-20T19:32:34.974Z,33.63,76

2026-08-20T19:32:39.974Z,33.63,75.95

2026-08-20T19:32:44.974Z,33.63,76.03

2026-08-20T19:32:49.975Z,33.65,75.99

2026-08-20T19:32:54.988Z,33.63,76.07

2026-08-20T19:33:00.000Z,33.62,76.02

2026-08-20T19:33:04.987Z,33.63,76.06

2026-08-20T19:33:09.985Z,33.63,75.96

2026-08-20T19:33:14.987Z,33.62,76.05

2026-08-20T19:33:19.995Z,33.64,76.08

2026-08-20T19:33:24.986Z,33.63,75.99

2026-08-20T19:33:29.987Z,33.65,76.05

2026-08-20T19:33:34.987Z,33.66,76.01

2026-08-20T19:33:39.998Z,33.64,76.08

2026-08-20T19:33:44.988Z,33.66,75.97

2026-08-20T19:33:49.988Z,33.66,75.98

2026-08-20T19:33:54.987Z,33.65,75.86

2026-08-20T19:34:00.008Z,33.65,76.03

2026-08-20T19:34:04.990Z,33.66,76

2026-08-20T19:34:09.993Z,33.64,75.93

2026-08-20T19:34:14.993Z,33.66,75.95

2026-08-20T19:34:19.993Z,33.65,75.94

2026-08-20T19:34:24.994Z,33.65,75.94

2026-08-20T19:34:30.011Z,33.63,75.97

2026-08-20T19:34:34.994Z,33.65,75.95

2026-08-20T19:34:39.996Z,33.65,76.01

2026-08-20T19:34:44.996Z,33.67,76.03

2026-08-20T19:34:49.996Z,33.66,75.98

2026-08-20T19:34:54.997Z,33.64,75.96

2026-08-20T19:35:00.012Z,33.65,76.07

2026-08-20T19:35:04.998Z,33.66,75.99

2026-08-20T19:35:09.998Z,33.66,75.98

2026-08-20T19:35:14.999Z,33.68,75.94

2026-08-20T19:35:20.001Z,33.67,76

2026-08-20T19:35:25.002Z,33.67,75.99

2026-08-20T19:35:30.014Z,33.65,76.04

2026-08-20T19:35:35.003Z,33.67,75.95

2026-08-20T19:35:40.001Z,33.68,75.97

2026-08-20T19:35:45.013Z,33.67,75.94

2026-08-20T19:35:50.026Z,33.69,75.96

2026-08-20T19:35:55.013Z,33.66,75.94

2026-08-20T19:36:00.013Z,33.67,75.98

2026-08-20T19:36:05.014Z,33.7,75.94

2026-08-20T19:36:10.026Z,33.7,75.92

2026-08-20T19:36:15.014Z,33.71,75.85

2026-08-20T19:36:20.014Z,33.72,75.94

2026-08-20T19:36:25.013Z,33.71,75.85

2026-08-20T19:36:30.015Z,33.73,75.87

2026-08-20T19:36:35.020Z,33.7,75.81

2026-08-20T19:36:40.032Z,33.7,75.87

2026-08-20T19:36:45.019Z,33.72,75.79

2026-08-20T19:36:50.021Z,33.72,75.87

2026-08-20T19:36:55.019Z,33.72,75.83

2026-08-20T19:37:00.020Z,33.72,75.87

2026-08-20T19:37:05.024Z,33.72,75.78

2026-08-20T19:37:10.038Z,33.73,75.81

2026-08-20T19:37:15.024Z,33.71,75.76

2026-08-20T19:37:20.025Z,33.71,75.71

2026-08-20T19:37:25.024Z,33.75,75.77

2026-08-20T19:37:30.024Z,33.75,75.76

2026-08-20T19:37:35.034Z,33.76,75.72

2026-08-20T19:37:40.043Z,33.75,75.73

2026-08-20T19:37:45.032Z,33.76,75.66

2026-08-20T19:37:50.031Z,33.77,75.7

2026-08-20T19:37:55.032Z,33.76,75.64

2026-08-20T19:38:00.033Z,33.76,75.7

2026-08-20T19:38:05.037Z,33.77,75.68

2026-08-20T19:38:10.049Z,33.74,75.69

2026-08-20T19:38:15.037Z,33.76,75.68

2026-08-20T19:38:20.039Z,33.75,75.59

2026-08-20T19:38:25.038Z,33.75,75.62

2026-08-20T19:38:30.038Z,33.77,75.57

2026-08-20T19:38:35.048Z,33.79,75.56

2026-08-20T19:38:40.061Z,33.74,75.59

2026-08-20T19:38:45.046Z,33.77,75.52

2026-08-20T19:38:50.051Z,33.77,75.54

2026-08-20T19:38:55.049Z,33.77,75.52

2026-08-20T19:39:00.051Z,33.77,75.54

2026-08-20T19:39:05.060Z,33.8,75.44

2026-08-20T19:39:10.072Z,33.77,75.6

2026-08-20T19:39:15.058Z,33.78,75.52

2026-08-20T19:39:20.062Z,33.8,75.52

2026-08-20T19:39:25.060Z,33.8,75.42

2026-08-20T19:39:30.060Z,33.77,75.44

2026-08-20T19:39:35.078Z,33.77,75.46

2026-08-20T19:39:40.085Z,33.78,75.48

2026-08-20T19:39:45.076Z,33.79,75.5

2026-08-20T19:39:50.076Z,33.77,75.46

2026-08-20T19:39:55.075Z,33.76,75.5

2026-08-20T19:40:00.077Z,33.77,75.43

2026-08-20T19:40:05.087Z,33.76,75.46

2026-08-20T19:40:10.098Z,33.76,75.5

2026-08-20T19:40:15.086Z,33.77,75.49

2026-08-20T19:40:20.085Z,33.77,75.47

2026-08-20T19:40:25.086Z,33.74,75.51

2026-08-20T19:40:30.086Z,33.74,75.49

2026-08-20T19:40:35.094Z,33.73,75.53

2026-08-20T19:40:40.103Z,33.76,75.57

2026-08-20T19:40:45.090Z,33.74,75.53

2026-08-20T19:40:50.092Z,33.73,75.51

2026-08-20T19:40:55.091Z,33.73,75.53

2026-08-20T19:41:00.091Z,33.73,75.56

2026-08-20T19:41:05.104Z,33.72,75.6

2026-08-20T19:41:10.113Z,33.71,75.61

2026-08-20T19:41:15.102Z,33.73,75.58

2026-08-20T19:41:20.102Z,33.72,75.54

2026-08-20T19:41:25.104Z,33.71,75.63

2026-08-20T19:41:30.114Z,33.7,75.61

2026-08-20T19:41:35.119Z,33.7,75.67

2026-08-20T19:41:40.110Z,33.68,75.57

2026-08-20T19:41:45.108Z,33.69,75.65

2026-08-20T19:41:50.111Z,33.69,75.63

2026-08-20T19:41:55.118Z,33.69,75.67

2026-08-20T19:42:00.120Z,33.67,75.68

2026-08-20T19:42:05.115Z,33.68,75.71

2026-08-20T19:42:10.116Z,33.68,75.76

2026-08-20T19:42:15.116Z,33.68,75.74

2026-08-20T19:42:20.115Z,33.67,75.81

2026-08-20T19:42:25.122Z,33.66,75.79

2026-08-20T19:42:30.134Z,33.64,75.81

2026-08-20T19:42:35.120Z,33.66,75.75

2026-08-20T19:42:40.121Z,33.65,75.78

2026-08-20T19:42:45.120Z,33.64,75.85

2026-08-20T19:42:50.122Z,33.65,75.87

2026-08-20T19:42:55.136Z,33.66,75.87

2026-08-20T19:43:00.147Z,33.63,75.89

2026-08-20T19:43:05.137Z,33.65,75.92

2026-08-20T19:43:10.137Z,33.62,75.91

2026-08-20T19:43:15.137Z,33.63,76.02

2026-08-20T19:43:20.138Z,33.61,75.94

2026-08-20T19:43:25.138Z,33.6,75.98

2026-08-20T19:43:30.152Z,33.58,76.02

2026-08-20T19:43:35.140Z,33.59,76.07

2026-08-20T19:43:40.141Z,33.58,76.03

2026-08-20T19:43:45.141Z,33.59,76.06

2026-08-20T19:43:50.142Z,33.58,76.12

2026-08-20T19:43:55.142Z,33.56,76.11

2026-08-20T19:44:00.154Z,33.58,76.15

2026-08-20T19:44:05.144Z,33.57,76.07

2026-08-20T19:44:10.143Z,33.58,76.11

2026-08-20T19:44:15.142Z,33.59,76.13

2026-08-20T19:44:20.144Z,33.55,76.15

2026-08-20T19:44:25.148Z,33.57,76.12

2026-08-20T19:44:30.155Z,33.59,76.16

2026-08-20T19:44:35.145Z,33.57,76.13

2026-08-20T19:44:40.144Z,33.57,76.15

2026-08-20T19:44:45.144Z,33.56,76.16

2026-08-20T19:44:50.143Z,33.56,76.2

2026-08-20T19:44:55.148Z,33.56,76.2

2026-08-20T19:45:00.158Z,33.58,76.26

2026-08-20T19:45:05.142Z,33.56,76.25

2026-08-20T19:45:10.142Z,33.57,76.2

2026-08-20T19:45:15.144Z,33.58,76.24

2026-08-20T19:45:20.143Z,33.58,76.19

2026-08-20T19:45:25.162Z,33.58,76.16

2026-08-20T19:45:30.175Z,33.59,76.23

2026-08-20T19:45:35.163Z,33.58,76.17

2026-08-20T19:45:40.161Z,33.59,76.19

2026-08-20T19:45:45.160Z,33.58,76.18

2026-08-20T19:45:50.160Z,33.58,76.15

2026-08-20T19:45:55.172Z,33.59,76.19

2026-08-20T19:46:00.189Z,33.58,76.21

2026-08-20T19:46:05.172Z,33.58,76.16

2026-08-20T19:46:10.172Z,33.61,76.15

2026-08-20T19:46:15.172Z,33.58,76.19

2026-08-20T19:46:20.173Z,33.6,76.2

2026-08-20T19:46:25.182Z,33.6,76.17

2026-08-20T19:46:30.192Z,33.6,76.2

2026-08-20T19:46:35.183Z,33.6,76.11

2026-08-20T19:46:40.183Z,33.6,76.04

2026-08-20T19:46:45.182Z,33.62,76.11

2026-08-20T19:46:50.185Z,33.61,76.04

2026-08-20T19:46:55.185Z,33.6,76.04

2026-08-20T19:47:00.197Z,33.61,76.1

2026-08-20T19:47:05.185Z,33.62,76.08

2026-08-20T19:47:10.185Z,33.63,76.08

2026-08-20T19:47:15.185Z,33.61,76.01

2026-08-20T19:47:20.186Z,33.61,75.98

2026-08-20T19:47:25.192Z,33.61,76.05

2026-08-20T19:47:30.204Z,33.6,75.99

2026-08-20T19:47:35.193Z,33.62,76

2026-08-20T19:47:40.194Z,33.61,76.01

2026-08-20T19:47:45.194Z,33.62,75.98

2026-08-20T19:47:50.195Z,33.63,76.03

2026-08-20T19:47:55.204Z,33.6,76.03

2026-08-20T19:48:00.215Z,33.61,76.03

2026-08-20T19:48:05.204Z,33.61,76.05

2026-08-20T19:48:10.204Z,33.61,76.12

2026-08-20T19:48:15.202Z,33.6,76.03

2026-08-20T19:48:20.203Z,33.59,76.1

2026-08-20T19:48:25.203Z,33.6,76.13

2026-08-20T19:48:30.212Z,33.58,76.13

2026-08-20T19:48:35.202Z,33.6,76.06

2026-08-20T19:48:40.204Z,33.57,76.16

2026-08-20T19:48:45.204Z,33.58,76.14

2026-08-20T19:48:50.217Z,33.59,76.18

2026-08-20T19:48:55.203Z,33.57,76.13

2026-08-20T19:49:00.203Z,33.59,76.15

2026-08-20T19:49:05.225Z,33.57,76.16

2026-08-20T19:49:10.214Z,33.58,76.2

2026-08-20T19:49:15.216Z,33.57,76.15

2026-08-20T19:49:20.217Z,33.58,76.17

2026-08-20T19:49:25.215Z,33.59,76.21

2026-08-20T19:49:30.234Z,33.58,76.27

2026-08-20T19:49:35.218Z,33.58,76.25

2026-08-20T19:49:40.217Z,33.58,76.18

2026-08-20T19:49:45.217Z,33.59,76.19

2026-08-20T19:49:50.233Z,33.57,76.23

2026-08-20T19:49:55.219Z,33.58,76.27

2026-08-20T19:50:00.220Z,33.57,76.21

2026-08-20T19:50:05.218Z,33.59,76.21

2026-08-20T19:50:10.221Z,33.58,76.21

2026-08-20T19:50:15.234Z,33.57,76.19

2026-08-20T19:50:20.245Z,33.56,76.24

2026-08-20T19:50:25.230Z,33.58,76.22

2026-08-20T19:50:30.231Z,33.59,76.26

2026-08-20T19:50:35.230Z,33.59,76.21

2026-08-20T19:50:40.231Z,33.59,76.22

2026-08-20T19:50:45.235Z,33.6,76.23

2026-08-20T19:50:50.250Z,33.58,76.27

2026-08-20T19:50:55.235Z,33.58,76.25

2026-08-20T19:51:00.236Z,33.56,76.22

2026-08-20T19:51:05.237Z,33.57,76.25

2026-08-20T19:51:10.236Z,33.56,76.22

2026-08-20T19:51:15.252Z,33.58,76.25

2026-08-20T19:51:20.266Z,33.57,76.33

2026-08-20T19:51:25.251Z,33.57,76.28

2026-08-20T19:51:30.252Z,33.56,76.27

2026-08-20T19:51:35.253Z,33.58,76.26

2026-08-20T19:51:40.254Z,33.56,76.26

2026-08-20T19:51:45.259Z,33.56,76.28

2026-08-20T19:51:50.269Z,33.55,76.27

2026-08-20T19:51:55.259Z,33.57,76.28

2026-08-20T19:52:00.257Z,33.56,76.18

2026-08-20T19:52:05.258Z,33.56,76.31

2026-08-20T19:52:10.259Z,33.57,76.23

2026-08-20T19:52:15.263Z,33.56,76.3

2026-08-20T19:52:20.271Z,33.55,76.26

2026-08-20T19:52:25.262Z,33.56,76.29

2026-08-20T19:52:30.260Z,33.54,76.25

2026-08-20T19:52:35.259Z,33.56,76.31

2026-08-20T19:52:40.273Z,33.56,76.32

2026-08-20T19:52:45.260Z,33.57,76.34

2026-08-20T19:52:50.261Z,33.56,76.31

2026-08-20T19:52:55.261Z,33.53,76.37

2026-08-20T19:53:00.262Z,33.55,76.29

2026-08-20T19:53:05.262Z,33.54,76.3

2026-08-20T19:53:10.279Z,33.54,76.35

2026-08-20T19:53:15.264Z,33.55,76.3

2026-08-20T19:53:20.266Z,33.55,76.35

2026-08-20T19:53:25.263Z,33.55,76.36

2026-08-20T19:53:30.264Z,33.55,76.38

2026-08-20T19:53:35.264Z,33.55,76.31

2026-08-20T19:53:40.277Z,33.54,76.39

2026-08-20T19:53:45.268Z,33.56,76.38

2026-08-20T19:53:50.266Z,33.57,76.35

2026-08-20T19:53:55.267Z,33.56,76.39

2026-08-20T19:54:00.268Z,33.54,76.29

2026-08-20T19:54:05.279Z,33.55,76.4

2026-08-20T19:54:10.293Z,33.54,76.44

2026-08-20T19:54:15.279Z,33.55,76.47

2026-08-20T19:54:20.279Z,33.55,76.41

2026-08-20T19:54:25.279Z,33.54,76.45

2026-08-20T19:54:30.280Z,33.53,76.42

2026-08-20T19:54:35.297Z,33.53,76.44

2026-08-20T19:54:40.306Z,33.53,76.52

2026-08-20T19:54:45.296Z,33.54,76.43

2026-08-20T19:54:50.296Z,33.55,76.42

2026-08-20T19:54:55.296Z,33.55,76.44

2026-08-20T19:55:00.295Z,33.57,76.49

2026-08-20T19:55:05.298Z,33.56,76.47

2026-08-20T19:55:10.310Z,33.55,76.49

2026-08-20T19:55:15.297Z,33.55,76.47

2026-08-20T19:55:20.294Z,33.56,76.48

2026-08-20T19:55:25.294Z,33.57,76.37

2026-08-20T19:55:30.296Z,33.56,76.4

2026-08-20T19:55:35.307Z,33.57,76.38

2026-08-20T19:55:40.317Z,33.57,76.39

2026-08-20T19:55:45.304Z,33.57,76.3

2026-08-20T19:55:50.307Z,33.57,76.32

2026-08-20T19:55:55.305Z,33.58,76.4

2026-08-20T19:56:00.304Z,33.56,76.31

2026-08-20T19:56:05.316Z,33.55,76.34

2026-08-20T19:56:10.325Z,33.56,76.41

2026-08-20T19:56:15.312Z,33.57,76.35

2026-08-20T19:56:20.313Z,33.57,76.37

2026-08-20T19:56:25.311Z,33.58,76.38

2026-08-20T19:56:30.314Z,33.57,76.44

2026-08-20T19:56:35.322Z,33.54,76.37

2026-08-20T19:56:40.331Z,33.54,76.47

2026-08-20T19:56:45.319Z,33.54,76.46

2026-08-20T19:56:50.321Z,33.53,76.49

2026-08-20T19:56:55.320Z,33.52,76.47

2026-08-20T19:57:00.322Z,33.53,76.48

2026-08-20T19:57:05.328Z,33.52,76.51

2026-08-20T19:57:10.339Z,33.52,76.56

2026-08-20T19:57:15.323Z,33.51,76.51

2026-08-20T19:57:20.324Z,33.52,76.54

2026-08-20T19:57:25.323Z,33.51,76.55

2026-08-20T19:57:30.325Z,33.51,76.54

2026-08-20T19:57:35.335Z,33.51,76.61

2026-08-20T19:57:40.341Z,33.5,76.62

2026-08-20T19:57:45.330Z,33.5,76.62

2026-08-20T19:57:50.331Z,33.49,76.66

2026-08-20T19:57:55.330Z,33.49,76.62

2026-08-20T19:58:00.331Z,33.48,76.63

2026-08-20T19:58:05.347Z,33.48,76.71

2026-08-20T19:58:10.358Z,33.49,76.73

2026-08-20T19:58:15.346Z,33.48,76.68

2026-08-20T19:58:20.346Z,33.49,76.72

2026-08-20T19:58:25.347Z,33.47,76.78

2026-08-20T19:58:30.346Z,33.48,76.77

2026-08-20T19:58:35.354Z,33.48,76.81

2026-08-20T19:58:40.365Z,33.49,76.78

2026-08-20T19:58:45.352Z,33.47,76.74

2026-08-20T19:58:50.353Z,33.47,76.79

2026-08-20T19:58:55.355Z,33.47,76.85

2026-08-20T19:59:00.354Z,33.49,76.8

2026-08-20T19:59:05.360Z,33.48,76.8

2026-08-20T19:59:10.370Z,33.47,76.82

2026-08-20T19:59:15.360Z,33.46,76.75

2026-08-20T19:59:20.374Z,33.48,76.92

2026-08-20T19:59:25.361Z,33.47,76.83

2026-08-20T19:59:30.361Z,33.46,76.83

2026-08-20T19:59:35.362Z,33.46,76.84

2026-08-20T19:59:40.361Z,33.49,76.79

2026-08-20T19:59:45.377Z,33.48,76.83

2026-08-20T19:59:50.369Z,33.49,76.89

2026-08-20T19:59:55.371Z,33.5,76.82

2026-08-20T20:00:00.382Z,33.47,76.84

2026-08-20T20:00:05.371Z,33.49,76.86

2026-08-20T20:00:10.371Z,33.5,76.79

2026-08-20T20:00:15.370Z,33.5,76.82

2026-08-20T20:00:20.372Z,33.51,76.82

2026-08-20T20:00:25.379Z,33.5,76.77

2026-08-20T20:00:30.392Z,33.5,76.83

2026-08-20T20:00:35.378Z,33.5,76.75

2026-08-20T20:00:40.375Z,33.53,76.77

2026-08-20T20:00:45.374Z,33.51,76.7

2026-08-20T20:00:50.396Z,33.51,76.81

2026-08-20T20:00:55.375Z,33.52,76.74

2026-08-20T20:01:00.376Z,33.52,76.74

2026-08-20T20:01:05.379Z,33.54,76.8

2026-08-20T20:01:10.377Z,33.53,76.77

2026-08-20T20:01:15.381Z,33.55,76.73

2026-08-20T20:01:20.391Z,33.55,76.77

2026-08-20T20:01:25.379Z,33.54,76.74

2026-08-20T20:01:30.381Z,33.55,76.71

2026-08-20T20:01:35.381Z,33.55,76.72

2026-08-20T20:01:40.381Z,33.56,76.72

2026-08-20T20:01:45.412Z,33.57,76.68

2026-08-20T20:01:50.405Z,33.57,76.6

2026-08-20T20:01:55.402Z,33.57,76.65

2026-08-20T20:02:00.404Z,33.56,76.65

2026-08-20T20:02:05.404Z,33.57,76.6

2026-08-20T20:02:10.418Z,33.57,76.64

2026-08-20T20:02:15.406Z,33.57,76.52

2026-08-20T20:02:20.405Z,33.58,76.62

2026-08-20T20:02:25.404Z,33.58,76.52

2026-08-20T20:02:30.406Z,33.59,76.59

2026-08-20T20:02:35.407Z,33.57,76.57

2026-08-20T20:02:40.419Z,33.6,76.56

2026-08-20T20:02:45.407Z,33.6,76.6

2026-08-20T20:02:50.408Z,33.58,76.6

2026-08-20T20:02:55.407Z,33.6,76.55

2026-08-20T20:03:00.409Z,33.61,76.57

2026-08-20T20:03:05.411Z,33.6,76.56

2026-08-20T20:03:10.426Z,33.61,76.62

2026-08-20T20:03:15.411Z,33.6,76.64

2026-08-20T20:03:20.410Z,33.61,76.54

2026-08-20T20:03:25.410Z,33.61,76.54

2026-08-20T20:03:30.410Z,33.61,76.6

2026-08-20T20:03:35.434Z,33.62,76.58

2026-08-20T20:03:40.427Z,33.62,76.48

2026-08-20T20:03:45.425Z,33.61,76.5

2026-08-20T20:03:50.426Z,33.63,76.52

2026-08-20T20:03:55.426Z,33.61,76.46

2026-08-20T20:04:00.438Z,33.62,76.53

2026-08-20T20:04:05.426Z,33.61,76.48

2026-08-20T20:04:10.428Z,33.62,76.42

2026-08-20T20:04:15.428Z,33.6,76.51

2026-08-20T20:04:20.432Z,33.63,76.52

2026-08-20T20:04:25.432Z,33.62,76.49

2026-08-20T20:04:30.449Z,33.62,76.56

2026-08-20T20:04:35.432Z,33.63,76.52

2026-08-20T20:04:40.432Z,33.62,76.51

2026-08-20T20:04:45.432Z,33.63,76.47

2026-08-20T20:04:50.432Z,33.63,76.46

2026-08-20T20:04:55.440Z,33.64,76.47

2026-08-20T20:05:00.450Z,33.63,76.52

2026-08-20T20:05:05.440Z,33.64,76.47

2026-08-20T20:05:10.441Z,33.64,76.48

2026-08-20T20:05:15.442Z,33.65,76.47

2026-08-20T20:05:20.442Z,33.64,76.49

2026-08-20T20:05:25.448Z,33.66,76.4

2026-08-20T20:05:30.461Z,33.64,76.49

2026-08-20T20:05:35.446Z,33.65,76.45

2026-08-20T20:05:40.446Z,33.66,76.45

2026-08-20T20:05:45.447Z,33.65,76.47

2026-08-20T20:05:50.446Z,33.66,76.52

2026-08-20T20:05:55.464Z,33.66,76.5

2026-08-20T20:06:00.475Z,33.65,76.48

2026-08-20T20:06:05.463Z,33.67,76.45

2026-08-20T20:06:10.462Z,33.66,76.43

2026-08-20T20:06:15.464Z,33.67,76.42

2026-08-20T20:06:20.462Z,33.68,76.4

2026-08-20T20:06:25.465Z,33.69,76.37

2026-08-20T20:06:30.477Z,33.67,76.46

2026-08-20T20:06:35.465Z,33.67,76.42

2026-08-20T20:06:40.465Z,33.68,76.45

2026-08-20T20:06:45.463Z,33.69,76.36

2026-08-20T20:06:50.466Z,33.69,76.38

2026-08-20T20:06:55.473Z,33.69,76.39

2026-08-20T20:07:00.491Z,33.7,76.36

2026-08-20T20:07:05.474Z,33.7,76.41

2026-08-20T20:07:10.475Z,33.68,76.39

2026-08-20T20:07:15.472Z,33.7,76.41

2026-08-20T20:07:20.476Z,33.68,76.43

2026-08-20T20:07:25.475Z,33.67,76.45

2026-08-20T20:07:30.484Z,33.69,76.42

2026-08-20T20:07:35.473Z,33.69,76.41

2026-08-20T20:07:40.474Z,33.68,76.44

2026-08-20T20:07:45.476Z,33.68,76.44

2026-08-20T20:07:50.485Z,33.66,76.45

2026-08-20T20:07:55.473Z,33.68,76.46

2026-08-20T20:08:00.476Z,33.69,76.42

2026-08-20T20:08:05.502Z,33.69,76.46

2026-08-20T20:08:10.512Z,33.68,76.43

2026-08-20T20:08:15.507Z,33.69,76.43

2026-08-20T20:08:20.514Z,33.69,76.43

2026-08-20T20:08:25.508Z,33.7,76.47

2026-08-20T20:08:30.507Z,33.7,76.42

2026-08-20T20:08:35.506Z,33.7,76.4

2026-08-20T20:08:40.520Z,33.71,76.46

2026-08-20T20:08:45.505Z,33.71,76.4

2026-08-20T20:08:50.508Z,33.71,76.38

2026-08-20T20:08:55.507Z,33.72,76.44

2026-08-20T20:09:00.507Z,33.73,76.41

2026-08-20T20:09:05.508Z,33.72,76.4

2026-08-20T20:09:10.519Z,33.7,76.39

2026-08-20T20:09:15.506Z,33.7,76.34

2026-08-20T20:09:20.510Z,33.71,76.35

2026-08-20T20:09:25.509Z,33.73,76.37

2026-08-20T20:09:30.509Z,33.72,76.34

2026-08-20T20:09:35.511Z,33.72,76.39

2026-08-20T20:09:40.525Z,33.71,76.38

2026-08-20T20:09:45.511Z,33.73,76.31

2026-08-20T20:09:50.514Z,33.73,76.37

2026-08-20T20:09:55.511Z,33.71,76.38

2026-08-20T20:10:00.515Z,33.71,76.35

2026-08-20T20:10:05.523Z,33.73,76.36

2026-08-20T20:10:10.533Z,33.72,76.43

2026-08-20T20:10:15.524Z,33.72,76.38

2026-08-20T20:10:20.525Z,33.73,76.42

2026-08-20T20:10:25.524Z,33.71,76.33

2026-08-20T20:10:30.525Z,33.74,76.33

2026-08-20T20:10:35.538Z,33.72,76.36

2026-08-20T20:10:40.551Z,33.71,76.45

2026-08-20T20:10:45.537Z,33.74,76.36

2026-08-20T20:10:50.538Z,33.74,76.4

2026-08-20T20:10:55.535Z,33.74,76.39

2026-08-20T20:11:00.539Z,33.75,76.36

2026-08-20T20:11:05.543Z,33.74,76.4

2026-08-20T20:11:10.553Z,33.75,76.37

2026-08-20T20:11:15.544Z,33.74,76.33

2026-08-20T20:11:20.543Z,33.75,76.31

2026-08-20T20:11:25.546Z,33.74,76.35

2026-08-20T20:11:30.557Z,33.75,76.33

2026-08-20T20:11:35.542Z,33.75,76.35

2026-08-20T20:11:40.544Z,33.77,76.34

2026-08-20T20:11:45.565Z,33.78,76.31

2026-08-20T20:11:50.555Z,33.76,76.37

2026-08-20T20:11:55.554Z,33.77,76.35

2026-08-20T20:12:00.555Z,33.79,76.26

2026-08-20T20:12:05.557Z,33.77,76.27

2026-08-20T20:12:10.571Z,33.77,76.33

2026-08-20T20:12:15.555Z,33.79,76.27

2026-08-20T20:12:20.553Z,33.79,76.32

2026-08-20T20:12:25.554Z,33.77,76.29

2026-08-20T20:12:30.555Z,33.78,76.35

2026-08-20T20:12:35.562Z,33.79,76.24

2026-08-20T20:12:40.575Z,33.79,76.26

2026-08-20T20:12:45.562Z,33.79,76.24

2026-08-20T20:12:50.561Z,33.8,76.19

2026-08-20T20:12:55.560Z,33.79,76.23

2026-08-20T20:13:00.563Z,33.78,76.23

2026-08-20T20:13:05.569Z,33.78,76.24

2026-08-20T20:13:10.579Z,33.81,76.27

2026-08-20T20:13:15.568Z,33.79,76.26

2026-08-20T20:13:20.571Z,33.79,76.28

2026-08-20T20:13:25.566Z,33.81,76.2

2026-08-20T20:13:30.569Z,33.79,76.2

2026-08-20T20:13:35.594Z,33.8,76.21

2026-08-20T20:13:40.602Z,33.79,76.26

2026-08-20T20:13:45.590Z,33.8,76.2

2026-08-20T20:13:50.589Z,33.79,76.2

2026-08-20T20:13:55.589Z,33.8,76.23

2026-08-20T20:14:00.591Z,33.81,76.2

2026-08-20T20:14:05.598Z,33.82,76.23

2026-08-20T20:14:10.612Z,33.77,76.26

2026-08-20T20:14:15.596Z,33.8,76.21

2026-08-20T20:14:20.595Z,33.81,76.22

2026-08-20T20:14:25.595Z,33.79,76.18

2026-08-20T20:14:30.595Z,33.8,76.22

2026-08-20T20:14:35.600Z,33.79,76.19

2026-08-20T20:14:40.610Z,33.8,76.18

2026-08-20T20:14:45.598Z,33.8,76.22

2026-08-20T20:14:50.598Z,33.81,76.24

2026-08-20T20:14:55.596Z,33.8,76.25

2026-08-20T20:15:00.597Z,33.81,76.19

2026-08-20T20:15:05.601Z,33.8,76.18

2026-08-20T20:15:10.616Z,33.8,76.24

2026-08-20T20:15:15.599Z,33.81,76.21

2026-08-20T20:15:20.599Z,33.79,76.21

2026-08-20T20:15:25.598Z,33.83,76.19

2026-08-20T20:15:30.600Z,33.81,76.22

2026-08-20T20:15:35.618Z,33.83,76.23

2026-08-20T20:15:40.630Z,33.81,76.24

2026-08-20T20:15:45.617Z,33.84,76.19

2026-08-20T20:15:50.614Z,33.82,76.16

2026-08-20T20:15:55.614Z,33.83,76.15

2026-08-20T20:16:00.618Z,33.82,76.15

2026-08-20T20:16:05.628Z,33.84,76.21

2026-08-20T20:16:10.646Z,33.84,76.24

2026-08-20T20:16:15.629Z,33.83,76.19

2026-08-20T20:16:20.629Z,33.84,76.17

2026-08-20T20:16:25.626Z,33.84,76.12

2026-08-20T20:16:30.628Z,33.84,76.08

2026-08-20T20:16:35.643Z,33.83,76.16

2026-08-20T20:16:40.658Z,33.84,76.17

2026-08-20T20:16:45.645Z,33.85,76.14

2026-08-20T20:16:50.647Z,33.86,76.19

2026-08-20T20:16:55.645Z,33.83,76.16

2026-08-20T20:17:00.645Z,33.85,76.18

2026-08-20T20:17:05.654Z,33.84,76.12

2026-08-20T20:17:10.663Z,33.84,76.19

2026-08-20T20:17:15.653Z,33.85,76.17

2026-08-20T20:17:20.656Z,33.85,76.16

2026-08-20T20:17:25.655Z,33.83,76.19

2026-08-20T20:17:30.654Z,33.84,76.16

2026-08-20T20:17:35.657Z,33.84,76.17

2026-08-20T20:17:40.669Z,33.86,76.22

2026-08-20T20:17:45.657Z,33.85,76.08

2026-08-20T20:17:50.658Z,33.86,76.11

2026-08-20T20:17:55.656Z,33.87,76.1

2026-08-20T20:18:00.657Z,33.85,76.09

2026-08-20T20:18:05.667Z,33.86,76.15

2026-08-20T20:18:10.679Z,33.86,76.13

2026-08-20T20:18:15.666Z,33.86,76.12

2026-08-20T20:18:20.666Z,33.86,76.12

2026-08-20T20:18:25.668Z,33.86,76.09

2026-08-20T20:18:30.668Z,33.87,76.05

2026-08-20T20:18:35.671Z,33.86,76.09

2026-08-20T20:18:40.680Z,33.87,76.13

2026-08-20T20:18:45.669Z,33.87,76.14

2026-08-20T20:18:50.669Z,33.87,76.06

2026-08-20T20:18:55.669Z,33.88,76.07

2026-08-20T20:19:00.680Z,33.88,76.14

2026-08-20T20:19:05.670Z,33.88,76.1

2026-08-20T20:19:10.669Z,33.87,76.02

2026-08-20T20:19:15.671Z,33.87,76.09

2026-08-20T20:19:20.672Z,33.88,76.1

2026-08-20T20:19:25.687Z,33.87,76.1

2026-08-20T20:19:30.698Z,33.89,76.12

2026-08-20T20:19:35.684Z,33.88,76.08

2026-08-20T20:19:40.687Z,33.87,76.04

2026-08-20T20:19:45.687Z,33.89,76.08

2026-08-20T20:19:50.686Z,33.89,76.09

2026-08-20T20:19:55.698Z,33.88,76.04

2026-08-20T20:20:00.706Z,33.89,76.08

2026-08-20T20:20:05.694Z,33.9,76.08

2026-08-20T20:20:10.695Z,33.89,76.08

2026-08-20T20:20:15.696Z,33.86,76.05

2026-08-20T20:20:20.697Z,33.9,76.06

2026-08-20T20:20:25.712Z,33.9,76.06

2026-08-20T20:20:30.720Z,33.9,76.09

2026-08-20T20:20:35.708Z,33.9,76.05

2026-08-20T20:20:40.710Z,33.9,76.03

2026-08-20T20:20:45.709Z,33.88,76.04

2026-08-20T20:20:50.708Z,33.9,76.07

2026-08-20T20:20:55.717Z,33.9,76.1

2026-08-20T20:21:00.726Z,33.88,76.1

2026-08-20T20:21:05.716Z,33.91,76.11

2026-08-20T20:21:10.716Z,33.89,76.03

2026-08-20T20:21:15.716Z,33.9,76.01

2026-08-20T20:21:20.717Z,33.9,76.03

2026-08-20T20:21:25.726Z,33.9,76.03

2026-08-20T20:21:30.740Z,33.89,76.11

2026-08-20T20:21:35.725Z,33.91,76.08

2026-08-20T20:21:40.739Z,33.9,76.06

2026-08-20T20:21:45.727Z,33.89,76.03

2026-08-20T20:21:50.726Z,33.89,76.1

2026-08-20T20:21:55.727Z,33.89,76.05

2026-08-20T20:22:00.727Z,33.89,76.05

2026-08-20T20:22:05.729Z,33.89,76.07

2026-08-20T20:22:10.741Z,33.89,76.13

2026-08-20T20:22:15.728Z,33.9,76.07

2026-08-20T20:22:20.728Z,33.91,76.07

2026-08-20T20:22:25.728Z,33.91,76.09

2026-08-20T20:22:30.738Z,33.9,76.12

2026-08-20T20:22:35.729Z,33.9,76.09

2026-08-20T20:22:40.727Z,33.89,76.08

2026-08-20T20:22:45.728Z,33.89,76.04

2026-08-20T20:22:50.728Z,33.91,76.06

2026-08-20T20:22:55.728Z,33.89,76.04

2026-08-20T20:23:00.739Z,33.88,76.07

2026-08-20T20:23:05.728Z,33.9,76.09

2026-08-20T20:23:10.730Z,33.9,76.07

2026-08-20T20:23:15.729Z,33.91,75.98

2026-08-20T20:23:20.732Z,33.91,76.03

2026-08-20T20:23:25.738Z,33.9,75.98

2026-08-20T20:23:30.749Z,33.9,76.03

2026-08-20T20:23:35.741Z,33.9,76

2026-08-20T20:23:40.736Z,33.9,75.99

2026-08-20T20:23:45.735Z,33.94,76.01

2026-08-20T20:23:50.736Z,33.92,75.97

2026-08-20T20:23:55.744Z,33.92,76.05

2026-08-20T20:24:00.756Z,33.92,76.04

2026-08-20T20:24:05.744Z,33.93,76.02

2026-08-20T20:24:10.743Z,33.93,76

2026-08-20T20:24:15.746Z,33.93,76.02

2026-08-20T20:24:20.744Z,33.93,75.99

2026-08-20T20:24:25.746Z,33.93,76.06

2026-08-20T20:24:30.760Z,33.92,75.99

2026-08-20T20:24:35.746Z,33.93,75.96

2026-08-20T20:24:40.747Z,33.94,75.93

2026-08-20T20:24:45.761Z,33.93,75.99

2026-08-20T20:24:50.772Z,33.92,76

2026-08-20T20:24:55.761Z,33.94,75.94

2026-08-20T20:25:00.759Z,33.92,75.96

2026-08-20T20:25:05.759Z,33.94,75.97

2026-08-20T20:25:10.758Z,33.93,75.91

2026-08-20T20:25:15.776Z,33.95,75.92

2026-08-20T20:25:20.786Z,33.95,75.93

2026-08-20T20:25:25.776Z,33.96,75.9

2026-08-20T20:25:30.777Z,33.96,75.88

2026-08-20T20:25:35.779Z,33.97,75.89

2026-08-20T20:25:40.792Z,33.97,75.93

2026-08-20T20:25:45.780Z,33.96,75.9

2026-08-20T20:25:50.792Z,33.94,75.88

2026-08-20T20:25:55.780Z,33.96,75.91

2026-08-20T20:26:00.778Z,33.98,75.87

2026-08-20T20:26:05.779Z,33.96,75.92

2026-08-20T20:26:10.779Z,33.96,75.91

2026-08-20T20:26:15.780Z,33.97,75.85

2026-08-20T20:26:20.794Z,33.96,75.94

2026-08-20T20:26:25.781Z,33.97,75.86

2026-08-20T20:26:30.782Z,33.98,75.88

2026-08-20T20:26:35.781Z,33.97,75.89

2026-08-20T20:26:40.780Z,33.98,75.91

2026-08-20T20:26:45.781Z,33.97,75.85

2026-08-20T20:26:50.796Z,33.99,75.88

2026-08-20T20:26:55.783Z,33.97,75.81

2026-08-20T20:27:00.783Z,33.99,75.83

2026-08-20T20:27:05.783Z,34,75.86

2026-08-20T20:27:10.787Z,33.97,75.82

2026-08-20T20:27:15.792Z,34,75.82

2026-08-20T20:27:20.803Z,33.98,75.9

2026-08-20T20:27:25.791Z,33.98,75.84

2026-08-20T20:27:30.794Z,33.98,75.78

2026-08-20T20:27:35.794Z,33.97,75.83

2026-08-20T20:27:40.796Z,33.97,75.84

2026-08-20T20:27:45.815Z,33.99,75.86

2026-08-20T20:27:50.826Z,34,75.85

2026-08-20T20:27:55.812Z,34.01,75.83

2026-08-20T20:28:00.812Z,33.99,75.85

2026-08-20T20:28:05.814Z,33.99,75.86

2026-08-20T20:28:10.816Z,34,75.86

2026-08-20T20:28:15.825Z,34,75.81

2026-08-20T20:28:20.833Z,33.99,75.94

2026-08-20T20:28:25.821Z,33.99,75.9

2026-08-20T20:28:30.836Z,33.99,75.9

2026-08-20T20:28:35.822Z,33.99,75.84

2026-08-20T20:28:40.824Z,34.01,75.87

2026-08-20T20:28:45.824Z,33.98,75.87

2026-08-20T20:28:50.836Z,33.96,75.91

2026-08-20T20:28:55.824Z,33.98,75.88

2026-08-20T20:29:00.825Z,33.99,75.89

2026-08-20T20:29:05.825Z,33.99,75.88

2026-08-20T20:29:10.825Z,34.01,75.83

2026-08-20T20:29:15.828Z,33.99,75.84

2026-08-20T20:29:20.840Z,34,75.89

2026-08-20T20:29:25.827Z,34,75.83

2026-08-20T20:29:30.828Z,34,75.87

2026-08-20T20:29:35.828Z,33.99,75.83

2026-08-20T20:29:40.829Z,34,75.83

2026-08-20T20:29:45.832Z,33.97,75.87

2026-08-20T20:29:50.842Z,33.98,75.94

2026-08-20T20:29:55.830Z,33.99,75.93

2026-08-20T20:30:00.830Z,34,75.92

2026-08-20T20:30:05.830Z,33.99,75.86

2026-08-20T20:30:10.832Z,34,75.86

2026-08-20T20:30:15.843Z,33.97,75.88

2026-08-20T20:30:20.856Z,33.98,75.95

2026-08-20T20:30:25.843Z,33.97,75.88

2026-08-20T20:30:30.844Z,33.98,75.93

2026-08-20T20:30:35.844Z,33.99,75.94

2026-08-20T20:30:40.849Z,33.97,75.93

2026-08-20T20:30:45.853Z,33.99,75.9

2026-08-20T20:30:50.867Z,33.96,75.96

2026-08-20T20:30:55.852Z,33.96,75.9

2026-08-20T20:31:00.855Z,33.97,75.98

2026-08-20T20:31:05.853Z,33.97,75.89

2026-08-20T20:31:10.866Z,33.97,75.94

2026-08-20T20:31:15.854Z,33.98,75.89

2026-08-20T20:31:20.870Z,33.98,75.95

2026-08-20T20:31:25.856Z,33.96,75.96

2026-08-20T20:31:30.874Z,33.98,75.92

2026-08-20T20:31:35.856Z,33.99,75.92

2026-08-20T20:31:40.857Z,33.98,75.93

2026-08-20T20:31:45.855Z,33.97,75.92

2026-08-20T20:31:50.859Z,33.98,75.94

2026-08-20T20:31:55.858Z,33.98,75.91

2026-08-20T20:32:00.871Z,33.97,75.97

2026-08-20T20:32:05.859Z,33.98,75.91

2026-08-20T20:32:10.859Z,33.99,75.9

2026-08-20T20:32:15.859Z,33.99,75.89

2026-08-20T20:32:20.861Z,33.99,75.91

2026-08-20T20:32:25.860Z,33.99,75.89

2026-08-20T20:32:30.872Z,33.97,75.95

2026-08-20T20:32:35.859Z,34.01,75.91

2026-08-20T20:32:40.862Z,34,75.95

2026-08-20T20:32:45.862Z,34,75.94

2026-08-20T20:32:50.861Z,33.99,75.92

2026-08-20T20:32:55.868Z,33.99,75.9

2026-08-20T20:33:00.883Z,33.97,75.93

2026-08-20T20:33:05.866Z,34.01,75.89

2026-08-20T20:33:10.868Z,33.99,75.95

2026-08-20T20:33:15.867Z,33.99,75.92

2026-08-20T20:33:20.868Z,33.98,75.9

2026-08-20T20:33:25.879Z,34,75.99

2026-08-20T20:33:30.891Z,34.01,75.93

2026-08-20T20:33:35.879Z,34,75.86

2026-08-20T20:33:40.877Z,34,75.9

2026-08-20T20:33:45.886Z,34,75.91

2026-08-20T20:33:50.899Z,33.98,75.93

2026-08-20T20:33:55.888Z,34,75.87

2026-08-20T20:34:00.886Z,34.01,75.86

2026-08-20T20:34:05.886Z,34.02,75.89

2026-08-20T20:34:10.887Z,34.01,75.9

2026-08-20T20:34:15.898Z,33.99,75.91

2026-08-20T20:34:20.904Z,34.01,75.99

2026-08-20T20:34:25.898Z,33.99,75.9

2026-08-20T20:34:30.897Z,34,75.95

2026-08-20T20:34:35.896Z,34,75.9

2026-08-20T20:34:40.915Z,34.01,75.96

2026-08-20T20:34:45.906Z,34,75.97

2026-08-20T20:34:50.914Z,34,76.01

2026-08-20T20:34:55.905Z,33.98,75.94

2026-08-20T20:35:00.904Z,34,75.89

2026-08-20T20:35:05.904Z,33.98,76.03

2026-08-20T20:35:10.905Z,34,75.97

2026-08-20T20:35:15.905Z,33.98,75.97

2026-08-20T20:35:20.919Z,34.01,76.01

2026-08-20T20:35:25.907Z,34,75.96

2026-08-20T20:35:30.908Z,34.01,75.98

2026-08-20T20:35:35.906Z,33.99,75.9

2026-08-20T20:35:40.910Z,34,75.97

2026-08-20T20:35:45.909Z,34,75.96

2026-08-20T20:35:50.929Z,33.99,76.02

2026-08-20T20:35:55.913Z,34.01,75.93

2026-08-20T20:36:00.911Z,33.99,75.94

2026-08-20T20:36:05.909Z,34.01,75.97

2026-08-20T20:36:10.910Z,34,75.88

2026-08-20T20:36:15.918Z,34.01,75.93

2026-08-20T20:36:20.931Z,33.97,75.98

2026-08-20T20:36:25.917Z,33.99,75.98

2026-08-20T20:36:30.917Z,33.99,75.92

2026-08-20T20:36:35.919Z,33.99,75.99

2026-08-20T20:36:40.917Z,34.01,75.97

2026-08-20T20:36:45.924Z,34,75.93

2026-08-20T20:36:50.935Z,34,76.01

2026-08-20T20:36:55.923Z,34,75.98

2026-08-20T20:37:00.925Z,34.02,75.95

2026-08-20T20:37:05.923Z,34,75.94

2026-08-20T20:37:10.924Z,33.99,75.99

2026-08-20T20:37:15.933Z,34.01,76.01

2026-08-20T20:37:20.941Z,34.02,76.01

2026-08-20T20:37:25.930Z,34,75.97

2026-08-20T20:37:30.931Z,34.02,75.94

2026-08-20T20:37:35.948Z,33.99,75.98

2026-08-20T20:37:40.954Z,34.02,75.92

2026-08-20T20:37:45.944Z,34.02,75.98

2026-08-20T20:37:50.944Z,34,75.98

2026-08-20T20:37:55.944Z,34,75.95

2026-08-20T20:38:00.945Z,34.01,75.95

2026-08-20T20:38:05.955Z,34,76

2026-08-20T20:38:10.964Z,33.99,76.03

2026-08-20T20:38:15.955Z,34,76.04

2026-08-20T20:38:20.954Z,34,75.99

2026-08-20T20:38:25.954Z,34,75.99

2026-08-20T20:38:30.956Z,33.99,75.96

2026-08-20T20:38:35.965Z,33.98,76

2026-08-20T20:38:40.980Z,33.99,76.01

2026-08-20T20:38:45.964Z,34,75.95

2026-08-20T20:38:50.963Z,33.98,75.98

2026-08-20T20:38:55.965Z,34.01,76.03

2026-08-20T20:39:00.965Z,33.99,75.99

2026-08-20T20:39:05.970Z,33.99,76.04

2026-08-20T20:39:10.980Z,34.01,75.98

2026-08-20T20:39:15.968Z,33.98,75.96

2026-08-20T20:39:20.968Z,34,76.01

2026-08-20T20:39:25.969Z,34.01,76

2026-08-20T20:39:30.969Z,34.02,76.04

2026-08-20T20:39:35.987Z,34,75.98

2026-08-20T20:39:40.996Z,34,76.08

2026-08-20T20:39:45.983Z,33.99,76.01

2026-08-20T20:39:50.983Z,34.02,76

2026-08-20T20:39:55.983Z,34.02,76.01

2026-08-20T20:40:00.993Z,33.99,76.03

2026-08-20T20:40:05.984Z,34.02,76.02

2026-08-20T20:40:10.994Z,33.99,75.97

2026-08-20T20:40:15.983Z,33.99,75.96

2026-08-20T20:40:20.985Z,33.99,75.97

2026-08-20T20:40:25.982Z,34,75.98

2026-08-20T20:40:30.984Z,33.99,76.02

2026-08-20T20:40:35.988Z,34,75.99

2026-08-20T20:40:41.002Z,34,76.03

2026-08-20T20:40:45.987Z,34.01,75.97

2026-08-20T20:40:50.986Z,34,76.04

2026-08-20T20:40:55.987Z,33.99,75.98

2026-08-20T20:41:00.987Z,34.01,76.01

2026-08-20T20:41:05.988Z,33.97,76.03

2026-08-20T20:41:11.001Z,33.99,76

2026-08-20T20:41:15.988Z,34,76.02

2026-08-20T20:41:20.988Z,34,76.02

2026-08-20T20:41:25.991Z,33.99,76.01

2026-08-20T20:41:30.989Z,33.99,76.01

2026-08-20T20:41:35.998Z,33.98,76

2026-08-20T20:41:41.009Z,33.98,76.04

2026-08-20T20:41:45.997Z,33.98,76.07

2026-08-20T20:41:51.001Z,33.99,76.01

2026-08-20T20:41:55.999Z,33.98,76

2026-08-20T20:42:00.999Z,33.97,75.97

2026-08-20T20:42:06.016Z,33.97,76.01

2026-08-20T20:42:11.027Z,33.99,76.09

2026-08-20T20:42:16.014Z,33.97,76.04

2026-08-20T20:42:21.015Z,33.99,76.04

2026-08-20T20:42:26.015Z,33.96,76.01

2026-08-20T20:42:31.015Z,33.99,76.07

2026-08-20T20:42:36.015Z,33.98,76.04

2026-08-20T20:42:41.031Z,33.97,76.13

2026-08-20T20:42:46.017Z,33.96,76.05

2026-08-20T20:42:51.018Z,33.98,76.06

2026-08-20T20:42:56.019Z,33.99,76.05

2026-08-20T20:43:01.018Z,33.95,76.06

2026-08-20T20:43:06.029Z,33.99,76.08

2026-08-20T20:43:11.042Z,33.97,76.08

2026-08-20T20:43:16.029Z,33.97,76.09

2026-08-20T20:43:21.027Z,33.97,75.98

2026-08-20T20:43:26.028Z,33.99,76.05

2026-08-20T20:43:31.028Z,33.97,75.99

2026-08-20T20:43:36.037Z,33.99,76

2026-08-20T20:43:41.048Z,33.98,76.07

2026-08-20T20:43:46.036Z,33.98,75.99

2026-08-20T20:43:51.039Z,33.98,76.07

2026-08-20T20:43:56.037Z,33.99,76.04

2026-08-20T20:44:01.037Z,34,76.06

2026-08-20T20:44:06.053Z,33.96,76.01

2026-08-20T20:44:11.062Z,33.98,76.05

2026-08-20T20:44:16.060Z,33.98,76.06

2026-08-20T20:44:21.052Z,34,76.04

2026-08-20T20:44:26.051Z,33.99,76.01

2026-08-20T20:44:31.054Z,33.99,76.08

2026-08-20T20:44:36.054Z,33.97,75.97

2026-08-20T20:44:41.065Z,33.96,75.98

2026-08-20T20:44:46.052Z,33.99,75.99

2026-08-20T20:44:51.055Z,33.97,75.98

2026-08-20T20:44:56.053Z,33.99,75.99

2026-08-20T20:45:01.055Z,33.97,75.97

2026-08-20T20:45:06.053Z,33.99,75.92

2026-08-20T20:45:11.070Z,33.99,76.01

2026-08-20T20:45:16.053Z,34.01,75.99

2026-08-20T20:45:21.055Z,33.99,75.97

2026-08-20T20:45:26.054Z,33.97,75.92

2026-08-20T20:45:31.057Z,33.99,75.94

2026-08-20T20:45:36.060Z,33.99,75.97

2026-08-20T20:45:41.072Z,33.97,75.98

2026-08-20T20:45:46.058Z,33.99,76.01

2026-08-20T20:45:51.057Z,33.98,75.99

2026-08-20T20:45:56.058Z,33.99,76.03

2026-08-20T20:46:01.058Z,33.98,76

2026-08-20T20:46:06.076Z,33.97,76.07

2026-08-20T20:46:11.086Z,33.97,76.06

2026-08-20T20:46:16.076Z,33.98,75.98

2026-08-20T20:46:21.077Z,33.98,76

2026-08-20T20:46:26.085Z,33.99,76.07

2026-08-20T20:46:31.082Z,33.98,76.02

2026-08-20T20:46:36.082Z,33.97,76.02

2026-08-20T20:46:41.084Z,33.97,75.96

2026-08-20T20:46:46.084Z,33.96,76.01

2026-08-20T20:46:51.097Z,33.96,76

2026-08-20T20:46:56.083Z,33.96,75.99

2026-08-20T20:47:01.085Z,33.96,75.96

2026-08-20T20:47:06.086Z,33.97,76

2026-08-20T20:47:11.085Z,33.98,76

2026-08-20T20:47:16.085Z,33.98,75.98

2026-08-20T20:47:21.099Z,33.96,75.97

2026-08-20T20:47:26.086Z,33.96,76.03

2026-08-20T20:47:31.087Z,33.96,75.94

2026-08-20T20:47:36.085Z,33.98,75.96

2026-08-20T20:47:41.086Z,33.97,75.95

2026-08-20T20:47:46.086Z,33.98,75.98

2026-08-20T20:47:51.099Z,33.97,75.97

2026-08-20T20:47:56.086Z,33.97,76

2026-08-20T20:48:01.087Z,33.97,75.99

2026-08-20T20:48:06.086Z,33.97,75.99

2026-08-20T20:48:11.087Z,33.98,75.98

2026-08-20T20:48:16.087Z,33.98,76.01

2026-08-20T20:48:21.103Z,33.95,75.97

2026-08-20T20:48:26.089Z,33.99,75.99

2026-08-20T20:48:31.088Z,33.98,75.93

2026-08-20T20:48:36.087Z,33.97,75.99

2026-08-20T20:48:41.086Z,33.97,76

2026-08-20T20:48:46.097Z,33.96,75.99

2026-08-20T20:48:51.108Z,33.97,75.99

2026-08-20T20:48:56.095Z,33.99,75.88

2026-08-20T20:49:01.099Z,33.98,75.97

2026-08-20T20:49:06.100Z,33.97,75.94

2026-08-20T20:49:11.103Z,33.97,75.89

2026-08-20T20:49:16.114Z,34,75.92

2026-08-20T20:49:21.125Z,33.98,75.92

2026-08-20T20:49:26.114Z,33.98,75.88

2026-08-20T20:49:31.113Z,33.99,75.85

2026-08-20T20:49:36.115Z,33.97,75.87

2026-08-20T20:49:41.116Z,33.97,75.85

2026-08-20T20:49:46.123Z,33.99,75.79

2026-08-20T20:49:51.133Z,33.98,75.82

2026-08-20T20:49:56.120Z,33.97,75.74

2026-08-20T20:50:01.125Z,33.97,75.82

2026-08-20T20:50:06.123Z,34.02,75.78

2026-08-20T20:50:11.123Z,33.97,75.79

2026-08-20T20:50:16.131Z,33.97,75.77

2026-08-20T20:50:21.140Z,33.98,75.85

2026-08-20T20:50:26.129Z,33.96,75.86

2026-08-20T20:50:31.128Z,33.99,75.87

2026-08-20T20:50:36.127Z,33.96,75.89

2026-08-20T20:50:41.129Z,33.98,75.84

2026-08-20T20:50:46.134Z,33.98,75.82

2026-08-20T20:50:51.144Z,33.98,75.92

2026-08-20T20:50:56.136Z,33.99,75.88

2026-08-20T20:51:01.136Z,33.97,75.84

2026-08-20T20:51:06.136Z,33.98,75.82

2026-08-20T20:51:11.135Z,33.98,75.82

2026-08-20T20:51:16.141Z,33.97,75.87

2026-08-20T20:51:21.154Z,33.96,75.88

2026-08-20T20:51:26.139Z,33.99,75.91

2026-08-20T20:51:31.139Z,33.99,75.86

2026-08-20T20:51:36.140Z,33.98,75.85

2026-08-20T20:51:41.141Z,33.96,75.83

2026-08-20T20:51:46.143Z,33.98,75.82

2026-08-20T20:51:51.152Z,33.98,75.89

2026-08-20T20:51:56.141Z,33.98,75.86

2026-08-20T20:52:01.142Z,33.99,75.87

2026-08-20T20:52:06.141Z,34,75.77

2026-08-20T20:52:11.143Z,34.01,75.76

2026-08-20T20:52:16.144Z,34,75.82

2026-08-20T20:52:21.153Z,33.99,75.76

2026-08-20T20:52:26.144Z,34.01,75.67

2026-08-20T20:52:31.145Z,33.99,75.76

2026-08-20T20:52:36.146Z,34,75.8

2026-08-20T20:52:41.146Z,34.01,75.76

2026-08-20T20:52:46.158Z,34,75.81

2026-08-20T20:52:51.169Z,34,75.79

2026-08-20T20:52:56.158Z,34,75.8

2026-08-20T20:53:01.160Z,33.98,75.78

2026-08-20T20:53:06.159Z,33.99,75.8

2026-08-20T20:53:11.159Z,33.99,75.72

2026-08-20T20:53:16.176Z,33.99,75.74

2026-08-20T20:53:21.188Z,34.01,75.79

2026-08-20T20:53:26.174Z,34.02,75.74

2026-08-20T20:53:31.175Z,33.99,75.72

2026-08-20T20:53:36.176Z,33.98,75.7

2026-08-20T20:53:41.177Z,34,75.71

2026-08-20T20:53:46.186Z,34.02,75.68

2026-08-20T20:53:51.196Z,34.01,75.7

2026-08-20T20:53:56.186Z,34.02,75.68

2026-08-20T20:54:01.185Z,33.99,75.64

2026-08-20T20:54:06.186Z,33.99,75.68

2026-08-20T20:54:11.187Z,34.01,75.73

2026-08-20T20:54:16.196Z,34.02,75.71

2026-08-20T20:54:21.207Z,34,75.73

2026-08-20T20:54:26.194Z,34.02,75.7

2026-08-20T20:54:31.194Z,34.02,75.69

2026-08-20T20:54:36.194Z,34.01,75.75

2026-08-20T20:54:41.195Z,34.01,75.67

2026-08-20T20:54:46.207Z,34.02,75.69

2026-08-20T20:54:51.221Z,34.02,75.73

2026-08-20T20:54:56.205Z,34.02,75.66

2026-08-20T20:55:01.205Z,34.03,75.65

2026-08-20T20:55:06.205Z,34.02,75.65

2026-08-20T20:55:11.206Z,34.03,75.67

2026-08-20T20:55:16.206Z,34.02,75.63

2026-08-20T20:55:21.216Z,34.03,75.57

2026-08-20T20:55:26.208Z,34.02,75.62

2026-08-20T20:55:31.220Z,34.02,75.72

2026-08-20T20:55:36.207Z,34.03,75.59

2026-08-20T20:55:41.208Z,34.03,75.59

2026-08-20T20:55:46.208Z,34.01,75.57

2026-08-20T20:55:51.218Z,34.02,75.6

2026-08-20T20:55:56.207Z,34.01,75.6

2026-08-20T20:56:01.222Z,34.04,75.6

2026-08-20T20:56:06.209Z,34.02,75.52

2026-08-20T20:56:11.210Z,34.01,75.55

2026-08-20T20:56:16.210Z,34.01,75.57

2026-08-20T20:56:21.209Z,34.03,75.54

2026-08-20T20:56:26.209Z,34.04,75.56

2026-08-20T20:56:31.224Z,34.03,75.6

2026-08-20T20:56:36.214Z,34.03,75.61

2026-08-20T20:56:41.214Z,34.02,75.56

2026-08-20T20:56:46.214Z,34.03,75.59

2026-08-20T20:56:51.213Z,34.02,75.55

2026-08-20T20:56:56.213Z,34.01,75.49

2026-08-20T20:57:01.224Z,34.01,75.53

2026-08-20T20:57:06.212Z,34.01,75.53

2026-08-20T20:57:11.213Z,34.01,75.51

2026-08-20T20:57:16.214Z,34.02,75.54

2026-08-20T20:57:21.214Z,34.01,75.57

2026-08-20T20:57:26.225Z,34.01,75.55

2026-08-20T20:57:31.235Z,34,75.58

2026-08-20T20:57:36.226Z,34,75.63

2026-08-20T20:57:41.224Z,34,75.61

2026-08-20T20:57:46.225Z,34,75.58

2026-08-20T20:57:51.226Z,33.98,75.61

2026-08-20T20:57:56.236Z,33.99,75.53

2026-08-20T20:58:01.246Z,33.97,75.59

2026-08-20T20:58:06.236Z,33.99,75.63

2026-08-20T20:58:11.236Z,33.98,75.64

2026-08-20T20:58:16.237Z,33.99,75.62

2026-08-20T20:58:21.238Z,33.97,75.63

2026-08-20T20:58:26.248Z,33.99,75.68

2026-08-20T20:58:31.259Z,33.97,75.7

2026-08-20T20:58:36.248Z,33.98,75.66

2026-08-20T20:58:41.247Z,33.98,75.63

2026-08-20T20:58:46.247Z,33.98,75.64

2026-08-20T20:58:51.248Z,33.98,75.66

2026-08-20T20:58:56.262Z,33.97,75.63

2026-08-20T20:59:01.273Z,33.96,75.73

2026-08-20T20:59:06.261Z,33.98,75.7

2026-08-20T20:59:11.260Z,33.98,75.68

2026-08-20T20:59:16.260Z,33.97,75.7

2026-08-20T20:59:21.260Z,33.96,75.68

2026-08-20T20:59:26.263Z,33.95,75.74

2026-08-20T20:59:31.275Z,33.95,75.73

2026-08-20T20:59:36.265Z,33.96,75.71

2026-08-20T20:59:41.264Z,33.93,75.74

2026-08-20T20:59:46.265Z,33.97,75.71

2026-08-20T20:59:51.265Z,33.95,75.74

2026-08-20T20:59:56.291Z,33.96,75.72

2026-08-20T21:00:01.284Z,33.94,75.74

2026-08-20T21:00:06.288Z,33.95,75.77

2026-08-20T21:00:11.284Z,33.94,75.71

2026-08-20T21:00:16.284Z,33.95,75.72

2026-08-20T21:00:21.294Z,33.94,75.77

2026-08-20T21:00:26.284Z,33.95,75.69

2026-08-20T21:00:31.288Z,33.94,75.73

2026-08-20T21:00:36.289Z,33.93,75.72

2026-08-20T21:00:41.286Z,33.93,75.68

2026-08-20T21:00:46.288Z,33.94,75.66

2026-08-20T21:00:51.300Z,33.93,75.69

2026-08-20T21:00:56.289Z,33.93,75.63

2026-08-20T21:01:01.288Z,33.95,75.7

2026-08-20T21:01:06.290Z,33.93,75.7

2026-08-20T21:01:11.290Z,33.93,75.76

2026-08-20T21:01:16.290Z,33.96,75.7

2026-08-20T21:01:21.302Z,33.92,75.75

2026-08-20T21:01:26.289Z,33.95,75.71

2026-08-20T21:01:31.290Z,33.94,75.72

2026-08-20T21:01:36.291Z,33.93,75.72

2026-08-20T21:01:41.292Z,33.93,75.76

2026-08-20T21:01:46.291Z,33.93,75.75

2026-08-20T21:01:51.302Z,33.93,75.75

2026-08-20T21:01:56.292Z,33.92,75.7

2026-08-20T21:02:01.294Z,33.92,75.7

2026-08-20T21:02:06.291Z,33.92,75.77

2026-08-20T21:02:11.291Z,33.93,75.7

2026-08-20T21:02:16.304Z,33.93,75.73

2026-08-20T21:02:21.315Z,33.91,75.8

2026-08-20T21:02:26.304Z,33.93,75.73

2026-08-20T21:02:31.304Z,33.91,75.71

2026-08-20T21:02:36.304Z,33.93,75.74

2026-08-20T21:02:41.304Z,33.92,75.76

2026-08-20T21:02:46.319Z,33.92,75.77

2026-08-20T21:02:51.330Z,33.93,75.72

2026-08-20T21:02:56.320Z,33.92,75.72

2026-08-20T21:03:01.319Z,33.9,75.77

2026-08-20T21:03:06.321Z,33.93,75.7

2026-08-20T21:03:11.320Z,33.91,75.76

2026-08-20T21:03:16.324Z,33.91,75.78

2026-08-20T21:03:21.337Z,33.89,75.85

2026-08-20T21:03:26.324Z,33.91,75.75

2026-08-20T21:03:31.323Z,33.91,75.86

2026-08-20T21:03:36.323Z,33.89,75.81

2026-08-20T21:03:41.325Z,33.89,75.78

2026-08-20T21:03:46.335Z,33.89,75.85

2026-08-20T21:03:51.343Z,33.9,75.85

2026-08-20T21:03:56.334Z,33.9,75.78

2026-08-20T21:04:01.333Z,33.9,75.74

2026-08-20T21:04:06.332Z,33.9,75.81

2026-08-20T21:04:11.334Z,33.88,75.74

2026-08-20T21:04:16.357Z,33.88,75.85

2026-08-20T21:04:21.368Z,33.86,75.86

2026-08-20T21:04:26.353Z,33.9,75.88

2026-08-20T21:04:31.357Z,33.89,75.85

2026-08-20T21:04:36.356Z,33.87,75.86

2026-08-20T21:04:41.357Z,33.89,75.88

2026-08-20T21:04:46.366Z,33.88,75.85

2026-08-20T21:04:51.379Z,33.87,75.9

2026-08-20T21:04:56.366Z,33.87,75.9

2026-08-20T21:05:01.367Z,33.86,75.91

2026-08-20T21:05:06.369Z,33.89,75.88

2026-08-20T21:05:11.369Z,33.87,75.92

2026-08-20T21:05:16.385Z,33.87,75.94

2026-08-20T21:05:21.398Z,33.88,75.91

2026-08-20T21:05:26.382Z,33.87,75.93

2026-08-20T21:05:31.383Z,33.88,75.92

2026-08-20T21:05:36.394Z,33.89,75.96

2026-08-20T21:05:41.387Z,33.89,75.91

2026-08-20T21:05:46.387Z,33.89,75.85

2026-08-20T21:05:51.387Z,33.89,75.85

2026-08-20T21:05:56.388Z,33.88,75.88

2026-08-20T21:06:01.402Z,33.88,75.93

2026-08-20T21:06:06.387Z,33.89,75.88

2026-08-20T21:06:11.388Z,33.87,75.84

2026-08-20T21:06:16.388Z,33.88,75.9

2026-08-20T21:06:21.388Z,33.88,75.94

2026-08-20T21:06:26.393Z,33.88,75.86

2026-08-20T21:06:31.405Z,33.89,75.9

2026-08-20T21:06:36.392Z,33.87,75.83

2026-08-20T21:06:41.393Z,33.86,75.82

2026-08-20T21:06:46.394Z,33.87,75.89

2026-08-20T21:06:51.393Z,33.86,75.86

2026-08-20T21:06:56.397Z,33.86,75.93

2026-08-20T21:07:01.407Z,33.86,75.97

2026-08-20T21:07:06.393Z,33.87,75.89

2026-08-20T21:07:11.393Z,33.84,75.93

2026-08-20T21:07:16.393Z,33.87,75.96

2026-08-20T21:07:21.393Z,33.87,75.94

2026-08-20T21:07:26.395Z,33.86,75.99

2026-08-20T21:07:31.411Z,33.86,76.01

2026-08-20T21:07:36.397Z,33.85,76.03

2026-08-20T21:07:41.396Z,33.86,76

2026-08-20T21:07:46.396Z,33.86,75.98

2026-08-20T21:07:51.398Z,33.84,75.99

2026-08-20T21:07:56.409Z,33.85,75.94

2026-08-20T21:08:01.418Z,33.85,75.88

2026-08-20T21:08:06.412Z,33.84,75.91

2026-08-20T21:08:11.410Z,33.84,75.93

2026-08-20T21:08:16.409Z,33.85,75.97

2026-08-20T21:08:21.412Z,33.86,76.01

2026-08-20T21:08:26.418Z,33.86,75.92

2026-08-20T21:08:31.426Z,33.84,75.97

2026-08-20T21:08:36.416Z,33.83,75.99

2026-08-20T21:08:41.418Z,33.85,76.04

2026-08-20T21:08:46.418Z,33.84,75.99

2026-08-20T21:08:51.416Z,33.84,75.98

2026-08-20T21:08:56.434Z,33.86,75.99

2026-08-20T21:09:01.444Z,33.85,76.04

2026-08-20T21:09:06.432Z,33.84,75.97

2026-08-20T21:09:11.434Z,33.84,76.01

2026-08-20T21:09:16.433Z,33.85,75.95

2026-08-20T21:09:21.434Z,33.86,76

2026-08-20T21:09:26.441Z,33.85,76.01

2026-08-20T21:09:31.457Z,33.86,75.94

2026-08-20T21:09:36.441Z,33.86,75.96

2026-08-20T21:09:41.445Z,33.85,75.9

2026-08-20T21:09:46.444Z,33.84,75.93

2026-08-20T21:09:51.443Z,33.84,75.93

2026-08-20T21:09:56.452Z,33.85,76

2026-08-20T21:10:01.466Z,33.84,76.04

2026-08-20T21:10:06.451Z,33.84,75.98

2026-08-20T21:10:11.452Z,33.85,76.05

2026-08-20T21:10:16.451Z,33.83,76.01

2026-08-20T21:10:21.451Z,33.83,76.05

2026-08-20T21:10:26.454Z,33.84,76.06

2026-08-20T21:10:31.466Z,33.82,76.04

2026-08-20T21:10:36.452Z,33.82,76

2026-08-20T21:10:41.453Z,33.8,76.1

2026-08-20T21:10:46.464Z,33.82,76.03

2026-08-20T21:10:51.457Z,33.84,76.05

2026-08-20T21:10:56.458Z,33.83,76.04

2026-08-20T21:11:01.456Z,33.82,76.11

2026-08-20T21:11:06.458Z,33.82,76.12

2026-08-20T21:11:11.472Z,33.82,76.09

2026-08-20T21:11:16.457Z,33.8,76.08

2026-08-20T21:11:21.460Z,33.82,76.13

2026-08-20T21:11:26.457Z,33.81,76.11

2026-08-20T21:11:31.459Z,33.82,76.12

2026-08-20T21:11:36.463Z,33.8,76.1

2026-08-20T21:11:41.473Z,33.78,76.18

2026-08-20T21:11:46.462Z,33.8,76.18

2026-08-20T21:11:51.465Z,33.81,76.11

2026-08-20T21:11:56.466Z,33.82,76.21

2026-08-20T21:12:01.468Z,33.78,76.18

2026-08-20T21:12:06.487Z,33.79,76.2

2026-08-20T21:12:11.473Z,33.78,76.17

2026-08-20T21:12:16.473Z,33.8,76.22

2026-08-20T21:12:21.473Z,33.79,76.17

2026-08-20T21:12:26.475Z,33.79,76.26

2026-08-20T21:12:31.486Z,33.77,76.3

2026-08-20T21:12:36.473Z,33.78,76.3

2026-08-20T21:12:41.476Z,33.78,76.25

2026-08-20T21:12:46.476Z,33.79,76.3

2026-08-20T21:12:51.477Z,33.77,76.34

2026-08-20T21:12:56.494Z,33.77,76.33

2026-08-20T21:13:01.507Z,33.77,76.39

2026-08-20T21:13:06.493Z,33.77,76.35

2026-08-20T21:13:11.492Z,33.74,76.32

2026-08-20T21:13:16.492Z,33.77,76.29

2026-08-20T21:13:21.508Z,33.77,76.31

2026-08-20T21:13:26.493Z,33.76,76.37

2026-08-20T21:13:31.495Z,33.76,76.34

2026-08-20T21:13:36.496Z,33.77,76.33

2026-08-20T21:13:41.496Z,33.77,76.32

2026-08-20T21:13:46.498Z,33.76,76.33

2026-08-20T21:13:51.512Z,33.78,76.42

2026-08-20T21:13:56.497Z,33.78,76.34

2026-08-20T21:14:01.498Z,33.78,76.3

2026-08-20T21:14:06.499Z,33.77,76.38

2026-08-20T21:14:11.498Z,33.78,76.33

2026-08-20T21:14:16.514Z,33.78,76.29

2026-08-20T21:14:21.524Z,33.79,76.43

2026-08-20T21:14:26.512Z,33.79,76.26

2026-08-20T21:14:31.513Z,33.78,76.29

2026-08-20T21:14:36.513Z,33.77,76.29

2026-08-20T21:14:41.530Z,33.77,76.33

2026-08-20T21:14:46.514Z,33.78,76.3

2026-08-20T21:14:51.514Z,33.79,76.3

2026-08-20T21:14:56.514Z,33.79,76.29

2026-08-20T21:15:01.513Z,33.78,76.28

2026-08-20T21:15:06.515Z,33.79,76.31

2026-08-20T21:15:11.525Z,33.79,76.3

2026-08-20T21:15:16.513Z,33.81,76.32

2026-08-20T21:15:21.514Z,33.8,76.28

2026-08-20T21:15:26.512Z,33.8,76.29

2026-08-20T21:15:31.517Z,33.81,76.29

2026-08-20T21:15:36.517Z,33.8,76.27

2026-08-20T21:15:41.529Z,33.8,76.34

2026-08-20T21:15:46.520Z,33.8,76.3

2026-08-20T21:15:51.517Z,33.83,76.26

2026-08-20T21:15:56.517Z,33.82,76.27

2026-08-20T21:16:01.519Z,33.82,76.26

2026-08-20T21:16:06.533Z,33.82,76.24

2026-08-20T21:16:11.549Z,33.82,76.27

2026-08-20T21:16:16.533Z,33.82,76.18

2026-08-20T21:16:21.533Z,33.82,76.2

2026-08-20T21:16:26.531Z,33.83,76.24

2026-08-20T21:16:31.533Z,33.8,76.22

2026-08-20T21:16:36.543Z,33.82,76.2

2026-08-20T21:16:41.553Z,33.83,76.26

2026-08-20T21:16:46.541Z,33.83,76.21

2026-08-20T21:16:51.543Z,33.82,76.25

2026-08-20T21:16:56.544Z,33.82,76.2

2026-08-20T21:17:01.542Z,33.82,76.21

2026-08-20T21:17:06.545Z,33.81,76.24

2026-08-20T21:17:11.558Z,33.8,76.27

2026-08-20T21:17:16.545Z,33.8,76.25

2026-08-20T21:17:21.546Z,33.81,76.24

2026-08-20T21:17:26.547Z,33.81,76.23

2026-08-20T21:17:31.549Z,33.83,76.26

2026-08-20T21:17:36.555Z,33.81,76.17

2026-08-20T21:17:41.566Z,33.81,76.25

2026-08-20T21:17:46.553Z,33.81,76.23

2026-08-20T21:17:51.555Z,33.81,76.25

2026-08-20T21:17:56.553Z,33.8,76.22

2026-08-20T21:18:01.556Z,33.81,76.28

2026-08-20T21:18:06.561Z,33.81,76.16

2026-08-20T21:18:11.568Z,33.82,76.26

2026-08-20T21:18:16.561Z,33.8,76.24

2026-08-20T21:18:21.560Z,33.82,76.22

2026-08-20T21:18:26.560Z,33.81,76.21

2026-08-20T21:18:31.561Z,33.8,76.2

2026-08-20T21:18:36.561Z,33.81,76.28

2026-08-20T21:18:41.573Z,33.8,76.3

2026-08-20T21:18:46.559Z,33.82,76.25

2026-08-20T21:18:51.560Z,33.81,76.23

2026-08-20T21:18:56.560Z,33.82,76.22

2026-08-20T21:19:01.562Z,33.81,76.23

2026-08-20T21:19:06.573Z,33.82,76.21

2026-08-20T21:19:11.582Z,33.82,76.17

2026-08-20T21:19:16.574Z,33.8,76.17

2026-08-20T21:19:21.573Z,33.8,76.25

2026-08-20T21:19:26.573Z,33.8,76.19

2026-08-20T21:19:31.575Z,33.8,76.24

2026-08-20T21:19:36.590Z,33.8,76.25

2026-08-20T21:19:41.602Z,33.78,76.26

2026-08-20T21:19:46.585Z,33.78,76.23

2026-08-20T21:19:51.587Z,33.78,76.27

2026-08-20T21:19:56.586Z,33.78,76.26

2026-08-20T21:20:01.587Z,33.79,76.29

2026-08-20T21:20:06.604Z,33.77,76.35

2026-08-20T21:20:11.619Z,33.76,76.34

2026-08-20T21:20:16.604Z,33.78,76.32

2026-08-20T21:20:21.604Z,33.74,76.33

2026-08-20T21:20:26.605Z,33.76,76.35

2026-08-20T21:20:31.607Z,33.76,76.39

2026-08-20T21:20:36.617Z,33.77,76.39

2026-08-20T21:20:41.630Z,33.73,76.41

2026-08-20T21:20:46.618Z,33.75,76.36

2026-08-20T21:20:51.619Z,33.76,76.38

2026-08-20T21:20:56.621Z,33.75,76.33

2026-08-20T21:21:01.618Z,33.76,76.41

2026-08-20T21:21:06.634Z,33.75,76.44

2026-08-20T21:21:11.644Z,33.75,76.45

2026-08-20T21:21:16.632Z,33.72,76.46

2026-08-20T21:21:21.634Z,33.73,76.49

2026-08-20T21:21:26.634Z,33.75,76.45

2026-08-20T21:21:31.635Z,33.74,76.52

2026-08-20T21:21:36.636Z,33.76,76.47

2026-08-20T21:21:41.645Z,33.75,76.52

2026-08-20T21:21:46.636Z,33.75,76.51

2026-08-20T21:21:51.636Z,33.76,76.45

2026-08-20T21:21:56.643Z,33.77,76.48

2026-08-20T21:22:01.654Z,33.77,76.51

2026-08-20T21:22:06.643Z,33.76,76.46

2026-08-20T21:22:11.656Z,33.76,76.49

2026-08-20T21:22:16.643Z,33.77,76.46

2026-08-20T21:22:21.641Z,33.75,76.48

2026-08-20T21:22:26.642Z,33.73,76.47

2026-08-20T21:22:31.642Z,33.76,76.5

2026-08-20T21:22:36.642Z,33.76,76.46

2026-08-20T21:22:41.654Z,33.77,76.47

2026-08-20T21:22:46.641Z,33.77,76.5

2026-08-20T21:22:51.642Z,33.76,76.47

2026-08-20T21:22:56.641Z,33.76,76.5

2026-08-20T21:23:01.646Z,33.75,76.49

2026-08-20T21:23:06.645Z,33.75,76.54

2026-08-20T21:23:11.653Z,33.78,76.5

2026-08-20T21:23:16.645Z,33.77,76.52

2026-08-20T21:23:21.647Z,33.76,76.48

2026-08-20T21:23:26.647Z,33.77,76.47

2026-08-20T21:23:31.648Z,33.76,76.5

2026-08-20T21:23:36.659Z,33.77,76.48

2026-08-20T21:23:41.672Z,33.77,76.52

2026-08-20T21:23:46.659Z,33.79,76.47

2026-08-20T21:23:51.658Z,33.77,76.47

2026-08-20T21:23:56.657Z,33.76,76.48

2026-08-20T21:24:01.661Z,33.77,76.45

2026-08-20T21:24:06.684Z,33.79,76.4

2026-08-20T21:24:11.680Z,33.76,76.42

2026-08-20T21:24:16.680Z,33.75,76.43

2026-08-20T21:24:21.680Z,33.77,76.45

2026-08-20T21:24:26.692Z,33.77,76.49

2026-08-20T21:24:31.687Z,33.78,76.47

2026-08-20T21:24:36.688Z,33.77,76.47

2026-08-20T21:24:41.700Z,33.78,76.46

2026-08-20T21:24:46.687Z,33.76,76.4

2026-08-20T21:24:51.690Z,33.77,76.41

2026-08-20T21:24:56.689Z,33.78,76.43

2026-08-20T21:25:01.700Z,33.75,76.46

2026-08-20T21:25:06.689Z,33.78,76.45

2026-08-20T21:25:11.689Z,33.78,76.4

2026-08-20T21:25:16.689Z,33.79,76.52

2026-08-20T21:25:21.691Z,33.78,76.51

2026-08-20T21:25:26.694Z,33.77,76.44

2026-08-20T21:25:31.705Z,33.77,76.49

2026-08-20T21:25:36.693Z,33.77,76.48

2026-08-20T21:25:41.691Z,33.77,76.51

2026-08-20T21:25:46.692Z,33.76,76.49

2026-08-20T21:25:51.691Z,33.76,76.46

2026-08-20T21:25:56.697Z,33.77,76.44

2026-08-20T21:26:01.708Z,33.77,76.53

2026-08-20T21:26:06.693Z,33.77,76.49

2026-08-20T21:26:11.692Z,33.78,76.46

2026-08-20T21:26:16.693Z,33.78,76.52

2026-08-20T21:26:21.704Z,33.76,76.53

2026-08-20T21:26:26.694Z,33.78,76.48

2026-08-20T21:26:31.694Z,33.78,76.51

2026-08-20T21:26:36.693Z,33.78,76.52

2026-08-20T21:26:41.696Z,33.77,76.55

2026-08-20T21:26:46.697Z,33.8,76.49

2026-08-20T21:26:51.705Z,33.77,76.56

2026-08-20T21:26:56.695Z,33.77,76.54

2026-08-20T21:27:01.700Z,33.77,76.52

2026-08-20T21:27:06.698Z,33.78,76.52

2026-08-20T21:27:11.698Z,33.78,76.48

2026-08-20T21:27:16.705Z,33.8,76.5

2026-08-20T21:27:21.718Z,33.82,76.49

2026-08-20T21:27:26.703Z,33.8,76.53

2026-08-20T21:27:31.705Z,33.79,76.45

2026-08-20T21:27:36.704Z,33.77,76.5

2026-08-20T21:27:41.705Z,33.79,76.41

2026-08-20T21:27:46.706Z,33.78,76.47

2026-08-20T21:27:51.718Z,33.79,76.51

2026-08-20T21:27:56.705Z,33.78,76.53

2026-08-20T21:28:01.707Z,33.78,76.57

2026-08-20T21:28:06.708Z,33.77,76.48

2026-08-20T21:28:11.707Z,33.77,76.54

2026-08-20T21:28:16.724Z,33.76,76.55

2026-08-20T21:28:21.735Z,33.77,76.58

2026-08-20T21:28:26.720Z,33.77,76.54

2026-08-20T21:28:31.723Z,33.76,76.51

2026-08-20T21:28:36.721Z,33.78,76.54

2026-08-20T21:28:41.723Z,33.76,76.53

2026-08-20T21:28:46.735Z,33.77,76.54

2026-08-20T21:28:51.739Z,33.76,76.66

2026-08-20T21:28:56.730Z,33.76,76.6

2026-08-20T21:29:01.732Z,33.76,76.62

2026-08-20T21:29:06.733Z,33.75,76.55

2026-08-20T21:29:11.733Z,33.75,76.59

2026-08-20T21:29:16.739Z,33.73,76.64

2026-08-20T21:29:21.743Z,33.75,76.7

2026-08-20T21:29:26.734Z,33.74,76.66

2026-08-20T21:29:31.733Z,33.73,76.69

2026-08-20T21:29:36.734Z,33.74,76.71

2026-08-20T21:29:41.735Z,33.75,76.71

2026-08-20T21:29:46.740Z,33.73,76.64

2026-08-20T21:29:51.755Z,33.73,76.7

2026-08-20T21:29:56.737Z,33.74,76.67

2026-08-20T21:30:01.737Z,33.74,76.65

2026-08-20T21:30:06.738Z,33.75,76.67

2026-08-20T21:30:11.739Z,33.74,76.72

2026-08-20T21:30:16.743Z,33.75,76.68

2026-08-20T21:30:21.749Z,33.74,76.76

2026-08-20T21:30:26.741Z,33.75,76.74

2026-08-20T21:30:31.743Z,33.75,76.72

2026-08-20T21:30:36.743Z,33.75,76.76

2026-08-20T21:30:41.744Z,33.75,76.71

2026-08-20T21:30:46.754Z,33.76,76.78

2026-08-20T21:30:51.768Z,33.75,76.72

2026-08-20T21:30:56.757Z,33.75,76.74

2026-08-20T21:31:01.753Z,33.78,76.67

2026-08-20T21:31:06.754Z,33.78,76.69

2026-08-20T21:31:11.754Z,33.76,76.68

2026-08-20T21:31:16.761Z,33.77,76.7

2026-08-20T21:31:21.774Z,33.75,76.72

2026-08-20T21:31:26.760Z,33.77,76.69

2026-08-20T21:31:31.762Z,33.77,76.67

2026-08-20T21:31:36.761Z,33.78,76.69

2026-08-20T21:31:41.761Z,33.78,76.55

2026-08-20T21:31:46.766Z,33.76,76.64

2026-08-20T21:31:51.783Z,33.77,76.72

2026-08-20T21:31:56.764Z,33.77,76.61

2026-08-20T21:32:01.765Z,33.79,76.58

2026-08-20T21:32:06.765Z,33.79,76.57

2026-08-20T21:32:11.766Z,33.78,76.6

2026-08-20T21:32:16.775Z,33.81,76.6

2026-08-20T21:32:21.785Z,33.8,76.65

2026-08-20T21:32:26.774Z,33.79,76.6

2026-08-20T21:32:31.776Z,33.82,76.57

2026-08-20T21:32:36.774Z,33.81,76.56

2026-08-20T21:32:41.774Z,33.81,76.54

2026-08-20T21:32:46.784Z,33.81,76.53

2026-08-20T21:32:51.790Z,33.81,76.59

2026-08-20T21:32:56.782Z,33.82,76.53

2026-08-20T21:33:01.781Z,33.82,76.48

2026-08-20T21:33:06.780Z,33.81,76.51

2026-08-20T21:33:11.781Z,33.8,76.52

2026-08-20T21:33:16.793Z,33.82,76.52

2026-08-20T21:33:21.807Z,33.81,76.53

2026-08-20T21:33:26.791Z,33.81,76.5

2026-08-20T21:33:31.792Z,33.81,76.57

2026-08-20T21:33:36.792Z,33.81,76.54

2026-08-20T21:33:41.795Z,33.82,76.51

2026-08-20T21:33:46.795Z,33.82,76.5

2026-08-20T21:33:51.805Z,33.81,76.57

2026-08-20T21:33:56.793Z,33.84,76.43

2026-08-20T21:34:01.793Z,33.83,76.5

2026-08-20T21:34:06.798Z,33.83,76.48

2026-08-20T21:34:11.797Z,33.84,76.52

2026-08-20T21:34:16.808Z,33.83,76.48

2026-08-20T21:34:21.818Z,33.83,76.52

2026-08-20T21:34:26.804Z,33.84,76.5

2026-08-20T21:34:31.806Z,33.85,76.56

2026-08-20T21:34:36.807Z,33.83,76.47

2026-08-20T21:34:41.809Z,33.83,76.45

2026-08-20T21:34:46.816Z,33.84,76.46

2026-08-20T21:34:51.824Z,33.84,76.49

2026-08-20T21:34:56.811Z,33.83,76.49

2026-08-20T21:35:01.812Z,33.82,76.47

2026-08-20T21:35:06.812Z,33.84,76.45

2026-08-20T21:35:11.813Z,33.83,76.45

2026-08-20T21:35:16.822Z,33.83,76.43

2026-08-20T21:35:21.835Z,33.82,76.47

2026-08-20T21:35:26.821Z,33.83,76.48

2026-08-20T21:35:31.822Z,33.84,76.42

2026-08-20T21:35:36.822Z,33.84,76.44

2026-08-20T21:35:41.823Z,33.85,76.45

2026-08-20T21:35:46.831Z,33.85,76.51

2026-08-20T21:35:51.841Z,33.83,76.51

2026-08-20T21:35:56.830Z,33.83,76.43

2026-08-20T21:36:01.831Z,33.82,76.5

2026-08-20T21:36:06.831Z,33.82,76.48

2026-08-20T21:36:11.832Z,33.83,76.47

2026-08-20T21:36:16.840Z,33.83,76.52

2026-08-20T21:36:21.852Z,33.84,76.49

2026-08-20T21:36:26.838Z,33.87,76.5

2026-08-20T21:36:31.840Z,33.86,76.44

2026-08-20T21:36:36.839Z,33.83,76.49

2026-08-20T21:36:41.841Z,33.85,76.48

2026-08-20T21:36:46.858Z,33.84,76.46

2026-08-20T21:36:51.871Z,33.84,76.45

2026-08-20T21:36:56.855Z,33.84,76.44

2026-08-20T21:37:01.856Z,33.85,76.44

2026-08-20T21:37:06.855Z,33.86,76.49

2026-08-20T21:37:11.856Z,33.85,76.46

2026-08-20T21:37:16.858Z,33.85,76.42

2026-08-20T21:37:21.868Z,33.81,76.45

2026-08-20T21:37:26.858Z,33.85,76.47

2026-08-20T21:37:31.858Z,33.83,76.49

2026-08-20T21:37:36.860Z,33.87,76.43

2026-08-20T21:37:41.870Z,33.84,76.42

2026-08-20T21:37:46.858Z,33.85,76.44

2026-08-20T21:37:51.871Z,33.85,76.43

2026-08-20T21:37:56.858Z,33.85,76.41

2026-08-20T21:38:01.859Z,33.84,76.44

2026-08-20T21:38:06.860Z,33.86,76.42

2026-08-20T21:38:11.878Z,33.83,76.49

2026-08-20T21:38:16.860Z,33.86,76.41

2026-08-20T21:38:21.861Z,33.84,76.36

2026-08-20T21:38:26.867Z,33.84,76.44

2026-08-20T21:38:31.861Z,33.85,76.46

2026-08-20T21:38:36.860Z,33.87,76.44

2026-08-20T21:38:41.874Z,33.85,76.45

2026-08-20T21:38:46.861Z,33.85,76.43

2026-08-20T21:38:51.862Z,33.85,76.41

2026-08-20T21:38:56.864Z,33.84,76.39

2026-08-20T21:39:01.865Z,33.86,76.41

2026-08-20T21:39:06.868Z,33.83,76.43

2026-08-20T21:39:11.881Z,33.85,76.45

2026-08-20T21:39:16.869Z,33.84,76.43

2026-08-20T21:39:21.870Z,33.86,76.44

2026-08-20T21:39:26.869Z,33.83,76.45

2026-08-20T21:39:31.872Z,33.84,76.5

2026-08-20T21:39:36.884Z,33.84,76.53

2026-08-20T21:39:41.892Z,33.84,76.54

2026-08-20T21:39:46.880Z,33.83,76.53

2026-08-20T21:39:51.881Z,33.81,76.54

2026-08-20T21:39:56.881Z,33.82,76.54

2026-08-20T21:40:01.882Z,33.83,76.57

2026-08-20T21:40:06.899Z,33.84,76.55

2026-08-20T21:40:11.908Z,33.84,76.55

2026-08-20T21:40:16.898Z,33.83,76.54

2026-08-20T21:40:21.898Z,33.82,76.56

2026-08-20T21:40:26.897Z,33.81,76.55

2026-08-20T21:40:31.897Z,33.83,76.56

2026-08-20T21:40:36.900Z,33.85,76.55

2026-08-20T21:40:41.910Z,33.84,76.53

2026-08-20T21:40:46.900Z,33.84,76.55

2026-08-20T21:40:51.899Z,33.82,76.48

2026-08-20T21:40:56.922Z,33.85,76.54

2026-08-20T21:41:01.916Z,33.83,76.5

2026-08-20T21:41:06.917Z,33.84,76.54

2026-08-20T21:41:11.926Z,33.84,76.52

2026-08-20T21:41:16.915Z,33.84,76.53

2026-08-20T21:41:21.918Z,33.85,76.55

2026-08-20T21:41:26.915Z,33.83,76.49

2026-08-20T21:41:31.916Z,33.85,76.48

2026-08-20T21:41:36.916Z,33.85,76.56

2026-08-20T21:41:41.939Z,33.83,76.56

2026-08-20T21:41:46.915Z,33.84,76.55

2026-08-20T21:41:51.920Z,33.83,76.59

2026-08-20T21:41:56.920Z,33.84,76.58

2026-08-20T21:42:01.920Z,33.85,76.57

2026-08-20T21:42:06.924Z,33.84,76.54

2026-08-20T21:42:11.936Z,33.82,76.59

2026-08-20T21:42:16.919Z,33.84,76.55

2026-08-20T21:42:21.920Z,33.85,76.58

2026-08-20T21:42:26.922Z,33.84,76.59

2026-08-20T21:42:31.920Z,33.85,76.62

2026-08-20T21:42:36.931Z,33.82,76.57

2026-08-20T21:42:41.942Z,33.85,76.58

2026-08-20T21:42:46.930Z,33.86,76.58

2026-08-20T21:42:51.932Z,33.83,76.57

2026-08-20T21:42:56.931Z,33.85,76.57

2026-08-20T21:43:01.932Z,33.86,76.54

2026-08-20T21:43:06.941Z,33.87,76.58

2026-08-20T21:43:11.951Z,33.86,76.54

2026-08-20T21:43:16.941Z,33.87,76.54

2026-08-20T21:43:21.941Z,33.86,76.52

2026-08-20T21:43:26.942Z,33.85,76.49

2026-08-20T21:43:31.941Z,33.86,76.61

2026-08-20T21:43:36.956Z,33.86,76.54

2026-08-20T21:43:41.964Z,33.85,76.58

2026-08-20T21:43:46.953Z,33.87,76.55

2026-08-20T21:43:51.955Z,33.87,76.51

2026-08-20T21:43:56.955Z,33.87,76.5

2026-08-20T21:44:01.955Z,33.88,76.5

2026-08-20T21:44:06.962Z,33.86,76.51

2026-08-20T21:44:11.974Z,33.87,76.53

2026-08-20T21:44:16.962Z,33.87,76.54

2026-08-20T21:44:21.963Z,33.85,76.55

2026-08-20T21:44:26.962Z,33.87,76.51

2026-08-20T21:44:31.961Z,33.87,76.54

2026-08-20T21:44:36.962Z,33.86,76.56

2026-08-20T21:44:41.972Z,33.86,76.58

2026-08-20T21:44:46.963Z,33.85,76.52

2026-08-20T21:44:51.962Z,33.88,76.55

2026-08-20T21:44:56.977Z,33.86,76.57

2026-08-20T21:45:01.968Z,33.85,76.57

2026-08-20T21:45:06.968Z,33.86,76.55

2026-08-20T21:45:11.983Z,33.84,76.61

2026-08-20T21:45:16.968Z,33.85,76.55

2026-08-20T21:45:21.967Z,33.84,76.56

2026-08-20T21:45:26.968Z,33.86,76.57

2026-08-20T21:45:31.971Z,33.84,76.58

2026-08-20T21:45:36.977Z,33.84,76.59

2026-08-20T21:45:41.987Z,33.84,76.58

2026-08-20T21:45:46.974Z,33.84,76.6

2026-08-20T21:45:51.980Z,33.84,76.66

2026-08-20T21:45:56.975Z,33.83,76.64

2026-08-20T21:46:01.987Z,33.84,76.69

2026-08-20T21:46:06.976Z,33.85,76.64

2026-08-20T21:46:11.979Z,33.85,76.64

2026-08-20T21:46:16.977Z,33.85,76.68

2026-08-20T21:46:21.979Z,33.84,76.69

2026-08-20T21:46:26.991Z,33.84,76.66

2026-08-20T21:46:31.998Z,33.84,76.69

2026-08-20T21:46:36.989Z,33.84,76.68

2026-08-20T21:46:41.990Z,33.85,76.65

2026-08-20T21:46:46.991Z,33.86,76.69

2026-08-20T21:46:52.003Z,33.87,76.69

2026-08-20T21:46:56.992Z,33.87,76.66

2026-08-20T21:47:01.992Z,33.86,76.7

2026-08-20T21:47:06.995Z,33.87,76.67

2026-08-20T21:47:12.009Z,33.86,76.7

2026-08-20T21:47:16.993Z,33.86,76.69

2026-08-20T21:47:21.995Z,33.86,76.67

2026-08-20T21:47:26.997Z,33.87,76.66

2026-08-20T21:47:32.007Z,33.85,76.66

2026-08-20T21:47:36.993Z,33.86,76.69

2026-08-20T21:47:41.994Z,33.85,76.67

2026-08-20T21:47:46.993Z,33.89,76.6

2026-08-20T21:47:51.995Z,33.88,76.62

2026-08-20T21:47:57.007Z,33.86,76.59

2026-08-20T21:48:02.016Z,33.87,76.65

2026-08-20T21:48:07.005Z,33.89,76.59

2026-08-20T21:48:12.005Z,33.88,76.62

2026-08-20T21:48:17.004Z,33.89,76.59

2026-08-20T21:48:22.004Z,33.87,76.63

2026-08-20T21:48:27.016Z,33.88,76.61

2026-08-20T21:48:32.025Z,33.88,76.59

2026-08-20T21:48:37.012Z,33.88,76.62

2026-08-20T21:48:42.015Z,33.88,76.63

2026-08-20T21:48:47.014Z,33.91,76.63

2026-08-20T21:48:52.015Z,33.89,76.65

2026-08-20T21:48:57.024Z,33.89,76.64

2026-08-20T21:49:02.032Z,33.88,76.67

2026-08-20T21:49:07.022Z,33.87,76.64

2026-08-20T21:49:12.023Z,33.87,76.63

2026-08-20T21:49:17.021Z,33.89,76.59

2026-08-20T21:49:22.027Z,33.88,76.65

2026-08-20T21:49:27.039Z,33.88,76.65

2026-08-20T21:49:32.050Z,33.88,76.66

2026-08-20T21:49:37.036Z,33.86,76.62

2026-08-20T21:49:42.035Z,33.85,76.64

2026-08-20T21:49:47.038Z,33.88,76.66

2026-08-20T21:49:52.036Z,33.87,76.72

2026-08-20T21:49:57.041Z,33.85,76.7

2026-08-20T21:50:02.051Z,33.83,76.71

2026-08-20T21:50:07.041Z,33.86,76.73

2026-08-20T21:50:12.044Z,33.84,76.73

2026-08-20T21:50:17.042Z,33.85,76.79

2026-08-20T21:50:22.043Z,33.84,76.82

2026-08-20T21:50:27.045Z,33.85,76.78

2026-08-20T21:50:32.057Z,33.84,76.82

2026-08-20T21:50:37.045Z,33.83,76.76

2026-08-20T21:50:42.047Z,33.85,76.79

2026-08-20T21:50:47.046Z,33.85,76.76

2026-08-20T21:50:52.047Z,33.87,76.8

2026-08-20T21:50:57.055Z,33.83,76.85

2026-08-20T21:51:02.063Z,33.82,76.85

2026-08-20T21:51:07.054Z,33.82,76.82

2026-08-20T21:51:12.053Z,33.83,76.84

2026-08-20T21:51:17.054Z,33.83,76.83

2026-08-20T21:51:22.054Z,33.83,76.82

2026-08-20T21:51:27.062Z,33.82,76.82

2026-08-20T21:51:32.070Z,33.82,76.87

2026-08-20T21:51:37.061Z,33.81,76.91

2026-08-20T21:51:42.061Z,33.84,76.89

2026-08-20T21:51:47.060Z,33.81,76.9

2026-08-20T21:51:52.061Z,33.82,76.91

2026-08-20T21:51:57.070Z,33.81,76.96

2026-08-20T21:52:02.077Z,33.81,76.96

2026-08-20T21:52:07.066Z,33.8,76.97

2026-08-20T21:52:12.068Z,33.8,76.96

2026-08-20T21:52:17.066Z,33.81,77.01

2026-08-20T21:52:22.079Z,33.79,77

2026-08-20T21:52:27.066Z,33.8,76.98

2026-08-20T21:52:32.066Z,33.81,77

2026-08-20T21:52:37.066Z,33.79,77

2026-08-20T21:52:42.068Z,33.81,76.99

2026-08-20T21:52:47.085Z,33.8,77.04

2026-08-20T21:52:52.094Z,33.79,77.02

2026-08-20T21:52:57.084Z,33.8,76.98

2026-08-20T21:53:02.086Z,33.8,77.05

2026-08-20T21:53:07.087Z,33.79,77.02

2026-08-20T21:53:12.084Z,33.78,77.04

2026-08-20T21:53:17.095Z,33.8,77.13

2026-08-20T21:53:22.102Z,33.77,77.1

2026-08-20T21:53:27.092Z,33.8,77.04

2026-08-20T21:53:32.092Z,33.8,77.04

2026-08-20T21:53:37.093Z,33.81,77.05

2026-08-20T21:53:42.093Z,33.8,77.12

2026-08-20T21:53:47.102Z,33.79,77.08

2026-08-20T21:53:52.111Z,33.8,77.09

2026-08-20T21:53:57.101Z,33.81,77.05

2026-08-20T21:54:02.100Z,33.79,77.06

2026-08-20T21:54:07.101Z,33.79,77.09

2026-08-20T21:54:12.101Z,33.81,77.01

2026-08-20T21:54:17.112Z,33.8,77.07

2026-08-20T21:54:22.124Z,33.81,77.16

2026-08-20T21:54:27.110Z,33.82,77.05

2026-08-20T21:54:32.111Z,33.8,77.05

2026-08-20T21:54:37.112Z,33.81,77.04

2026-08-20T21:54:42.123Z,33.8,77.09

2026-08-20T21:54:47.112Z,33.81,77.06

2026-08-20T21:54:52.110Z,33.82,77.09

2026-08-20T21:54:57.110Z,33.8,77.05

2026-08-20T21:55:02.110Z,33.81,77.08

2026-08-20T21:55:07.113Z,33.82,77.04

2026-08-20T21:55:12.123Z,33.8,77.01

2026-08-20T21:55:17.112Z,33.82,77.04

2026-08-20T21:55:22.124Z,33.81,77.05

2026-08-20T21:55:27.113Z,33.82,76.99

2026-08-20T21:55:32.113Z,33.82,77.09

2026-08-20T21:55:37.115Z,33.81,77

2026-08-20T21:55:42.125Z,33.82,77.03

2026-08-20T21:55:47.114Z,33.81,77.07

2026-08-20T21:55:52.113Z,33.81,77.04

2026-08-20T21:55:57.114Z,33.79,77.05

2026-08-20T21:56:02.114Z,33.79,77.06

2026-08-20T21:56:07.112Z,33.8,77.01

2026-08-20T21:56:12.126Z,33.8,77.11

2026-08-20T21:56:17.112Z,33.8,77.1

2026-08-20T21:56:22.116Z,33.8,77.09

2026-08-20T21:56:27.120Z,33.8,77.14

2026-08-20T21:56:32.119Z,33.78,77.17

2026-08-20T21:56:37.119Z,33.79,77.21

2026-08-20T21:56:42.135Z,33.79,77.15

2026-08-20T21:56:47.121Z,33.79,77.14

2026-08-20T21:56:52.119Z,33.78,77.14

2026-08-20T21:56:57.118Z,33.78,77.13

2026-08-20T21:57:02.122Z,33.78,77.2

2026-08-20T21:57:07.140Z,33.76,77.13

2026-08-20T21:57:12.148Z,33.77,77.2

2026-08-20T21:57:17.141Z,33.78,77.16

2026-08-20T21:57:22.139Z,33.77,77.17

2026-08-20T21:57:27.138Z,33.78,77.22

2026-08-20T21:57:32.150Z,33.76,77.25

2026-08-20T21:57:37.137Z,33.77,77.26

2026-08-20T21:57:42.148Z,33.77,77.25

2026-08-20T21:57:47.138Z,33.77,77.26

2026-08-20T21:57:52.142Z,33.75,77.2

2026-08-20T21:57:57.142Z,33.78,77.25

2026-08-20T21:58:02.141Z,33.76,77.21

2026-08-20T21:58:07.148Z,33.76,77.28

2026-08-20T21:58:12.158Z,33.76,77.29

2026-08-20T21:58:17.147Z,33.77,77.24

2026-08-20T21:58:22.146Z,33.74,77.24

2026-08-20T21:58:27.147Z,33.75,77.26

2026-08-20T21:58:32.147Z,33.75,77.31

2026-08-20T21:58:37.169Z,33.74,77.33

2026-08-20T21:58:42.182Z,33.74,77.36

2026-08-20T21:58:47.168Z,33.76,77.46

2026-08-20T21:58:52.170Z,33.74,77.36

2026-08-20T21:58:57.169Z,33.75,77.38

2026-08-20T21:59:02.168Z,33.74,77.43

2026-08-20T21:59:07.175Z,33.74,77.39

2026-08-20T21:59:12.181Z,33.72,77.41

2026-08-20T21:59:17.171Z,33.73,77.39

2026-08-20T21:59:22.173Z,33.74,77.36

2026-08-20T21:59:27.182Z,33.72,77.4

2026-08-20T21:59:32.192Z,33.7,77.49

2026-08-20T21:59:37.181Z,33.72,77.44

2026-08-20T21:59:42.180Z,33.7,77.51

2026-08-20T21:59:47.182Z,33.73,77.46

2026-08-20T21:59:52.192Z,33.71,77.48

2026-08-20T21:59:57.185Z,33.71,77.48

2026-08-20T22:00:02.186Z,33.73,77.47

2026-08-20T22:00:07.184Z,33.73,77.48

2026-08-20T22:00:12.199Z,33.73,77.56

2026-08-20T22:00:17.184Z,33.72,77.49

2026-08-20T22:00:22.185Z,33.73,77.45

2026-08-20T22:00:27.183Z,33.74,77.48

2026-08-20T22:00:32.192Z,33.72,77.52

2026-08-20T22:00:37.186Z,33.72,77.41

2026-08-20T22:00:42.186Z,33.75,77.48

2026-08-20T22:00:47.188Z,33.71,77.47

2026-08-20T22:00:52.187Z,33.74,77.42

2026-08-20T22:00:57.197Z,33.72,77.44

2026-08-20T22:01:02.209Z,33.72,77.48

2026-08-20T22:01:07.199Z,33.74,77.48

2026-08-20T22:01:12.199Z,33.74,77.48

2026-08-20T22:01:17.204Z,33.72,77.56

2026-08-20T22:01:22.201Z,33.72,77.5

2026-08-20T22:01:27.212Z,33.72,77.5

2026-08-20T22:01:32.226Z,33.72,77.55

2026-08-20T22:01:37.212Z,33.71,77.51

2026-08-20T22:01:42.214Z,33.71,77.5

2026-08-20T22:01:47.213Z,33.71,77.53

2026-08-20T22:01:52.214Z,33.73,77.49

2026-08-20T22:01:57.221Z,33.71,77.48

2026-08-20T22:02:02.235Z,33.71,77.51

2026-08-20T22:02:07.220Z,33.72,77.51

2026-08-20T22:02:12.220Z,33.71,77.54

2026-08-20T22:02:17.229Z,33.72,77.48

2026-08-20T22:02:22.238Z,33.71,77.6

2026-08-20T22:02:27.229Z,33.72,77.57

2026-08-20T22:02:32.229Z,33.7,77.54

2026-08-20T22:02:37.241Z,33.7,77.56

2026-08-20T22:02:42.233Z,33.71,77.58

2026-08-20T22:02:47.234Z,33.71,77.6

2026-08-20T22:02:52.235Z,33.71,77.55

2026-08-20T22:02:57.233Z,33.72,77.57

2026-08-20T22:03:02.246Z,33.72,77.59

2026-08-20T22:03:07.238Z,33.72,77.55

2026-08-20T22:03:12.237Z,33.72,77.56

2026-08-20T22:03:17.238Z,33.72,77.55

2026-08-20T22:03:22.238Z,33.74,77.5

2026-08-20T22:03:27.237Z,33.72,77.54

2026-08-20T22:03:32.249Z,33.71,77.59

2026-08-20T22:03:37.235Z,33.72,77.55

2026-08-20T22:03:42.237Z,33.74,77.55

2026-08-20T22:03:47.237Z,33.72,77.6

2026-08-20T22:03:52.238Z,33.72,77.48

2026-08-20T22:03:57.242Z,33.73,77.57

2026-08-20T22:04:02.250Z,33.71,77.6

2026-08-20T22:04:07.238Z,33.72,77.55

2026-08-20T22:04:12.242Z,33.75,77.55

2026-08-20T22:04:17.241Z,33.73,77.56

2026-08-20T22:04:22.242Z,33.73,77.53

2026-08-20T22:04:27.262Z,33.73,77.57

2026-08-20T22:04:32.275Z,33.72,77.59

2026-08-20T22:04:37.262Z,33.71,77.55

2026-08-20T22:04:42.265Z,33.72,77.55

2026-08-20T22:04:47.262Z,33.71,77.56

2026-08-20T22:04:52.276Z,33.71,77.59

2026-08-20T22:04:57.263Z,33.72,77.61

2026-08-20T22:05:02.265Z,33.71,77.57

2026-08-20T22:05:07.273Z,33.7,77.66

2026-08-20T22:05:12.282Z,33.7,77.71

2026-08-20T22:05:17.269Z,33.7,77.73

2026-08-20T22:05:22.270Z,33.7,77.7

2026-08-20T22:05:27.270Z,33.71,77.69

2026-08-20T22:05:32.270Z,33.7,77.74

2026-08-20T22:05:37.276Z,33.7,77.68

2026-08-20T22:05:42.286Z,33.68,77.78

2026-08-20T22:05:47.276Z,33.69,77.81

2026-08-20T22:05:52.276Z,33.67,77.77

2026-08-20T22:05:57.276Z,33.67,77.8

2026-08-20T22:06:02.289Z,33.67,77.79

2026-08-20T22:06:07.274Z,33.66,77.8

2026-08-20T22:06:12.277Z,33.66,77.86

2026-08-20T22:06:17.275Z,33.66,77.82

2026-08-20T22:06:22.275Z,33.64,77.86

2026-08-20T22:06:27.275Z,33.64,77.85

2026-08-20T22:06:32.289Z,33.65,77.93

2026-08-20T22:06:37.275Z,33.65,77.93

2026-08-20T22:06:42.276Z,33.66,77.86

2026-08-20T22:06:47.275Z,33.62,77.92

2026-08-20T22:06:52.275Z,33.63,77.97

2026-08-20T22:06:57.277Z,33.63,77.95

2026-08-20T22:07:02.293Z,33.62,77.98

2026-08-20T22:07:07.278Z,33.64,78

2026-08-20T22:07:12.278Z,33.64,77.98

2026-08-20T22:07:17.281Z,33.61,78.02

2026-08-20T22:07:22.281Z,33.62,78.01

2026-08-20T22:07:27.284Z,33.62,78.01

2026-08-20T22:07:32.293Z,33.6,78.07

2026-08-20T22:07:37.285Z,33.62,78

2026-08-20T22:07:42.289Z,33.6,78.03

2026-08-20T22:07:47.283Z,33.62,78.06

2026-08-20T22:07:52.283Z,33.6,78.07

2026-08-20T22:07:57.291Z,33.61,78.06

2026-08-20T22:08:02.296Z,33.61,78.16

2026-08-20T22:08:07.285Z,33.61,78.1

2026-08-20T22:08:12.290Z,33.6,78.08

2026-08-20T22:08:17.288Z,33.61,78.15

2026-08-20T22:08:22.289Z,33.61,78.17

2026-08-20T22:08:27.292Z,33.6,78.16

2026-08-20T22:08:32.302Z,33.6,78.21

2026-08-20T22:08:37.292Z,33.6,78.18

2026-08-20T22:08:42.294Z,33.59,78.14

2026-08-20T22:08:47.304Z,33.59,78.15

2026-08-20T22:08:52.314Z,33.59,78.19

2026-08-20T22:08:57.305Z,33.58,78.22

2026-08-20T22:09:02.306Z,33.6,78.21

2026-08-20T22:09:07.305Z,33.61,78.21

2026-08-20T22:09:12.306Z,33.59,78.22

2026-08-20T22:09:17.318Z,33.59,78.16

2026-08-20T22:09:22.331Z,33.58,78.2

2026-08-20T22:09:27.318Z,33.6,78.25

2026-08-20T22:09:32.317Z,33.58,78.28

2026-08-20T22:09:37.317Z,33.61,78.21

2026-08-20T22:09:42.317Z,33.58,78.23

2026-08-20T22:09:47.327Z,33.59,78.22

2026-08-20T22:09:52.334Z,33.58,78.27

2026-08-20T22:09:57.326Z,33.59,78.26

2026-08-20T22:10:02.325Z,33.61,78.24

2026-08-20T22:10:07.326Z,33.6,78.21

2026-08-20T22:10:12.326Z,33.59,78.23

2026-08-20T22:10:17.337Z,33.59,78.24

2026-08-20T22:10:22.348Z,33.59,78.2

2026-08-20T22:10:27.337Z,33.59,78.21

2026-08-20T22:10:32.336Z,33.6,78.19

2026-08-20T22:10:37.336Z,33.6,78.17

2026-08-20T22:10:42.340Z,33.61,78.23

2026-08-20T22:10:47.345Z,33.61,78.16

2026-08-20T22:10:52.355Z,33.6,78.22

2026-08-20T22:10:57.345Z,33.61,78.16

2026-08-20T22:11:02.344Z,33.62,78.16

2026-08-20T22:11:07.345Z,33.59,78.2

2026-08-20T22:11:12.346Z,33.61,78.17

2026-08-20T22:11:17.357Z,33.62,78.1

2026-08-20T22:11:22.367Z,33.62,78.2

2026-08-20T22:11:27.354Z,33.59,78.18

2026-08-20T22:11:32.358Z,33.58,78.2

2026-08-20T22:11:37.356Z,33.6,78.18

2026-08-20T22:11:42.358Z,33.59,78.22

2026-08-20T22:11:47.380Z,33.59,78.21

2026-08-20T22:11:52.373Z,33.6,78.18

2026-08-20T22:11:57.373Z,33.6,78.22

2026-08-20T22:12:02.385Z,33.58,78.23

2026-08-20T22:12:07.374Z,33.57,78.23

2026-08-20T22:12:12.375Z,33.58,78.25

2026-08-20T22:12:17.374Z,33.6,78.24

2026-08-20T22:12:22.386Z,33.57,78.32

2026-08-20T22:12:27.375Z,33.59,78.34

2026-08-20T22:12:32.376Z,33.6,78.31

2026-08-20T22:12:37.376Z,33.57,78.29

2026-08-20T22:12:42.376Z,33.58,78.31

2026-08-20T22:12:47.376Z,33.56,78.26

2026-08-20T22:12:52.389Z,33.53,78.4

2026-08-20T22:12:57.378Z,33.57,78.31

2026-08-20T22:13:02.378Z,33.58,78.33

2026-08-20T22:13:07.380Z,33.58,78.31

2026-08-20T22:13:12.380Z,33.56,78.3

2026-08-20T22:13:17.380Z,33.57,78.34

2026-08-20T22:13:22.391Z,33.57,78.36

2026-08-20T22:13:27.381Z,33.56,78.37

2026-08-20T22:13:32.382Z,33.55,78.36

2026-08-20T22:13:37.380Z,33.58,78.31

2026-08-20T22:13:42.382Z,33.56,78.37

2026-08-20T22:13:47.401Z,33.57,78.26

2026-08-20T22:13:52.415Z,33.58,78.37

2026-08-20T22:13:57.400Z,33.57,78.32

2026-08-20T22:14:02.399Z,33.56,78.37

2026-08-20T22:14:07.399Z,33.58,78.31

2026-08-20T22:14:12.413Z,33.57,78.32

2026-08-20T22:14:17.400Z,33.56,78.37

2026-08-20T22:14:22.400Z,33.57,78.36

2026-08-20T22:14:27.407Z,33.58,78.38

2026-08-20T22:14:32.403Z,33.57,78.35

2026-08-20T22:14:37.399Z,33.57,78.3

2026-08-20T22:14:42.400Z,33.57,78.31

2026-08-20T22:14:47.399Z,33.55,78.3

2026-08-20T22:14:52.421Z,33.57,78.31

2026-08-20T22:14:57.406Z,33.56,78.35

2026-08-20T22:15:02.408Z,33.59,78.31

2026-08-20T22:15:07.409Z,33.57,78.35

2026-08-20T22:15:12.410Z,33.56,78.36

2026-08-20T22:15:17.410Z,33.57,78.35

2026-08-20T22:15:22.431Z,33.55,78.41

2026-08-20T22:15:27.412Z,33.56,78.36

2026-08-20T22:15:32.410Z,33.56,78.46

2026-08-20T22:15:37.411Z,33.57,78.35

2026-08-20T22:15:42.413Z,33.55,78.44

2026-08-20T22:15:47.427Z,33.56,78.44

2026-08-20T22:15:52.441Z,33.56,78.44

2026-08-20T22:15:57.424Z,33.57,78.46

2026-08-20T22:16:02.425Z,33.55,78.46

2026-08-20T22:16:07.425Z,33.55,78.43

2026-08-20T22:16:12.428Z,33.55,78.45

2026-08-20T22:16:17.444Z,33.56,78.51

2026-08-20T22:16:22.457Z,33.54,78.49

2026-08-20T22:16:27.441Z,33.55,78.42

2026-08-20T22:16:32.441Z,33.54,78.44

2026-08-20T22:16:37.443Z,33.55,78.4

2026-08-20T22:16:42.441Z,33.56,78.48

2026-08-20T22:16:47.441Z,33.55,78.47

2026-08-20T22:16:52.453Z,33.54,78.52

2026-08-20T22:16:57.442Z,33.54,78.49

2026-08-20T22:17:02.456Z,33.55,78.52

2026-08-20T22:17:07.445Z,33.55,78.53

2026-08-20T22:17:12.446Z,33.54,78.48

2026-08-20T22:17:17.445Z,33.53,78.58

2026-08-20T22:17:22.447Z,33.52,78.59

2026-08-20T22:17:27.446Z,33.53,78.55

2026-08-20T22:17:32.457Z,33.53,78.56

2026-08-20T22:17:37.446Z,33.54,78.48

2026-08-20T22:17:42.445Z,33.53,78.55

2026-08-20T22:17:47.446Z,33.52,78.54

2026-08-20T22:17:52.448Z,33.51,78.55

2026-08-20T22:17:57.445Z,33.53,78.58

2026-08-20T22:18:02.457Z,33.52,78.65

2026-08-20T22:18:07.449Z,33.51,78.6

2026-08-20T22:18:12.448Z,33.5,78.53

2026-08-20T22:18:17.454Z,33.52,78.65

2026-08-20T22:18:22.466Z,33.51,78.65

2026-08-20T22:18:27.453Z,33.53,78.59

2026-08-20T22:18:32.455Z,33.52,78.63

2026-08-20T22:18:37.465Z,33.52,78.65

2026-08-20T22:18:42.477Z,33.5,78.66

2026-08-20T22:18:47.466Z,33.51,78.66

2026-08-20T22:18:52.468Z,33.5,78.66

2026-08-20T22:18:57.466Z,33.5,78.67

2026-08-20T22:19:02.472Z,33.5,78.64

2026-08-20T22:19:07.465Z,33.51,78.72

2026-08-20T22:19:12.469Z,33.47,78.74

2026-08-20T22:19:17.466Z,33.49,78.72

2026-08-20T22:19:22.466Z,33.5,78.71

2026-08-20T22:19:27.485Z,33.5,78.74

2026-08-20T22:19:32.498Z,33.49,78.8

2026-08-20T22:19:37.483Z,33.52,78.77

2026-08-20T22:19:42.483Z,33.5,78.78

2026-08-20T22:19:47.484Z,33.53,78.72

2026-08-20T22:19:52.484Z,33.51,78.78

2026-08-20T22:19:57.505Z,33.51,78.7

2026-08-20T22:20:02.498Z,33.5,78.67

2026-08-20T22:20:07.497Z,33.49,78.77

2026-08-20T22:20:12.511Z,33.51,78.82

2026-08-20T22:20:17.498Z,33.52,78.73

2026-08-20T22:20:22.499Z,33.51,78.76

2026-08-20T22:20:27.497Z,33.5,78.72

2026-08-20T22:20:32.510Z,33.51,78.75

2026-08-20T22:20:37.502Z,33.52,78.75

2026-08-20T22:20:42.500Z,33.51,78.76

2026-08-20T22:20:47.500Z,33.5,78.77

2026-08-20T22:20:52.513Z,33.51,78.82

2026-08-20T22:20:57.500Z,33.51,78.75

2026-08-20T22:21:02.501Z,33.52,78.72

2026-08-20T22:21:07.501Z,33.52,78.77

2026-08-20T22:21:12.502Z,33.51,78.72

2026-08-20T22:21:17.500Z,33.53,78.69

2026-08-20T22:21:22.514Z,33.52,78.79

2026-08-20T22:21:27.504Z,33.53,78.74

2026-08-20T22:21:32.501Z,33.53,78.72

2026-08-20T22:21:37.503Z,33.52,78.73

2026-08-20T22:21:42.504Z,33.52,78.79

2026-08-20T22:21:47.503Z,33.53,78.68

2026-08-20T22:21:52.515Z,33.54,78.74

2026-08-20T22:21:57.502Z,33.55,78.69

2026-08-20T22:22:02.501Z,33.56,78.7

2026-08-20T22:22:07.504Z,33.55,78.74

2026-08-20T22:22:12.504Z,33.56,78.68

2026-08-20T22:22:17.519Z,33.57,78.69

2026-08-20T22:22:22.530Z,33.55,78.73

2026-08-20T22:22:27.514Z,33.56,78.65

2026-08-20T22:22:32.519Z,33.55,78.7

2026-08-20T22:22:37.516Z,33.59,78.62

2026-08-20T22:22:42.519Z,33.59,78.61

2026-08-20T22:22:47.530Z,33.55,78.62

2026-08-20T22:22:52.547Z,33.55,78.64

2026-08-20T22:22:57.531Z,33.57,78.59

2026-08-20T22:23:02.531Z,33.56,78.62

2026-08-20T22:23:07.532Z,33.56,78.62

2026-08-20T22:23:12.534Z,33.55,78.64

2026-08-20T22:23:17.544Z,33.57,78.6

2026-08-20T22:23:22.559Z,33.56,78.66

2026-08-20T22:23:27.547Z,33.54,78.65

2026-08-20T22:23:32.545Z,33.54,78.64

2026-08-20T22:23:37.542Z,33.56,78.7

2026-08-20T22:23:42.546Z,33.56,78.66

2026-08-20T22:23:47.552Z,33.56,78.69

2026-08-20T22:23:52.562Z,33.55,78.71

2026-08-20T22:23:57.551Z,33.55,78.69

2026-08-20T22:24:02.551Z,33.54,78.7

2026-08-20T22:24:07.554Z,33.55,78.75

2026-08-20T22:24:12.553Z,33.53,78.72

2026-08-20T22:24:17.566Z,33.53,78.74

2026-08-20T22:24:22.574Z,33.54,78.77

2026-08-20T22:24:27.565Z,33.55,78.71

2026-08-20T22:24:32.564Z,33.55,78.75

2026-08-20T22:24:37.564Z,33.54,78.79

2026-08-20T22:24:42.565Z,33.52,78.76

2026-08-20T22:24:47.573Z,33.52,78.73

2026-08-20T22:24:52.582Z,33.52,78.77

2026-08-20T22:24:57.571Z,33.51,78.78

2026-08-20T22:25:02.570Z,33.52,78.75

2026-08-20T22:25:07.569Z,33.53,78.76

2026-08-20T22:25:12.573Z,33.53,78.81

2026-08-20T22:25:17.576Z,33.52,78.81

2026-08-20T22:25:22.589Z,33.5,78.84

2026-08-20T22:25:27.574Z,33.53,78.84

2026-08-20T22:25:32.574Z,33.51,78.85

2026-08-20T22:25:37.573Z,33.51,78.82

2026-08-20T22:25:42.573Z,33.51,78.84

2026-08-20T22:25:47.576Z,33.52,78.86

2026-08-20T22:25:52.586Z,33.51,78.91

2026-08-20T22:25:57.577Z,33.52,78.88

2026-08-20T22:26:02.580Z,33.53,78.85

2026-08-20T22:26:07.578Z,33.53,78.86

2026-08-20T22:26:12.590Z,33.52,78.91

2026-08-20T22:26:17.583Z,33.53,78.91

2026-08-20T22:26:22.581Z,33.53,78.86

2026-08-20T22:26:27.582Z,33.52,78.86

2026-08-20T22:26:32.593Z,33.51,78.89

2026-08-20T22:26:37.580Z,33.51,78.82

2026-08-20T22:26:42.584Z,33.51,78.84

2026-08-20T22:26:47.583Z,33.5,78.85

2026-08-20T22:26:52.596Z,33.51,78.88

2026-08-20T22:26:57.584Z,33.53,78.84

2026-08-20T22:27:02.584Z,33.52,78.84

2026-08-20T22:27:07.584Z,33.52,78.8

2026-08-20T22:27:12.584Z,33.53,78.85

2026-08-20T22:27:17.602Z,33.51,78.85

2026-08-20T22:27:22.611Z,33.53,78.91

2026-08-20T22:27:27.601Z,33.53,78.8

2026-08-20T22:27:32.602Z,33.51,78.88

2026-08-20T22:27:37.603Z,33.54,78.88

2026-08-20T22:27:42.604Z,33.53,78.9

2026-08-20T22:27:47.603Z,33.52,78.93

2026-08-20T22:27:52.616Z,33.52,78.9

2026-08-20T22:27:57.603Z,33.51,78.91

2026-08-20T22:28:02.606Z,33.52,78.9

2026-08-20T22:28:07.605Z,33.53,78.94

2026-08-20T22:28:12.605Z,33.52,78.94

2026-08-20T22:28:17.606Z,33.53,78.91

2026-08-20T22:28:22.620Z,33.53,78.93

2026-08-20T22:28:27.607Z,33.52,78.91

2026-08-20T22:28:32.607Z,33.54,78.89

2026-08-20T22:28:37.607Z,33.53,78.85

2026-08-20T22:28:42.608Z,33.54,78.87

2026-08-20T22:28:47.608Z,33.54,78.89

2026-08-20T22:28:52.622Z,33.53,78.87

2026-08-20T22:28:57.606Z,33.53,78.88

2026-08-20T22:29:02.606Z,33.54,78.87

2026-08-20T22:29:07.608Z,33.55,78.89

2026-08-20T22:29:12.608Z,33.56,78.85

2026-08-20T22:29:17.607Z,33.56,78.86

2026-08-20T22:29:22.626Z,33.56,78.86

2026-08-20T22:29:27.609Z,33.57,78.84

2026-08-20T22:29:32.608Z,33.57,78.8

2026-08-20T22:29:37.609Z,33.58,78.73

2026-08-20T22:29:42.609Z,33.56,78.79

2026-08-20T22:29:47.619Z,33.58,78.72

2026-08-20T22:29:52.636Z,33.57,78.72

2026-08-20T22:29:57.624Z,33.56,78.72

2026-08-20T22:30:02.623Z,33.55,78.74

2026-08-20T22:30:07.621Z,33.57,78.74

2026-08-20T22:30:12.621Z,33.55,78.72

2026-08-20T22:30:17.631Z,33.57,78.7

2026-08-20T22:30:22.650Z,33.56,78.74

2026-08-20T22:30:27.631Z,33.56,78.75

2026-08-20T22:30:32.633Z,33.55,78.74

2026-08-20T22:30:37.634Z,33.55,78.75

2026-08-20T22:30:42.634Z,33.54,78.8

2026-08-20T22:30:47.650Z,33.55,78.81

2026-08-20T22:30:52.658Z,33.54,78.82

2026-08-20T22:30:57.650Z,33.54,78.87

2026-08-20T22:31:02.651Z,33.56,78.83

2026-08-20T22:31:07.649Z,33.53,78.9

2026-08-20T22:31:12.662Z,33.54,78.91

2026-08-20T22:31:17.650Z,33.56,78.85

2026-08-20T22:31:22.662Z,33.53,78.9

2026-08-20T22:31:27.650Z,33.55,78.82

2026-08-20T22:31:32.652Z,33.55,78.82

2026-08-20T22:31:37.653Z,33.53,78.93

2026-08-20T22:31:42.656Z,33.55,78.86

2026-08-20T22:31:47.653Z,33.54,78.91

2026-08-20T22:31:52.666Z,33.54,78.96

2026-08-20T22:31:57.654Z,33.54,78.86

2026-08-20T22:32:02.654Z,33.52,78.87

2026-08-20T22:32:07.654Z,33.55,78.91

2026-08-20T22:32:12.657Z,33.53,78.88

2026-08-20T22:32:17.657Z,33.53,78.88

2026-08-20T22:32:22.669Z,33.55,78.94

2026-08-20T22:32:27.656Z,33.54,78.9

2026-08-20T22:32:32.657Z,33.51,78.93

2026-08-20T22:32:37.656Z,33.53,78.96

2026-08-20T22:32:42.657Z,33.52,78.95

2026-08-20T22:32:47.666Z,33.53,78.89

2026-08-20T22:32:52.681Z,33.52,78.97

2026-08-20T22:32:57.663Z,33.53,78.91

2026-08-20T22:33:02.664Z,33.52,78.99

2026-08-20T22:33:07.664Z,33.5,78.98

2026-08-20T22:33:12.664Z,33.49,79.01

2026-08-20T22:33:17.665Z,33.49,79.05

2026-08-20T22:33:22.673Z,33.48,79.08

2026-08-20T22:33:27.665Z,33.51,78.98

2026-08-20T22:33:32.664Z,33.51,79.06

2026-08-20T22:33:37.666Z,33.5,79.02

2026-08-20T22:33:42.666Z,33.51,79.02

2026-08-20T22:33:47.680Z,33.51,79.05

2026-08-20T22:33:52.698Z,33.51,79.05

2026-08-20T22:33:57.676Z,33.51,79.01

2026-08-20T22:34:02.678Z,33.51,79.01

2026-08-20T22:34:07.676Z,33.52,79.02

2026-08-20T22:34:12.677Z,33.51,79.08

2026-08-20T22:34:17.694Z,33.52,79.11

2026-08-20T22:34:22.709Z,33.51,79.06

2026-08-20T22:34:27.692Z,33.52,79.04

2026-08-20T22:34:32.695Z,33.52,79.04

2026-08-20T22:34:37.702Z,33.52,79.04

2026-08-20T22:34:42.714Z,33.53,79.1

2026-08-20T22:34:47.702Z,33.5,79.1

2026-08-20T22:34:52.701Z,33.52,79.1

2026-08-20T22:34:57.707Z,33.49,79.08

2026-08-20T22:35:02.718Z,33.5,79.14

2026-08-20T22:35:07.707Z,33.51,79.07

2026-08-20T22:35:12.708Z,33.49,79.09

2026-08-20T22:35:17.715Z,33.5,79.17

2026-08-20T22:35:22.724Z,33.49,79.14

2026-08-20T22:35:27.711Z,33.49,79.11

2026-08-20T22:35:32.713Z,33.54,79.16

2026-08-20T22:35:37.713Z,33.5,79.15

2026-08-20T22:35:42.714Z,33.51,79.08

2026-08-20T22:35:47.719Z,33.5,79.15

2026-08-20T22:35:52.731Z,33.49,79.15

2026-08-20T22:35:57.717Z,33.47,79.11

2026-08-20T22:36:02.716Z,33.5,79.16

2026-08-20T22:36:07.717Z,33.51,79.19

2026-08-20T22:36:12.728Z,33.52,79.19

2026-08-20T22:36:17.718Z,33.51,79.13

2026-08-20T22:36:22.719Z,33.51,79.18

2026-08-20T22:36:27.715Z,33.52,79.18

2026-08-20T22:36:32.717Z,33.51,79.18

2026-08-20T22:36:37.716Z,33.5,79.16

2026-08-20T22:36:42.727Z,33.51,79.21

2026-08-20T22:36:47.717Z,33.52,79.15

2026-08-20T22:36:52.719Z,33.52,79.19

2026-08-20T22:36:57.716Z,33.51,79.14

2026-08-20T22:37:02.717Z,33.51,79.22

2026-08-20T22:37:07.714Z,33.51,79.15

2026-08-20T22:37:12.728Z,33.5,79.21

2026-08-20T22:37:17.719Z,33.52,79.18

2026-08-20T22:37:22.723Z,33.54,79.16

2026-08-20T22:37:27.723Z,33.51,79.11

2026-08-20T22:37:32.721Z,33.51,79.16

2026-08-20T22:37:37.740Z,33.53,79.09

2026-08-20T22:37:42.751Z,33.53,79.11

2026-08-20T22:37:47.735Z,33.53,79.06

2026-08-20T22:37:52.737Z,33.51,79.12

2026-08-20T22:37:57.738Z,33.53,79.06

2026-08-20T22:38:02.738Z,33.52,79.13

2026-08-20T22:38:07.754Z,33.52,79.11

2026-08-20T22:38:12.766Z,33.51,79.17

2026-08-20T22:38:17.755Z,33.53,79.15

2026-08-20T22:38:22.754Z,33.51,79.1

2026-08-20T22:38:27.754Z,33.53,79.17

2026-08-20T22:38:32.756Z,33.53,79.21

2026-08-20T22:38:37.762Z,33.53,79.16

2026-08-20T22:38:42.772Z,33.53,79.14

2026-08-20T22:38:47.762Z,33.53,79.11

2026-08-20T22:38:52.764Z,33.54,79.12

2026-08-20T22:38:57.763Z,33.54,79.15

2026-08-20T22:39:02.778Z,33.51,79.15

2026-08-20T22:39:07.764Z,33.53,79.11

2026-08-20T22:39:12.763Z,33.53,79.09

2026-08-20T22:39:17.765Z,33.51,79.15

2026-08-20T22:39:22.765Z,33.53,79.13

2026-08-20T22:39:27.768Z,33.53,79.12

2026-08-20T22:39:32.778Z,33.53,79.11

2026-08-20T22:39:37.767Z,33.55,79.12

2026-08-20T22:39:42.768Z,33.51,79.05

2026-08-20T22:39:47.769Z,33.51,79.11

2026-08-20T22:39:52.780Z,33.52,79.16

2026-08-20T22:39:57.767Z,33.51,79.21

2026-08-20T22:40:02.768Z,33.52,79.18

2026-08-20T22:40:07.769Z,33.5,79.2

2026-08-20T22:40:12.771Z,33.52,79.18

2026-08-20T22:40:17.768Z,33.52,79.2

2026-08-20T22:40:22.781Z,33.5,79.28

2026-08-20T22:40:27.769Z,33.54,79.17

2026-08-20T22:40:32.770Z,33.51,79.26

2026-08-20T22:40:37.769Z,33.52,79.21

2026-08-20T22:40:42.770Z,33.49,79.29

2026-08-20T22:40:47.770Z,33.51,79.28

2026-08-20T22:40:52.783Z,33.5,79.33

2026-08-20T22:40:57.770Z,33.51,79.32

2026-08-20T22:41:02.770Z,33.51,79.29

2026-08-20T22:41:07.772Z,33.5,79.28

2026-08-20T22:41:12.772Z,33.52,79.28

2026-08-20T22:41:17.783Z,33.5,79.21

2026-08-20T22:41:22.800Z,33.49,79.29

2026-08-20T22:41:27.783Z,33.52,79.33

2026-08-20T22:41:32.782Z,33.52,79.31

2026-08-20T22:41:37.782Z,33.51,79.35

2026-08-20T22:41:42.782Z,33.51,79.26

2026-08-20T22:41:47.792Z,33.51,79.3

2026-08-20T22:41:52.804Z,33.51,79.33

2026-08-20T22:41:57.792Z,33.53,79.24

2026-08-20T22:42:02.793Z,33.53,79.22

2026-08-20T22:42:07.805Z,33.52,79.27

2026-08-20T22:42:12.817Z,33.53,79.34

2026-08-20T22:42:17.803Z,33.52,79.28

2026-08-20T22:42:22.805Z,33.52,79.28

2026-08-20T22:42:27.806Z,33.52,79.22

2026-08-20T22:42:32.805Z,33.52,79.29

2026-08-20T22:42:37.815Z,33.56,79.25

2026-08-20T22:42:42.828Z,33.54,79.28

2026-08-20T22:42:47.816Z,33.53,79.19

2026-08-20T22:42:52.815Z,33.52,79.18

2026-08-20T22:42:57.814Z,33.56,79.18

2026-08-20T22:43:02.815Z,33.54,79.15

2026-08-20T22:43:07.816Z,33.57,79.2

2026-08-20T22:43:12.829Z,33.57,79.21

2026-08-20T22:43:17.817Z,33.56,79.19

2026-08-20T22:43:22.817Z,33.57,79.18

2026-08-20T22:43:27.815Z,33.57,79.18

2026-08-20T22:43:32.817Z,33.57,79.16

2026-08-20T22:43:37.822Z,33.55,79.14

2026-08-20T22:43:42.833Z,33.57,79.18

2026-08-20T22:43:47.821Z,33.58,79.15

2026-08-20T22:43:52.821Z,33.58,79.13

2026-08-20T22:43:57.823Z,33.56,79.12

2026-08-20T22:44:02.819Z,33.59,79.11

2026-08-20T22:44:07.832Z,33.57,79.15

2026-08-20T22:44:12.844Z,33.56,79.13

2026-08-20T22:44:17.829Z,33.58,79.08

2026-08-20T22:44:22.831Z,33.58,79.12

2026-08-20T22:44:27.828Z,33.58,79.07

2026-08-20T22:44:32.831Z,33.56,79.1

2026-08-20T22:44:37.839Z,33.56,79.11

2026-08-20T22:44:42.853Z,33.56,79.13

2026-08-20T22:44:47.836Z,33.55,79.08

2026-08-20T22:44:52.838Z,33.57,79.05

2026-08-20T22:44:57.839Z,33.55,79.11

2026-08-20T22:45:02.858Z,33.55,79.15

2026-08-20T22:45:07.839Z,33.55,79.12

2026-08-20T22:45:12.843Z,33.57,79.14

2026-08-20T22:45:17.847Z,33.56,79.11

2026-08-20T22:45:22.857Z,33.57,79.25

2026-08-20T22:45:27.845Z,33.55,79.12

2026-08-20T22:45:32.847Z,33.55,79.18

2026-08-20T22:45:37.845Z,33.54,79.22

2026-08-20T22:45:42.847Z,33.56,79.22

2026-08-20T22:45:47.854Z,33.53,79.2

2026-08-20T22:45:52.869Z,33.54,79.25

2026-08-20T22:45:57.854Z,33.54,79.22

2026-08-20T22:46:02.855Z,33.55,79.23

2026-08-20T22:46:07.854Z,33.54,79.27

2026-08-20T22:46:12.854Z,33.57,79.24

2026-08-20T22:46:17.855Z,33.54,79.23

2026-08-20T22:46:22.868Z,33.55,79.29

2026-08-20T22:46:27.854Z,33.55,79.22

2026-08-20T22:46:32.856Z,33.55,79.23

2026-08-20T22:46:37.856Z,33.56,79.29

2026-08-20T22:46:42.856Z,33.56,79.25

2026-08-20T22:46:47.856Z,33.57,79.21

2026-08-20T22:46:52.868Z,33.57,79.27

2026-08-20T22:46:57.858Z,33.59,79.21

2026-08-20T22:47:02.858Z,33.57,79.22

2026-08-20T22:47:07.858Z,33.6,79.19

2026-08-20T22:47:12.860Z,33.6,79.23

2026-08-20T22:47:17.861Z,33.58,79.14

2026-08-20T22:47:22.872Z,33.58,79.16

2026-08-20T22:47:27.861Z,33.59,79.2

2026-08-20T22:47:32.861Z,33.58,79.15

2026-08-20T22:47:37.860Z,33.59,79.14

2026-08-20T22:47:42.860Z,33.6,79.12

2026-08-20T22:47:47.864Z,33.59,79.13

2026-08-20T22:47:52.876Z,33.58,79.16

2026-08-20T22:47:57.865Z,33.58,79.17

2026-08-20T22:48:02.864Z,33.58,79.13

2026-08-20T22:48:07.874Z,33.59,79.15

2026-08-20T22:48:12.884Z,33.59,79.17

2026-08-20T22:48:17.871Z,33.6,79.19

2026-08-20T22:48:22.872Z,33.6,79.18

2026-08-20T22:48:27.872Z,33.6,79.12

2026-08-20T22:48:32.876Z,33.59,79.2

2026-08-20T22:48:37.890Z,33.58,79.13

2026-08-20T22:48:42.902Z,33.59,79.14

2026-08-20T22:48:47.890Z,33.59,79.2

2026-08-20T22:48:52.889Z,33.6,79.18

2026-08-20T22:48:57.889Z,33.6,79.17

2026-08-20T22:49:02.892Z,33.59,79.1

2026-08-20T22:49:07.912Z,33.58,79.11

2026-08-20T22:49:12.926Z,33.58,79.2

2026-08-20T22:49:17.912Z,33.61,79.12

2026-08-20T22:49:22.914Z,33.6,79.14

2026-08-20T22:49:27.913Z,33.61,79.13

2026-08-20T22:49:32.915Z,33.61,79.1

2026-08-20T22:49:37.919Z,33.6,79.11

2026-08-20T22:49:42.929Z,33.61,79.16

2026-08-20T22:49:47.919Z,33.6,79.12

2026-08-20T22:49:52.931Z,33.61,79.14

2026-08-20T22:49:57.920Z,33.62,79.1

2026-08-20T22:50:02.921Z,33.61,79.17

2026-08-20T22:50:07.921Z,33.62,79.1

2026-08-20T22:50:12.923Z,33.58,79.14

2026-08-20T22:50:17.922Z,33.6,79.06

2026-08-20T22:50:22.933Z,33.6,79.12

2026-08-20T22:50:27.923Z,33.61,79.08

2026-08-20T22:50:32.923Z,33.61,79.07

2026-08-20T22:50:37.924Z,33.62,79.08

2026-08-20T22:50:42.922Z,33.63,79.09

2026-08-20T22:50:47.926Z,33.63,79.12

2026-08-20T22:50:52.943Z,33.62,79.17

2026-08-20T22:50:57.925Z,33.63,79.05

2026-08-20T22:51:02.924Z,33.6,79.06

2026-08-20T22:51:07.925Z,33.61,79.12

2026-08-20T22:51:12.926Z,33.61,79.1

2026-08-20T22:51:17.937Z,33.61,79.13

2026-08-20T22:51:22.945Z,33.62,79.12

2026-08-20T22:51:27.934Z,33.63,79.12

2026-08-20T22:51:32.935Z,33.62,79.13

2026-08-20T22:51:37.934Z,33.61,79.05

2026-08-20T22:51:42.936Z,33.62,79.07

2026-08-20T22:51:47.935Z,33.61,79.05

2026-08-20T22:51:52.945Z,33.62,79.09

2026-08-20T22:51:57.936Z,33.62,79.19

2026-08-20T22:52:02.934Z,33.63,79.12

2026-08-20T22:52:07.936Z,33.64,79.12

2026-08-20T22:52:12.938Z,33.64,79.09

2026-08-20T22:52:17.954Z,33.63,79.14

2026-08-20T22:52:22.960Z,33.61,79.12

2026-08-20T22:52:27.954Z,33.63,79.1

2026-08-20T22:52:32.955Z,33.63,79.1

2026-08-20T22:52:37.955Z,33.65,79.12

2026-08-20T22:52:42.959Z,33.64,79.11

2026-08-20T22:52:47.961Z,33.63,79.19

2026-08-20T22:52:52.968Z,33.62,79.09

2026-08-20T22:52:57.958Z,33.64,79

2026-08-20T22:53:02.959Z,33.65,79.05

2026-08-20T22:53:07.960Z,33.61,79.06

2026-08-20T22:53:12.961Z,33.63,79.07

2026-08-20T22:53:17.969Z,33.63,79.02

2026-08-20T22:53:22.977Z,33.63,79.08

2026-08-20T22:53:27.969Z,33.64,79.07

2026-08-20T22:53:32.970Z,33.62,79.06

2026-08-20T22:53:37.967Z,33.64,79.06

2026-08-20T22:53:42.970Z,33.62,79.1

2026-08-20T22:53:47.974Z,33.6,79.09

2026-08-20T22:53:52.984Z,33.6,79.09

2026-08-20T22:53:57.974Z,33.61,79.07

2026-08-20T22:54:02.977Z,33.61,79.13

2026-08-20T22:54:07.975Z,33.6,79.16

2026-08-20T22:54:12.975Z,33.62,79.16

2026-08-20T22:54:17.983Z,33.61,79.16

2026-08-20T22:54:22.994Z,33.61,79.19

2026-08-20T22:54:27.983Z,33.61,79.14

2026-08-20T22:54:32.982Z,33.61,79.16

2026-08-20T22:54:37.982Z,33.61,79.14

2026-08-20T22:54:42.983Z,33.62,79.13

2026-08-20T22:54:47.983Z,33.63,79.11

2026-08-20T22:54:53.000Z,33.63,79.15

2026-08-20T22:54:57.986Z,33.63,79.1

2026-08-20T22:55:02.986Z,33.63,79.12

2026-08-20T22:55:07.986Z,33.63,79.12

2026-08-20T22:55:12.987Z,33.62,79.15

2026-08-20T22:55:17.997Z,33.62,79.06

2026-08-20T22:55:23.008Z,33.63,79.2

2026-08-20T22:55:27.995Z,33.63,79.11

2026-08-20T22:55:32.998Z,33.62,79.19

2026-08-20T22:55:37.996Z,33.63,79.18

2026-08-20T22:55:42.998Z,33.63,79.16

2026-08-20T22:55:48.005Z,33.65,79.1

2026-08-20T22:55:53.011Z,33.64,79.13

2026-08-20T22:55:58.003Z,33.65,79.14

2026-08-20T22:56:03.006Z,33.64,79.16

2026-08-20T22:56:08.008Z,33.65,79.05

2026-08-20T22:56:13.004Z,33.66,79.06

2026-08-20T22:56:18.018Z,33.64,79.01

2026-08-20T22:56:23.031Z,33.66,79.09

2026-08-20T22:56:28.017Z,33.64,79.07

2026-08-20T22:56:33.017Z,33.63,79.07

2026-08-20T22:56:38.017Z,33.64,79.01

2026-08-20T22:56:43.020Z,33.64,79.02

2026-08-20T22:56:48.022Z,33.64,79.1

2026-08-20T22:56:53.030Z,33.64,79.16

2026-08-20T22:56:58.019Z,33.67,79.05

2026-08-20T22:57:03.020Z,33.63,79.06

2026-08-20T22:57:08.020Z,33.64,79.08

2026-08-20T22:57:13.021Z,33.64,79.13

2026-08-20T22:57:18.026Z,33.65,79.08

2026-08-20T22:57:23.039Z,33.63,79.14

2026-08-20T22:57:28.024Z,33.64,79.1

2026-08-20T22:57:33.025Z,33.63,79.13

2026-08-20T22:57:38.026Z,33.63,79.13

2026-08-20T22:57:43.024Z,33.62,79.14

2026-08-20T22:57:48.035Z,33.61,79.17

2026-08-20T22:57:53.047Z,33.6,79.18

2026-08-20T22:57:58.035Z,33.59,79.18

2026-08-20T22:58:03.035Z,33.62,79.2

2026-08-20T22:58:08.043Z,33.59,79.21

2026-08-20T22:58:13.050Z,33.61,79.29

2026-08-20T22:58:18.041Z,33.61,79.22

2026-08-20T22:58:23.040Z,33.6,79.27

2026-08-20T22:58:28.038Z,33.59,79.19

2026-08-20T22:58:33.042Z,33.6,79.26

2026-08-20T22:58:38.040Z,33.59,79.25

2026-08-20T22:58:43.051Z,33.6,79.32

2026-08-20T22:58:48.041Z,33.6,79.29

2026-08-20T22:58:53.040Z,33.59,79.27

2026-08-20T22:58:58.040Z,33.58,79.29

2026-08-20T22:59:03.042Z,33.58,79.3

2026-08-20T22:59:08.057Z,33.58,79.31

2026-08-20T22:59:13.071Z,33.6,79.34

2026-08-20T22:59:18.056Z,33.6,79.31

2026-08-20T22:59:23.057Z,33.59,79.33

2026-08-20T22:59:28.056Z,33.59,79.31

2026-08-20T22:59:33.058Z,33.59,79.3

2026-08-20T22:59:38.067Z,33.6,79.3

2026-08-20T22:59:43.081Z,33.61,79.26

2026-08-20T22:59:48.067Z,33.61,79.29

2026-08-20T22:59:53.067Z,33.59,79.28

2026-08-20T22:59:58.068Z,33.6,79.28

2026-08-20T23:00:03.073Z,33.59,79.35

2026-08-20T23:00:08.077Z,33.6,79.28

2026-08-20T23:00:13.093Z,33.58,79.35

2026-08-20T23:00:18.075Z,33.61,79.26

2026-08-20T23:00:23.075Z,33.61,79.3

2026-08-20T23:00:28.075Z,33.59,79.25

2026-08-20T23:00:33.088Z,33.59,79.37

2026-08-20T23:00:38.078Z,33.58,79.32

2026-08-20T23:00:43.079Z,33.58,79.34

2026-08-20T23:00:48.075Z,33.58,79.38

2026-08-20T23:00:53.078Z,33.59,79.4

2026-08-20T23:00:58.094Z,33.6,79.34

2026-08-20T23:01:03.102Z,33.59,79.44

2026-08-20T23:01:08.093Z,33.59,79.37

2026-08-20T23:01:13.094Z,33.59,79.37

2026-08-20T23:01:18.094Z,33.57,79.34

2026-08-20T23:01:23.095Z,33.57,79.38

2026-08-20T23:01:28.103Z,33.57,79.36

2026-08-20T23:01:33.113Z,33.57,79.41

2026-08-20T23:01:38.101Z,33.58,79.4

2026-08-20T23:01:43.104Z,33.57,79.44

2026-08-20T23:01:48.103Z,33.57,79.4

2026-08-20T23:01:53.104Z,33.57,79.41

2026-08-20T23:01:58.104Z,33.58,79.43

2026-08-20T23:02:03.115Z,33.57,79.44

2026-08-20T23:02:08.103Z,33.58,79.39

2026-08-20T23:02:13.106Z,33.57,79.42

2026-08-20T23:02:18.104Z,33.59,79.31

2026-08-20T23:02:23.118Z,33.58,79.39

2026-08-20T23:02:28.104Z,33.58,79.38

2026-08-20T23:02:33.106Z,33.57,79.4

2026-08-20T23:02:38.105Z,33.59,79.42

2026-08-20T23:02:43.108Z,33.59,79.38

2026-08-20T23:02:48.106Z,33.59,79.37

2026-08-20T23:02:53.120Z,33.59,79.45

2026-08-20T23:02:58.108Z,33.58,79.35

2026-08-20T23:03:03.106Z,33.58,79.36

2026-08-20T23:03:08.106Z,33.58,79.38

2026-08-20T23:03:13.108Z,33.58,79.42

2026-08-20T23:03:18.106Z,33.59,79.45

2026-08-20T23:03:23.119Z,33.59,79.44

2026-08-20T23:03:28.108Z,33.59,79.43

2026-08-20T23:03:33.109Z,33.58,79.41

2026-08-20T23:03:38.109Z,33.6,79.41

2026-08-20T23:03:43.113Z,33.58,79.38

2026-08-20T23:03:48.112Z,33.57,79.42

2026-08-20T23:03:53.125Z,33.58,79.47

2026-08-20T23:03:58.109Z,33.58,79.42

2026-08-20T23:04:03.111Z,33.58,79.39

2026-08-20T23:04:08.112Z,33.59,79.47

2026-08-20T23:04:13.112Z,33.58,79.42

2026-08-20T23:04:18.122Z,33.58,79.45

2026-08-20T23:04:23.136Z,33.57,79.48

2026-08-20T23:04:28.119Z,33.58,79.42

2026-08-20T23:04:33.122Z,33.58,79.41

2026-08-20T23:04:38.120Z,33.59,79.46

2026-08-20T23:04:43.121Z,33.57,79.33

2026-08-20T23:04:48.127Z,33.6,79.42

2026-08-20T23:04:53.141Z,33.59,79.4

2026-08-20T23:04:58.127Z,33.59,79.43

2026-08-20T23:05:03.129Z,33.6,79.36

2026-08-20T23:05:08.128Z,33.62,79.36

2026-08-20T23:05:13.128Z,33.59,79.38

2026-08-20T23:05:18.142Z,33.61,79.29

2026-08-20T23:05:23.151Z,33.61,79.31

2026-08-20T23:05:28.140Z,33.59,79.39

2026-08-20T23:05:33.141Z,33.6,79.37

2026-08-20T23:05:38.141Z,33.6,79.37

2026-08-20T23:05:43.142Z,33.6,79.39

2026-08-20T23:05:48.142Z,33.59,79.36

2026-08-20T23:05:53.155Z,33.6,79.43

2026-08-20T23:05:58.142Z,33.58,79.4

2026-08-20T23:06:03.143Z,33.6,79.37

2026-08-20T23:06:08.143Z,33.58,79.41

2026-08-20T23:06:13.143Z,33.57,79.39

2026-08-20T23:06:18.144Z,33.6,79.37

2026-08-20T23:06:23.156Z,33.58,79.4

2026-08-20T23:06:28.143Z,33.57,79.44

2026-08-20T23:06:33.143Z,33.6,79.36

2026-08-20T23:06:38.143Z,33.59,79.38

2026-08-20T23:06:43.143Z,33.58,79.4

2026-08-20T23:06:48.165Z,33.61,79.38

2026-08-20T23:06:53.161Z,33.58,79.45

2026-08-20T23:06:58.162Z,33.58,79.44

2026-08-20T23:07:03.164Z,33.59,79.44

2026-08-20T23:07:08.169Z,33.61,79.41

2026-08-20T23:07:13.182Z,33.59,79.43

2026-08-20T23:07:18.168Z,33.58,79.39

2026-08-20T23:07:23.171Z,33.59,79.4

2026-08-20T23:07:28.171Z,33.59,79.42

2026-08-20T23:07:33.178Z,33.6,79.42

2026-08-20T23:07:38.167Z,33.61,79.38

2026-08-20T23:07:43.187Z,33.58,79.42

2026-08-20T23:07:48.170Z,33.59,79.42

2026-08-20T23:07:53.170Z,33.58,79.47

2026-08-20T23:07:58.169Z,33.58,79.41

2026-08-20T23:08:03.171Z,33.57,79.5

2026-08-20T23:08:08.170Z,33.58,79.42

2026-08-20T23:08:13.184Z,33.59,79.48

2026-08-20T23:08:18.171Z,33.58,79.48

2026-08-20T23:08:23.173Z,33.56,79.48

2026-08-20T23:08:28.172Z,33.59,79.48

2026-08-20T23:08:33.176Z,33.58,79.47

2026-08-20T23:08:38.180Z,33.57,79.51

2026-08-20T23:08:43.195Z,33.57,79.52

2026-08-20T23:08:48.181Z,33.58,79.5

2026-08-20T23:08:53.181Z,33.58,79.52

2026-08-20T23:08:58.182Z,33.56,79.43

2026-08-20T23:09:03.183Z,33.57,79.49

2026-08-20T23:09:08.193Z,33.59,79.45

2026-08-20T23:09:13.202Z,33.6,79.54

2026-08-20T23:09:18.190Z,33.58,79.5

2026-08-20T23:09:23.191Z,33.58,79.47

2026-08-20T23:09:28.190Z,33.58,79.41

2026-08-20T23:09:33.191Z,33.58,79.42

2026-08-20T23:09:38.199Z,33.59,79.43

2026-08-20T23:09:43.214Z,33.59,79.52

2026-08-20T23:09:48.198Z,33.58,79.48

2026-08-20T23:09:53.199Z,33.58,79.47

2026-08-20T23:09:58.199Z,33.59,79.47

2026-08-20T23:10:03.200Z,33.58,79.49

2026-08-20T23:10:08.200Z,33.62,79.47

2026-08-20T23:10:13.214Z,33.56,79.49

2026-08-20T23:10:18.210Z,33.57,79.47

2026-08-20T23:10:23.200Z,33.58,79.46

2026-08-20T23:10:28.199Z,33.58,79.43

2026-08-20T23:10:33.200Z,33.59,79.4

2026-08-20T23:10:38.211Z,33.6,79.41

2026-08-20T23:10:43.220Z,33.59,79.44

2026-08-20T23:10:48.211Z,33.6,79.4

2026-08-20T23:10:53.211Z,33.6,79.45

2026-08-20T23:10:58.220Z,33.6,79.39

2026-08-20T23:11:03.230Z,33.58,79.41

2026-08-20T23:11:08.219Z,33.61,79.47

2026-08-20T23:11:13.226Z,33.61,79.38

2026-08-20T23:11:18.221Z,33.6,79.42

2026-08-20T23:11:23.224Z,33.62,79.4

2026-08-20T23:11:28.232Z,33.61,79.35

2026-08-20T23:11:33.243Z,33.61,79.47

2026-08-20T23:11:38.231Z,33.62,79.37

2026-08-20T23:11:43.235Z,33.63,79.39

2026-08-20T23:11:48.232Z,33.63,79.38

2026-08-20T23:11:53.233Z,33.64,79.34

2026-08-20T23:11:58.240Z,33.62,79.36

2026-08-20T23:12:03.249Z,33.63,79.43

2026-08-20T23:12:08.239Z,33.63,79.39

2026-08-20T23:12:13.252Z,33.64,79.42

2026-08-20T23:12:18.240Z,33.65,79.36

2026-08-20T23:12:23.241Z,33.66,79.37

2026-08-20T23:12:28.240Z,33.66,79.33

2026-08-20T23:12:33.243Z,33.66,79.31

2026-08-20T23:12:38.246Z,33.67,79.32

2026-08-20T23:12:43.260Z,33.67,79.34

2026-08-20T23:12:48.245Z,33.68,79.26

2026-08-20T23:12:53.245Z,33.66,79.26

2026-08-20T23:12:58.243Z,33.66,79.24

2026-08-20T23:13:03.254Z,33.67,79.22

2026-08-20T23:13:08.244Z,33.69,79.18

2026-08-20T23:13:13.244Z,33.69,79.18

2026-08-20T23:13:18.246Z,33.67,79.22

2026-08-20T23:13:23.245Z,33.7,79.16

2026-08-20T23:13:28.245Z,33.68,79.16

2026-08-20T23:13:33.258Z,33.7,79.18

2026-08-20T23:13:38.245Z,33.7,79.15

2026-08-20T23:13:43.245Z,33.69,79.19

2026-08-20T23:13:48.244Z,33.71,79.19

2026-08-20T23:13:53.246Z,33.7,79.13

2026-08-20T23:13:58.246Z,33.71,79.18

2026-08-20T23:14:03.262Z,33.69,79.17

2026-08-20T23:14:08.247Z,33.69,79.12

2026-08-20T23:14:13.249Z,33.7,79.14

2026-08-20T23:14:18.246Z,33.71,79.11

2026-08-20T23:14:23.246Z,33.71,79.12

2026-08-20T23:14:28.259Z,33.71,79.06

2026-08-20T23:14:33.269Z,33.7,79.11

2026-08-20T23:14:38.259Z,33.7,79.11

2026-08-20T23:14:43.262Z,33.69,79.07

2026-08-20T23:14:48.258Z,33.71,79

2026-08-20T23:14:53.259Z,33.71,79.1

2026-08-20T23:14:58.274Z,33.71,79.05

2026-08-20T23:15:03.286Z,33.7,79.08

2026-08-20T23:15:08.275Z,33.73,79.06

2026-08-20T23:15:13.274Z,33.72,79.09

2026-08-20T23:15:18.276Z,33.72,79.06

2026-08-20T23:15:23.278Z,33.71,79.08

2026-08-20T23:15:28.281Z,33.71,79.06

2026-08-20T23:15:33.291Z,33.7,79.13

2026-08-20T23:15:38.278Z,33.7,79.1

2026-08-20T23:15:43.282Z,33.71,79.07

2026-08-20T23:15:48.280Z,33.72,79.01

2026-08-20T23:15:53.281Z,33.71,79.04

2026-08-20T23:15:58.297Z,33.72,79.11

2026-08-20T23:16:03.311Z,33.72,79.14

2026-08-20T23:16:08.296Z,33.71,79.09

2026-08-20T23:16:13.296Z,33.68,79.13

2026-08-20T23:16:18.299Z,33.7,79.08

2026-08-20T23:16:23.298Z,33.68,79.13

2026-08-20T23:16:28.303Z,33.7,79.15

2026-08-20T23:16:33.315Z,33.7,79.19

2026-08-20T23:16:38.301Z,33.69,79.12

2026-08-20T23:16:43.302Z,33.69,79.2

2026-08-20T23:16:48.302Z,33.67,79.18

2026-08-20T23:16:53.302Z,33.67,79.21

2026-08-20T23:16:58.315Z,33.68,79.19

2026-08-20T23:17:03.326Z,33.69,79.24

2026-08-20T23:17:08.312Z,33.69,79.24

2026-08-20T23:17:13.312Z,33.67,79.2

2026-08-20T23:17:18.312Z,33.7,79.17

2026-08-20T23:17:23.314Z,33.68,79.22

2026-08-20T23:17:28.317Z,33.68,79.24

2026-08-20T23:17:33.328Z,33.7,79.19

2026-08-20T23:17:38.315Z,33.66,79.21

2026-08-20T23:17:43.316Z,33.68,79.18

2026-08-20T23:17:48.316Z,33.66,79.26

2026-08-20T23:17:53.329Z,33.67,79.26

2026-08-20T23:17:58.317Z,33.66,79.24

2026-08-20T23:18:03.330Z,33.65,79.32

2026-08-20T23:18:08.320Z,33.66,79.34

2026-08-20T23:18:13.319Z,33.65,79.32

2026-08-20T23:18:18.330Z,33.66,79.35

2026-08-20T23:18:23.337Z,33.67,79.32

2026-08-20T23:18:28.325Z,33.67,79.3

2026-08-20T23:18:33.327Z,33.66,79.3

2026-08-20T23:18:38.330Z,33.65,79.32

2026-08-20T23:18:43.329Z,33.65,79.35

2026-08-20T23:18:48.342Z,33.65,79.38

2026-08-20T23:18:53.335Z,33.65,79.4

2026-08-20T23:18:58.334Z,33.66,79.36

2026-08-20T23:19:03.336Z,33.66,79.41

2026-08-20T23:19:08.335Z,33.65,79.34

2026-08-20T23:19:13.349Z,33.66,79.37

2026-08-20T23:19:18.337Z,33.66,79.38

2026-08-20T23:19:23.338Z,33.66,79.35

2026-08-20T23:19:28.337Z,33.64,79.35

2026-08-20T23:19:33.339Z,33.66,79.33

2026-08-20T23:19:38.355Z,33.68,79.39

2026-08-20T23:19:43.365Z,33.63,79.39

2026-08-20T23:19:48.354Z,33.66,79.34

2026-08-20T23:19:53.355Z,33.65,79.37

2026-08-20T23:19:58.354Z,33.64,79.33

2026-08-20T23:20:03.355Z,33.64,79.35

2026-08-20T23:20:08.373Z,33.65,79.32

2026-08-20T23:20:13.381Z,33.62,79.47

2026-08-20T23:20:18.370Z,33.63,79.43

2026-08-20T23:20:23.371Z,33.64,79.37

2026-08-20T23:20:28.371Z,33.61,79.41

2026-08-20T23:20:33.372Z,33.64,79.43

2026-08-20T23:20:38.377Z,33.65,79.47

2026-08-20T23:20:43.390Z,33.63,79.52

2026-08-20T23:20:48.374Z,33.63,79.51

2026-08-20T23:20:53.376Z,33.63,79.54

2026-08-20T23:20:58.377Z,33.61,79.52

2026-08-20T23:21:03.375Z,33.61,79.61

2026-08-20T23:21:08.379Z,33.61,79.54

2026-08-20T23:21:13.389Z,33.59,79.59

2026-08-20T23:21:18.375Z,33.6,79.61

2026-08-20T23:21:23.375Z,33.62,79.53

2026-08-20T23:21:28.376Z,33.6,79.6

2026-08-20T23:21:33.377Z,33.6,79.66

2026-08-20T23:21:38.386Z,33.6,79.62

2026-08-20T23:21:43.396Z,33.61,79.65

2026-08-20T23:21:48.385Z,33.62,79.64

2026-08-20T23:21:53.384Z,33.59,79.67

2026-08-20T23:21:58.383Z,33.61,79.64

2026-08-20T23:22:03.385Z,33.61,79.63

2026-08-20T23:22:08.397Z,33.61,79.63

2026-08-20T23:22:13.406Z,33.62,79.69

2026-08-20T23:22:18.393Z,33.63,79.61

2026-08-20T23:22:23.399Z,33.62,79.55

2026-08-20T23:22:28.398Z,33.63,79.61

2026-08-20T23:22:33.397Z,33.62,79.61

2026-08-20T23:22:38.413Z,33.62,79.63

2026-08-20T23:22:43.427Z,33.6,79.55

2026-08-20T23:22:48.409Z,33.61,79.59

2026-08-20T23:22:53.411Z,33.63,79.68

2026-08-20T23:22:58.410Z,33.61,79.68

2026-08-20T23:23:03.411Z,33.6,79.67

2026-08-20T23:23:08.417Z,33.62,79.68

2026-08-20T23:23:13.428Z,33.61,79.68

2026-08-20T23:23:18.416Z,33.6,79.68

2026-08-20T23:23:23.416Z,33.59,79.65

2026-08-20T23:23:28.415Z,33.57,79.65

2026-08-20T23:23:33.417Z,33.62,79.68

2026-08-20T23:23:38.428Z,33.61,79.63

2026-08-20T23:23:43.442Z,33.6,79.71

2026-08-20T23:23:48.427Z,33.6,79.66

2026-08-20T23:23:53.428Z,33.61,79.7

2026-08-20T23:23:58.427Z,33.63,79.7

2026-08-20T23:24:03.428Z,33.58,79.63

2026-08-20T23:24:08.431Z,33.61,79.64

2026-08-20T23:24:13.440Z,33.6,79.63

2026-08-20T23:24:18.427Z,33.61,79.63

2026-08-20T23:24:23.428Z,33.61,79.6

2026-08-20T23:24:28.433Z,33.63,79.62

2026-08-20T23:24:33.446Z,33.61,79.63

2026-08-20T23:24:38.432Z,33.61,79.6

2026-08-20T23:24:43.432Z,33.61,79.66

2026-08-20T23:24:48.429Z,33.61,79.61

2026-08-20T23:24:53.435Z,33.62,79.62

2026-08-20T23:24:58.440Z,33.61,79.63

2026-08-20T23:25:03.449Z,33.61,79.7

2026-08-20T23:25:08.438Z,33.62,79.59

2026-08-20T23:25:13.437Z,33.6,79.61

2026-08-20T23:25:18.437Z,33.61,79.65

2026-08-20T23:25:23.438Z,33.61,79.61

2026-08-20T23:25:28.446Z,33.62,79.63

2026-08-20T23:25:33.437Z,33.62,79.6

2026-08-20T23:25:38.439Z,33.62,79.58

2026-08-20T23:25:43.438Z,33.62,79.63

2026-08-20T23:25:48.439Z,33.61,79.69

2026-08-20T23:25:53.462Z,33.61,79.67

2026-08-20T23:25:58.443Z,33.63,79.68

2026-08-20T23:26:03.440Z,33.61,79.63

2026-08-20T23:26:08.441Z,33.65,79.65

2026-08-20T23:26:13.445Z,33.62,79.58

2026-08-20T23:26:18.447Z,33.61,79.68

2026-08-20T23:26:23.456Z,33.63,79.67

2026-08-20T23:26:28.445Z,33.62,79.67

2026-08-20T23:26:33.445Z,33.63,79.65

2026-08-20T23:26:38.445Z,33.63,79.63

2026-08-20T23:26:43.445Z,33.62,79.61

2026-08-20T23:26:48.452Z,33.63,79.61

2026-08-20T23:26:53.464Z,33.63,79.61

2026-08-20T23:26:58.448Z,33.64,79.57

2026-08-20T23:27:03.452Z,33.63,79.59

2026-08-20T23:27:08.461Z,33.63,79.6

2026-08-20T23:27:13.472Z,33.65,79.57

2026-08-20T23:27:18.458Z,33.65,79.53

2026-08-20T23:27:23.458Z,33.67,79.54

2026-08-20T23:27:28.459Z,33.65,79.53

2026-08-20T23:27:33.459Z,33.66,79.53

2026-08-20T23:27:38.475Z,33.67,79.46

2026-08-20T23:27:43.485Z,33.67,79.51

2026-08-20T23:27:48.472Z,33.66,79.47

2026-08-20T23:27:53.473Z,33.68,79.47

2026-08-20T23:27:58.474Z,33.68,79.42

2026-08-20T23:28:03.473Z,33.68,79.44

2026-08-20T23:28:08.479Z,33.67,79.48

2026-08-20T23:28:13.492Z,33.68,79.47

2026-08-20T23:28:18.479Z,33.69,79.41

2026-08-20T23:28:23.480Z,33.69,79.4

2026-08-20T23:28:28.480Z,33.7,79.36

2026-08-20T23:28:33.481Z,33.71,79.39

2026-08-20T23:28:38.489Z,33.7,79.39

2026-08-20T23:28:43.505Z,33.7,79.39

2026-08-20T23:28:48.485Z,33.71,79.36

2026-08-20T23:28:53.486Z,33.72,79.36

2026-08-20T23:28:58.486Z,33.71,79.39

2026-08-20T23:29:03.485Z,33.72,79.34

2026-08-20T23:29:08.495Z,33.71,79.31

2026-08-20T23:29:13.503Z,33.73,79.3

2026-08-20T23:29:18.494Z,33.73,79.23

2026-08-20T23:29:23.494Z,33.74,79.31

2026-08-20T23:29:28.493Z,33.74,79.31

2026-08-20T23:29:33.500Z,33.72,79.27

2026-08-20T23:29:38.499Z,33.73,79.27

2026-08-20T23:29:43.508Z,33.72,79.31

2026-08-20T23:29:48.496Z,33.73,79.23

2026-08-20T23:29:53.501Z,33.72,79.21

2026-08-20T23:29:58.499Z,33.76,79.2

2026-08-20T23:30:03.500Z,33.75,79.2

2026-08-20T23:30:08.506Z,33.75,79.17

2026-08-20T23:30:13.510Z,33.75,79.26

2026-08-20T23:30:18.498Z,33.75,79.18

2026-08-20T23:30:23.500Z,33.74,79.23

2026-08-20T23:30:28.500Z,33.74,79.23

2026-08-20T23:30:33.498Z,33.74,79.18

2026-08-20T23:30:38.529Z,33.73,79.21

2026-08-20T23:30:43.522Z,33.73,79.22

2026-08-20T23:30:48.520Z,33.74,79.18

2026-08-20T23:30:53.521Z,33.74,79.23

2026-08-20T23:30:58.526Z,33.74,79.19

2026-08-20T23:31:03.541Z,33.73,79.25

2026-08-20T23:31:08.524Z,33.73,79.2

2026-08-20T23:31:13.526Z,33.73,79.21

2026-08-20T23:31:18.526Z,33.75,79.22

2026-08-20T23:31:23.528Z,33.73,79.23

2026-08-20T23:31:28.536Z,33.72,79.23

2026-08-20T23:31:33.546Z,33.74,79.19

2026-08-20T23:31:38.535Z,33.73,79.21

2026-08-20T23:31:43.536Z,33.74,79.2

2026-08-20T23:31:48.537Z,33.72,79.18

2026-08-20T23:31:53.537Z,33.73,79.23

2026-08-20T23:31:58.552Z,33.73,79.23

2026-08-20T23:32:03.561Z,33.71,79.25

2026-08-20T23:32:08.550Z,33.71,79.23

2026-08-20T23:32:13.550Z,33.71,79.22

2026-08-20T23:32:18.548Z,33.69,79.25

2026-08-20T23:32:23.566Z,33.7,79.33

2026-08-20T23:32:28.550Z,33.72,79.25

2026-08-20T23:32:33.552Z,33.69,79.35

2026-08-20T23:32:38.552Z,33.7,79.34

2026-08-20T23:32:43.550Z,33.69,79.3

2026-08-20T23:32:48.551Z,33.71,79.34

2026-08-20T23:32:53.562Z,33.68,79.43

2026-08-20T23:32:58.551Z,33.69,79.35

2026-08-20T23:33:03.565Z,33.69,79.4

2026-08-20T23:33:08.552Z,33.71,79.4

2026-08-20T23:33:13.551Z,33.68,79.39

2026-08-20T23:33:18.551Z,33.71,79.37

2026-08-20T23:33:23.553Z,33.7,79.34

2026-08-20T23:33:28.553Z,33.7,79.38

2026-08-20T23:33:33.568Z,33.7,79.37

2026-08-20T23:33:38.555Z,33.69,79.31

2026-08-20T23:33:43.556Z,33.68,79.35

2026-08-20T23:33:48.555Z,33.69,79.36

2026-08-20T23:33:53.555Z,33.65,79.35

2026-08-20T23:33:58.564Z,33.66,79.4

2026-08-20T23:34:03.573Z,33.66,79.46

2026-08-20T23:34:08.562Z,33.65,79.45

2026-08-20T23:34:13.563Z,33.64,79.45

2026-08-20T23:34:18.578Z,33.65,79.46

2026-08-20T23:34:23.593Z,33.64,79.5

2026-08-20T23:34:28.579Z,33.63,79.54

2026-08-20T23:34:33.578Z,33.63,79.54

2026-08-20T23:34:38.577Z,33.63,79.59

2026-08-20T23:34:43.580Z,33.64,79.58

2026-08-20T23:34:48.590Z,33.63,79.54

2026-08-20T23:34:53.603Z,33.63,79.57

2026-08-20T23:34:58.590Z,33.6,79.66

2026-08-20T23:35:03.589Z,33.6,79.64

2026-08-20T23:35:08.589Z,33.59,79.66

2026-08-20T23:35:13.590Z,33.61,79.68

2026-08-20T23:35:18.600Z,33.6,79.65

2026-08-20T23:35:23.611Z,33.61,79.68

2026-08-20T23:35:28.597Z,33.6,79.65

2026-08-20T23:35:33.600Z,33.6,79.77

2026-08-20T23:35:38.600Z,33.59,79.74

2026-08-20T23:35:43.610Z,33.59,79.85

2026-08-20T23:35:48.601Z,33.59,79.75

2026-08-20T23:35:53.600Z,33.58,79.74

2026-08-20T23:35:58.600Z,33.57,79.82

2026-08-20T23:36:03.600Z,33.56,79.86

2026-08-20T23:36:08.599Z,33.57,79.88

2026-08-20T23:36:13.616Z,33.56,79.9

2026-08-20T23:36:18.599Z,33.58,79.85

2026-08-20T23:36:23.599Z,33.56,79.89

2026-08-20T23:36:28.599Z,33.57,79.89

2026-08-20T23:36:33.610Z,33.58,79.87

2026-08-20T23:36:38.603Z,33.57,79.85

2026-08-20T23:36:43.602Z,33.57,79.87

2026-08-20T23:36:48.614Z,33.57,79.82

2026-08-20T23:36:53.624Z,33.61,79.87

2026-08-20T23:36:58.614Z,33.59,79.81

2026-08-20T23:37:03.615Z,33.58,79.87

2026-08-20T23:37:08.613Z,33.56,79.86

2026-08-20T23:37:13.618Z,33.59,79.83

2026-08-20T23:37:18.630Z,33.59,79.82

2026-08-20T23:37:23.639Z,33.58,79.82

2026-08-20T23:37:28.631Z,33.6,79.8

2026-08-20T23:37:33.628Z,33.6,79.8

2026-08-20T23:37:38.628Z,33.59,79.78

2026-08-20T23:37:43.630Z,33.6,79.77

2026-08-20T23:37:48.640Z,33.61,79.75

2026-08-20T23:37:53.657Z,33.59,79.8

2026-08-20T23:37:58.638Z,33.64,79.71

2026-08-20T23:38:03.639Z,33.61,79.7

2026-08-20T23:38:08.639Z,33.62,79.74

2026-08-20T23:38:13.640Z,33.61,79.68

2026-08-20T23:38:18.645Z,33.63,79.69

2026-08-20T23:38:23.657Z,33.62,79.75

2026-08-20T23:38:28.645Z,33.64,79.64

2026-08-20T23:38:33.645Z,33.63,79.66

2026-08-20T23:38:38.646Z,33.64,79.67

2026-08-20T23:38:43.657Z,33.64,79.63

2026-08-20T23:38:48.645Z,33.64,79.56

2026-08-20T23:38:53.647Z,33.63,79.6

2026-08-20T23:38:58.647Z,33.64,79.61

2026-08-20T23:39:03.658Z,33.65,79.66

2026-08-20T23:39:08.646Z,33.65,79.58

2026-08-20T23:39:13.648Z,33.66,79.58

2026-08-20T23:39:18.647Z,33.66,79.56

2026-08-20T23:39:23.648Z,33.65,79.55

2026-08-20T23:39:28.648Z,33.67,79.56

2026-08-20T23:39:33.663Z,33.66,79.58

2026-08-20T23:39:38.648Z,33.68,79.53

2026-08-20T23:39:43.649Z,33.68,79.52

2026-08-20T23:39:48.648Z,33.68,79.48

2026-08-20T23:39:53.648Z,33.67,79.47

2026-08-20T23:39:58.648Z,33.67,79.47

2026-08-20T23:40:03.661Z,33.67,79.52

2026-08-20T23:40:08.647Z,33.67,79.46

2026-08-20T23:40:13.648Z,33.69,79.43

2026-08-20T23:40:18.647Z,33.68,79.49

2026-08-20T23:40:23.650Z,33.69,79.43

2026-08-20T23:40:28.662Z,33.68,79.41

2026-08-20T23:40:33.671Z,33.67,79.42

2026-08-20T23:40:38.659Z,33.67,79.43

2026-08-20T23:40:43.663Z,33.67,79.42

2026-08-20T23:40:48.662Z,33.7,79.45

2026-08-20T23:40:53.663Z,33.66,79.42

2026-08-20T23:40:58.678Z,33.65,79.42

2026-08-20T23:41:03.685Z,33.68,79.49

2026-08-20T23:41:08.673Z,33.65,79.45

2026-08-20T23:41:13.677Z,33.68,79.45

2026-08-20T23:41:18.674Z,33.67,79.49

2026-08-20T23:41:23.676Z,33.66,79.51

2026-08-20T23:41:28.677Z,33.65,79.49

2026-08-20T23:41:33.690Z,33.64,79.51

2026-08-20T23:41:38.680Z,33.66,79.52

2026-08-20T23:41:43.678Z,33.66,79.48

2026-08-20T23:41:48.678Z,33.67,79.46

2026-08-20T23:41:53.678Z,33.69,79.44

2026-08-20T23:41:58.687Z,33.67,79.48

2026-08-20T23:42:03.700Z,33.66,79.46

2026-08-20T23:42:08.687Z,33.67,79.51

2026-08-20T23:42:13.688Z,33.66,79.41

2026-08-20T23:42:18.688Z,33.67,79.43

2026-08-20T23:42:23.688Z,33.66,79.47

2026-08-20T23:42:28.704Z,33.66,79.47

2026-08-20T23:42:33.717Z,33.67,79.49

2026-08-20T23:42:38.701Z,33.66,79.43

2026-08-20T23:42:43.704Z,33.67,79.43

2026-08-20T23:42:48.706Z,33.67,79.5

2026-08-20T23:42:53.703Z,33.68,79.47

2026-08-20T23:42:58.706Z,33.66,79.48

2026-08-20T23:43:03.718Z,33.67,79.51

2026-08-20T23:43:08.705Z,33.65,79.46

2026-08-20T23:43:13.708Z,33.67,79.47

2026-08-20T23:43:18.707Z,33.67,79.48

2026-08-20T23:43:23.709Z,33.68,79.49

2026-08-20T23:43:28.716Z,33.66,79.42

2026-08-20T23:43:33.731Z,33.68,79.57

2026-08-20T23:43:38.717Z,33.68,79.57

2026-08-20T23:43:43.717Z,33.67,79.48

2026-08-20T23:43:48.715Z,33.66,79.46

2026-08-20T23:43:53.717Z,33.68,79.5

2026-08-20T23:43:58.720Z,33.68,79.43

2026-08-20T23:44:03.731Z,33.66,79.52

2026-08-20T23:44:08.717Z,33.68,79.43

2026-08-20T23:44:13.716Z,33.69,79.48

2026-08-20T23:44:18.725Z,33.69,79.45

2026-08-20T23:44:23.735Z,33.67,79.49

2026-08-20T23:44:28.724Z,33.67,79.45

2026-08-20T23:44:33.729Z,33.67,79.42

2026-08-20T23:44:38.727Z,33.67,79.47

2026-08-20T23:44:43.726Z,33.67,79.43

2026-08-20T23:44:48.746Z,33.68,79.41

2026-08-20T23:44:53.761Z,33.67,79.43

2026-08-20T23:44:58.748Z,33.66,79.39

2026-08-20T23:45:03.744Z,33.68,79.41

2026-08-20T23:45:08.746Z,33.67,79.43

2026-08-20T23:45:13.746Z,33.65,79.44

2026-08-20T23:45:18.760Z,33.67,79.47

2026-08-20T23:45:23.769Z,33.67,79.43

2026-08-20T23:45:28.757Z,33.65,79.45

2026-08-20T23:45:33.758Z,33.66,79.46

2026-08-20T23:45:38.759Z,33.66,79.45

2026-08-20T23:45:43.756Z,33.67,79.46

2026-08-20T23:45:48.768Z,33.65,79.44

2026-08-20T23:45:53.779Z,33.64,79.53

2026-08-20T23:45:58.767Z,33.64,79.46

2026-08-20T23:46:03.766Z,33.65,79.54

2026-08-20T23:46:08.767Z,33.64,79.58

2026-08-20T23:46:13.768Z,33.65,79.5

2026-08-20T23:46:18.783Z,33.64,79.52

2026-08-20T23:46:23.792Z,33.65,79.55

2026-08-20T23:46:28.780Z,33.65,79.51

2026-08-20T23:46:33.781Z,33.64,79.55

2026-08-20T23:46:38.780Z,33.64,79.54

2026-08-20T23:46:43.781Z,33.64,79.53

2026-08-20T23:46:48.783Z,33.64,79.55

2026-08-20T23:46:53.794Z,33.66,79.62

2026-08-20T23:46:58.785Z,33.66,79.63

2026-08-20T23:47:03.783Z,33.65,79.57

2026-08-20T23:47:08.784Z,33.67,79.59

2026-08-20T23:47:13.786Z,33.65,79.61

2026-08-20T23:47:18.790Z,33.66,79.55

2026-08-20T23:47:23.802Z,33.67,79.52

2026-08-20T23:47:28.789Z,33.66,79.52

2026-08-20T23:47:33.806Z,33.66,79.55

2026-08-20T23:47:38.790Z,33.67,79.52

2026-08-20T23:47:43.791Z,33.66,79.55

2026-08-20T23:47:48.792Z,33.68,79.57

2026-08-20T23:47:53.804Z,33.66,79.59

2026-08-20T23:47:58.792Z,33.67,79.53

2026-08-20T23:48:03.793Z,33.68,79.5

2026-08-20T23:48:08.794Z,33.68,79.47

2026-08-20T23:48:13.797Z,33.69,79.51

2026-08-20T23:48:18.798Z,33.7,79.47

2026-08-20T23:48:23.811Z,33.69,79.5

2026-08-20T23:48:28.803Z,33.68,79.47

2026-08-20T23:48:33.802Z,33.67,79.38

2026-08-20T23:48:38.799Z,33.69,79.4

2026-08-20T23:48:43.799Z,33.71,79.41

2026-08-20T23:48:48.798Z,33.72,79.37

2026-08-20T23:48:53.813Z,33.69,79.4

2026-08-20T23:48:58.800Z,33.69,79.35

2026-08-20T23:49:03.801Z,33.7,79.4

2026-08-20T23:49:08.801Z,33.71,79.33

2026-08-20T23:49:13.801Z,33.71,79.32

2026-08-20T23:49:18.813Z,33.69,79.34

2026-08-20T23:49:23.822Z,33.72,79.34

2026-08-20T23:49:28.808Z,33.7,79.29

2026-08-20T23:49:33.811Z,33.7,79.33

2026-08-20T23:49:38.811Z,33.7,79.39

2026-08-20T23:49:43.815Z,33.69,79.3

2026-08-20T23:49:48.821Z,33.68,79.39

2026-08-20T23:49:53.835Z,33.67,79.37

2026-08-20T23:49:58.820Z,33.72,79.39

2026-08-20T23:50:03.820Z,33.68,79.33

2026-08-20T23:50:08.821Z,33.71,79.37

2026-08-20T23:50:13.822Z,33.7,79.32

2026-08-20T23:50:18.825Z,33.68,79.35

2026-08-20T23:50:23.838Z,33.68,79.39

2026-08-20T23:50:28.824Z,33.69,79.38

2026-08-20T23:50:33.826Z,33.68,79.42

2026-08-20T23:50:38.826Z,33.7,79.36

2026-08-20T23:50:43.826Z,33.68,79.38

2026-08-20T23:50:48.828Z,33.67,79.36

2026-08-20T23:50:53.845Z,33.69,79.38

2026-08-20T23:50:58.825Z,33.68,79.35

2026-08-20T23:51:03.827Z,33.71,79.31

2026-08-20T23:51:08.826Z,33.68,79.35

2026-08-20T23:51:13.829Z,33.68,79.32

2026-08-20T23:51:18.830Z,33.69,79.34

2026-08-20T23:51:23.839Z,33.7,79.36

2026-08-20T23:51:28.829Z,33.69,79.39

2026-08-20T23:51:33.828Z,33.71,79.34

2026-08-20T23:51:38.829Z,33.7,79.38

2026-08-20T23:51:43.828Z,33.69,79.34

2026-08-20T23:51:48.837Z,33.71,79.41

2026-08-20T23:51:53.850Z,33.71,79.4

2026-08-20T23:51:58.834Z,33.71,79.34

2026-08-20T23:52:03.841Z,33.72,79.33

2026-08-20T23:52:08.839Z,33.72,79.31

2026-08-20T23:52:13.838Z,33.7,79.36

2026-08-20T23:52:18.856Z,33.71,79.32

2026-08-20T23:52:23.872Z,33.7,79.32

2026-08-20T23:52:28.857Z,33.72,79.29

2026-08-20T23:52:33.857Z,33.71,79.26

2026-08-20T23:52:38.858Z,33.73,79.29

2026-08-20T23:52:43.859Z,33.72,79.23

2026-08-20T23:52:48.875Z,33.73,79.31

2026-08-20T23:52:53.884Z,33.74,79.28

2026-08-20T23:52:58.877Z,33.72,79.26

2026-08-20T23:53:03.876Z,33.74,79.27

2026-08-20T23:53:08.875Z,33.74,79.25

2026-08-20T23:53:13.877Z,33.73,79.19

2026-08-20T23:53:18.878Z,33.74,79.2

2026-08-20T23:53:23.893Z,33.74,79.17

2026-08-20T23:53:28.878Z,33.74,79.18

2026-08-20T23:53:33.878Z,33.74,79.15

2026-08-20T23:53:38.878Z,33.74,79.22

2026-08-20T23:53:43.882Z,33.75,79.18

2026-08-20T23:53:48.895Z,33.75,79.19

2026-08-20T23:53:53.913Z,33.74,79.27

2026-08-20T23:53:58.895Z,33.74,79.13

2026-08-20T23:54:03.895Z,33.73,79.19

2026-08-20T23:54:08.897Z,33.74,79.16

2026-08-20T23:54:13.895Z,33.74,79.2

2026-08-20T23:54:18.915Z,33.76,79.2

2026-08-20T23:54:23.909Z,33.76,79.14

2026-08-20T23:54:28.909Z,33.74,79.17

2026-08-20T23:54:33.909Z,33.76,79.16

2026-08-20T23:54:38.914Z,33.74,79.08

2026-08-20T23:54:43.922Z,33.74,79.19

2026-08-20T23:54:48.909Z,33.76,79.18

2026-08-20T23:54:53.909Z,33.75,79.12

2026-08-20T23:54:58.909Z,33.73,79.13

2026-08-20T23:55:03.911Z,33.74,79.16

2026-08-20T23:55:08.911Z,33.75,79.11

2026-08-20T23:55:13.920Z,33.75,79.14

2026-08-20T23:55:18.909Z,33.73,79.18

2026-08-20T23:55:23.909Z,33.75,79.14

2026-08-20T23:55:28.909Z,33.75,79.11

2026-08-20T23:55:33.909Z,33.74,79.13

2026-08-20T23:55:38.929Z,33.76,79.18

2026-08-20T23:55:43.919Z,33.75,79.12

2026-08-20T23:55:48.918Z,33.74,79.14

2026-08-20T23:55:53.919Z,33.75,79.15

2026-08-20T23:55:58.926Z,33.76,79.16

2026-08-20T23:56:03.940Z,33.75,79.16

2026-08-20T23:56:08.928Z,33.76,79.06

2026-08-20T23:56:13.925Z,33.77,79.1

2026-08-20T23:56:18.926Z,33.76,79.08

2026-08-20T23:56:23.943Z,33.76,79.1

2026-08-20T23:56:28.928Z,33.75,79.13

2026-08-20T23:56:33.931Z,33.76,79.14

2026-08-20T23:56:38.928Z,33.77,79.11

2026-08-20T23:56:43.931Z,33.73,79.14

2026-08-20T23:56:48.930Z,33.76,79.15

2026-08-20T23:56:53.947Z,33.74,79.19

2026-08-20T23:56:58.931Z,33.76,79.18

2026-08-20T23:57:03.932Z,33.74,79.12

2026-08-20T23:57:08.932Z,33.76,79.14

2026-08-20T23:57:13.933Z,33.77,79.17

2026-08-20T23:57:18.947Z,33.77,79.18

2026-08-20T23:57:23.957Z,33.75,79.18

2026-08-20T23:57:28.945Z,33.75,79.14

2026-08-20T23:57:33.946Z,33.75,79.12

2026-08-20T23:57:38.945Z,33.77,79.12

2026-08-20T23:57:43.945Z,33.77,79.14

2026-08-20T23:57:48.957Z,33.75,79.07

2026-08-20T23:57:53.969Z,33.76,79.14

2026-08-20T23:57:58.956Z,33.77,79.11

2026-08-20T23:58:03.957Z,33.77,79.1

2026-08-20T23:58:08.957Z,33.77,79.09

2026-08-20T23:58:13.957Z,33.77,79.12

2026-08-20T23:58:18.963Z,33.76,79.1

2026-08-20T23:58:23.975Z,33.78,79.12

2026-08-20T23:58:28.964Z,33.76,79.04

2026-08-20T23:58:33.965Z,33.75,79.05

2026-08-20T23:58:38.965Z,33.74,79.11

2026-08-20T23:58:43.965Z,33.75,79.08

2026-08-20T23:58:48.977Z,33.77,79.08

2026-08-20T23:58:53.987Z,33.76,79.14

2026-08-20T23:58:58.972Z,33.78,79.05

2026-08-20T23:59:03.973Z,33.77,79.04

2026-08-20T23:59:08.973Z,33.78,79.04

2026-08-20T23:59:13.972Z,33.76,79.07

2026-08-20T23:59:18.979Z,33.77,79.06

2026-08-20T23:59:23.990Z,33.77,79.02

2026-08-20T23:59:28.978Z,33.79,79.03

2026-08-20T23:59:33.978Z,33.76,79.08

2026-08-20T23:59:38.978Z,33.77,79.04

2026-08-20T23:59:43.980Z,33.78,79.08

2026-08-20T23:59:48.985Z,33.76,79.04

2026-08-20T23:59:53.990Z,33.78,79.1

2026-08-20T23:59:58.983Z,33.76,79.01

2026-08-21T00:00:03.984Z,33.75,79.12

2026-08-21T00:00:08.983Z,33.77,79.08

2026-08-21T00:00:13.983Z,33.77,79.07

2026-08-21T00:00:18.990Z,33.74,79

2026-08-21T00:00:23.998Z,33.77,79.09

2026-08-21T00:00:28.989Z,33.77,79.08

2026-08-21T00:00:33.989Z,33.76,79.06

2026-08-21T00:00:38.990Z,33.74,79.2

2026-08-21T00:00:43.990Z,33.74,79.08

2026-08-21T00:00:49.005Z,33.75,79.07

2026-08-21T00:00:54.016Z,33.74,79.13

2026-08-21T00:00:59.005Z,33.73,79.13

2026-08-21T00:01:04.006Z,33.73,79.1

2026-08-21T00:01:09.007Z,33.75,79.12

2026-08-21T00:01:14.007Z,33.72,79.17

2026-08-21T00:01:19.020Z,33.73,79.12

2026-08-21T00:01:24.030Z,33.74,79.24

2026-08-21T00:01:29.018Z,33.74,79.16

2026-08-21T00:01:34.017Z,33.73,79.2

2026-08-21T00:01:39.018Z,33.71,79.17

2026-08-21T00:01:44.019Z,33.73,79.19

2026-08-21T00:01:49.030Z,33.72,79.2

2026-08-21T00:01:54.032Z,33.73,79.18

2026-08-21T00:01:59.018Z,33.72,79.2

2026-08-21T00:02:04.019Z,33.72,79.15

2026-08-21T00:02:09.022Z,33.74,79.2

2026-08-21T00:02:14.024Z,33.73,79.23

2026-08-21T00:02:19.023Z,33.74,79.23

2026-08-21T00:02:24.032Z,33.76,79.27

2026-08-21T00:02:29.022Z,33.75,79.2

2026-08-21T00:02:34.022Z,33.76,79.21

2026-08-21T00:02:39.020Z,33.74,79.16

2026-08-21T00:02:44.023Z,33.74,79.15

2026-08-21T00:02:49.023Z,33.74,79.12

2026-08-21T00:02:54.035Z,33.74,79.21

2026-08-21T00:02:59.023Z,33.75,79.24

2026-08-21T00:03:04.024Z,33.75,79.18

2026-08-21T00:03:09.024Z,33.74,79.16

2026-08-21T00:03:14.026Z,33.76,79.18

2026-08-21T00:03:19.033Z,33.75,79.14

2026-08-21T00:03:24.044Z,33.75,79.16

2026-08-21T00:03:29.032Z,33.74,79.11

2026-08-21T00:03:34.032Z,33.75,79.1

2026-08-21T00:03:39.034Z,33.76,79.17

2026-08-21T00:03:44.034Z,33.75,79.18

2026-08-21T00:03:49.048Z,33.74,79.15

2026-08-21T00:03:54.055Z,33.75,79.2

2026-08-21T00:03:59.049Z,33.75,79.15

2026-08-21T00:04:04.050Z,33.74,79.13

2026-08-21T00:04:09.050Z,33.74,79.1

2026-08-21T00:04:14.051Z,33.74,79.11

2026-08-21T00:04:19.065Z,33.73,79.07

2026-08-21T00:04:24.076Z,33.74,79.15

2026-08-21T00:04:29.064Z,33.75,79.09

2026-08-21T00:04:34.065Z,33.73,79.15

2026-08-21T00:04:39.065Z,33.71,79.16

2026-08-21T00:04:44.077Z,33.74,79.2

2026-08-21T00:04:49.066Z,33.73,79.15

2026-08-21T00:04:54.065Z,33.73,79.14

2026-08-21T00:04:59.066Z,33.72,79.16

2026-08-21T00:05:04.080Z,33.73,79.25

2026-08-21T00:05:09.066Z,33.74,79.22

2026-08-21T00:05:14.066Z,33.71,79.25

2026-08-21T00:05:19.066Z,33.71,79.23

2026-08-21T00:05:24.068Z,33.71,79.28

2026-08-21T00:05:29.067Z,33.72,79.25

2026-08-21T00:05:34.080Z,33.71,79.29

2026-08-21T00:05:39.069Z,33.73,79.23

2026-08-21T00:05:44.069Z,33.72,79.29

2026-08-21T00:05:49.068Z,33.73,79.3

2026-08-21T00:05:54.069Z,33.72,79.23

2026-08-21T00:05:59.068Z,33.73,79.26

2026-08-21T00:06:04.082Z,33.73,79.27

2026-08-21T00:06:09.072Z,33.73,79.29

2026-08-21T00:06:14.071Z,33.72,79.29

2026-08-21T00:06:19.072Z,33.73,79.29

2026-08-21T00:06:24.073Z,33.71,79.24

2026-08-21T00:06:29.073Z,33.71,79.3

2026-08-21T00:06:34.085Z,33.72,79.3

2026-08-21T00:06:39.074Z,33.72,79.27

2026-08-21T00:06:44.075Z,33.72,79.25

2026-08-21T00:06:49.079Z,33.73,79.21

2026-08-21T00:06:54.091Z,33.71,79.31

2026-08-21T00:06:59.078Z,33.74,79.23

2026-08-21T00:07:04.079Z,33.72,79.27

2026-08-21T00:07:09.079Z,33.7,79.24

2026-08-21T00:07:14.082Z,33.69,79.27

2026-08-21T00:07:19.093Z,33.7,79.26

2026-08-21T00:07:24.104Z,33.7,79.31

2026-08-21T00:07:29.091Z,33.68,79.29

2026-08-21T00:07:34.093Z,33.71,79.28

2026-08-21T00:07:39.093Z,33.7,79.31

2026-08-21T00:07:44.095Z,33.7,79.36

2026-08-21T00:07:49.103Z,33.7,79.31

2026-08-21T00:07:54.112Z,33.69,79.41

2026-08-21T00:07:59.104Z,33.7,79.33

2026-08-21T00:08:04.105Z,33.71,79.38

2026-08-21T00:08:09.107Z,33.69,79.36

2026-08-21T00:08:14.108Z,33.7,79.37

2026-08-21T00:08:19.114Z,33.7,79.37

2026-08-21T00:08:24.130Z,33.7,79.39

2026-08-21T00:08:29.115Z,33.68,79.41

2026-08-21T00:08:34.114Z,33.7,79.44

2026-08-21T00:08:39.115Z,33.68,79.4

2026-08-21T00:08:44.116Z,33.69,79.31

2026-08-21T00:08:49.130Z,33.68,79.37

2026-08-21T00:08:54.140Z,33.69,79.37

2026-08-21T00:08:59.129Z,33.68,79.4

2026-08-21T00:09:04.140Z,33.7,79.46

2026-08-21T00:09:09.129Z,33.69,79.42

2026-08-21T00:09:14.132Z,33.7,79.36

2026-08-21T00:09:19.131Z,33.71,79.4

2026-08-21T00:09:24.143Z,33.68,79.42

2026-08-21T00:09:29.132Z,33.7,79.36

2026-08-21T00:09:34.133Z,33.7,79.34

2026-08-21T00:09:39.134Z,33.69,79.29

2026-08-21T00:09:44.145Z,33.7,79.39

2026-08-21T00:09:49.132Z,33.71,79.32

2026-08-21T00:09:54.134Z,33.71,79.34

2026-08-21T00:09:59.131Z,33.71,79.35

2026-08-21T00:10:04.133Z,33.72,79.35

2026-08-21T00:10:09.131Z,33.7,79.32

2026-08-21T00:10:14.146Z,33.71,79.39

2026-08-21T00:10:19.132Z,33.69,79.29

2026-08-21T00:10:24.132Z,33.71,79.3

2026-08-21T00:10:29.132Z,33.71,79.27

2026-08-21T00:10:34.132Z,33.72,79.26

2026-08-21T00:10:39.136Z,33.71,79.26

2026-08-21T00:10:44.148Z,33.7,79.33

2026-08-21T00:10:49.135Z,33.71,79.35

2026-08-21T00:10:54.136Z,33.71,79.25

2026-08-21T00:10:59.138Z,33.7,79.28

2026-08-21T00:11:04.136Z,33.71,79.32

2026-08-21T00:11:09.137Z,33.69,79.36

2026-08-21T00:11:14.149Z,33.7,79.42

2026-08-21T00:11:19.137Z,33.72,79.36

2026-08-21T00:11:24.137Z,33.7,79.43

2026-08-21T00:11:29.137Z,33.7,79.35

2026-08-21T00:11:34.137Z,33.71,79.35

2026-08-21T00:11:39.148Z,33.7,79.34

2026-08-21T00:11:44.157Z,33.73,79.36

2026-08-21T00:11:49.146Z,33.7,79.3

2026-08-21T00:11:54.147Z,33.72,79.36

2026-08-21T00:11:59.147Z,33.72,79.33

2026-08-21T00:12:04.148Z,33.71,79.37

2026-08-21T00:12:09.162Z,33.72,79.34

2026-08-21T00:12:14.172Z,33.7,79.4

2026-08-21T00:12:19.161Z,33.71,79.37

2026-08-21T00:12:24.160Z,33.7,79.33

2026-08-21T00:12:29.160Z,33.73,79.32

2026-08-21T00:12:34.162Z,33.72,79.33

2026-08-21T00:12:39.174Z,33.71,79.39

2026-08-21T00:12:44.190Z,33.71,79.38

2026-08-21T00:12:49.174Z,33.72,79.35

2026-08-21T00:12:54.174Z,33.72,79.35

2026-08-21T00:12:59.173Z,33.72,79.36

2026-08-21T00:13:04.175Z,33.73,79.31

2026-08-21T00:13:09.179Z,33.72,79.36

2026-08-21T00:13:14.188Z,33.71,79.3

2026-08-21T00:13:19.176Z,33.72,79.34

2026-08-21T00:13:24.177Z,33.73,79.35

2026-08-21T00:13:29.180Z,33.72,79.33

2026-08-21T00:13:34.178Z,33.69,79.34

2026-08-21T00:13:39.184Z,33.71,79.29

2026-08-21T00:13:44.194Z,33.71,79.34

2026-08-21T00:13:49.182Z,33.72,79.41

2026-08-21T00:13:54.185Z,33.71,79.35

2026-08-21T00:13:59.184Z,33.71,79.34

2026-08-21T00:14:04.186Z,33.72,79.4

2026-08-21T00:14:09.186Z,33.72,79.38

2026-08-21T00:14:14.196Z,33.72,79.43

2026-08-21T00:14:19.186Z,33.7,79.38

2026-08-21T00:14:24.195Z,33.72,79.41

2026-08-21T00:14:29.186Z,33.71,79.35

2026-08-21T00:14:34.185Z,33.7,79.35

2026-08-21T00:14:39.184Z,33.72,79.44

2026-08-21T00:14:44.190Z,33.7,79.37

2026-08-21T00:14:49.200Z,33.71,79.41

2026-08-21T00:14:54.211Z,33.7,79.45

2026-08-21T00:14:59.197Z,33.71,79.32

2026-08-21T00:15:04.203Z,33.69,79.45

2026-08-21T00:15:09.200Z,33.71,79.38

2026-08-21T00:15:14.216Z,33.69,79.43

2026-08-21T00:15:19.202Z,33.7,79.41

2026-08-21T00:15:24.201Z,33.69,79.4

2026-08-21T00:15:29.202Z,33.71,79.39

2026-08-21T00:15:34.202Z,33.7,79.43

2026-08-21T00:15:39.204Z,33.7,79.41

2026-08-21T00:15:44.216Z,33.7,79.42

2026-08-21T00:15:49.203Z,33.7,79.41

2026-08-21T00:15:54.203Z,33.67,79.38

2026-08-21T00:15:59.204Z,33.69,79.39

2026-08-21T00:16:04.204Z,33.69,79.38

2026-08-21T00:16:09.221Z,33.69,79.42

2026-08-21T00:16:14.232Z,33.68,79.48

2026-08-21T00:16:19.220Z,33.68,79.44

2026-08-21T00:16:24.220Z,33.68,79.47

2026-08-21T00:16:29.219Z,33.7,79.47

2026-08-21T00:16:34.220Z,33.68,79.38

2026-08-21T00:16:39.229Z,33.69,79.47

2026-08-21T00:16:44.242Z,33.68,79.51

2026-08-21T00:16:49.228Z,33.69,79.47

2026-08-21T00:16:54.230Z,33.67,79.48

2026-08-21T00:16:59.229Z,33.69,79.38

2026-08-21T00:17:04.229Z,33.7,79.41

2026-08-21T00:17:09.235Z,33.68,79.43

2026-08-21T00:17:14.249Z,33.69,79.5

2026-08-21T00:17:19.234Z,33.7,79.47

2026-08-21T00:17:24.234Z,33.7,79.46

2026-08-21T00:17:29.235Z,33.68,79.49

2026-08-21T00:17:34.235Z,33.7,79.41

2026-08-21T00:17:39.244Z,33.68,79.4

2026-08-21T00:17:44.254Z,33.68,79.46

2026-08-21T00:17:49.241Z,33.69,79.42

2026-08-21T00:17:54.243Z,33.69,79.38

2026-08-21T00:17:59.242Z,33.7,79.38

2026-08-21T00:18:04.243Z,33.7,79.4

2026-08-21T00:18:09.244Z,33.69,79.48

2026-08-21T00:18:14.258Z,33.68,79.44

2026-08-21T00:18:19.243Z,33.69,79.43

2026-08-21T00:18:24.258Z,33.68,79.47

2026-08-21T00:18:29.245Z,33.68,79.48

2026-08-21T00:18:34.250Z,33.7,79.51

2026-08-21T00:18:39.247Z,33.69,79.51

2026-08-21T00:18:44.246Z,33.68,79.5

2026-08-21T00:18:49.256Z,33.69,79.54

2026-08-21T00:18:54.262Z,33.67,79.55

2026-08-21T00:18:59.250Z,33.67,79.56

2026-08-21T00:19:04.263Z,33.66,79.58

2026-08-21T00:19:09.252Z,33.68,79.59

2026-08-21T00:19:14.253Z,33.67,79.55

2026-08-21T00:19:19.252Z,33.68,79.61

2026-08-21T00:19:24.253Z,33.68,79.53

2026-08-21T00:19:29.268Z,33.68,79.52

2026-08-21T00:19:34.280Z,33.67,79.51

2026-08-21T00:19:39.266Z,33.68,79.49

2026-08-21T00:19:44.266Z,33.67,79.51

2026-08-21T00:19:49.266Z,33.69,79.52

2026-08-21T00:19:54.267Z,33.67,79.5

2026-08-21T00:19:59.266Z,33.67,79.48

2026-08-21T00:20:04.278Z,33.67,79.5

2026-08-21T00:20:09.266Z,33.67,79.49

2026-08-21T00:20:14.267Z,33.69,79.49

2026-08-21T00:20:19.268Z,33.67,79.4

2026-08-21T00:20:24.269Z,33.66,79.54

2026-08-21T00:20:29.270Z,33.66,79.52

2026-08-21T00:20:34.282Z,33.67,79.55

2026-08-21T00:20:39.268Z,33.66,79.54

2026-08-21T00:20:44.270Z,33.65,79.55

2026-08-21T00:20:49.270Z,33.64,79.54

2026-08-21T00:20:54.270Z,33.65,79.56

2026-08-21T00:20:59.269Z,33.64,79.57

2026-08-21T00:21:04.285Z,33.65,79.62

2026-08-21T00:21:09.271Z,33.64,79.62

2026-08-21T00:21:14.273Z,33.62,79.68

2026-08-21T00:21:19.271Z,33.63,79.65

2026-08-21T00:21:24.272Z,33.61,79.65

2026-08-21T00:21:29.270Z,33.62,79.74

2026-08-21T00:21:34.286Z,33.61,79.76

2026-08-21T00:21:39.272Z,33.61,79.76

2026-08-21T00:21:44.272Z,33.61,79.77

2026-08-21T00:21:49.271Z,33.6,79.7

2026-08-21T00:21:54.277Z,33.59,79.81

2026-08-21T00:21:59.279Z,33.59,79.8

2026-08-21T00:22:04.285Z,33.6,79.85

2026-08-21T00:22:09.275Z,33.59,79.76

2026-08-21T00:22:14.280Z,33.59,79.8

2026-08-21T00:22:19.282Z,33.57,79.8

2026-08-21T00:22:24.295Z,33.58,79.84

2026-08-21T00:22:29.283Z,33.59,79.78

2026-08-21T00:22:34.282Z,33.58,79.88

2026-08-21T00:22:39.301Z,33.57,79.88

2026-08-21T00:22:44.312Z,33.57,79.88

2026-08-21T00:22:49.302Z,33.55,79.96

2026-08-21T00:22:54.302Z,33.56,79.9

2026-08-21T00:22:59.301Z,33.55,79.9

2026-08-21T00:23:04.303Z,33.56,79.98

2026-08-21T00:23:09.306Z,33.55,80.01

2026-08-21T00:23:14.316Z,33.55,80.01

2026-08-21T00:23:19.304Z,33.56,80.01

2026-08-21T00:23:24.305Z,33.54,80.04

2026-08-21T00:23:29.305Z,33.55,80.01

2026-08-21T00:23:34.305Z,33.54,80.06

2026-08-21T00:23:39.327Z,33.55,80.07

2026-08-21T00:23:44.341Z,33.52,80.11

2026-08-21T00:23:49.329Z,33.54,80.03

2026-08-21T00:23:54.340Z,33.54,80.09

2026-08-21T00:23:59.327Z,33.51,80.06

2026-08-21T00:24:04.328Z,33.53,80.06

2026-08-21T00:24:09.327Z,33.53,80.06

2026-08-21T00:24:14.327Z,33.52,80.19

2026-08-21T00:24:19.326Z,33.53,80.1

2026-08-21T00:24:24.337Z,33.52,80.09

2026-08-21T00:24:29.327Z,33.51,80.16

2026-08-21T00:24:34.327Z,33.52,80.14

2026-08-21T00:24:39.335Z,33.52,80.11

2026-08-21T00:24:44.347Z,33.51,80.18

2026-08-21T00:24:49.334Z,33.51,80.23

2026-08-21T00:24:54.334Z,33.51,80.2

2026-08-21T00:24:59.333Z,33.51,80.17

2026-08-21T00:25:04.341Z,33.5,80.19

2026-08-21T00:25:09.334Z,33.51,80.19

2026-08-21T00:25:14.334Z,33.52,80.21

2026-08-21T00:25:19.332Z,33.51,80.27

2026-08-21T00:25:24.333Z,33.48,80.23

2026-08-21T00:25:29.353Z,33.5,80.24

2026-08-21T00:25:34.362Z,33.47,80.34

2026-08-21T00:25:39.351Z,33.46,80.37

2026-08-21T00:25:44.352Z,33.47,80.38

2026-08-21T00:25:49.354Z,33.45,80.39

2026-08-21T00:25:54.356Z,33.47,80.35

2026-08-21T00:25:59.377Z,33.46,80.44

2026-08-21T00:26:04.393Z,33.44,80.4

2026-08-21T00:26:09.373Z,33.47,80.41

2026-08-21T00:26:14.374Z,33.44,80.42

2026-08-21T00:26:19.374Z,33.45,80.46

2026-08-21T00:26:24.384Z,33.44,80.47

2026-08-21T00:26:29.372Z,33.45,80.41

2026-08-21T00:26:34.375Z,33.45,80.42

2026-08-21T00:26:39.375Z,33.47,80.44

2026-08-21T00:26:44.377Z,33.44,80.43

2026-08-21T00:26:49.376Z,33.45,80.47

2026-08-21T00:26:54.391Z,33.45,80.47

2026-08-21T00:26:59.378Z,33.45,80.5

2026-08-21T00:27:04.377Z,33.44,80.5

2026-08-21T00:27:09.378Z,33.44,80.59

2026-08-21T00:27:14.379Z,33.43,80.51

2026-08-21T00:27:19.381Z,33.41,80.51

2026-08-21T00:27:24.392Z,33.43,80.56

2026-08-21T00:27:29.380Z,33.44,80.54

2026-08-21T00:27:34.381Z,33.43,80.5

2026-08-21T00:27:39.397Z,33.44,80.58

2026-08-21T00:27:44.380Z,33.42,80.55

2026-08-21T00:27:49.395Z,33.42,80.63

2026-08-21T00:27:54.405Z,33.44,80.63

2026-08-21T00:27:59.393Z,33.43,80.67

2026-08-21T00:28:04.394Z,33.43,80.6

2026-08-21T00:28:09.393Z,33.44,80.67

2026-08-21T00:28:14.405Z,33.45,80.64

2026-08-21T00:28:19.399Z,33.45,80.63

2026-08-21T00:28:24.408Z,33.43,80.6

2026-08-21T00:28:29.397Z,33.44,80.56

2026-08-21T00:28:34.397Z,33.43,80.62

2026-08-21T00:28:39.396Z,33.44,80.58

2026-08-21T00:28:44.395Z,33.44,80.66

2026-08-21T00:28:49.396Z,33.44,80.62

2026-08-21T00:28:54.408Z,33.44,80.64

2026-08-21T00:28:59.397Z,33.46,80.6

2026-08-21T00:29:04.398Z,33.43,80.56

2026-08-21T00:29:09.397Z,33.46,80.57

2026-08-21T00:29:14.401Z,33.43,80.59

2026-08-21T00:29:19.401Z,33.45,80.54

2026-08-21T00:29:24.415Z,33.45,80.63

2026-08-21T00:29:29.402Z,33.44,80.6

2026-08-21T00:29:34.404Z,33.44,80.58

2026-08-21T00:29:39.405Z,33.43,80.56

2026-08-21T00:29:44.406Z,33.43,80.59

2026-08-21T00:29:49.406Z,33.43,80.58

2026-08-21T00:29:54.427Z,33.41,80.62

2026-08-21T00:29:59.404Z,33.41,80.59

2026-08-21T00:30:04.407Z,33.42,80.64

2026-08-21T00:30:09.406Z,33.41,80.62

2026-08-21T00:30:14.406Z,33.42,80.6

2026-08-21T00:30:19.411Z,33.43,80.61

2026-08-21T00:30:24.426Z,33.4,80.67

2026-08-21T00:30:29.411Z,33.42,80.63

2026-08-21T00:30:34.411Z,33.43,80.64

2026-08-21T00:30:39.410Z,33.43,80.67

2026-08-21T00:30:44.413Z,33.42,80.74

2026-08-21T00:30:49.426Z,33.41,80.63

2026-08-21T00:30:54.436Z,33.4,80.65

2026-08-21T00:30:59.426Z,33.41,80.73

2026-08-21T00:31:04.425Z,33.4,80.66

2026-08-21T00:31:09.427Z,33.41,80.76

2026-08-21T00:31:14.425Z,33.41,80.71

2026-08-21T00:31:19.430Z,33.39,80.76

2026-08-21T00:31:24.439Z,33.41,80.81

2026-08-21T00:31:29.428Z,33.41,80.71

2026-08-21T00:31:34.428Z,33.41,80.77

2026-08-21T00:31:39.429Z,33.39,80.76

2026-08-21T00:31:44.430Z,33.39,80.78

2026-08-21T00:31:49.440Z,33.39,80.76

2026-08-21T00:31:54.451Z,33.39,80.83

2026-08-21T00:31:59.439Z,33.39,80.87

2026-08-21T00:32:04.441Z,33.41,80.81

2026-08-21T00:32:09.442Z,33.41,80.82

2026-08-21T00:32:14.441Z,33.4,80.83

2026-08-21T00:32:19.449Z,33.39,80.82

2026-08-21T00:32:24.460Z,33.4,80.83

2026-08-21T00:32:29.448Z,33.41,80.86

2026-08-21T00:32:34.450Z,33.42,80.81

2026-08-21T00:32:39.449Z,33.41,80.82

2026-08-21T00:32:44.449Z,33.42,80.8

2026-08-21T00:32:49.448Z,33.4,80.8

2026-08-21T00:32:54.463Z,33.4,80.81

2026-08-21T00:32:59.450Z,33.41,80.73

2026-08-21T00:33:04.452Z,33.42,80.82

2026-08-21T00:33:09.452Z,33.43,80.79

2026-08-21T00:33:14.453Z,33.43,80.77

2026-08-21T00:33:19.463Z,33.42,80.74

2026-08-21T00:33:24.476Z,33.42,80.77

2026-08-21T00:33:29.464Z,33.44,80.71

2026-08-21T00:33:34.463Z,33.43,80.78

2026-08-21T00:33:39.462Z,33.43,80.76

2026-08-21T00:33:44.465Z,33.42,80.76

2026-08-21T00:33:49.466Z,33.41,80.72

2026-08-21T00:33:54.478Z,33.4,80.79

2026-08-21T00:33:59.464Z,33.41,80.76

2026-08-21T00:34:04.464Z,33.4,80.78

2026-08-21T00:34:09.466Z,33.4,80.83

2026-08-21T00:34:14.467Z,33.41,80.84

2026-08-21T00:34:19.481Z,33.42,80.83

2026-08-21T00:34:24.490Z,33.4,80.85

2026-08-21T00:34:29.482Z,33.39,80.81

2026-08-21T00:34:34.491Z,33.39,80.83

2026-08-21T00:34:39.483Z,33.4,80.81

2026-08-21T00:34:44.494Z,33.39,80.73

2026-08-21T00:34:49.482Z,33.39,80.84

2026-08-21T00:34:54.481Z,33.41,80.8

2026-08-21T00:34:59.483Z,33.42,80.8

2026-08-21T00:35:04.492Z,33.39,80.91

2026-08-21T00:35:09.483Z,33.4,80.85

2026-08-21T00:35:14.482Z,33.43,80.84

2026-08-21T00:35:19.483Z,33.42,80.86

2026-08-21T00:35:24.487Z,33.45,80.89

2026-08-21T00:35:29.485Z,33.4,80.85

2026-08-21T00:35:34.494Z,33.4,80.89

2026-08-21T00:35:39.484Z,33.42,80.89

2026-08-21T00:35:44.486Z,33.4,80.83

2026-08-21T00:35:49.485Z,33.42,80.82

2026-08-21T00:35:54.487Z,33.42,80.81

2026-08-21T00:35:59.486Z,33.44,80.82

2026-08-21T00:36:04.497Z,33.42,80.81

2026-08-21T00:36:09.485Z,33.43,80.82

2026-08-21T00:36:14.485Z,33.44,80.8

2026-08-21T00:36:19.486Z,33.43,80.75

2026-08-21T00:36:24.488Z,33.43,80.8

2026-08-21T00:36:29.496Z,33.47,80.84

2026-08-21T00:36:34.506Z,33.44,80.87

2026-08-21T00:36:39.495Z,33.45,80.81

2026-08-21T00:36:44.496Z,33.46,80.77

2026-08-21T00:36:49.494Z,33.46,80.79

2026-08-21T00:36:54.500Z,33.44,80.77

2026-08-21T00:36:59.508Z,33.47,80.67

2026-08-21T00:37:04.519Z,33.44,80.79

2026-08-21T00:37:09.502Z,33.47,80.74

2026-08-21T00:37:14.504Z,33.44,80.77

2026-08-21T00:37:19.506Z,33.47,80.71

2026-08-21T00:37:24.504Z,33.46,80.76

2026-08-21T00:37:29.516Z,33.46,80.7

2026-08-21T00:37:34.528Z,33.47,80.78

2026-08-21T00:37:39.515Z,33.48,80.66

2026-08-21T00:37:44.515Z,33.48,80.72

2026-08-21T00:37:49.518Z,33.5,80.77

2026-08-21T00:37:54.520Z,33.48,80.63

2026-08-21T00:37:59.529Z,33.48,80.66

2026-08-21T00:38:04.537Z,33.48,80.7

2026-08-21T00:38:09.526Z,33.48,80.67

2026-08-21T00:38:14.527Z,33.47,80.64

2026-08-21T00:38:19.527Z,33.51,80.62

2026-08-21T00:38:24.528Z,33.52,80.65

2026-08-21T00:38:29.546Z,33.5,80.65

2026-08-21T00:38:34.556Z,33.5,80.67

2026-08-21T00:38:39.547Z,33.5,80.65

2026-08-21T00:38:44.545Z,33.52,80.58

2026-08-21T00:38:49.544Z,33.51,80.62

2026-08-21T00:38:54.557Z,33.51,80.66

2026-08-21T00:38:59.545Z,33.51,80.53

2026-08-21T00:39:04.545Z,33.52,80.52

2026-08-21T00:39:09.545Z,33.52,80.54

2026-08-21T00:39:14.544Z,33.53,80.48

2026-08-21T00:39:19.543Z,33.53,80.55

2026-08-21T00:39:24.558Z,33.53,80.53

2026-08-21T00:39:29.545Z,33.53,80.5

2026-08-21T00:39:34.547Z,33.56,80.48

2026-08-21T00:39:39.547Z,33.55,80.45

2026-08-21T00:39:44.547Z,33.54,80.46

2026-08-21T00:39:49.553Z,33.55,80.43

2026-08-21T00:39:54.559Z,33.57,80.52

2026-08-21T00:39:59.547Z,33.56,80.39

2026-08-21T00:40:04.548Z,33.56,80.4

2026-08-21T00:40:09.550Z,33.55,80.41

2026-08-21T00:40:14.549Z,33.57,80.33

2026-08-21T00:40:19.549Z,33.57,80.3

2026-08-21T00:40:24.561Z,33.55,80.35

2026-08-21T00:40:29.551Z,33.57,80.36

2026-08-21T00:40:34.552Z,33.58,80.34

2026-08-21T00:40:39.553Z,33.57,80.29

2026-08-21T00:40:44.553Z,33.59,80.32

2026-08-21T00:40:49.567Z,33.59,80.28

2026-08-21T00:40:54.581Z,33.58,80.34

2026-08-21T00:40:59.564Z,33.57,80.33

2026-08-21T00:41:04.564Z,33.58,80.33

2026-08-21T00:41:09.564Z,33.58,80.29

2026-08-21T00:41:14.565Z,33.56,80.32

2026-08-21T00:41:19.575Z,33.57,80.27

2026-08-21T00:41:24.585Z,33.54,80.32

2026-08-21T00:41:29.575Z,33.57,80.34

2026-08-21T00:41:34.576Z,33.56,80.34

2026-08-21T00:41:39.575Z,33.56,80.36

2026-08-21T00:41:44.577Z,33.58,80.36

2026-08-21T00:41:49.586Z,33.56,80.37

2026-08-21T00:41:54.600Z,33.57,80.32

2026-08-21T00:41:59.587Z,33.56,80.34

2026-08-21T00:42:04.586Z,33.56,80.28

2026-08-21T00:42:09.589Z,33.58,80.32

2026-08-21T00:42:14.599Z,33.56,80.42

2026-08-21T00:42:19.588Z,33.58,80.32

2026-08-21T00:42:24.591Z,33.56,80.33

2026-08-21T00:42:29.592Z,33.59,80.34

2026-08-21T00:42:34.590Z,33.55,80.34

2026-08-21T00:42:39.593Z,33.56,80.3

2026-08-21T00:42:44.604Z,33.56,80.37

2026-08-21T00:42:49.592Z,33.56,80.35

2026-08-21T00:42:54.591Z,33.56,80.33

2026-08-21T00:42:59.593Z,33.55,80.37

2026-08-21T00:43:04.606Z,33.56,80.4

2026-08-21T00:43:09.593Z,33.57,80.33

2026-08-21T00:43:14.594Z,33.56,80.37

2026-08-21T00:43:19.594Z,33.57,80.39

2026-08-21T00:43:24.593Z,33.58,80.42

2026-08-21T00:43:29.594Z,33.57,80.41

2026-08-21T00:43:34.608Z,33.56,80.42

2026-08-21T00:43:39.590Z,33.58,80.34

2026-08-21T00:43:44.592Z,33.57,80.35

2026-08-21T00:43:49.592Z,33.57,80.35

2026-08-21T00:43:54.594Z,33.57,80.37

2026-08-21T00:43:59.595Z,33.57,80.31

2026-08-21T00:44:04.606Z,33.59,80.33

2026-08-21T00:44:09.594Z,33.59,80.32

2026-08-21T00:44:14.595Z,33.6,80.29

2026-08-21T00:44:19.601Z,33.59,80.36

2026-08-21T00:44:24.598Z,33.58,80.29

2026-08-21T00:44:29.603Z,33.6,80.26

2026-08-21T00:44:34.609Z,33.59,80.34

2026-08-21T00:44:39.600Z,33.61,80.3

2026-08-21T00:44:44.601Z,33.61,80.24

2026-08-21T00:44:49.601Z,33.62,80.24

2026-08-21T00:44:54.600Z,33.6,80.22

2026-08-21T00:44:59.618Z,33.61,80.24

2026-08-21T00:45:04.625Z,33.6,80.22

2026-08-21T00:45:09.616Z,33.61,80.25

2026-08-21T00:45:14.618Z,33.6,80.17

2026-08-21T00:45:19.617Z,33.61,80.2

2026-08-21T00:45:24.617Z,33.6,80.19

2026-08-21T00:45:29.637Z,33.61,80.17

2026-08-21T00:45:34.646Z,33.6,80.17

2026-08-21T00:45:39.633Z,33.61,80.15

2026-08-21T00:45:44.635Z,33.61,80.14

2026-08-21T00:45:49.636Z,33.6,80.14

2026-08-21T00:45:54.636Z,33.6,80.18

2026-08-21T00:45:59.650Z,33.61,80.19

2026-08-21T00:46:04.663Z,33.58,80.28

2026-08-21T00:46:09.651Z,33.59,80.23

2026-08-21T00:46:14.652Z,33.61,80.23

2026-08-21T00:46:19.651Z,33.59,80.25

2026-08-21T00:46:24.667Z,33.6,80.24

2026-08-21T00:46:29.650Z,33.6,80.24

2026-08-21T00:46:34.652Z,33.6,80.22

2026-08-21T00:46:39.650Z,33.6,80.22

2026-08-21T00:46:44.652Z,33.62,80.18

2026-08-21T00:46:49.653Z,33.61,80.25

2026-08-21T00:46:54.665Z,33.59,80.22

2026-08-21T00:46:59.654Z,33.61,80.21

2026-08-21T00:47:04.653Z,33.61,80.23

2026-08-21T00:47:09.654Z,33.61,80.21

2026-08-21T00:47:14.666Z,33.6,80.18

2026-08-21T00:47:19.653Z,33.61,80.25

2026-08-21T00:47:24.655Z,33.61,80.21

2026-08-21T00:47:29.655Z,33.61,80.2

2026-08-21T00:47:34.655Z,33.63,80.19

2026-08-21T00:47:39.655Z,33.62,80.23

2026-08-21T00:47:44.674Z,33.61,80.21

2026-08-21T00:47:49.656Z,33.62,80.23

2026-08-21T00:47:54.657Z,33.59,80.21

2026-08-21T00:47:59.656Z,33.59,80.26

2026-08-21T00:48:04.657Z,33.61,80.2

2026-08-21T00:48:09.657Z,33.6,80.25

2026-08-21T00:48:14.674Z,33.6,80.22

2026-08-21T00:48:19.660Z,33.59,80.24

2026-08-21T00:48:24.660Z,33.59,80.24

2026-08-21T00:48:29.661Z,33.6,80.25

2026-08-21T00:48:34.659Z,33.62,80.25

2026-08-21T00:48:39.670Z,33.59,80.28

2026-08-21T00:48:44.680Z,33.59,80.31

2026-08-21T00:48:49.668Z,33.6,80.3

2026-08-21T00:48:54.670Z,33.59,80.3

2026-08-21T00:48:59.686Z,33.6,80.23

2026-08-21T00:49:04.696Z,33.61,80.32

2026-08-21T00:49:09.685Z,33.61,80.25

2026-08-21T00:49:14.687Z,33.62,80.23

2026-08-21T00:49:19.685Z,33.6,80.24

2026-08-21T00:49:24.685Z,33.61,80.22

2026-08-21T00:49:29.693Z,33.63,80.18

2026-08-21T00:49:34.706Z,33.62,80.23

2026-08-21T00:49:39.692Z,33.62,80.23

2026-08-21T00:49:44.692Z,33.63,80.17

2026-08-21T00:49:49.691Z,33.63,80.2

2026-08-21T00:49:54.693Z,33.62,80.18

2026-08-21T00:49:59.698Z,33.63,80.2

2026-08-21T00:50:04.710Z,33.63,80.22

2026-08-21T00:50:09.701Z,33.65,80.18

2026-08-21T00:50:14.700Z,33.66,80.21

2026-08-21T00:50:19.699Z,33.64,80.24

2026-08-21T00:50:24.701Z,33.66,80.15

2026-08-21T00:50:29.701Z,33.63,80.17

2026-08-21T00:50:34.714Z,33.65,80.18

2026-08-21T00:50:39.703Z,33.64,80.23

2026-08-21T00:50:44.701Z,33.65,80.18

2026-08-21T00:50:49.701Z,33.66,80.18

2026-08-21T00:50:54.701Z,33.65,80.16

2026-08-21T00:50:59.705Z,33.66,80.18

2026-08-21T00:51:04.719Z,33.63,80.21

2026-08-21T00:51:09.704Z,33.64,80.15

2026-08-21T00:51:14.705Z,33.65,80.19

2026-08-21T00:51:19.705Z,33.67,80.15

2026-08-21T00:51:24.705Z,33.66,80.14

2026-08-21T00:51:29.721Z,33.66,80.12

2026-08-21T00:51:34.732Z,33.67,80.16

2026-08-21T00:51:39.718Z,33.67,80.16

2026-08-21T00:51:44.719Z,33.68,80.15

2026-08-21T00:51:49.723Z,33.67,80.16

2026-08-21T00:51:54.719Z,33.68,80.09

2026-08-21T00:51:59.729Z,33.67,80.1

2026-08-21T00:52:04.743Z,33.67,80.12

2026-08-21T00:52:09.731Z,33.67,80.06

2026-08-21T00:52:14.732Z,33.69,80.02

2026-08-21T00:52:19.728Z,33.7,80.06

2026-08-21T00:52:24.730Z,33.71,80.06

2026-08-21T00:52:29.738Z,33.69,80.03

2026-08-21T00:52:34.748Z,33.7,80.06

2026-08-21T00:52:39.737Z,33.69,80.03

2026-08-21T00:52:44.738Z,33.68,80.01

2026-08-21T00:52:49.737Z,33.71,80

2026-08-21T00:52:54.738Z,33.7,79.94

2026-08-21T00:52:59.756Z,33.7,79.99

2026-08-21T00:53:04.763Z,33.7,79.97

2026-08-21T00:53:09.748Z,33.71,79.98

2026-08-21T00:53:14.749Z,33.71,79.91

2026-08-21T00:53:19.752Z,33.72,79.95

2026-08-21T00:53:24.751Z,33.71,79.89

2026-08-21T00:53:29.753Z,33.73,79.93

2026-08-21T00:53:34.764Z,33.73,80.03

2026-08-21T00:53:39.753Z,33.72,79.93

2026-08-21T00:53:44.754Z,33.73,79.93

2026-08-21T00:53:49.755Z,33.75,79.91

2026-08-21T00:53:54.754Z,33.73,79.88

2026-08-21T00:53:59.769Z,33.73,79.86

2026-08-21T00:54:04.783Z,33.75,79.97

2026-08-21T00:54:09.768Z,33.75,79.8

2026-08-21T00:54:14.770Z,33.75,79.86

2026-08-21T00:54:19.771Z,33.75,79.86

2026-08-21T00:54:24.770Z,33.75,79.84

2026-08-21T00:54:29.776Z,33.76,79.81

2026-08-21T00:54:34.784Z,33.76,79.89

2026-08-21T00:54:39.772Z,33.76,79.81

2026-08-21T00:54:44.774Z,33.77,79.88

2026-08-21T00:54:49.773Z,33.77,79.8

2026-08-21T00:54:54.774Z,33.76,79.75

2026-08-21T00:54:59.782Z,33.76,79.74

2026-08-21T00:55:04.790Z,33.77,79.81

2026-08-21T00:55:09.779Z,33.77,79.78

2026-08-21T00:55:14.790Z,33.76,79.78

2026-08-21T00:55:19.779Z,33.76,79.75

2026-08-21T00:55:24.781Z,33.75,79.79

2026-08-21T00:55:29.795Z,33.75,79.76

2026-08-21T00:55:34.791Z,33.75,79.77

2026-08-21T00:55:39.790Z,33.77,79.74

2026-08-21T00:55:44.804Z,33.75,79.72

2026-08-21T00:55:49.788Z,33.76,79.78

2026-08-21T00:55:54.789Z,33.76,79.78

2026-08-21T00:55:59.788Z,33.76,79.76

2026-08-21T00:56:04.791Z,33.77,79.8

2026-08-21T00:56:09.790Z,33.76,79.82

2026-08-21T00:56:14.808Z,33.78,79.86

2026-08-21T00:56:19.789Z,33.79,79.76

2026-08-21T00:56:24.791Z,33.76,79.78

2026-08-21T00:56:29.791Z,33.77,79.81

2026-08-21T00:56:34.793Z,33.78,79.75

2026-08-21T00:56:39.802Z,33.75,79.79

2026-08-21T00:56:44.812Z,33.76,79.83

2026-08-21T00:56:49.799Z,33.77,79.78

2026-08-21T00:56:54.802Z,33.77,79.81

2026-08-21T00:56:59.801Z,33.76,79.76

2026-08-21T00:57:04.801Z,33.77,79.78

2026-08-21T00:57:09.811Z,33.77,79.83

2026-08-21T00:57:14.825Z,33.79,79.82

2026-08-21T00:57:19.811Z,33.77,79.74

2026-08-21T00:57:24.811Z,33.77,79.81

2026-08-21T00:57:29.812Z,33.75,79.77

2026-08-21T00:57:34.812Z,33.76,79.76

2026-08-21T00:57:39.824Z,33.77,79.76

2026-08-21T00:57:44.834Z,33.78,79.83

2026-08-21T00:57:49.822Z,33.75,79.74

2026-08-21T00:57:54.823Z,33.76,79.81

2026-08-21T00:57:59.821Z,33.78,79.82

2026-08-21T00:58:04.824Z,33.76,79.84

2026-08-21T00:58:09.831Z,33.77,79.81

2026-08-21T00:58:14.842Z,33.76,79.84

2026-08-21T00:58:19.828Z,33.77,79.75

2026-08-21T00:58:24.831Z,33.76,79.81

2026-08-21T00:58:29.831Z,33.78,79.85

2026-08-21T00:58:34.832Z,33.78,79.79

2026-08-21T00:58:39.832Z,33.77,79.81

2026-08-21T00:58:44.843Z,33.77,79.85

2026-08-21T00:58:49.831Z,33.79,79.81

2026-08-21T00:58:54.832Z,33.77,79.79

2026-08-21T00:58:59.832Z,33.77,79.81

2026-08-21T00:59:04.831Z,33.77,79.83

2026-08-21T00:59:09.831Z,33.78,79.81

2026-08-21T00:59:14.850Z,33.75,79.88

2026-08-21T00:59:19.835Z,33.76,79.85

2026-08-21T00:59:24.833Z,33.76,79.84

2026-08-21T00:59:29.835Z,33.76,79.83

2026-08-21T00:59:34.832Z,33.77,79.82

2026-08-21T00:59:39.838Z,33.78,79.81

2026-08-21T00:59:44.853Z,33.76,79.83

2026-08-21T00:59:49.833Z,33.76,79.79

2026-08-21T00:59:54.835Z,33.79,79.84

2026-08-21T00:59:59.833Z,33.78,79.79

2026-08-21T01:00:04.836Z,33.79,79.81

2026-08-21T01:00:09.852Z,33.78,79.82

2026-08-21T01:00:14.860Z,33.78,79.83

2026-08-21T01:00:19.850Z,33.79,79.75

2026-08-21T01:00:24.852Z,33.8,79.79

2026-08-21T01:00:29.853Z,33.78,79.79

2026-08-21T01:00:34.853Z,33.76,79.77

2026-08-21T01:00:39.860Z,33.79,79.75

2026-08-21T01:00:44.870Z,33.79,79.77

2026-08-21T01:00:49.860Z,33.81,79.72

2026-08-21T01:00:54.859Z,33.79,79.77

2026-08-21T01:00:59.860Z,33.77,79.71

2026-08-21T01:01:04.860Z,33.78,79.74

2026-08-21T01:01:09.863Z,33.77,79.73

2026-08-21T01:01:14.871Z,33.77,79.76

2026-08-21T01:01:19.861Z,33.78,79.73

2026-08-21T01:01:24.864Z,33.76,79.73

2026-08-21T01:01:29.863Z,33.76,79.7

2026-08-21T01:01:34.865Z,33.76,79.79

2026-08-21T01:01:39.879Z,33.74,79.73

2026-08-21T01:01:44.891Z,33.75,79.77

2026-08-21T01:01:49.877Z,33.76,79.81

2026-08-21T01:01:54.877Z,33.76,79.82

2026-08-21T01:01:59.877Z,33.75,79.85

2026-08-21T01:02:04.877Z,33.73,79.86

2026-08-21T01:02:09.878Z,33.73,79.9

2026-08-21T01:02:14.889Z,33.74,79.86

2026-08-21T01:02:19.880Z,33.76,79.87

2026-08-21T01:02:24.879Z,33.76,79.88

2026-08-21T01:02:29.880Z,33.75,79.83

2026-08-21T01:02:34.879Z,33.76,79.85

2026-08-21T01:02:39.883Z,33.73,79.83

2026-08-21T01:02:44.889Z,33.75,79.86

2026-08-21T01:02:49.882Z,33.77,79.89

2026-08-21T01:02:54.881Z,33.76,79.82

2026-08-21T01:02:59.882Z,33.75,79.89

2026-08-21T01:03:04.880Z,33.75,79.83

2026-08-21T01:03:09.894Z,33.75,79.86

2026-08-21T01:03:14.910Z,33.75,79.92

2026-08-21T01:03:19.895Z,33.74,79.93

2026-08-21T01:03:24.898Z,33.75,79.86

2026-08-21T01:03:29.899Z,33.76,79.84

2026-08-21T01:03:34.896Z,33.74,79.84

2026-08-21T01:03:39.903Z,33.75,79.9

2026-08-21T01:03:44.915Z,33.73,79.9

2026-08-21T01:03:49.903Z,33.76,79.9

2026-08-21T01:03:54.904Z,33.75,79.9

2026-08-21T01:03:59.905Z,33.75,79.89

2026-08-21T01:04:04.906Z,33.74,79.82

2026-08-21T01:04:09.920Z,33.75,79.87

2026-08-21T01:04:14.931Z,33.73,79.83

2026-08-21T01:04:19.918Z,33.75,79.83

2026-08-21T01:04:24.919Z,33.77,79.84

2026-08-21T01:04:29.920Z,33.75,79.8

2026-08-21T01:04:34.932Z,33.75,79.85

2026-08-21T01:04:39.920Z,33.74,79.82

2026-08-21T01:04:44.921Z,33.74,79.82

2026-08-21T01:04:49.925Z,33.73,79.81

2026-08-21T01:04:54.935Z,33.74,79.84

2026-08-21T01:04:59.923Z,33.72,79.8

2026-08-21T01:05:04.924Z,33.74,79.87

2026-08-21T01:05:09.924Z,33.74,79.88

2026-08-21T01:05:14.926Z,33.73,79.92

2026-08-21T01:05:19.925Z,33.73,79.86

2026-08-21T01:05:24.935Z,33.75,79.91

2026-08-21T01:05:29.924Z,33.72,79.93

2026-08-21T01:05:34.924Z,33.74,79.86

2026-08-21T01:05:39.925Z,33.73,79.88

2026-08-21T01:05:44.928Z,33.71,79.93

2026-08-21T01:05:49.926Z,33.71,79.93

2026-08-21T01:05:54.944Z,33.74,79.97

2026-08-21T01:05:59.927Z,33.73,79.92

2026-08-21T01:06:04.929Z,33.72,79.92

2026-08-21T01:06:09.927Z,33.71,79.96

2026-08-21T01:06:14.929Z,33.71,79.94

2026-08-21T01:06:19.927Z,33.71,79.95

2026-08-21T01:06:24.944Z,33.71,80.02

2026-08-21T01:06:29.930Z,33.7,80

2026-08-21T01:06:34.929Z,33.72,79.97

2026-08-21T01:06:39.932Z,33.71,80

2026-08-21T01:06:44.932Z,33.73,80.01

2026-08-21T01:06:49.932Z,33.7,79.93

2026-08-21T01:06:54.949Z,33.69,80.02

2026-08-21T01:06:59.936Z,33.71,79.93

2026-08-21T01:07:04.933Z,33.7,80.02

2026-08-21T01:07:09.935Z,33.7,79.97

2026-08-21T01:07:14.936Z,33.7,79.99

2026-08-21T01:07:19.947Z,33.72,80.06

2026-08-21T01:07:24.958Z,33.69,80.02

2026-08-21T01:07:29.944Z,33.71,80.05

2026-08-21T01:07:34.943Z,33.7,80.02

2026-08-21T01:07:39.943Z,33.72,79.99

2026-08-21T01:07:44.946Z,33.71,80.01

2026-08-21T01:07:49.955Z,33.7,79.97

2026-08-21T01:07:54.965Z,33.71,79.99

2026-08-21T01:07:59.952Z,33.71,79.97

2026-08-21T01:08:04.950Z,33.68,80.03

2026-08-21T01:08:09.950Z,33.7,79.98

2026-08-21T01:08:14.952Z,33.71,80.01

2026-08-21T01:08:19.978Z,33.7,79.95

2026-08-21T01:08:24.989Z,33.71,80.11

2026-08-21T01:08:29.977Z,33.69,79.99

2026-08-21T01:08:34.978Z,33.69,80.04

2026-08-21T01:08:39.978Z,33.7,80.08

2026-08-21T01:08:44.979Z,33.7,79.99

2026-08-21T01:08:49.980Z,33.69,79.99

2026-08-21T01:08:54.993Z,33.69,80.06

2026-08-21T01:08:59.979Z,33.69,80.06

2026-08-21T01:09:04.981Z,33.7,80.07

2026-08-21T01:09:09.981Z,33.71,80.03

2026-08-21T01:09:14.981Z,33.71,80.04

2026-08-21T01:09:19.982Z,33.68,79.97

2026-08-21T01:09:24.997Z,33.7,80.08

2026-08-21T01:09:29.981Z,33.71,79.95

2026-08-21T01:09:34.983Z,33.69,80.02

2026-08-21T01:09:39.984Z,33.69,80

2026-08-21T01:09:44.986Z,33.7,80.04

2026-08-21T01:09:49.985Z,33.69,80.07

2026-08-21T01:09:54.997Z,33.69,80.08

2026-08-21T01:09:59.986Z,33.69,80.02

2026-08-21T01:10:04.987Z,33.7,80.05

2026-08-21T01:10:09.986Z,33.7,80.06

2026-08-21T01:10:14.989Z,33.71,80.07

2026-08-21T01:10:19.986Z,33.72,80.06

2026-08-21T01:10:25.000Z,33.7,80.11

2026-08-21T01:10:29.987Z,33.72,80.08

2026-08-21T01:10:34.988Z,33.72,80.13

2026-08-21T01:10:39.987Z,33.71,80.06

2026-08-21T01:10:44.989Z,33.71,80.05

2026-08-21T01:10:49.992Z,33.72,80.06

2026-08-21T01:10:55.009Z,33.71,80.13

2026-08-21T01:10:59.989Z,33.71,80.14

2026-08-21T01:11:04.991Z,33.72,80.07

2026-08-21T01:11:09.991Z,33.72,80.07

2026-08-21T01:11:14.992Z,33.71,80.03

2026-08-21T01:11:20.017Z,33.7,80.11

2026-08-21T01:11:25.029Z,33.71,80.13

2026-08-21T01:11:30.016Z,33.71,80.08

2026-08-21T01:11:35.019Z,33.73,80.02

2026-08-21T01:11:40.017Z,33.72,80.08

2026-08-21T01:11:45.016Z,33.73,80.02

2026-08-21T01:11:50.014Z,33.74,80.08

2026-08-21T01:11:55.028Z,33.74,80.04

2026-08-21T01:12:00.014Z,33.75,80.08

2026-08-21T01:12:05.015Z,33.74,80.02

2026-08-21T01:12:10.016Z,33.75,80.04

2026-08-21T01:12:15.017Z,33.74,80.05

2026-08-21T01:12:20.026Z,33.75,80.04

2026-08-21T01:12:25.035Z,33.74,80.02

2026-08-21T01:12:30.025Z,33.74,80

2026-08-21T01:12:35.028Z,33.73,80

2026-08-21T01:12:40.028Z,33.73,79.99

2026-08-21T01:12:45.028Z,33.73,79.95

2026-08-21T01:12:50.047Z,33.74,80.04

2026-08-21T01:12:55.056Z,33.73,80.08

2026-08-21T01:13:00.045Z,33.74,80.02

2026-08-21T01:13:05.049Z,33.74,80.01

2026-08-21T01:13:10.047Z,33.74,80.05

2026-08-21T01:13:15.059Z,33.73,80.03

2026-08-21T01:13:20.050Z,33.73,80.04

2026-08-21T01:13:25.049Z,33.74,80.08

2026-08-21T01:13:30.050Z,33.75,80.02

2026-08-21T01:13:35.060Z,33.74,80.05

2026-08-21T01:13:40.050Z,33.76,79.99

2026-08-21T01:13:45.051Z,33.75,79.99

2026-08-21T01:13:50.050Z,33.74,80.03

2026-08-21T01:13:55.050Z,33.75,79.96

2026-08-21T01:14:00.050Z,33.73,79.99

2026-08-21T01:14:05.063Z,33.75,79.98

2026-08-21T01:14:10.051Z,33.75,79.93

2026-08-21T01:14:15.052Z,33.74,79.9

2026-08-21T01:14:20.054Z,33.76,79.92

2026-08-21T01:14:25.056Z,33.75,79.95

2026-08-21T01:14:30.059Z,33.72,79.91

2026-08-21T01:14:35.064Z,33.75,79.96

2026-08-21T01:14:40.058Z,33.76,79.91

2026-08-21T01:14:45.055Z,33.75,79.93

2026-08-21T01:14:50.066Z,33.73,79.86

2026-08-21T01:14:55.084Z,33.77,79.93

2026-08-21T01:15:00.064Z,33.74,79.89

2026-08-21T01:15:05.067Z,33.74,79.91

2026-08-21T01:15:10.072Z,33.75,79.87

2026-08-21T01:15:15.087Z,33.73,80.01

2026-08-21T01:15:20.075Z,33.74,79.89

2026-08-21T01:15:25.073Z,33.74,79.97

2026-08-21T01:15:30.093Z,33.72,79.96

2026-08-21T01:15:35.084Z,33.71,79.97

2026-08-21T01:15:40.086Z,33.72,79.94

2026-08-21T01:15:45.087Z,33.73,79.92

2026-08-21T01:15:50.087Z,33.73,79.99

2026-08-21T01:15:55.100Z,33.73,80

2026-08-21T01:16:00.088Z,33.72,80

2026-08-21T01:16:05.090Z,33.72,79.97

2026-08-21T01:16:10.089Z,33.72,80.03

2026-08-21T01:16:15.090Z,33.7,79.98

2026-08-21T01:16:20.090Z,33.7,79.95

2026-08-21T01:16:25.101Z,33.73,79.99

2026-08-21T01:16:30.091Z,33.72,80

2026-08-21T01:16:35.091Z,33.73,79.94

2026-08-21T01:16:40.092Z,33.7,79.96

2026-08-21T01:16:45.092Z,33.71,79.96

2026-08-21T01:16:50.095Z,33.71,79.98

2026-08-21T01:16:55.105Z,33.7,79.96

2026-08-21T01:17:00.094Z,33.71,79.95

2026-08-21T01:17:05.094Z,33.69,80

2026-08-21T01:17:10.094Z,33.7,79.95

2026-08-21T01:17:15.094Z,33.69,79.95

2026-08-21T01:17:20.104Z,33.71,79.96

2026-08-21T01:17:25.115Z,33.71,80.02

2026-08-21T01:17:30.104Z,33.7,79.95

2026-08-21T01:17:35.103Z,33.7,79.97

2026-08-21T01:17:40.104Z,33.68,80

2026-08-21T01:17:45.116Z,33.71,80.05

2026-08-21T01:17:50.105Z,33.7,79.95

2026-08-21T01:17:55.110Z,33.69,79.93

2026-08-21T01:18:00.110Z,33.69,79.99

2026-08-21T01:18:05.109Z,33.68,79.97

2026-08-21T01:18:10.106Z,33.68,80.03

2026-08-21T01:18:15.119Z,33.67,80.06

2026-08-21T01:18:20.106Z,33.69,80.05

2026-08-21T01:18:25.108Z,33.67,80.07

2026-08-21T01:18:30.107Z,33.66,80.12

2026-08-21T01:18:35.108Z,33.67,80.11

2026-08-21T01:18:40.106Z,33.68,80.14

2026-08-21T01:18:45.121Z,33.65,80.13

2026-08-21T01:18:50.107Z,33.65,80.16

2026-08-21T01:18:55.109Z,33.66,80.17

2026-08-21T01:19:00.108Z,33.66,80.13

2026-08-21T01:19:05.111Z,33.65,80.16

2026-08-21T01:19:10.119Z,33.65,80.16

2026-08-21T01:19:15.131Z,33.66,80.15

2026-08-21T01:19:20.117Z,33.66,80.17

2026-08-21T01:19:25.117Z,33.66,80.16

2026-08-21T01:19:30.117Z,33.66,80.16

2026-08-21T01:19:35.119Z,33.67,80.11

2026-08-21T01:19:40.127Z,33.67,80.15

2026-08-21T01:19:45.140Z,33.66,80.2

2026-08-21T01:19:50.125Z,33.66,80.17

2026-08-21T01:19:55.124Z,33.65,80.11

2026-08-21T01:20:00.125Z,33.67,80.15

2026-08-21T01:20:05.125Z,33.66,80.16

2026-08-21T01:20:10.138Z,33.67,80.14

2026-08-21T01:20:15.150Z,33.66,80.19

2026-08-21T01:20:20.138Z,33.67,80.16

2026-08-21T01:20:25.139Z,33.67,80.09

2026-08-21T01:20:30.138Z,33.66,80.15

2026-08-21T01:20:35.141Z,33.66,80.16

2026-08-21T01:20:40.147Z,33.69,80.12

2026-08-21T01:20:45.157Z,33.68,80.07

2026-08-21T01:20:50.147Z,33.67,80.07

2026-08-21T01:20:55.149Z,33.68,80.08

2026-08-21T01:21:00.146Z,33.67,80.09

2026-08-21T01:21:05.148Z,33.68,80.11

2026-08-21T01:21:10.149Z,33.68,80.1

2026-08-21T01:21:15.158Z,33.67,80.11

2026-08-21T01:21:20.147Z,33.69,80.07

2026-08-21T01:21:25.148Z,33.72,80.14

2026-08-21T01:21:30.147Z,33.71,80.11

2026-08-21T01:21:35.159Z,33.69,80.16

2026-08-21T01:21:40.146Z,33.72,80.04

2026-08-21T01:21:45.149Z,33.72,80.06

2026-08-21T01:21:50.153Z,33.7,80.05

2026-08-21T01:21:55.151Z,33.7,80.01

2026-08-21T01:22:00.170Z,33.73,80.01

2026-08-21T01:22:05.174Z,33.73,80.05

2026-08-21T01:22:10.165Z,33.72,80.05

2026-08-21T01:22:15.165Z,33.72,79.98

2026-08-21T01:22:20.166Z,33.75,80.02

2026-08-21T01:22:25.165Z,33.72,79.97

2026-08-21T01:22:30.182Z,33.74,79.88

2026-08-21T01:22:35.192Z,33.74,79.93

2026-08-21T01:22:40.182Z,33.76,79.89

2026-08-21T01:22:45.183Z,33.74,79.92

2026-08-21T01:22:50.184Z,33.75,79.91

2026-08-21T01:22:55.185Z,33.75,79.95

2026-08-21T01:23:00.186Z,33.74,79.95

2026-08-21T01:23:05.195Z,33.75,80.01

2026-08-21T01:23:10.185Z,33.75,79.87

2026-08-21T01:23:15.186Z,33.73,79.86

2026-08-21T01:23:20.186Z,33.76,79.89

2026-08-21T01:23:25.185Z,33.74,79.85

2026-08-21T01:23:30.206Z,33.75,79.86

2026-08-21T01:23:35.220Z,33.77,79.87

2026-08-21T01:23:40.202Z,33.78,79.84

2026-08-21T01:23:45.201Z,33.8,79.88

2026-08-21T01:23:50.201Z,33.77,79.77

2026-08-21T01:23:55.202Z,33.78,79.88

2026-08-21T01:24:00.207Z,33.77,79.82

2026-08-21T01:24:05.221Z,33.76,79.8

2026-08-21T01:24:10.207Z,33.79,79.83

2026-08-21T01:24:15.207Z,33.78,79.79

2026-08-21T01:24:20.206Z,33.78,79.75

2026-08-21T01:24:25.207Z,33.79,79.75

2026-08-21T01:24:30.214Z,33.79,79.77

2026-08-21T01:24:35.227Z,33.79,79.81

2026-08-21T01:24:40.213Z,33.8,79.73

2026-08-21T01:24:45.214Z,33.79,79.74

2026-08-21T01:24:50.213Z,33.8,79.73

2026-08-21T01:24:55.214Z,33.8,79.68

2026-08-21T01:25:00.214Z,33.8,79.7

2026-08-21T01:25:05.226Z,33.79,79.73

2026-08-21T01:25:10.214Z,33.8,79.62

2026-08-21T01:25:15.217Z,33.79,79.65

2026-08-21T01:25:20.214Z,33.79,79.67

2026-08-21T01:25:25.216Z,33.8,79.72

2026-08-21T01:25:30.232Z,33.79,79.71

2026-08-21T01:25:35.245Z,33.79,79.72

2026-08-21T01:25:40.231Z,33.78,79.72

2026-08-21T01:25:45.233Z,33.75,79.72

2026-08-21T01:25:50.230Z,33.78,79.64

2026-08-21T01:25:55.234Z,33.76,79.73

2026-08-21T01:26:00.241Z,33.74,79.74

2026-08-21T01:26:05.249Z,33.76,79.77

2026-08-21T01:26:10.239Z,33.77,79.73

2026-08-21T01:26:15.241Z,33.76,79.77

2026-08-21T01:26:20.238Z,33.75,79.77

2026-08-21T01:26:25.239Z,33.75,79.77

2026-08-21T01:26:30.252Z,33.74,79.83

2026-08-21T01:26:35.267Z,33.73,79.79

2026-08-21T01:26:40.252Z,33.73,79.84

2026-08-21T01:26:45.254Z,33.71,79.81

2026-08-21T01:26:50.254Z,33.71,79.83

2026-08-21T01:26:55.255Z,33.71,79.84

2026-08-21T01:27:00.255Z,33.72,79.88

2026-08-21T01:27:05.265Z,33.72,79.9

2026-08-21T01:27:10.255Z,33.71,79.87

2026-08-21T01:27:15.256Z,33.71,79.86

2026-08-21T01:27:20.255Z,33.74,79.8

2026-08-21T01:27:25.256Z,33.71,79.9

2026-08-21T01:27:30.263Z,33.7,79.85

2026-08-21T01:27:35.273Z,33.67,79.94

2026-08-21T01:27:40.261Z,33.69,79.93

2026-08-21T01:27:45.263Z,33.7,79.94

2026-08-21T01:27:50.263Z,33.7,79.9

2026-08-21T01:27:55.263Z,33.68,80.02

2026-08-21T01:28:00.276Z,33.68,80

2026-08-21T01:28:05.269Z,33.67,80.05

2026-08-21T01:28:10.268Z,33.68,79.96

2026-08-21T01:28:15.286Z,33.68,80.07

2026-08-21T01:28:20.270Z,33.68,80.05

2026-08-21T01:28:25.269Z,33.67,80.03

2026-08-21T01:28:30.269Z,33.67,80.03

2026-08-21T01:28:35.270Z,33.68,79.99

2026-08-21T01:28:40.269Z,33.68,80.02

2026-08-21T01:28:45.286Z,33.68,80.05

2026-08-21T01:28:50.270Z,33.66,80.01

2026-08-21T01:28:55.271Z,33.66,79.99

2026-08-21T01:29:00.270Z,33.67,80.05

2026-08-21T01:29:05.269Z,33.66,80.04

2026-08-21T01:29:10.278Z,33.66,80.1

2026-08-21T01:29:15.292Z,33.66,80.09

2026-08-21T01:29:20.275Z,33.65,80.07

2026-08-21T01:29:25.276Z,33.65,80.08

2026-08-21T01:29:30.278Z,33.66,80.06

2026-08-21T01:29:35.281Z,33.66,80.03

2026-08-21T01:29:40.281Z,33.65,80.1

2026-08-21T01:29:45.299Z,33.64,80.09

2026-08-21T01:29:50.280Z,33.63,80.04

2026-08-21T01:29:55.281Z,33.65,80.05

2026-08-21T01:30:00.281Z,33.64,80.1

2026-08-21T01:30:05.283Z,33.63,80.01

2026-08-21T01:30:10.288Z,33.63,80.11

2026-08-21T01:30:15.302Z,33.63,80.17

2026-08-21T01:30:20.288Z,33.64,80.15

2026-08-21T01:30:25.290Z,33.61,80.14

2026-08-21T01:30:30.290Z,33.63,80.15

2026-08-21T01:30:35.290Z,33.62,80.23

2026-08-21T01:30:40.299Z,33.62,80.13

2026-08-21T01:30:45.312Z,33.62,80.2

2026-08-21T01:30:50.300Z,33.62,80.11

2026-08-21T01:30:55.298Z,33.64,80.16

2026-08-21T01:31:00.299Z,33.62,80.17

2026-08-21T01:31:05.299Z,33.63,80.14

2026-08-21T01:31:10.322Z,33.64,80.15

2026-08-21T01:31:15.330Z,33.63,80.24

2026-08-21T01:31:20.320Z,33.63,80.17

2026-08-21T01:31:25.321Z,33.64,80.16

2026-08-21T01:31:30.334Z,33.63,80.14

2026-08-21T01:31:35.327Z,33.63,80.21

2026-08-21T01:31:40.327Z,33.65,80.15

2026-08-21T01:31:45.329Z,33.65,80.09

2026-08-21T01:31:50.325Z,33.65,80.06

2026-08-21T01:31:55.340Z,33.65,80.06

2026-08-21T01:32:00.328Z,33.65,80.07

2026-08-21T01:32:05.328Z,33.66,80.08

2026-08-21T01:32:10.328Z,33.66,80.06

2026-08-21T01:32:15.328Z,33.64,80.09

2026-08-21T01:32:20.334Z,33.66,80.03

2026-08-21T01:32:25.345Z,33.66,80.08

2026-08-21T01:32:30.332Z,33.66,80.04

2026-08-21T01:32:35.332Z,33.66,80.07

2026-08-21T01:32:40.331Z,33.65,80.1

2026-08-21T01:32:45.344Z,33.67,80.05

2026-08-21T01:32:50.333Z,33.66,80.07

2026-08-21T01:32:55.332Z,33.64,80.05

2026-08-21T01:33:00.335Z,33.64,80.12

2026-08-21T01:33:05.334Z,33.64,80.07

2026-08-21T01:33:10.354Z,33.65,80.07

2026-08-21T01:33:15.366Z,33.65,80.1

2026-08-21T01:33:20.354Z,33.67,80.12

2026-08-21T01:33:25.353Z,33.68,80.11

2026-08-21T01:33:30.353Z,33.66,80.1

2026-08-21T01:33:35.352Z,33.66,80.11

2026-08-21T01:33:40.361Z,33.67,80.1

2026-08-21T01:33:45.370Z,33.66,80.12

2026-08-21T01:33:50.359Z,33.67,80.17

2026-08-21T01:33:55.361Z,33.67,80.13

2026-08-21T01:34:00.363Z,33.66,80.15

2026-08-21T01:34:05.375Z,33.67,80.13

2026-08-21T01:34:10.362Z,33.65,80.16

2026-08-21T01:34:15.364Z,33.65,80.11

2026-08-21T01:34:20.365Z,33.65,80.11

2026-08-21T01:34:25.380Z,33.63,80.11

2026-08-21T01:34:30.367Z,33.66,80.18

2026-08-21T01:34:35.366Z,33.66,80.15

2026-08-21T01:34:40.366Z,33.68,80.15

2026-08-21T01:34:45.367Z,33.66,80.19

2026-08-21T01:34:50.366Z,33.68,80.14

2026-08-21T01:34:55.379Z,33.66,80.17

2026-08-21T01:35:00.368Z,33.69,80.2

2026-08-21T01:35:05.367Z,33.66,80.15

2026-08-21T01:35:10.370Z,33.66,80.13

2026-08-21T01:35:15.368Z,33.67,80.22

2026-08-21T01:35:20.382Z,33.69,80.13

2026-08-21T01:35:25.393Z,33.66,80.24

2026-08-21T01:35:30.382Z,33.67,80.17

2026-08-21T01:35:35.383Z,33.68,80.17

2026-08-21T01:35:40.382Z,33.65,80.19

2026-08-21T01:35:45.381Z,33.68,80.19

2026-08-21T01:35:50.385Z,33.69,80.13

2026-08-21T01:35:55.396Z,33.67,80.16

2026-08-21T01:36:00.385Z,33.67,80.17

2026-08-21T01:36:05.388Z,33.66,80.13

2026-08-21T01:36:10.384Z,33.67,80.15

2026-08-21T01:36:15.385Z,33.65,80.16

2026-08-21T01:36:20.393Z,33.67,80.19

2026-08-21T01:36:25.402Z,33.68,80.22

2026-08-21T01:36:30.388Z,33.67,80.17

2026-08-21T01:36:35.391Z,33.65,80.2

2026-08-21T01:36:40.391Z,33.67,80.19

2026-08-21T01:36:45.395Z,33.65,80.16

2026-08-21T01:36:50.417Z,33.65,80.16

2026-08-21T01:36:55.423Z,33.66,80.2

2026-08-21T01:37:00.414Z,33.67,80.15

2026-08-21T01:37:05.418Z,33.66,80.13

2026-08-21T01:37:10.417Z,33.67,80.2

2026-08-21T01:37:15.418Z,33.67,80.13

2026-08-21T01:37:20.419Z,33.66,80.19

2026-08-21T01:37:25.432Z,33.65,80.21

2026-08-21T01:37:30.420Z,33.65,80.23

2026-08-21T01:37:35.435Z,33.66,80.25

2026-08-21T01:37:40.421Z,33.64,80.21

2026-08-21T01:37:45.423Z,33.65,80.24

2026-08-21T01:37:50.422Z,33.63,80.21

2026-08-21T01:37:55.437Z,33.64,80.25

2026-08-21T01:38:00.420Z,33.66,80.25

2026-08-21T01:38:05.423Z,33.66,80.24

2026-08-21T01:38:10.422Z,33.65,80.24

2026-08-21T01:38:15.424Z,33.65,80.24

2026-08-21T01:38:20.446Z,33.63,80.29

2026-08-21T01:38:25.437Z,33.63,80.29

2026-08-21T01:38:30.436Z,33.63,80.23

2026-08-21T01:38:35.438Z,33.63,80.34

2026-08-21T01:38:40.437Z,33.64,80.25

2026-08-21T01:38:45.451Z,33.64,80.33

2026-08-21T01:38:50.438Z,33.64,80.24

2026-08-21T01:38:55.438Z,33.63,80.31

2026-08-21T01:39:00.439Z,33.64,80.33

2026-08-21T01:39:05.439Z,33.64,80.31

2026-08-21T01:39:10.440Z,33.63,80.26

2026-08-21T01:39:15.450Z,33.65,80.29

2026-08-21T01:39:20.442Z,33.65,80.21

2026-08-21T01:39:25.440Z,33.65,80.21

2026-08-21T01:39:30.440Z,33.65,80.24

2026-08-21T01:39:35.442Z,33.64,80.21

2026-08-21T01:39:40.452Z,33.64,80.3

2026-08-21T01:39:45.458Z,33.64,80.27

2026-08-21T01:39:50.450Z,33.64,80.22

2026-08-21T01:39:55.449Z,33.65,80.24

2026-08-21T01:40:00.449Z,33.64,80.18

2026-08-21T01:40:05.450Z,33.65,80.17

2026-08-21T01:40:10.459Z,33.66,80.19

2026-08-21T01:40:15.473Z,33.65,80.24

2026-08-21T01:40:20.460Z,33.63,80.24

2026-08-21T01:40:25.460Z,33.65,80.24

2026-08-21T01:40:30.459Z,33.63,80.25

2026-08-21T01:40:35.459Z,33.62,80.28

2026-08-21T01:40:40.477Z,33.65,80.29

2026-08-21T01:40:45.489Z,33.63,80.35

2026-08-21T01:40:50.473Z,33.64,80.26

2026-08-21T01:40:55.473Z,33.64,80.25

2026-08-21T01:41:00.475Z,33.64,80.26

2026-08-21T01:41:05.474Z,33.63,80.25

2026-08-21T01:41:10.485Z,33.65,80.23

2026-08-21T01:41:15.496Z,33.63,80.29

2026-08-21T01:41:20.486Z,33.63,80.24

2026-08-21T01:41:25.487Z,33.66,80.15

2026-08-21T01:41:30.488Z,33.66,80.15

2026-08-21T01:41:35.486Z,33.64,80.11

2026-08-21T01:41:40.498Z,33.64,80.14

2026-08-21T01:41:45.508Z,33.64,80.15

2026-08-21T01:41:50.500Z,33.65,80.08

2026-08-21T01:41:55.498Z,33.65,80.09

2026-08-21T01:42:00.499Z,33.66,80.06

2026-08-21T01:42:05.497Z,33.66,80.06

2026-08-21T01:42:10.502Z,33.66,80.13

2026-08-21T01:42:15.513Z,33.66,80.15

2026-08-21T01:42:20.501Z,33.67,80.1

2026-08-21T01:42:25.518Z,33.67,80.19

2026-08-21T01:42:30.504Z,33.66,80.15

2026-08-21T01:42:35.504Z,33.66,80.06

2026-08-21T01:42:40.502Z,33.67,80.03

2026-08-21T01:42:45.515Z,33.64,80.08

2026-08-21T01:42:50.504Z,33.67,80.09

2026-08-21T01:42:55.502Z,33.65,80.06

2026-08-21T01:43:00.503Z,33.65,80

2026-08-21T01:43:05.507Z,33.67,79.97

2026-08-21T01:43:10.504Z,33.66,79.98

2026-08-21T01:43:15.518Z,33.67,80.06

2026-08-21T01:43:20.505Z,33.66,79.98

2026-08-21T01:43:25.505Z,33.67,80.02

2026-08-21T01:43:30.507Z,33.66,79.99

2026-08-21T01:43:35.505Z,33.65,80.01

2026-08-21T01:43:40.509Z,33.64,80.05

2026-08-21T01:43:45.518Z,33.66,80.02

2026-08-21T01:43:50.506Z,33.65,79.97

2026-08-21T01:43:55.507Z,33.65,79.96

2026-08-21T01:44:00.506Z,33.65,79.96

2026-08-21T01:44:05.509Z,33.66,80

2026-08-21T01:44:10.522Z,33.65,79.96

2026-08-21T01:44:15.533Z,33.66,79.95

2026-08-21T01:44:20.520Z,33.64,79.95

2026-08-21T01:44:25.521Z,33.67,79.94

2026-08-21T01:44:30.521Z,33.66,79.87

2026-08-21T01:44:35.523Z,33.66,79.82

2026-08-21T01:44:40.535Z,33.66,79.8

2026-08-21T01:44:45.544Z,33.67,79.8

2026-08-21T01:44:50.533Z,33.68,79.82

2026-08-21T01:44:55.532Z,33.66,79.8

2026-08-21T01:45:00.532Z,33.67,79.83

2026-08-21T01:45:05.535Z,33.67,79.79

2026-08-21T01:45:10.543Z,33.67,79.76

2026-08-21T01:45:15.554Z,33.67,79.79

2026-08-21T01:45:20.542Z,33.66,79.84

2026-08-21T01:45:25.544Z,33.66,79.79

2026-08-21T01:45:30.544Z,33.66,79.8

2026-08-21T01:45:35.545Z,33.66,79.79

2026-08-21T01:45:40.547Z,33.66,79.83

2026-08-21T01:45:45.560Z,33.67,79.87

2026-08-21T01:45:50.544Z,33.67,79.85

2026-08-21T01:45:55.547Z,33.67,79.78

2026-08-21T01:46:00.545Z,33.66,79.79

2026-08-21T01:46:05.546Z,33.66,79.83

2026-08-21T01:46:10.560Z,33.67,79.82

2026-08-21T01:46:15.569Z,33.66,79.86

2026-08-21T01:46:20.557Z,33.65,79.82

2026-08-21T01:46:25.559Z,33.65,79.78

2026-08-21T01:46:30.558Z,33.65,79.82

2026-08-21T01:46:35.559Z,33.69,79.77

2026-08-21T01:46:40.570Z,33.67,79.81

2026-08-21T01:46:45.579Z,33.66,79.8

2026-08-21T01:46:50.568Z,33.67,79.82

2026-08-21T01:46:55.569Z,33.68,79.75

2026-08-21T01:47:00.570Z,33.66,79.78

2026-08-21T01:47:05.571Z,33.68,79.72

2026-08-21T01:47:10.571Z,33.66,79.73

2026-08-21T01:47:15.585Z,33.67,79.74

2026-08-21T01:47:20.570Z,33.66,79.69

2026-08-21T01:47:25.573Z,33.67,79.69

2026-08-21T01:47:30.572Z,33.66,79.74

2026-08-21T01:47:35.573Z,33.67,79.69

2026-08-21T01:47:40.582Z,33.68,79.76

2026-08-21T01:47:45.589Z,33.68,79.71

2026-08-21T01:47:50.580Z,33.68,79.71

2026-08-21T01:47:55.580Z,33.68,79.6

2026-08-21T01:48:00.580Z,33.68,79.68

2026-08-21T01:48:05.579Z,33.66,79.69

2026-08-21T01:48:10.601Z,33.68,79.62

2026-08-21T01:48:15.597Z,33.67,79.59

2026-08-21T01:48:20.597Z,33.68,79.59

2026-08-21T01:48:25.597Z,33.66,79.6

2026-08-21T01:48:30.597Z,33.68,79.57

2026-08-21T01:48:35.607Z,33.67,79.62

2026-08-21T01:48:40.598Z,33.67,79.51

2026-08-21T01:48:45.601Z,33.66,79.57

2026-08-21T01:48:50.599Z,33.65,79.61

2026-08-21T01:48:55.600Z,33.68,79.55

2026-08-21T01:49:00.614Z,33.68,79.59

2026-08-21T01:49:05.627Z,33.67,79.6

2026-08-21T01:49:10.614Z,33.68,79.62

2026-08-21T01:49:15.613Z,33.65,79.61

2026-08-21T01:49:20.614Z,33.66,79.61

2026-08-21T01:49:25.616Z,33.66,79.59

2026-08-21T01:49:30.616Z,33.68,79.6

2026-08-21T01:49:35.625Z,33.67,79.57

2026-08-21T01:49:40.615Z,33.68,79.52

2026-08-21T01:49:45.616Z,33.67,79.5

2026-08-21T01:49:50.618Z,33.66,79.61

2026-08-21T01:49:55.617Z,33.65,79.53

2026-08-21T01:50:00.622Z,33.65,79.58

2026-08-21T01:50:05.630Z,33.66,79.6

2026-08-21T01:50:10.620Z,33.65,79.57

2026-08-21T01:50:15.620Z,33.66,79.61

2026-08-21T01:50:20.621Z,33.65,79.58

2026-08-21T01:50:25.621Z,33.66,79.6

2026-08-21T01:50:30.625Z,33.66,79.54

2026-08-21T01:50:35.634Z,33.65,79.63

2026-08-21T01:50:40.624Z,33.68,79.65

2026-08-21T01:50:45.625Z,33.64,79.61

2026-08-21T01:50:50.624Z,33.65,79.6

2026-08-21T01:50:55.638Z,33.63,79.64

2026-08-21T01:51:00.624Z,33.64,79.66

2026-08-21T01:51:05.623Z,33.65,79.62

2026-08-21T01:51:10.624Z,33.68,79.64

2026-08-21T01:51:15.623Z,33.66,79.64

2026-08-21T01:51:20.626Z,33.66,79.59

2026-08-21T01:51:25.637Z,33.66,79.67

2026-08-21T01:51:30.624Z,33.66,79.61

2026-08-21T01:51:35.626Z,33.66,79.62

2026-08-21T01:51:40.628Z,33.66,79.6

2026-08-21T01:51:45.629Z,33.65,79.59

2026-08-21T01:51:50.642Z,33.65,79.64

2026-08-21T01:51:55.654Z,33.64,79.69

2026-08-21T01:52:00.637Z,33.63,79.66

2026-08-21T01:52:05.640Z,33.64,79.66

2026-08-21T01:52:10.639Z,33.66,79.68

2026-08-21T01:52:15.641Z,33.66,79.63

2026-08-21T01:52:20.652Z,33.66,79.64

2026-08-21T01:52:25.668Z,33.64,79.68

2026-08-21T01:52:30.651Z,33.64,79.67

2026-08-21T01:52:35.656Z,33.63,79.66

2026-08-21T01:52:40.653Z,33.63,79.65

2026-08-21T01:52:45.653Z,33.63,79.61

2026-08-21T01:52:50.674Z,33.63,79.67

2026-08-21T01:52:55.683Z,33.63,79.62

2026-08-21T01:53:00.670Z,33.65,79.64

2026-08-21T01:53:05.671Z,33.63,79.65

2026-08-21T01:53:10.670Z,33.62,79.64

2026-08-21T01:53:15.672Z,33.63,79.66

2026-08-21T01:53:20.686Z,33.63,79.68

2026-08-21T01:53:25.691Z,33.59,79.69

2026-08-21T01:53:30.677Z,33.62,79.62

2026-08-21T01:53:35.678Z,33.62,79.67

2026-08-21T01:53:40.676Z,33.62,79.72

2026-08-21T01:53:45.691Z,33.61,79.79

2026-08-21T01:53:50.679Z,33.61,79.68

2026-08-21T01:53:55.680Z,33.62,79.72

2026-08-21T01:54:00.679Z,33.62,79.73

2026-08-21T01:54:05.681Z,33.63,79.72

2026-08-21T01:54:10.679Z,33.63,79.74

2026-08-21T01:54:15.694Z,33.63,79.76

2026-08-21T01:54:20.679Z,33.61,79.76

2026-08-21T01:54:25.680Z,33.62,79.63

2026-08-21T01:54:30.681Z,33.61,79.67

2026-08-21T01:54:35.680Z,33.62,79.7

2026-08-21T01:54:40.682Z,33.61,79.68

2026-08-21T01:54:45.695Z,33.6,79.68

2026-08-21T01:54:50.682Z,33.61,79.63

2026-08-21T01:54:55.677Z,33.62,79.66

2026-08-21T01:55:00.680Z,33.63,79.64

2026-08-21T01:55:05.681Z,33.63,79.67

2026-08-21T01:55:10.699Z,33.62,79.62

2026-08-21T01:55:15.711Z,33.61,79.65

2026-08-21T01:55:20.699Z,33.62,79.57

2026-08-21T01:55:25.704Z,33.62,79.6

2026-08-21T01:55:30.700Z,33.61,79.56

2026-08-21T01:55:35.702Z,33.62,79.52

2026-08-21T01:55:40.711Z,33.6,79.6

2026-08-21T01:55:45.728Z,33.6,79.6

2026-08-21T01:55:50.712Z,33.61,79.6

2026-08-21T01:55:55.725Z,33.6,79.62

2026-08-21T01:56:00.714Z,33.59,79.54

2026-08-21T01:56:05.714Z,33.6,79.57

2026-08-21T01:56:10.718Z,33.61,79.57

2026-08-21T01:56:15.727Z,33.6,79.59

2026-08-21T01:56:20.717Z,33.59,79.55

2026-08-21T01:56:25.730Z,33.58,79.6

2026-08-21T01:56:30.717Z,33.61,79.56

2026-08-21T01:56:35.717Z,33.6,79.56

2026-08-21T01:56:40.718Z,33.6,79.55

2026-08-21T01:56:45.718Z,33.59,79.46

2026-08-21T01:56:50.723Z,33.57,79.5

2026-08-21T01:56:55.735Z,33.58,79.43

2026-08-21T01:57:00.722Z,33.57,79.4

2026-08-21T01:57:05.724Z,33.57,79.46

2026-08-21T01:57:10.724Z,33.56,79.45

2026-08-21T01:57:15.725Z,33.55,79.44

2026-08-21T01:57:20.725Z,33.55,79.51

2026-08-21T01:57:25.739Z,33.54,79.58

2026-08-21T01:57:30.727Z,33.54,79.67

2026-08-21T01:57:35.726Z,33.55,79.69

2026-08-21T01:57:40.724Z,33.56,79.68

2026-08-21T01:57:45.725Z,33.53,79.65

2026-08-21T01:57:50.737Z,33.53,79.73

2026-08-21T01:57:55.747Z,33.52,79.74

2026-08-21T01:58:00.735Z,33.54,79.68

2026-08-21T01:58:05.735Z,33.53,79.7

2026-08-21T01:58:10.735Z,33.51,79.71

2026-08-21T01:58:15.734Z,33.53,79.69

2026-08-21T01:58:20.747Z,33.52,79.67

2026-08-21T01:58:25.762Z,33.53,79.71

2026-08-21T01:58:30.749Z,33.52,79.72

2026-08-21T01:58:35.749Z,33.52,79.74

2026-08-21T01:58:40.748Z,33.56,79.75

2026-08-21T01:58:45.750Z,33.55,79.66

2026-08-21T01:58:50.760Z,33.53,79.71

2026-08-21T01:58:55.770Z,33.54,79.67

2026-08-21T01:59:00.758Z,33.54,79.67

2026-08-21T01:59:05.760Z,33.53,79.69

2026-08-21T01:59:10.759Z,33.54,79.75

2026-08-21T01:59:15.759Z,33.53,79.69

2026-08-21T01:59:20.771Z,33.52,79.65

2026-08-21T01:59:25.795Z,33.51,79.76

2026-08-21T01:59:30.770Z,33.51,79.71

2026-08-21T01:59:35.772Z,33.53,79.79

2026-08-21T01:59:40.773Z,33.51,79.7

2026-08-21T01:59:45.773Z,33.51,79.71

2026-08-21T01:59:50.778Z,33.5,79.71

2026-08-21T01:59:55.795Z,33.45,79.77

2026-08-21T02:00:00.779Z,33.46,79.8

2026-08-21T02:00:05.779Z,33.48,79.83

2026-08-21T02:00:10.780Z,33.48,79.86

2026-08-21T02:00:15.781Z,33.47,79.86

2026-08-21T02:00:20.786Z,33.47,79.92

2026-08-21T02:00:25.781Z,33.48,79.91

2026-08-21T02:00:30.782Z,33.47,79.88

2026-08-21T02:00:35.782Z,33.46,79.88

2026-08-21T02:00:40.798Z,33.47,79.88

2026-08-21T02:00:45.809Z,33.47,79.97

2026-08-21T02:00:50.795Z,33.47,79.89

2026-08-21T02:00:55.797Z,33.49,79.91

2026-08-21T02:01:00.796Z,33.44,79.93

2026-08-21T02:01:05.797Z,33.49,79.94

2026-08-21T02:01:10.804Z,33.48,79.93

2026-08-21T02:01:15.816Z,33.46,79.86

2026-08-21T02:01:20.803Z,33.46,79.89

2026-08-21T02:01:25.806Z,33.49,79.91

2026-08-21T02:01:30.805Z,33.47,79.96

2026-08-21T02:01:35.806Z,33.47,79.9

2026-08-21T02:01:40.813Z,33.47,79.95

2026-08-21T02:01:45.822Z,33.47,79.97

2026-08-21T02:01:50.812Z,33.48,79.92

2026-08-21T02:01:55.814Z,33.47,79.89

2026-08-21T02:02:00.813Z,33.48,79.87

2026-08-21T02:02:05.813Z,33.48,79.86

2026-08-21T02:02:10.829Z,33.49,79.96

2026-08-21T02:02:15.821Z,33.48,79.94

2026-08-21T02:02:20.823Z,33.49,79.93

2026-08-21T02:02:25.836Z,33.48,79.98

2026-08-21T02:02:30.825Z,33.49,80.02

2026-08-21T02:02:35.837Z,33.49,79.92

2026-08-21T02:02:40.823Z,33.52,79.93

2026-08-21T02:02:45.825Z,33.5,79.84

2026-08-21T02:02:50.827Z,33.51,79.81

2026-08-21T02:02:55.827Z,33.51,79.84

2026-08-21T02:03:00.827Z,33.53,79.82

2026-08-21T02:03:05.840Z,33.52,79.83

2026-08-21T02:03:10.825Z,33.53,79.86

2026-08-21T02:03:15.829Z,33.52,79.77

2026-08-21T02:03:20.829Z,33.51,79.74

2026-08-21T02:03:25.828Z,33.51,79.73

2026-08-21T02:03:30.830Z,33.53,79.7

2026-08-21T02:03:35.841Z,33.55,79.75

2026-08-21T02:03:40.829Z,33.53,79.74

2026-08-21T02:03:45.830Z,33.54,79.7

2026-08-21T02:03:50.830Z,33.54,79.71

2026-08-21T02:03:55.831Z,33.54,79.68

2026-08-21T02:04:00.832Z,33.55,79.66

2026-08-21T02:04:05.844Z,33.54,79.72

2026-08-21T02:04:10.833Z,33.56,79.63

2026-08-21T02:04:15.833Z,33.56,79.64

2026-08-21T02:04:20.833Z,33.56,79.64

2026-08-21T02:04:25.836Z,33.57,79.65

2026-08-21T02:04:30.834Z,33.56,79.64

2026-08-21T02:04:35.852Z,33.55,79.65

2026-08-21T02:04:40.837Z,33.54,79.62

2026-08-21T02:04:45.835Z,33.57,79.61

2026-08-21T02:04:50.835Z,33.56,79.56

2026-08-21T02:04:55.836Z,33.56,79.55

2026-08-21T02:05:00.845Z,33.56,79.53

2026-08-21T02:05:05.854Z,33.56,79.51

2026-08-21T02:05:10.843Z,33.58,79.47

2026-08-21T02:05:15.842Z,33.58,79.41

2026-08-21T02:05:20.841Z,33.56,79.42

2026-08-21T02:05:25.853Z,33.58,79.42

2026-08-21T02:05:30.842Z,33.58,79.39

2026-08-21T02:05:35.841Z,33.58,79.37

2026-08-21T02:05:40.844Z,33.59,79.35

2026-08-21T02:05:45.841Z,33.59,79.36

2026-08-21T02:05:50.863Z,33.58,79.4

2026-08-21T02:05:55.873Z,33.58,79.38

2026-08-21T02:06:00.860Z,33.55,79.28

2026-08-21T02:06:05.860Z,33.59,79.3

2026-08-21T02:06:10.859Z,33.58,79.28

2026-08-21T02:06:15.862Z,33.57,79.28

2026-08-21T02:06:20.873Z,33.59,79.31

2026-08-21T02:06:25.887Z,33.57,79.28

2026-08-21T02:06:30.874Z,33.58,79.36

2026-08-21T02:06:35.879Z,33.58,79.29

2026-08-21T02:06:40.875Z,33.58,79.32

2026-08-21T02:06:45.876Z,33.58,79.36

2026-08-21T02:06:50.883Z,33.58,79.35

2026-08-21T02:06:55.895Z,33.57,79.39

2026-08-21T02:07:00.881Z,33.58,79.34

2026-08-21T02:07:05.883Z,33.58,79.39

2026-08-21T02:07:10.884Z,33.59,79.36

2026-08-21T02:07:15.883Z,33.6,79.22

2026-08-21T02:07:20.887Z,33.6,79.25

2026-08-21T02:07:25.898Z,33.6,79.24

2026-08-21T02:07:30.886Z,33.62,79.26

2026-08-21T02:07:35.887Z,33.61,79.15

2026-08-21T02:07:40.887Z,33.58,79.15

2026-08-21T02:07:45.889Z,33.59,79.11

2026-08-21T02:07:50.895Z,33.6,79.12

2026-08-21T02:07:55.905Z,33.61,79.14

2026-08-21T02:08:00.894Z,33.62,79.13

2026-08-21T02:08:05.894Z,33.61,79.13

2026-08-21T02:08:10.893Z,33.63,79.19

2026-08-21T02:08:15.895Z,33.61,79.13

2026-08-21T02:08:20.907Z,33.63,79.14

2026-08-21T02:08:25.920Z,33.59,79.11

2026-08-21T02:08:30.906Z,33.63,79.11

2026-08-21T02:08:35.907Z,33.62,79.09

2026-08-21T02:08:40.906Z,33.63,79.07

2026-08-21T02:08:45.907Z,33.65,79.11

2026-08-21T02:08:50.909Z,33.64,79.05

2026-08-21T02:08:55.920Z,33.65,79.04

2026-08-21T02:09:00.908Z,33.65,78.99

2026-08-21T02:09:05.909Z,33.66,78.97

2026-08-21T02:09:10.908Z,33.66,78.97

2026-08-21T02:09:15.911Z,33.67,78.95

2026-08-21T02:09:20.922Z,33.67,78.92

2026-08-21T02:09:25.932Z,33.68,78.95

2026-08-21T02:09:30.921Z,33.67,78.91

2026-08-21T02:09:35.922Z,33.69,78.89

2026-08-21T02:09:40.923Z,33.68,78.86

2026-08-21T02:09:45.924Z,33.68,78.84

2026-08-21T02:09:50.935Z,33.7,78.84

2026-08-21T02:09:55.946Z,33.69,78.84

2026-08-21T02:10:00.935Z,33.7,78.77

2026-08-21T02:10:05.938Z,33.68,78.71

2026-08-21T02:10:10.939Z,33.69,78.72

2026-08-21T02:10:15.940Z,33.68,78.79

2026-08-21T02:10:20.959Z,33.69,78.78

2026-08-21T02:10:25.955Z,33.71,78.72

2026-08-21T02:10:30.955Z,33.68,78.75

2026-08-21T02:10:35.957Z,33.69,78.67

2026-08-21T02:10:40.957Z,33.69,78.68

2026-08-21T02:10:46.000Z,33.7,78.76

2026-08-21T02:10:50.967Z,33.69,78.71

2026-08-21T02:10:55.959Z,33.68,78.71

2026-08-21T02:11:00.961Z,33.72,78.73

2026-08-21T02:11:05.977Z,33.69,78.71

2026-08-21T02:11:10.960Z,33.7,78.68

2026-08-21T02:11:15.961Z,33.69,78.64

2026-08-21T02:11:20.962Z,33.71,78.61

2026-08-21T02:11:25.961Z,33.7,78.58

2026-08-21T02:11:30.961Z,33.7,78.52

2026-08-21T02:11:35.972Z,33.7,78.56

2026-08-21T02:11:40.964Z,33.68,78.53

2026-08-21T02:11:45.965Z,33.71,78.54

2026-08-21T02:11:50.964Z,33.72,78.53

2026-08-21T02:11:55.966Z,33.71,78.51

2026-08-21T02:12:00.977Z,33.71,78.52

2026-08-21T02:12:05.987Z,33.72,78.51

2026-08-21T02:12:10.973Z,33.71,78.58

2026-08-21T02:12:15.973Z,33.71,78.48

2026-08-21T02:12:20.975Z,33.7,78.52

2026-08-21T02:12:25.987Z,33.7,78.55

2026-08-21T02:12:30.978Z,33.7,78.52

2026-08-21T02:12:35.978Z,33.71,78.5

2026-08-21T02:12:40.978Z,33.71,78.57

2026-08-21T02:12:45.980Z,33.7,78.55

2026-08-21T02:12:50.981Z,33.7,78.59

2026-08-21T02:12:55.992Z,33.71,78.61

2026-08-21T02:13:00.980Z,33.69,78.65

2026-08-21T02:13:05.980Z,33.69,78.59

2026-08-21T02:13:10.979Z,33.69,78.64

2026-08-21T02:13:15.980Z,33.69,78.66

2026-08-21T02:13:20.992Z,33.69,78.7

2026-08-21T02:13:26.000Z,33.68,78.67

2026-08-21T02:13:30.991Z,33.7,78.69

2026-08-21T02:13:35.990Z,33.66,78.7

2026-08-21T02:13:40.991Z,33.68,78.78

2026-08-21T02:13:45.992Z,33.68,78.74

2026-08-21T02:13:51.002Z,33.69,78.79

2026-08-21T02:13:56.005Z,33.66,78.84

2026-08-21T02:14:00.997Z,33.68,78.77

2026-08-21T02:14:06.000Z,33.68,78.76

2026-08-21T02:14:10.999Z,33.68,78.76

2026-08-21T02:14:15.999Z,33.68,78.76

2026-08-21T02:14:21.013Z,33.66,78.71

2026-08-21T02:14:26.025Z,33.66,78.77

2026-08-21T02:14:31.013Z,33.65,78.78

2026-08-21T02:14:36.013Z,33.67,78.82

2026-08-21T02:14:41.013Z,33.66,78.81

2026-08-21T02:14:46.016Z,33.66,78.81

2026-08-21T02:14:51.020Z,33.66,78.86

2026-08-21T02:14:56.029Z,33.68,78.88

2026-08-21T02:15:01.019Z,33.67,78.89

2026-08-21T02:15:06.016Z,33.68,78.87

2026-08-21T02:15:11.019Z,33.68,78.94

2026-08-21T02:15:16.018Z,33.67,78.9

2026-08-21T02:15:21.032Z,33.68,78.91

2026-08-21T02:15:26.043Z,33.68,78.94

2026-08-21T02:15:31.031Z,33.68,78.9

2026-08-21T02:15:36.033Z,33.67,78.92

2026-08-21T02:15:41.033Z,33.66,78.89

2026-08-21T02:15:46.034Z,33.69,78.91

2026-08-21T02:15:51.034Z,33.67,78.9

2026-08-21T02:15:56.045Z,33.65,78.89

2026-08-21T02:16:01.032Z,33.67,78.9

2026-08-21T02:16:06.035Z,33.67,78.87

2026-08-21T02:16:11.035Z,33.69,78.84

2026-08-21T02:16:16.037Z,33.68,78.84

2026-08-21T02:16:21.036Z,33.67,78.86

2026-08-21T02:16:26.047Z,33.67,78.86

2026-08-21T02:16:31.034Z,33.69,78.87

2026-08-21T02:16:36.036Z,33.69,78.86

2026-08-21T02:16:41.035Z,33.69,78.9

2026-08-21T02:16:46.047Z,33.68,78.89

2026-08-21T02:16:51.039Z,33.69,78.82

2026-08-21T02:16:56.049Z,33.67,78.83

2026-08-21T02:17:01.036Z,33.67,78.78

2026-08-21T02:17:06.038Z,33.69,78.8

2026-08-21T02:17:11.038Z,33.68,78.74

2026-08-21T02:17:16.038Z,33.68,78.65

2026-08-21T02:17:21.037Z,33.69,78.72

2026-08-21T02:17:26.052Z,33.69,78.77

2026-08-21T02:17:31.037Z,33.7,78.69

2026-08-21T02:17:36.036Z,33.68,78.61

2026-08-21T02:17:41.040Z,33.68,78.54

2026-08-21T02:17:46.041Z,33.69,78.58

2026-08-21T02:17:51.061Z,33.69,78.48

2026-08-21T02:17:56.071Z,33.69,78.58

2026-08-21T02:18:01.061Z,33.69,78.52

2026-08-21T02:18:06.060Z,33.69,78.56

2026-08-21T02:18:11.061Z,33.7,78.57

2026-08-21T02:18:16.062Z,33.71,78.53

2026-08-21T02:18:21.062Z,33.71,78.55

2026-08-21T02:18:26.078Z,33.7,78.55

2026-08-21T02:18:31.065Z,33.7,78.5

2026-08-21T02:18:36.064Z,33.69,78.51

2026-08-21T02:18:41.064Z,33.69,78.47

2026-08-21T02:18:46.082Z,33.7,78.52

2026-08-21T02:18:51.064Z,33.72,78.37

2026-08-21T02:18:56.065Z,33.72,78.32

2026-08-21T02:19:01.066Z,33.71,78.17

2026-08-21T02:19:06.065Z,33.71,78.11

2026-08-21T02:19:11.082Z,33.71,78.17

2026-08-21T02:19:16.093Z,33.71,78.22

2026-08-21T02:19:21.081Z,33.72,78.17

2026-08-21T02:19:26.081Z,33.71,78.21

2026-08-21T02:19:31.082Z,33.73,78.21

2026-08-21T02:19:36.080Z,33.73,78.23

2026-08-21T02:19:41.092Z,33.71,78.26

2026-08-21T02:19:46.104Z,33.73,78.29

2026-08-21T02:19:51.090Z,33.72,78.24

2026-08-21T02:19:56.092Z,33.72,78.23

2026-08-21T02:20:01.091Z,33.72,78.13

2026-08-21T02:20:06.090Z,33.72,78.15

2026-08-21T02:20:11.105Z,33.73,78.19

2026-08-21T02:20:16.116Z,33.7,78.15

2026-08-21T02:20:21.103Z,33.71,78.16

2026-08-21T02:20:26.104Z,33.74,78.16

2026-08-21T02:20:31.103Z,33.74,78.12

2026-08-21T02:20:36.103Z,33.72,78.18

2026-08-21T02:20:41.104Z,33.73,78.16

2026-08-21T02:20:46.115Z,33.72,78.17

2026-08-21T02:20:51.103Z,33.71,78.16

2026-08-21T02:20:56.103Z,33.74,78.17

2026-08-21T02:21:01.114Z,33.74,78.15

2026-08-21T02:21:06.103Z,33.73,78.17

2026-08-21T02:21:11.101Z,33.74,78.12

2026-08-21T02:21:16.115Z,33.75,78.12

2026-08-21T02:21:21.103Z,33.75,78.08

2026-08-21T02:21:26.105Z,33.77,78.12

2026-08-21T02:21:31.105Z,33.75,78.07

2026-08-21T02:21:36.109Z,33.76,78.09

2026-08-21T02:21:41.107Z,33.76,78.02

2026-08-21T02:21:46.119Z,33.78,78.06

2026-08-21T02:21:51.107Z,33.77,77.92

2026-08-21T02:21:56.108Z,33.77,77.93

2026-08-21T02:22:01.107Z,33.78,77.92

2026-08-21T02:22:06.107Z,33.77,77.97

2026-08-21T02:22:11.117Z,33.78,77.92

2026-08-21T02:22:16.131Z,33.75,77.97

2026-08-21T02:22:21.117Z,33.76,77.93

2026-08-21T02:22:26.117Z,33.78,77.88

2026-08-21T02:22:31.117Z,33.79,77.89

2026-08-21T02:22:36.119Z,33.79,77.79

2026-08-21T02:22:41.126Z,33.8,77.76

2026-08-21T02:22:46.142Z,33.8,77.85

2026-08-21T02:22:51.126Z,33.81,77.77

2026-08-21T02:22:56.127Z,33.8,77.79

2026-08-21T02:23:01.127Z,33.8,77.82

2026-08-21T02:23:06.128Z,33.78,77.82

2026-08-21T02:23:11.134Z,33.81,77.82

2026-08-21T02:23:16.145Z,33.79,77.81

2026-08-21T02:23:21.133Z,33.81,77.83

2026-08-21T02:23:26.133Z,33.81,77.78

2026-08-21T02:23:31.132Z,33.8,77.8

2026-08-21T02:23:36.134Z,33.81,77.81

2026-08-21T02:23:41.150Z,33.81,77.8

2026-08-21T02:23:46.157Z,33.8,77.83

2026-08-21T02:23:51.148Z,33.8,77.81

2026-08-21T02:23:56.148Z,33.81,77.76

2026-08-21T02:24:01.148Z,33.8,77.8

2026-08-21T02:24:06.148Z,33.8,77.79

2026-08-21T02:24:11.150Z,33.81,77.8

2026-08-21T02:24:16.159Z,33.81,77.82

2026-08-21T02:24:21.151Z,33.82,77.74

2026-08-21T02:24:26.151Z,33.82,77.76

2026-08-21T02:24:31.150Z,33.83,77.74

2026-08-21T02:24:36.151Z,33.81,77.76

2026-08-21T02:24:41.157Z,33.82,77.68

2026-08-21T02:24:46.167Z,33.83,77.75

2026-08-21T02:24:51.155Z,33.82,77.7

2026-08-21T02:24:56.155Z,33.84,77.73

2026-08-21T02:25:01.160Z,33.84,77.71

2026-08-21T02:25:06.157Z,33.83,77.7

2026-08-21T02:25:11.176Z,33.85,77.67

2026-08-21T02:25:16.195Z,33.84,77.64

2026-08-21T02:25:21.179Z,33.83,77.68

2026-08-21T02:25:26.180Z,33.84,77.69

2026-08-21T02:25:31.193Z,33.84,77.63

2026-08-21T02:25:36.210Z,33.84,77.6

2026-08-21T02:25:41.193Z,33.84,77.59

2026-08-21T02:25:46.192Z,33.85,77.62

2026-08-21T02:25:51.204Z,33.82,77.63

2026-08-21T02:25:56.194Z,33.85,77.65

2026-08-21T02:26:01.196Z,33.85,77.63

2026-08-21T02:26:06.195Z,33.86,77.66

2026-08-21T02:26:11.200Z,33.84,77.63

2026-08-21T02:26:16.210Z,33.84,77.67

2026-08-21T02:26:21.196Z,33.86,77.61

2026-08-21T02:26:26.199Z,33.85,77.68

2026-08-21T02:26:31.199Z,33.87,77.66

2026-08-21T02:26:36.200Z,33.86,77.68

2026-08-21T02:26:41.200Z,33.86,77.6

2026-08-21T02:26:46.213Z,33.85,77.7

2026-08-21T02:26:51.201Z,33.85,77.61

2026-08-21T02:26:56.201Z,33.85,77.68

2026-08-21T02:27:01.199Z,33.85,77.63

2026-08-21T02:27:06.198Z,33.86,77.66

2026-08-21T02:27:11.200Z,33.85,77.69

2026-08-21T02:27:16.211Z,33.85,77.68

2026-08-21T02:27:21.200Z,33.85,77.68

2026-08-21T02:27:26.200Z,33.85,77.72

2026-08-21T02:27:31.201Z,33.85,77.72

2026-08-21T02:27:36.201Z,33.85,77.73

2026-08-21T02:27:41.207Z,33.83,77.71

2026-08-21T02:27:46.219Z,33.84,77.72

2026-08-21T02:27:51.205Z,33.83,77.76

2026-08-21T02:27:56.206Z,33.84,77.71

2026-08-21T02:28:01.207Z,33.83,77.77

2026-08-21T02:28:06.207Z,33.85,77.78

2026-08-21T02:28:11.228Z,33.85,77.79

2026-08-21T02:28:16.235Z,33.85,77.83

2026-08-21T02:28:21.225Z,33.87,77.75

2026-08-21T02:28:26.227Z,33.85,77.76

2026-08-21T02:28:31.225Z,33.85,77.78

2026-08-21T02:28:36.236Z,33.86,77.8

2026-08-21T02:28:41.225Z,33.86,77.72

2026-08-21T02:28:46.238Z,33.86,77.77

2026-08-21T02:28:51.230Z,33.87,77.75

2026-08-21T02:28:56.230Z,33.86,77.7

2026-08-21T02:29:01.229Z,33.87,77.76

2026-08-21T02:29:06.228Z,33.88,77.76

2026-08-21T02:29:11.238Z,33.89,77.78

2026-08-21T02:29:16.246Z,33.87,77.82

2026-08-21T02:29:21.234Z,33.87,77.78

2026-08-21T02:29:26.235Z,33.88,77.74

2026-08-21T02:29:31.237Z,33.89,77.71

2026-08-21T02:29:36.236Z,33.89,77.68

2026-08-21T02:29:41.244Z,33.88,77.67

2026-08-21T02:29:46.256Z,33.87,77.71

2026-08-21T02:29:51.241Z,33.88,77.65

2026-08-21T02:29:56.244Z,33.87,77.63

2026-08-21T02:30:01.243Z,33.9,77.63

2026-08-21T02:30:06.246Z,33.89,77.6

2026-08-21T02:30:11.245Z,33.89,77.63

2026-08-21T02:30:16.256Z,33.88,77.67

2026-08-21T02:30:21.246Z,33.89,77.65

2026-08-21T02:30:26.247Z,33.91,77.68

2026-08-21T02:30:31.247Z,33.91,77.7

2026-08-21T02:30:36.248Z,33.88,77.66

2026-08-21T02:30:41.250Z,33.89,77.62

2026-08-21T02:30:46.260Z,33.89,77.71

2026-08-21T02:30:51.248Z,33.9,77.64

2026-08-21T02:30:56.250Z,33.88,77.59

2026-08-21T02:31:01.249Z,33.91,77.61

2026-08-21T02:31:06.252Z,33.9,77.62

2026-08-21T02:31:11.261Z,33.92,77.59

2026-08-21T02:31:16.270Z,33.92,77.63

2026-08-21T02:31:21.258Z,33.93,77.59

2026-08-21T02:31:26.258Z,33.91,77.58

2026-08-21T02:31:31.258Z,33.91,77.64

2026-08-21T02:31:36.257Z,33.91,77.58

2026-08-21T02:31:41.268Z,33.9,77.56

2026-08-21T02:31:46.285Z,33.92,77.57

2026-08-21T02:31:51.264Z,33.93,77.58

2026-08-21T02:31:56.270Z,33.92,77.58

2026-08-21T02:32:01.266Z,33.92,77.53

2026-08-21T02:32:06.266Z,33.93,77.55

2026-08-21T02:32:11.271Z,33.93,77.53

2026-08-21T02:32:16.279Z,33.92,77.58

2026-08-21T02:32:21.269Z,33.94,77.53

2026-08-21T02:32:26.271Z,33.93,77.53

2026-08-21T02:32:31.271Z,33.95,77.56

2026-08-21T02:32:36.272Z,33.94,77.49

2026-08-21T02:32:41.285Z,33.95,77.46

2026-08-21T02:32:46.295Z,33.94,77.5

2026-08-21T02:32:51.280Z,33.96,77.48

2026-08-21T02:32:56.287Z,33.97,77.45

2026-08-21T02:33:01.282Z,33.97,77.42

2026-08-21T02:33:06.285Z,33.97,77.4

2026-08-21T02:33:11.291Z,33.94,77.35

2026-08-21T02:33:16.302Z,33.95,77.32

2026-08-21T02:33:21.289Z,33.96,77.28

2026-08-21T02:33:26.290Z,33.94,77.3

2026-08-21T02:33:31.290Z,33.95,77.19

2026-08-21T02:33:36.293Z,33.98,77.24

2026-08-21T02:33:41.295Z,33.97,77.27

2026-08-21T02:33:46.305Z,33.98,77.29

2026-08-21T02:33:51.295Z,33.97,77.28

2026-08-21T02:33:56.294Z,33.96,77.32

2026-08-21T02:34:01.293Z,33.97,77.25

2026-08-21T02:34:06.294Z,33.98,77.23

2026-08-21T02:34:11.309Z,33.98,77.24

2026-08-21T02:34:16.321Z,33.97,77.28

2026-08-21T02:34:21.307Z,33.99,77.25

2026-08-21T02:34:26.309Z,34,77.23

2026-08-21T02:34:31.309Z,34,77.26

2026-08-21T02:34:36.309Z,33.97,77.2

2026-08-21T02:34:41.328Z,33.97,77.21

2026-08-21T02:34:46.340Z,33.98,77.19

2026-08-21T02:34:51.326Z,33.98,77.11

2026-08-21T02:34:56.330Z,33.97,77.16

2026-08-21T02:35:01.329Z,33.98,77.2

2026-08-21T02:35:06.328Z,34,77.15

2026-08-21T02:35:11.336Z,33.98,77.12

2026-08-21T02:35:16.345Z,33.97,77.12

2026-08-21T02:35:21.334Z,33.98,77.17

2026-08-21T02:35:26.336Z,33.98,77.14

2026-08-21T02:35:31.335Z,33.97,77.12

2026-08-21T02:35:36.336Z,33.98,77.12

2026-08-21T02:35:41.338Z,33.97,77.14

2026-08-21T02:35:46.348Z,33.97,77.09

2026-08-21T02:35:51.338Z,33.99,77.06

2026-08-21T02:35:56.341Z,33.99,77.12

2026-08-21T02:36:01.339Z,33.97,77.09

2026-08-21T02:36:06.340Z,33.98,77.12

2026-08-21T02:36:11.352Z,33.98,77.01

2026-08-21T02:36:16.365Z,33.95,76.98

2026-08-21T02:36:21.350Z,33.97,76.91

2026-08-21T02:36:26.357Z,33.96,76.86

2026-08-21T02:36:31.367Z,33.97,76.89

2026-08-21T02:36:36.353Z,33.97,76.91

2026-08-21T02:36:41.357Z,33.92,76.91

2026-08-21T02:36:46.373Z,33.92,76.97

2026-08-21T02:36:51.355Z,33.92,77

2026-08-21T02:36:56.356Z,33.92,76.96

2026-08-21T02:37:01.359Z,33.92,76.93

2026-08-21T02:37:06.371Z,33.93,77.01

2026-08-21T02:37:11.359Z,33.91,76.95

2026-08-21T02:37:16.361Z,33.9,76.94

2026-08-21T02:37:21.365Z,33.93,77.07

2026-08-21T02:37:26.375Z,33.91,77.05

2026-08-21T02:37:31.361Z,33.89,77.04

2026-08-21T02:37:36.363Z,33.89,77.06

2026-08-21T02:37:41.362Z,33.88,77.08

2026-08-21T02:37:46.362Z,33.86,77.04

2026-08-21T02:37:51.378Z,33.88,77.06

2026-08-21T02:37:56.369Z,33.87,77.09

2026-08-21T02:38:01.370Z,33.85,77.03

2026-08-21T02:38:06.369Z,33.85,77.13

2026-08-21T02:38:11.368Z,33.86,77.17

2026-08-21T02:38:16.383Z,33.85,77.22

2026-08-21T02:38:21.368Z,33.84,77.18

2026-08-21T02:38:26.369Z,33.86,77.1

2026-08-21T02:38:31.370Z,33.86,77.06

2026-08-21T02:38:36.369Z,33.84,77.02

2026-08-21T02:38:41.368Z,33.85,77.08

2026-08-21T02:38:46.385Z,33.84,77.12

2026-08-21T02:38:51.370Z,33.85,77.14

2026-08-21T02:38:56.372Z,33.83,77.12

2026-08-21T02:39:01.370Z,33.85,77.03

2026-08-21T02:39:06.372Z,33.87,77.18

2026-08-21T02:39:11.370Z,33.83,77.04

2026-08-21T02:39:16.382Z,33.84,77.07

2026-08-21T02:39:21.370Z,33.84,77.05

2026-08-21T02:39:26.372Z,33.81,77.07

2026-08-21T02:39:31.371Z,33.82,77.03

2026-08-21T02:39:36.373Z,33.8,76.96

2026-08-21T02:39:41.376Z,33.78,77

2026-08-21T02:39:46.386Z,33.76,77.02

2026-08-21T02:39:51.375Z,33.75,77.05

2026-08-21T02:39:56.379Z,33.75,77.13

2026-08-21T02:40:01.379Z,33.73,77.18

2026-08-21T02:40:06.378Z,33.73,77.14

2026-08-21T02:40:11.378Z,33.74,77.16

2026-08-21T02:40:16.388Z,33.72,77.26

2026-08-21T02:40:21.379Z,33.72,77.33

2026-08-21T02:40:26.379Z,33.73,77.34

2026-08-21T02:40:31.379Z,33.71,77.31

2026-08-21T02:40:36.381Z,33.71,77.32

2026-08-21T02:40:41.389Z,33.72,77.4

2026-08-21T02:40:46.396Z,33.71,77.44

2026-08-21T02:40:51.383Z,33.74,77.46

2026-08-21T02:40:56.386Z,33.71,77.47

2026-08-21T02:41:01.386Z,33.74,77.46

2026-08-21T02:41:06.387Z,33.71,77.38

2026-08-21T02:41:11.400Z,33.7,77.35

2026-08-21T02:41:16.412Z,33.7,77.31

2026-08-21T02:41:21.401Z,33.7,77.34

2026-08-21T02:41:26.399Z,33.71,77.37

2026-08-21T02:41:31.398Z,33.72,77.43

2026-08-21T02:41:36.400Z,33.72,77.48

2026-08-21T02:41:41.406Z,33.72,77.53

2026-08-21T02:41:46.417Z,33.7,77.56

2026-08-21T02:41:51.404Z,33.72,77.48

2026-08-21T02:41:56.404Z,33.72,77.49

2026-08-21T02:42:01.404Z,33.71,77.53

2026-08-21T02:42:06.404Z,33.71,77.43

2026-08-21T02:42:11.414Z,33.68,77.33

2026-08-21T02:42:16.425Z,33.69,77.35

2026-08-21T02:42:21.413Z,33.72,77.38

2026-08-21T02:42:26.414Z,33.7,77.36

2026-08-21T02:42:31.410Z,33.72,77.4

2026-08-21T02:42:36.414Z,33.71,77.41

2026-08-21T02:42:41.426Z,33.72,77.42

2026-08-21T02:42:46.436Z,33.71,77.5

2026-08-21T02:42:51.425Z,33.71,77.5

2026-08-21T02:42:56.423Z,33.71,77.51

2026-08-21T02:43:01.425Z,33.7,77.43

2026-08-21T02:43:06.425Z,33.7,77.55

2026-08-21T02:43:11.434Z,33.7,77.48

2026-08-21T02:43:16.444Z,33.7,77.51

2026-08-21T02:43:21.434Z,33.7,77.49

2026-08-21T02:43:26.432Z,33.72,77.46

2026-08-21T02:43:31.432Z,33.72,77.41

2026-08-21T02:43:36.433Z,33.74,77.47

2026-08-21T02:43:41.452Z,33.73,77.4

2026-08-21T02:43:46.464Z,33.75,77.46

2026-08-21T02:43:51.450Z,33.74,77.43

2026-08-21T02:43:56.456Z,33.75,77.48

2026-08-21T02:44:01.451Z,33.75,77.4

2026-08-21T02:44:06.455Z,33.75,77.4

2026-08-21T02:44:11.462Z,33.74,77.32

2026-08-21T02:44:16.474Z,33.73,77.41

2026-08-21T02:44:21.456Z,33.74,77.34

2026-08-21T02:44:26.456Z,33.75,77.35

2026-08-21T02:44:31.459Z,33.74,77.35

2026-08-21T02:44:36.457Z,33.74,77.38

2026-08-21T02:44:41.466Z,33.77,77.45

2026-08-21T02:44:46.474Z,33.74,77.49

2026-08-21T02:44:51.463Z,33.73,77.39

2026-08-21T02:44:56.463Z,33.73,77.42

2026-08-21T02:45:01.464Z,33.73,77.42

2026-08-21T02:45:06.464Z,33.71,77.46

2026-08-21T02:45:11.479Z,33.71,77.49

2026-08-21T02:45:16.491Z,33.75,77.48

2026-08-21T02:45:21.478Z,33.73,77.5

2026-08-21T02:45:26.480Z,33.72,77.49

2026-08-21T02:45:31.480Z,33.71,77.54

2026-08-21T02:45:36.481Z,33.71,77.49

2026-08-21T02:45:41.492Z,33.71,77.53

2026-08-21T02:45:46.503Z,33.71,77.54

2026-08-21T02:45:51.492Z,33.73,77.52

2026-08-21T02:45:56.490Z,33.72,77.57

2026-08-21T02:46:01.488Z,33.74,77.59

2026-08-21T02:46:06.491Z,33.71,77.55

2026-08-21T02:46:11.509Z,33.7,77.61

2026-08-21T02:46:16.505Z,33.72,77.66

2026-08-21T02:46:21.503Z,33.73,77.68

2026-08-21T02:46:26.514Z,33.74,77.74

2026-08-21T02:46:31.501Z,33.71,77.74

2026-08-21T02:46:36.503Z,33.72,77.69

2026-08-21T02:46:41.506Z,33.73,77.7

2026-08-21T02:46:46.507Z,33.74,77.75

2026-08-21T02:46:51.505Z,33.73,77.69

2026-08-21T02:46:56.517Z,33.73,77.7

2026-08-21T02:47:01.506Z,33.75,77.72

2026-08-21T02:47:06.508Z,33.73,77.69

2026-08-21T02:47:11.505Z,33.73,77.72

2026-08-21T02:47:16.508Z,33.74,77.74

2026-08-21T02:47:21.509Z,33.73,77.82

2026-08-21T02:47:26.521Z,33.75,77.75

2026-08-21T02:47:31.509Z,33.73,77.73

2026-08-21T02:47:36.512Z,33.73,77.81

2026-08-21T02:47:41.513Z,33.74,77.75

2026-08-21T02:47:46.523Z,33.73,77.78

2026-08-21T02:47:51.512Z,33.76,77.78

2026-08-21T02:47:56.512Z,33.74,77.77

2026-08-21T02:48:01.513Z,33.76,77.75

2026-08-21T02:48:06.512Z,33.76,77.76

2026-08-21T02:48:11.523Z,33.73,77.77

2026-08-21T02:48:16.532Z,33.75,77.78

2026-08-21T02:48:21.522Z,33.76,77.75

2026-08-21T02:48:26.522Z,33.74,77.72

2026-08-21T02:48:31.534Z,33.75,77.78

2026-08-21T02:48:36.529Z,33.75,77.76

2026-08-21T02:48:41.528Z,33.74,77.85

2026-08-21T02:48:46.529Z,33.74,77.84

2026-08-21T02:48:51.543Z,33.74,77.9

2026-08-21T02:48:56.534Z,33.78,77.83

2026-08-21T02:49:01.532Z,33.75,77.86

2026-08-21T02:49:06.533Z,33.75,77.86

2026-08-21T02:49:11.536Z,33.77,77.82

2026-08-21T02:49:16.555Z,33.76,77.89

2026-08-21T02:49:21.536Z,33.75,77.87

2026-08-21T02:49:26.536Z,33.75,77.85

2026-08-21T02:49:31.533Z,33.76,77.89

2026-08-21T02:49:36.537Z,33.75,77.88

2026-08-21T02:49:41.550Z,33.74,77.87

2026-08-21T02:49:46.563Z,33.75,77.92

2026-08-21T02:49:51.549Z,33.76,77.91

2026-08-21T02:49:56.548Z,33.76,77.93

2026-08-21T02:50:01.553Z,33.76,77.89

2026-08-21T02:50:06.551Z,33.77,77.95

2026-08-21T02:50:11.558Z,33.75,77.94

2026-08-21T02:50:16.569Z,33.77,77.98

2026-08-21T02:50:21.557Z,33.77,78

2026-08-21T02:50:26.557Z,33.78,77.9

2026-08-21T02:50:31.555Z,33.76,77.98

2026-08-21T02:50:36.556Z,33.77,77.98

2026-08-21T02:50:41.568Z,33.77,78.01

2026-08-21T02:50:46.566Z,33.78,78.02

2026-08-21T02:50:51.572Z,33.77,78.01

2026-08-21T02:50:56.566Z,33.79,78

2026-08-21T02:51:01.574Z,33.78,78

2026-08-21T02:51:06.566Z,33.79,78.02

2026-08-21T02:51:11.568Z,33.8,78.03

2026-08-21T02:51:16.569Z,33.78,78.01

2026-08-21T02:51:21.568Z,33.8,78.02

2026-08-21T02:51:26.582Z,33.78,77.98

2026-08-21T02:51:31.568Z,33.77,77.89

2026-08-21T02:51:36.568Z,33.78,77.88

2026-08-21T02:51:41.569Z,33.75,77.89

2026-08-21T02:51:46.569Z,33.76,77.89

2026-08-21T02:51:51.570Z,33.77,77.91

2026-08-21T02:51:56.581Z,33.77,77.88

2026-08-21T02:52:01.572Z,33.79,77.97

2026-08-21T02:52:06.572Z,33.78,77.92

2026-08-21T02:52:11.573Z,33.76,77.97

2026-08-21T02:52:16.574Z,33.76,78

2026-08-21T02:52:21.578Z,33.79,78.07

2026-08-21T02:52:26.586Z,33.78,78.21

2026-08-21T02:52:31.576Z,33.77,78.1

2026-08-21T02:52:36.577Z,33.78,78.07

2026-08-21T02:52:41.577Z,33.78,78.06

2026-08-21T02:52:46.577Z,33.78,78.03

2026-08-21T02:52:51.581Z,33.79,77.92

2026-08-21T02:52:56.596Z,33.8,77.98

2026-08-21T02:53:01.582Z,33.8,77.94

2026-08-21T02:53:06.581Z,33.81,77.94

2026-08-21T02:53:11.579Z,33.8,77.97

2026-08-21T02:53:16.581Z,33.8,77.96

2026-08-21T02:53:21.594Z,33.81,77.92

2026-08-21T02:53:26.604Z,33.82,77.93

2026-08-21T02:53:31.592Z,33.82,77.88

2026-08-21T02:53:36.595Z,33.8,77.89

2026-08-21T02:53:41.594Z,33.83,77.86

2026-08-21T02:53:46.593Z,33.84,77.86

2026-08-21T02:53:51.605Z,33.83,77.8

2026-08-21T02:53:56.618Z,33.82,77.91

2026-08-21T02:54:01.604Z,33.84,77.79

2026-08-21T02:54:06.604Z,33.86,77.74

2026-08-21T02:54:11.603Z,33.84,77.74

2026-08-21T02:54:16.607Z,33.84,77.75

2026-08-21T02:54:21.612Z,33.84,77.83

2026-08-21T02:54:26.605Z,33.85,77.75

2026-08-21T02:54:31.613Z,33.86,77.74

2026-08-21T02:54:36.607Z,33.85,77.68

2026-08-21T02:54:41.609Z,33.86,77.68

2026-08-21T02:54:46.626Z,33.87,77.71

2026-08-21T02:54:51.606Z,33.86,77.67

2026-08-21T02:54:56.608Z,33.88,77.65

2026-08-21T02:55:01.612Z,33.89,77.65

2026-08-21T02:55:06.625Z,33.88,77.66

2026-08-21T02:55:11.607Z,33.89,77.61

2026-08-21T02:55:16.611Z,33.87,77.56

2026-08-21T02:55:21.609Z,33.86,77.58

2026-08-21T02:55:26.611Z,33.89,77.61

2026-08-21T02:55:31.612Z,33.87,77.61

2026-08-21T02:55:36.626Z,33.88,77.6

2026-08-21T02:55:41.611Z,33.91,77.53

2026-08-21T02:55:46.613Z,33.89,77.65

2026-08-21T02:55:51.612Z,33.89,77.72

2026-08-21T02:55:56.614Z,33.91,77.62

2026-08-21T02:56:01.612Z,33.89,77.58

2026-08-21T02:56:06.625Z,33.88,77.62

2026-08-21T02:56:11.614Z,33.89,77.62

2026-08-21T02:56:16.614Z,33.9,77.67

2026-08-21T02:56:21.622Z,33.91,77.67

2026-08-21T02:56:26.636Z,33.9,77.69

2026-08-21T02:56:31.622Z,33.91,77.68

2026-08-21T02:56:36.623Z,33.91,77.62

2026-08-21T02:56:41.623Z,33.91,77.62

2026-08-21T02:56:46.623Z,33.91,77.67

2026-08-21T02:56:51.636Z,33.92,77.66

2026-08-21T02:56:56.647Z,33.92,77.73

2026-08-21T02:57:01.636Z,33.92,77.65

2026-08-21T02:57:06.635Z,33.93,77.57

2026-08-21T02:57:11.635Z,33.94,77.72

2026-08-21T02:57:16.634Z,33.91,77.69

2026-08-21T02:57:21.644Z,33.93,77.78

2026-08-21T02:57:26.653Z,33.92,77.89

2026-08-21T02:57:31.642Z,33.92,77.77

2026-08-21T02:57:36.641Z,33.93,77.68

2026-08-21T02:57:41.642Z,33.93,77.64

2026-08-21T02:57:46.642Z,33.94,77.64

2026-08-21T02:57:51.642Z,33.93,77.54

2026-08-21T02:57:56.657Z,33.95,77.53

2026-08-21T02:58:01.642Z,33.94,77.59

2026-08-21T02:58:06.643Z,33.95,77.54

2026-08-21T02:58:11.642Z,33.96,77.54

2026-08-21T02:58:16.643Z,33.94,77.46

2026-08-21T02:58:21.649Z,33.94,77.55

2026-08-21T02:58:26.657Z,33.96,77.49

2026-08-21T02:58:31.649Z,33.96,77.47

2026-08-21T02:58:36.647Z,33.95,77.49

2026-08-21T02:58:41.645Z,33.95,77.48

2026-08-21T02:58:46.648Z,33.97,77.48

2026-08-21T02:58:51.658Z,33.95,77.49

2026-08-21T02:58:56.666Z,33.97,77.58

2026-08-21T02:59:01.660Z,33.97,77.57

2026-08-21T02:59:06.661Z,33.99,77.53

2026-08-21T02:59:11.661Z,33.98,77.59

2026-08-21T02:59:16.661Z,33.99,77.72

2026-08-21T02:59:21.667Z,34,77.77

2026-08-21T02:59:26.678Z,33.99,77.85

2026-08-21T02:59:31.667Z,34.01,77.9

2026-08-21T02:59:36.668Z,34,77.77

2026-08-21T02:59:41.667Z,34.01,77.8

2026-08-21T02:59:46.668Z,34,77.69

2026-08-21T02:59:51.672Z,34,77.71

2026-08-21T02:59:56.684Z,34,77.76

2026-08-21T03:00:01.671Z,34.01,77.79

2026-08-21T03:00:06.671Z,34.01,77.78

2026-08-21T03:00:11.671Z,34.02,77.75

2026-08-21T03:00:16.672Z,34.01,77.7

2026-08-21T03:00:21.680Z,34.01,77.63

2026-08-21T03:00:26.692Z,34,77.62

2026-08-21T03:00:31.680Z,34.02,77.55

2026-08-21T03:00:36.682Z,34.01,77.55

2026-08-21T03:00:41.682Z,34.03,77.57

2026-08-21T03:00:46.683Z,34.02,77.55

2026-08-21T03:00:51.696Z,34.02,77.54

2026-08-21T03:00:56.708Z,34.04,77.59

2026-08-21T03:01:01.694Z,34.02,77.55

2026-08-21T03:01:06.694Z,34.04,77.56

2026-08-21T03:01:11.694Z,34.01,77.62

2026-08-21T03:01:16.696Z,34.02,77.59

2026-08-21T03:01:21.710Z,34.05,77.55

2026-08-21T03:01:26.720Z,34.04,77.63

2026-08-21T03:01:31.708Z,34.04,77.56

2026-08-21T03:01:36.709Z,34.03,77.53

2026-08-21T03:01:41.712Z,34.05,77.54

2026-08-21T03:01:46.726Z,34.03,77.64

2026-08-21T03:01:51.711Z,34.04,77.57

2026-08-21T03:01:56.709Z,34.05,77.56

2026-08-21T03:02:01.708Z,34.04,77.52

2026-08-21T03:02:06.721Z,34.05,77.47

2026-08-21T03:02:11.714Z,34.06,77.47

2026-08-21T03:02:16.714Z,34.04,77.45

2026-08-21T03:02:21.713Z,34.05,77.5

2026-08-21T03:02:26.712Z,34.04,77.49

2026-08-21T03:02:31.714Z,34.07,77.47

2026-08-21T03:02:36.720Z,34.04,77.46

2026-08-21T03:02:41.715Z,34.06,77.41

2026-08-21T03:02:46.715Z,34.07,77.32

2026-08-21T03:02:51.716Z,34.07,77.31

2026-08-21T03:02:56.715Z,34.08,77.35

2026-08-21T03:03:01.725Z,34.07,77.41

2026-08-21T03:03:06.737Z,34.05,77.46

2026-08-21T03:03:11.722Z,34.04,77.37

2026-08-21T03:03:16.725Z,34.06,77.31

2026-08-21T03:03:21.724Z,34.04,77.24

2026-08-21T03:03:26.727Z,34.06,77.2

2026-08-21T03:03:31.738Z,34.05,77.2

2026-08-21T03:03:36.753Z,34.06,77.25

2026-08-21T03:03:41.739Z,34.07,77.22

2026-08-21T03:03:46.739Z,34.06,77.26

2026-08-21T03:03:51.740Z,34.07,77.22

2026-08-21T03:03:56.739Z,34.06,77.12

2026-08-21T03:04:01.743Z,34.07,77.21

2026-08-21T03:04:06.754Z,34.05,77.25

2026-08-21T03:04:11.741Z,34.07,77.16

2026-08-21T03:04:16.742Z,34.06,77.12

2026-08-21T03:04:21.741Z,34.07,77.12

2026-08-21T03:04:26.742Z,34.05,77.11

2026-08-21T03:04:31.756Z,34.06,77.13

2026-08-21T03:04:36.764Z,34.06,77.05

2026-08-21T03:04:41.753Z,34.06,77.09

2026-08-21T03:04:46.755Z,34.06,77.03

2026-08-21T03:04:51.755Z,34.06,77.01

2026-08-21T03:04:56.755Z,34.05,76.98

2026-08-21T03:05:01.760Z,34.07,76.98

2026-08-21T03:05:06.776Z,34.05,76.99

2026-08-21T03:05:11.760Z,34.06,76.94

2026-08-21T03:05:16.761Z,34.08,76.96

2026-08-21T03:05:21.762Z,34.04,76.93

2026-08-21T03:05:26.775Z,34.05,76.97

2026-08-21T03:05:31.761Z,34.07,76.97

2026-08-21T03:05:36.762Z,34.06,76.98

2026-08-21T03:05:41.768Z,34.07,76.99

2026-08-21T03:05:46.780Z,34.06,77.06

2026-08-21T03:05:51.766Z,34.07,76.99

2026-08-21T03:05:56.769Z,34.08,76.93

2026-08-21T03:06:01.767Z,34.07,76.9

2026-08-21T03:06:06.786Z,34.07,76.95

2026-08-21T03:06:11.769Z,34.07,76.92

2026-08-21T03:06:16.770Z,34.1,76.93

2026-08-21T03:06:21.769Z,34.06,76.92

2026-08-21T03:06:26.770Z,34.09,76.88

2026-08-21T03:06:31.773Z,34.09,76.93

2026-08-21T03:06:36.786Z,34.09,77.01

2026-08-21T03:06:41.772Z,34.09,77.14

2026-08-21T03:06:46.773Z,34.08,77.2

2026-08-21T03:06:51.773Z,34.09,77.2

2026-08-21T03:06:56.774Z,34.1,77.05

2026-08-21T03:07:01.789Z,34.09,76.96

2026-08-21T03:07:06.800Z,34.09,76.86

2026-08-21T03:07:11.785Z,34.1,76.86

2026-08-21T03:07:16.788Z,34.1,76.91

2026-08-21T03:07:21.787Z,34.1,76.95

2026-08-21T03:07:26.791Z,34.1,76.84

2026-08-21T03:07:31.802Z,34.1,76.86

2026-08-21T03:07:36.813Z,34.08,76.87

2026-08-21T03:07:41.801Z,34.1,76.8

2026-08-21T03:07:46.803Z,34.08,76.8

2026-08-21T03:07:51.801Z,34.1,76.86

2026-08-21T03:07:56.803Z,34.08,77.01

2026-08-21T03:08:01.815Z,34.09,77.13

2026-08-21T03:08:06.825Z,34.11,77.21

2026-08-21T03:08:11.816Z,34.14,77.13

2026-08-21T03:08:16.815Z,34.1,77.09

2026-08-21T03:08:21.816Z,34.12,77.02

2026-08-21T03:08:26.817Z,34.11,76.92

2026-08-21T03:08:31.818Z,34.12,76.8

2026-08-21T03:08:36.828Z,34.1,76.81

2026-08-21T03:08:41.818Z,34.11,76.79

2026-08-21T03:08:46.816Z,34.12,76.91

2026-08-21T03:08:51.815Z,34.13,76.81

2026-08-21T03:08:56.818Z,34.12,76.68

2026-08-21T03:09:01.828Z,34.11,76.63

2026-08-21T03:09:06.839Z,34.11,76.1

2026-08-21T03:09:11.828Z,34.11,75.87

2026-08-21T03:09:16.829Z,34.14,75.82

2026-08-21T03:09:21.835Z,34.12,75.93

2026-08-21T03:09:26.830Z,34.14,76.07

2026-08-21T03:09:31.850Z,34.12,76.26

2026-08-21T03:09:36.840Z,34.12,76.37

2026-08-21T03:09:41.846Z,34.13,76.43

2026-08-21T03:09:46.849Z,34.11,76.51

2026-08-21T03:09:51.842Z,34.12,76.52

2026-08-21T03:09:56.843Z,34.11,76.62

2026-08-21T03:10:01.845Z,34.11,76.69

2026-08-21T03:10:06.846Z,34.11,76.67

2026-08-21T03:10:11.845Z,34.11,76.69

2026-08-21T03:10:16.858Z,34.11,76.78

2026-08-21T03:10:21.844Z,34.09,76.83

2026-08-21T03:10:26.845Z,34.1,76.84

2026-08-21T03:10:31.845Z,34.1,76.84

2026-08-21T03:10:36.849Z,34.08,76.82

2026-08-21T03:10:41.845Z,34.09,76.83

2026-08-21T03:10:46.864Z,34.08,76.86

2026-08-21T03:10:51.848Z,34.06,76.88

2026-08-21T03:10:56.848Z,34.08,76.88

2026-08-21T03:11:01.849Z,34.07,76.85

2026-08-21T03:11:06.847Z,34.06,76.89

2026-08-21T03:11:11.861Z,34.06,76.89

2026-08-21T03:11:16.873Z,34.06,76.99

2026-08-21T03:11:21.861Z,34.06,76.94

2026-08-21T03:11:26.862Z,34.05,76.88

2026-08-21T03:11:31.863Z,34.04,76.8

2026-08-21T03:11:36.863Z,34.03,76.85

2026-08-21T03:11:41.867Z,34.03,76.93

2026-08-21T03:11:46.874Z,34.01,76.95

2026-08-21T03:11:51.866Z,34.02,76.96

2026-08-21T03:11:56.866Z,34.03,77.08

2026-08-21T03:12:01.864Z,34.02,77.15

2026-08-21T03:12:06.868Z,33.98,77.1

2026-08-21T03:12:11.867Z,34.01,77.14

2026-08-21T03:12:16.884Z,33.99,77.13

2026-08-21T03:12:21.868Z,33.99,77.22

2026-08-21T03:12:26.867Z,33.99,77.24

2026-08-21T03:12:31.867Z,33.99,77.27

2026-08-21T03:12:36.866Z,34,77.28

2026-08-21T03:12:41.883Z,33.98,77.32

2026-08-21T03:12:46.891Z,33.95,77.31

2026-08-21T03:12:51.881Z,33.98,77.38

2026-08-21T03:12:56.880Z,33.97,77.4

2026-08-21T03:13:01.881Z,33.98,77.48

2026-08-21T03:13:06.881Z,33.96,77.44

2026-08-21T03:13:11.890Z,33.95,77.45

2026-08-21T03:13:16.898Z,33.95,77.5

2026-08-21T03:13:21.887Z,33.95,77.49

2026-08-21T03:13:26.890Z,33.95,77.54

2026-08-21T03:13:31.888Z,33.93,77.6

2026-08-21T03:13:36.894Z,33.95,77.61

2026-08-21T03:13:41.913Z,33.93,77.64

2026-08-21T03:13:46.931Z,33.93,77.69

2026-08-21T03:13:51.910Z,33.94,77.61

2026-08-21T03:13:56.911Z,33.95,77.6

2026-08-21T03:14:01.911Z,33.93,77.76

2026-08-21T03:14:06.912Z,33.92,77.74

2026-08-21T03:14:11.915Z,33.9,77.75

2026-08-21T03:14:16.930Z,33.89,77.8

2026-08-21T03:14:21.912Z,33.9,77.83

2026-08-21T03:14:26.913Z,33.89,77.9

2026-08-21T03:14:31.914Z,33.89,77.94

2026-08-21T03:14:36.916Z,33.87,77.86

2026-08-21T03:14:41.926Z,33.89,77.91

2026-08-21T03:14:46.936Z,33.88,77.84

2026-08-21T03:14:51.924Z,33.88,77.85

2026-08-21T03:14:56.925Z,33.88,77.86

2026-08-21T03:15:01.924Z,33.86,77.86

2026-08-21T03:15:06.925Z,33.87,77.84

2026-08-21T03:15:11.934Z,33.85,77.83

2026-08-21T03:15:16.949Z,33.82,77.86

2026-08-21T03:15:21.933Z,33.85,77.82

2026-08-21T03:15:26.933Z,33.81,77.78

2026-08-21T03:15:31.932Z,33.83,77.91

2026-08-21T03:15:36.932Z,33.81,77.87

2026-08-21T03:15:41.937Z,33.83,77.87

2026-08-21T03:15:46.947Z,33.82,77.93

2026-08-21T03:15:51.936Z,33.81,77.86

2026-08-21T03:15:56.934Z,33.81,77.87

2026-08-21T03:16:01.937Z,33.79,77.92

2026-08-21T03:16:06.936Z,33.79,77.8

2026-08-21T03:16:11.940Z,33.8,77.83

2026-08-21T03:16:16.952Z,33.78,77.89

2026-08-21T03:16:21.937Z,33.78,77.83

2026-08-21T03:16:26.940Z,33.77,77.89

2026-08-21T03:16:31.940Z,33.77,77.87

2026-08-21T03:16:36.940Z,33.77,77.86

2026-08-21T03:16:41.939Z,33.77,77.92

2026-08-21T03:16:46.953Z,33.78,77.95

2026-08-21T03:16:51.942Z,33.77,77.97

2026-08-21T03:16:56.940Z,33.76,77.86

2026-08-21T03:17:01.939Z,33.75,77.89

2026-08-21T03:17:06.940Z,33.73,77.83

2026-08-21T03:17:11.954Z,33.73,77.88

2026-08-21T03:17:16.965Z,33.73,77.95

2026-08-21T03:17:21.958Z,33.75,77.96

2026-08-21T03:17:26.957Z,33.74,77.96

2026-08-21T03:17:31.954Z,33.72,77.96

2026-08-21T03:17:36.956Z,33.72,77.91

2026-08-21T03:17:41.962Z,33.72,78.03

2026-08-21T03:17:46.970Z,33.72,78.07

2026-08-21T03:17:51.958Z,33.71,78.02

2026-08-21T03:17:56.958Z,33.72,78.02

2026-08-21T03:18:01.958Z,33.71,77.9

2026-08-21T03:18:06.958Z,33.72,77.93

2026-08-21T03:18:11.974Z,33.72,77.96

2026-08-21T03:18:16.984Z,33.69,77.92

2026-08-21T03:18:21.972Z,33.69,77.82

2026-08-21T03:18:26.975Z,33.69,77.71

2026-08-21T03:18:31.974Z,33.68,77.2

2026-08-21T03:18:36.975Z,33.68,77.19

2026-08-21T03:18:41.978Z,33.68,77.49

2026-08-21T03:18:46.990Z,33.67,77.65

2026-08-21T03:18:51.977Z,33.66,77.57

2026-08-21T03:18:56.990Z,33.66,77.42

2026-08-21T03:19:01.977Z,33.67,77.29

2026-08-21T03:19:06.992Z,33.67,77.39

2026-08-21T03:19:11.977Z,33.68,77.41

2026-08-21T03:19:16.980Z,33.65,77.21

2026-08-21T03:19:21.980Z,33.65,77.1

2026-08-21T03:19:26.991Z,33.66,77.02

2026-08-21T03:19:31.979Z,33.66,77.04

2026-08-21T03:19:36.982Z,33.65,77

2026-08-21T03:19:41.981Z,33.63,76.97

2026-08-21T03:19:46.981Z,33.64,77

2026-08-21T03:19:51.983Z,33.61,76.92

2026-08-21T03:19:56.994Z,33.62,76.98

2026-08-21T03:20:01.983Z,33.63,77.11

2026-08-21T03:20:06.983Z,33.62,77.2

2026-08-21T03:20:11.983Z,33.61,77.21

2026-08-21T03:20:16.982Z,33.6,76.84

2026-08-21T03:20:21.981Z,33.58,76.77

2026-08-21T03:20:26.993Z,33.6,76.91

2026-08-21T03:20:31.982Z,33.6,76.96

2026-08-21T03:20:36.981Z,33.59,77.07

2026-08-21T03:20:41.981Z,33.61,77.12

2026-08-21T03:20:46.984Z,33.61,77.06

2026-08-21T03:20:51.992Z,33.59,76.88

2026-08-21T03:20:57.002Z,33.6,76.99

2026-08-21T03:21:01.994Z,33.6,76.9

2026-08-21T03:21:06.992Z,33.6,76.95

2026-08-21T03:21:11.990Z,33.59,76.85

2026-08-21T03:21:16.990Z,33.58,76.82

2026-08-21T03:21:22.014Z,33.58,76.84

2026-08-21T03:21:27.022Z,33.6,76.84

2026-08-21T03:21:32.012Z,33.61,76.77

2026-08-21T03:21:37.011Z,33.61,76.64

2026-08-21T03:21:42.012Z,33.62,76.48

2026-08-21T03:21:47.013Z,33.61,76.44

2026-08-21T03:21:52.023Z,33.62,76.42

2026-08-21T03:21:57.035Z,33.62,76.39

2026-08-21T03:22:02.022Z,33.63,76.3

2026-08-21T03:22:07.023Z,33.61,76.13

2026-08-21T03:22:12.023Z,33.63,76.09

2026-08-21T03:22:17.025Z,33.62,75.99

2026-08-21T03:22:22.028Z,33.63,75.94

2026-08-21T03:22:27.040Z,33.63,75.96

2026-08-21T03:22:32.026Z,33.65,75.84

2026-08-21T03:22:37.028Z,33.64,75.85

2026-08-21T03:22:42.026Z,33.64,75.84

2026-08-21T03:22:47.029Z,33.65,75.81

2026-08-21T03:22:52.044Z,33.65,75.87

2026-08-21T03:22:57.052Z,33.67,75.77

2026-08-21T03:23:02.042Z,33.69,75.67

2026-08-21T03:23:07.044Z,33.66,75.56

2026-08-21T03:23:12.043Z,33.67,75.56

2026-08-21T03:23:17.043Z,33.66,75.52

2026-08-21T03:23:22.048Z,33.68,75.55

2026-08-21T03:23:27.060Z,33.66,75.49

2026-08-21T03:23:32.045Z,33.66,75.45

2026-08-21T03:23:37.044Z,33.67,75.52

2026-08-21T03:23:42.043Z,33.7,75.5

2026-08-21T03:23:47.044Z,33.66,75.56

2026-08-21T03:23:52.058Z,33.7,75.53

2026-08-21T03:23:57.075Z,33.7,75.51

2026-08-21T03:24:02.056Z,33.7,75.52

2026-08-21T03:24:07.057Z,33.71,75.56

2026-08-21T03:24:12.059Z,33.69,75.57

2026-08-21T03:24:17.065Z,33.71,75.65

2026-08-21T03:24:22.057Z,33.7,75.64

2026-08-21T03:24:27.057Z,33.72,75.66

2026-08-21T03:24:32.075Z,33.73,75.56

2026-08-21T03:24:37.081Z,33.73,75.61

2026-08-21T03:24:42.073Z,33.72,75.61

2026-08-21T03:24:47.074Z,33.72,75.6

2026-08-21T03:24:52.073Z,33.73,75.5

2026-08-21T03:24:57.074Z,33.72,75.54

2026-08-21T03:25:02.102Z,33.74,75.63

2026-08-21T03:25:07.089Z,33.72,75.6

2026-08-21T03:25:12.091Z,33.73,75.55

2026-08-21T03:25:17.091Z,33.73,75.54

2026-08-21T03:25:22.103Z,33.77,75.52

2026-08-21T03:25:27.097Z,33.76,75.5

2026-08-21T03:25:32.097Z,33.76,75.45

2026-08-21T03:25:37.108Z,33.75,75.41

2026-08-21T03:25:42.097Z,33.75,75.23

2026-08-21T03:25:47.097Z,33.77,75.27

2026-08-21T03:25:52.097Z,33.76,75.28

2026-08-21T03:25:57.098Z,33.76,75.3

2026-08-21T03:26:02.097Z,33.78,75.21

2026-08-21T03:26:07.112Z,33.78,75.36

2026-08-21T03:26:12.099Z,33.77,75.28

2026-08-21T03:26:17.099Z,33.78,75.19

2026-08-21T03:26:22.099Z,33.77,74.99

2026-08-21T03:26:27.099Z,33.8,74.91

2026-08-21T03:26:32.098Z,33.79,74.9

2026-08-21T03:26:37.110Z,33.78,74.95

2026-08-21T03:26:42.102Z,33.78,74.93

2026-08-21T03:26:47.102Z,33.78,74.82

2026-08-21T03:26:52.102Z,33.78,74.81

2026-08-21T03:26:57.105Z,33.81,74.84

2026-08-21T03:27:02.100Z,33.8,74.75

2026-08-21T03:27:07.119Z,33.8,74.71

2026-08-21T03:27:12.103Z,33.8,74.68

2026-08-21T03:27:17.104Z,33.81,74.66

2026-08-21T03:27:22.105Z,33.8,74.64

2026-08-21T03:27:27.106Z,33.81,74.51

2026-08-21T03:27:32.108Z,33.81,74.51

2026-08-21T03:27:37.121Z,33.8,74.48

2026-08-21T03:27:42.107Z,33.8,74.4

2026-08-21T03:27:47.108Z,33.79,74.21

2026-08-21T03:27:52.107Z,33.82,74.24

2026-08-21T03:27:57.107Z,33.82,74.29

2026-08-21T03:28:02.117Z,33.82,74.33

2026-08-21T03:28:07.128Z,33.82,74.38

2026-08-21T03:28:12.116Z,33.82,74.33

2026-08-21T03:28:17.116Z,33.82,74.31

2026-08-21T03:28:22.116Z,33.84,74.26

2026-08-21T03:28:27.115Z,33.82,74.26

2026-08-21T03:28:32.125Z,33.83,74.28

2026-08-21T03:28:37.135Z,33.84,74.25

2026-08-21T03:28:42.122Z,33.8,73.84

2026-08-21T03:28:47.124Z,33.81,73.83

2026-08-21T03:28:52.124Z,33.82,73.87

2026-08-21T03:28:57.125Z,33.82,73.92

2026-08-21T03:29:02.142Z,33.83,73.96

2026-08-21T03:29:07.151Z,33.82,74.04

2026-08-21T03:29:12.139Z,33.8,74.1

2026-08-21T03:29:17.143Z,33.84,74.1

2026-08-21T03:29:22.141Z,33.84,74.16

2026-08-21T03:29:27.141Z,33.84,74.16

2026-08-21T03:29:32.150Z,33.84,74.12

2026-08-21T03:29:37.161Z,33.84,74.1

2026-08-21T03:29:42.149Z,33.84,74.14

2026-08-21T03:29:47.151Z,33.82,73.98

2026-08-21T03:29:52.149Z,33.83,73.82

2026-08-21T03:29:57.151Z,33.85,73.85

2026-08-21T03:30:02.159Z,33.86,73.83

2026-08-21T03:30:07.173Z,33.83,73.77

2026-08-21T03:30:12.159Z,33.83,73.8

2026-08-21T03:30:17.159Z,33.84,73.81

2026-08-21T03:30:22.158Z,33.85,73.89

2026-08-21T03:30:27.159Z,33.85,73.92

2026-08-21T03:30:32.168Z,33.85,74.01

2026-08-21T03:30:37.178Z,33.84,73.99

2026-08-21T03:30:42.166Z,33.84,73.97

2026-08-21T03:30:47.168Z,33.85,73.98

2026-08-21T03:30:52.167Z,33.86,73.95

2026-08-21T03:30:57.168Z,33.87,74

2026-08-21T03:31:02.176Z,33.87,74.03

2026-08-21T03:31:07.186Z,33.87,74.07

2026-08-21T03:31:12.175Z,33.86,74.09

2026-08-21T03:31:17.175Z,33.87,73.99

2026-08-21T03:31:22.174Z,33.88,73.97

2026-08-21T03:31:27.176Z,33.87,73.95

2026-08-21T03:31:32.176Z,33.87,74.03

2026-08-21T03:31:37.191Z,33.87,74.06

2026-08-21T03:31:42.175Z,33.87,74.03

2026-08-21T03:31:47.177Z,33.88,74.1

2026-08-21T03:31:52.178Z,33.9,74.08

2026-08-21T03:31:57.180Z,33.89,74.1

2026-08-21T03:32:02.178Z,33.9,74.1

2026-08-21T03:32:07.190Z,33.91,74.11

2026-08-21T03:32:12.179Z,33.91,74.11

2026-08-21T03:32:17.180Z,33.93,74.12

2026-08-21T03:32:22.178Z,33.89,74.13

2026-08-21T03:32:27.181Z,33.91,74.19

2026-08-21T03:32:32.198Z,33.91,74.13

2026-08-21T03:32:37.211Z,33.89,74.19

2026-08-21T03:32:42.193Z,33.93,74.14

2026-08-21T03:32:47.196Z,33.92,74.2

2026-08-21T03:32:52.196Z,33.91,74.15

2026-08-21T03:32:57.196Z,33.92,74.2

2026-08-21T03:33:02.209Z,33.95,74.2

2026-08-21T03:33:07.219Z,33.93,74.23

2026-08-21T03:33:12.206Z,33.93,74.15

2026-08-21T03:33:17.208Z,33.92,74.06

2026-08-21T03:33:22.208Z,33.93,74.01

2026-08-21T03:33:27.210Z,33.94,73.94

2026-08-21T03:33:32.215Z,33.93,74.02

2026-08-21T03:33:37.231Z,33.92,73.95

2026-08-21T03:33:42.214Z,33.94,73.89

2026-08-21T03:33:47.215Z,33.92,73.85

2026-08-21T03:33:52.214Z,33.95,73.87

2026-08-21T03:33:57.218Z,33.94,73.87

2026-08-21T03:34:02.227Z,33.94,73.81

2026-08-21T03:34:07.237Z,33.94,73.63

2026-08-21T03:34:12.227Z,33.93,73.57

2026-08-21T03:34:17.226Z,33.95,73.6

2026-08-21T03:34:22.226Z,33.95,73.51

2026-08-21T03:34:27.225Z,33.96,73.43

2026-08-21T03:34:32.233Z,33.94,73.31

2026-08-21T03:34:37.244Z,33.92,73.25

2026-08-21T03:34:42.234Z,33.96,73.23

2026-08-21T03:34:47.234Z,33.95,73.2

2026-08-21T03:34:52.234Z,33.95,73.23

2026-08-21T03:34:57.236Z,33.97,73.15

2026-08-21T03:35:02.246Z,33.95,73.21

2026-08-21T03:35:07.241Z,33.95,73.22

2026-08-21T03:35:12.243Z,33.95,73.3

2026-08-21T03:35:17.243Z,33.95,73.26

2026-08-21T03:35:22.244Z,33.95,73.29

2026-08-21T03:35:27.260Z,33.95,73.42

2026-08-21T03:35:32.244Z,33.95,73.35

2026-08-21T03:35:37.246Z,33.94,73.22

2026-08-21T03:35:42.248Z,33.95,73.16

2026-08-21T03:35:47.245Z,33.96,73.16

2026-08-21T03:35:52.248Z,33.95,73.2

2026-08-21T03:35:57.261Z,33.96,73.2

2026-08-21T03:36:02.247Z,33.95,73.16

2026-08-21T03:36:07.250Z,33.96,73.14

2026-08-21T03:36:12.250Z,33.96,73.16

2026-08-21T03:36:17.254Z,33.94,73.14

2026-08-21T03:36:22.256Z,33.97,73.1

2026-08-21T03:36:27.267Z,33.95,72.97

2026-08-21T03:36:32.254Z,33.98,72.79

2026-08-21T03:36:37.255Z,33.98,72.69

2026-08-21T03:36:42.254Z,33.95,72.7

2026-08-21T03:36:47.255Z,33.97,72.53

2026-08-21T03:36:52.272Z,33.97,72.39

2026-08-21T03:36:57.284Z,33.97,72.49

2026-08-21T03:37:02.271Z,33.96,72.43

2026-08-21T03:37:07.273Z,33.96,72.48

2026-08-21T03:37:12.271Z,33.96,72.53

2026-08-21T03:37:17.273Z,33.96,72.61

2026-08-21T03:37:22.284Z,33.97,72.63

2026-08-21T03:37:27.295Z,33.97,72.66

2026-08-21T03:37:32.283Z,33.99,72.72

2026-08-21T03:37:37.283Z,33.99,72.55

2026-08-21T03:37:42.285Z,33.98,72.4

2026-08-21T03:37:47.285Z,34,72.29

2026-08-21T03:37:52.293Z,33.98,72.23

2026-08-21T03:37:57.303Z,34.01,72.15

2026-08-21T03:38:02.291Z,34.01,72.09

2026-08-21T03:38:07.291Z,34.01,72.11

2026-08-21T03:38:12.291Z,33.98,72.06

2026-08-21T03:38:17.303Z,33.98,71.98

2026-08-21T03:38:22.292Z,34,71.87

2026-08-21T03:38:27.291Z,34.01,71.92

2026-08-21T03:38:32.299Z,33.98,71.95

2026-08-21T03:38:37.292Z,33.98,72.04

2026-08-21T03:38:42.292Z,34.01,72.15

2026-08-21T03:38:47.293Z,34,72.12

2026-08-21T03:38:52.292Z,34.01,72.07

2026-08-21T03:38:57.304Z,33.99,72.13

2026-08-21T03:39:02.291Z,34.02,72.19

2026-08-21T03:39:07.291Z,34.02,72.18

2026-08-21T03:39:12.292Z,34,72.08

2026-08-21T03:39:17.296Z,34.03,72.04

2026-08-21T03:39:22.295Z,34.02,72.14

2026-08-21T03:39:27.310Z,34.01,72.15

2026-08-21T03:39:32.293Z,34.04,72.16

2026-08-21T03:39:37.295Z,34.04,72.11

2026-08-21T03:39:42.296Z,34.01,72.08

2026-08-21T03:39:47.295Z,34.04,72.03

2026-08-21T03:39:52.297Z,34.02,72.07

2026-08-21T03:39:57.313Z,34.03,72.12

2026-08-21T03:40:02.300Z,34.04,72.05

2026-08-21T03:40:07.299Z,34.04,72.02

2026-08-21T03:40:12.299Z,34.04,71.86

2026-08-21T03:40:17.301Z,34.04,71.83

2026-08-21T03:40:22.303Z,34.05,71.81

2026-08-21T03:40:27.316Z,34.03,71.77

2026-08-21T03:40:32.302Z,34.03,71.68

2026-08-21T03:40:37.303Z,34.03,71.64

2026-08-21T03:40:42.304Z,34.03,71.51

2026-08-21T03:40:47.303Z,34.02,71.54

2026-08-21T03:40:52.311Z,34.07,71.56

2026-08-21T03:40:57.322Z,34.04,71.77

2026-08-21T03:41:02.312Z,34.03,71.79

2026-08-21T03:41:07.312Z,34.05,71.62

2026-08-21T03:41:12.310Z,34.04,71.55

2026-08-21T03:41:17.312Z,34.04,71.44

2026-08-21T03:41:22.323Z,34.03,71.41

2026-08-21T03:41:27.334Z,34.03,71.54

2026-08-21T03:41:32.323Z,34.05,71.54

2026-08-21T03:41:37.323Z,34.05,71.61

2026-08-21T03:41:42.322Z,34.04,71.6

2026-08-21T03:41:47.323Z,34.05,71.66

2026-08-21T03:41:52.342Z,34.03,71.66

2026-08-21T03:41:57.352Z,34.05,71.58

2026-08-21T03:42:02.343Z,34.03,71.44

2026-08-21T03:42:07.341Z,34.07,71.54

2026-08-21T03:42:12.343Z,34.06,71.53

2026-08-21T03:42:17.342Z,34.04,71.67

2026-08-21T03:42:22.346Z,34.05,71.6

2026-08-21T03:42:27.356Z,34.05,71.7

2026-08-21T03:42:32.344Z,34.05,71.76

2026-08-21T03:42:37.345Z,34.05,71.78

2026-08-21T03:42:42.344Z,34.05,71.76

2026-08-21T03:42:47.344Z,34.04,71.77

2026-08-21T03:42:52.344Z,34.05,71.72

2026-08-21T03:42:57.358Z,34.05,71.69

2026-08-21T03:43:02.344Z,34.07,71.68

2026-08-21T03:43:07.344Z,34.04,71.5

2026-08-21T03:43:12.345Z,34.06,71.54

2026-08-21T03:43:17.348Z,34.05,71.52

2026-08-21T03:43:22.357Z,34.06,71.54

2026-08-21T03:43:27.372Z,34.06,71.64

2026-08-21T03:43:32.357Z,34.07,71.58

2026-08-21T03:43:37.358Z,34.07,71.59

2026-08-21T03:43:42.360Z,34.05,71.56

2026-08-21T03:43:47.359Z,34.07,71.54

2026-08-21T03:43:52.372Z,34.08,71.6

2026-08-21T03:43:57.392Z,34.06,71.62

2026-08-21T03:44:02.373Z,34.07,71.62

2026-08-21T03:44:07.374Z,34.08,71.63

2026-08-21T03:44:12.376Z,34.07,71.66

2026-08-21T03:44:17.375Z,34.06,71.79

2026-08-21T03:44:22.383Z,34.07,71.72

2026-08-21T03:44:27.395Z,34.07,71.77

2026-08-21T03:44:32.382Z,34.08,71.75

2026-08-21T03:44:37.391Z,34.06,71.8

2026-08-21T03:44:42.383Z,34.08,71.8

2026-08-21T03:44:47.387Z,34.09,71.82

2026-08-21T03:44:52.384Z,34.07,71.86

2026-08-21T03:44:57.384Z,34.09,71.83

2026-08-21T03:45:02.386Z,34.07,71.79

2026-08-21T03:45:07.396Z,34.08,71.79

2026-08-21T03:45:12.385Z,34.09,71.74

2026-08-21T03:45:17.386Z,34.07,71.73

2026-08-21T03:45:22.386Z,34.08,71.69

2026-08-21T03:45:27.386Z,34.08,71.75

2026-08-21T03:45:32.386Z,34.08,71.72

2026-08-21T03:45:37.396Z,34.07,71.8

2026-08-21T03:45:42.383Z,34.08,71.8

2026-08-21T03:45:47.385Z,34.08,71.81

2026-08-21T03:45:52.385Z,34.1,71.78

2026-08-21T03:45:57.387Z,34.07,71.82

2026-08-21T03:46:02.388Z,34.09,71.79

2026-08-21T03:46:07.401Z,34.07,71.89

2026-08-21T03:46:12.387Z,34.08,71.82

2026-08-21T03:46:17.388Z,34.09,71.81

2026-08-21T03:46:22.388Z,34.1,71.82

2026-08-21T03:46:27.386Z,34.1,71.69

2026-08-21T03:46:32.396Z,34.1,71.76

2026-08-21T03:46:37.407Z,34.08,71.76

2026-08-21T03:46:42.393Z,34.09,71.73

2026-08-21T03:46:47.394Z,34.09,71.79

2026-08-21T03:46:52.394Z,34.09,71.82

2026-08-21T03:46:57.395Z,34.1,71.84

2026-08-21T03:47:02.403Z,34.08,71.86

2026-08-21T03:47:07.416Z,34.09,71.9

2026-08-21T03:47:12.403Z,34.11,71.88

2026-08-21T03:47:17.404Z,34.11,71.88

2026-08-21T03:47:22.404Z,34.11,71.89

2026-08-21T03:47:27.404Z,34.09,71.86

2026-08-21T03:47:32.419Z,34.08,71.87

2026-08-21T03:47:37.435Z,34.11,71.9

2026-08-21T03:47:42.419Z,34.11,71.9

2026-08-21T03:47:47.419Z,34.11,71.86

2026-08-21T03:47:52.418Z,34.13,71.84

2026-08-21T03:47:57.419Z,34.12,71.86

2026-08-21T03:48:02.425Z,34.13,71.91

2026-08-21T03:48:07.434Z,34.11,71.91

2026-08-21T03:48:12.422Z,34.13,71.91

2026-08-21T03:48:17.422Z,34.12,71.83

2026-08-21T03:48:22.424Z,34.12,71.85

2026-08-21T03:48:27.423Z,34.13,71.81

2026-08-21T03:48:32.426Z,34.14,71.84

2026-08-21T03:48:37.438Z,34.14,71.91

2026-08-21T03:48:42.425Z,34.13,71.92

2026-08-21T03:48:47.429Z,34.14,71.84

2026-08-21T03:48:52.428Z,34.12,71.87

2026-08-21T03:48:57.429Z,34.12,71.88

2026-08-21T03:49:02.441Z,34.13,71.92

2026-08-21T03:49:07.451Z,34.13,71.91

2026-08-21T03:49:12.439Z,34.15,71.91

2026-08-21T03:49:17.440Z,34.13,71.9

2026-08-21T03:49:22.441Z,34.11,71.94

2026-08-21T03:49:27.442Z,34.13,71.87

2026-08-21T03:49:32.443Z,34.14,71.88

2026-08-21T03:49:37.453Z,34.12,71.9

2026-08-21T03:49:42.442Z,34.13,71.92

2026-08-21T03:49:47.441Z,34.14,71.94

2026-08-21T03:49:52.443Z,34.13,71.94

2026-08-21T03:49:57.443Z,34.16,71.88

2026-08-21T03:50:02.455Z,34.15,71.85

2026-08-21T03:50:07.470Z,34.15,71.92

2026-08-21T03:50:12.455Z,34.14,71.87

2026-08-21T03:50:17.456Z,34.16,71.9

2026-08-21T03:50:22.455Z,34.16,71.88

2026-08-21T03:50:27.455Z,34.15,71.86

2026-08-21T03:50:32.456Z,34.17,71.88

2026-08-21T03:50:37.466Z,34.15,71.86

2026-08-21T03:50:42.457Z,34.14,71.86

2026-08-21T03:50:47.456Z,34.15,71.86

2026-08-21T03:50:52.457Z,34.15,71.85

2026-08-21T03:50:57.458Z,34.17,71.91

2026-08-21T03:51:02.466Z,34.15,71.92

2026-08-21T03:51:07.471Z,34.15,71.92

2026-08-21T03:51:12.461Z,34.16,71.94

2026-08-21T03:51:17.466Z,34.16,71.95

2026-08-21T03:51:22.461Z,34.16,71.93

2026-08-21T03:51:27.464Z,34.16,71.95

2026-08-21T03:51:32.475Z,34.18,71.98

2026-08-21T03:51:37.490Z,34.18,72.01

2026-08-21T03:51:42.474Z,34.16,71.92

2026-08-21T03:51:47.477Z,34.16,71.99

2026-08-21T03:51:52.476Z,34.18,71.97

2026-08-21T03:51:57.476Z,34.19,72

2026-08-21T03:52:02.480Z,34.15,72.03

2026-08-21T03:52:07.489Z,34.17,72.1

2026-08-21T03:52:12.479Z,34.17,72.08

2026-08-21T03:52:17.479Z,34.18,72.08

2026-08-21T03:52:22.479Z,34.18,72.13

2026-08-21T03:52:27.481Z,34.18,72.16

2026-08-21T03:52:32.486Z,34.18,72.14

2026-08-21T03:52:37.497Z,34.16,72.24

2026-08-21T03:52:42.487Z,34.18,72.2

2026-08-21T03:52:47.487Z,34.16,72.18

2026-08-21T03:52:52.492Z,34.16,72.26

2026-08-21T03:52:57.486Z,34.17,72.23

2026-08-21T03:53:02.486Z,34.17,72.22

2026-08-21T03:53:07.489Z,34.16,72.21

2026-08-21T03:53:12.489Z,34.18,72.2

2026-08-21T03:53:17.502Z,34.18,72.24

2026-08-21T03:53:22.489Z,34.17,72.23

2026-08-21T03:53:27.488Z,34.17,72.23

2026-08-21T03:53:32.489Z,34.17,72.16

2026-08-21T03:53:37.495Z,34.16,72.13

2026-08-21T03:53:42.491Z,34.18,72.08

2026-08-21T03:53:47.506Z,34.16,72.08

2026-08-21T03:53:52.490Z,34.19,72.1

2026-08-21T03:53:57.492Z,34.17,72.14

2026-08-21T03:54:02.490Z,34.17,72.07

2026-08-21T03:54:07.491Z,34.17,72.14

2026-08-21T03:54:12.492Z,34.19,72.08

2026-08-21T03:54:17.505Z,34.15,72.14

2026-08-21T03:54:22.493Z,34.17,72.16

2026-08-21T03:54:27.496Z,34.19,72.06

2026-08-21T03:54:32.496Z,34.17,72.09

2026-08-21T03:54:37.495Z,34.17,72.13

2026-08-21T03:54:42.496Z,34.16,72.11

2026-08-21T03:54:47.506Z,34.19,72.17

2026-08-21T03:54:52.498Z,34.17,72.11

2026-08-21T03:54:57.498Z,34.17,72.12

2026-08-21T03:55:02.496Z,34.18,72.08

2026-08-21T03:55:07.509Z,34.17,72.14

2026-08-21T03:55:12.497Z,34.16,72.12

2026-08-21T03:55:17.499Z,34.18,72.14

2026-08-21T03:55:22.509Z,34.18,72.11

2026-08-21T03:55:27.521Z,34.17,72.08

2026-08-21T03:55:32.508Z,34.19,72.04

2026-08-21T03:55:37.508Z,34.18,72.01

2026-08-21T03:55:42.510Z,34.17,71.99

2026-08-21T03:55:47.510Z,34.17,72.04

2026-08-21T03:55:52.516Z,34.18,71.98

2026-08-21T03:55:57.526Z,34.17,72.03

2026-08-21T03:56:02.512Z,34.17,71.97

2026-08-21T03:56:07.515Z,34.18,71.92

2026-08-21T03:56:12.516Z,34.18,71.94

2026-08-21T03:56:17.516Z,34.16,71.97

2026-08-21T03:56:22.530Z,34.18,71.95

2026-08-21T03:56:27.540Z,34.17,71.99

2026-08-21T03:56:32.528Z,34.15,72.03

2026-08-21T03:56:37.529Z,34.17,72.03

2026-08-21T03:56:42.530Z,34.17,72.06

2026-08-21T03:56:47.531Z,34.17,72.13

2026-08-21T03:56:52.539Z,34.16,72.12

2026-08-21T03:56:57.551Z,34.18,72.21

2026-08-21T03:57:02.538Z,34.18,72.13

2026-08-21T03:57:07.538Z,34.16,72.1

2026-08-21T03:57:12.538Z,34.18,72.11

2026-08-21T03:57:17.540Z,34.17,72.1

2026-08-21T03:57:22.539Z,34.19,72.16

2026-08-21T03:57:27.556Z,34.17,72.2

2026-08-21T03:57:32.541Z,34.19,72.14

2026-08-21T03:57:37.542Z,34.19,72.02

2026-08-21T03:57:42.543Z,34.19,72.11

2026-08-21T03:57:47.541Z,34.2,72.12

2026-08-21T03:57:52.543Z,34.18,72.1

2026-08-21T03:57:57.556Z,34.18,72.09

2026-08-21T03:58:02.543Z,34.19,72.11

2026-08-21T03:58:07.543Z,34.18,72.12

2026-08-21T03:58:12.543Z,34.17,72.15

2026-08-21T03:58:17.545Z,34.17,72.14

2026-08-21T03:58:22.558Z,34.18,72.06

2026-08-21T03:58:27.570Z,34.16,72.1

2026-08-21T03:58:32.553Z,34.19,72.11

2026-08-21T03:58:37.553Z,34.18,72.07

2026-08-21T03:58:42.557Z,34.16,72.07

2026-08-21T03:58:47.557Z,34.19,72.06

2026-08-21T03:58:52.574Z,34.17,72.08

2026-08-21T03:58:57.591Z,34.16,72.1

2026-08-21T03:59:02.572Z,34.17,72.17

2026-08-21T03:59:07.573Z,34.2,72.2

2026-08-21T03:59:12.572Z,34.18,72.17

2026-08-21T03:59:17.573Z,34.18,72.15

2026-08-21T03:59:22.582Z,34.16,72.21

2026-08-21T03:59:27.590Z,34.16,72.26

2026-08-21T03:59:32.581Z,34.19,72.18

2026-08-21T03:59:37.579Z,34.19,72.22

2026-08-21T03:59:42.580Z,34.16,72.34

2026-08-21T03:59:47.579Z,34.17,72.3

2026-08-21T03:59:52.584Z,34.18,72.3

2026-08-21T03:59:57.598Z,34.17,72.31

2026-08-21T04:00:02.584Z,34.17,72.35

2026-08-21T04:00:07.585Z,34.19,72.29

2026-08-21T04:00:12.583Z,34.16,72.25

2026-08-21T04:00:17.584Z,34.18,72.25

2026-08-21T04:00:22.593Z,34.17,72.25

2026-08-21T04:00:27.605Z,34.16,72.26

2026-08-21T04:00:32.593Z,34.17,72.28

2026-08-21T04:00:37.593Z,34.18,72.29

2026-08-21T04:00:42.592Z,34.19,72.35

2026-08-21T04:00:47.591Z,34.18,72.42

2026-08-21T04:00:52.599Z,34.18,72.37

2026-08-21T04:00:57.609Z,34.18,72.45

2026-08-21T04:01:02.599Z,34.19,72.42

2026-08-21T04:01:07.599Z,34.19,72.41

2026-08-21T04:01:12.601Z,34.18,72.38

2026-08-21T04:01:17.601Z,34.18,72.43

2026-08-21T04:01:22.602Z,34.2,72.44

2026-08-21T04:01:27.612Z,34.18,72.4

2026-08-21T04:01:32.599Z,34.2,72.4

2026-08-21T04:01:37.600Z,34.19,72.4

2026-08-21T04:01:42.602Z,34.19,72.37

2026-08-21T04:01:47.601Z,34.18,72.45

2026-08-21T04:01:52.608Z,34.2,72.45

2026-08-21T04:01:57.619Z,34.2,72.44

2026-08-21T04:02:02.605Z,34.2,72.45

2026-08-21T04:02:07.608Z,34.2,72.43

2026-08-21T04:02:12.607Z,34.21,72.36

2026-08-21T04:02:17.608Z,34.2,72.35

2026-08-21T04:02:22.621Z,34.2,72.42

2026-08-21T04:02:27.633Z,34.18,72.4

2026-08-21T04:02:32.621Z,34.19,72.34

2026-08-21T04:02:37.621Z,34.2,72.44

2026-08-21T04:02:42.621Z,34.19,72.44

2026-08-21T04:02:47.622Z,34.2,72.47

2026-08-21T04:02:52.626Z,34.19,72.49

2026-08-21T04:02:57.637Z,34.19,72.53

2026-08-21T04:03:02.624Z,34.19,72.47

2026-08-21T04:03:07.626Z,34.19,72.55

2026-08-21T04:03:12.624Z,34.19,72.6

2026-08-21T04:03:17.626Z,34.19,72.58

2026-08-21T04:03:22.633Z,34.18,72.63

2026-08-21T04:03:27.641Z,34.18,72.7

2026-08-21T04:03:32.628Z,34.18,72.64

2026-08-21T04:03:37.631Z,34.18,72.6

2026-08-21T04:03:42.632Z,34.19,72.59

2026-08-21T04:03:47.631Z,34.19,72.61

2026-08-21T04:03:52.645Z,34.19,72.54

2026-08-21T04:03:57.657Z,34.15,72.61

2026-08-21T04:04:02.645Z,34.19,72.56

2026-08-21T04:04:07.646Z,34.2,72.59

2026-08-21T04:04:12.646Z,34.19,72.6

2026-08-21T04:04:17.646Z,34.2,72.62

2026-08-21T04:04:22.650Z,34.21,72.63

2026-08-21T04:04:27.662Z,34.19,72.64

2026-08-21T04:04:32.650Z,34.19,72.67

2026-08-21T04:04:37.650Z,34.2,72.65

2026-08-21T04:04:42.648Z,34.2,72.7

2026-08-21T04:04:47.650Z,34.2,72.68

2026-08-21T04:04:52.650Z,34.19,72.7

2026-08-21T04:04:57.660Z,34.21,72.7

2026-08-21T04:05:02.649Z,34.19,72.74

2026-08-21T04:05:07.650Z,34.2,72.67

2026-08-21T04:05:12.651Z,34.18,72.66

2026-08-21T04:05:17.650Z,34.19,72.66

2026-08-21T04:05:22.662Z,34.2,72.68

2026-08-21T04:05:27.673Z,34.19,72.69

2026-08-21T04:05:32.662Z,34.18,72.69

2026-08-21T04:05:37.662Z,34.19,72.63

2026-08-21T04:05:42.662Z,34.18,72.65

2026-08-21T04:05:47.661Z,34.18,72.66

2026-08-21T04:05:52.668Z,34.2,72.67

2026-08-21T04:05:57.677Z,34.19,72.65

2026-08-21T04:06:02.665Z,34.19,72.64

2026-08-21T04:06:07.668Z,34.21,72.65

2026-08-21T04:06:12.668Z,34.17,72.64

2026-08-21T04:06:17.670Z,34.18,72.66

2026-08-21T04:06:22.682Z,34.19,72.61

2026-08-21T04:06:27.701Z,34.19,72.61

2026-08-21T04:06:32.682Z,34.2,72.52

2026-08-21T04:06:37.683Z,34.2,72.48

2026-08-21T04:06:42.681Z,34.2,72.45

2026-08-21T04:06:47.684Z,34.17,72.31

2026-08-21T04:06:52.693Z,34.2,72.28

2026-08-21T04:06:57.705Z,34.2,72.27

2026-08-21T04:07:02.693Z,34.2,72.24

2026-08-21T04:07:07.694Z,34.2,72.31

2026-08-21T04:07:12.694Z,34.21,72.19

2026-08-21T04:07:17.694Z,34.2,72.19

2026-08-21T04:07:22.698Z,34.21,72.09

2026-08-21T04:07:27.710Z,34.21,72.02

2026-08-21T04:07:32.700Z,34.2,71.89

2026-08-21T04:07:37.700Z,34.2,71.8

2026-08-21T04:07:42.700Z,34.18,71.79

2026-08-21T04:07:47.701Z,34.21,71.83

2026-08-21T04:07:52.710Z,34.22,71.84

2026-08-21T04:07:57.726Z,34.21,71.93

2026-08-21T04:08:02.708Z,34.2,71.97

2026-08-21T04:08:07.708Z,34.21,72.01

2026-08-21T04:08:12.708Z,34.21,72.05

2026-08-21T04:08:17.708Z,34.21,72.07

2026-08-21T04:08:22.722Z,34.22,72.1

2026-08-21T04:08:27.731Z,34.21,72.16

2026-08-21T04:08:32.724Z,34.23,72.18

2026-08-21T04:08:37.721Z,34.23,72.15

2026-08-21T04:08:42.720Z,34.23,72.03

2026-08-21T04:08:47.720Z,34.23,71.96

2026-08-21T04:08:52.724Z,34.23,71.78

2026-08-21T04:08:57.730Z,34.22,71.73

2026-08-21T04:09:02.722Z,34.23,71.57

2026-08-21T04:09:07.721Z,34.23,71.59

2026-08-21T04:09:12.720Z,34.22,71.54

2026-08-21T04:09:17.736Z,34.21,71.56

2026-08-21T04:09:22.721Z,34.23,71.45

2026-08-21T04:09:27.723Z,34.23,71.49

2026-08-21T04:09:32.723Z,34.23,71.43

2026-08-21T04:09:37.722Z,34.22,71.58

2026-08-21T04:09:42.723Z,34.24,71.75

2026-08-21T04:09:47.735Z,34.22,71.88

2026-08-21T04:09:52.725Z,34.22,71.95

2026-08-21T04:09:57.725Z,34.22,72.04

2026-08-21T04:10:02.729Z,34.21,71.99

2026-08-21T04:10:07.739Z,34.21,71.95

2026-08-21T04:10:12.728Z,34.24,71.82

2026-08-21T04:10:17.729Z,34.22,71.81

2026-08-21T04:10:22.729Z,34.22,71.69

2026-08-21T04:10:27.730Z,34.23,71.7

2026-08-21T04:10:32.757Z,34.22,71.59

2026-08-21T04:10:37.767Z,34.23,71.61

2026-08-21T04:10:42.757Z,34.23,71.64

2026-08-21T04:10:47.757Z,34.21,71.47

2026-08-21T04:10:52.756Z,34.21,71.52

2026-08-21T04:10:57.756Z,34.22,71.56

2026-08-21T04:11:02.757Z,34.21,71.61

2026-08-21T04:11:07.771Z,34.23,71.6

2026-08-21T04:11:12.758Z,34.23,71.59

2026-08-21T04:11:17.758Z,34.24,71.6

2026-08-21T04:11:22.759Z,34.21,71.6

2026-08-21T04:11:27.758Z,34.23,71.59

2026-08-21T04:11:32.759Z,34.21,71.57

2026-08-21T04:11:37.772Z,34.22,71.62

2026-08-21T04:11:42.758Z,34.21,71.65

2026-08-21T04:11:47.759Z,34.22,71.66

2026-08-21T04:11:52.758Z,34.22,71.69

2026-08-21T04:11:57.759Z,34.23,71.76

2026-08-21T04:12:02.781Z,34.23,71.76

2026-08-21T04:12:07.791Z,34.22,71.76

2026-08-21T04:12:12.779Z,34.22,71.71

2026-08-21T04:12:17.780Z,34.23,71.62

2026-08-21T04:12:22.780Z,34.21,71.57

2026-08-21T04:12:27.782Z,34.22,71.57

2026-08-21T04:12:32.781Z,34.21,71.54

2026-08-21T04:12:37.797Z,34.22,71.57

2026-08-21T04:12:42.781Z,34.22,71.6

2026-08-21T04:12:47.781Z,34.24,71.6

2026-08-21T04:12:52.788Z,34.26,71.53

2026-08-21T04:12:57.795Z,34.25,71.57

2026-08-21T04:13:02.786Z,34.24,71.54

2026-08-21T04:13:07.786Z,34.23,71.61

2026-08-21T04:13:12.787Z,34.23,71.58

2026-08-21T04:13:17.785Z,34.23,71.57

2026-08-21T04:13:22.787Z,34.22,71.58

2026-08-21T04:13:27.795Z,34.23,71.73

2026-08-21T04:13:32.785Z,34.24,71.72

2026-08-21T04:13:37.787Z,34.25,71.69

2026-08-21T04:13:42.787Z,34.23,71.66

2026-08-21T04:13:47.787Z,34.24,71.62

2026-08-21T04:13:52.787Z,34.21,71.44

2026-08-21T04:13:57.803Z,34.22,71.41

2026-08-21T04:14:02.790Z,34.24,71.43

2026-08-21T04:14:07.790Z,34.24,71.36

2026-08-21T04:14:12.787Z,34.22,71.26

2026-08-21T04:14:17.787Z,34.23,71.15

2026-08-21T04:14:22.794Z,34.23,71.13

2026-08-21T04:14:27.808Z,34.22,71.11

2026-08-21T04:14:32.793Z,34.22,71.21

2026-08-21T04:14:37.794Z,34.2,71.23

2026-08-21T04:14:42.795Z,34.21,71.19

2026-08-21T04:14:47.794Z,34.22,71.23

2026-08-21T04:14:52.810Z,34.22,71.28

2026-08-21T04:14:57.820Z,34.2,71.45

2026-08-21T04:15:02.808Z,34.21,71.36

2026-08-21T04:15:07.810Z,34.21,71.07

2026-08-21T04:15:12.808Z,34.19,70.88

2026-08-21T04:15:17.813Z,34.2,70.89

2026-08-21T04:15:22.823Z,34.2,70.95

2026-08-21T04:15:27.832Z,34.2,71.01

2026-08-21T04:15:32.823Z,34.21,70.99

2026-08-21T04:15:37.822Z,34.2,71

2026-08-21T04:15:42.822Z,34.21,71.02

2026-08-21T04:15:47.821Z,34.21,70.97

2026-08-21T04:15:52.827Z,34.22,70.96

2026-08-21T04:15:57.839Z,34.22,70.96

2026-08-21T04:16:02.830Z,34.19,70.98

2026-08-21T04:16:07.828Z,34.22,70.86

2026-08-21T04:16:12.828Z,34.21,70.91

2026-08-21T04:16:17.826Z,34.21,70.87

2026-08-21T04:16:22.840Z,34.23,70.93

2026-08-21T04:16:27.853Z,34.21,71.13

2026-08-21T04:16:32.840Z,34.22,71.09

2026-08-21T04:16:37.838Z,34.2,71.1

2026-08-21T04:16:42.841Z,34.2,71.12

2026-08-21T04:16:47.839Z,34.21,71.14

2026-08-21T04:16:52.838Z,34.24,71.2

2026-08-21T04:16:57.854Z,34.21,71.19

2026-08-21T04:17:02.840Z,34.24,71.06

2026-08-21T04:17:07.840Z,34.2,71.05

2026-08-21T04:17:12.839Z,34.21,71.02

2026-08-21T04:17:17.839Z,34.21,71.03

2026-08-21T04:17:22.853Z,34.22,71.02

2026-08-21T04:17:27.865Z,34.21,71

2026-08-21T04:17:32.852Z,34.22,70.95

2026-08-21T04:17:37.857Z,34.2,70.91

2026-08-21T04:17:42.857Z,34.2,70.97

2026-08-21T04:17:47.854Z,34.21,70.96

2026-08-21T04:17:52.863Z,34.21,71.01

2026-08-21T04:17:57.876Z,34.19,71.02

2026-08-21T04:18:02.859Z,34.21,70.99

2026-08-21T04:18:07.860Z,34.21,71.02

2026-08-21T04:18:12.861Z,34.21,71

2026-08-21T04:18:17.861Z,34.22,71.06

2026-08-21T04:18:22.878Z,34.23,71.07

2026-08-21T04:18:27.894Z,34.21,71.09

2026-08-21T04:18:32.878Z,34.22,71.07

2026-08-21T04:18:37.879Z,34.22,71.14

2026-08-21T04:18:42.878Z,34.22,71.16

2026-08-21T04:18:47.880Z,34.23,71.25

2026-08-21T04:18:52.883Z,34.23,71.19

2026-08-21T04:18:57.895Z,34.23,71.33

2026-08-21T04:19:02.882Z,34.24,71.26

2026-08-21T04:19:07.885Z,34.24,71.28

2026-08-21T04:19:12.885Z,34.25,71.25

2026-08-21T04:19:17.884Z,34.25,71.24

2026-08-21T04:19:22.894Z,34.22,71.32

2026-08-21T04:19:27.908Z,34.25,71.42

2026-08-21T04:19:32.900Z,34.27,71.5

2026-08-21T04:19:37.893Z,34.25,71.46

2026-08-21T04:19:42.894Z,34.24,71.33

2026-08-21T04:19:47.894Z,34.25,71.21

2026-08-21T04:19:52.901Z,34.25,71.21

2026-08-21T04:19:57.911Z,34.23,71.24

2026-08-21T04:20:02.897Z,34.25,71.24

2026-08-21T04:20:07.910Z,34.23,71.28

2026-08-21T04:20:12.899Z,34.25,71.26

2026-08-21T04:20:17.900Z,34.25,71.21

2026-08-21T04:20:22.899Z,34.26,71.18

2026-08-21T04:20:27.909Z,34.26,71.17

2026-08-21T04:20:32.899Z,34.27,71.08

2026-08-21T04:20:37.898Z,34.25,71.11

2026-08-21T04:20:42.898Z,34.27,70.96

2026-08-21T04:20:47.909Z,34.26,70.95

2026-08-21T04:20:52.901Z,34.25,70.93

2026-08-21T04:20:57.898Z,34.27,70.9

2026-08-21T04:21:02.901Z,34.28,70.95

2026-08-21T04:21:07.902Z,34.28,70.9

2026-08-21T04:21:12.901Z,34.27,70.9

2026-08-21T04:21:17.918Z,34.24,70.99

2026-08-21T04:21:22.904Z,34.27,70.93

2026-08-21T04:21:27.903Z,34.26,70.93

2026-08-21T04:21:32.902Z,34.26,71.01

2026-08-21T04:21:37.905Z,34.26,71.04

2026-08-21T04:21:42.904Z,34.24,70.98

2026-08-21T04:21:47.919Z,34.25,71

2026-08-21T04:21:52.905Z,34.24,70.9

2026-08-21T04:21:57.906Z,34.27,70.88

2026-08-21T04:22:02.906Z,34.26,70.83

2026-08-21T04:22:07.906Z,34.25,70.84

2026-08-21T04:22:12.914Z,34.25,70.64

2026-08-21T04:22:17.930Z,34.24,70.51

2026-08-21T04:22:22.914Z,34.27,70.43

2026-08-21T04:22:27.916Z,34.25,70.38

2026-08-21T04:22:32.914Z,34.24,70.43

2026-08-21T04:22:37.915Z,34.24,70.43

2026-08-21T04:22:42.939Z,34.25,70.47

2026-08-21T04:22:47.949Z,34.25,70.52

2026-08-21T04:22:52.936Z,34.23,70.5

2026-08-21T04:22:57.937Z,34.27,70.5

2026-08-21T04:23:02.938Z,34.27,70.49

2026-08-21T04:23:07.950Z,34.24,70.63

2026-08-21T04:23:12.935Z,34.28,70.59

2026-08-21T04:23:17.938Z,34.24,70.56

2026-08-21T04:23:22.939Z,34.25,70.4

2026-08-21T04:23:27.940Z,34.24,70.3

2026-08-21T04:23:32.939Z,34.26,70.28

2026-08-21T04:23:37.952Z,34.23,70.2

2026-08-21T04:23:42.940Z,34.22,69.93

2026-08-21T04:23:47.940Z,34.22,69.88

2026-08-21T04:23:52.940Z,34.22,69.83

2026-08-21T04:23:57.940Z,34.24,69.88

2026-08-21T04:24:02.947Z,34.21,70.02

2026-08-21T04:24:07.956Z,34.21,70.14

2026-08-21T04:24:12.945Z,34.23,70.21

2026-08-21T04:24:17.946Z,34.22,70.2

2026-08-21T04:24:22.947Z,34.22,70.24

2026-08-21T04:24:27.944Z,34.22,70.29

2026-08-21T04:24:32.953Z,34.21,70.43

2026-08-21T04:24:37.968Z,34.23,70.48

2026-08-21T04:24:42.953Z,34.24,70.43

2026-08-21T04:24:47.952Z,34.22,70.32

2026-08-21T04:24:52.954Z,34.21,70.41

2026-08-21T04:24:57.953Z,34.22,70.38

2026-08-21T04:25:02.967Z,34.23,70.38

2026-08-21T04:25:07.975Z,34.22,70.44

2026-08-21T04:25:12.962Z,34.23,70.43

2026-08-21T04:25:17.962Z,34.21,70.37

2026-08-21T04:25:22.960Z,34.21,70.34

2026-08-21T04:25:27.965Z,34.2,70.31

2026-08-21T04:25:32.974Z,34.22,70.32

2026-08-21T04:25:37.985Z,34.2,70.31

2026-08-21T04:25:42.972Z,34.21,70.3

2026-08-21T04:25:47.973Z,34.21,70.27

2026-08-21T04:25:52.972Z,34.23,70.27

2026-08-21T04:25:57.974Z,34.21,70.31

2026-08-21T04:26:02.987Z,34.2,70.25

2026-08-21T04:26:08.000Z,34.22,70.07

2026-08-21T04:26:12.986Z,34.22,70.11

2026-08-21T04:26:17.988Z,34.22,70.08

2026-08-21T04:26:22.987Z,34.21,70.16

2026-08-21T04:26:27.989Z,34.22,70.2

2026-08-21T04:26:33.000Z,34.2,70.26

2026-08-21T04:26:38.011Z,34.2,70.2

2026-08-21T04:26:43.001Z,34.22,70.21

2026-08-21T04:26:48.001Z,34.23,70.22

2026-08-21T04:26:53.001Z,34.23,70.15

2026-08-21T04:26:58.002Z,34.21,70.19

2026-08-21T04:27:03.007Z,34.23,70.18

2026-08-21T04:27:08.016Z,34.21,70.26

2026-08-21T04:27:13.003Z,34.22,70.25

2026-08-21T04:27:18.003Z,34.24,70.22

2026-08-21T04:27:23.003Z,34.2,70.28

2026-08-21T04:27:28.005Z,34.24,70.3

2026-08-21T04:27:33.022Z,34.22,70.4

2026-08-21T04:27:38.033Z,34.22,70.39

2026-08-21T04:27:43.020Z,34.23,70.33

2026-08-21T04:27:48.020Z,34.22,70.29

2026-08-21T04:27:53.019Z,34.24,70.26

2026-08-21T04:27:58.018Z,34.21,70.3

2026-08-21T04:28:03.023Z,34.22,70.28

2026-08-21T04:28:08.036Z,34.21,70.38

2026-08-21T04:28:13.021Z,34.24,70.25

2026-08-21T04:28:18.021Z,34.24,70.33

2026-08-21T04:28:23.021Z,34.23,70.29

2026-08-21T04:28:28.033Z,34.23,70.41

2026-08-21T04:28:33.023Z,34.24,70.36

2026-08-21T04:28:38.023Z,34.22,70.37

2026-08-21T04:28:43.028Z,34.24,70.39

2026-08-21T04:28:48.027Z,34.24,70.36

2026-08-21T04:28:53.046Z,34.24,70.39

2026-08-21T04:28:58.049Z,34.24,70.38

2026-08-21T04:29:03.041Z,34.22,70.38

2026-08-21T04:29:08.046Z,34.23,70.4

2026-08-21T04:29:13.045Z,34.23,70.39

2026-08-21T04:29:18.046Z,34.23,70.42

2026-08-21T04:29:23.055Z,34.24,70.39

2026-08-21T04:29:28.065Z,34.21,70.43

2026-08-21T04:29:33.054Z,34.22,70.42

2026-08-21T04:29:38.055Z,34.23,70.49

2026-08-21T04:29:43.055Z,34.24,70.48

2026-08-21T04:29:48.057Z,34.23,70.47

2026-08-21T04:29:53.071Z,34.21,70.42

2026-08-21T04:29:58.078Z,34.24,70.47

2026-08-21T04:30:03.068Z,34.24,70.43

2026-08-21T04:30:08.068Z,34.23,70.47

2026-08-21T04:30:13.070Z,34.23,70.46

2026-08-21T04:30:18.070Z,34.23,70.59

2026-08-21T04:30:23.075Z,34.23,70.53

2026-08-21T04:30:28.090Z,34.23,70.57

2026-08-21T04:30:33.077Z,34.23,70.59

2026-08-21T04:30:38.076Z,34.22,70.57

2026-08-21T04:30:43.075Z,34.21,70.6

2026-08-21T04:30:48.075Z,34.21,70.56

2026-08-21T04:30:53.088Z,34.22,70.61

2026-08-21T04:30:58.098Z,34.21,70.64

2026-08-21T04:31:03.085Z,34.21,70.62

2026-08-21T04:31:08.085Z,34.21,70.61

2026-08-21T04:31:13.085Z,34.22,70.59

2026-08-21T04:31:18.086Z,34.22,70.56

2026-08-21T04:31:23.097Z,34.22,70.67

2026-08-21T04:31:28.090Z,34.21,70.71

2026-08-21T04:31:33.090Z,34.2,70.64

2026-08-21T04:31:38.102Z,34.2,70.79

2026-08-21T04:31:43.089Z,34.21,70.67

2026-08-21T04:31:48.089Z,34.21,70.72

2026-08-21T04:31:53.090Z,34.2,70.7

2026-08-21T04:31:58.100Z,34.23,70.66

2026-08-21T04:32:03.090Z,34.19,70.76

2026-08-21T04:32:08.088Z,34.22,70.79

2026-08-21T04:32:13.090Z,34.22,70.78

2026-08-21T04:32:18.093Z,34.2,70.84

2026-08-21T04:32:23.091Z,34.24,70.9

2026-08-21T04:32:28.111Z,34.21,70.86

2026-08-21T04:32:33.095Z,34.21,70.91

2026-08-21T04:32:38.096Z,34.22,71.02

2026-08-21T04:32:43.098Z,34.22,71.04

2026-08-21T04:32:48.103Z,34.23,71.06

2026-08-21T04:32:53.094Z,34.2,70.96

2026-08-21T04:32:58.100Z,34.2,71

2026-08-21T04:33:03.097Z,34.22,71.03

2026-08-21T04:33:08.096Z,34.23,71.02

2026-08-21T04:33:13.115Z,34.2,71.05

2026-08-21T04:33:18.125Z,34.21,71.12

2026-08-21T04:33:23.114Z,34.21,71.1

2026-08-21T04:33:28.115Z,34.21,71.04

2026-08-21T04:33:33.115Z,34.21,71.08

2026-08-21T04:33:38.114Z,34.22,71.06

2026-08-21T04:33:43.125Z,34.21,71.06

2026-08-21T04:33:48.136Z,34.19,71.12

2026-08-21T04:33:53.123Z,34.22,71.1

2026-08-21T04:33:58.124Z,34.2,71.11

2026-08-21T04:34:03.124Z,34.21,71.15

2026-08-21T04:34:08.126Z,34.22,71.16

2026-08-21T04:34:13.139Z,34.21,71.15

2026-08-21T04:34:18.148Z,34.21,71.15

2026-08-21T04:34:23.138Z,34.22,71.09

2026-08-21T04:34:28.138Z,34.2,71.08

2026-08-21T04:34:33.135Z,34.22,71.09

2026-08-21T04:34:38.138Z,34.2,71.16

2026-08-21T04:34:43.149Z,34.22,71.09

2026-08-21T04:34:48.162Z,34.2,71.15

2026-08-21T04:34:53.148Z,34.21,71.16

2026-08-21T04:34:58.148Z,34.19,71.14

2026-08-21T04:35:03.149Z,34.21,71.16

2026-08-21T04:35:08.147Z,34.21,71.15

2026-08-21T04:35:13.147Z,34.2,71.15

2026-08-21T04:35:18.159Z,34.2,71.23

2026-08-21T04:35:23.147Z,34.21,71.14

2026-08-21T04:35:28.149Z,34.21,71.1

2026-08-21T04:35:33.159Z,34.19,71.05

2026-08-21T04:35:38.151Z,34.22,71.08

2026-08-21T04:35:43.153Z,34.2,71.05

2026-08-21T04:35:48.165Z,34.21,71.13

2026-08-21T04:35:53.154Z,34.21,71.12

2026-08-21T04:35:58.153Z,34.21,71.16

2026-08-21T04:36:03.155Z,34.21,71.17

2026-08-21T04:36:08.153Z,34.21,71.16

2026-08-21T04:36:13.156Z,34.2,71.17

2026-08-21T04:36:18.173Z,34.22,71.24

2026-08-21T04:36:23.156Z,34.23,71.23

2026-08-21T04:36:28.156Z,34.22,71.24

2026-08-21T04:36:33.155Z,34.21,71.35

2026-08-21T04:36:38.161Z,34.21,71.31

2026-08-21T04:36:43.161Z,34.2,71.23

2026-08-21T04:36:48.174Z,34.21,71.36

2026-08-21T04:36:53.155Z,34.21,71.3

2026-08-21T04:36:58.158Z,34.21,71.32

2026-08-21T04:37:03.158Z,34.22,71.37

2026-08-21T04:37:08.160Z,34.22,71.24

2026-08-21T04:37:13.159Z,34.21,71.29

2026-08-21T04:37:18.172Z,34.22,71.28

2026-08-21T04:37:23.160Z,34.21,71.18

2026-08-21T04:37:28.161Z,34.21,71.25

2026-08-21T04:37:33.162Z,34.18,71.22

2026-08-21T04:37:38.160Z,34.21,71.23

2026-08-21T04:37:43.169Z,34.21,71.27

2026-08-21T04:37:48.178Z,34.19,71.33

2026-08-21T04:37:53.166Z,34.2,71.29

2026-08-21T04:37:58.167Z,34.22,71.33

2026-08-21T04:38:03.168Z,34.22,71.36

2026-08-21T04:38:08.168Z,34.2,71.37

2026-08-21T04:38:13.173Z,34.19,71.39

2026-08-21T04:38:18.183Z,34.2,71.44

2026-08-21T04:38:23.171Z,34.23,71.32

2026-08-21T04:38:28.172Z,34.22,71.33

2026-08-21T04:38:33.172Z,34.21,71.31

2026-08-21T04:38:38.174Z,34.2,71.35

2026-08-21T04:38:43.176Z,34.21,71.25

2026-08-21T04:38:48.186Z,34.22,71.3

2026-08-21T04:38:53.176Z,34.22,71.38

2026-08-21T04:38:58.173Z,34.21,71.3

2026-08-21T04:39:03.174Z,34.22,71.37

2026-08-21T04:39:08.173Z,34.22,71.37

2026-08-21T04:39:13.185Z,34.22,71.3

2026-08-21T04:39:18.194Z,34.22,71.37

2026-08-21T04:39:23.184Z,34.22,71.37

2026-08-21T04:39:28.185Z,34.22,71.28

2026-08-21T04:39:33.185Z,34.23,71.31

2026-08-21T04:39:38.182Z,34.24,71.27

2026-08-21T04:39:43.195Z,34.23,71.35

2026-08-21T04:39:48.207Z,34.23,71.26

2026-08-21T04:39:53.196Z,34.21,71.25

2026-08-21T04:39:58.195Z,34.24,71.25

2026-08-21T04:40:03.196Z,34.24,71.28

2026-08-21T04:40:08.196Z,34.23,71.28

2026-08-21T04:40:13.209Z,34.23,71.29

2026-08-21T04:40:18.222Z,34.22,71.21

2026-08-21T04:40:23.208Z,34.25,71.16

2026-08-21T04:40:28.208Z,34.24,71.13

2026-08-21T04:40:33.206Z,34.23,71.15

2026-08-21T04:40:38.208Z,34.23,71.09

2026-08-21T04:40:43.209Z,34.24,71.1

2026-08-21T04:40:48.221Z,34.24,71.05

2026-08-21T04:40:53.209Z,34.25,71.05

2026-08-21T04:40:58.210Z,34.23,71.01

2026-08-21T04:41:03.211Z,34.24,70.98

2026-08-21T04:41:08.210Z,34.23,70.97

2026-08-21T04:41:13.220Z,34.25,70.93

2026-08-21T04:41:18.233Z,34.24,71.02

2026-08-21T04:41:23.219Z,34.25,70.93

2026-08-21T04:41:28.219Z,34.24,70.91

2026-08-21T04:41:33.219Z,34.25,70.95

2026-08-21T04:41:38.219Z,34.26,70.95

2026-08-21T04:41:43.225Z,34.24,70.97

2026-08-21T04:41:48.237Z,34.25,70.9

2026-08-21T04:41:53.225Z,34.24,70.89

2026-08-21T04:41:58.225Z,34.26,70.85

2026-08-21T04:42:03.226Z,34.27,70.87

2026-08-21T04:42:08.224Z,34.25,70.88

2026-08-21T04:42:13.238Z,34.26,70.9

2026-08-21T04:42:18.249Z,34.25,70.95

2026-08-21T04:42:23.239Z,34.25,70.95

2026-08-21T04:42:28.239Z,34.25,70.95

2026-08-21T04:42:33.235Z,34.25,70.89

2026-08-21T04:42:38.240Z,34.26,70.89

2026-08-21T04:42:43.252Z,34.26,70.93

2026-08-21T04:42:48.267Z,34.25,70.91

2026-08-21T04:42:53.251Z,34.24,70.89

2026-08-21T04:42:58.254Z,34.24,70.93

2026-08-21T04:43:03.253Z,34.25,70.82

2026-08-21T04:43:08.254Z,34.25,70.87

2026-08-21T04:43:13.260Z,34.26,70.92

2026-08-21T04:43:18.272Z,34.26,70.88

2026-08-21T04:43:23.259Z,34.25,70.85

2026-08-21T04:43:28.261Z,34.25,70.76

2026-08-21T04:43:33.260Z,34.27,70.83

2026-08-21T04:43:38.259Z,34.26,70.77

2026-08-21T04:43:43.267Z,34.25,70.82

2026-08-21T04:43:48.281Z,34.24,70.84

2026-08-21T04:43:53.265Z,34.25,70.89

2026-08-21T04:43:58.269Z,34.25,70.88

2026-08-21T04:44:03.269Z,34.25,70.88

2026-08-21T04:44:08.269Z,34.25,71.02

2026-08-21T04:44:13.276Z,34.26,71.06

2026-08-21T04:44:18.289Z,34.25,71.07

2026-08-21T04:44:23.274Z,34.26,70.95

2026-08-21T04:44:28.274Z,34.25,71.06

2026-08-21T04:44:33.276Z,34.26,71

2026-08-21T04:44:38.277Z,34.25,71.05

2026-08-21T04:44:43.287Z,34.24,71.1

2026-08-21T04:44:48.298Z,34.25,71.12

2026-08-21T04:44:53.288Z,34.24,71.08

2026-08-21T04:44:58.302Z,34.24,71.13

2026-08-21T04:45:03.292Z,34.24,71.1

2026-08-21T04:45:08.303Z,34.25,71.09

2026-08-21T04:45:13.290Z,34.25,71.09

2026-08-21T04:45:18.292Z,34.24,71.08

2026-08-21T04:45:23.290Z,34.24,71.08

2026-08-21T04:45:28.293Z,34.24,71.11

2026-08-21T04:45:33.292Z,34.25,71.17

2026-08-21T04:45:38.306Z,34.23,71.19

2026-08-21T04:45:43.289Z,34.24,71.19

2026-08-21T04:45:48.290Z,34.25,71.11

2026-08-21T04:45:53.288Z,34.22,71.16

2026-08-21T04:45:58.292Z,34.23,71.15

2026-08-21T04:46:03.298Z,34.24,71.12

2026-08-21T04:46:08.308Z,34.24,71.11

2026-08-21T04:46:13.293Z,34.24,71.12

2026-08-21T04:46:18.293Z,34.22,71.08

2026-08-21T04:46:23.295Z,34.24,71.07

2026-08-21T04:46:28.296Z,34.22,71.02

2026-08-21T04:46:33.304Z,34.21,71.11

2026-08-21T04:46:38.311Z,34.22,71.12

2026-08-21T04:46:43.299Z,34.22,71.12

2026-08-21T04:46:48.301Z,34.22,71.15

2026-08-21T04:46:53.300Z,34.22,71.23

2026-08-21T04:46:58.302Z,34.2,71.26

2026-08-21T04:47:03.304Z,34.22,71.26

2026-08-21T04:47:08.315Z,34.22,71.3

2026-08-21T04:47:13.303Z,34.2,71.33

2026-08-21T04:47:18.305Z,34.22,71.23

2026-08-21T04:47:23.307Z,34.22,71.33

2026-08-21T04:47:28.307Z,34.21,71.34

2026-08-21T04:47:33.333Z,34.21,71.29

2026-08-21T04:47:38.337Z,34.22,71.33

2026-08-21T04:47:43.331Z,34.21,71.38

2026-08-21T04:47:48.329Z,34.22,71.35

2026-08-21T04:47:53.327Z,34.22,71.28

2026-08-21T04:47:58.328Z,34.22,71.34

2026-08-21T04:48:03.337Z,34.22,71.31

2026-08-21T04:48:08.344Z,34.22,71.29

2026-08-21T04:48:13.337Z,34.21,71.37

2026-08-21T04:48:18.338Z,34.21,71.33

2026-08-21T04:48:23.337Z,34.22,71.36

2026-08-21T04:48:28.338Z,34.23,71.4

2026-08-21T04:48:33.343Z,34.21,71.4

2026-08-21T04:48:38.356Z,34.23,71.4

2026-08-21T04:48:43.343Z,34.23,71.39

2026-08-21T04:48:48.345Z,34.23,71.36

2026-08-21T04:48:53.346Z,34.22,71.41

2026-08-21T04:48:58.346Z,34.22,71.47

2026-08-21T04:49:03.357Z,34.24,71.43

2026-08-21T04:49:08.369Z,34.24,71.44

2026-08-21T04:49:13.356Z,34.22,71.48

2026-08-21T04:49:18.356Z,34.23,71.41

2026-08-21T04:49:23.355Z,34.22,71.48

2026-08-21T04:49:28.357Z,34.24,71.46

2026-08-21T04:49:33.358Z,34.23,71.49

2026-08-21T04:49:38.370Z,34.23,71.5

2026-08-21T04:49:43.356Z,34.22,71.54

2026-08-21T04:49:48.357Z,34.23,71.5

2026-08-21T04:49:53.358Z,34.21,71.52

2026-08-21T04:49:58.358Z,34.22,71.5

2026-08-21T04:50:03.362Z,34.24,71.55

2026-08-21T04:50:08.374Z,34.23,71.53

2026-08-21T04:50:13.364Z,34.23,71.43

2026-08-21T04:50:18.364Z,34.24,71.46

2026-08-21T04:50:23.365Z,34.23,71.47

2026-08-21T04:50:28.362Z,34.23,71.46

2026-08-21T04:50:33.362Z,34.21,71.44

2026-08-21T04:50:38.374Z,34.22,71.52

2026-08-21T04:50:43.372Z,34.22,71.48

2026-08-21T04:50:48.366Z,34.22,71.42

2026-08-21T04:50:53.365Z,34.23,71.41

2026-08-21T04:50:58.368Z,34.23,71.42

2026-08-21T04:51:03.372Z,34.2,71.42

2026-08-21T04:51:08.384Z,34.2,71.33

2026-08-21T04:51:13.372Z,34.17,71.38

2026-08-21T04:51:18.377Z,34.15,71.44

2026-08-21T04:51:23.379Z,34.15,71.44

2026-08-21T04:51:28.399Z,34.15,71.43

2026-08-21T04:51:33.379Z,34.16,71.36

2026-08-21T04:51:38.380Z,34.17,71.49

2026-08-21T04:51:43.382Z,34.17,71.41

2026-08-21T04:51:48.392Z,34.18,71.47

2026-08-21T04:51:53.381Z,34.17,71.41

2026-08-21T04:51:58.382Z,34.16,71.53

2026-08-21T04:52:03.380Z,34.15,71.55

2026-08-21T04:52:08.382Z,34.15,71.66

2026-08-21T04:52:13.398Z,34.14,71.48

2026-08-21T04:52:18.416Z,34.15,71.41

2026-08-21T04:52:23.399Z,34.17,71.37

2026-08-21T04:52:28.398Z,34.17,71.29

2026-08-21T04:52:33.399Z,34.15,71.3

2026-08-21T04:52:38.402Z,34.18,71.27

2026-08-21T04:52:43.400Z,34.16,71.3

2026-08-21T04:52:48.411Z,34.17,71.32

2026-08-21T04:52:53.400Z,34.17,71.18

2026-08-21T04:52:58.400Z,34.17,71.2

2026-08-21T04:53:03.402Z,34.13,71.12

2026-08-21T04:53:08.402Z,34.12,71

2026-08-21T04:53:13.402Z,34.13,70.94

2026-08-21T04:53:18.416Z,34.12,70.99

2026-08-21T04:53:23.402Z,34.12,71

2026-08-21T04:53:28.400Z,34.13,71.01

2026-08-21T04:53:33.402Z,34.13,71.12

2026-08-21T04:53:38.404Z,34.13,71.29

2026-08-21T04:53:43.403Z,34.13,71.4

2026-08-21T04:53:48.415Z,34.12,71.36

2026-08-21T04:53:53.404Z,34.13,71.34

2026-08-21T04:53:58.406Z,34.12,71.35

2026-08-21T04:54:03.404Z,34.12,71.31

2026-08-21T04:54:08.404Z,34.11,71.45

2026-08-21T04:54:13.424Z,34.12,71.59

2026-08-21T04:54:18.415Z,34.11,71.46

2026-08-21T04:54:23.416Z,34.11,71.41

2026-08-21T04:54:28.416Z,34.12,71.32

2026-08-21T04:54:33.417Z,34.12,71.24

2026-08-21T04:54:38.425Z,34.12,71.29

2026-08-21T04:54:43.415Z,34.1,71.28

2026-08-21T04:54:48.417Z,34.14,71.2

2026-08-21T04:54:53.417Z,34.13,71.23

2026-08-21T04:54:58.418Z,34.12,71.39

2026-08-21T04:55:03.429Z,34.14,71.39

2026-08-21T04:55:08.447Z,34.12,71.41

2026-08-21T04:55:13.427Z,34.12,71.24

2026-08-21T04:55:18.429Z,34.12,71.25

2026-08-21T04:55:23.428Z,34.13,71.19

2026-08-21T04:55:28.429Z,34.13,71.27

2026-08-21T04:55:33.445Z,34.14,71.26

2026-08-21T04:55:38.457Z,34.12,71.35

2026-08-21T04:55:43.442Z,34.13,71.34

2026-08-21T04:55:48.443Z,34.15,71.34

2026-08-21T04:55:53.446Z,34.13,71.36

2026-08-21T04:55:58.445Z,34.14,71.46

2026-08-21T04:56:03.457Z,34.12,71.35

2026-08-21T04:56:08.469Z,34.12,71.39

2026-08-21T04:56:13.452Z,34.13,71.34

2026-08-21T04:56:18.453Z,34.13,71.34

2026-08-21T04:56:23.453Z,34.14,71.44

2026-08-21T04:56:28.456Z,34.12,71.34

2026-08-21T04:56:33.473Z,34.11,71.25

2026-08-21T04:56:38.487Z,34.12,71.2

2026-08-21T04:56:43.472Z,34.13,71.28

2026-08-21T04:56:48.475Z,34.12,71.33

2026-08-21T04:56:53.475Z,34.11,71.33

2026-08-21T04:56:58.475Z,34.1,71.35

2026-08-21T04:57:03.478Z,34.11,71.31

2026-08-21T04:57:08.488Z,34.09,71.32

2026-08-21T04:57:13.478Z,34.11,71.25

2026-08-21T04:57:18.478Z,34.09,71.15

2026-08-21T04:57:23.477Z,34.1,71.04

2026-08-21T04:57:28.479Z,34.1,71.06

2026-08-21T04:57:33.481Z,34.09,71.11

2026-08-21T04:57:38.492Z,34.08,71.09

2026-08-21T04:57:43.479Z,34.07,71.07

2026-08-21T04:57:48.480Z,34.07,71.04

2026-08-21T04:57:53.479Z,34.04,71.01

2026-08-21T04:57:58.478Z,34.07,71.19

2026-08-21T04:58:03.494Z,34.08,71.15

2026-08-21T04:58:08.507Z,34.07,71.3

2026-08-21T04:58:13.492Z,34.07,71.32

2026-08-21T04:58:18.493Z,34.07,71.24

2026-08-21T04:58:23.492Z,34.07,71.25

2026-08-21T04:58:28.493Z,34.07,71.18

2026-08-21T04:58:33.498Z,34.07,71.26

2026-08-21T04:58:38.511Z,34.05,71.22

2026-08-21T04:58:43.498Z,34.06,71.22

2026-08-21T04:58:48.500Z,34.07,71.23

2026-08-21T04:58:53.500Z,34.07,71.24

2026-08-21T04:58:58.500Z,34.06,71.29

2026-08-21T04:59:03.517Z,34.06,71.34

2026-08-21T04:59:08.529Z,34.08,71.39

2026-08-21T04:59:13.512Z,34.06,71.4

2026-08-21T04:59:18.514Z,34.06,71.34

2026-08-21T04:59:23.513Z,34.06,71.4

2026-08-21T04:59:28.514Z,34.06,71.39

2026-08-21T04:59:33.518Z,34.09,71.35

2026-08-21T04:59:38.529Z,34.09,71.39

2026-08-21T04:59:43.518Z,34.08,71.36

2026-08-21T04:59:48.518Z,34.1,71.4

2026-08-21T04:59:53.517Z,34.1,71.4

2026-08-21T04:59:58.518Z,34.1,71.37

2026-08-21T05:00:03.543Z,34.11,71.4

2026-08-21T05:00:08.537Z,34.11,71.46

2026-08-21T05:00:13.536Z,34.08,71.39

2026-08-21T05:00:18.537Z,34.11,71.39

2026-08-21T05:00:23.537Z,34.11,71.38

2026-08-21T05:00:28.550Z,34.12,71.47

2026-08-21T05:00:33.540Z,34.09,71.46

2026-08-21T05:00:38.540Z,34.11,71.4

2026-08-21T05:00:43.542Z,34.12,71.42

2026-08-21T05:00:48.539Z,34.13,71.42

2026-08-21T05:00:53.541Z,34.12,71.43

2026-08-21T05:00:58.551Z,34.12,71.38

2026-08-21T05:01:03.543Z,34.12,71.39

2026-08-21T05:01:08.543Z,34.13,71.37

2026-08-21T05:01:13.543Z,34.13,71.3

2026-08-21T05:01:18.541Z,34.15,71.33

2026-08-21T05:01:23.548Z,34.16,71.33

2026-08-21T05:01:28.560Z,34.15,71.38

2026-08-21T05:01:33.545Z,34.14,71.28

2026-08-21T05:01:38.547Z,34.18,71.36

2026-08-21T05:01:43.548Z,34.14,71.33

2026-08-21T05:01:48.562Z,34.15,71.45

2026-08-21T05:01:53.548Z,34.15,71.43

2026-08-21T05:01:58.549Z,34.15,71.42

2026-08-21T05:02:03.548Z,34.15,71.44

2026-08-21T05:02:08.548Z,34.15,71.46

2026-08-21T05:02:13.549Z,34.15,71.44

2026-08-21T05:02:18.568Z,34.16,71.44

2026-08-21T05:02:23.548Z,34.15,71.37

2026-08-21T05:02:28.554Z,34.14,71.38

2026-08-21T05:02:33.552Z,34.16,71.34

2026-08-21T05:02:38.552Z,34.17,71.34

2026-08-21T05:02:43.552Z,34.17,71.39

2026-08-21T05:02:48.568Z,34.17,71.39

2026-08-21T05:02:53.552Z,34.16,71.28

2026-08-21T05:02:58.552Z,34.17,71.35

2026-08-21T05:03:03.554Z,34.18,71.34

2026-08-21T05:03:08.553Z,34.17,71.35

2026-08-21T05:03:13.563Z,34.18,71.35

2026-08-21T05:03:18.576Z,34.18,71.37

2026-08-21T05:03:23.560Z,34.17,71.34

2026-08-21T05:03:28.562Z,34.18,71.32

2026-08-21T05:03:33.561Z,34.17,71.33

2026-08-21T05:03:38.563Z,34.17,71.33

2026-08-21T05:03:43.570Z,34.18,71.3

2026-08-21T05:03:48.583Z,34.17,71.36

2026-08-21T05:03:53.571Z,34.17,71.34

2026-08-21T05:03:58.571Z,34.19,71.43

2026-08-21T05:04:03.571Z,34.18,71.52

2026-08-21T05:04:08.572Z,34.19,71.54

2026-08-21T05:04:13.578Z,34.19,71.57

2026-08-21T05:04:18.588Z,34.17,71.62

2026-08-21T05:04:23.577Z,34.18,71.6

2026-08-21T05:04:28.576Z,34.18,71.6

2026-08-21T05:04:33.577Z,34.19,71.55

2026-08-21T05:04:38.574Z,34.2,71.57

2026-08-21T05:04:43.587Z,34.19,71.55

2026-08-21T05:04:48.597Z,34.18,71.57

2026-08-21T05:04:53.587Z,34.17,71.51

2026-08-21T05:04:58.585Z,34.19,71.52

2026-08-21T05:05:03.585Z,34.2,71.61

2026-08-21T05:05:08.583Z,34.16,71.5

2026-08-21T05:05:13.591Z,34.17,71.46

2026-08-21T05:05:18.604Z,34.18,71.62

2026-08-21T05:05:23.592Z,34.18,71.59

2026-08-21T05:05:28.591Z,34.19,71.6

2026-08-21T05:05:33.590Z,34.18,71.55

2026-08-21T05:05:38.592Z,34.16,71.53

2026-08-21T05:05:43.603Z,34.18,71.51

2026-08-21T05:05:48.612Z,34.16,71.57

2026-08-21T05:05:53.601Z,34.17,71.62

2026-08-21T05:05:58.601Z,34.17,71.61

2026-08-21T05:06:03.600Z,34.19,71.57

2026-08-21T05:06:08.602Z,34.18,71.51

2026-08-21T05:06:13.629Z,34.17,71.52

2026-08-21T05:06:18.641Z,34.18,71.53

2026-08-21T05:06:23.626Z,34.17,71.46

2026-08-21T05:06:28.628Z,34.18,71.44

2026-08-21T05:06:33.628Z,34.18,71.47

2026-08-21T05:06:38.630Z,34.17,71.49

2026-08-21T05:06:43.633Z,34.17,71.48

2026-08-21T05:06:48.651Z,34.18,71.46

2026-08-21T05:06:53.632Z,34.19,71.42

2026-08-21T05:06:58.632Z,34.2,71.47

2026-08-21T05:07:03.631Z,34.18,71.46

2026-08-21T05:07:08.634Z,34.19,71.6

2026-08-21T05:07:13.645Z,34.17,71.58

2026-08-21T05:07:18.656Z,34.16,71.64

2026-08-21T05:07:23.644Z,34.17,71.6

2026-08-21T05:07:28.645Z,34.17,71.53

2026-08-21T05:07:33.643Z,34.15,71.52

2026-08-21T05:07:38.643Z,34.16,71.5

2026-08-21T05:07:43.674Z,34.16,71.55

2026-08-21T05:07:48.666Z,34.15,71.44

2026-08-21T05:07:53.666Z,34.17,71.47

2026-08-21T05:07:58.678Z,34.15,71.49

2026-08-21T05:08:03.668Z,34.16,71.49

2026-08-21T05:08:08.668Z,34.15,71.53

2026-08-21T05:08:13.667Z,34.15,71.56

2026-08-21T05:08:18.667Z,34.17,71.52

2026-08-21T05:08:23.666Z,34.15,71.59

2026-08-21T05:08:28.677Z,34.16,71.58

2026-08-21T05:08:33.668Z,34.15,71.66

2026-08-21T05:08:38.680Z,34.16,71.82

2026-08-21T05:08:43.669Z,34.15,71.68

2026-08-21T05:08:48.670Z,34.15,71.62

2026-08-21T05:08:53.669Z,34.15,71.53

2026-08-21T05:08:58.682Z,34.15,71.58

2026-08-21T05:09:03.669Z,34.14,71.49

2026-08-21T05:09:08.669Z,34.13,71.47

2026-08-21T05:09:13.670Z,34.14,71.45

2026-08-21T05:09:18.671Z,34.13,71.6

2026-08-21T05:09:23.671Z,34.15,71.69

2026-08-21T05:09:28.684Z,34.14,71.63

2026-08-21T05:09:33.672Z,34.15,71.49

2026-08-21T05:09:38.673Z,34.17,71.5

2026-08-21T05:09:43.671Z,34.16,71.49

2026-08-21T05:09:48.672Z,34.15,71.55

2026-08-21T05:09:53.673Z,34.15,71.64

2026-08-21T05:09:58.685Z,34.16,71.96

2026-08-21T05:10:03.674Z,34.16,72.03

2026-08-21T05:10:08.672Z,34.15,71.99

2026-08-21T05:10:13.673Z,34.16,71.93

2026-08-21T05:10:18.676Z,34.15,71.87

2026-08-21T05:10:23.678Z,34.16,71.82

2026-08-21T05:10:28.690Z,34.17,71.81

2026-08-21T05:10:33.677Z,34.18,71.7

2026-08-21T05:10:38.676Z,34.19,71.66

2026-08-21T05:10:43.674Z,34.18,71.49

2026-08-21T05:10:48.677Z,34.17,71.48

2026-08-21T05:10:53.684Z,34.17,71.42

2026-08-21T05:10:58.699Z,34.19,71.34

2026-08-21T05:11:03.685Z,34.18,71.38

2026-08-21T05:11:08.687Z,34.19,71.36

2026-08-21T05:11:13.686Z,34.18,71.37

2026-08-21T05:11:18.685Z,34.2,71.4

2026-08-21T05:11:23.712Z,34.2,71.33

2026-08-21T05:11:28.725Z,34.21,71.36

2026-08-21T05:11:33.710Z,34.2,71.36

2026-08-21T05:11:38.714Z,34.21,71.37

2026-08-21T05:11:43.713Z,34.19,71.36

2026-08-21T05:11:48.712Z,34.2,71.39

2026-08-21T05:11:53.712Z,34.2,71.4

2026-08-21T05:11:58.727Z,34.19,71.53

2026-08-21T05:12:03.711Z,34.2,71.43

2026-08-21T05:12:08.712Z,34.23,71.57

2026-08-21T05:12:13.712Z,34.2,71.72

2026-08-21T05:12:18.712Z,34.2,71.81

2026-08-21T05:12:23.712Z,34.21,71.83

2026-08-21T05:12:28.723Z,34.22,71.89

2026-08-21T05:12:33.713Z,34.2,71.82

2026-08-21T05:12:38.714Z,34.22,71.86

2026-08-21T05:12:43.714Z,34.23,71.76

2026-08-21T05:12:48.715Z,34.24,71.74

2026-08-21T05:12:53.719Z,34.24,71.72

2026-08-21T05:12:58.732Z,34.23,71.66

2026-08-21T05:13:03.718Z,34.27,71.73

2026-08-21T05:13:08.719Z,34.25,71.6

2026-08-21T05:13:13.718Z,34.25,71.49

2026-08-21T05:13:18.717Z,34.25,71.36

2026-08-21T05:13:23.726Z,34.25,71.25

2026-08-21T05:13:28.736Z,34.24,71.41

2026-08-21T05:13:33.724Z,34.24,71.43

2026-08-21T05:13:38.725Z,34.25,71.45

2026-08-21T05:13:43.726Z,34.24,71.36

2026-08-21T05:13:48.726Z,34.21,71.29

2026-08-21T05:13:53.741Z,34.25,71.31

2026-08-21T05:13:58.750Z,34.22,71.33

2026-08-21T05:14:03.737Z,34.23,71.3

2026-08-21T05:14:08.742Z,34.23,71.31

2026-08-21T05:14:13.742Z,34.21,71.3

2026-08-21T05:14:18.736Z,34.23,71.33

2026-08-21T05:14:23.742Z,34.23,71.3

2026-08-21T05:14:28.754Z,34.24,71.37

2026-08-21T05:14:33.740Z,34.24,71.33

2026-08-21T05:14:38.742Z,34.23,71.42

2026-08-21T05:14:43.740Z,34.24,71.39

2026-08-21T05:14:48.741Z,34.22,71.42

2026-08-21T05:14:53.758Z,34.24,71.54

2026-08-21T05:14:58.767Z,34.22,71.55

2026-08-21T05:15:03.754Z,34.24,71.58

2026-08-21T05:15:08.754Z,34.26,71.6

2026-08-21T05:15:13.755Z,34.23,71.61

2026-08-21T05:15:18.756Z,34.22,71.62

2026-08-21T05:15:23.772Z,34.24,71.55

2026-08-21T05:15:28.780Z,34.25,71.55

2026-08-21T05:15:33.770Z,34.25,71.48

2026-08-21T05:15:38.770Z,34.28,71.47

2026-08-21T05:15:43.772Z,34.24,71.49

2026-08-21T05:15:48.770Z,34.25,71.48

2026-08-21T05:15:53.776Z,34.26,71.49

2026-08-21T05:15:58.787Z,34.26,71.53

2026-08-21T05:16:03.775Z,34.25,71.51

2026-08-21T05:16:08.775Z,34.27,71.55

2026-08-21T05:16:13.775Z,34.27,71.45

2026-08-21T05:16:18.773Z,34.26,71.37

2026-08-21T05:16:23.781Z,34.26,71.38

2026-08-21T05:16:28.792Z,34.27,71.3

2026-08-21T05:16:33.781Z,34.26,71.33

2026-08-21T05:16:38.781Z,34.27,71.32

2026-08-21T05:16:43.782Z,34.25,71.3

2026-08-21T05:16:48.779Z,34.26,71.3

2026-08-21T05:16:53.786Z,34.26,71.32

2026-08-21T05:16:58.792Z,34.25,71.24

2026-08-21T05:17:03.783Z,34.26,71.23

2026-08-21T05:17:08.783Z,34.26,71.22

2026-08-21T05:17:13.782Z,34.28,71.21

2026-08-21T05:17:18.784Z,34.28,71.34

2026-08-21T05:17:23.798Z,34.27,71.16

2026-08-21T05:17:28.811Z,34.24,71.09

2026-08-21T05:17:33.794Z,34.27,71.06

2026-08-21T05:17:38.797Z,34.26,70.95

2026-08-21T05:17:43.797Z,34.27,71.01

2026-08-21T05:17:48.796Z,34.26,71.03

2026-08-21T05:17:53.810Z,34.25,71.06

2026-08-21T05:17:58.818Z,34.25,71.15

2026-08-21T05:18:03.807Z,34.25,70.99

2026-08-21T05:18:08.808Z,34.23,70.84

2026-08-21T05:18:13.809Z,34.23,70.84

2026-08-21T05:18:18.808Z,34.23,70.85

2026-08-21T05:18:23.815Z,34.22,70.76

2026-08-21T05:18:28.825Z,34.2,70.77

2026-08-21T05:18:33.813Z,34.19,70.81

2026-08-21T05:18:38.813Z,34.2,70.82

2026-08-21T05:18:43.815Z,34.2,70.88

2026-08-21T05:18:48.814Z,34.22,70.91

2026-08-21T05:18:53.836Z,34.19,70.96

2026-08-21T05:18:58.847Z,34.2,71.04

2026-08-21T05:19:03.834Z,34.17,71.02

2026-08-21T05:19:08.835Z,34.19,71.01

2026-08-21T05:19:13.835Z,34.19,71.04

2026-08-21T05:19:18.836Z,34.18,71.1

2026-08-21T05:19:23.843Z,34.19,71.19

2026-08-21T05:19:28.855Z,34.17,71.34

2026-08-21T05:19:33.845Z,34.16,71.35

2026-08-21T05:19:38.844Z,34.18,71.28

2026-08-21T05:19:43.843Z,34.18,71.25

2026-08-21T05:19:48.844Z,34.19,71.17

2026-08-21T05:19:53.848Z,34.18,71.24

2026-08-21T05:19:58.856Z,34.18,71.27

2026-08-21T05:20:03.846Z,34.17,71.33

2026-08-21T05:20:08.846Z,34.16,71.38

2026-08-21T05:20:13.847Z,34.18,71.45

2026-08-21T05:20:18.847Z,34.18,71.49

2026-08-21T05:20:23.852Z,34.17,71.55

2026-08-21T05:20:28.862Z,34.18,71.52

2026-08-21T05:20:33.850Z,34.2,71.46

2026-08-21T05:20:38.851Z,34.18,71.48

2026-08-21T05:20:43.849Z,34.18,71.43

2026-08-21T05:20:48.863Z,34.17,71.36

2026-08-21T05:20:53.851Z,34.17,71.4

2026-08-21T05:20:58.865Z,34.17,71.47

2026-08-21T05:21:03.852Z,34.19,71.38

2026-08-21T05:21:08.855Z,34.17,71.42

2026-08-21T05:21:13.854Z,34.19,71.48

2026-08-21T05:21:18.870Z,34.17,71.55

2026-08-21T05:21:23.855Z,34.17,71.62

2026-08-21T05:21:28.854Z,34.18,71.61

2026-08-21T05:21:33.855Z,34.17,71.64

2026-08-21T05:21:38.855Z,34.18,71.71

2026-08-21T05:21:43.856Z,34.18,71.67

2026-08-21T05:21:48.870Z,34.17,71.69

2026-08-21T05:21:53.855Z,34.17,71.71

2026-08-21T05:21:58.857Z,34.18,71.61

2026-08-21T05:22:03.858Z,34.18,71.66

2026-08-21T05:22:08.858Z,34.19,71.56

2026-08-21T05:22:13.882Z,34.19,71.33

2026-08-21T05:22:18.892Z,34.17,71.26

2026-08-21T05:22:23.882Z,34.18,71.19

2026-08-21T05:22:28.883Z,34.18,71.2

2026-08-21T05:22:33.881Z,34.18,71.32

2026-08-21T05:22:38.883Z,34.16,71.34

2026-08-21T05:22:43.899Z,34.17,71.31

2026-08-21T05:22:48.912Z,34.17,71.37

2026-08-21T05:22:53.899Z,34.15,71.41

2026-08-21T05:22:58.898Z,34.15,71.47

2026-08-21T05:23:03.899Z,34.16,71.45

2026-08-21T05:23:08.898Z,34.14,71.55

2026-08-21T05:23:13.915Z,34.14,71.62

2026-08-21T05:23:18.927Z,34.12,71.65

2026-08-21T05:23:23.913Z,34.13,71.63

2026-08-21T05:23:28.913Z,34.13,71.66

2026-08-21T05:23:33.914Z,34.13,71.78

2026-08-21T05:23:38.931Z,34.13,71.86

2026-08-21T05:23:43.916Z,34.13,71.77

2026-08-21T05:23:48.918Z,34.14,71.76

2026-08-21T05:23:53.917Z,34.13,71.72

2026-08-21T05:23:58.927Z,34.13,71.76

2026-08-21T05:24:03.915Z,34.14,71.71

2026-08-21T05:24:08.915Z,34.13,71.79

2026-08-21T05:24:13.916Z,34.13,71.75

2026-08-21T05:24:18.916Z,34.16,71.63

2026-08-21T05:24:23.918Z,34.14,71.54

2026-08-21T05:24:28.930Z,34.13,71.49

2026-08-21T05:24:33.916Z,34.16,71.49

2026-08-21T05:24:38.914Z,34.15,71.57

2026-08-21T05:24:43.914Z,34.16,71.76

2026-08-21T05:24:48.917Z,34.15,72

2026-08-21T05:24:53.922Z,34.15,72.08

2026-08-21T05:24:58.933Z,34.14,72.34

2026-08-21T05:25:03.921Z,34.14,72.67

2026-08-21T05:25:08.925Z,34.15,72.77

2026-08-21T05:25:13.927Z,34.17,72.6

2026-08-21T05:25:18.927Z,34.16,72.3

2026-08-21T05:25:23.936Z,34.17,72.19

2026-08-21T05:25:28.950Z,34.16,72.04

2026-08-21T05:25:33.934Z,34.16,71.79

2026-08-21T05:25:38.934Z,34.17,71.74

2026-08-21T05:25:43.936Z,34.19,71.7

2026-08-21T05:25:48.934Z,34.16,71.59

2026-08-21T05:25:53.942Z,34.16,71.55

2026-08-21T05:25:58.953Z,34.16,71.57

2026-08-21T05:26:03.939Z,34.16,71.55

2026-08-21T05:26:08.940Z,34.17,71.57

2026-08-21T05:26:13.941Z,34.15,71.59

2026-08-21T05:26:18.942Z,34.16,71.57

2026-08-21T05:26:23.954Z,34.16,71.61

2026-08-21T05:26:28.972Z,34.17,71.61

2026-08-21T05:26:33.954Z,34.18,71.6

2026-08-21T05:26:38.955Z,34.16,71.75

2026-08-21T05:26:43.956Z,34.16,71.96

2026-08-21T05:26:48.958Z,34.15,71.89

2026-08-21T05:26:53.960Z,34.16,72

2026-08-21T05:26:58.975Z,34.16,72.02

2026-08-21T05:27:03.960Z,34.16,71.96

2026-08-21T05:27:08.959Z,34.17,71.9

2026-08-21T05:27:13.961Z,34.15,71.93

2026-08-21T05:27:18.960Z,34.17,72.09

2026-08-21T05:27:23.965Z,34.18,72.16

2026-08-21T05:27:28.974Z,34.18,73.44

2026-08-21T05:27:33.965Z,34.2,74.03

2026-08-21T05:27:38.964Z,34.15,73.58

2026-08-21T05:27:43.971Z,34.18,72.93

2026-08-21T05:27:48.967Z,34.18,72.52

2026-08-21T05:27:53.965Z,34.18,72.4

2026-08-21T05:27:58.965Z,34.18,72.22

2026-08-21T05:28:03.964Z,34.18,72.11

2026-08-21T05:28:08.977Z,34.18,72.18

2026-08-21T05:28:13.964Z,34.17,72.15

2026-08-21T05:28:18.965Z,34.17,72.33

2026-08-21T05:28:23.965Z,34.17,72.44

2026-08-21T05:28:28.968Z,34.18,72.57

2026-08-21T05:28:33.967Z,34.17,72.54

2026-08-21T05:28:38.976Z,34.19,72.61

2026-08-21T05:28:43.966Z,34.18,72.73

2026-08-21T05:28:48.969Z,34.18,72.85

2026-08-21T05:28:53.968Z,34.19,73.01

2026-08-21T05:28:58.970Z,34.18,73.22

2026-08-21T05:29:03.975Z,34.19,73.03

2026-08-21T05:29:08.985Z,34.19,72.86

2026-08-21T05:29:13.976Z,34.2,72.82

2026-08-21T05:29:18.972Z,34.2,72.59

2026-08-21T05:29:23.973Z,34.2,72.89

2026-08-21T05:29:28.973Z,34.21,73.18

2026-08-21T05:29:34.006Z,34.22,73.71

2026-08-21T05:29:38.997Z,34.2,73.69

2026-08-21T05:29:43.995Z,34.21,73.4

2026-08-21T05:29:48.998Z,34.21,73.25

2026-08-21T05:29:53.999Z,34.21,73.11

2026-08-21T05:29:59.013Z,34.23,73.01

2026-08-21T05:30:04.002Z,34.23,73.16

2026-08-21T05:30:08.999Z,34.23,75.96

2026-08-21T05:30:13.997Z,34.24,76.22

2026-08-21T05:30:18.997Z,34.24,75.69

2026-08-21T05:30:24.003Z,34.23,75.1

2026-08-21T05:30:29.014Z,34.25,74.57

2026-08-21T05:30:34.006Z,34.24,74.22

2026-08-21T05:30:39.004Z,34.25,73.92

2026-08-21T05:30:44.002Z,34.24,73.62

2026-08-21T05:30:49.006Z,34.26,73.47

2026-08-21T05:30:54.014Z,34.26,73.26

2026-08-21T05:30:59.025Z,34.25,73.84

2026-08-21T05:31:04.013Z,34.27,77.98

2026-08-21T05:31:09.014Z,34.26,79.95

2026-08-21T05:31:14.013Z,34.3,82.71

2026-08-21T05:31:19.013Z,34.29,83.91

2026-08-21T05:31:24.031Z,34.3,85.01

2026-08-21T05:31:29.044Z,34.3,85.52

2026-08-21T05:31:34.030Z,34.32,84.38

2026-08-21T05:31:39.031Z,34.32,83.08

2026-08-21T05:31:44.030Z,34.32,82.13

2026-08-21T05:31:49.033Z,34.33,80.34

2026-08-21T05:31:54.037Z,34.31,78.16

2026-08-21T05:31:59.055Z,34.31,76.32

2026-08-21T05:32:04.039Z,34.33,75.34

2026-08-21T05:32:09.038Z,34.31,74.75

2026-08-21T05:32:14.037Z,34.33,74.53

2026-08-21T05:32:19.037Z,34.32,74.43

2026-08-21T05:32:24.037Z,34.32,77.03

2026-08-21T05:32:29.053Z,34.35,83.5

2026-08-21T05:32:34.040Z,34.36,85.66

2026-08-21T05:32:39.039Z,34.37,87.33

2026-08-21T05:32:44.040Z,34.38,88.24

2026-08-21T05:32:49.039Z,34.39,87.36

2026-08-21T05:32:54.058Z,34.36,84.74

2026-08-21T05:32:59.070Z,34.36,82.2

2026-08-21T05:33:04.059Z,34.38,80.4

2026-08-21T05:33:09.057Z,34.37,79.29

2026-08-21T05:33:14.059Z,34.37,78.14

2026-08-21T05:33:19.058Z,34.38,77.21

2026-08-21T05:33:24.066Z,34.39,77.42

2026-08-21T05:33:29.076Z,34.4,82.87

2026-08-21T05:33:34.067Z,34.43,87.35

2026-08-21T05:33:39.067Z,34.45,91.49

2026-08-21T05:33:44.067Z,34.46,94.09

2026-08-21T05:33:49.069Z,34.46,94.98

2026-08-21T05:33:54.075Z,34.47,93.64

2026-08-21T05:33:59.090Z,34.49,95.51

2026-08-21T05:34:04.075Z,34.48,91.97

2026-08-21T05:34:09.075Z,34.47,84.69

2026-08-21T05:34:14.076Z,34.46,81.37

2026-08-21T05:34:19.077Z,34.47,79.06

2026-08-21T05:34:24.085Z,34.46,77.44

2026-08-21T05:34:29.097Z,34.45,76.7

2026-08-21T05:34:34.084Z,34.45,76.29

2026-08-21T05:34:39.085Z,34.44,76.55

2026-08-21T05:34:44.086Z,34.47,81.18

2026-08-21T05:34:49.085Z,34.51,87.8

2026-08-21T05:34:54.101Z,34.49,89.7

2026-08-21T05:34:59.098Z,34.49,88.61

2026-08-21T05:35:04.097Z,34.51,89.67

2026-08-21T05:35:09.098Z,34.52,91.2

2026-08-21T05:35:14.096Z,34.53,92.2

2026-08-21T05:35:19.107Z,34.54,92.93

2026-08-21T05:35:24.097Z,34.54,93.67

2026-08-21T05:35:29.097Z,34.55,93.37

2026-08-21T05:35:34.096Z,34.53,87.49

2026-08-21T05:35:39.097Z,34.51,80.91

2026-08-21T05:35:44.097Z,34.51,78.07

2026-08-21T05:35:49.110Z,34.5,76.08

2026-08-21T05:35:54.100Z,34.49,75.54

2026-08-21T05:35:59.111Z,34.49,75.16

2026-08-21T05:36:04.099Z,34.49,75.05

2026-08-21T05:36:09.100Z,34.5,75.17

2026-08-21T05:36:14.101Z,34.47,74.87

2026-08-21T05:36:19.113Z,34.46,74.56

2026-08-21T05:36:24.103Z,34.46,74.59

2026-08-21T05:36:29.103Z,34.46,74.53

2026-08-21T05:36:34.102Z,34.45,74.55

2026-08-21T05:36:39.114Z,34.46,74.84

2026-08-21T05:36:44.106Z,34.46,75.08

2026-08-21T05:36:49.105Z,34.43,74.53

2026-08-21T05:36:54.104Z,34.44,74.01

2026-08-21T05:36:59.106Z,34.44,73.58

2026-08-21T05:37:04.105Z,34.45,73.59

2026-08-21T05:37:09.114Z,34.44,73.9

2026-08-21T05:37:14.104Z,34.44,74.16

2026-08-21T05:37:19.106Z,34.43,74.78

2026-08-21T05:37:24.104Z,34.42,75.29

2026-08-21T05:37:29.106Z,34.42,75.48

2026-08-21T05:37:34.114Z,34.43,75.23

2026-08-21T05:37:39.122Z,34.42,75.18

2026-08-21T05:37:44.110Z,34.42,75.01

2026-08-21T05:37:49.114Z,34.4,74.39

2026-08-21T05:37:54.112Z,34.41,74.21

2026-08-21T05:37:59.113Z,34.41,74.18

2026-08-21T05:38:04.128Z,34.4,73.89

2026-08-21T05:38:09.133Z,34.39,73.92

2026-08-21T05:38:14.125Z,34.4,73.93

2026-08-21T05:38:19.124Z,34.42,76.44

2026-08-21T05:38:24.123Z,34.42,77.93

2026-08-21T05:38:29.123Z,34.41,78.26

2026-08-21T05:38:34.130Z,34.42,78.91

2026-08-21T05:38:39.143Z,34.44,78.91

2026-08-21T05:38:44.127Z,34.42,78.08

2026-08-21T05:38:49.127Z,34.42,77.5

2026-08-21T05:38:54.126Z,34.42,76.87

2026-08-21T05:38:59.127Z,34.41,76.29

2026-08-21T05:39:04.138Z,34.42,75.83

2026-08-21T05:39:09.147Z,34.41,75.59

2026-08-21T05:39:14.135Z,34.44,75.36

2026-08-21T05:39:19.137Z,34.42,75.33

2026-08-21T05:39:24.134Z,34.42,75.06

2026-08-21T05:39:29.137Z,34.42,75.15

2026-08-21T05:39:34.136Z,34.43,75.2

2026-08-21T05:39:39.144Z,34.44,79.91

2026-08-21T05:39:44.134Z,34.46,80.77

2026-08-21T05:39:49.135Z,34.45,80.45

2026-08-21T05:39:54.134Z,34.46,80.13

2026-08-21T05:39:59.137Z,34.44,79

2026-08-21T05:40:04.144Z,34.42,77.8

2026-08-21T05:40:09.157Z,34.45,77.03

2026-08-21T05:40:14.144Z,34.45,76.33

2026-08-21T05:40:19.145Z,34.45,76.15

2026-08-21T05:40:24.145Z,34.46,76.43

2026-08-21T05:40:29.145Z,34.48,79.89

2026-08-21T05:40:34.153Z,34.47,85.07

2026-08-21T05:40:39.162Z,34.49,87.74

2026-08-21T05:40:44.150Z,34.48,87.65

2026-08-21T05:40:49.152Z,34.48,87.7

2026-08-21T05:40:54.153Z,34.5,84.31

2026-08-21T05:40:59.151Z,34.46,81.51

2026-08-21T05:41:04.167Z,34.48,79.66

2026-08-21T05:41:09.176Z,34.49,78.94

2026-08-21T05:41:14.165Z,34.47,80

2026-08-21T05:41:19.167Z,34.48,79.79

2026-08-21T05:41:24.165Z,34.49,80.03

2026-08-21T05:41:29.167Z,34.48,79.53

2026-08-21T05:41:34.177Z,34.5,78.69

2026-08-21T05:41:39.185Z,34.47,77.87

2026-08-21T05:41:44.177Z,34.51,79.66

2026-08-21T05:41:49.177Z,34.49,82

2026-08-21T05:41:54.177Z,34.51,83.66

2026-08-21T05:41:59.177Z,34.53,84.75

2026-08-21T05:42:04.179Z,34.51,84.71

2026-08-21T05:42:09.191Z,34.48,81.77

2026-08-21T05:42:14.177Z,34.48,78.24

2026-08-21T05:42:19.177Z,34.46,76.27

2026-08-21T05:42:24.178Z,34.47,75.2

2026-08-21T05:42:29.177Z,34.46,74.47

2026-08-21T05:42:34.194Z,34.46,73.97

2026-08-21T05:42:39.204Z,34.46,73.92

2026-08-21T05:42:44.194Z,34.46,73.91

2026-08-21T05:42:49.192Z,34.45,74.08

2026-08-21T05:42:54.192Z,34.44,74.03

2026-08-21T05:42:59.192Z,34.44,73.73

2026-08-21T05:43:04.194Z,34.44,73.83

2026-08-21T05:43:09.205Z,34.43,74.13

2026-08-21T05:43:14.195Z,34.44,74.06

2026-08-21T05:43:19.194Z,34.43,73.67

2026-08-21T05:43:24.193Z,34.42,73.04

2026-08-21T05:43:29.192Z,34.41,73.11

2026-08-21T05:43:34.202Z,34.41,73.31

2026-08-21T05:43:39.210Z,34.42,73.69

2026-08-21T05:43:44.197Z,34.43,73.93

2026-08-21T05:43:49.199Z,34.39,73.73

2026-08-21T05:43:54.203Z,34.42,73.62

2026-08-21T05:43:59.202Z,34.39,73.77

2026-08-21T05:44:04.221Z,34.41,73.87

2026-08-21T05:44:09.236Z,34.38,73.57

2026-08-21T05:44:14.222Z,34.4,73.5

2026-08-21T05:44:19.222Z,34.39,73.42

2026-08-21T05:44:24.219Z,34.41,73.25

2026-08-21T05:44:29.219Z,34.38,73.29

2026-08-21T05:44:34.229Z,34.39,73.37

2026-08-21T05:44:39.241Z,34.39,73.34

2026-08-21T05:44:44.229Z,34.38,73.39

2026-08-21T05:44:49.229Z,34.38,73.18

2026-08-21T05:44:54.230Z,34.39,72.73

2026-08-21T05:44:59.232Z,34.38,72.71

2026-08-21T05:45:04.239Z,34.36,72.58

2026-08-21T05:45:09.251Z,34.37,72.59

2026-08-21T05:45:14.237Z,34.37,72.65

2026-08-21T05:45:19.239Z,34.35,72.82

2026-08-21T05:45:24.239Z,34.38,72.93

2026-08-21T05:45:29.240Z,34.37,72.93

2026-08-21T05:45:34.247Z,34.36,72.77

2026-08-21T05:45:39.260Z,34.36,72.63

2026-08-21T05:45:44.247Z,34.35,72.52

2026-08-21T05:45:49.248Z,34.36,72.63

2026-08-21T05:45:54.247Z,34.36,72.88

2026-08-21T05:45:59.246Z,34.35,73.16

2026-08-21T05:46:04.255Z,34.35,73.23

2026-08-21T05:46:09.264Z,34.36,73.13

2026-08-21T05:46:14.252Z,34.36,73.19

2026-08-21T05:46:19.256Z,34.37,73.3

2026-08-21T05:46:24.256Z,34.37,73.4

2026-08-21T05:46:29.266Z,34.36,73.55

2026-08-21T05:46:34.255Z,34.36,73.68

2026-08-21T05:46:39.255Z,34.35,73.64

2026-08-21T05:46:44.255Z,34.37,74

2026-08-21T05:46:49.256Z,34.36,74.69

2026-08-21T05:46:54.261Z,34.38,75.02

2026-08-21T05:46:59.256Z,34.39,75.02

2026-08-21T05:47:04.256Z,34.38,74.58

2026-08-21T05:47:09.258Z,34.37,74.26

2026-08-21T05:47:14.258Z,34.37,73.78

2026-08-21T05:47:19.271Z,34.37,73.31

2026-08-21T05:47:24.257Z,34.37,73.11

2026-08-21T05:47:29.257Z,34.37,72.95

2026-08-21T05:47:34.258Z,34.38,72.88

2026-08-21T05:47:39.270Z,34.37,72.87

2026-08-21T05:47:44.258Z,34.4,72.86

2026-08-21T05:47:49.264Z,34.38,72.72

2026-08-21T05:47:54.263Z,34.37,72.62

2026-08-21T05:47:59.263Z,34.39,72.62

2026-08-21T05:48:04.262Z,34.41,72.68

2026-08-21T05:48:09.272Z,34.4,72.87

2026-08-21T05:48:14.261Z,34.39,72.8

2026-08-21T05:48:19.263Z,34.39,72.81

2026-08-21T05:48:24.262Z,34.37,72.8

2026-08-21T05:48:29.265Z,34.38,72.71

2026-08-21T05:48:34.270Z,34.39,72.65

2026-08-21T05:48:39.286Z,34.37,72.67

2026-08-21T05:48:44.268Z,34.38,72.64

2026-08-21T05:48:49.271Z,34.36,72.45

2026-08-21T05:48:54.270Z,34.39,72.38

2026-08-21T05:48:59.269Z,34.38,72.31

2026-08-21T05:49:04.284Z,34.38,72.36

2026-08-21T05:49:09.296Z,34.38,72.34

2026-08-21T05:49:14.283Z,34.38,72.46

2026-08-21T05:49:19.285Z,34.39,72.52

2026-08-21T05:49:24.286Z,34.38,72.64

2026-08-21T05:49:29.286Z,34.38,72.72

2026-08-21T05:49:34.289Z,34.39,72.6

2026-08-21T05:49:39.297Z,34.39,72.69

2026-08-21T05:49:44.287Z,34.4,72.63

2026-08-21T05:49:49.288Z,34.4,72.52

2026-08-21T05:49:54.289Z,34.39,72.38

2026-08-21T05:49:59.289Z,34.38,72.35

2026-08-21T05:50:04.299Z,34.4,72.27

2026-08-21T05:50:09.309Z,34.4,72.21

2026-08-21T05:50:14.296Z,34.39,71.96

2026-08-21T05:50:19.299Z,34.39,71.89

2026-08-21T05:50:24.298Z,34.37,71.95

2026-08-21T05:50:29.299Z,34.38,72.01

2026-08-21T05:50:34.306Z,34.39,71.97

2026-08-21T05:50:39.319Z,34.38,71.98

2026-08-21T05:50:44.305Z,34.36,72.06

2026-08-21T05:50:49.306Z,34.36,72.23

2026-08-21T05:50:54.307Z,34.36,72.28

2026-08-21T05:50:59.308Z,34.36,72.31

2026-08-21T05:51:04.308Z,34.36,72.33

2026-08-21T05:51:09.317Z,34.36,72.21

2026-08-21T05:51:14.307Z,34.36,72.13

2026-08-21T05:51:19.307Z,34.35,72.18

2026-08-21T05:51:24.305Z,34.37,72.26

2026-08-21T05:51:29.306Z,34.38,72.36

2026-08-21T05:51:34.325Z,34.36,72.44

2026-08-21T05:51:39.342Z,34.37,72.48

2026-08-21T05:51:44.326Z,34.38,72.45

2026-08-21T05:51:49.326Z,34.36,72.32

2026-08-21T05:51:54.325Z,34.38,72.26

2026-08-21T05:51:59.324Z,34.38,72.28

2026-08-21T05:52:04.336Z,34.37,72.31

2026-08-21T05:52:09.346Z,34.39,72.35

2026-08-21T05:52:14.335Z,34.4,72.3

2026-08-21T05:52:19.336Z,34.38,72.36

2026-08-21T05:52:24.336Z,34.4,72.39

2026-08-21T05:52:29.336Z,34.39,72.43

2026-08-21T05:52:34.349Z,34.37,72.36

2026-08-21T05:52:39.360Z,34.38,72.49

2026-08-21T05:52:44.347Z,34.4,72.44

2026-08-21T05:52:49.348Z,34.36,72.44

2026-08-21T05:52:54.350Z,34.4,72.41

2026-08-21T05:52:59.349Z,34.37,72.44

2026-08-21T05:53:04.361Z,34.39,72.51

2026-08-21T05:53:09.371Z,34.39,72.5

2026-08-21T05:53:14.359Z,34.38,72.54

2026-08-21T05:53:19.360Z,34.4,72.58

2026-08-21T05:53:24.361Z,34.39,72.63

2026-08-21T05:53:29.360Z,34.37,72.62

2026-08-21T05:53:34.372Z,34.38,72.59

2026-08-21T05:53:39.382Z,34.38,72.69

2026-08-21T05:53:44.370Z,34.4,72.6

2026-08-21T05:53:49.371Z,34.36,72.42

2026-08-21T05:53:54.371Z,34.36,72.39

2026-08-21T05:53:59.372Z,34.38,72.51

2026-08-21T05:54:04.377Z,34.38,72.48

2026-08-21T05:54:09.386Z,34.36,72.45

2026-08-21T05:54:14.375Z,34.36,72.33

2026-08-21T05:54:19.376Z,34.37,72.35

2026-08-21T05:54:24.374Z,34.36,72.34

2026-08-21T05:54:29.374Z,34.36,72.4

2026-08-21T05:54:34.374Z,34.35,72.35

2026-08-21T05:54:39.384Z,34.37,72.44

2026-08-21T05:54:44.376Z,34.36,72.43

2026-08-21T05:54:49.377Z,34.36,72.43

2026-08-21T05:54:54.377Z,34.37,72.6

2026-08-21T05:54:59.375Z,34.36,72.6

2026-08-21T05:55:04.383Z,34.35,72.55

2026-08-21T05:55:09.392Z,34.35,72.5

2026-08-21T05:55:14.381Z,34.36,72.53

2026-08-21T05:55:19.384Z,34.35,72.5

2026-08-21T05:55:24.383Z,34.33,72.29

2026-08-21T05:55:29.383Z,34.35,72.31

2026-08-21T05:55:34.384Z,34.34,72.36

2026-08-21T05:55:39.402Z,34.32,72.47

2026-08-21T05:55:44.386Z,34.32,72.35

2026-08-21T05:55:49.385Z,34.34,72.34

2026-08-21T05:55:54.385Z,34.34,72.29

2026-08-21T05:55:59.387Z,34.36,72.33

2026-08-21T05:56:04.398Z,34.33,72.37

2026-08-21T05:56:09.411Z,34.32,72.5

2026-08-21T05:56:14.397Z,34.34,72.45

2026-08-21T05:56:19.398Z,34.33,72.51

2026-08-21T05:56:24.398Z,34.34,72.54

2026-08-21T05:56:29.400Z,34.35,72.55

2026-08-21T05:56:34.407Z,34.32,72.63

2026-08-21T05:56:39.419Z,34.33,72.71

2026-08-21T05:56:44.404Z,34.33,72.78

2026-08-21T05:56:49.406Z,34.33,72.78

2026-08-21T05:56:54.403Z,34.32,72.8

2026-08-21T05:56:59.405Z,34.31,72.72

2026-08-21T05:57:04.410Z,34.31,72.69

2026-08-21T05:57:09.416Z,34.31,72.79

2026-08-21T05:57:14.408Z,34.33,72.8

2026-08-21T05:57:19.409Z,34.33,72.82

2026-08-21T05:57:24.408Z,34.33,72.83

2026-08-21T05:57:29.409Z,34.33,72.83

2026-08-21T05:57:34.422Z,34.33,72.87

2026-08-21T05:57:39.435Z,34.33,72.88

2026-08-21T05:57:44.421Z,34.34,72.71

2026-08-21T05:57:49.423Z,34.32,72.66

2026-08-21T05:57:54.422Z,34.34,72.6

2026-08-21T05:57:59.423Z,34.34,72.64

2026-08-21T05:58:04.426Z,34.37,72.73

2026-08-21T05:58:09.440Z,34.33,72.69

2026-08-21T05:58:14.424Z,34.33,72.74

2026-08-21T05:58:19.425Z,34.35,72.72

2026-08-21T05:58:24.425Z,34.34,72.75

2026-08-21T05:58:29.426Z,34.34,72.79

2026-08-21T05:58:34.428Z,34.35,72.81

2026-08-21T05:58:39.435Z,34.35,72.89

2026-08-21T05:58:44.425Z,34.37,72.96

2026-08-21T05:58:49.426Z,34.36,73.09

2026-08-21T05:58:54.427Z,34.36,73.15

2026-08-21T05:58:59.426Z,34.34,73.11

2026-08-21T05:59:04.446Z,34.38,73.17

2026-08-21T05:59:09.451Z,34.36,73.07

2026-08-21T05:59:14.446Z,34.37,73.12

2026-08-21T05:59:19.445Z,34.37,73.22

2026-08-21T05:59:24.445Z,34.37,73.18

2026-08-21T05:59:29.445Z,34.36,73.07

2026-08-21T05:59:34.461Z,34.38,72.98

2026-08-21T05:59:39.471Z,34.38,72.85

2026-08-21T05:59:44.460Z,34.37,72.83

2026-08-21T05:59:49.461Z,34.39,72.76

2026-08-21T05:59:54.461Z,34.41,72.71

2026-08-21T05:59:59.461Z,34.39,72.83

2026-08-21T06:00:04.472Z,34.41,72.9

2026-08-21T06:00:09.485Z,34.4,73.01

2026-08-21T06:00:14.467Z,34.4,72.89

2026-08-21T06:00:19.473Z,34.42,72.89

2026-08-21T06:00:24.470Z,34.42,72.92

2026-08-21T06:00:29.482Z,34.41,72.92

2026-08-21T06:00:34.473Z,34.42,72.89

2026-08-21T06:00:39.481Z,34.42,72.85

2026-08-21T06:00:44.473Z,34.42,72.74

2026-08-21T06:00:49.473Z,34.44,72.76

2026-08-21T06:00:54.473Z,34.44,72.64

2026-08-21T06:00:59.474Z,34.43,72.65

2026-08-21T06:01:04.473Z,34.45,72.62

2026-08-21T06:01:09.489Z,34.44,72.68

2026-08-21T06:01:14.474Z,34.44,72.61

2026-08-21T06:01:19.474Z,34.46,72.71

2026-08-21T06:01:24.474Z,34.46,72.69

2026-08-21T06:01:29.474Z,34.44,72.64

2026-08-21T06:01:34.498Z,34.46,72.68

2026-08-21T06:01:39.510Z,34.46,72.65

2026-08-21T06:01:44.494Z,34.47,72.56

2026-08-21T06:01:49.495Z,34.46,72.54

2026-08-21T06:01:54.493Z,34.47,72.51

2026-08-21T06:01:59.497Z,34.49,72.51

2026-08-21T06:02:04.499Z,34.49,72.51

2026-08-21T06:02:09.508Z,34.46,72.48

2026-08-21T06:02:14.497Z,34.46,72.4

2026-08-21T06:02:19.497Z,34.46,72.38

2026-08-21T06:02:24.498Z,34.46,72.37

2026-08-21T06:02:29.497Z,34.44,72.36

2026-08-21T06:02:34.508Z,34.47,72.38

2026-08-21T06:02:39.518Z,34.46,72.37

2026-08-21T06:02:44.507Z,34.48,72.34

2026-08-21T06:02:49.506Z,34.46,72.39

2026-08-21T06:02:54.507Z,34.45,72.36

2026-08-21T06:02:59.508Z,34.47,72.3

2026-08-21T06:03:04.516Z,34.46,72.2

2026-08-21T06:03:09.530Z,34.47,72.11

2026-08-21T06:03:14.513Z,34.46,72.04

2026-08-21T06:03:19.515Z,34.45,71.97

2026-08-21T06:03:24.517Z,34.46,71.96

2026-08-21T06:03:29.519Z,34.45,71.99

2026-08-21T06:03:34.516Z,34.48,71.97

2026-08-21T06:03:39.531Z,34.45,72.06

2026-08-21T06:03:44.518Z,34.48,72.02

2026-08-21T06:03:49.518Z,34.47,71.97

2026-08-21T06:03:54.516Z,34.46,71.99

2026-08-21T06:03:59.519Z,34.47,71.99

2026-08-21T06:04:04.532Z,34.46,72.04

2026-08-21T06:04:09.546Z,34.47,72.07

2026-08-21T06:04:14.533Z,34.48,72.05

2026-08-21T06:04:19.533Z,34.47,72.13

2026-08-21T06:04:24.534Z,34.48,72.11

2026-08-21T06:04:29.535Z,34.48,72.11

2026-08-21T06:04:34.540Z,34.46,72.22

2026-08-21T06:04:39.553Z,34.47,72.26

2026-08-21T06:04:44.538Z,34.49,72.21

2026-08-21T06:04:49.538Z,34.48,72.14

2026-08-21T06:04:54.541Z,34.48,72.1

2026-08-21T06:04:59.540Z,34.49,72.1

2026-08-21T06:05:04.545Z,34.49,72.03

2026-08-21T06:05:09.557Z,34.48,72.01

2026-08-21T06:05:14.545Z,34.49,71.89

2026-08-21T06:05:19.545Z,34.51,71.81

2026-08-21T06:05:24.544Z,34.48,71.9

2026-08-21T06:05:29.558Z,34.48,71.89

2026-08-21T06:05:34.547Z,34.47,71.92

2026-08-21T06:05:39.560Z,34.49,71.87

2026-08-21T06:05:44.546Z,34.48,71.82

2026-08-21T06:05:49.546Z,34.49,71.78

2026-08-21T06:05:54.545Z,34.47,71.92

2026-08-21T06:05:59.558Z,34.48,72.03

2026-08-21T06:06:04.547Z,34.48,72.07

2026-08-21T06:06:09.546Z,34.49,72.03

2026-08-21T06:06:14.547Z,34.5,71.88

2026-08-21T06:06:19.548Z,34.47,71.86

2026-08-21T06:06:24.548Z,34.47,71.9

2026-08-21T06:06:29.560Z,34.48,71.97

2026-08-21T06:06:34.548Z,34.45,71.87

2026-08-21T06:06:39.548Z,34.46,71.84

2026-08-21T06:06:44.554Z,34.47,71.86

2026-08-21T06:06:49.555Z,34.47,71.84

2026-08-21T06:06:54.552Z,34.48,71.91

2026-08-21T06:06:59.563Z,34.48,71.95

2026-08-21T06:07:04.552Z,34.46,72

2026-08-21T06:07:09.552Z,34.48,71.96

2026-08-21T06:07:14.551Z,34.46,71.92

2026-08-21T06:07:19.552Z,34.47,71.88

2026-08-21T06:07:24.562Z,34.45,71.78

2026-08-21T06:07:29.573Z,34.45,71.83

2026-08-21T06:07:34.563Z,34.46,71.78

2026-08-21T06:07:39.562Z,34.47,71.85

2026-08-21T06:07:44.562Z,34.47,71.85

2026-08-21T06:07:49.564Z,34.44,71.87

2026-08-21T06:07:54.577Z,34.43,71.89

2026-08-21T06:07:59.590Z,34.43,71.94

2026-08-21T06:08:04.575Z,34.44,71.96

2026-08-21T06:08:09.576Z,34.44,71.99

2026-08-21T06:08:14.576Z,34.43,71.98

2026-08-21T06:08:19.578Z,34.44,72.08

2026-08-21T06:08:24.593Z,34.43,72.04

2026-08-21T06:08:29.604Z,34.41,72.13

2026-08-21T06:08:34.592Z,34.41,72.1

2026-08-21T06:08:39.594Z,34.41,72.1

2026-08-21T06:08:44.594Z,34.42,72.16

2026-08-21T06:08:49.590Z,34.43,72.15

2026-08-21T06:08:54.598Z,34.42,72.17

2026-08-21T06:08:59.607Z,34.42,72.27

2026-08-21T06:09:04.595Z,34.44,72.22

2026-08-21T06:09:09.596Z,34.42,72.2

2026-08-21T06:09:14.597Z,34.43,72.18

2026-08-21T06:09:19.596Z,34.42,72.19

2026-08-21T06:09:24.601Z,34.43,72.22

2026-08-21T06:09:29.611Z,34.41,72.24

2026-08-21T06:09:34.599Z,34.43,72.21

2026-08-21T06:09:39.599Z,34.42,72.24

2026-08-21T06:09:44.600Z,34.41,72.2

2026-08-21T06:09:49.599Z,34.43,72.19

2026-08-21T06:09:54.609Z,34.41,72.21

2026-08-21T06:09:59.616Z,34.4,72.23

2026-08-21T06:10:04.608Z,34.37,72.39

2026-08-21T06:10:09.609Z,34.38,72.39

2026-08-21T06:10:14.609Z,34.39,72.43

2026-08-21T06:10:19.610Z,34.4,72.42

2026-08-21T06:10:24.619Z,34.38,72.47

2026-08-21T06:10:29.631Z,34.38,72.5

2026-08-21T06:10:34.615Z,34.39,72.5

2026-08-21T06:10:39.615Z,34.38,72.57

2026-08-21T06:10:44.617Z,34.38,72.54

2026-08-21T06:10:49.615Z,34.38,72.56

2026-08-21T06:10:54.625Z,34.38,72.57

2026-08-21T06:10:59.638Z,34.38,72.63

2026-08-21T06:11:04.627Z,34.36,72.64

2026-08-21T06:11:09.628Z,34.38,72.61

2026-08-21T06:11:14.627Z,34.39,72.61

2026-08-21T06:11:19.629Z,34.38,72.59

2026-08-21T06:11:24.645Z,34.36,72.64

2026-08-21T06:11:29.657Z,34.38,72.71

2026-08-21T06:11:34.644Z,34.38,72.66

2026-08-21T06:11:39.645Z,34.36,72.73

2026-08-21T06:11:44.645Z,34.38,72.68

2026-08-21T06:11:49.644Z,34.37,72.76

2026-08-21T06:11:54.649Z,34.38,72.74

2026-08-21T06:11:59.662Z,34.35,72.79

2026-08-21T06:12:04.647Z,34.37,72.76

2026-08-21T06:12:09.648Z,34.34,72.77

2026-08-21T06:12:14.657Z,34.36,72.69

2026-08-21T06:12:19.668Z,34.36,72.76

2026-08-21T06:12:24.655Z,34.35,72.71

2026-08-21T06:12:29.658Z,34.35,72.69

2026-08-21T06:12:34.656Z,34.37,72.75

2026-08-21T06:12:39.657Z,34.36,72.81

2026-08-21T06:12:44.663Z,34.35,72.78

2026-08-21T06:12:49.673Z,34.36,72.84

2026-08-21T06:12:54.660Z,34.34,72.77

2026-08-21T06:12:59.671Z,34.32,72.81

2026-08-21T06:13:04.661Z,34.34,72.83

2026-08-21T06:13:09.661Z,34.32,72.77

2026-08-21T06:13:14.663Z,34.34,72.84

2026-08-21T06:13:19.664Z,34.33,72.83

2026-08-21T06:13:24.663Z,34.32,72.88

2026-08-21T06:13:29.677Z,34.32,72.83

2026-08-21T06:13:34.664Z,34.33,72.88

2026-08-21T06:13:39.664Z,34.34,73

2026-08-21T06:13:44.666Z,34.32,73.01

2026-08-21T06:13:49.665Z,34.33,73.05

2026-08-21T06:13:54.665Z,34.34,73.08

2026-08-21T06:13:59.686Z,34.35,73.17

2026-08-21T06:14:04.669Z,34.33,73.13

2026-08-21T06:14:09.667Z,34.32,73.15

2026-08-21T06:14:14.666Z,34.32,73.22

2026-08-21T06:14:19.667Z,34.34,73.32

2026-08-21T06:14:24.688Z,34.33,73.34

2026-08-21T06:14:29.683Z,34.33,73.35

2026-08-21T06:14:34.684Z,34.33,73.39

2026-08-21T06:14:39.684Z,34.34,73.37

2026-08-21T06:14:44.685Z,34.34,73.36

2026-08-21T06:14:49.700Z,34.33,73.46

2026-08-21T06:14:54.686Z,34.35,73.39

2026-08-21T06:14:59.686Z,34.34,73.35

2026-08-21T06:15:04.687Z,34.33,73.36

2026-08-21T06:15:09.697Z,34.32,73.38

2026-08-21T06:15:14.687Z,34.32,73.35

2026-08-21T06:15:19.688Z,34.32,73.36

2026-08-21T06:15:24.687Z,34.32,73.4

2026-08-21T06:15:29.689Z,34.32,73.37

2026-08-21T06:15:34.689Z,34.33,73.37

2026-08-21T06:15:39.698Z,34.31,73.47

2026-08-21T06:15:44.689Z,34.31,73.41

2026-08-21T06:15:49.690Z,34.3,73.37

2026-08-21T06:15:54.689Z,34.32,73.47

2026-08-21T06:15:59.691Z,34.3,73.47

2026-08-21T06:16:04.696Z,34.29,73.5

2026-08-21T06:16:09.704Z,34.29,73.54

2026-08-21T06:16:14.694Z,34.3,73.5

2026-08-21T06:16:19.693Z,34.27,73.53

2026-08-21T06:16:24.694Z,34.26,73.47

2026-08-21T06:16:29.695Z,34.26,73.56

2026-08-21T06:16:34.702Z,34.26,73.57

2026-08-21T06:16:39.717Z,34.27,73.71

2026-08-21T06:16:44.701Z,34.26,73.64

2026-08-21T06:16:49.702Z,34.26,73.58

2026-08-21T06:16:54.703Z,34.27,73.65

2026-08-21T06:16:59.700Z,34.26,73.66

2026-08-21T06:17:04.707Z,34.27,73.68

2026-08-21T06:17:09.718Z,34.27,73.69

2026-08-21T06:17:14.706Z,34.26,73.71

2026-08-21T06:17:19.705Z,34.26,73.75

2026-08-21T06:17:24.705Z,34.27,73.79

2026-08-21T06:17:29.706Z,34.3,73.83

2026-08-21T06:17:34.714Z,34.26,73.87

2026-08-21T06:17:39.726Z,34.27,73.84

2026-08-21T06:17:44.715Z,34.26,73.82

2026-08-21T06:17:49.715Z,34.25,73.84

2026-08-21T06:17:54.715Z,34.28,73.87

2026-08-21T06:17:59.718Z,34.28,73.96

2026-08-21T06:18:04.726Z,34.27,74

2026-08-21T06:18:09.743Z,34.28,74.08

2026-08-21T06:18:14.725Z,34.29,74.05

2026-08-21T06:18:19.725Z,34.29,74.02

2026-08-21T06:18:24.724Z,34.28,74.06

2026-08-21T06:18:29.728Z,34.27,74

2026-08-21T06:18:34.732Z,34.26,74.04

2026-08-21T06:18:39.745Z,34.28,74.03

2026-08-21T06:18:44.732Z,34.28,73.99

2026-08-21T06:18:49.732Z,34.29,73.88

2026-08-21T06:18:54.731Z,34.28,73.87

2026-08-21T06:18:59.734Z,34.28,73.75

2026-08-21T06:19:04.747Z,34.25,73.58

2026-08-21T06:19:09.759Z,34.26,73.54

2026-08-21T06:19:14.745Z,34.27,73.48

2026-08-21T06:19:19.745Z,34.27,73.35

2026-08-21T06:19:24.745Z,34.26,73.33

2026-08-21T06:19:29.745Z,34.25,73.34

2026-08-21T06:19:34.756Z,34.25,73.21

2026-08-21T06:19:39.770Z,34.27,73.24

2026-08-21T06:19:44.757Z,34.26,73.2

2026-08-21T06:19:49.756Z,34.25,73.27

2026-08-21T06:19:54.757Z,34.27,73.33

2026-08-21T06:19:59.756Z,34.24,73.33

2026-08-21T06:20:04.772Z,34.26,73.34

2026-08-21T06:20:09.785Z,34.24,73.44

2026-08-21T06:20:14.769Z,34.25,73.33

2026-08-21T06:20:19.770Z,34.24,73.37

2026-08-21T06:20:24.769Z,34.25,73.41

2026-08-21T06:20:29.769Z,34.26,73.47

2026-08-21T06:20:34.774Z,34.26,73.47

2026-08-21T06:20:39.785Z,34.24,73.53

2026-08-21T06:20:44.776Z,34.26,73.54

2026-08-21T06:20:49.774Z,34.26,73.53

2026-08-21T06:20:54.774Z,34.26,73.55

2026-08-21T06:20:59.773Z,34.27,73.52

2026-08-21T06:21:04.775Z,34.25,73.57

2026-08-21T06:21:09.784Z,34.24,73.59

2026-08-21T06:21:14.774Z,34.24,73.42

2026-08-21T06:21:19.774Z,34.24,73.41

2026-08-21T06:21:24.788Z,34.24,73.36

2026-08-21T06:21:29.787Z,34.24,73.43

2026-08-21T06:21:34.796Z,34.23,73.36

2026-08-21T06:21:39.791Z,34.23,73.45

2026-08-21T06:21:44.789Z,34.23,73.37

2026-08-21T06:21:49.790Z,34.23,73.37

2026-08-21T06:21:54.790Z,34.24,73.29

2026-08-21T06:21:59.804Z,34.21,73.3

2026-08-21T06:22:04.793Z,34.2,73.25

2026-08-21T06:22:09.792Z,34.19,73.26

2026-08-21T06:22:14.793Z,34.18,73.17

2026-08-21T06:22:19.805Z,34.16,73.33

2026-08-21T06:22:24.794Z,34.17,73.29

2026-08-21T06:22:29.795Z,34.17,73.34

2026-08-21T06:22:34.795Z,34.18,73.37

2026-08-21T06:22:39.796Z,34.14,73.39

2026-08-21T06:22:44.795Z,34.14,73.33

2026-08-21T06:22:49.807Z,34.15,73.38

2026-08-21T06:22:54.795Z,34.17,73.32

2026-08-21T06:22:59.796Z,34.18,73.4

2026-08-21T06:23:04.795Z,34.16,73.43

2026-08-21T06:23:09.799Z,34.18,73.43

2026-08-21T06:23:14.801Z,34.18,73.47

2026-08-21T06:23:19.814Z,34.17,73.51

2026-08-21T06:23:24.798Z,34.16,73.44

2026-08-21T06:23:29.799Z,34.17,73.47

2026-08-21T06:23:34.799Z,34.18,73.46

2026-08-21T06:23:39.802Z,34.18,73.45

2026-08-21T06:23:44.810Z,34.18,73.4

2026-08-21T06:23:49.822Z,34.18,73.41

2026-08-21T06:23:54.810Z,34.19,73.27

2026-08-21T06:23:59.810Z,34.19,73.19

2026-08-21T06:24:04.810Z,34.19,73.07

2026-08-21T06:24:09.809Z,34.19,73.05

2026-08-21T06:24:14.821Z,34.19,72.99

2026-08-21T06:24:19.829Z,34.18,72.86

2026-08-21T06:24:24.819Z,34.18,72.71

2026-08-21T06:24:29.817Z,34.2,72.78

2026-08-21T06:24:34.818Z,34.2,72.82

2026-08-21T06:24:39.820Z,34.19,72.78

2026-08-21T06:24:44.825Z,34.17,72.74

2026-08-21T06:24:49.838Z,34.17,72.79

2026-08-21T06:24:54.825Z,34.18,72.68

2026-08-21T06:24:59.827Z,34.19,72.66

2026-08-21T06:25:04.828Z,34.18,72.69

2026-08-21T06:25:09.829Z,34.17,72.77

2026-08-21T06:25:14.834Z,34.18,72.84

2026-08-21T06:25:19.842Z,34.19,73.04

2026-08-21T06:25:24.829Z,34.2,73.05

2026-08-21T06:25:29.830Z,34.18,73.08

2026-08-21T06:25:34.831Z,34.18,73

2026-08-21T06:25:39.832Z,34.2,72.97

2026-08-21T06:25:44.841Z,34.2,72.8

2026-08-21T06:25:49.855Z,34.19,72.75

2026-08-21T06:25:54.840Z,34.19,72.62

2026-08-21T06:25:59.842Z,34.18,72.59

2026-08-21T06:26:04.842Z,34.17,72.73

2026-08-21T06:26:09.843Z,34.17,72.77

2026-08-21T06:26:14.853Z,34.17,72.79

2026-08-21T06:26:19.860Z,34.18,72.94

2026-08-21T06:26:24.848Z,34.2,72.89

2026-08-21T06:26:29.851Z,34.19,72.86

2026-08-21T06:26:34.852Z,34.2,72.9

2026-08-21T06:26:39.852Z,34.19,72.97

2026-08-21T06:26:44.861Z,34.2,72.81

2026-08-21T06:26:49.872Z,34.19,72.71

2026-08-21T06:26:54.858Z,34.2,72.65

2026-08-21T06:26:59.858Z,34.19,72.7

2026-08-21T06:27:04.860Z,34.2,72.81

2026-08-21T06:27:09.861Z,34.18,72.65

2026-08-21T06:27:14.878Z,34.17,72.59

2026-08-21T06:27:19.889Z,34.17,72.58

2026-08-21T06:27:24.879Z,34.18,72.55

2026-08-21T06:27:29.878Z,34.18,72.6

2026-08-21T06:27:34.877Z,34.16,72.58

2026-08-21T06:27:39.879Z,34.17,72.65

2026-08-21T06:27:44.884Z,34.19,72.68

2026-08-21T06:27:49.898Z,34.19,72.86

2026-08-21T06:27:54.882Z,34.21,72.99

2026-08-21T06:27:59.884Z,34.18,73.07

2026-08-21T06:28:04.885Z,34.21,73.17

2026-08-21T06:28:09.885Z,34.21,73.23

2026-08-21T06:28:14.887Z,34.21,73.16

2026-08-21T06:28:19.899Z,34.2,73.18

2026-08-21T06:28:24.884Z,34.23,72.94

2026-08-21T06:28:29.885Z,34.2,72.98

2026-08-21T06:28:34.886Z,34.19,72.85

2026-08-21T06:28:39.887Z,34.2,72.87

2026-08-21T06:28:44.896Z,34.22,72.84

2026-08-21T06:28:49.910Z,34.21,72.92

2026-08-21T06:28:54.894Z,34.21,72.98

2026-08-21T06:28:59.898Z,34.21,72.93

2026-08-21T06:29:04.897Z,34.2,72.92

2026-08-21T06:29:09.900Z,34.22,72.99

2026-08-21T06:29:14.909Z,34.22,72.99

2026-08-21T06:29:19.924Z,34.19,73.13

2026-08-21T06:29:24.906Z,34.24,73.06

2026-08-21T06:29:29.905Z,34.22,73.08

2026-08-21T06:29:34.905Z,34.23,72.99

2026-08-21T06:29:39.907Z,34.21,72.93

2026-08-21T06:29:44.908Z,34.23,72.9

2026-08-21T06:29:49.917Z,34.23,73.02

2026-08-21T06:29:54.906Z,34.23,73.08

2026-08-21T06:29:59.908Z,34.23,73.12

2026-08-21T06:30:04.910Z,34.23,73.19

2026-08-21T06:30:09.908Z,34.24,73.21

2026-08-21T06:30:14.918Z,34.25,73.14

2026-08-21T06:30:19.928Z,34.23,73.11

2026-08-21T06:30:24.917Z,34.22,72.98

2026-08-21T06:30:29.917Z,34.23,72.95

2026-08-21T06:30:34.917Z,34.24,72.95

2026-08-21T06:30:39.920Z,34.24,72.88

2026-08-21T06:30:44.929Z,34.22,72.76

2026-08-21T06:30:49.941Z,34.23,72.73

2026-08-21T06:30:54.924Z,34.23,72.72

2026-08-21T06:30:59.926Z,34.23,72.72

2026-08-21T06:31:04.927Z,34.23,72.86

2026-08-21T06:31:09.927Z,34.24,72.89

2026-08-21T06:31:14.932Z,34.23,72.94

2026-08-21T06:31:19.942Z,34.24,73.14

2026-08-21T06:31:24.931Z,34.25,73.11

2026-08-21T06:31:29.932Z,34.27,73.01

2026-08-21T06:31:34.931Z,34.24,73.03

2026-08-21T06:31:39.930Z,34.25,73.03

2026-08-21T06:31:44.934Z,34.24,73.01

2026-08-21T06:31:49.948Z,34.25,73.06

2026-08-21T06:31:54.932Z,34.27,73.06

2026-08-21T06:31:59.934Z,34.27,73.13

2026-08-21T06:32:04.933Z,34.28,73.11

2026-08-21T06:32:09.933Z,34.27,73.17

2026-08-21T06:32:14.934Z,34.29,73.11

2026-08-21T06:32:19.949Z,34.29,73.18

2026-08-21T06:32:24.933Z,34.28,73.03

2026-08-21T06:32:29.932Z,34.29,73.12

2026-08-21T06:32:34.932Z,34.28,73.08

2026-08-21T06:32:39.932Z,34.3,73.12

2026-08-21T06:32:44.950Z,34.27,73.09

2026-08-21T06:32:49.960Z,34.29,73.12

2026-08-21T06:32:54.945Z,34.32,72.87

2026-08-21T06:32:59.946Z,34.3,72.62

2026-08-21T06:33:04.949Z,34.3,72.45

2026-08-21T06:33:09.947Z,34.31,72.53

2026-08-21T06:33:14.957Z,34.31,72.57

2026-08-21T06:33:19.968Z,34.3,72.55

2026-08-21T06:33:24.953Z,34.31,72.32

2026-08-21T06:33:29.955Z,34.32,72.37

2026-08-21T06:33:34.954Z,34.31,72.43

2026-08-21T06:33:39.954Z,34.31,72.39

2026-08-21T06:33:44.969Z,34.31,72.36

2026-08-21T06:33:49.980Z,34.3,72.42

2026-08-21T06:33:54.970Z,34.33,72.35

2026-08-21T06:33:59.970Z,34.32,72.38

2026-08-21T06:34:04.969Z,34.32,72.31

2026-08-21T06:34:09.982Z,34.32,72.19

2026-08-21T06:34:14.970Z,34.32,72.1

2026-08-21T06:34:19.971Z,34.34,72.12

2026-08-21T06:34:24.968Z,34.34,72.17

2026-08-21T06:34:29.973Z,34.36,72.19

2026-08-21T06:34:34.990Z,34.32,72.1

2026-08-21T06:34:39.999Z,34.34,72.07

2026-08-21T06:34:44.987Z,34.34,71.93

2026-08-21T06:34:49.986Z,34.35,71.93

2026-08-21T06:34:54.987Z,34.33,71.97

2026-08-21T06:34:59.988Z,34.35,71.94

2026-08-21T06:35:04.999Z,34.36,71.91

2026-08-21T06:35:10.012Z,34.36,71.95

2026-08-21T06:35:15.001Z,34.37,71.92

2026-08-21T06:35:20.002Z,34.37,72.06

2026-08-21T06:35:25.002Z,34.38,72.18

2026-08-21T06:35:30.002Z,34.38,72.26

2026-08-21T06:35:35.005Z,34.4,72.24

2026-08-21T06:35:40.019Z,34.36,72.34

2026-08-21T06:35:45.004Z,34.39,72.39

2026-08-21T06:35:50.003Z,34.39,72.32

2026-08-21T06:35:55.005Z,34.38,72.37

2026-08-21T06:36:00.006Z,34.38,72.31

2026-08-21T06:36:05.005Z,34.38,72.25

2026-08-21T06:36:10.018Z,34.39,72.24

2026-08-21T06:36:15.007Z,34.4,72.24

2026-08-21T06:36:20.007Z,34.39,72.25

2026-08-21T06:36:25.007Z,34.41,72.26

2026-08-21T06:36:30.008Z,34.41,72.03

2026-08-21T06:36:35.011Z,34.4,71.81

2026-08-21T06:36:40.020Z,34.41,71.74

2026-08-21T06:36:45.012Z,34.4,71.75

2026-08-21T06:36:50.011Z,34.4,71.72

2026-08-21T06:36:55.008Z,34.41,71.71

2026-08-21T06:37:00.012Z,34.4,71.69

2026-08-21T06:37:05.026Z,34.43,71.73

2026-08-21T06:37:10.037Z,34.4,71.79

2026-08-21T06:37:15.024Z,34.41,71.72

2026-08-21T06:37:20.025Z,34.42,71.74

2026-08-21T06:37:25.025Z,34.41,71.76

2026-08-21T06:37:30.024Z,34.41,71.71

2026-08-21T06:37:35.036Z,34.42,71.68

2026-08-21T06:37:40.053Z,34.42,71.72

2026-08-21T06:37:45.036Z,34.42,71.69

2026-08-21T06:37:50.037Z,34.42,71.71

2026-08-21T06:37:55.035Z,34.43,71.83

2026-08-21T06:38:00.036Z,34.42,71.78

2026-08-21T06:38:05.044Z,34.43,71.66

2026-08-21T06:38:10.055Z,34.42,71.69

2026-08-21T06:38:15.043Z,34.42,71.76

2026-08-21T06:38:20.044Z,34.45,71.72

2026-08-21T06:38:25.043Z,34.44,71.78

2026-08-21T06:38:30.042Z,34.47,71.79

2026-08-21T06:38:35.055Z,34.45,71.77

2026-08-21T06:38:40.065Z,34.45,71.81

2026-08-21T06:38:45.055Z,34.45,71.72

2026-08-21T06:38:50.057Z,34.47,71.69

2026-08-21T06:38:55.056Z,34.46,71.61

2026-08-21T06:39:00.056Z,34.46,71.64

2026-08-21T06:39:05.068Z,34.47,71.52

2026-08-21T06:39:10.080Z,34.46,71.37

2026-08-21T06:39:15.067Z,34.48,71.36

2026-08-21T06:39:20.067Z,34.48,71.38

2026-08-21T06:39:25.068Z,34.48,71.42

2026-08-21T06:39:30.068Z,34.48,71.46

2026-08-21T06:39:35.068Z,34.47,71.75

2026-08-21T06:39:40.078Z,34.48,71.66

2026-08-21T06:39:45.081Z,34.46,71.46

2026-08-21T06:39:50.074Z,34.49,71.3

2026-08-21T06:39:55.073Z,34.48,71.27

2026-08-21T06:40:00.081Z,34.47,71.25

2026-08-21T06:40:05.073Z,34.47,71.21

2026-08-21T06:40:10.073Z,34.46,71.24

2026-08-21T06:40:15.074Z,34.47,71.33

2026-08-21T06:40:20.075Z,34.48,71.34

2026-08-21T06:40:25.081Z,34.47,71.37

2026-08-21T06:40:30.094Z,34.45,71.35

2026-08-21T06:40:35.078Z,34.47,71.17

2026-08-21T06:40:40.082Z,34.45,71.14

2026-08-21T06:40:45.080Z,34.44,70.96

2026-08-21T06:40:50.081Z,34.44,70.86

2026-08-21T06:40:55.082Z,34.4,70.81

2026-08-21T06:41:00.093Z,34.41,70.56

2026-08-21T06:41:05.081Z,34.41,70.52

2026-08-21T06:41:10.081Z,34.41,70.63

2026-08-21T06:41:15.081Z,34.41,70.46

2026-08-21T06:41:20.083Z,34.39,70.51

2026-08-21T06:41:25.089Z,34.38,70.52

2026-08-21T06:41:30.101Z,34.38,70.46

2026-08-21T06:41:35.090Z,34.39,70.54

2026-08-21T06:41:40.090Z,34.38,70.65

2026-08-21T06:41:45.092Z,34.38,70.82

2026-08-21T06:41:50.091Z,34.39,70.97

2026-08-21T06:41:55.100Z,34.38,70.95

2026-08-21T06:42:00.114Z,34.37,71.03

2026-08-21T06:42:05.102Z,34.36,71.04

2026-08-21T06:42:10.100Z,34.37,71.09

2026-08-21T06:42:15.100Z,34.37,71.21

2026-08-21T06:42:20.100Z,34.37,71.1

2026-08-21T06:42:25.117Z,34.38,71.09

2026-08-21T06:42:30.128Z,34.34,71.05

2026-08-21T06:42:35.118Z,34.36,71.02

2026-08-21T06:42:40.118Z,34.35,71

2026-08-21T06:42:45.117Z,34.37,70.96

2026-08-21T06:42:50.117Z,34.36,71.09

2026-08-21T06:42:55.123Z,34.36,71.08

2026-08-21T06:43:00.133Z,34.38,71.19

2026-08-21T06:43:05.121Z,34.36,71.15

2026-08-21T06:43:10.122Z,34.34,71.09

2026-08-21T06:43:15.121Z,34.35,71.21

2026-08-21T06:43:20.122Z,34.35,71.26

2026-08-21T06:43:25.124Z,34.36,71.29

2026-08-21T06:43:30.136Z,34.34,71.36

2026-08-21T06:43:35.120Z,34.37,71.34

2026-08-21T06:43:40.121Z,34.38,71.48

2026-08-21T06:43:45.122Z,34.38,71.4

2026-08-21T06:43:50.122Z,34.36,71.41

2026-08-21T06:43:55.121Z,34.36,71.35

2026-08-21T06:44:00.133Z,34.37,71.41

2026-08-21T06:44:05.121Z,34.39,71.41

2026-08-21T06:44:10.126Z,34.39,71.42

2026-08-21T06:44:15.126Z,34.38,71.48

2026-08-21T06:44:20.124Z,34.39,71.5

2026-08-21T06:44:25.137Z,34.37,71.44

2026-08-21T06:44:30.150Z,34.38,71.45

2026-08-21T06:44:35.137Z,34.37,71.38

2026-08-21T06:44:40.138Z,34.37,71.43

2026-08-21T06:44:45.137Z,34.38,71.53

2026-08-21T06:44:50.138Z,34.39,71.55

2026-08-21T06:44:55.146Z,34.38,71.67

2026-08-21T06:45:00.158Z,34.36,71.69

2026-08-21T06:45:05.143Z,34.38,71.56

2026-08-21T06:45:10.145Z,34.4,71.48

2026-08-21T06:45:15.144Z,34.39,71.52

2026-08-21T06:45:20.144Z,34.38,71.43

2026-08-21T06:45:25.160Z,34.39,71.48

2026-08-21T06:45:30.173Z,34.38,71.52

2026-08-21T06:45:35.159Z,34.38,71.48

2026-08-21T06:45:40.159Z,34.39,71.46

2026-08-21T06:45:45.160Z,34.38,71.36

2026-08-21T06:45:50.160Z,34.36,71.22

2026-08-21T06:45:55.164Z,34.37,71.2

2026-08-21T06:46:00.176Z,34.38,71.2

2026-08-21T06:46:05.161Z,34.38,71.23

2026-08-21T06:46:10.162Z,34.39,71.27

2026-08-21T06:46:15.165Z,34.39,71.19

2026-08-21T06:46:20.162Z,34.4,71.17

2026-08-21T06:46:25.177Z,34.39,71.21

2026-08-21T06:46:30.186Z,34.41,71.24

2026-08-21T06:46:35.173Z,34.39,71.14

2026-08-21T06:46:40.176Z,34.38,70.98

2026-08-21T06:46:45.174Z,34.37,70.95

2026-08-21T06:46:50.175Z,34.36,70.95

2026-08-21T06:46:55.182Z,34.35,70.93

2026-08-21T06:47:00.193Z,34.35,71.07

2026-08-21T06:47:05.180Z,34.35,71.01

2026-08-21T06:47:10.184Z,34.33,70.94

2026-08-21T06:47:15.183Z,34.35,70.78

2026-08-21T06:47:20.184Z,34.36,70.84

2026-08-21T06:47:25.186Z,34.34,70.83

2026-08-21T06:47:30.196Z,34.34,70.98

2026-08-21T06:47:35.184Z,34.33,71.07

2026-08-21T06:47:40.199Z,34.33,71.11

2026-08-21T06:47:45.185Z,34.34,71.11

2026-08-21T06:47:50.183Z,34.35,71.06

2026-08-21T06:47:55.198Z,34.36,71.01

2026-08-21T06:48:00.209Z,34.33,70.91

2026-08-21T06:48:05.196Z,34.33,70.76

2026-08-21T06:48:10.199Z,34.33,70.86

2026-08-21T06:48:15.199Z,34.31,70.74

2026-08-21T06:48:20.197Z,34.32,70.75

2026-08-21T06:48:25.199Z,34.33,70.88

2026-08-21T06:48:30.211Z,34.32,70.95

2026-08-21T06:48:35.199Z,34.32,70.85

2026-08-21T06:48:40.200Z,34.31,70.92

2026-08-21T06:48:45.200Z,34.33,70.93

2026-08-21T06:48:50.201Z,34.35,70.91

2026-08-21T06:48:55.219Z,34.34,70.88

2026-08-21T06:49:00.229Z,34.35,70.85

2026-08-21T06:49:05.218Z,34.35,70.91

2026-08-21T06:49:10.218Z,34.35,70.73

2026-08-21T06:49:15.219Z,34.34,70.61

2026-08-21T06:49:20.220Z,34.36,70.63

2026-08-21T06:49:25.219Z,34.35,70.68

2026-08-21T06:49:30.236Z,34.33,70.66

2026-08-21T06:49:35.220Z,34.35,70.56

2026-08-21T06:49:40.218Z,34.33,70.65

2026-08-21T06:49:45.220Z,34.34,70.68

2026-08-21T06:49:50.220Z,34.35,70.73

2026-08-21T06:49:55.248Z,34.35,70.78

2026-08-21T06:50:00.242Z,34.36,70.68

2026-08-21T06:50:05.240Z,34.35,70.64

2026-08-21T06:50:10.240Z,34.36,70.52

2026-08-21T06:50:15.243Z,34.36,70.41

2026-08-21T06:50:20.254Z,34.35,70.41

2026-08-21T06:50:25.243Z,34.36,70.16

2026-08-21T06:50:30.245Z,34.38,70.09

2026-08-21T06:50:35.244Z,34.37,70.1

2026-08-21T06:50:40.244Z,34.38,70.19

2026-08-21T06:50:45.244Z,34.38,70.22

2026-08-21T06:50:50.257Z,34.38,70.14

2026-08-21T06:50:55.246Z,34.39,70.07

2026-08-21T06:51:00.246Z,34.35,69.8

2026-08-21T06:51:05.245Z,34.36,69.62

2026-08-21T06:51:10.244Z,34.35,69.52

2026-08-21T06:51:15.253Z,34.37,69.52

2026-08-21T06:51:20.262Z,34.37,69.81

2026-08-21T06:51:25.252Z,34.35,69.93

2026-08-21T06:51:30.252Z,34.37,69.94

2026-08-21T06:51:35.251Z,34.37,69.92

2026-08-21T06:51:40.253Z,34.36,69.88

2026-08-21T06:51:45.262Z,34.37,70.01

2026-08-21T06:51:50.275Z,34.37,70.19

2026-08-21T06:51:55.258Z,34.36,70.18

2026-08-21T06:52:00.259Z,34.37,70.09

2026-08-21T06:52:05.262Z,34.36,70.05

2026-08-21T06:52:10.262Z,34.34,69.99

2026-08-21T06:52:15.266Z,34.34,69.9

2026-08-21T06:52:20.276Z,34.36,70

2026-08-21T06:52:25.265Z,34.36,70.09

2026-08-21T06:52:30.264Z,34.36,70.2

2026-08-21T06:52:35.264Z,34.33,70.18

2026-08-21T06:52:40.267Z,34.35,70.04

2026-08-21T06:52:45.278Z,34.35,69.91

2026-08-21T06:52:50.292Z,34.33,69.85

2026-08-21T06:52:55.279Z,34.33,69.7

2026-08-21T06:53:00.280Z,34.31,69.79

2026-08-21T06:53:05.281Z,34.33,69.79

2026-08-21T06:53:10.280Z,34.33,69.76

2026-08-21T06:53:15.296Z,34.34,69.86

2026-08-21T06:53:20.305Z,34.32,69.92

2026-08-21T06:53:25.294Z,34.32,69.81

2026-08-21T06:53:30.294Z,34.32,69.76

2026-08-21T06:53:35.340Z,34.32,69.88

2026-08-21T06:53:40.295Z,34.32,69.94

2026-08-21T06:53:45.300Z,34.33,69.92

2026-08-21T06:53:50.309Z,34.33,69.93

2026-08-21T06:53:55.297Z,34.33,69.92

2026-08-21T06:54:00.298Z,34.32,70.02

2026-08-21T06:54:05.310Z,34.33,70.14

2026-08-21T06:54:10.305Z,34.34,70.15

2026-08-21T06:54:15.304Z,34.36,70.1

2026-08-21T06:54:20.315Z,34.35,69.94

2026-08-21T06:54:25.305Z,34.35,69.71

2026-08-21T06:54:30.307Z,34.36,69.55

2026-08-21T06:54:35.306Z,34.35,69.54

2026-08-21T06:54:40.318Z,34.36,69.64

2026-08-21T06:54:45.306Z,34.35,69.62

2026-08-21T06:54:50.306Z,34.34,69.6

2026-08-21T06:54:55.306Z,34.37,69.68

2026-08-21T06:55:00.305Z,34.34,69.49

2026-08-21T06:55:05.306Z,34.33,69.52

2026-08-21T06:55:10.318Z,34.33,69.55

2026-08-21T06:55:15.307Z,34.35,69.58

2026-08-21T06:55:20.307Z,34.35,69.64

2026-08-21T06:55:25.304Z,34.35,69.55

2026-08-21T06:55:30.308Z,34.35,69.46

2026-08-21T06:55:35.307Z,34.32,69.49

2026-08-21T06:55:40.317Z,34.34,69.47

2026-08-21T06:55:45.306Z,34.34,69.45

2026-08-21T06:55:50.309Z,34.35,69.49

2026-08-21T06:55:55.307Z,34.33,69.55

2026-08-21T06:56:00.308Z,34.33,69.61

2026-08-21T06:56:05.316Z,34.36,69.63

2026-08-21T06:56:10.329Z,34.36,69.67

2026-08-21T06:56:15.319Z,34.35,69.63

2026-08-21T06:56:20.317Z,34.35,69.64

2026-08-21T06:56:25.319Z,34.35,69.72

2026-08-21T06:56:30.320Z,34.37,69.72

2026-08-21T06:56:35.337Z,34.36,69.76

2026-08-21T06:56:40.347Z,34.36,69.84

2026-08-21T06:56:45.335Z,34.35,69.67

2026-08-21T06:56:50.336Z,34.36,69.59

2026-08-21T06:56:55.335Z,34.36,69.58

2026-08-21T06:57:00.336Z,34.36,69.5

2026-08-21T06:57:05.341Z,34.37,69.27

2026-08-21T06:57:10.354Z,34.32,69.21

2026-08-21T06:57:15.343Z,34.33,69.05

2026-08-21T06:57:20.342Z,34.35,69.06

2026-08-21T06:57:25.343Z,34.35,69.13

2026-08-21T06:57:30.342Z,34.34,69.13

2026-08-21T06:57:35.355Z,34.33,68.87

2026-08-21T06:57:40.364Z,34.32,68.75

2026-08-21T06:57:45.353Z,34.33,68.68

2026-08-21T06:57:50.354Z,34.34,68.75

2026-08-21T06:57:55.355Z,34.34,68.79

2026-08-21T06:58:00.357Z,34.33,68.96

2026-08-21T06:58:05.367Z,34.33,69.15

2026-08-21T06:58:10.384Z,34.31,69.11

2026-08-21T06:58:15.366Z,34.3,68.66

2026-08-21T06:58:20.368Z,34.32,68.71

2026-08-21T06:58:25.368Z,34.32,68.71

2026-08-21T06:58:30.367Z,34.33,68.74

2026-08-21T06:58:35.376Z,34.33,68.7

2026-08-21T06:58:40.386Z,34.32,68.92

2026-08-21T06:58:45.372Z,34.33,68.99

2026-08-21T06:58:50.380Z,34.31,68.78

2026-08-21T06:58:55.373Z,34.32,68.56

2026-08-21T06:59:00.383Z,34.29,68.51

2026-08-21T06:59:05.377Z,34.29,68.47

2026-08-21T06:59:10.377Z,34.29,68.45

2026-08-21T06:59:15.374Z,34.25,68.43

2026-08-21T06:59:20.391Z,34.27,68.43

2026-08-21T06:59:25.376Z,34.26,68.6

2026-08-21T06:59:30.377Z,34.28,68.84

2026-08-21T06:59:35.377Z,34.28,68.82

2026-08-21T06:59:40.392Z,34.28,68.87

2026-08-21T06:59:45.377Z,34.29,68.77

2026-08-21T06:59:50.377Z,34.28,68.65

2026-08-21T06:59:55.376Z,34.29,68.61

2026-08-21T07:00:00.377Z,34.29,68.6

2026-08-21T07:00:05.381Z,34.27,68.59

2026-08-21T07:00:10.393Z,34.27,68.41

2026-08-21T07:00:15.379Z,34.27,68.32

2026-08-21T07:00:20.381Z,34.26,68.39

2026-08-21T07:00:25.380Z,34.24,68.36

2026-08-21T07:00:30.381Z,34.24,68.27

2026-08-21T07:00:35.391Z,34.22,68.33

2026-08-21T07:00:40.401Z,34.23,68.52

2026-08-21T07:00:45.390Z,34.19,68.41

2026-08-21T07:00:50.391Z,34.21,68.45

2026-08-21T07:00:55.389Z,34.2,68.36

2026-08-21T07:01:00.390Z,34.19,68.42

2026-08-21T07:01:05.403Z,34.19,68.55

2026-08-21T07:01:10.414Z,34.22,68.73

2026-08-21T07:01:15.401Z,34.21,68.68

2026-08-21T07:01:20.401Z,34.22,68.7

2026-08-21T07:01:25.403Z,34.21,68.67

2026-08-21T07:01:30.402Z,34.21,68.6

2026-08-21T07:01:35.407Z,34.22,68.68

2026-08-21T07:01:40.418Z,34.21,68.62

2026-08-21T07:01:45.405Z,34.21,68.58

2026-08-21T07:01:50.407Z,34.21,68.57

2026-08-21T07:01:55.408Z,34.23,68.57

2026-08-21T07:02:00.405Z,34.22,68.56

2026-08-21T07:02:05.417Z,34.22,68.62

2026-08-21T07:02:10.426Z,34.23,68.64

2026-08-21T07:02:15.415Z,34.23,68.67

2026-08-21T07:02:20.417Z,34.23,68.69

2026-08-21T07:02:25.416Z,34.25,68.67

2026-08-21T07:02:30.417Z,34.26,68.73

2026-08-21T07:02:35.422Z,34.26,68.63

2026-08-21T07:02:40.432Z,34.25,68.67

2026-08-21T07:02:45.423Z,34.26,68.66

2026-08-21T07:02:50.424Z,34.28,68.64

2026-08-21T07:02:55.421Z,34.26,68.65

2026-08-21T07:03:00.422Z,34.26,68.69

2026-08-21T07:03:05.441Z,34.27,68.68

2026-08-21T07:03:10.454Z,34.26,68.69

2026-08-21T07:03:15.441Z,34.28,68.7

2026-08-21T07:03:20.439Z,34.29,68.75

2026-08-21T07:03:25.440Z,34.28,68.73

2026-08-21T07:03:30.439Z,34.29,68.74

2026-08-21T07:03:35.453Z,34.31,68.82

2026-08-21T07:03:40.465Z,34.29,68.81

2026-08-21T07:03:45.451Z,34.29,68.76

2026-08-21T07:03:50.452Z,34.3,68.82

2026-08-21T07:03:55.451Z,34.31,68.79

2026-08-21T07:04:00.453Z,34.31,68.83

2026-08-21T07:04:05.456Z,34.32,68.78

2026-08-21T07:04:10.471Z,34.31,68.9

2026-08-21T07:04:15.458Z,34.34,68.9

2026-08-21T07:04:20.457Z,34.32,68.92

2026-08-21T07:04:25.457Z,34.33,68.95

2026-08-21T07:04:30.456Z,34.34,68.91

2026-08-21T07:04:35.465Z,34.34,68.89

2026-08-21T07:04:40.474Z,34.34,68.89

2026-08-21T07:04:45.465Z,34.33,68.9

2026-08-21T07:04:50.464Z,34.33,68.83

2026-08-21T07:04:55.466Z,34.34,68.86

2026-08-21T07:05:00.465Z,34.34,68.89

2026-08-21T07:05:05.466Z,34.36,68.91

2026-08-21T07:05:10.476Z,34.36,69.02

2026-08-21T07:05:15.467Z,34.33,68.96

2026-08-21T07:05:20.468Z,34.36,68.97

2026-08-21T07:05:25.468Z,34.35,69.02

2026-08-21T07:05:30.467Z,34.34,69.01

2026-08-21T07:05:35.480Z,34.36,69.09

2026-08-21T07:05:40.485Z,34.35,69.13

2026-08-21T07:05:45.477Z,34.37,69.08

2026-08-21T07:05:50.478Z,34.36,69.13

2026-08-21T07:05:55.476Z,34.36,69.13

2026-08-21T07:06:00.475Z,34.37,69.12

2026-08-21T07:06:05.499Z,34.38,69.14

2026-08-21T07:06:10.493Z,34.38,69.04

2026-08-21T07:06:15.497Z,34.4,69.08

2026-08-21T07:06:20.493Z,34.38,69.08

2026-08-21T07:06:25.496Z,34.36,69.1

2026-08-21T07:06:30.508Z,34.4,69.12

2026-08-21T07:06:35.495Z,34.38,69.11

2026-08-21T07:06:40.496Z,34.38,69.12

2026-08-21T07:06:45.498Z,34.39,69.21

2026-08-21T07:06:50.499Z,34.39,69.18

2026-08-21T07:06:55.507Z,34.39,69.25

2026-08-21T07:07:00.503Z,34.38,69.25

2026-08-21T07:07:05.500Z,34.4,69.24

2026-08-21T07:07:10.500Z,34.4,69.24

2026-08-21T07:07:15.499Z,34.39,69.21

2026-08-21T07:07:20.513Z,34.4,69.28

2026-08-21T07:07:25.503Z,34.4,69.17

2026-08-21T07:07:30.505Z,34.4,69.09

2026-08-21T07:07:35.503Z,34.39,69.13

2026-08-21T07:07:40.503Z,34.39,69.06

2026-08-21T07:07:45.505Z,34.39,69.14

2026-08-21T07:07:50.518Z,34.4,69.08

2026-08-21T07:07:55.506Z,34.4,69.11

2026-08-21T07:08:00.505Z,34.4,69.08

2026-08-21T07:08:05.505Z,34.39,69.12

2026-08-21T07:08:10.518Z,34.39,69.13

2026-08-21T07:08:15.506Z,34.4,69.14

2026-08-21T07:08:20.507Z,34.41,69.07

2026-08-21T07:08:25.506Z,34.39,69.03

2026-08-21T07:08:30.510Z,34.38,69.02

2026-08-21T07:08:35.512Z,34.41,69.02

2026-08-21T07:08:40.525Z,34.4,69

2026-08-21T07:08:45.511Z,34.41,69.04

2026-08-21T07:08:50.511Z,34.42,69.02

2026-08-21T07:08:55.513Z,34.4,68.99

2026-08-21T07:09:00.511Z,34.39,68.95

2026-08-21T07:09:05.524Z,34.4,69.01

2026-08-21T07:09:10.538Z,34.42,69.07

2026-08-21T07:09:15.525Z,34.42,69.06

2026-08-21T07:09:20.526Z,34.4,69.09

2026-08-21T07:09:25.525Z,34.39,69.1

2026-08-21T07:09:30.525Z,34.42,69.04

2026-08-21T07:09:35.534Z,34.4,69.02

2026-08-21T07:09:40.540Z,34.38,68.92

2026-08-21T07:09:45.529Z,34.41,68.9

2026-08-21T07:09:50.530Z,34.39,68.98

2026-08-21T07:09:55.530Z,34.4,68.85

2026-08-21T07:10:00.530Z,34.4,68.76

2026-08-21T07:10:05.543Z,34.41,68.64

2026-08-21T07:10:10.552Z,34.4,68.65

2026-08-21T07:10:15.542Z,34.41,68.66

2026-08-21T07:10:20.544Z,34.4,68.66

2026-08-21T07:10:25.544Z,34.41,68.59

2026-08-21T07:10:30.545Z,34.42,68.43

2026-08-21T07:10:35.553Z,34.4,68.45

2026-08-21T07:10:40.571Z,34.41,68.51

2026-08-21T07:10:45.554Z,34.4,68.42

2026-08-21T07:10:50.553Z,34.42,68.36

2026-08-21T07:10:55.554Z,34.42,68.19

2026-08-21T07:11:00.554Z,34.41,68.1

2026-08-21T07:11:05.571Z,34.4,68.15

2026-08-21T07:11:10.585Z,34.4,68.18

2026-08-21T07:11:15.569Z,34.4,68.11

2026-08-21T07:11:20.569Z,34.43,68.13

2026-08-21T07:11:25.569Z,34.4,68.17

2026-08-21T07:11:30.570Z,34.41,68.15

2026-08-21T07:11:35.577Z,34.41,68

2026-08-21T07:11:40.592Z,34.39,67.87

2026-08-21T07:11:45.577Z,34.41,67.79

2026-08-21T07:11:50.579Z,34.41,67.9

2026-08-21T07:11:55.580Z,34.42,67.96

2026-08-21T07:12:00.580Z,34.41,68.01

2026-08-21T07:12:05.588Z,34.42,68.01

2026-08-21T07:12:10.601Z,34.43,67.98

2026-08-21T07:12:15.588Z,34.39,67.98

2026-08-21T07:12:20.589Z,34.41,67.96

2026-08-21T07:12:25.590Z,34.42,67.87

2026-08-21T07:12:30.602Z,34.43,67.96

2026-08-21T07:12:35.590Z,34.42,67.91

2026-08-21T07:12:40.590Z,34.41,67.88

2026-08-21T07:12:45.591Z,34.43,67.76

2026-08-21T07:12:50.607Z,34.4,67.62

2026-08-21T07:12:55.592Z,34.41,67.51

2026-08-21T07:13:00.595Z,34.43,67.58

2026-08-21T07:13:05.592Z,34.41,67.65

2026-08-21T07:13:10.605Z,34.41,67.62

2026-08-21T07:13:15.593Z,34.43,67.49

2026-08-21T07:13:20.593Z,34.41,67.19

2026-08-21T07:13:25.594Z,34.42,67.05

2026-08-21T07:13:30.596Z,34.41,67.1

2026-08-21T07:13:35.593Z,34.42,67.18

2026-08-21T07:13:40.605Z,34.41,67.22

2026-08-21T07:13:45.595Z,34.42,67.15

2026-08-21T07:13:50.596Z,34.42,67.19

2026-08-21T07:13:55.597Z,34.41,67.21

2026-08-21T07:14:00.598Z,34.42,67.19

2026-08-21T07:14:05.597Z,34.45,67.17

2026-08-21T07:14:10.615Z,34.42,67.28

2026-08-21T07:14:15.598Z,34.41,67.22

2026-08-21T07:14:20.599Z,34.42,67.3

2026-08-21T07:14:25.599Z,34.42,67.35

2026-08-21T07:14:30.601Z,34.42,67.37

2026-08-21T07:14:35.600Z,34.43,67.38

2026-08-21T07:14:40.613Z,34.42,67.56

2026-08-21T07:14:45.601Z,34.43,67.64

2026-08-21T07:14:50.602Z,34.42,67.7

2026-08-21T07:14:55.601Z,34.44,67.71

2026-08-21T07:15:00.615Z,34.43,67.75

2026-08-21T07:15:05.603Z,34.45,67.72

2026-08-21T07:15:10.605Z,34.44,67.72

2026-08-21T07:15:15.605Z,34.44,67.71

2026-08-21T07:15:20.605Z,34.44,67.77

2026-08-21T07:15:25.615Z,34.43,67.74

2026-08-21T07:15:30.626Z,34.44,67.74

2026-08-21T07:15:35.615Z,34.44,67.77

2026-08-21T07:15:40.617Z,34.43,67.78

2026-08-21T07:15:45.615Z,34.45,67.85

2026-08-21T07:15:50.617Z,34.45,67.85

2026-08-21T07:15:55.627Z,34.46,67.88

2026-08-21T07:16:00.637Z,34.45,68.02

2026-08-21T07:16:05.625Z,34.45,68.02

2026-08-21T07:16:10.626Z,34.44,68.03

2026-08-21T07:16:15.626Z,34.45,67.94

2026-08-21T07:16:20.628Z,34.45,68.02

2026-08-21T07:16:25.638Z,34.45,68.06

2026-08-21T07:16:30.649Z,34.45,68.2

2026-08-21T07:16:35.638Z,34.45,68.19

2026-08-21T07:16:40.636Z,34.44,68.26

2026-08-21T07:16:45.636Z,34.45,68.3

2026-08-21T07:16:50.636Z,34.44,68.29

2026-08-21T07:16:55.644Z,34.45,68.27

2026-08-21T07:17:00.657Z,34.43,68.42

2026-08-21T07:17:05.642Z,34.42,68.32

2026-08-21T07:17:10.643Z,34.44,68.35

2026-08-21T07:17:15.643Z,34.43,68.32

2026-08-21T07:17:20.643Z,34.45,68.35

2026-08-21T07:17:25.656Z,34.42,68.41

2026-08-21T07:17:30.663Z,34.41,68.48

2026-08-21T07:17:35.653Z,34.44,68.4

2026-08-21T07:17:40.654Z,34.43,68.43

2026-08-21T07:17:45.654Z,34.43,68.46

2026-08-21T07:17:50.653Z,34.44,68.42

2026-08-21T07:17:55.662Z,34.45,68.35

2026-08-21T07:18:00.674Z,34.44,68.42

2026-08-21T07:18:05.659Z,34.44,68.33

2026-08-21T07:18:10.660Z,34.46,68.33

2026-08-21T07:18:15.661Z,34.45,68.43

2026-08-21T07:18:20.661Z,34.47,68.42

2026-08-21T07:18:25.674Z,34.45,68.48

2026-08-21T07:18:30.688Z,34.47,68.45

2026-08-21T07:18:35.674Z,34.47,68.42

2026-08-21T07:18:40.690Z,34.46,68.47

2026-08-21T07:18:45.675Z,34.46,68.47

2026-08-21T07:18:50.678Z,34.47,68.5

2026-08-21T07:18:55.684Z,34.47,68.48

2026-08-21T07:19:00.698Z,34.46,68.51

2026-08-21T07:19:05.682Z,34.46,68.49

2026-08-21T07:19:10.683Z,34.47,68.5

2026-08-21T07:19:15.684Z,34.47,68.44

2026-08-21T07:19:20.684Z,34.46,68.42

2026-08-21T07:19:25.689Z,34.45,68.43

2026-08-21T07:19:30.698Z,34.46,68.44

2026-08-21T07:19:35.687Z,34.46,68.42

2026-08-21T07:19:40.687Z,34.46,68.33

2026-08-21T07:19:45.687Z,34.44,68.49

2026-08-21T07:19:50.687Z,34.46,68.47

2026-08-21T07:19:55.699Z,34.47,68.46

2026-08-21T07:20:00.711Z,34.45,68.49

2026-08-21T07:20:05.698Z,34.48,68.42

2026-08-21T07:20:10.700Z,34.46,68.51

2026-08-21T07:20:15.700Z,34.46,68.47

2026-08-21T07:20:20.700Z,34.46,68.53

2026-08-21T07:20:25.700Z,34.46,68.48

2026-08-21T07:20:30.717Z,34.46,68.58

2026-08-21T07:20:35.698Z,34.47,68.55

2026-08-21T07:20:40.699Z,34.46,68.55

2026-08-21T07:20:45.700Z,34.46,68.57

2026-08-21T07:20:50.700Z,34.47,68.56

2026-08-21T07:20:55.709Z,34.47,68.54

2026-08-21T07:21:00.720Z,34.45,68.64

2026-08-21T07:21:05.706Z,34.47,68.59

2026-08-21T07:21:10.706Z,34.46,68.58

2026-08-21T07:21:15.707Z,34.46,68.58

2026-08-21T07:21:20.708Z,34.47,68.53

2026-08-21T07:21:25.725Z,34.46,68.52

2026-08-21T07:21:30.739Z,34.45,68.5

2026-08-21T07:21:35.726Z,34.45,68.44

2026-08-21T07:21:40.725Z,34.46,68.44

2026-08-21T07:21:45.724Z,34.45,68.52

2026-08-21T07:21:50.724Z,34.46,68.51

2026-08-21T07:21:55.730Z,34.46,68.6

2026-08-21T07:22:00.743Z,34.44,68.3

2026-08-21T07:22:05.729Z,34.43,68.17

2026-08-21T07:22:10.730Z,34.42,68.15

2026-08-21T07:22:15.731Z,34.43,68.14

2026-08-21T07:22:20.732Z,34.43,68.14

2026-08-21T07:22:25.739Z,34.44,68.1

2026-08-21T07:22:30.749Z,34.42,68.11

2026-08-21T07:22:35.739Z,34.43,68.16

2026-08-21T07:22:40.739Z,34.43,68.22

2026-08-21T07:22:45.739Z,34.43,68.26

2026-08-21T07:22:50.740Z,34.42,68.29

2026-08-21T07:22:55.742Z,34.44,68.26

2026-08-21T07:23:00.755Z,34.43,68.36

2026-08-21T07:23:05.740Z,34.42,68.35

2026-08-21T07:23:10.742Z,34.44,68.43

2026-08-21T07:23:15.739Z,34.43,68.4

2026-08-21T07:23:20.740Z,34.43,68.41

2026-08-21T07:23:25.746Z,34.44,68.41

2026-08-21T07:23:30.759Z,34.43,68.45

2026-08-21T07:23:35.746Z,34.45,68.43

2026-08-21T07:23:40.746Z,34.44,68.29

2026-08-21T07:23:45.745Z,34.44,68.4

2026-08-21T07:23:50.746Z,34.45,68.32

2026-08-21T07:23:55.758Z,34.44,68.36

2026-08-21T07:24:00.769Z,34.45,68.4

2026-08-21T07:24:05.756Z,34.44,68.4

2026-08-21T07:24:10.756Z,34.43,68.37

2026-08-21T07:24:15.757Z,34.44,68.33

2026-08-21T07:24:20.756Z,34.44,68.29

2026-08-21T07:24:25.769Z,34.47,68.31

2026-08-21T07:24:30.778Z,34.45,68.33

2026-08-21T07:24:35.768Z,34.43,68.35

2026-08-21T07:24:40.766Z,34.44,68.38

2026-08-21T07:24:45.767Z,34.46,68.4

2026-08-21T07:24:50.768Z,34.45,68.45

2026-08-21T07:24:55.767Z,34.44,68.39

2026-08-21T07:25:00.780Z,34.44,68.43

2026-08-21T07:25:05.769Z,34.46,68.43

2026-08-21T07:25:10.768Z,34.46,68.4

2026-08-21T07:25:15.768Z,34.46,68.43

2026-08-21T07:25:20.773Z,34.45,68.43

2026-08-21T07:25:25.783Z,34.48,68.45

2026-08-21T07:25:30.795Z,34.44,68.47

2026-08-21T07:25:35.777Z,34.45,68.41

2026-08-21T07:25:40.778Z,34.45,68.38

2026-08-21T07:25:45.778Z,34.44,68.34

2026-08-21T07:25:50.779Z,34.44,68.43

2026-08-21T07:25:55.790Z,34.44,68.48

2026-08-21T07:26:00.802Z,34.45,68.51

2026-08-21T07:26:05.789Z,34.45,68.46

2026-08-21T07:26:10.789Z,34.47,68.45

2026-08-21T07:26:15.789Z,34.45,68.44

2026-08-21T07:26:20.790Z,34.45,68.38

2026-08-21T07:26:25.796Z,34.44,68.42

2026-08-21T07:26:30.805Z,34.46,68.45

2026-08-21T07:26:35.791Z,34.45,68.43

2026-08-21T07:26:40.795Z,34.46,68.48

2026-08-21T07:26:45.794Z,34.46,68.49

2026-08-21T07:26:50.794Z,34.46,68.5

2026-08-21T07:26:55.801Z,34.45,68.54

2026-08-21T07:27:00.816Z,34.46,68.48

2026-08-21T07:27:05.800Z,34.44,68.45

2026-08-21T07:27:10.799Z,34.46,68.38

2026-08-21T07:27:15.800Z,34.43,68.39

2026-08-21T07:27:20.801Z,34.43,68.41

2026-08-21T07:27:25.807Z,34.45,68.47

2026-08-21T07:27:30.822Z,34.43,68.56

2026-08-21T07:27:35.807Z,34.45,68.45

2026-08-21T07:27:40.805Z,34.45,68.49

2026-08-21T07:27:45.806Z,34.44,68.48

2026-08-21T07:27:50.807Z,34.44,68.49

2026-08-21T07:27:55.820Z,34.45,68.52

2026-08-21T07:28:00.826Z,34.44,68.49

2026-08-21T07:28:05.818Z,34.46,68.49

2026-08-21T07:28:10.817Z,34.45,68.42

2026-08-21T07:28:15.817Z,34.47,68.32

2026-08-21T07:28:20.819Z,34.45,68.36

2026-08-21T07:28:25.819Z,34.45,68.41

2026-08-21T07:28:30.830Z,34.47,68.39

2026-08-21T07:28:35.818Z,34.46,68.29

2026-08-21T07:28:40.820Z,34.46,68.29

2026-08-21T07:28:45.820Z,34.46,68.25

2026-08-21T07:28:50.821Z,34.46,68.22

2026-08-21T07:28:55.837Z,34.46,68.15

2026-08-21T07:29:00.842Z,34.46,68.15

2026-08-21T07:29:05.829Z,34.46,68.15

2026-08-21T07:29:10.836Z,34.46,68.17

2026-08-21T07:29:15.837Z,34.46,68.23

2026-08-21T07:29:20.832Z,34.46,68.23

2026-08-21T07:29:25.845Z,34.48,68.29

2026-08-21T07:29:30.859Z,34.48,68.29

2026-08-21T07:29:35.845Z,34.48,68.22

2026-08-21T07:29:40.847Z,34.48,68.25

2026-08-21T07:29:45.845Z,34.48,68.14

2026-08-21T07:29:50.847Z,34.48,68.19

2026-08-21T07:29:55.847Z,34.48,68.14

2026-08-21T07:30:00.861Z,34.48,68.21

2026-08-21T07:30:05.847Z,34.48,68.24

2026-08-21T07:30:10.850Z,34.49,68.14

2026-08-21T07:30:15.856Z,34.52,68.16

2026-08-21T07:30:20.865Z,34.48,68.25

2026-08-21T07:30:25.856Z,34.48,68.19

2026-08-21T07:30:30.856Z,34.49,68.21

2026-08-21T07:30:35.858Z,34.5,68.11

2026-08-21T07:30:40.857Z,34.49,68.19

2026-08-21T07:30:45.866Z,34.47,68.24

2026-08-21T07:30:50.877Z,34.48,68.29

2026-08-21T07:30:55.868Z,34.47,68.32

2026-08-21T07:31:00.878Z,34.46,68.33

2026-08-21T07:31:05.866Z,34.47,68.29

2026-08-21T07:31:10.867Z,34.48,68.21

2026-08-21T07:31:15.868Z,34.47,68.27

2026-08-21T07:31:20.879Z,34.44,68.26

2026-08-21T07:31:25.867Z,34.46,68.22

2026-08-21T07:31:30.871Z,34.47,68.3

2026-08-21T07:31:35.869Z,34.46,68.21

2026-08-21T07:31:40.881Z,34.45,68.26

2026-08-21T07:31:45.870Z,34.47,68.24

2026-08-21T07:31:50.868Z,34.44,68.21

2026-08-21T07:31:55.870Z,34.45,68.22

2026-08-21T07:32:00.870Z,34.45,68.24

2026-08-21T07:32:05.871Z,34.46,68.28

2026-08-21T07:32:10.884Z,34.46,68.37

2026-08-21T07:32:15.871Z,34.45,68.3

2026-08-21T07:32:20.871Z,34.45,68.41

2026-08-21T07:32:25.870Z,34.45,68.37

2026-08-21T07:32:30.872Z,34.45,68.31

2026-08-21T07:32:35.877Z,34.47,68.36

2026-08-21T07:32:40.887Z,34.44,68.37

2026-08-21T07:32:45.873Z,34.44,68.37

2026-08-21T07:32:50.880Z,34.46,68.32

2026-08-21T07:32:55.875Z,34.45,68.28

2026-08-21T07:33:00.879Z,34.46,68.29

2026-08-21T07:33:05.887Z,34.47,68.28

2026-08-21T07:33:10.899Z,34.45,68.41

2026-08-21T07:33:15.884Z,34.47,68.39

2026-08-21T07:33:20.885Z,34.44,68.44

2026-08-21T07:33:25.885Z,34.46,68.4

2026-08-21T07:33:30.884Z,34.46,68.46

2026-08-21T07:33:35.899Z,34.45,68.48

2026-08-21T07:33:40.908Z,34.45,68.5

2026-08-21T07:33:45.895Z,34.46,68.46

2026-08-21T07:33:50.897Z,34.47,68.47

2026-08-21T07:33:55.898Z,34.44,68.42

2026-08-21T07:34:00.899Z,34.45,68.44

2026-08-21T07:34:05.900Z,34.42,68.49

2026-08-21T07:34:10.911Z,34.44,68.57

2026-08-21T07:34:15.901Z,34.45,68.56

2026-08-21T07:34:20.902Z,34.46,68.57

2026-08-21T07:34:25.900Z,34.46,68.6

2026-08-21T07:34:30.903Z,34.46,68.66

2026-08-21T07:34:35.907Z,34.46,68.67

2026-08-21T07:34:40.918Z,34.47,68.66

2026-08-21T07:34:45.905Z,34.47,68.67

2026-08-21T07:34:50.905Z,34.46,68.65

2026-08-21T07:34:55.905Z,34.45,68.61

2026-08-21T07:35:00.906Z,34.45,68.74

2026-08-21T07:35:05.919Z,34.48,68.75

2026-08-21T07:35:10.930Z,34.45,68.78

2026-08-21T07:35:15.916Z,34.46,68.6

2026-08-21T07:35:20.917Z,34.43,68.61

2026-08-21T07:35:25.918Z,34.43,68.61

2026-08-21T07:35:30.919Z,34.45,68.63

2026-08-21T07:35:35.923Z,34.44,68.55

2026-08-21T07:35:40.933Z,34.41,68.51

2026-08-21T07:35:45.919Z,34.42,68.51

2026-08-21T07:35:50.921Z,34.42,68.45

2026-08-21T07:35:55.921Z,34.42,68.6

2026-08-21T07:36:00.921Z,34.43,68.64

2026-08-21T07:36:05.935Z,34.43,68.73

2026-08-21T07:36:10.944Z,34.42,68.77

2026-08-21T07:36:15.933Z,34.42,68.76

2026-08-21T07:36:20.935Z,34.43,68.81

2026-08-21T07:36:25.935Z,34.44,68.74

2026-08-21T07:36:30.935Z,34.42,68.75

2026-08-21T07:36:35.943Z,34.43,68.71

2026-08-21T07:36:40.952Z,34.41,68.74

2026-08-21T07:36:45.941Z,34.42,68.75

2026-08-21T07:36:50.944Z,34.42,68.8

2026-08-21T07:36:55.944Z,34.41,68.8

2026-08-21T07:37:00.944Z,34.41,68.78

2026-08-21T07:37:05.964Z,34.42,68.76

2026-08-21T07:37:10.976Z,34.41,68.82

2026-08-21T07:37:15.965Z,34.42,68.75

2026-08-21T07:37:20.965Z,34.42,68.78

2026-08-21T07:37:25.962Z,34.41,68.81

2026-08-21T07:37:30.966Z,34.42,68.87

2026-08-21T07:37:35.976Z,34.41,68.81

2026-08-21T07:37:40.987Z,34.42,68.79

2026-08-21T07:37:45.975Z,34.42,68.7

2026-08-21T07:37:50.975Z,34.43,68.67

2026-08-21T07:37:55.975Z,34.43,68.63

2026-08-21T07:38:00.976Z,34.43,68.6

2026-08-21T07:38:05.982Z,34.42,68.65

2026-08-21T07:38:10.995Z,34.42,68.69

2026-08-21T07:38:15.984Z,34.41,68.72

2026-08-21T07:38:20.982Z,34.42,68.72

2026-08-21T07:38:25.984Z,34.44,68.75

2026-08-21T07:38:30.982Z,34.43,68.76

2026-08-21T07:38:35.985Z,34.44,68.89

2026-08-21T07:38:40.996Z,34.42,68.95

2026-08-21T07:38:45.984Z,34.42,68.92

2026-08-21T07:38:50.983Z,34.42,68.89

2026-08-21T07:38:55.984Z,34.42,68.82

2026-08-21T07:39:00.998Z,34.41,68.87

2026-08-21T07:39:05.985Z,34.42,68.8

2026-08-21T07:39:10.986Z,34.41,68.74

2026-08-21T07:39:15.994Z,34.42,68.81

2026-08-21T07:39:21.001Z,34.43,68.84

2026-08-21T07:39:25.991Z,34.4,68.77

2026-08-21T07:39:30.990Z,34.43,68.77

2026-08-21T07:39:35.992Z,34.42,68.79

2026-08-21T07:39:40.991Z,34.41,68.75

2026-08-21T07:39:45.992Z,34.41,68.72

2026-08-21T07:39:51.004Z,34.4,68.84

2026-08-21T07:39:55.994Z,34.41,68.84

2026-08-21T07:40:00.994Z,34.41,68.93

2026-08-21T07:40:05.996Z,34.41,68.97

2026-08-21T07:40:10.993Z,34.41,68.97

2026-08-21T07:40:15.995Z,34.42,68.95

2026-08-21T07:40:21.017Z,34.41,69.02

2026-08-21T07:40:25.996Z,34.42,68.91

2026-08-21T07:40:30.996Z,34.43,68.96

2026-08-21T07:40:35.996Z,34.42,68.99

2026-08-21T07:40:40.996Z,34.42,68.97

2026-08-21T07:40:45.995Z,34.41,68.99

2026-08-21T07:40:51.011Z,34.41,68.99

2026-08-21T07:40:55.996Z,34.41,69.02

2026-08-21T07:41:00.999Z,34.41,69.03

2026-08-21T07:41:06.001Z,34.41,69.07

2026-08-21T07:41:10.999Z,34.42,69.08

2026-08-21T07:41:16.010Z,34.41,69.1

2026-08-21T07:41:21.020Z,34.42,69.12

2026-08-21T07:41:26.008Z,34.41,69.16

2026-08-21T07:41:31.009Z,34.44,69.16

2026-08-21T07:41:36.008Z,34.43,69.22

2026-08-21T07:41:41.009Z,34.42,69.26

2026-08-21T07:41:46.026Z,34.42,69.3

2026-08-21T07:41:51.040Z,34.41,69.3

2026-08-21T07:41:56.026Z,34.42,69.23

2026-08-21T07:42:01.027Z,34.41,69.3

2026-08-21T07:42:06.027Z,34.41,69.29

2026-08-21T07:42:11.027Z,34.41,69.24

2026-08-21T07:42:16.031Z,34.4,69.34

2026-08-21T07:42:21.043Z,34.42,69.36

2026-08-21T07:42:26.030Z,34.42,69.3

2026-08-21T07:42:31.031Z,34.42,69.35

2026-08-21T07:42:36.031Z,34.42,69.34

2026-08-21T07:42:41.029Z,34.43,69.39

2026-08-21T07:42:46.037Z,34.42,69.35

2026-08-21T07:42:51.049Z,34.44,69.42

2026-08-21T07:42:56.034Z,34.41,69.39

2026-08-21T07:43:01.036Z,34.41,69.38

2026-08-21T07:43:06.035Z,34.42,69.43

2026-08-21T07:43:11.036Z,34.42,69.44

2026-08-21T07:43:16.044Z,34.42,69.41

2026-08-21T07:43:21.059Z,34.43,69.49

2026-08-21T07:43:26.043Z,34.42,69.41

2026-08-21T07:43:31.045Z,34.4,69.48

2026-08-21T07:43:36.043Z,34.42,69.44

2026-08-21T07:43:41.043Z,34.41,69.49

2026-08-21T07:43:46.065Z,34.42,69.48

2026-08-21T07:43:51.072Z,34.4,69.59

2026-08-21T07:43:56.063Z,34.41,69.53

2026-08-21T07:44:01.066Z,34.43,69.54

2026-08-21T07:44:06.064Z,34.41,69.54

2026-08-21T07:44:11.066Z,34.41,69.6

2026-08-21T07:44:16.073Z,34.41,69.63

2026-08-21T07:44:21.084Z,34.39,69.64

2026-08-21T07:44:26.073Z,34.41,69.57

2026-08-21T07:44:31.075Z,34.41,69.65

2026-08-21T07:44:36.074Z,34.41,69.5

2026-08-21T07:44:41.076Z,34.39,69.63

2026-08-21T07:44:46.086Z,34.41,69.65

2026-08-21T07:44:51.098Z,34.38,69.66

2026-08-21T07:44:56.086Z,34.41,69.69

2026-08-21T07:45:01.087Z,34.42,69.69

2026-08-21T07:45:06.087Z,34.41,69.72

2026-08-21T07:45:11.087Z,34.41,69.76

2026-08-21T07:45:16.089Z,34.41,69.72

2026-08-21T07:45:21.099Z,34.4,69.74

2026-08-21T07:45:26.087Z,34.41,69.82

2026-08-21T07:45:31.098Z,34.4,69.8

2026-08-21T07:45:36.087Z,34.4,69.79

2026-08-21T07:45:41.088Z,34.39,69.83

2026-08-21T07:45:46.107Z,34.41,69.82

2026-08-21T07:45:51.099Z,34.4,69.9

2026-08-21T07:45:56.100Z,34.4,69.77

2026-08-21T07:46:01.112Z,34.4,69.79

2026-08-21T07:46:06.100Z,34.38,69.78

2026-08-21T07:46:11.101Z,34.4,69.68

2026-08-21T07:46:16.102Z,34.39,69.77

2026-08-21T07:46:21.102Z,34.4,69.72

2026-08-21T07:46:26.101Z,34.39,69.71

2026-08-21T07:46:31.121Z,34.39,69.68

2026-08-21T07:46:36.103Z,34.4,69.64

2026-08-21T07:46:41.104Z,34.41,69.68

2026-08-21T07:46:46.102Z,34.41,69.68

2026-08-21T07:46:51.102Z,34.41,69.6

2026-08-21T07:46:56.103Z,34.4,69.67

2026-08-21T07:47:01.115Z,34.41,69.66

2026-08-21T07:47:06.102Z,34.41,69.66

2026-08-21T07:47:11.103Z,34.41,69.64

2026-08-21T07:47:16.102Z,34.41,69.57

2026-08-21T07:47:21.105Z,34.41,69.59

2026-08-21T07:47:26.120Z,34.41,69.64

2026-08-21T07:47:31.130Z,34.41,69.66

2026-08-21T07:47:36.120Z,34.41,69.54

2026-08-21T07:47:41.120Z,34.43,69.52

2026-08-21T07:47:46.119Z,34.43,69.54

2026-08-21T07:47:51.121Z,34.42,69.5

2026-08-21T07:47:56.123Z,34.43,69.51

2026-08-21T07:48:01.144Z,34.41,69.48

2026-08-21T07:48:06.122Z,34.42,69.44

2026-08-21T07:48:11.123Z,34.43,69.48

2026-08-21T07:48:16.124Z,34.42,69.46

2026-08-21T07:48:21.125Z,34.45,69.46

2026-08-21T07:48:26.136Z,34.42,69.43

2026-08-21T07:48:31.144Z,34.4,69.39

2026-08-21T07:48:36.136Z,34.43,69.36

2026-08-21T07:48:41.137Z,34.41,69.38

2026-08-21T07:48:46.136Z,34.43,69.37

2026-08-21T07:48:51.138Z,34.42,69.36

2026-08-21T07:48:56.143Z,34.43,69.38

2026-08-21T07:49:01.157Z,34.43,69.39

2026-08-21T07:49:06.143Z,34.44,69.3

2026-08-21T07:49:11.143Z,34.44,69.27

2026-08-21T07:49:16.143Z,34.43,69.31

2026-08-21T07:49:21.143Z,34.42,69.29

2026-08-21T07:49:26.148Z,34.44,69.32

2026-08-21T07:49:31.160Z,34.43,69.38

2026-08-21T07:49:36.146Z,34.44,69.33

2026-08-21T07:49:41.146Z,34.44,69.31

2026-08-21T07:49:46.144Z,34.45,69.37

2026-08-21T07:49:51.147Z,34.45,69.32

2026-08-21T07:49:56.148Z,34.45,69.22

2026-08-21T07:50:01.162Z,34.42,69.28

2026-08-21T07:50:06.150Z,34.43,69.22

2026-08-21T07:50:11.150Z,34.45,69.17

2026-08-21T07:50:16.149Z,34.46,69.11

2026-08-21T07:50:21.149Z,34.45,69.02

2026-08-21T07:50:26.158Z,34.43,69

2026-08-21T07:50:31.171Z,34.43,69.04

2026-08-21T07:50:36.157Z,34.47,69

2026-08-21T07:50:41.155Z,34.45,69

2026-08-21T07:50:46.155Z,34.43,69.07

2026-08-21T07:50:51.156Z,34.44,69.12

2026-08-21T07:50:56.161Z,34.44,68.97

2026-08-21T07:51:01.176Z,34.44,69

2026-08-21T07:51:06.163Z,34.45,68.96

2026-08-21T07:51:11.165Z,34.44,69.03

2026-08-21T07:51:16.164Z,34.45,69.02

2026-08-21T07:51:21.165Z,34.45,69.01

2026-08-21T07:51:26.180Z,34.45,69.06

2026-08-21T07:51:31.185Z,34.45,69.06

2026-08-21T07:51:36.176Z,34.45,69.02

2026-08-21T07:51:41.180Z,34.45,69.08

2026-08-21T07:51:46.179Z,34.46,69.01

2026-08-21T07:51:51.179Z,34.46,69

2026-08-21T07:51:56.182Z,34.46,69.07

2026-08-21T07:52:01.191Z,34.46,68.98

2026-08-21T07:52:06.180Z,34.45,68.96

2026-08-21T07:52:11.182Z,34.46,68.96

2026-08-21T07:52:16.180Z,34.47,68.98

2026-08-21T07:52:21.186Z,34.44,68.98

2026-08-21T07:52:26.191Z,34.46,68.91

2026-08-21T07:52:31.203Z,34.45,68.99

2026-08-21T07:52:36.190Z,34.45,68.94

2026-08-21T07:52:41.192Z,34.44,68.98

2026-08-21T07:52:46.194Z,34.45,68.97

2026-08-21T07:52:51.193Z,34.46,68.97

2026-08-21T07:52:56.206Z,34.45,68.95

2026-08-21T07:53:01.215Z,34.45,68.91

2026-08-21T07:53:06.204Z,34.46,68.86

2026-08-21T07:53:11.205Z,34.47,68.85

2026-08-21T07:53:16.204Z,34.45,68.88

2026-08-21T07:53:21.207Z,34.45,68.8

2026-08-21T07:53:26.216Z,34.44,68.84

2026-08-21T07:53:31.227Z,34.45,68.88

2026-08-21T07:53:36.215Z,34.45,68.88

2026-08-21T07:53:41.216Z,34.46,68.92

2026-08-21T07:53:46.216Z,34.45,68.93

2026-08-21T07:53:51.215Z,34.46,68.93

2026-08-21T07:53:56.221Z,34.45,68.91

2026-08-21T07:54:01.231Z,34.44,68.95

2026-08-21T07:54:06.221Z,34.44,68.88

2026-08-21T07:54:11.223Z,34.46,68.93

2026-08-21T07:54:16.221Z,34.44,68.92

2026-08-21T07:54:21.222Z,34.45,68.99

2026-08-21T07:54:26.223Z,34.47,69

2026-08-21T07:54:31.232Z,34.43,69.08

2026-08-21T07:54:36.219Z,34.45,69.03

2026-08-21T07:54:41.220Z,34.44,69.08

2026-08-21T07:54:46.219Z,34.44,69.06

2026-08-21T07:54:51.221Z,34.45,69.13

2026-08-21T07:54:56.243Z,34.45,69.15

2026-08-21T07:55:01.252Z,34.44,69.19

2026-08-21T07:55:06.242Z,34.45,69.14

2026-08-21T07:55:11.242Z,34.44,69.1

2026-08-21T07:55:16.245Z,34.44,69.09

2026-08-21T07:55:21.242Z,34.43,69.09

2026-08-21T07:55:26.245Z,34.45,69.08

2026-08-21T07:55:31.254Z,34.44,69.15

2026-08-21T07:55:36.245Z,34.44,69.06

2026-08-21T07:55:41.247Z,34.44,69.12

2026-08-21T07:55:46.246Z,34.45,69.13

2026-08-21T07:55:51.248Z,34.44,69.08

2026-08-21T07:55:56.256Z,34.43,69.14

2026-08-21T07:56:01.269Z,34.43,69.19

2026-08-21T07:56:06.254Z,34.44,69.15

2026-08-21T07:56:11.257Z,34.43,69.18

2026-08-21T07:56:16.256Z,34.45,69.11

2026-08-21T07:56:21.258Z,34.44,69.11

2026-08-21T07:56:26.264Z,34.44,69.15

2026-08-21T07:56:31.276Z,34.43,69.16

2026-08-21T07:56:36.263Z,34.42,69.12

2026-08-21T07:56:41.262Z,34.44,69.17

2026-08-21T07:56:46.266Z,34.43,69.19

2026-08-21T07:56:51.264Z,34.43,69.21

2026-08-21T07:56:56.266Z,34.46,69.21

2026-08-21T07:57:01.277Z,34.43,69.25

2026-08-21T07:57:06.266Z,34.44,69.19

2026-08-21T07:57:11.267Z,34.43,69.25

2026-08-21T07:57:16.267Z,34.45,69.26

2026-08-21T07:57:21.266Z,34.42,69.26

2026-08-21T07:57:26.266Z,34.44,69.29

2026-08-21T07:57:31.279Z,34.45,69.3

2026-08-21T07:57:36.270Z,34.43,69.23

2026-08-21T07:57:41.267Z,34.44,69.22

2026-08-21T07:57:46.268Z,34.45,69.23

2026-08-21T07:57:51.268Z,34.44,69.19

2026-08-21T07:57:56.284Z,34.45,69.26

2026-08-21T07:58:01.293Z,34.45,69.38

2026-08-21T07:58:06.282Z,34.46,69.33

2026-08-21T07:58:11.281Z,34.44,69.39

2026-08-21T07:58:16.281Z,34.43,69.34

2026-08-21T07:58:21.284Z,34.45,69.27

2026-08-21T07:58:26.291Z,34.44,69.33

2026-08-21T07:58:31.301Z,34.43,69.31

2026-08-21T07:58:36.288Z,34.45,69.32

2026-08-21T07:58:41.291Z,34.43,69.3

2026-08-21T07:58:46.290Z,34.44,69.32

2026-08-21T07:58:51.291Z,34.44,69.37

2026-08-21T07:58:56.299Z,34.44,69.31

2026-08-21T07:59:01.314Z,34.44,69.41

2026-08-21T07:59:06.296Z,34.44,69.32

2026-08-21T07:59:11.300Z,34.46,69.32

2026-08-21T07:59:16.299Z,34.47,69.4

2026-08-21T07:59:21.297Z,34.45,69.4

2026-08-21T07:59:26.313Z,34.46,69.41

2026-08-21T07:59:31.319Z,34.45,69.46

2026-08-21T07:59:36.309Z,34.45,69.42

2026-08-21T07:59:41.310Z,34.45,69.41

2026-08-21T07:59:46.310Z,34.46,69.5

2026-08-21T07:59:51.312Z,34.46,69.51

2026-08-21T07:59:56.323Z,34.46,69.54

2026-08-21T08:00:01.337Z,34.44,69.61

2026-08-21T08:00:06.322Z,34.47,69.52

2026-08-21T08:00:11.323Z,34.44,69.6

2026-08-21T08:00:16.322Z,34.42,69.56

2026-08-21T08:00:21.323Z,34.44,69.6

2026-08-21T08:00:26.335Z,34.42,69.62

2026-08-21T08:00:31.345Z,34.43,69.71

2026-08-21T08:00:36.332Z,34.41,69.66

2026-08-21T08:00:41.335Z,34.42,69.71

2026-08-21T08:00:46.333Z,34.43,69.69

2026-08-21T08:00:51.334Z,34.42,69.65

2026-08-21T08:00:56.340Z,34.42,69.64

2026-08-21T08:01:01.353Z,34.41,69.73

2026-08-21T08:01:06.337Z,34.43,69.58

2026-08-21T08:01:11.339Z,34.41,69.62

2026-08-21T08:01:16.340Z,34.41,69.67

2026-08-21T08:01:21.340Z,34.42,69.64

2026-08-21T08:01:26.345Z,34.4,69.65

2026-08-21T08:01:31.356Z,34.39,69.67

2026-08-21T08:01:36.343Z,34.4,69.7

2026-08-21T08:01:41.343Z,34.4,69.7

2026-08-21T08:01:46.343Z,34.41,69.79

2026-08-21T08:01:51.344Z,34.41,69.78

2026-08-21T08:01:56.357Z,34.41,69.83

2026-08-21T08:02:01.366Z,34.41,69.88

2026-08-21T08:02:06.354Z,34.41,69.8

2026-08-21T08:02:11.353Z,34.42,69.87

2026-08-21T08:02:16.353Z,34.43,69.87

2026-08-21T08:02:21.354Z,34.44,69.88

2026-08-21T08:02:26.354Z,34.43,69.88

2026-08-21T08:02:31.368Z,34.42,69.87

2026-08-21T08:02:36.355Z,34.43,69.83

2026-08-21T08:02:41.363Z,34.41,69.87

2026-08-21T08:02:46.359Z,34.43,69.83

2026-08-21T08:02:51.358Z,34.42,69.86

2026-08-21T08:02:56.358Z,34.41,69.86

2026-08-21T08:03:01.374Z,34.39,70.01

2026-08-21T08:03:06.357Z,34.42,69.97

2026-08-21T08:03:11.359Z,34.42,70.01

2026-08-21T08:03:16.359Z,34.41,70

2026-08-21T08:03:21.359Z,34.4,69.99

2026-08-21T08:03:26.366Z,34.4,70.02

2026-08-21T08:03:31.375Z,34.42,70

2026-08-21T08:03:36.365Z,34.41,70.04

2026-08-21T08:03:41.366Z,34.42,70.03

2026-08-21T08:03:46.366Z,34.42,70.04

2026-08-21T08:03:51.368Z,34.4,70.03

2026-08-21T08:03:56.375Z,34.43,69.99

2026-08-21T08:04:01.389Z,34.42,70

2026-08-21T08:04:06.375Z,34.43,69.96

2026-08-21T08:04:11.377Z,34.41,69.98

2026-08-21T08:04:16.377Z,34.43,69.95

2026-08-21T08:04:21.376Z,34.44,69.98

2026-08-21T08:04:26.391Z,34.44,69.96

2026-08-21T08:04:31.407Z,34.43,69.97

2026-08-21T08:04:36.389Z,34.44,69.97

2026-08-21T08:04:41.393Z,34.44,69.9

2026-08-21T08:04:46.393Z,34.44,69.92

2026-08-21T08:04:51.392Z,34.45,70.02

2026-08-21T08:04:56.398Z,34.45,69.94

2026-08-21T08:05:01.409Z,34.43,70.01

2026-08-21T08:05:06.399Z,34.46,69.97

2026-08-21T08:05:11.398Z,34.48,69.96

2026-08-21T08:05:16.399Z,34.45,69.94

2026-08-21T08:05:21.401Z,34.47,70.06

2026-08-21T08:05:26.408Z,34.47,70.12

2026-08-21T08:05:31.421Z,34.46,70.16

2026-08-21T08:05:36.405Z,34.47,70.1

2026-08-21T08:05:41.404Z,34.47,70.16

2026-08-21T08:05:46.405Z,34.47,70.13

2026-08-21T08:05:51.404Z,34.46,70.04

2026-08-21T08:05:56.409Z,34.45,69.98

2026-08-21T08:06:01.418Z,34.47,70

2026-08-21T08:06:06.405Z,34.47,69.96

2026-08-21T08:06:11.405Z,34.47,69.97

2026-08-21T08:06:16.406Z,34.45,70.06

2026-08-21T08:06:21.407Z,34.44,70.04

2026-08-21T08:06:26.413Z,34.44,70.12

2026-08-21T08:06:31.421Z,34.44,70.2

2026-08-21T08:06:36.412Z,34.43,70.25

2026-08-21T08:06:41.414Z,34.43,70.33

2026-08-21T08:06:46.412Z,34.42,70.33

2026-08-21T08:06:51.414Z,34.42,70.3

2026-08-21T08:06:56.422Z,34.43,70.27

2026-08-21T08:07:01.434Z,34.4,70.44

2026-08-21T08:07:06.421Z,34.4,70.32

2026-08-21T08:07:11.423Z,34.41,70.32

2026-08-21T08:07:16.423Z,34.4,70.31

2026-08-21T08:07:21.424Z,34.39,70.4

2026-08-21T08:07:26.434Z,34.37,70.43

2026-08-21T08:07:31.446Z,34.38,70.47

2026-08-21T08:07:36.432Z,34.39,70.5

2026-08-21T08:07:41.435Z,34.38,70.51

2026-08-21T08:07:46.435Z,34.37,70.56

2026-08-21T08:07:51.436Z,34.35,70.56

2026-08-21T08:07:56.437Z,34.36,70.63

2026-08-21T08:08:01.448Z,34.35,70.62

2026-08-21T08:08:06.433Z,34.36,70.62

2026-08-21T08:08:11.436Z,34.34,70.63

2026-08-21T08:08:16.435Z,34.35,70.68

2026-08-21T08:08:21.434Z,34.34,70.72

2026-08-21T08:08:26.451Z,34.34,70.72

2026-08-21T08:08:31.462Z,34.33,70.75

2026-08-21T08:08:36.450Z,34.31,70.77

2026-08-21T08:08:41.451Z,34.31,70.72

2026-08-21T08:08:46.449Z,34.34,70.59

2026-08-21T08:08:51.451Z,34.33,70.67

2026-08-21T08:08:56.451Z,34.33,70.69

2026-08-21T08:09:01.462Z,34.32,70.77

2026-08-21T08:09:06.451Z,34.32,70.77

2026-08-21T08:09:11.450Z,34.31,70.85

2026-08-21T08:09:16.450Z,34.31,70.83

2026-08-21T08:09:21.451Z,34.29,70.83

2026-08-21T08:09:26.465Z,34.29,70.85

2026-08-21T08:09:31.471Z,34.3,70.91

2026-08-21T08:09:36.462Z,34.31,70.97

2026-08-21T08:09:41.464Z,34.3,70.88

2026-08-21T08:09:46.467Z,34.29,70.89

2026-08-21T08:09:51.465Z,34.29,70.9

2026-08-21T08:09:56.479Z,34.28,70.91

2026-08-21T08:10:01.485Z,34.27,71.06

2026-08-21T08:10:06.474Z,34.29,70.93

2026-08-21T08:10:11.478Z,34.28,71.04

2026-08-21T08:10:16.475Z,34.29,70.97

2026-08-21T08:10:21.482Z,34.28,71.05

2026-08-21T08:10:26.481Z,34.27,71.04

2026-08-21T08:10:31.495Z,34.26,71.04

2026-08-21T08:10:36.477Z,34.27,71

2026-08-21T08:10:41.478Z,34.27,71.07

2026-08-21T08:10:46.479Z,34.25,70.97

2026-08-21T08:10:51.480Z,34.25,70.81

2026-08-21T08:10:56.489Z,34.25,70.9

2026-08-21T08:11:01.497Z,34.23,71.01

2026-08-21T08:11:06.484Z,34.22,70.92

2026-08-21T08:11:11.486Z,34.22,70.8

2026-08-21T08:11:16.486Z,34.21,70.79

2026-08-21T08:11:21.487Z,34.22,70.87

2026-08-21T08:11:26.493Z,34.22,70.8

2026-08-21T08:11:31.505Z,34.23,70.93

2026-08-21T08:11:36.491Z,34.22,70.87

2026-08-21T08:11:41.492Z,34.2,71.03

2026-08-21T08:11:46.491Z,34.22,71.08

2026-08-21T08:11:51.494Z,34.2,71.1

2026-08-21T08:11:56.504Z,34.21,71.2

2026-08-21T08:12:01.518Z,34.19,71.24

2026-08-21T08:12:06.503Z,34.21,71.17

2026-08-21T08:12:11.505Z,34.21,71.19

2026-08-21T08:12:16.505Z,34.2,71.21

2026-08-21T08:12:21.505Z,34.18,71.2

2026-08-21T08:12:26.509Z,34.19,71.23

2026-08-21T08:12:31.523Z,34.19,71.28

2026-08-21T08:12:36.508Z,34.2,71.23

2026-08-21T08:12:41.508Z,34.19,71.21

2026-08-21T08:12:46.508Z,34.17,71.19

2026-08-21T08:12:51.509Z,34.18,71.18

2026-08-21T08:12:56.514Z,34.19,71.18

2026-08-21T08:13:01.526Z,34.19,71.27

2026-08-21T08:13:06.510Z,34.19,71.19

2026-08-21T08:13:11.512Z,34.18,71.18

2026-08-21T08:13:16.512Z,34.17,71.1

2026-08-21T08:13:21.521Z,34.17,71.07

2026-08-21T08:13:26.509Z,34.19,71.09

2026-08-21T08:13:31.512Z,34.18,71.06

2026-08-21T08:13:36.510Z,34.16,70.95

2026-08-21T08:13:41.527Z,34.15,70.93

2026-08-21T08:13:46.520Z,34.16,71

2026-08-21T08:13:51.517Z,34.18,70.85

2026-08-21T08:13:56.522Z,34.17,70.93

2026-08-21T08:14:01.539Z,34.17,70.96

2026-08-21T08:14:06.523Z,34.16,70.82

2026-08-21T08:14:11.519Z,34.15,70.76

2026-08-21T08:14:16.521Z,34.14,70.82

2026-08-21T08:14:21.535Z,34.14,70.89

2026-08-21T08:14:26.519Z,34.17,70.88

2026-08-21T08:14:31.520Z,34.15,70.75

2026-08-21T08:14:36.518Z,34.15,70.92

2026-08-21T08:14:41.523Z,34.15,70.92

2026-08-21T08:14:46.538Z,34.16,70.91

2026-08-21T08:14:51.549Z,34.15,70.81

2026-08-21T08:14:56.537Z,34.17,70.72

2026-08-21T08:15:01.539Z,34.13,70.75

2026-08-21T08:15:06.538Z,34.15,70.69

2026-08-21T08:15:11.540Z,34.13,70.79

2026-08-21T08:15:16.539Z,34.16,70.75

2026-08-21T08:15:21.551Z,34.15,70.82

2026-08-21T08:15:26.542Z,34.15,70.66

2026-08-21T08:15:31.542Z,34.14,70.64

2026-08-21T08:15:36.542Z,34.15,70.63

2026-08-21T08:15:41.544Z,34.15,70.67

2026-08-21T08:15:46.546Z,34.16,70.57

2026-08-21T08:15:51.556Z,34.16,70.6

2026-08-21T08:15:56.545Z,34.16,70.41

2026-08-21T08:16:01.547Z,34.14,70.43

2026-08-21T08:16:06.545Z,34.16,70.4

2026-08-21T08:16:11.546Z,34.15,70.34

2026-08-21T08:16:16.559Z,34.16,70.25

2026-08-21T08:16:21.573Z,34.15,70.41

2026-08-21T08:16:26.555Z,34.14,70.42

2026-08-21T08:16:31.558Z,34.15,70.29

2026-08-21T08:16:36.556Z,34.15,70.36

2026-08-21T08:16:41.558Z,34.14,70.41

2026-08-21T08:16:46.567Z,34.14,70.49

2026-08-21T08:16:51.576Z,34.14,70.39

2026-08-21T08:16:56.564Z,34.13,70.39

2026-08-21T08:17:01.575Z,34.13,70.41

2026-08-21T08:17:06.564Z,34.14,70.4

2026-08-21T08:17:11.562Z,34.13,70.24

2026-08-21T08:17:16.568Z,34.14,70.36

2026-08-21T08:17:21.580Z,34.12,70.34

2026-08-21T08:17:26.571Z,34.14,70.43

2026-08-21T08:17:31.570Z,34.12,70.39

2026-08-21T08:17:36.569Z,34.13,70.49

2026-08-21T08:17:41.569Z,34.13,70.48

2026-08-21T08:17:46.570Z,34.13,70.33

2026-08-21T08:17:51.583Z,34.13,70.34

2026-08-21T08:17:56.569Z,34.13,70.5

2026-08-21T08:18:01.569Z,34.16,70.41

2026-08-21T08:18:06.570Z,34.1,70.51

2026-08-21T08:18:11.571Z,34.13,70.5

2026-08-21T08:18:16.584Z,34.14,70.48

2026-08-21T08:18:21.595Z,34.12,70.51

2026-08-21T08:18:26.584Z,34.13,70.47

2026-08-21T08:18:31.585Z,34.13,70.48

2026-08-21T08:18:36.584Z,34.13,70.5

2026-08-21T08:18:41.585Z,34.13,70.49

2026-08-21T08:18:46.603Z,34.14,70.58

2026-08-21T08:18:51.616Z,34.13,70.65

2026-08-21T08:18:56.601Z,34.14,70.66

2026-08-21T08:19:01.604Z,34.13,70.63

2026-08-21T08:19:06.602Z,34.14,70.61

2026-08-21T08:19:11.604Z,34.11,70.7

2026-08-21T08:19:16.604Z,34.09,70.71

2026-08-21T08:19:21.615Z,34.12,70.71

2026-08-21T08:19:26.604Z,34.11,70.71

2026-08-21T08:19:31.605Z,34.12,70.67

2026-08-21T08:19:36.605Z,34.11,70.77

2026-08-21T08:19:41.607Z,34.12,70.75

2026-08-21T08:19:46.606Z,34.11,70.75

2026-08-21T08:19:51.621Z,34.09,70.74

2026-08-21T08:19:56.607Z,34.08,70.82

2026-08-21T08:20:01.610Z,34.08,70.81

2026-08-21T08:20:06.607Z,34.09,70.87

2026-08-21T08:20:11.606Z,34.1,70.89

2026-08-21T08:20:16.620Z,34.1,70.86

2026-08-21T08:20:21.624Z,34.09,70.93

2026-08-21T08:20:26.615Z,34.09,70.88

2026-08-21T08:20:31.615Z,34.11,70.91

2026-08-21T08:20:36.617Z,34.11,70.89

2026-08-21T08:20:41.616Z,34.09,70.85

2026-08-21T08:20:46.629Z,34.11,70.86

2026-08-21T08:20:51.641Z,34.1,70.85

2026-08-21T08:20:56.627Z,34.1,70.77

2026-08-21T08:21:01.631Z,34.1,70.81

2026-08-21T08:21:06.629Z,34.1,70.75

2026-08-21T08:21:11.629Z,34.11,70.78

2026-08-21T08:21:16.637Z,34.1,70.86

2026-08-21T08:21:21.646Z,34.12,70.88

2026-08-21T08:21:26.636Z,34.1,70.83

2026-08-21T08:21:31.638Z,34.08,70.85

2026-08-21T08:21:36.638Z,34.1,70.89

2026-08-21T08:21:41.639Z,34.1,70.84

2026-08-21T08:21:46.653Z,34.1,70.91

2026-08-21T08:21:51.667Z,34.07,70.95

2026-08-21T08:21:56.652Z,34.1,70.91

2026-08-21T08:22:01.653Z,34.09,70.91

2026-08-21T08:22:06.653Z,34.12,70.91

2026-08-21T08:22:11.654Z,34.14,70.85

2026-08-21T08:22:16.667Z,34.11,70.83

2026-08-21T08:22:21.674Z,34.13,70.87

2026-08-21T08:22:26.664Z,34.14,70.79

2026-08-21T08:22:31.665Z,34.13,70.78

2026-08-21T08:22:36.664Z,34.14,70.72

2026-08-21T08:22:41.665Z,34.13,70.77

2026-08-21T08:22:46.668Z,34.14,70.74

2026-08-21T08:22:51.679Z,34.14,70.77

2026-08-21T08:22:56.670Z,34.14,70.75

2026-08-21T08:23:01.667Z,34.15,70.67

2026-08-21T08:23:06.674Z,34.14,70.65

2026-08-21T08:23:11.685Z,34.15,70.69

2026-08-21T08:23:16.670Z,34.15,70.59

2026-08-21T08:23:21.688Z,34.15,70.66

2026-08-21T08:23:26.673Z,34.16,70.67

2026-08-21T08:23:31.675Z,34.16,70.61

2026-08-21T08:23:36.673Z,34.16,70.67

2026-08-21T08:23:41.672Z,34.15,70.66

2026-08-21T08:23:46.677Z,34.16,70.62

2026-08-21T08:23:51.690Z,34.17,70.61

2026-08-21T08:23:56.677Z,34.18,70.61

2026-08-21T08:24:01.677Z,34.17,70.66

2026-08-21T08:24:06.677Z,34.18,70.56

2026-08-21T08:24:11.677Z,34.17,70.56

2026-08-21T08:24:16.675Z,34.18,70.62

2026-08-21T08:24:21.689Z,34.17,70.58

2026-08-21T08:24:26.677Z,34.2,70.56

2026-08-21T08:24:31.678Z,34.2,70.54

2026-08-21T08:24:36.678Z,34.19,70.57

2026-08-21T08:24:41.678Z,34.2,70.51

2026-08-21T08:24:46.678Z,34.21,70.45

2026-08-21T08:24:51.695Z,34.19,70.55

2026-08-21T08:24:56.683Z,34.23,70.48

2026-08-21T08:25:01.680Z,34.21,70.45

2026-08-21T08:25:06.681Z,34.23,70.44

2026-08-21T08:25:11.685Z,34.22,70.44

2026-08-21T08:25:16.685Z,34.26,70.43

2026-08-21T08:25:21.695Z,34.22,70.51

2026-08-21T08:25:26.684Z,34.23,70.52

2026-08-21T08:25:31.683Z,34.24,70.52

2026-08-21T08:25:36.683Z,34.25,70.52

2026-08-21T08:25:41.685Z,34.23,70.59

2026-08-21T08:25:46.718Z,34.25,70.63

2026-08-21T08:25:51.726Z,34.25,70.7

2026-08-21T08:25:56.715Z,34.26,70.6

2026-08-21T08:26:01.715Z,34.25,70.71

2026-08-21T08:26:06.715Z,34.26,70.69

2026-08-21T08:26:11.728Z,34.26,70.71

2026-08-21T08:26:16.717Z,34.27,70.7

2026-08-21T08:26:21.716Z,34.26,70.71

2026-08-21T08:26:26.717Z,34.27,70.76

2026-08-21T08:26:31.716Z,34.26,70.85

2026-08-21T08:26:36.719Z,34.27,70.81

2026-08-21T08:26:41.730Z,34.26,70.85

2026-08-21T08:26:46.719Z,34.26,70.77

2026-08-21T08:26:51.719Z,34.27,70.8

2026-08-21T08:26:56.719Z,34.27,70.78

2026-08-21T08:27:01.718Z,34.28,70.77

2026-08-21T08:27:06.736Z,34.29,70.76

2026-08-21T08:27:11.749Z,34.28,70.8

2026-08-21T08:27:16.736Z,34.28,70.75

2026-08-21T08:27:21.738Z,34.27,70.78

2026-08-21T08:27:26.737Z,34.26,70.83

2026-08-21T08:27:31.735Z,34.28,70.75

2026-08-21T08:27:36.736Z,34.27,70.73

2026-08-21T08:27:41.751Z,34.29,70.8

2026-08-21T08:27:46.734Z,34.27,70.83

2026-08-21T08:27:51.735Z,34.28,70.78

2026-08-21T08:27:56.734Z,34.29,70.8

2026-08-21T08:28:01.738Z,34.3,70.81

2026-08-21T08:28:06.738Z,34.29,70.85

2026-08-21T08:28:11.750Z,34.29,70.86

2026-08-21T08:28:16.737Z,34.3,70.87

2026-08-21T08:28:21.738Z,34.29,70.84

2026-08-21T08:28:26.740Z,34.29,70.85

2026-08-21T08:28:31.740Z,34.31,70.82

2026-08-21T08:28:36.751Z,34.3,70.83

2026-08-21T08:28:41.761Z,34.29,70.9

2026-08-21T08:28:46.750Z,34.3,70.91

2026-08-21T08:28:51.749Z,34.3,70.88

2026-08-21T08:28:56.747Z,34.31,70.85

2026-08-21T08:29:01.749Z,34.32,70.84

2026-08-21T08:29:06.765Z,34.33,70.89

2026-08-21T08:29:11.777Z,34.32,70.89

2026-08-21T08:29:16.765Z,34.34,70.83

2026-08-21T08:29:21.766Z,34.32,70.86

2026-08-21T08:29:26.766Z,34.33,70.9

2026-08-21T08:29:31.768Z,34.32,70.93

2026-08-21T08:29:36.776Z,34.35,70.91

2026-08-21T08:29:41.787Z,34.34,70.95

2026-08-21T08:29:46.773Z,34.35,70.94

2026-08-21T08:29:51.775Z,34.37,70.93

2026-08-21T08:29:56.776Z,34.33,70.93

2026-08-21T08:30:01.777Z,34.36,70.91

2026-08-21T08:30:06.804Z,34.35,70.97

2026-08-21T08:30:11.812Z,34.36,70.97

2026-08-21T08:30:16.804Z,34.37,70.91

2026-08-21T08:30:21.804Z,34.37,70.94

2026-08-21T08:30:26.803Z,34.38,70.9

2026-08-21T08:30:31.804Z,34.36,70.96

2026-08-21T08:30:36.804Z,34.38,70.93

2026-08-21T08:30:41.819Z,34.36,70.91

2026-08-21T08:30:46.805Z,34.37,70.96

2026-08-21T08:30:51.805Z,34.37,70.87

2026-08-21T08:30:56.812Z,34.35,70.85

2026-08-21T08:31:01.806Z,34.39,70.9

2026-08-21T08:31:06.804Z,34.37,70.83

2026-08-21T08:31:11.819Z,34.39,70.84

2026-08-21T08:31:16.808Z,34.39,70.85

2026-08-21T08:31:21.808Z,34.38,70.86

2026-08-21T08:31:26.808Z,34.39,70.79

2026-08-21T08:31:31.808Z,34.41,70.8

2026-08-21T08:31:36.807Z,34.41,70.88

2026-08-21T08:31:41.822Z,34.38,70.81

2026-08-21T08:31:46.808Z,34.41,70.76

2026-08-21T08:31:51.807Z,34.42,70.85

2026-08-21T08:31:56.808Z,34.41,70.81

2026-08-21T08:32:01.810Z,34.41,70.74

2026-08-21T08:32:06.809Z,34.42,70.74

2026-08-21T08:32:11.823Z,34.39,70.67

2026-08-21T08:32:16.809Z,34.44,70.67

2026-08-21T08:32:21.813Z,34.42,70.64

2026-08-21T08:32:26.815Z,34.43,70.55

2026-08-21T08:32:31.814Z,34.42,70.62

2026-08-21T08:32:36.815Z,34.42,70.63

2026-08-21T08:32:41.828Z,34.43,70.63

2026-08-21T08:32:46.814Z,34.44,70.58

2026-08-21T08:32:51.815Z,34.43,70.57

2026-08-21T08:32:56.814Z,34.45,70.56

2026-08-21T08:33:01.817Z,34.45,70.53

2026-08-21T08:33:06.833Z,34.43,70.45

2026-08-21T08:33:11.846Z,34.42,70.41

2026-08-21T08:33:16.830Z,34.43,70.39

2026-08-21T08:33:21.831Z,34.44,70.36

2026-08-21T08:33:26.830Z,34.42,70.38

2026-08-21T08:33:31.831Z,34.43,70.37

2026-08-21T08:33:36.847Z,34.43,70.32

2026-08-21T08:33:41.859Z,34.43,70.32

2026-08-21T08:33:46.848Z,34.43,70.27

2026-08-21T08:33:51.848Z,34.43,70.2

2026-08-21T08:33:56.846Z,34.43,70.23

2026-08-21T08:34:01.848Z,34.44,70.27

2026-08-21T08:34:06.858Z,34.41,70.18

2026-08-21T08:34:11.867Z,34.43,70.27

2026-08-21T08:34:16.857Z,34.41,70.31

2026-08-21T08:34:21.856Z,34.42,70.27

2026-08-21T08:34:26.859Z,34.43,70.27

2026-08-21T08:34:31.856Z,34.42,70.35

2026-08-21T08:34:36.858Z,34.41,70.31

2026-08-21T08:34:41.868Z,34.4,70.43

2026-08-21T08:34:46.858Z,34.41,70.35

2026-08-21T08:34:51.869Z,34.44,70.34

2026-08-21T08:34:56.858Z,34.42,70.33

2026-08-21T08:35:01.860Z,34.42,70.3

2026-08-21T08:35:06.859Z,34.42,70.32

2026-08-21T08:35:11.859Z,34.43,70.31

2026-08-21T08:35:16.861Z,34.44,70.37

2026-08-21T08:35:21.874Z,34.42,70.39

2026-08-21T08:35:26.860Z,34.43,70.43

2026-08-21T08:35:31.862Z,34.43,70.45

2026-08-21T08:35:36.862Z,34.44,70.4

2026-08-21T08:35:41.861Z,34.45,70.45

2026-08-21T08:35:46.859Z,34.45,70.37

2026-08-21T08:35:51.874Z,34.44,70.48

2026-08-21T08:35:56.862Z,34.45,70.35

2026-08-21T08:36:01.863Z,34.44,70.44

2026-08-21T08:36:06.861Z,34.44,70.43

2026-08-21T08:36:11.861Z,34.45,70.42

2026-08-21T08:36:16.862Z,34.45,70.43

2026-08-21T08:36:21.875Z,34.43,70.47

2026-08-21T08:36:26.864Z,34.45,70.45

2026-08-21T08:36:31.865Z,34.44,70.43

2026-08-21T08:36:36.866Z,34.44,70.42

2026-08-21T08:36:41.865Z,34.47,70.46

2026-08-21T08:36:46.870Z,34.45,70.41

2026-08-21T08:36:51.883Z,34.45,70.41

2026-08-21T08:36:56.867Z,34.46,70.41

2026-08-21T08:37:01.869Z,34.46,70.44

2026-08-21T08:37:06.867Z,34.48,70.4

2026-08-21T08:37:11.868Z,34.47,70.45

2026-08-21T08:37:16.883Z,34.46,70.44

2026-08-21T08:37:21.894Z,34.47,70.48

2026-08-21T08:37:26.881Z,34.47,70.41

2026-08-21T08:37:31.881Z,34.47,70.43

2026-08-21T08:37:36.879Z,34.48,70.45

2026-08-21T08:37:41.882Z,34.48,70.4

2026-08-21T08:37:46.893Z,34.48,70.43

2026-08-21T08:37:51.908Z,34.49,70.46

2026-08-21T08:37:56.893Z,34.5,70.44

2026-08-21T08:38:01.894Z,34.48,70.44

2026-08-21T08:38:06.894Z,34.49,70.42

2026-08-21T08:38:11.896Z,34.5,70.38

2026-08-21T08:38:16.908Z,34.51,70.41

2026-08-21T08:38:21.921Z,34.48,70.43

2026-08-21T08:38:26.905Z,34.49,70.47

2026-08-21T08:38:31.905Z,34.51,70.38

2026-08-21T08:38:36.904Z,34.49,70.41

2026-08-21T08:38:41.909Z,34.5,70.48

2026-08-21T08:38:46.911Z,34.51,70.42

2026-08-21T08:38:51.922Z,34.49,70.53

2026-08-21T08:38:56.910Z,34.51,70.46

2026-08-21T08:39:01.909Z,34.52,70.44

2026-08-21T08:39:06.908Z,34.51,70.44

2026-08-21T08:39:11.909Z,34.51,70.48

2026-08-21T08:39:16.923Z,34.51,70.43

2026-08-21T08:39:21.939Z,34.5,70.49

2026-08-21T08:39:26.926Z,34.5,70.45

2026-08-21T08:39:31.925Z,34.51,70.42

2026-08-21T08:39:36.925Z,34.54,70.46

2026-08-21T08:39:41.924Z,34.52,70.44

2026-08-21T08:39:46.933Z,34.52,70.49

2026-08-21T08:39:52.008Z,34.5,70.52

2026-08-21T08:39:56.933Z,34.51,70.5

2026-08-21T08:40:01.930Z,34.52,70.47

2026-08-21T08:40:06.929Z,34.52,70.47

2026-08-21T08:40:11.933Z,34.52,70.42

2026-08-21T08:40:16.941Z,34.53,70.47

2026-08-21T08:40:21.953Z,34.5,70.52

2026-08-21T08:40:26.936Z,34.53,70.5

2026-08-21T08:40:31.937Z,34.52,70.48

2026-08-21T08:40:36.937Z,34.53,70.45

2026-08-21T08:40:41.938Z,34.53,70.49

2026-08-21T08:40:46.959Z,34.53,70.49

2026-08-21T08:40:51.966Z,34.53,70.5

2026-08-21T08:40:56.955Z,34.52,70.52

2026-08-21T08:41:01.956Z,34.55,70.5

2026-08-21T08:41:06.955Z,34.54,70.45

2026-08-21T08:41:11.960Z,34.52,70.47

2026-08-21T08:41:16.965Z,34.54,70.41

2026-08-21T08:41:21.977Z,34.53,70.46

2026-08-21T08:41:26.963Z,34.52,70.42

2026-08-21T08:41:31.964Z,34.56,70.48

2026-08-21T08:41:36.964Z,34.56,70.44

2026-08-21T08:41:41.980Z,34.54,70.5

2026-08-21T08:41:46.966Z,34.54,70.43

2026-08-21T08:41:51.965Z,34.54,70.47

2026-08-21T08:41:56.968Z,34.55,70.4

2026-08-21T08:42:01.985Z,34.54,70.46

2026-08-21T08:42:06.969Z,34.55,70.44

2026-08-21T08:42:11.970Z,34.54,70.44

2026-08-21T08:42:16.970Z,34.55,70.4

2026-08-21T08:42:21.968Z,34.56,70.5

2026-08-21T08:42:26.969Z,34.55,70.42

2026-08-21T08:42:31.987Z,34.54,70.48

2026-08-21T08:42:36.972Z,34.56,70.41

2026-08-21T08:42:41.972Z,34.55,70.46

2026-08-21T08:42:46.973Z,34.56,70.46

2026-08-21T08:42:51.972Z,34.57,70.45

2026-08-21T08:42:56.972Z,34.55,70.44

2026-08-21T08:43:01.983Z,34.56,70.47

2026-08-21T08:43:06.971Z,34.56,70.5

2026-08-21T08:43:11.972Z,34.57,70.46

2026-08-21T08:43:16.972Z,34.56,70.45

2026-08-21T08:43:21.971Z,34.55,70.5

2026-08-21T08:43:26.971Z,34.58,70.49

2026-08-21T08:43:31.984Z,34.55,70.55

2026-08-21T08:43:36.973Z,34.56,70.51

2026-08-21T08:43:41.973Z,34.56,70.51

2026-08-21T08:43:46.973Z,34.57,70.52

2026-08-21T08:43:51.978Z,34.55,70.52

2026-08-21T08:43:56.977Z,34.56,70.55

2026-08-21T08:44:01.992Z,34.56,70.5

2026-08-21T08:44:06.978Z,34.55,70.52

2026-08-21T08:44:11.978Z,34.58,70.5

2026-08-21T08:44:16.978Z,34.54,70.51

2026-08-21T08:44:21.977Z,34.55,70.48

2026-08-21T08:44:26.991Z,34.54,70.57

2026-08-21T08:44:32.004Z,34.55,70.62

2026-08-21T08:44:36.992Z,34.54,70.59

2026-08-21T08:44:41.993Z,34.54,70.58

2026-08-21T08:44:46.992Z,34.53,70.65

2026-08-21T08:44:51.995Z,34.55,70.64

2026-08-21T08:44:57.001Z,34.53,70.62

2026-08-21T08:45:02.015Z,34.54,70.72

2026-08-21T08:45:07.001Z,34.54,70.68

2026-08-21T08:45:12.003Z,34.51,70.67

2026-08-21T08:45:17.002Z,34.52,70.69

2026-08-21T08:45:22.002Z,34.52,70.69

2026-08-21T08:45:27.018Z,34.52,70.7

2026-08-21T08:45:32.027Z,34.5,70.82

2026-08-21T08:45:37.015Z,34.53,70.71

2026-08-21T08:45:42.016Z,34.51,70.71

2026-08-21T08:45:47.016Z,34.53,70.74

2026-08-21T08:45:52.017Z,34.52,70.63

2026-08-21T08:45:57.034Z,34.52,70.69

2026-08-21T08:46:02.042Z,34.52,70.75

2026-08-21T08:46:07.030Z,34.53,70.8

2026-08-21T08:46:12.031Z,34.53,70.71

2026-08-21T08:46:17.029Z,34.51,70.7

2026-08-21T08:46:22.030Z,34.54,70.69

2026-08-21T08:46:27.038Z,34.52,70.67

2026-08-21T08:46:32.047Z,34.53,70.7

2026-08-21T08:46:37.037Z,34.54,70.62

2026-08-21T08:46:42.037Z,34.52,70.67

2026-08-21T08:46:47.037Z,34.53,70.57

2026-08-21T08:46:52.037Z,34.54,70.6

2026-08-21T08:46:57.043Z,34.52,70.56

2026-08-21T08:47:02.052Z,34.53,70.67

2026-08-21T08:47:07.040Z,34.53,70.63

2026-08-21T08:47:12.040Z,34.53,70.61

2026-08-21T08:47:17.039Z,34.52,70.53

2026-08-21T08:47:22.042Z,34.55,70.61

2026-08-21T08:47:27.050Z,34.53,70.61

2026-08-21T08:47:32.056Z,34.55,70.66

2026-08-21T08:47:37.048Z,34.53,70.69

2026-08-21T08:47:42.049Z,34.53,70.66

2026-08-21T08:47:47.052Z,34.52,70.6

2026-08-21T08:47:52.052Z,34.53,70.64

2026-08-21T08:47:57.064Z,34.53,70.66

2026-08-21T08:48:02.075Z,34.52,70.71

2026-08-21T08:48:07.061Z,34.53,70.69

2026-08-21T08:48:12.063Z,34.55,70.67

2026-08-21T08:48:17.062Z,34.54,70.69

2026-08-21T08:48:22.062Z,34.54,70.63

2026-08-21T08:48:27.069Z,34.51,70.62

2026-08-21T08:48:32.086Z,34.5,70.68

2026-08-21T08:48:37.069Z,34.53,70.64

2026-08-21T08:48:42.069Z,34.53,70.65

2026-08-21T08:48:47.069Z,34.51,70.64

2026-08-21T08:48:52.070Z,34.54,70.7

2026-08-21T08:48:57.081Z,34.53,70.72

2026-08-21T08:49:02.090Z,34.53,70.75

2026-08-21T08:49:07.079Z,34.54,70.75

2026-08-21T08:49:12.081Z,34.54,70.74

2026-08-21T08:49:17.080Z,34.55,70.73

2026-08-21T08:49:22.080Z,34.55,70.69

2026-08-21T08:49:27.084Z,34.52,70.71

2026-08-21T08:49:32.095Z,34.55,70.78

2026-08-21T08:49:37.085Z,34.55,70.68

2026-08-21T08:49:42.085Z,34.54,70.72

2026-08-21T08:49:47.086Z,34.54,70.71

2026-08-21T08:49:52.086Z,34.53,70.71

2026-08-21T08:49:57.096Z,34.55,70.79

2026-08-21T08:50:02.104Z,34.53,70.79

2026-08-21T08:50:07.094Z,34.54,70.78

2026-08-21T08:50:12.094Z,34.55,70.81

2026-08-21T08:50:17.094Z,34.53,70.83

2026-08-21T08:50:22.094Z,34.53,70.79

2026-08-21T08:50:27.098Z,34.53,70.75

2026-08-21T08:50:32.112Z,34.54,70.85

2026-08-21T08:50:37.098Z,34.54,70.82

2026-08-21T08:50:42.097Z,34.54,70.88

2026-08-21T08:50:47.098Z,34.53,70.89

2026-08-21T08:50:52.098Z,34.53,70.82

2026-08-21T08:50:57.104Z,34.52,70.88

2026-08-21T08:51:02.113Z,34.54,70.88

2026-08-21T08:51:07.103Z,34.53,70.84

2026-08-21T08:51:12.103Z,34.55,70.84

2026-08-21T08:51:17.104Z,34.53,70.92

2026-08-21T08:51:22.103Z,34.54,70.92

2026-08-21T08:51:27.111Z,34.53,70.85

2026-08-21T08:51:32.121Z,34.53,70.93

2026-08-21T08:51:37.110Z,34.52,70.93

2026-08-21T08:51:42.111Z,34.53,70.9

2026-08-21T08:51:47.110Z,34.53,70.89

2026-08-21T08:51:52.113Z,34.53,70.94

2026-08-21T08:51:57.122Z,34.53,70.85

2026-08-21T08:52:02.135Z,34.53,71.03

2026-08-21T08:52:07.122Z,34.52,70.94

2026-08-21T08:52:12.125Z,34.5,70.95

2026-08-21T08:52:17.123Z,34.51,71

2026-08-21T08:52:22.125Z,34.53,70.96

2026-08-21T08:52:27.126Z,34.51,71.01

2026-08-21T08:52:32.139Z,34.49,71

2026-08-21T08:52:37.124Z,34.52,70.97

2026-08-21T08:52:42.127Z,34.5,70.99

2026-08-21T08:52:47.126Z,34.49,70.99

2026-08-21T08:52:52.128Z,34.5,70.96

2026-08-21T08:52:57.141Z,34.49,71.03

2026-08-21T08:53:02.157Z,34.48,70.99

2026-08-21T08:53:07.140Z,34.49,70.99

2026-08-21T08:53:12.139Z,34.47,70.92

2026-08-21T08:53:17.141Z,34.46,70.96

2026-08-21T08:53:22.140Z,34.5,71.01

2026-08-21T08:53:27.146Z,34.48,71

2026-08-21T08:53:32.156Z,34.48,71.08

2026-08-21T08:53:37.142Z,34.49,71.04

2026-08-21T08:53:42.143Z,34.49,71.03

2026-08-21T08:53:47.143Z,34.48,71.07

2026-08-21T08:53:52.147Z,34.46,71.07

2026-08-21T08:53:57.154Z,34.47,71.03

2026-08-21T08:54:02.167Z,34.48,71.01

2026-08-21T08:54:07.151Z,34.48,71.06

2026-08-21T08:54:12.152Z,34.47,71.01

2026-08-21T08:54:17.154Z,34.49,71.06

2026-08-21T08:54:22.152Z,34.48,71.04

2026-08-21T08:54:27.157Z,34.49,70.99

2026-08-21T08:54:32.165Z,34.48,71.12

2026-08-21T08:54:37.151Z,34.47,71.06

2026-08-21T08:54:42.152Z,34.48,71.02

2026-08-21T08:54:47.152Z,34.49,70.99

2026-08-21T08:54:52.151Z,34.49,70.99

2026-08-21T08:54:57.163Z,34.49,71.03

2026-08-21T08:55:02.173Z,34.49,71.06

2026-08-21T08:55:07.162Z,34.48,71.06

2026-08-21T08:55:12.162Z,34.51,71.03

2026-08-21T08:55:17.165Z,34.51,71.04

2026-08-21T08:55:22.162Z,34.49,71.07

2026-08-21T08:55:27.179Z,34.49,71.07

2026-08-21T08:55:32.188Z,34.51,71.11

2026-08-21T08:55:37.174Z,34.48,71.03

2026-08-21T08:55:42.178Z,34.52,71.02

2026-08-21T08:55:47.178Z,34.51,70.98

2026-08-21T08:55:52.178Z,34.52,70.99

2026-08-21T08:55:57.194Z,34.5,70.96

2026-08-21T08:56:02.205Z,34.52,71.03

2026-08-21T08:56:07.193Z,34.52,71.07

2026-08-21T08:56:12.193Z,34.5,71.18

2026-08-21T08:56:17.193Z,34.52,71.22

2026-08-21T08:56:22.196Z,34.52,71.2

2026-08-21T08:56:27.204Z,34.51,71.11

2026-08-21T08:56:32.213Z,34.5,71.06

2026-08-21T08:56:37.203Z,34.53,70.97

2026-08-21T08:56:42.204Z,34.53,70.92

2026-08-21T08:56:47.204Z,34.54,70.87

2026-08-21T08:56:52.206Z,34.52,70.79

2026-08-21T08:56:57.213Z,34.53,70.77

2026-08-21T08:57:02.225Z,34.53,70.74

2026-08-21T08:57:07.211Z,34.53,70.8

2026-08-21T08:57:12.212Z,34.54,70.82

2026-08-21T08:57:17.209Z,34.54,70.81

2026-08-21T08:57:22.212Z,34.54,70.81

2026-08-21T08:57:27.221Z,34.55,70.79

2026-08-21T08:57:32.232Z,34.54,70.84

2026-08-21T08:57:37.219Z,34.55,70.86

2026-08-21T08:57:42.221Z,34.54,70.87

2026-08-21T08:57:47.220Z,34.55,70.84

2026-08-21T08:57:52.223Z,34.55,70.83

2026-08-21T08:57:57.223Z,34.55,70.88

2026-08-21T08:58:02.241Z,34.55,70.88

2026-08-21T08:58:07.222Z,34.54,70.8

2026-08-21T08:58:12.223Z,34.55,70.83

2026-08-21T08:58:17.220Z,34.56,70.89

2026-08-21T08:58:22.222Z,34.56,70.84

2026-08-21T08:58:27.225Z,34.54,70.84

2026-08-21T08:58:32.240Z,34.56,70.92

2026-08-21T08:58:37.223Z,34.55,70.87

2026-08-21T08:58:42.221Z,34.57,70.87

2026-08-21T08:58:47.222Z,34.58,70.85

2026-08-21T08:58:52.228Z,34.55,70.9

2026-08-21T08:58:57.230Z,34.57,70.86

2026-08-21T08:59:02.236Z,34.58,70.81

2026-08-21T08:59:07.226Z,34.58,70.82

2026-08-21T08:59:12.231Z,34.6,70.8

2026-08-21T08:59:17.229Z,34.59,70.75

2026-08-21T08:59:22.228Z,34.57,70.71

2026-08-21T08:59:27.230Z,34.58,70.66

2026-08-21T08:59:32.236Z,34.61,70.74

2026-08-21T08:59:37.227Z,34.58,70.7

2026-08-21T08:59:42.229Z,34.59,70.65

2026-08-21T08:59:47.231Z,34.6,70.61

2026-08-21T08:59:52.230Z,34.59,70.58

2026-08-21T08:59:57.242Z,34.62,70.56

2026-08-21T09:00:02.250Z,34.59,70.57

2026-08-21T09:00:07.241Z,34.62,70.49

2026-08-21T09:00:12.241Z,34.62,70.49

2026-08-21T09:00:17.240Z,34.6,70.45

2026-08-21T09:00:22.241Z,34.61,70.48

2026-08-21T09:00:27.251Z,34.62,70.47

2026-08-21T09:00:32.261Z,34.63,70.45

2026-08-21T09:00:37.250Z,34.63,70.46

2026-08-21T09:00:42.251Z,34.6,70.45

2026-08-21T09:00:47.250Z,34.61,70.48

2026-08-21T09:00:52.254Z,34.63,70.49

2026-08-21T09:00:57.252Z,34.64,70.5

2026-08-21T09:01:02.264Z,34.61,70.55

2026-08-21T09:01:07.252Z,34.62,70.48

2026-08-21T09:01:12.254Z,34.64,70.49

2026-08-21T09:01:17.253Z,34.61,70.52

2026-08-21T09:01:22.255Z,34.63,70.48

2026-08-21T09:01:27.261Z,34.65,70.49

2026-08-21T09:01:32.274Z,34.63,70.53

2026-08-21T09:01:37.261Z,34.63,70.44

2026-08-21T09:01:42.260Z,34.61,70.48

2026-08-21T09:01:47.260Z,34.65,70.49

2026-08-21T09:01:52.260Z,34.62,70.47

2026-08-21T09:01:57.272Z,34.63,70.51

2026-08-21T09:02:02.280Z,34.63,70.47

2026-08-21T09:02:07.271Z,34.62,70.49

2026-08-21T09:02:12.272Z,34.62,70.49

2026-08-21T09:02:17.272Z,34.63,70.44

2026-08-21T09:02:22.273Z,34.64,70.42

2026-08-21T09:02:27.272Z,34.62,70.37

2026-08-21T09:02:32.287Z,34.62,70.38

2026-08-21T09:02:37.271Z,34.62,70.34

2026-08-21T09:02:42.273Z,34.62,70.23

2026-08-21T09:02:47.276Z,34.63,70.21

2026-08-21T09:02:52.275Z,34.63,70.23

2026-08-21T09:02:57.284Z,34.62,70.15

2026-08-21T09:03:02.297Z,34.62,70.23

2026-08-21T09:03:07.283Z,34.62,70.22

2026-08-21T09:03:12.283Z,34.64,70.17

2026-08-21T09:03:17.282Z,34.64,70.21

2026-08-21T09:03:22.283Z,34.63,70.23

2026-08-21T09:03:27.293Z,34.63,70.29

2026-08-21T09:03:32.304Z,34.63,70.27

2026-08-21T09:03:37.294Z,34.64,70.25

2026-08-21T09:03:42.294Z,34.62,70.33

2026-08-21T09:03:47.294Z,34.64,70.27

2026-08-21T09:03:52.296Z,34.64,70.28

2026-08-21T09:03:57.308Z,34.64,70.23

2026-08-21T09:04:02.326Z,34.64,70.27

2026-08-21T09:04:07.310Z,34.64,70.13

2026-08-21T09:04:12.310Z,34.63,70.16

2026-08-21T09:04:17.310Z,34.63,70.17

2026-08-21T09:04:22.311Z,34.64,70.15

2026-08-21T09:04:27.319Z,34.63,70.23

2026-08-21T09:04:32.330Z,34.65,70.22

2026-08-21T09:04:37.320Z,34.66,70.28

2026-08-21T09:04:42.319Z,34.63,70.18

2026-08-21T09:04:47.318Z,34.64,70.24

2026-08-21T09:04:52.317Z,34.65,70.25

2026-08-21T09:04:57.321Z,34.65,70.31

2026-08-21T09:05:02.328Z,34.64,70.32

2026-08-21T09:05:07.317Z,34.63,70.29

2026-08-21T09:05:12.319Z,34.64,70.25

2026-08-21T09:05:17.318Z,34.63,70.23

2026-08-21T09:05:22.319Z,34.64,70.27

2026-08-21T09:05:27.340Z,34.63,70.26

2026-08-21T09:05:32.335Z,34.65,70.15

2026-08-21T09:05:37.335Z,34.63,70.24

2026-08-21T09:05:42.335Z,34.64,70.09

2026-08-21T09:05:47.336Z,34.65,70.18

2026-08-21T09:05:52.348Z,34.65,70.21

2026-08-21T09:05:57.338Z,34.67,70.14

2026-08-21T09:06:02.337Z,34.65,70.13

2026-08-21T09:06:07.337Z,34.66,70.08

2026-08-21T09:06:12.348Z,34.68,70.15

2026-08-21T09:06:17.339Z,34.65,70.1

2026-08-21T09:06:22.338Z,34.66,70.05

2026-08-21T09:06:27.336Z,34.67,70.01

2026-08-21T09:06:32.339Z,34.66,69.94

2026-08-21T09:06:37.348Z,34.65,70.02

2026-08-21T09:06:42.354Z,34.67,70.02

2026-08-21T09:06:47.345Z,34.68,69.98

2026-08-21T09:06:52.352Z,34.66,69.91

2026-08-21T09:06:57.352Z,34.66,69.98

2026-08-21T09:07:02.362Z,34.66,69.99

2026-08-21T09:07:07.350Z,34.66,70.02

2026-08-21T09:07:12.352Z,34.66,70.01

2026-08-21T09:07:17.352Z,34.65,70.01

2026-08-21T09:07:22.352Z,34.67,70.05

2026-08-21T09:07:27.369Z,34.66,70.06

2026-08-21T09:07:32.380Z,34.66,70.04

2026-08-21T09:07:37.367Z,34.67,70.06

2026-08-21T09:07:42.370Z,34.65,70.04

2026-08-21T09:07:47.369Z,34.65,70.07

2026-08-21T09:07:52.371Z,34.67,70.05

2026-08-21T09:07:57.377Z,34.65,70.02

2026-08-21T09:08:02.391Z,34.66,70.04

2026-08-21T09:08:07.377Z,34.65,70.06

2026-08-21T09:08:12.378Z,34.65,70.03

2026-08-21T09:08:17.379Z,34.66,70.05

2026-08-21T09:08:22.378Z,34.65,70.09

2026-08-21T09:08:27.380Z,34.65,70.09

2026-08-21T09:08:32.390Z,34.63,70.12

2026-08-21T09:08:37.377Z,34.61,70.12

2026-08-21T09:08:42.381Z,34.62,70.13

2026-08-21T09:08:47.379Z,34.61,70.12

2026-08-21T09:08:52.380Z,34.62,70.09

2026-08-21T09:08:57.396Z,34.63,70.09

2026-08-21T09:09:02.403Z,34.62,70.15

2026-08-21T09:09:07.390Z,34.63,70.12

2026-08-21T09:09:12.390Z,34.61,70.14

2026-08-21T09:09:17.390Z,34.62,70.2

2026-08-21T09:09:22.403Z,34.61,70.28

2026-08-21T09:09:27.393Z,34.61,70.27

2026-08-21T09:09:32.392Z,34.61,70.26

2026-08-21T09:09:37.393Z,34.61,70.26

2026-08-21T09:09:42.393Z,34.61,70.32

2026-08-21T09:09:47.393Z,34.64,70.32

2026-08-21T09:09:52.408Z,34.62,70.39

2026-08-21T09:09:57.391Z,34.62,70.28

2026-08-21T09:10:02.395Z,34.61,70.36

2026-08-21T09:10:07.394Z,34.62,70.39

2026-08-21T09:10:12.398Z,34.61,70.4

2026-08-21T09:10:17.410Z,34.6,70.38

2026-08-21T09:10:22.414Z,34.62,70.44

2026-08-21T09:10:27.404Z,34.63,70.34

2026-08-21T09:10:32.405Z,34.63,70.36

2026-08-21T09:10:37.406Z,34.62,70.3

2026-08-21T09:10:42.405Z,34.63,70.28

2026-08-21T09:10:47.408Z,34.63,70.34

2026-08-21T09:10:52.418Z,34.62,70.35

2026-08-21T09:10:57.408Z,34.62,70.37

2026-08-21T09:11:02.410Z,34.62,70.31

2026-08-21T09:11:07.431Z,34.61,70.31

2026-08-21T09:11:12.439Z,34.62,70.42

2026-08-21T09:11:17.431Z,34.62,70.38

2026-08-21T09:11:22.431Z,34.62,70.38

2026-08-21T09:11:27.431Z,34.62,70.44

2026-08-21T09:11:32.433Z,34.62,70.43

2026-08-21T09:11:37.441Z,34.62,70.35

2026-08-21T09:11:42.448Z,34.6,70.49

2026-08-21T09:11:47.438Z,34.63,70.42

2026-08-21T09:11:52.440Z,34.61,70.43

2026-08-21T09:11:57.440Z,34.62,70.43

2026-08-21T09:12:02.443Z,34.62,70.46

2026-08-21T09:12:07.442Z,34.63,70.44

2026-08-21T09:12:12.454Z,34.62,70.49

2026-08-21T09:12:17.443Z,34.62,70.45

2026-08-21T09:12:22.443Z,34.63,70.48

2026-08-21T09:12:27.442Z,34.64,70.46

2026-08-21T09:12:32.443Z,34.62,70.46

2026-08-21T09:12:37.446Z,34.61,70.46

2026-08-21T09:12:42.457Z,34.61,70.42

2026-08-21T09:12:47.442Z,34.63,70.41

2026-08-21T09:12:52.445Z,34.62,70.38

2026-08-21T09:12:57.443Z,34.64,70.37

2026-08-21T09:13:02.447Z,34.61,70.37

2026-08-21T09:13:07.446Z,34.63,70.41

2026-08-21T09:13:12.457Z,34.62,70.45

2026-08-21T09:13:17.444Z,34.62,70.34

2026-08-21T09:13:22.445Z,34.64,70.31

2026-08-21T09:13:27.444Z,34.63,70.34

2026-08-21T09:13:32.445Z,34.63,70.32

2026-08-21T09:13:37.460Z,34.65,70.34

2026-08-21T09:13:42.467Z,34.65,70.34

2026-08-21T09:13:47.459Z,34.64,70.31

2026-08-21T09:13:52.459Z,34.64,70.26

2026-08-21T09:13:57.466Z,34.65,70.27

2026-08-21T09:14:02.480Z,34.62,70.37

2026-08-21T09:14:07.465Z,34.64,70.3

2026-08-21T09:14:12.466Z,34.64,70.31

2026-08-21T09:14:17.466Z,34.65,70.32

2026-08-21T09:14:22.479Z,34.64,70.36

2026-08-21T09:14:27.469Z,34.65,70.33

2026-08-21T09:14:32.467Z,34.67,70.32

2026-08-21T09:14:37.465Z,34.65,70.37

2026-08-21T09:14:42.483Z,34.65,70.47

2026-08-21T09:14:47.467Z,34.67,70.42

2026-08-21T09:14:52.469Z,34.64,70.46

2026-08-21T09:14:57.470Z,34.66,70.47

2026-08-21T09:15:02.470Z,34.63,70.46

2026-08-21T09:15:07.482Z,34.64,70.36

2026-08-21T09:15:12.493Z,34.65,70.5

2026-08-21T09:15:17.479Z,34.64,70.53

2026-08-21T09:15:22.482Z,34.64,70.45

2026-08-21T09:15:27.482Z,34.63,70.42

2026-08-21T09:15:32.483Z,34.62,70.37

2026-08-21T09:15:37.495Z,34.65,70.43

2026-08-21T09:15:42.508Z,34.65,70.46

2026-08-21T09:15:47.494Z,34.65,70.43

2026-08-21T09:15:52.496Z,34.66,70.43

2026-08-21T09:15:57.496Z,34.63,70.42

2026-08-21T09:16:02.497Z,34.64,70.38

2026-08-21T09:16:07.501Z,34.63,70.38

2026-08-21T09:16:12.512Z,34.62,70.4

2026-08-21T09:16:17.501Z,34.64,70.4

2026-08-21T09:16:22.502Z,34.64,70.44

2026-08-21T09:16:27.500Z,34.61,70.38

2026-08-21T09:16:32.501Z,34.63,70.37

2026-08-21T09:16:37.503Z,34.61,70.45

2026-08-21T09:16:42.521Z,34.58,70.43

2026-08-21T09:16:47.505Z,34.61,70.41

2026-08-21T09:16:52.503Z,34.6,70.4

2026-08-21T09:16:57.505Z,34.61,70.42

2026-08-21T09:17:02.505Z,34.6,70.48

2026-08-21T09:17:07.513Z,34.58,70.47

2026-08-21T09:17:12.525Z,34.6,70.48

2026-08-21T09:17:17.513Z,34.59,70.56

2026-08-21T09:17:22.513Z,34.61,70.52

2026-08-21T09:17:27.513Z,34.58,70.59

2026-08-21T09:17:32.513Z,34.58,70.56

2026-08-21T09:17:37.520Z,34.58,70.44

2026-08-21T09:17:42.536Z,34.59,70.45

2026-08-21T09:17:47.522Z,34.59,70.4

2026-08-21T09:17:52.523Z,34.6,70.36

2026-08-21T09:17:57.522Z,34.59,70.41

2026-08-21T09:18:02.523Z,34.59,70.37

2026-08-21T09:18:07.535Z,34.58,70.44

2026-08-21T09:18:12.546Z,34.58,70.39

2026-08-21T09:18:17.534Z,34.6,70.37

2026-08-21T09:18:22.534Z,34.58,70.34

2026-08-21T09:18:27.535Z,34.56,70.32

2026-08-21T09:18:32.535Z,34.58,70.32

2026-08-21T09:18:37.541Z,34.57,70.28

2026-08-21T09:18:42.549Z,34.56,70.27

2026-08-21T09:18:47.539Z,34.57,70.28

2026-08-21T09:18:52.542Z,34.57,70.31

2026-08-21T09:18:57.539Z,34.56,70.3

2026-08-21T09:19:02.540Z,34.59,70.33

2026-08-21T09:19:07.555Z,34.56,70.34

2026-08-21T09:19:12.566Z,34.57,70.38

2026-08-21T09:19:17.554Z,34.57,70.28

2026-08-21T09:19:22.554Z,34.55,70.27

2026-08-21T09:19:27.555Z,34.56,70.31

2026-08-21T09:19:32.558Z,34.57,70.32

2026-08-21T09:19:37.557Z,34.54,70.35

2026-08-21T09:19:42.568Z,34.55,70.36

2026-08-21T09:19:47.557Z,34.57,70.34

2026-08-21T09:19:52.556Z,34.55,70.27

2026-08-21T09:19:57.558Z,34.54,70.32

2026-08-21T09:20:02.556Z,34.53,70.45

2026-08-21T09:20:07.570Z,34.53,70.37

2026-08-21T09:20:12.583Z,34.52,70.43

2026-08-21T09:20:17.569Z,34.53,70.46

2026-08-21T09:20:22.571Z,34.53,70.49

2026-08-21T09:20:27.571Z,34.53,70.51

2026-08-21T09:20:32.570Z,34.53,70.49

2026-08-21T09:20:37.578Z,34.52,70.49

2026-08-21T09:20:42.588Z,34.52,70.58

2026-08-21T09:20:47.576Z,34.54,70.51

2026-08-21T09:20:52.577Z,34.52,70.54

2026-08-21T09:20:57.577Z,34.52,70.53

2026-08-21T09:21:02.579Z,34.52,70.55

2026-08-21T09:21:07.578Z,34.52,70.51

2026-08-21T09:21:12.591Z,34.53,70.58

2026-08-21T09:21:17.580Z,34.51,70.6

2026-08-21T09:21:22.580Z,34.52,70.56

2026-08-21T09:21:27.577Z,34.53,70.64

2026-08-21T09:21:32.580Z,34.53,70.57

2026-08-21T09:21:37.599Z,34.53,70.56

2026-08-21T09:21:42.608Z,34.53,70.61

2026-08-21T09:21:47.599Z,34.53,70.63

2026-08-21T09:21:52.596Z,34.54,70.58

2026-08-21T09:21:57.595Z,34.52,70.53

2026-08-21T09:22:02.598Z,34.52,70.53

2026-08-21T09:22:07.597Z,34.53,70.37

2026-08-21T09:22:12.609Z,34.53,70.31

2026-08-21T09:22:17.598Z,34.54,70.27

2026-08-21T09:22:22.598Z,34.53,70.27

2026-08-21T09:22:27.600Z,34.53,70.22

2026-08-21T09:22:32.600Z,34.53,70.22

2026-08-21T09:22:37.600Z,34.54,70.19

2026-08-21T09:22:42.614Z,34.55,70.22

2026-08-21T09:22:47.600Z,34.54,70.13

2026-08-21T09:22:52.601Z,34.54,70.1

2026-08-21T09:22:57.601Z,34.54,70.13

2026-08-21T09:23:02.604Z,34.56,70.15

2026-08-21T09:23:07.600Z,34.53,70.18

2026-08-21T09:23:12.615Z,34.55,70.2

2026-08-21T09:23:17.602Z,34.53,70.1

2026-08-21T09:23:22.604Z,34.54,70.04

2026-08-21T09:23:27.602Z,34.53,70.07

2026-08-21T09:23:32.602Z,34.52,70.09

2026-08-21T09:23:37.609Z,34.51,70.09

2026-08-21T09:23:42.617Z,34.51,70.1

2026-08-21T09:23:47.606Z,34.51,70.05

2026-08-21T09:23:52.606Z,34.51,70.06

2026-08-21T09:23:57.607Z,34.52,70.11

2026-08-21T09:24:02.606Z,34.5,70.15

2026-08-21T09:24:07.614Z,34.51,70.2

2026-08-21T09:24:12.625Z,34.51,70.23

2026-08-21T09:24:17.612Z,34.51,70.21

2026-08-21T09:24:22.614Z,34.49,70.16

2026-08-21T09:24:27.613Z,34.49,70.23

2026-08-21T09:24:32.613Z,34.5,70.16

2026-08-21T09:24:37.618Z,34.52,70.23

2026-08-21T09:24:42.630Z,34.5,70.21

2026-08-21T09:24:47.617Z,34.49,70.25

2026-08-21T09:24:52.618Z,34.5,70.26

2026-08-21T09:24:57.617Z,34.52,70.28

2026-08-21T09:25:02.617Z,34.49,70.26

2026-08-21T09:25:07.642Z,34.48,70.31

2026-08-21T09:25:12.646Z,34.49,70.39

2026-08-21T09:25:17.637Z,34.47,70.35

2026-08-21T09:25:22.643Z,34.5,70.3

2026-08-21T09:25:27.643Z,34.46,70.39

2026-08-21T09:25:32.641Z,34.48,70.39

2026-08-21T09:25:37.657Z,34.49,70.43

2026-08-21T09:25:42.667Z,34.47,70.44

2026-08-21T09:25:47.656Z,34.47,70.42

2026-08-21T09:25:52.657Z,34.48,70.44

2026-08-21T09:25:57.657Z,34.47,70.45

2026-08-21T09:26:02.658Z,34.49,70.46

2026-08-21T09:26:07.664Z,34.47,70.49

2026-08-21T09:26:12.675Z,34.47,70.48

2026-08-21T09:26:17.663Z,34.47,70.5

2026-08-21T09:26:22.664Z,34.47,70.5

2026-08-21T09:26:27.663Z,34.49,70.51

2026-08-21T09:26:32.663Z,34.48,70.56

2026-08-21T09:26:37.670Z,34.47,70.53

2026-08-21T09:26:42.680Z,34.47,70.51

2026-08-21T09:26:47.668Z,34.47,70.49

2026-08-21T09:26:52.667Z,34.47,70.46

2026-08-21T09:26:57.665Z,34.44,70.59

2026-08-21T09:27:02.667Z,34.46,70.57

2026-08-21T09:27:07.681Z,34.45,70.47

2026-08-21T09:27:12.688Z,34.46,70.55

2026-08-21T09:27:17.679Z,34.45,70.51

2026-08-21T09:27:22.681Z,34.45,70.53

2026-08-21T09:27:27.679Z,34.45,70.55

2026-08-21T09:27:32.678Z,34.43,70.51

2026-08-21T09:27:37.685Z,34.44,70.55

2026-08-21T09:27:42.695Z,34.42,70.65

2026-08-21T09:27:47.682Z,34.43,70.58

2026-08-21T09:27:52.685Z,34.45,70.54

2026-08-21T09:27:57.685Z,34.44,70.6

2026-08-21T09:28:02.684Z,34.43,70.61

2026-08-21T09:28:07.687Z,34.42,70.52

2026-08-21T09:28:12.697Z,34.43,70.56

2026-08-21T09:28:17.686Z,34.43,70.47

2026-08-21T09:28:22.687Z,34.42,70.54

2026-08-21T09:28:27.688Z,34.42,70.59

2026-08-21T09:28:32.687Z,34.44,70.59

2026-08-21T09:28:37.695Z,34.43,70.58

2026-08-21T09:28:42.701Z,34.43,70.6

2026-08-21T09:28:47.692Z,34.43,70.58

2026-08-21T09:28:52.695Z,34.44,70.63

2026-08-21T09:28:57.693Z,34.42,70.58

2026-08-21T09:29:02.693Z,34.43,70.59

2026-08-21T09:29:07.709Z,34.44,70.58

2026-08-21T09:29:12.733Z,34.43,70.67

2026-08-21T09:29:17.712Z,34.44,70.6

2026-08-21T09:29:22.712Z,34.43,70.65

2026-08-21T09:29:27.711Z,34.44,70.65

2026-08-21T09:29:32.712Z,34.43,70.64

2026-08-21T09:29:37.719Z,34.45,70.51

2026-08-21T09:29:42.735Z,34.43,70.61

2026-08-21T09:29:47.717Z,34.45,70.48

2026-08-21T09:29:52.720Z,34.44,70.42

2026-08-21T09:29:57.721Z,34.44,70.36

2026-08-21T09:30:02.721Z,34.45,70.39

2026-08-21T09:30:07.726Z,34.44,70.4

2026-08-21T09:30:12.740Z,34.44,70.43

2026-08-21T09:30:17.724Z,34.45,70.38

2026-08-21T09:30:22.725Z,34.44,70.39

2026-08-21T09:30:27.725Z,34.47,70.4

2026-08-21T09:30:32.726Z,34.44,70.41

2026-08-21T09:30:37.738Z,34.46,70.41

2026-08-21T09:30:42.749Z,34.46,70.53

2026-08-21T09:30:47.737Z,34.46,70.43

2026-08-21T09:30:52.741Z,34.46,70.49

2026-08-21T09:30:57.741Z,34.44,70.48

2026-08-21T09:31:02.740Z,34.46,70.48

2026-08-21T09:31:07.745Z,34.45,70.47

2026-08-21T09:31:12.758Z,34.46,70.52

2026-08-21T09:31:17.745Z,34.46,70.55

2026-08-21T09:31:22.747Z,34.46,70.51

2026-08-21T09:31:27.759Z,34.45,70.49

2026-08-21T09:31:32.753Z,34.45,70.53

2026-08-21T09:31:37.752Z,34.46,70.49

2026-08-21T09:31:42.753Z,34.46,70.46

2026-08-21T09:31:47.753Z,34.46,70.43

2026-08-21T09:31:52.765Z,34.46,70.41

2026-08-21T09:31:57.754Z,34.48,70.38

2026-08-21T09:32:02.753Z,34.48,70.44

2026-08-21T09:32:07.755Z,34.5,70.41

2026-08-21T09:32:12.754Z,34.46,70.34

2026-08-21T09:32:17.754Z,34.46,70.34

2026-08-21T09:32:22.766Z,34.47,70.43

2026-08-21T09:32:27.755Z,34.46,70.34

2026-08-21T09:32:32.758Z,34.47,70.4

2026-08-21T09:32:37.757Z,34.46,70.36

2026-08-21T09:32:42.759Z,34.45,70.33

2026-08-21T09:32:47.761Z,34.46,70.27

2026-08-21T09:32:52.766Z,34.45,70.34

2026-08-21T09:32:57.761Z,34.45,70.23

2026-08-21T09:33:02.762Z,34.46,70.33

2026-08-21T09:33:07.764Z,34.45,70.31

2026-08-21T09:33:12.775Z,34.44,70.37

2026-08-21T09:33:17.763Z,34.43,70.39

2026-08-21T09:33:22.764Z,34.42,70.34

2026-08-21T09:33:27.764Z,34.41,70.37

2026-08-21T09:33:32.765Z,34.43,70.41

2026-08-21T09:33:37.766Z,34.4,70.4

2026-08-21T09:33:42.780Z,34.42,70.46

2026-08-21T09:33:47.765Z,34.42,70.46

2026-08-21T09:33:52.767Z,34.42,70.44

2026-08-21T09:33:57.764Z,34.4,70.47

2026-08-21T09:34:02.764Z,34.41,70.45

2026-08-21T09:34:07.785Z,34.42,70.5

2026-08-21T09:34:12.796Z,34.39,70.51

2026-08-21T09:34:17.782Z,34.42,70.45

2026-08-21T09:34:22.782Z,34.4,70.43

2026-08-21T09:34:27.782Z,34.4,70.5

2026-08-21T09:34:32.784Z,34.39,70.56

2026-08-21T09:34:37.787Z,34.4,70.53

2026-08-21T09:34:42.800Z,34.4,70.6

2026-08-21T09:34:47.786Z,34.38,70.58

2026-08-21T09:34:52.787Z,34.39,70.61

2026-08-21T09:34:57.788Z,34.36,70.63

2026-08-21T09:35:02.790Z,34.38,70.68

2026-08-21T09:35:07.788Z,34.38,70.64

2026-08-21T09:35:12.801Z,34.37,70.7

2026-08-21T09:35:17.790Z,34.38,70.74

2026-08-21T09:35:22.791Z,34.38,70.73

2026-08-21T09:35:27.789Z,34.39,70.78

2026-08-21T09:35:32.792Z,34.39,70.76

2026-08-21T09:35:37.799Z,34.37,70.72

2026-08-21T09:35:42.811Z,34.35,70.76

2026-08-21T09:35:47.798Z,34.35,70.71

2026-08-21T09:35:52.802Z,34.36,70.84

2026-08-21T09:35:57.800Z,34.36,70.74

2026-08-21T09:36:02.799Z,34.35,70.77

2026-08-21T09:36:07.802Z,34.38,70.78

2026-08-21T09:36:12.811Z,34.37,70.88

2026-08-21T09:36:17.803Z,34.38,70.84

2026-08-21T09:36:22.800Z,34.37,70.87

2026-08-21T09:36:27.802Z,34.38,70.89

2026-08-21T09:36:32.803Z,34.37,70.88

2026-08-21T09:36:37.822Z,34.37,70.86

2026-08-21T09:36:42.831Z,34.37,70.9

2026-08-21T09:36:47.815Z,34.38,70.84

2026-08-21T09:36:52.815Z,34.38,70.87

2026-08-21T09:36:57.815Z,34.39,70.91

2026-08-21T09:37:02.816Z,34.38,70.87

2026-08-21T09:37:07.819Z,34.39,70.91

2026-08-21T09:37:12.832Z,34.38,70.92

2026-08-21T09:37:17.817Z,34.4,70.81

2026-08-21T09:37:22.818Z,34.39,70.81

2026-08-21T09:37:27.819Z,34.4,70.8

2026-08-21T09:37:32.819Z,34.4,70.78

2026-08-21T09:37:37.828Z,34.4,70.81

2026-08-21T09:37:42.838Z,34.42,70.78

2026-08-21T09:37:47.828Z,34.41,70.73

2026-08-21T09:37:52.828Z,34.4,70.7

2026-08-21T09:37:57.829Z,34.43,70.72

2026-08-21T09:38:02.827Z,34.42,70.78

2026-08-21T09:38:07.855Z,34.41,70.67

2026-08-21T09:38:12.864Z,34.41,70.69

2026-08-21T09:38:17.850Z,34.41,70.66

2026-08-21T09:38:22.851Z,34.42,70.59

2026-08-21T09:38:27.850Z,34.43,70.56

2026-08-21T09:38:32.866Z,34.43,70.57

2026-08-21T09:38:37.851Z,34.43,70.57

2026-08-21T09:38:42.851Z,34.43,70.55

2026-08-21T09:38:47.853Z,34.43,70.51

2026-08-21T09:38:52.853Z,34.44,70.45

2026-08-21T09:38:57.854Z,34.44,70.44

2026-08-21T09:39:02.868Z,34.45,70.38

2026-08-21T09:39:07.853Z,34.45,70.25

2026-08-21T09:39:12.855Z,34.47,70.26

2026-08-21T09:39:17.861Z,34.46,70.29

2026-08-21T09:39:22.855Z,34.45,70.16

2026-08-21T09:39:27.855Z,34.47,70.27

2026-08-21T09:39:32.872Z,34.44,70.23

2026-08-21T09:39:37.855Z,34.44,70.18

2026-08-21T09:39:42.856Z,34.46,70.16

2026-08-21T09:39:47.854Z,34.46,70.12

2026-08-21T09:39:52.857Z,34.47,70.18

2026-08-21T09:39:57.856Z,34.46,70.16

2026-08-21T09:40:02.870Z,34.46,70.22

2026-08-21T09:40:07.860Z,34.46,70.15

2026-08-21T09:40:12.859Z,34.45,70.21

2026-08-21T09:40:17.857Z,34.47,70.14

2026-08-21T09:40:22.860Z,34.46,70.19

2026-08-21T09:40:27.859Z,34.44,70.15

2026-08-21T09:40:32.874Z,34.45,70.2

2026-08-21T09:40:37.859Z,34.46,70.23

2026-08-21T09:40:42.862Z,34.47,70.12

2026-08-21T09:40:47.861Z,34.46,70.21

2026-08-21T09:40:52.862Z,34.48,70.24

2026-08-21T09:40:57.870Z,34.47,70.3

2026-08-21T09:41:02.883Z,34.46,70.29

2026-08-21T09:41:07.869Z,34.46,70.2

2026-08-21T09:41:12.868Z,34.46,70.22

2026-08-21T09:41:17.878Z,34.44,70.22

2026-08-21T09:41:22.889Z,34.45,70.3

2026-08-21T09:41:27.877Z,34.44,70.2

2026-08-21T09:41:32.878Z,34.45,70.24

2026-08-21T09:41:37.878Z,34.44,70.3

2026-08-21T09:41:42.881Z,34.45,70.27

2026-08-21T09:41:47.893Z,34.43,70.29

2026-08-21T09:41:52.903Z,34.44,70.31

2026-08-21T09:41:57.892Z,34.42,70.36

2026-08-21T09:42:02.893Z,34.41,70.42

2026-08-21T09:42:07.893Z,34.43,70.4

2026-08-21T09:42:12.892Z,34.43,70.37

2026-08-21T09:42:17.900Z,34.4,70.4

2026-08-21T09:42:22.912Z,34.43,70.43

2026-08-21T09:42:27.900Z,34.43,70.41

2026-08-21T09:42:32.899Z,34.43,70.4

2026-08-21T09:42:37.900Z,34.44,70.4

2026-08-21T09:42:42.900Z,34.44,70.36

2026-08-21T09:42:47.907Z,34.42,70.35

2026-08-21T09:42:52.918Z,34.44,70.42

2026-08-21T09:42:57.906Z,34.43,70.3

2026-08-21T09:43:02.906Z,34.44,70.26

2026-08-21T09:43:07.907Z,34.44,70.2

2026-08-21T09:43:12.908Z,34.44,70.19

2026-08-21T09:43:17.906Z,34.47,70.17

2026-08-21T09:43:22.923Z,34.44,70.19

2026-08-21T09:43:27.908Z,34.45,70.22

2026-08-21T09:43:32.907Z,34.45,70.23

2026-08-21T09:43:37.912Z,34.44,70.19

2026-08-21T09:43:42.924Z,34.42,70.14

2026-08-21T09:43:47.910Z,34.45,70.05

2026-08-21T09:43:52.913Z,34.45,69.97

2026-08-21T09:43:57.935Z,34.43,69.95

2026-08-21T09:44:02.946Z,34.42,70.01

2026-08-21T09:44:07.928Z,34.45,70.02

2026-08-21T09:44:12.930Z,34.45,69.98

2026-08-21T09:44:17.927Z,34.46,69.94

2026-08-21T09:44:22.931Z,34.44,69.9

2026-08-21T09:44:27.928Z,34.45,69.85

2026-08-21T09:44:32.942Z,34.43,69.9

2026-08-21T09:44:37.930Z,34.46,69.84

2026-08-21T09:44:42.931Z,34.46,69.77

2026-08-21T09:44:47.931Z,34.44,69.75

2026-08-21T09:44:52.932Z,34.48,69.65

2026-08-21T09:44:57.932Z,34.48,69.64

2026-08-21T09:45:02.945Z,34.44,69.62

2026-08-21T09:45:07.932Z,34.44,69.57

2026-08-21T09:45:12.933Z,34.45,69.63

2026-08-21T09:45:17.934Z,34.46,69.71

2026-08-21T09:45:22.935Z,34.46,69.75

2026-08-21T09:45:27.946Z,34.47,69.65

2026-08-21T09:45:32.957Z,34.46,69.72

2026-08-21T09:45:37.941Z,34.46,69.63

2026-08-21T09:45:42.943Z,34.45,69.56

2026-08-21T09:45:47.941Z,34.49,69.52

2026-08-21T09:45:52.944Z,34.46,69.5

2026-08-21T09:45:57.955Z,34.47,69.45

2026-08-21T09:46:02.969Z,34.46,69.49

2026-08-21T09:46:07.953Z,34.48,69.48

2026-08-21T09:46:12.956Z,34.47,69.45

2026-08-21T09:46:17.954Z,34.46,69.44

2026-08-21T09:46:22.953Z,34.44,69.4

2026-08-21T09:46:27.968Z,34.45,69.4

2026-08-21T09:46:32.979Z,34.46,69.4

2026-08-21T09:46:37.968Z,34.46,69.38

2026-08-21T09:46:42.969Z,34.48,69.41

2026-08-21T09:46:47.969Z,34.47,69.46

2026-08-21T09:46:52.970Z,34.48,69.48

2026-08-21T09:46:57.982Z,34.47,69.49

2026-08-21T09:47:02.978Z,34.46,69.49

2026-08-21T09:47:07.977Z,34.47,69.53

2026-08-21T09:47:12.978Z,34.5,69.39

2026-08-21T09:47:17.977Z,34.5,69.42

2026-08-21T09:47:22.988Z,34.48,69.45

2026-08-21T09:47:27.978Z,34.46,69.44

2026-08-21T09:47:32.977Z,34.47,69.4

2026-08-21T09:47:37.979Z,34.47,69.36

2026-08-21T09:47:42.980Z,34.46,69.36

2026-08-21T09:47:47.988Z,34.45,69.38

2026-08-21T09:47:53.000Z,34.47,69.4

2026-08-21T09:47:57.992Z,34.46,69.35

2026-08-21T09:48:02.989Z,34.45,69.36

2026-08-21T09:48:07.989Z,34.46,69.37

2026-08-21T09:48:12.989Z,34.47,69.44

2026-08-21T09:48:17.997Z,34.45,69.41

2026-08-21T09:48:23.009Z,34.46,69.38

2026-08-21T09:48:27.996Z,34.46,69.44

2026-08-21T09:48:32.996Z,34.47,69.52

2026-08-21T09:48:37.996Z,34.47,69.47

2026-08-21T09:48:42.996Z,34.46,69.49

2026-08-21T09:48:48.017Z,34.48,69.55

2026-08-21T09:48:53.027Z,34.46,69.49

2026-08-21T09:48:58.016Z,34.48,69.54

2026-08-21T09:49:03.018Z,34.48,69.58

2026-08-21T09:49:08.017Z,34.48,69.58

2026-08-21T09:49:13.019Z,34.49,69.48

2026-08-21T09:49:18.024Z,34.47,69.49

2026-08-21T09:49:23.037Z,34.47,69.51

2026-08-21T09:49:28.025Z,34.49,69.53

2026-08-21T09:49:33.027Z,34.47,69.57

2026-08-21T09:49:38.027Z,34.47,69.55

2026-08-21T09:49:43.027Z,34.48,69.5

2026-08-21T09:49:48.029Z,34.47,69.57

2026-08-21T09:49:53.039Z,34.49,69.6

2026-08-21T09:49:58.028Z,34.47,69.59

2026-08-21T09:50:03.030Z,34.48,69.63

2026-08-21T09:50:08.028Z,34.48,69.62

2026-08-21T09:50:13.029Z,34.49,69.6

2026-08-21T09:50:18.032Z,34.49,69.59

2026-08-21T09:50:23.044Z,34.48,69.59

2026-08-21T09:50:28.031Z,34.49,69.47

2026-08-21T09:50:33.032Z,34.48,69.4

2026-08-21T09:50:38.031Z,34.48,69.47

2026-08-21T09:50:43.043Z,34.48,69.46

2026-08-21T09:50:48.033Z,34.49,69.39

2026-08-21T09:50:53.031Z,34.49,69.37

2026-08-21T09:50:58.031Z,34.51,69.42

2026-08-21T09:51:03.044Z,34.5,69.43

2026-08-21T09:51:08.031Z,34.49,69.41

2026-08-21T09:51:13.035Z,34.49,69.46

2026-08-21T09:51:18.032Z,34.47,69.43

2026-08-21T09:51:23.036Z,34.49,69.46

2026-08-21T09:51:28.037Z,34.5,69.44

2026-08-21T09:51:33.055Z,34.48,69.52

2026-08-21T09:51:38.036Z,34.5,69.48

2026-08-21T09:51:43.043Z,34.51,69.52

2026-08-21T09:51:48.036Z,34.5,69.46

2026-08-21T09:51:53.038Z,34.51,69.52

2026-08-21T09:51:58.054Z,34.49,69.56

2026-08-21T09:52:03.068Z,34.47,69.51

2026-08-21T09:52:08.055Z,34.5,69.56

2026-08-21T09:52:13.056Z,34.47,69.55

2026-08-21T09:52:18.056Z,34.49,69.53

2026-08-21T09:52:23.057Z,34.51,69.52

2026-08-21T09:52:28.062Z,34.5,69.56

2026-08-21T09:52:33.073Z,34.52,69.61

2026-08-21T09:52:38.063Z,34.5,69.56

2026-08-21T09:52:43.062Z,34.5,69.59

2026-08-21T09:52:48.063Z,34.51,69.57

2026-08-21T09:52:53.075Z,34.51,69.55

2026-08-21T09:52:58.063Z,34.51,69.49

2026-08-21T09:53:03.063Z,34.52,69.5

2026-08-21T09:53:08.064Z,34.53,69.55

2026-08-21T09:53:13.065Z,34.52,69.48

2026-08-21T09:53:18.067Z,34.52,69.59

2026-08-21T09:53:23.076Z,34.52,69.54

2026-08-21T09:53:28.066Z,34.51,69.49

2026-08-21T09:53:33.066Z,34.51,69.47

2026-08-21T09:53:38.069Z,34.51,69.53

2026-08-21T09:53:43.066Z,34.52,69.52

2026-08-21T09:53:48.081Z,34.48,69.51

2026-08-21T09:53:53.091Z,34.51,69.5

2026-08-21T09:53:58.079Z,34.52,69.48

2026-08-21T09:54:03.082Z,34.5,69.57

2026-08-21T09:54:08.081Z,34.51,69.53

2026-08-21T09:54:13.079Z,34.52,69.57

2026-08-21T09:54:18.096Z,34.51,69.56

2026-08-21T09:54:23.091Z,34.51,69.6

2026-08-21T09:54:28.090Z,34.5,69.52

2026-08-21T09:54:33.089Z,34.51,69.58

2026-08-21T09:54:38.090Z,34.5,69.55

2026-08-21T09:54:43.100Z,34.51,69.5

2026-08-21T09:54:48.089Z,34.52,69.52

2026-08-21T09:54:53.092Z,34.5,69.52

2026-08-21T09:54:58.092Z,34.49,69.5

2026-08-21T09:55:03.111Z,34.5,69.56

2026-08-21T09:55:08.096Z,34.48,69.53

2026-08-21T09:55:13.096Z,34.48,69.57

2026-08-21T09:55:18.095Z,34.47,69.62

2026-08-21T09:55:23.096Z,34.45,69.57

2026-08-21T09:55:28.093Z,34.48,69.61

2026-08-21T09:55:33.111Z,34.47,69.65

2026-08-21T09:55:38.095Z,34.49,69.62

2026-08-21T09:55:43.098Z,34.47,69.65

2026-08-21T09:55:48.095Z,34.49,69.62

2026-08-21T09:55:53.098Z,34.49,69.6

2026-08-21T09:55:58.114Z,34.49,69.55

2026-08-21T09:56:03.124Z,34.46,69.54

2026-08-21T09:56:08.111Z,34.48,69.47

2026-08-21T09:56:13.112Z,34.5,69.5

2026-08-21T09:56:18.112Z,34.48,69.54

2026-08-21T09:56:23.113Z,34.5,69.53

2026-08-21T09:56:28.122Z,34.48,69.47

2026-08-21T09:56:33.135Z,34.49,69.48

2026-08-21T09:56:38.121Z,34.49,69.49

2026-08-21T09:56:43.121Z,34.5,69.54

2026-08-21T09:56:48.121Z,34.48,69.52

2026-08-21T09:56:53.121Z,34.5,69.46

2026-08-21T09:56:58.136Z,34.48,69.45

2026-08-21T09:57:03.147Z,34.49,69.43

2026-08-21T09:57:08.134Z,34.49,69.36

2026-08-21T09:57:13.135Z,34.49,69.41

2026-08-21T09:57:18.135Z,34.48,69.31

2026-08-21T09:57:23.147Z,34.48,69.32

2026-08-21T09:57:28.137Z,34.5,69.33

2026-08-21T09:57:33.137Z,34.5,69.32

2026-08-21T09:57:38.137Z,34.47,69.23

2026-08-21T09:57:43.151Z,34.49,69.33

2026-08-21T09:57:48.137Z,34.48,69.23

2026-08-21T09:57:53.138Z,34.47,69.25

2026-08-21T09:57:58.138Z,34.45,69.25

2026-08-21T09:58:03.137Z,34.45,69.28

2026-08-21T09:58:08.136Z,34.45,69.34

2026-08-21T09:58:13.147Z,34.44,69.35

2026-08-21T09:58:18.138Z,34.45,69.29

2026-08-21T09:58:23.137Z,34.45,69.31

2026-08-21T09:58:28.137Z,34.45,69.33

2026-08-21T09:58:33.138Z,34.45,69.31

2026-08-21T09:58:38.137Z,34.44,69.32

2026-08-21T09:58:43.148Z,34.45,69.42

2026-08-21T09:58:48.138Z,34.45,69.38

2026-08-21T09:58:53.143Z,34.42,69.38

2026-08-21T09:58:58.143Z,34.44,69.41

2026-08-21T09:59:03.142Z,34.45,69.37

2026-08-21T09:59:08.143Z,34.44,69.41

2026-08-21T09:59:13.164Z,34.43,69.43

2026-08-21T09:59:18.144Z,34.42,69.46

2026-08-21T09:59:23.146Z,34.42,69.48

2026-08-21T09:59:28.146Z,34.42,69.49

2026-08-21T09:59:33.146Z,34.42,69.43

2026-08-21T09:59:38.154Z,34.43,69.48

2026-08-21T09:59:43.164Z,34.4,69.52

2026-08-21T09:59:48.152Z,34.41,69.51

2026-08-21T09:59:53.153Z,34.42,69.51

2026-08-21T09:59:58.152Z,34.41,69.54

2026-08-21T10:00:03.152Z,34.44,69.5

2026-08-21T10:00:08.169Z,34.44,69.57

2026-08-21T10:00:13.180Z,34.41,69.53

2026-08-21T10:00:18.165Z,34.41,69.32

2026-08-21T10:00:23.170Z,34.41,69.14

2026-08-21T10:00:28.168Z,34.39,69.19

2026-08-21T10:00:33.168Z,34.41,69.12

2026-08-21T10:00:38.172Z,34.4,69.03

2026-08-21T10:00:43.186Z,34.4,69.17

2026-08-21T10:00:48.171Z,34.4,69.15

2026-08-21T10:00:53.174Z,34.4,69.26

2026-08-21T10:00:58.172Z,34.39,69.29

2026-08-21T10:01:03.173Z,34.39,69.38

2026-08-21T10:01:08.182Z,34.39,69.38

2026-08-21T10:01:13.192Z,34.42,69.45

2026-08-21T10:01:18.182Z,34.39,69.44

2026-08-21T10:01:23.181Z,34.41,69.47

2026-08-21T10:01:28.181Z,34.4,69.47

2026-08-21T10:01:33.182Z,34.4,69.48

2026-08-21T10:01:38.186Z,34.4,69.51

2026-08-21T10:01:43.197Z,34.41,69.51

2026-08-21T10:01:48.185Z,34.41,69.52

2026-08-21T10:01:53.185Z,34.41,69.56

2026-08-21T10:01:58.189Z,34.44,69.51

2026-08-21T10:02:03.187Z,34.42,69.57

2026-08-21T10:02:08.196Z,34.44,69.53

2026-08-21T10:02:13.208Z,34.42,69.61

2026-08-21T10:02:18.194Z,34.43,69.59

2026-08-21T10:02:23.194Z,34.42,69.64

2026-08-21T10:02:28.195Z,34.42,69.56

2026-08-21T10:02:33.196Z,34.42,69.66

2026-08-21T10:02:38.211Z,34.42,69.64

2026-08-21T10:02:43.217Z,34.43,69.71

2026-08-21T10:02:48.205Z,34.44,69.61

2026-08-21T10:02:53.210Z,34.44,69.64

2026-08-21T10:02:58.211Z,34.42,69.66

2026-08-21T10:03:03.206Z,34.44,69.64

2026-08-21T10:03:08.222Z,34.45,69.63

2026-08-21T10:03:13.235Z,34.44,69.72

2026-08-21T10:03:18.221Z,34.45,69.67

2026-08-21T10:03:23.222Z,34.45,69.67

2026-08-21T10:03:28.222Z,34.45,69.7

2026-08-21T10:03:33.221Z,34.43,69.71

2026-08-21T10:03:38.233Z,34.43,69.69

2026-08-21T10:03:43.242Z,34.43,69.72

2026-08-21T10:03:48.231Z,34.42,69.67

2026-08-21T10:03:53.234Z,34.44,69.68

2026-08-21T10:03:58.232Z,34.45,69.72

2026-08-21T10:04:03.233Z,34.44,69.7

2026-08-21T10:04:08.236Z,34.45,69.69

2026-08-21T10:04:13.246Z,34.45,69.68

2026-08-21T10:04:18.235Z,34.43,69.71

2026-08-21T10:04:23.236Z,34.45,69.71

2026-08-21T10:04:28.235Z,34.44,69.64

2026-08-21T10:04:33.234Z,34.44,69.75

2026-08-21T10:04:38.250Z,34.42,69.7

2026-08-21T10:04:43.262Z,34.44,69.75

2026-08-21T10:04:48.249Z,34.45,69.81

2026-08-21T10:04:53.249Z,34.44,69.77

2026-08-21T10:04:58.251Z,34.44,69.77

2026-08-21T10:05:03.251Z,34.44,69.77

2026-08-21T10:05:08.258Z,34.45,69.82

2026-08-21T10:05:13.252Z,34.46,69.79

2026-08-21T10:05:18.255Z,34.45,69.76

2026-08-21T10:05:23.255Z,34.44,69.8

2026-08-21T10:05:28.255Z,34.46,69.79

2026-08-21T10:05:33.266Z,34.43,69.87

2026-08-21T10:05:38.257Z,34.44,69.84

2026-08-21T10:05:43.253Z,34.46,69.82

2026-08-21T10:05:48.253Z,34.45,69.81

2026-08-21T10:05:53.257Z,34.46,69.82

2026-08-21T10:05:58.256Z,34.45,69.81

2026-08-21T10:06:03.267Z,34.47,69.81

2026-08-21T10:06:08.256Z,34.48,69.76

2026-08-21T10:06:13.254Z,34.49,69.79

2026-08-21T10:06:18.255Z,34.48,69.71

2026-08-21T10:06:23.256Z,34.48,69.77

2026-08-21T10:06:28.257Z,34.48,69.77

2026-08-21T10:06:33.276Z,34.47,69.83

2026-08-21T10:06:38.261Z,34.47,69.74

2026-08-21T10:06:43.260Z,34.47,69.66

2026-08-21T10:06:48.260Z,34.48,69.64

2026-08-21T10:06:53.260Z,34.49,69.62

2026-08-21T10:06:58.264Z,34.5,69.61

2026-08-21T10:07:03.280Z,34.5,69.59

2026-08-21T10:07:08.264Z,34.51,69.57

2026-08-21T10:07:13.266Z,34.51,69.55

2026-08-21T10:07:18.266Z,34.5,69.44

2026-08-21T10:07:23.265Z,34.51,69.38

2026-08-21T10:07:28.272Z,34.51,69.43

2026-08-21T10:07:33.282Z,34.5,69.44

2026-08-21T10:07:38.270Z,34.51,69.42

2026-08-21T10:07:43.272Z,34.51,69.43

2026-08-21T10:07:48.271Z,34.51,69.38

2026-08-21T10:07:53.274Z,34.51,69.39

2026-08-21T10:07:58.286Z,34.49,69.36

2026-08-21T10:08:03.298Z,34.51,69.43

2026-08-21T10:08:08.284Z,34.52,69.34

2026-08-21T10:08:13.283Z,34.53,69.3

2026-08-21T10:08:18.284Z,34.53,69.34

2026-08-21T10:08:23.285Z,34.51,69.37

2026-08-21T10:08:28.303Z,34.51,69.4

2026-08-21T10:08:33.310Z,34.52,69.38

2026-08-21T10:08:38.298Z,34.52,69.32

2026-08-21T10:08:43.300Z,34.53,69.39

2026-08-21T10:08:48.300Z,34.52,69.32

2026-08-21T10:08:53.302Z,34.52,69.29

2026-08-21T10:08:58.307Z,34.52,69.31

2026-08-21T10:09:03.319Z,34.53,69.35

2026-08-21T10:09:08.308Z,34.54,69.38

2026-08-21T10:09:13.309Z,34.53,69.43

2026-08-21T10:09:18.306Z,34.53,69.39

2026-08-21T10:09:23.309Z,34.53,69.39

2026-08-21T10:09:28.322Z,34.53,69.38

2026-08-21T10:09:33.330Z,34.52,69.36

2026-08-21T10:09:38.321Z,34.53,69.33

2026-08-21T10:09:43.322Z,34.54,69.37

2026-08-21T10:09:48.321Z,34.55,69.35

2026-08-21T10:09:53.322Z,34.54,69.36

2026-08-21T10:09:58.321Z,34.55,69.33

2026-08-21T10:10:03.333Z,34.53,69.45

2026-08-21T10:10:08.322Z,34.56,69.43

2026-08-21T10:10:13.341Z,34.54,69.4

2026-08-21T10:10:18.324Z,34.55,69.33

2026-08-21T10:10:23.339Z,34.54,69.34

2026-08-21T10:10:28.328Z,34.54,69.29

2026-08-21T10:10:33.328Z,34.54,69.29

2026-08-21T10:10:38.325Z,34.56,69.36

2026-08-21T10:10:43.324Z,34.57,69.32

2026-08-21T10:10:48.325Z,34.55,69.34

2026-08-21T10:10:53.338Z,34.54,69.34

2026-08-21T10:10:58.327Z,34.57,69.31

2026-08-21T10:11:03.328Z,34.56,69.26

2026-08-21T10:11:08.328Z,34.53,69.36

2026-08-21T10:11:13.329Z,34.55,69.34

2026-08-21T10:11:18.339Z,34.56,69.38

2026-08-21T10:11:23.348Z,34.51,69.42

2026-08-21T10:11:28.336Z,34.51,69.41

2026-08-21T10:11:33.337Z,34.53,69.41

2026-08-21T10:11:38.337Z,34.55,69.43

2026-08-21T10:11:43.339Z,34.54,69.44

2026-08-21T10:11:48.352Z,34.53,69.49

2026-08-21T10:11:53.359Z,34.5,69.61

2026-08-21T10:11:58.351Z,34.54,69.45

2026-08-21T10:12:03.352Z,34.52,69.56

2026-08-21T10:12:08.351Z,34.54,69.5

2026-08-21T10:12:13.351Z,34.54,69.57

2026-08-21T10:12:18.356Z,34.53,69.57

2026-08-21T10:12:23.368Z,34.53,69.59

2026-08-21T10:12:28.356Z,34.52,69.6

2026-08-21T10:12:33.356Z,34.52,69.57

2026-08-21T10:12:38.356Z,34.55,69.63

2026-08-21T10:12:43.355Z,34.55,69.6

2026-08-21T10:12:48.362Z,34.55,69.69

2026-08-21T10:12:53.372Z,34.54,69.66

2026-08-21T10:12:58.358Z,34.56,69.67

2026-08-21T10:13:03.361Z,34.56,69.66

2026-08-21T10:13:08.362Z,34.55,69.73

2026-08-21T10:13:13.360Z,34.56,69.73

2026-08-21T10:13:18.368Z,34.56,69.69

2026-08-21T10:13:23.377Z,34.55,69.78

2026-08-21T10:13:28.367Z,34.56,69.7

2026-08-21T10:13:33.367Z,34.56,69.73

2026-08-21T10:13:38.365Z,34.56,69.69

2026-08-21T10:13:43.369Z,34.56,69.72

2026-08-21T10:13:48.376Z,34.57,69.78

2026-08-21T10:13:53.387Z,34.57,69.76

2026-08-21T10:13:58.371Z,34.57,69.73

2026-08-21T10:14:03.372Z,34.56,69.73

2026-08-21T10:14:08.373Z,34.58,69.77

2026-08-21T10:14:13.373Z,34.58,69.8

2026-08-21T10:14:18.391Z,34.58,69.81

2026-08-21T10:14:23.402Z,34.58,69.78

2026-08-21T10:14:28.387Z,34.58,69.71

2026-08-21T10:14:33.386Z,34.6,69.77

2026-08-21T10:14:38.388Z,34.6,69.78

2026-08-21T10:14:43.389Z,34.59,69.79

2026-08-21T10:14:48.400Z,34.6,69.78

2026-08-21T10:14:53.410Z,34.58,69.8

2026-08-21T10:14:58.397Z,34.59,69.85

2026-08-21T10:15:03.400Z,34.61,69.8

2026-08-21T10:15:08.397Z,34.61,69.74

2026-08-21T10:15:13.401Z,34.6,69.82

2026-08-21T10:15:18.410Z,34.6,69.81

2026-08-21T10:15:23.420Z,34.61,69.83

2026-08-21T10:15:28.408Z,34.61,69.83

2026-08-21T10:15:33.408Z,34.64,69.87

2026-08-21T10:15:38.410Z,34.63,69.82

2026-08-21T10:15:43.410Z,34.64,69.81

2026-08-21T10:15:48.421Z,34.63,69.86

2026-08-21T10:15:53.416Z,34.64,69.86

2026-08-21T10:15:58.416Z,34.64,69.83

2026-08-21T10:16:03.427Z,34.64,69.88

2026-08-21T10:16:08.415Z,34.64,69.87

2026-08-21T10:16:13.428Z,34.64,69.87

2026-08-21T10:16:18.416Z,34.64,69.87

2026-08-21T10:16:23.417Z,34.63,69.86

2026-08-21T10:16:28.415Z,34.64,69.86

2026-08-21T10:16:33.416Z,34.65,69.92

2026-08-21T10:16:38.415Z,34.66,69.93

2026-08-21T10:16:43.432Z,34.64,69.94

2026-08-21T10:16:48.418Z,34.68,69.93

2026-08-21T10:16:53.420Z,34.66,69.96

2026-08-21T10:16:58.420Z,34.66,69.92

2026-08-21T10:17:03.418Z,34.68,69.97

2026-08-21T10:17:08.418Z,34.67,69.93

2026-08-21T10:17:13.435Z,34.66,70.01

2026-08-21T10:17:18.419Z,34.68,69.92

2026-08-21T10:17:23.421Z,34.65,69.99

2026-08-21T10:17:28.421Z,34.67,69.92

2026-08-21T10:17:33.421Z,34.67,69.98

2026-08-21T10:17:38.426Z,34.69,69.94

2026-08-21T10:17:43.434Z,34.67,69.97

2026-08-21T10:17:48.429Z,34.68,69.96

2026-08-21T10:17:53.428Z,34.68,69.96

2026-08-21T10:17:58.425Z,34.69,69.97

2026-08-21T10:18:03.426Z,34.7,69.98

2026-08-21T10:18:08.436Z,34.67,69.96

2026-08-21T10:18:13.447Z,34.67,69.96

2026-08-21T10:18:18.439Z,34.7,69.97

2026-08-21T10:18:23.437Z,34.7,70

2026-08-21T10:18:28.437Z,34.67,69.94

2026-08-21T10:18:33.440Z,34.68,70.04

2026-08-21T10:18:38.444Z,34.68,70

2026-08-21T10:18:43.454Z,34.7,70.02

2026-08-21T10:18:48.444Z,34.7,69.93

2026-08-21T10:18:53.445Z,34.71,69.98

2026-08-21T10:18:58.444Z,34.69,69.94

2026-08-21T10:19:03.445Z,34.69,69.96

2026-08-21T10:19:08.453Z,34.71,69.96

2026-08-21T10:19:13.463Z,34.7,69.95

2026-08-21T10:19:18.453Z,34.69,70.02

2026-08-21T10:19:23.453Z,34.72,69.97

2026-08-21T10:19:28.452Z,34.72,69.96

2026-08-21T10:19:33.455Z,34.73,70.01

2026-08-21T10:19:38.464Z,34.71,69.97

2026-08-21T10:19:43.477Z,34.71,70

2026-08-21T10:19:48.463Z,34.72,69.97

2026-08-21T10:19:53.463Z,34.71,69.99

2026-08-21T10:19:58.462Z,34.72,69.97

2026-08-21T10:20:03.460Z,34.72,69.97

2026-08-21T10:20:08.469Z,34.74,70.02

2026-08-21T10:20:13.485Z,34.72,70.04

2026-08-21T10:20:18.472Z,34.73,69.99

2026-08-21T10:20:23.472Z,34.72,70.05

2026-08-21T10:20:28.472Z,34.71,70.09

2026-08-21T10:20:33.471Z,34.73,70.08

2026-08-21T10:20:38.480Z,34.71,70.09

2026-08-21T10:20:43.491Z,34.72,70.2

2026-08-21T10:20:48.477Z,34.72,70.09

2026-08-21T10:20:53.484Z,34.73,70.15

2026-08-21T10:20:58.480Z,34.71,70.17

2026-08-21T10:21:03.478Z,34.71,70.16

2026-08-21T10:21:08.491Z,34.72,70.18

2026-08-21T10:21:13.502Z,34.71,70.2

2026-08-21T10:21:18.490Z,34.73,70.24

2026-08-21T10:21:23.490Z,34.71,70.18

2026-08-21T10:21:28.497Z,34.71,70.22

2026-08-21T10:21:33.520Z,34.7,70.27

2026-08-21T10:21:38.495Z,34.71,70.26

2026-08-21T10:21:43.499Z,34.71,70.22

2026-08-21T10:21:48.497Z,34.71,70.25

2026-08-21T10:21:53.499Z,34.73,70.26

2026-08-21T10:21:58.499Z,34.7,70.22

2026-08-21T10:22:03.514Z,34.71,70.32

2026-08-21T10:22:08.501Z,34.71,70.3

2026-08-21T10:22:13.501Z,34.73,70.25

2026-08-21T10:22:18.501Z,34.71,70.3

2026-08-21T10:22:23.503Z,34.72,70.28

2026-08-21T10:22:28.508Z,34.73,70.31

2026-08-21T10:22:33.525Z,34.74,70.36

2026-08-21T10:22:38.508Z,34.7,70.31

2026-08-21T10:22:43.509Z,34.73,70.33

2026-08-21T10:22:48.510Z,34.73,70.36

2026-08-21T10:22:53.511Z,34.71,70.34

2026-08-21T10:22:58.518Z,34.72,70.41

2026-08-21T10:23:03.530Z,34.72,70.41

2026-08-21T10:23:08.518Z,34.72,70.37

2026-08-21T10:23:13.521Z,34.73,70.43

2026-08-21T10:23:18.521Z,34.72,70.43

2026-08-21T10:23:23.520Z,34.72,70.47

2026-08-21T10:23:28.526Z,34.72,70.46

2026-08-21T10:23:33.537Z,34.71,70.45

2026-08-21T10:23:38.526Z,34.71,70.45

2026-08-21T10:23:43.538Z,34.71,70.55

2026-08-21T10:23:48.527Z,34.71,70.46

2026-08-21T10:23:53.528Z,34.71,70.41

2026-08-21T10:23:58.529Z,34.72,70.56

2026-08-21T10:24:03.528Z,34.71,70.51

2026-08-21T10:24:08.528Z,34.69,70.57

2026-08-21T10:24:13.540Z,34.71,70.59

2026-08-21T10:24:18.529Z,34.73,70.55

2026-08-21T10:24:23.531Z,34.72,70.55

2026-08-21T10:24:28.528Z,34.72,70.54

2026-08-21T10:24:33.527Z,34.72,70.53

2026-08-21T10:24:38.528Z,34.7,70.59

2026-08-21T10:24:43.539Z,34.7,70.59

2026-08-21T10:24:48.528Z,34.73,70.56

2026-08-21T10:24:53.531Z,34.72,70.62

2026-08-21T10:24:58.531Z,34.72,70.62

2026-08-21T10:25:03.544Z,34.7,70.67

2026-08-21T10:25:08.532Z,34.73,70.64

2026-08-21T10:25:13.531Z,34.72,70.65

2026-08-21T10:25:18.537Z,34.72,70.69

2026-08-21T10:25:23.534Z,34.7,70.7

2026-08-21T10:25:28.543Z,34.71,70.72

2026-08-21T10:25:33.557Z,34.71,70.79

2026-08-21T10:25:38.543Z,34.72,70.74

2026-08-21T10:25:43.543Z,34.7,70.77

2026-08-21T10:25:48.543Z,34.72,70.84

2026-08-21T10:25:53.545Z,34.71,70.86

2026-08-21T10:25:58.545Z,34.68,70.8

2026-08-21T10:26:03.557Z,34.7,70.89

2026-08-21T10:26:08.546Z,34.69,70.85

2026-08-21T10:26:13.547Z,34.7,70.82

2026-08-21T10:26:18.547Z,34.7,70.88

2026-08-21T10:26:23.547Z,34.7,70.8

2026-08-21T10:26:28.549Z,34.7,70.83

2026-08-21T10:26:33.559Z,34.71,70.87

2026-08-21T10:26:38.549Z,34.71,70.81

2026-08-21T10:26:43.548Z,34.71,70.79

2026-08-21T10:26:48.551Z,34.71,70.89

2026-08-21T10:26:53.548Z,34.71,70.83

2026-08-21T10:26:58.558Z,34.7,70.83

2026-08-21T10:27:03.572Z,34.68,70.91

2026-08-21T10:27:08.557Z,34.7,70.89

2026-08-21T10:27:13.556Z,34.7,70.86

2026-08-21T10:27:18.555Z,34.68,70.84

2026-08-21T10:27:23.557Z,34.69,70.89

2026-08-21T10:27:28.566Z,34.71,70.88

2026-08-21T10:27:33.575Z,34.72,70.89

2026-08-21T10:27:38.562Z,34.7,70.88

2026-08-21T10:27:43.564Z,34.72,70.92

2026-08-21T10:27:48.563Z,34.69,70.94

2026-08-21T10:27:53.562Z,34.69,70.88

2026-08-21T10:27:58.572Z,34.7,70.93

2026-08-21T10:28:03.584Z,34.7,71.06

2026-08-21T10:28:08.572Z,34.7,71.02

2026-08-21T10:28:13.572Z,34.68,71.03

2026-08-21T10:28:18.573Z,34.7,71.05

2026-08-21T10:28:23.574Z,34.7,71.02

2026-08-21T10:28:28.580Z,34.71,70.96

2026-08-21T10:28:33.592Z,34.69,71.07

2026-08-21T10:28:38.582Z,34.68,70.98

2026-08-21T10:28:43.585Z,34.7,71.04

2026-08-21T10:28:48.580Z,34.68,71.04

2026-08-21T10:28:53.603Z,34.69,71.09

2026-08-21T10:28:58.584Z,34.7,71.06

2026-08-21T10:29:03.584Z,34.7,71.04

2026-08-21T10:29:08.583Z,34.72,71.05

2026-08-21T10:29:13.596Z,34.69,71.05

2026-08-21T10:29:18.584Z,34.7,71.06

2026-08-21T10:29:23.584Z,34.68,71.02

2026-08-21T10:29:28.585Z,34.67,71.12

2026-08-21T10:29:33.597Z,34.67,71.1

2026-08-21T10:29:38.587Z,34.67,71.13

2026-08-21T10:29:43.587Z,34.66,71.08

2026-08-21T10:29:48.586Z,34.69,71.16

2026-08-21T10:29:53.589Z,34.66,71.14

2026-08-21T10:29:58.588Z,34.67,71.15

2026-08-21T10:30:03.600Z,34.66,71.19

2026-08-21T10:30:08.589Z,34.66,71.12

2026-08-21T10:30:13.590Z,34.66,71.2

2026-08-21T10:30:18.589Z,34.65,71.12

2026-08-21T10:30:23.590Z,34.66,71.22

2026-08-21T10:30:28.592Z,34.66,71.16

2026-08-21T10:30:33.604Z,34.65,71.27

2026-08-21T10:30:38.592Z,34.67,71.2

2026-08-21T10:30:43.594Z,34.65,71.21

2026-08-21T10:30:48.593Z,34.66,71.18

2026-08-21T10:30:53.593Z,34.67,71.19

2026-08-21T10:30:58.603Z,34.65,71.23

2026-08-21T10:31:03.613Z,34.63,71.24

2026-08-21T10:31:08.602Z,34.65,71.22

2026-08-21T10:31:13.603Z,34.65,71.2

2026-08-21T10:31:18.603Z,34.64,71.21

2026-08-21T10:31:23.604Z,34.67,71.23

2026-08-21T10:31:28.603Z,34.65,71.26

2026-08-21T10:31:33.613Z,34.64,71.29

2026-08-21T10:31:38.604Z,34.66,71.17

2026-08-21T10:31:43.605Z,34.65,71.22

2026-08-21T10:31:48.603Z,34.64,71.22

2026-08-21T10:31:53.606Z,34.65,71.25

2026-08-21T10:31:58.617Z,34.65,71.14

2026-08-21T10:32:03.625Z,34.64,71.21

2026-08-21T10:32:08.615Z,34.66,71.15

2026-08-21T10:32:13.616Z,34.66,71.11

2026-08-21T10:32:18.616Z,34.64,71.1

2026-08-21T10:32:23.617Z,34.64,71.12

2026-08-21T10:32:28.627Z,34.66,71.1

2026-08-21T10:32:33.635Z,34.63,71.07

2026-08-21T10:32:38.625Z,34.66,71.01

2026-08-21T10:32:43.625Z,34.66,70.95

2026-08-21T10:32:48.626Z,34.67,70.86

2026-08-21T10:32:53.625Z,34.67,70.8

2026-08-21T10:32:58.630Z,34.67,70.84

2026-08-21T10:33:03.641Z,34.66,70.82

2026-08-21T10:33:08.629Z,34.66,70.76

2026-08-21T10:33:13.629Z,34.67,70.67

2026-08-21T10:33:18.629Z,34.68,70.64

2026-08-21T10:33:23.631Z,34.67,70.6

2026-08-21T10:33:28.641Z,34.67,70.55

2026-08-21T10:33:33.655Z,34.7,70.58

2026-08-21T10:33:38.639Z,34.68,70.53

2026-08-21T10:33:43.641Z,34.67,70.48

2026-08-21T10:33:48.639Z,34.69,70.41

2026-08-21T10:33:53.642Z,34.69,70.44

2026-08-21T10:33:58.644Z,34.67,70.32

2026-08-21T10:34:03.658Z,34.69,70.35

2026-08-21T10:34:08.647Z,34.67,70.26

2026-08-21T10:34:13.645Z,34.68,70.15

2026-08-21T10:34:18.645Z,34.69,70.13

2026-08-21T10:34:23.644Z,34.68,70.16

2026-08-21T10:34:28.656Z,34.68,70.07

2026-08-21T10:34:33.666Z,34.69,70.08

2026-08-21T10:34:38.657Z,34.69,70.03

2026-08-21T10:34:43.655Z,34.71,69.99

2026-08-21T10:34:48.654Z,34.68,69.96

2026-08-21T10:34:53.658Z,34.68,69.95

2026-08-21T10:34:58.663Z,34.7,70

2026-08-21T10:35:03.670Z,34.7,69.98

2026-08-21T10:35:08.662Z,34.71,69.99

2026-08-21T10:35:13.661Z,34.69,70.04

2026-08-21T10:35:18.661Z,34.72,69.96

2026-08-21T10:35:23.662Z,34.69,69.95

2026-08-21T10:35:28.665Z,34.71,69.95

2026-08-21T10:35:33.672Z,34.69,69.97

2026-08-21T10:35:38.661Z,34.7,69.97

2026-08-21T10:35:43.663Z,34.68,69.95

2026-08-21T10:35:48.663Z,34.7,69.99

2026-08-21T10:35:53.662Z,34.69,69.9

2026-08-21T10:35:58.676Z,34.68,69.9

2026-08-21T10:36:03.693Z,34.69,69.85

2026-08-21T10:36:08.678Z,34.7,69.77

2026-08-21T10:36:13.676Z,34.7,69.76

2026-08-21T10:36:18.676Z,34.7,69.77

2026-08-21T10:36:23.676Z,34.7,69.7

2026-08-21T10:36:28.688Z,34.7,69.77

2026-08-21T10:36:33.699Z,34.7,69.71

2026-08-21T10:36:38.688Z,34.7,69.7

2026-08-21T10:36:43.689Z,34.7,69.76

2026-08-21T10:36:48.689Z,34.71,69.69

2026-08-21T10:36:53.690Z,34.68,69.68

2026-08-21T10:36:58.701Z,34.7,69.67

2026-08-21T10:37:03.711Z,34.7,69.69

2026-08-21T10:37:08.697Z,34.69,69.71

2026-08-21T10:37:13.698Z,34.7,69.71

2026-08-21T10:37:18.700Z,34.69,69.75

2026-08-21T10:37:23.700Z,34.71,69.69

2026-08-21T10:37:28.710Z,34.71,69.68

2026-08-21T10:37:33.718Z,34.71,69.8

2026-08-21T10:37:38.708Z,34.73,69.74

2026-08-21T10:37:43.707Z,34.71,69.73

2026-08-21T10:37:48.709Z,34.71,69.67

2026-08-21T10:37:53.710Z,34.7,69.74

2026-08-21T10:37:58.708Z,34.69,69.73

2026-08-21T10:38:03.719Z,34.69,69.79

2026-08-21T10:38:08.708Z,34.7,69.69

2026-08-21T10:38:13.710Z,34.7,69.7

2026-08-21T10:38:18.711Z,34.69,69.64

2026-08-21T10:38:23.710Z,34.68,69.64

2026-08-21T10:38:28.717Z,34.7,69.58

2026-08-21T10:38:33.732Z,34.68,69.6

2026-08-21T10:38:38.717Z,34.71,69.51

2026-08-21T10:38:43.716Z,34.7,69.56

2026-08-21T10:38:48.716Z,34.7,69.6

2026-08-21T10:38:53.718Z,34.69,69.54

2026-08-21T10:38:58.718Z,34.7,69.51

2026-08-21T10:39:03.729Z,34.69,69.52

2026-08-21T10:39:08.717Z,34.68,69.55

2026-08-21T10:39:13.722Z,34.69,69.56

2026-08-21T10:39:18.719Z,34.68,69.58

2026-08-21T10:39:23.720Z,34.69,69.62

2026-08-21T10:39:28.732Z,34.7,69.63

2026-08-21T10:39:33.731Z,34.7,69.63

2026-08-21T10:39:38.730Z,34.69,69.62

2026-08-21T10:39:43.746Z,34.68,69.64

2026-08-21T10:39:48.728Z,34.7,69.64

2026-08-21T10:39:53.729Z,34.69,69.63

2026-08-21T10:39:58.730Z,34.68,69.65

2026-08-21T10:40:03.745Z,34.69,69.63

2026-08-21T10:40:08.729Z,34.7,69.61

2026-08-21T10:40:13.731Z,34.7,69.61

2026-08-21T10:40:18.732Z,34.7,69.62

2026-08-21T10:40:23.731Z,34.69,69.61

2026-08-21T10:40:28.741Z,34.7,69.55

2026-08-21T10:40:33.751Z,34.69,69.62

2026-08-21T10:40:38.742Z,34.7,69.58

2026-08-21T10:40:43.741Z,34.68,69.54

2026-08-21T10:40:48.741Z,34.71,69.55

2026-08-21T10:40:53.743Z,34.69,69.49

2026-08-21T10:40:58.743Z,34.69,69.5

2026-08-21T10:41:03.755Z,34.68,69.55

2026-08-21T10:41:08.743Z,34.68,69.5

2026-08-21T10:41:13.745Z,34.7,69.53

2026-08-21T10:41:18.745Z,34.69,69.52

2026-08-21T10:41:23.745Z,34.7,69.56

2026-08-21T10:41:28.750Z,34.69,69.54

2026-08-21T10:41:33.759Z,34.7,69.59

2026-08-21T10:41:38.746Z,34.7,69.54

2026-08-21T10:41:43.747Z,34.68,69.54

2026-08-21T10:41:48.748Z,34.69,69.51

2026-08-21T10:41:53.747Z,34.69,69.52

2026-08-21T10:41:58.751Z,34.69,69.51

2026-08-21T10:42:03.762Z,34.69,69.57

2026-08-21T10:42:08.751Z,34.69,69.5

2026-08-21T10:42:13.750Z,34.68,69.51

2026-08-21T10:42:18.750Z,34.69,69.49

2026-08-21T10:42:23.750Z,34.7,69.43

2026-08-21T10:42:28.760Z,34.71,69.41

2026-08-21T10:42:33.769Z,34.7,69.44

2026-08-21T10:42:38.760Z,34.71,69.38

2026-08-21T10:42:43.760Z,34.71,69.4

2026-08-21T10:42:48.759Z,34.71,69.35

2026-08-21T10:42:53.759Z,34.7,69.39

2026-08-21T10:42:58.763Z,34.7,69.43

2026-08-21T10:43:03.777Z,34.71,69.46

2026-08-21T10:43:08.761Z,34.69,69.41

2026-08-21T10:43:13.762Z,34.71,69.47

2026-08-21T10:43:18.762Z,34.67,69.4

2026-08-21T10:43:23.765Z,34.72,69.44

2026-08-21T10:43:28.776Z,34.71,69.37

2026-08-21T10:43:33.787Z,34.71,69.45

2026-08-21T10:43:38.774Z,34.7,69.39

2026-08-21T10:43:43.774Z,34.7,69.42

2026-08-21T10:43:48.774Z,34.7,69.43

2026-08-21T10:43:53.777Z,34.69,69.43

2026-08-21T10:43:58.790Z,34.69,69.45

2026-08-21T10:44:03.802Z,34.7,69.49

2026-08-21T10:44:08.791Z,34.69,69.44

2026-08-21T10:44:13.791Z,34.71,69.52

2026-08-21T10:44:18.790Z,34.69,69.48

2026-08-21T10:44:23.792Z,34.69,69.48

2026-08-21T10:44:28.796Z,34.69,69.46

2026-08-21T10:44:33.813Z,34.68,69.58

2026-08-21T10:44:38.796Z,34.67,69.61

2026-08-21T10:44:43.798Z,34.69,69.62

2026-08-21T10:44:48.795Z,34.68,69.59

2026-08-21T10:44:53.796Z,34.68,69.62

2026-08-21T10:44:58.806Z,34.67,69.64

2026-08-21T10:45:03.816Z,34.68,69.78

2026-08-21T10:45:08.805Z,34.68,69.77

2026-08-21T10:45:13.806Z,34.66,69.82

2026-08-21T10:45:18.805Z,34.67,69.83

2026-08-21T10:45:23.805Z,34.67,69.83

2026-08-21T10:45:28.815Z,34.64,69.89

2026-08-21T10:45:33.828Z,34.65,69.9

2026-08-21T10:45:38.811Z,34.66,69.94

2026-08-21T10:45:43.812Z,34.66,69.92

2026-08-21T10:45:48.815Z,34.65,69.93

2026-08-21T10:45:53.813Z,34.64,69.97

2026-08-21T10:45:58.822Z,34.65,70.03

2026-08-21T10:46:03.833Z,34.62,70.03

2026-08-21T10:46:08.820Z,34.64,70.04

2026-08-21T10:46:13.819Z,34.64,69.98

2026-08-21T10:46:18.821Z,34.63,70.01

2026-08-21T10:46:23.819Z,34.6,70.12

2026-08-21T10:46:28.823Z,34.62,70.15

2026-08-21T10:46:33.830Z,34.61,70.18

2026-08-21T10:46:38.821Z,34.61,70.12

2026-08-21T10:46:43.822Z,34.59,70.08

2026-08-21T10:46:48.823Z,34.58,70.13

2026-08-21T10:46:53.822Z,34.6,70.17

2026-08-21T10:46:58.839Z,34.61,70.18

2026-08-21T10:47:03.850Z,34.6,70.19

2026-08-21T10:47:08.837Z,34.6,70.17

2026-08-21T10:47:13.841Z,34.61,70.25

2026-08-21T10:47:18.837Z,34.59,70.25

2026-08-21T10:47:23.836Z,34.6,70.25

2026-08-21T10:47:28.845Z,34.57,70.3

2026-08-21T10:47:33.862Z,34.6,70.35

2026-08-21T10:47:38.845Z,34.59,70.25

2026-08-21T10:47:43.847Z,34.56,70.27

2026-08-21T10:47:48.844Z,34.58,70.29

2026-08-21T10:47:53.847Z,34.58,70.3

2026-08-21T10:47:58.859Z,34.58,70.35

2026-08-21T10:48:03.869Z,34.57,70.35

2026-08-21T10:48:08.858Z,34.56,70.32

2026-08-21T10:48:13.859Z,34.57,70.29

2026-08-21T10:48:18.858Z,34.57,70.32

2026-08-21T10:48:23.859Z,34.58,70.27

2026-08-21T10:48:28.866Z,34.56,70.42

2026-08-21T10:48:33.876Z,34.56,70.4

2026-08-21T10:48:38.861Z,34.56,70.36

2026-08-21T10:48:43.863Z,34.59,70.44

2026-08-21T10:48:48.860Z,34.56,70.39

2026-08-21T10:48:53.865Z,34.58,70.49

2026-08-21T10:48:58.874Z,34.56,70.44

2026-08-21T10:49:03.886Z,34.57,70.46

2026-08-21T10:49:08.873Z,34.58,70.45

2026-08-21T10:49:13.873Z,34.56,70.49

2026-08-21T10:49:18.874Z,34.54,70.49

2026-08-21T10:49:23.874Z,34.54,70.52

2026-08-21T10:49:28.880Z,34.56,70.45

2026-08-21T10:49:33.889Z,34.56,70.56

2026-08-21T10:49:38.878Z,34.56,70.52

2026-08-21T10:49:43.878Z,34.56,70.52

2026-08-21T10:49:48.879Z,34.56,70.52

2026-08-21T10:49:53.878Z,34.55,70.52

2026-08-21T10:49:58.885Z,34.55,70.53

2026-08-21T10:50:03.892Z,34.53,70.55

2026-08-21T10:50:08.885Z,34.55,70.52

2026-08-21T10:50:13.882Z,34.55,70.57

2026-08-21T10:50:18.882Z,34.57,70.56

2026-08-21T10:50:23.881Z,34.56,70.52

2026-08-21T10:50:28.892Z,34.55,70.58

2026-08-21T10:50:33.900Z,34.55,70.68

2026-08-21T10:50:38.888Z,34.57,70.61

2026-08-21T10:50:43.889Z,34.55,70.67

2026-08-21T10:50:48.889Z,34.55,70.61

2026-08-21T10:50:53.892Z,34.54,70.65

2026-08-21T10:50:58.902Z,34.55,70.61

2026-08-21T10:51:03.914Z,34.53,70.69

2026-08-21T10:51:08.901Z,34.54,70.65

2026-08-21T10:51:13.901Z,34.55,70.62

2026-08-21T10:51:18.899Z,34.54,70.66

2026-08-21T10:51:23.901Z,34.55,70.62

2026-08-21T10:51:28.912Z,34.55,70.64

2026-08-21T10:51:33.927Z,34.56,70.66

2026-08-21T10:51:38.911Z,34.56,70.62

2026-08-21T10:51:43.913Z,34.56,70.66

2026-08-21T10:51:48.912Z,34.56,70.63

2026-08-21T10:51:53.915Z,34.55,70.61

2026-08-21T10:51:58.927Z,34.56,70.65

2026-08-21T10:52:03.936Z,34.55,70.68

2026-08-21T10:52:08.926Z,34.56,70.69

2026-08-21T10:52:13.926Z,34.55,70.65

2026-08-21T10:52:18.923Z,34.56,70.73

2026-08-21T10:52:23.924Z,34.56,70.77

2026-08-21T10:52:28.932Z,34.54,70.75

2026-08-21T10:52:33.942Z,34.55,70.78

2026-08-21T10:52:38.929Z,34.57,70.73

2026-08-21T10:52:43.930Z,34.57,70.72

2026-08-21T10:52:48.930Z,34.56,70.79

2026-08-21T10:52:53.929Z,34.54,70.78

2026-08-21T10:52:58.943Z,34.54,70.75

2026-08-21T10:53:03.953Z,34.54,70.86

2026-08-21T10:53:08.941Z,34.55,70.81

2026-08-21T10:53:13.941Z,34.55,70.85

2026-08-21T10:53:18.940Z,34.54,70.85

2026-08-21T10:53:23.940Z,34.55,70.82

2026-08-21T10:53:28.948Z,34.54,70.89

2026-08-21T10:53:33.958Z,34.55,70.89

2026-08-21T10:53:38.948Z,34.54,70.85

2026-08-21T10:53:43.946Z,34.55,70.87

2026-08-21T10:53:48.944Z,34.56,70.89

2026-08-21T10:53:53.945Z,34.54,70.85

2026-08-21T10:53:58.955Z,34.56,70.95

2026-08-21T10:54:03.948Z,34.53,70.91

2026-08-21T10:54:08.948Z,34.54,70.9

2026-08-21T10:54:13.959Z,34.54,71.04

2026-08-21T10:54:18.947Z,34.55,70.93

2026-08-21T10:54:23.952Z,34.56,70.94

2026-08-21T10:54:28.947Z,34.55,71

2026-08-21T10:54:33.952Z,34.54,70.93

2026-08-21T10:54:38.950Z,34.54,70.96

2026-08-21T10:54:43.968Z,34.54,71.03

2026-08-21T10:54:48.956Z,34.54,70.95

2026-08-21T10:54:53.950Z,34.53,71

2026-08-21T10:54:58.951Z,34.54,71

2026-08-21T10:55:03.963Z,34.53,71.03

2026-08-21T10:55:08.949Z,34.55,70.96

2026-08-21T10:55:13.954Z,34.54,71.03

2026-08-21T10:55:18.953Z,34.53,70.92

2026-08-21T10:55:23.955Z,34.55,70.97

2026-08-21T10:55:28.956Z,34.54,71.01

2026-08-21T10:55:33.971Z,34.53,71.07

2026-08-21T10:55:38.954Z,34.55,71.01

2026-08-21T10:55:43.957Z,34.55,71.09

2026-08-21T10:55:48.956Z,34.53,71.08

2026-08-21T10:55:53.957Z,34.55,71.09

2026-08-21T10:55:58.957Z,34.55,71.05

2026-08-21T10:56:03.969Z,34.53,71.15

2026-08-21T10:56:08.954Z,34.54,71.16

2026-08-21T10:56:13.958Z,34.54,71.18

2026-08-21T10:56:18.958Z,34.54,71.22

2026-08-21T10:56:23.958Z,34.55,71.25

2026-08-21T10:56:28.958Z,34.52,71.28

2026-08-21T10:56:33.971Z,34.51,71.29

2026-08-21T10:56:38.959Z,34.53,71.23

2026-08-21T10:56:43.958Z,34.53,71.31

2026-08-21T10:56:48.959Z,34.54,71.3

2026-08-21T10:56:53.960Z,34.52,71.31

2026-08-21T10:56:58.960Z,34.53,71.28

2026-08-21T10:57:03.972Z,34.52,71.34

2026-08-21T10:57:08.961Z,34.53,71.37

2026-08-21T10:57:13.962Z,34.53,71.37

2026-08-21T10:57:18.960Z,34.51,71.35

2026-08-21T10:57:23.962Z,34.5,71.35

2026-08-21T10:57:28.977Z,34.52,71.4

2026-08-21T10:57:33.988Z,34.49,71.45

2026-08-21T10:57:38.978Z,34.52,71.44

2026-08-21T10:57:43.975Z,34.5,71.38

2026-08-21T10:57:48.978Z,34.51,71.43

2026-08-21T10:57:53.984Z,34.51,71.37

2026-08-21T10:57:58.975Z,34.52,71.41

2026-08-21T10:58:03.978Z,34.53,71.43

2026-08-21T10:58:08.980Z,34.54,71.38

2026-08-21T10:58:13.979Z,34.52,71.41

2026-08-21T10:58:18.987Z,34.5,71.35

2026-08-21T10:58:23.993Z,34.51,71.43

2026-08-21T10:58:28.984Z,34.51,71.35

2026-08-21T10:58:33.984Z,34.52,71.35

2026-08-21T10:58:38.990Z,34.52,71.33

2026-08-21T10:58:43.986Z,34.53,71.32

2026-08-21T10:58:48.994Z,34.53,71.28

2026-08-21T10:58:54.005Z,34.52,71.23

2026-08-21T10:58:58.992Z,34.53,71.23

2026-08-21T10:59:03.991Z,34.54,71.22

2026-08-21T10:59:08.992Z,34.54,71.13

2026-08-21T10:59:13.995Z,34.54,71.08

2026-08-21T10:59:19.004Z,34.54,71.21

2026-08-21T10:59:24.015Z,34.53,71.23

2026-08-21T10:59:29.002Z,34.56,71.05

2026-08-21T10:59:34.005Z,34.54,71.08

2026-08-21T10:59:39.005Z,34.54,71.12

2026-08-21T10:59:44.009Z,34.53,71.12

2026-08-21T10:59:49.013Z,34.57,71.06

2026-08-21T10:59:54.018Z,34.56,71.07

2026-08-21T10:59:59.011Z,34.54,71.09

2026-08-21T11:00:04.011Z,34.55,71.06

2026-08-21T11:00:09.012Z,34.56,71.09

2026-08-21T11:00:14.011Z,34.57,71.03

2026-08-21T11:00:19.026Z,34.57,71.07

2026-08-21T11:00:24.038Z,34.57,71.12

2026-08-21T11:00:29.027Z,34.57,71.06

2026-08-21T11:00:34.024Z,34.57,71.1

2026-08-21T11:00:39.026Z,34.56,71.08

2026-08-21T11:00:44.026Z,34.58,71.07

2026-08-21T11:00:49.034Z,34.57,71.08

2026-08-21T11:00:54.042Z,34.57,71.12

2026-08-21T11:00:59.031Z,34.58,71.12

2026-08-21T11:01:04.032Z,34.57,71.08

2026-08-21T11:01:09.031Z,34.59,71.08

2026-08-21T11:01:14.032Z,34.58,71.06

2026-08-21T11:01:19.036Z,34.59,71.01

2026-08-21T11:01:24.045Z,34.58,70.99

2026-08-21T11:01:29.034Z,34.58,70.96

2026-08-21T11:01:34.033Z,34.58,70.9

2026-08-21T11:01:39.034Z,34.58,70.91

2026-08-21T11:01:44.033Z,34.58,70.89

2026-08-21T11:01:49.040Z,34.57,70.94

2026-08-21T11:01:54.048Z,34.57,70.97

2026-08-21T11:01:59.041Z,34.6,70.96

2026-08-21T11:02:04.043Z,34.58,70.94

2026-08-21T11:02:09.042Z,34.57,70.97

2026-08-21T11:02:14.041Z,34.59,71

2026-08-21T11:02:19.058Z,34.57,70.97

2026-08-21T11:02:24.070Z,34.59,70.97

2026-08-21T11:02:29.056Z,34.59,70.97

2026-08-21T11:02:34.057Z,34.59,70.99

2026-08-21T11:02:39.058Z,34.59,70.99

2026-08-21T11:02:44.057Z,34.58,71.02

2026-08-21T11:02:49.066Z,34.58,70.95

2026-08-21T11:02:54.077Z,34.58,70.91

2026-08-21T11:02:59.064Z,34.58,70.76

2026-08-21T11:03:04.065Z,34.58,70.79

2026-08-21T11:03:09.065Z,34.57,70.74

2026-08-21T11:03:14.066Z,34.58,70.75

2026-08-21T11:03:19.101Z,34.57,70.72

2026-08-21T11:03:24.093Z,34.59,70.68

2026-08-21T11:03:29.094Z,34.57,70.67

2026-08-21T11:03:34.093Z,34.57,70.67

2026-08-21T11:03:39.092Z,34.57,70.67

2026-08-21T11:03:44.104Z,34.58,70.7

2026-08-21T11:03:49.095Z,34.58,70.7

2026-08-21T11:03:54.097Z,34.56,70.65

2026-08-21T11:03:59.095Z,34.57,70.68

2026-08-21T11:04:04.097Z,34.58,70.74

2026-08-21T11:04:09.097Z,34.58,70.7

2026-08-21T11:04:14.109Z,34.58,70.75

2026-08-21T11:04:19.096Z,34.57,70.8

2026-08-21T11:04:24.096Z,34.57,70.82

2026-08-21T11:04:29.096Z,34.57,70.85

2026-08-21T11:04:34.096Z,34.58,70.85

2026-08-21T11:04:39.096Z,34.56,70.86

2026-08-21T11:04:44.109Z,34.55,70.85

2026-08-21T11:04:49.097Z,34.56,70.82

2026-08-21T11:04:54.099Z,34.57,70.86

2026-08-21T11:04:59.099Z,34.58,70.85

2026-08-21T11:05:04.097Z,34.59,70.91

2026-08-21T11:05:09.098Z,34.58,70.9

2026-08-21T11:05:14.110Z,34.56,70.92

2026-08-21T11:05:19.100Z,34.56,70.91

2026-08-21T11:05:24.100Z,34.55,70.88

2026-08-21T11:05:29.100Z,34.58,70.91

2026-08-21T11:05:34.109Z,34.56,70.96

2026-08-21T11:05:39.099Z,34.58,70.9

2026-08-21T11:05:44.102Z,34.56,70.88

2026-08-21T11:05:49.100Z,34.59,70.94

2026-08-21T11:05:54.101Z,34.6,70.88

2026-08-21T11:05:59.108Z,34.59,70.88

2026-08-21T11:06:04.118Z,34.59,70.92

2026-08-21T11:06:09.109Z,34.59,70.93

2026-08-21T11:06:14.107Z,34.59,70.89

2026-08-21T11:06:19.108Z,34.6,70.88

2026-08-21T11:06:24.109Z,34.59,70.74

2026-08-21T11:06:29.121Z,34.59,70.83

2026-08-21T11:06:34.132Z,34.58,70.82

2026-08-21T11:06:39.120Z,34.59,70.81

2026-08-21T11:06:44.121Z,34.58,70.78

2026-08-21T11:06:49.122Z,34.59,70.81

2026-08-21T11:06:54.122Z,34.6,70.8

2026-08-21T11:06:59.128Z,34.61,70.82

2026-08-21T11:07:04.140Z,34.58,70.85

2026-08-21T11:07:09.127Z,34.56,70.8

2026-08-21T11:07:14.127Z,34.57,70.85

2026-08-21T11:07:19.128Z,34.58,70.82

2026-08-21T11:07:24.129Z,34.58,70.83

2026-08-21T11:07:29.135Z,34.59,70.92

2026-08-21T11:07:34.147Z,34.57,70.9

2026-08-21T11:07:39.135Z,34.57,70.89

2026-08-21T11:07:44.134Z,34.58,70.89

2026-08-21T11:07:49.140Z,34.59,70.91

2026-08-21T11:07:54.151Z,34.58,70.9

2026-08-21T11:07:59.139Z,34.59,70.9

2026-08-21T11:08:04.154Z,34.55,70.88

2026-08-21T11:08:09.142Z,34.59,70.92

2026-08-21T11:08:14.143Z,34.6,70.87

2026-08-21T11:08:19.142Z,34.57,70.92

2026-08-21T11:08:24.145Z,34.57,70.91

2026-08-21T11:08:29.142Z,34.57,70.96

2026-08-21T11:08:34.155Z,34.57,70.94

2026-08-21T11:08:39.144Z,34.57,70.92

2026-08-21T11:08:44.145Z,34.56,70.91

2026-08-21T11:08:49.144Z,34.57,70.92

2026-08-21T11:08:54.145Z,34.57,70.92

2026-08-21T11:08:59.144Z,34.57,70.89

2026-08-21T11:09:04.159Z,34.57,71.01

2026-08-21T11:09:09.144Z,34.58,70.96

2026-08-21T11:09:14.143Z,34.56,70.88

2026-08-21T11:09:19.145Z,34.58,70.94

2026-08-21T11:09:24.147Z,34.58,70.89

2026-08-21T11:09:29.150Z,34.58,70.96

2026-08-21T11:09:34.158Z,34.58,70.97

2026-08-21T11:09:39.146Z,34.58,70.95

2026-08-21T11:09:44.152Z,34.58,70.93

2026-08-21T11:09:49.151Z,34.58,70.96

2026-08-21T11:09:54.149Z,34.6,70.94

2026-08-21T11:09:59.151Z,34.58,70.96

2026-08-21T11:10:04.160Z,34.58,70.94

2026-08-21T11:10:09.151Z,34.58,70.96

2026-08-21T11:10:14.152Z,34.59,70.97

2026-08-21T11:10:19.151Z,34.6,70.92

2026-08-21T11:10:24.152Z,34.6,70.97

2026-08-21T11:10:29.155Z,34.58,70.92

2026-08-21T11:10:34.167Z,34.6,70.89

2026-08-21T11:10:39.155Z,34.6,70.88

2026-08-21T11:10:44.156Z,34.6,70.93

2026-08-21T11:10:49.156Z,34.61,70.89

2026-08-21T11:10:54.154Z,34.6,70.81

2026-08-21T11:10:59.169Z,34.62,70.84

2026-08-21T11:11:04.184Z,34.6,70.86

2026-08-21T11:11:09.168Z,34.6,70.87

2026-08-21T11:11:14.168Z,34.62,70.84

2026-08-21T11:11:19.169Z,34.61,70.86

2026-08-21T11:11:24.170Z,34.61,70.9

2026-08-21T11:11:29.178Z,34.6,70.86

2026-08-21T11:11:34.192Z,34.62,70.89

2026-08-21T11:11:39.179Z,34.63,70.84

2026-08-21T11:11:44.178Z,34.63,70.88

2026-08-21T11:11:49.179Z,34.62,70.85

2026-08-21T11:11:54.179Z,34.63,70.79

2026-08-21T11:11:59.191Z,34.63,70.8

2026-08-21T11:12:04.203Z,34.63,70.81

2026-08-21T11:12:09.192Z,34.63,70.72

2026-08-21T11:12:14.194Z,34.65,70.66

2026-08-21T11:12:19.193Z,34.64,70.69

2026-08-21T11:12:24.194Z,34.65,70.62

2026-08-21T11:12:29.195Z,34.65,70.62

2026-08-21T11:12:34.215Z,34.62,70.64

2026-08-21T11:12:39.195Z,34.64,70.57

2026-08-21T11:12:44.192Z,34.63,70.52

2026-08-21T11:12:49.193Z,34.66,70.46

2026-08-21T11:12:54.205Z,34.63,70.47

2026-08-21T11:12:59.195Z,34.62,70.4

2026-08-21T11:13:04.195Z,34.65,70.33

2026-08-21T11:13:09.196Z,34.65,70.32

2026-08-21T11:13:14.199Z,34.65,70.24

2026-08-21T11:13:19.217Z,34.65,70.24

2026-08-21T11:13:24.225Z,34.67,70.23

2026-08-21T11:13:29.215Z,34.65,70.18

2026-08-21T11:13:34.215Z,34.65,70.17

2026-08-21T11:13:39.215Z,34.65,70.11

2026-08-21T11:13:44.215Z,34.66,70.11

2026-08-21T11:13:49.222Z,34.67,70.11

2026-08-21T11:13:54.230Z,34.66,70.05

2026-08-21T11:13:59.220Z,34.66,70.05

2026-08-21T11:14:04.220Z,34.67,70.07

2026-08-21T11:14:09.221Z,34.66,69.91

2026-08-21T11:14:14.222Z,34.67,69.99

2026-08-21T11:14:19.231Z,34.66,69.88

2026-08-21T11:14:24.242Z,34.66,69.95

2026-08-21T11:14:29.230Z,34.67,69.89

2026-08-21T11:14:34.229Z,34.66,69.9

2026-08-21T11:14:39.230Z,34.67,69.91

2026-08-21T11:14:44.231Z,34.66,69.93

2026-08-21T11:14:49.239Z,34.69,69.87

2026-08-21T11:14:54.255Z,34.66,69.96

2026-08-21T11:14:59.239Z,34.68,69.95

2026-08-21T11:15:04.239Z,34.67,69.92

2026-08-21T11:15:09.239Z,34.67,69.89

2026-08-21T11:15:14.240Z,34.68,69.83

2026-08-21T11:15:19.243Z,34.66,69.86

2026-08-21T11:15:24.253Z,34.65,69.85

2026-08-21T11:15:29.239Z,34.65,69.81

2026-08-21T11:15:34.241Z,34.64,69.81

2026-08-21T11:15:39.241Z,34.67,69.78

2026-08-21T11:15:44.242Z,34.67,69.85

2026-08-21T11:15:49.252Z,34.67,69.81

2026-08-21T11:15:54.266Z,34.67,69.81

2026-08-21T11:15:59.254Z,34.66,69.82

2026-08-21T11:16:04.253Z,34.67,69.83

2026-08-21T11:16:09.252Z,34.66,69.82

2026-08-21T11:16:14.254Z,34.67,69.83

2026-08-21T11:16:19.253Z,34.67,69.88

2026-08-21T11:16:24.264Z,34.67,69.87

2026-08-21T11:16:29.253Z,34.67,69.84

2026-08-21T11:16:34.255Z,34.68,69.79

2026-08-21T11:16:39.255Z,34.67,69.85

2026-08-21T11:16:44.256Z,34.67,69.8

2026-08-21T11:16:49.264Z,34.66,69.79

2026-08-21T11:16:54.273Z,34.66,69.8

2026-08-21T11:16:59.263Z,34.68,69.76

2026-08-21T11:17:04.266Z,34.67,69.74

2026-08-21T11:17:09.264Z,34.66,69.71

2026-08-21T11:17:14.266Z,34.67,69.7

2026-08-21T11:17:19.282Z,34.69,69.74

2026-08-21T11:17:24.294Z,34.67,69.74

2026-08-21T11:17:29.279Z,34.68,69.73

2026-08-21T11:17:34.277Z,34.66,69.77

2026-08-21T11:17:39.279Z,34.68,69.69

2026-08-21T11:17:44.278Z,34.68,69.68

2026-08-21T11:17:49.292Z,34.67,69.66

2026-08-21T11:17:54.300Z,34.69,69.74

2026-08-21T11:17:59.290Z,34.65,69.76

2026-08-21T11:18:04.290Z,34.67,69.75

2026-08-21T11:18:09.293Z,34.68,69.73

2026-08-21T11:18:14.294Z,34.66,69.75

2026-08-21T11:18:19.295Z,34.67,69.72

2026-08-21T11:18:24.305Z,34.67,69.71

2026-08-21T11:18:29.296Z,34.66,69.71

2026-08-21T11:18:34.294Z,34.67,69.74

2026-08-21T11:18:39.295Z,34.68,69.67

2026-08-21T11:18:44.293Z,34.68,69.73

2026-08-21T11:18:49.300Z,34.68,69.74

2026-08-21T11:18:54.310Z,34.67,69.76

2026-08-21T11:18:59.299Z,34.69,69.71

2026-08-21T11:19:04.299Z,34.67,69.75

2026-08-21T11:19:09.298Z,34.67,69.71

2026-08-21T11:19:14.300Z,34.68,69.71

2026-08-21T11:19:19.313Z,34.7,69.77

2026-08-21T11:19:24.322Z,34.65,69.81

2026-08-21T11:19:29.311Z,34.68,69.8

2026-08-21T11:19:34.312Z,34.66,69.72

2026-08-21T11:19:39.311Z,34.68,69.78

2026-08-21T11:19:44.310Z,34.69,69.79

2026-08-21T11:19:49.319Z,34.67,69.76

2026-08-21T11:19:54.332Z,34.67,69.8

2026-08-21T11:19:59.317Z,34.68,69.76

2026-08-21T11:20:04.317Z,34.67,69.75

2026-08-21T11:20:09.315Z,34.66,69.75

2026-08-21T11:20:14.328Z,34.66,69.77

2026-08-21T11:20:19.316Z,34.68,69.76

2026-08-21T11:20:24.327Z,34.68,69.81

2026-08-21T11:20:29.316Z,34.7,69.76

2026-08-21T11:20:34.318Z,34.67,69.81

2026-08-21T11:20:39.321Z,34.68,69.78

2026-08-21T11:20:44.321Z,34.68,69.75

2026-08-21T11:20:49.329Z,34.68,69.76

2026-08-21T11:20:54.342Z,34.67,69.78

2026-08-21T11:20:59.327Z,34.68,69.77

2026-08-21T11:21:04.341Z,34.68,69.8

2026-08-21T11:21:09.327Z,34.69,69.81

2026-08-21T11:21:14.329Z,34.67,69.83

2026-08-21T11:21:19.331Z,34.65,69.79

2026-08-21T11:21:24.332Z,34.67,69.82

2026-08-21T11:21:29.340Z,34.68,69.81

2026-08-21T11:21:34.351Z,34.63,69.8

2026-08-21T11:21:39.341Z,34.68,69.84

2026-08-21T11:21:44.340Z,34.67,69.78

2026-08-21T11:21:49.340Z,34.66,69.78

2026-08-21T11:21:54.341Z,34.66,69.78

2026-08-21T11:21:59.341Z,34.68,69.71

2026-08-21T11:22:04.352Z,34.67,69.82

2026-08-21T11:22:09.343Z,34.68,69.83

2026-08-21T11:22:14.345Z,34.65,69.78

2026-08-21T11:22:19.344Z,34.64,69.76

2026-08-21T11:22:24.345Z,34.66,69.81

2026-08-21T11:22:29.345Z,34.66,69.75

2026-08-21T11:22:34.358Z,34.65,69.73

2026-08-21T11:22:39.348Z,34.65,69.67

2026-08-21T11:22:44.347Z,34.66,69.64

2026-08-21T11:22:49.343Z,34.66,69.66

2026-08-21T11:22:54.344Z,34.65,69.61

2026-08-21T11:22:59.359Z,34.65,69.66

2026-08-21T11:23:04.367Z,34.66,69.65

2026-08-21T11:23:09.358Z,34.65,69.63

2026-08-21T11:23:14.358Z,34.65,69.59

2026-08-21T11:23:19.357Z,34.66,69.65

2026-08-21T11:23:24.360Z,34.65,69.64

2026-08-21T11:23:29.362Z,34.66,69.68

2026-08-21T11:23:34.372Z,34.66,69.67

2026-08-21T11:23:39.359Z,34.66,69.68

2026-08-21T11:23:44.360Z,34.64,69.68

2026-08-21T11:23:49.361Z,34.65,69.63

2026-08-21T11:23:54.359Z,34.64,69.66

2026-08-21T11:23:59.371Z,34.65,69.67

2026-08-21T11:24:04.384Z,34.63,69.67

2026-08-21T11:24:09.371Z,34.64,69.68

2026-08-21T11:24:14.371Z,34.65,69.63

2026-08-21T11:24:19.370Z,34.65,69.57

2026-08-21T11:24:24.371Z,34.65,69.55

2026-08-21T11:24:29.379Z,34.65,69.58

2026-08-21T11:24:34.392Z,34.66,69.61

2026-08-21T11:24:39.376Z,34.64,69.57

2026-08-21T11:24:44.377Z,34.66,69.57

2026-08-21T11:24:49.377Z,34.64,69.51

2026-08-21T11:24:54.378Z,34.65,69.55

2026-08-21T11:24:59.386Z,34.64,69.55

2026-08-21T11:25:04.405Z,34.66,69.59

2026-08-21T11:25:09.385Z,34.65,69.53

2026-08-21T11:25:14.386Z,34.64,69.59

2026-08-21T11:25:19.386Z,34.66,69.62

2026-08-21T11:25:24.386Z,34.65,69.62

2026-08-21T11:25:29.393Z,34.65,69.59

2026-08-21T11:25:34.400Z,34.65,69.65

2026-08-21T11:25:39.387Z,34.67,69.6

2026-08-21T11:25:44.390Z,34.67,69.62

2026-08-21T11:25:49.388Z,34.67,69.61

2026-08-21T11:25:54.391Z,34.65,69.58

2026-08-21T11:25:59.402Z,34.67,69.6

2026-08-21T11:26:04.409Z,34.65,69.65

2026-08-21T11:26:09.399Z,34.67,69.67

2026-08-21T11:26:14.398Z,34.68,69.6

2026-08-21T11:26:19.398Z,34.65,69.61

2026-08-21T11:26:24.399Z,34.67,69.65

2026-08-21T11:26:29.403Z,34.67,69.65

2026-08-21T11:26:34.414Z,34.66,69.65

2026-08-21T11:26:39.399Z,34.67,69.62

2026-08-21T11:26:44.399Z,34.65,69.6

2026-08-21T11:26:49.401Z,34.66,69.63

2026-08-21T11:26:54.402Z,34.66,69.61

2026-08-21T11:26:59.418Z,34.66,69.66

2026-08-21T11:27:04.431Z,34.66,69.64

2026-08-21T11:27:09.418Z,34.66,69.63

2026-08-21T11:27:14.420Z,34.67,69.54

2026-08-21T11:27:19.418Z,34.69,69.64

2026-08-21T11:27:24.418Z,34.67,69.64

2026-08-21T11:27:29.418Z,34.66,69.64

2026-08-21T11:27:34.428Z,34.66,69.69

2026-08-21T11:27:39.417Z,34.67,69.62

2026-08-21T11:27:44.435Z,34.65,69.63

2026-08-21T11:27:49.419Z,34.69,69.69

2026-08-21T11:27:54.421Z,34.66,69.63

2026-08-21T11:27:59.432Z,34.67,69.66

2026-08-21T11:28:04.422Z,34.67,69.63

2026-08-21T11:28:09.422Z,34.66,69.66

2026-08-21T11:28:14.430Z,34.66,69.75

2026-08-21T11:28:19.428Z,34.66,69.72

2026-08-21T11:28:24.441Z,34.65,69.75

2026-08-21T11:28:29.423Z,34.68,69.72

2026-08-21T11:28:34.425Z,34.66,69.75

2026-08-21T11:28:39.425Z,34.66,69.75

2026-08-21T11:28:44.426Z,34.68,69.77

2026-08-21T11:28:49.425Z,34.67,69.73

2026-08-21T11:28:54.435Z,34.67,69.77

2026-08-21T11:28:59.426Z,34.67,69.66

2026-08-21T11:29:04.427Z,34.66,69.75

2026-08-21T11:29:09.427Z,34.67,69.77

2026-08-21T11:29:14.428Z,34.65,69.75

2026-08-21T11:29:19.442Z,34.66,69.8

2026-08-21T11:29:24.455Z,34.66,69.89

2026-08-21T11:29:29.441Z,34.68,69.8

2026-08-21T11:29:34.443Z,34.66,69.82

2026-08-21T11:29:39.442Z,34.66,69.81

2026-08-21T11:29:44.444Z,34.67,69.8

2026-08-21T11:29:49.449Z,34.66,69.86

2026-08-21T11:29:54.460Z,34.66,69.83

2026-08-21T11:29:59.449Z,34.66,69.81

2026-08-21T11:30:04.452Z,34.66,69.81

2026-08-21T11:30:09.451Z,34.65,69.84

2026-08-21T11:30:14.451Z,34.66,69.78

2026-08-21T11:30:19.465Z,34.67,69.84

2026-08-21T11:30:24.475Z,34.66,69.92

2026-08-21T11:30:29.461Z,34.66,69.83

2026-08-21T11:30:34.462Z,34.67,69.84

2026-08-21T11:30:39.462Z,34.66,69.85

2026-08-21T11:30:44.460Z,34.67,69.9

2026-08-21T11:30:49.471Z,34.68,69.8

2026-08-21T11:30:54.479Z,34.67,69.8

2026-08-21T11:30:59.468Z,34.65,69.87

2026-08-21T11:31:04.469Z,34.68,69.82

2026-08-21T11:31:09.469Z,34.67,69.84

2026-08-21T11:31:14.479Z,34.67,69.79

2026-08-21T11:31:19.468Z,34.7,69.8

2026-08-21T11:31:24.481Z,34.65,69.82

2026-08-21T11:31:29.468Z,34.68,69.78

2026-08-21T11:31:34.470Z,34.67,69.81

2026-08-21T11:31:39.470Z,34.68,69.82

2026-08-21T11:31:44.485Z,34.67,69.85

2026-08-21T11:31:49.471Z,34.66,69.82

2026-08-21T11:31:54.474Z,34.65,69.81

2026-08-21T11:31:59.470Z,34.66,69.77

2026-08-21T11:32:04.471Z,34.67,69.81

2026-08-21T11:32:09.474Z,34.67,69.83

2026-08-21T11:32:14.486Z,34.66,69.88

2026-08-21T11:32:19.475Z,34.69,69.83

2026-08-21T11:32:24.476Z,34.67,69.85

2026-08-21T11:32:29.474Z,34.67,69.86

2026-08-21T11:32:34.477Z,34.67,69.86

2026-08-21T11:32:39.486Z,34.68,69.87

2026-08-21T11:32:44.497Z,34.66,69.87

2026-08-21T11:32:49.486Z,34.68,69.8

2026-08-21T11:32:54.486Z,34.67,69.81

2026-08-21T11:32:59.486Z,34.66,69.87

2026-08-21T11:33:04.488Z,34.68,69.87

2026-08-21T11:33:09.500Z,34.66,69.87

2026-08-21T11:33:14.510Z,34.68,69.87

2026-08-21T11:33:19.498Z,34.66,69.85

2026-08-21T11:33:24.500Z,34.68,69.89

2026-08-21T11:33:29.498Z,34.67,69.8

2026-08-21T11:33:34.499Z,34.69,69.88

2026-08-21T11:33:39.506Z,34.68,69.88

2026-08-21T11:33:44.516Z,34.66,69.88

2026-08-21T11:33:49.504Z,34.67,69.9

2026-08-21T11:33:54.504Z,34.68,69.85

2026-08-21T11:33:59.505Z,34.68,69.89

2026-08-21T11:34:04.507Z,34.66,69.87

2026-08-21T11:34:09.519Z,34.69,69.79

2026-08-21T11:34:14.528Z,34.68,69.9

2026-08-21T11:34:19.515Z,34.69,69.89

2026-08-21T11:34:24.517Z,34.67,69.89

2026-08-21T11:34:29.518Z,34.67,69.87

2026-08-21T11:34:34.519Z,34.68,69.88

2026-08-21T11:34:39.520Z,34.68,69.86

2026-08-21T11:34:44.532Z,34.7,69.91

2026-08-21T11:34:49.521Z,34.71,69.87

2026-08-21T11:34:54.521Z,34.69,69.9

2026-08-21T11:34:59.521Z,34.68,69.9

2026-08-21T11:35:04.521Z,34.69,69.9

2026-08-21T11:35:09.530Z,34.68,69.86

2026-08-21T11:35:14.540Z,34.69,69.94

2026-08-21T11:35:19.529Z,34.71,69.9

2026-08-21T11:35:24.529Z,34.7,69.83

2026-08-21T11:35:29.531Z,34.7,69.88

2026-08-21T11:35:34.535Z,34.7,69.89

2026-08-21T11:35:39.545Z,34.71,69.85

2026-08-21T11:35:44.557Z,34.7,69.88

2026-08-21T11:35:49.543Z,34.71,69.92

2026-08-21T11:35:54.542Z,34.71,69.92

2026-08-21T11:35:59.543Z,34.71,69.97

2026-08-21T11:36:04.543Z,34.7,69.94

2026-08-21T11:36:09.556Z,34.71,69.91

2026-08-21T11:36:14.569Z,34.69,69.95

2026-08-21T11:36:19.557Z,34.7,69.91

2026-08-21T11:36:24.557Z,34.7,69.97

2026-08-21T11:36:29.557Z,34.71,69.97

2026-08-21T11:36:34.558Z,34.71,69.95

2026-08-21T11:36:39.561Z,34.71,70.01

2026-08-21T11:36:44.572Z,34.7,70

2026-08-21T11:36:49.560Z,34.72,70.02

2026-08-21T11:36:54.561Z,34.71,69.97

2026-08-21T11:36:59.559Z,34.71,69.97

2026-08-21T11:37:04.574Z,34.71,70.02

2026-08-21T11:37:09.562Z,34.7,69.97

2026-08-21T11:37:14.563Z,34.71,70

2026-08-21T11:37:19.563Z,34.73,70.02

2026-08-21T11:37:24.576Z,34.72,70

2026-08-21T11:37:29.564Z,34.71,69.98

2026-08-21T11:37:34.564Z,34.72,69.97

2026-08-21T11:37:39.564Z,34.73,70.04

2026-08-21T11:37:44.564Z,34.7,70.03

2026-08-21T11:37:49.563Z,34.73,69.94

2026-08-21T11:37:54.578Z,34.71,70

2026-08-21T11:37:59.566Z,34.72,69.98

2026-08-21T11:38:04.565Z,34.71,70

2026-08-21T11:38:09.564Z,34.74,69.92

2026-08-21T11:38:14.564Z,34.73,70

2026-08-21T11:38:19.565Z,34.73,70.02

2026-08-21T11:38:24.578Z,34.72,70.05

2026-08-21T11:38:29.566Z,34.74,69.93

2026-08-21T11:38:34.565Z,34.73,69.96

2026-08-21T11:38:39.565Z,34.73,69.97

2026-08-21T11:38:44.567Z,34.76,69.99

2026-08-21T11:38:49.568Z,34.74,70.1

2026-08-21T11:38:54.578Z,34.72,70.12

2026-08-21T11:38:59.566Z,34.72,70.06

2026-08-21T11:39:04.571Z,34.71,70.03

2026-08-21T11:39:09.568Z,34.73,70.09

2026-08-21T11:39:14.569Z,34.71,70.12

2026-08-21T11:39:19.587Z,34.72,70.11

2026-08-21T11:39:24.597Z,34.7,70.09

2026-08-21T11:39:29.582Z,34.72,70.12

2026-08-21T11:39:34.585Z,34.72,70.06

2026-08-21T11:39:39.584Z,34.72,70.18

2026-08-21T11:39:44.586Z,34.71,70.11

2026-08-21T11:39:49.604Z,34.71,70.21

2026-08-21T11:39:54.616Z,34.7,70.26

2026-08-21T11:39:59.602Z,34.72,70.21

2026-08-21T11:40:04.602Z,34.72,70.29

2026-08-21T11:40:09.603Z,34.71,70.23

2026-08-21T11:40:14.603Z,34.7,70.24

2026-08-21T11:40:19.609Z,34.72,70.16

2026-08-21T11:40:24.618Z,34.72,70.26

2026-08-21T11:40:29.605Z,34.73,70.17

2026-08-21T11:40:34.608Z,34.73,70.2

2026-08-21T11:40:39.609Z,34.72,70.22

2026-08-21T11:40:44.609Z,34.7,70.23

2026-08-21T11:40:49.618Z,34.74,70.2

2026-08-21T11:40:54.630Z,34.71,70.24

2026-08-21T11:40:59.616Z,34.72,70.28

2026-08-21T11:41:04.614Z,34.72,70.22

2026-08-21T11:41:09.615Z,34.74,70.23

2026-08-21T11:41:14.617Z,34.73,70.2

2026-08-21T11:41:19.619Z,34.72,70.23

2026-08-21T11:41:24.632Z,34.73,70.3

2026-08-21T11:41:29.619Z,34.74,70.21

2026-08-21T11:41:34.621Z,34.72,70.23

2026-08-21T11:41:39.623Z,34.72,70.24

2026-08-21T11:41:44.621Z,34.72,70.27

2026-08-21T11:41:49.636Z,34.72,70.29

2026-08-21T11:41:54.629Z,34.71,70.26

2026-08-21T11:41:59.628Z,34.72,70.27

2026-08-21T11:42:04.642Z,34.71,70.28

2026-08-21T11:42:09.630Z,34.74,70.28

2026-08-21T11:42:14.627Z,34.72,70.27

2026-08-21T11:42:19.629Z,34.72,70.26

2026-08-21T11:42:24.630Z,34.73,70.28

2026-08-21T11:42:29.629Z,34.74,70.31

2026-08-21T11:42:34.640Z,34.72,70.27

2026-08-21T11:42:39.629Z,34.72,70.21

2026-08-21T11:42:44.630Z,34.72,70.24

2026-08-21T11:42:49.632Z,34.73,70.25

2026-08-21T11:42:54.630Z,34.74,70.19

2026-08-21T11:42:59.640Z,34.74,70.22

2026-08-21T11:43:04.652Z,34.74,70.25

2026-08-21T11:43:09.642Z,34.72,70.17

2026-08-21T11:43:14.639Z,34.74,70.2

2026-08-21T11:43:19.639Z,34.73,70.19

2026-08-21T11:43:24.639Z,34.73,70.18

2026-08-21T11:43:29.658Z,34.72,70.17

2026-08-21T11:43:34.673Z,34.72,70.2

2026-08-21T11:43:39.657Z,34.75,70.15

2026-08-21T11:43:44.657Z,34.74,70.13

2026-08-21T11:43:49.658Z,34.73,70.15

2026-08-21T11:43:54.659Z,34.73,70.12

2026-08-21T11:43:59.664Z,34.74,70.14

2026-08-21T11:44:04.679Z,34.75,70.15

2026-08-21T11:44:09.662Z,34.75,70.12

2026-08-21T11:44:14.662Z,34.74,70.07

2026-08-21T11:44:19.664Z,34.74,70.1

2026-08-21T11:44:24.664Z,34.74,70.13

2026-08-21T11:44:29.671Z,34.75,70.06

2026-08-21T11:44:34.690Z,34.73,70.19

2026-08-21T11:44:39.673Z,34.74,70.11

2026-08-21T11:44:44.671Z,34.72,70.07

2026-08-21T11:44:49.672Z,34.74,70.15

2026-08-21T11:44:54.675Z,34.74,70.12

2026-08-21T11:44:59.678Z,34.72,70.14

2026-08-21T11:45:04.691Z,34.74,70.2

2026-08-21T11:45:09.676Z,34.75,70.15

2026-08-21T11:45:14.679Z,34.72,70.16

2026-08-21T11:45:19.678Z,34.73,70.21

2026-08-21T11:45:24.679Z,34.75,70.16

2026-08-21T11:45:29.704Z,34.73,70.2

2026-08-21T11:45:34.709Z,34.73,70.21

2026-08-21T11:45:39.702Z,34.74,70.16

2026-08-21T11:45:44.701Z,34.74,70.18

2026-08-21T11:45:49.702Z,34.74,70.21

2026-08-21T11:45:54.701Z,34.73,70.16

2026-08-21T11:45:59.703Z,34.74,70.16

2026-08-21T11:46:04.699Z,34.75,70.14

2026-08-21T11:46:09.707Z,34.74,70.17

2026-08-21T11:46:14.699Z,34.75,70.13

2026-08-21T11:46:19.700Z,34.74,70.13

2026-08-21T11:46:24.700Z,34.75,70.09

2026-08-21T11:46:29.700Z,34.75,70.14

2026-08-21T11:46:34.719Z,34.74,70.17

2026-08-21T11:46:39.702Z,34.75,70.11

2026-08-21T11:46:44.704Z,34.75,70.15

2026-08-21T11:46:49.704Z,34.75,70.09

2026-08-21T11:46:54.704Z,34.75,70.1

2026-08-21T11:46:59.706Z,34.74,70.15

2026-08-21T11:47:04.715Z,34.75,70.22

2026-08-21T11:47:09.703Z,34.76,70.17

2026-08-21T11:47:14.705Z,34.74,70.14

2026-08-21T11:47:19.705Z,34.75,70.15

2026-08-21T11:47:24.705Z,34.75,70.17

2026-08-21T11:47:29.706Z,34.76,70.17

2026-08-21T11:47:34.718Z,34.75,70.19

2026-08-21T11:47:39.707Z,34.76,70.17

2026-08-21T11:47:44.709Z,34.75,70.16

2026-08-21T11:47:49.707Z,34.74,70.15

2026-08-21T11:47:54.709Z,34.75,70.12

2026-08-21T11:47:59.712Z,34.74,70.18

2026-08-21T11:48:04.721Z,34.75,70.17

2026-08-21T11:48:09.711Z,34.75,70.17

2026-08-21T11:48:14.713Z,34.75,70.2

2026-08-21T11:48:19.711Z,34.75,70.15

2026-08-21T11:48:24.711Z,34.73,70.08

2026-08-21T11:48:29.720Z,34.75,70.19

2026-08-21T11:48:34.733Z,34.74,70.18

2026-08-21T11:48:39.719Z,34.77,70.15

2026-08-21T11:48:44.721Z,34.76,70.14

2026-08-21T11:48:49.721Z,34.76,70.13

2026-08-21T11:48:54.718Z,34.75,70.13

2026-08-21T11:48:59.728Z,34.73,70.19

2026-08-21T11:49:04.739Z,34.75,70.21

2026-08-21T11:49:09.728Z,34.74,70.11

2026-08-21T11:49:14.728Z,34.75,70.15

2026-08-21T11:49:19.729Z,34.74,70.08

2026-08-21T11:49:24.728Z,34.75,70.08

2026-08-21T11:49:29.741Z,34.76,70.15

2026-08-21T11:49:34.752Z,34.74,70.12

2026-08-21T11:49:39.740Z,34.76,70.09

2026-08-21T11:49:44.740Z,34.76,70.12

2026-08-21T11:49:49.740Z,34.78,70.1

2026-08-21T11:49:54.739Z,34.77,70.08

2026-08-21T11:49:59.744Z,34.75,70.14

2026-08-21T11:50:04.753Z,34.76,70.09

2026-08-21T11:50:09.740Z,34.77,70.12

2026-08-21T11:50:14.744Z,34.77,70.04

2026-08-21T11:50:19.743Z,34.76,70.03

2026-08-21T11:50:24.743Z,34.76,70.03

2026-08-21T11:50:29.754Z,34.75,70.03

2026-08-21T11:50:34.773Z,34.76,70.05

2026-08-21T11:50:39.755Z,34.76,70.04

2026-08-21T11:50:44.755Z,34.78,69.99

2026-08-21T11:50:49.756Z,34.77,70.05

2026-08-21T11:50:54.758Z,34.79,70.04

2026-08-21T11:50:59.764Z,34.78,70.02

2026-08-21T11:51:04.783Z,34.77,70.05

2026-08-21T11:51:09.764Z,34.79,70

2026-08-21T11:51:14.767Z,34.79,70

2026-08-21T11:51:19.765Z,34.8,69.95

2026-08-21T11:51:24.767Z,34.79,70.01

2026-08-21T11:51:29.775Z,34.78,70.04

2026-08-21T11:51:34.786Z,34.79,70.05

2026-08-21T11:51:39.774Z,34.81,70.04

2026-08-21T11:51:44.773Z,34.8,70

2026-08-21T11:51:49.775Z,34.79,70.01

2026-08-21T11:51:54.774Z,34.79,69.98

2026-08-21T11:51:59.780Z,34.82,70

2026-08-21T11:52:04.791Z,34.81,69.97

2026-08-21T11:52:09.780Z,34.8,69.99

2026-08-21T11:52:14.782Z,34.81,69.94

2026-08-21T11:52:19.783Z,34.8,69.9

2026-08-21T11:52:24.781Z,34.8,69.98

2026-08-21T11:52:29.793Z,34.8,69.89

2026-08-21T11:52:34.806Z,34.8,69.92

2026-08-21T11:52:39.794Z,34.82,69.91

2026-08-21T11:52:44.794Z,34.8,69.9

2026-08-21T11:52:49.792Z,34.81,69.89

2026-08-21T11:52:54.795Z,34.81,69.92

2026-08-21T11:52:59.797Z,34.79,69.98

2026-08-21T11:53:04.806Z,34.8,69.99

2026-08-21T11:53:09.796Z,34.8,69.95

2026-08-21T11:53:14.795Z,34.82,69.95

2026-08-21T11:53:19.797Z,34.8,70.01

2026-08-21T11:53:24.808Z,34.81,70

2026-08-21T11:53:29.796Z,34.8,69.98

2026-08-21T11:53:34.797Z,34.78,70.05

2026-08-21T11:53:39.796Z,34.81,70.06

2026-08-21T11:53:44.808Z,34.78,70.09

2026-08-21T11:53:49.796Z,34.79,70.08

2026-08-21T11:53:54.797Z,34.79,70.11

2026-08-21T11:53:59.798Z,34.78,70.09

2026-08-21T11:54:04.799Z,34.77,70.1

2026-08-21T11:54:09.818Z,34.76,70.17

2026-08-21T11:54:14.811Z,34.77,70.17

2026-08-21T11:54:19.811Z,34.75,70.22

2026-08-21T11:54:24.811Z,34.76,70.18

2026-08-21T11:54:29.818Z,34.76,70.23

2026-08-21T11:54:34.828Z,34.76,70.23

2026-08-21T11:54:39.816Z,34.75,70.26

2026-08-21T11:54:44.816Z,34.75,70.19

2026-08-21T11:54:49.820Z,34.74,70.2

2026-08-21T11:54:54.817Z,34.75,70.23

2026-08-21T11:54:59.817Z,34.76,70.23

2026-08-21T11:55:04.831Z,34.75,70.23

2026-08-21T11:55:09.818Z,34.74,70.19

2026-08-21T11:55:14.818Z,34.74,70.23

2026-08-21T11:55:19.821Z,34.74,70.19

2026-08-21T11:55:24.820Z,34.75,70.27

2026-08-21T11:55:29.822Z,34.75,70.19

2026-08-21T11:55:34.834Z,34.76,70.22

2026-08-21T11:55:39.820Z,34.76,70.22

2026-08-21T11:55:44.820Z,34.75,70.2

2026-08-21T11:55:49.821Z,34.74,70.24

2026-08-21T11:55:54.821Z,34.76,70.22

2026-08-21T11:55:59.834Z,34.74,70.2

2026-08-21T11:56:04.845Z,34.74,70.23

2026-08-21T11:56:09.833Z,34.75,70.23

2026-08-21T11:56:14.833Z,34.74,70.2

2026-08-21T11:56:19.832Z,34.75,70.27

2026-08-21T11:56:24.834Z,34.76,70.21

2026-08-21T11:56:29.849Z,34.75,70.19

2026-08-21T11:56:34.859Z,34.75,70.21

2026-08-21T11:56:39.846Z,34.78,70.18

2026-08-21T11:56:44.845Z,34.75,70.18

2026-08-21T11:56:49.844Z,34.75,70.13

2026-08-21T11:56:54.848Z,34.77,70.15

2026-08-21T11:56:59.857Z,34.76,70.16

2026-08-21T11:57:04.870Z,34.76,70.23

2026-08-21T11:57:09.856Z,34.77,70.19

2026-08-21T11:57:14.856Z,34.77,70.2

2026-08-21T11:57:19.854Z,34.75,70.18

2026-08-21T11:57:24.855Z,34.77,70.17

2026-08-21T11:57:29.861Z,34.77,70.25

2026-08-21T11:57:34.870Z,34.77,70.23

2026-08-21T11:57:39.858Z,34.78,70.2

2026-08-21T11:57:44.860Z,34.78,70.12

2026-08-21T11:57:49.863Z,34.76,70.16

2026-08-21T11:57:54.862Z,34.77,70.11

2026-08-21T11:57:59.872Z,34.77,70.19

2026-08-21T11:58:04.883Z,34.77,70.19

2026-08-21T11:58:09.870Z,34.79,70.11

2026-08-21T11:58:14.871Z,34.79,70.14

2026-08-21T11:58:19.869Z,34.79,70.14

2026-08-21T11:58:24.869Z,34.79,70.07

2026-08-21T11:58:29.879Z,34.77,70.12

2026-08-21T11:58:34.893Z,34.77,70.24

2026-08-21T11:58:39.880Z,34.79,70.11

2026-08-21T11:58:44.879Z,34.8,70.07

2026-08-21T11:58:49.880Z,34.81,70.1

2026-08-21T11:58:54.882Z,34.8,70.04

2026-08-21T11:58:59.902Z,34.81,70.08

2026-08-21T11:59:04.898Z,34.8,70.02

2026-08-21T11:59:09.898Z,34.81,70.02

2026-08-21T11:59:14.897Z,34.81,70.06

2026-08-21T11:59:19.904Z,34.8,70.04

2026-08-21T11:59:24.898Z,34.8,70.03

2026-08-21T11:59:29.898Z,34.81,70.08

2026-08-21T11:59:34.900Z,34.79,70.04

2026-08-21T11:59:39.899Z,34.81,70.04

2026-08-21T11:59:44.912Z,34.81,70.04

2026-08-21T11:59:49.899Z,34.8,70.04

2026-08-21T11:59:54.899Z,34.8,70.06

2026-08-21T11:59:59.901Z,34.82,70.01

2026-08-21T12:00:04.900Z,34.81,70.03

2026-08-21T12:00:09.899Z,34.81,70.04

2026-08-21T12:00:14.914Z,34.83,70.05

2026-08-21T12:00:19.902Z,34.82,69.99

2026-08-21T12:00:24.902Z,34.81,70.02

2026-08-21T12:00:29.901Z,34.83,70

2026-08-21T12:00:34.902Z,34.83,70.02

2026-08-21T12:00:39.903Z,34.83,69.97

2026-08-21T12:00:44.918Z,34.82,69.97

2026-08-21T12:00:49.903Z,34.83,70

2026-08-21T12:00:54.906Z,34.83,69.99

2026-08-21T12:00:59.904Z,34.83,69.94

2026-08-21T12:01:04.905Z,34.83,69.92

2026-08-21T12:01:09.905Z,34.83,69.97

2026-08-21T12:01:14.918Z,34.85,69.96

2026-08-21T12:01:19.907Z,34.82,69.97

2026-08-21T12:01:24.907Z,34.85,69.97

2026-08-21T12:01:29.906Z,34.85,69.95

2026-08-21T12:01:34.908Z,34.84,70.01

2026-08-21T12:01:39.914Z,34.84,70.09

2026-08-21T12:01:44.925Z,34.83,70.04

2026-08-21T12:01:49.914Z,34.83,70.1

2026-08-21T12:01:54.913Z,34.82,70.06

2026-08-21T12:01:59.912Z,34.84,70.07

2026-08-21T12:02:04.917Z,34.82,70.08

2026-08-21T12:02:09.916Z,34.84,70.12

2026-08-21T12:02:14.928Z,34.84,70.1

2026-08-21T12:02:19.916Z,34.83,70.06

2026-08-21T12:02:24.917Z,34.82,70.11

2026-08-21T12:02:29.917Z,34.84,70.1

2026-08-21T12:02:34.916Z,34.84,70.16

2026-08-21T12:02:39.937Z,34.82,70.21

2026-08-21T12:02:44.949Z,34.81,70.48

2026-08-21T12:02:49.938Z,34.83,70.57

2026-08-21T12:02:54.937Z,34.83,70.65

2026-08-21T12:02:59.938Z,34.82,70.7

2026-08-21T12:03:04.937Z,34.83,70.67

2026-08-21T12:03:09.943Z,34.81,70.68

2026-08-21T12:03:14.955Z,34.8,70.66

2026-08-21T12:03:19.941Z,34.81,70.53

2026-08-21T12:03:24.942Z,34.81,70.51

2026-08-21T12:03:29.940Z,34.81,70.48

2026-08-21T12:03:34.951Z,34.79,70.4

2026-08-21T12:03:39.948Z,34.81,70.38

2026-08-21T12:03:44.963Z,34.81,70.4

2026-08-21T12:03:49.948Z,34.81,70.4

2026-08-21T12:03:54.946Z,34.8,70.28

2026-08-21T12:03:59.948Z,34.79,70.3

2026-08-21T12:04:04.950Z,34.78,70.32

2026-08-21T12:04:09.956Z,34.82,70.41

2026-08-21T12:04:14.965Z,34.79,70.44

2026-08-21T12:04:19.953Z,34.78,70.39

2026-08-21T12:04:24.953Z,34.8,70.43

2026-08-21T12:04:29.952Z,34.79,70.43

2026-08-21T12:04:34.953Z,34.78,70.44

2026-08-21T12:04:39.963Z,34.81,70.51

2026-08-21T12:04:44.975Z,34.79,70.49

2026-08-21T12:04:49.959Z,34.78,70.39

2026-08-21T12:04:54.959Z,34.8,70.45

2026-08-21T12:04:59.959Z,34.81,70.44

2026-08-21T12:05:04.961Z,34.81,70.51

2026-08-21T12:05:09.974Z,34.78,70.58

2026-08-21T12:05:14.983Z,34.81,70.75

2026-08-21T12:05:19.974Z,34.77,70.8

2026-08-21T12:05:24.972Z,34.8,70.88

2026-08-21T12:05:29.973Z,34.77,70.9

2026-08-21T12:05:34.973Z,34.79,70.93

2026-08-21T12:05:39.979Z,34.79,70.81

2026-08-21T12:05:44.999Z,34.79,70.79

2026-08-21T12:05:49.981Z,34.78,70.72

2026-08-21T12:05:54.979Z,34.76,70.64

2026-08-21T12:05:59.978Z,34.79,70.62

2026-08-21T12:06:04.980Z,34.78,70.49

2026-08-21T12:06:09.994Z,34.81,70.54

2026-08-21T12:06:15.007Z,34.77,70.54

2026-08-21T12:06:19.993Z,34.78,70.5

2026-08-21T12:06:24.997Z,34.78,70.52

2026-08-21T12:06:29.995Z,34.79,70.5

2026-08-21T12:06:34.997Z,34.77,70.57

2026-08-21T12:06:40.005Z,34.79,70.5

2026-08-21T12:06:45.019Z,34.77,70.59

2026-08-21T12:06:50.003Z,34.78,70.5

2026-08-21T12:06:55.007Z,34.79,70.45

2026-08-21T12:07:00.005Z,34.8,70.47

2026-08-21T12:07:05.006Z,34.79,70.44

2026-08-21T12:07:10.018Z,34.78,70.43

2026-08-21T12:07:15.027Z,34.79,70.44

2026-08-21T12:07:20.013Z,34.78,70.35

2026-08-21T12:07:25.015Z,34.79,70.21

2026-08-21T12:07:30.014Z,34.78,70.17

2026-08-21T12:07:35.017Z,34.77,70.14

2026-08-21T12:07:40.021Z,34.79,70.18

2026-08-21T12:07:45.028Z,34.79,70.2

2026-08-21T12:07:50.018Z,34.78,70.19

2026-08-21T12:07:55.018Z,34.78,70.18

2026-08-21T12:08:00.018Z,34.79,70.14

2026-08-21T12:08:05.018Z,34.79,70.07

2026-08-21T12:08:10.019Z,34.79,70.16

2026-08-21T12:08:15.028Z,34.8,70.16

2026-08-21T12:08:20.020Z,34.79,70.1

2026-08-21T12:08:25.023Z,34.79,70.1

2026-08-21T12:08:30.019Z,34.78,70.09

2026-08-21T12:08:35.019Z,34.8,70.15

2026-08-21T12:08:40.019Z,34.8,70.06

2026-08-21T12:08:45.030Z,34.78,70.18

2026-08-21T12:08:50.040Z,34.78,70.04

2026-08-21T12:08:55.035Z,34.79,70.09

2026-08-21T12:09:00.036Z,34.78,70.08

2026-08-21T12:09:05.045Z,34.77,70.16

2026-08-21T12:09:10.035Z,34.79,70.1

2026-08-21T12:09:15.036Z,34.78,70.14

2026-08-21T12:09:20.040Z,34.79,70.14

2026-08-21T12:09:25.037Z,34.79,70.16

2026-08-21T12:09:30.038Z,34.79,70.19

2026-08-21T12:09:35.050Z,34.77,70.23

2026-08-21T12:09:40.039Z,34.79,70.21

2026-08-21T12:09:45.039Z,34.77,70.24

2026-08-21T12:09:50.036Z,34.78,70.28

2026-08-21T12:09:55.038Z,34.78,70.2

2026-08-21T12:10:00.036Z,34.78,70.24

2026-08-21T12:10:05.050Z,34.77,70.31

2026-08-21T12:10:10.037Z,34.77,70.17

2026-08-21T12:10:15.038Z,34.76,70.19

2026-08-21T12:10:20.038Z,34.77,70.17

2026-08-21T12:10:25.036Z,34.75,70.13

2026-08-21T12:10:30.046Z,34.77,70.02

2026-08-21T12:10:35.054Z,34.76,69.98

2026-08-21T12:10:40.045Z,34.75,69.93

2026-08-21T12:10:45.045Z,34.75,69.92

2026-08-21T12:10:50.046Z,34.77,69.88

2026-08-21T12:10:55.045Z,34.75,69.85

2026-08-21T12:11:00.053Z,34.77,69.81

2026-08-21T12:11:05.066Z,34.77,69.76

2026-08-21T12:11:10.052Z,34.76,69.75

2026-08-21T12:11:15.051Z,34.75,69.82

2026-08-21T12:11:20.051Z,34.75,69.79

2026-08-21T12:11:25.052Z,34.75,69.78

2026-08-21T12:11:30.059Z,34.76,69.79

2026-08-21T12:11:35.068Z,34.75,69.78

2026-08-21T12:11:40.057Z,34.76,69.7

2026-08-21T12:11:45.057Z,34.75,69.73

2026-08-21T12:11:50.057Z,34.76,69.77

2026-08-21T12:11:55.057Z,34.76,69.76

2026-08-21T12:12:00.058Z,34.78,69.76

2026-08-21T12:12:05.070Z,34.76,69.64

2026-08-21T12:12:10.058Z,34.75,69.66

2026-08-21T12:12:15.058Z,34.77,69.52

2026-08-21T12:12:20.058Z,34.75,69.49

2026-08-21T12:12:25.060Z,34.76,69.38

2026-08-21T12:12:30.079Z,34.76,69.4

2026-08-21T12:12:35.088Z,34.73,69.39

2026-08-21T12:12:40.077Z,34.75,69.33

2026-08-21T12:12:45.082Z,34.74,69.29

2026-08-21T12:12:50.078Z,34.77,69.26

2026-08-21T12:12:55.079Z,34.77,69.25

2026-08-21T12:13:00.089Z,34.75,69.23

2026-08-21T12:13:05.110Z,34.74,69.21

2026-08-21T12:13:10.088Z,34.76,69.2

2026-08-21T12:13:15.090Z,34.76,69.2

2026-08-21T12:13:20.091Z,34.76,69.14

2026-08-21T12:13:25.093Z,34.75,69.11

2026-08-21T12:13:30.097Z,34.74,69.11

2026-08-21T12:13:35.107Z,34.74,69.12

2026-08-21T12:13:40.095Z,34.71,69.11

2026-08-21T12:13:45.095Z,34.74,69.12

2026-08-21T12:13:50.098Z,34.73,69.16

2026-08-21T12:13:55.097Z,34.73,69.13

2026-08-21T12:14:00.099Z,34.73,69.15

2026-08-21T12:14:05.113Z,34.74,69.1

2026-08-21T12:14:10.103Z,34.74,69.14

2026-08-21T12:14:15.102Z,34.73,69.12

2026-08-21T12:14:20.104Z,34.74,69.17

2026-08-21T12:14:25.102Z,34.73,69.17

2026-08-21T12:14:30.111Z,34.72,69.19

2026-08-21T12:14:35.119Z,34.72,69.24

2026-08-21T12:14:40.110Z,34.73,69.25

2026-08-21T12:14:45.111Z,34.73,69.2

2026-08-21T12:14:50.111Z,34.74,69.19

2026-08-21T12:14:55.111Z,34.73,69.13

2026-08-21T12:15:00.112Z,34.72,69.12

2026-08-21T12:15:05.126Z,34.72,69.1

2026-08-21T12:15:10.112Z,34.73,69.12

2026-08-21T12:15:15.113Z,34.73,69.06

2026-08-21T12:15:20.112Z,34.73,69.02

2026-08-21T12:15:25.127Z,34.72,69.11

2026-08-21T12:15:30.113Z,34.73,69.09

2026-08-21T12:15:35.113Z,34.73,69.08

2026-08-21T12:15:40.113Z,34.74,69.08

2026-08-21T12:15:45.130Z,34.74,69.12

2026-08-21T12:15:50.111Z,34.73,69.07

2026-08-21T12:15:55.112Z,34.74,69.07

2026-08-21T12:16:00.113Z,34.71,69.04

2026-08-21T12:16:05.113Z,34.75,69.07

2026-08-21T12:16:10.112Z,34.73,69.01

2026-08-21T12:16:15.126Z,34.73,69.04

2026-08-21T12:16:20.114Z,34.74,68.97

2026-08-21T12:16:25.118Z,34.73,68.9

2026-08-21T12:16:30.119Z,34.72,68.92

2026-08-21T12:16:35.117Z,34.73,68.82

2026-08-21T12:16:40.117Z,34.73,68.85

2026-08-21T12:16:45.125Z,34.72,68.89

2026-08-21T12:16:50.116Z,34.72,68.88

2026-08-21T12:16:55.117Z,34.72,68.82

2026-08-21T12:17:00.115Z,34.73,68.76

2026-08-21T12:17:05.115Z,34.73,68.84

2026-08-21T12:17:10.127Z,34.73,68.84

2026-08-21T12:17:15.131Z,34.74,68.83

2026-08-21T12:17:20.121Z,34.72,68.84

2026-08-21T12:17:25.122Z,34.73,68.77

2026-08-21T12:17:30.124Z,34.72,68.85

2026-08-21T12:17:35.125Z,34.73,68.85

2026-08-21T12:17:40.142Z,34.71,68.78

2026-08-21T12:17:45.153Z,34.72,68.84

2026-08-21T12:17:50.139Z,34.72,68.76

2026-08-21T12:17:55.142Z,34.72,68.69

2026-08-21T12:18:00.140Z,34.72,68.58

2026-08-21T12:18:05.142Z,34.71,68.56

2026-08-21T12:18:10.153Z,34.71,68.56

2026-08-21T12:18:15.162Z,34.73,68.62

2026-08-21T12:18:20.150Z,34.7,68.61

2026-08-21T12:18:25.151Z,34.71,68.65

2026-08-21T12:18:30.151Z,34.7,68.71

2026-08-21T12:18:35.152Z,34.71,68.71

2026-08-21T12:18:40.160Z,34.68,68.72

2026-08-21T12:18:45.169Z,34.69,68.76

2026-08-21T12:18:50.156Z,34.68,68.73

2026-08-21T12:18:55.160Z,34.69,68.74

2026-08-21T12:19:00.159Z,34.69,68.72

2026-08-21T12:19:05.159Z,34.68,68.74

2026-08-21T12:19:10.176Z,34.67,68.75

2026-08-21T12:19:15.186Z,34.67,68.77

2026-08-21T12:19:20.175Z,34.68,68.74

2026-08-21T12:19:25.173Z,34.68,68.65

2026-08-21T12:19:30.174Z,34.68,68.65

2026-08-21T12:19:35.175Z,34.66,68.69

2026-08-21T12:19:40.174Z,34.66,68.65

2026-08-21T12:19:45.188Z,34.66,68.71

2026-08-21T12:19:50.174Z,34.66,68.6

2026-08-21T12:19:55.178Z,34.66,68.69

2026-08-21T12:20:00.177Z,34.66,68.69

2026-08-21T12:20:05.176Z,34.65,68.69

2026-08-21T12:20:10.188Z,34.63,68.71

2026-08-21T12:20:15.194Z,34.66,68.77

2026-08-21T12:20:20.191Z,34.64,68.69

2026-08-21T12:20:25.188Z,34.63,68.74

2026-08-21T12:20:30.188Z,34.63,68.73

2026-08-21T12:20:35.205Z,34.64,68.79

2026-08-21T12:20:40.189Z,34.64,68.75

2026-08-21T12:20:45.202Z,34.64,68.83

2026-08-21T12:20:50.190Z,34.64,68.75

2026-08-21T12:20:55.193Z,34.65,68.78

2026-08-21T12:21:00.192Z,34.65,68.83

2026-08-21T12:21:05.192Z,34.64,68.84

2026-08-21T12:21:10.193Z,34.65,68.84

2026-08-21T12:21:15.203Z,34.65,68.9

2026-08-21T12:21:20.191Z,34.63,68.78

2026-08-21T12:21:25.192Z,34.64,68.84

2026-08-21T12:21:30.191Z,34.64,68.81

2026-08-21T12:21:35.193Z,34.64,68.76

2026-08-21T12:21:40.194Z,34.65,68.76

2026-08-21T12:21:45.203Z,34.65,68.85

2026-08-21T12:21:50.193Z,34.66,68.78

2026-08-21T12:21:55.194Z,34.64,68.78

2026-08-21T12:22:00.194Z,34.65,68.8

2026-08-21T12:22:05.196Z,34.66,68.74

2026-08-21T12:22:10.200Z,34.65,68.76

2026-08-21T12:22:15.212Z,34.66,68.87

2026-08-21T12:22:20.200Z,34.64,68.79

2026-08-21T12:22:25.202Z,34.64,68.77

2026-08-21T12:22:30.202Z,34.64,68.8

2026-08-21T12:22:35.204Z,34.69,68.8

2026-08-21T12:22:40.207Z,34.66,68.76

2026-08-21T12:22:45.217Z,34.64,68.78

2026-08-21T12:22:50.206Z,34.65,68.77

2026-08-21T12:22:55.206Z,34.66,68.75

2026-08-21T12:23:00.207Z,34.65,68.8

2026-08-21T12:23:05.208Z,34.66,68.85

2026-08-21T12:23:10.213Z,34.67,68.78

2026-08-21T12:23:15.224Z,34.65,68.82

2026-08-21T12:23:20.209Z,34.64,68.83

2026-08-21T12:23:25.209Z,34.64,68.85

2026-08-21T12:23:30.210Z,34.67,68.83

2026-08-21T12:23:35.213Z,34.66,68.86

2026-08-21T12:23:40.222Z,34.65,68.82

2026-08-21T12:23:45.234Z,34.65,68.88

2026-08-21T12:23:50.221Z,34.67,68.86

2026-08-21T12:23:55.223Z,34.66,68.83

2026-08-21T12:24:00.226Z,34.67,68.78

2026-08-21T12:24:05.226Z,34.66,68.84

2026-08-21T12:24:10.235Z,34.66,68.8

2026-08-21T12:24:15.245Z,34.67,68.89

2026-08-21T12:24:20.232Z,34.66,68.86

2026-08-21T12:24:25.234Z,34.67,68.74

2026-08-21T12:24:30.232Z,34.69,68.85

2026-08-21T12:24:35.235Z,34.68,68.81

2026-08-21T12:24:40.244Z,34.67,68.84

2026-08-21T12:24:45.252Z,34.67,68.83

2026-08-21T12:24:50.242Z,34.68,68.83

2026-08-21T12:24:55.242Z,34.66,68.84

2026-08-21T12:25:00.242Z,34.66,68.85

2026-08-21T12:25:05.242Z,34.67,68.87

2026-08-21T12:25:10.256Z,34.66,68.88

2026-08-21T12:25:15.267Z,34.67,68.87

2026-08-21T12:25:20.258Z,34.68,68.84

2026-08-21T12:25:25.257Z,34.67,68.91

2026-08-21T12:25:30.256Z,34.67,68.9

2026-08-21T12:25:35.256Z,34.68,68.95

2026-08-21T12:25:40.262Z,34.68,68.93

2026-08-21T12:25:45.271Z,34.68,68.96

2026-08-21T12:25:50.258Z,34.67,68.94

2026-08-21T12:25:55.261Z,34.68,68.96

2026-08-21T12:26:00.261Z,34.67,68.95

2026-08-21T12:26:05.260Z,34.67,68.97

2026-08-21T12:26:10.268Z,34.68,68.93

2026-08-21T12:26:15.279Z,34.67,69.03

2026-08-21T12:26:20.268Z,34.65,69.02

2026-08-21T12:26:25.268Z,34.68,68.98

2026-08-21T12:26:30.270Z,34.68,69.04

2026-08-21T12:26:35.269Z,34.67,69.05

2026-08-21T12:26:40.270Z,34.67,69.05

2026-08-21T12:26:45.284Z,34.68,69.09

2026-08-21T12:26:50.271Z,34.68,69.08

2026-08-21T12:26:55.282Z,34.66,69.14

2026-08-21T12:27:00.271Z,34.68,69.08

2026-08-21T12:27:05.269Z,34.67,69.04

2026-08-21T12:27:10.269Z,34.67,69.08

2026-08-21T12:27:15.272Z,34.67,69.08

2026-08-21T12:27:20.272Z,34.67,69.05

2026-08-21T12:27:25.287Z,34.67,69.14

2026-08-21T12:27:30.274Z,34.68,69.03

2026-08-21T12:27:35.272Z,34.66,69.07

2026-08-21T12:27:40.273Z,34.66,69.03

2026-08-21T12:27:45.278Z,34.65,68.99

2026-08-21T12:27:50.277Z,34.65,69

2026-08-21T12:27:55.290Z,34.67,69.14

2026-08-21T12:28:00.274Z,34.65,69.04

2026-08-21T12:28:05.276Z,34.66,68.99

2026-08-21T12:28:10.276Z,34.64,68.94

2026-08-21T12:28:15.276Z,34.66,68.95

2026-08-21T12:28:20.298Z,34.66,69.03

2026-08-21T12:28:25.308Z,34.64,69.05

2026-08-21T12:28:30.298Z,34.64,69.04

2026-08-21T12:28:35.298Z,34.61,69.06

2026-08-21T12:28:40.297Z,34.66,69.02

2026-08-21T12:28:45.310Z,34.64,69.1

2026-08-21T12:28:50.299Z,34.63,69.02

2026-08-21T12:28:55.299Z,34.64,69.04

2026-08-21T12:29:00.299Z,34.64,69.05

2026-08-21T12:29:05.301Z,34.65,69.05

2026-08-21T12:29:10.300Z,34.64,69.05

2026-08-21T12:29:15.311Z,34.64,69.07

2026-08-21T12:29:20.297Z,34.64,69

2026-08-21T12:29:25.298Z,34.64,69.01

2026-08-21T12:29:30.299Z,34.64,68.95

2026-08-21T12:29:35.299Z,34.64,68.97

2026-08-21T12:29:40.321Z,34.63,69

2026-08-21T12:29:45.308Z,34.63,68.94

2026-08-21T12:29:50.299Z,34.62,69.04

2026-08-21T12:29:55.299Z,34.62,69

2026-08-21T12:30:00.303Z,34.61,68.99

2026-08-21T12:30:05.302Z,34.63,68.98

2026-08-21T12:30:10.312Z,34.62,69.01

2026-08-21T12:30:15.322Z,34.59,69.05

2026-08-21T12:30:20.310Z,34.62,68.97

2026-08-21T12:30:25.310Z,34.61,69.02

2026-08-21T12:30:30.309Z,34.61,69.04

2026-08-21T12:30:35.313Z,34.59,69.07

2026-08-21T12:30:40.314Z,34.6,69.07

2026-08-21T12:30:45.325Z,34.59,69.08

2026-08-21T12:30:50.313Z,34.6,69.09

2026-08-21T12:30:55.312Z,34.58,69.12

2026-08-21T12:31:00.312Z,34.58,69.07

2026-08-21T12:31:05.314Z,34.59,69.12

2026-08-21T12:31:10.329Z,34.58,69.14

2026-08-21T12:31:15.338Z,34.57,69.14

2026-08-21T12:31:20.330Z,34.58,69.15

2026-08-21T12:31:25.328Z,34.59,69.09

2026-08-21T12:31:30.326Z,34.58,69.09

2026-08-21T12:31:35.327Z,34.58,69.19

2026-08-21T12:31:40.333Z,34.58,69.13

2026-08-21T12:31:45.343Z,34.57,69.15

2026-08-21T12:31:50.330Z,34.57,69.17

2026-08-21T12:31:55.331Z,34.57,69.18

2026-08-21T12:32:00.332Z,34.6,69.13

2026-08-21T12:32:05.334Z,34.57,69.14

2026-08-21T12:32:10.342Z,34.58,69.05

2026-08-21T12:32:15.357Z,34.57,69.2

2026-08-21T12:32:20.343Z,34.58,69.14

2026-08-21T12:32:25.341Z,34.55,69.13

2026-08-21T12:32:30.341Z,34.58,69.22

2026-08-21T12:32:35.342Z,34.57,69.18

2026-08-21T12:32:40.354Z,34.56,69.15

2026-08-21T12:32:45.367Z,34.55,69.23

2026-08-21T12:32:50.353Z,34.58,69.19

2026-08-21T12:32:55.354Z,34.56,69.19

2026-08-21T12:33:00.354Z,34.54,69.16

2026-08-21T12:33:05.356Z,34.56,69.15

2026-08-21T12:33:10.358Z,34.57,69.11

2026-08-21T12:33:15.368Z,34.55,69.11

2026-08-21T12:33:20.356Z,34.56,69.09

2026-08-21T12:33:25.356Z,34.57,69.08

2026-08-21T12:33:30.356Z,34.56,69.07

2026-08-21T12:33:35.358Z,34.57,69.12

2026-08-21T12:33:40.369Z,34.57,69.09

2026-08-21T12:33:45.382Z,34.55,69.09

2026-08-21T12:33:50.370Z,34.56,69.07

2026-08-21T12:33:55.369Z,34.57,69

2026-08-21T12:34:00.369Z,34.56,69.03

2026-08-21T12:34:05.370Z,34.55,68.99

2026-08-21T12:34:10.380Z,34.54,69.02

2026-08-21T12:34:15.394Z,34.55,69.02

2026-08-21T12:34:20.379Z,34.53,68.99

2026-08-21T12:34:25.378Z,34.53,69.01

2026-08-21T12:34:30.379Z,34.53,69.01

2026-08-21T12:34:35.378Z,34.53,68.99

2026-08-21T12:34:40.383Z,34.53,68.99

2026-08-21T12:34:45.395Z,34.53,69.04

2026-08-21T12:34:50.383Z,34.55,69.02

2026-08-21T12:34:55.384Z,34.53,69.05

2026-08-21T12:35:00.382Z,34.54,69.07

2026-08-21T12:35:05.386Z,34.52,69.1

2026-08-21T12:35:10.396Z,34.55,69.11

2026-08-21T12:35:15.412Z,34.5,69.13

2026-08-21T12:35:20.394Z,34.5,69.09

2026-08-21T12:35:25.394Z,34.54,69.05

2026-08-21T12:35:30.395Z,34.53,69.11

2026-08-21T12:35:35.396Z,34.51,69.07

2026-08-21T12:35:40.403Z,34.51,69.14

2026-08-21T12:35:45.415Z,34.53,69.17

2026-08-21T12:35:50.403Z,34.51,69.12

2026-08-21T12:35:55.402Z,34.52,69.08

2026-08-21T12:36:00.403Z,34.53,69.1

2026-08-21T12:36:05.404Z,34.51,69.12

2026-08-21T12:36:10.409Z,34.5,69.14

2026-08-21T12:36:15.421Z,34.52,69.15

2026-08-21T12:36:20.408Z,34.52,69.17

2026-08-21T12:36:25.410Z,34.53,69.21

2026-08-21T12:36:30.410Z,34.5,69.18

2026-08-21T12:36:35.410Z,34.51,69.18

2026-08-21T12:36:40.424Z,34.51,69.15

2026-08-21T12:36:45.434Z,34.5,69.17

2026-08-21T12:36:50.422Z,34.51,69.13

2026-08-21T12:36:55.423Z,34.51,69.1

2026-08-21T12:37:00.422Z,34.51,69.07

2026-08-21T12:37:05.423Z,34.5,69.11

2026-08-21T12:37:10.435Z,34.5,69.14

2026-08-21T12:37:15.446Z,34.49,69.21

2026-08-21T12:37:20.435Z,34.5,69.16

2026-08-21T12:37:25.434Z,34.5,69.22

2026-08-21T12:37:30.436Z,34.48,69.21

2026-08-21T12:37:35.433Z,34.49,69.15

2026-08-21T12:37:40.440Z,34.49,69.24

2026-08-21T12:37:45.450Z,34.49,69.26

2026-08-21T12:37:50.439Z,34.48,69.21

2026-08-21T12:37:55.439Z,34.5,69.25

2026-08-21T12:38:00.442Z,34.49,69.19

2026-08-21T12:38:05.442Z,34.48,69.22

2026-08-21T12:38:10.442Z,34.49,69.26

2026-08-21T12:38:15.456Z,34.47,69.29

2026-08-21T12:38:20.443Z,34.48,69.2

2026-08-21T12:38:25.444Z,34.47,69.21

2026-08-21T12:38:30.443Z,34.47,69.23

2026-08-21T12:38:35.444Z,34.46,69.19

2026-08-21T12:38:40.453Z,34.47,69.28

2026-08-21T12:38:45.462Z,34.45,69.33

2026-08-21T12:38:50.451Z,34.45,69.33

2026-08-21T12:38:55.453Z,34.44,69.25

2026-08-21T12:39:00.454Z,34.45,69.28

2026-08-21T12:39:05.453Z,34.44,69.31

2026-08-21T12:39:10.459Z,34.43,69.33

2026-08-21T12:39:15.478Z,34.43,69.36

2026-08-21T12:39:20.458Z,34.44,69.33

2026-08-21T12:39:25.460Z,34.44,69.37

2026-08-21T12:39:30.461Z,34.42,69.37

2026-08-21T12:39:35.461Z,34.42,69.35

2026-08-21T12:39:40.473Z,34.43,69.4

2026-08-21T12:39:45.486Z,34.41,69.39

2026-08-21T12:39:50.472Z,34.41,69.41

2026-08-21T12:39:55.472Z,34.42,69.36

2026-08-21T12:40:00.474Z,34.41,69.32

2026-08-21T12:40:05.475Z,34.41,69.38

2026-08-21T12:40:10.481Z,34.4,69.38

2026-08-21T12:40:15.491Z,34.41,69.39

2026-08-21T12:40:20.481Z,34.37,69.4

2026-08-21T12:40:25.482Z,34.39,69.36

2026-08-21T12:40:30.481Z,34.37,69.41

2026-08-21T12:40:35.482Z,34.37,69.39

2026-08-21T12:40:40.506Z,34.36,69.4

2026-08-21T12:40:45.517Z,34.35,69.43

2026-08-21T12:40:50.504Z,34.34,69.45

2026-08-21T12:40:55.504Z,34.34,69.46

2026-08-21T12:41:00.503Z,34.31,69.46

2026-08-21T12:41:05.504Z,34.33,69.56

2026-08-21T12:41:10.503Z,34.34,69.56

2026-08-21T12:41:15.519Z,34.3,69.63

2026-08-21T12:41:20.503Z,34.32,69.61

2026-08-21T12:41:25.518Z,34.31,69.7

2026-08-21T12:41:30.503Z,34.29,69.65

2026-08-21T12:41:35.505Z,34.3,69.66

2026-08-21T12:41:40.506Z,34.28,69.6

2026-08-21T12:41:45.504Z,34.28,69.65

2026-08-21T12:41:50.504Z,34.3,69.67

2026-08-21T12:41:55.517Z,34.27,69.78

2026-08-21T12:42:00.506Z,34.25,69.73

2026-08-21T12:42:05.505Z,34.25,69.74

2026-08-21T12:42:10.504Z,34.26,69.73

2026-08-21T12:42:15.505Z,34.25,69.71

2026-08-21T12:42:20.507Z,34.25,69.74

2026-08-21T12:42:25.516Z,34.21,69.85

2026-08-21T12:42:30.508Z,34.23,69.78

2026-08-21T12:42:35.513Z,34.23,69.83

2026-08-21T12:42:40.511Z,34.22,69.81

2026-08-21T12:42:45.531Z,34.2,69.9

2026-08-21T12:42:50.511Z,34.2,69.89

2026-08-21T12:42:55.515Z,34.2,69.89

2026-08-21T12:43:00.513Z,34.21,69.95

2026-08-21T12:43:05.513Z,34.2,69.91

2026-08-21T12:43:10.512Z,34.21,69.93

2026-08-21T12:43:15.523Z,34.2,70

2026-08-21T12:43:20.513Z,34.2,69.97

2026-08-21T12:43:25.514Z,34.2,69.98

2026-08-21T12:43:30.514Z,34.21,69.99

2026-08-21T12:43:35.516Z,34.19,69.95

2026-08-21T12:43:40.514Z,34.18,69.96

2026-08-21T12:43:45.526Z,34.19,69.99

2026-08-21T12:43:50.516Z,34.21,69.97

2026-08-21T12:43:55.516Z,34.19,69.97

2026-08-21T12:44:00.515Z,34.18,69.96

2026-08-21T12:44:05.518Z,34.19,69.96

2026-08-21T12:44:10.528Z,34.19,69.96

2026-08-21T12:44:15.541Z,34.19,70.03

2026-08-21T12:44:20.526Z,34.2,69.94

2026-08-21T12:44:25.527Z,34.22,69.96

2026-08-21T12:44:30.526Z,34.19,69.93

2026-08-21T12:44:35.527Z,34.21,69.93

2026-08-21T12:44:40.535Z,34.21,69.98

2026-08-21T12:44:45.545Z,34.21,69.99

2026-08-21T12:44:50.533Z,34.19,69.96

2026-08-21T12:44:55.535Z,34.2,69.94

2026-08-21T12:45:00.535Z,34.21,69.92

2026-08-21T12:45:05.534Z,34.19,69.9

2026-08-21T12:45:10.536Z,34.21,69.86

2026-08-21T12:45:15.545Z,34.2,69.95

2026-08-21T12:45:20.535Z,34.22,69.86

2026-08-21T12:45:25.537Z,34.21,69.95

2026-08-21T12:45:30.536Z,34.21,69.91

2026-08-21T12:45:35.537Z,34.21,69.93

2026-08-21T12:45:40.539Z,34.2,69.93

2026-08-21T12:45:45.550Z,34.18,69.98

2026-08-21T12:45:50.538Z,34.22,69.93

2026-08-21T12:45:55.539Z,34.21,69.9

2026-08-21T12:46:00.537Z,34.2,69.84

2026-08-21T12:46:05.539Z,34.2,69.85

2026-08-21T12:46:10.551Z,34.22,69.87

2026-08-21T12:46:15.560Z,34.22,69.95

2026-08-21T12:46:20.551Z,34.22,69.85

2026-08-21T12:46:25.552Z,34.21,69.87

2026-08-21T12:46:30.550Z,34.22,69.88

2026-08-21T12:46:35.551Z,34.22,69.95

2026-08-21T12:46:40.568Z,34.21,69.94

2026-08-21T12:46:45.580Z,34.22,69.96

2026-08-21T12:46:50.567Z,34.21,69.96

2026-08-21T12:46:55.565Z,34.22,69.98

2026-08-21T12:47:00.566Z,34.23,69.94

2026-08-21T12:47:05.569Z,34.23,69.91

2026-08-21T12:47:10.570Z,34.22,69.96

2026-08-21T12:47:15.582Z,34.21,69.96

2026-08-21T12:47:20.572Z,34.22,69.95

2026-08-21T12:47:25.574Z,34.22,69.94

2026-08-21T12:47:30.573Z,34.22,69.91

2026-08-21T12:47:35.573Z,34.23,69.87

2026-08-21T12:47:40.583Z,34.23,69.9

2026-08-21T12:47:45.597Z,34.22,69.94

2026-08-21T12:47:50.583Z,34.24,69.91

2026-08-21T12:47:55.582Z,34.23,69.9

2026-08-21T12:48:00.582Z,34.24,69.85

2026-08-21T12:48:05.582Z,34.25,69.84

2026-08-21T12:48:10.589Z,34.23,69.9

2026-08-21T12:48:15.598Z,34.24,69.88

2026-08-21T12:48:20.587Z,34.23,69.91

2026-08-21T12:48:25.587Z,34.23,69.89

2026-08-21T12:48:30.584Z,34.24,69.87

2026-08-21T12:48:35.589Z,34.25,69.85

2026-08-21T12:48:40.599Z,34.22,69.87

2026-08-21T12:48:45.615Z,34.21,69.92

2026-08-21T12:48:50.599Z,34.24,69.95

2026-08-21T12:48:55.598Z,34.23,69.88

2026-08-21T12:49:00.599Z,34.23,69.96

2026-08-21T12:49:05.599Z,34.22,69.91

2026-08-21T12:49:10.611Z,34.22,69.89

2026-08-21T12:49:15.620Z,34.2,69.95

2026-08-21T12:49:20.610Z,34.21,69.93

2026-08-21T12:49:25.608Z,34.22,69.94

2026-08-21T12:49:30.610Z,34.21,69.94

2026-08-21T12:49:35.609Z,34.21,69.94

2026-08-21T12:49:40.611Z,34.21,69.9

2026-08-21T12:49:45.620Z,34.2,70

2026-08-21T12:49:50.609Z,34.2,69.98

2026-08-21T12:49:55.611Z,34.19,69.95

2026-08-21T12:50:00.610Z,34.19,69.95

2026-08-21T12:50:05.612Z,34.18,69.99

2026-08-21T12:50:10.627Z,34.19,70.07

2026-08-21T12:50:15.638Z,34.2,70.1

2026-08-21T12:50:20.626Z,34.2,70.07

2026-08-21T12:50:25.628Z,34.2,70.09

2026-08-21T12:50:30.628Z,34.18,70.1

2026-08-21T12:50:35.629Z,34.19,70.1

2026-08-21T12:50:40.638Z,34.2,70.11

2026-08-21T12:50:45.650Z,34.19,70.1

2026-08-21T12:50:50.638Z,34.21,70.03

2026-08-21T12:50:55.637Z,34.2,70.07

2026-08-21T12:51:00.647Z,34.2,70.04

2026-08-21T12:51:05.656Z,34.21,70.09

2026-08-21T12:51:10.645Z,34.22,70.04

2026-08-21T12:51:15.646Z,34.2,70.09

2026-08-21T12:51:20.646Z,34.19,70.06

2026-08-21T12:51:25.659Z,34.21,70.04

2026-08-21T12:51:30.647Z,34.2,69.98

2026-08-21T12:51:35.648Z,34.19,70.06

2026-08-21T12:51:40.647Z,34.22,70.07

2026-08-21T12:51:45.648Z,34.2,70.02

2026-08-21T12:51:50.652Z,34.2,70.1

2026-08-21T12:51:55.666Z,34.21,70.12

2026-08-21T12:52:00.651Z,34.19,70.07

2026-08-21T12:52:05.652Z,34.2,70.01

2026-08-21T12:52:10.651Z,34.19,70.12

2026-08-21T12:52:15.652Z,34.2,70.09

2026-08-21T12:52:20.654Z,34.19,70.19

2026-08-21T12:52:25.669Z,34.21,70.15

2026-08-21T12:52:30.658Z,34.2,70.1

2026-08-21T12:52:35.656Z,34.2,70.15

2026-08-21T12:52:40.657Z,34.2,70.14

2026-08-21T12:52:45.657Z,34.19,70.14

2026-08-21T12:52:50.668Z,34.21,70.17

2026-08-21T12:52:55.676Z,34.19,70.2

2026-08-21T12:53:00.664Z,34.2,70.18

2026-08-21T12:53:05.666Z,34.19,70.12

2026-08-21T12:53:10.666Z,34.2,70.16

2026-08-21T12:53:15.664Z,34.21,70.16

2026-08-21T12:53:20.680Z,34.21,70.15

2026-08-21T12:53:25.693Z,34.2,70.22

2026-08-21T12:53:30.677Z,34.23,70.14

2026-08-21T12:53:35.680Z,34.21,70.19

2026-08-21T12:53:40.681Z,34.23,70.13

2026-08-21T12:53:45.682Z,34.23,70.11

2026-08-21T12:53:50.690Z,34.23,70.09

2026-08-21T12:53:55.704Z,34.23,70.11

2026-08-21T12:54:00.687Z,34.23,70.1

2026-08-21T12:54:05.690Z,34.23,70.06

2026-08-21T12:54:10.687Z,34.24,70.14

2026-08-21T12:54:15.689Z,34.24,70.13

2026-08-21T12:54:20.701Z,34.26,70.09

2026-08-21T12:54:25.713Z,34.24,70.08

2026-08-21T12:54:30.700Z,34.24,69.99

2026-08-21T12:54:35.700Z,34.25,70.03

2026-08-21T12:54:40.701Z,34.26,70.01

2026-08-21T12:54:45.699Z,34.25,70.01

2026-08-21T12:54:50.716Z,34.25,70.04

2026-08-21T12:54:55.727Z,34.27,70.08

2026-08-21T12:55:00.716Z,34.25,69.97

2026-08-21T12:55:05.717Z,34.26,70.02

2026-08-21T12:55:10.717Z,34.25,69.99

2026-08-21T12:55:15.717Z,34.27,69.98

2026-08-21T12:55:20.720Z,34.27,70.03

2026-08-21T12:55:25.729Z,34.26,70.05

2026-08-21T12:55:30.719Z,34.25,70.04

2026-08-21T12:55:35.719Z,34.26,70.02

2026-08-21T12:55:40.720Z,34.27,70.04

2026-08-21T12:55:45.720Z,34.28,69.94

2026-08-21T12:55:50.732Z,34.28,70.01

2026-08-21T12:55:55.741Z,34.28,70

2026-08-21T12:56:00.729Z,34.27,69.95

2026-08-21T12:56:05.730Z,34.29,69.93

2026-08-21T12:56:10.730Z,34.29,69.94

2026-08-21T12:56:15.746Z,34.29,69.94

2026-08-21T12:56:20.732Z,34.3,69.85

2026-08-21T12:56:25.731Z,34.29,69.9

2026-08-21T12:56:30.732Z,34.31,69.94

2026-08-21T12:56:35.731Z,34.31,69.94

2026-08-21T12:56:40.733Z,34.3,69.93

2026-08-21T12:56:45.744Z,34.31,69.9

2026-08-21T12:56:50.732Z,34.33,69.9

2026-08-21T12:56:55.732Z,34.33,69.89

2026-08-21T12:57:00.731Z,34.34,69.82

2026-08-21T12:57:05.730Z,34.34,69.87

2026-08-21T12:57:10.732Z,34.33,69.87

2026-08-21T12:57:15.745Z,34.33,69.88

2026-08-21T12:57:20.733Z,34.37,69.8

2026-08-21T12:57:25.733Z,34.35,69.78

2026-08-21T12:57:30.733Z,34.36,69.83

2026-08-21T12:57:35.737Z,34.36,69.78

2026-08-21T12:57:40.743Z,34.37,69.76

2026-08-21T12:57:45.763Z,34.36,69.8

2026-08-21T12:57:50.744Z,34.35,69.75

2026-08-21T12:57:55.746Z,34.35,69.72

2026-08-21T12:58:00.745Z,34.36,69.72

2026-08-21T12:58:05.745Z,34.36,69.73

2026-08-21T12:58:10.746Z,34.37,69.71

2026-08-21T12:58:15.758Z,34.37,69.71

2026-08-21T12:58:20.746Z,34.38,69.64

2026-08-21T12:58:25.747Z,34.37,69.64

2026-08-21T12:58:30.746Z,34.39,69.59

2026-08-21T12:58:35.747Z,34.4,69.63

2026-08-21T12:58:40.750Z,34.38,69.62

2026-08-21T12:58:45.762Z,34.38,69.64

2026-08-21T12:58:50.751Z,34.39,69.62

2026-08-21T12:58:55.749Z,34.39,69.64

2026-08-21T12:59:00.749Z,34.39,69.61

2026-08-21T12:59:05.750Z,34.39,69.53

2026-08-21T12:59:10.758Z,34.38,69.62

2026-08-21T12:59:15.769Z,34.38,69.58

2026-08-21T12:59:20.756Z,34.41,69.58

2026-08-21T12:59:25.758Z,34.39,69.57

2026-08-21T12:59:30.755Z,34.42,69.6

2026-08-21T12:59:35.756Z,34.41,69.57

2026-08-21T12:59:40.772Z,34.4,69.54

2026-08-21T12:59:45.782Z,34.41,69.57

2026-08-21T12:59:50.769Z,34.41,69.48

2026-08-21T12:59:55.770Z,34.43,69.48

2026-08-21T13:00:00.770Z,34.43,69.5

2026-08-21T13:00:05.767Z,34.43,69.51

2026-08-21T13:00:10.772Z,34.43,69.5

2026-08-21T13:00:15.788Z,34.43,69.51

2026-08-21T13:00:20.773Z,34.43,69.47

2026-08-21T13:00:25.773Z,34.45,69.45

2026-08-21T13:00:30.772Z,34.44,69.4

2026-08-21T13:00:35.775Z,34.44,69.45

2026-08-21T13:00:40.780Z,34.45,69.35

2026-08-21T13:00:45.790Z,34.46,69.41

2026-08-21T13:00:50.776Z,34.47,69.42

2026-08-21T13:00:55.776Z,34.46,69.38

2026-08-21T13:01:00.779Z,34.47,69.35

2026-08-21T13:01:05.780Z,34.48,69.39

2026-08-21T13:01:10.787Z,34.47,69.41

2026-08-21T13:01:15.799Z,34.48,69.36

2026-08-21T13:01:20.784Z,34.47,69.3

2026-08-21T13:01:25.788Z,34.47,69.3

2026-08-21T13:01:30.786Z,34.48,69.33

2026-08-21T13:01:35.786Z,34.5,69.35

2026-08-21T13:01:40.797Z,34.47,69.3

2026-08-21T13:01:45.805Z,34.5,69.32

2026-08-21T13:01:50.794Z,34.53,69.35

2026-08-21T13:01:55.794Z,34.51,69.32

2026-08-21T13:02:00.791Z,34.5,69.26

2026-08-21T13:02:05.795Z,34.49,69.27

2026-08-21T13:02:10.813Z,34.51,69.3

2026-08-21T13:02:15.825Z,34.51,69.3

2026-08-21T13:02:20.813Z,34.53,69.22

2026-08-21T13:02:25.814Z,34.52,69.24

2026-08-21T13:02:30.813Z,34.53,69.2

2026-08-21T13:02:35.813Z,34.53,69.24

2026-08-21T13:02:40.833Z,34.52,69.19

2026-08-21T13:02:45.845Z,34.52,69.18

2026-08-21T13:02:50.834Z,34.54,69.17

2026-08-21T13:02:55.831Z,34.55,69.21

2026-08-21T13:03:00.833Z,34.53,69.22

2026-08-21T13:03:05.834Z,34.55,69.25

2026-08-21T13:03:10.844Z,34.54,69.22

2026-08-21T13:03:15.858Z,34.53,69.24

2026-08-21T13:03:20.844Z,34.55,69.23

2026-08-21T13:03:25.843Z,34.55,69.21

2026-08-21T13:03:30.844Z,34.52,69.15

2026-08-21T13:03:35.844Z,34.57,69.23

2026-08-21T13:03:40.845Z,34.53,69.15

2026-08-21T13:03:45.856Z,34.54,69.24

2026-08-21T13:03:50.845Z,34.55,69.23

2026-08-21T13:03:55.847Z,34.54,69.17

2026-08-21T13:04:00.845Z,34.53,69.16

2026-08-21T13:04:05.849Z,34.54,69.19

2026-08-21T13:04:10.855Z,34.55,69.17

2026-08-21T13:04:15.866Z,34.53,69.18

2026-08-21T13:04:20.854Z,34.55,69.17

2026-08-21T13:04:25.856Z,34.57,69.17

2026-08-21T13:04:30.855Z,34.55,69.15

2026-08-21T13:04:35.855Z,34.55,69.08

2026-08-21T13:04:40.856Z,34.56,69.15

2026-08-21T13:04:45.866Z,34.56,69.2

2026-08-21T13:04:50.858Z,34.54,69.17

2026-08-21T13:04:55.857Z,34.57,69.19

2026-08-21T13:05:00.859Z,34.55,69.21

2026-08-21T13:05:05.864Z,34.56,69.19

2026-08-21T13:05:10.866Z,34.57,69.17

2026-08-21T13:05:15.876Z,34.58,69.19

2026-08-21T13:05:20.866Z,34.58,69.17

2026-08-21T13:05:25.867Z,34.56,69.15

2026-08-21T13:05:30.867Z,34.57,69.19

2026-08-21T13:05:35.866Z,34.57,69.2

2026-08-21T13:05:40.876Z,34.57,69.21

2026-08-21T13:05:45.888Z,34.57,69.2

2026-08-21T13:05:50.876Z,34.57,69.15

2026-08-21T13:05:55.876Z,34.57,69.21

2026-08-21T13:06:00.877Z,34.6,69.21

2026-08-21T13:06:05.878Z,34.59,69.21

2026-08-21T13:06:10.888Z,34.59,69.26

2026-08-21T13:06:15.903Z,34.6,69.24

2026-08-21T13:06:20.886Z,34.59,69.21

2026-08-21T13:06:25.886Z,34.6,69.2

2026-08-21T13:06:30.888Z,34.59,69.26

2026-08-21T13:06:35.888Z,34.6,69.24

2026-08-21T13:06:40.894Z,34.61,69.23

2026-08-21T13:06:45.901Z,34.6,69.24

2026-08-21T13:06:50.891Z,34.6,69.22

2026-08-21T13:06:55.890Z,34.61,69.25

2026-08-21T13:07:00.890Z,34.6,69.27

2026-08-21T13:07:05.891Z,34.61,69.26

2026-08-21T13:07:10.895Z,34.62,69.19

2026-08-21T13:07:15.907Z,34.62,69.23

2026-08-21T13:07:20.893Z,34.61,69.13

2026-08-21T13:07:25.895Z,34.61,69.16

2026-08-21T13:07:30.895Z,34.62,69.21

2026-08-21T13:07:35.894Z,34.59,69.21

2026-08-21T13:07:40.898Z,34.62,69.21

2026-08-21T13:07:45.912Z,34.62,69.19

2026-08-21T13:07:50.900Z,34.65,69.2

2026-08-21T13:07:55.899Z,34.63,69.19

2026-08-21T13:08:00.898Z,34.63,69.15

2026-08-21T13:08:05.901Z,34.64,69.13

2026-08-21T13:08:10.902Z,34.63,69.12

2026-08-21T13:08:15.911Z,34.63,69.21

2026-08-21T13:08:20.901Z,34.64,69.17

2026-08-21T13:08:25.900Z,34.64,69.15

2026-08-21T13:08:30.902Z,34.65,69.12

2026-08-21T13:08:35.908Z,34.64,69.12

2026-08-21T13:08:40.908Z,34.62,69.15

2026-08-21T13:08:45.924Z,34.62,69.21

2026-08-21T13:08:50.909Z,34.63,69.19

2026-08-21T13:08:55.908Z,34.62,69.2

2026-08-21T13:09:00.911Z,34.63,69.2

2026-08-21T13:09:05.911Z,34.64,69.18

2026-08-21T13:09:10.919Z,34.63,69.2

2026-08-21T13:09:15.937Z,34.63,69.23

2026-08-21T13:09:20.918Z,34.66,69.15

2026-08-21T13:09:25.920Z,34.63,69.22

2026-08-21T13:09:30.920Z,34.64,69.22

2026-08-21T13:09:35.921Z,34.64,69.24

2026-08-21T13:09:40.929Z,34.63,69.26

2026-08-21T13:09:45.939Z,34.62,69.3

2026-08-21T13:09:50.927Z,34.64,69.3

2026-08-21T13:09:55.929Z,34.66,69.3

2026-08-21T13:10:00.929Z,34.64,69.29

2026-08-21T13:10:05.929Z,34.64,69.27

2026-08-21T13:10:10.946Z,34.62,69.31

2026-08-21T13:10:15.938Z,34.64,69.28

2026-08-21T13:10:20.941Z,34.66,69.28

2026-08-21T13:10:25.954Z,34.63,69.28

2026-08-21T13:10:30.942Z,34.66,69.19

2026-08-21T13:10:35.942Z,34.65,69.22

2026-08-21T13:10:40.941Z,34.65,69.21

2026-08-21T13:10:45.941Z,34.65,69.21

2026-08-21T13:10:50.946Z,34.64,69.22

2026-08-21T13:10:55.958Z,34.65,69.22

2026-08-21T13:11:00.946Z,34.65,69.24

2026-08-21T13:11:05.945Z,34.65,69.24

2026-08-21T13:11:10.945Z,34.65,69.21

2026-08-21T13:11:15.945Z,34.64,69.24

2026-08-21T13:11:20.946Z,34.65,69.24

2026-08-21T13:11:25.962Z,34.65,69.26

2026-08-21T13:11:30.947Z,34.64,69.28

2026-08-21T13:11:35.950Z,34.66,69.27

2026-08-21T13:11:40.948Z,34.63,69.23

2026-08-21T13:11:45.964Z,34.62,69.29

2026-08-21T13:11:50.948Z,34.61,69.23

2026-08-21T13:11:55.950Z,34.65,69.29

2026-08-21T13:12:00.949Z,34.64,69.28

2026-08-21T13:12:05.950Z,34.62,69.32

2026-08-21T13:12:10.950Z,34.62,69.23

2026-08-21T13:12:15.960Z,34.62,69.33

2026-08-21T13:12:20.950Z,34.62,69.27

2026-08-21T13:12:25.952Z,34.62,69.3

2026-08-21T13:12:30.953Z,34.61,69.35

2026-08-21T13:12:35.952Z,34.62,69.31

2026-08-21T13:12:40.955Z,34.63,69.32

2026-08-21T13:12:45.965Z,34.61,69.37

2026-08-21T13:12:50.956Z,34.62,69.32

2026-08-21T13:12:55.957Z,34.63,69.3

2026-08-21T13:13:00.957Z,34.63,69.31

2026-08-21T13:13:05.958Z,34.62,69.29

2026-08-21T13:13:10.994Z,34.62,69.29

2026-08-21T13:13:15.986Z,34.62,69.34

2026-08-21T13:13:20.986Z,34.64,69.38

2026-08-21T13:13:25.988Z,34.64,69.26

2026-08-21T13:13:30.987Z,34.63,69.33

2026-08-21T13:13:36.002Z,34.61,69.38

2026-08-21T13:13:40.987Z,34.61,69.36

2026-08-21T13:13:45.990Z,34.62,69.35

2026-08-21T13:13:50.988Z,34.61,69.3

2026-08-21T13:13:55.988Z,34.64,69.31

2026-08-21T13:14:00.990Z,34.62,69.33

2026-08-21T13:14:06.003Z,34.62,69.4

2026-08-21T13:14:10.991Z,34.64,69.33

2026-08-21T13:14:15.991Z,34.62,69.33

2026-08-21T13:14:20.992Z,34.62,69.3

2026-08-21T13:14:25.993Z,34.62,69.26

2026-08-21T13:14:30.996Z,34.64,69.39

2026-08-21T13:14:36.007Z,34.62,69.37

2026-08-21T13:14:40.994Z,34.64,69.29

2026-08-21T13:14:45.996Z,34.63,69.3

2026-08-21T13:14:50.993Z,34.64,69.27

2026-08-21T13:14:55.994Z,34.63,69.31

2026-08-21T13:15:00.998Z,34.64,69.32

2026-08-21T13:15:06.008Z,34.63,69.34

2026-08-21T13:15:10.996Z,34.62,69.29

2026-08-21T13:15:15.996Z,34.62,69.26

2026-08-21T13:15:20.996Z,34.63,69.32

2026-08-21T13:15:25.999Z,34.64,69.31

2026-08-21T13:15:31.004Z,34.65,69.31

2026-08-21T13:15:36.015Z,34.64,69.32

2026-08-21T13:15:41.005Z,34.63,69.28

2026-08-21T13:15:46.003Z,34.64,69.21

2026-08-21T13:15:51.003Z,34.65,69.23

2026-08-21T13:15:56.002Z,34.66,69.27

2026-08-21T13:16:01.017Z,34.63,69.29

2026-08-21T13:16:06.026Z,34.64,69.29

2026-08-21T13:16:11.014Z,34.64,69.22

2026-08-21T13:16:16.017Z,34.65,69.25

2026-08-21T13:16:21.020Z,34.66,69.27

2026-08-21T13:16:26.020Z,34.65,69.26

2026-08-21T13:16:31.027Z,34.66,69.23

2026-08-21T13:16:36.039Z,34.65,69.24

2026-08-21T13:16:41.024Z,34.65,69.2

2026-08-21T13:16:46.023Z,34.66,69.15

2026-08-21T13:16:51.023Z,34.67,69.2

2026-08-21T13:16:56.024Z,34.65,69.2

2026-08-21T13:17:01.031Z,34.66,69.22

2026-08-21T13:17:06.044Z,34.64,69.24

2026-08-21T13:17:11.030Z,34.67,69.21

2026-08-21T13:17:16.031Z,34.64,69.22

2026-08-21T13:17:21.032Z,34.66,69.17

2026-08-21T13:17:26.043Z,34.64,69.2

2026-08-21T13:17:31.033Z,34.66,69.22

2026-08-21T13:17:36.035Z,34.64,69.25

2026-08-21T13:17:41.034Z,34.68,69.26

2026-08-21T13:17:46.034Z,34.66,69.25

2026-08-21T13:17:51.050Z,34.64,69.22

2026-08-21T13:17:56.057Z,34.65,69.25

2026-08-21T13:18:01.045Z,34.66,69.18

2026-08-21T13:18:06.046Z,34.65,69.17

2026-08-21T13:18:11.045Z,34.65,69.18

2026-08-21T13:18:16.046Z,34.66,69.19

2026-08-21T13:18:21.050Z,34.65,69.18

2026-08-21T13:18:26.060Z,34.66,69.25

2026-08-21T13:18:31.051Z,34.66,69.16

2026-08-21T13:18:36.049Z,34.66,69.16

2026-08-21T13:18:41.050Z,34.64,69.16

2026-08-21T13:18:46.050Z,34.65,69.11

2026-08-21T13:18:51.051Z,34.66,69.12

2026-08-21T13:18:56.062Z,34.63,69.21

2026-08-21T13:19:01.050Z,34.65,69.17

2026-08-21T13:19:06.062Z,34.63,69.22

2026-08-21T13:19:11.054Z,34.64,69.18

2026-08-21T13:19:16.052Z,34.65,69.18

2026-08-21T13:19:21.052Z,34.65,69.17

2026-08-21T13:19:26.053Z,34.65,69.15

2026-08-21T13:19:31.052Z,34.64,69.17

2026-08-21T13:19:36.066Z,34.63,69.19

2026-08-21T13:19:41.053Z,34.66,69.07

2026-08-21T13:19:46.053Z,34.61,69.09

2026-08-21T13:19:51.054Z,34.61,69.07

2026-08-21T13:19:56.057Z,34.62,69.21

2026-08-21T13:20:01.068Z,34.6,69.25

2026-08-21T13:20:06.072Z,34.61,69.17

2026-08-21T13:20:11.062Z,34.61,69.2

2026-08-21T13:20:16.067Z,34.61,69.24

2026-08-21T13:20:21.067Z,34.61,69.22

2026-08-21T13:20:26.066Z,34.62,69.2

2026-08-21T13:20:31.078Z,34.61,69.21

2026-08-21T13:20:36.087Z,34.59,69.25

2026-08-21T13:20:41.077Z,34.59,69.25

2026-08-21T13:20:46.079Z,34.61,69.22

2026-08-21T13:20:51.077Z,34.6,69.22

2026-08-21T13:20:56.078Z,34.59,69.19

2026-08-21T13:21:01.086Z,34.6,69.22

2026-08-21T13:21:06.113Z,34.59,69.17

2026-08-21T13:21:11.087Z,34.6,69.26

2026-08-21T13:21:16.087Z,34.58,69.16

2026-08-21T13:21:21.088Z,34.59,69.29

2026-08-21T13:21:26.087Z,34.58,69.21

2026-08-21T13:21:31.102Z,34.59,69.28

2026-08-21T13:21:36.117Z,34.57,69.33

2026-08-21T13:21:41.100Z,34.58,69.32

2026-08-21T13:21:46.103Z,34.57,69.29

2026-08-21T13:21:51.101Z,34.6,69.34

2026-08-21T13:21:56.103Z,34.57,69.3

2026-08-21T13:22:01.109Z,34.57,69.31

2026-08-21T13:22:06.123Z,34.56,69.34

2026-08-21T13:22:11.106Z,34.58,69.35

2026-08-21T13:22:16.108Z,34.55,69.33

2026-08-21T13:22:21.104Z,34.57,69.34

2026-08-21T13:22:26.107Z,34.54,69.38

2026-08-21T13:22:31.112Z,34.55,69.34

2026-08-21T13:22:36.126Z,34.54,69.44

2026-08-21T13:22:41.112Z,34.54,69.42

2026-08-21T13:22:46.111Z,34.54,69.41

2026-08-21T13:22:51.112Z,34.53,69.38

2026-08-21T13:22:56.112Z,34.55,69.41

2026-08-21T13:23:01.118Z,34.55,69.45

2026-08-21T13:23:06.131Z,34.53,69.5

2026-08-21T13:23:11.117Z,34.54,69.4

2026-08-21T13:23:16.116Z,34.55,69.46

2026-08-21T13:23:21.119Z,34.53,69.44

2026-08-21T13:23:26.116Z,34.55,69.38

2026-08-21T13:23:31.135Z,34.54,69.44

2026-08-21T13:23:36.145Z,34.54,69.44

2026-08-21T13:23:41.133Z,34.55,69.34

2026-08-21T13:23:46.137Z,34.53,69.41

2026-08-21T13:23:51.136Z,34.54,69.42

2026-08-21T13:23:56.160Z,34.53,69.46

2026-08-21T13:24:01.137Z,34.54,69.41

2026-08-21T13:24:06.138Z,34.54,69.41

2026-08-21T13:24:11.137Z,34.52,69.45

2026-08-21T13:24:16.139Z,34.55,69.4

2026-08-21T13:24:21.144Z,34.53,69.36

2026-08-21T13:24:26.153Z,34.52,69.4

2026-08-21T13:24:31.143Z,34.54,69.38

2026-08-21T13:24:36.143Z,34.53,69.33

2026-08-21T13:24:41.143Z,34.54,69.38

2026-08-21T13:24:46.144Z,34.53,69.4

2026-08-21T13:24:51.163Z,34.52,69.36

2026-08-21T13:24:56.156Z,34.54,69.37

2026-08-21T13:25:01.156Z,34.52,69.36

2026-08-21T13:25:06.155Z,34.52,69.43

2026-08-21T13:25:11.155Z,34.51,69.41

2026-08-21T13:25:16.172Z,34.51,69.42

2026-08-21T13:25:21.155Z,34.52,69.42

2026-08-21T13:25:26.158Z,34.51,69.44

2026-08-21T13:25:31.156Z,34.51,69.4

2026-08-21T13:25:36.158Z,34.5,69.41

2026-08-21T13:25:41.157Z,34.53,69.46

2026-08-21T13:25:46.176Z,34.53,69.43

2026-08-21T13:25:51.159Z,34.52,69.35

2026-08-21T13:25:56.159Z,34.52,69.37

2026-08-21T13:26:01.160Z,34.53,69.38

2026-08-21T13:26:06.158Z,34.51,69.32

2026-08-21T13:26:11.161Z,34.53,69.36

2026-08-21T13:26:16.178Z,34.52,69.41

2026-08-21T13:26:21.160Z,34.52,69.35

2026-08-21T13:26:26.161Z,34.51,69.36

2026-08-21T13:26:31.161Z,34.52,69.31

2026-08-21T13:26:36.162Z,34.51,69.32

2026-08-21T13:26:41.166Z,34.53,69.39

2026-08-21T13:26:46.182Z,34.5,69.41

2026-08-21T13:26:51.166Z,34.51,69.32

2026-08-21T13:26:56.166Z,34.5,69.41

2026-08-21T13:27:01.166Z,34.51,69.37

2026-08-21T13:27:06.167Z,34.5,69.34

2026-08-21T13:27:11.174Z,34.5,69.39

2026-08-21T13:27:16.183Z,34.5,69.37

2026-08-21T13:27:21.173Z,34.5,69.36

2026-08-21T13:27:26.174Z,34.5,69.36

2026-08-21T13:27:31.174Z,34.47,69.37

2026-08-21T13:27:36.178Z,34.5,69.41

2026-08-21T13:27:41.191Z,34.49,69.41

2026-08-21T13:27:46.205Z,34.51,69.44

2026-08-21T13:27:51.187Z,34.47,69.49

2026-08-21T13:27:56.187Z,34.49,69.4

2026-08-21T13:28:01.188Z,34.48,69.41

2026-08-21T13:28:06.188Z,34.46,69.43

2026-08-21T13:28:11.201Z,34.48,69.42

2026-08-21T13:28:16.212Z,34.47,69.49

2026-08-21T13:28:21.201Z,34.47,69.36

2026-08-21T13:28:26.202Z,34.48,69.41

2026-08-21T13:28:31.201Z,34.48,69.4

2026-08-21T13:28:36.202Z,34.49,69.38

2026-08-21T13:28:41.208Z,34.48,69.39

2026-08-21T13:28:46.221Z,34.5,69.42

2026-08-21T13:28:51.209Z,34.49,69.43

2026-08-21T13:28:56.209Z,34.46,69.4

2026-08-21T13:29:01.210Z,34.49,69.37

2026-08-21T13:29:06.211Z,34.48,69.39

2026-08-21T13:29:11.222Z,34.48,69.4

2026-08-21T13:29:16.231Z,34.49,69.42

2026-08-21T13:29:21.220Z,34.49,69.42

2026-08-21T13:29:26.220Z,34.46,69.38

2026-08-21T13:29:31.219Z,34.48,69.4

2026-08-21T13:29:36.218Z,34.48,69.35

2026-08-21T13:29:41.227Z,34.48,69.4

2026-08-21T13:29:46.238Z,34.52,69.44

2026-08-21T13:29:51.226Z,34.51,69.38

2026-08-21T13:29:56.226Z,34.5,69.34

2026-08-21T13:30:01.229Z,34.51,69.38

2026-08-21T13:30:06.230Z,34.49,69.35

2026-08-21T13:30:11.229Z,34.51,69.34

2026-08-21T13:30:16.240Z,34.51,69.4

2026-08-21T13:30:21.227Z,34.51,69.33

2026-08-21T13:30:26.229Z,34.51,69.34

2026-08-21T13:30:31.229Z,34.5,69.33

2026-08-21T13:30:36.229Z,34.52,69.31

2026-08-21T13:30:41.229Z,34.51,69.3

2026-08-21T13:30:46.240Z,34.53,69.36

2026-08-21T13:30:51.230Z,34.53,69.32

2026-08-21T13:30:56.228Z,34.53,69.36

2026-08-21T13:31:01.229Z,34.52,69.33

2026-08-21T13:31:06.231Z,34.53,69.33

2026-08-21T13:31:11.240Z,34.53,69.27

2026-08-21T13:31:16.254Z,34.53,69.32

2026-08-21T13:31:21.238Z,34.54,69.28

2026-08-21T13:31:26.240Z,34.55,69.25

2026-08-21T13:31:31.241Z,34.54,69.18

2026-08-21T13:31:36.241Z,34.56,69.22

2026-08-21T13:31:41.247Z,34.54,69.22

2026-08-21T13:31:46.260Z,34.54,69.23

2026-08-21T13:31:51.248Z,34.55,69.18

2026-08-21T13:31:56.248Z,34.55,69.22

2026-08-21T13:32:01.248Z,34.57,69.23

2026-08-21T13:32:06.248Z,34.55,69.17

2026-08-21T13:32:11.259Z,34.57,69.16

2026-08-21T13:32:16.271Z,34.57,69.21

2026-08-21T13:32:21.257Z,34.56,69.23

2026-08-21T13:32:26.260Z,34.57,69.16

2026-08-21T13:32:31.259Z,34.58,69.19

2026-08-21T13:32:36.258Z,34.58,69.19

2026-08-21T13:32:41.268Z,34.58,69.1

2026-08-21T13:32:46.281Z,34.58,69.22

2026-08-21T13:32:51.266Z,34.56,69.17

2026-08-21T13:32:56.269Z,34.57,69.15

2026-08-21T13:33:01.269Z,34.59,69.08

2026-08-21T13:33:06.269Z,34.59,69.12

2026-08-21T13:33:11.273Z,34.6,69.13

2026-08-21T13:33:16.287Z,34.6,69.14

2026-08-21T13:33:21.273Z,34.6,69.16

2026-08-21T13:33:26.275Z,34.59,69.05

2026-08-21T13:33:31.274Z,34.6,69.05

2026-08-21T13:33:36.277Z,34.6,69.07

2026-08-21T13:33:41.281Z,34.6,69.1

2026-08-21T13:33:46.291Z,34.6,69.13

2026-08-21T13:33:51.280Z,34.59,69.07

2026-08-21T13:33:56.280Z,34.61,69.04

2026-08-21T13:34:01.280Z,34.61,69.03

2026-08-21T13:34:06.281Z,34.6,69.06

2026-08-21T13:34:11.289Z,34.62,69.01

2026-08-21T13:34:16.305Z,34.62,69.15

2026-08-21T13:34:21.286Z,34.62,69.06

2026-08-21T13:34:26.286Z,34.63,69.04

2026-08-21T13:34:31.286Z,34.61,69.09

2026-08-21T13:34:36.287Z,34.63,69.03

2026-08-21T13:34:41.293Z,34.64,69

2026-08-21T13:34:46.302Z,34.64,69

2026-08-21T13:34:51.292Z,34.62,69.03

2026-08-21T13:34:56.293Z,34.63,69.02

2026-08-21T13:35:01.295Z,34.63,68.99

2026-08-21T13:35:06.293Z,34.63,69.02

2026-08-21T13:35:11.302Z,34.64,69.02

2026-08-21T13:35:16.316Z,34.62,69.1

2026-08-21T13:35:21.305Z,34.64,69.1

2026-08-21T13:35:26.304Z,34.64,68.99

2026-08-21T13:35:31.306Z,34.65,69.02

2026-08-21T13:35:36.308Z,34.64,68.99

2026-08-21T13:35:41.313Z,34.63,69.03

2026-08-21T13:35:46.324Z,34.64,69.04

2026-08-21T13:35:51.310Z,34.64,69.05

2026-08-21T13:35:56.314Z,34.64,69.02

2026-08-21T13:36:01.312Z,34.64,69.02

2026-08-21T13:36:06.316Z,34.62,69.04

2026-08-21T13:36:11.320Z,34.64,69.02

2026-08-21T13:36:16.330Z,34.63,69.06

2026-08-21T13:36:21.318Z,34.64,69.01

2026-08-21T13:36:26.317Z,34.66,69.09

2026-08-21T13:36:31.318Z,34.63,68.99

2026-08-21T13:36:36.319Z,34.64,68.99

2026-08-21T13:36:41.335Z,34.63,68.96

2026-08-21T13:36:46.348Z,34.64,69.01

2026-08-21T13:36:51.334Z,34.65,69

2026-08-21T13:36:56.335Z,34.64,69.05

2026-08-21T13:37:01.337Z,34.66,68.93

2026-08-21T13:37:06.336Z,34.64,68.99

2026-08-21T13:37:11.351Z,34.65,69

2026-08-21T13:37:16.359Z,34.64,69.04

2026-08-21T13:37:21.349Z,34.63,68.99

2026-08-21T13:37:26.350Z,34.65,68.97

2026-08-21T13:37:31.352Z,34.65,69

2026-08-21T13:37:36.353Z,34.65,69.01

2026-08-21T13:37:41.353Z,34.65,68.97

2026-08-21T13:37:46.362Z,34.64,68.95

2026-08-21T13:37:51.352Z,34.64,68.94

2026-08-21T13:37:56.353Z,34.65,68.93

2026-08-21T13:38:01.352Z,34.65,68.96

2026-08-21T13:38:06.352Z,34.64,68.95

2026-08-21T13:38:11.353Z,34.65,68.97

2026-08-21T13:38:16.369Z,34.65,68.97

2026-08-21T13:38:21.355Z,34.65,68.91

2026-08-21T13:38:26.353Z,34.66,68.94

2026-08-21T13:38:31.353Z,34.67,68.91

2026-08-21T13:38:36.355Z,34.67,68.94

2026-08-21T13:38:41.358Z,34.65,68.88

2026-08-21T13:38:46.372Z,34.63,68.94

2026-08-21T13:38:51.358Z,34.64,68.95

2026-08-21T13:38:56.363Z,34.65,68.93

2026-08-21T13:39:01.363Z,34.65,68.91

2026-08-21T13:39:06.374Z,34.66,68.97

2026-08-21T13:39:11.360Z,34.66,68.89

2026-08-21T13:39:16.362Z,34.67,68.92

2026-08-21T13:39:21.362Z,34.68,68.93

2026-08-21T13:39:26.361Z,34.67,68.91

2026-08-21T13:39:31.375Z,34.67,68.85

2026-08-21T13:39:36.385Z,34.66,68.91

2026-08-21T13:39:41.373Z,34.67,68.83

2026-08-21T13:39:46.376Z,34.65,68.85

2026-08-21T13:39:51.375Z,34.67,68.89

2026-08-21T13:39:56.375Z,34.67,68.85

2026-08-21T13:40:01.383Z,34.66,68.81

2026-08-21T13:40:06.394Z,34.66,68.86

2026-08-21T13:40:11.383Z,34.66,68.87

2026-08-21T13:40:16.383Z,34.67,68.85

2026-08-21T13:40:21.383Z,34.66,68.89

2026-08-21T13:40:26.383Z,34.67,68.86

2026-08-21T13:40:31.391Z,34.67,68.84

2026-08-21T13:40:36.402Z,34.66,68.83

2026-08-21T13:40:41.389Z,34.68,68.75

2026-08-21T13:40:46.390Z,34.68,68.84

2026-08-21T13:40:51.389Z,34.7,68.84

2026-08-21T13:40:56.402Z,34.67,68.86

2026-08-21T13:41:01.392Z,34.69,68.86

2026-08-21T13:41:06.392Z,34.69,68.83

2026-08-21T13:41:11.391Z,34.69,68.8

2026-08-21T13:41:16.393Z,34.67,68.83

2026-08-21T13:41:21.391Z,34.68,68.83

2026-08-21T13:41:26.405Z,34.68,68.83

2026-08-21T13:41:31.393Z,34.69,68.77

2026-08-21T13:41:36.394Z,34.68,68.77

2026-08-21T13:41:41.393Z,34.69,68.85

2026-08-21T13:41:46.397Z,34.67,68.83

2026-08-21T13:41:51.393Z,34.68,68.83

2026-08-21T13:41:56.406Z,34.69,68.83

2026-08-21T13:42:01.397Z,34.69,68.81

2026-08-21T13:42:06.395Z,34.68,68.81

2026-08-21T13:42:11.394Z,34.69,68.82

2026-08-21T13:42:16.393Z,34.7,68.74

2026-08-21T13:42:21.404Z,34.67,68.77

2026-08-21T13:42:26.408Z,34.69,68.82

2026-08-21T13:42:31.399Z,34.7,68.81

2026-08-21T13:42:36.399Z,34.69,68.84

2026-08-21T13:42:41.402Z,34.67,68.79

2026-08-21T13:42:46.400Z,34.68,68.81

2026-08-21T13:42:51.415Z,34.68,68.84

2026-08-21T13:42:56.425Z,34.66,68.85

2026-08-21T13:43:01.415Z,34.66,68.86

2026-08-21T13:43:06.415Z,34.67,68.86

2026-08-21T13:43:11.414Z,34.66,68.9

2026-08-21T13:43:16.416Z,34.66,68.86

2026-08-21T13:43:21.424Z,34.67,68.9

2026-08-21T13:43:26.435Z,34.66,68.92

2026-08-21T13:43:31.424Z,34.68,68.88

2026-08-21T13:43:36.425Z,34.67,68.97

2026-08-21T13:43:41.424Z,34.68,68.91

2026-08-21T13:43:46.425Z,34.66,68.92

2026-08-21T13:43:51.434Z,34.64,68.88

2026-08-21T13:43:56.446Z,34.66,68.93

2026-08-21T13:44:01.431Z,34.67,68.91

2026-08-21T13:44:06.433Z,34.66,68.88

2026-08-21T13:44:11.434Z,34.67,68.95

2026-08-21T13:44:16.437Z,34.65,68.92

2026-08-21T13:44:21.446Z,34.63,69

2026-08-21T13:44:26.453Z,34.65,68.99

2026-08-21T13:44:31.442Z,34.67,68.92

2026-08-21T13:44:36.445Z,34.65,68.92

2026-08-21T13:44:41.444Z,34.66,68.88

2026-08-21T13:44:46.444Z,34.65,68.87

2026-08-21T13:44:51.451Z,34.66,68.87

2026-08-21T13:44:56.463Z,34.66,68.92

2026-08-21T13:45:01.452Z,34.67,68.79

2026-08-21T13:45:06.452Z,34.67,68.85

2026-08-21T13:45:11.452Z,34.68,68.82

2026-08-21T13:45:16.452Z,34.67,68.84

2026-08-21T13:45:21.452Z,34.69,68.82

2026-08-21T13:45:26.466Z,34.67,68.83

2026-08-21T13:45:31.452Z,34.67,68.87

2026-08-21T13:45:36.451Z,34.67,68.81

2026-08-21T13:45:41.451Z,34.68,68.81

2026-08-21T13:45:46.452Z,34.68,68.77

2026-08-21T13:45:51.464Z,34.67,68.71

2026-08-21T13:45:56.475Z,34.67,68.77

2026-08-21T13:46:01.462Z,34.67,68.77

2026-08-21T13:46:06.464Z,34.7,68.73

2026-08-21T13:46:11.464Z,34.69,68.76

2026-08-21T13:46:16.463Z,34.69,68.71

2026-08-21T13:46:21.473Z,34.68,68.78

2026-08-21T13:46:26.488Z,34.69,68.82

2026-08-21T13:46:31.469Z,34.69,68.7

2026-08-21T13:46:36.471Z,34.68,68.71

2026-08-21T13:46:41.472Z,34.69,68.69

2026-08-21T13:46:46.472Z,34.69,68.73

2026-08-21T13:46:51.483Z,34.66,68.7

2026-08-21T13:46:56.490Z,34.7,68.68

2026-08-21T13:47:01.480Z,34.7,68.6

2026-08-21T13:47:06.481Z,34.7,68.56

2026-08-21T13:47:11.483Z,34.7,68.59

2026-08-21T13:47:16.483Z,34.69,68.61

2026-08-21T13:47:21.489Z,34.7,68.63

2026-08-21T13:47:26.501Z,34.7,68.62

2026-08-21T13:47:31.488Z,34.69,68.63

2026-08-21T13:47:36.501Z,34.69,68.63

2026-08-21T13:47:41.489Z,34.71,68.61

2026-08-21T13:47:46.488Z,34.7,68.53

2026-08-21T13:47:51.491Z,34.69,68.46

2026-08-21T13:47:56.506Z,34.69,68.59

2026-08-21T13:48:01.490Z,34.69,68.41

2026-08-21T13:48:06.491Z,34.68,68.44

2026-08-21T13:48:11.491Z,34.71,68.41

2026-08-21T13:48:16.492Z,34.69,68.43

2026-08-21T13:48:21.492Z,34.69,68.39

2026-08-21T13:48:26.507Z,34.7,68.37

2026-08-21T13:48:31.491Z,34.71,68.37

2026-08-21T13:48:36.491Z,34.69,68.35

2026-08-21T13:48:41.495Z,34.71,68.32

2026-08-21T13:48:46.494Z,34.68,68.35

2026-08-21T13:48:51.494Z,34.7,68.32

2026-08-21T13:48:56.506Z,34.7,68.29

2026-08-21T13:49:01.495Z,34.71,68.3

2026-08-21T13:49:06.494Z,34.71,68.28

2026-08-21T13:49:11.496Z,34.7,68.26

2026-08-21T13:49:16.496Z,34.71,68.3

2026-08-21T13:49:21.493Z,34.7,68.31

2026-08-21T13:49:26.504Z,34.7,68.33

2026-08-21T13:49:31.492Z,34.7,68.26

2026-08-21T13:49:36.495Z,34.71,68.33

2026-08-21T13:49:41.493Z,34.72,68.26

2026-08-21T13:49:46.497Z,34.71,68.29

2026-08-21T13:49:51.502Z,34.71,68.28

2026-08-21T13:49:56.516Z,34.7,68.28

2026-08-21T13:50:01.504Z,34.73,68.26

2026-08-21T13:50:06.506Z,34.7,68.26

2026-08-21T13:50:11.503Z,34.72,68.3

2026-08-21T13:50:16.504Z,34.71,68.27

2026-08-21T13:50:21.514Z,34.71,68.3

2026-08-21T13:50:26.529Z,34.68,68.32

2026-08-21T13:50:31.513Z,34.71,68.28

2026-08-21T13:50:36.513Z,34.71,68.29

2026-08-21T13:50:41.515Z,34.71,68.31

2026-08-21T13:50:46.516Z,34.71,68.33

2026-08-21T13:50:51.531Z,34.71,68.29

2026-08-21T13:50:56.542Z,34.71,68.34

2026-08-21T13:51:01.532Z,34.69,68.32

2026-08-21T13:51:06.532Z,34.69,68.31

2026-08-21T13:51:11.531Z,34.7,68.36

2026-08-21T13:51:16.532Z,34.71,68.33

2026-08-21T13:51:21.543Z,34.71,68.38

2026-08-21T13:51:26.554Z,34.7,68.36

2026-08-21T13:51:31.542Z,34.7,68.35

2026-08-21T13:51:36.543Z,34.7,68.29

2026-08-21T13:51:41.544Z,34.72,68.38

2026-08-21T13:51:46.545Z,34.72,68.32

2026-08-21T13:51:51.548Z,34.73,68.32

2026-08-21T13:51:56.560Z,34.7,68.32

2026-08-21T13:52:01.546Z,34.7,68.26

2026-08-21T13:52:06.545Z,34.7,68.29

2026-08-21T13:52:11.547Z,34.71,68.26

2026-08-21T13:52:16.546Z,34.69,68.25

2026-08-21T13:52:21.551Z,34.7,68.28

2026-08-21T13:52:26.563Z,34.7,68.28

2026-08-21T13:52:31.550Z,34.7,68.3

2026-08-21T13:52:36.553Z,34.71,68.24

2026-08-21T13:52:41.551Z,34.71,68.23

2026-08-21T13:52:46.549Z,34.7,68.22

2026-08-21T13:52:51.561Z,34.7,68.24

2026-08-21T13:52:56.574Z,34.68,68.26

2026-08-21T13:53:01.560Z,34.68,68.27

2026-08-21T13:53:06.561Z,34.72,68.3

2026-08-21T13:53:11.561Z,34.7,68.22

2026-08-21T13:53:16.560Z,34.72,68.25

2026-08-21T13:53:21.579Z,34.71,68.21

2026-08-21T13:53:26.586Z,34.7,68.19

2026-08-21T13:53:31.576Z,34.7,68.21

2026-08-21T13:53:36.576Z,34.72,68.19

2026-08-21T13:53:41.578Z,34.7,68.18

2026-08-21T13:53:46.579Z,34.69,68.16

2026-08-21T13:53:51.590Z,34.7,68.19

2026-08-21T13:53:56.601Z,34.7,68.14

2026-08-21T13:54:01.593Z,34.71,68.15

2026-08-21T13:54:06.591Z,34.71,68.18

2026-08-21T13:54:11.590Z,34.72,68.15

2026-08-21T13:54:16.591Z,34.7,68.16

2026-08-21T13:54:21.601Z,34.69,68.11

2026-08-21T13:54:26.611Z,34.69,68.13

2026-08-21T13:54:31.600Z,34.7,68.05

2026-08-21T13:54:36.600Z,34.7,68.03

2026-08-21T13:54:41.600Z,34.7,68.04

2026-08-21T13:54:46.601Z,34.7,68.13

2026-08-21T13:54:51.611Z,34.69,68.08

2026-08-21T13:54:56.621Z,34.69,68.1

2026-08-21T13:55:01.612Z,34.71,68.09

2026-08-21T13:55:06.610Z,34.69,68.12

2026-08-21T13:55:11.611Z,34.68,68.05

2026-08-21T13:55:16.611Z,34.69,68.07

2026-08-21T13:55:21.611Z,34.69,68.08

2026-08-21T13:55:26.621Z,34.69,68.11

2026-08-21T13:55:31.611Z,34.69,68.08

2026-08-21T13:55:36.613Z,34.69,68.12

2026-08-21T13:55:41.613Z,34.68,68.09

2026-08-21T13:55:46.630Z,34.65,68.09

2026-08-21T13:55:51.612Z,34.68,68.07

2026-08-21T13:55:56.613Z,34.68,68.07

2026-08-21T13:56:01.612Z,34.67,68.09

2026-08-21T13:56:06.613Z,34.7,68.07

2026-08-21T13:56:11.616Z,34.68,68.05

2026-08-21T13:56:16.626Z,34.69,68.03

2026-08-21T13:56:21.613Z,34.7,68.08

2026-08-21T13:56:26.614Z,34.67,67.98

2026-08-21T13:56:31.614Z,34.68,68.03

2026-08-21T13:56:36.614Z,34.67,68.03

2026-08-21T13:56:41.613Z,34.68,67.98

2026-08-21T13:56:46.625Z,34.68,68.07

2026-08-21T13:56:51.614Z,34.7,68.03

2026-08-21T13:56:56.615Z,34.67,68.04

2026-08-21T13:57:01.613Z,34.68,68.05

2026-08-21T13:57:06.616Z,34.66,68.06

2026-08-21T13:57:11.627Z,34.67,68

2026-08-21T13:57:16.636Z,34.68,68.11

2026-08-21T13:57:21.626Z,34.68,68.01

2026-08-21T13:57:26.628Z,34.68,68.04

2026-08-21T13:57:31.626Z,34.7,68.05

2026-08-21T13:57:36.627Z,34.67,67.99

2026-08-21T13:57:41.660Z,34.67,68.03

2026-08-21T13:57:46.647Z,34.67,68.07

2026-08-21T13:57:51.650Z,34.68,68.01

2026-08-21T13:57:56.648Z,34.67,68.03

2026-08-21T13:58:01.653Z,34.7,68.03

2026-08-21T13:58:06.664Z,34.68,68.04

2026-08-21T13:58:11.655Z,34.69,68

2026-08-21T13:58:16.655Z,34.67,67.98

2026-08-21T13:58:21.655Z,34.69,68

2026-08-21T13:58:26.657Z,34.68,67.95

2026-08-21T13:58:31.664Z,34.69,67.97

2026-08-21T13:58:36.675Z,34.69,68

2026-08-21T13:58:41.665Z,34.68,67.98

2026-08-21T13:58:46.665Z,34.69,68.04

2026-08-21T13:58:51.662Z,34.68,67.99

2026-08-21T13:58:56.664Z,34.69,67.99

2026-08-21T13:59:01.678Z,34.7,68.02

2026-08-21T13:59:06.688Z,34.7,68.04

2026-08-21T13:59:11.676Z,34.68,68

2026-08-21T13:59:16.676Z,34.7,67.97

2026-08-21T13:59:21.676Z,34.69,67.98

2026-08-21T13:59:26.677Z,34.69,67.95

2026-08-21T13:59:31.681Z,34.69,68.03

2026-08-21T13:59:36.693Z,34.7,68

2026-08-21T13:59:41.682Z,34.69,67.99

2026-08-21T13:59:46.681Z,34.7,67.99

2026-08-21T13:59:51.684Z,34.69,68.04

2026-08-21T13:59:56.684Z,34.7,68.03

2026-08-21T14:00:01.688Z,34.69,68.04

2026-08-21T14:00:06.698Z,34.69,68.08

2026-08-21T14:00:11.687Z,34.69,68.04

2026-08-21T14:00:16.689Z,34.69,68.08

2026-08-21T14:00:21.687Z,34.68,68.05

2026-08-21T14:00:26.689Z,34.68,68.04

2026-08-21T14:00:31.685Z,34.67,68.05

2026-08-21T14:00:36.700Z,34.68,68.08

2026-08-21T14:00:41.689Z,34.68,68.08

2026-08-21T14:00:46.690Z,34.67,68.05

2026-08-21T14:00:51.689Z,34.69,68.03

2026-08-21T14:00:56.690Z,34.67,68.06

2026-08-21T14:01:01.698Z,34.68,68.03

2026-08-21T14:01:06.710Z,34.67,68.1

2026-08-21T14:01:11.698Z,34.67,68.12

2026-08-21T14:01:16.702Z,34.67,68.16

2026-08-21T14:01:21.700Z,34.69,68.09

2026-08-21T14:01:26.701Z,34.67,68.18

2026-08-21T14:01:31.714Z,34.67,68.13

2026-08-21T14:01:36.729Z,34.68,68.18

2026-08-21T14:01:41.713Z,34.67,68.13

2026-08-21T14:01:46.713Z,34.69,68.17

2026-08-21T14:01:51.711Z,34.66,68.15

2026-08-21T14:01:56.715Z,34.69,68.17

2026-08-21T14:02:01.724Z,34.69,68.14

2026-08-21T14:02:06.735Z,34.68,68.17

2026-08-21T14:02:11.725Z,34.69,68.12

2026-08-21T14:02:16.726Z,34.68,68.1

2026-08-21T14:02:21.725Z,34.69,68.11

2026-08-21T14:02:26.732Z,34.66,68.16

2026-08-21T14:02:31.732Z,34.68,68.12

2026-08-21T14:02:36.728Z,34.67,68.19

2026-08-21T14:02:41.727Z,34.67,68.18

2026-08-21T14:02:46.728Z,34.67,68.11

2026-08-21T14:02:51.732Z,34.69,68.16

2026-08-21T14:02:56.741Z,34.68,68.13

2026-08-21T14:03:01.729Z,34.66,68.09

2026-08-21T14:03:06.730Z,34.68,68.12

2026-08-21T14:03:11.746Z,34.67,68.1

2026-08-21T14:03:16.734Z,34.66,68.09

2026-08-21T14:03:21.738Z,34.69,68.15

2026-08-21T14:03:26.735Z,34.66,68.1

2026-08-21T14:03:31.735Z,34.68,68.16

2026-08-21T14:03:36.748Z,34.68,68.18

2026-08-21T14:03:41.736Z,34.66,68.08

2026-08-21T14:03:46.736Z,34.66,68.16

2026-08-21T14:03:51.736Z,34.67,68.05

2026-08-21T14:03:56.737Z,34.67,68.04

2026-08-21T14:04:01.736Z,34.66,68.05

2026-08-21T14:04:06.747Z,34.69,68.11

2026-08-21T14:04:11.737Z,34.67,68.06

2026-08-21T14:04:16.737Z,34.67,68.08

2026-08-21T14:04:21.735Z,34.68,68.13

2026-08-21T14:04:26.737Z,34.68,68.08

2026-08-21T14:04:31.740Z,34.68,68.03

2026-08-21T14:04:36.751Z,34.66,68.09

2026-08-21T14:04:41.740Z,34.67,68.06

2026-08-21T14:04:46.740Z,34.66,68.07

2026-08-21T14:04:51.741Z,34.67,68.03

2026-08-21T14:04:56.740Z,34.66,68.09

2026-08-21T14:05:01.760Z,34.67,68.11

2026-08-21T14:05:06.771Z,34.66,68.07

2026-08-21T14:05:11.760Z,34.67,68.03

2026-08-21T14:05:16.760Z,34.68,68.01

2026-08-21T14:05:21.760Z,34.66,68.04

2026-08-21T14:05:26.761Z,34.66,68.03

2026-08-21T14:05:31.767Z,34.65,68.04

2026-08-21T14:05:36.778Z,34.65,68.04

2026-08-21T14:05:41.766Z,34.67,68.03

2026-08-21T14:05:46.769Z,34.66,68.08

2026-08-21T14:05:51.767Z,34.64,67.97

2026-08-21T14:05:56.768Z,34.64,68.03

2026-08-21T14:06:01.779Z,34.65,68.06

2026-08-21T14:06:06.788Z,34.66,68

2026-08-21T14:06:11.778Z,34.66,68.05

2026-08-21T14:06:16.778Z,34.67,67.98

2026-08-21T14:06:21.779Z,34.64,67.98

2026-08-21T14:06:26.779Z,34.65,68.02

2026-08-21T14:06:31.785Z,34.68,67.99

2026-08-21T14:06:36.794Z,34.65,67.95

2026-08-21T14:06:41.786Z,34.66,67.96

2026-08-21T14:06:46.785Z,34.65,67.92

2026-08-21T14:06:51.786Z,34.66,67.98

2026-08-21T14:06:56.787Z,34.67,67.92

2026-08-21T14:07:01.799Z,34.66,67.91

2026-08-21T14:07:06.806Z,34.65,67.87

2026-08-21T14:07:11.795Z,34.65,67.85

2026-08-21T14:07:16.796Z,34.66,67.87

2026-08-21T14:07:21.797Z,34.67,67.85

2026-08-21T14:07:26.799Z,34.66,67.9

2026-08-21T14:07:31.802Z,34.67,67.93

2026-08-21T14:07:36.811Z,34.67,67.97

2026-08-21T14:07:41.800Z,34.67,67.96

2026-08-21T14:07:46.800Z,34.67,67.97

2026-08-21T14:07:51.800Z,34.66,67.96

2026-08-21T14:07:56.802Z,34.67,68.04

2026-08-21T14:08:01.804Z,34.66,67.98

2026-08-21T14:08:06.817Z,34.66,68.04

2026-08-21T14:08:11.804Z,34.64,67.95

2026-08-21T14:08:16.803Z,34.63,67.96

2026-08-21T14:08:21.802Z,34.66,67.96

2026-08-21T14:08:26.803Z,34.65,67.99

2026-08-21T14:08:31.808Z,34.64,67.96

2026-08-21T14:08:36.816Z,34.64,68.01

2026-08-21T14:08:41.807Z,34.65,67.97

2026-08-21T14:08:46.810Z,34.65,67.98

2026-08-21T14:08:51.807Z,34.63,67.91

2026-08-21T14:08:56.809Z,34.64,67.98

2026-08-21T14:09:01.818Z,34.64,68.03

2026-08-21T14:09:06.827Z,34.65,68.05

2026-08-21T14:09:11.820Z,34.62,67.98

2026-08-21T14:09:16.819Z,34.62,67.96

2026-08-21T14:09:21.822Z,34.63,67.97

2026-08-21T14:09:26.833Z,34.64,68

2026-08-21T14:09:31.821Z,34.64,67.92

2026-08-21T14:09:36.822Z,34.64,67.92

2026-08-21T14:09:41.822Z,34.61,67.87

2026-08-21T14:09:46.824Z,34.64,67.99

2026-08-21T14:09:51.824Z,34.63,67.89

2026-08-21T14:09:56.835Z,34.63,68.01

2026-08-21T14:10:01.822Z,34.63,67.95

2026-08-21T14:10:06.821Z,34.66,67.99

2026-08-21T14:10:11.821Z,34.66,67.92

2026-08-21T14:10:16.824Z,34.64,67.96

2026-08-21T14:10:21.837Z,34.64,67.92

2026-08-21T14:10:26.847Z,34.65,67.97

2026-08-21T14:10:31.834Z,34.67,67.98

2026-08-21T14:10:36.834Z,34.65,67.95

2026-08-21T14:10:41.836Z,34.65,68.01

2026-08-21T14:10:46.837Z,34.64,68

2026-08-21T14:10:51.847Z,34.65,67.97

2026-08-21T14:10:56.858Z,34.65,68.07

2026-08-21T14:11:01.846Z,34.67,68.07

2026-08-21T14:11:06.846Z,34.64,68.06

2026-08-21T14:11:11.848Z,34.65,67.99

2026-08-21T14:11:16.847Z,34.65,68.01

2026-08-21T14:11:21.846Z,34.65,67.97

2026-08-21T14:11:26.863Z,34.63,68.04

2026-08-21T14:11:31.846Z,34.63,68.08

2026-08-21T14:11:36.845Z,34.65,68.04

2026-08-21T14:11:41.847Z,34.64,68.01

2026-08-21T14:11:46.846Z,34.66,68.07

2026-08-21T14:11:51.861Z,34.63,68.09

2026-08-21T14:11:56.871Z,34.64,68.12

2026-08-21T14:12:01.859Z,34.66,68.14

2026-08-21T14:12:06.859Z,34.66,68.06

2026-08-21T14:12:11.860Z,34.65,68.14

2026-08-21T14:12:16.862Z,34.65,68.12

2026-08-21T14:12:21.878Z,34.64,68.09

2026-08-21T14:12:26.885Z,34.65,68.18

2026-08-21T14:12:31.873Z,34.64,68.08

2026-08-21T14:12:36.880Z,34.64,68.1

2026-08-21T14:12:41.877Z,34.64,68.11

2026-08-21T14:12:46.877Z,34.63,68.06

2026-08-21T14:12:51.884Z,34.66,68.05

2026-08-21T14:12:56.893Z,34.64,68.07

2026-08-21T14:13:01.884Z,34.65,68.13

2026-08-21T14:13:06.882Z,34.65,68.08

2026-08-21T14:13:11.884Z,34.67,68.06

2026-08-21T14:13:16.884Z,34.68,68.11

2026-08-21T14:13:21.886Z,34.66,68.11

2026-08-21T14:13:26.899Z,34.65,68.16

2026-08-21T14:13:31.885Z,34.66,68.08

2026-08-21T14:13:36.886Z,34.66,68.12

2026-08-21T14:13:41.887Z,34.66,68.12

2026-08-21T14:13:46.888Z,34.66,68.08

2026-08-21T14:13:51.895Z,34.65,68.08

2026-08-21T14:13:56.904Z,34.65,68.04

2026-08-21T14:14:01.894Z,34.66,68.05

2026-08-21T14:14:06.896Z,34.67,68.06

2026-08-21T14:14:11.895Z,34.63,68.12

2026-08-21T14:14:16.899Z,34.66,68.12

2026-08-21T14:14:21.907Z,34.66,68.07

2026-08-21T14:14:26.918Z,34.66,68.1

2026-08-21T14:14:31.907Z,34.66,68.11

2026-08-21T14:14:36.908Z,34.64,68.11

2026-08-21T14:14:41.906Z,34.65,68.08

2026-08-21T14:14:46.907Z,34.66,68.09

2026-08-21T14:14:51.909Z,34.66,68.09

2026-08-21T14:14:56.921Z,34.66,68.09

2026-08-21T14:15:01.907Z,34.64,68.08

2026-08-21T14:15:06.908Z,34.65,68.12

2026-08-21T14:15:11.908Z,34.65,68.08

2026-08-21T14:15:16.910Z,34.64,68.08

2026-08-21T14:15:21.918Z,34.66,68.07

2026-08-21T14:15:26.930Z,34.65,68.08

2026-08-21T14:15:31.919Z,34.65,68.09

2026-08-21T14:15:36.920Z,34.66,68.05

2026-08-21T14:15:41.920Z,34.66,68.09

2026-08-21T14:15:46.921Z,34.66,68.07

2026-08-21T14:15:51.919Z,34.67,68.09

2026-08-21T14:15:56.928Z,34.65,68.06

2026-08-21T14:16:01.919Z,34.63,68.06

2026-08-21T14:16:06.921Z,34.65,68.07

2026-08-21T14:16:11.920Z,34.65,68.1

2026-08-21T14:16:16.921Z,34.65,68.12

2026-08-21T14:16:21.939Z,34.65,68.14

2026-08-21T14:16:26.957Z,34.64,68.14

2026-08-21T14:16:31.938Z,34.66,68.03

2026-08-21T14:16:36.941Z,34.65,68.06

2026-08-21T14:16:41.938Z,34.66,68.05

2026-08-21T14:16:46.939Z,34.65,68.11

2026-08-21T14:16:51.941Z,34.67,68.03

2026-08-21T14:16:56.950Z,34.65,68.09

2026-08-21T14:17:01.940Z,34.65,68.09

2026-08-21T14:17:06.941Z,34.65,68.16

2026-08-21T14:17:11.942Z,34.67,68.14

2026-08-21T14:17:16.941Z,34.67,68.21

2026-08-21T14:17:21.956Z,34.68,68.22

2026-08-21T14:17:26.964Z,34.64,68.23

2026-08-21T14:17:31.954Z,34.66,68.25

2026-08-21T14:17:36.954Z,34.66,68.24

2026-08-21T14:17:41.955Z,34.67,68.22

2026-08-21T14:17:46.967Z,34.63,68.29

2026-08-21T14:17:51.954Z,34.66,68.31

2026-08-21T14:17:56.954Z,34.65,68.31

2026-08-21T14:18:01.953Z,34.66,68.27

2026-08-21T14:18:06.967Z,34.64,68.3

2026-08-21T14:18:11.953Z,34.66,68.3

2026-08-21T14:18:16.954Z,34.64,68.34

2026-08-21T14:18:21.953Z,34.64,68.34

2026-08-21T14:18:26.967Z,34.63,68.25

2026-08-21T14:18:31.955Z,34.65,68.36

2026-08-21T14:18:36.957Z,34.63,68.33

2026-08-21T14:18:41.953Z,34.65,68.37

2026-08-21T14:18:46.955Z,34.63,68.4

2026-08-21T14:18:51.955Z,34.63,68.41

2026-08-21T14:18:56.968Z,34.62,68.5

2026-08-21T14:19:01.955Z,34.62,68.41

2026-08-21T14:19:06.956Z,34.63,68.46

2026-08-21T14:19:11.955Z,34.63,68.5

2026-08-21T14:19:16.956Z,34.62,68.5

2026-08-21T14:19:21.954Z,34.61,68.56

2026-08-21T14:19:26.968Z,34.59,68.58

2026-08-21T14:19:31.955Z,34.59,68.56

2026-08-21T14:19:36.955Z,34.59,68.49

2026-08-21T14:19:41.954Z,34.59,68.58

2026-08-21T14:19:46.956Z,34.59,68.59

2026-08-21T14:19:51.972Z,34.59,68.62

2026-08-21T14:19:56.977Z,34.59,68.66

2026-08-21T14:20:01.972Z,34.57,68.63

2026-08-21T14:20:06.970Z,34.58,68.68

2026-08-21T14:20:11.971Z,34.6,68.64

2026-08-21T14:20:16.971Z,34.58,68.65

2026-08-21T14:20:21.981Z,34.56,68.74

2026-08-21T14:20:26.993Z,34.56,68.73

2026-08-21T14:20:31.977Z,34.58,68.69

2026-08-21T14:20:36.979Z,34.58,68.69

2026-08-21T14:20:41.978Z,34.57,68.77

2026-08-21T14:20:46.980Z,34.56,68.76

2026-08-21T14:20:51.992Z,34.57,68.79

2026-08-21T14:20:57.007Z,34.54,68.81

2026-08-21T14:21:01.992Z,34.54,68.86

2026-08-21T14:21:06.992Z,34.55,68.82

2026-08-21T14:21:11.992Z,34.53,68.86

2026-08-21T14:21:16.995Z,34.55,68.82

2026-08-21T14:21:22.001Z,34.53,68.79

2026-08-21T14:21:27.011Z,34.53,68.85

2026-08-21T14:21:32.000Z,34.52,68.86

2026-08-21T14:21:37.002Z,34.54,68.88

2026-08-21T14:21:42.001Z,34.54,68.9

2026-08-21T14:21:47.000Z,34.53,68.93

2026-08-21T14:21:52.009Z,34.53,68.98

2026-08-21T14:21:57.019Z,34.52,69

2026-08-21T14:22:02.008Z,34.54,68.94

2026-08-21T14:22:07.007Z,34.54,68.94

2026-08-21T14:22:12.008Z,34.55,68.97

2026-08-21T14:22:17.008Z,34.54,68.96

2026-08-21T14:22:22.023Z,34.52,68.94

2026-08-21T14:22:27.034Z,34.53,69.04

2026-08-21T14:22:32.022Z,34.53,69

2026-08-21T14:22:37.024Z,34.52,69.07

2026-08-21T14:22:42.023Z,34.54,69.03

2026-08-21T14:22:47.023Z,34.52,69.01

2026-08-21T14:22:52.028Z,34.54,69

2026-08-21T14:22:57.038Z,34.53,69.1

2026-08-21T14:23:02.026Z,34.52,69.06

2026-08-21T14:23:07.025Z,34.51,69.11

2026-08-21T14:23:12.024Z,34.52,69.11

2026-08-21T14:23:17.024Z,34.51,69.15

2026-08-21T14:23:22.027Z,34.53,69.1

2026-08-21T14:23:27.040Z,34.5,69.17

2026-08-21T14:23:32.027Z,34.51,69.12

2026-08-21T14:23:37.028Z,34.53,69.1

2026-08-21T14:23:42.031Z,34.52,69.17

2026-08-21T14:23:47.030Z,34.49,69.18

2026-08-21T14:23:52.038Z,34.49,69.22

2026-08-21T14:23:57.052Z,34.51,69.21

2026-08-21T14:24:02.034Z,34.51,69.17

2026-08-21T14:24:07.032Z,34.52,69.19

2026-08-21T14:24:12.034Z,34.52,69.19

2026-08-21T14:24:17.035Z,34.51,69.18

2026-08-21T14:24:22.048Z,34.52,69.21

2026-08-21T14:24:27.058Z,34.49,69.25

2026-08-21T14:24:32.044Z,34.51,69.27

2026-08-21T14:24:37.047Z,34.5,69.25

2026-08-21T14:24:42.046Z,34.5,69.27

2026-08-21T14:24:47.048Z,34.52,69.31

2026-08-21T14:24:52.061Z,34.5,69.27

2026-08-21T14:24:57.074Z,34.49,69.3

2026-08-21T14:25:02.062Z,34.49,69.27

2026-08-21T14:25:07.062Z,34.5,69.3

2026-08-21T14:25:12.062Z,34.5,69.28

2026-08-21T14:25:17.060Z,34.51,69.29

2026-08-21T14:25:22.067Z,34.53,69.25

2026-08-21T14:25:27.078Z,34.49,69.34

2026-08-21T14:25:32.067Z,34.49,69.29

2026-08-21T14:25:37.068Z,34.49,69.29

2026-08-21T14:25:42.066Z,34.48,69.29

2026-08-21T14:25:47.068Z,34.5,69.29

2026-08-21T14:25:52.072Z,34.48,69.31

2026-08-21T14:25:57.084Z,34.5,69.33

2026-08-21T14:26:02.072Z,34.48,69.33

2026-08-21T14:26:07.073Z,34.49,69.34

2026-08-21T14:26:12.071Z,34.5,69.29

2026-08-21T14:26:17.071Z,34.49,69.34

2026-08-21T14:26:22.082Z,34.49,69.34

2026-08-21T14:26:27.093Z,34.48,69.34

2026-08-21T14:26:32.080Z,34.49,69.34

2026-08-21T14:26:37.079Z,34.5,69.28

2026-08-21T14:26:42.079Z,34.48,69.32

2026-08-21T14:26:47.080Z,34.5,69.39

2026-08-21T14:26:52.084Z,34.49,69.35

2026-08-21T14:26:57.097Z,34.46,69.37

2026-08-21T14:27:02.081Z,34.47,69.32

2026-08-21T14:27:07.081Z,34.47,69.32

2026-08-21T14:27:12.082Z,34.48,69.36

2026-08-21T14:27:17.085Z,34.49,69.35

2026-08-21T14:27:22.097Z,34.48,69.34

2026-08-21T14:27:27.108Z,34.48,69.4

2026-08-21T14:27:32.095Z,34.47,69.33

2026-08-21T14:27:37.097Z,34.47,69.38

2026-08-21T14:27:42.100Z,34.46,69.32

2026-08-21T14:27:47.096Z,34.45,69.34

2026-08-21T14:27:52.111Z,34.47,69.33

2026-08-21T14:27:57.127Z,34.47,69.37

2026-08-21T14:28:02.108Z,34.45,69.33

2026-08-21T14:28:07.112Z,34.46,69.36

2026-08-21T14:28:12.118Z,34.46,69.36

2026-08-21T14:28:17.129Z,34.46,69.43

2026-08-21T14:28:22.119Z,34.47,69.33

2026-08-21T14:28:27.119Z,34.45,69.34

2026-08-21T14:28:32.119Z,34.46,69.34

2026-08-21T14:28:37.120Z,34.47,69.35

2026-08-21T14:28:42.123Z,34.46,69.41

2026-08-21T14:28:47.134Z,34.46,69.4

2026-08-21T14:28:52.122Z,34.46,69.38

2026-08-21T14:28:57.123Z,34.47,69.35

2026-08-21T14:29:02.123Z,34.46,69.34

2026-08-21T14:29:07.123Z,34.45,69.4

2026-08-21T14:29:12.131Z,34.46,69.36

2026-08-21T14:29:17.140Z,34.47,69.41

2026-08-21T14:29:22.128Z,34.47,69.3

2026-08-21T14:29:27.128Z,34.46,69.34

2026-08-21T14:29:32.127Z,34.46,69.39

2026-08-21T14:29:37.131Z,34.47,69.41

2026-08-21T14:29:42.140Z,34.46,69.4

2026-08-21T14:29:47.153Z,34.47,69.39

2026-08-21T14:29:52.137Z,34.48,69.36

2026-08-21T14:29:57.138Z,34.47,69.33

2026-08-21T14:30:02.140Z,34.46,69.32

2026-08-21T14:30:07.138Z,34.46,69.35

2026-08-21T14:30:12.138Z,34.48,69.35

2026-08-21T14:30:17.149Z,34.45,69.41

2026-08-21T14:30:22.139Z,34.46,69.36

2026-08-21T14:30:27.138Z,34.45,69.35

2026-08-21T14:30:32.147Z,34.46,69.39

2026-08-21T14:30:37.138Z,34.46,69.38

2026-08-21T14:30:42.138Z,34.47,69.35

2026-08-21T14:30:47.142Z,34.45,69.38

2026-08-21T14:30:52.139Z,34.46,69.35

2026-08-21T14:30:57.154Z,34.43,69.42

2026-08-21T14:31:02.143Z,34.44,69.42

2026-08-21T14:31:07.156Z,34.44,69.46

2026-08-21T14:31:12.144Z,34.45,69.4

2026-08-21T14:31:17.146Z,34.43,69.37

2026-08-21T14:31:22.145Z,34.44,69.37

2026-08-21T14:31:27.145Z,34.44,69.47

2026-08-21T14:31:32.146Z,34.44,69.42

2026-08-21T14:31:37.160Z,34.44,69.43

2026-08-21T14:31:42.145Z,34.44,69.45

2026-08-21T14:31:47.145Z,34.44,69.45

2026-08-21T14:31:52.147Z,34.45,69.48

2026-08-21T14:31:57.148Z,34.44,69.45

2026-08-21T14:32:02.151Z,34.43,69.42

2026-08-21T14:32:07.161Z,34.41,69.45

2026-08-21T14:32:12.149Z,34.45,69.39

2026-08-21T14:32:17.150Z,34.42,69.4

2026-08-21T14:32:22.150Z,34.42,69.34

2026-08-21T14:32:27.151Z,34.44,69.41

2026-08-21T14:32:32.163Z,34.42,69.4

2026-08-21T14:32:37.175Z,34.43,69.41

2026-08-21T14:32:42.162Z,34.44,69.34

2026-08-21T14:32:47.163Z,34.42,69.45

2026-08-21T14:32:52.163Z,34.43,69.39

2026-08-21T14:32:57.163Z,34.42,69.39

2026-08-21T14:33:02.175Z,34.41,69.37

2026-08-21T14:33:07.187Z,34.4,69.46

2026-08-21T14:33:12.175Z,34.4,69.38

2026-08-21T14:33:17.173Z,34.39,69.41

2026-08-21T14:33:22.172Z,34.42,69.43

2026-08-21T14:33:27.172Z,34.41,69.46

2026-08-21T14:33:32.183Z,34.42,69.44

2026-08-21T14:33:37.191Z,34.39,69.51

2026-08-21T14:33:42.181Z,34.39,69.46

2026-08-21T14:33:47.182Z,34.4,69.46

2026-08-21T14:33:52.182Z,34.38,69.48

2026-08-21T14:33:57.181Z,34.4,69.49

2026-08-21T14:34:02.194Z,34.41,69.5

2026-08-21T14:34:07.205Z,34.39,69.53

2026-08-21T14:34:12.191Z,34.4,69.5

2026-08-21T14:34:17.191Z,34.4,69.52

2026-08-21T14:34:22.191Z,34.41,69.53

2026-08-21T14:34:27.191Z,34.39,69.49

2026-08-21T14:34:32.195Z,34.39,69.51

2026-08-21T14:34:37.208Z,34.37,69.6

2026-08-21T14:34:42.194Z,34.38,69.55

2026-08-21T14:34:47.199Z,34.4,69.52

2026-08-21T14:34:52.197Z,34.38,69.56

2026-08-21T14:34:57.212Z,34.38,69.57

2026-08-21T14:35:02.196Z,34.41,69.51

2026-08-21T14:35:07.199Z,34.4,69.55

2026-08-21T14:35:12.199Z,34.41,69.55

2026-08-21T14:35:17.198Z,34.41,69.51

2026-08-21T14:35:22.211Z,34.41,69.52

2026-08-21T14:35:27.220Z,34.39,69.56

2026-08-21T14:35:32.208Z,34.39,69.51

2026-08-21T14:35:37.211Z,34.41,69.55

2026-08-21T14:35:42.210Z,34.4,69.49

2026-08-21T14:35:47.211Z,34.4,69.56

2026-08-21T14:35:52.221Z,34.4,69.51

2026-08-21T14:35:57.229Z,34.41,69.54

2026-08-21T14:36:02.218Z,34.4,69.51

2026-08-21T14:36:07.221Z,34.4,69.47

2026-08-21T14:36:12.223Z,34.42,69.53

2026-08-21T14:36:17.221Z,34.41,69.52

2026-08-21T14:36:22.229Z,34.41,69.51

2026-08-21T14:36:27.240Z,34.41,69.57

2026-08-21T14:36:32.227Z,34.42,69.55

2026-08-21T14:36:37.228Z,34.4,69.49

2026-08-21T14:36:42.230Z,34.4,69.47

2026-08-21T14:36:47.228Z,34.39,69.45

2026-08-21T14:36:52.229Z,34.4,69.48

2026-08-21T14:36:57.239Z,34.39,69.57

2026-08-21T14:37:02.230Z,34.39,69.49

2026-08-21T14:37:07.231Z,34.39,69.52

2026-08-21T14:37:12.229Z,34.39,69.53

2026-08-21T14:37:17.230Z,34.4,69.56

2026-08-21T14:37:22.233Z,34.39,69.47

2026-08-21T14:37:27.246Z,34.4,69.49

2026-08-21T14:37:32.233Z,34.39,69.54

2026-08-21T14:37:37.234Z,34.4,69.54

2026-08-21T14:37:42.233Z,34.39,69.52

2026-08-21T14:37:47.250Z,34.4,69.58

2026-08-21T14:37:52.234Z,34.39,69.55

2026-08-21T14:37:57.231Z,34.39,69.53

2026-08-21T14:38:02.234Z,34.4,69.51

2026-08-21T14:38:07.233Z,34.38,69.57

2026-08-21T14:38:12.249Z,34.39,69.52

2026-08-21T14:38:17.260Z,34.39,69.56

2026-08-21T14:38:22.249Z,34.38,69.52

2026-08-21T14:38:27.251Z,34.38,69.6

2026-08-21T14:38:32.249Z,34.39,69.55

2026-08-21T14:38:37.252Z,34.38,69.54

2026-08-21T14:38:42.259Z,34.37,69.56

2026-08-21T14:38:47.270Z,34.39,69.58

2026-08-21T14:38:52.259Z,34.39,69.61

2026-08-21T14:38:57.264Z,34.38,69.61

2026-08-21T14:39:02.262Z,34.4,69.55

2026-08-21T14:39:07.262Z,34.37,69.52

2026-08-21T14:39:12.265Z,34.38,69.56

2026-08-21T14:39:17.276Z,34.38,69.61

2026-08-21T14:39:22.264Z,34.37,69.56

2026-08-21T14:39:27.266Z,34.38,69.52

2026-08-21T14:39:32.267Z,34.37,69.61

2026-08-21T14:39:37.267Z,34.38,69.6

2026-08-21T14:39:42.281Z,34.39,69.58

2026-08-21T14:39:47.290Z,34.39,69.59

2026-08-21T14:39:52.282Z,34.36,69.57

2026-08-21T14:39:57.280Z,34.4,69.64

2026-08-21T14:40:02.279Z,34.39,69.62

2026-08-21T14:40:07.282Z,34.38,69.56

2026-08-21T14:40:12.289Z,34.38,69.58

2026-08-21T14:40:17.302Z,34.38,69.58

2026-08-21T14:40:22.290Z,34.39,69.57

2026-08-21T14:40:27.288Z,34.38,69.56

2026-08-21T14:40:32.288Z,34.4,69.58

2026-08-21T14:40:37.289Z,34.4,69.58

2026-08-21T14:40:42.293Z,34.39,69.54

2026-08-21T14:40:47.302Z,34.37,69.57

2026-08-21T14:40:52.290Z,34.39,69.56

2026-08-21T14:40:57.290Z,34.39,69.49

2026-08-21T14:41:02.291Z,34.4,69.57

2026-08-21T14:41:07.291Z,34.39,69.56

2026-08-21T14:41:12.297Z,34.39,69.53

2026-08-21T14:41:17.309Z,34.38,69.54

2026-08-21T14:41:22.299Z,34.41,69.51

2026-08-21T14:41:27.298Z,34.38,69.52

2026-08-21T14:41:32.299Z,34.39,69.53

2026-08-21T14:41:37.299Z,34.39,69.51

2026-08-21T14:41:42.300Z,34.39,69.48

2026-08-21T14:41:47.311Z,34.38,69.55

2026-08-21T14:41:52.300Z,34.39,69.52

2026-08-21T14:41:57.298Z,34.4,69.58

2026-08-21T14:42:02.301Z,34.38,69.58

2026-08-21T14:42:07.303Z,34.4,69.55

2026-08-21T14:42:12.323Z,34.4,69.56

2026-08-21T14:42:17.335Z,34.38,69.56

2026-08-21T14:42:22.321Z,34.39,69.53

2026-08-21T14:42:27.321Z,34.41,69.54

2026-08-21T14:42:32.320Z,34.39,69.49

2026-08-21T14:42:37.320Z,34.4,69.53

2026-08-21T14:42:42.336Z,34.41,69.55

2026-08-21T14:42:47.351Z,34.39,69.59

2026-08-21T14:42:52.335Z,34.4,69.51

2026-08-21T14:42:57.336Z,34.39,69.6

2026-08-21T14:43:02.336Z,34.4,69.55

2026-08-21T14:43:07.338Z,34.4,69.33

2026-08-21T14:43:12.342Z,34.39,69.23

2026-08-21T14:43:17.353Z,34.4,69.26

2026-08-21T14:43:22.341Z,34.38,69.27

2026-08-21T14:43:27.341Z,34.4,69.38

2026-08-21T14:43:32.342Z,34.4,69.36

2026-08-21T14:43:37.343Z,34.4,69.44

2026-08-21T14:43:42.347Z,34.39,69.52

2026-08-21T14:43:47.358Z,34.39,69.51

2026-08-21T14:43:52.345Z,34.39,69.55

2026-08-21T14:43:57.347Z,34.37,69.54

2026-08-21T14:44:02.347Z,34.39,69.62

2026-08-21T14:44:07.349Z,34.4,69.6

2026-08-21T14:44:12.348Z,34.4,69.66

2026-08-21T14:44:17.359Z,34.38,69.66

2026-08-21T14:44:22.349Z,34.41,69.67

2026-08-21T14:44:27.361Z,34.38,69.68

2026-08-21T14:44:32.349Z,34.4,69.58

2026-08-21T14:44:37.351Z,34.39,69.62

2026-08-21T14:44:42.349Z,34.39,69.64

2026-08-21T14:44:47.350Z,34.38,69.6

2026-08-21T14:44:52.348Z,34.39,69.69

2026-08-21T14:44:57.359Z,34.38,69.74

2026-08-21T14:45:02.350Z,34.37,69.67

2026-08-21T14:45:07.348Z,34.39,69.69

2026-08-21T14:45:12.349Z,34.39,69.77

2026-08-21T14:45:17.349Z,34.38,69.74

2026-08-21T14:45:22.350Z,34.38,69.72

2026-08-21T14:45:27.363Z,34.37,69.75

2026-08-21T14:45:32.347Z,34.4,69.78

2026-08-21T14:45:37.349Z,34.4,69.74

2026-08-21T14:45:42.350Z,34.4,69.76

2026-08-21T14:45:47.351Z,34.38,69.73

2026-08-21T14:45:52.356Z,34.37,69.79

2026-08-21T14:45:57.362Z,34.38,69.84

2026-08-21T14:46:02.353Z,34.39,69.75

2026-08-21T14:46:07.353Z,34.4,69.77

2026-08-21T14:46:12.354Z,34.39,69.76

2026-08-21T14:46:17.358Z,34.39,69.85

2026-08-21T14:46:22.365Z,34.4,69.85

2026-08-21T14:46:27.376Z,34.4,69.82

2026-08-21T14:46:32.366Z,34.4,69.84

2026-08-21T14:46:37.365Z,34.4,69.84

2026-08-21T14:46:42.367Z,34.4,69.89

2026-08-21T14:46:47.366Z,34.41,69.87

2026-08-21T14:46:52.372Z,34.43,69.85

2026-08-21T14:46:57.382Z,34.39,69.91

2026-08-21T14:47:02.369Z,34.4,69.92

2026-08-21T14:47:07.370Z,34.41,69.85

2026-08-21T14:47:12.369Z,34.39,69.91

2026-08-21T14:47:17.371Z,34.4,69.93

2026-08-21T14:47:22.381Z,34.39,69.97

2026-08-21T14:47:27.393Z,34.39,69.98

2026-08-21T14:47:32.380Z,34.39,69.91

2026-08-21T14:47:37.380Z,34.39,69.93

2026-08-21T14:47:42.382Z,34.38,69.95

2026-08-21T14:47:47.382Z,34.38,69.99

2026-08-21T14:47:52.391Z,34.4,69.96

2026-08-21T14:47:57.402Z,34.39,70

2026-08-21T14:48:02.391Z,34.42,70

2026-08-21T14:48:07.391Z,34.38,69.99

2026-08-21T14:48:12.392Z,34.39,70.02

2026-08-21T14:48:17.395Z,34.41,69.95

2026-08-21T14:48:22.405Z,34.39,70.04

2026-08-21T14:48:27.415Z,34.4,70.02

2026-08-21T14:48:32.403Z,34.41,70.04

2026-08-21T14:48:37.404Z,34.39,70.04

2026-08-21T14:48:42.405Z,34.38,70.06

2026-08-21T14:48:47.405Z,34.41,70.05

2026-08-21T14:48:52.411Z,34.38,70.07

2026-08-21T14:48:57.419Z,34.4,70.09

2026-08-21T14:49:02.409Z,34.38,70.09

2026-08-21T14:49:07.409Z,34.39,70.09

2026-08-21T14:49:12.410Z,34.39,70.13

2026-08-21T14:49:17.411Z,34.39,70.07

2026-08-21T14:49:22.421Z,34.39,70.1

2026-08-21T14:49:27.433Z,34.39,70.19

2026-08-21T14:49:32.420Z,34.38,70.1

2026-08-21T14:49:37.420Z,34.38,70.11

2026-08-21T14:49:42.421Z,34.4,70.15

2026-08-21T14:49:47.426Z,34.4,70.07

2026-08-21T14:49:52.427Z,34.39,70.14

2026-08-21T14:49:57.436Z,34.39,70.18

2026-08-21T14:50:02.422Z,34.39,70.13

2026-08-21T14:50:07.425Z,34.39,70.19

2026-08-21T14:50:12.427Z,34.41,70.17

2026-08-21T14:50:17.427Z,34.39,70.12

2026-08-21T14:50:22.429Z,34.38,70.2

2026-08-21T14:50:27.440Z,34.39,70.23

2026-08-21T14:50:32.429Z,34.37,70.26

2026-08-21T14:50:37.428Z,34.38,70.31

2026-08-21T14:50:42.428Z,34.41,70.33

2026-08-21T14:50:47.432Z,34.39,70.38

2026-08-21T14:50:52.436Z,34.39,70.41

2026-08-21T14:50:57.450Z,34.39,70.47

2026-08-21T14:51:02.436Z,34.39,70.52

2026-08-21T14:51:07.437Z,34.4,70.45

2026-08-21T14:51:12.437Z,34.38,70.52

2026-08-21T14:51:17.436Z,34.4,70.55

2026-08-21T14:51:22.447Z,34.41,70.56

2026-08-21T14:51:27.459Z,34.38,70.59

2026-08-21T14:51:32.444Z,34.39,70.5

2026-08-21T14:51:37.445Z,34.4,70.57

2026-08-21T14:51:42.445Z,34.38,70.54

2026-08-21T14:51:47.447Z,34.4,70.59

2026-08-21T14:51:52.450Z,34.4,70.67

2026-08-21T14:51:57.462Z,34.38,70.66

2026-08-21T14:52:02.448Z,34.38,70.64

2026-08-21T14:52:07.449Z,34.38,70.71

2026-08-21T14:52:12.450Z,34.39,70.74

2026-08-21T14:52:17.451Z,34.38,70.74

2026-08-21T14:52:22.462Z,34.38,70.77

2026-08-21T14:52:27.476Z,34.37,70.85

2026-08-21T14:52:32.463Z,34.41,70.86

2026-08-21T14:52:37.463Z,34.38,70.88

2026-08-21T14:52:42.464Z,34.4,70.8

2026-08-21T14:52:47.462Z,34.37,70.92

2026-08-21T14:52:52.467Z,34.38,70.85

2026-08-21T14:52:57.480Z,34.37,70.92

2026-08-21T14:53:02.462Z,34.38,70.85

2026-08-21T14:53:07.466Z,34.39,70.89

2026-08-21T14:53:12.464Z,34.38,70.92

2026-08-21T14:53:17.464Z,34.4,70.91

2026-08-21T14:53:22.478Z,34.4,71

2026-08-21T14:53:27.485Z,34.39,71.02

2026-08-21T14:53:32.476Z,34.39,71.01

2026-08-21T14:53:37.478Z,34.39,70.92

2026-08-21T14:53:42.479Z,34.38,70.89

2026-08-21T14:53:47.477Z,34.38,70.99

2026-08-21T14:53:52.488Z,34.37,71

2026-08-21T14:53:57.499Z,34.39,71.01

2026-08-21T14:54:02.488Z,34.39,70.98

2026-08-21T14:54:07.489Z,34.39,71

2026-08-21T14:54:12.488Z,34.37,71.01

2026-08-21T14:54:17.493Z,34.41,71.04

2026-08-21T14:54:22.499Z,34.39,71.01

2026-08-21T14:54:27.509Z,34.4,71.03

2026-08-21T14:54:32.500Z,34.39,71.04

2026-08-21T14:54:37.499Z,34.4,71.03

2026-08-21T14:54:42.500Z,34.4,71.05

2026-08-21T14:54:47.501Z,34.4,71.08

2026-08-21T14:54:52.506Z,34.39,71.02

2026-08-21T14:54:57.517Z,34.39,71.03

2026-08-21T14:55:02.505Z,34.4,71.09

2026-08-21T14:55:07.506Z,34.39,71.04

2026-08-21T14:55:12.506Z,34.42,71.07

2026-08-21T14:55:17.506Z,34.43,71.05

2026-08-21T14:55:22.508Z,34.4,70.96

2026-08-21T14:55:27.516Z,34.4,71.1

2026-08-21T14:55:32.506Z,34.44,71.04

2026-08-21T14:55:37.508Z,34.41,71.01

2026-08-21T14:55:42.508Z,34.41,71.11

2026-08-21T14:55:47.508Z,34.43,71.07

2026-08-21T14:55:52.511Z,34.42,71.02

2026-08-21T14:55:57.520Z,34.43,71.09

2026-08-21T14:56:02.507Z,34.42,71.09

2026-08-21T14:56:07.510Z,34.43,71.05

2026-08-21T14:56:12.509Z,34.45,71.02

2026-08-21T14:56:17.508Z,34.43,71.1

2026-08-21T14:56:22.522Z,34.44,71.1

2026-08-21T14:56:27.529Z,34.44,71.1

2026-08-21T14:56:32.520Z,34.45,71.09

2026-08-21T14:56:37.518Z,34.47,71.04

2026-08-21T14:56:42.519Z,34.45,71.09

2026-08-21T14:56:47.518Z,34.48,71.08

2026-08-21T14:56:52.530Z,34.47,71.14

2026-08-21T14:56:57.539Z,34.45,71.2

2026-08-21T14:57:02.528Z,34.46,71.16

2026-08-21T14:57:07.529Z,34.47,71.11

2026-08-21T14:57:12.528Z,34.45,71.15

2026-08-21T14:57:17.532Z,34.45,71.1

2026-08-21T14:57:22.541Z,34.47,71.09

2026-08-21T14:57:27.554Z,34.45,71.18

2026-08-21T14:57:32.544Z,34.43,71.09

2026-08-21T14:57:37.542Z,34.42,71.12

2026-08-21T14:57:42.542Z,34.42,71.12

2026-08-21T14:57:47.543Z,34.45,71.14

2026-08-21T14:57:52.551Z,34.42,71.14

2026-08-21T14:57:57.561Z,34.41,71.25

2026-08-21T14:58:02.550Z,34.42,71.2

2026-08-21T14:58:07.552Z,34.41,71.24

2026-08-21T14:58:12.552Z,34.4,71.17

2026-08-21T14:58:17.552Z,34.38,71.21

2026-08-21T14:58:22.561Z,34.4,71.24

2026-08-21T14:58:27.571Z,34.41,71.29

2026-08-21T14:58:32.560Z,34.38,71.23

2026-08-21T14:58:37.562Z,34.4,71.23

2026-08-21T14:58:42.561Z,34.39,71.3

2026-08-21T14:58:47.566Z,34.39,71.3

2026-08-21T14:58:52.569Z,34.39,71.31

2026-08-21T14:58:57.580Z,34.38,71.37

2026-08-21T14:59:02.567Z,34.38,71.29

2026-08-21T14:59:07.568Z,34.39,71.29

2026-08-21T14:59:12.569Z,34.37,71.32

2026-08-21T14:59:17.569Z,34.36,71.39

2026-08-21T14:59:22.582Z,34.38,71.37

2026-08-21T14:59:27.592Z,34.39,71.4

2026-08-21T14:59:32.581Z,34.37,71.35

2026-08-21T14:59:37.581Z,34.35,71.42

2026-08-21T14:59:42.581Z,34.37,71.42

2026-08-21T14:59:47.582Z,34.36,71.37

2026-08-21T14:59:52.586Z,34.36,71.49

2026-08-21T14:59:57.596Z,34.36,71.45

2026-08-21T15:00:02.586Z,34.35,71.45

2026-08-21T15:00:07.588Z,34.34,71.42

2026-08-21T15:00:12.587Z,34.34,71.48

2026-08-21T15:00:17.586Z,34.35,71.47

2026-08-21T15:00:22.589Z,34.33,71.51

2026-08-21T15:00:27.596Z,34.33,71.54

2026-08-21T15:00:32.586Z,34.35,71.48

2026-08-21T15:00:37.587Z,34.33,71.49

2026-08-21T15:00:42.586Z,34.35,71.5

2026-08-21T15:00:47.588Z,34.32,71.57

2026-08-21T15:00:52.601Z,34.32,71.54

2026-08-21T15:00:57.612Z,34.33,71.5

2026-08-21T15:01:02.601Z,34.33,71.56

2026-08-21T15:01:07.599Z,34.31,71.5

2026-08-21T15:01:12.604Z,34.3,71.59

2026-08-21T15:01:17.603Z,34.3,71.58

2026-08-21T15:01:22.613Z,34.29,71.55

2026-08-21T15:01:27.622Z,34.29,71.57

2026-08-21T15:01:32.609Z,34.3,71.59

2026-08-21T15:01:37.611Z,34.3,71.55

2026-08-21T15:01:42.609Z,34.28,71.58

2026-08-21T15:01:47.610Z,34.29,71.63

2026-08-21T15:01:52.635Z,34.29,71.61

2026-08-21T15:01:57.649Z,34.26,71.58

2026-08-21T15:02:02.633Z,34.29,71.59

2026-08-21T15:02:07.633Z,34.28,71.57

2026-08-21T15:02:12.633Z,34.28,71.62

2026-08-21T15:02:17.635Z,34.27,71.68

2026-08-21T15:02:22.643Z,34.26,71.68

2026-08-21T15:02:27.651Z,34.26,71.71

2026-08-21T15:02:32.641Z,34.24,71.67

2026-08-21T15:02:37.641Z,34.25,71.62

2026-08-21T15:02:42.641Z,34.26,71.71

2026-08-21T15:02:47.642Z,34.25,71.72

2026-08-21T15:02:52.644Z,34.25,71.68

2026-08-21T15:02:57.656Z,34.25,71.73

2026-08-21T15:03:02.645Z,34.24,71.73

2026-08-21T15:03:07.644Z,34.24,71.77

2026-08-21T15:03:12.644Z,34.23,71.74

2026-08-21T15:03:17.645Z,34.23,71.72

2026-08-21T15:03:22.653Z,34.22,71.85

2026-08-21T15:03:27.662Z,34.2,71.87

2026-08-21T15:03:32.650Z,34.18,71.83

2026-08-21T15:03:37.651Z,34.21,71.88

2026-08-21T15:03:42.652Z,34.2,71.89

2026-08-21T15:03:47.652Z,34.22,71.84

2026-08-21T15:03:52.650Z,34.19,71.83

2026-08-21T15:03:57.664Z,34.19,71.87

2026-08-21T15:04:02.655Z,34.18,71.91

2026-08-21T15:04:07.653Z,34.18,71.91

2026-08-21T15:04:12.653Z,34.19,72.05

2026-08-21T15:04:17.654Z,34.19,72.01

2026-08-21T15:04:22.654Z,34.19,71.98

2026-08-21T15:04:27.663Z,34.17,72.12

2026-08-21T15:04:32.653Z,34.18,72.05

2026-08-21T15:04:37.655Z,34.16,72.08

2026-08-21T15:04:42.656Z,34.19,72.03

2026-08-21T15:04:47.670Z,34.17,72.1

2026-08-21T15:04:52.657Z,34.17,72.11

2026-08-21T15:04:57.658Z,34.16,72.09

2026-08-21T15:05:02.659Z,34.16,72.12

2026-08-21T15:05:07.670Z,34.15,72.15

2026-08-21T15:05:12.655Z,34.16,72.16

2026-08-21T15:05:17.657Z,34.16,72.13

2026-08-21T15:05:22.657Z,34.17,72.23

2026-08-21T15:05:27.658Z,34.15,72.17

2026-08-21T15:05:32.669Z,34.14,72.27

2026-08-21T15:05:37.679Z,34.14,72.21

2026-08-21T15:05:42.669Z,34.13,72.23

2026-08-21T15:05:47.668Z,34.16,72.25

2026-08-21T15:05:52.667Z,34.16,72.23

2026-08-21T15:05:57.668Z,34.12,72.23

2026-08-21T15:06:02.677Z,34.14,72.28

2026-08-21T15:06:07.689Z,34.13,72.28

2026-08-21T15:06:12.676Z,34.13,72.3

2026-08-21T15:06:17.677Z,34.13,72.31

2026-08-21T15:06:22.678Z,34.14,72.28

2026-08-21T15:06:27.678Z,34.11,72.29

2026-08-21T15:06:32.680Z,34.1,72.36

2026-08-21T15:06:37.696Z,34.09,72.43

2026-08-21T15:06:42.681Z,34.13,72.39

2026-08-21T15:06:47.681Z,34.12,72.4

2026-08-21T15:06:52.680Z,34.1,72.4

2026-08-21T15:06:57.681Z,34.11,72.43

2026-08-21T15:07:02.695Z,34.1,72.42

2026-08-21T15:07:07.705Z,34.11,72.52

2026-08-21T15:07:12.692Z,34.09,72.43

2026-08-21T15:07:17.690Z,34.12,72.43

2026-08-21T15:07:22.691Z,34.1,72.51

2026-08-21T15:07:27.691Z,34.09,72.48

2026-08-21T15:07:32.701Z,34.11,72.55

2026-08-21T15:07:37.713Z,34.08,72.59

2026-08-21T15:07:42.701Z,34.07,72.55

2026-08-21T15:07:47.699Z,34.08,72.55

2026-08-21T15:07:52.699Z,34.11,72.58

2026-08-21T15:07:57.699Z,34.08,72.56

2026-08-21T15:08:02.701Z,34.09,72.62

2026-08-21T15:08:07.708Z,34.08,72.65

2026-08-21T15:08:12.700Z,34.07,72.6

2026-08-21T15:08:17.703Z,34.07,72.66

2026-08-21T15:08:22.703Z,34.08,72.71

2026-08-21T15:08:27.704Z,34.06,72.69

2026-08-21T15:08:32.721Z,34.05,72.64

2026-08-21T15:08:37.736Z,34.07,72.79

2026-08-21T15:08:42.717Z,34.07,72.72

2026-08-21T15:08:47.722Z,34.06,72.72

2026-08-21T15:08:52.718Z,34.08,72.76

2026-08-21T15:08:57.719Z,34.06,72.73

2026-08-21T15:09:02.733Z,34.04,72.74

2026-08-21T15:09:07.742Z,34.06,72.66

2026-08-21T15:09:12.732Z,34.06,72.8

2026-08-21T15:09:17.732Z,34.05,72.74

2026-08-21T15:09:22.732Z,34.06,72.8

2026-08-21T15:09:27.734Z,34.07,72.75

2026-08-21T15:09:32.742Z,34.06,72.8

2026-08-21T15:09:37.753Z,34.07,72.77

2026-08-21T15:09:42.742Z,34.06,72.75

2026-08-21T15:09:47.743Z,34.05,72.76

2026-08-21T15:09:52.743Z,34.06,72.72

2026-08-21T15:09:57.744Z,34.06,72.77

2026-08-21T15:10:02.751Z,34.06,72.83

2026-08-21T15:10:07.764Z,34.05,72.81

2026-08-21T15:10:12.750Z,34.05,72.79

2026-08-21T15:10:17.750Z,34.07,72.73

2026-08-21T15:10:22.751Z,34.06,72.8

2026-08-21T15:10:27.752Z,34.06,72.84

2026-08-21T15:10:32.754Z,34.05,72.76

2026-08-21T15:10:37.766Z,34.06,72.89

2026-08-21T15:10:42.753Z,34.06,72.79

2026-08-21T15:10:47.752Z,34.07,72.83

2026-08-21T15:10:52.750Z,34.08,72.83

2026-08-21T15:10:57.753Z,34.07,72.8

2026-08-21T15:11:02.764Z,34.08,72.84

2026-08-21T15:11:07.768Z,34.05,72.83

2026-08-21T15:11:12.759Z,34.08,72.83

2026-08-21T15:11:17.759Z,34.07,72.8

2026-08-21T15:11:22.760Z,34.08,72.79

2026-08-21T15:11:27.758Z,34.05,72.79

2026-08-21T15:11:32.759Z,34.07,72.82

2026-08-21T15:11:37.770Z,34.07,72.87

2026-08-21T15:11:42.760Z,34.08,72.82

2026-08-21T15:11:47.759Z,34.07,72.83

2026-08-21T15:11:52.759Z,34.07,72.84

2026-08-21T15:11:57.760Z,34.06,72.8

2026-08-21T15:12:02.762Z,34.09,72.77

2026-08-21T15:12:07.776Z,34.08,72.8

2026-08-21T15:12:12.763Z,34.1,72.82

2026-08-21T15:12:17.766Z,34.08,72.76

2026-08-21T15:12:22.767Z,34.08,72.77

2026-08-21T15:12:27.764Z,34.09,72.71

2026-08-21T15:12:32.766Z,34.08,72.72

2026-08-21T15:12:37.784Z,34.1,72.8

2026-08-21T15:12:42.765Z,34.11,72.79

2026-08-21T15:12:47.767Z,34.11,72.76

2026-08-21T15:12:52.767Z,34.11,72.73

2026-08-21T15:12:57.770Z,34.13,72.78

2026-08-21T15:13:02.772Z,34.13,72.75

2026-08-21T15:13:07.782Z,34.11,72.73

2026-08-21T15:13:12.768Z,34.13,72.74

2026-08-21T15:13:17.770Z,34.12,72.73

2026-08-21T15:13:22.769Z,34.12,72.74

2026-08-21T15:13:27.785Z,34.12,72.75

2026-08-21T15:13:32.771Z,34.13,72.72

2026-08-21T15:13:37.773Z,34.13,72.66

2026-08-21T15:13:42.775Z,34.15,72.68

2026-08-21T15:13:47.772Z,34.13,72.68

2026-08-21T15:13:52.791Z,34.12,72.67

2026-08-21T15:13:57.803Z,34.13,72.72

2026-08-21T15:14:02.788Z,34.13,72.73

2026-08-21T15:14:07.790Z,34.11,72.74

2026-08-21T15:14:12.790Z,34.13,72.73

2026-08-21T15:14:17.791Z,34.12,72.75

2026-08-21T15:14:22.796Z,34.12,72.7

2026-08-21T15:14:27.806Z,34.12,72.81

2026-08-21T15:14:32.793Z,34.12,72.82

2026-08-21T15:14:37.794Z,34.13,72.76

2026-08-21T15:14:42.796Z,34.09,72.74

2026-08-21T15:14:47.794Z,34.13,72.77

2026-08-21T15:14:52.797Z,34.13,72.75

2026-08-21T15:14:57.808Z,34.15,72.76

2026-08-21T15:15:02.796Z,34.14,72.71

2026-08-21T15:15:07.794Z,34.14,72.76

2026-08-21T15:15:12.795Z,34.14,72.7

2026-08-21T15:15:17.794Z,34.14,72.81

2026-08-21T15:15:22.795Z,34.13,72.75

2026-08-21T15:15:27.811Z,34.12,72.76

2026-08-21T15:15:32.795Z,34.12,72.75

2026-08-21T15:15:37.797Z,34.13,72.78

2026-08-21T15:15:42.794Z,34.15,72.78

2026-08-21T15:15:47.797Z,34.13,72.75

2026-08-21T15:15:52.814Z,34.1,72.75

2026-08-21T15:15:57.826Z,34.12,72.81

2026-08-21T15:16:02.813Z,34.12,72.83

2026-08-21T15:16:07.816Z,34.11,72.78

2026-08-21T15:16:12.815Z,34.12,72.8

2026-08-21T15:16:17.815Z,34.11,72.78

2026-08-21T15:16:22.826Z,34.15,72.81

2026-08-21T15:16:27.843Z,34.13,72.86

2026-08-21T15:16:32.825Z,34.13,72.82

2026-08-21T15:16:37.825Z,34.12,72.78

2026-08-21T15:16:42.828Z,34.12,72.84

2026-08-21T15:16:47.827Z,34.11,72.88

2026-08-21T15:16:52.836Z,34.12,72.8

2026-08-21T15:16:57.844Z,34.11,72.87

2026-08-21T15:17:02.835Z,34.11,72.84

2026-08-21T15:17:07.837Z,34.12,72.92

2026-08-21T15:17:12.835Z,34.1,72.83

2026-08-21T15:17:17.836Z,34.11,72.88

2026-08-21T15:17:22.846Z,34.11,72.83

2026-08-21T15:17:27.859Z,34.11,72.89

2026-08-21T15:17:32.842Z,34.12,72.88

2026-08-21T15:17:37.845Z,34.12,72.85

2026-08-21T15:17:42.843Z,34.1,72.83

2026-08-21T15:17:47.845Z,34.11,72.84

2026-08-21T15:17:52.853Z,34.1,72.91

2026-08-21T15:17:57.864Z,34.11,72.9

2026-08-21T15:18:02.851Z,34.09,72.91

2026-08-21T15:18:07.852Z,34.12,72.93

2026-08-21T15:18:12.853Z,34.11,72.9

2026-08-21T15:18:17.852Z,34.12,72.89

2026-08-21T15:18:22.860Z,34.11,72.83

2026-08-21T15:18:27.867Z,34.11,72.89

2026-08-21T15:18:32.857Z,34.11,72.85

2026-08-21T15:18:37.857Z,34.1,72.9

2026-08-21T15:18:42.856Z,34.1,72.95

2026-08-21T15:18:47.857Z,34.11,72.99

2026-08-21T15:18:52.859Z,34.12,72.93

2026-08-21T15:18:57.868Z,34.08,72.98

2026-08-21T15:19:02.857Z,34.1,72.98

2026-08-21T15:19:07.858Z,34.11,72.98

2026-08-21T15:19:12.859Z,34.1,72.95

2026-08-21T15:19:17.861Z,34.09,72.97

2026-08-21T15:19:22.859Z,34.09,73

2026-08-21T15:19:27.872Z,34.1,73.05

2026-08-21T15:19:32.860Z,34.09,72.98

2026-08-21T15:19:37.861Z,34.11,73.02

2026-08-21T15:19:42.870Z,34.1,73.05

2026-08-21T15:19:47.887Z,34.08,73.14

2026-08-21T15:19:52.869Z,34.08,73.04

2026-08-21T15:19:57.870Z,34.09,73.02

2026-08-21T15:20:02.869Z,34.1,72.99

2026-08-21T15:20:07.868Z,34.1,73.09

2026-08-21T15:20:12.880Z,34.1,73.11

2026-08-21T15:20:17.890Z,34.08,73.08

2026-08-21T15:20:22.879Z,34.09,73.02

2026-08-21T15:20:27.882Z,34.1,73.04

2026-08-21T15:20:32.880Z,34.1,73.07

2026-08-21T15:20:37.882Z,34.1,73.06

2026-08-21T15:20:42.896Z,34.11,73.05

2026-08-21T15:20:47.908Z,34.09,73.05

2026-08-21T15:20:52.897Z,34.09,73.05

2026-08-21T15:20:57.897Z,34.08,73.11

2026-08-21T15:21:02.898Z,34.09,73.07

2026-08-21T15:21:07.900Z,34.08,73.14

2026-08-21T15:21:12.917Z,34.09,73.17

2026-08-21T15:21:17.927Z,34.09,73.16

2026-08-21T15:21:22.917Z,34.07,73.13

2026-08-21T15:21:27.917Z,34.09,73.2

2026-08-21T15:21:32.917Z,34.08,73.13

2026-08-21T15:21:37.916Z,34.08,73.15

2026-08-21T15:21:42.926Z,34.07,73.13

2026-08-21T15:21:47.934Z,34.08,73.19

2026-08-21T15:21:52.923Z,34.08,73.2

2026-08-21T15:21:57.925Z,34.09,73.24

2026-08-21T15:22:02.925Z,34.09,73.17

2026-08-21T15:22:07.926Z,34.08,73.17

2026-08-21T15:22:12.950Z,34.08,73.18

2026-08-21T15:22:17.945Z,34.08,73.17

2026-08-21T15:22:22.945Z,34.07,73.19

2026-08-21T15:22:27.945Z,34.06,73.19

2026-08-21T15:22:32.946Z,34.1,73.18

2026-08-21T15:22:37.958Z,34.08,73.27

2026-08-21T15:22:42.945Z,34.06,73.26

2026-08-21T15:22:47.946Z,34.07,73.21

2026-08-21T15:22:52.954Z,34.07,73.28

2026-08-21T15:22:57.946Z,34.08,73.3

2026-08-21T15:23:02.946Z,34.06,73.24

2026-08-21T15:23:07.958Z,34.05,73.3

2026-08-21T15:23:12.947Z,34.05,73.27

2026-08-21T15:23:17.949Z,34.06,73.29

2026-08-21T15:23:22.949Z,34.04,73.21

2026-08-21T15:23:27.948Z,34.05,73.26

2026-08-21T15:23:32.955Z,34.04,73.21

2026-08-21T15:23:37.973Z,34.03,73.28

2026-08-21T15:23:42.961Z,34.03,73.24

2026-08-21T15:23:47.958Z,34.03,73.18

2026-08-21T15:23:52.958Z,34.01,73.26

2026-08-21T15:23:57.960Z,34.02,73.31

2026-08-21T15:24:02.965Z,34.01,73.32

2026-08-21T15:24:07.973Z,34.02,73.38

2026-08-21T15:24:12.965Z,34,73.36

2026-08-21T15:24:17.964Z,34.01,73.42

2026-08-21T15:24:22.965Z,33.99,73.42

2026-08-21T15:24:27.966Z,33.96,73.49

2026-08-21T15:24:32.978Z,33.97,73.39

2026-08-21T15:24:37.989Z,33.96,73.53

2026-08-21T15:24:42.978Z,33.98,73.5

2026-08-21T15:24:47.981Z,33.95,73.55

2026-08-21T15:24:52.978Z,33.95,73.53

2026-08-21T15:24:57.978Z,33.96,73.55

2026-08-21T15:25:02.991Z,33.93,73.51

2026-08-21T15:25:07.998Z,33.95,73.61

2026-08-21T15:25:12.989Z,33.92,73.6

2026-08-21T15:25:17.990Z,33.92,73.66

2026-08-21T15:25:22.990Z,33.91,73.69

2026-08-21T15:25:28.002Z,33.93,73.68

2026-08-21T15:25:32.990Z,33.93,73.71

2026-08-21T15:25:37.991Z,33.92,73.73

2026-08-21T15:25:42.992Z,33.91,73.72

2026-08-21T15:25:47.989Z,33.91,73.73

2026-08-21T15:25:52.991Z,33.92,73.68

2026-08-21T15:25:58.003Z,33.91,73.74

2026-08-21T15:26:02.990Z,33.91,73.79

2026-08-21T15:26:07.992Z,33.89,73.79

2026-08-21T15:26:12.992Z,33.9,73.79

2026-08-21T15:26:17.995Z,33.89,73.81

2026-08-21T15:26:22.992Z,33.9,73.83

2026-08-21T15:26:28.007Z,33.91,73.82

2026-08-21T15:26:32.993Z,33.89,73.8

2026-08-21T15:26:37.993Z,33.88,73.86

2026-08-21T15:26:42.992Z,33.89,73.81

2026-08-21T15:26:47.994Z,33.88,73.89

2026-08-21T15:26:53.000Z,33.89,73.92

2026-08-21T15:26:58.012Z,33.86,73.9

2026-08-21T15:27:02.998Z,33.89,73.88

2026-08-21T15:27:07.998Z,33.88,73.88

2026-08-21T15:27:12.997Z,33.89,73.93

2026-08-21T15:27:18.000Z,33.88,73.84

2026-08-21T15:27:23.008Z,33.89,73.87

2026-08-21T15:27:28.026Z,33.88,73.87

2026-08-21T15:27:33.011Z,33.89,73.91

2026-08-21T15:27:38.010Z,33.9,73.86

2026-08-21T15:27:43.009Z,33.9,73.82

2026-08-21T15:27:48.009Z,33.9,73.78

2026-08-21T15:27:53.025Z,33.89,73.79

2026-08-21T15:27:58.041Z,33.9,73.8

2026-08-21T15:28:03.024Z,33.89,73.76

2026-08-21T15:28:08.025Z,33.89,73.72

2026-08-21T15:28:13.023Z,33.88,73.82

2026-08-21T15:28:18.026Z,33.89,73.79

2026-08-21T15:28:23.036Z,33.88,73.8

2026-08-21T15:28:28.050Z,33.87,73.85

2026-08-21T15:28:33.037Z,33.89,73.85

2026-08-21T15:28:38.036Z,33.9,73.8

2026-08-21T15:28:43.035Z,33.89,73.76

2026-08-21T15:28:48.039Z,33.9,73.79

2026-08-21T15:28:53.044Z,33.9,73.81

2026-08-21T15:28:58.055Z,33.89,73.81

2026-08-21T15:29:03.043Z,33.92,73.79

2026-08-21T15:29:08.044Z,33.92,73.86

2026-08-21T15:29:13.044Z,33.92,73.78

2026-08-21T15:29:18.046Z,33.9,73.85

2026-08-21T15:29:23.049Z,33.92,73.85

2026-08-21T15:29:28.058Z,33.94,73.86

2026-08-21T15:29:33.046Z,33.93,73.79

2026-08-21T15:29:38.044Z,33.94,73.77

2026-08-21T15:29:43.047Z,33.91,73.8

2026-08-21T15:29:48.047Z,33.93,73.8

2026-08-21T15:29:53.052Z,33.94,73.8

2026-08-21T15:29:58.060Z,33.94,73.77

2026-08-21T15:30:03.050Z,33.94,73.72

2026-08-21T15:30:08.048Z,33.97,73.64

2026-08-21T15:30:13.049Z,33.96,73.61

2026-08-21T15:30:18.047Z,33.94,73.41

2026-08-21T15:30:23.065Z,33.95,73.43

2026-08-21T15:30:28.071Z,33.96,73.48

2026-08-21T15:30:33.061Z,33.95,73.42

2026-08-21T15:30:38.061Z,33.97,73.45

2026-08-21T15:30:43.063Z,33.96,73.48

2026-08-21T15:30:48.072Z,33.95,73.51

2026-08-21T15:30:53.062Z,33.96,73.47

2026-08-21T15:30:58.064Z,33.95,73.45

2026-08-21T15:31:03.064Z,33.95,73.39

2026-08-21T15:31:08.064Z,33.95,73.41

2026-08-21T15:31:13.075Z,33.96,73.46

2026-08-21T15:31:18.088Z,33.93,73.41

2026-08-21T15:31:23.074Z,33.92,73.4

2026-08-21T15:31:28.073Z,33.94,73.37

2026-08-21T15:31:33.074Z,33.93,73.41

2026-08-21T15:31:38.075Z,33.92,73.43

2026-08-21T15:31:43.089Z,33.93,73.41

2026-08-21T15:31:48.098Z,33.92,73.45

2026-08-21T15:31:53.087Z,33.93,73.5

2026-08-21T15:31:58.089Z,33.92,73.46

2026-08-21T15:32:03.091Z,33.91,73.48

2026-08-21T15:32:08.090Z,33.91,73.46

2026-08-21T15:32:13.093Z,33.91,73.5

2026-08-21T15:32:18.103Z,33.91,73.55

2026-08-21T15:32:23.092Z,33.91,73.5

2026-08-21T15:32:28.093Z,33.91,73.48

2026-08-21T15:32:33.092Z,33.9,73.58

2026-08-21T15:32:38.107Z,33.95,73.56

2026-08-21T15:32:43.110Z,33.92,73.58

2026-08-21T15:32:48.103Z,33.92,73.55

2026-08-21T15:32:53.102Z,33.92,73.62

2026-08-21T15:32:58.103Z,33.91,73.53

2026-08-21T15:33:03.105Z,33.92,73.5

2026-08-21T15:33:08.116Z,33.91,73.51

2026-08-21T15:33:13.104Z,33.94,73.46

2026-08-21T15:33:18.104Z,33.92,73.46

2026-08-21T15:33:23.105Z,33.93,73.47

2026-08-21T15:33:28.105Z,33.93,73.48

2026-08-21T15:33:33.105Z,33.93,73.49

2026-08-21T15:33:38.117Z,33.92,73.47

2026-08-21T15:33:43.106Z,33.91,73.5

2026-08-21T15:33:48.109Z,33.91,73.53

2026-08-21T15:33:53.106Z,33.91,73.5

2026-08-21T15:33:58.107Z,33.93,73.45

2026-08-21T15:34:03.113Z,33.93,73.51

2026-08-21T15:34:08.121Z,33.94,73.56

2026-08-21T15:34:13.110Z,33.91,73.51

2026-08-21T15:34:18.112Z,33.93,73.53

2026-08-21T15:34:23.111Z,33.9,73.5

2026-08-21T15:34:28.113Z,33.92,73.57

2026-08-21T15:34:33.125Z,33.92,73.54

2026-08-21T15:34:38.137Z,33.91,73.57

2026-08-21T15:34:43.123Z,33.91,73.53

2026-08-21T15:34:48.127Z,33.91,73.57

2026-08-21T15:34:53.126Z,33.88,73.64

2026-08-21T15:34:58.124Z,33.9,73.58

2026-08-21T15:35:03.131Z,33.91,73.6

2026-08-21T15:35:08.143Z,33.91,73.66

2026-08-21T15:35:13.127Z,33.89,73.64

2026-08-21T15:35:18.129Z,33.9,73.63

2026-08-21T15:35:23.129Z,33.88,73.63

2026-08-21T15:35:28.130Z,33.88,73.66

2026-08-21T15:35:33.141Z,33.88,73.73

2026-08-21T15:35:38.153Z,33.88,73.7

2026-08-21T15:35:43.140Z,33.89,73.68

2026-08-21T15:35:48.141Z,33.89,73.74

2026-08-21T15:35:53.141Z,33.89,73.66

2026-08-21T15:35:58.141Z,33.88,73.65

2026-08-21T15:36:03.150Z,33.89,73.68

2026-08-21T15:36:08.161Z,33.88,73.7

2026-08-21T15:36:13.151Z,33.87,73.6

2026-08-21T15:36:18.151Z,33.87,73.65

2026-08-21T15:36:23.150Z,33.9,73.65

2026-08-21T15:36:28.152Z,33.9,73.66

2026-08-21T15:36:33.164Z,33.89,73.59

2026-08-21T15:36:38.175Z,33.88,73.69

2026-08-21T15:36:43.163Z,33.88,73.63

2026-08-21T15:36:48.164Z,33.88,73.71

2026-08-21T15:36:53.162Z,33.89,73.67

2026-08-21T15:36:58.162Z,33.9,73.68

2026-08-21T15:37:03.162Z,33.88,73.7

2026-08-21T15:37:08.176Z,33.87,73.79

2026-08-21T15:37:13.162Z,33.88,73.72

2026-08-21T15:37:18.162Z,33.89,73.77

2026-08-21T15:37:23.172Z,33.88,73.74

2026-08-21T15:37:28.164Z,33.88,73.76

2026-08-21T15:37:33.163Z,33.87,73.73

2026-08-21T15:37:38.163Z,33.88,73.77

2026-08-21T15:37:43.166Z,33.87,73.73

2026-08-21T15:37:48.179Z,33.87,73.77

2026-08-21T15:37:53.167Z,33.89,73.78

2026-08-21T15:37:58.163Z,33.85,73.74

2026-08-21T15:38:03.164Z,33.88,73.8

2026-08-21T15:38:08.167Z,33.87,73.77

2026-08-21T15:38:13.165Z,33.88,73.78

2026-08-21T15:38:18.181Z,33.87,73.74

2026-08-21T15:38:23.168Z,33.86,73.76

2026-08-21T15:38:28.170Z,33.86,73.73

2026-08-21T15:38:33.168Z,33.87,73.79

2026-08-21T15:38:38.171Z,33.86,73.78

2026-08-21T15:38:43.171Z,33.87,73.78

2026-08-21T15:38:48.183Z,33.86,73.81

2026-08-21T15:38:53.171Z,33.88,73.8

2026-08-21T15:38:58.171Z,33.86,73.77

2026-08-21T15:39:03.171Z,33.89,73.82

2026-08-21T15:39:08.173Z,33.85,73.81

2026-08-21T15:39:13.177Z,33.88,73.85

2026-08-21T15:39:18.191Z,33.88,73.83

2026-08-21T15:39:23.178Z,33.87,73.88

2026-08-21T15:39:28.175Z,33.89,73.85

2026-08-21T15:39:33.177Z,33.87,73.75

2026-08-21T15:39:38.177Z,33.87,73.85

2026-08-21T15:39:43.181Z,33.88,73.83

2026-08-21T15:39:48.196Z,33.89,73.91

2026-08-21T15:39:53.182Z,33.88,73.87

2026-08-21T15:39:58.180Z,33.89,73.85

2026-08-21T15:40:03.182Z,33.9,73.78

2026-08-21T15:40:08.183Z,33.9,73.83

2026-08-21T15:40:13.195Z,33.91,73.81

2026-08-21T15:40:18.206Z,33.89,73.82

2026-08-21T15:40:23.193Z,33.91,73.8

2026-08-21T15:40:28.193Z,33.9,73.78

2026-08-21T15:40:33.192Z,33.91,73.81

2026-08-21T15:40:38.194Z,33.93,73.76

2026-08-21T15:40:43.200Z,33.93,73.75

2026-08-21T15:40:48.212Z,33.93,73.7

2026-08-21T15:40:53.199Z,33.92,73.67

2026-08-21T15:40:58.200Z,33.91,73.7

2026-08-21T15:41:03.200Z,33.92,73.65

2026-08-21T15:41:08.198Z,33.96,73.64

2026-08-21T15:41:13.211Z,33.97,73.66

2026-08-21T15:41:18.223Z,33.96,73.66

2026-08-21T15:41:23.211Z,33.94,73.61

2026-08-21T15:41:28.209Z,33.95,73.56

2026-08-21T15:41:33.209Z,33.96,73.55

2026-08-21T15:41:38.209Z,33.98,73.58

2026-08-21T15:41:43.216Z,33.98,73.53

2026-08-21T15:41:48.230Z,33.95,73.55

2026-08-21T15:41:53.215Z,33.96,73.52

2026-08-21T15:41:58.216Z,33.96,73.52

2026-08-21T15:42:03.216Z,33.97,73.49

2026-08-21T15:42:08.216Z,33.97,73.54

2026-08-21T15:42:13.240Z,33.95,73.48

2026-08-21T15:42:18.252Z,33.97,73.47

2026-08-21T15:42:23.242Z,33.95,73.55

2026-08-21T15:42:28.240Z,33.93,73.51

2026-08-21T15:42:33.240Z,33.94,73.56

2026-08-21T15:42:38.245Z,33.96,73.59

2026-08-21T15:42:43.255Z,33.93,73.54

2026-08-21T15:42:48.263Z,33.92,73.59

2026-08-21T15:42:53.254Z,33.93,73.61

2026-08-21T15:42:58.254Z,33.91,73.58

2026-08-21T15:43:03.256Z,33.91,73.62

2026-08-21T15:43:08.256Z,33.92,73.64

2026-08-21T15:43:13.259Z,33.92,73.68

2026-08-21T15:43:18.273Z,33.9,73.76

2026-08-21T15:43:23.259Z,33.9,73.69

2026-08-21T15:43:28.260Z,33.9,73.72

2026-08-21T15:43:33.260Z,33.89,73.7

2026-08-21T15:43:38.260Z,33.91,73.75

2026-08-21T15:43:43.273Z,33.89,73.7

2026-08-21T15:43:48.287Z,33.88,73.76

2026-08-21T15:43:53.273Z,33.88,73.79

2026-08-21T15:43:58.273Z,33.88,73.75

2026-08-21T15:44:03.274Z,33.9,73.77

2026-08-21T15:44:08.273Z,33.89,73.82

2026-08-21T15:44:13.281Z,33.85,73.84

2026-08-21T15:44:18.293Z,33.86,73.89

2026-08-21T15:44:23.281Z,33.85,73.85

2026-08-21T15:44:28.279Z,33.84,73.86

2026-08-21T15:44:33.277Z,33.86,73.9

2026-08-21T15:44:38.280Z,33.85,73.9

2026-08-21T15:44:43.280Z,33.87,73.95

2026-08-21T15:44:48.293Z,33.86,73.89

2026-08-21T15:44:53.280Z,33.85,73.96

2026-08-21T15:44:58.282Z,33.85,73.85

2026-08-21T15:45:03.282Z,33.85,73.89

2026-08-21T15:45:08.281Z,33.83,73.9

2026-08-21T15:45:13.294Z,33.83,73.93

2026-08-21T15:45:18.289Z,33.85,73.89

2026-08-21T15:45:23.290Z,33.86,73.94

2026-08-21T15:45:28.305Z,33.82,73.99

2026-08-21T15:45:33.291Z,33.83,73.95

2026-08-21T15:45:38.291Z,33.84,73.92

2026-08-21T15:45:43.291Z,33.84,73.97

2026-08-21T15:45:48.312Z,33.85,74.01

2026-08-21T15:45:53.294Z,33.83,73.96

2026-08-21T15:45:58.294Z,33.85,73.93

2026-08-21T15:46:03.293Z,33.84,73.96

2026-08-21T15:46:08.297Z,33.84,73.95

2026-08-21T15:46:13.295Z,33.85,73.96

2026-08-21T15:46:18.308Z,33.83,74.04

2026-08-21T15:46:23.298Z,33.84,74.04

2026-08-21T15:46:28.296Z,33.87,74.06

2026-08-21T15:46:33.296Z,33.84,74.02

2026-08-21T15:46:38.298Z,33.85,73.99

2026-08-21T15:46:43.297Z,33.86,73.97

2026-08-21T15:46:48.309Z,33.85,74.02

2026-08-21T15:46:53.298Z,33.87,73.94

2026-08-21T15:46:58.299Z,33.87,73.86

2026-08-21T15:47:03.298Z,33.87,73.91

2026-08-21T15:47:08.302Z,33.87,73.93

2026-08-21T15:47:13.311Z,33.84,73.86

2026-08-21T15:47:18.314Z,33.86,73.92

2026-08-21T15:47:23.306Z,33.88,73.83

2026-08-21T15:47:28.308Z,33.88,73.9

2026-08-21T15:47:33.310Z,33.86,73.83

2026-08-21T15:47:38.309Z,33.87,73.88

2026-08-21T15:47:43.325Z,33.87,73.86

2026-08-21T15:47:48.335Z,33.88,73.9

2026-08-21T15:47:53.324Z,33.88,73.81

2026-08-21T15:47:58.325Z,33.86,73.81

2026-08-21T15:48:03.324Z,33.88,73.85

2026-08-21T15:48:08.325Z,33.9,73.83

2026-08-21T15:48:13.334Z,33.91,73.82

2026-08-21T15:48:18.344Z,33.89,73.82

2026-08-21T15:48:23.333Z,33.9,73.83

2026-08-21T15:48:28.333Z,33.92,73.84

2026-08-21T15:48:33.332Z,33.91,73.78

2026-08-21T15:48:38.333Z,33.93,73.75

2026-08-21T15:48:43.340Z,33.9,73.71

2026-08-21T15:48:48.350Z,33.92,73.7

2026-08-21T15:48:53.338Z,33.91,73.56

2026-08-21T15:48:58.341Z,33.93,73.67

2026-08-21T15:49:03.338Z,33.93,73.66

2026-08-21T15:49:08.339Z,33.95,73.6

2026-08-21T15:49:13.338Z,33.95,73.63

2026-08-21T15:49:18.348Z,33.96,73.64

2026-08-21T15:49:23.338Z,33.94,73.57

2026-08-21T15:49:28.338Z,33.95,73.6

2026-08-21T15:49:33.337Z,33.96,73.56

2026-08-21T15:49:38.339Z,33.96,73.62

2026-08-21T15:49:43.344Z,33.96,73.56

2026-08-21T15:49:48.362Z,33.96,73.56

2026-08-21T15:49:53.344Z,33.97,73.56

2026-08-21T15:49:58.345Z,33.99,73.52

2026-08-21T15:50:03.344Z,33.99,73.49

2026-08-21T15:50:08.346Z,33.98,73.5

2026-08-21T15:50:13.348Z,33.98,73.45

2026-08-21T15:50:18.359Z,34,73.5

2026-08-21T15:50:23.348Z,33.99,73.43

2026-08-21T15:50:28.350Z,34,73.42

2026-08-21T15:50:33.348Z,34,73.46

2026-08-21T15:50:38.350Z,34.02,73.41

2026-08-21T15:50:43.371Z,34.03,73.39

2026-08-21T15:50:48.381Z,34.02,73.42

2026-08-21T15:50:53.369Z,34.03,73.34

2026-08-21T15:50:58.370Z,34.04,73.36

2026-08-21T15:51:03.369Z,34.06,73.35

2026-08-21T15:51:08.369Z,34.04,73.29

2026-08-21T15:51:13.389Z,34.06,73.26

2026-08-21T15:51:18.381Z,34.05,73.26

2026-08-21T15:51:23.382Z,34.08,73.2

2026-08-21T15:51:28.382Z,34.08,73.24

2026-08-21T15:51:33.384Z,34.06,73.19

2026-08-21T15:51:38.396Z,34.06,73.22

2026-08-21T15:51:43.382Z,34.07,73.18

2026-08-21T15:51:48.384Z,34.08,73.18

2026-08-21T15:51:53.385Z,34.09,73.18

2026-08-21T15:51:58.384Z,34.09,73.16

2026-08-21T15:52:03.385Z,34.08,73.15

2026-08-21T15:52:08.399Z,34.07,73.26

2026-08-21T15:52:13.384Z,34.08,73.11

2026-08-21T15:52:18.386Z,34.06,73.21

2026-08-21T15:52:23.386Z,34.06,73.17

2026-08-21T15:52:28.386Z,34.04,73.21

2026-08-21T15:52:33.395Z,34.06,73.23

2026-08-21T15:52:38.405Z,34.05,73.25

2026-08-21T15:52:43.394Z,34.04,73.21

2026-08-21T15:52:48.394Z,34.05,73.23

2026-08-21T15:52:53.395Z,34.06,73.25

2026-08-21T15:52:58.394Z,34.04,73.21

2026-08-21T15:53:03.395Z,34.06,73.24

2026-08-21T15:53:08.407Z,34.04,73.27

2026-08-21T15:53:13.395Z,34.06,73.28

2026-08-21T15:53:18.397Z,34.07,73.3

2026-08-21T15:53:23.400Z,34.06,73.29

2026-08-21T15:53:28.421Z,34.05,73.3

2026-08-21T15:53:33.397Z,34.05,73.23

2026-08-21T15:53:38.401Z,34.06,73.3

2026-08-21T15:53:43.400Z,34.07,73.31

2026-08-21T15:53:48.413Z,34.04,73.3

2026-08-21T15:53:53.399Z,34.09,73.22

2026-08-21T15:53:58.401Z,34.08,73.23

2026-08-21T15:54:03.424Z,34.08,73.21

2026-08-21T15:54:08.400Z,34.09,73.19

2026-08-21T15:54:13.402Z,34.09,73.21

2026-08-21T15:54:18.410Z,34.11,73.15

2026-08-21T15:54:23.402Z,34.11,73.18

2026-08-21T15:54:28.403Z,34.1,73.24

2026-08-21T15:54:33.402Z,34.1,73.17

2026-08-21T15:54:38.402Z,34.11,73.12

2026-08-21T15:54:43.434Z,34.12,73.17

2026-08-21T15:54:48.425Z,34.13,73.13

2026-08-21T15:54:53.425Z,34.12,73.07

2026-08-21T15:54:58.428Z,34.13,73.01

2026-08-21T15:55:03.424Z,34.15,73.03

2026-08-21T15:55:08.438Z,34.14,73.02

2026-08-21T15:55:13.426Z,34.15,72.98

2026-08-21T15:55:18.426Z,34.17,72.98

2026-08-21T15:55:23.425Z,34.15,73.01

2026-08-21T15:55:28.427Z,34.17,72.94

2026-08-21T15:55:33.426Z,34.18,72.92

2026-08-21T15:55:38.439Z,34.17,72.94

2026-08-21T15:55:43.427Z,34.19,72.9

2026-08-21T15:55:48.430Z,34.17,72.94

2026-08-21T15:55:53.428Z,34.17,72.87

2026-08-21T15:55:58.430Z,34.2,72.86

2026-08-21T15:56:03.433Z,34.2,72.84

2026-08-21T15:56:08.444Z,34.2,72.8

2026-08-21T15:56:13.430Z,34.2,72.81

2026-08-21T15:56:18.431Z,34.21,72.79

2026-08-21T15:56:23.433Z,34.22,72.76

2026-08-21T15:56:28.433Z,34.2,72.74

2026-08-21T15:56:33.433Z,34.24,72.79

2026-08-21T15:56:38.444Z,34.22,72.79

2026-08-21T15:56:43.433Z,34.24,72.74

2026-08-21T15:56:48.435Z,34.24,72.74

2026-08-21T15:56:53.433Z,34.24,72.76

2026-08-21T15:56:58.435Z,34.24,72.71

2026-08-21T15:57:03.447Z,34.22,72.67

2026-08-21T15:57:08.459Z,34.23,72.7

2026-08-21T15:57:13.444Z,34.21,72.69

2026-08-21T15:57:18.444Z,34.24,72.69

2026-08-21T15:57:23.444Z,34.25,72.75

2026-08-21T15:57:28.444Z,34.23,72.7

2026-08-21T15:57:33.452Z,34.26,72.73

2026-08-21T15:57:38.465Z,34.23,72.72

2026-08-21T15:57:43.451Z,34.25,72.71

2026-08-21T15:57:48.453Z,34.24,72.75

2026-08-21T15:57:53.452Z,34.23,72.7

2026-08-21T15:57:58.454Z,34.24,72.68

2026-08-21T15:58:03.461Z,34.25,72.69

2026-08-21T15:58:08.472Z,34.26,72.71

2026-08-21T15:58:13.459Z,34.27,72.72

2026-08-21T15:58:18.460Z,34.26,72.66

2026-08-21T15:58:23.460Z,34.26,72.68

2026-08-21T15:58:28.461Z,34.26,72.65

2026-08-21T15:58:33.470Z,34.28,72.67

2026-08-21T15:58:38.486Z,34.25,72.7

2026-08-21T15:58:43.471Z,34.26,72.68

2026-08-21T15:58:48.471Z,34.26,72.67

2026-08-21T15:58:53.471Z,34.25,72.66

2026-08-21T15:58:58.471Z,34.26,72.68

2026-08-21T15:59:03.485Z,34.28,72.55

2026-08-21T15:59:08.500Z,34.27,72.7

2026-08-21T15:59:13.485Z,34.26,72.64

2026-08-21T15:59:18.488Z,34.26,72.59

2026-08-21T15:59:23.486Z,34.27,72.57

2026-08-21T15:59:28.485Z,34.27,72.66

2026-08-21T15:59:33.498Z,34.27,72.67

2026-08-21T15:59:38.510Z,34.28,72.7

2026-08-21T15:59:43.495Z,34.27,72.57

2026-08-21T15:59:48.496Z,34.26,72.62

2026-08-21T15:59:53.495Z,34.27,72.61

2026-08-21T15:59:58.496Z,34.27,72.61

2026-08-21T16:00:03.506Z,34.26,72.67

2026-08-21T16:00:08.518Z,34.26,72.66

2026-08-21T16:00:13.502Z,34.26,72.66

2026-08-21T16:00:18.504Z,34.26,72.69

2026-08-21T16:00:23.505Z,34.27,72.67

2026-08-21T16:00:28.504Z,34.27,72.68

2026-08-21T16:00:33.505Z,34.27,72.69

2026-08-21T16:00:38.518Z,34.27,72.64

2026-08-21T16:00:43.505Z,34.26,72.64

2026-08-21T16:00:48.505Z,34.27,72.69

2026-08-21T16:00:53.505Z,34.26,72.71

2026-08-21T16:00:58.507Z,34.25,72.72

2026-08-21T16:01:03.521Z,34.25,72.68

2026-08-21T16:01:08.538Z,34.24,72.68

2026-08-21T16:01:13.518Z,34.26,72.69

2026-08-21T16:01:18.518Z,34.26,72.72

2026-08-21T16:01:23.518Z,34.25,72.73

2026-08-21T16:01:28.520Z,34.26,72.71

2026-08-21T16:01:33.528Z,34.24,72.79

2026-08-21T16:01:38.539Z,34.25,72.75

2026-08-21T16:01:43.525Z,34.24,72.78

2026-08-21T16:01:48.527Z,34.24,72.76

2026-08-21T16:01:53.528Z,34.24,72.74

2026-08-21T16:01:58.530Z,34.24,72.76

2026-08-21T16:02:03.544Z,34.24,72.74

2026-08-21T16:02:08.555Z,34.24,72.8

2026-08-21T16:02:13.545Z,34.26,72.76

2026-08-21T16:02:18.543Z,34.26,72.75

2026-08-21T16:02:23.544Z,34.25,72.78

2026-08-21T16:02:28.545Z,34.25,72.75

2026-08-21T16:02:33.556Z,34.23,72.74

2026-08-21T16:02:38.568Z,34.25,72.86

2026-08-21T16:02:43.553Z,34.23,72.77

2026-08-21T16:02:48.555Z,34.22,72.75

2026-08-21T16:02:53.557Z,34.23,72.77

2026-08-21T16:02:58.556Z,34.24,72.87

2026-08-21T16:03:03.563Z,34.23,72.82

2026-08-21T16:03:08.574Z,34.22,72.92

2026-08-21T16:03:13.560Z,34.24,72.9

2026-08-21T16:03:18.562Z,34.21,72.9

2026-08-21T16:03:23.560Z,34.23,72.79

2026-08-21T16:03:28.563Z,34.22,72.83

2026-08-21T16:03:33.562Z,34.21,72.86

2026-08-21T16:03:38.573Z,34.2,72.93

2026-08-21T16:03:43.564Z,34.22,72.9

2026-08-21T16:03:48.564Z,34.21,72.84

2026-08-21T16:03:53.563Z,34.22,72.9

2026-08-21T16:03:58.564Z,34.24,72.83

2026-08-21T16:04:03.565Z,34.23,72.89

2026-08-21T16:04:08.576Z,34.22,72.94

2026-08-21T16:04:13.566Z,34.2,72.87

2026-08-21T16:04:18.565Z,34.23,72.94

2026-08-21T16:04:23.565Z,34.25,72.86

2026-08-21T16:04:28.574Z,34.22,72.91

2026-08-21T16:04:33.567Z,34.23,72.88

2026-08-21T16:04:38.566Z,34.25,72.8

2026-08-21T16:04:43.565Z,34.23,72.85

2026-08-21T16:04:48.568Z,34.25,72.84

2026-08-21T16:04:53.585Z,34.25,72.82

2026-08-21T16:04:58.598Z,34.25,72.83

2026-08-21T16:05:03.583Z,34.26,72.79

2026-08-21T16:05:08.589Z,34.25,72.85

2026-08-21T16:05:13.586Z,34.27,72.75

2026-08-21T16:05:18.585Z,34.29,72.72

2026-08-21T16:05:23.591Z,34.25,72.73

2026-08-21T16:05:28.601Z,34.26,72.77

2026-08-21T16:05:33.588Z,34.28,72.78

2026-08-21T16:05:38.589Z,34.29,72.77

2026-08-21T16:05:43.589Z,34.27,72.74

2026-08-21T16:05:48.592Z,34.29,72.74

2026-08-21T16:05:53.602Z,34.28,72.68

2026-08-21T16:05:58.613Z,34.29,72.7

2026-08-21T16:06:03.602Z,34.29,72.69

2026-08-21T16:06:08.603Z,34.27,72.69

2026-08-21T16:06:13.603Z,34.29,72.65

2026-08-21T16:06:18.604Z,34.28,72.7

2026-08-21T16:06:23.603Z,34.29,72.62

2026-08-21T16:06:28.616Z,34.3,72.71

2026-08-21T16:06:33.604Z,34.3,72.65

2026-08-21T16:06:38.605Z,34.28,72.61

2026-08-21T16:06:43.605Z,34.29,72.59

2026-08-21T16:06:48.605Z,34.3,72.56

2026-08-21T16:06:53.610Z,34.3,72.59

2026-08-21T16:06:58.619Z,34.31,72.63

2026-08-21T16:07:03.607Z,34.3,72.6

2026-08-21T16:07:08.605Z,34.3,72.61

2026-08-21T16:07:13.605Z,34.31,72.54

2026-08-21T16:07:18.607Z,34.31,72.6

2026-08-21T16:07:23.615Z,34.34,72.6

2026-08-21T16:07:28.625Z,34.32,72.62

2026-08-21T16:07:33.614Z,34.32,72.6

2026-08-21T16:07:38.627Z,34.32,72.59

2026-08-21T16:07:43.614Z,34.31,72.57

2026-08-21T16:07:48.612Z,34.31,72.55

2026-08-21T16:07:53.614Z,34.31,72.53

2026-08-21T16:07:58.614Z,34.33,72.49

2026-08-21T16:08:03.612Z,34.31,72.51

2026-08-21T16:08:08.624Z,34.31,72.52

2026-08-21T16:08:13.616Z,34.33,72.54

2026-08-21T16:08:18.618Z,34.32,72.53

2026-08-21T16:08:23.619Z,34.31,72.56

2026-08-21T16:08:28.626Z,34.32,72.54

2026-08-21T16:08:33.619Z,34.31,72.55

2026-08-21T16:08:38.620Z,34.32,72.56

2026-08-21T16:08:43.620Z,34.33,72.51

2026-08-21T16:08:48.623Z,34.33,72.5

2026-08-21T16:08:53.638Z,34.32,72.55

2026-08-21T16:08:58.647Z,34.32,72.52

2026-08-21T16:09:03.637Z,34.32,72.52

2026-08-21T16:09:08.637Z,34.32,72.48

2026-08-21T16:09:13.636Z,34.31,72.46

2026-08-21T16:09:18.637Z,34.32,72.42

2026-08-21T16:09:23.654Z,34.32,72.48

2026-08-21T16:09:28.646Z,34.32,72.48

2026-08-21T16:09:33.647Z,34.31,72.47

2026-08-21T16:09:38.649Z,34.31,72.44

2026-08-21T16:09:43.648Z,34.3,72.53

2026-08-21T16:09:48.662Z,34.29,72.62

2026-08-21T16:09:53.647Z,34.31,72.47

2026-08-21T16:09:58.648Z,34.29,72.49

2026-08-21T16:10:03.648Z,34.31,72.51

2026-08-21T16:10:08.650Z,34.3,72.57

2026-08-21T16:10:13.652Z,34.3,72.52

2026-08-21T16:10:18.663Z,34.3,72.56

2026-08-21T16:10:23.650Z,34.3,72.52

2026-08-21T16:10:28.652Z,34.3,72.51

2026-08-21T16:10:33.651Z,34.3,72.57

2026-08-21T16:10:38.652Z,34.28,72.56

2026-08-21T16:10:43.653Z,34.3,72.54

2026-08-21T16:10:48.663Z,34.29,72.58

2026-08-21T16:10:53.653Z,34.3,72.58

2026-08-21T16:10:58.652Z,34.3,72.59

2026-08-21T16:11:03.655Z,34.29,72.57

2026-08-21T16:11:08.654Z,34.3,72.49

2026-08-21T16:11:13.661Z,34.29,72.59

2026-08-21T16:11:18.677Z,34.3,72.56

2026-08-21T16:11:23.659Z,34.29,72.49

2026-08-21T16:11:28.660Z,34.32,72.49

2026-08-21T16:11:33.660Z,34.31,72.52

2026-08-21T16:11:38.659Z,34.3,72.5

2026-08-21T16:11:43.673Z,34.3,72.55

2026-08-21T16:11:48.683Z,34.3,72.47

2026-08-21T16:11:53.671Z,34.31,72.5

2026-08-21T16:11:58.672Z,34.31,72.41

2026-08-21T16:12:03.673Z,34.31,72.45

2026-08-21T16:12:08.677Z,34.3,72.5

2026-08-21T16:12:13.686Z,34.31,72.52

2026-08-21T16:12:18.701Z,34.3,72.55

2026-08-21T16:12:23.686Z,34.29,72.54

2026-08-21T16:12:28.687Z,34.27,72.52

2026-08-21T16:12:33.686Z,34.27,72.56

2026-08-21T16:12:38.687Z,34.26,72.55

2026-08-21T16:12:43.696Z,34.26,72.59

2026-08-21T16:12:48.704Z,34.26,72.7

2026-08-21T16:12:53.694Z,34.26,72.66

2026-08-21T16:12:58.696Z,34.26,72.7

2026-08-21T16:13:03.696Z,34.25,72.68

2026-08-21T16:13:08.695Z,34.26,72.68

2026-08-21T16:13:13.703Z,34.23,72.76

2026-08-21T16:13:18.711Z,34.23,72.76

2026-08-21T16:13:23.703Z,34.22,72.79

2026-08-21T16:13:28.703Z,34.22,72.8

2026-08-21T16:13:33.702Z,34.22,72.83

2026-08-21T16:13:38.703Z,34.22,72.83

2026-08-21T16:13:43.714Z,34.21,72.88

2026-08-21T16:13:48.725Z,34.18,72.91

2026-08-21T16:13:53.710Z,34.18,72.92

2026-08-21T16:13:58.710Z,34.19,72.93

2026-08-21T16:14:03.712Z,34.18,72.97

2026-08-21T16:14:08.712Z,34.18,72.97

2026-08-21T16:14:13.717Z,34.18,72.96

2026-08-21T16:14:18.734Z,34.18,73.08

2026-08-21T16:14:23.716Z,34.16,73

2026-08-21T16:14:28.717Z,34.17,72.99

2026-08-21T16:14:33.716Z,34.15,73

2026-08-21T16:14:38.718Z,34.14,73.01

2026-08-21T16:14:43.722Z,34.13,73.1

2026-08-21T16:14:48.736Z,34.13,73.1

2026-08-21T16:14:53.719Z,34.12,73.1

2026-08-21T16:14:58.720Z,34.13,73.08

2026-08-21T16:15:03.722Z,34.11,73.13

2026-08-21T16:15:08.720Z,34.1,73.15

2026-08-21T16:15:13.724Z,34.12,73.2

2026-08-21T16:15:18.736Z,34.1,73.25

2026-08-21T16:15:23.722Z,34.09,73.19

2026-08-21T16:15:28.724Z,34.09,73.23

2026-08-21T16:15:33.726Z,34.08,73.27

2026-08-21T16:15:38.726Z,34.08,73.22

2026-08-21T16:15:43.727Z,34.09,73.27

2026-08-21T16:15:48.739Z,34.07,73.29

2026-08-21T16:15:53.727Z,34.08,73.34

2026-08-21T16:15:58.728Z,34.06,73.28

2026-08-21T16:16:03.727Z,34.07,73.29

2026-08-21T16:16:08.727Z,34.06,73.3

2026-08-21T16:16:13.744Z,34.07,73.3

2026-08-21T16:16:18.755Z,34.06,73.35

2026-08-21T16:16:23.742Z,34.05,73.31

2026-08-21T16:16:28.742Z,34.07,73.33

2026-08-21T16:16:33.742Z,34.04,73.35

2026-08-21T16:16:38.742Z,34.06,73.32

2026-08-21T16:16:43.750Z,34.03,73.33

2026-08-21T16:16:48.760Z,34.03,73.44

2026-08-21T16:16:53.749Z,34.04,73.4

2026-08-21T16:16:58.750Z,34.06,73.41

2026-08-21T16:17:03.749Z,34.02,73.43

2026-08-21T16:17:08.750Z,34.02,73.46

2026-08-21T16:17:13.760Z,34.01,73.44

2026-08-21T16:17:18.771Z,34.03,73.47

2026-08-21T16:17:23.759Z,34.02,73.5

2026-08-21T16:17:28.760Z,34.01,73.47

2026-08-21T16:17:33.760Z,34.03,73.49

2026-08-21T16:17:38.760Z,34.02,73.52

2026-08-21T16:17:43.762Z,34.01,73.51

2026-08-21T16:17:48.774Z,34.01,73.57

2026-08-21T16:17:53.762Z,34.03,73.57

2026-08-21T16:17:58.765Z,34.01,73.57

2026-08-21T16:18:03.762Z,34.02,73.61

2026-08-21T16:18:08.765Z,34.01,73.59

2026-08-21T16:18:13.763Z,34.01,73.58

2026-08-21T16:18:18.779Z,34.02,73.56

2026-08-21T16:18:23.763Z,34.04,73.55

2026-08-21T16:18:28.766Z,34.01,73.57

2026-08-21T16:18:33.764Z,34.01,73.58

2026-08-21T16:18:38.765Z,34.02,73.58

2026-08-21T16:18:43.765Z,34,73.59

2026-08-21T16:18:48.781Z,34.01,73.63

2026-08-21T16:18:53.765Z,34.03,73.59

2026-08-21T16:18:58.765Z,34.01,73.6

2026-08-21T16:19:03.767Z,34.01,73.56

2026-08-21T16:19:08.765Z,34.02,73.62

2026-08-21T16:19:13.767Z,34.01,73.58

2026-08-21T16:19:18.778Z,34.02,73.62

2026-08-21T16:19:23.766Z,34,73.58

2026-08-21T16:19:28.765Z,34.01,73.6

2026-08-21T16:19:33.769Z,34.02,73.61

2026-08-21T16:19:38.768Z,34.01,73.64

2026-08-21T16:19:43.776Z,34.01,73.67

2026-08-21T16:19:48.789Z,34.01,73.64

2026-08-21T16:19:53.774Z,34.03,73.56

2026-08-21T16:19:58.776Z,34.01,73.61

2026-08-21T16:20:03.776Z,34.03,73.57

2026-08-21T16:20:08.783Z,34.03,73.62

2026-08-21T16:20:13.794Z,34.02,73.55

2026-08-21T16:20:18.801Z,34.04,73.64

2026-08-21T16:20:23.790Z,34.04,73.61

2026-08-21T16:20:28.791Z,34.04,73.58

2026-08-21T16:20:33.790Z,34.06,73.59

2026-08-21T16:20:38.792Z,34.03,73.6

2026-08-21T16:20:43.804Z,34.06,73.53

2026-08-21T16:20:48.817Z,34.04,73.64

2026-08-21T16:20:53.803Z,34.04,73.55

2026-08-21T16:20:58.804Z,34.06,73.49

2026-08-21T16:21:03.803Z,34.06,73.58

2026-08-21T16:21:08.805Z,34.05,73.53

2026-08-21T16:21:13.819Z,34.06,73.56

2026-08-21T16:21:18.829Z,34.05,73.56

2026-08-21T16:21:23.818Z,34.05,73.58

2026-08-21T16:21:28.819Z,34.06,73.5

2026-08-21T16:21:33.818Z,34.05,73.59

2026-08-21T16:21:38.819Z,34.05,73.62

2026-08-21T16:21:43.822Z,34.07,73.56

2026-08-21T16:21:48.836Z,34.06,73.49

2026-08-21T16:21:53.822Z,34.06,73.53

2026-08-21T16:21:58.822Z,34.06,73.47

2026-08-21T16:22:03.822Z,34.05,73.44

2026-08-21T16:22:08.824Z,34.07,73.46

2026-08-21T16:22:13.829Z,34.06,73.46

2026-08-21T16:22:18.838Z,34.07,73.51

2026-08-21T16:22:23.825Z,34.07,73.49

2026-08-21T16:22:28.828Z,34.08,73.44

2026-08-21T16:22:33.827Z,34.06,73.43

2026-08-21T16:22:38.829Z,34.07,73.46

2026-08-21T16:22:43.829Z,34.08,73.49

2026-08-21T16:22:48.841Z,34.06,73.46

2026-08-21T16:22:53.829Z,34.09,73.48

2026-08-21T16:22:58.828Z,34.09,73.47

2026-08-21T16:23:03.828Z,34.08,73.45

2026-08-21T16:23:08.829Z,34.1,73.46

2026-08-21T16:23:13.840Z,34.1,73.43

2026-08-21T16:23:18.848Z,34.07,73.42

2026-08-21T16:23:23.839Z,34.1,73.43

2026-08-21T16:23:28.840Z,34.11,73.31

2026-08-21T16:23:33.839Z,34.1,73.36

2026-08-21T16:23:38.839Z,34.11,73.35

2026-08-21T16:23:43.869Z,34.11,73.34

2026-08-21T16:23:48.885Z,34.1,73.34

2026-08-21T16:23:53.868Z,34.12,73.29

2026-08-21T16:23:58.867Z,34.09,73.24

2026-08-21T16:24:03.869Z,34.13,73.24

2026-08-21T16:24:08.869Z,34.11,73.23

2026-08-21T16:24:13.868Z,34.1,73.22

2026-08-21T16:24:18.884Z,34.1,73.28

2026-08-21T16:24:23.872Z,34.1,73.25

2026-08-21T16:24:28.871Z,34.12,73.19

2026-08-21T16:24:33.871Z,34.08,73.21

2026-08-21T16:24:38.884Z,34.11,73.27

2026-08-21T16:24:43.873Z,34.12,73.24

2026-08-21T16:24:48.875Z,34.09,73.24

2026-08-21T16:24:53.873Z,34.1,73.27

2026-08-21T16:24:58.873Z,34.1,73.28

2026-08-21T16:25:03.874Z,34.11,73.26

2026-08-21T16:25:08.888Z,34.12,73.34

2026-08-21T16:25:13.872Z,34.1,73.31

2026-08-21T16:25:18.874Z,34.1,73.29

2026-08-21T16:25:23.884Z,34.1,73.26

2026-08-21T16:25:28.874Z,34.12,73.26

2026-08-21T16:25:33.874Z,34.11,73.17

2026-08-21T16:25:38.876Z,34.14,73.14

2026-08-21T16:25:43.876Z,34.12,73.18

2026-08-21T16:25:48.885Z,34.12,73.26

2026-08-21T16:25:53.875Z,34.13,73.12

2026-08-21T16:25:58.875Z,34.12,73.17

2026-08-21T16:26:03.874Z,34.12,73.13

2026-08-21T16:26:08.875Z,34.15,73.19

2026-08-21T16:26:13.875Z,34.1,73.19

2026-08-21T16:26:18.888Z,34.1,73.23

2026-08-21T16:26:23.875Z,34.11,73.2

2026-08-21T16:26:28.878Z,34.12,73.14

2026-08-21T16:26:33.876Z,34.12,73.17

2026-08-21T16:26:38.878Z,34.12,73.18

2026-08-21T16:26:43.875Z,34.12,73.13

2026-08-21T16:26:48.888Z,34.12,73.2

2026-08-21T16:26:53.876Z,34.1,73.14

2026-08-21T16:26:58.877Z,34.13,73.18

2026-08-21T16:27:03.879Z,34.11,73.13

2026-08-21T16:27:08.880Z,34.12,73.08

2026-08-21T16:27:13.888Z,34.13,73.17

2026-08-21T16:27:18.896Z,34.1,73.14

2026-08-21T16:27:23.886Z,34.11,73.19

2026-08-21T16:27:28.889Z,34.12,73.18

2026-08-21T16:27:33.889Z,34.09,73.19

2026-08-21T16:27:38.890Z,34.13,73.21

2026-08-21T16:27:43.903Z,34.11,73.23

2026-08-21T16:27:48.911Z,34.11,73.23

2026-08-21T16:27:53.901Z,34.11,73.19

2026-08-21T16:27:58.901Z,34.1,73.2

2026-08-21T16:28:03.904Z,34.11,73.24

2026-08-21T16:28:08.902Z,34.09,73.26

2026-08-21T16:28:13.912Z,34.09,73.23

2026-08-21T16:28:18.919Z,34.08,73.22

2026-08-21T16:28:23.908Z,34.1,73.29

2026-08-21T16:28:28.909Z,34.09,73.3

2026-08-21T16:28:33.910Z,34.08,73.31

2026-08-21T16:28:38.910Z,34.09,73.28

2026-08-21T16:28:43.919Z,34.08,73.26

2026-08-21T16:28:48.929Z,34.07,73.34

2026-08-21T16:28:53.917Z,34.08,73.32

2026-08-21T16:28:58.918Z,34.07,73.29

2026-08-21T16:29:03.918Z,34.07,73.32

2026-08-21T16:29:08.920Z,34.08,73.3

2026-08-21T16:29:13.927Z,34.08,73.34

2026-08-21T16:29:18.939Z,34.06,73.41

2026-08-21T16:29:23.927Z,34.06,73.36

2026-08-21T16:29:28.928Z,34.06,73.41

2026-08-21T16:29:33.930Z,34.06,73.36

2026-08-21T16:29:38.931Z,34.07,73.44

2026-08-21T16:29:43.946Z,34.07,73.46

2026-08-21T16:29:48.954Z,34.07,73.46

2026-08-21T16:29:53.943Z,34.05,73.46

2026-08-21T16:29:58.944Z,34.06,73.43

2026-08-21T16:30:03.946Z,34.06,73.47

2026-08-21T16:30:08.945Z,34.03,73.4

2026-08-21T16:30:13.953Z,34.04,73.48

2026-08-21T16:30:18.945Z,34.05,73.51

2026-08-21T16:30:23.948Z,34.06,73.52

2026-08-21T16:30:28.948Z,34.04,73.52

2026-08-21T16:30:33.948Z,34.04,73.55

2026-08-21T16:30:38.959Z,34.03,73.57

2026-08-21T16:30:43.950Z,34.02,73.59

2026-08-21T16:30:48.950Z,34.04,73.51

2026-08-21T16:30:53.949Z,34.02,73.55

2026-08-21T16:30:58.955Z,34.03,73.59

2026-08-21T16:31:03.963Z,34.02,73.6

2026-08-21T16:31:08.976Z,34.02,73.64

2026-08-21T16:31:13.959Z,34.01,73.59

2026-08-21T16:31:18.959Z,34.01,73.62

2026-08-21T16:31:23.958Z,34.01,73.64

2026-08-21T16:31:28.958Z,34,73.67

2026-08-21T16:31:33.980Z,33.99,73.72

2026-08-21T16:31:38.975Z,33.98,73.67

2026-08-21T16:31:43.974Z,33.99,73.72

2026-08-21T16:31:48.976Z,33.97,73.69

2026-08-21T16:31:53.976Z,33.98,73.76

2026-08-21T16:31:58.987Z,33.98,73.79

2026-08-21T16:32:03.977Z,33.99,73.8

2026-08-21T16:32:08.991Z,33.96,73.81

2026-08-21T16:32:13.979Z,33.98,73.78

2026-08-21T16:32:18.978Z,33.97,73.82

2026-08-21T16:32:23.978Z,33.98,73.79

2026-08-21T16:32:28.993Z,33.97,73.86

2026-08-21T16:32:33.981Z,33.96,73.88

2026-08-21T16:32:38.981Z,33.97,73.88

2026-08-21T16:32:43.981Z,33.98,73.88

2026-08-21T16:32:48.983Z,33.98,73.86

2026-08-21T16:32:53.983Z,33.98,73.9

2026-08-21T16:32:58.995Z,33.97,73.97

2026-08-21T16:33:03.984Z,33.96,73.87

2026-08-21T16:33:08.985Z,33.96,73.92

2026-08-21T16:33:13.988Z,33.96,73.95

2026-08-21T16:33:18.985Z,33.97,73.93

2026-08-21T16:33:23.985Z,33.95,73.91

2026-08-21T16:33:29.001Z,33.95,73.95

2026-08-21T16:33:33.986Z,33.96,73.93

2026-08-21T16:33:38.986Z,33.95,73.9

2026-08-21T16:33:43.988Z,33.93,73.91

2026-08-21T16:33:48.987Z,33.96,73.95

2026-08-21T16:33:53.992Z,33.96,73.93

2026-08-21T16:33:59.003Z,33.93,73.97

2026-08-21T16:34:03.988Z,33.94,73.97

2026-08-21T16:34:08.989Z,33.93,74.01

2026-08-21T16:34:13.989Z,33.96,73.99

2026-08-21T16:34:18.989Z,33.94,74

2026-08-21T16:34:24.000Z,33.96,74.04

2026-08-21T16:34:29.018Z,33.96,74

2026-08-21T16:34:34.000Z,33.96,74.04

2026-08-21T16:34:39.006Z,33.97,73.99

2026-08-21T16:34:44.005Z,33.97,73.99

2026-08-21T16:34:49.004Z,33.96,74.01

2026-08-21T16:34:54.010Z,33.96,73.97

2026-08-21T16:34:59.022Z,33.98,74

2026-08-21T16:35:04.009Z,33.96,73.97

2026-08-21T16:35:09.010Z,33.98,73.93

2026-08-21T16:35:14.012Z,33.97,73.98

2026-08-21T16:35:19.011Z,33.96,74.04

2026-08-21T16:35:24.027Z,33.97,73.99

2026-08-21T16:35:29.039Z,33.97,74.05

2026-08-21T16:35:34.024Z,33.97,73.99

2026-08-21T16:35:39.025Z,33.96,74.01

2026-08-21T16:35:44.028Z,33.97,74.02

2026-08-21T16:35:49.028Z,33.96,74.05

2026-08-21T16:35:54.030Z,33.96,73.97

2026-08-21T16:35:59.040Z,33.95,74.05

2026-08-21T16:36:04.027Z,33.96,74.05

2026-08-21T16:36:09.030Z,33.96,74.07

2026-08-21T16:36:14.031Z,33.95,74.01

2026-08-21T16:36:19.030Z,33.96,74.04

2026-08-21T16:36:24.047Z,33.95,74.03

2026-08-21T16:36:29.056Z,33.96,74.1

2026-08-21T16:36:34.046Z,33.96,74.05

2026-08-21T16:36:39.045Z,33.95,74.12

2026-08-21T16:36:44.045Z,33.93,74.09

2026-08-21T16:36:49.047Z,33.93,74.08

2026-08-21T16:36:54.050Z,33.92,74.13

2026-08-21T16:36:59.060Z,33.93,74.16

2026-08-21T16:37:04.049Z,33.93,74.22

2026-08-21T16:37:09.047Z,33.93,74.12

2026-08-21T16:37:14.047Z,33.91,74.17

2026-08-21T16:37:19.048Z,33.93,74.19

2026-08-21T16:37:24.055Z,33.92,74.17

2026-08-21T16:37:29.068Z,33.9,74.17

2026-08-21T16:37:34.055Z,33.91,74.13

2026-08-21T16:37:39.055Z,33.91,74.19

2026-08-21T16:37:44.054Z,33.91,74.22

2026-08-21T16:37:49.054Z,33.91,74.29

2026-08-21T16:37:54.055Z,33.9,74.22

2026-08-21T16:37:59.065Z,33.92,74.31

2026-08-21T16:38:04.056Z,33.91,74.27

2026-08-21T16:38:09.059Z,33.91,74.31

2026-08-21T16:38:14.057Z,33.91,74.17

2026-08-21T16:38:19.057Z,33.91,74.28

2026-08-21T16:38:24.076Z,33.89,74.28

2026-08-21T16:38:29.081Z,33.89,74.31

2026-08-21T16:38:34.072Z,33.9,74.3

2026-08-21T16:38:39.074Z,33.91,74.29

2026-08-21T16:38:44.073Z,33.9,74.29

2026-08-21T16:38:49.074Z,33.92,74.25

2026-08-21T16:38:54.084Z,33.9,74.29

2026-08-21T16:38:59.097Z,33.91,74.29

2026-08-21T16:39:04.083Z,33.93,74.27

2026-08-21T16:39:09.082Z,33.92,74.23

2026-08-21T16:39:14.087Z,33.9,74.2

2026-08-21T16:39:19.085Z,33.91,74.27

2026-08-21T16:39:24.092Z,33.91,74.26

2026-08-21T16:39:29.103Z,33.91,74.28

2026-08-21T16:39:34.088Z,33.92,74.26

2026-08-21T16:39:39.091Z,33.92,74.23

2026-08-21T16:39:44.090Z,33.93,74.23

2026-08-21T16:39:49.092Z,33.91,74.24

2026-08-21T16:39:54.101Z,33.93,74.18

2026-08-21T16:39:59.097Z,33.93,74.17

2026-08-21T16:40:04.096Z,33.92,74.24

2026-08-21T16:40:09.098Z,33.92,74.21

2026-08-21T16:40:14.102Z,33.94,74.21

2026-08-21T16:40:19.115Z,33.92,74.29

2026-08-21T16:40:24.100Z,33.93,74.22

2026-08-21T16:40:29.100Z,33.93,74.18

2026-08-21T16:40:34.100Z,33.92,74.22

2026-08-21T16:40:39.102Z,33.94,74.25

2026-08-21T16:40:44.109Z,33.94,74.25

2026-08-21T16:40:49.118Z,33.93,74.35

2026-08-21T16:40:54.107Z,33.92,74.25

2026-08-21T16:40:59.106Z,33.95,74.26

2026-08-21T16:41:04.107Z,33.94,74.25

2026-08-21T16:41:09.108Z,33.92,74.25

2026-08-21T16:41:14.120Z,33.93,74.26

2026-08-21T16:41:19.112Z,33.93,74.24

2026-08-21T16:41:24.113Z,33.92,74.25

2026-08-21T16:41:29.126Z,33.92,74.28

2026-08-21T16:41:34.113Z,33.92,74.26

2026-08-21T16:41:39.112Z,33.92,74.27

2026-08-21T16:41:44.114Z,33.93,74.26

2026-08-21T16:41:49.114Z,33.92,74.25

2026-08-21T16:41:54.116Z,33.92,74.27

2026-08-21T16:41:59.126Z,33.92,74.33

2026-08-21T16:42:04.116Z,33.92,74.35

2026-08-21T16:42:09.118Z,33.92,74.31

2026-08-21T16:42:14.119Z,33.9,74.32

2026-08-21T16:42:19.116Z,33.93,74.32

2026-08-21T16:42:24.138Z,33.94,74.35

2026-08-21T16:42:29.149Z,33.92,74.38

2026-08-21T16:42:34.138Z,33.92,74.37

2026-08-21T16:42:39.137Z,33.91,74.33

2026-08-21T16:42:44.137Z,33.92,74.32

2026-08-21T16:42:49.150Z,33.92,74.39

2026-08-21T16:42:54.135Z,33.94,74.34

2026-08-21T16:42:59.137Z,33.9,74.38

2026-08-21T16:43:04.138Z,33.91,74.36

2026-08-21T16:43:09.140Z,33.89,74.4

2026-08-21T16:43:14.148Z,33.91,74.36

2026-08-21T16:43:19.160Z,33.89,74.43

2026-08-21T16:43:24.145Z,33.91,74.39

2026-08-21T16:43:29.148Z,33.89,74.42

2026-08-21T16:43:34.146Z,33.88,74.45

2026-08-21T16:43:39.149Z,33.88,74.46

2026-08-21T16:43:44.166Z,33.89,74.47

2026-08-21T16:43:49.177Z,33.87,74.48

2026-08-21T16:43:54.162Z,33.88,74.51

2026-08-21T16:43:59.163Z,33.86,74.5

2026-08-21T16:44:04.164Z,33.87,74.5

2026-08-21T16:44:09.163Z,33.88,74.49

2026-08-21T16:44:14.170Z,33.87,74.52

2026-08-21T16:44:19.178Z,33.88,74.53

2026-08-21T16:44:24.167Z,33.86,74.55

2026-08-21T16:44:29.167Z,33.88,74.51

2026-08-21T16:44:34.167Z,33.87,74.59

2026-08-21T16:44:39.167Z,33.87,74.56

2026-08-21T16:44:44.178Z,33.87,74.54

2026-08-21T16:44:49.190Z,33.85,74.59

2026-08-21T16:44:54.177Z,33.85,74.56

2026-08-21T16:44:59.178Z,33.86,74.59

2026-08-21T16:45:04.178Z,33.86,74.54

2026-08-21T16:45:09.190Z,33.86,74.61

2026-08-21T16:45:14.176Z,33.86,74.61

2026-08-21T16:45:19.178Z,33.86,74.61

2026-08-21T16:45:24.194Z,33.87,74.64

2026-08-21T16:45:29.184Z,33.85,74.64

2026-08-21T16:45:34.186Z,33.86,74.62

2026-08-21T16:45:39.185Z,33.88,74.63

2026-08-21T16:45:44.189Z,33.87,74.58

2026-08-21T16:45:49.208Z,33.84,74.63

2026-08-21T16:45:54.200Z,33.85,74.57

2026-08-21T16:45:59.191Z,33.86,74.61

2026-08-21T16:46:04.187Z,33.88,74.6

2026-08-21T16:46:09.188Z,33.87,74.6

2026-08-21T16:46:14.187Z,33.86,74.67

2026-08-21T16:46:19.197Z,33.88,74.71

2026-08-21T16:46:24.187Z,33.86,74.64

2026-08-21T16:46:29.189Z,33.9,74.63

2026-08-21T16:46:34.189Z,33.88,74.65

2026-08-21T16:46:39.189Z,33.88,74.65

2026-08-21T16:46:44.196Z,33.88,74.71

2026-08-21T16:46:49.211Z,33.89,74.68

2026-08-21T16:46:54.195Z,33.89,74.7

2026-08-21T16:46:59.195Z,33.9,74.61

2026-08-21T16:47:04.196Z,33.9,74.65

2026-08-21T16:47:09.197Z,33.89,74.55

2026-08-21T16:47:14.215Z,33.91,74.6

2026-08-21T16:47:19.228Z,33.9,74.6

2026-08-21T16:47:24.218Z,33.91,74.61

2026-08-21T16:47:29.217Z,33.91,74.62

2026-08-21T16:47:34.216Z,33.92,74.56

2026-08-21T16:47:39.219Z,33.93,74.62

2026-08-21T16:47:44.224Z,33.93,74.58

2026-08-21T16:47:49.237Z,33.94,74.62

2026-08-21T16:47:54.225Z,33.93,74.56

2026-08-21T16:47:59.223Z,33.93,74.56

2026-08-21T16:48:04.224Z,33.96,74.45

2026-08-21T16:48:09.224Z,33.95,74.53

2026-08-21T16:48:14.235Z,33.94,74.52

2026-08-21T16:48:19.244Z,33.97,74.55

2026-08-21T16:48:24.235Z,33.95,74.51

2026-08-21T16:48:29.236Z,33.96,74.5

2026-08-21T16:48:34.234Z,33.96,74.44

2026-08-21T16:48:39.236Z,33.96,74.53

2026-08-21T16:48:44.235Z,33.99,74.51

2026-08-21T16:48:49.247Z,33.98,74.5

2026-08-21T16:48:54.235Z,33.98,74.48

2026-08-21T16:48:59.237Z,33.98,74.43

2026-08-21T16:49:04.235Z,33.99,74.46

2026-08-21T16:49:09.238Z,33.99,74.45

2026-08-21T16:49:14.249Z,33.98,74.44

2026-08-21T16:49:19.260Z,34,74.52

2026-08-21T16:49:24.251Z,33.99,74.44

2026-08-21T16:49:29.251Z,34.01,74.43

2026-08-21T16:49:34.249Z,33.98,74.45

2026-08-21T16:49:39.251Z,33.97,74.5

2026-08-21T16:49:44.260Z,33.99,74.48

2026-08-21T16:49:49.276Z,33.98,74.44

2026-08-21T16:49:54.259Z,33.99,74.51

2026-08-21T16:49:59.259Z,34,74.48

2026-08-21T16:50:04.258Z,33.98,74.49

2026-08-21T16:50:09.271Z,34,74.52

2026-08-21T16:50:14.262Z,34,74.51

2026-08-21T16:50:19.264Z,33.99,74.5

2026-08-21T16:50:24.263Z,33.98,74.47

2026-08-21T16:50:29.277Z,33.97,74.55

2026-08-21T16:50:34.264Z,33.99,74.47

2026-08-21T16:50:39.263Z,33.97,74.53

2026-08-21T16:50:44.264Z,33.98,74.47

2026-08-21T16:50:49.266Z,33.99,74.52

2026-08-21T16:50:54.266Z,33.99,74.51

2026-08-21T16:50:59.278Z,33.99,74.53

2026-08-21T16:51:04.265Z,33.98,74.5

2026-08-21T16:51:09.266Z,33.98,74.49

2026-08-21T16:51:14.267Z,33.99,74.57

2026-08-21T16:51:19.267Z,33.98,74.52

2026-08-21T16:51:24.273Z,33.97,74.55

2026-08-21T16:51:29.286Z,33.97,74.57

2026-08-21T16:51:34.272Z,33.97,74.58

2026-08-21T16:51:39.272Z,33.99,74.56

2026-08-21T16:51:44.273Z,33.97,74.59

2026-08-21T16:51:49.274Z,33.96,74.62

2026-08-21T16:51:54.291Z,33.96,74.65

2026-08-21T16:51:59.298Z,33.97,74.72

2026-08-21T16:52:04.287Z,33.96,74.66

2026-08-21T16:52:09.289Z,33.97,74.7

2026-08-21T16:52:14.289Z,33.98,74.58

2026-08-21T16:52:19.290Z,33.95,74.68

2026-08-21T16:52:24.295Z,33.97,74.62

2026-08-21T16:52:29.305Z,33.96,74.71

2026-08-21T16:52:34.294Z,33.96,74.63

2026-08-21T16:52:39.293Z,33.96,74.69

2026-08-21T16:52:44.293Z,33.95,74.7

2026-08-21T16:52:49.296Z,33.96,74.67

2026-08-21T16:52:54.304Z,33.96,74.69

2026-08-21T16:52:59.314Z,33.97,74.76

2026-08-21T16:53:04.302Z,33.95,74.75

2026-08-21T16:53:09.302Z,33.96,74.69

2026-08-21T16:53:14.301Z,33.96,74.75

2026-08-21T16:53:19.305Z,33.94,74.78

2026-08-21T16:53:24.309Z,33.98,74.76

2026-08-21T16:53:29.321Z,33.96,74.74

2026-08-21T16:53:34.309Z,33.97,74.78

2026-08-21T16:53:39.309Z,33.98,74.77

2026-08-21T16:53:44.309Z,33.95,74.8

2026-08-21T16:53:49.310Z,33.96,74.73

2026-08-21T16:53:54.329Z,33.98,74.73

2026-08-21T16:53:59.340Z,33.96,74.8

2026-08-21T16:54:04.328Z,33.97,74.81

2026-08-21T16:54:09.331Z,33.95,74.79

2026-08-21T16:54:14.332Z,33.96,74.79

2026-08-21T16:54:19.329Z,33.95,74.8

2026-08-21T16:54:24.343Z,33.95,74.82

2026-08-21T16:54:29.354Z,33.95,74.89

2026-08-21T16:54:34.342Z,33.93,74.88

2026-08-21T16:54:39.343Z,33.93,74.88

2026-08-21T16:54:44.342Z,33.93,74.89

2026-08-21T16:54:49.344Z,33.92,74.93

2026-08-21T16:54:54.353Z,33.95,74.96

2026-08-21T16:54:59.365Z,33.93,74.94

2026-08-21T16:55:04.353Z,33.93,74.95

2026-08-21T16:55:09.355Z,33.92,74.96

2026-08-21T16:55:14.351Z,33.93,74.95

2026-08-21T16:55:19.353Z,33.93,75.03

2026-08-21T16:55:24.359Z,33.91,74.96

2026-08-21T16:55:29.375Z,33.89,75.02

2026-08-21T16:55:34.359Z,33.92,75

2026-08-21T16:55:39.358Z,33.91,75

2026-08-21T16:55:44.357Z,33.91,74.98

2026-08-21T16:55:49.359Z,33.91,75.01

2026-08-21T16:55:54.358Z,33.91,75.03

2026-08-21T16:55:59.370Z,33.92,75.06

2026-08-21T16:56:04.360Z,33.92,75.06

2026-08-21T16:56:09.361Z,33.9,75.04

2026-08-21T16:56:14.361Z,33.91,75.09

2026-08-21T16:56:19.363Z,33.93,75.05

2026-08-21T16:56:24.363Z,33.9,75.05

2026-08-21T16:56:29.373Z,33.93,75.12

2026-08-21T16:56:34.362Z,33.93,75.11

2026-08-21T16:56:39.363Z,33.93,75.08

2026-08-21T16:56:44.364Z,33.92,75.07

2026-08-21T16:56:49.365Z,33.93,75.03

2026-08-21T16:56:54.375Z,33.94,75.06

2026-08-21T16:56:59.388Z,33.92,75.06

2026-08-21T16:57:04.375Z,33.92,75.04

2026-08-21T16:57:09.375Z,33.92,75.07

2026-08-21T16:57:14.375Z,33.93,75.07

2026-08-21T16:57:19.377Z,33.93,75.13

2026-08-21T16:57:24.383Z,33.93,75.07

2026-08-21T16:57:29.393Z,33.93,75.15

2026-08-21T16:57:34.382Z,33.93,75.05

2026-08-21T16:57:39.383Z,33.93,75.05

2026-08-21T16:57:44.383Z,33.93,75.02

2026-08-21T16:57:49.384Z,33.94,75.03

2026-08-21T16:57:54.402Z,33.94,75.11

2026-08-21T16:57:59.406Z,33.94,75.04

2026-08-21T16:58:04.399Z,33.93,75.11

2026-08-21T16:58:09.401Z,33.94,75.11

2026-08-21T16:58:14.401Z,33.95,75.12

2026-08-21T16:58:19.401Z,33.94,75.12

2026-08-21T16:58:24.401Z,33.93,75.11

2026-08-21T16:58:29.415Z,33.92,75.21

2026-08-21T16:58:34.403Z,33.94,75.11

2026-08-21T16:58:39.405Z,33.94,75.16

2026-08-21T16:58:44.404Z,33.92,75.11

2026-08-21T16:58:49.404Z,33.93,75.16

2026-08-21T16:58:54.404Z,33.93,75.13

2026-08-21T16:58:59.418Z,33.93,75.16

2026-08-21T16:59:04.404Z,33.94,75.12

2026-08-21T16:59:09.406Z,33.94,75.19

2026-08-21T16:59:14.403Z,33.91,75.16

2026-08-21T16:59:19.406Z,33.93,75.12

2026-08-21T16:59:24.404Z,33.92,75.15

2026-08-21T16:59:29.414Z,33.94,75.19

2026-08-21T16:59:34.407Z,33.94,75.16

2026-08-21T16:59:39.404Z,33.93,75.13

2026-08-21T16:59:44.405Z,33.95,75.19

2026-08-21T16:59:49.404Z,33.94,75.14

2026-08-21T16:59:54.406Z,33.95,75.16

2026-08-21T16:59:59.417Z,33.94,75.14

2026-08-21T17:00:04.405Z,33.93,75.13

2026-08-21T17:00:09.405Z,33.95,75.12

2026-08-21T17:00:14.405Z,33.95,75.08

2026-08-21T17:00:19.410Z,33.96,75.16

2026-08-21T17:00:24.411Z,33.96,75.03

2026-08-21T17:00:29.421Z,33.95,75.04

2026-08-21T17:00:34.413Z,33.95,75.09

2026-08-21T17:00:39.413Z,33.94,75.07

2026-08-21T17:00:44.411Z,33.93,75.1

2026-08-21T17:00:49.416Z,33.93,75.14

2026-08-21T17:00:54.425Z,33.94,75.05

2026-08-21T17:00:59.438Z,33.95,75.1

2026-08-21T17:01:04.420Z,33.96,75.11

2026-08-21T17:01:09.422Z,33.96,75.09

2026-08-21T17:01:14.422Z,33.94,75.11

2026-08-21T17:01:19.423Z,33.96,75.07

2026-08-21T17:01:24.435Z,33.95,75.08

2026-08-21T17:01:29.447Z,33.95,75.12

2026-08-21T17:01:34.433Z,33.97,75.11

2026-08-21T17:01:39.435Z,33.97,75.03

2026-08-21T17:01:44.435Z,33.96,75.05

2026-08-21T17:01:49.436Z,33.97,75.11

2026-08-21T17:01:54.443Z,33.97,75.09

2026-08-21T17:01:59.457Z,33.96,75.04

2026-08-21T17:02:04.444Z,33.95,75.04

2026-08-21T17:02:09.443Z,33.96,75.01

2026-08-21T17:02:14.443Z,33.97,75.08

2026-08-21T17:02:19.446Z,33.95,75.07

2026-08-21T17:02:24.454Z,33.96,75.05

2026-08-21T17:02:29.463Z,33.98,75.1

2026-08-21T17:02:34.451Z,33.97,75.04

2026-08-21T17:02:39.453Z,33.99,75.12

2026-08-21T17:02:44.452Z,33.98,75.07

2026-08-21T17:02:49.453Z,33.99,75.07

2026-08-21T17:02:54.457Z,33.96,75.02

2026-08-21T17:02:59.470Z,33.97,75.11

2026-08-21T17:03:04.458Z,33.97,75.03

2026-08-21T17:03:09.456Z,33.98,75.01

2026-08-21T17:03:14.457Z,33.97,74.99

2026-08-21T17:03:19.455Z,33.97,74.99

2026-08-21T17:03:24.461Z,33.99,75.09

2026-08-21T17:03:29.471Z,33.96,75.03

2026-08-21T17:03:34.459Z,33.95,75.11

2026-08-21T17:03:39.461Z,33.94,75.11

2026-08-21T17:03:44.457Z,33.94,75.13

2026-08-21T17:03:49.469Z,33.94,75.14

2026-08-21T17:03:54.457Z,33.94,75.07

2026-08-21T17:03:59.458Z,33.93,75.11

2026-08-21T17:04:04.467Z,33.94,75.09

2026-08-21T17:04:09.481Z,33.92,75.19

2026-08-21T17:04:14.467Z,33.94,75.14

2026-08-21T17:04:19.468Z,33.92,75.14

2026-08-21T17:04:24.468Z,33.91,75.17

2026-08-21T17:04:29.468Z,33.91,75.22

2026-08-21T17:04:34.478Z,33.91,75.25

2026-08-21T17:04:39.487Z,33.91,75.33

2026-08-21T17:04:44.475Z,33.88,75.27

2026-08-21T17:04:49.476Z,33.89,75.3

2026-08-21T17:04:54.473Z,33.89,75.28

2026-08-21T17:04:59.489Z,33.89,75.42

2026-08-21T17:05:04.474Z,33.89,75.34

2026-08-21T17:05:09.476Z,33.89,75.37

2026-08-21T17:05:14.475Z,33.88,75.34

2026-08-21T17:05:19.477Z,33.87,75.37

2026-08-21T17:05:24.478Z,33.9,75.35

2026-08-21T17:05:29.488Z,33.88,75.45

2026-08-21T17:05:34.480Z,33.86,75.33

2026-08-21T17:05:39.480Z,33.87,75.36

2026-08-21T17:05:44.478Z,33.88,75.36

2026-08-21T17:05:49.480Z,33.87,75.37

2026-08-21T17:05:54.505Z,33.87,75.45

2026-08-21T17:05:59.516Z,33.87,75.47

2026-08-21T17:06:04.503Z,33.87,75.51

2026-08-21T17:06:09.504Z,33.84,75.47

2026-08-21T17:06:14.503Z,33.87,75.49

2026-08-21T17:06:19.503Z,33.86,75.46

2026-08-21T17:06:24.502Z,33.86,75.5

2026-08-21T17:06:29.513Z,33.86,75.51

2026-08-21T17:06:34.504Z,33.87,75.52

2026-08-21T17:06:39.506Z,33.86,75.57

2026-08-21T17:06:44.503Z,33.85,75.56

2026-08-21T17:06:49.504Z,33.86,75.57

2026-08-21T17:06:54.511Z,33.86,75.59

2026-08-21T17:06:59.522Z,33.82,75.64

2026-08-21T17:07:04.506Z,33.84,75.62

2026-08-21T17:07:09.507Z,33.84,75.64

2026-08-21T17:07:14.508Z,33.85,75.6

2026-08-21T17:07:19.509Z,33.84,75.62

2026-08-21T17:07:24.523Z,33.85,75.63

2026-08-21T17:07:29.540Z,33.84,75.68

2026-08-21T17:07:34.522Z,33.86,75.64

2026-08-21T17:07:39.524Z,33.84,75.6

2026-08-21T17:07:44.525Z,33.85,75.58

2026-08-21T17:07:49.523Z,33.84,75.6

2026-08-21T17:07:54.532Z,33.83,75.58

2026-08-21T17:07:59.543Z,33.84,75.63

2026-08-21T17:08:04.533Z,33.85,75.62

2026-08-21T17:08:09.531Z,33.85,75.56

2026-08-21T17:08:14.533Z,33.86,75.6

2026-08-21T17:08:19.536Z,33.86,75.58

2026-08-21T17:08:24.540Z,33.86,75.58

2026-08-21T17:08:29.557Z,33.84,75.58

2026-08-21T17:08:34.539Z,33.86,75.63

2026-08-21T17:08:39.541Z,33.85,75.62

2026-08-21T17:08:44.543Z,33.84,75.6

2026-08-21T17:08:49.559Z,33.82,75.67

2026-08-21T17:08:54.540Z,33.84,75.61

2026-08-21T17:08:59.544Z,33.85,75.6

2026-08-21T17:09:04.541Z,33.85,75.62

2026-08-21T17:09:09.555Z,33.82,75.66

2026-08-21T17:09:14.542Z,33.84,75.6

2026-08-21T17:09:19.543Z,33.86,75.64

2026-08-21T17:09:24.544Z,33.82,75.62

2026-08-21T17:09:29.544Z,33.83,75.67

2026-08-21T17:09:34.545Z,33.83,75.63

2026-08-21T17:09:39.557Z,33.84,75.66

2026-08-21T17:09:44.544Z,33.84,75.63

2026-08-21T17:09:49.546Z,33.86,75.64

2026-08-21T17:09:54.546Z,33.85,75.65

2026-08-21T17:09:59.545Z,33.85,75.61

2026-08-21T17:10:04.550Z,33.84,75.57

2026-08-21T17:10:09.560Z,33.84,75.62

2026-08-21T17:10:14.548Z,33.84,75.61

2026-08-21T17:10:19.549Z,33.85,75.61

2026-08-21T17:10:24.549Z,33.85,75.58

2026-08-21T17:10:29.551Z,33.85,75.62

2026-08-21T17:10:34.553Z,33.86,75.62

2026-08-21T17:10:39.565Z,33.85,75.63

2026-08-21T17:10:44.553Z,33.83,75.63

2026-08-21T17:10:49.554Z,33.83,75.58

2026-08-21T17:10:54.554Z,33.86,75.61

2026-08-21T17:10:59.553Z,33.85,75.58

2026-08-21T17:11:04.559Z,33.85,75.63

2026-08-21T17:11:09.568Z,33.84,75.65

2026-08-21T17:11:14.557Z,33.85,75.62

2026-08-21T17:11:19.557Z,33.84,75.61

2026-08-21T17:11:24.556Z,33.84,75.61

2026-08-21T17:11:29.560Z,33.84,75.66

2026-08-21T17:11:34.568Z,33.84,75.65

2026-08-21T17:11:39.580Z,33.84,75.69

2026-08-21T17:11:44.567Z,33.85,75.68

2026-08-21T17:11:49.571Z,33.82,75.67

2026-08-21T17:11:54.569Z,33.84,75.69

2026-08-21T17:11:59.571Z,33.79,75.7

2026-08-21T17:12:04.579Z,33.82,75.72

2026-08-21T17:12:09.585Z,33.81,75.68

2026-08-21T17:12:14.572Z,33.81,75.71

2026-08-21T17:12:19.575Z,33.83,75.71

2026-08-21T17:12:24.574Z,33.83,75.74

2026-08-21T17:12:29.575Z,33.82,75.73

2026-08-21T17:12:34.606Z,33.81,75.71

2026-08-21T17:12:39.618Z,33.82,75.8

2026-08-21T17:12:44.605Z,33.83,75.79

2026-08-21T17:12:49.606Z,33.83,75.78

2026-08-21T17:12:54.607Z,33.81,75.78

2026-08-21T17:12:59.620Z,33.81,75.79

2026-08-21T17:13:04.610Z,33.8,75.84

2026-08-21T17:13:09.611Z,33.82,75.78

2026-08-21T17:13:14.609Z,33.82,75.79

2026-08-21T17:13:19.609Z,33.83,75.79

2026-08-21T17:13:24.610Z,33.82,75.82

2026-08-21T17:13:29.625Z,33.8,75.84

2026-08-21T17:13:34.608Z,33.84,75.8

2026-08-21T17:13:39.610Z,33.79,75.81

2026-08-21T17:13:44.610Z,33.83,75.79

2026-08-21T17:13:49.612Z,33.85,75.8

2026-08-21T17:13:54.613Z,33.81,75.82

2026-08-21T17:13:59.623Z,33.83,75.83

2026-08-21T17:14:04.612Z,33.82,75.8

2026-08-21T17:14:09.612Z,33.83,75.78

2026-08-21T17:14:14.613Z,33.85,75.78

2026-08-21T17:14:19.615Z,33.83,75.8

2026-08-21T17:14:24.618Z,33.82,75.79

2026-08-21T17:14:29.629Z,33.83,75.79

2026-08-21T17:14:34.616Z,33.83,75.77

2026-08-21T17:14:39.616Z,33.84,75.75

2026-08-21T17:14:44.616Z,33.83,75.77

2026-08-21T17:14:49.616Z,33.85,75.8

2026-08-21T17:14:54.615Z,33.82,75.74

2026-08-21T17:14:59.629Z,33.83,75.78

2026-08-21T17:15:04.614Z,33.83,75.75

2026-08-21T17:15:09.615Z,33.85,75.77

2026-08-21T17:15:14.614Z,33.84,75.79

2026-08-21T17:15:19.618Z,33.85,75.71

2026-08-21T17:15:24.621Z,33.86,75.73

2026-08-21T17:15:29.633Z,33.85,75.75

2026-08-21T17:15:34.626Z,33.86,75.74

2026-08-21T17:15:39.622Z,33.87,75.76

2026-08-21T17:15:44.637Z,33.87,75.73

2026-08-21T17:15:49.648Z,33.87,75.71

2026-08-21T17:15:54.631Z,33.87,75.6

2026-08-21T17:15:59.633Z,33.85,75.62

2026-08-21T17:16:04.631Z,33.88,75.63

2026-08-21T17:16:09.630Z,33.88,75.63

2026-08-21T17:16:14.645Z,33.87,75.63

2026-08-21T17:16:19.655Z,33.88,75.69

2026-08-21T17:16:24.644Z,33.87,75.61

2026-08-21T17:16:29.645Z,33.88,75.58

2026-08-21T17:16:34.645Z,33.88,75.6

2026-08-21T17:16:39.647Z,33.88,75.57

2026-08-21T17:16:44.656Z,33.88,75.59

2026-08-21T17:16:49.670Z,33.86,75.65

2026-08-21T17:16:54.655Z,33.86,75.65

2026-08-21T17:16:59.656Z,33.87,75.57

2026-08-21T17:17:04.656Z,33.86,75.63

2026-08-21T17:17:09.657Z,33.85,75.65

2026-08-21T17:17:14.660Z,33.86,75.59

2026-08-21T17:17:19.675Z,33.87,75.68

2026-08-21T17:17:24.659Z,33.85,75.66

2026-08-21T17:17:29.661Z,33.85,75.63

2026-08-21T17:17:34.661Z,33.86,75.66

2026-08-21T17:17:39.661Z,33.84,75.66

2026-08-21T17:17:44.675Z,33.87,75.68

2026-08-21T17:17:49.684Z,33.85,75.68

2026-08-21T17:17:54.674Z,33.87,75.62

2026-08-21T17:17:59.674Z,33.87,75.66

2026-08-21T17:18:04.674Z,33.87,75.64

2026-08-21T17:18:09.676Z,33.86,75.65

2026-08-21T17:18:14.679Z,33.85,75.65

2026-08-21T17:18:19.693Z,33.86,75.71

2026-08-21T17:18:24.680Z,33.86,75.67

2026-08-21T17:18:29.681Z,33.85,75.68

2026-08-21T17:18:34.681Z,33.84,75.68

2026-08-21T17:18:39.681Z,33.86,75.67

2026-08-21T17:18:44.680Z,33.86,75.67

2026-08-21T17:18:49.690Z,33.85,75.77

2026-08-21T17:18:54.681Z,33.87,75.65

2026-08-21T17:18:59.681Z,33.87,75.71

2026-08-21T17:19:04.679Z,33.86,75.64

2026-08-21T17:19:09.681Z,33.85,75.66

2026-08-21T17:19:14.699Z,33.84,75.69

2026-08-21T17:19:19.711Z,33.84,75.7

2026-08-21T17:19:24.700Z,33.84,75.69

2026-08-21T17:19:29.701Z,33.85,75.76

2026-08-21T17:19:34.699Z,33.85,75.72

2026-08-21T17:19:39.703Z,33.85,75.67

2026-08-21T17:19:44.709Z,33.85,75.63

2026-08-21T17:19:49.717Z,33.84,75.72

2026-08-21T17:19:54.709Z,33.85,75.65

2026-08-21T17:19:59.711Z,33.84,75.73

2026-08-21T17:20:04.709Z,33.84,75.72

2026-08-21T17:20:09.710Z,33.85,75.65

2026-08-21T17:20:14.721Z,33.86,75.63

2026-08-21T17:20:19.739Z,33.84,75.73

2026-08-21T17:20:24.721Z,33.85,75.7

2026-08-21T17:20:29.724Z,33.86,75.67

2026-08-21T17:20:34.722Z,33.86,75.68

2026-08-21T17:20:39.724Z,33.86,75.68

2026-08-21T17:20:44.735Z,33.86,75.71

2026-08-21T17:20:49.746Z,33.86,75.73

2026-08-21T17:20:54.733Z,33.86,75.68

2026-08-21T17:20:59.732Z,33.88,75.7

2026-08-21T17:21:04.734Z,33.87,75.69

2026-08-21T17:21:09.735Z,33.86,75.65

2026-08-21T17:21:14.740Z,33.87,75.71

2026-08-21T17:21:19.751Z,33.88,75.68

2026-08-21T17:21:24.736Z,33.87,75.61

2026-08-21T17:21:29.738Z,33.86,75.64

2026-08-21T17:21:34.739Z,33.89,75.65

2026-08-21T17:21:39.739Z,33.88,75.65

2026-08-21T17:21:44.741Z,33.87,75.68

2026-08-21T17:21:49.751Z,33.87,75.64

2026-08-21T17:21:54.741Z,33.88,75.66

2026-08-21T17:21:59.740Z,33.87,75.65

2026-08-21T17:22:04.740Z,33.88,75.66

2026-08-21T17:22:09.741Z,33.87,75.65

2026-08-21T17:22:14.751Z,33.87,75.67

2026-08-21T17:22:19.759Z,33.87,75.7

2026-08-21T17:22:24.748Z,33.87,75.69

2026-08-21T17:22:29.749Z,33.88,75.69

2026-08-21T17:22:34.749Z,33.87,75.66

2026-08-21T17:22:39.749Z,33.89,75.72

2026-08-21T17:22:44.747Z,33.89,75.74

2026-08-21T17:22:49.759Z,33.89,75.75

2026-08-21T17:22:54.749Z,33.89,75.69

2026-08-21T17:22:59.750Z,33.89,75.67

2026-08-21T17:23:04.750Z,33.88,75.7

2026-08-21T17:23:09.749Z,33.9,75.71

2026-08-21T17:23:14.763Z,33.88,75.69

2026-08-21T17:23:19.777Z,33.86,75.78

2026-08-21T17:23:24.759Z,33.88,75.72

2026-08-21T17:23:29.765Z,33.89,75.71

2026-08-21T17:23:34.763Z,33.89,75.68

2026-08-21T17:23:39.763Z,33.88,75.7

2026-08-21T17:23:44.770Z,33.88,75.7

2026-08-21T17:23:49.780Z,33.88,75.68

2026-08-21T17:23:54.769Z,33.89,75.69

2026-08-21T17:23:59.769Z,33.9,75.72

2026-08-21T17:24:04.769Z,33.9,75.69

2026-08-21T17:24:09.769Z,33.9,75.62

2026-08-21T17:24:14.772Z,33.9,75.72

2026-08-21T17:24:19.782Z,33.89,75.74

2026-08-21T17:24:24.772Z,33.88,75.74

2026-08-21T17:24:29.772Z,33.89,75.64

2026-08-21T17:24:34.773Z,33.91,75.7

2026-08-21T17:24:39.773Z,33.9,75.74

2026-08-21T17:24:44.781Z,33.91,75.63

2026-08-21T17:24:49.791Z,33.92,75.65

2026-08-21T17:24:54.780Z,33.93,75.68

2026-08-21T17:24:59.780Z,33.94,75.61

2026-08-21T17:25:04.780Z,33.92,75.58

2026-08-21T17:25:09.780Z,33.93,75.57

2026-08-21T17:25:14.779Z,33.92,75.61

2026-08-21T17:25:19.791Z,33.91,75.64

2026-08-21T17:25:24.779Z,33.94,75.6

2026-08-21T17:25:29.781Z,33.92,75.57

2026-08-21T17:25:34.780Z,33.93,75.56

2026-08-21T17:25:39.780Z,33.93,75.54

2026-08-21T17:25:44.787Z,33.94,75.58

2026-08-21T17:25:49.801Z,33.93,75.57

2026-08-21T17:25:54.789Z,33.93,75.49

2026-08-21T17:25:59.789Z,33.93,75.48

2026-08-21T17:26:04.790Z,33.93,75.51

2026-08-21T17:26:09.790Z,33.93,75.48

2026-08-21T17:26:14.796Z,33.93,75.5

2026-08-21T17:26:19.807Z,33.93,75.54

2026-08-21T17:26:24.795Z,33.92,75.5

2026-08-21T17:26:29.795Z,33.93,75.49

2026-08-21T17:26:34.794Z,33.93,75.47

2026-08-21T17:26:39.795Z,33.93,75.49

2026-08-21T17:26:44.819Z,33.93,75.55

2026-08-21T17:26:49.816Z,33.94,75.52

2026-08-21T17:26:54.816Z,33.94,75.48

2026-08-21T17:26:59.819Z,33.94,75.59

2026-08-21T17:27:04.818Z,33.94,75.52

2026-08-21T17:27:09.830Z,33.93,75.53

2026-08-21T17:27:14.817Z,33.94,75.53

2026-08-21T17:27:19.818Z,33.96,75.52

2026-08-21T17:27:24.820Z,33.94,75.52

2026-08-21T17:27:29.831Z,33.94,75.51

2026-08-21T17:27:34.819Z,33.94,75.53

2026-08-21T17:27:39.831Z,33.96,75.52

2026-08-21T17:27:44.819Z,33.95,75.41

2026-08-21T17:27:49.819Z,33.95,75.47

2026-08-21T17:27:54.819Z,33.95,75.47

2026-08-21T17:27:59.819Z,33.97,75.46

2026-08-21T17:28:04.820Z,33.97,75.45

2026-08-21T17:28:09.834Z,33.96,75.45

2026-08-21T17:28:14.821Z,33.96,75.4

2026-08-21T17:28:19.820Z,33.97,75.43

2026-08-21T17:28:24.822Z,33.98,75.41

2026-08-21T17:28:29.821Z,33.98,75.41

2026-08-21T17:28:34.823Z,33.98,75.44

2026-08-21T17:28:39.837Z,33.98,75.38

2026-08-21T17:28:44.823Z,33.99,75.42

2026-08-21T17:28:49.823Z,33.98,75.48

2026-08-21T17:28:54.825Z,33.97,75.44

2026-08-21T17:28:59.826Z,33.98,75.38

2026-08-21T17:29:04.827Z,33.97,75.41

2026-08-21T17:29:09.838Z,33.98,75.41

2026-08-21T17:29:14.826Z,33.97,75.38

2026-08-21T17:29:19.827Z,33.99,75.41

2026-08-21T17:29:24.823Z,33.97,75.34

2026-08-21T17:29:29.828Z,33.97,75.37

2026-08-21T17:29:34.832Z,33.99,75.42

2026-08-21T17:29:39.844Z,33.99,75.43

2026-08-21T17:29:44.829Z,33.98,75.39

2026-08-21T17:29:49.830Z,33.99,75.39

2026-08-21T17:29:54.829Z,33.98,75.37

2026-08-21T17:29:59.829Z,33.98,75.36

2026-08-21T17:30:04.840Z,33.99,75.34

2026-08-21T17:30:09.852Z,33.98,75.38

2026-08-21T17:30:14.840Z,33.98,75.38

2026-08-21T17:30:19.840Z,33.97,75.36

2026-08-21T17:30:24.843Z,33.96,75.44

2026-08-21T17:30:29.842Z,33.99,75.35

2026-08-21T17:30:34.854Z,33.96,75.35

2026-08-21T17:30:39.863Z,33.97,75.4

2026-08-21T17:30:44.847Z,33.98,75.39

2026-08-21T17:30:49.847Z,33.99,75.43

2026-08-21T17:30:54.847Z,34.01,75.39

2026-08-21T17:30:59.849Z,33.96,75.4

2026-08-21T17:31:04.853Z,33.99,75.41

2026-08-21T17:31:09.867Z,33.97,75.46

2026-08-21T17:31:14.851Z,33.98,75.38

2026-08-21T17:31:19.852Z,33.97,75.34

2026-08-21T17:31:24.853Z,33.97,75.38

2026-08-21T17:31:29.853Z,33.99,75.35

2026-08-21T17:31:34.866Z,33.98,75.38

2026-08-21T17:31:39.880Z,33.97,75.43

2026-08-21T17:31:44.865Z,33.97,75.42

2026-08-21T17:31:49.867Z,33.98,75.43

2026-08-21T17:31:54.867Z,33.99,75.39

2026-08-21T17:31:59.867Z,33.97,75.47

2026-08-21T17:32:04.869Z,33.98,75.38

2026-08-21T17:32:09.878Z,33.96,75.47

2026-08-21T17:32:14.866Z,33.97,75.41

2026-08-21T17:32:19.868Z,33.97,75.43

2026-08-21T17:32:24.869Z,33.97,75.38

2026-08-21T17:32:29.868Z,33.96,75.44

2026-08-21T17:32:34.873Z,33.97,75.44

2026-08-21T17:32:39.890Z,33.95,75.48

2026-08-21T17:32:44.873Z,33.96,75.38

2026-08-21T17:32:49.874Z,33.95,75.42

2026-08-21T17:32:54.873Z,33.96,75.46

2026-08-21T17:32:59.876Z,33.96,75.42

2026-08-21T17:33:04.880Z,33.97,75.42

2026-08-21T17:33:09.890Z,33.96,75.55

2026-08-21T17:33:14.881Z,33.97,75.53

2026-08-21T17:33:19.879Z,33.97,75.56

2026-08-21T17:33:24.879Z,33.96,75.47

2026-08-21T17:33:29.881Z,33.97,75.52

2026-08-21T17:33:34.881Z,33.98,75.49

2026-08-21T17:33:39.897Z,33.97,75.46

2026-08-21T17:33:44.880Z,33.98,75.47

2026-08-21T17:33:49.881Z,33.96,75.51

2026-08-21T17:33:54.879Z,33.97,75.46

2026-08-21T17:33:59.881Z,33.98,75.5

2026-08-21T17:34:04.885Z,33.95,75.49

2026-08-21T17:34:09.900Z,33.95,75.52

2026-08-21T17:34:14.882Z,33.96,75.5

2026-08-21T17:34:19.886Z,33.96,75.55

2026-08-21T17:34:24.884Z,33.94,75.54

2026-08-21T17:34:29.884Z,33.95,75.51

2026-08-21T17:34:34.900Z,33.95,75.55

2026-08-21T17:34:39.913Z,33.96,75.56

2026-08-21T17:34:44.895Z,33.92,75.55

2026-08-21T17:34:49.896Z,33.95,75.57

2026-08-21T17:34:54.896Z,33.93,75.58

2026-08-21T17:34:59.898Z,33.95,75.55

2026-08-21T17:35:04.921Z,33.93,75.56

2026-08-21T17:35:09.934Z,33.94,75.64

2026-08-21T17:35:14.920Z,33.94,75.68

2026-08-21T17:35:19.921Z,33.96,75.58

2026-08-21T17:35:24.921Z,33.93,75.67

2026-08-21T17:35:29.935Z,33.93,75.69

2026-08-21T17:35:34.922Z,33.94,75.68

2026-08-21T17:35:39.924Z,33.94,75.65

2026-08-21T17:35:44.922Z,33.92,75.65

2026-08-21T17:35:49.925Z,33.93,75.65

2026-08-21T17:35:54.930Z,33.92,75.61

2026-08-21T17:35:59.943Z,33.93,75.68

2026-08-21T17:36:04.929Z,33.94,75.64

2026-08-21T17:36:09.929Z,33.93,75.72

2026-08-21T17:36:14.930Z,33.94,75.65

2026-08-21T17:36:19.930Z,33.94,75.71

2026-08-21T17:36:24.932Z,33.94,75.71

2026-08-21T17:36:29.941Z,33.94,75.71

2026-08-21T17:36:34.934Z,33.94,75.7

2026-08-21T17:36:39.932Z,33.94,75.7

2026-08-21T17:36:44.930Z,33.93,75.71

2026-08-21T17:36:49.932Z,33.93,75.7

2026-08-21T17:36:54.936Z,33.93,75.71

2026-08-21T17:36:59.952Z,33.93,75.73

2026-08-21T17:37:04.937Z,33.93,75.72

2026-08-21T17:37:09.937Z,33.94,75.69

2026-08-21T17:37:14.936Z,33.92,75.75

2026-08-21T17:37:19.937Z,33.91,75.68

2026-08-21T17:37:24.946Z,33.93,75.75

2026-08-21T17:37:29.955Z,33.93,75.71

2026-08-21T17:37:34.944Z,33.92,75.77

2026-08-21T17:37:39.945Z,33.94,75.73

2026-08-21T17:37:44.965Z,33.94,75.71

2026-08-21T17:37:49.946Z,33.93,75.72

2026-08-21T17:37:54.964Z,33.93,75.76

2026-08-21T17:37:59.971Z,33.93,75.77

2026-08-21T17:38:04.964Z,33.92,75.77

2026-08-21T17:38:09.961Z,33.95,75.72

2026-08-21T17:38:14.960Z,33.94,75.7

2026-08-21T17:38:19.961Z,33.94,75.69

2026-08-21T17:38:24.977Z,33.93,75.66

2026-08-21T17:38:29.989Z,33.95,75.72

2026-08-21T17:38:34.971Z,33.96,75.68

2026-08-21T17:38:39.975Z,33.93,75.69

2026-08-21T17:38:44.974Z,33.95,75.69

2026-08-21T17:38:49.976Z,33.95,75.67

2026-08-21T17:38:54.982Z,33.95,75.7

2026-08-21T17:38:59.991Z,33.95,75.69

2026-08-21T17:39:04.982Z,33.97,75.67

2026-08-21T17:39:09.982Z,33.95,75.69

2026-08-21T17:39:14.983Z,33.97,75.69

2026-08-21T17:39:19.984Z,33.98,75.66

2026-08-21T17:39:24.991Z,33.96,75.6

2026-08-21T17:39:30.005Z,33.96,75.63

2026-08-21T17:39:34.992Z,33.98,75.63

2026-08-21T17:39:39.991Z,33.99,75.61

2026-08-21T17:39:44.990Z,33.98,75.67

2026-08-21T17:39:49.992Z,33.97,75.58

2026-08-21T17:39:54.995Z,33.97,75.61

2026-08-21T17:40:00.005Z,33.96,75.6

2026-08-21T17:40:04.993Z,33.97,75.59

2026-08-21T17:40:09.993Z,33.98,75.59

2026-08-21T17:40:14.992Z,33.99,75.63

2026-08-21T17:40:19.994Z,33.98,75.61

2026-08-21T17:40:25.008Z,33.97,75.6

2026-08-21T17:40:30.019Z,33.97,75.65

2026-08-21T17:40:35.009Z,33.99,75.67

2026-08-21T17:40:40.008Z,33.98,75.65

2026-08-21T17:40:45.007Z,33.96,75.55

2026-08-21T17:40:50.007Z,33.98,75.62

2026-08-21T17:40:55.010Z,33.97,75.62

2026-08-21T17:41:00.017Z,33.96,75.7

2026-08-21T17:41:05.008Z,33.94,75.65

2026-08-21T17:41:10.009Z,33.96,75.65

2026-08-21T17:41:15.008Z,33.95,75.69

2026-08-21T17:41:20.010Z,33.95,75.7

2026-08-21T17:41:25.017Z,33.95,75.63

2026-08-21T17:41:30.028Z,33.96,75.7

2026-08-21T17:41:35.018Z,33.94,75.71

2026-08-21T17:41:40.019Z,33.96,75.77

2026-08-21T17:41:45.015Z,33.95,75.74

2026-08-21T17:41:50.016Z,33.96,75.69

2026-08-21T17:41:55.024Z,33.95,75.74

2026-08-21T17:42:00.035Z,33.94,75.79

2026-08-21T17:42:05.022Z,33.95,75.77

2026-08-21T17:42:10.022Z,33.94,75.76

2026-08-21T17:42:15.024Z,33.97,75.75

2026-08-21T17:42:20.024Z,33.96,75.74

2026-08-21T17:42:25.037Z,33.95,75.78

2026-08-21T17:42:30.047Z,33.94,75.8

2026-08-21T17:42:35.038Z,33.93,75.72

2026-08-21T17:42:40.039Z,33.94,75.8

2026-08-21T17:42:45.039Z,33.96,75.78

2026-08-21T17:42:50.039Z,33.94,75.82

2026-08-21T17:42:55.052Z,33.95,75.79

2026-08-21T17:43:00.065Z,33.96,75.83

2026-08-21T17:43:05.051Z,33.95,75.74

2026-08-21T17:43:10.052Z,33.94,75.78

2026-08-21T17:43:15.052Z,33.95,75.83

2026-08-21T17:43:20.053Z,33.91,75.94

2026-08-21T17:43:25.059Z,33.94,75.87

2026-08-21T17:43:30.075Z,33.93,75.86

2026-08-21T17:43:35.058Z,33.94,75.87

2026-08-21T17:43:40.060Z,33.94,75.86

2026-08-21T17:43:45.056Z,33.94,75.89

2026-08-21T17:43:50.058Z,33.94,75.9

2026-08-21T17:43:55.062Z,33.95,75.85

2026-08-21T17:44:00.074Z,33.93,75.91

2026-08-21T17:44:05.059Z,33.94,75.89

2026-08-21T17:44:10.062Z,33.93,75.88

2026-08-21T17:44:15.061Z,33.93,75.91

2026-08-21T17:44:20.062Z,33.92,75.88

2026-08-21T17:44:25.078Z,33.95,75.82

2026-08-21T17:44:30.073Z,33.93,75.92

2026-08-21T17:44:35.073Z,33.94,75.9

2026-08-21T17:44:40.072Z,33.96,75.9

2026-08-21T17:44:45.072Z,33.93,75.95

2026-08-21T17:44:50.086Z,33.92,75.93

2026-08-21T17:44:55.073Z,33.94,75.92

2026-08-21T17:45:00.074Z,33.92,75.93

2026-08-21T17:45:05.072Z,33.93,75.94

2026-08-21T17:45:10.072Z,33.94,75.89

2026-08-21T17:45:15.073Z,33.94,75.94

2026-08-21T17:45:20.089Z,33.94,75.96

2026-08-21T17:45:25.075Z,33.94,75.89

2026-08-21T17:45:30.075Z,33.94,75.9

2026-08-21T17:45:35.077Z,33.93,75.91

2026-08-21T17:45:40.076Z,33.97,75.87

2026-08-21T17:45:45.076Z,33.94,75.91

2026-08-21T17:45:50.092Z,33.94,75.92

2026-08-21T17:45:55.077Z,33.93,75.91

2026-08-21T17:46:00.079Z,33.95,75.92

2026-08-21T17:46:05.078Z,33.95,75.91

2026-08-21T17:46:10.077Z,33.95,75.89

2026-08-21T17:46:15.078Z,33.94,75.92

2026-08-21T17:46:20.091Z,33.95,75.91

2026-08-21T17:46:25.079Z,33.95,75.85

2026-08-21T17:46:30.080Z,33.95,75.87

2026-08-21T17:46:35.079Z,33.97,75.89

2026-08-21T17:46:40.081Z,33.97,75.82

2026-08-21T17:46:45.081Z,33.98,75.85

2026-08-21T17:46:50.095Z,33.96,75.85

2026-08-21T17:46:55.082Z,33.98,75.82

2026-08-21T17:47:00.082Z,33.98,75.82

2026-08-21T17:47:05.092Z,33.98,75.78

2026-08-21T17:47:10.102Z,33.96,75.79

2026-08-21T17:47:15.091Z,33.97,75.84

2026-08-21T17:47:20.093Z,33.97,75.81

2026-08-21T17:47:25.092Z,34,75.86

2026-08-21T17:47:30.093Z,33.99,75.83

2026-08-21T17:47:35.096Z,33.98,75.82

2026-08-21T17:47:40.108Z,33.96,75.86

2026-08-21T17:47:45.095Z,33.98,75.81

2026-08-21T17:47:50.096Z,33.95,75.86

2026-08-21T17:47:55.107Z,33.98,75.86

2026-08-21T17:48:00.119Z,33.95,75.86

2026-08-21T17:48:05.107Z,33.97,75.82

2026-08-21T17:48:10.108Z,33.96,75.86

2026-08-21T17:48:15.107Z,33.97,75.86

2026-08-21T17:48:20.107Z,33.95,75.79

2026-08-21T17:48:25.112Z,33.98,75.95

2026-08-21T17:48:30.122Z,33.97,75.96

2026-08-21T17:48:35.109Z,33.96,75.91

2026-08-21T17:48:40.109Z,33.97,75.9

2026-08-21T17:48:45.111Z,33.96,75.91

2026-08-21T17:48:50.112Z,33.96,75.97

2026-08-21T17:48:55.125Z,33.97,75.9

2026-08-21T17:49:00.137Z,33.97,75.96

2026-08-21T17:49:05.123Z,33.97,75.88

2026-08-21T17:49:10.124Z,33.94,75.86

2026-08-21T17:49:15.126Z,33.95,75.9

2026-08-21T17:49:20.125Z,33.97,75.98

2026-08-21T17:49:25.139Z,33.96,75.9

2026-08-21T17:49:30.153Z,33.95,75.97

2026-08-21T17:49:35.133Z,33.97,75.96

2026-08-21T17:49:40.135Z,33.97,75.9

2026-08-21T17:49:45.134Z,33.95,75.94

2026-08-21T17:49:50.135Z,33.95,75.95

2026-08-21T17:49:55.145Z,33.96,75.92

2026-08-21T17:50:00.156Z,33.96,75.98

2026-08-21T17:50:05.145Z,33.96,75.91

2026-08-21T17:50:10.147Z,33.97,75.95

2026-08-21T17:50:15.146Z,33.97,75.97

2026-08-21T17:50:20.144Z,33.96,75.95

2026-08-21T17:50:25.158Z,33.96,75.96

2026-08-21T17:50:30.168Z,33.96,75.98

2026-08-21T17:50:35.157Z,33.97,76.01

2026-08-21T17:50:40.158Z,33.96,75.93

2026-08-21T17:50:45.158Z,33.97,76.02

2026-08-21T17:50:50.160Z,33.95,75.99

2026-08-21T17:50:55.164Z,33.96,76

2026-08-21T17:51:00.175Z,33.96,76.05

2026-08-21T17:51:05.165Z,33.96,75.98

2026-08-21T17:51:10.164Z,33.97,75.99

2026-08-21T17:51:15.163Z,33.97,76.03

2026-08-21T17:51:20.164Z,33.96,76.05

2026-08-21T17:51:25.171Z,33.96,75.98

2026-08-21T17:51:30.184Z,33.98,75.97

2026-08-21T17:51:35.170Z,34,75.97

2026-08-21T17:51:40.168Z,33.98,75.95

2026-08-21T17:51:45.169Z,33.98,75.94

2026-08-21T17:51:50.171Z,33.98,75.95

2026-08-21T17:51:55.175Z,33.99,75.9

2026-08-21T17:52:00.185Z,33.99,75.93

2026-08-21T17:52:05.173Z,33.99,75.9

2026-08-21T17:52:10.175Z,34,75.84

2026-08-21T17:52:15.175Z,34.01,75.9

2026-08-21T17:52:20.177Z,34,75.83

2026-08-21T17:52:25.187Z,33.98,75.9

2026-08-21T17:52:30.182Z,34,75.9

2026-08-21T17:52:35.180Z,34.01,75.88

2026-08-21T17:52:40.191Z,33.99,75.94

2026-08-21T17:52:45.181Z,34.01,75.87

2026-08-21T17:52:50.181Z,34.01,75.9

2026-08-21T17:52:55.187Z,33.99,75.93

2026-08-21T17:53:00.185Z,33.97,75.94

2026-08-21T17:53:05.186Z,33.97,75.92

2026-08-21T17:53:10.198Z,33.97,76.01

2026-08-21T17:53:15.180Z,33.99,75.94

2026-08-21T17:53:20.183Z,33.96,76

2026-08-21T17:53:25.183Z,33.97,75.99

2026-08-21T17:53:30.185Z,33.97,76.07

2026-08-21T17:53:35.185Z,33.99,76.06

2026-08-21T17:53:40.195Z,33.97,76.01

2026-08-21T17:53:45.187Z,33.99,76.01

2026-08-21T17:53:50.189Z,33.99,75.95

2026-08-21T17:53:55.187Z,33.99,75.97

2026-08-21T17:54:00.190Z,33.97,76.01

2026-08-21T17:54:05.189Z,34,76.01

2026-08-21T17:54:10.199Z,33.96,76.02

2026-08-21T17:54:15.187Z,33.97,75.95

2026-08-21T17:54:20.190Z,34,75.97

2026-08-21T17:54:25.192Z,33.99,75.98

2026-08-21T17:54:30.191Z,33.98,75.97

2026-08-21T17:54:35.200Z,33.98,75.94

2026-08-21T17:54:40.212Z,33.97,76.05

2026-08-21T17:54:45.199Z,33.98,76.07

2026-08-21T17:54:50.199Z,33.98,76.05

2026-08-21T17:54:55.200Z,33.97,76.06

2026-08-21T17:55:00.200Z,33.96,76.1

2026-08-21T17:55:05.208Z,33.96,76.07

2026-08-21T17:55:10.222Z,33.97,76.15

2026-08-21T17:55:15.205Z,33.97,76.12

2026-08-21T17:55:20.209Z,33.97,76.09

2026-08-21T17:55:25.208Z,33.96,76.09

2026-08-21T17:55:30.210Z,33.97,76.1

2026-08-21T17:55:35.214Z,33.98,76.12

2026-08-21T17:55:40.226Z,34,76.18

2026-08-21T17:55:45.215Z,33.96,76.15

2026-08-21T17:55:50.211Z,33.96,76.11

2026-08-21T17:55:55.212Z,33.98,76.09

2026-08-21T17:56:00.213Z,33.99,76.11

2026-08-21T17:56:05.215Z,33.99,76.13

2026-08-21T17:56:10.228Z,33.99,76.12

2026-08-21T17:56:15.215Z,34,76.06

2026-08-21T17:56:20.213Z,33.98,76.12

2026-08-21T17:56:25.213Z,33.99,76.08

2026-08-21T17:56:30.214Z,34.01,76.05

2026-08-21T17:56:35.221Z,33.98,76.1

2026-08-21T17:56:40.236Z,33.99,76.09

2026-08-21T17:56:45.223Z,33.99,76.1

2026-08-21T17:56:50.221Z,33.98,76.06

2026-08-21T17:56:55.222Z,33.99,76.1

2026-08-21T17:57:00.223Z,33.98,76.11

2026-08-21T17:57:05.245Z,33.98,76.1

2026-08-21T17:57:10.259Z,33.98,76.14

2026-08-21T17:57:15.245Z,34,76.12

2026-08-21T17:57:20.244Z,33.98,76.16

2026-08-21T17:57:25.246Z,33.99,76.21

2026-08-21T17:57:30.246Z,33.99,76.15

2026-08-21T17:57:35.254Z,33.97,76.2

2026-08-21T17:57:40.264Z,33.97,76.2

2026-08-21T17:57:45.250Z,33.97,76.2

2026-08-21T17:57:50.253Z,33.98,76.24

2026-08-21T17:57:55.253Z,33.98,76.21

2026-08-21T17:58:00.254Z,33.96,76.24

2026-08-21T17:58:05.254Z,33.96,76.22

2026-08-21T17:58:10.266Z,33.95,76.34

2026-08-21T17:58:15.254Z,33.96,76.2

2026-08-21T17:58:20.254Z,33.95,76.31

2026-08-21T17:58:25.255Z,33.95,76.34

2026-08-21T17:58:30.256Z,33.95,76.3

2026-08-21T17:58:35.262Z,33.95,76.33

2026-08-21T17:58:40.276Z,33.95,76.42

2026-08-21T17:58:45.262Z,33.94,76.37

2026-08-21T17:58:50.261Z,33.95,76.39

2026-08-21T17:58:55.262Z,33.96,76.33

2026-08-21T17:59:00.262Z,33.93,76.44

2026-08-21T17:59:05.271Z,33.95,76.45

2026-08-21T17:59:10.286Z,33.94,76.46

2026-08-21T17:59:15.271Z,33.94,76.37

2026-08-21T17:59:20.274Z,33.95,76.42

2026-08-21T17:59:25.274Z,33.95,76.44

2026-08-21T17:59:30.274Z,33.92,76.49

2026-08-21T17:59:35.273Z,33.93,76.47

2026-08-21T17:59:40.287Z,33.93,76.5

2026-08-21T17:59:45.271Z,33.94,76.42

2026-08-21T17:59:50.273Z,33.93,76.42

2026-08-21T17:59:55.272Z,33.94,76.54

