2026-08-22T18:00:01.787Z,34.46,70.54

2026-08-22T18:00:06.786Z,34.47,70.49

2026-08-22T18:00:11.788Z,34.49,70.52

2026-08-22T18:00:16.801Z,34.47,70.56

2026-08-22T18:00:21.811Z,34.47,70.53

2026-08-22T18:00:26.797Z,34.47,70.52

2026-08-22T18:00:31.799Z,34.48,70.53

2026-08-22T18:00:36.798Z,34.47,70.56

2026-08-22T18:00:41.798Z,34.47,70.54

2026-08-22T18:00:46.808Z,34.47,70.54

2026-08-22T18:00:51.821Z,34.47,70.61

2026-08-22T18:00:56.809Z,34.48,70.58

2026-08-22T18:01:01.810Z,34.47,70.55

2026-08-22T18:01:06.810Z,34.48,70.6

2026-08-22T18:01:11.813Z,34.47,70.56

2026-08-22T18:01:16.811Z,34.49,70.6

2026-08-22T18:01:21.823Z,34.48,70.63

2026-08-22T18:01:26.811Z,34.49,70.59

2026-08-22T18:01:31.811Z,34.48,70.61

2026-08-22T18:01:36.811Z,34.48,70.63

2026-08-22T18:01:41.812Z,34.49,70.63

2026-08-22T18:01:46.820Z,34.49,70.56

2026-08-22T18:01:51.837Z,34.48,70.58

2026-08-22T18:01:56.820Z,34.5,70.5

2026-08-22T18:02:01.819Z,34.5,70.52

2026-08-22T18:02:06.819Z,34.49,70.52

2026-08-22T18:02:11.820Z,34.5,70.53

2026-08-22T18:02:16.825Z,34.5,70.54

2026-08-22T18:02:21.839Z,34.49,70.54

2026-08-22T18:02:26.825Z,34.47,70.54

2026-08-22T18:02:31.825Z,34.48,70.52

2026-08-22T18:02:36.827Z,34.48,70.59

2026-08-22T18:02:41.828Z,34.48,70.63

2026-08-22T18:02:46.841Z,34.48,70.57

2026-08-22T18:02:51.849Z,34.48,70.59

2026-08-22T18:02:56.847Z,34.47,70.61

2026-08-22T18:03:01.840Z,34.48,70.59

2026-08-22T18:03:06.838Z,34.46,70.62

2026-08-22T18:03:11.841Z,34.48,70.64

2026-08-22T18:03:16.850Z,34.48,70.65

2026-08-22T18:03:21.862Z,34.46,70.7

2026-08-22T18:03:26.850Z,34.46,70.55

2026-08-22T18:03:31.850Z,34.45,70.64

2026-08-22T18:03:36.850Z,34.46,70.61

2026-08-22T18:03:41.850Z,34.47,70.64

2026-08-22T18:03:46.856Z,34.48,70.7

2026-08-22T18:03:51.865Z,34.48,70.71

2026-08-22T18:03:56.856Z,34.47,70.64

2026-08-22T18:04:01.858Z,34.47,70.66

2026-08-22T18:04:06.856Z,34.47,70.66

2026-08-22T18:04:11.857Z,34.48,70.64

2026-08-22T18:04:16.861Z,34.48,70.67

2026-08-22T18:04:21.868Z,34.49,70.64

2026-08-22T18:04:26.857Z,34.47,70.66

2026-08-22T18:04:31.861Z,34.5,70.6

2026-08-22T18:04:36.860Z,34.47,70.65

2026-08-22T18:04:41.860Z,34.49,70.66

2026-08-22T18:04:46.859Z,34.49,70.59

2026-08-22T18:04:51.873Z,34.48,70.72

2026-08-22T18:04:56.857Z,34.51,70.69

2026-08-22T18:05:01.858Z,34.48,70.71

2026-08-22T18:05:06.858Z,34.48,70.65

2026-08-22T18:05:11.858Z,34.5,70.65

2026-08-22T18:05:16.877Z,34.48,70.71

2026-08-22T18:05:21.887Z,34.48,70.76

2026-08-22T18:05:26.875Z,34.48,70.64

2026-08-22T18:05:31.878Z,34.48,70.73

2026-08-22T18:05:36.877Z,34.48,70.67

2026-08-22T18:05:41.877Z,34.49,70.68

2026-08-22T18:05:46.886Z,34.49,70.69

2026-08-22T18:05:51.898Z,34.51,70.69

2026-08-22T18:05:56.886Z,34.5,70.67

2026-08-22T18:06:01.885Z,34.51,70.65

2026-08-22T18:06:06.886Z,34.5,70.63

2026-08-22T18:06:11.887Z,34.48,70.6

2026-08-22T18:06:16.894Z,34.49,70.69

2026-08-22T18:06:21.904Z,34.51,70.68

2026-08-22T18:06:26.892Z,34.51,70.64

2026-08-22T18:06:31.893Z,34.51,70.62

2026-08-22T18:06:36.893Z,34.52,70.63

2026-08-22T18:06:41.894Z,34.52,70.61

2026-08-22T18:06:46.906Z,34.52,70.64

2026-08-22T18:06:51.920Z,34.52,70.65

2026-08-22T18:06:56.905Z,34.52,70.61

2026-08-22T18:07:01.905Z,34.52,70.6

2026-08-22T18:07:06.908Z,34.52,70.57

2026-08-22T18:07:11.907Z,34.53,70.56

2026-08-22T18:07:16.910Z,34.54,70.59

2026-08-22T18:07:21.919Z,34.54,70.52

2026-08-22T18:07:26.909Z,34.55,70.54

2026-08-22T18:07:31.910Z,34.54,70.48

2026-08-22T18:07:36.911Z,34.54,70.5

2026-08-22T18:07:41.911Z,34.54,70.5

2026-08-22T18:07:46.916Z,34.55,70.49

2026-08-22T18:07:51.929Z,34.54,70.53

2026-08-22T18:07:56.914Z,34.53,70.5

2026-08-22T18:08:01.918Z,34.54,70.51

2026-08-22T18:08:06.917Z,34.54,70.55

2026-08-22T18:08:11.916Z,34.54,70.44

2026-08-22T18:08:16.915Z,34.52,70.48

2026-08-22T18:08:21.929Z,34.54,70.48

2026-08-22T18:08:26.917Z,34.55,70.48

2026-08-22T18:08:31.919Z,34.53,70.49

2026-08-22T18:08:36.919Z,34.55,70.48

2026-08-22T18:08:41.918Z,34.55,70.42

2026-08-22T18:08:46.917Z,34.54,70.5

2026-08-22T18:08:51.929Z,34.55,70.51

2026-08-22T18:08:56.918Z,34.55,70.48

2026-08-22T18:09:01.919Z,34.52,70.5

2026-08-22T18:09:06.921Z,34.54,70.57

2026-08-22T18:09:11.924Z,34.53,70.51

2026-08-22T18:09:16.934Z,34.54,70.46

2026-08-22T18:09:21.939Z,34.54,70.48

2026-08-22T18:09:26.931Z,34.56,70.45

2026-08-22T18:09:31.936Z,34.56,70.44

2026-08-22T18:09:36.933Z,34.54,70.47

2026-08-22T18:09:41.934Z,34.53,70.47

2026-08-22T18:09:46.947Z,34.53,70.44

2026-08-22T18:09:51.961Z,34.54,70.55

2026-08-22T18:09:56.943Z,34.54,70.42

2026-08-22T18:10:01.943Z,34.55,70.34

2026-08-22T18:10:06.944Z,34.54,70.42

2026-08-22T18:10:11.946Z,34.55,70.39

2026-08-22T18:10:16.952Z,34.55,70.37

2026-08-22T18:10:21.962Z,34.54,70.42

2026-08-22T18:10:26.951Z,34.54,70.45

2026-08-22T18:10:31.951Z,34.54,70.42

2026-08-22T18:10:36.951Z,34.55,70.45

2026-08-22T18:10:41.952Z,34.56,70.41

2026-08-22T18:10:46.964Z,34.56,70.46

2026-08-22T18:10:51.972Z,34.54,70.52

2026-08-22T18:10:56.961Z,34.54,70.5

2026-08-22T18:11:01.961Z,34.56,70.44

2026-08-22T18:11:06.962Z,34.57,70.44

2026-08-22T18:11:11.962Z,34.56,70.43

2026-08-22T18:11:16.969Z,34.56,70.46

2026-08-22T18:11:21.975Z,34.55,70.48

2026-08-22T18:11:26.965Z,34.56,70.36

2026-08-22T18:11:31.968Z,34.55,70.41

2026-08-22T18:11:36.967Z,34.57,70.42

2026-08-22T18:11:41.967Z,34.55,70.45

2026-08-22T18:11:46.970Z,34.53,70.46

2026-08-22T18:11:51.980Z,34.55,70.51

2026-08-22T18:11:56.969Z,34.55,70.51

2026-08-22T18:12:01.967Z,34.56,70.47

2026-08-22T18:12:06.968Z,34.54,70.47

2026-08-22T18:12:11.968Z,34.54,70.5

2026-08-22T18:12:16.970Z,34.53,70.59

2026-08-22T18:12:21.981Z,34.55,70.54

2026-08-22T18:12:26.969Z,34.54,70.51

2026-08-22T18:12:31.970Z,34.54,70.54

2026-08-22T18:12:36.970Z,34.52,70.54

2026-08-22T18:12:41.974Z,34.53,70.58

2026-08-22T18:12:46.982Z,34.53,70.58

2026-08-22T18:12:51.994Z,34.55,70.53

2026-08-22T18:12:56.983Z,34.53,70.55

2026-08-22T18:13:01.983Z,34.53,70.53

2026-08-22T18:13:06.983Z,34.54,70.56

2026-08-22T18:13:11.998Z,34.52,70.58

2026-08-22T18:13:16.982Z,34.54,70.54

2026-08-22T18:13:21.983Z,34.53,70.59

2026-08-22T18:13:26.983Z,34.53,70.59

2026-08-22T18:13:31.985Z,34.52,70.66

2026-08-22T18:13:36.984Z,34.52,70.65

2026-08-22T18:13:41.998Z,34.53,70.67

2026-08-22T18:13:46.984Z,34.54,70.63

2026-08-22T18:13:51.985Z,34.54,70.65

2026-08-22T18:13:56.988Z,34.54,70.63

2026-08-22T18:14:01.987Z,34.53,70.58

2026-08-22T18:14:06.998Z,34.54,70.55

2026-08-22T18:14:12.008Z,34.54,70.62

2026-08-22T18:14:16.997Z,34.53,70.6

2026-08-22T18:14:21.998Z,34.53,70.56

2026-08-22T18:14:26.997Z,34.55,70.57

2026-08-22T18:14:31.998Z,34.55,70.61

2026-08-22T18:14:37.001Z,34.55,70.55

2026-08-22T18:14:42.014Z,34.55,70.59

2026-08-22T18:14:47.001Z,34.53,70.59

2026-08-22T18:14:52.002Z,34.56,70.54

2026-08-22T18:14:57.003Z,34.55,70.63

2026-08-22T18:15:02.004Z,34.56,70.51

2026-08-22T18:15:07.016Z,34.56,70.64

2026-08-22T18:15:12.025Z,34.55,70.56

2026-08-22T18:15:17.012Z,34.57,70.53

2026-08-22T18:15:22.012Z,34.56,70.53

2026-08-22T18:15:27.013Z,34.56,70.58

2026-08-22T18:15:32.011Z,34.56,70.55

2026-08-22T18:15:37.014Z,34.56,70.57

2026-08-22T18:15:42.024Z,34.54,70.55

2026-08-22T18:15:47.014Z,34.55,70.54

2026-08-22T18:15:52.014Z,34.56,70.56

2026-08-22T18:15:57.014Z,34.56,70.63

2026-08-22T18:16:02.014Z,34.55,70.6

2026-08-22T18:16:07.016Z,34.55,70.66

2026-08-22T18:16:12.027Z,34.54,70.66

2026-08-22T18:16:17.015Z,34.55,70.6

2026-08-22T18:16:22.014Z,34.54,70.6

2026-08-22T18:16:27.015Z,34.54,70.59

2026-08-22T18:16:32.015Z,34.55,70.6

2026-08-22T18:16:37.027Z,34.56,70.62

2026-08-22T18:16:42.035Z,34.56,70.65

2026-08-22T18:16:47.025Z,34.55,70.68

2026-08-22T18:16:52.028Z,34.56,70.68

2026-08-22T18:16:57.028Z,34.56,70.62

2026-08-22T18:17:02.030Z,34.55,70.6

2026-08-22T18:17:07.028Z,34.57,70.62

2026-08-22T18:17:12.044Z,34.53,70.67

2026-08-22T18:17:17.027Z,34.55,70.63

2026-08-22T18:17:22.028Z,34.54,70.68

2026-08-22T18:17:27.029Z,34.54,70.64

2026-08-22T18:17:32.029Z,34.57,70.63

2026-08-22T18:17:37.045Z,34.56,70.63

2026-08-22T18:17:42.055Z,34.55,70.67

2026-08-22T18:17:47.045Z,34.57,70.64

2026-08-22T18:17:52.045Z,34.58,70.69

2026-08-22T18:17:57.046Z,34.58,70.6

2026-08-22T18:18:02.046Z,34.57,70.58

2026-08-22T18:18:07.068Z,34.57,70.58

2026-08-22T18:18:12.081Z,34.57,70.63

2026-08-22T18:18:17.068Z,34.59,70.61

2026-08-22T18:18:22.068Z,34.57,70.58

2026-08-22T18:18:27.070Z,34.59,70.61

2026-08-22T18:18:32.070Z,34.57,70.61

2026-08-22T18:18:37.074Z,34.59,70.64

2026-08-22T18:18:42.088Z,34.58,70.65

2026-08-22T18:18:47.074Z,34.58,70.59

2026-08-22T18:18:52.075Z,34.58,70.55

2026-08-22T18:18:57.078Z,34.59,70.65

2026-08-22T18:19:02.077Z,34.57,70.57

2026-08-22T18:19:07.087Z,34.59,70.58

2026-08-22T18:19:12.098Z,34.58,70.57

2026-08-22T18:19:17.088Z,34.57,70.59

2026-08-22T18:19:22.087Z,34.6,70.61

2026-08-22T18:19:27.086Z,34.6,70.65

2026-08-22T18:19:32.087Z,34.59,70.61

2026-08-22T18:19:37.091Z,34.58,70.57

2026-08-22T18:19:42.104Z,34.58,70.62

2026-08-22T18:19:47.091Z,34.59,70.51

2026-08-22T18:19:52.093Z,34.59,70.64

2026-08-22T18:19:57.095Z,34.62,70.61

2026-08-22T18:20:02.094Z,34.59,70.56

2026-08-22T18:20:07.098Z,34.57,70.6

2026-08-22T18:20:12.110Z,34.59,70.61

2026-08-22T18:20:17.096Z,34.59,70.55

2026-08-22T18:20:22.097Z,34.58,70.61

2026-08-22T18:20:27.100Z,34.6,70.53

2026-08-22T18:20:32.100Z,34.6,70.68

2026-08-22T18:20:37.111Z,34.59,70.64

2026-08-22T18:20:42.119Z,34.6,70.61

2026-08-22T18:20:47.110Z,34.6,70.65

2026-08-22T18:20:52.111Z,34.6,70.61

2026-08-22T18:20:57.113Z,34.59,70.61

2026-08-22T18:21:02.112Z,34.6,70.6

2026-08-22T18:21:07.118Z,34.61,70.67

2026-08-22T18:21:12.127Z,34.61,70.69

2026-08-22T18:21:17.116Z,34.6,70.59

2026-08-22T18:21:22.119Z,34.6,70.6

2026-08-22T18:21:27.119Z,34.62,70.65

2026-08-22T18:21:32.122Z,34.61,70.6

2026-08-22T18:21:37.123Z,34.62,70.6

2026-08-22T18:21:42.139Z,34.61,70.67

2026-08-22T18:21:47.121Z,34.61,70.54

2026-08-22T18:21:52.122Z,34.63,70.55

2026-08-22T18:21:57.122Z,34.61,70.56

2026-08-22T18:22:02.121Z,34.64,70.53

2026-08-22T18:22:07.131Z,34.63,70.52

2026-08-22T18:22:12.142Z,34.65,70.63

2026-08-22T18:22:17.128Z,34.64,70.56

2026-08-22T18:22:22.130Z,34.63,70.53

2026-08-22T18:22:27.129Z,34.62,70.47

2026-08-22T18:22:32.131Z,34.64,70.55

2026-08-22T18:22:37.139Z,34.63,70.53

2026-08-22T18:22:42.151Z,34.62,70.56

2026-08-22T18:22:47.139Z,34.66,70.46

2026-08-22T18:22:52.139Z,34.65,70.53

2026-08-22T18:22:57.141Z,34.64,70.52

2026-08-22T18:23:02.139Z,34.65,70.63

2026-08-22T18:23:07.142Z,34.65,70.54

2026-08-22T18:23:12.153Z,34.64,70.58

2026-08-22T18:23:17.141Z,34.65,70.56

2026-08-22T18:23:22.143Z,34.63,70.63

2026-08-22T18:23:27.144Z,34.65,70.51

2026-08-22T18:23:32.141Z,34.64,70.54

2026-08-22T18:23:37.160Z,34.65,70.5

2026-08-22T18:23:42.153Z,34.65,70.56

2026-08-22T18:23:47.153Z,34.64,70.59

2026-08-22T18:23:52.152Z,34.64,70.57

2026-08-22T18:23:57.155Z,34.64,70.56

2026-08-22T18:24:02.169Z,34.65,70.56

2026-08-22T18:24:07.156Z,34.66,70.67

2026-08-22T18:24:12.159Z,34.63,70.6

2026-08-22T18:24:17.158Z,34.65,70.58

2026-08-22T18:24:22.161Z,34.65,70.62

2026-08-22T18:24:27.161Z,34.63,70.59

2026-08-22T18:24:32.177Z,34.63,70.68

2026-08-22T18:24:37.159Z,34.64,70.64

2026-08-22T18:24:42.159Z,34.64,70.57

2026-08-22T18:24:47.158Z,34.64,70.64

2026-08-22T18:24:52.160Z,34.65,70.57

2026-08-22T18:24:57.161Z,34.66,70.69

2026-08-22T18:25:02.174Z,34.62,70.73

2026-08-22T18:25:07.162Z,34.65,70.62

2026-08-22T18:25:12.163Z,34.64,70.67

2026-08-22T18:25:17.162Z,34.63,70.7

2026-08-22T18:25:22.163Z,34.64,70.68

2026-08-22T18:25:27.170Z,34.65,70.65

2026-08-22T18:25:32.180Z,34.64,70.71

2026-08-22T18:25:37.169Z,34.65,70.71

2026-08-22T18:25:42.170Z,34.64,70.7

2026-08-22T18:25:47.169Z,34.63,70.71

2026-08-22T18:25:52.170Z,34.62,70.73

2026-08-22T18:25:57.178Z,34.62,70.71

2026-08-22T18:26:02.189Z,34.63,70.79

2026-08-22T18:26:07.177Z,34.63,70.78

2026-08-22T18:26:12.178Z,34.62,70.78

2026-08-22T18:26:17.177Z,34.64,70.76

2026-08-22T18:26:22.179Z,34.63,70.74

2026-08-22T18:26:27.182Z,34.62,70.79

2026-08-22T18:26:32.190Z,34.61,70.83

2026-08-22T18:26:37.179Z,34.63,70.75

2026-08-22T18:26:42.178Z,34.64,70.84

2026-08-22T18:26:47.180Z,34.62,70.84

2026-08-22T18:26:52.180Z,34.63,70.78

2026-08-22T18:26:57.193Z,34.62,70.82

2026-08-22T18:27:02.205Z,34.63,70.88

2026-08-22T18:27:07.193Z,34.62,70.84

2026-08-22T18:27:12.195Z,34.61,70.85

2026-08-22T18:27:17.192Z,34.61,70.81

2026-08-22T18:27:22.192Z,34.61,70.89

2026-08-22T18:27:27.197Z,34.59,70.86

2026-08-22T18:27:32.207Z,34.6,70.89

2026-08-22T18:27:37.195Z,34.61,70.94

2026-08-22T18:27:42.198Z,34.61,70.84

2026-08-22T18:27:47.197Z,34.61,70.9

2026-08-22T18:27:52.197Z,34.61,70.93

2026-08-22T18:27:57.223Z,34.59,70.9

2026-08-22T18:28:02.226Z,34.6,70.89

2026-08-22T18:28:07.219Z,34.61,70.9

2026-08-22T18:28:12.224Z,34.61,70.93

2026-08-22T18:28:17.223Z,34.61,70.86

2026-08-22T18:28:22.220Z,34.6,70.89

2026-08-22T18:28:27.230Z,34.6,70.91

2026-08-22T18:28:32.239Z,34.58,70.94

2026-08-22T18:28:37.228Z,34.6,70.96

2026-08-22T18:28:42.231Z,34.61,70.93

2026-08-22T18:28:47.234Z,34.61,70.96

2026-08-22T18:28:52.239Z,34.6,70.88

2026-08-22T18:28:57.235Z,34.6,70.87

2026-08-22T18:29:02.247Z,34.6,70.92

2026-08-22T18:29:07.234Z,34.58,70.93

2026-08-22T18:29:12.232Z,34.58,70.97

2026-08-22T18:29:17.236Z,34.59,70.96

2026-08-22T18:29:22.236Z,34.6,70.95

2026-08-22T18:29:27.245Z,34.59,70.95

2026-08-22T18:29:32.257Z,34.6,71

2026-08-22T18:29:37.243Z,34.59,71.02

2026-08-22T18:29:42.244Z,34.59,71.01

2026-08-22T18:29:47.243Z,34.6,71

2026-08-22T18:29:52.243Z,34.59,70.99

2026-08-22T18:29:57.253Z,34.61,71.02

2026-08-22T18:30:02.265Z,34.58,71.05

2026-08-22T18:30:07.251Z,34.59,71

2026-08-22T18:30:12.252Z,34.59,71.05

2026-08-22T18:30:17.252Z,34.59,71.03

2026-08-22T18:30:22.254Z,34.6,71.01

2026-08-22T18:30:27.254Z,34.61,70.99

2026-08-22T18:30:32.267Z,34.6,71.08

2026-08-22T18:30:37.252Z,34.6,71.11

2026-08-22T18:30:42.253Z,34.6,71.05

2026-08-22T18:30:47.251Z,34.61,71.08

2026-08-22T18:30:52.256Z,34.59,71.09

2026-08-22T18:30:57.262Z,34.59,71.13

2026-08-22T18:31:02.272Z,34.58,71.21

2026-08-22T18:31:07.262Z,34.6,71.15

2026-08-22T18:31:12.263Z,34.6,71.17

2026-08-22T18:31:17.262Z,34.59,71.2

2026-08-22T18:31:22.265Z,34.58,71.14

2026-08-22T18:31:27.266Z,34.59,71.22

2026-08-22T18:31:32.275Z,34.58,71.22

2026-08-22T18:31:37.262Z,34.59,71.16

2026-08-22T18:31:42.266Z,34.57,71.23

2026-08-22T18:31:47.267Z,34.58,71.21

2026-08-22T18:31:52.264Z,34.59,71.19

2026-08-22T18:31:57.278Z,34.59,71.21

2026-08-22T18:32:02.295Z,34.58,71.26

2026-08-22T18:32:07.276Z,34.58,71.2

2026-08-22T18:32:12.277Z,34.58,71.2

2026-08-22T18:32:17.276Z,34.58,71.27

2026-08-22T18:32:22.280Z,34.58,71.31

2026-08-22T18:32:27.294Z,34.58,71.28

2026-08-22T18:32:32.307Z,34.56,71.29

2026-08-22T18:32:37.294Z,34.57,71.29

2026-08-22T18:32:42.293Z,34.58,71.3

2026-08-22T18:32:47.294Z,34.58,71.27

2026-08-22T18:32:52.296Z,34.57,71.29

2026-08-22T18:32:57.301Z,34.56,71.31

2026-08-22T18:33:02.310Z,34.55,71.36

2026-08-22T18:33:07.300Z,34.58,71.4

2026-08-22T18:33:12.298Z,34.55,71.35

2026-08-22T18:33:17.299Z,34.56,71.39

2026-08-22T18:33:22.302Z,34.56,71.35

2026-08-22T18:33:27.301Z,34.56,71.44

2026-08-22T18:33:32.314Z,34.55,71.43

2026-08-22T18:33:37.302Z,34.54,71.38

2026-08-22T18:33:42.304Z,34.55,71.42

2026-08-22T18:33:47.304Z,34.55,71.41

2026-08-22T18:33:52.316Z,34.56,71.52

2026-08-22T18:33:57.302Z,34.56,71.42

2026-08-22T18:34:02.304Z,34.54,71.48

2026-08-22T18:34:07.303Z,34.56,71.43

2026-08-22T18:34:12.303Z,34.55,71.47

2026-08-22T18:34:17.303Z,34.56,71.49

2026-08-22T18:34:22.315Z,34.54,71.46

2026-08-22T18:34:27.306Z,34.57,71.49

2026-08-22T18:34:32.307Z,34.56,71.48

2026-08-22T18:34:37.308Z,34.56,71.49

2026-08-22T18:34:42.307Z,34.57,71.49

2026-08-22T18:34:47.306Z,34.57,71.5

2026-08-22T18:34:52.322Z,34.55,71.53

2026-08-22T18:34:57.309Z,34.56,71.53

2026-08-22T18:35:02.310Z,34.57,71.53

2026-08-22T18:35:07.312Z,34.57,71.55

2026-08-22T18:35:12.311Z,34.57,71.57

2026-08-22T18:35:17.317Z,34.58,71.55

2026-08-22T18:35:22.322Z,34.54,71.56

2026-08-22T18:35:27.314Z,34.59,71.57

2026-08-22T18:35:32.313Z,34.57,71.57

2026-08-22T18:35:37.315Z,34.57,71.61

2026-08-22T18:35:42.314Z,34.56,71.61

2026-08-22T18:35:47.328Z,34.56,71.57

2026-08-22T18:35:52.343Z,34.57,71.68

2026-08-22T18:35:57.328Z,34.56,71.62

2026-08-22T18:36:02.327Z,34.56,71.68

2026-08-22T18:36:07.327Z,34.55,71.67

2026-08-22T18:36:12.327Z,34.55,71.66

2026-08-22T18:36:17.338Z,34.56,71.66

2026-08-22T18:36:22.352Z,34.54,71.73

2026-08-22T18:36:27.339Z,34.55,71.74

2026-08-22T18:36:32.338Z,34.55,71.78

2026-08-22T18:36:37.338Z,34.52,71.8

2026-08-22T18:36:42.339Z,34.54,71.79

2026-08-22T18:36:47.340Z,34.54,71.77

2026-08-22T18:36:52.355Z,34.53,71.84

2026-08-22T18:36:57.341Z,34.53,71.85

2026-08-22T18:37:02.341Z,34.51,71.85

2026-08-22T18:37:07.340Z,34.53,71.83

2026-08-22T18:37:12.342Z,34.53,71.93

2026-08-22T18:37:17.344Z,34.54,71.87

2026-08-22T18:37:22.354Z,34.5,71.88

2026-08-22T18:37:27.343Z,34.52,71.87

2026-08-22T18:37:32.344Z,34.51,71.9

2026-08-22T18:37:37.345Z,34.51,71.89

2026-08-22T18:37:42.346Z,34.53,71.9

2026-08-22T18:37:47.344Z,34.52,71.99

2026-08-22T18:37:52.357Z,34.52,72.02

2026-08-22T18:37:57.345Z,34.52,72.05

2026-08-22T18:38:02.345Z,34.49,71.95

2026-08-22T18:38:07.345Z,34.51,72.04

2026-08-22T18:38:12.346Z,34.51,72.07

2026-08-22T18:38:17.346Z,34.51,72.12

2026-08-22T18:38:22.360Z,34.5,72.1

2026-08-22T18:38:27.346Z,34.5,72.09

2026-08-22T18:38:32.347Z,34.51,72.12

2026-08-22T18:38:37.347Z,34.49,72.13

2026-08-22T18:38:42.348Z,34.5,72.07

2026-08-22T18:38:47.360Z,34.51,72.13

2026-08-22T18:38:52.370Z,34.49,72.12

2026-08-22T18:38:57.352Z,34.5,72.11

2026-08-22T18:39:02.353Z,34.48,72.15

2026-08-22T18:39:07.351Z,34.49,72.2

2026-08-22T18:39:12.359Z,34.47,72.19

2026-08-22T18:39:17.370Z,34.48,72.21

2026-08-22T18:39:22.377Z,34.49,72.29

2026-08-22T18:39:27.365Z,34.46,72.24

2026-08-22T18:39:32.366Z,34.45,72.23

2026-08-22T18:39:37.363Z,34.47,72.21

2026-08-22T18:39:42.365Z,34.48,72.25

2026-08-22T18:39:47.375Z,34.47,72.28

2026-08-22T18:39:52.390Z,34.47,72.34

2026-08-22T18:39:57.375Z,34.46,72.31

2026-08-22T18:40:02.376Z,34.47,72.34

2026-08-22T18:40:07.377Z,34.48,72.39

2026-08-22T18:40:12.378Z,34.48,72.38

2026-08-22T18:40:17.395Z,34.46,72.36

2026-08-22T18:40:22.405Z,34.45,72.42

2026-08-22T18:40:27.393Z,34.44,72.37

2026-08-22T18:40:32.392Z,34.44,72.4

2026-08-22T18:40:37.391Z,34.47,72.44

2026-08-22T18:40:42.393Z,34.45,72.46

2026-08-22T18:40:47.407Z,34.45,72.44

2026-08-22T18:40:52.418Z,34.44,72.49

2026-08-22T18:40:57.407Z,34.43,72.51

2026-08-22T18:41:02.407Z,34.44,72.45

2026-08-22T18:41:07.406Z,34.44,72.5

2026-08-22T18:41:12.407Z,34.43,72.61

2026-08-22T18:41:17.421Z,34.43,72.6

2026-08-22T18:41:22.438Z,34.41,72.56

2026-08-22T18:41:27.421Z,34.43,72.59

2026-08-22T18:41:32.420Z,34.43,72.58

2026-08-22T18:41:37.420Z,34.42,72.62

2026-08-22T18:41:42.421Z,34.42,72.64

2026-08-22T18:41:47.425Z,34.43,72.59

2026-08-22T18:41:52.437Z,34.42,72.7

2026-08-22T18:41:57.424Z,34.4,72.66

2026-08-22T18:42:02.424Z,34.41,72.68

2026-08-22T18:42:07.422Z,34.42,72.69

2026-08-22T18:42:12.423Z,34.43,72.66

2026-08-22T18:42:17.432Z,34.42,72.74

2026-08-22T18:42:22.423Z,34.43,72.7

2026-08-22T18:42:27.422Z,34.42,72.72

2026-08-22T18:42:32.428Z,34.42,72.72

2026-08-22T18:42:37.428Z,34.42,72.73

2026-08-22T18:42:42.434Z,34.42,72.78

2026-08-22T18:42:47.426Z,34.41,72.74

2026-08-22T18:42:52.431Z,34.42,72.81

2026-08-22T18:42:57.440Z,34.41,72.82

2026-08-22T18:43:02.444Z,34.41,72.84

2026-08-22T18:43:07.437Z,34.43,72.83

2026-08-22T18:43:12.437Z,34.43,72.79

2026-08-22T18:43:17.436Z,34.43,72.78

2026-08-22T18:43:22.437Z,34.43,72.79

2026-08-22T18:43:27.436Z,34.44,72.78

2026-08-22T18:43:32.450Z,34.44,72.83

2026-08-22T18:43:37.438Z,34.44,72.82

2026-08-22T18:43:42.438Z,34.41,72.85

2026-08-22T18:43:47.437Z,34.44,72.87

2026-08-22T18:43:52.440Z,34.43,72.84

2026-08-22T18:43:57.441Z,34.42,72.83

2026-08-22T18:44:02.453Z,34.41,72.89

2026-08-22T18:44:07.440Z,34.42,72.83

2026-08-22T18:44:12.439Z,34.42,72.91

2026-08-22T18:44:17.439Z,34.42,72.91

2026-08-22T18:44:22.440Z,34.43,72.9

2026-08-22T18:44:27.459Z,34.43,72.98

2026-08-22T18:44:32.468Z,34.42,72.92

2026-08-22T18:44:37.456Z,34.42,72.97

2026-08-22T18:44:42.457Z,34.44,72.95

2026-08-22T18:44:47.457Z,34.4,72.92

2026-08-22T18:44:52.458Z,34.42,72.91

2026-08-22T18:44:57.474Z,34.4,72.93

2026-08-22T18:45:02.485Z,34.4,73.06

2026-08-22T18:45:07.471Z,34.4,73

2026-08-22T18:45:12.473Z,34.4,73.03

2026-08-22T18:45:17.473Z,34.41,72.97

2026-08-22T18:45:22.474Z,34.39,73.04

2026-08-22T18:45:27.476Z,34.39,73.01

2026-08-22T18:45:32.487Z,34.4,73.04

2026-08-22T18:45:37.475Z,34.37,73.05

2026-08-22T18:45:42.475Z,34.39,73.02

2026-08-22T18:45:47.475Z,34.39,73.04

2026-08-22T18:45:52.475Z,34.38,73.05

2026-08-22T18:45:57.476Z,34.38,73.1

2026-08-22T18:46:02.490Z,34.36,73.05

2026-08-22T18:46:07.475Z,34.37,73.07

2026-08-22T18:46:12.477Z,34.37,73.09

2026-08-22T18:46:17.476Z,34.38,73.09

2026-08-22T18:46:22.481Z,34.36,73.08

2026-08-22T18:46:27.481Z,34.36,73.1

2026-08-22T18:46:32.488Z,34.37,73.15

2026-08-22T18:46:37.480Z,34.37,73.13

2026-08-22T18:46:42.480Z,34.38,73.2

2026-08-22T18:46:47.480Z,34.35,73.18

2026-08-22T18:46:52.480Z,34.37,73.15

2026-08-22T18:46:57.489Z,34.37,73.19

2026-08-22T18:47:02.505Z,34.35,73.31

2026-08-22T18:47:07.490Z,34.33,73.26

2026-08-22T18:47:12.492Z,34.34,73.26

2026-08-22T18:47:17.492Z,34.34,73.26

2026-08-22T18:47:22.491Z,34.34,73.24

2026-08-22T18:47:27.499Z,34.32,73.32

2026-08-22T18:47:32.512Z,34.33,73.29

2026-08-22T18:47:37.496Z,34.33,73.35

2026-08-22T18:47:42.496Z,34.34,73.3

2026-08-22T18:47:47.498Z,34.33,73.31

2026-08-22T18:47:52.498Z,34.33,73.41

2026-08-22T18:47:57.508Z,34.33,73.37

2026-08-22T18:48:02.519Z,34.34,73.39

2026-08-22T18:48:07.505Z,34.34,73.37

2026-08-22T18:48:12.505Z,34.37,73.34

2026-08-22T18:48:17.515Z,34.35,73.37

2026-08-22T18:48:22.528Z,34.34,73.41

2026-08-22T18:48:27.513Z,34.35,73.39

2026-08-22T18:48:32.515Z,34.35,73.41

2026-08-22T18:48:37.513Z,34.33,73.43

2026-08-22T18:48:42.515Z,34.34,73.4

2026-08-22T18:48:47.530Z,34.33,73.36

2026-08-22T18:48:52.541Z,34.34,73.46

2026-08-22T18:48:57.530Z,34.33,73.42

2026-08-22T18:49:02.529Z,34.34,73.42

2026-08-22T18:49:07.530Z,34.32,73.41

2026-08-22T18:49:12.530Z,34.34,73.41

2026-08-22T18:49:17.555Z,34.34,73.43

2026-08-22T18:49:22.565Z,34.33,73.47

2026-08-22T18:49:27.552Z,34.33,73.46

2026-08-22T18:49:32.551Z,34.33,73.47

2026-08-22T18:49:37.551Z,34.35,73.42

2026-08-22T18:49:42.551Z,34.34,73.51

2026-08-22T18:49:47.551Z,34.33,73.46

2026-08-22T18:49:52.561Z,34.34,73.55

2026-08-22T18:49:57.552Z,34.34,73.38

2026-08-22T18:50:02.555Z,34.32,73.44

2026-08-22T18:50:07.553Z,34.32,73.49

2026-08-22T18:50:12.555Z,34.32,73.46

2026-08-22T18:50:17.555Z,34.32,73.51

2026-08-22T18:50:22.568Z,34.31,73.53

2026-08-22T18:50:27.556Z,34.32,73.54

2026-08-22T18:50:32.558Z,34.31,73.53

2026-08-22T18:50:37.557Z,34.31,73.5

2026-08-22T18:50:42.568Z,34.3,73.52

2026-08-22T18:50:47.557Z,34.32,73.53

2026-08-22T18:50:52.559Z,34.33,73.56

2026-08-22T18:50:57.558Z,34.3,73.58

2026-08-22T18:51:02.557Z,34.3,73.52

2026-08-22T18:51:07.556Z,34.3,73.59

2026-08-22T18:51:12.572Z,34.3,73.61

2026-08-22T18:51:17.559Z,34.3,73.52

2026-08-22T18:51:22.559Z,34.29,73.6

2026-08-22T18:51:27.560Z,34.29,73.55

2026-08-22T18:51:32.561Z,34.3,73.53

2026-08-22T18:51:37.561Z,34.32,73.5

2026-08-22T18:51:42.574Z,34.3,73.51

2026-08-22T18:51:47.563Z,34.31,73.54

2026-08-22T18:51:52.562Z,34.31,73.53

2026-08-22T18:51:57.562Z,34.3,73.47

2026-08-22T18:52:02.562Z,34.31,73.51

2026-08-22T18:52:07.572Z,34.3,73.49

2026-08-22T18:52:12.586Z,34.3,73.57

2026-08-22T18:52:17.570Z,34.31,73.55

2026-08-22T18:52:22.571Z,34.31,73.51

2026-08-22T18:52:27.572Z,34.3,73.59

2026-08-22T18:52:32.571Z,34.29,73.55

2026-08-22T18:52:37.581Z,34.3,73.54

2026-08-22T18:52:42.592Z,34.32,73.62

2026-08-22T18:52:47.576Z,34.33,73.57

2026-08-22T18:52:52.578Z,34.3,73.62

2026-08-22T18:52:57.581Z,34.31,73.51

2026-08-22T18:53:02.579Z,34.3,73.55

2026-08-22T18:53:07.581Z,34.32,73.54

2026-08-22T18:53:12.594Z,34.31,73.57

2026-08-22T18:53:17.579Z,34.31,73.56

2026-08-22T18:53:22.578Z,34.33,73.52

2026-08-22T18:53:27.579Z,34.32,73.51

2026-08-22T18:53:32.581Z,34.33,73.51

2026-08-22T18:53:37.601Z,34.31,73.48

2026-08-22T18:53:42.608Z,34.31,73.48

2026-08-22T18:53:47.599Z,34.32,73.46

2026-08-22T18:53:52.601Z,34.33,73.48

2026-08-22T18:53:57.602Z,34.34,73.48

2026-08-22T18:54:02.604Z,34.32,73.51

2026-08-22T18:54:07.609Z,34.32,73.49

2026-08-22T18:54:12.621Z,34.32,73.51

2026-08-22T18:54:17.606Z,34.34,73.51

2026-08-22T18:54:22.606Z,34.32,73.49

2026-08-22T18:54:27.607Z,34.32,73.45

2026-08-22T18:54:32.609Z,34.33,73.46

2026-08-22T18:54:37.612Z,34.33,73.47

2026-08-22T18:54:42.625Z,34.31,73.5

2026-08-22T18:54:47.614Z,34.32,73.5

2026-08-22T18:54:52.612Z,34.29,73.5

2026-08-22T18:54:57.613Z,34.31,73.49

2026-08-22T18:55:02.615Z,34.31,73.51

2026-08-22T18:55:07.628Z,34.31,73.48

2026-08-22T18:55:12.644Z,34.32,73.55

2026-08-22T18:55:17.626Z,34.31,73.48

2026-08-22T18:55:22.627Z,34.3,73.49

2026-08-22T18:55:27.628Z,34.31,73.53

2026-08-22T18:55:32.628Z,34.3,73.52

2026-08-22T18:55:37.631Z,34.3,73.56

2026-08-22T18:55:42.641Z,34.29,73.58

2026-08-22T18:55:47.629Z,34.3,73.52

2026-08-22T18:55:52.630Z,34.31,73.55

2026-08-22T18:55:57.631Z,34.3,73.53

2026-08-22T18:56:02.630Z,34.29,73.54

2026-08-22T18:56:07.633Z,34.29,73.58

2026-08-22T18:56:12.642Z,34.3,73.59

2026-08-22T18:56:17.631Z,34.3,73.58

2026-08-22T18:56:22.630Z,34.29,73.56

2026-08-22T18:56:27.632Z,34.29,73.48

2026-08-22T18:56:32.645Z,34.29,73.54

2026-08-22T18:56:37.632Z,34.29,73.53

2026-08-22T18:56:42.631Z,34.3,73.54

2026-08-22T18:56:47.632Z,34.29,73.53

2026-08-22T18:56:52.631Z,34.3,73.58

2026-08-22T18:56:57.631Z,34.29,73.51

2026-08-22T18:57:02.647Z,34.3,73.5

2026-08-22T18:57:07.630Z,34.3,73.54

2026-08-22T18:57:12.632Z,34.28,73.51

2026-08-22T18:57:17.629Z,34.29,73.53

2026-08-22T18:57:22.635Z,34.29,73.52

2026-08-22T18:57:27.646Z,34.28,73.56

2026-08-22T18:57:32.654Z,34.27,73.54

2026-08-22T18:57:37.640Z,34.31,73.58

2026-08-22T18:57:42.642Z,34.28,73.61

2026-08-22T18:57:47.646Z,34.28,73.54

2026-08-22T18:57:52.644Z,34.3,73.59

2026-08-22T18:57:57.665Z,34.31,73.6

2026-08-22T18:58:02.679Z,34.29,73.64

2026-08-22T18:58:07.663Z,34.28,73.58

2026-08-22T18:58:12.665Z,34.28,73.53

2026-08-22T18:58:17.665Z,34.3,73.6

2026-08-22T18:58:22.665Z,34.29,73.57

2026-08-22T18:58:27.675Z,34.3,73.6

2026-08-22T18:58:32.689Z,34.31,73.69

2026-08-22T18:58:37.674Z,34.29,73.68

2026-08-22T18:58:42.673Z,34.29,73.63

2026-08-22T18:58:47.674Z,34.27,73.69

2026-08-22T18:58:52.675Z,34.27,73.7

2026-08-22T18:58:57.687Z,34.28,73.59

2026-08-22T18:59:02.698Z,34.27,73.62

2026-08-22T18:59:07.684Z,34.29,73.64

2026-08-22T18:59:12.686Z,34.29,73.71

2026-08-22T18:59:17.686Z,34.29,73.67

2026-08-22T18:59:22.688Z,34.29,73.65

2026-08-22T18:59:27.693Z,34.28,73.67

2026-08-22T18:59:32.703Z,34.26,73.73

2026-08-22T18:59:37.693Z,34.28,73.75

2026-08-22T18:59:42.693Z,34.29,73.71

2026-08-22T18:59:47.691Z,34.27,73.67

2026-08-22T18:59:52.692Z,34.28,73.73

2026-08-22T18:59:57.702Z,34.27,73.76

2026-08-22T19:00:02.714Z,34.27,73.8

2026-08-22T19:00:07.701Z,34.27,73.72

2026-08-22T19:00:12.703Z,34.28,73.73

2026-08-22T19:00:17.703Z,34.29,73.65

2026-08-22T19:00:22.703Z,34.29,73.69

2026-08-22T19:00:27.707Z,34.29,73.7

2026-08-22T19:00:32.719Z,34.27,73.72

2026-08-22T19:00:37.705Z,34.29,73.65

2026-08-22T19:00:42.706Z,34.3,73.71

2026-08-22T19:00:47.704Z,34.28,73.67

2026-08-22T19:00:52.716Z,34.3,73.73

2026-08-22T19:00:57.705Z,34.29,73.72

2026-08-22T19:01:02.705Z,34.3,73.68

2026-08-22T19:01:07.707Z,34.28,73.68

2026-08-22T19:01:12.708Z,34.29,73.67

2026-08-22T19:01:17.719Z,34.27,73.72

2026-08-22T19:01:22.736Z,34.31,73.73

2026-08-22T19:01:27.721Z,34.3,73.72

2026-08-22T19:01:32.720Z,34.32,73.72

2026-08-22T19:01:37.719Z,34.32,73.66

2026-08-22T19:01:42.722Z,34.3,73.67

2026-08-22T19:01:47.728Z,34.32,73.68

2026-08-22T19:01:52.738Z,34.31,73.71

2026-08-22T19:01:57.727Z,34.3,73.69

2026-08-22T19:02:02.725Z,34.3,73.62

2026-08-22T19:02:07.727Z,34.31,73.7

2026-08-22T19:02:12.726Z,34.27,73.63

2026-08-22T19:02:17.732Z,34.33,73.63

2026-08-22T19:02:22.745Z,34.3,73.7

2026-08-22T19:02:27.733Z,34.3,73.59

2026-08-22T19:02:32.734Z,34.3,73.6

2026-08-22T19:02:37.733Z,34.3,73.64

2026-08-22T19:02:42.734Z,34.29,73.66

2026-08-22T19:02:47.734Z,34.3,73.66

2026-08-22T19:02:52.746Z,34.3,73.71

2026-08-22T19:02:57.733Z,34.31,73.72

2026-08-22T19:03:02.734Z,34.3,73.72

2026-08-22T19:03:07.734Z,34.32,73.66

2026-08-22T19:03:12.733Z,34.31,73.67

2026-08-22T19:03:17.736Z,34.33,73.65

2026-08-22T19:03:22.751Z,34.32,73.72

2026-08-22T19:03:27.736Z,34.3,73.69

2026-08-22T19:03:32.736Z,34.33,73.71

2026-08-22T19:03:37.735Z,34.32,73.69

2026-08-22T19:03:42.736Z,34.32,73.72

2026-08-22T19:03:47.744Z,34.32,73.69

2026-08-22T19:03:52.756Z,34.32,73.71

2026-08-22T19:03:57.743Z,34.34,73.74

2026-08-22T19:04:02.742Z,34.32,73.72

2026-08-22T19:04:07.744Z,34.32,73.72

2026-08-22T19:04:12.744Z,34.31,73.69

2026-08-22T19:04:17.755Z,34.3,73.74

2026-08-22T19:04:22.769Z,34.3,73.82

2026-08-22T19:04:27.752Z,34.31,73.82

2026-08-22T19:04:32.753Z,34.29,73.84

2026-08-22T19:04:37.756Z,34.3,73.86

2026-08-22T19:04:42.754Z,34.31,73.87

2026-08-22T19:04:47.770Z,34.3,73.87

2026-08-22T19:04:52.784Z,34.29,73.98

2026-08-22T19:04:57.767Z,34.29,73.92

2026-08-22T19:05:02.766Z,34.28,73.99

2026-08-22T19:05:07.771Z,34.27,73.99

2026-08-22T19:05:12.770Z,34.28,74.02

2026-08-22T19:05:17.780Z,34.28,74

2026-08-22T19:05:22.789Z,34.26,74.08

2026-08-22T19:05:27.777Z,34.27,74.03

2026-08-22T19:05:32.777Z,34.28,74.06

2026-08-22T19:05:37.777Z,34.27,74.12

2026-08-22T19:05:42.777Z,34.27,74.1

2026-08-22T19:05:47.787Z,34.26,74.16

2026-08-22T19:05:52.795Z,34.26,74.19

2026-08-22T19:05:57.785Z,34.27,74.17

2026-08-22T19:06:02.787Z,34.25,74.16

2026-08-22T19:06:07.786Z,34.25,74.17

2026-08-22T19:06:12.786Z,34.23,74.22

2026-08-22T19:06:17.795Z,34.24,74.26

2026-08-22T19:06:22.810Z,34.22,74.27

2026-08-22T19:06:27.794Z,34.22,74.27

2026-08-22T19:06:32.794Z,34.21,74.33

2026-08-22T19:06:37.793Z,34.21,74.39

2026-08-22T19:06:42.796Z,34.21,74.33

2026-08-22T19:06:47.809Z,34.21,74.33

2026-08-22T19:06:52.815Z,34.22,74.37

2026-08-22T19:06:57.808Z,34.2,74.4

2026-08-22T19:07:02.807Z,34.19,74.37

2026-08-22T19:07:07.807Z,34.22,74.34

2026-08-22T19:07:12.807Z,34.2,74.39

2026-08-22T19:07:17.811Z,34.19,74.42

2026-08-22T19:07:22.823Z,34.2,74.5

2026-08-22T19:07:27.811Z,34.21,74.5

2026-08-22T19:07:32.812Z,34.19,74.54

2026-08-22T19:07:37.810Z,34.2,74.51

2026-08-22T19:07:42.813Z,34.2,74.48

2026-08-22T19:07:47.811Z,34.19,74.49

2026-08-22T19:07:52.826Z,34.17,74.63

2026-08-22T19:07:57.813Z,34.18,74.58

2026-08-22T19:08:02.812Z,34.21,74.57

2026-08-22T19:08:07.812Z,34.17,74.56

2026-08-22T19:08:12.814Z,34.18,74.57

2026-08-22T19:08:17.822Z,34.19,74.58

2026-08-22T19:08:22.831Z,34.18,74.63

2026-08-22T19:08:27.820Z,34.18,74.56

2026-08-22T19:08:32.821Z,34.18,74.58

2026-08-22T19:08:37.823Z,34.19,74.62

2026-08-22T19:08:42.825Z,34.19,74.64

2026-08-22T19:08:47.833Z,34.17,74.66

2026-08-22T19:08:52.845Z,34.17,74.64

2026-08-22T19:08:57.828Z,34.18,74.66

2026-08-22T19:09:02.833Z,34.2,74.68

2026-08-22T19:09:07.827Z,34.2,74.62

2026-08-22T19:09:12.828Z,34.19,74.66

2026-08-22T19:09:17.836Z,34.2,74.69

2026-08-22T19:09:22.851Z,34.19,74.65

2026-08-22T19:09:27.836Z,34.19,74.69

2026-08-22T19:09:32.838Z,34.2,74.76

2026-08-22T19:09:37.838Z,34.2,74.7

2026-08-22T19:09:42.838Z,34.18,74.72

2026-08-22T19:09:47.842Z,34.21,74.69

2026-08-22T19:09:52.851Z,34.2,74.71

2026-08-22T19:09:57.839Z,34.2,74.65

2026-08-22T19:10:02.840Z,34.19,74.69

2026-08-22T19:10:07.840Z,34.21,74.68

2026-08-22T19:10:12.840Z,34.2,74.67

2026-08-22T19:10:17.850Z,34.2,74.63

2026-08-22T19:10:22.862Z,34.18,74.63

2026-08-22T19:10:27.850Z,34.2,74.59

2026-08-22T19:10:32.849Z,34.2,74.59

2026-08-22T19:10:37.849Z,34.19,74.57

2026-08-22T19:10:42.862Z,34.21,74.69

2026-08-22T19:10:47.852Z,34.21,74.64

2026-08-22T19:10:52.850Z,34.22,74.58

2026-08-22T19:10:57.851Z,34.21,74.68

2026-08-22T19:11:02.865Z,34.2,74.66

2026-08-22T19:11:07.851Z,34.21,74.64

2026-08-22T19:11:12.850Z,34.21,74.64

2026-08-22T19:11:17.849Z,34.22,74.62

2026-08-22T19:11:22.850Z,34.23,74.65

2026-08-22T19:11:27.850Z,34.23,74.63

2026-08-22T19:11:32.862Z,34.21,74.67

2026-08-22T19:11:37.851Z,34.22,74.64

2026-08-22T19:11:42.850Z,34.22,74.66

2026-08-22T19:11:47.850Z,34.2,74.66

2026-08-22T19:11:52.850Z,34.22,74.66

2026-08-22T19:11:57.858Z,34.21,74.66

2026-08-22T19:12:02.869Z,34.23,74.7

2026-08-22T19:12:07.858Z,34.22,74.67

2026-08-22T19:12:12.859Z,34.23,74.74

2026-08-22T19:12:17.862Z,34.21,74.68

2026-08-22T19:12:22.861Z,34.22,74.69

2026-08-22T19:12:27.882Z,34.22,74.72

2026-08-22T19:12:32.902Z,34.22,74.74

2026-08-22T19:12:37.876Z,34.21,74.74

2026-08-22T19:12:42.880Z,34.22,74.76

2026-08-22T19:12:47.880Z,34.22,74.69

2026-08-22T19:12:52.878Z,34.21,74.74

2026-08-22T19:12:57.881Z,34.21,74.74

2026-08-22T19:13:02.895Z,34.23,74.71

2026-08-22T19:13:07.883Z,34.22,74.7

2026-08-22T19:13:12.882Z,34.24,74.67

2026-08-22T19:13:17.883Z,34.24,74.71

2026-08-22T19:13:22.884Z,34.24,74.77

2026-08-22T19:13:27.898Z,34.25,74.72

2026-08-22T19:13:32.911Z,34.25,74.7

2026-08-22T19:13:37.898Z,34.24,74.75

2026-08-22T19:13:42.898Z,34.25,74.76

2026-08-22T19:13:47.898Z,34.24,74.69

2026-08-22T19:13:52.899Z,34.26,74.71

2026-08-22T19:13:57.909Z,34.24,74.73

2026-08-22T19:14:02.919Z,34.25,74.71

2026-08-22T19:14:07.905Z,34.27,74.71

2026-08-22T19:14:12.908Z,34.27,74.65

2026-08-22T19:14:17.909Z,34.27,74.59

2026-08-22T19:14:22.910Z,34.26,74.58

2026-08-22T19:14:27.916Z,34.26,74.61

2026-08-22T19:14:32.928Z,34.26,74.6

2026-08-22T19:14:37.914Z,34.27,74.6

2026-08-22T19:14:42.914Z,34.27,74.61

2026-08-22T19:14:47.913Z,34.26,74.63

2026-08-22T19:14:52.915Z,34.27,74.62

2026-08-22T19:14:57.926Z,34.28,74.66

2026-08-22T19:15:02.934Z,34.27,74.63

2026-08-22T19:15:07.925Z,34.29,74.63

2026-08-22T19:15:12.925Z,34.27,74.59

2026-08-22T19:15:17.925Z,34.27,74.62

2026-08-22T19:15:22.925Z,34.27,74.6

2026-08-22T19:15:27.925Z,34.27,74.67

2026-08-22T19:15:32.938Z,34.26,74.75

2026-08-22T19:15:37.924Z,34.28,74.71

2026-08-22T19:15:42.924Z,34.29,74.66

2026-08-22T19:15:47.925Z,34.26,74.69

2026-08-22T19:15:52.926Z,34.27,74.75

2026-08-22T19:15:57.942Z,34.27,74.72

2026-08-22T19:16:02.951Z,34.26,74.8

2026-08-22T19:16:07.938Z,34.26,74.75

2026-08-22T19:16:12.944Z,34.26,74.77

2026-08-22T19:16:17.943Z,34.25,74.77

2026-08-22T19:16:22.942Z,34.26,74.78

2026-08-22T19:16:27.948Z,34.24,74.84

2026-08-22T19:16:32.961Z,34.23,74.84

2026-08-22T19:16:37.950Z,34.23,74.84

2026-08-22T19:16:42.950Z,34.23,74.85

2026-08-22T19:16:47.950Z,34.23,74.82

2026-08-22T19:16:52.952Z,34.24,74.83

2026-08-22T19:16:57.952Z,34.24,74.86

2026-08-22T19:17:02.970Z,34.26,74.91

2026-08-22T19:17:07.952Z,34.24,74.84

2026-08-22T19:17:12.954Z,34.24,74.87

2026-08-22T19:17:17.955Z,34.22,74.87

2026-08-22T19:17:22.955Z,34.24,74.88

2026-08-22T19:17:27.966Z,34.24,74.84

2026-08-22T19:17:32.977Z,34.25,74.96

2026-08-22T19:17:37.963Z,34.24,74.91

2026-08-22T19:17:42.965Z,34.23,74.95

2026-08-22T19:17:47.965Z,34.24,74.86

2026-08-22T19:17:52.964Z,34.2,74.92

2026-08-22T19:17:57.975Z,34.21,74.95

2026-08-22T19:18:02.981Z,34.21,74.94

2026-08-22T19:18:07.972Z,34.21,74.96

2026-08-22T19:18:12.971Z,34.19,74.98

2026-08-22T19:18:17.972Z,34.2,75.02

2026-08-22T19:18:22.972Z,34.18,74.98

2026-08-22T19:18:27.971Z,34.19,75.01

2026-08-22T19:18:32.984Z,34.2,75.05

2026-08-22T19:18:37.974Z,34.2,75.06

2026-08-22T19:18:42.973Z,34.21,75.01

2026-08-22T19:18:47.975Z,34.19,75.08

2026-08-22T19:18:52.975Z,34.19,75.07

2026-08-22T19:18:57.976Z,34.19,75.08

2026-08-22T19:19:02.987Z,34.2,75.14

2026-08-22T19:19:07.976Z,34.18,75.12

2026-08-22T19:19:12.977Z,34.16,75.09

2026-08-22T19:19:17.978Z,34.15,75.12

2026-08-22T19:19:22.989Z,34.18,75.17

2026-08-22T19:19:27.975Z,34.17,75.15

2026-08-22T19:19:32.978Z,34.17,75.15

2026-08-22T19:19:37.978Z,34.17,75.16

2026-08-22T19:19:42.979Z,34.15,75.15

2026-08-22T19:19:47.980Z,34.16,75.18

2026-08-22T19:19:52.996Z,34.15,75.22

2026-08-22T19:19:57.982Z,34.15,75.17

2026-08-22T19:20:02.983Z,34.15,75.23

2026-08-22T19:20:07.981Z,34.13,75.25

2026-08-22T19:20:12.982Z,34.14,75.25

2026-08-22T19:20:18.029Z,34.14,75.25

2026-08-22T19:20:22.995Z,34.16,75.29

2026-08-22T19:20:27.984Z,34.14,75.2

2026-08-22T19:20:32.985Z,34.14,75.22

2026-08-22T19:20:37.986Z,34.14,75.23

2026-08-22T19:20:42.987Z,34.14,75.22

2026-08-22T19:20:47.989Z,34.14,75.25

2026-08-22T19:20:52.995Z,34.15,75.27

2026-08-22T19:20:57.987Z,34.16,75.28

2026-08-22T19:21:02.987Z,34.16,75.25

2026-08-22T19:21:07.987Z,34.14,75.24

2026-08-22T19:21:12.989Z,34.15,75.26

2026-08-22T19:21:17.999Z,34.13,75.26

2026-08-22T19:21:23.014Z,34.13,75.28

2026-08-22T19:21:27.998Z,34.14,75.25

2026-08-22T19:21:32.999Z,34.12,75.19

2026-08-22T19:21:37.999Z,34.12,75.3

2026-08-22T19:21:43.001Z,34.12,75.31

2026-08-22T19:21:48.007Z,34.11,75.3

2026-08-22T19:21:53.016Z,34.13,75.29

2026-08-22T19:21:58.005Z,34.11,75.33

2026-08-22T19:22:03.008Z,34.1,75.37

2026-08-22T19:22:08.006Z,34.1,75.41

2026-08-22T19:22:13.008Z,34.1,75.34

2026-08-22T19:22:18.017Z,34.11,75.35

2026-08-22T19:22:23.031Z,34.1,75.42

2026-08-22T19:22:28.014Z,34.11,75.4

2026-08-22T19:22:33.015Z,34.1,75.4

2026-08-22T19:22:38.016Z,34.09,75.46

2026-08-22T19:22:43.018Z,34.1,75.45

2026-08-22T19:22:48.019Z,34.09,75.45

2026-08-22T19:22:53.030Z,34.1,75.49

2026-08-22T19:22:58.016Z,34.09,75.5

2026-08-22T19:23:03.015Z,34.12,75.47

2026-08-22T19:23:08.015Z,34.11,75.44

2026-08-22T19:23:13.017Z,34.1,75.43

2026-08-22T19:23:18.033Z,34.12,75.41

2026-08-22T19:23:23.046Z,34.11,75.45

2026-08-22T19:23:28.032Z,34.12,75.44

2026-08-22T19:23:33.034Z,34.12,75.44

2026-08-22T19:23:38.032Z,34.13,75.41

2026-08-22T19:23:43.034Z,34.1,75.42

2026-08-22T19:23:48.039Z,34.14,75.38

2026-08-22T19:23:53.053Z,34.12,75.42

2026-08-22T19:23:58.037Z,34.13,75.38

2026-08-22T19:24:03.041Z,34.12,75.37

2026-08-22T19:24:08.040Z,34.12,75.35

2026-08-22T19:24:13.040Z,34.1,75.33

2026-08-22T19:24:18.054Z,34.12,75.29

2026-08-22T19:24:23.068Z,34.1,75.36

2026-08-22T19:24:28.050Z,34.1,75.31

2026-08-22T19:24:33.053Z,34.12,75.3

2026-08-22T19:24:38.053Z,34.13,75.26

2026-08-22T19:24:43.055Z,34.11,75.35

2026-08-22T19:24:48.064Z,34.1,75.34

2026-08-22T19:24:53.076Z,34.09,75.37

2026-08-22T19:24:58.062Z,34.11,75.39

2026-08-22T19:25:03.063Z,34.12,75.35

2026-08-22T19:25:08.063Z,34.09,75.38

2026-08-22T19:25:13.065Z,34.11,75.45

2026-08-22T19:25:18.069Z,34.09,75.43

2026-08-22T19:25:23.084Z,34.09,75.45

2026-08-22T19:25:28.070Z,34.11,75.46

2026-08-22T19:25:33.074Z,34.11,75.41

2026-08-22T19:25:38.072Z,34.11,75.45

2026-08-22T19:25:43.072Z,34.09,75.43

2026-08-22T19:25:48.080Z,34.11,75.44

2026-08-22T19:25:53.087Z,34.08,75.38

2026-08-22T19:25:58.078Z,34.08,75.39

2026-08-22T19:26:03.080Z,34.12,75.37

2026-08-22T19:26:08.077Z,34.1,75.36

2026-08-22T19:26:13.080Z,34.11,75.46

2026-08-22T19:26:18.081Z,34.1,75.44

2026-08-22T19:26:23.089Z,34.08,75.47

2026-08-22T19:26:28.079Z,34.11,75.4

2026-08-22T19:26:33.081Z,34.11,75.39

2026-08-22T19:26:38.079Z,34.09,75.37

2026-08-22T19:26:43.079Z,34.09,75.34

2026-08-22T19:26:48.086Z,34.09,75.41

2026-08-22T19:26:53.095Z,34.11,75.47

2026-08-22T19:26:58.084Z,34.1,75.38

2026-08-22T19:27:03.090Z,34.09,75.43

2026-08-22T19:27:08.086Z,34.1,75.39

2026-08-22T19:27:13.087Z,34.11,75.44

2026-08-22T19:27:18.101Z,34.09,75.4

2026-08-22T19:27:23.115Z,34.07,75.41

2026-08-22T19:27:28.097Z,34.09,75.46

2026-08-22T19:27:33.099Z,34.09,75.45

2026-08-22T19:27:38.099Z,34.09,75.52

2026-08-22T19:27:43.100Z,34.08,75.51

2026-08-22T19:27:48.110Z,34.11,75.45

2026-08-22T19:27:53.119Z,34.08,75.53

2026-08-22T19:27:58.108Z,34.08,75.5

2026-08-22T19:28:03.109Z,34.09,75.44

2026-08-22T19:28:08.109Z,34.08,75.44

2026-08-22T19:28:13.110Z,34.09,75.45

2026-08-22T19:28:18.113Z,34.09,75.49

2026-08-22T19:28:23.123Z,34.08,75.54

2026-08-22T19:28:28.111Z,34.09,75.54

2026-08-22T19:28:33.112Z,34.09,75.48

2026-08-22T19:28:38.111Z,34.1,75.54

2026-08-22T19:28:43.110Z,34.08,75.55

2026-08-22T19:28:48.120Z,34.08,75.45

2026-08-22T19:28:53.129Z,34.07,75.57

2026-08-22T19:28:58.117Z,34.08,75.51

2026-08-22T19:29:03.119Z,34.07,75.48

2026-08-22T19:29:08.120Z,34.06,75.52

2026-08-22T19:29:13.120Z,34.05,75.57

2026-08-22T19:29:18.124Z,34.07,75.59

2026-08-22T19:29:23.135Z,34.06,75.56

2026-08-22T19:29:28.120Z,34.08,75.58

2026-08-22T19:29:33.123Z,34.07,75.59

2026-08-22T19:29:38.122Z,34.08,75.54

2026-08-22T19:29:43.122Z,34.06,75.57

2026-08-22T19:29:48.129Z,34.07,75.59

2026-08-22T19:29:53.139Z,34.07,75.62

2026-08-22T19:29:58.128Z,34.07,75.54

2026-08-22T19:30:03.127Z,34.08,75.49

2026-08-22T19:30:08.128Z,34.08,75.49

2026-08-22T19:30:13.130Z,34.08,75.52

2026-08-22T19:30:18.129Z,34.07,75.58

2026-08-22T19:30:23.140Z,34.06,75.63

2026-08-22T19:30:28.128Z,34.07,75.55

2026-08-22T19:30:33.131Z,34.05,75.56

2026-08-22T19:30:38.135Z,34.07,75.57

2026-08-22T19:30:43.136Z,34.05,75.57

2026-08-22T19:30:48.134Z,34.05,75.62

2026-08-22T19:30:53.150Z,34.02,75.65

2026-08-22T19:30:58.135Z,34.05,75.62

2026-08-22T19:31:03.135Z,34.04,75.62

2026-08-22T19:31:08.135Z,34.04,75.66

2026-08-22T19:31:13.136Z,34.04,75.69

2026-08-22T19:31:18.140Z,34.03,75.69

2026-08-22T19:31:23.154Z,34.03,75.73

2026-08-22T19:31:28.138Z,34.04,75.74

2026-08-22T19:31:33.139Z,34.03,75.76

2026-08-22T19:31:38.139Z,34.03,75.73

2026-08-22T19:31:43.143Z,34.04,75.71

2026-08-22T19:31:48.162Z,34.03,75.76

2026-08-22T19:31:53.172Z,34.03,75.8

2026-08-22T19:31:58.161Z,34.04,75.75

2026-08-22T19:32:03.162Z,34.03,75.76

2026-08-22T19:32:08.164Z,34.05,75.76

2026-08-22T19:32:13.164Z,34.05,75.78

2026-08-22T19:32:18.165Z,34.06,75.7

2026-08-22T19:32:23.177Z,34.04,75.8

2026-08-22T19:32:28.165Z,34.05,75.79

2026-08-22T19:32:33.166Z,34.07,75.74

2026-08-22T19:32:38.165Z,34.04,75.7

2026-08-22T19:32:43.165Z,34.06,75.7

2026-08-22T19:32:48.177Z,34.05,75.81

2026-08-22T19:32:53.189Z,34.05,75.7

2026-08-22T19:32:58.175Z,34.05,75.76

2026-08-22T19:33:03.176Z,34.06,75.77

2026-08-22T19:33:08.175Z,34.05,75.74

2026-08-22T19:33:13.175Z,34.05,75.77

2026-08-22T19:33:18.192Z,34.06,75.72

2026-08-22T19:33:23.200Z,34.05,75.75

2026-08-22T19:33:28.187Z,34.07,75.7

2026-08-22T19:33:33.187Z,34.06,75.67

2026-08-22T19:33:38.187Z,34.05,75.69

2026-08-22T19:33:43.187Z,34.06,75.71

2026-08-22T19:33:48.186Z,34.08,75.69

2026-08-22T19:33:53.199Z,34.07,75.65

2026-08-22T19:33:58.188Z,34.06,75.68

2026-08-22T19:34:03.187Z,34.07,75.63

2026-08-22T19:34:08.186Z,34.09,75.66

2026-08-22T19:34:13.187Z,34.08,75.65

2026-08-22T19:34:18.202Z,34.08,75.63

2026-08-22T19:34:23.212Z,34.08,75.65

2026-08-22T19:34:28.198Z,34.11,75.63

2026-08-22T19:34:33.204Z,34.1,75.56

2026-08-22T19:34:38.203Z,34.1,75.61

2026-08-22T19:34:43.201Z,34.1,75.59

2026-08-22T19:34:48.211Z,34.1,75.59

2026-08-22T19:34:53.232Z,34.08,75.61

2026-08-22T19:34:58.212Z,34.1,75.55

2026-08-22T19:35:03.214Z,34.11,75.58

2026-08-22T19:35:08.214Z,34.08,75.63

2026-08-22T19:35:13.214Z,34.09,75.58

2026-08-22T19:35:18.222Z,34.08,75.64

2026-08-22T19:35:23.234Z,34.08,75.66

2026-08-22T19:35:28.221Z,34.09,75.64

2026-08-22T19:35:33.222Z,34.08,75.69

2026-08-22T19:35:38.221Z,34.06,75.69

2026-08-22T19:35:43.222Z,34.06,75.71

2026-08-22T19:35:48.234Z,34.06,75.65

2026-08-22T19:35:53.247Z,34.05,75.73

2026-08-22T19:35:58.234Z,34.05,75.63

2026-08-22T19:36:03.234Z,34.06,75.75

2026-08-22T19:36:08.234Z,34.07,75.71

2026-08-22T19:36:13.236Z,34.03,75.73

2026-08-22T19:36:18.248Z,34.08,75.76

2026-08-22T19:36:23.259Z,34.05,75.77

2026-08-22T19:36:28.245Z,34.05,75.74

2026-08-22T19:36:33.246Z,34.06,75.75

2026-08-22T19:36:38.243Z,34.07,75.76

2026-08-22T19:36:43.244Z,34.06,75.66

2026-08-22T19:36:48.251Z,34.05,75.65

2026-08-22T19:36:53.262Z,34.03,75.74

2026-08-22T19:36:58.248Z,34.04,75.67

2026-08-22T19:37:03.248Z,34.05,75.69

2026-08-22T19:37:08.250Z,34.07,75.74

2026-08-22T19:37:13.248Z,34.06,75.69

2026-08-22T19:37:18.248Z,34.05,75.74

2026-08-22T19:37:23.257Z,34.05,75.67

2026-08-22T19:37:28.249Z,34.06,75.71

2026-08-22T19:37:33.251Z,34.03,75.7

2026-08-22T19:37:38.249Z,34.06,75.69

2026-08-22T19:37:43.258Z,34.04,75.75

2026-08-22T19:37:48.247Z,34.06,75.69

2026-08-22T19:37:53.249Z,34.05,75.69

2026-08-22T19:37:58.249Z,34.06,75.73

2026-08-22T19:38:03.254Z,34.06,75.7

2026-08-22T19:38:08.256Z,34.05,75.74

2026-08-22T19:38:13.270Z,34.06,75.75

2026-08-22T19:38:18.257Z,34.06,75.72

2026-08-22T19:38:23.255Z,34.05,75.76

2026-08-22T19:38:28.256Z,34.04,75.74

2026-08-22T19:38:33.257Z,34.09,75.74

2026-08-22T19:38:38.262Z,34.07,75.7

2026-08-22T19:38:43.274Z,34.08,75.76

2026-08-22T19:38:48.262Z,34.07,75.67

2026-08-22T19:38:53.263Z,34.06,75.75

2026-08-22T19:38:58.264Z,34.08,75.73

2026-08-22T19:39:03.264Z,34.06,75.7

2026-08-22T19:39:08.276Z,34.08,75.67

2026-08-22T19:39:13.286Z,34.09,75.72

2026-08-22T19:39:18.274Z,34.08,75.66

2026-08-22T19:39:23.276Z,34.07,75.6

2026-08-22T19:39:28.275Z,34.08,75.7

2026-08-22T19:39:33.276Z,34.09,75.63

2026-08-22T19:39:38.278Z,34.07,75.66

2026-08-22T19:39:43.290Z,34.07,75.72

2026-08-22T19:39:48.277Z,34.09,75.64

2026-08-22T19:39:53.279Z,34.07,75.66

2026-08-22T19:39:58.278Z,34.11,75.65

2026-08-22T19:40:03.292Z,34.1,75.6

2026-08-22T19:40:08.277Z,34.09,75.59

2026-08-22T19:40:13.278Z,34.11,75.62

2026-08-22T19:40:18.279Z,34.11,75.61

2026-08-22T19:40:23.279Z,34.11,75.6

2026-08-22T19:40:28.282Z,34.1,75.64

2026-08-22T19:40:33.293Z,34.11,75.59

2026-08-22T19:40:38.279Z,34.1,75.55

2026-08-22T19:40:43.279Z,34.11,75.47

2026-08-22T19:40:48.280Z,34.13,75.52

2026-08-22T19:40:53.280Z,34.11,75.5

2026-08-22T19:40:58.292Z,34.12,75.47

2026-08-22T19:41:03.302Z,34.11,75.51

2026-08-22T19:41:08.289Z,34.14,75.46

2026-08-22T19:41:13.290Z,34.14,75.48

2026-08-22T19:41:18.287Z,34.14,75.44

2026-08-22T19:41:23.289Z,34.14,75.48

2026-08-22T19:41:28.293Z,34.16,75.43

2026-08-22T19:41:33.303Z,34.14,75.45

2026-08-22T19:41:38.291Z,34.13,75.41

2026-08-22T19:41:43.291Z,34.15,75.38

2026-08-22T19:41:48.293Z,34.15,75.34

2026-08-22T19:41:53.293Z,34.13,75.38

2026-08-22T19:41:58.304Z,34.15,75.35

2026-08-22T19:42:03.316Z,34.12,75.4

2026-08-22T19:42:08.305Z,34.17,75.4

2026-08-22T19:42:13.304Z,34.17,75.33

2026-08-22T19:42:18.302Z,34.17,75.33

2026-08-22T19:42:23.304Z,34.17,75.36

2026-08-22T19:42:28.307Z,34.16,75.35

2026-08-22T19:42:33.317Z,34.17,75.4

2026-08-22T19:42:38.306Z,34.17,75.31

2026-08-22T19:42:43.307Z,34.17,75.38

2026-08-22T19:42:48.308Z,34.18,75.36

2026-08-22T19:42:53.308Z,34.2,75.34

2026-08-22T19:42:58.325Z,34.18,75.32

2026-08-22T19:43:03.335Z,34.18,75.37

2026-08-22T19:43:08.322Z,34.18,75.35

2026-08-22T19:43:13.324Z,34.18,75.33

2026-08-22T19:43:18.323Z,34.17,75.34

2026-08-22T19:43:23.322Z,34.19,75.24

2026-08-22T19:43:28.332Z,34.16,75.32

2026-08-22T19:43:33.343Z,34.17,75.38

2026-08-22T19:43:38.331Z,34.17,75.29

2026-08-22T19:43:43.331Z,34.17,75.37

2026-08-22T19:43:48.331Z,34.14,75.36

2026-08-22T19:43:53.332Z,34.15,75.32

2026-08-22T19:43:58.338Z,34.16,75.38

2026-08-22T19:44:03.350Z,34.15,75.38

2026-08-22T19:44:08.337Z,34.15,75.4

2026-08-22T19:44:13.339Z,34.15,75.35

2026-08-22T19:44:18.338Z,34.13,75.37

2026-08-22T19:44:23.338Z,34.13,75.45

2026-08-22T19:44:28.348Z,34.13,75.42

2026-08-22T19:44:33.362Z,34.13,75.4

2026-08-22T19:44:38.345Z,34.11,75.47

2026-08-22T19:44:43.345Z,34.13,75.48

2026-08-22T19:44:48.346Z,34.12,75.49

2026-08-22T19:44:53.346Z,34.13,75.47

2026-08-22T19:44:58.356Z,34.13,75.53

2026-08-22T19:45:03.367Z,34.13,75.62

2026-08-22T19:45:08.356Z,34.13,75.57

2026-08-22T19:45:13.358Z,34.12,75.52

2026-08-22T19:45:18.356Z,34.13,75.51

2026-08-22T19:45:23.358Z,34.12,75.52

2026-08-22T19:45:28.374Z,34.14,75.51

2026-08-22T19:45:33.386Z,34.12,75.52

2026-08-22T19:45:38.374Z,34.13,75.5

2026-08-22T19:45:43.377Z,34.14,75.45

2026-08-22T19:45:48.376Z,34.13,75.43

2026-08-22T19:45:53.381Z,34.12,75.46

2026-08-22T19:45:58.377Z,34.13,75.44

2026-08-22T19:46:03.390Z,34.15,75.47

2026-08-22T19:46:08.375Z,34.15,75.53

2026-08-22T19:46:13.377Z,34.14,75.44

2026-08-22T19:46:18.376Z,34.14,75.46

2026-08-22T19:46:23.379Z,34.14,75.43

2026-08-22T19:46:28.390Z,34.15,75.4

2026-08-22T19:46:33.404Z,34.14,75.4

2026-08-22T19:46:38.391Z,34.15,75.41

2026-08-22T19:46:43.390Z,34.15,75.37

2026-08-22T19:46:48.392Z,34.16,75.37

2026-08-22T19:46:53.391Z,34.17,75.36

2026-08-22T19:46:58.397Z,34.15,75.39

2026-08-22T19:47:03.412Z,34.14,75.45

2026-08-22T19:47:08.395Z,34.15,75.4

2026-08-22T19:47:13.396Z,34.17,75.39

2026-08-22T19:47:18.394Z,34.15,75.35

2026-08-22T19:47:23.395Z,34.14,75.33

2026-08-22T19:47:28.404Z,34.16,75.39

2026-08-22T19:47:33.419Z,34.14,75.35

2026-08-22T19:47:38.404Z,34.14,75.26

2026-08-22T19:47:43.404Z,34.15,75.31

2026-08-22T19:47:48.404Z,34.16,75.34

2026-08-22T19:47:53.405Z,34.15,75.32

2026-08-22T19:47:58.404Z,34.17,75.38

2026-08-22T19:48:03.415Z,34.17,75.43

2026-08-22T19:48:08.405Z,34.16,75.34

2026-08-22T19:48:13.405Z,34.14,75.33

2026-08-22T19:48:18.406Z,34.14,75.34

2026-08-22T19:48:23.406Z,34.16,75.34

2026-08-22T19:48:28.405Z,34.15,75.36

2026-08-22T19:48:33.418Z,34.11,75.39

2026-08-22T19:48:38.407Z,34.18,75.43

2026-08-22T19:48:43.407Z,34.13,75.41

2026-08-22T19:48:48.410Z,34.14,75.42

2026-08-22T19:48:53.409Z,34.17,75.35

2026-08-22T19:48:58.408Z,34.16,75.39

2026-08-22T19:49:03.419Z,34.14,75.36

2026-08-22T19:49:08.407Z,34.14,75.38

2026-08-22T19:49:13.409Z,34.16,75.29

2026-08-22T19:49:18.408Z,34.15,75.3

2026-08-22T19:49:23.410Z,34.15,75.36

2026-08-22T19:49:28.418Z,34.16,75.32

2026-08-22T19:49:33.424Z,34.13,75.41

2026-08-22T19:49:38.416Z,34.13,75.38

2026-08-22T19:49:43.418Z,34.14,75.39

2026-08-22T19:49:48.416Z,34.15,75.38

2026-08-22T19:49:53.418Z,34.16,75.42

2026-08-22T19:49:58.430Z,34.16,75.42

2026-08-22T19:50:03.442Z,34.15,75.47

2026-08-22T19:50:08.429Z,34.15,75.46

2026-08-22T19:50:13.430Z,34.16,75.46

2026-08-22T19:50:18.430Z,34.17,75.44

2026-08-22T19:50:23.430Z,34.18,75.46

2026-08-22T19:50:28.447Z,34.16,75.44

2026-08-22T19:50:33.465Z,34.16,75.43

2026-08-22T19:50:38.447Z,34.18,75.38

2026-08-22T19:50:43.450Z,34.19,75.41

2026-08-22T19:50:48.449Z,34.16,75.42

2026-08-22T19:50:53.450Z,34.17,75.39

2026-08-22T19:50:58.459Z,34.18,75.41

2026-08-22T19:51:03.468Z,34.18,75.47

2026-08-22T19:51:08.456Z,34.16,75.38

2026-08-22T19:51:13.456Z,34.18,75.36

2026-08-22T19:51:18.457Z,34.18,75.45

2026-08-22T19:51:23.455Z,34.17,75.45

2026-08-22T19:51:28.457Z,34.19,75.36

2026-08-22T19:51:33.469Z,34.19,75.41

2026-08-22T19:51:38.457Z,34.17,75.4

2026-08-22T19:51:43.458Z,34.18,75.47

2026-08-22T19:51:48.459Z,34.18,75.48

2026-08-22T19:51:53.460Z,34.16,75.49

2026-08-22T19:51:58.463Z,34.16,75.53

2026-08-22T19:52:03.476Z,34.15,75.49

2026-08-22T19:52:08.461Z,34.18,75.49

2026-08-22T19:52:13.461Z,34.14,75.49

2026-08-22T19:52:18.461Z,34.15,75.51

2026-08-22T19:52:23.470Z,34.14,75.57

2026-08-22T19:52:28.460Z,34.16,75.54

2026-08-22T19:52:33.461Z,34.15,75.59

2026-08-22T19:52:38.459Z,34.14,75.55

2026-08-22T19:52:43.461Z,34.14,75.58

2026-08-22T19:52:48.462Z,34.14,75.64

2026-08-22T19:52:53.472Z,34.15,75.66

2026-08-22T19:52:58.463Z,34.14,75.57

2026-08-22T19:53:03.465Z,34.13,75.63

2026-08-22T19:53:08.466Z,34.14,75.65

2026-08-22T19:53:13.464Z,34.13,75.63

2026-08-22T19:53:18.464Z,34.12,75.64

2026-08-22T19:53:23.487Z,34.1,75.72

2026-08-22T19:53:28.467Z,34.13,75.69

2026-08-22T19:53:33.467Z,34.12,75.73

2026-08-22T19:53:38.464Z,34.12,75.72

2026-08-22T19:53:43.467Z,34.12,75.69

2026-08-22T19:53:48.475Z,34.12,75.77

2026-08-22T19:53:53.487Z,34.09,75.8

2026-08-22T19:53:58.475Z,34.11,75.76

2026-08-22T19:54:03.475Z,34.11,75.77

2026-08-22T19:54:08.475Z,34.09,75.82

2026-08-22T19:54:13.478Z,34.09,75.81

2026-08-22T19:54:18.486Z,34.08,75.85

2026-08-22T19:54:23.499Z,34.09,75.93

2026-08-22T19:54:28.488Z,34.07,75.85

2026-08-22T19:54:33.488Z,34.08,75.89

2026-08-22T19:54:38.490Z,34.06,75.91

2026-08-22T19:54:43.486Z,34.05,75.96

2026-08-22T19:54:48.492Z,34.08,75.9

2026-08-22T19:54:53.494Z,34.05,75.94

2026-08-22T19:54:58.501Z,34.04,76

2026-08-22T19:55:03.492Z,34.03,75.97

2026-08-22T19:55:08.494Z,34.04,75.94

2026-08-22T19:55:13.493Z,34.04,75.97

2026-08-22T19:55:18.497Z,34.02,75.95

2026-08-22T19:55:23.508Z,34.03,76.03

2026-08-22T19:55:28.496Z,34.05,75.99

2026-08-22T19:55:33.496Z,34.04,76.08

2026-08-22T19:55:38.497Z,34.04,76.01

2026-08-22T19:55:43.495Z,34.02,76.06

2026-08-22T19:55:48.505Z,34.01,76.09

2026-08-22T19:55:53.520Z,34.01,76.11

2026-08-22T19:55:58.507Z,34.04,76.09

2026-08-22T19:56:03.509Z,34.02,76.01

2026-08-22T19:56:08.508Z,34.02,76.1

2026-08-22T19:56:13.509Z,34,76.14

2026-08-22T19:56:18.520Z,34.01,76.15

2026-08-22T19:56:23.535Z,34,76.16

2026-08-22T19:56:28.518Z,33.99,76.15

2026-08-22T19:56:33.520Z,33.99,76.2

2026-08-22T19:56:38.519Z,33.99,76.21

2026-08-22T19:56:43.522Z,34,76.24

2026-08-22T19:56:48.543Z,33.98,76.24

2026-08-22T19:56:53.554Z,33.95,76.36

2026-08-22T19:56:58.544Z,33.96,76.31

2026-08-22T19:57:03.545Z,33.94,76.32

2026-08-22T19:57:08.542Z,33.95,76.36

2026-08-22T19:57:13.545Z,33.93,76.42

2026-08-22T19:57:18.550Z,33.94,76.44

2026-08-22T19:57:23.567Z,33.92,76.44

2026-08-22T19:57:28.548Z,33.95,76.38

2026-08-22T19:57:33.550Z,33.95,76.43

2026-08-22T19:57:38.549Z,33.92,76.4

2026-08-22T19:57:43.551Z,33.95,76.39

2026-08-22T19:57:48.555Z,33.95,76.46

2026-08-22T19:57:53.568Z,33.93,76.52

2026-08-22T19:57:58.552Z,33.94,76.44

2026-08-22T19:58:03.555Z,33.94,76.4

2026-08-22T19:58:08.552Z,33.94,76.5

2026-08-22T19:58:13.554Z,33.93,76.49

2026-08-22T19:58:18.562Z,33.95,76.54

2026-08-22T19:58:23.575Z,33.92,76.55

2026-08-22T19:58:28.563Z,33.94,76.55

2026-08-22T19:58:33.563Z,33.93,76.56

2026-08-22T19:58:38.563Z,33.92,76.58

2026-08-22T19:58:43.564Z,33.92,76.52

2026-08-22T19:58:48.578Z,33.91,76.63

2026-08-22T19:58:53.587Z,33.93,76.6

2026-08-22T19:58:58.576Z,33.91,76.61

2026-08-22T19:59:03.579Z,33.9,76.58

2026-08-22T19:59:08.574Z,33.91,76.64

2026-08-22T19:59:13.577Z,33.9,76.63

2026-08-22T19:59:18.588Z,33.89,76.7

2026-08-22T19:59:23.603Z,33.9,76.67

2026-08-22T19:59:28.587Z,33.91,76.7

2026-08-22T19:59:33.587Z,33.9,76.7

2026-08-22T19:59:38.589Z,33.89,76.68

2026-08-22T19:59:43.587Z,33.88,76.64

2026-08-22T19:59:48.590Z,33.89,76.69

2026-08-22T19:59:53.601Z,33.87,76.78

2026-08-22T19:59:58.591Z,33.89,76.74

2026-08-22T20:00:03.592Z,33.87,76.74

2026-08-22T20:00:08.589Z,33.9,76.72

2026-08-22T20:00:13.590Z,33.88,76.78

2026-08-22T20:00:18.591Z,33.86,76.74

2026-08-22T20:00:23.603Z,33.89,76.81

2026-08-22T20:00:28.591Z,33.87,76.76

2026-08-22T20:00:33.591Z,33.88,76.68

2026-08-22T20:00:38.595Z,33.87,76.78

2026-08-22T20:00:43.593Z,33.87,76.74

2026-08-22T20:00:48.596Z,33.87,76.78

2026-08-22T20:00:53.614Z,33.84,76.77

2026-08-22T20:00:58.596Z,33.86,76.76

2026-08-22T20:01:03.594Z,33.85,76.82

2026-08-22T20:01:08.598Z,33.84,76.85

2026-08-22T20:01:13.609Z,33.82,76.92

2026-08-22T20:01:18.599Z,33.83,76.93

2026-08-22T20:01:23.598Z,33.83,76.92

2026-08-22T20:01:28.604Z,33.81,76.8

2026-08-22T20:01:33.618Z,33.84,76.93

2026-08-22T20:01:38.605Z,33.83,76.92

2026-08-22T20:01:43.607Z,33.83,76.94

2026-08-22T20:01:48.605Z,33.82,76.94

2026-08-22T20:01:53.617Z,33.82,76.97

2026-08-22T20:01:58.607Z,33.84,76.94

2026-08-22T20:02:03.607Z,33.83,76.93

2026-08-22T20:02:08.607Z,33.83,76.96

2026-08-22T20:02:13.607Z,33.84,76.99

2026-08-22T20:02:18.605Z,33.84,77

2026-08-22T20:02:23.620Z,33.83,77.04

2026-08-22T20:02:28.608Z,33.83,76.93

2026-08-22T20:02:33.608Z,33.83,76.97

2026-08-22T20:02:38.608Z,33.83,76.94

2026-08-22T20:02:43.608Z,33.84,76.98

2026-08-22T20:02:48.612Z,33.83,76.96

2026-08-22T20:02:53.622Z,33.83,77.03

2026-08-22T20:02:58.613Z,33.83,76.96

2026-08-22T20:03:03.611Z,33.84,76.97

2026-08-22T20:03:08.610Z,33.83,76.97

2026-08-22T20:03:13.611Z,33.83,77.02

2026-08-22T20:03:18.621Z,33.85,77.03

2026-08-22T20:03:23.636Z,33.85,76.98

2026-08-22T20:03:28.622Z,33.85,77.02

2026-08-22T20:03:33.621Z,33.84,76.95

2026-08-22T20:03:38.619Z,33.81,77.06

2026-08-22T20:03:43.623Z,33.83,77.01

2026-08-22T20:03:48.635Z,33.81,77

2026-08-22T20:03:53.648Z,33.83,77.02

2026-08-22T20:03:58.632Z,33.83,77.01

2026-08-22T20:04:03.634Z,33.83,77.05

2026-08-22T20:04:08.633Z,33.82,77.07

2026-08-22T20:04:13.634Z,33.81,77.01

2026-08-22T20:04:18.643Z,33.82,77.06

2026-08-22T20:04:23.661Z,33.81,77.08

2026-08-22T20:04:28.647Z,33.84,77.06

2026-08-22T20:04:33.646Z,33.83,77.08

2026-08-22T20:04:38.643Z,33.82,77.03

2026-08-22T20:04:43.644Z,33.81,77.01

2026-08-22T20:04:48.650Z,33.82,77.01

2026-08-22T20:04:53.664Z,33.81,77.12

2026-08-22T20:04:58.650Z,33.81,77.11

2026-08-22T20:05:03.652Z,33.81,77.11

2026-08-22T20:05:08.650Z,33.81,77.07

2026-08-22T20:05:13.652Z,33.81,77.11

2026-08-22T20:05:18.660Z,33.81,77.07

2026-08-22T20:05:23.672Z,33.83,77.18

2026-08-22T20:05:28.658Z,33.82,77.12

2026-08-22T20:05:33.660Z,33.81,77.05

2026-08-22T20:05:38.661Z,33.81,77.05

2026-08-22T20:05:43.659Z,33.8,77.09

2026-08-22T20:05:48.670Z,33.8,77.06

2026-08-22T20:05:53.681Z,33.79,77.17

2026-08-22T20:05:58.669Z,33.8,77.13

2026-08-22T20:06:03.671Z,33.79,77.12

2026-08-22T20:06:08.672Z,33.79,77.18

2026-08-22T20:06:13.671Z,33.81,77.16

2026-08-22T20:06:18.672Z,33.81,77.18

2026-08-22T20:06:23.682Z,33.8,77.21

2026-08-22T20:06:28.672Z,33.8,77.2

2026-08-22T20:06:33.671Z,33.81,77.13

2026-08-22T20:06:38.670Z,33.8,77.14

2026-08-22T20:06:43.671Z,33.8,77.13

2026-08-22T20:06:48.681Z,33.79,77.18

2026-08-22T20:06:53.689Z,33.8,77.19

2026-08-22T20:06:58.677Z,33.8,77.16

2026-08-22T20:07:03.679Z,33.81,77.21

2026-08-22T20:07:08.677Z,33.81,77.19

2026-08-22T20:07:13.679Z,33.8,77.15

2026-08-22T20:07:18.680Z,33.82,77.26

2026-08-22T20:07:23.689Z,33.81,77.18

2026-08-22T20:07:28.680Z,33.82,77.14

2026-08-22T20:07:33.680Z,33.82,77.13

2026-08-22T20:07:38.681Z,33.81,77.14

2026-08-22T20:07:43.679Z,33.81,77.16

2026-08-22T20:07:48.702Z,33.82,77.11

2026-08-22T20:07:53.715Z,33.8,77.19

2026-08-22T20:07:58.702Z,33.83,77.12

2026-08-22T20:08:03.706Z,33.82,77.15

2026-08-22T20:08:08.704Z,33.83,77.14

2026-08-22T20:08:13.704Z,33.82,77.07

2026-08-22T20:08:18.715Z,33.84,77.1

2026-08-22T20:08:23.724Z,33.84,77.1

2026-08-22T20:08:28.712Z,33.85,77.06

2026-08-22T20:08:33.713Z,33.85,77.02

2026-08-22T20:08:38.714Z,33.86,77.09

2026-08-22T20:08:43.713Z,33.87,77

2026-08-22T20:08:48.719Z,33.86,77.03

2026-08-22T20:08:53.731Z,33.86,77.03

2026-08-22T20:08:58.716Z,33.88,76.98

2026-08-22T20:09:03.717Z,33.86,76.94

2026-08-22T20:09:08.717Z,33.88,76.93

2026-08-22T20:09:13.719Z,33.89,76.99

2026-08-22T20:09:18.736Z,33.9,76.98

2026-08-22T20:09:23.745Z,33.89,76.92

2026-08-22T20:09:28.733Z,33.9,76.9

2026-08-22T20:09:33.734Z,33.89,76.9

2026-08-22T20:09:38.734Z,33.9,76.9

2026-08-22T20:09:43.732Z,33.9,76.82

2026-08-22T20:09:48.744Z,33.89,76.88

2026-08-22T20:09:53.760Z,33.9,76.88

2026-08-22T20:09:58.745Z,33.89,76.87

2026-08-22T20:10:03.745Z,33.9,76.85

2026-08-22T20:10:08.744Z,33.9,76.82

2026-08-22T20:10:13.746Z,33.89,76.86

2026-08-22T20:10:18.774Z,33.89,76.88

2026-08-22T20:10:23.767Z,33.9,76.91

2026-08-22T20:10:28.772Z,33.9,76.85

2026-08-22T20:10:33.769Z,33.9,76.9

2026-08-22T20:10:38.770Z,33.89,76.93

2026-08-22T20:10:43.782Z,33.88,76.92

2026-08-22T20:10:48.769Z,33.9,76.87

2026-08-22T20:10:53.769Z,33.92,76.95

2026-08-22T20:10:58.770Z,33.9,76.92

2026-08-22T20:11:03.771Z,33.92,76.97

2026-08-22T20:11:08.769Z,33.91,76.94

2026-08-22T20:11:13.783Z,33.92,76.97

2026-08-22T20:11:18.773Z,33.93,77.01

2026-08-22T20:11:23.772Z,33.91,76.88

2026-08-22T20:11:28.772Z,33.9,76.88

2026-08-22T20:11:33.792Z,33.9,76.97

2026-08-22T20:11:38.773Z,33.89,76.87

2026-08-22T20:11:43.777Z,33.91,76.88

2026-08-22T20:11:48.776Z,33.91,76.92

2026-08-22T20:11:53.778Z,33.91,76.93

2026-08-22T20:11:58.775Z,33.91,76.94

2026-08-22T20:12:03.786Z,33.91,77

2026-08-22T20:12:08.776Z,33.9,76.94

2026-08-22T20:12:13.778Z,33.89,76.97

2026-08-22T20:12:18.778Z,33.9,76.95

2026-08-22T20:12:23.779Z,33.89,77

2026-08-22T20:12:28.778Z,33.87,77

2026-08-22T20:12:33.794Z,33.87,77.02

2026-08-22T20:12:38.780Z,33.89,77

2026-08-22T20:12:43.780Z,33.89,77.08

2026-08-22T20:12:48.781Z,33.88,76.98

2026-08-22T20:12:53.782Z,33.88,77.01

2026-08-22T20:12:58.780Z,33.88,77.07

2026-08-22T20:13:03.798Z,33.87,77.08

2026-08-22T20:13:08.783Z,33.87,77.03

2026-08-22T20:13:13.783Z,33.87,77.14

2026-08-22T20:13:18.783Z,33.87,77.11

2026-08-22T20:13:23.784Z,33.86,77.1

2026-08-22T20:13:28.788Z,33.85,77.17

2026-08-22T20:13:33.801Z,33.85,77.16

2026-08-22T20:13:38.789Z,33.84,77.16

2026-08-22T20:13:43.791Z,33.85,77.1

2026-08-22T20:13:48.788Z,33.85,77.11

2026-08-22T20:13:53.789Z,33.86,77.15

2026-08-22T20:13:58.798Z,33.85,77.19

2026-08-22T20:14:03.810Z,33.83,77.18

2026-08-22T20:14:08.795Z,33.84,77.11

2026-08-22T20:14:13.796Z,33.85,77.22

2026-08-22T20:14:18.795Z,33.86,77.2

2026-08-22T20:14:23.797Z,33.83,77.16

2026-08-22T20:14:28.811Z,33.84,77.17

2026-08-22T20:14:33.821Z,33.85,77.14

2026-08-22T20:14:38.812Z,33.84,77.24

2026-08-22T20:14:43.811Z,33.83,77.22

2026-08-22T20:14:48.814Z,33.83,77.22

2026-08-22T20:14:53.816Z,33.84,77.3

2026-08-22T20:14:58.814Z,33.83,77.28

2026-08-22T20:15:03.827Z,33.82,77.28

2026-08-22T20:15:08.816Z,33.83,77.28

2026-08-22T20:15:13.815Z,33.83,77.25

2026-08-22T20:15:18.814Z,33.84,77.29

2026-08-22T20:15:23.818Z,33.86,77.29

2026-08-22T20:15:28.830Z,33.82,77.28

2026-08-22T20:15:33.839Z,33.82,77.3

2026-08-22T20:15:38.825Z,33.84,77.25

2026-08-22T20:15:43.826Z,33.83,77.25

2026-08-22T20:15:48.832Z,33.84,77.26

2026-08-22T20:15:53.827Z,33.85,77.26

2026-08-22T20:15:58.836Z,33.84,77.25

2026-08-22T20:16:03.847Z,33.83,77.29

2026-08-22T20:16:08.836Z,33.84,77.24

2026-08-22T20:16:13.835Z,33.83,77.27

2026-08-22T20:16:18.836Z,33.85,77.27

2026-08-22T20:16:23.834Z,33.86,77.25

2026-08-22T20:16:28.846Z,33.84,77.25

2026-08-22T20:16:33.859Z,33.85,77.32

2026-08-22T20:16:38.843Z,33.88,77.2

2026-08-22T20:16:43.844Z,33.87,77.3

2026-08-22T20:16:48.845Z,33.88,77.3

2026-08-22T20:16:53.845Z,33.87,77.23

2026-08-22T20:16:58.849Z,33.87,77.27

2026-08-22T20:17:03.863Z,33.86,77.26

2026-08-22T20:17:08.849Z,33.87,77.18

2026-08-22T20:17:13.851Z,33.88,77.19

2026-08-22T20:17:18.849Z,33.88,77.17

2026-08-22T20:17:23.849Z,33.89,77.1

2026-08-22T20:17:28.862Z,33.89,77.11

2026-08-22T20:17:33.876Z,33.89,77.18

2026-08-22T20:17:38.864Z,33.88,77.18

2026-08-22T20:17:43.864Z,33.89,77.19

2026-08-22T20:17:48.865Z,33.9,77.12

2026-08-22T20:17:53.867Z,33.92,77.16

2026-08-22T20:17:58.870Z,33.91,77.06

2026-08-22T20:18:03.874Z,33.92,77.16

2026-08-22T20:18:08.867Z,33.91,77.06

2026-08-22T20:18:13.868Z,33.93,77.05

2026-08-22T20:18:18.867Z,33.91,77.06

2026-08-22T20:18:23.868Z,33.91,77.02

2026-08-22T20:18:28.873Z,33.9,77.02

2026-08-22T20:18:33.878Z,33.92,77.04

2026-08-22T20:18:38.871Z,33.92,77.01

2026-08-22T20:18:43.871Z,33.94,76.99

2026-08-22T20:18:48.869Z,33.94,76.97

2026-08-22T20:18:53.870Z,33.93,77.02

2026-08-22T20:18:58.877Z,33.93,76.94

2026-08-22T20:19:03.888Z,33.92,77.05

2026-08-22T20:19:08.876Z,33.92,76.98

2026-08-22T20:19:13.876Z,33.93,77.02

2026-08-22T20:19:18.875Z,33.95,77.04

2026-08-22T20:19:23.876Z,33.94,77.03

2026-08-22T20:19:28.885Z,33.94,77

2026-08-22T20:19:33.900Z,33.94,77.06

2026-08-22T20:19:38.881Z,33.94,76.98

2026-08-22T20:19:43.885Z,33.93,76.94

2026-08-22T20:19:48.884Z,33.93,76.95

2026-08-22T20:19:53.884Z,33.95,76.96

2026-08-22T20:19:58.896Z,33.95,76.93

2026-08-22T20:20:03.905Z,33.94,76.99

2026-08-22T20:20:08.893Z,33.96,76.9

2026-08-22T20:20:13.895Z,33.96,76.95

2026-08-22T20:20:18.895Z,33.96,76.98

2026-08-22T20:20:23.895Z,33.96,76.93

2026-08-22T20:20:28.904Z,33.95,76.95

2026-08-22T20:20:33.914Z,33.94,77.05

2026-08-22T20:20:38.903Z,33.94,76.96

2026-08-22T20:20:43.904Z,33.93,76.96

2026-08-22T20:20:48.903Z,33.93,76.93

2026-08-22T20:20:53.904Z,33.91,76.96

2026-08-22T20:20:58.909Z,33.9,77.03

2026-08-22T20:21:03.918Z,33.9,77.1

2026-08-22T20:21:08.908Z,33.91,77.15

2026-08-22T20:21:13.907Z,33.89,77.15

2026-08-22T20:21:18.905Z,33.9,77.13

2026-08-22T20:21:23.906Z,33.9,77.15

2026-08-22T20:21:28.916Z,33.9,77.16

2026-08-22T20:21:33.926Z,33.88,77.23

2026-08-22T20:21:38.914Z,33.87,77.17

2026-08-22T20:21:43.914Z,33.88,77.17

2026-08-22T20:21:48.916Z,33.87,77.21

2026-08-22T20:21:53.928Z,33.87,77.27

2026-08-22T20:21:58.914Z,33.89,77.2

2026-08-22T20:22:03.915Z,33.88,77.2

2026-08-22T20:22:08.916Z,33.88,77.25

2026-08-22T20:22:13.916Z,33.88,77.21

2026-08-22T20:22:18.915Z,33.9,77.21

2026-08-22T20:22:23.927Z,33.91,77.25

2026-08-22T20:22:28.915Z,33.9,77.25

2026-08-22T20:22:33.917Z,33.89,77.2

2026-08-22T20:22:38.918Z,33.91,77.22

2026-08-22T20:22:43.916Z,33.92,77.14

2026-08-22T20:22:48.917Z,33.93,77.18

2026-08-22T20:22:53.927Z,33.93,77.15

2026-08-22T20:22:58.917Z,33.93,77.19

2026-08-22T20:23:03.920Z,33.93,77.15

2026-08-22T20:23:08.919Z,33.94,77.13

2026-08-22T20:23:13.923Z,33.93,77.09

2026-08-22T20:23:18.941Z,33.94,77.12

2026-08-22T20:23:23.950Z,33.93,77.15

2026-08-22T20:23:28.939Z,33.95,77.16

2026-08-22T20:23:33.940Z,33.94,77.14

2026-08-22T20:23:38.941Z,33.93,77.11

2026-08-22T20:23:43.941Z,33.97,77.09

2026-08-22T20:23:48.941Z,33.95,77.12

2026-08-22T20:23:53.952Z,33.95,77.09

2026-08-22T20:23:58.941Z,33.96,77.04

2026-08-22T20:24:03.941Z,33.95,77.11

2026-08-22T20:24:08.942Z,33.94,77.08

2026-08-22T20:24:13.944Z,33.95,77.09

2026-08-22T20:24:18.955Z,33.97,77.07

2026-08-22T20:24:23.968Z,33.95,77.03

2026-08-22T20:24:28.957Z,33.98,77.06

2026-08-22T20:24:33.956Z,33.98,77.01

2026-08-22T20:24:38.955Z,33.98,76.99

2026-08-22T20:24:43.957Z,33.96,76.96

2026-08-22T20:24:48.970Z,33.95,76.94

2026-08-22T20:24:53.980Z,33.97,77

2026-08-22T20:24:58.967Z,33.97,76.88

2026-08-22T20:25:03.967Z,33.98,76.97

2026-08-22T20:25:08.968Z,33.98,76.94

2026-08-22T20:25:13.968Z,33.97,76.98

2026-08-22T20:25:18.984Z,33.96,76.95

2026-08-22T20:25:23.995Z,33.97,76.98

2026-08-22T20:25:28.981Z,33.97,76.96

2026-08-22T20:25:33.983Z,33.97,76.92

2026-08-22T20:25:38.982Z,33.96,76.96

2026-08-22T20:25:43.982Z,33.96,77.03

2026-08-22T20:25:48.991Z,33.94,76.95

2026-08-22T20:25:54.002Z,33.96,77.03

2026-08-22T20:25:58.988Z,33.96,76.98

2026-08-22T20:26:03.989Z,33.97,77.01

2026-08-22T20:26:08.986Z,33.96,77.01

2026-08-22T20:26:13.989Z,33.95,76.99

2026-08-22T20:26:19.009Z,33.96,76.94

2026-08-22T20:26:24.018Z,33.96,77.06

2026-08-22T20:26:29.007Z,33.96,77

2026-08-22T20:26:34.008Z,33.95,76.97

2026-08-22T20:26:39.008Z,33.97,76.99

2026-08-22T20:26:44.015Z,33.96,76.92

2026-08-22T20:26:49.014Z,33.96,77

2026-08-22T20:26:54.033Z,33.96,77

2026-08-22T20:26:59.012Z,33.97,76.99

2026-08-22T20:27:04.012Z,33.99,76.99

2026-08-22T20:27:09.011Z,33.99,76.9

2026-08-22T20:27:14.013Z,33.99,76.91

2026-08-22T20:27:19.016Z,34,76.85

2026-08-22T20:27:24.027Z,34,76.92

2026-08-22T20:27:29.016Z,33.99,76.88

2026-08-22T20:27:34.015Z,34.01,76.96

2026-08-22T20:27:39.014Z,33.99,76.9

2026-08-22T20:27:44.017Z,34.02,76.89

2026-08-22T20:27:49.047Z,34,76.86

2026-08-22T20:27:54.041Z,34,76.85

2026-08-22T20:27:59.040Z,34.01,76.86

2026-08-22T20:28:04.040Z,34.02,76.87

2026-08-22T20:28:09.041Z,34.02,76.9

2026-08-22T20:28:14.057Z,34.01,76.93

2026-08-22T20:28:19.043Z,34.04,76.78

2026-08-22T20:28:24.041Z,34.02,76.84

2026-08-22T20:28:29.041Z,34.02,76.84

2026-08-22T20:28:34.044Z,34.02,76.84

2026-08-22T20:28:39.042Z,34.01,76.85

2026-08-22T20:28:44.055Z,34,76.82

2026-08-22T20:28:49.044Z,34,76.89

2026-08-22T20:28:54.042Z,34,76.78

2026-08-22T20:28:59.045Z,34.01,76.83

2026-08-22T20:29:04.045Z,33.99,76.83

2026-08-22T20:29:09.046Z,34,76.92

2026-08-22T20:29:14.054Z,33.99,76.92

2026-08-22T20:29:19.044Z,33.99,76.87

2026-08-22T20:29:24.044Z,33.99,76.82

2026-08-22T20:29:29.043Z,33.99,76.86

2026-08-22T20:29:34.044Z,33.98,76.92

2026-08-22T20:29:39.043Z,33.98,76.9

2026-08-22T20:29:44.058Z,33.99,76.94

2026-08-22T20:29:49.046Z,33.98,76.92

2026-08-22T20:29:54.053Z,33.99,76.92

2026-08-22T20:29:59.044Z,33.97,76.97

2026-08-22T20:30:04.046Z,33.98,76.89

2026-08-22T20:30:09.048Z,33.99,76.96

2026-08-22T20:30:14.051Z,34,76.99

2026-08-22T20:30:19.049Z,34,76.9

2026-08-22T20:30:24.066Z,34.01,76.95

2026-08-22T20:30:29.050Z,34.02,76.91

2026-08-22T20:30:34.049Z,34.01,76.92

2026-08-22T20:30:39.049Z,34,76.91

2026-08-22T20:30:44.066Z,34.01,76.99

2026-08-22T20:30:49.049Z,34.02,76.96

2026-08-22T20:30:54.052Z,34.02,76.97

2026-08-22T20:30:59.052Z,34.03,76.91

2026-08-22T20:31:04.054Z,34,76.91

2026-08-22T20:31:09.059Z,34.01,76.88

2026-08-22T20:31:14.070Z,34.01,76.85

2026-08-22T20:31:19.057Z,34.03,76.82

2026-08-22T20:31:24.058Z,34.02,76.9

2026-08-22T20:31:29.058Z,34.02,76.86

2026-08-22T20:31:34.059Z,34.01,76.88

2026-08-22T20:31:39.077Z,34,76.91

2026-08-22T20:31:44.090Z,34.02,76.92

2026-08-22T20:31:49.077Z,33.99,76.9

2026-08-22T20:31:54.079Z,33.98,76.91

2026-08-22T20:31:59.078Z,34.01,76.9

2026-08-22T20:32:04.077Z,34.01,76.95

2026-08-22T20:32:09.085Z,33.99,76.95

2026-08-22T20:32:14.099Z,33.99,77

2026-08-22T20:32:19.084Z,33.99,76.98

2026-08-22T20:32:24.084Z,33.98,77.02

2026-08-22T20:32:29.084Z,33.99,76.97

2026-08-22T20:32:34.084Z,33.99,76.95

2026-08-22T20:32:39.091Z,34,76.97

2026-08-22T20:32:44.104Z,33.99,76.96

2026-08-22T20:32:49.092Z,33.99,76.94

2026-08-22T20:32:54.093Z,33.98,77

2026-08-22T20:32:59.092Z,33.99,76.99

2026-08-22T20:33:04.093Z,33.99,76.99

2026-08-22T20:33:09.097Z,33.98,76.98

2026-08-22T20:33:14.109Z,33.98,77.06

2026-08-22T20:33:19.097Z,33.98,77.04

2026-08-22T20:33:24.095Z,33.98,76.98

2026-08-22T20:33:29.097Z,33.98,77.04

2026-08-22T20:33:34.097Z,33.95,77

2026-08-22T20:33:39.099Z,33.97,77.05

2026-08-22T20:33:44.110Z,33.94,77.12

2026-08-22T20:33:49.097Z,33.95,77.02

2026-08-22T20:33:54.098Z,33.95,77.03

2026-08-22T20:33:59.103Z,33.95,77.14

2026-08-22T20:34:04.101Z,33.95,77.12

2026-08-22T20:34:09.111Z,33.96,77.08

2026-08-22T20:34:14.134Z,33.95,77.12

2026-08-22T20:34:19.112Z,33.96,77.13

2026-08-22T20:34:24.112Z,33.97,77.13

2026-08-22T20:34:29.116Z,33.95,77.12

2026-08-22T20:34:34.128Z,33.95,77.16

2026-08-22T20:34:39.115Z,33.98,77.12

2026-08-22T20:34:44.117Z,33.96,77.1

2026-08-22T20:34:49.137Z,33.96,77.09

2026-08-22T20:34:54.118Z,33.96,77.06

2026-08-22T20:34:59.130Z,33.96,77.13

2026-08-22T20:35:04.142Z,33.97,77.15

2026-08-22T20:35:09.129Z,33.96,77.11

2026-08-22T20:35:14.129Z,33.94,77.13

2026-08-22T20:35:19.129Z,33.97,77.11

2026-08-22T20:35:24.130Z,33.97,77.17

2026-08-22T20:35:29.132Z,33.96,77.12

2026-08-22T20:35:34.146Z,33.94,77.21

2026-08-22T20:35:39.131Z,33.96,77.14

2026-08-22T20:35:44.132Z,33.94,77.13

2026-08-22T20:35:49.133Z,33.95,77.13

2026-08-22T20:35:54.133Z,33.94,77.12

2026-08-22T20:35:59.141Z,33.97,77.18

2026-08-22T20:36:04.154Z,33.97,77.16

2026-08-22T20:36:09.140Z,33.97,77.19

2026-08-22T20:36:14.140Z,33.95,77.18

2026-08-22T20:36:19.140Z,33.97,77.18

2026-08-22T20:36:24.141Z,33.97,77.2

2026-08-22T20:36:29.142Z,33.97,77.14

2026-08-22T20:36:34.151Z,33.96,77.19

2026-08-22T20:36:39.142Z,33.96,77.17

2026-08-22T20:36:44.143Z,33.97,77.2

2026-08-22T20:36:49.143Z,33.96,77.19

2026-08-22T20:36:54.145Z,33.96,77.24

2026-08-22T20:36:59.144Z,33.97,77.2

2026-08-22T20:37:04.155Z,33.96,77.25

2026-08-22T20:37:09.146Z,33.96,77.17

2026-08-22T20:37:14.144Z,33.99,77.23

2026-08-22T20:37:19.145Z,33.98,77.21

2026-08-22T20:37:24.147Z,33.96,77.17

2026-08-22T20:37:29.150Z,33.98,77.13

2026-08-22T20:37:34.161Z,33.99,77.21

2026-08-22T20:37:39.151Z,33.98,77.07

2026-08-22T20:37:44.151Z,33.99,77.06

2026-08-22T20:37:49.155Z,34.01,77.11

2026-08-22T20:37:54.155Z,33.99,77.06

2026-08-22T20:37:59.168Z,34,77.05

2026-08-22T20:38:04.184Z,34.01,77.12

2026-08-22T20:38:09.168Z,34,77.05

2026-08-22T20:38:14.167Z,34.02,76.98

2026-08-22T20:38:19.166Z,34.01,77.04

2026-08-22T20:38:24.168Z,34.02,77.07

2026-08-22T20:38:29.185Z,34.01,77.02

2026-08-22T20:38:34.191Z,34.01,77.06

2026-08-22T20:38:39.182Z,34.02,77

2026-08-22T20:38:44.183Z,34.02,77.01

2026-08-22T20:38:49.183Z,34.02,77.02

2026-08-22T20:38:54.185Z,34.01,77.01

2026-08-22T20:38:59.191Z,34.03,77.08

2026-08-22T20:39:04.209Z,34.02,77.05

2026-08-22T20:39:09.189Z,34.03,77

2026-08-22T20:39:14.191Z,34.02,76.96

2026-08-22T20:39:19.190Z,34.03,76.94

2026-08-22T20:39:24.191Z,34.05,76.94

2026-08-22T20:39:29.204Z,34.05,76.95

2026-08-22T20:39:34.214Z,34.04,76.89

2026-08-22T20:39:39.202Z,34.07,76.95

2026-08-22T20:39:44.202Z,34.04,76.94

2026-08-22T20:39:49.203Z,34.05,76.92

2026-08-22T20:39:54.204Z,34.04,76.93

2026-08-22T20:39:59.211Z,34.03,76.92

2026-08-22T20:40:04.224Z,34.04,76.93

2026-08-22T20:40:09.208Z,34.01,76.94

2026-08-22T20:40:14.209Z,34.02,76.95

2026-08-22T20:40:19.209Z,34.05,76.94

2026-08-22T20:40:24.210Z,34.05,76.94

2026-08-22T20:40:29.214Z,34.03,76.94

2026-08-22T20:40:34.227Z,34.02,76.98

2026-08-22T20:40:39.212Z,34.03,76.95

2026-08-22T20:40:44.211Z,34.05,76.93

2026-08-22T20:40:49.213Z,34.02,76.96

2026-08-22T20:40:54.211Z,34.03,76.86

2026-08-22T20:40:59.211Z,34.03,76.88

2026-08-22T20:41:04.224Z,34.03,76.97

2026-08-22T20:41:09.211Z,34.03,76.85

2026-08-22T20:41:14.213Z,34.05,76.95

2026-08-22T20:41:19.215Z,34.03,76.89

2026-08-22T20:41:24.225Z,34.04,76.87

2026-08-22T20:41:29.214Z,34.02,76.85

2026-08-22T20:41:34.214Z,34.05,76.83

2026-08-22T20:41:39.214Z,34.03,76.81

2026-08-22T20:41:44.215Z,34.04,76.86

2026-08-22T20:41:49.234Z,34.03,76.8

2026-08-22T20:41:54.246Z,34.03,76.89

2026-08-22T20:41:59.233Z,34.03,76.85

2026-08-22T20:42:04.251Z,34.03,76.88

2026-08-22T20:42:09.234Z,34.03,76.81

2026-08-22T20:42:14.235Z,34.02,76.82

2026-08-22T20:42:19.236Z,34.03,76.81

2026-08-22T20:42:24.234Z,34.04,76.82

2026-08-22T20:42:29.234Z,34.02,76.77

2026-08-22T20:42:34.250Z,34.04,76.82

2026-08-22T20:42:39.237Z,34.02,76.81

2026-08-22T20:42:44.235Z,34.03,76.74

2026-08-22T20:42:49.237Z,34.03,76.77

2026-08-22T20:42:54.238Z,34.05,76.65

2026-08-22T20:42:59.238Z,34.04,76.68

2026-08-22T20:43:04.255Z,34.04,76.71

2026-08-22T20:43:09.241Z,34.02,76.68

2026-08-22T20:43:14.238Z,34.02,76.67

2026-08-22T20:43:19.238Z,34.03,76.74

2026-08-22T20:43:24.238Z,34.04,76.71

2026-08-22T20:43:29.243Z,34.03,76.71

2026-08-22T20:43:34.252Z,34.04,76.74

2026-08-22T20:43:39.242Z,34.05,76.63

2026-08-22T20:43:44.242Z,34.04,76.63

2026-08-22T20:43:49.242Z,34.04,76.59

2026-08-22T20:43:54.245Z,34.06,76.6

2026-08-22T20:43:59.250Z,34.05,76.66

2026-08-22T20:44:04.262Z,34.06,76.6

2026-08-22T20:44:09.250Z,34.05,76.55

2026-08-22T20:44:14.249Z,34.06,76.57

2026-08-22T20:44:19.250Z,34.05,76.55

2026-08-22T20:44:24.249Z,34.04,76.52

2026-08-22T20:44:29.249Z,34.02,76.46

2026-08-22T20:44:34.260Z,34.05,76.55

2026-08-22T20:44:39.250Z,34.03,76.53

2026-08-22T20:44:44.251Z,34.03,76.49

2026-08-22T20:44:49.252Z,34.04,76.53

2026-08-22T20:44:54.250Z,34.02,76.55

2026-08-22T20:44:59.262Z,34.02,76.54

2026-08-22T20:45:04.271Z,34.03,76.54

2026-08-22T20:45:09.263Z,34.03,76.54

2026-08-22T20:45:14.263Z,34.02,76.53

2026-08-22T20:45:19.258Z,34.02,76.56

2026-08-22T20:45:24.260Z,34.04,76.52

2026-08-22T20:45:29.276Z,34.03,76.52

2026-08-22T20:45:34.286Z,34.04,76.57

2026-08-22T20:45:39.275Z,34.06,76.51

2026-08-22T20:45:44.274Z,34.04,76.54

2026-08-22T20:45:49.276Z,34.03,76.46

2026-08-22T20:45:54.274Z,34.06,76.38

2026-08-22T20:45:59.283Z,34.05,76.48

2026-08-22T20:46:04.294Z,34.03,76.5

2026-08-22T20:46:09.282Z,34.04,76.46

2026-08-22T20:46:14.282Z,34.05,76.45

2026-08-22T20:46:19.279Z,34.05,76.45

2026-08-22T20:46:24.281Z,34.05,76.45

2026-08-22T20:46:29.288Z,34.05,76.45

2026-08-22T20:46:34.302Z,34.05,76.39

2026-08-22T20:46:39.287Z,34.07,76.31

2026-08-22T20:46:44.287Z,34.06,76.25

2026-08-22T20:46:49.288Z,34.08,76.26

2026-08-22T20:46:54.290Z,34.05,76.27

2026-08-22T20:46:59.297Z,34.08,76.26

2026-08-22T20:47:04.306Z,34.06,76.3

2026-08-22T20:47:09.294Z,34.08,76.28

2026-08-22T20:47:14.294Z,34.06,76.25

2026-08-22T20:47:19.297Z,34.08,76.28

2026-08-22T20:47:24.300Z,34.1,76.22

2026-08-22T20:47:29.302Z,34.09,76.25

2026-08-22T20:47:34.315Z,34.08,76.27

2026-08-22T20:47:39.300Z,34.08,76.07

2026-08-22T20:47:44.300Z,34.07,76.07

2026-08-22T20:47:49.300Z,34.08,76.1

2026-08-22T20:47:54.303Z,34.09,76.12

2026-08-22T20:47:59.316Z,34.08,76.06

2026-08-22T20:48:04.324Z,34.09,76.11

2026-08-22T20:48:09.315Z,34.09,76.08

2026-08-22T20:48:14.314Z,34.1,76.11

2026-08-22T20:48:19.313Z,34.1,76.06

2026-08-22T20:48:24.316Z,34.08,76.04

2026-08-22T20:48:29.329Z,34.08,75.97

2026-08-22T20:48:34.336Z,34.07,76.06

2026-08-22T20:48:39.328Z,34.08,76.01

2026-08-22T20:48:44.328Z,34.06,76.04

2026-08-22T20:48:49.328Z,34.08,76.05

2026-08-22T20:48:54.327Z,34.07,76.1

2026-08-22T20:48:59.338Z,34.08,76.1

2026-08-22T20:49:04.356Z,34.06,76.09

2026-08-22T20:49:09.334Z,34.07,76.07

2026-08-22T20:49:14.337Z,34.05,76.07

2026-08-22T20:49:19.337Z,34.07,76.07

2026-08-22T20:49:24.336Z,34.06,76.06

2026-08-22T20:49:29.341Z,34.06,76.08

2026-08-22T20:49:34.358Z,34.06,76.11

2026-08-22T20:49:39.342Z,34.05,76.11

2026-08-22T20:49:44.342Z,34.04,76.11

2026-08-22T20:49:49.341Z,34.06,76.1

2026-08-22T20:49:54.343Z,34.05,76.09

2026-08-22T20:49:59.361Z,34.05,76.06

2026-08-22T20:50:04.373Z,34.05,76.08

2026-08-22T20:50:09.360Z,34.05,76.07

2026-08-22T20:50:14.362Z,34.03,76.07

2026-08-22T20:50:19.362Z,34.02,76.11

2026-08-22T20:50:24.361Z,34.03,76.12

2026-08-22T20:50:29.374Z,34.04,76.13

2026-08-22T20:50:34.385Z,34.02,76.14

2026-08-22T20:50:39.373Z,34.02,76.06

2026-08-22T20:50:44.373Z,34.04,76.11

2026-08-22T20:50:49.373Z,34.02,76.12

2026-08-22T20:50:54.374Z,34.03,76.14

2026-08-22T20:50:59.375Z,34.03,76.19

2026-08-22T20:51:04.388Z,34.02,76.22

2026-08-22T20:51:09.375Z,34.03,76.21

2026-08-22T20:51:14.376Z,34.02,76.19

2026-08-22T20:51:19.376Z,34.02,76.18

2026-08-22T20:51:24.377Z,34.03,76.13

2026-08-22T20:51:29.379Z,34.03,76.14

2026-08-22T20:51:34.389Z,34.02,76.12

2026-08-22T20:51:39.379Z,34.03,76.08

2026-08-22T20:51:44.378Z,34.03,76.06

2026-08-22T20:51:49.377Z,34.04,76.08

2026-08-22T20:51:54.378Z,34.02,76.16

2026-08-22T20:51:59.382Z,34.03,76.13

2026-08-22T20:52:04.392Z,34.04,76.15

2026-08-22T20:52:09.381Z,34.02,76.17

2026-08-22T20:52:14.381Z,34.05,76.08

2026-08-22T20:52:19.383Z,34.05,76.11

2026-08-22T20:52:24.382Z,34.06,76.1

2026-08-22T20:52:29.392Z,34.06,76.1

2026-08-22T20:52:34.396Z,34.07,76.07

2026-08-22T20:52:39.388Z,34.08,76.1

2026-08-22T20:52:44.395Z,34.07,75.99

2026-08-22T20:52:49.389Z,34.06,75.97

2026-08-22T20:52:54.391Z,34.08,75.91

2026-08-22T20:52:59.401Z,34.05,75.92

2026-08-22T20:53:04.412Z,34.06,75.92

2026-08-22T20:53:09.402Z,34.07,75.95

2026-08-22T20:53:14.401Z,34.07,75.89

2026-08-22T20:53:19.401Z,34.06,75.82

2026-08-22T20:53:24.402Z,34.06,75.89

2026-08-22T20:53:29.411Z,34.06,75.87

2026-08-22T20:53:34.422Z,34.05,75.96

2026-08-22T20:53:39.410Z,34.06,75.9

2026-08-22T20:53:44.411Z,34.08,75.92

2026-08-22T20:53:49.409Z,34.06,75.91

2026-08-22T20:53:54.410Z,34.08,75.91

2026-08-22T20:53:59.420Z,34.07,75.94

2026-08-22T20:54:04.432Z,34.05,75.95

2026-08-22T20:54:09.416Z,34.06,75.86

2026-08-22T20:54:14.417Z,34.05,75.91

2026-08-22T20:54:19.419Z,34.07,75.88

2026-08-22T20:54:24.420Z,34.05,75.86

2026-08-22T20:54:29.437Z,34.05,75.7

2026-08-22T20:54:34.431Z,34.06,75.76

2026-08-22T20:54:39.432Z,34.05,75.81

2026-08-22T20:54:44.447Z,34.06,75.78

2026-08-22T20:54:49.434Z,34.06,75.79

2026-08-22T20:54:54.433Z,34.05,75.66

2026-08-22T20:54:59.432Z,34.06,75.64

2026-08-22T20:55:04.433Z,34.08,75.61

2026-08-22T20:55:09.434Z,34.07,75.54

2026-08-22T20:55:14.448Z,34.05,75.63

2026-08-22T20:55:19.438Z,34.07,75.56

2026-08-22T20:55:24.435Z,34.06,75.52

2026-08-22T20:55:29.434Z,34.07,75.5

2026-08-22T20:55:34.436Z,34.07,75.49

2026-08-22T20:55:39.435Z,34.06,75.5

2026-08-22T20:55:44.448Z,34.05,75.55

2026-08-22T20:55:49.435Z,34.05,75.48

2026-08-22T20:55:54.438Z,34.06,75.49

2026-08-22T20:55:59.434Z,34.04,75.4

2026-08-22T20:56:04.438Z,34.06,75.39

2026-08-22T20:56:09.441Z,34.05,75.4

2026-08-22T20:56:14.450Z,34.04,75.42

2026-08-22T20:56:19.440Z,34.06,75.44

2026-08-22T20:56:24.440Z,34.05,75.43

2026-08-22T20:56:29.441Z,34.05,75.51

2026-08-22T20:56:34.442Z,34.06,75.52

2026-08-22T20:56:39.445Z,34.06,75.49

2026-08-22T20:56:44.456Z,34.06,75.49

2026-08-22T20:56:49.443Z,34.06,75.48

2026-08-22T20:56:54.444Z,34.03,75.45

2026-08-22T20:56:59.446Z,34.04,75.24

2026-08-22T20:57:04.446Z,34.05,75.35

2026-08-22T20:57:09.460Z,34.06,75.3

2026-08-22T20:57:14.473Z,34.04,75.28

2026-08-22T20:57:19.459Z,34.04,75.3

2026-08-22T20:57:24.460Z,34.04,75.32

2026-08-22T20:57:29.459Z,34.04,75.27

2026-08-22T20:57:34.461Z,34.03,75.24

2026-08-22T20:57:39.478Z,34.02,75.32

2026-08-22T20:57:44.489Z,34.01,75.32

2026-08-22T20:57:49.476Z,34.03,75.33

2026-08-22T20:57:54.477Z,34.04,75.25

2026-08-22T20:57:59.481Z,34.04,75.25

2026-08-22T20:58:04.490Z,34.01,75.17

2026-08-22T20:58:09.481Z,34.01,75.15

2026-08-22T20:58:14.479Z,34.02,75.12

2026-08-22T20:58:19.481Z,34.01,75.12

2026-08-22T20:58:24.481Z,34,75.22

2026-08-22T20:58:29.481Z,34,75.21

2026-08-22T20:58:34.493Z,33.99,75.25

2026-08-22T20:58:39.480Z,33.98,75.23

2026-08-22T20:58:44.480Z,33.99,75.3

2026-08-22T20:58:49.481Z,34.01,75.29

2026-08-22T20:58:54.481Z,34,75.24

2026-08-22T20:58:59.480Z,33.99,75.2

2026-08-22T20:59:04.493Z,33.99,75.31

2026-08-22T20:59:09.481Z,33.98,75.23

2026-08-22T20:59:14.483Z,33.99,75.24

2026-08-22T20:59:19.483Z,33.98,75.25

2026-08-22T20:59:24.483Z,34,75.25

2026-08-22T20:59:29.488Z,33.99,75.2

2026-08-22T20:59:34.497Z,33.97,75.29

2026-08-22T20:59:39.488Z,33.96,75.21

2026-08-22T20:59:44.490Z,33.96,75.22

2026-08-22T20:59:49.491Z,33.95,75.23

2026-08-22T20:59:54.491Z,33.95,75.24

2026-08-22T20:59:59.505Z,33.97,75.28

2026-08-22T21:00:04.522Z,33.95,75.28

2026-08-22T21:00:09.507Z,33.96,75.27

2026-08-22T21:00:14.504Z,33.95,75.32

2026-08-22T21:00:19.504Z,33.93,75.28

2026-08-22T21:00:24.504Z,33.91,75.25

2026-08-22T21:00:29.512Z,33.9,75.32

2026-08-22T21:00:34.521Z,33.91,75.39

2026-08-22T21:00:39.511Z,33.93,75.42

2026-08-22T21:00:44.522Z,33.9,75.42

2026-08-22T21:00:49.511Z,33.91,75.46

2026-08-22T21:00:54.514Z,33.91,75.45

2026-08-22T21:00:59.512Z,33.92,75.49

2026-08-22T21:01:04.525Z,33.9,75.53

2026-08-22T21:01:09.513Z,33.91,75.52

2026-08-22T21:01:14.512Z,33.9,75.44

2026-08-22T21:01:19.513Z,33.9,75.4

2026-08-22T21:01:24.513Z,33.91,75.45

2026-08-22T21:01:29.520Z,33.9,75.39

2026-08-22T21:01:34.531Z,33.9,75.42

2026-08-22T21:01:39.519Z,33.9,75.43

2026-08-22T21:01:44.519Z,33.89,75.46

2026-08-22T21:01:49.520Z,33.89,75.47

2026-08-22T21:01:54.521Z,33.9,75.45

2026-08-22T21:01:59.527Z,33.9,75.47

2026-08-22T21:02:04.542Z,33.89,75.46

2026-08-22T21:02:09.526Z,33.88,75.4

2026-08-22T21:02:14.527Z,33.86,75.39

2026-08-22T21:02:19.524Z,33.89,75.28

2026-08-22T21:02:24.524Z,33.88,75.3

2026-08-22T21:02:29.547Z,33.87,75.31

2026-08-22T21:02:34.559Z,33.86,75.32

2026-08-22T21:02:39.544Z,33.87,75.28

2026-08-22T21:02:44.545Z,33.87,75.32

2026-08-22T21:02:49.543Z,33.86,75.32

2026-08-22T21:02:54.545Z,33.86,75.3

2026-08-22T21:02:59.547Z,33.85,75.29

2026-08-22T21:03:04.560Z,33.85,75.26

2026-08-22T21:03:09.546Z,33.89,75.31

2026-08-22T21:03:14.547Z,33.86,75.36

2026-08-22T21:03:19.547Z,33.86,75.38

2026-08-22T21:03:24.545Z,33.87,75.43

2026-08-22T21:03:29.562Z,33.87,75.47

2026-08-22T21:03:34.566Z,33.87,75.46

2026-08-22T21:03:39.561Z,33.87,75.47

2026-08-22T21:03:44.563Z,33.87,75.41

2026-08-22T21:03:49.562Z,33.89,75.44

2026-08-22T21:03:54.563Z,33.87,75.39

2026-08-22T21:03:59.574Z,33.88,75.39

2026-08-22T21:04:04.583Z,33.88,75.35

2026-08-22T21:04:09.573Z,33.89,75.28

2026-08-22T21:04:14.573Z,33.88,75.29

2026-08-22T21:04:19.574Z,33.88,75.31

2026-08-22T21:04:24.576Z,33.88,75.3

2026-08-22T21:04:29.583Z,33.89,75.28

2026-08-22T21:04:34.593Z,33.9,75.31

2026-08-22T21:04:39.582Z,33.9,75.26

2026-08-22T21:04:44.582Z,33.89,75.22

2026-08-22T21:04:49.582Z,33.91,75.17

2026-08-22T21:04:54.597Z,33.91,75.22

2026-08-22T21:04:59.581Z,33.91,75.11

2026-08-22T21:05:04.586Z,33.92,75.02

2026-08-22T21:05:09.583Z,33.91,74.87

2026-08-22T21:05:14.584Z,33.93,74.79

2026-08-22T21:05:19.598Z,33.91,74.81

2026-08-22T21:05:24.608Z,33.91,74.81

2026-08-22T21:05:29.596Z,33.94,74.82

2026-08-22T21:05:34.594Z,33.92,74.84

2026-08-22T21:05:39.596Z,33.93,74.76

2026-08-22T21:05:44.597Z,33.93,74.69

2026-08-22T21:05:49.601Z,33.95,74.79

2026-08-22T21:05:54.614Z,33.93,74.86

2026-08-22T21:05:59.603Z,33.94,74.73

2026-08-22T21:06:04.601Z,33.94,74.84

2026-08-22T21:06:09.601Z,33.95,74.76

2026-08-22T21:06:14.603Z,33.94,74.67

2026-08-22T21:06:19.618Z,33.95,74.61

2026-08-22T21:06:24.611Z,33.96,74.61

2026-08-22T21:06:29.611Z,33.97,74.63

2026-08-22T21:06:34.624Z,33.95,74.63

2026-08-22T21:06:39.614Z,33.95,74.61

2026-08-22T21:06:44.611Z,33.96,74.56

2026-08-22T21:06:49.611Z,33.95,74.63

2026-08-22T21:06:54.612Z,33.95,74.51

2026-08-22T21:06:59.613Z,33.95,74.48

2026-08-22T21:07:04.625Z,33.96,74.44

2026-08-22T21:07:09.616Z,33.99,74.38

2026-08-22T21:07:14.616Z,33.97,74.42

2026-08-22T21:07:19.614Z,33.96,74.34

2026-08-22T21:07:24.616Z,33.97,74.33

2026-08-22T21:07:29.617Z,33.96,74.38

2026-08-22T21:07:34.627Z,33.97,74.44

2026-08-22T21:07:39.617Z,33.96,74.43

2026-08-22T21:07:44.618Z,33.98,74.4

2026-08-22T21:07:49.616Z,33.97,74.39

2026-08-22T21:07:54.619Z,33.98,74.46

2026-08-22T21:07:59.631Z,33.98,74.45

2026-08-22T21:08:04.645Z,33.99,74.51

2026-08-22T21:08:09.630Z,33.97,74.41

2026-08-22T21:08:14.632Z,33.98,74.39

2026-08-22T21:08:19.634Z,33.98,74.42

2026-08-22T21:08:24.633Z,34,74.45

2026-08-22T21:08:29.645Z,34,74.41

2026-08-22T21:08:34.657Z,33.99,74.38

2026-08-22T21:08:39.644Z,34,74.39

2026-08-22T21:08:44.646Z,33.97,74.34

2026-08-22T21:08:49.646Z,34,74.38

2026-08-22T21:08:54.648Z,34.01,74.39

2026-08-22T21:08:59.650Z,34.02,74.31

2026-08-22T21:09:04.661Z,34.02,74.38

2026-08-22T21:09:09.647Z,34.03,74.31

2026-08-22T21:09:14.650Z,34.03,74.32

2026-08-22T21:09:19.650Z,34.03,74.3

2026-08-22T21:09:24.654Z,34.03,74.2

2026-08-22T21:09:29.657Z,34.01,74.2

2026-08-22T21:09:34.666Z,34.02,74.15

2026-08-22T21:09:39.654Z,34.03,74.18

2026-08-22T21:09:44.652Z,34.02,74.15

2026-08-22T21:09:49.653Z,34.02,74.16

2026-08-22T21:09:54.656Z,34.02,74.13

2026-08-22T21:09:59.659Z,34.02,74.16

2026-08-22T21:10:04.670Z,34.01,74.16

2026-08-22T21:10:09.657Z,34.03,74.15

2026-08-22T21:10:14.659Z,34.03,74.12

2026-08-22T21:10:19.657Z,34.02,74.1

2026-08-22T21:10:24.659Z,34.03,74.08

2026-08-22T21:10:29.668Z,34.01,74.1

2026-08-22T21:10:34.676Z,34.03,74.09

2026-08-22T21:10:39.664Z,34.03,73.9

2026-08-22T21:10:44.666Z,34.01,73.83

2026-08-22T21:10:49.666Z,34.02,73.91

2026-08-22T21:10:54.665Z,34.03,73.92

2026-08-22T21:10:59.684Z,34.01,73.92

2026-08-22T21:11:04.705Z,34.01,73.98

2026-08-22T21:11:09.685Z,34.01,73.95

2026-08-22T21:11:14.686Z,34.02,73.93

2026-08-22T21:11:19.686Z,34.01,73.9

2026-08-22T21:11:24.685Z,34.02,73.95

2026-08-22T21:11:29.692Z,34.03,73.91

2026-08-22T21:11:34.708Z,34,73.91

2026-08-22T21:11:39.693Z,34.02,73.9

2026-08-22T21:11:44.695Z,34.03,73.85

2026-08-22T21:11:49.694Z,34.01,73.82

2026-08-22T21:11:54.694Z,34.02,73.81

2026-08-22T21:11:59.697Z,34.02,73.85

2026-08-22T21:12:04.711Z,34.02,73.88

2026-08-22T21:12:09.696Z,34,73.86

2026-08-22T21:12:14.696Z,34.01,73.87

2026-08-22T21:12:19.696Z,34.02,73.94

2026-08-22T21:12:24.697Z,34.01,73.8

2026-08-22T21:12:29.701Z,34.03,73.87

2026-08-22T21:12:34.718Z,34.01,73.88

2026-08-22T21:12:39.700Z,34.03,73.9

2026-08-22T21:12:44.701Z,34.01,73.85

2026-08-22T21:12:49.700Z,34.03,73.84

2026-08-22T21:12:54.702Z,34.02,73.78

2026-08-22T21:12:59.706Z,34.02,73.74

2026-08-22T21:13:04.719Z,34.03,73.76

2026-08-22T21:13:09.706Z,34.04,73.8

2026-08-22T21:13:14.705Z,34.03,73.74

2026-08-22T21:13:19.704Z,34.03,73.72

2026-08-22T21:13:24.705Z,34.02,73.65

2026-08-22T21:13:29.719Z,34.02,73.56

2026-08-22T21:13:34.729Z,34.01,73.55

2026-08-22T21:13:39.718Z,34.01,73.52

2026-08-22T21:13:44.718Z,34.02,73.53

2026-08-22T21:13:49.716Z,34.01,73.5

2026-08-22T21:13:54.716Z,34.02,73.53

2026-08-22T21:13:59.715Z,34.03,73.52

2026-08-22T21:14:04.730Z,34.02,73.57

2026-08-22T21:14:09.716Z,34.02,73.53

2026-08-22T21:14:14.716Z,34.02,73.6

2026-08-22T21:14:19.716Z,34.01,73.56

2026-08-22T21:14:24.715Z,34,73.63

2026-08-22T21:14:29.728Z,34.02,73.65

2026-08-22T21:14:34.739Z,34.02,73.65

2026-08-22T21:14:39.722Z,34.01,73.65

2026-08-22T21:14:44.721Z,34.02,73.65

2026-08-22T21:14:49.733Z,34.01,73.69

2026-08-22T21:14:54.742Z,34.01,73.73

2026-08-22T21:14:59.735Z,34.02,73.67

2026-08-22T21:15:04.733Z,34.04,73.65

2026-08-22T21:15:09.734Z,34.02,73.67

2026-08-22T21:15:14.734Z,34.01,73.72

2026-08-22T21:15:19.742Z,34.02,73.71

2026-08-22T21:15:24.756Z,34.03,73.73

2026-08-22T21:15:29.742Z,34.01,73.7

2026-08-22T21:15:34.741Z,34.04,73.69

2026-08-22T21:15:39.740Z,34.04,73.6

2026-08-22T21:15:44.753Z,34.04,73.66

2026-08-22T21:15:49.741Z,34.03,73.58

2026-08-22T21:15:54.742Z,34.04,73.64

2026-08-22T21:15:59.741Z,34.05,73.64

2026-08-22T21:16:04.755Z,34.07,73.63

2026-08-22T21:16:09.743Z,34.07,73.58

2026-08-22T21:16:14.744Z,34.05,73.55

2026-08-22T21:16:19.745Z,34.05,73.54

2026-08-22T21:16:24.743Z,34.07,73.49

2026-08-22T21:16:29.744Z,34.07,73.46

2026-08-22T21:16:34.758Z,34.07,73.47

2026-08-22T21:16:39.742Z,34.06,73.42

2026-08-22T21:16:44.745Z,34.05,73.41

2026-08-22T21:16:49.744Z,34.06,73.38

2026-08-22T21:16:54.746Z,34.07,73.43

2026-08-22T21:16:59.753Z,34.06,73.41

2026-08-22T21:17:04.766Z,34.06,73.43

2026-08-22T21:17:09.751Z,34.05,73.43

2026-08-22T21:17:14.753Z,34.04,73.42

2026-08-22T21:17:19.752Z,34.07,73.45

2026-08-22T21:17:24.753Z,34.05,73.42

2026-08-22T21:17:29.755Z,34.05,73.42

2026-08-22T21:17:34.762Z,34.06,73.48

2026-08-22T21:17:39.752Z,34.08,73.49

2026-08-22T21:17:44.754Z,34.07,73.48

2026-08-22T21:17:49.756Z,34.05,73.51

2026-08-22T21:17:54.753Z,34.06,73.49

2026-08-22T21:17:59.771Z,34.06,73.51

2026-08-22T21:18:04.781Z,34.08,73.5

2026-08-22T21:18:09.770Z,34.07,73.54

2026-08-22T21:18:14.773Z,34.07,73.49

2026-08-22T21:18:19.773Z,34.06,73.37

2026-08-22T21:18:24.774Z,34.08,73.41

2026-08-22T21:18:29.777Z,34.06,73.34

2026-08-22T21:18:34.791Z,34.05,73.46

2026-08-22T21:18:39.774Z,34.07,73.37

2026-08-22T21:18:44.775Z,34.07,73.36

2026-08-22T21:18:49.774Z,34.06,73.31

2026-08-22T21:18:54.776Z,34.08,73.31

2026-08-22T21:18:59.791Z,34.06,73.34

2026-08-22T21:19:04.801Z,34.06,73.21

2026-08-22T21:19:09.790Z,34.06,73.25

2026-08-22T21:19:14.793Z,34.07,73.29

2026-08-22T21:19:19.790Z,34.05,73.26

2026-08-22T21:19:24.793Z,34.07,73.24

2026-08-22T21:19:29.804Z,34.07,73.34

2026-08-22T21:19:34.812Z,34.05,73.33

2026-08-22T21:19:39.798Z,34.06,73.45

2026-08-22T21:19:44.802Z,34.03,73.35

2026-08-22T21:19:49.801Z,34.07,73.36

2026-08-22T21:19:54.802Z,34.07,73.34

2026-08-22T21:19:59.812Z,34.06,73.38

2026-08-22T21:20:04.828Z,34.07,73.36

2026-08-22T21:20:09.812Z,34.08,73.33

2026-08-22T21:20:14.811Z,34.07,73.34

2026-08-22T21:20:19.814Z,34.07,73.36

2026-08-22T21:20:24.823Z,34.05,73.37

2026-08-22T21:20:29.814Z,34.08,73.34

2026-08-22T21:20:34.812Z,34.08,73.37

2026-08-22T21:20:39.813Z,34.08,73.33

2026-08-22T21:20:44.814Z,34.07,73.32

2026-08-22T21:20:49.812Z,34.09,73.33

2026-08-22T21:20:54.828Z,34.1,73.35

2026-08-22T21:20:59.813Z,34.08,73.29

2026-08-22T21:21:04.814Z,34.09,73.3

2026-08-22T21:21:09.814Z,34.07,73.26

2026-08-22T21:21:14.813Z,34.08,73.24

2026-08-22T21:21:19.813Z,34.09,73.27

2026-08-22T21:21:24.825Z,34.07,73.29

2026-08-22T21:21:29.815Z,34.08,73.18

2026-08-22T21:21:34.815Z,34.06,73.22

2026-08-22T21:21:39.814Z,34.08,73.23

2026-08-22T21:21:44.816Z,34.07,73.26

2026-08-22T21:21:49.830Z,34.09,73.24

2026-08-22T21:21:54.851Z,34.08,73.25

2026-08-22T21:21:59.831Z,34.08,73.29

2026-08-22T21:22:04.832Z,34.08,73.29

2026-08-22T21:22:09.829Z,34.09,73.21

2026-08-22T21:22:14.829Z,34.1,73.24

2026-08-22T21:22:19.832Z,34.07,73.18

2026-08-22T21:22:24.842Z,34.07,73.21

2026-08-22T21:22:29.829Z,34.08,73.22

2026-08-22T21:22:34.833Z,34.09,73.19

2026-08-22T21:22:39.833Z,34.08,73.15

2026-08-22T21:22:44.833Z,34.09,73.12

2026-08-22T21:22:49.841Z,34.07,73.19

2026-08-22T21:22:54.856Z,34.09,73.21

2026-08-22T21:22:59.841Z,34.09,73.06

2026-08-22T21:23:04.841Z,34.1,73.09

2026-08-22T21:23:09.841Z,34.09,73.03

2026-08-22T21:23:14.842Z,34.09,73.09

2026-08-22T21:23:19.841Z,34.07,73.08

2026-08-22T21:23:24.858Z,34.07,73.12

2026-08-22T21:23:29.843Z,34.1,73.04

2026-08-22T21:23:34.844Z,34.09,73.03

2026-08-22T21:23:39.843Z,34.1,73.02

2026-08-22T21:23:44.844Z,34.09,73.08

2026-08-22T21:23:49.865Z,34.09,72.99

2026-08-22T21:23:54.859Z,34.07,73.06

2026-08-22T21:23:59.859Z,34.08,73.07

2026-08-22T21:24:04.859Z,34.09,73.03

2026-08-22T21:24:09.859Z,34.08,73.07

2026-08-22T21:24:14.868Z,34.09,73.05

2026-08-22T21:24:19.858Z,34.09,73.1

2026-08-22T21:24:24.860Z,34.08,73.08

2026-08-22T21:24:29.858Z,34.09,73.08

2026-08-22T21:24:34.860Z,34.08,72.99

2026-08-22T21:24:39.870Z,34.09,73

2026-08-22T21:24:44.881Z,34.08,73.05

2026-08-22T21:24:49.866Z,34.09,73

2026-08-22T21:24:54.867Z,34.09,72.99

2026-08-22T21:24:59.868Z,34.08,72.98

2026-08-22T21:25:04.866Z,34.07,72.97

2026-08-22T21:25:09.869Z,34.08,73

2026-08-22T21:25:14.880Z,34.09,72.96

2026-08-22T21:25:19.869Z,34.06,72.94

2026-08-22T21:25:24.871Z,34.07,72.95

2026-08-22T21:25:29.872Z,34.06,72.95

2026-08-22T21:25:34.874Z,34.06,72.98

2026-08-22T21:25:39.881Z,34.09,72.99

2026-08-22T21:25:44.889Z,34.07,73.02

2026-08-22T21:25:49.877Z,34.08,72.94

2026-08-22T21:25:54.878Z,34.07,73

2026-08-22T21:25:59.879Z,34.08,72.96

2026-08-22T21:26:04.880Z,34.08,72.92

2026-08-22T21:26:09.881Z,34.07,72.94

2026-08-22T21:26:14.892Z,34.07,73

2026-08-22T21:26:19.879Z,34.08,72.83

2026-08-22T21:26:24.881Z,34.08,72.87

2026-08-22T21:26:29.882Z,34.07,72.94

2026-08-22T21:26:34.881Z,34.08,72.87

2026-08-22T21:26:39.892Z,34.09,72.96

2026-08-22T21:26:44.906Z,34.05,73.01

2026-08-22T21:26:49.890Z,34.08,72.88

2026-08-22T21:26:54.892Z,34.05,72.96

2026-08-22T21:26:59.894Z,34.09,72.9

2026-08-22T21:27:04.893Z,34.08,72.86

2026-08-22T21:27:09.899Z,34.09,72.91

2026-08-22T21:27:14.910Z,34.08,72.92

2026-08-22T21:27:19.896Z,34.08,72.9

2026-08-22T21:27:24.898Z,34.07,72.87

2026-08-22T21:27:29.896Z,34.08,72.84

2026-08-22T21:27:34.898Z,34.07,72.9

2026-08-22T21:27:39.905Z,34.07,72.89

2026-08-22T21:27:44.915Z,34.08,72.97

2026-08-22T21:27:49.905Z,34.08,72.88

2026-08-22T21:27:54.905Z,34.07,72.9

2026-08-22T21:27:59.903Z,34.07,72.9

2026-08-22T21:28:04.905Z,34.07,72.94

2026-08-22T21:28:09.917Z,34.06,72.93

2026-08-22T21:28:14.927Z,34.05,73.01

2026-08-22T21:28:19.915Z,34.06,73.05

2026-08-22T21:28:24.916Z,34.04,72.98

2026-08-22T21:28:29.916Z,34.06,73

2026-08-22T21:28:34.916Z,34.05,73

2026-08-22T21:28:39.924Z,34.05,73.02

2026-08-22T21:28:44.937Z,34.04,73.02

2026-08-22T21:28:49.920Z,34.04,73.02

2026-08-22T21:28:54.923Z,34.04,73.02

2026-08-22T21:28:59.924Z,34.05,73.07

2026-08-22T21:29:04.924Z,34.02,73.02

2026-08-22T21:29:09.942Z,34.06,73.08

2026-08-22T21:29:14.958Z,34.06,73.13

2026-08-22T21:29:19.944Z,34.04,73.14

2026-08-22T21:29:24.943Z,34.05,73.12

2026-08-22T21:29:29.942Z,34.04,73.15

2026-08-22T21:29:34.942Z,34.05,73.11

2026-08-22T21:29:39.950Z,34.04,73.06

2026-08-22T21:29:44.964Z,34.04,73.14

2026-08-22T21:29:49.951Z,34.06,73.08

2026-08-22T21:29:54.952Z,34.06,73.1

2026-08-22T21:29:59.953Z,34.06,73.12

2026-08-22T21:30:04.953Z,34.04,73.11

2026-08-22T21:30:09.959Z,34.03,73.1

2026-08-22T21:30:14.969Z,34.04,73.14

2026-08-22T21:30:19.955Z,34.04,73.13

2026-08-22T21:30:24.959Z,34.05,73.11

2026-08-22T21:30:29.957Z,34.05,73.12

2026-08-22T21:30:34.958Z,34.05,73.09

2026-08-22T21:30:39.971Z,34.05,73.11

2026-08-22T21:30:44.981Z,34.03,73.15

2026-08-22T21:30:49.971Z,34.05,73.08

2026-08-22T21:30:54.972Z,34.04,73.12

2026-08-22T21:30:59.970Z,34.05,73.14

2026-08-22T21:31:04.971Z,34.04,73.18

2026-08-22T21:31:09.973Z,34.03,73.13

2026-08-22T21:31:14.984Z,34.05,73.15

2026-08-22T21:31:19.971Z,34.04,73.16

2026-08-22T21:31:24.971Z,34.04,73.14

2026-08-22T21:31:29.972Z,34.05,73.19

2026-08-22T21:31:34.972Z,34.06,73.11

2026-08-22T21:31:39.985Z,34.07,73.09

2026-08-22T21:31:44.994Z,34.05,73.07

2026-08-22T21:31:49.982Z,34.05,73.09

2026-08-22T21:31:54.983Z,34.05,73.07

2026-08-22T21:31:59.984Z,34.04,73.03

2026-08-22T21:32:04.984Z,34.06,73.06

2026-08-22T21:32:09.984Z,34.06,73.01

2026-08-22T21:32:14.994Z,34.05,73.02

2026-08-22T21:32:19.984Z,34.05,73.02

2026-08-22T21:32:24.985Z,34.05,73.08

2026-08-22T21:32:29.984Z,34.04,73.06

2026-08-22T21:32:34.982Z,34.05,73.08

2026-08-22T21:32:39.983Z,34.04,73.12

2026-08-22T21:32:44.995Z,34.04,73.14

2026-08-22T21:32:49.982Z,34.03,73.13

2026-08-22T21:32:54.986Z,34.04,73.14

2026-08-22T21:32:59.989Z,34.04,73.1

2026-08-22T21:33:04.988Z,34.03,73.14

2026-08-22T21:33:09.997Z,34.02,73.06

2026-08-22T21:33:15.007Z,34.02,73.08

2026-08-22T21:33:19.994Z,34.01,73.05

2026-08-22T21:33:24.994Z,34.03,73.1

2026-08-22T21:33:29.993Z,34.03,73.1

2026-08-22T21:33:34.995Z,34.04,73.14

2026-08-22T21:33:39.995Z,34.04,73.13

2026-08-22T21:33:45.009Z,34.02,73.22

2026-08-22T21:33:49.995Z,34.01,73.13

2026-08-22T21:33:54.997Z,34.03,73.18

2026-08-22T21:33:59.998Z,34.03,73.23

2026-08-22T21:34:04.997Z,34.03,73.21

2026-08-22T21:34:09.997Z,34.02,73.24

2026-08-22T21:34:15.014Z,34.01,73.21

2026-08-22T21:34:19.998Z,34.04,73.2

2026-08-22T21:34:24.999Z,34.01,73.23

2026-08-22T21:34:30.006Z,34.03,73.22

2026-08-22T21:34:35.016Z,34.04,73.21

2026-08-22T21:34:40.004Z,34.04,73.23

2026-08-22T21:34:45.005Z,34.04,73.2

2026-08-22T21:34:50.004Z,34.04,73.16

2026-08-22T21:34:55.006Z,34.03,73.15

2026-08-22T21:35:00.020Z,34.02,73.2

2026-08-22T21:35:05.031Z,34.03,73.26

2026-08-22T21:35:10.018Z,34.04,73.2

2026-08-22T21:35:15.019Z,34.04,73.2

2026-08-22T21:35:20.018Z,34.04,73.17

2026-08-22T21:35:25.019Z,34.04,73.14

2026-08-22T21:35:30.022Z,34.04,73.12

2026-08-22T21:35:35.034Z,34.03,73.18

2026-08-22T21:35:40.022Z,34.04,73.14

2026-08-22T21:35:45.024Z,34.04,73.18

2026-08-22T21:35:50.021Z,34.04,73.14

2026-08-22T21:35:55.024Z,34.04,73.15

2026-08-22T21:36:00.028Z,34.02,73.22

2026-08-22T21:36:05.039Z,34.03,73.22

2026-08-22T21:36:10.025Z,34.05,73.24

2026-08-22T21:36:15.025Z,34.05,73.21

2026-08-22T21:36:20.026Z,34.05,73.19

2026-08-22T21:36:25.028Z,34.05,73.24

2026-08-22T21:36:30.048Z,34.04,73.24

2026-08-22T21:36:35.060Z,34.05,73.22

2026-08-22T21:36:40.046Z,34.04,73.2

2026-08-22T21:36:45.046Z,34.06,73.25

2026-08-22T21:36:50.047Z,34.04,73.23

2026-08-22T21:36:55.046Z,34.04,73.18

2026-08-22T21:37:00.056Z,34.05,73.21

2026-08-22T21:37:05.073Z,34.04,73.23

2026-08-22T21:37:10.055Z,34.04,73.19

2026-08-22T21:37:15.055Z,34.03,73.25

2026-08-22T21:37:20.054Z,34.05,73.3

2026-08-22T21:37:25.054Z,34.04,73.24

2026-08-22T21:37:30.068Z,34.05,73.2

2026-08-22T21:37:35.080Z,34.04,73.25

2026-08-22T21:37:40.067Z,34.05,73.2

2026-08-22T21:37:45.068Z,34.06,73.27

2026-08-22T21:37:50.068Z,34.04,73.24

2026-08-22T21:37:55.067Z,34.05,73.24

2026-08-22T21:38:00.074Z,34.04,73.19

2026-08-22T21:38:05.088Z,34.04,73.26

2026-08-22T21:38:10.075Z,34.05,73.23

2026-08-22T21:38:15.074Z,34.06,73.17

2026-08-22T21:38:20.075Z,34.04,73.12

2026-08-22T21:38:25.078Z,34.07,73.09

2026-08-22T21:38:30.091Z,34.06,73.09

2026-08-22T21:38:35.099Z,34.06,73.14

2026-08-22T21:38:40.089Z,34.04,73.11

2026-08-22T21:38:45.089Z,34.05,73.1

2026-08-22T21:38:50.090Z,34.07,73.1

2026-08-22T21:38:55.090Z,34.05,73.13

2026-08-22T21:39:00.095Z,34.07,73.14

2026-08-22T21:39:05.107Z,34.04,73.18

2026-08-22T21:39:10.093Z,34.05,73.18

2026-08-22T21:39:15.093Z,34.06,73.14

2026-08-22T21:39:20.094Z,34.05,73.1

2026-08-22T21:39:25.095Z,34.04,73.1

2026-08-22T21:39:30.095Z,34.05,73.15

2026-08-22T21:39:35.106Z,34.05,73.19

2026-08-22T21:39:40.094Z,34.02,73.15

2026-08-22T21:39:45.095Z,34.03,73.19

2026-08-22T21:39:50.094Z,34.03,73.19

2026-08-22T21:39:55.098Z,34.01,73.13

2026-08-22T21:40:00.095Z,34.02,73.17

2026-08-22T21:40:05.109Z,34.02,73.2

2026-08-22T21:40:10.096Z,34.02,73.15

2026-08-22T21:40:15.097Z,34.04,73.12

2026-08-22T21:40:20.097Z,34,73.1

2026-08-22T21:40:25.103Z,34.01,73.13

2026-08-22T21:40:30.112Z,34,73.09

2026-08-22T21:40:35.124Z,33.99,73.07

2026-08-22T21:40:40.108Z,33.99,73.16

2026-08-22T21:40:45.108Z,34.01,73.1

2026-08-22T21:40:50.109Z,34,73.14

2026-08-22T21:40:55.122Z,33.98,73.15

2026-08-22T21:41:00.111Z,33.98,73.14

2026-08-22T21:41:05.110Z,34,73.13

2026-08-22T21:41:10.111Z,33.97,73.16

2026-08-22T21:41:15.113Z,33.99,73.15

2026-08-22T21:41:20.112Z,33.98,73.22

2026-08-22T21:41:25.129Z,33.98,73.29

2026-08-22T21:41:30.113Z,33.97,73.27

2026-08-22T21:41:35.113Z,33.98,73.28

2026-08-22T21:41:40.112Z,33.97,73.25

2026-08-22T21:41:45.115Z,33.96,73.3

2026-08-22T21:41:50.118Z,33.96,73.24

2026-08-22T21:41:55.131Z,33.98,73.25

2026-08-22T21:42:00.116Z,33.96,73.28

2026-08-22T21:42:05.116Z,33.97,73.27

2026-08-22T21:42:10.117Z,33.98,73.31

2026-08-22T21:42:15.116Z,33.96,73.28

2026-08-22T21:42:20.127Z,33.98,73.35

2026-08-22T21:42:25.138Z,33.97,73.37

2026-08-22T21:42:30.127Z,33.96,73.3

2026-08-22T21:42:35.125Z,33.98,73.32

2026-08-22T21:42:40.126Z,33.97,73.39

2026-08-22T21:42:45.126Z,33.96,73.3

2026-08-22T21:42:50.142Z,33.97,73.37

2026-08-22T21:42:55.153Z,33.97,73.4

2026-08-22T21:43:00.140Z,33.96,73.32

2026-08-22T21:43:05.140Z,33.98,73.34

2026-08-22T21:43:10.141Z,33.98,73.32

2026-08-22T21:43:15.139Z,33.97,73.29

2026-08-22T21:43:20.153Z,33.97,73.33

2026-08-22T21:43:25.165Z,33.98,73.34

2026-08-22T21:43:30.152Z,33.96,73.26

2026-08-22T21:43:35.152Z,33.97,73.26

2026-08-22T21:43:40.152Z,33.96,73.26

2026-08-22T21:43:45.156Z,33.98,73.24

2026-08-22T21:43:50.155Z,33.98,73.26

2026-08-22T21:43:55.165Z,33.96,73.3

2026-08-22T21:44:00.157Z,33.98,73.24

2026-08-22T21:44:05.157Z,33.95,73.26

2026-08-22T21:44:10.155Z,33.97,73.29

2026-08-22T21:44:15.155Z,33.97,73.3

2026-08-22T21:44:20.166Z,33.97,73.31

2026-08-22T21:44:25.184Z,33.96,73.32

2026-08-22T21:44:30.163Z,33.95,73.33

2026-08-22T21:44:35.166Z,33.93,73.38

2026-08-22T21:44:40.165Z,33.95,73.37

2026-08-22T21:44:45.169Z,33.95,73.37

2026-08-22T21:44:50.180Z,33.96,73.38

2026-08-22T21:44:55.189Z,33.94,73.38

2026-08-22T21:45:00.178Z,33.97,73.39

2026-08-22T21:45:05.179Z,33.96,73.41

2026-08-22T21:45:10.179Z,33.98,73.4

2026-08-22T21:45:15.181Z,33.97,73.36

2026-08-22T21:45:20.180Z,33.96,73.4

2026-08-22T21:45:25.191Z,33.97,73.41

2026-08-22T21:45:30.179Z,33.96,73.38

2026-08-22T21:45:35.180Z,33.97,73.33

2026-08-22T21:45:40.178Z,33.98,73.37

2026-08-22T21:45:45.183Z,33.96,73.39

2026-08-22T21:45:50.195Z,33.97,73.35

2026-08-22T21:45:55.202Z,33.95,73.38

2026-08-22T21:46:00.190Z,33.97,73.33

2026-08-22T21:46:05.192Z,33.96,73.38

2026-08-22T21:46:10.191Z,33.97,73.32

2026-08-22T21:46:15.191Z,33.96,73.37

2026-08-22T21:46:20.192Z,33.97,73.38

2026-08-22T21:46:25.205Z,33.98,73.36

2026-08-22T21:46:30.192Z,33.99,73.38

2026-08-22T21:46:35.192Z,33.98,73.36

2026-08-22T21:46:40.192Z,33.97,73.37

2026-08-22T21:46:45.194Z,33.96,73.37

2026-08-22T21:46:50.196Z,33.95,73.39

2026-08-22T21:46:55.206Z,33.98,73.48

2026-08-22T21:47:00.194Z,33.97,73.37

2026-08-22T21:47:05.194Z,33.97,73.35

2026-08-22T21:47:10.196Z,33.96,73.33

2026-08-22T21:47:15.206Z,33.96,73.37

2026-08-22T21:47:20.195Z,33.96,73.3

2026-08-22T21:47:25.194Z,33.94,73.32

2026-08-22T21:47:30.194Z,33.94,73.35

2026-08-22T21:47:35.196Z,33.94,73.32

2026-08-22T21:47:40.194Z,33.95,73.37

2026-08-22T21:47:45.209Z,33.92,73.38

2026-08-22T21:47:50.194Z,33.92,73.36

2026-08-22T21:47:55.199Z,33.92,73.42

2026-08-22T21:48:00.197Z,33.9,73.41

2026-08-22T21:48:05.198Z,33.92,73.43

2026-08-22T21:48:10.216Z,33.89,73.55

2026-08-22T21:48:15.210Z,33.89,73.48

2026-08-22T21:48:20.209Z,33.9,73.51

2026-08-22T21:48:25.210Z,33.89,73.56

2026-08-22T21:48:30.211Z,33.89,73.54

2026-08-22T21:48:35.223Z,33.87,73.62

2026-08-22T21:48:40.212Z,33.86,73.65

2026-08-22T21:48:45.212Z,33.86,73.61

2026-08-22T21:48:50.210Z,33.85,73.66

2026-08-22T21:48:55.212Z,33.83,73.68

2026-08-22T21:49:00.214Z,33.83,73.71

2026-08-22T21:49:05.227Z,33.84,73.8

2026-08-22T21:49:10.213Z,33.84,73.86

2026-08-22T21:49:15.212Z,33.84,73.8

2026-08-22T21:49:20.214Z,33.86,73.79

2026-08-22T21:49:25.215Z,33.83,73.86

2026-08-22T21:49:30.214Z,33.85,73.83

2026-08-22T21:49:35.230Z,33.83,73.9

2026-08-22T21:49:40.213Z,33.84,73.86

2026-08-22T21:49:45.215Z,33.82,73.89

2026-08-22T21:49:50.215Z,33.85,73.88

2026-08-22T21:49:55.215Z,33.83,73.9

2026-08-22T21:50:00.224Z,33.83,73.88

2026-08-22T21:50:05.234Z,33.83,73.89

2026-08-22T21:50:10.222Z,33.82,73.93

2026-08-22T21:50:15.224Z,33.82,73.79

2026-08-22T21:50:20.222Z,33.83,73.87

2026-08-22T21:50:25.222Z,33.82,73.92

2026-08-22T21:50:30.223Z,33.81,73.82

2026-08-22T21:50:35.236Z,33.83,73.86

2026-08-22T21:50:40.224Z,33.81,73.86

2026-08-22T21:50:45.222Z,33.81,73.77

2026-08-22T21:50:50.224Z,33.81,73.8

2026-08-22T21:50:55.224Z,33.82,73.82

2026-08-22T21:51:00.234Z,33.81,73.85

2026-08-22T21:51:05.244Z,33.8,73.85

2026-08-22T21:51:10.232Z,33.81,73.84

2026-08-22T21:51:15.234Z,33.81,73.89

2026-08-22T21:51:20.234Z,33.79,73.93

2026-08-22T21:51:25.238Z,33.78,73.89

2026-08-22T21:51:30.246Z,33.78,73.91

2026-08-22T21:51:35.260Z,33.77,73.92

2026-08-22T21:51:40.242Z,33.77,73.88

2026-08-22T21:51:45.242Z,33.77,73.95

2026-08-22T21:51:50.243Z,33.76,73.98

2026-08-22T21:51:55.244Z,33.77,74

2026-08-22T21:52:00.254Z,33.76,74.01

2026-08-22T21:52:05.267Z,33.74,74.08

2026-08-22T21:52:10.253Z,33.74,74.01

2026-08-22T21:52:15.255Z,33.74,74.12

2026-08-22T21:52:20.256Z,33.74,74.11

2026-08-22T21:52:25.255Z,33.74,74.06

2026-08-22T21:52:30.274Z,33.74,74.13

2026-08-22T21:52:35.276Z,33.72,74.2

2026-08-22T21:52:40.261Z,33.74,74.11

2026-08-22T21:52:45.260Z,33.72,74.16

2026-08-22T21:52:50.261Z,33.74,74.2

2026-08-22T21:52:55.261Z,33.73,74.21

2026-08-22T21:53:00.263Z,33.74,74.13

2026-08-22T21:53:05.275Z,33.73,74.1

2026-08-22T21:53:10.264Z,33.71,74.12

2026-08-22T21:53:15.263Z,33.71,74.04

2026-08-22T21:53:20.264Z,33.71,74.06

2026-08-22T21:53:25.264Z,33.72,74.04

2026-08-22T21:53:30.270Z,33.71,74.1

2026-08-22T21:53:35.282Z,33.7,74.13

2026-08-22T21:53:40.270Z,33.71,74.11

2026-08-22T21:53:45.271Z,33.71,74.14

2026-08-22T21:53:50.271Z,33.7,74.18

2026-08-22T21:53:55.270Z,33.7,74.16

2026-08-22T21:54:00.279Z,33.71,74.23

2026-08-22T21:54:05.286Z,33.69,74.21

2026-08-22T21:54:10.273Z,33.71,74.24

2026-08-22T21:54:15.275Z,33.7,74.21

2026-08-22T21:54:20.274Z,33.7,74.18

2026-08-22T21:54:25.274Z,33.68,74.18

2026-08-22T21:54:30.280Z,33.7,74.21

2026-08-22T21:54:35.287Z,33.69,74.24

2026-08-22T21:54:40.279Z,33.71,74.25

2026-08-22T21:54:45.279Z,33.7,74.26

2026-08-22T21:54:50.279Z,33.68,74.2

2026-08-22T21:54:55.281Z,33.69,74.13

2026-08-22T21:55:00.302Z,33.67,74.11

2026-08-22T21:55:05.316Z,33.67,74.16

2026-08-22T21:55:10.304Z,33.68,74.12

2026-08-22T21:55:15.301Z,33.69,74.14

2026-08-22T21:55:20.302Z,33.69,74.14

2026-08-22T21:55:25.303Z,33.67,74.14

2026-08-22T21:55:30.311Z,33.67,74.19

2026-08-22T21:55:35.321Z,33.67,74.26

2026-08-22T21:55:40.311Z,33.66,74.24

2026-08-22T21:55:45.310Z,33.65,74.21

2026-08-22T21:55:50.311Z,33.67,74.27

2026-08-22T21:55:55.311Z,33.66,74.21

2026-08-22T21:56:00.320Z,33.64,74.24

2026-08-22T21:56:05.332Z,33.65,74.23

2026-08-22T21:56:10.321Z,33.66,74.23

2026-08-22T21:56:15.321Z,33.66,74.22

2026-08-22T21:56:20.321Z,33.66,74.18

2026-08-22T21:56:25.323Z,33.66,74.19

2026-08-22T21:56:30.322Z,33.67,74.17

2026-08-22T21:56:35.336Z,33.65,74.21

2026-08-22T21:56:40.320Z,33.65,74.22

2026-08-22T21:56:45.323Z,33.66,74.29

2026-08-22T21:56:50.325Z,33.68,74.29

2026-08-22T21:56:55.323Z,33.64,74.23

2026-08-22T21:57:00.323Z,33.64,74.19

2026-08-22T21:57:05.339Z,33.65,74.26

2026-08-22T21:57:10.324Z,33.65,74.18

2026-08-22T21:57:15.324Z,33.64,74.18

2026-08-22T21:57:20.327Z,33.64,74.22

2026-08-22T21:57:25.326Z,33.64,74.27

2026-08-22T21:57:30.328Z,33.62,74.3

2026-08-22T21:57:35.341Z,33.64,74.26

2026-08-22T21:57:40.325Z,33.65,74.24

2026-08-22T21:57:45.327Z,33.63,74.26

2026-08-22T21:57:50.327Z,33.63,74.25

2026-08-22T21:57:55.330Z,33.63,74.27

2026-08-22T21:58:00.335Z,33.64,74.23

2026-08-22T21:58:05.347Z,33.63,74.24

2026-08-22T21:58:10.333Z,33.62,74.24

2026-08-22T21:58:15.334Z,33.64,74.31

2026-08-22T21:58:20.335Z,33.62,74.25

2026-08-22T21:58:25.334Z,33.61,74.25

2026-08-22T21:58:30.356Z,33.61,74.21

2026-08-22T21:58:35.368Z,33.59,74.25

2026-08-22T21:58:40.356Z,33.6,74.34

2026-08-22T21:58:45.356Z,33.61,74.36

2026-08-22T21:58:50.355Z,33.6,74.32

2026-08-22T21:58:55.356Z,33.59,74.31

2026-08-22T21:59:00.363Z,33.58,74.39

2026-08-22T21:59:05.375Z,33.59,74.46

2026-08-22T21:59:10.360Z,33.6,74.45

2026-08-22T21:59:15.361Z,33.58,74.38

2026-08-22T21:59:20.363Z,33.59,74.35

2026-08-22T21:59:25.363Z,33.6,74.35

2026-08-22T21:59:30.376Z,33.61,74.32

2026-08-22T21:59:35.387Z,33.58,74.38

2026-08-22T21:59:40.371Z,33.6,74.28

2026-08-22T21:59:45.374Z,33.61,74.3

2026-08-22T21:59:50.374Z,33.62,74.2

2026-08-22T21:59:55.383Z,33.6,74.22

2026-08-22T22:00:00.374Z,33.62,74.18

2026-08-22T22:00:05.373Z,33.61,74.16

2026-08-22T22:00:10.374Z,33.61,74.19

2026-08-22T22:00:15.386Z,33.6,74.19

2026-08-22T22:00:20.375Z,33.61,74.17

2026-08-22T22:00:25.375Z,33.6,74.08

2026-08-22T22:00:30.374Z,33.6,74.08

2026-08-22T22:00:35.377Z,33.6,74.08

2026-08-22T22:00:40.376Z,33.62,74.11

2026-08-22T22:00:45.388Z,33.59,74.11

2026-08-22T22:00:50.376Z,33.62,74.17

2026-08-22T22:00:55.378Z,33.61,74.13

2026-08-22T22:01:00.378Z,33.62,74.18

2026-08-22T22:01:05.377Z,33.62,74.11

2026-08-22T22:01:10.383Z,33.59,74.15

2026-08-22T22:01:15.397Z,33.6,74.16

2026-08-22T22:01:20.381Z,33.61,74.13

2026-08-22T22:01:25.380Z,33.61,74.13

2026-08-22T22:01:30.382Z,33.62,74.21

2026-08-22T22:01:35.383Z,33.61,74.23

2026-08-22T22:01:40.395Z,33.6,74.19

2026-08-22T22:01:45.407Z,33.59,74.21

2026-08-22T22:01:50.397Z,33.6,74.16

2026-08-22T22:01:55.394Z,33.63,74.2

2026-08-22T22:02:00.396Z,33.62,74.13

2026-08-22T22:02:05.400Z,33.62,74.07

2026-08-22T22:02:10.406Z,33.61,74.06

2026-08-22T22:02:15.418Z,33.64,74.1

2026-08-22T22:02:20.404Z,33.63,74.05

2026-08-22T22:02:25.407Z,33.63,74.09

2026-08-22T22:02:30.412Z,33.63,74.1

2026-08-22T22:02:35.409Z,33.63,74.14

2026-08-22T22:02:40.411Z,33.64,74.13

2026-08-22T22:02:45.428Z,33.62,74.14

2026-08-22T22:02:50.411Z,33.64,74.15

2026-08-22T22:02:55.413Z,33.64,74.1

2026-08-22T22:03:00.412Z,33.65,74.13

2026-08-22T22:03:05.414Z,33.66,74.08

2026-08-22T22:03:10.424Z,33.65,74.08

2026-08-22T22:03:15.436Z,33.66,74.14

2026-08-22T22:03:20.423Z,33.66,74.13

2026-08-22T22:03:25.424Z,33.65,74.09

2026-08-22T22:03:30.424Z,33.68,74.02

2026-08-22T22:03:35.423Z,33.69,74.02

2026-08-22T22:03:40.428Z,33.68,74.05

2026-08-22T22:03:45.441Z,33.67,74.03

2026-08-22T22:03:50.427Z,33.69,73.93

2026-08-22T22:03:55.426Z,33.71,73.86

2026-08-22T22:04:00.426Z,33.7,73.9

2026-08-22T22:04:05.428Z,33.72,73.82

2026-08-22T22:04:10.436Z,33.7,73.79

2026-08-22T22:04:15.445Z,33.7,73.73

2026-08-22T22:04:20.432Z,33.71,73.73

2026-08-22T22:04:25.435Z,33.71,73.73

2026-08-22T22:04:30.435Z,33.72,73.68

2026-08-22T22:04:35.438Z,33.72,73.7

2026-08-22T22:04:40.444Z,33.72,73.74

2026-08-22T22:04:45.458Z,33.72,73.73

2026-08-22T22:04:50.442Z,33.73,73.67

2026-08-22T22:04:55.444Z,33.72,73.67

2026-08-22T22:05:00.445Z,33.72,73.63

2026-08-22T22:05:05.443Z,33.71,73.71

2026-08-22T22:05:10.450Z,33.73,73.66

2026-08-22T22:05:15.460Z,33.73,73.77

2026-08-22T22:05:20.448Z,33.73,73.64

2026-08-22T22:05:25.449Z,33.74,73.65

2026-08-22T22:05:30.449Z,33.74,73.63

2026-08-22T22:05:35.449Z,33.75,73.62

2026-08-22T22:05:40.455Z,33.75,73.67

2026-08-22T22:05:45.458Z,33.73,73.65

2026-08-22T22:05:50.454Z,33.75,73.61

2026-08-22T22:05:55.456Z,33.72,73.63

2026-08-22T22:06:00.453Z,33.75,73.66

2026-08-22T22:06:05.455Z,33.76,73.6

2026-08-22T22:06:10.474Z,33.74,73.66

2026-08-22T22:06:15.484Z,33.75,73.58

2026-08-22T22:06:20.468Z,33.77,73.49

2026-08-22T22:06:25.470Z,33.77,73.59

2026-08-22T22:06:30.470Z,33.78,73.54

2026-08-22T22:06:35.470Z,33.77,73.53

2026-08-22T22:06:40.475Z,33.74,73.6

2026-08-22T22:06:45.485Z,33.76,73.53

2026-08-22T22:06:50.472Z,33.76,73.48

2026-08-22T22:06:55.473Z,33.76,73.47

2026-08-22T22:07:00.473Z,33.76,73.43

2026-08-22T22:07:05.473Z,33.75,73.51

2026-08-22T22:07:10.484Z,33.76,73.44

2026-08-22T22:07:15.494Z,33.78,73.42

2026-08-22T22:07:20.483Z,33.77,73.4

2026-08-22T22:07:25.484Z,33.77,73.36

2026-08-22T22:07:30.484Z,33.75,73.32

2026-08-22T22:07:35.484Z,33.77,73.35

2026-08-22T22:07:40.493Z,33.75,73.4

2026-08-22T22:07:45.502Z,33.74,73.48

2026-08-22T22:07:50.491Z,33.76,73.45

2026-08-22T22:07:55.492Z,33.75,73.49

2026-08-22T22:08:00.493Z,33.75,73.51

2026-08-22T22:08:05.492Z,33.76,73.51

2026-08-22T22:08:10.497Z,33.77,73.55

2026-08-22T22:08:15.507Z,33.76,73.47

2026-08-22T22:08:20.494Z,33.77,73.41

2026-08-22T22:08:25.495Z,33.8,73.44

2026-08-22T22:08:30.495Z,33.77,73.43

2026-08-22T22:08:35.496Z,33.78,73.46

2026-08-22T22:08:40.498Z,33.78,73.43

2026-08-22T22:08:45.509Z,33.77,73.5

2026-08-22T22:08:50.497Z,33.8,73.46

2026-08-22T22:08:55.497Z,33.79,73.46

2026-08-22T22:09:00.496Z,33.78,73.35

2026-08-22T22:09:05.511Z,33.79,73.33

2026-08-22T22:09:10.496Z,33.81,73.32

2026-08-22T22:09:15.496Z,33.83,73.28

2026-08-22T22:09:20.496Z,33.81,73.24

2026-08-22T22:09:25.496Z,33.8,73.21

2026-08-22T22:09:30.496Z,33.83,73.25

2026-08-22T22:09:35.513Z,33.81,73.28

2026-08-22T22:09:40.498Z,33.82,73.24

2026-08-22T22:09:45.501Z,33.84,73.29

2026-08-22T22:09:50.501Z,33.84,73.25

2026-08-22T22:09:55.501Z,33.83,73.16

2026-08-22T22:10:00.508Z,33.83,73.11

2026-08-22T22:10:05.519Z,33.84,73.16

2026-08-22T22:10:10.506Z,33.85,73.14

2026-08-22T22:10:15.505Z,33.85,73.09

2026-08-22T22:10:20.506Z,33.86,73.09

2026-08-22T22:10:25.507Z,33.86,73.06

2026-08-22T22:10:30.516Z,33.87,73.01

2026-08-22T22:10:35.529Z,33.87,72.99

2026-08-22T22:10:40.513Z,33.87,72.94

2026-08-22T22:10:45.516Z,33.87,72.85

2026-08-22T22:10:50.516Z,33.89,72.89

2026-08-22T22:10:55.517Z,33.88,72.83

2026-08-22T22:11:00.522Z,33.86,72.89

2026-08-22T22:11:05.531Z,33.86,72.89

2026-08-22T22:11:10.520Z,33.89,72.89

2026-08-22T22:11:15.521Z,33.89,72.9

2026-08-22T22:11:20.520Z,33.89,72.91

2026-08-22T22:11:25.520Z,33.89,72.88

2026-08-22T22:11:30.532Z,33.88,72.82

2026-08-22T22:11:35.543Z,33.89,72.83

2026-08-22T22:11:40.534Z,33.9,72.77

2026-08-22T22:11:45.532Z,33.89,72.79

2026-08-22T22:11:50.532Z,33.9,72.84

2026-08-22T22:11:55.532Z,33.89,72.84

2026-08-22T22:12:00.536Z,33.88,72.81

2026-08-22T22:12:05.549Z,33.89,72.84

2026-08-22T22:12:10.534Z,33.88,72.8

2026-08-22T22:12:15.534Z,33.9,72.81

2026-08-22T22:12:20.537Z,33.88,72.86

2026-08-22T22:12:25.539Z,33.88,72.81

2026-08-22T22:12:30.550Z,33.88,72.78

2026-08-22T22:12:35.560Z,33.89,72.83

2026-08-22T22:12:40.548Z,33.88,72.82

2026-08-22T22:12:45.547Z,33.86,72.86

2026-08-22T22:12:50.547Z,33.86,72.8

2026-08-22T22:12:55.546Z,33.88,72.85

2026-08-22T22:13:00.546Z,33.86,72.84

2026-08-22T22:13:05.560Z,33.85,72.86

2026-08-22T22:13:10.550Z,33.87,72.81

2026-08-22T22:13:15.548Z,33.84,72.85

2026-08-22T22:13:20.550Z,33.87,72.9

2026-08-22T22:13:25.554Z,33.84,72.9

2026-08-22T22:13:30.566Z,33.83,72.86

2026-08-22T22:13:35.578Z,33.83,72.86

2026-08-22T22:13:40.566Z,33.84,72.84

2026-08-22T22:13:45.565Z,33.83,72.82

2026-08-22T22:13:50.566Z,33.82,72.88

2026-08-22T22:13:55.569Z,33.82,72.94

2026-08-22T22:14:00.573Z,33.82,72.93

2026-08-22T22:14:05.588Z,33.8,73.02

2026-08-22T22:14:10.574Z,33.81,72.94

2026-08-22T22:14:15.570Z,33.81,72.95

2026-08-22T22:14:20.572Z,33.81,72.98

2026-08-22T22:14:25.572Z,33.79,73.04

2026-08-22T22:14:30.578Z,33.81,72.99

2026-08-22T22:14:35.589Z,33.8,73.08

2026-08-22T22:14:40.577Z,33.8,73

2026-08-22T22:14:45.578Z,33.83,73.02

2026-08-22T22:14:50.578Z,33.81,73.08

2026-08-22T22:14:55.577Z,33.8,73.09

2026-08-22T22:15:00.592Z,33.81,73.04

2026-08-22T22:15:05.607Z,33.78,73.04

2026-08-22T22:15:10.594Z,33.8,73.01

2026-08-22T22:15:15.593Z,33.78,73

2026-08-22T22:15:20.593Z,33.78,73.01

2026-08-22T22:15:25.594Z,33.77,73.04

2026-08-22T22:15:30.599Z,33.78,73.08

2026-08-22T22:15:35.611Z,33.76,73.1

2026-08-22T22:15:40.597Z,33.76,73.09

2026-08-22T22:15:45.599Z,33.77,73.08

2026-08-22T22:15:50.599Z,33.75,73.11

2026-08-22T22:15:55.600Z,33.77,73.14

2026-08-22T22:16:00.601Z,33.76,73.23

2026-08-22T22:16:05.611Z,33.76,73.27

2026-08-22T22:16:10.599Z,33.78,73.19

2026-08-22T22:16:15.601Z,33.77,73.25

2026-08-22T22:16:20.601Z,33.78,73.2

2026-08-22T22:16:25.602Z,33.78,73.23

2026-08-22T22:16:30.607Z,33.77,73.23

2026-08-22T22:16:35.618Z,33.78,73.3

2026-08-22T22:16:40.607Z,33.77,73.16

2026-08-22T22:16:45.606Z,33.79,73.22

2026-08-22T22:16:50.608Z,33.79,73.15

2026-08-22T22:16:55.608Z,33.79,73.08

2026-08-22T22:17:00.611Z,33.79,72.93

2026-08-22T22:17:05.622Z,33.79,73.02

2026-08-22T22:17:10.610Z,33.78,72.98

2026-08-22T22:17:15.612Z,33.79,72.96

2026-08-22T22:17:20.611Z,33.77,72.96

2026-08-22T22:17:25.611Z,33.77,72.98

2026-08-22T22:17:30.620Z,33.76,73.01

2026-08-22T22:17:35.640Z,33.76,72.96

2026-08-22T22:17:40.620Z,33.77,73.04

2026-08-22T22:17:45.621Z,33.76,73.04

2026-08-22T22:17:50.619Z,33.77,73.1

2026-08-22T22:17:55.621Z,33.75,73.11

2026-08-22T22:18:00.628Z,33.75,73.08

2026-08-22T22:18:05.638Z,33.74,73.13

2026-08-22T22:18:10.628Z,33.75,73.22

2026-08-22T22:18:15.629Z,33.76,73.24

2026-08-22T22:18:20.630Z,33.75,73.23

2026-08-22T22:18:25.630Z,33.73,73.25

2026-08-22T22:18:30.643Z,33.75,73.24

2026-08-22T22:18:35.651Z,33.77,73.31

2026-08-22T22:18:40.637Z,33.76,73.23

2026-08-22T22:18:45.641Z,33.76,73.27

2026-08-22T22:18:50.639Z,33.75,73.25

2026-08-22T22:18:55.640Z,33.74,73.23

2026-08-22T22:19:00.652Z,33.77,73.32

2026-08-22T22:19:05.665Z,33.75,73.28

2026-08-22T22:19:10.650Z,33.78,73.2

2026-08-22T22:19:15.651Z,33.78,73.25

2026-08-22T22:19:20.651Z,33.77,73.16

2026-08-22T22:19:25.651Z,33.8,73.12

2026-08-22T22:19:30.656Z,33.77,73.07

2026-08-22T22:19:35.669Z,33.78,73.15

2026-08-22T22:19:40.655Z,33.79,73.1

2026-08-22T22:19:45.655Z,33.79,73.07

2026-08-22T22:19:50.656Z,33.8,72.98

2026-08-22T22:19:55.656Z,33.8,72.98

2026-08-22T22:20:00.659Z,33.77,72.96

2026-08-22T22:20:05.669Z,33.79,73

2026-08-22T22:20:10.657Z,33.79,72.96

2026-08-22T22:20:15.659Z,33.77,72.99

2026-08-22T22:20:20.659Z,33.78,72.94

2026-08-22T22:20:25.658Z,33.8,72.95

2026-08-22T22:20:30.659Z,33.79,72.88

2026-08-22T22:20:35.675Z,33.79,72.95

2026-08-22T22:20:40.664Z,33.78,72.9

2026-08-22T22:20:45.662Z,33.79,72.96

2026-08-22T22:20:50.662Z,33.79,72.92

2026-08-22T22:20:55.663Z,33.78,72.96

2026-08-22T22:21:00.681Z,33.78,73.02

2026-08-22T22:21:05.692Z,33.77,73.01

2026-08-22T22:21:10.682Z,33.76,72.97

2026-08-22T22:21:15.681Z,33.76,72.97

2026-08-22T22:21:20.681Z,33.77,72.97

2026-08-22T22:21:25.682Z,33.78,73.04

2026-08-22T22:21:30.692Z,33.77,73.03

2026-08-22T22:21:35.704Z,33.76,73.01

2026-08-22T22:21:40.693Z,33.75,73.02

2026-08-22T22:21:45.692Z,33.74,72.98

2026-08-22T22:21:50.692Z,33.75,72.99

2026-08-22T22:21:55.693Z,33.75,73.03

2026-08-22T22:22:00.697Z,33.75,72.93

2026-08-22T22:22:05.709Z,33.74,73.06

2026-08-22T22:22:10.699Z,33.74,73.05

2026-08-22T22:22:15.697Z,33.73,73.04

2026-08-22T22:22:20.697Z,33.74,73.03

2026-08-22T22:22:25.698Z,33.72,73.17

2026-08-22T22:22:30.708Z,33.71,73.02

2026-08-22T22:22:35.718Z,33.74,73.18

2026-08-22T22:22:40.706Z,33.73,73.17

2026-08-22T22:22:45.708Z,33.73,73.09

2026-08-22T22:22:50.707Z,33.72,73.19

2026-08-22T22:22:55.708Z,33.71,73.21

2026-08-22T22:23:00.718Z,33.73,73.17

2026-08-22T22:23:05.727Z,33.71,73.21

2026-08-22T22:23:10.715Z,33.73,73.22

2026-08-22T22:23:15.715Z,33.72,73.23

2026-08-22T22:23:20.714Z,33.72,73.21

2026-08-22T22:23:25.715Z,33.72,73.21

2026-08-22T22:23:30.744Z,33.72,73.23

2026-08-22T22:23:35.755Z,33.71,73.33

2026-08-22T22:23:40.740Z,33.69,73.2

2026-08-22T22:23:45.741Z,33.7,73.15

2026-08-22T22:23:50.742Z,33.71,73.16

2026-08-22T22:23:55.740Z,33.71,73.21

2026-08-22T22:24:00.741Z,33.7,73.28

2026-08-22T22:24:05.753Z,33.71,73.36

2026-08-22T22:24:10.741Z,33.71,73.32

2026-08-22T22:24:15.742Z,33.71,73.28

2026-08-22T22:24:20.742Z,33.71,73.32

2026-08-22T22:24:25.741Z,33.72,73.32

2026-08-22T22:24:30.744Z,33.72,73.27

2026-08-22T22:24:35.763Z,33.72,73.36

2026-08-22T22:24:40.743Z,33.7,73.28

2026-08-22T22:24:45.745Z,33.71,73.24

2026-08-22T22:24:50.745Z,33.72,73.3

2026-08-22T22:24:55.745Z,33.71,73.29

2026-08-22T22:25:00.744Z,33.72,73.24

2026-08-22T22:25:05.758Z,33.72,73.25

2026-08-22T22:25:10.745Z,33.72,73.16

2026-08-22T22:25:15.747Z,33.72,73.18

2026-08-22T22:25:20.745Z,33.73,73.14

2026-08-22T22:25:25.748Z,33.73,73.16

2026-08-22T22:25:30.746Z,33.75,73.11

2026-08-22T22:25:35.760Z,33.72,73.1

2026-08-22T22:25:40.748Z,33.73,73.02

2026-08-22T22:25:45.750Z,33.75,72.98

2026-08-22T22:25:50.749Z,33.73,73

2026-08-22T22:25:55.749Z,33.74,72.95

2026-08-22T22:26:00.752Z,33.73,72.88

2026-08-22T22:26:05.764Z,33.74,72.91

2026-08-22T22:26:10.752Z,33.75,72.93

2026-08-22T22:26:15.754Z,33.74,72.95

2026-08-22T22:26:20.754Z,33.72,72.97

2026-08-22T22:26:25.754Z,33.73,72.98

2026-08-22T22:26:30.756Z,33.72,72.89

2026-08-22T22:26:35.768Z,33.73,72.96

2026-08-22T22:26:40.756Z,33.74,72.93

2026-08-22T22:26:45.757Z,33.73,72.99

2026-08-22T22:26:50.757Z,33.71,72.96

2026-08-22T22:26:55.758Z,33.74,72.96

2026-08-22T22:27:00.776Z,33.72,72.9

2026-08-22T22:27:05.789Z,33.72,73.02

2026-08-22T22:27:10.776Z,33.71,73.03

2026-08-22T22:27:15.775Z,33.72,73.01

2026-08-22T22:27:20.776Z,33.72,73.04

2026-08-22T22:27:25.776Z,33.73,73.06

2026-08-22T22:27:30.786Z,33.73,73.1

2026-08-22T22:27:35.797Z,33.73,73.13

2026-08-22T22:27:40.783Z,33.74,73.09

2026-08-22T22:27:45.786Z,33.74,73.08

2026-08-22T22:27:50.784Z,33.73,73.05

2026-08-22T22:27:55.785Z,33.75,73

2026-08-22T22:28:00.793Z,33.72,73.09

2026-08-22T22:28:05.805Z,33.74,73.09

2026-08-22T22:28:10.793Z,33.76,73.05

2026-08-22T22:28:15.797Z,33.74,72.99

2026-08-22T22:28:20.794Z,33.76,73

2026-08-22T22:28:25.794Z,33.75,72.91

2026-08-22T22:28:30.794Z,33.76,72.89

2026-08-22T22:28:35.806Z,33.76,72.91

2026-08-22T22:28:40.794Z,33.75,72.83

2026-08-22T22:28:45.794Z,33.74,72.94

2026-08-22T22:28:50.796Z,33.76,72.88

2026-08-22T22:28:55.797Z,33.77,72.89

2026-08-22T22:29:00.801Z,33.78,72.87

2026-08-22T22:29:05.812Z,33.77,72.98

2026-08-22T22:29:10.799Z,33.76,72.9

2026-08-22T22:29:15.799Z,33.78,72.92

2026-08-22T22:29:20.797Z,33.78,72.89

2026-08-22T22:29:25.800Z,33.77,72.87

2026-08-22T22:29:30.804Z,33.79,72.85

2026-08-22T22:29:35.815Z,33.78,72.91

2026-08-22T22:29:40.806Z,33.77,72.87

2026-08-22T22:29:45.807Z,33.8,72.83

2026-08-22T22:29:50.805Z,33.81,72.81

2026-08-22T22:29:55.807Z,33.79,72.76

2026-08-22T22:30:00.805Z,33.8,72.81

2026-08-22T22:30:05.819Z,33.8,72.84

2026-08-22T22:30:10.807Z,33.79,72.78

2026-08-22T22:30:15.808Z,33.8,72.73

2026-08-22T22:30:20.810Z,33.8,72.81

2026-08-22T22:30:25.809Z,33.8,72.72

2026-08-22T22:30:30.810Z,33.8,72.74

2026-08-22T22:30:35.826Z,33.79,72.83

2026-08-22T22:30:40.809Z,33.79,72.77

2026-08-22T22:30:45.810Z,33.8,72.79

2026-08-22T22:30:50.808Z,33.83,72.71

2026-08-22T22:30:55.810Z,33.82,72.77

2026-08-22T22:31:00.812Z,33.82,72.75

2026-08-22T22:31:05.824Z,33.81,72.75

2026-08-22T22:31:10.812Z,33.81,72.79

2026-08-22T22:31:15.808Z,33.83,72.77

2026-08-22T22:31:20.812Z,33.82,72.71

2026-08-22T22:31:25.814Z,33.82,72.72

2026-08-22T22:31:30.825Z,33.85,72.7

2026-08-22T22:31:35.835Z,33.83,72.7

2026-08-22T22:31:40.823Z,33.84,72.7

2026-08-22T22:31:45.825Z,33.82,72.73

2026-08-22T22:31:50.831Z,33.84,72.59

2026-08-22T22:31:55.829Z,33.84,72.58

2026-08-22T22:32:00.841Z,33.86,72.59

2026-08-22T22:32:05.845Z,33.86,72.55

2026-08-22T22:32:10.837Z,33.87,72.49

2026-08-22T22:32:15.836Z,33.87,72.5

2026-08-22T22:32:20.836Z,33.86,72.44

2026-08-22T22:32:25.836Z,33.87,72.48

2026-08-22T22:32:30.853Z,33.86,72.46

2026-08-22T22:32:35.863Z,33.85,72.46

2026-08-22T22:32:40.852Z,33.87,72.51

2026-08-22T22:32:45.853Z,33.85,72.53

2026-08-22T22:32:50.852Z,33.88,72.48

2026-08-22T22:32:55.853Z,33.86,72.45

2026-08-22T22:33:00.864Z,33.86,72.47

2026-08-22T22:33:05.875Z,33.85,72.5

2026-08-22T22:33:10.863Z,33.84,72.47

2026-08-22T22:33:15.863Z,33.85,72.47

2026-08-22T22:33:20.863Z,33.84,72.45

2026-08-22T22:33:25.863Z,33.84,72.54

2026-08-22T22:33:30.873Z,33.81,72.52

2026-08-22T22:33:35.882Z,33.82,72.57

2026-08-22T22:33:40.869Z,33.82,72.53

2026-08-22T22:33:45.870Z,33.81,72.59

2026-08-22T22:33:50.870Z,33.8,72.57

2026-08-22T22:33:55.874Z,33.79,72.62

2026-08-22T22:34:00.873Z,33.78,72.65

2026-08-22T22:34:05.887Z,33.79,72.69

2026-08-22T22:34:10.873Z,33.8,72.73

2026-08-22T22:34:15.873Z,33.8,72.76

2026-08-22T22:34:20.873Z,33.78,72.72

2026-08-22T22:34:25.874Z,33.78,72.75

2026-08-22T22:34:30.875Z,33.8,72.73

2026-08-22T22:34:35.888Z,33.77,72.82

2026-08-22T22:34:40.876Z,33.78,72.79

2026-08-22T22:34:45.875Z,33.77,72.77

2026-08-22T22:34:50.876Z,33.77,72.8

2026-08-22T22:34:55.878Z,33.74,72.84

2026-08-22T22:35:00.879Z,33.75,72.87

2026-08-22T22:35:05.893Z,33.76,72.93

2026-08-22T22:35:10.878Z,33.75,72.9

2026-08-22T22:35:15.880Z,33.73,72.92

2026-08-22T22:35:20.879Z,33.73,72.94

2026-08-22T22:35:25.881Z,33.73,72.96

2026-08-22T22:35:30.887Z,33.74,73

2026-08-22T22:35:35.893Z,33.73,73.04

2026-08-22T22:35:40.882Z,33.75,73.04

2026-08-22T22:35:45.884Z,33.73,73.08

2026-08-22T22:35:50.888Z,33.73,73.01

2026-08-22T22:35:55.885Z,33.73,73.1

2026-08-22T22:36:00.895Z,33.74,72.98

2026-08-22T22:36:05.907Z,33.75,72.97

2026-08-22T22:36:10.894Z,33.73,72.93

2026-08-22T22:36:15.895Z,33.75,72.98

2026-08-22T22:36:20.895Z,33.74,72.94

2026-08-22T22:36:25.897Z,33.74,72.95

2026-08-22T22:36:30.895Z,33.76,72.99

2026-08-22T22:36:35.909Z,33.74,73.02

2026-08-22T22:36:40.896Z,33.74,73

2026-08-22T22:36:45.899Z,33.77,73.01

2026-08-22T22:36:50.897Z,33.74,72.98

2026-08-22T22:36:55.896Z,33.77,72.95

2026-08-22T22:37:00.897Z,33.76,72.96

2026-08-22T22:37:05.908Z,33.77,72.98

2026-08-22T22:37:10.895Z,33.76,72.91

2026-08-22T22:37:15.898Z,33.77,72.98

2026-08-22T22:37:20.897Z,33.78,72.88

2026-08-22T22:37:25.897Z,33.76,72.81

2026-08-22T22:37:30.906Z,33.79,72.84

2026-08-22T22:37:35.919Z,33.79,72.93

2026-08-22T22:37:40.906Z,33.8,72.83

2026-08-22T22:37:45.904Z,33.79,72.87

2026-08-22T22:37:50.904Z,33.8,72.89

2026-08-22T22:37:55.905Z,33.82,72.82

2026-08-22T22:38:00.908Z,33.8,72.83

2026-08-22T22:38:05.926Z,33.8,72.77

2026-08-22T22:38:10.909Z,33.82,72.68

2026-08-22T22:38:15.908Z,33.8,72.67

2026-08-22T22:38:20.908Z,33.79,72.69

2026-08-22T22:38:25.908Z,33.8,72.62

2026-08-22T22:38:30.920Z,33.79,72.63

2026-08-22T22:38:35.931Z,33.79,72.63

2026-08-22T22:38:40.918Z,33.8,72.57

2026-08-22T22:38:45.917Z,33.78,72.63

2026-08-22T22:38:50.919Z,33.77,72.64

2026-08-22T22:38:55.917Z,33.78,72.7

2026-08-22T22:39:00.936Z,33.79,72.75

2026-08-22T22:39:05.947Z,33.79,72.78

2026-08-22T22:39:10.935Z,33.78,72.73

2026-08-22T22:39:15.936Z,33.78,72.75

2026-08-22T22:39:20.935Z,33.77,72.75

2026-08-22T22:39:25.935Z,33.8,72.72

2026-08-22T22:39:30.943Z,33.79,72.71

2026-08-22T22:39:35.957Z,33.8,72.7

2026-08-22T22:39:40.940Z,33.79,72.68

2026-08-22T22:39:45.941Z,33.76,72.73

2026-08-22T22:39:50.939Z,33.79,72.8

2026-08-22T22:39:55.941Z,33.79,72.77

2026-08-22T22:40:00.952Z,33.78,72.83

2026-08-22T22:40:05.968Z,33.78,72.86

2026-08-22T22:40:10.953Z,33.79,72.85

2026-08-22T22:40:15.953Z,33.78,72.77

2026-08-22T22:40:20.952Z,33.8,72.77

2026-08-22T22:40:25.954Z,33.79,72.74

2026-08-22T22:40:30.968Z,33.78,72.76

2026-08-22T22:40:35.980Z,33.79,72.8

2026-08-22T22:40:40.968Z,33.8,72.78

2026-08-22T22:40:45.967Z,33.78,72.77

2026-08-22T22:40:50.968Z,33.78,72.76

2026-08-22T22:40:55.968Z,33.8,72.79

2026-08-22T22:41:00.975Z,33.78,72.79

2026-08-22T22:41:05.989Z,33.79,72.86

2026-08-22T22:41:10.972Z,33.78,72.83

2026-08-22T22:41:15.974Z,33.79,72.84

2026-08-22T22:41:20.975Z,33.8,72.82

2026-08-22T22:41:25.975Z,33.8,72.84

2026-08-22T22:41:30.979Z,33.81,72.84

2026-08-22T22:41:35.992Z,33.8,72.85

2026-08-22T22:41:40.981Z,33.8,72.84

2026-08-22T22:41:45.982Z,33.82,72.79

2026-08-22T22:41:50.983Z,33.8,72.8

2026-08-22T22:41:55.995Z,33.8,72.79

2026-08-22T22:42:00.981Z,33.82,72.76

2026-08-22T22:42:05.982Z,33.81,72.77

2026-08-22T22:42:10.984Z,33.8,72.7

2026-08-22T22:42:15.983Z,33.82,72.72

2026-08-22T22:42:20.985Z,33.82,72.71

2026-08-22T22:42:25.996Z,33.82,72.64

2026-08-22T22:42:30.985Z,33.83,72.66

2026-08-22T22:42:35.987Z,33.82,72.63

2026-08-22T22:42:40.989Z,33.81,72.6

2026-08-22T22:42:45.988Z,33.82,72.64

2026-08-22T22:42:50.989Z,33.83,72.53

2026-08-22T22:42:56.003Z,33.82,72.56

2026-08-22T22:43:00.989Z,33.83,72.56

2026-08-22T22:43:05.990Z,33.83,72.59

2026-08-22T22:43:10.989Z,33.82,72.57

2026-08-22T22:43:15.993Z,33.83,72.47

2026-08-22T22:43:21.014Z,33.82,72.54

2026-08-22T22:43:26.018Z,33.81,72.59

2026-08-22T22:43:31.010Z,33.82,72.59

2026-08-22T22:43:36.008Z,33.82,72.59

2026-08-22T22:43:41.010Z,33.81,72.54

2026-08-22T22:43:46.011Z,33.82,72.6

2026-08-22T22:43:51.011Z,33.81,72.56

2026-08-22T22:43:56.021Z,33.82,72.58

2026-08-22T22:44:01.013Z,33.82,72.62

2026-08-22T22:44:06.012Z,33.79,72.59

2026-08-22T22:44:11.014Z,33.82,72.59

2026-08-22T22:44:16.013Z,33.79,72.61

2026-08-22T22:44:21.021Z,33.81,72.62

2026-08-22T22:44:26.036Z,33.79,72.64

2026-08-22T22:44:31.020Z,33.79,72.62

2026-08-22T22:44:36.020Z,33.78,72.61

2026-08-22T22:44:41.019Z,33.78,72.64

2026-08-22T22:44:46.020Z,33.8,72.62

2026-08-22T22:44:51.026Z,33.78,72.65

2026-08-22T22:44:56.038Z,33.77,72.7

2026-08-22T22:45:01.023Z,33.78,72.71

2026-08-22T22:45:06.025Z,33.76,72.69

2026-08-22T22:45:11.028Z,33.76,72.73

2026-08-22T22:45:16.024Z,33.78,72.72

2026-08-22T22:45:21.024Z,33.77,72.78

2026-08-22T22:45:26.037Z,33.75,72.81

2026-08-22T22:45:31.025Z,33.77,72.87

2026-08-22T22:45:36.026Z,33.75,72.85

2026-08-22T22:45:41.022Z,33.75,72.85

2026-08-22T22:45:46.025Z,33.75,72.91

2026-08-22T22:45:51.033Z,33.75,72.93

2026-08-22T22:45:56.045Z,33.74,72.93

2026-08-22T22:46:01.031Z,33.75,72.89

2026-08-22T22:46:06.033Z,33.76,72.9

2026-08-22T22:46:11.032Z,33.76,72.92

2026-08-22T22:46:16.032Z,33.75,72.87

2026-08-22T22:46:21.040Z,33.76,72.87

2026-08-22T22:46:26.053Z,33.77,72.9

2026-08-22T22:46:31.041Z,33.77,72.9

2026-08-22T22:46:36.042Z,33.76,72.98

2026-08-22T22:46:41.041Z,33.77,72.93

2026-08-22T22:46:46.044Z,33.78,72.91

2026-08-22T22:46:51.058Z,33.77,72.91

2026-08-22T22:46:56.071Z,33.79,72.83

2026-08-22T22:47:01.053Z,33.77,72.8

2026-08-22T22:47:06.056Z,33.77,72.77

2026-08-22T22:47:11.054Z,33.77,72.73

2026-08-22T22:47:16.056Z,33.79,72.68

2026-08-22T22:47:21.066Z,33.79,72.69

2026-08-22T22:47:26.075Z,33.79,72.75

2026-08-22T22:47:31.066Z,33.79,72.69

2026-08-22T22:47:36.065Z,33.81,72.7

2026-08-22T22:47:41.064Z,33.79,72.72

2026-08-22T22:47:46.066Z,33.81,72.73

2026-08-22T22:47:51.076Z,33.78,72.69

2026-08-22T22:47:56.087Z,33.8,72.79

2026-08-22T22:48:01.075Z,33.8,72.66

2026-08-22T22:48:06.074Z,33.8,72.67

2026-08-22T22:48:11.073Z,33.81,72.69

2026-08-22T22:48:16.075Z,33.8,72.71

2026-08-22T22:48:21.082Z,33.82,72.69

2026-08-22T22:48:26.092Z,33.84,72.67

2026-08-22T22:48:31.081Z,33.83,72.65

2026-08-22T22:48:36.082Z,33.84,72.64

2026-08-22T22:48:41.084Z,33.83,72.64

2026-08-22T22:48:46.083Z,33.85,72.66

2026-08-22T22:48:51.091Z,33.84,72.63

2026-08-22T22:48:56.102Z,33.83,72.64

2026-08-22T22:49:01.089Z,33.85,72.5

2026-08-22T22:49:06.091Z,33.85,72.5

2026-08-22T22:49:11.092Z,33.84,72.45

2026-08-22T22:49:16.095Z,33.85,72.49

2026-08-22T22:49:21.091Z,33.85,72.4

2026-08-22T22:49:26.105Z,33.86,72.52

2026-08-22T22:49:31.092Z,33.84,72.52

2026-08-22T22:49:36.092Z,33.87,72.51

2026-08-22T22:49:41.091Z,33.87,72.44

2026-08-22T22:49:46.095Z,33.86,72.43

2026-08-22T22:49:51.094Z,33.87,72.45

2026-08-22T22:49:56.105Z,33.86,72.52

2026-08-22T22:50:01.094Z,33.87,72.4

2026-08-22T22:50:06.095Z,33.87,72.4

2026-08-22T22:50:11.094Z,33.86,72.46

2026-08-22T22:50:16.097Z,33.85,72.39

2026-08-22T22:50:21.097Z,33.86,72.38

2026-08-22T22:50:26.107Z,33.86,72.43

2026-08-22T22:50:31.097Z,33.85,72.36

2026-08-22T22:50:36.104Z,33.86,72.39

2026-08-22T22:50:41.098Z,33.85,72.36

2026-08-22T22:50:46.100Z,33.89,72.39

2026-08-22T22:50:51.105Z,33.85,72.35

2026-08-22T22:50:56.119Z,33.87,72.36

2026-08-22T22:51:01.103Z,33.88,72.36

2026-08-22T22:51:06.103Z,33.86,72.29

2026-08-22T22:51:11.104Z,33.88,72.28

2026-08-22T22:51:16.105Z,33.87,72.25

2026-08-22T22:51:21.114Z,33.88,72.29

2026-08-22T22:51:26.124Z,33.87,72.34

2026-08-22T22:51:31.113Z,33.87,72.3

2026-08-22T22:51:36.113Z,33.85,72.32

2026-08-22T22:51:41.114Z,33.87,72.29

2026-08-22T22:51:46.115Z,33.89,72.38

2026-08-22T22:51:51.115Z,33.88,72.31

2026-08-22T22:51:56.133Z,33.89,72.41

2026-08-22T22:52:01.114Z,33.88,72.34

2026-08-22T22:52:06.118Z,33.89,72.27

2026-08-22T22:52:11.116Z,33.9,72.24

2026-08-22T22:52:16.117Z,33.88,72.22

2026-08-22T22:52:21.117Z,33.87,72.18

2026-08-22T22:52:26.130Z,33.89,72.19

2026-08-22T22:52:31.117Z,33.87,72.14

2026-08-22T22:52:36.118Z,33.89,72.15

2026-08-22T22:52:41.120Z,33.88,72.22

2026-08-22T22:52:46.118Z,33.88,72.23

2026-08-22T22:52:51.118Z,33.87,72.27

2026-08-22T22:52:56.132Z,33.89,72.26

2026-08-22T22:53:01.119Z,33.86,72.25

2026-08-22T22:53:06.121Z,33.86,72.24

2026-08-22T22:53:11.122Z,33.85,72.24

2026-08-22T22:53:16.120Z,33.86,72.21

2026-08-22T22:53:21.120Z,33.86,72.13

2026-08-22T22:53:26.135Z,33.85,72.22

2026-08-22T22:53:31.122Z,33.85,72.24

2026-08-22T22:53:36.123Z,33.83,72.22

2026-08-22T22:53:41.125Z,33.83,72.25

2026-08-22T22:53:46.127Z,33.83,72.31

2026-08-22T22:53:51.125Z,33.83,72.28

2026-08-22T22:53:56.140Z,33.83,72.4

2026-08-22T22:54:01.125Z,33.82,72.35

2026-08-22T22:54:06.129Z,33.82,72.41

2026-08-22T22:54:11.129Z,33.83,72.4

2026-08-22T22:54:16.128Z,33.82,72.38

2026-08-22T22:54:21.137Z,33.83,72.39

2026-08-22T22:54:26.149Z,33.82,72.42

2026-08-22T22:54:31.137Z,33.8,72.43

2026-08-22T22:54:36.136Z,33.84,72.4

2026-08-22T22:54:41.136Z,33.83,72.42

2026-08-22T22:54:46.139Z,33.82,72.51

2026-08-22T22:54:51.156Z,33.83,72.42

2026-08-22T22:54:56.166Z,33.85,72.53

2026-08-22T22:55:01.153Z,33.84,72.45

2026-08-22T22:55:06.155Z,33.85,72.48

2026-08-22T22:55:11.156Z,33.84,72.41

2026-08-22T22:55:16.156Z,33.84,72.38

2026-08-22T22:55:21.161Z,33.83,72.33

2026-08-22T22:55:26.167Z,33.84,72.42

2026-08-22T22:55:31.158Z,33.85,72.38

2026-08-22T22:55:36.158Z,33.87,72.38

2026-08-22T22:55:41.159Z,33.87,72.33

2026-08-22T22:55:46.160Z,33.85,72.3

2026-08-22T22:55:51.163Z,33.84,72.3

2026-08-22T22:55:56.178Z,33.86,72.29

2026-08-22T22:56:01.161Z,33.84,72.26

2026-08-22T22:56:06.162Z,33.86,72.24

2026-08-22T22:56:11.163Z,33.87,72.28

2026-08-22T22:56:16.164Z,33.86,72.27

2026-08-22T22:56:21.165Z,33.86,72.22

2026-08-22T22:56:26.175Z,33.87,72.29

2026-08-22T22:56:31.163Z,33.87,72.23

2026-08-22T22:56:36.164Z,33.86,72.27

2026-08-22T22:56:41.165Z,33.87,72.28

2026-08-22T22:56:46.165Z,33.85,72.21

2026-08-22T22:56:51.166Z,33.85,72.21

2026-08-22T22:56:56.180Z,33.85,72.28

2026-08-22T22:57:01.164Z,33.86,72.3

2026-08-22T22:57:06.166Z,33.87,72.32

2026-08-22T22:57:11.165Z,33.85,72.33

2026-08-22T22:57:16.166Z,33.86,72.3

2026-08-22T22:57:21.177Z,33.85,72.34

2026-08-22T22:57:26.187Z,33.87,72.33

2026-08-22T22:57:31.176Z,33.87,72.28

2026-08-22T22:57:36.178Z,33.87,72.31

2026-08-22T22:57:41.176Z,33.86,72.35

2026-08-22T22:57:46.177Z,33.87,72.34

2026-08-22T22:57:51.182Z,33.88,72.31

2026-08-22T22:57:56.196Z,33.88,72.3

2026-08-22T22:58:01.180Z,33.88,72.27

2026-08-22T22:58:06.181Z,33.87,72.23

2026-08-22T22:58:11.181Z,33.88,72.26

2026-08-22T22:58:16.181Z,33.88,72.2

2026-08-22T22:58:21.190Z,33.88,72.2

2026-08-22T22:58:26.199Z,33.88,72.26

2026-08-22T22:58:31.186Z,33.9,72.2

2026-08-22T22:58:36.187Z,33.86,72.18

2026-08-22T22:58:41.185Z,33.86,72.12

2026-08-22T22:58:46.188Z,33.86,72.16

2026-08-22T22:58:51.211Z,33.87,72.13

2026-08-22T22:58:56.224Z,33.85,72.22

2026-08-22T22:59:01.208Z,33.85,72.17

2026-08-22T22:59:06.209Z,33.84,72.2

2026-08-22T22:59:11.209Z,33.86,72.2

2026-08-22T22:59:16.209Z,33.84,72.23

2026-08-22T22:59:21.235Z,33.84,72.24

2026-08-22T22:59:26.245Z,33.84,72.32

2026-08-22T22:59:31.234Z,33.86,72.23

2026-08-22T22:59:36.234Z,33.84,72.27

2026-08-22T22:59:41.235Z,33.83,72.18

2026-08-22T22:59:46.235Z,33.83,72.2

2026-08-22T22:59:51.234Z,33.85,72.24

2026-08-22T22:59:56.248Z,33.84,72.23

2026-08-22T23:00:01.235Z,33.83,72.24

2026-08-22T23:00:06.236Z,33.83,72.21

2026-08-22T23:00:11.236Z,33.83,72.26

2026-08-22T23:00:16.235Z,33.83,72.26

2026-08-22T23:00:21.235Z,33.84,72.24

2026-08-22T23:00:26.249Z,33.83,72.33

2026-08-22T23:00:31.238Z,33.83,72.28

2026-08-22T23:00:36.237Z,33.83,72.25

2026-08-22T23:00:41.236Z,33.82,72.23

2026-08-22T23:00:46.238Z,33.81,72.28

2026-08-22T23:00:51.239Z,33.82,72.35

2026-08-22T23:00:56.249Z,33.81,72.33

2026-08-22T23:01:01.237Z,33.8,72.28

2026-08-22T23:01:06.240Z,33.8,72.32

2026-08-22T23:01:11.244Z,33.81,72.33

2026-08-22T23:01:16.241Z,33.78,72.37

2026-08-22T23:01:21.241Z,33.79,72.45

2026-08-22T23:01:26.255Z,33.77,72.45

2026-08-22T23:01:31.241Z,33.78,72.49

2026-08-22T23:01:36.242Z,33.76,72.43

2026-08-22T23:01:41.242Z,33.77,72.48

2026-08-22T23:01:46.259Z,33.77,72.52

2026-08-22T23:01:51.243Z,33.78,72.46

2026-08-22T23:01:56.244Z,33.77,72.55

2026-08-22T23:02:01.243Z,33.77,72.51

2026-08-22T23:02:06.246Z,33.77,72.58

2026-08-22T23:02:11.244Z,33.77,72.59

2026-08-22T23:02:16.258Z,33.78,72.55

2026-08-22T23:02:21.244Z,33.79,72.5

2026-08-22T23:02:26.245Z,33.77,72.54

2026-08-22T23:02:31.243Z,33.78,72.6

2026-08-22T23:02:36.247Z,33.79,72.56

2026-08-22T23:02:41.255Z,33.77,72.59

2026-08-22T23:02:46.266Z,33.75,72.65

2026-08-22T23:02:51.253Z,33.75,72.67

2026-08-22T23:02:56.255Z,33.75,72.71

2026-08-22T23:03:01.254Z,33.76,72.66

2026-08-22T23:03:06.254Z,33.75,72.7

2026-08-22T23:03:11.266Z,33.76,72.64

2026-08-22T23:03:16.283Z,33.75,72.7

2026-08-22T23:03:21.265Z,33.72,72.67

2026-08-22T23:03:26.266Z,33.74,72.68

2026-08-22T23:03:31.266Z,33.73,72.72

2026-08-22T23:03:36.268Z,33.75,72.7

2026-08-22T23:03:41.272Z,33.75,72.75

2026-08-22T23:03:46.285Z,33.73,72.81

2026-08-22T23:03:51.272Z,33.74,72.75

2026-08-22T23:03:56.273Z,33.74,72.72

2026-08-22T23:04:01.275Z,33.75,72.74

2026-08-22T23:04:06.274Z,33.72,72.75

2026-08-22T23:04:11.286Z,33.75,72.71

2026-08-22T23:04:16.298Z,33.76,72.74

2026-08-22T23:04:21.284Z,33.76,72.7

2026-08-22T23:04:26.285Z,33.76,72.72

2026-08-22T23:04:31.283Z,33.75,72.71

2026-08-22T23:04:36.284Z,33.76,72.68

2026-08-22T23:04:41.291Z,33.75,72.66

2026-08-22T23:04:46.302Z,33.75,72.68

2026-08-22T23:04:51.288Z,33.77,72.67

2026-08-22T23:04:56.292Z,33.77,72.67

2026-08-22T23:05:01.291Z,33.77,72.63

2026-08-22T23:05:06.289Z,33.76,72.67

2026-08-22T23:05:11.310Z,33.76,72.62

2026-08-22T23:05:16.310Z,33.77,72.64

2026-08-22T23:05:21.303Z,33.77,72.61

2026-08-22T23:05:26.305Z,33.78,72.64

2026-08-22T23:05:31.304Z,33.76,72.61

2026-08-22T23:05:36.306Z,33.75,72.67

2026-08-22T23:05:41.316Z,33.74,72.7

2026-08-22T23:05:46.328Z,33.74,72.76

2026-08-22T23:05:51.316Z,33.74,72.7

2026-08-22T23:05:56.317Z,33.74,72.73

2026-08-22T23:06:01.317Z,33.72,72.74

2026-08-22T23:06:06.318Z,33.72,72.78

2026-08-22T23:06:11.325Z,33.71,72.8

2026-08-22T23:06:16.336Z,33.7,72.85

2026-08-22T23:06:21.325Z,33.69,72.9

2026-08-22T23:06:26.326Z,33.7,72.92

2026-08-22T23:06:31.326Z,33.67,72.95

2026-08-22T23:06:36.326Z,33.67,72.95

2026-08-22T23:06:41.334Z,33.68,72.99

2026-08-22T23:06:46.343Z,33.66,73.08

2026-08-22T23:06:51.333Z,33.66,73.07

2026-08-22T23:06:56.334Z,33.67,73.08

2026-08-22T23:07:01.333Z,33.66,73.09

2026-08-22T23:07:06.334Z,33.64,73.17

2026-08-22T23:07:11.348Z,33.64,73.16

2026-08-22T23:07:16.359Z,33.64,73.18

2026-08-22T23:07:21.346Z,33.66,73.17

2026-08-22T23:07:26.345Z,33.63,73.2

2026-08-22T23:07:31.344Z,33.62,73.19

2026-08-22T23:07:36.346Z,33.61,73.23

2026-08-22T23:07:41.354Z,33.61,73.31

2026-08-22T23:07:46.367Z,33.6,73.28

2026-08-22T23:07:51.356Z,33.59,73.3

2026-08-22T23:07:56.353Z,33.6,73.31

2026-08-22T23:08:01.353Z,33.59,73.37

2026-08-22T23:08:06.366Z,33.61,73.35

2026-08-22T23:08:11.354Z,33.61,73.39

2026-08-22T23:08:16.358Z,33.59,73.32

2026-08-22T23:08:21.360Z,33.57,73.3

2026-08-22T23:08:26.356Z,33.57,73.42

2026-08-22T23:08:31.358Z,33.58,73.37

2026-08-22T23:08:36.374Z,33.59,73.39

2026-08-22T23:08:41.359Z,33.58,73.42

2026-08-22T23:08:46.359Z,33.58,73.42

2026-08-22T23:08:51.361Z,33.58,73.4

2026-08-22T23:08:56.365Z,33.59,73.39

2026-08-22T23:09:01.375Z,33.58,73.47

2026-08-22T23:09:06.381Z,33.59,73.46

2026-08-22T23:09:11.370Z,33.59,73.46

2026-08-22T23:09:16.372Z,33.59,73.43

2026-08-22T23:09:21.373Z,33.59,73.4

2026-08-22T23:09:26.373Z,33.59,73.39

2026-08-22T23:09:31.376Z,33.59,73.43

2026-08-22T23:09:36.389Z,33.57,73.45

2026-08-22T23:09:41.377Z,33.6,73.46

2026-08-22T23:09:46.378Z,33.57,73.4

2026-08-22T23:09:51.378Z,33.62,73.43

2026-08-22T23:09:56.380Z,33.62,73.42

2026-08-22T23:10:01.378Z,33.59,73.37

2026-08-22T23:10:06.393Z,33.59,73.39

2026-08-22T23:10:11.378Z,33.61,73.38

2026-08-22T23:10:16.379Z,33.6,73.41

2026-08-22T23:10:21.380Z,33.6,73.38

2026-08-22T23:10:26.380Z,33.59,73.33

2026-08-22T23:10:31.380Z,33.59,73.36

2026-08-22T23:10:36.396Z,33.59,73.32

2026-08-22T23:10:41.381Z,33.59,73.44

2026-08-22T23:10:46.382Z,33.59,73.4

2026-08-22T23:10:51.381Z,33.59,73.42

2026-08-22T23:10:56.381Z,33.6,73.38

2026-08-22T23:11:01.384Z,33.58,73.42

2026-08-22T23:11:06.395Z,33.56,73.43

2026-08-22T23:11:11.380Z,33.58,73.4

2026-08-22T23:11:16.382Z,33.57,73.44

2026-08-22T23:11:21.380Z,33.55,73.46

2026-08-22T23:11:26.383Z,33.56,73.44

2026-08-22T23:11:31.383Z,33.55,73.47

2026-08-22T23:11:36.396Z,33.57,73.49

2026-08-22T23:11:41.380Z,33.57,73.47

2026-08-22T23:11:46.384Z,33.57,73.57

2026-08-22T23:11:51.384Z,33.53,73.48

2026-08-22T23:11:56.385Z,33.56,73.53

2026-08-22T23:12:01.399Z,33.54,73.54

2026-08-22T23:12:06.410Z,33.54,73.6

2026-08-22T23:12:11.396Z,33.53,73.57

2026-08-22T23:12:16.398Z,33.52,73.51

2026-08-22T23:12:21.398Z,33.52,73.58

2026-08-22T23:12:26.398Z,33.54,73.55

2026-08-22T23:12:31.413Z,33.53,73.59

2026-08-22T23:12:36.424Z,33.52,73.67

2026-08-22T23:12:41.411Z,33.54,73.71

2026-08-22T23:12:46.412Z,33.54,73.65

2026-08-22T23:12:51.411Z,33.53,73.68

2026-08-22T23:12:56.414Z,33.53,73.65

2026-08-22T23:13:01.421Z,33.53,73.72

2026-08-22T23:13:06.432Z,33.53,73.74

2026-08-22T23:13:11.418Z,33.55,73.68

2026-08-22T23:13:16.421Z,33.56,73.66

2026-08-22T23:13:21.420Z,33.55,73.69

2026-08-22T23:13:26.421Z,33.56,73.62

2026-08-22T23:13:31.433Z,33.55,73.59

2026-08-22T23:13:36.440Z,33.56,73.69

2026-08-22T23:13:41.433Z,33.54,73.58

2026-08-22T23:13:46.432Z,33.56,73.64

2026-08-22T23:13:51.435Z,33.54,73.63

2026-08-22T23:13:56.435Z,33.53,73.55

2026-08-22T23:14:01.434Z,33.57,73.6

2026-08-22T23:14:06.446Z,33.56,73.6

2026-08-22T23:14:11.436Z,33.57,73.56

2026-08-22T23:14:16.436Z,33.57,73.57

2026-08-22T23:14:21.438Z,33.57,73.62

2026-08-22T23:14:26.439Z,33.57,73.53

2026-08-22T23:14:31.446Z,33.55,73.55

2026-08-22T23:14:36.459Z,33.56,73.56

2026-08-22T23:14:41.443Z,33.56,73.47

2026-08-22T23:14:46.444Z,33.58,73.49

2026-08-22T23:14:51.444Z,33.58,73.52

2026-08-22T23:14:56.455Z,33.58,73.53

2026-08-22T23:15:01.444Z,33.6,73.44

2026-08-22T23:15:06.445Z,33.62,73.49

2026-08-22T23:15:11.443Z,33.6,73.46

2026-08-22T23:15:16.447Z,33.6,73.43

2026-08-22T23:15:21.445Z,33.61,73.48

2026-08-22T23:15:26.457Z,33.59,73.47

2026-08-22T23:15:31.445Z,33.59,73.49

2026-08-22T23:15:36.445Z,33.63,73.44

2026-08-22T23:15:41.444Z,33.61,73.44

2026-08-22T23:15:46.446Z,33.62,73.43

2026-08-22T23:15:51.447Z,33.64,73.37

2026-08-22T23:15:56.466Z,33.63,73.4

2026-08-22T23:16:01.449Z,33.64,73.33

2026-08-22T23:16:06.449Z,33.66,73.34

2026-08-22T23:16:11.445Z,33.67,73.35

2026-08-22T23:16:16.456Z,33.67,73.32

2026-08-22T23:16:21.452Z,33.67,73.23

2026-08-22T23:16:26.451Z,33.67,73.14

2026-08-22T23:16:31.450Z,33.67,73.19

2026-08-22T23:16:36.450Z,33.68,73.14

2026-08-22T23:16:41.459Z,33.7,73.06

2026-08-22T23:16:46.470Z,33.69,73.1

2026-08-22T23:16:51.457Z,33.7,73.06

2026-08-22T23:16:56.459Z,33.71,73.05

2026-08-22T23:17:01.456Z,33.7,73.09

2026-08-22T23:17:06.460Z,33.69,73.02

2026-08-22T23:17:11.475Z,33.71,72.97

2026-08-22T23:17:16.484Z,33.73,72.98

2026-08-22T23:17:21.473Z,33.71,72.95

2026-08-22T23:17:26.475Z,33.69,72.92

2026-08-22T23:17:31.475Z,33.7,72.93

2026-08-22T23:17:36.475Z,33.69,72.91

2026-08-22T23:17:41.489Z,33.69,72.99

2026-08-22T23:17:46.498Z,33.71,73.03

2026-08-22T23:17:51.486Z,33.71,73.01

2026-08-22T23:17:56.486Z,33.71,72.97

2026-08-22T23:18:01.488Z,33.71,73.02

2026-08-22T23:18:06.487Z,33.72,73.07

2026-08-22T23:18:11.499Z,33.71,73.04

2026-08-22T23:18:16.509Z,33.71,72.94

2026-08-22T23:18:21.496Z,33.71,73.02

2026-08-22T23:18:26.498Z,33.71,73.02

2026-08-22T23:18:31.499Z,33.73,73.02

2026-08-22T23:18:36.497Z,33.73,72.99

2026-08-22T23:18:41.507Z,33.72,72.92

2026-08-22T23:18:46.523Z,33.73,72.96

2026-08-22T23:18:51.505Z,33.74,72.85

2026-08-22T23:18:56.507Z,33.74,72.89

2026-08-22T23:19:01.505Z,33.75,72.85

2026-08-22T23:19:06.506Z,33.75,72.85

2026-08-22T23:19:11.513Z,33.74,72.82

2026-08-22T23:19:16.522Z,33.72,72.88

2026-08-22T23:19:21.512Z,33.73,72.84

2026-08-22T23:19:26.511Z,33.73,72.81

2026-08-22T23:19:31.512Z,33.73,72.85

2026-08-22T23:19:36.512Z,33.73,72.79

2026-08-22T23:19:41.522Z,33.73,72.75

2026-08-22T23:19:46.531Z,33.73,72.87

2026-08-22T23:19:51.520Z,33.72,72.81

2026-08-22T23:19:56.522Z,33.72,72.8

2026-08-22T23:20:01.522Z,33.69,72.84

2026-08-22T23:20:06.523Z,33.71,72.86

2026-08-22T23:20:11.531Z,33.69,72.86

2026-08-22T23:20:16.542Z,33.7,72.91

2026-08-22T23:20:21.533Z,33.69,72.93

2026-08-22T23:20:26.533Z,33.69,72.98

2026-08-22T23:20:31.533Z,33.68,72.99

2026-08-22T23:20:36.533Z,33.7,72.95

2026-08-22T23:20:41.535Z,33.7,73.01

2026-08-22T23:20:46.544Z,33.7,73.07

2026-08-22T23:20:51.536Z,33.67,73.05

2026-08-22T23:20:56.535Z,33.67,73.06

2026-08-22T23:21:01.538Z,33.66,73.05

2026-08-22T23:21:06.546Z,33.68,73.08

2026-08-22T23:21:11.537Z,33.66,73.06

2026-08-22T23:21:16.536Z,33.67,73.1

2026-08-22T23:21:21.537Z,33.66,73.15

2026-08-22T23:21:26.537Z,33.65,73.18

2026-08-22T23:21:31.554Z,33.65,73.16

2026-08-22T23:21:36.568Z,33.65,73.19

2026-08-22T23:21:41.552Z,33.63,73.17

2026-08-22T23:21:46.552Z,33.66,73.18

2026-08-22T23:21:51.553Z,33.66,73.19

2026-08-22T23:21:56.555Z,33.65,73.13

2026-08-22T23:22:01.567Z,33.64,73.18

2026-08-22T23:22:06.577Z,33.64,73.26

2026-08-22T23:22:11.563Z,33.64,73.26

2026-08-22T23:22:16.564Z,33.63,73.26

2026-08-22T23:22:21.563Z,33.64,73.24

2026-08-22T23:22:26.564Z,33.63,73.25

2026-08-22T23:22:31.570Z,33.62,73.28

2026-08-22T23:22:36.580Z,33.62,73.27

2026-08-22T23:22:41.569Z,33.63,73.2

2026-08-22T23:22:46.569Z,33.63,73.25

2026-08-22T23:22:51.571Z,33.62,73.27

2026-08-22T23:22:56.571Z,33.62,73.27

2026-08-22T23:23:01.578Z,33.63,73.3

2026-08-22T23:23:06.572Z,33.62,73.28

2026-08-22T23:23:11.572Z,33.63,73.27

2026-08-22T23:23:16.573Z,33.62,73.34

2026-08-22T23:23:21.573Z,33.62,73.34

2026-08-22T23:23:26.591Z,33.61,73.38

2026-08-22T23:23:31.577Z,33.61,73.28

2026-08-22T23:23:36.579Z,33.59,73.31

2026-08-22T23:23:41.580Z,33.62,73.27

2026-08-22T23:23:46.594Z,33.59,73.38

2026-08-22T23:23:51.581Z,33.6,73.33

2026-08-22T23:23:56.581Z,33.6,73.36

2026-08-22T23:24:01.582Z,33.59,73.33

2026-08-22T23:24:06.582Z,33.6,73.37

2026-08-22T23:24:11.581Z,33.61,73.41

2026-08-22T23:24:16.594Z,33.58,73.4

2026-08-22T23:24:21.584Z,33.57,73.37

2026-08-22T23:24:26.586Z,33.59,73.46

2026-08-22T23:24:31.584Z,33.58,73.41

2026-08-22T23:24:36.585Z,33.59,73.45

2026-08-22T23:24:41.585Z,33.59,73.42

2026-08-22T23:24:46.602Z,33.58,73.51

2026-08-22T23:24:51.586Z,33.6,73.48

2026-08-22T23:24:56.589Z,33.59,73.5

2026-08-22T23:25:01.586Z,33.58,73.46

2026-08-22T23:25:06.585Z,33.6,73.48

2026-08-22T23:25:11.595Z,33.58,73.52

2026-08-22T23:25:16.605Z,33.57,73.48

2026-08-22T23:25:21.594Z,33.58,73.48

2026-08-22T23:25:26.595Z,33.59,73.5

2026-08-22T23:25:31.594Z,33.58,73.49

2026-08-22T23:25:36.595Z,33.57,73.55

2026-08-22T23:25:41.606Z,33.57,73.52

2026-08-22T23:25:46.618Z,33.55,73.56

2026-08-22T23:25:51.605Z,33.56,73.53

2026-08-22T23:25:56.607Z,33.55,73.55

2026-08-22T23:26:01.605Z,33.57,73.57

2026-08-22T23:26:06.607Z,33.56,73.54

2026-08-22T23:26:11.621Z,33.56,73.53

2026-08-22T23:26:16.634Z,33.55,73.62

2026-08-22T23:26:21.618Z,33.55,73.62

2026-08-22T23:26:26.621Z,33.54,73.67

2026-08-22T23:26:31.620Z,33.54,73.65

2026-08-22T23:26:36.621Z,33.54,73.6

2026-08-22T23:26:41.626Z,33.57,73.64

2026-08-22T23:26:46.634Z,33.55,73.66

2026-08-22T23:26:51.621Z,33.56,73.64

2026-08-22T23:26:56.625Z,33.54,73.61

2026-08-22T23:27:01.623Z,33.53,73.62

2026-08-22T23:27:06.625Z,33.54,73.68

2026-08-22T23:27:11.638Z,33.54,73.68

2026-08-22T23:27:16.647Z,33.54,73.73

2026-08-22T23:27:21.637Z,33.53,73.71

2026-08-22T23:27:26.638Z,33.53,73.72

2026-08-22T23:27:31.636Z,33.54,73.69

2026-08-22T23:27:36.634Z,33.53,73.78

2026-08-22T23:27:41.653Z,33.51,73.75

2026-08-22T23:27:46.666Z,33.53,73.79

2026-08-22T23:27:51.650Z,33.52,73.77

2026-08-22T23:27:56.649Z,33.52,73.78

2026-08-22T23:28:01.650Z,33.52,73.77

2026-08-22T23:28:06.651Z,33.53,73.77

2026-08-22T23:28:11.654Z,33.52,73.79

2026-08-22T23:28:16.665Z,33.51,73.82

2026-08-22T23:28:21.657Z,33.54,73.79

2026-08-22T23:28:26.655Z,33.54,73.77

2026-08-22T23:28:31.656Z,33.53,73.82

2026-08-22T23:28:36.666Z,33.54,73.78

2026-08-22T23:28:41.657Z,33.55,73.77

2026-08-22T23:28:46.656Z,33.54,73.82

2026-08-22T23:28:51.658Z,33.54,73.79

2026-08-22T23:28:56.672Z,33.53,73.78

2026-08-22T23:29:01.657Z,33.54,73.78

2026-08-22T23:29:06.658Z,33.52,73.76

2026-08-22T23:29:11.659Z,33.53,73.78

2026-08-22T23:29:16.657Z,33.53,73.7

2026-08-22T23:29:21.663Z,33.53,73.81

2026-08-22T23:29:26.676Z,33.54,73.77

2026-08-22T23:29:31.663Z,33.53,73.8

2026-08-22T23:29:36.663Z,33.53,73.76

2026-08-22T23:29:41.663Z,33.53,73.8

2026-08-22T23:29:46.663Z,33.54,73.83

2026-08-22T23:29:51.678Z,33.55,73.79

2026-08-22T23:29:56.689Z,33.53,73.89

2026-08-22T23:30:01.675Z,33.55,73.83

2026-08-22T23:30:06.675Z,33.57,73.83

2026-08-22T23:30:11.679Z,33.55,73.73

2026-08-22T23:30:16.677Z,33.55,73.75

2026-08-22T23:30:21.677Z,33.56,73.73

2026-08-22T23:30:26.688Z,33.55,73.83

2026-08-22T23:30:31.678Z,33.57,73.76

2026-08-22T23:30:36.677Z,33.56,73.78

2026-08-22T23:30:41.680Z,33.57,73.67

2026-08-22T23:30:46.678Z,33.57,73.66

2026-08-22T23:30:51.676Z,33.58,73.65

2026-08-22T23:30:56.698Z,33.57,73.75

2026-08-22T23:31:01.680Z,33.56,73.69

2026-08-22T23:31:06.680Z,33.58,73.62

2026-08-22T23:31:11.679Z,33.58,73.69

2026-08-22T23:31:16.680Z,33.58,73.71

2026-08-22T23:31:21.679Z,33.57,73.66

2026-08-22T23:31:26.702Z,33.57,73.74

2026-08-22T23:31:31.681Z,33.56,73.73

2026-08-22T23:31:36.682Z,33.58,73.71

2026-08-22T23:31:41.682Z,33.57,73.66

2026-08-22T23:31:46.685Z,33.57,73.72

2026-08-22T23:31:51.696Z,33.58,73.75

2026-08-22T23:31:56.706Z,33.58,73.68

2026-08-22T23:32:01.697Z,33.57,73.72

2026-08-22T23:32:06.697Z,33.58,73.72

2026-08-22T23:32:11.696Z,33.56,73.74

2026-08-22T23:32:16.698Z,33.56,73.72

2026-08-22T23:32:21.716Z,33.57,73.77

2026-08-22T23:32:26.726Z,33.56,73.76

2026-08-22T23:32:31.716Z,33.55,73.73

2026-08-22T23:32:36.718Z,33.56,73.81

2026-08-22T23:32:41.717Z,33.56,73.84

2026-08-22T23:32:46.716Z,33.56,73.84

2026-08-22T23:32:51.732Z,33.56,73.77

2026-08-22T23:32:56.744Z,33.55,73.79

2026-08-22T23:33:01.732Z,33.58,73.76

2026-08-22T23:33:06.734Z,33.56,73.68

2026-08-22T23:33:11.734Z,33.56,73.75

2026-08-22T23:33:16.735Z,33.6,73.69

2026-08-22T23:33:21.758Z,33.58,73.7

2026-08-22T23:33:26.764Z,33.56,73.73

2026-08-22T23:33:31.755Z,33.57,73.71

2026-08-22T23:33:36.753Z,33.57,73.72

2026-08-22T23:33:41.754Z,33.58,73.69

2026-08-22T23:33:46.753Z,33.56,73.77

2026-08-22T23:33:51.752Z,33.57,73.73

2026-08-22T23:33:56.764Z,33.57,73.73

2026-08-22T23:34:01.752Z,33.58,73.64

2026-08-22T23:34:06.753Z,33.56,73.6

2026-08-22T23:34:11.752Z,33.58,73.57

2026-08-22T23:34:16.752Z,33.56,73.61

2026-08-22T23:34:21.752Z,33.58,73.63

2026-08-22T23:34:26.767Z,33.57,73.61

2026-08-22T23:34:31.754Z,33.58,73.62

2026-08-22T23:34:36.758Z,33.59,73.65

2026-08-22T23:34:41.756Z,33.59,73.71

2026-08-22T23:34:46.758Z,33.6,73.71

2026-08-22T23:34:51.759Z,33.59,73.78

2026-08-22T23:34:56.774Z,33.59,73.73

2026-08-22T23:35:01.758Z,33.6,73.71

2026-08-22T23:35:06.761Z,33.6,73.64

2026-08-22T23:35:11.760Z,33.62,73.61

2026-08-22T23:35:16.771Z,33.6,73.53

2026-08-22T23:35:21.758Z,33.58,73.53

2026-08-22T23:35:26.761Z,33.58,73.51

2026-08-22T23:35:31.762Z,33.59,73.47

2026-08-22T23:35:36.763Z,33.57,73.52

2026-08-22T23:35:41.762Z,33.57,73.56

2026-08-22T23:35:46.775Z,33.58,73.55

2026-08-22T23:35:51.764Z,33.58,73.54

2026-08-22T23:35:56.763Z,33.58,73.53

2026-08-22T23:36:01.764Z,33.58,73.53

2026-08-22T23:36:06.765Z,33.57,73.55

2026-08-22T23:36:11.765Z,33.57,73.6

2026-08-22T23:36:16.781Z,33.59,73.63

2026-08-22T23:36:21.768Z,33.58,73.61

2026-08-22T23:36:26.767Z,33.57,73.63

2026-08-22T23:36:31.767Z,33.56,73.62

2026-08-22T23:36:36.767Z,33.56,73.63

2026-08-22T23:36:41.767Z,33.57,73.65

2026-08-22T23:36:46.782Z,33.57,73.69

2026-08-22T23:36:51.768Z,33.57,73.63

2026-08-22T23:36:56.768Z,33.55,73.64

2026-08-22T23:37:01.767Z,33.59,73.63

2026-08-22T23:37:06.769Z,33.57,73.65

2026-08-22T23:37:11.795Z,33.58,73.63

2026-08-22T23:37:16.806Z,33.56,73.63

2026-08-22T23:37:21.793Z,33.57,73.62

2026-08-22T23:37:26.793Z,33.58,73.67

2026-08-22T23:37:31.795Z,33.6,73.63

2026-08-22T23:37:36.806Z,33.58,73.67

2026-08-22T23:37:41.791Z,33.58,73.62

2026-08-22T23:37:46.794Z,33.58,73.62

2026-08-22T23:37:51.795Z,33.57,73.64

2026-08-22T23:37:56.796Z,33.6,73.58

2026-08-22T23:38:01.794Z,33.61,73.5

2026-08-22T23:38:06.811Z,33.58,73.55

2026-08-22T23:38:11.796Z,33.61,73.57

2026-08-22T23:38:16.797Z,33.61,73.56

2026-08-22T23:38:21.797Z,33.61,73.55

2026-08-22T23:38:26.801Z,33.6,73.56

2026-08-22T23:38:31.805Z,33.62,73.59

2026-08-22T23:38:36.817Z,33.62,73.55

2026-08-22T23:38:41.801Z,33.62,73.54

2026-08-22T23:38:46.801Z,33.6,73.53

2026-08-22T23:38:51.802Z,33.63,73.5

2026-08-22T23:38:56.804Z,33.63,73.45

2026-08-22T23:39:01.817Z,33.64,73.49

2026-08-22T23:39:06.821Z,33.62,73.48

2026-08-22T23:39:11.816Z,33.64,73.47

2026-08-22T23:39:16.816Z,33.63,73.45

2026-08-22T23:39:21.816Z,33.63,73.42

2026-08-22T23:39:26.817Z,33.65,73.37

2026-08-22T23:39:31.822Z,33.63,73.4

2026-08-22T23:39:36.838Z,33.64,73.44

2026-08-22T23:39:41.819Z,33.63,73.43

2026-08-22T23:39:46.821Z,33.64,73.41

2026-08-22T23:39:51.821Z,33.65,73.38

2026-08-22T23:39:56.823Z,33.67,73.34

2026-08-22T23:40:01.838Z,33.67,73.35

2026-08-22T23:40:06.853Z,33.66,73.36

2026-08-22T23:40:11.837Z,33.67,73.31

2026-08-22T23:40:16.838Z,33.68,73.29

2026-08-22T23:40:21.839Z,33.69,73.27

2026-08-22T23:40:26.839Z,33.67,73.25

2026-08-22T23:40:31.839Z,33.66,73.23

2026-08-22T23:40:36.852Z,33.66,73.19

2026-08-22T23:40:41.841Z,33.68,73.14

2026-08-22T23:40:46.840Z,33.69,73.2

2026-08-22T23:40:51.841Z,33.69,73.21

2026-08-22T23:40:56.840Z,33.69,73.15

2026-08-22T23:41:01.846Z,33.69,73.15

2026-08-22T23:41:06.860Z,33.68,73.25

2026-08-22T23:41:11.846Z,33.68,73.23

2026-08-22T23:41:16.846Z,33.66,73.22

2026-08-22T23:41:21.848Z,33.69,73.21

2026-08-22T23:41:26.847Z,33.69,73.26

2026-08-22T23:41:31.850Z,33.67,73.26

2026-08-22T23:41:36.860Z,33.67,73.22

2026-08-22T23:41:41.850Z,33.68,73.23

2026-08-22T23:41:46.850Z,33.67,73.24

2026-08-22T23:41:51.851Z,33.68,73.28

2026-08-22T23:41:56.850Z,33.69,73.29

2026-08-22T23:42:01.875Z,33.69,73.3

2026-08-22T23:42:06.889Z,33.7,73.24

2026-08-22T23:42:11.872Z,33.72,73.2

2026-08-22T23:42:16.879Z,33.71,73.23

2026-08-22T23:42:21.878Z,33.71,73.18

2026-08-22T23:42:26.877Z,33.72,73.16

2026-08-22T23:42:31.881Z,33.72,73.19

2026-08-22T23:42:36.897Z,33.71,73.21

2026-08-22T23:42:41.880Z,33.73,73.12

2026-08-22T23:42:46.881Z,33.71,73.14

2026-08-22T23:42:51.881Z,33.72,73.1

2026-08-22T23:42:56.883Z,33.71,73.12

2026-08-22T23:43:01.894Z,33.73,73.13

2026-08-22T23:43:06.903Z,33.72,73.12

2026-08-22T23:43:11.890Z,33.73,73.12

2026-08-22T23:43:16.893Z,33.74,73.14

2026-08-22T23:43:21.892Z,33.76,73.05

2026-08-22T23:43:26.894Z,33.72,72.99

2026-08-22T23:43:31.904Z,33.74,73.01

2026-08-22T23:43:36.915Z,33.75,73.01

2026-08-22T23:43:41.902Z,33.73,73.03

2026-08-22T23:43:46.902Z,33.76,72.98

2026-08-22T23:43:51.904Z,33.77,73.06

2026-08-22T23:43:56.903Z,33.73,72.97

2026-08-22T23:44:01.913Z,33.75,73.05

2026-08-22T23:44:06.922Z,33.76,73.06

2026-08-22T23:44:11.909Z,33.77,73.02

2026-08-22T23:44:16.912Z,33.76,72.98

2026-08-22T23:44:21.912Z,33.76,72.94

2026-08-22T23:44:26.914Z,33.76,72.93

2026-08-22T23:44:31.920Z,33.76,72.94

2026-08-22T23:44:36.934Z,33.77,72.97

2026-08-22T23:44:41.921Z,33.77,72.92

2026-08-22T23:44:46.922Z,33.76,72.94

2026-08-22T23:44:51.923Z,33.76,72.88

2026-08-22T23:44:56.922Z,33.77,72.85

2026-08-22T23:45:01.923Z,33.76,72.9

2026-08-22T23:45:06.938Z,33.77,72.94

2026-08-22T23:45:11.922Z,33.76,72.95

2026-08-22T23:45:16.923Z,33.77,72.82

2026-08-22T23:45:21.921Z,33.78,72.87

2026-08-22T23:45:26.921Z,33.78,72.89

2026-08-22T23:45:31.923Z,33.79,72.88

2026-08-22T23:45:36.934Z,33.78,72.87

2026-08-22T23:45:41.923Z,33.81,72.83

2026-08-22T23:45:46.924Z,33.78,72.83

2026-08-22T23:45:51.924Z,33.81,72.78

2026-08-22T23:45:56.926Z,33.78,72.76

2026-08-22T23:46:01.934Z,33.8,72.74

2026-08-22T23:46:06.948Z,33.77,72.76

2026-08-22T23:46:11.936Z,33.77,72.8

2026-08-22T23:46:16.936Z,33.78,72.75

2026-08-22T23:46:21.934Z,33.78,72.69

2026-08-22T23:46:26.934Z,33.8,72.69

2026-08-22T23:46:31.948Z,33.78,72.73

2026-08-22T23:46:36.962Z,33.8,72.74

2026-08-22T23:46:41.947Z,33.8,72.71

2026-08-22T23:46:46.948Z,33.82,72.74

2026-08-22T23:46:51.949Z,33.79,72.79

2026-08-22T23:46:56.950Z,33.8,72.79

2026-08-22T23:47:01.965Z,33.83,72.82

2026-08-22T23:47:06.975Z,33.8,72.78

2026-08-22T23:47:11.963Z,33.81,72.8

2026-08-22T23:47:16.963Z,33.83,72.7

2026-08-22T23:47:21.961Z,33.81,72.73

2026-08-22T23:47:26.963Z,33.81,72.79

2026-08-22T23:47:31.970Z,33.81,72.82

2026-08-22T23:47:36.987Z,33.81,72.79

2026-08-22T23:47:41.969Z,33.79,72.75

2026-08-22T23:47:46.971Z,33.82,72.68

2026-08-22T23:47:51.969Z,33.8,72.66

2026-08-22T23:47:56.971Z,33.84,72.61

2026-08-22T23:48:01.974Z,33.83,72.56

2026-08-22T23:48:06.986Z,33.81,72.67

2026-08-22T23:48:11.974Z,33.83,72.58

2026-08-22T23:48:16.974Z,33.83,72.62

2026-08-22T23:48:21.974Z,33.83,72.55

2026-08-22T23:48:26.974Z,33.84,72.58

2026-08-22T23:48:31.983Z,33.85,72.6

2026-08-22T23:48:36.996Z,33.83,72.64

2026-08-22T23:48:41.981Z,33.83,72.57

2026-08-22T23:48:46.980Z,33.84,72.53

2026-08-22T23:48:51.982Z,33.83,72.54

2026-08-22T23:48:56.982Z,33.84,72.47

2026-08-22T23:49:01.984Z,33.84,72.5

2026-08-22T23:49:06.995Z,33.85,72.57

2026-08-22T23:49:11.982Z,33.86,72.53

2026-08-22T23:49:16.985Z,33.85,72.47

2026-08-22T23:49:21.984Z,33.85,72.45

2026-08-22T23:49:26.984Z,33.85,72.52

2026-08-22T23:49:31.997Z,33.88,72.51

2026-08-22T23:49:37.004Z,33.87,72.47

2026-08-22T23:49:41.992Z,33.86,72.53

2026-08-22T23:49:46.993Z,33.88,72.51

2026-08-22T23:49:51.996Z,33.86,72.52

2026-08-22T23:49:56.995Z,33.86,72.51

2026-08-22T23:50:01.996Z,33.88,72.48

2026-08-22T23:50:07.008Z,33.9,72.51

2026-08-22T23:50:11.997Z,33.88,72.48

2026-08-22T23:50:16.997Z,33.87,72.49

2026-08-22T23:50:21.996Z,33.87,72.44

2026-08-22T23:50:26.999Z,33.87,72.46

2026-08-22T23:50:32.004Z,33.88,72.43

2026-08-22T23:50:37.012Z,33.88,72.45

2026-08-22T23:50:42.001Z,33.89,72.4

2026-08-22T23:50:47.002Z,33.88,72.4

2026-08-22T23:50:52.003Z,33.87,72.33

2026-08-22T23:50:57.002Z,33.89,72.35

2026-08-22T23:51:02.008Z,33.89,72.31

2026-08-22T23:51:07.016Z,33.89,72.32

2026-08-22T23:51:12.006Z,33.89,72.3

2026-08-22T23:51:17.006Z,33.88,72.27

2026-08-22T23:51:22.006Z,33.89,72.31

2026-08-22T23:51:27.007Z,33.88,72.33

2026-08-22T23:51:32.014Z,33.88,72.36

2026-08-22T23:51:37.027Z,33.87,72.39

2026-08-22T23:51:42.014Z,33.86,72.35

2026-08-22T23:51:47.014Z,33.89,72.37

2026-08-22T23:51:52.015Z,33.88,72.41

2026-08-22T23:51:57.015Z,33.87,72.36

2026-08-22T23:52:02.029Z,33.87,72.46

2026-08-22T23:52:07.038Z,33.86,72.44

2026-08-22T23:52:12.027Z,33.85,72.45

2026-08-22T23:52:17.025Z,33.89,72.39

2026-08-22T23:52:22.026Z,33.86,72.48

2026-08-22T23:52:27.027Z,33.88,72.44

2026-08-22T23:52:32.034Z,33.87,72.48

2026-08-22T23:52:37.045Z,33.85,72.48

2026-08-22T23:52:42.034Z,33.87,72.43

2026-08-22T23:52:47.030Z,33.87,72.41

2026-08-22T23:52:52.031Z,33.88,72.43

2026-08-22T23:52:57.033Z,33.87,72.44

2026-08-22T23:53:02.033Z,33.86,72.43

2026-08-22T23:53:07.046Z,33.85,72.5

2026-08-22T23:53:12.032Z,33.88,72.49

2026-08-22T23:53:17.037Z,33.87,72.43

2026-08-22T23:53:22.036Z,33.87,72.45

2026-08-22T23:53:27.035Z,33.88,72.34

2026-08-22T23:53:32.047Z,33.88,72.26

2026-08-22T23:53:37.057Z,33.87,72.41

2026-08-22T23:53:42.045Z,33.87,72.45

2026-08-22T23:53:47.044Z,33.88,72.39

2026-08-22T23:53:52.043Z,33.88,72.4

2026-08-22T23:53:57.045Z,33.9,72.4

2026-08-22T23:54:02.054Z,33.9,72.45

2026-08-22T23:54:07.065Z,33.86,72.44

2026-08-22T23:54:12.052Z,33.87,72.4

2026-08-22T23:54:17.054Z,33.88,72.41

2026-08-22T23:54:22.054Z,33.88,72.45

2026-08-22T23:54:27.054Z,33.89,72.41

2026-08-22T23:54:32.058Z,33.9,72.44

2026-08-22T23:54:37.072Z,33.87,72.57

2026-08-22T23:54:42.058Z,33.91,72.5

2026-08-22T23:54:47.059Z,33.89,72.51

2026-08-22T23:54:52.060Z,33.89,72.52

2026-08-22T23:54:57.059Z,33.9,72.55

2026-08-22T23:55:02.068Z,33.89,72.54

2026-08-22T23:55:07.082Z,33.89,72.47

2026-08-22T23:55:12.068Z,33.88,72.47

2026-08-22T23:55:17.069Z,33.9,72.46

2026-08-22T23:55:22.068Z,33.92,72.49

2026-08-22T23:55:27.071Z,33.92,72.44

2026-08-22T23:55:32.074Z,33.93,72.43

2026-08-22T23:55:37.089Z,33.91,72.49

2026-08-22T23:55:42.074Z,33.94,72.43

2026-08-22T23:55:47.074Z,33.94,72.39

2026-08-22T23:55:52.074Z,33.95,72.35

2026-08-22T23:55:57.077Z,33.94,72.39

2026-08-22T23:56:02.077Z,33.93,72.32

2026-08-22T23:56:07.087Z,33.95,72.39

2026-08-22T23:56:12.078Z,33.95,72.35

2026-08-22T23:56:17.078Z,33.94,72.32

2026-08-22T23:56:22.078Z,33.96,72.25

2026-08-22T23:56:27.092Z,33.96,72.27

2026-08-22T23:56:32.078Z,33.96,72.19

2026-08-22T23:56:37.077Z,33.95,72.19

2026-08-22T23:56:42.077Z,33.97,72.26

2026-08-22T23:56:47.079Z,33.97,72.2

2026-08-22T23:56:52.086Z,33.97,72.21

2026-08-22T23:56:57.095Z,33.98,72.22

2026-08-22T23:57:02.083Z,33.98,72.13

2026-08-22T23:57:07.083Z,33.98,72.12

2026-08-22T23:57:12.088Z,33.99,72.17

2026-08-22T23:57:17.086Z,33.98,72.16

2026-08-22T23:57:22.104Z,34,72.14

2026-08-22T23:57:27.116Z,33.99,72.18

2026-08-22T23:57:32.102Z,34,72.12

2026-08-22T23:57:37.101Z,33.99,72.13

2026-08-22T23:57:42.101Z,34,72.12

2026-08-22T23:57:47.102Z,34,72.05

2026-08-22T23:57:52.110Z,34,72.1

2026-08-22T23:57:57.126Z,34,72.09

2026-08-22T23:58:02.110Z,34.01,72.1

2026-08-22T23:58:07.112Z,34.02,72.05

2026-08-22T23:58:12.112Z,34,72.07

2026-08-22T23:58:17.112Z,34.01,72.05

2026-08-22T23:58:22.117Z,34,72.04

2026-08-22T23:58:27.129Z,34,72.08

2026-08-22T23:58:32.117Z,34.02,72

2026-08-22T23:58:37.117Z,34.02,72.06

2026-08-22T23:58:42.118Z,34.01,72.03

2026-08-22T23:58:47.118Z,34.01,72.03

2026-08-22T23:58:52.119Z,34.01,72.02

2026-08-22T23:58:57.135Z,34.02,72

2026-08-22T23:59:02.119Z,34.02,71.98

2026-08-22T23:59:07.120Z,34.02,72

2026-08-22T23:59:12.121Z,34.01,72.05

2026-08-22T23:59:17.120Z,34.03,72.05

2026-08-22T23:59:22.123Z,34.03,72

2026-08-22T23:59:27.134Z,34.04,72.02

2026-08-22T23:59:32.119Z,34.04,72

2026-08-22T23:59:37.122Z,34.02,72.01

2026-08-22T23:59:42.124Z,34.03,71.95

2026-08-22T23:59:47.121Z,34.04,71.96

2026-08-22T23:59:52.129Z,34.05,71.92

2026-08-22T23:59:57.140Z,34.04,72

2026-08-23T00:00:02.129Z,34.04,71.97

2026-08-23T00:00:07.129Z,34.03,71.88

2026-08-23T00:00:12.129Z,34.05,71.93

2026-08-23T00:00:17.129Z,34.05,71.88

2026-08-23T00:00:22.130Z,34.04,71.87

2026-08-23T00:00:27.145Z,34.05,71.94

2026-08-23T00:00:32.129Z,34.03,71.86

2026-08-23T00:00:37.131Z,34.06,71.9

2026-08-23T00:00:42.130Z,34.06,71.89

2026-08-23T00:00:47.133Z,34.04,71.95

2026-08-23T00:00:52.146Z,34.05,71.88

2026-08-23T00:00:57.167Z,34.04,71.93

2026-08-23T00:01:02.147Z,34.04,71.93

2026-08-23T00:01:07.145Z,34.07,71.9

2026-08-23T00:01:12.145Z,34.08,71.82

2026-08-23T00:01:17.146Z,34.06,71.88

2026-08-23T00:01:22.163Z,34.08,71.93

2026-08-23T00:01:27.188Z,34.06,71.88

2026-08-23T00:01:32.164Z,34.07,71.89

2026-08-23T00:01:37.164Z,34.06,71.88

2026-08-23T00:01:42.162Z,34.08,71.81

2026-08-23T00:01:47.164Z,34.07,71.87

2026-08-23T00:01:52.173Z,34.07,71.82

2026-08-23T00:01:57.187Z,34.07,71.91

2026-08-23T00:02:02.174Z,34.07,71.9

2026-08-23T00:02:07.173Z,34.08,71.82

2026-08-23T00:02:12.173Z,34.07,71.82

2026-08-23T00:02:17.174Z,34.09,71.84

2026-08-23T00:02:22.184Z,34.1,71.78

2026-08-23T00:02:27.194Z,34.1,71.85

2026-08-23T00:02:32.183Z,34.09,71.82

2026-08-23T00:02:37.183Z,34.1,71.78

2026-08-23T00:02:42.184Z,34.09,71.79

2026-08-23T00:02:47.184Z,34.09,71.81

2026-08-23T00:02:52.189Z,34.1,71.77

2026-08-23T00:02:57.200Z,34.12,71.76

2026-08-23T00:03:02.187Z,34.11,71.81

2026-08-23T00:03:07.189Z,34.11,71.78

2026-08-23T00:03:12.188Z,34.12,71.7

2026-08-23T00:03:17.188Z,34.11,71.75

2026-08-23T00:03:22.197Z,34.12,71.73

2026-08-23T00:03:27.210Z,34.11,71.73

2026-08-23T00:03:32.195Z,34.11,71.65

2026-08-23T00:03:37.195Z,34.11,71.66

2026-08-23T00:03:42.198Z,34.13,71.6

2026-08-23T00:03:47.197Z,34.12,71.49

2026-08-23T00:03:52.196Z,34.12,71.4

2026-08-23T00:03:57.208Z,34.11,71.36

2026-08-23T00:04:02.195Z,34.11,71.35

2026-08-23T00:04:07.197Z,34.1,71.4

2026-08-23T00:04:12.197Z,34.09,71.39

2026-08-23T00:04:17.199Z,34.1,71.38

2026-08-23T00:04:22.209Z,34.12,71.41

2026-08-23T00:04:27.224Z,34.09,71.37

2026-08-23T00:04:32.212Z,34.1,71.48

2026-08-23T00:04:37.212Z,34.09,71.49

2026-08-23T00:04:42.211Z,34.1,71.51

2026-08-23T00:04:47.211Z,34.11,71.57

2026-08-23T00:04:52.219Z,34.08,71.64

2026-08-23T00:04:57.241Z,34.1,71.73

2026-08-23T00:05:02.219Z,34.11,71.69

2026-08-23T00:05:07.219Z,34.08,71.69

2026-08-23T00:05:12.218Z,34.11,71.73

2026-08-23T00:05:17.219Z,34.09,71.75

2026-08-23T00:05:22.234Z,34.1,71.73

2026-08-23T00:05:27.247Z,34.08,71.78

2026-08-23T00:05:32.231Z,34.07,71.73

2026-08-23T00:05:37.232Z,34.11,71.71

2026-08-23T00:05:42.233Z,34.09,71.72

2026-08-23T00:05:47.234Z,34.09,71.67

2026-08-23T00:05:52.237Z,34.1,71.75

2026-08-23T00:05:57.251Z,34.11,71.73

2026-08-23T00:06:02.234Z,34.1,71.61

2026-08-23T00:06:07.235Z,34.11,71.65

2026-08-23T00:06:12.236Z,34.11,71.65

2026-08-23T00:06:17.236Z,34.11,71.64

2026-08-23T00:06:22.240Z,34.12,71.63

2026-08-23T00:06:27.250Z,34.1,71.62

2026-08-23T00:06:32.237Z,34.1,71.57

2026-08-23T00:06:37.239Z,34.11,71.52

2026-08-23T00:06:42.239Z,34.11,71.5

2026-08-23T00:06:47.240Z,34.1,71.48

2026-08-23T00:06:52.242Z,34.13,71.47

2026-08-23T00:06:57.253Z,34.1,71.52

2026-08-23T00:07:02.240Z,34.11,71.42

2026-08-23T00:07:07.240Z,34.11,71.51

2026-08-23T00:07:12.239Z,34.14,71.48

2026-08-23T00:07:17.239Z,34.12,71.53

2026-08-23T00:07:22.250Z,34.11,71.51

2026-08-23T00:07:27.263Z,34.11,71.51

2026-08-23T00:07:32.249Z,34.12,71.51

2026-08-23T00:07:37.250Z,34.12,71.54

2026-08-23T00:07:42.249Z,34.13,71.49

2026-08-23T00:07:47.248Z,34.13,71.48

2026-08-23T00:07:52.250Z,34.13,71.43

2026-08-23T00:07:57.261Z,34.13,71.5

2026-08-23T00:08:02.248Z,34.12,71.47

2026-08-23T00:08:07.253Z,34.13,71.45

2026-08-23T00:08:12.252Z,34.13,71.51

2026-08-23T00:08:17.253Z,34.12,71.47

2026-08-23T00:08:22.275Z,34.14,71.47

2026-08-23T00:08:27.289Z,34.12,71.44

2026-08-23T00:08:32.273Z,34.14,71.35

2026-08-23T00:08:37.272Z,34.13,71.32

2026-08-23T00:08:42.272Z,34.14,71.33

2026-08-23T00:08:47.272Z,34.13,71.33

2026-08-23T00:08:52.276Z,34.13,71.41

2026-08-23T00:08:57.290Z,34.11,71.44

2026-08-23T00:09:02.275Z,34.12,71.44

2026-08-23T00:09:07.275Z,34.14,71.37

2026-08-23T00:09:12.276Z,34.13,71.41

2026-08-23T00:09:17.277Z,34.1,71.42

2026-08-23T00:09:22.290Z,34.11,71.42

2026-08-23T00:09:27.297Z,34.12,71.44

2026-08-23T00:09:32.288Z,34.12,71.47

2026-08-23T00:09:37.290Z,34.12,71.41

2026-08-23T00:09:42.289Z,34.12,71.42

2026-08-23T00:09:47.291Z,34.13,71.43

2026-08-23T00:09:52.296Z,34.14,71.43

2026-08-23T00:09:57.311Z,34.12,71.45

2026-08-23T00:10:02.293Z,34.13,71.43

2026-08-23T00:10:07.297Z,34.11,71.43

2026-08-23T00:10:12.294Z,34.11,71.44

2026-08-23T00:10:17.296Z,34.12,71.37

2026-08-23T00:10:22.301Z,34.13,71.4

2026-08-23T00:10:27.315Z,34.13,71.43

2026-08-23T00:10:32.300Z,34.14,71.34

2026-08-23T00:10:37.300Z,34.14,71.39

2026-08-23T00:10:42.299Z,34.12,71.37

2026-08-23T00:10:47.300Z,34.13,71.37

2026-08-23T00:10:52.305Z,34.14,71.37

2026-08-23T00:10:57.321Z,34.13,71.37

2026-08-23T00:11:02.302Z,34.13,71.35

2026-08-23T00:11:07.302Z,34.14,71.33

2026-08-23T00:11:12.303Z,34.14,71.3

2026-08-23T00:11:17.302Z,34.11,71.35

2026-08-23T00:11:22.304Z,34.14,71.33

2026-08-23T00:11:27.315Z,34.11,71.33

2026-08-23T00:11:32.303Z,34.12,71.35

2026-08-23T00:11:37.303Z,34.14,71.4

2026-08-23T00:11:42.302Z,34.13,71.35

2026-08-23T00:11:47.302Z,34.13,71.35

2026-08-23T00:11:52.321Z,34.11,71.36

2026-08-23T00:11:57.335Z,34.1,71.47

2026-08-23T00:12:02.323Z,34.11,71.39

2026-08-23T00:12:07.321Z,34.12,71.39

2026-08-23T00:12:12.319Z,34.12,71.36

2026-08-23T00:12:17.322Z,34.11,71.37

2026-08-23T00:12:22.321Z,34.13,71.4

2026-08-23T00:12:27.330Z,34.13,71.38

2026-08-23T00:12:32.321Z,34.11,71.41

2026-08-23T00:12:37.322Z,34.12,71.4

2026-08-23T00:12:42.323Z,34.11,71.38

2026-08-23T00:12:47.324Z,34.12,71.36

2026-08-23T00:12:52.324Z,34.11,71.36

2026-08-23T00:12:57.336Z,34.1,71.43

2026-08-23T00:13:02.325Z,34.11,71.48

2026-08-23T00:13:07.324Z,34.11,71.46

2026-08-23T00:13:12.325Z,34.12,71.39

2026-08-23T00:13:17.326Z,34.12,71.41

2026-08-23T00:13:22.329Z,34.12,71.47

2026-08-23T00:13:27.340Z,34.11,71.44

2026-08-23T00:13:32.330Z,34.1,71.39

2026-08-23T00:13:37.330Z,34.12,71.39

2026-08-23T00:13:42.330Z,34.12,71.43

2026-08-23T00:13:47.330Z,34.12,71.37

2026-08-23T00:13:52.342Z,34.12,71.46

2026-08-23T00:13:57.357Z,34.12,71.47

2026-08-23T00:14:02.342Z,34.14,71.38

2026-08-23T00:14:07.344Z,34.14,71.38

2026-08-23T00:14:12.343Z,34.13,71.45

2026-08-23T00:14:17.345Z,34.14,71.4

2026-08-23T00:14:22.356Z,34.13,71.4

2026-08-23T00:14:27.369Z,34.13,71.37

2026-08-23T00:14:32.354Z,34.14,71.36

2026-08-23T00:14:37.354Z,34.14,71.31

2026-08-23T00:14:42.355Z,34.14,71.3

2026-08-23T00:14:47.354Z,34.16,71.21

2026-08-23T00:14:52.359Z,34.15,71.23

2026-08-23T00:14:57.369Z,34.15,71.29

2026-08-23T00:15:02.358Z,34.16,71.25

2026-08-23T00:15:07.357Z,34.15,71.27

2026-08-23T00:15:12.359Z,34.17,71.26

2026-08-23T00:15:17.360Z,34.15,71.24

2026-08-23T00:15:22.371Z,34.17,71.25

2026-08-23T00:15:27.383Z,34.15,71.23

2026-08-23T00:15:32.370Z,34.16,71.26

2026-08-23T00:15:37.376Z,34.16,71.2

2026-08-23T00:15:42.376Z,34.17,71.25

2026-08-23T00:15:47.373Z,34.17,71.24

2026-08-23T00:15:52.384Z,34.18,71.21

2026-08-23T00:15:57.394Z,34.17,71.17

2026-08-23T00:16:02.385Z,34.18,71.13

2026-08-23T00:16:07.385Z,34.19,71.11

2026-08-23T00:16:12.386Z,34.17,71.1

2026-08-23T00:16:17.383Z,34.19,71.07

2026-08-23T00:16:22.390Z,34.2,71.07

2026-08-23T00:16:27.401Z,34.2,71.07

2026-08-23T00:16:32.389Z,34.17,71.09

2026-08-23T00:16:37.390Z,34.19,71.05

2026-08-23T00:16:42.390Z,34.21,71.14

2026-08-23T00:16:47.390Z,34.19,71.13

2026-08-23T00:16:52.396Z,34.19,71.12

2026-08-23T00:16:57.408Z,34.21,71.1

2026-08-23T00:17:02.395Z,34.21,71.04

2026-08-23T00:17:07.397Z,34.2,70.99

2026-08-23T00:17:12.396Z,34.19,71.02

2026-08-23T00:17:17.397Z,34.21,70.97

2026-08-23T00:17:22.408Z,34.18,71.01

2026-08-23T00:17:27.419Z,34.2,71.06

2026-08-23T00:17:32.406Z,34.22,70.98

2026-08-23T00:17:37.407Z,34.21,70.94

2026-08-23T00:17:42.408Z,34.21,71.01

2026-08-23T00:17:47.408Z,34.21,70.96

2026-08-23T00:17:52.411Z,34.2,70.96

2026-08-23T00:17:57.423Z,34.21,71.03

2026-08-23T00:18:02.409Z,34.23,70.95

2026-08-23T00:18:07.409Z,34.22,70.92

2026-08-23T00:18:12.410Z,34.23,70.9

2026-08-23T00:18:17.411Z,34.21,70.91

2026-08-23T00:18:22.415Z,34.21,70.89

2026-08-23T00:18:27.429Z,34.21,70.92

2026-08-23T00:18:32.413Z,34.22,70.85

2026-08-23T00:18:37.415Z,34.22,70.86

2026-08-23T00:18:42.414Z,34.22,70.91

2026-08-23T00:18:47.415Z,34.23,70.86

2026-08-23T00:18:52.417Z,34.23,70.91

2026-08-23T00:18:57.427Z,34.22,70.99

2026-08-23T00:19:02.417Z,34.23,70.87

2026-08-23T00:19:07.418Z,34.22,70.89

2026-08-23T00:19:12.416Z,34.21,70.91

2026-08-23T00:19:17.416Z,34.23,70.84

2026-08-23T00:19:22.425Z,34.23,70.91

2026-08-23T00:19:27.433Z,34.23,70.94

2026-08-23T00:19:32.427Z,34.25,70.93

2026-08-23T00:19:37.425Z,34.24,70.93

2026-08-23T00:19:42.425Z,34.25,70.91

2026-08-23T00:19:47.425Z,34.25,70.9

2026-08-23T00:19:52.441Z,34.24,70.9

2026-08-23T00:19:57.453Z,34.23,70.92

2026-08-23T00:20:02.440Z,34.23,70.85

2026-08-23T00:20:07.443Z,34.23,70.84

2026-08-23T00:20:12.443Z,34.25,70.91

2026-08-23T00:20:17.443Z,34.22,70.89

2026-08-23T00:20:22.452Z,34.25,70.86

2026-08-23T00:20:27.461Z,34.24,70.95

2026-08-23T00:20:32.451Z,34.24,70.84

2026-08-23T00:20:37.451Z,34.25,70.89

2026-08-23T00:20:42.452Z,34.24,70.89

2026-08-23T00:20:47.453Z,34.24,70.87

2026-08-23T00:20:52.465Z,34.24,70.79

2026-08-23T00:20:57.472Z,34.24,70.88

2026-08-23T00:21:02.461Z,34.27,70.88

2026-08-23T00:21:07.463Z,34.23,70.84

2026-08-23T00:21:12.463Z,34.24,70.85

2026-08-23T00:21:17.465Z,34.24,70.87

2026-08-23T00:21:22.467Z,34.26,70.89

2026-08-23T00:21:27.481Z,34.23,70.95

2026-08-23T00:21:32.465Z,34.26,70.87

2026-08-23T00:21:37.465Z,34.24,70.86

2026-08-23T00:21:42.465Z,34.26,70.88

2026-08-23T00:21:47.466Z,34.23,70.84

2026-08-23T00:21:52.471Z,34.25,70.88

2026-08-23T00:21:57.486Z,34.25,70.88

2026-08-23T00:22:02.471Z,34.26,70.87

2026-08-23T00:22:07.470Z,34.27,70.87

2026-08-23T00:22:12.470Z,34.27,70.84

2026-08-23T00:22:17.470Z,34.25,70.88

2026-08-23T00:22:22.474Z,34.26,70.84

2026-08-23T00:22:27.483Z,34.26,70.89

2026-08-23T00:22:32.473Z,34.26,70.81

2026-08-23T00:22:37.472Z,34.26,70.81

2026-08-23T00:22:42.472Z,34.24,70.84

2026-08-23T00:22:47.488Z,34.26,70.91

2026-08-23T00:22:52.473Z,34.26,70.88

2026-08-23T00:22:57.475Z,34.25,70.83

2026-08-23T00:23:02.477Z,34.26,70.82

2026-08-23T00:23:07.478Z,34.26,70.84

2026-08-23T00:23:12.486Z,34.25,70.8

2026-08-23T00:23:17.496Z,34.24,70.86

2026-08-23T00:23:22.483Z,34.27,70.79

2026-08-23T00:23:27.484Z,34.26,70.81

2026-08-23T00:23:32.486Z,34.26,70.88

2026-08-23T00:23:37.486Z,34.25,70.81

2026-08-23T00:23:42.500Z,34.26,70.83

2026-08-23T00:23:47.510Z,34.25,70.86

2026-08-23T00:23:52.500Z,34.25,70.86

2026-08-23T00:23:57.502Z,34.27,70.85

2026-08-23T00:24:02.500Z,34.27,70.87

2026-08-23T00:24:07.502Z,34.27,70.85

2026-08-23T00:24:12.506Z,34.28,70.81

2026-08-23T00:24:17.520Z,34.25,70.84

2026-08-23T00:24:22.503Z,34.27,70.83

2026-08-23T00:24:27.506Z,34.27,70.86

2026-08-23T00:24:32.505Z,34.26,70.82

2026-08-23T00:24:37.505Z,34.28,70.82

2026-08-23T00:24:42.516Z,34.28,70.74

2026-08-23T00:24:47.528Z,34.27,70.87

2026-08-23T00:24:52.513Z,34.29,70.79

2026-08-23T00:24:57.516Z,34.27,70.8

2026-08-23T00:25:02.516Z,34.27,70.8

2026-08-23T00:25:07.515Z,34.28,70.79

2026-08-23T00:25:12.520Z,34.28,70.78

2026-08-23T00:25:17.527Z,34.28,70.88

2026-08-23T00:25:22.517Z,34.28,70.75

2026-08-23T00:25:27.518Z,34.27,70.8

2026-08-23T00:25:32.518Z,34.27,70.8

2026-08-23T00:25:37.519Z,34.27,70.77

2026-08-23T00:25:42.520Z,34.29,70.76

2026-08-23T00:25:47.532Z,34.28,70.76

2026-08-23T00:25:52.520Z,34.27,70.71

2026-08-23T00:25:57.520Z,34.27,70.7

2026-08-23T00:26:02.520Z,34.24,70.81

2026-08-23T00:26:07.519Z,34.28,70.84

2026-08-23T00:26:12.520Z,34.26,70.76

2026-08-23T00:26:17.535Z,34.25,70.8

2026-08-23T00:26:22.521Z,34.28,70.83

2026-08-23T00:26:27.520Z,34.26,70.77

2026-08-23T00:26:32.520Z,34.27,70.75

2026-08-23T00:26:37.522Z,34.26,70.78

2026-08-23T00:26:42.520Z,34.28,70.8

2026-08-23T00:26:47.540Z,34.29,70.84

2026-08-23T00:26:52.523Z,34.28,70.8

2026-08-23T00:26:57.524Z,34.27,70.74

2026-08-23T00:27:02.524Z,34.27,70.77

2026-08-23T00:27:07.524Z,34.27,70.8

2026-08-23T00:27:12.537Z,34.29,70.85

2026-08-23T00:27:17.548Z,34.27,70.81

2026-08-23T00:27:22.535Z,34.27,70.8

2026-08-23T00:27:27.536Z,34.29,70.76

2026-08-23T00:27:32.536Z,34.27,70.8

2026-08-23T00:27:37.538Z,34.29,70.75

2026-08-23T00:27:42.549Z,34.29,70.76

2026-08-23T00:27:47.560Z,34.26,70.79

2026-08-23T00:27:52.545Z,34.27,70.8

2026-08-23T00:27:57.548Z,34.28,70.79

2026-08-23T00:28:02.546Z,34.27,70.76

2026-08-23T00:28:07.547Z,34.27,70.79

2026-08-23T00:28:12.553Z,34.28,70.79

2026-08-23T00:28:17.562Z,34.28,70.83

2026-08-23T00:28:22.551Z,34.28,70.84

2026-08-23T00:28:27.553Z,34.27,70.8

2026-08-23T00:28:32.551Z,34.28,70.83

2026-08-23T00:28:37.552Z,34.29,70.85

2026-08-23T00:28:42.554Z,34.27,70.81

2026-08-23T00:28:47.564Z,34.28,70.81

2026-08-23T00:28:52.553Z,34.26,70.78

2026-08-23T00:28:57.554Z,34.26,70.84

2026-08-23T00:29:02.554Z,34.27,70.83

2026-08-23T00:29:07.567Z,34.27,70.87

2026-08-23T00:29:12.556Z,34.28,70.83

2026-08-23T00:29:17.556Z,34.26,70.86

2026-08-23T00:29:22.557Z,34.25,70.86

2026-08-23T00:29:27.558Z,34.28,70.88

2026-08-23T00:29:32.559Z,34.27,70.92

2026-08-23T00:29:37.570Z,34.28,70.94

2026-08-23T00:29:42.557Z,34.28,70.92

2026-08-23T00:29:47.557Z,34.27,70.92

2026-08-23T00:29:52.557Z,34.25,70.93

2026-08-23T00:29:57.558Z,34.27,70.86

2026-08-23T00:30:02.563Z,34.27,70.93

2026-08-23T00:30:07.571Z,34.27,70.91

2026-08-23T00:30:12.561Z,34.27,70.94

2026-08-23T00:30:17.561Z,34.27,70.98

2026-08-23T00:30:22.562Z,34.27,70.92

2026-08-23T00:30:27.563Z,34.25,70.93

2026-08-23T00:30:32.567Z,34.27,70.92

2026-08-23T00:30:37.577Z,34.27,70.93

2026-08-23T00:30:42.566Z,34.28,70.98

2026-08-23T00:30:47.566Z,34.27,70.93

2026-08-23T00:30:52.566Z,34.27,70.96

2026-08-23T00:30:57.566Z,34.26,71

2026-08-23T00:31:02.580Z,34.28,70.98

2026-08-23T00:31:07.592Z,34.27,71.03

2026-08-23T00:31:12.581Z,34.26,70.93

2026-08-23T00:31:17.580Z,34.26,70.99

2026-08-23T00:31:22.581Z,34.27,70.96

2026-08-23T00:31:27.582Z,34.28,71.06

2026-08-23T00:31:32.585Z,34.28,71

2026-08-23T00:31:37.596Z,34.28,71.03

2026-08-23T00:31:42.584Z,34.3,70.98

2026-08-23T00:31:47.584Z,34.29,71.02

2026-08-23T00:31:52.584Z,34.27,70.96

2026-08-23T00:31:57.584Z,34.28,70.97

2026-08-23T00:32:02.587Z,34.26,70.95

2026-08-23T00:32:07.600Z,34.27,71

2026-08-23T00:32:12.585Z,34.27,70.95

2026-08-23T00:32:17.586Z,34.3,70.98

2026-08-23T00:32:22.586Z,34.28,70.98

2026-08-23T00:32:27.585Z,34.26,70.98

2026-08-23T00:32:32.602Z,34.29,70.96

2026-08-23T00:32:37.613Z,34.27,71.05

2026-08-23T00:32:42.599Z,34.27,70.99

2026-08-23T00:32:47.600Z,34.28,70.95

2026-08-23T00:32:52.601Z,34.27,70.99

2026-08-23T00:32:57.601Z,34.29,71.01

2026-08-23T00:33:02.617Z,34.28,71.01

2026-08-23T00:33:07.626Z,34.28,71.05

2026-08-23T00:33:12.616Z,34.28,70.96

2026-08-23T00:33:17.616Z,34.27,70.96

2026-08-23T00:33:22.615Z,34.3,71

2026-08-23T00:33:27.617Z,34.3,71.04

2026-08-23T00:33:32.614Z,34.29,71.03

2026-08-23T00:33:37.624Z,34.3,71.01

2026-08-23T00:33:42.617Z,34.29,70.97

2026-08-23T00:33:47.616Z,34.3,70.99

2026-08-23T00:33:52.615Z,34.3,70.94

2026-08-23T00:33:57.616Z,34.28,70.99

2026-08-23T00:34:02.632Z,34.3,70.97

2026-08-23T00:34:07.645Z,34.3,71.03

2026-08-23T00:34:12.635Z,34.31,70.96

2026-08-23T00:34:17.631Z,34.31,70.93

2026-08-23T00:34:22.636Z,34.32,70.94

2026-08-23T00:34:27.648Z,34.32,70.99

2026-08-23T00:34:32.635Z,34.3,71.04

2026-08-23T00:34:37.635Z,34.31,71.13

2026-08-23T00:34:42.636Z,34.31,71.14

2026-08-23T00:34:47.636Z,34.3,71.05

2026-08-23T00:34:52.645Z,34.32,71.05

2026-08-23T00:34:57.653Z,34.32,71.12

2026-08-23T00:35:02.644Z,34.33,71

2026-08-23T00:35:07.642Z,34.33,70.99

2026-08-23T00:35:12.643Z,34.33,71.04

2026-08-23T00:35:17.647Z,34.31,70.99

2026-08-23T00:35:22.652Z,34.33,71.02

2026-08-23T00:35:27.664Z,34.32,71.08

2026-08-23T00:35:32.651Z,34.32,71

2026-08-23T00:35:37.651Z,34.31,70.99

2026-08-23T00:35:42.651Z,34.32,70.98

2026-08-23T00:35:47.651Z,34.32,70.99

2026-08-23T00:35:52.654Z,34.32,71.06

2026-08-23T00:35:57.666Z,34.31,71.12

2026-08-23T00:36:02.654Z,34.31,71.07

2026-08-23T00:36:07.653Z,34.32,71.11

2026-08-23T00:36:12.653Z,34.3,71.11

2026-08-23T00:36:17.652Z,34.3,71

2026-08-23T00:36:22.653Z,34.3,71.07

2026-08-23T00:36:27.668Z,34.31,71.06

2026-08-23T00:36:32.654Z,34.31,71.08

2026-08-23T00:36:37.653Z,34.3,71.03

2026-08-23T00:36:42.653Z,34.32,71.08

2026-08-23T00:36:47.657Z,34.3,71.07

2026-08-23T00:36:52.654Z,34.3,71.09

2026-08-23T00:36:57.666Z,34.31,71.15

2026-08-23T00:37:02.653Z,34.3,71.04

2026-08-23T00:37:07.654Z,34.32,71.09

2026-08-23T00:37:12.653Z,34.32,71.05

2026-08-23T00:37:17.657Z,34.31,71.09

2026-08-23T00:37:22.658Z,34.31,71.07

2026-08-23T00:37:27.668Z,34.31,71.11

2026-08-23T00:37:32.660Z,34.31,71.08

2026-08-23T00:37:37.660Z,34.3,71.04

2026-08-23T00:37:42.658Z,34.31,71.03

2026-08-23T00:37:47.660Z,34.3,71.06

2026-08-23T00:37:52.660Z,34.33,71.06

2026-08-23T00:37:57.673Z,34.3,71.01

2026-08-23T00:38:02.659Z,34.32,71.02

2026-08-23T00:38:07.662Z,34.33,71.07

2026-08-23T00:38:12.660Z,34.32,71.06

2026-08-23T00:38:17.660Z,34.32,70.97

2026-08-23T00:38:22.670Z,34.32,70.99

2026-08-23T00:38:27.680Z,34.33,71.03

2026-08-23T00:38:32.669Z,34.33,71.02

2026-08-23T00:38:37.670Z,34.31,70.98

2026-08-23T00:38:42.671Z,34.33,71.09

2026-08-23T00:38:47.671Z,34.32,71.01

2026-08-23T00:38:52.684Z,34.31,71.03

2026-08-23T00:38:57.696Z,34.31,71.05

2026-08-23T00:39:02.680Z,34.32,71.03

2026-08-23T00:39:07.683Z,34.33,71.05

2026-08-23T00:39:12.681Z,34.32,71

2026-08-23T00:39:17.683Z,34.33,71.02

2026-08-23T00:39:22.688Z,34.34,70.97

2026-08-23T00:39:27.704Z,34.34,71.07

2026-08-23T00:39:32.685Z,34.33,71.03

2026-08-23T00:39:37.688Z,34.32,70.96

2026-08-23T00:39:42.688Z,34.32,70.94

2026-08-23T00:39:47.688Z,34.32,71

2026-08-23T00:39:52.699Z,34.34,70.92

2026-08-23T00:39:57.708Z,34.33,71.06

2026-08-23T00:40:02.696Z,34.33,70.91

2026-08-23T00:40:07.696Z,34.34,71

2026-08-23T00:40:12.696Z,34.34,70.98

2026-08-23T00:40:17.694Z,34.33,70.97

2026-08-23T00:40:22.703Z,34.33,71.02

2026-08-23T00:40:27.710Z,34.31,71.04

2026-08-23T00:40:32.700Z,34.32,71.06

2026-08-23T00:40:37.700Z,34.35,71.06

2026-08-23T00:40:42.701Z,34.32,71.07

2026-08-23T00:40:47.702Z,34.32,71.06

2026-08-23T00:40:52.711Z,34.33,71.11

2026-08-23T00:40:57.727Z,34.33,71.16

2026-08-23T00:41:02.710Z,34.32,71.08

2026-08-23T00:41:07.710Z,34.33,71.12

2026-08-23T00:41:12.710Z,34.35,71.15

2026-08-23T00:41:17.711Z,34.34,71.14

2026-08-23T00:41:22.723Z,34.34,71.15

2026-08-23T00:41:27.738Z,34.34,71.12

2026-08-23T00:41:32.723Z,34.34,71.16

2026-08-23T00:41:37.723Z,34.33,71.13

2026-08-23T00:41:42.722Z,34.34,71.12

2026-08-23T00:41:47.723Z,34.32,71.08

2026-08-23T00:41:52.732Z,34.34,71.1

2026-08-23T00:41:57.743Z,34.34,71.06

2026-08-23T00:42:02.732Z,34.35,71.06

2026-08-23T00:42:07.734Z,34.34,71.12

2026-08-23T00:42:12.733Z,34.33,71.05

2026-08-23T00:42:17.733Z,34.34,71.07

2026-08-23T00:42:22.739Z,34.35,71.07

2026-08-23T00:42:27.749Z,34.33,71.13

2026-08-23T00:42:32.736Z,34.34,71.07

2026-08-23T00:42:37.741Z,34.36,71.12

2026-08-23T00:42:42.738Z,34.34,71.07

2026-08-23T00:42:47.739Z,34.34,71.12

2026-08-23T00:42:52.746Z,34.35,71.12

2026-08-23T00:42:57.754Z,34.34,71.14

2026-08-23T00:43:02.740Z,34.34,71.03

2026-08-23T00:43:07.744Z,34.35,71.02

2026-08-23T00:43:12.741Z,34.35,71.09

2026-08-23T00:43:17.742Z,34.34,71.1

2026-08-23T00:43:22.753Z,34.36,71.11

2026-08-23T00:43:27.762Z,34.36,71.11

2026-08-23T00:43:32.752Z,34.35,71.12

2026-08-23T00:43:37.751Z,34.36,71.02

2026-08-23T00:43:42.751Z,34.35,71.1

2026-08-23T00:43:47.753Z,34.37,71.08

2026-08-23T00:43:52.761Z,34.36,71.01

2026-08-23T00:43:57.772Z,34.35,71.08

2026-08-23T00:44:02.757Z,34.35,71.05

2026-08-23T00:44:07.758Z,34.37,71.02

2026-08-23T00:44:12.759Z,34.37,71.04

2026-08-23T00:44:17.758Z,34.38,70.97

2026-08-23T00:44:22.771Z,34.38,71.05

2026-08-23T00:44:27.782Z,34.37,71.03

2026-08-23T00:44:32.770Z,34.39,70.95

2026-08-23T00:44:37.771Z,34.36,70.97

2026-08-23T00:44:42.771Z,34.38,70.96

2026-08-23T00:44:47.771Z,34.37,70.98

2026-08-23T00:44:52.773Z,34.39,70.93

2026-08-23T00:44:57.788Z,34.39,70.95

2026-08-23T00:45:02.773Z,34.41,70.95

2026-08-23T00:45:07.773Z,34.38,70.99

2026-08-23T00:45:12.773Z,34.4,70.95

2026-08-23T00:45:17.777Z,34.39,70.97

2026-08-23T00:45:22.786Z,34.39,70.96

2026-08-23T00:45:27.796Z,34.38,70.99

2026-08-23T00:45:32.784Z,34.38,70.98

2026-08-23T00:45:37.786Z,34.39,70.95

2026-08-23T00:45:42.787Z,34.4,70.94

2026-08-23T00:45:47.786Z,34.4,70.95

2026-08-23T00:45:52.802Z,34.39,71.03

2026-08-23T00:45:57.814Z,34.4,70.98

2026-08-23T00:46:02.800Z,34.4,70.96

2026-08-23T00:46:07.801Z,34.4,71.03

2026-08-23T00:46:12.801Z,34.41,71.06

2026-08-23T00:46:17.801Z,34.39,70.98

2026-08-23T00:46:22.810Z,34.39,70.99

2026-08-23T00:46:27.820Z,34.4,71.09

2026-08-23T00:46:32.811Z,34.39,71.05

2026-08-23T00:46:37.811Z,34.38,71.06

2026-08-23T00:46:42.811Z,34.38,71.14

2026-08-23T00:46:47.812Z,34.4,71.17

2026-08-23T00:46:52.811Z,34.4,71.15

2026-08-23T00:46:57.823Z,34.37,71.17

2026-08-23T00:47:02.810Z,34.36,71.17

2026-08-23T00:47:07.813Z,34.36,71.2

2026-08-23T00:47:12.814Z,34.38,71.12

2026-08-23T00:47:17.813Z,34.39,71.22

2026-08-23T00:47:22.815Z,34.38,71.17

2026-08-23T00:47:27.826Z,34.38,71.19

2026-08-23T00:47:32.814Z,34.37,71.27

2026-08-23T00:47:37.814Z,34.37,71.25

2026-08-23T00:47:42.814Z,34.38,71.2

2026-08-23T00:47:47.814Z,34.37,71.18

2026-08-23T00:47:52.813Z,34.38,71.17

2026-08-23T00:47:57.828Z,34.39,71.25

2026-08-23T00:48:02.814Z,34.38,71.17

2026-08-23T00:48:07.816Z,34.37,71.15

2026-08-23T00:48:12.816Z,34.36,71.13

2026-08-23T00:48:17.816Z,34.38,71.13

2026-08-23T00:48:22.816Z,34.38,71.1

2026-08-23T00:48:27.825Z,34.38,71.18

2026-08-23T00:48:32.817Z,34.4,71.15

2026-08-23T00:48:37.817Z,34.37,71.14

2026-08-23T00:48:42.816Z,34.38,71.18

2026-08-23T00:48:47.820Z,34.39,71.07

2026-08-23T00:48:52.818Z,34.38,71.07

2026-08-23T00:48:57.833Z,34.37,71.09

2026-08-23T00:49:02.821Z,34.4,71.07

2026-08-23T00:49:07.817Z,34.37,71.04

2026-08-23T00:49:12.819Z,34.39,71.09

2026-08-23T00:49:17.819Z,34.38,71.04

2026-08-23T00:49:22.825Z,34.37,71.13

2026-08-23T00:49:27.836Z,34.36,71.15

2026-08-23T00:49:32.827Z,34.36,71.15

2026-08-23T00:49:37.825Z,34.36,71.14

2026-08-23T00:49:42.827Z,34.36,71.13

2026-08-23T00:49:47.826Z,34.37,71.13

2026-08-23T00:49:52.836Z,34.37,71.12

2026-08-23T00:49:57.850Z,34.35,71.19

2026-08-23T00:50:02.834Z,34.35,71.12

2026-08-23T00:50:07.835Z,34.36,71.09

2026-08-23T00:50:12.832Z,34.36,71.14

2026-08-23T00:50:17.836Z,34.38,71.15

2026-08-23T00:50:22.846Z,34.36,71.15

2026-08-23T00:50:27.858Z,34.37,71.19

2026-08-23T00:50:32.843Z,34.35,71.18

2026-08-23T00:50:37.845Z,34.36,71.23

2026-08-23T00:50:42.844Z,34.36,71.16

2026-08-23T00:50:47.846Z,34.36,71.16

2026-08-23T00:50:52.859Z,34.34,71.17

2026-08-23T00:50:57.870Z,34.36,71.28

2026-08-23T00:51:02.857Z,34.36,71.21

2026-08-23T00:51:07.857Z,34.36,71.23

2026-08-23T00:51:12.859Z,34.34,71.24

2026-08-23T00:51:17.858Z,34.35,71.24

2026-08-23T00:51:22.861Z,34.35,71.22

2026-08-23T00:51:27.872Z,34.36,71.33

2026-08-23T00:51:32.859Z,34.35,71.26

2026-08-23T00:51:37.861Z,34.36,71.31

2026-08-23T00:51:42.859Z,34.35,71.29

2026-08-23T00:51:47.860Z,34.36,71.25

2026-08-23T00:51:52.860Z,34.36,71.3

2026-08-23T00:51:57.876Z,34.34,71.34

2026-08-23T00:52:02.860Z,34.36,71.27

2026-08-23T00:52:07.862Z,34.35,71.26

2026-08-23T00:52:12.862Z,34.34,71.3

2026-08-23T00:52:17.862Z,34.35,71.24

2026-08-23T00:52:22.868Z,34.35,71.26

2026-08-23T00:52:27.876Z,34.35,71.33

2026-08-23T00:52:32.863Z,34.33,71.28

2026-08-23T00:52:37.866Z,34.36,71.29

2026-08-23T00:52:42.868Z,34.34,71.32

2026-08-23T00:52:47.868Z,34.34,71.34

2026-08-23T00:52:52.876Z,34.35,71.34

2026-08-23T00:52:57.888Z,34.35,71.31

2026-08-23T00:53:02.873Z,34.35,71.33

2026-08-23T00:53:07.875Z,34.33,71.39

2026-08-23T00:53:12.874Z,34.34,71.38

2026-08-23T00:53:17.875Z,34.34,71.37

2026-08-23T00:53:22.885Z,34.34,71.36

2026-08-23T00:53:27.901Z,34.33,71.41

2026-08-23T00:53:32.884Z,34.33,71.39

2026-08-23T00:53:37.887Z,34.33,71.31

2026-08-23T00:53:42.886Z,34.36,71.35

2026-08-23T00:53:47.887Z,34.34,71.3

2026-08-23T00:53:52.898Z,34.34,71.44

2026-08-23T00:53:57.914Z,34.33,71.47

2026-08-23T00:54:02.897Z,34.34,71.43

2026-08-23T00:54:07.899Z,34.34,71.42

2026-08-23T00:54:12.899Z,34.33,71.41

2026-08-23T00:54:17.899Z,34.34,71.38

2026-08-23T00:54:22.909Z,34.33,71.41

2026-08-23T00:54:27.921Z,34.33,71.41

2026-08-23T00:54:32.910Z,34.34,71.45

2026-08-23T00:54:37.908Z,34.32,71.46

2026-08-23T00:54:42.910Z,34.34,71.48

2026-08-23T00:54:47.911Z,34.33,71.48

2026-08-23T00:54:52.916Z,34.32,71.51

2026-08-23T00:54:57.925Z,34.33,71.51

2026-08-23T00:55:02.914Z,34.34,71.51

2026-08-23T00:55:07.914Z,34.33,71.55

2026-08-23T00:55:12.915Z,34.32,71.52

2026-08-23T00:55:17.913Z,34.32,71.52

2026-08-23T00:55:22.925Z,34.31,71.47

2026-08-23T00:55:27.936Z,34.31,71.57

2026-08-23T00:55:32.924Z,34.33,71.51

2026-08-23T00:55:37.923Z,34.31,71.51

2026-08-23T00:55:42.923Z,34.32,71.51

2026-08-23T00:55:47.923Z,34.3,71.57

2026-08-23T00:55:52.929Z,34.3,71.57

2026-08-23T00:55:57.942Z,34.32,71.53

2026-08-23T00:56:02.929Z,34.32,71.57

2026-08-23T00:56:07.930Z,34.3,71.56

2026-08-23T00:56:12.931Z,34.32,71.6

2026-08-23T00:56:17.929Z,34.31,71.57

2026-08-23T00:56:22.936Z,34.33,71.56

2026-08-23T00:56:27.947Z,34.29,71.55

2026-08-23T00:56:32.935Z,34.31,71.58

2026-08-23T00:56:37.936Z,34.31,71.59

2026-08-23T00:56:42.937Z,34.3,71.62

2026-08-23T00:56:47.939Z,34.31,71.56

2026-08-23T00:56:52.945Z,34.29,71.68

2026-08-23T00:56:57.958Z,34.28,71.64

2026-08-23T00:57:02.947Z,34.28,71.71

2026-08-23T00:57:07.947Z,34.29,71.7

2026-08-23T00:57:12.947Z,34.28,71.83

2026-08-23T00:57:17.947Z,34.27,71.87

2026-08-23T00:57:22.962Z,34.27,71.85

2026-08-23T00:57:27.970Z,34.25,71.95

2026-08-23T00:57:32.962Z,34.27,71.93

2026-08-23T00:57:37.961Z,34.22,72.1

2026-08-23T00:57:42.963Z,34.25,72.14

2026-08-23T00:57:47.963Z,34.22,72.18

2026-08-23T00:57:52.965Z,34.22,72.22

2026-08-23T00:57:57.974Z,34.21,72.35

2026-08-23T00:58:02.963Z,34.23,72.36

2026-08-23T00:58:07.964Z,34.22,72.38

2026-08-23T00:58:12.965Z,34.2,72.45

2026-08-23T00:58:17.964Z,34.17,72.58

2026-08-23T00:58:22.970Z,34.19,72.55

2026-08-23T00:58:27.985Z,34.18,72.59

2026-08-23T00:58:32.970Z,34.18,72.61

2026-08-23T00:58:37.972Z,34.16,72.71

2026-08-23T00:58:42.969Z,34.17,72.68

2026-08-23T00:58:47.970Z,34.18,72.8

2026-08-23T00:58:52.973Z,34.16,72.8

2026-08-23T00:58:57.984Z,34.15,72.89

2026-08-23T00:59:02.970Z,34.16,72.86

2026-08-23T00:59:07.972Z,34.16,72.85

2026-08-23T00:59:12.972Z,34.13,72.88

2026-08-23T00:59:17.972Z,34.15,72.9

2026-08-23T00:59:22.972Z,34.15,72.97

2026-08-23T00:59:27.985Z,34.15,73.06

2026-08-23T00:59:32.972Z,34.14,73.01

2026-08-23T00:59:37.978Z,34.15,73.03

2026-08-23T00:59:42.976Z,34.13,73.04

2026-08-23T00:59:47.975Z,34.13,73.01

2026-08-23T00:59:52.993Z,34.12,73.07

2026-08-23T00:59:58.003Z,34.1,73.05

2026-08-23T01:00:02.989Z,34.12,73.11

2026-08-23T01:00:07.989Z,34.1,73.06

2026-08-23T01:00:12.990Z,34.1,73.12

2026-08-23T01:00:17.990Z,34.11,73.07

2026-08-23T01:00:23.004Z,34.09,73.16

2026-08-23T01:00:28.014Z,34.09,73.19

2026-08-23T01:00:33.002Z,34.09,73.11

2026-08-23T01:00:38.004Z,34.08,73.21

2026-08-23T01:00:43.004Z,34.08,73.22

2026-08-23T01:00:48.005Z,34.09,73.22

2026-08-23T01:00:53.016Z,34.09,73.23

2026-08-23T01:00:58.028Z,34.08,73.25

2026-08-23T01:01:03.013Z,34.08,73.23

2026-08-23T01:01:08.016Z,34.08,73.27

2026-08-23T01:01:13.017Z,34.06,73.27

2026-08-23T01:01:18.017Z,34.06,73.31

2026-08-23T01:01:23.020Z,34.04,73.32

2026-08-23T01:01:28.030Z,34.06,73.26

2026-08-23T01:01:33.019Z,34.06,73.25

2026-08-23T01:01:38.020Z,34.04,73.31

2026-08-23T01:01:43.019Z,34.05,73.31

2026-08-23T01:01:48.020Z,34.02,73.37

2026-08-23T01:01:53.023Z,34.04,73.34

2026-08-23T01:01:58.032Z,34.04,73.41

2026-08-23T01:02:03.022Z,34.03,73.38

2026-08-23T01:02:08.023Z,34.04,73.39

2026-08-23T01:02:13.021Z,34.02,73.46

2026-08-23T01:02:18.021Z,34.03,73.42

2026-08-23T01:02:23.029Z,34.02,73.49

2026-08-23T01:02:28.038Z,34.03,73.49

2026-08-23T01:02:33.028Z,34.02,73.42

2026-08-23T01:02:38.027Z,34.01,73.41

2026-08-23T01:02:43.029Z,34.01,73.45

2026-08-23T01:02:48.026Z,34.01,73.48

2026-08-23T01:02:53.031Z,34.01,73.44

2026-08-23T01:02:58.043Z,34.01,73.51

2026-08-23T01:03:03.031Z,33.99,73.49

2026-08-23T01:03:08.033Z,33.99,73.47

2026-08-23T01:03:13.033Z,33.97,73.44

2026-08-23T01:03:18.033Z,33.99,73.43

2026-08-23T01:03:23.034Z,33.98,73.47

2026-08-23T01:03:28.050Z,33.97,73.58

2026-08-23T01:03:33.038Z,33.98,73.58

2026-08-23T01:03:38.037Z,33.95,73.48

2026-08-23T01:03:43.036Z,33.94,73.52

2026-08-23T01:03:48.037Z,33.96,73.55

2026-08-23T01:03:53.053Z,33.97,73.56

2026-08-23T01:03:58.066Z,33.95,73.59

2026-08-23T01:04:03.048Z,33.93,73.52

2026-08-23T01:04:08.048Z,33.93,73.6

2026-08-23T01:04:13.048Z,33.92,73.65

2026-08-23T01:04:18.049Z,33.95,73.6

2026-08-23T01:04:23.062Z,33.92,73.66

2026-08-23T01:04:28.072Z,33.93,73.62

2026-08-23T01:04:33.060Z,33.94,73.63

2026-08-23T01:04:38.061Z,33.94,73.67

2026-08-23T01:04:43.062Z,33.9,73.71

2026-08-23T01:04:48.062Z,33.93,73.7

2026-08-23T01:04:53.097Z,33.94,73.69

2026-08-23T01:04:58.110Z,33.92,73.71

2026-08-23T01:05:03.095Z,33.92,73.68

2026-08-23T01:05:08.097Z,33.9,73.65

2026-08-23T01:05:13.097Z,33.94,73.63

2026-08-23T01:05:18.097Z,33.91,73.73

2026-08-23T01:05:23.097Z,33.91,73.67

2026-08-23T01:05:28.109Z,33.91,73.75

2026-08-23T01:05:33.096Z,33.93,73.61

2026-08-23T01:05:38.097Z,33.9,73.64

2026-08-23T01:05:43.099Z,33.91,73.68

2026-08-23T01:05:48.110Z,33.92,73.76

2026-08-23T01:05:53.099Z,33.92,73.65

2026-08-23T01:05:58.100Z,33.91,73.75

2026-08-23T01:06:03.100Z,33.91,73.72

2026-08-23T01:06:08.111Z,33.9,73.75

2026-08-23T01:06:13.100Z,33.88,73.73

2026-08-23T01:06:18.099Z,33.91,73.67

2026-08-23T01:06:23.100Z,33.9,73.73

2026-08-23T01:06:28.102Z,33.91,73.79

2026-08-23T01:06:33.102Z,33.89,73.7

2026-08-23T01:06:38.113Z,33.9,73.76

2026-08-23T01:06:43.099Z,33.92,73.67

2026-08-23T01:06:48.100Z,33.9,73.68

2026-08-23T01:06:53.104Z,33.9,73.68

2026-08-23T01:06:58.115Z,33.92,73.78

2026-08-23T01:07:03.102Z,33.9,73.69

2026-08-23T01:07:08.101Z,33.91,73.73

2026-08-23T01:07:13.109Z,33.91,73.71

2026-08-23T01:07:18.106Z,33.9,73.73

2026-08-23T01:07:23.120Z,33.94,73.68

2026-08-23T01:07:28.143Z,33.9,73.64

2026-08-23T01:07:33.122Z,33.92,73.66

2026-08-23T01:07:38.119Z,33.94,73.58

2026-08-23T01:07:43.118Z,33.94,73.59

2026-08-23T01:07:48.120Z,33.95,73.57

2026-08-23T01:07:53.123Z,33.94,73.51

2026-08-23T01:07:58.136Z,33.93,73.48

2026-08-23T01:08:03.124Z,33.95,73.48

2026-08-23T01:08:08.125Z,33.94,73.35

2026-08-23T01:08:13.127Z,33.96,73.29

2026-08-23T01:08:18.126Z,33.97,73.32

2026-08-23T01:08:23.138Z,33.98,73.36

2026-08-23T01:08:28.147Z,33.99,73.32

2026-08-23T01:08:33.138Z,33.97,73.33

2026-08-23T01:08:38.138Z,33.98,73.36

2026-08-23T01:08:43.137Z,33.98,73.33

2026-08-23T01:08:48.152Z,33.99,73.38

2026-08-23T01:08:53.138Z,34.02,73.41

2026-08-23T01:08:58.138Z,34,73.36

2026-08-23T01:09:03.137Z,34.02,73.31

2026-08-23T01:09:08.139Z,34.03,73.28

2026-08-23T01:09:13.141Z,34.02,73.27

2026-08-23T01:09:18.153Z,34.03,73.3

2026-08-23T01:09:23.141Z,34.04,73.24

2026-08-23T01:09:28.142Z,34.03,73.12

2026-08-23T01:09:33.141Z,34.07,73.15

2026-08-23T01:09:38.143Z,34.07,73.09

2026-08-23T01:09:43.146Z,34.05,73.08

2026-08-23T01:09:48.155Z,34.07,73.15

2026-08-23T01:09:53.143Z,34.07,73.1

2026-08-23T01:09:58.143Z,34.08,73.05

2026-08-23T01:10:03.144Z,34.07,73.07

2026-08-23T01:10:08.145Z,34.08,73.11

2026-08-23T01:10:13.146Z,34.07,72.99

2026-08-23T01:10:18.159Z,34.08,73.07

2026-08-23T01:10:23.146Z,34.09,73.01

2026-08-23T01:10:28.145Z,34.1,72.98

2026-08-23T01:10:33.146Z,34.09,72.97

2026-08-23T01:10:38.145Z,34.12,73.01

2026-08-23T01:10:43.159Z,34.1,72.86

2026-08-23T01:10:48.171Z,34.12,72.85

2026-08-23T01:10:53.158Z,34.12,72.77

2026-08-23T01:10:58.159Z,34.12,72.72

2026-08-23T01:11:03.157Z,34.13,72.64

2026-08-23T01:11:08.164Z,34.11,72.68

2026-08-23T01:11:13.165Z,34.12,72.69

2026-08-23T01:11:18.174Z,34.12,72.69

2026-08-23T01:11:23.163Z,34.14,72.61

2026-08-23T01:11:28.163Z,34.13,72.57

2026-08-23T01:11:33.162Z,34.14,72.66

2026-08-23T01:11:38.164Z,34.14,72.59

2026-08-23T01:11:43.168Z,34.16,72.63

2026-08-23T01:11:48.177Z,34.14,72.67

2026-08-23T01:11:53.166Z,34.14,72.64

2026-08-23T01:11:58.167Z,34.14,72.63

2026-08-23T01:12:03.165Z,34.16,72.66

2026-08-23T01:12:08.179Z,34.13,72.64

2026-08-23T01:12:13.166Z,34.15,72.6

2026-08-23T01:12:18.166Z,34.15,72.58

2026-08-23T01:12:23.165Z,34.15,72.54

2026-08-23T01:12:28.169Z,34.17,72.59

2026-08-23T01:12:33.196Z,34.17,72.58

2026-08-23T01:12:38.207Z,34.16,72.57

2026-08-23T01:12:43.193Z,34.16,72.5

2026-08-23T01:12:48.196Z,34.17,72.48

2026-08-23T01:12:53.194Z,34.17,72.43

2026-08-23T01:12:58.196Z,34.17,72.42

2026-08-23T01:13:03.210Z,34.16,72.47

2026-08-23T01:13:08.218Z,34.16,72.43

2026-08-23T01:13:13.204Z,34.17,72.34

2026-08-23T01:13:18.205Z,34.18,72.28

2026-08-23T01:13:23.204Z,34.17,72.3

2026-08-23T01:13:28.205Z,34.18,72.25

2026-08-23T01:13:33.213Z,34.19,72.22

2026-08-23T01:13:38.224Z,34.16,72.21

2026-08-23T01:13:43.212Z,34.17,72.2

2026-08-23T01:13:48.212Z,34.17,72.16

2026-08-23T01:13:53.212Z,34.18,72.16

2026-08-23T01:13:58.211Z,34.17,72.09

2026-08-23T01:14:03.222Z,34.16,72.14

2026-08-23T01:14:08.232Z,34.16,72.19

2026-08-23T01:14:13.218Z,34.16,72.15

2026-08-23T01:14:18.219Z,34.17,72.18

2026-08-23T01:14:23.219Z,34.14,72.18

2026-08-23T01:14:28.219Z,34.13,72.17

2026-08-23T01:14:33.229Z,34.15,72.18

2026-08-23T01:14:38.240Z,34.13,72.22

2026-08-23T01:14:43.227Z,34.13,72.24

2026-08-23T01:14:48.227Z,34.15,72.24

2026-08-23T01:14:53.228Z,34.15,72.23

2026-08-23T01:14:58.228Z,34.15,72.18

2026-08-23T01:15:03.246Z,34.15,72.2

2026-08-23T01:15:08.258Z,34.15,72.2

2026-08-23T01:15:13.242Z,34.13,72.17

2026-08-23T01:15:18.242Z,34.14,72.22

2026-08-23T01:15:23.241Z,34.13,72.17

2026-08-23T01:15:28.242Z,34.14,72.13

2026-08-23T01:15:33.247Z,34.15,72.19

2026-08-23T01:15:38.261Z,34.14,72.24

2026-08-23T01:15:43.246Z,34.14,72.25

2026-08-23T01:15:48.247Z,34.12,72.25

2026-08-23T01:15:53.246Z,34.15,72.33

2026-08-23T01:15:58.249Z,34.15,72.4

2026-08-23T01:16:03.264Z,34.15,72.33

2026-08-23T01:16:08.273Z,34.14,72.4

2026-08-23T01:16:13.261Z,34.14,72.37

2026-08-23T01:16:18.264Z,34.16,72.29

2026-08-23T01:16:23.262Z,34.16,72.19

2026-08-23T01:16:28.264Z,34.14,72.18

2026-08-23T01:16:33.266Z,34.17,72.18

2026-08-23T01:16:38.278Z,34.13,72.2

2026-08-23T01:16:43.264Z,34.13,72.08

2026-08-23T01:16:48.265Z,34.14,72.04

2026-08-23T01:16:53.263Z,34.14,72.06

2026-08-23T01:16:58.264Z,34.15,72.07

2026-08-23T01:17:03.272Z,34.14,72.14

2026-08-23T01:17:08.282Z,34.15,72.17

2026-08-23T01:17:13.270Z,34.15,72.14

2026-08-23T01:17:18.272Z,34.14,72.15

2026-08-23T01:17:23.272Z,34.13,72.09

2026-08-23T01:17:28.270Z,34.13,72.02

2026-08-23T01:17:33.272Z,34.14,71.93

2026-08-23T01:17:38.286Z,34.14,72.01

2026-08-23T01:17:43.273Z,34.15,72

2026-08-23T01:17:48.273Z,34.15,71.96

2026-08-23T01:17:53.272Z,34.15,71.96

2026-08-23T01:17:58.285Z,34.14,72.04

2026-08-23T01:18:03.274Z,34.13,72.04

2026-08-23T01:18:08.274Z,34.13,72.05

2026-08-23T01:18:13.273Z,34.12,72.14

2026-08-23T01:18:18.274Z,34.15,72.1

2026-08-23T01:18:23.273Z,34.13,72.07

2026-08-23T01:18:28.292Z,34.12,72.14

2026-08-23T01:18:33.277Z,34.12,72.15

2026-08-23T01:18:38.278Z,34.14,72.18

2026-08-23T01:18:43.279Z,34.12,72.15

2026-08-23T01:18:48.278Z,34.14,72.11

2026-08-23T01:18:53.279Z,34.13,72.13

2026-08-23T01:18:58.292Z,34.14,72.14

2026-08-23T01:19:03.280Z,34.15,72.12

2026-08-23T01:19:08.283Z,34.15,72.09

2026-08-23T01:19:13.280Z,34.15,72.17

2026-08-23T01:19:18.282Z,34.17,72.19

2026-08-23T01:19:23.283Z,34.15,72.14

2026-08-23T01:19:28.296Z,34.14,72.16

2026-08-23T01:19:33.283Z,34.14,72.18

2026-08-23T01:19:38.287Z,34.15,72.19

2026-08-23T01:19:43.286Z,34.16,72.2

2026-08-23T01:19:48.287Z,34.16,72.11

2026-08-23T01:19:53.297Z,34.16,72.06

2026-08-23T01:19:58.308Z,34.16,72.11

2026-08-23T01:20:03.293Z,34.18,72.04

2026-08-23T01:20:08.294Z,34.16,72.07

2026-08-23T01:20:13.296Z,34.16,72.03

2026-08-23T01:20:18.295Z,34.16,72.01

2026-08-23T01:20:23.305Z,34.17,72

2026-08-23T01:20:28.316Z,34.17,72.07

2026-08-23T01:20:33.303Z,34.15,71.99

2026-08-23T01:20:38.305Z,34.17,72.05

2026-08-23T01:20:43.303Z,34.17,72.01

2026-08-23T01:20:48.304Z,34.18,72.03

2026-08-23T01:20:53.311Z,34.17,72.01

2026-08-23T01:20:58.326Z,34.19,72.07

2026-08-23T01:21:03.311Z,34.18,71.97

2026-08-23T01:21:08.312Z,34.19,72.01

2026-08-23T01:21:13.311Z,34.21,72

2026-08-23T01:21:18.311Z,34.17,71.99

2026-08-23T01:21:23.316Z,34.2,72.01

2026-08-23T01:21:28.331Z,34.2,72.08

2026-08-23T01:21:33.315Z,34.2,71.96

2026-08-23T01:21:38.317Z,34.2,71.96

2026-08-23T01:21:43.318Z,34.21,71.98

2026-08-23T01:21:48.316Z,34.21,71.95

2026-08-23T01:21:53.323Z,34.19,71.94

2026-08-23T01:21:58.332Z,34.2,71.93

2026-08-23T01:22:03.323Z,34.2,71.91

2026-08-23T01:22:08.327Z,34.21,71.91

2026-08-23T01:22:13.326Z,34.2,71.95

2026-08-23T01:22:18.324Z,34.21,71.93

2026-08-23T01:22:23.324Z,34.22,71.93

2026-08-23T01:22:28.334Z,34.21,71.99

2026-08-23T01:22:33.325Z,34.24,71.88

2026-08-23T01:22:38.327Z,34.23,71.9

2026-08-23T01:22:43.324Z,34.24,71.92

2026-08-23T01:22:48.325Z,34.24,72

2026-08-23T01:22:53.335Z,34.23,71.88

2026-08-23T01:22:58.350Z,34.23,71.96

2026-08-23T01:23:03.337Z,34.23,71.88

2026-08-23T01:23:08.338Z,34.26,71.95

2026-08-23T01:23:13.337Z,34.24,71.89

2026-08-23T01:23:18.337Z,34.26,71.88

2026-08-23T01:23:23.342Z,34.24,71.94

2026-08-23T01:23:28.355Z,34.22,71.94

2026-08-23T01:23:33.341Z,34.25,71.9

2026-08-23T01:23:38.342Z,34.24,71.88

2026-08-23T01:23:43.342Z,34.24,71.89

2026-08-23T01:23:48.343Z,34.27,71.86

2026-08-23T01:23:53.343Z,34.25,71.78

2026-08-23T01:23:58.356Z,34.25,71.88

2026-08-23T01:24:03.343Z,34.25,71.78

2026-08-23T01:24:08.343Z,34.25,71.81

2026-08-23T01:24:13.345Z,34.26,71.85

2026-08-23T01:24:18.344Z,34.27,71.79

2026-08-23T01:24:23.352Z,34.26,71.81

2026-08-23T01:24:28.364Z,34.26,71.84

2026-08-23T01:24:33.353Z,34.27,71.8

2026-08-23T01:24:38.355Z,34.28,71.81

2026-08-23T01:24:43.351Z,34.24,71.81

2026-08-23T01:24:48.352Z,34.25,71.8

2026-08-23T01:24:53.355Z,34.27,71.78

2026-08-23T01:24:58.364Z,34.25,71.8

2026-08-23T01:25:03.354Z,34.26,71.75

2026-08-23T01:25:08.353Z,34.27,71.75

2026-08-23T01:25:13.355Z,34.27,71.75

2026-08-23T01:25:18.355Z,34.26,71.78

2026-08-23T01:25:23.362Z,34.25,71.79

2026-08-23T01:25:28.375Z,34.25,71.84

2026-08-23T01:25:33.363Z,34.26,71.81

2026-08-23T01:25:38.365Z,34.25,71.78

2026-08-23T01:25:43.362Z,34.25,71.81

2026-08-23T01:25:48.365Z,34.26,71.82

2026-08-23T01:25:53.382Z,34.26,71.81

2026-08-23T01:25:58.398Z,34.28,71.87

2026-08-23T01:26:03.387Z,34.26,71.82

2026-08-23T01:26:08.384Z,34.26,71.84

2026-08-23T01:26:13.386Z,34.26,71.87

2026-08-23T01:26:18.385Z,34.25,71.8

2026-08-23T01:26:23.387Z,34.27,71.83

2026-08-23T01:26:28.399Z,34.26,71.8

2026-08-23T01:26:33.388Z,34.27,71.78

2026-08-23T01:26:38.389Z,34.24,71.77

2026-08-23T01:26:43.389Z,34.26,71.8

2026-08-23T01:26:48.392Z,34.28,71.75

2026-08-23T01:26:53.397Z,34.26,71.79

2026-08-23T01:26:58.408Z,34.26,71.8

2026-08-23T01:27:03.395Z,34.23,71.84

2026-08-23T01:27:08.394Z,34.2,71.88

2026-08-23T01:27:13.395Z,34.2,71.95

2026-08-23T01:27:18.395Z,34.2,71.89

2026-08-23T01:27:23.408Z,34.18,72.01

2026-08-23T01:27:28.418Z,34.17,72.05

2026-08-23T01:27:33.405Z,34.18,72.08

2026-08-23T01:27:38.406Z,34.15,72.09

2026-08-23T01:27:43.408Z,34.16,72.13

2026-08-23T01:27:48.408Z,34.14,72.15

2026-08-23T01:27:53.411Z,34.14,72.2

2026-08-23T01:27:58.423Z,34.12,72.3

2026-08-23T01:28:03.408Z,34.09,72.36

2026-08-23T01:28:08.410Z,34.09,72.34

2026-08-23T01:28:13.410Z,34.1,72.44

2026-08-23T01:28:18.411Z,34.09,72.42

2026-08-23T01:28:23.415Z,34.07,72.47

2026-08-23T01:28:28.427Z,33.99,72.63

2026-08-23T01:28:33.412Z,33.99,72.69

2026-08-23T01:28:38.414Z,33.95,72.77

2026-08-23T01:28:43.414Z,33.92,72.93

2026-08-23T01:28:48.416Z,33.9,72.96

2026-08-23T01:28:53.418Z,33.92,73.1

2026-08-23T01:28:58.428Z,33.91,73.09

2026-08-23T01:29:03.417Z,33.9,73.12

2026-08-23T01:29:08.416Z,33.88,73.13

2026-08-23T01:29:13.416Z,33.89,73.21

2026-08-23T01:29:18.418Z,33.88,73.23

2026-08-23T01:29:23.432Z,33.87,73.21

2026-08-23T01:29:28.449Z,33.86,73.31

2026-08-23T01:29:33.433Z,33.86,73.3

2026-08-23T01:29:38.434Z,33.84,73.35

2026-08-23T01:29:43.434Z,33.83,73.34

2026-08-23T01:29:48.440Z,33.86,73.38

2026-08-23T01:29:53.440Z,33.82,73.36

2026-08-23T01:29:58.453Z,33.81,73.39

2026-08-23T01:30:03.438Z,33.83,73.37

2026-08-23T01:30:08.439Z,33.81,73.46

2026-08-23T01:30:13.440Z,33.81,73.42

2026-08-23T01:30:18.440Z,33.82,73.45

2026-08-23T01:30:23.449Z,33.81,73.44

2026-08-23T01:30:28.457Z,33.81,73.52

2026-08-23T01:30:33.447Z,33.81,73.46

2026-08-23T01:30:38.448Z,33.81,73.41

2026-08-23T01:30:43.448Z,33.81,73.41

2026-08-23T01:30:48.449Z,33.83,73.23

2026-08-23T01:30:53.463Z,33.81,73.28

2026-08-23T01:30:58.472Z,33.82,73.28

2026-08-23T01:31:03.461Z,33.84,73.24

2026-08-23T01:31:08.462Z,33.83,73.3

2026-08-23T01:31:13.461Z,33.83,73.24

2026-08-23T01:31:18.461Z,33.83,73.2

2026-08-23T01:31:23.472Z,33.85,73.24

2026-08-23T01:31:28.489Z,33.84,73.2

2026-08-23T01:31:33.473Z,33.84,73.17

2026-08-23T01:31:38.474Z,33.86,73.17

2026-08-23T01:31:43.474Z,33.86,73.18

2026-08-23T01:31:48.474Z,33.83,73.08

2026-08-23T01:31:53.475Z,33.86,73.17

2026-08-23T01:31:58.485Z,33.88,73.06

2026-08-23T01:32:03.473Z,33.85,73.04

2026-08-23T01:32:08.474Z,33.86,73.04

2026-08-23T01:32:13.473Z,33.87,73

2026-08-23T01:32:18.474Z,33.86,72.99

2026-08-23T01:32:23.490Z,33.87,72.97

2026-08-23T01:32:28.500Z,33.88,72.97

2026-08-23T01:32:33.485Z,33.88,72.91

2026-08-23T01:32:38.484Z,33.87,72.83

2026-08-23T01:32:43.486Z,33.88,72.91

2026-08-23T01:32:48.487Z,33.88,72.95

2026-08-23T01:32:53.489Z,33.86,72.86

2026-08-23T01:32:58.506Z,33.87,72.93

2026-08-23T01:33:03.488Z,33.88,72.85

2026-08-23T01:33:08.490Z,33.89,72.8

2026-08-23T01:33:13.492Z,33.87,72.78

2026-08-23T01:33:18.491Z,33.89,72.83

2026-08-23T01:33:23.501Z,33.89,72.73

2026-08-23T01:33:28.512Z,33.89,72.78

2026-08-23T01:33:33.494Z,33.9,72.72

2026-08-23T01:33:38.496Z,33.91,72.74

2026-08-23T01:33:43.496Z,33.89,72.67

2026-08-23T01:33:48.496Z,33.88,72.69

2026-08-23T01:33:53.508Z,33.9,72.61

2026-08-23T01:33:58.519Z,33.89,72.59

2026-08-23T01:34:03.509Z,33.89,72.55

2026-08-23T01:34:08.509Z,33.9,72.54

2026-08-23T01:34:13.506Z,33.92,72.48

2026-08-23T01:34:18.509Z,33.9,72.47

2026-08-23T01:34:23.518Z,33.91,72.47

2026-08-23T01:34:28.531Z,33.9,72.5

2026-08-23T01:34:33.515Z,33.89,72.48

2026-08-23T01:34:38.515Z,33.9,72.46

2026-08-23T01:34:43.517Z,33.94,72.4

2026-08-23T01:34:48.515Z,33.91,72.37

2026-08-23T01:34:53.521Z,33.9,72.41

2026-08-23T01:34:58.534Z,33.91,72.44

2026-08-23T01:35:03.520Z,33.92,72.36

2026-08-23T01:35:08.520Z,33.93,72.39

2026-08-23T01:35:13.521Z,33.91,72.31

2026-08-23T01:35:18.520Z,33.92,72.39

2026-08-23T01:35:23.534Z,33.93,72.43

2026-08-23T01:35:28.542Z,33.93,72.36

2026-08-23T01:35:33.532Z,33.92,72.34

2026-08-23T01:35:38.533Z,33.94,72.25

2026-08-23T01:35:43.532Z,33.92,72.28

2026-08-23T01:35:48.533Z,33.95,72.29

2026-08-23T01:35:53.538Z,33.94,72.3

2026-08-23T01:35:58.546Z,33.92,72.25

2026-08-23T01:36:03.535Z,33.95,72.24

2026-08-23T01:36:08.537Z,33.96,72.18

2026-08-23T01:36:13.537Z,33.95,72.2

2026-08-23T01:36:18.537Z,33.95,72.22

2026-08-23T01:36:23.543Z,33.95,72.24

2026-08-23T01:36:28.554Z,33.95,72.22

2026-08-23T01:36:33.542Z,33.95,72.14

2026-08-23T01:36:38.542Z,33.96,72.16

2026-08-23T01:36:43.544Z,33.95,72.18

2026-08-23T01:36:48.544Z,33.98,72.14

2026-08-23T01:36:53.546Z,33.97,72.18

2026-08-23T01:36:58.566Z,33.97,72.25

2026-08-23T01:37:03.545Z,33.97,72.19

2026-08-23T01:37:08.545Z,33.97,72.07

2026-08-23T01:37:13.544Z,33.96,72.12

2026-08-23T01:37:18.546Z,33.97,72.16

2026-08-23T01:37:23.553Z,33.97,72.14

2026-08-23T01:37:28.567Z,33.95,72.23

2026-08-23T01:37:33.557Z,33.96,72.15

2026-08-23T01:37:38.556Z,33.96,72.16

2026-08-23T01:37:43.559Z,33.95,72.17

2026-08-23T01:37:48.557Z,33.97,72.13

2026-08-23T01:37:53.572Z,33.96,72.14

2026-08-23T01:37:58.586Z,33.96,72.18

2026-08-23T01:38:03.571Z,33.98,72.13

2026-08-23T01:38:08.572Z,33.95,72.2

2026-08-23T01:38:13.572Z,33.97,72.13

2026-08-23T01:38:18.574Z,33.97,72.12

2026-08-23T01:38:23.574Z,33.98,72.15

2026-08-23T01:38:28.585Z,33.99,72.18

2026-08-23T01:38:33.573Z,33.99,72.11

2026-08-23T01:38:38.575Z,33.98,72.14

2026-08-23T01:38:43.573Z,33.97,72.14

2026-08-23T01:38:48.586Z,33.99,72.17

2026-08-23T01:38:53.575Z,34,72.17

2026-08-23T01:38:58.576Z,33.99,72.13

2026-08-23T01:39:03.579Z,33.99,72.11

2026-08-23T01:39:08.577Z,33.99,72.12

2026-08-23T01:39:13.575Z,34.01,72.14

2026-08-23T01:39:18.589Z,33.99,72.2

2026-08-23T01:39:23.576Z,34,72.1

2026-08-23T01:39:28.577Z,34,72.13

2026-08-23T01:39:33.577Z,34,72.06

2026-08-23T01:39:38.578Z,34,72.07

2026-08-23T01:39:43.579Z,33.98,72.12

2026-08-23T01:39:48.596Z,34,72.13

2026-08-23T01:39:53.580Z,33.99,72.08

2026-08-23T01:39:58.578Z,34,72.18

2026-08-23T01:40:03.579Z,34,72.15

2026-08-23T01:40:08.581Z,33.98,72.18

2026-08-23T01:40:13.588Z,33.97,72.2

2026-08-23T01:40:18.595Z,34,72.16

2026-08-23T01:40:23.585Z,34,72.17

2026-08-23T01:40:28.585Z,33.99,72.16

2026-08-23T01:40:33.587Z,33.99,72.22

2026-08-23T01:40:38.588Z,34,72.15

2026-08-23T01:40:43.607Z,33.99,72.17

2026-08-23T01:40:48.618Z,33.99,72.18

2026-08-23T01:40:53.606Z,33.99,72.17

2026-08-23T01:40:58.611Z,33.98,72.2

2026-08-23T01:41:03.607Z,33.98,72.2

2026-08-23T01:41:08.608Z,33.98,72.2

2026-08-23T01:41:13.618Z,33.99,72.17

2026-08-23T01:41:18.634Z,33.99,72.22

2026-08-23T01:41:23.620Z,33.97,72.2

2026-08-23T01:41:28.620Z,33.97,72.22

2026-08-23T01:41:33.621Z,33.99,72.2

2026-08-23T01:41:38.621Z,34,72.24

2026-08-23T01:41:43.624Z,33.96,72.22

2026-08-23T01:41:48.636Z,33.99,72.26

2026-08-23T01:41:53.623Z,33.97,72.23

2026-08-23T01:41:58.624Z,34,72.28

2026-08-23T01:42:03.623Z,33.98,72.26

2026-08-23T01:42:08.625Z,34,72.27

2026-08-23T01:42:13.633Z,34,72.23

2026-08-23T01:42:18.641Z,33.97,72.31

2026-08-23T01:42:23.632Z,34.01,72.24

2026-08-23T01:42:28.632Z,34,72.2

2026-08-23T01:42:33.633Z,33.98,72.24

2026-08-23T01:42:38.642Z,33.99,72.22

2026-08-23T01:42:43.630Z,34,72.23

2026-08-23T01:42:48.630Z,34.01,72.17

2026-08-23T01:42:53.632Z,34.02,72.19

2026-08-23T01:42:58.634Z,34.01,72.17

2026-08-23T01:43:03.638Z,34,72.15

2026-08-23T01:43:08.650Z,34,72.21

2026-08-23T01:43:13.635Z,34.02,72.16

2026-08-23T01:43:18.636Z,34.03,72.06

2026-08-23T01:43:23.637Z,33.99,72.12

2026-08-23T01:43:28.637Z,34.02,72.1

2026-08-23T01:43:33.638Z,34.02,72.15

2026-08-23T01:43:38.649Z,34.01,72.13

2026-08-23T01:43:43.638Z,34.02,72.1

2026-08-23T01:43:48.639Z,34.03,72.07

2026-08-23T01:43:53.638Z,34.02,72.07

2026-08-23T01:43:58.642Z,34.02,72.04

2026-08-23T01:44:03.652Z,34.02,72.04

2026-08-23T01:44:08.661Z,34.04,72.01

2026-08-23T01:44:13.652Z,34.03,72.01

2026-08-23T01:44:18.654Z,34.04,71.97

2026-08-23T01:44:23.655Z,34.02,71.99

2026-08-23T01:44:28.655Z,34.01,71.98

2026-08-23T01:44:33.664Z,34.03,71.95

2026-08-23T01:44:38.683Z,34.02,71.97

2026-08-23T01:44:43.665Z,34.04,71.97

2026-08-23T01:44:48.664Z,34.02,71.93

2026-08-23T01:44:53.664Z,34.02,72

2026-08-23T01:44:58.665Z,34.04,71.95

2026-08-23T01:45:03.682Z,34.03,71.9

2026-08-23T01:45:08.692Z,34.04,72.02

2026-08-23T01:45:13.679Z,34.04,72.03

2026-08-23T01:45:18.681Z,34.04,72

2026-08-23T01:45:23.681Z,34.02,72

2026-08-23T01:45:28.680Z,34.05,72.04

2026-08-23T01:45:33.686Z,34.04,71.95

2026-08-23T01:45:38.698Z,34.04,72.01

2026-08-23T01:45:43.686Z,34.03,71.98

2026-08-23T01:45:48.687Z,34.06,71.97

2026-08-23T01:45:53.687Z,34.07,71.94

2026-08-23T01:45:58.687Z,34.05,71.93

2026-08-23T01:46:03.693Z,34.07,71.93

2026-08-23T01:46:08.703Z,34.07,71.94

2026-08-23T01:46:13.692Z,34.08,71.96

2026-08-23T01:46:18.694Z,34.07,71.92

2026-08-23T01:46:23.691Z,34.08,71.9

2026-08-23T01:46:28.693Z,34.08,71.94

2026-08-23T01:46:33.700Z,34.07,71.87

2026-08-23T01:46:38.712Z,34.07,71.93

2026-08-23T01:46:43.702Z,34.06,71.94

2026-08-23T01:46:48.701Z,34.09,71.89

2026-08-23T01:46:53.699Z,34.09,71.95

2026-08-23T01:46:58.701Z,34.09,71.93

2026-08-23T01:47:03.702Z,34.08,71.88

2026-08-23T01:47:08.717Z,34.09,71.97

2026-08-23T01:47:13.701Z,34.07,71.93

2026-08-23T01:47:18.703Z,34.09,71.91

2026-08-23T01:47:23.703Z,34.1,71.91

2026-08-23T01:47:28.705Z,34.08,71.93

2026-08-23T01:47:33.705Z,34.1,71.96

2026-08-23T01:47:38.719Z,34.07,71.94

2026-08-23T01:47:43.705Z,34.1,71.91

2026-08-23T01:47:48.705Z,34.1,71.96

2026-08-23T01:47:53.707Z,34.09,71.98

2026-08-23T01:47:58.705Z,34.09,71.91

2026-08-23T01:48:03.715Z,34.1,71.95

2026-08-23T01:48:08.734Z,34.1,71.98

2026-08-23T01:48:13.715Z,34.1,71.94

2026-08-23T01:48:18.717Z,34.11,71.96

2026-08-23T01:48:23.716Z,34.11,71.95

2026-08-23T01:48:28.717Z,34.1,71.93

2026-08-23T01:48:33.724Z,34.12,71.94

2026-08-23T01:48:38.737Z,34.11,71.95

2026-08-23T01:48:43.724Z,34.11,71.88

2026-08-23T01:48:48.725Z,34.12,71.92

2026-08-23T01:48:53.725Z,34.13,71.83

2026-08-23T01:48:58.726Z,34.12,71.82

2026-08-23T01:49:03.732Z,34.12,71.85

2026-08-23T01:49:08.743Z,34.12,71.95

2026-08-23T01:49:13.732Z,34.13,71.89

2026-08-23T01:49:18.732Z,34.13,71.92

2026-08-23T01:49:23.732Z,34.13,71.89

2026-08-23T01:49:28.734Z,34.12,71.85

2026-08-23T01:49:33.742Z,34.12,71.91

2026-08-23T01:49:38.755Z,34.13,71.98

2026-08-23T01:49:43.744Z,34.13,71.96

2026-08-23T01:49:48.742Z,34.15,71.98

2026-08-23T01:49:53.742Z,34.14,71.88

2026-08-23T01:49:58.742Z,34.13,71.89

2026-08-23T01:50:03.743Z,34.14,71.8

2026-08-23T01:50:08.755Z,34.12,71.82

2026-08-23T01:50:13.743Z,34.14,71.78

2026-08-23T01:50:18.740Z,34.14,71.8

2026-08-23T01:50:23.740Z,34.13,71.83

2026-08-23T01:50:28.743Z,34.16,71.86

2026-08-23T01:50:33.754Z,34.13,71.85

2026-08-23T01:50:38.765Z,34.15,71.82

2026-08-23T01:50:43.752Z,34.14,71.76

2026-08-23T01:50:48.754Z,34.15,71.8

2026-08-23T01:50:53.754Z,34.14,71.74

2026-08-23T01:50:58.754Z,34.13,71.82

2026-08-23T01:51:03.764Z,34.13,71.76

2026-08-23T01:51:08.755Z,34.14,71.78

2026-08-23T01:51:13.756Z,34.12,71.74

2026-08-23T01:51:18.758Z,34.13,71.75

2026-08-23T01:51:23.758Z,34.14,71.68

2026-08-23T01:51:28.773Z,34.12,71.76

2026-08-23T01:51:33.759Z,34.14,71.6

2026-08-23T01:51:38.760Z,34.12,71.66

2026-08-23T01:51:43.760Z,34.14,71.68

2026-08-23T01:51:48.765Z,34.12,71.52

2026-08-23T01:51:53.775Z,34.14,71.48

2026-08-23T01:51:58.781Z,34.13,71.5

2026-08-23T01:52:03.771Z,34.12,71.41

2026-08-23T01:52:08.771Z,34.14,71.47

2026-08-23T01:52:13.769Z,34.15,71.4

2026-08-23T01:52:18.772Z,34.12,71.41

2026-08-23T01:52:23.769Z,34.15,71.35

2026-08-23T01:52:28.784Z,34.15,71.46

2026-08-23T01:52:33.772Z,34.16,71.42

2026-08-23T01:52:38.771Z,34.16,71.38

2026-08-23T01:52:43.772Z,34.14,71.31

2026-08-23T01:52:48.773Z,34.15,71.36

2026-08-23T01:52:53.776Z,34.14,71.31

2026-08-23T01:52:58.788Z,34.15,71.37

2026-08-23T01:53:03.774Z,34.15,71.37

2026-08-23T01:53:08.777Z,34.14,71.34

2026-08-23T01:53:13.776Z,34.14,71.26

2026-08-23T01:53:18.777Z,34.17,71.25

2026-08-23T01:53:23.781Z,34.16,71.23

2026-08-23T01:53:28.796Z,34.12,71.26

2026-08-23T01:53:33.781Z,34.15,71.26

2026-08-23T01:53:38.782Z,34.15,71.21

2026-08-23T01:53:43.782Z,34.16,71.23

2026-08-23T01:53:48.785Z,34.16,71.2

2026-08-23T01:53:53.798Z,34.16,71.15

2026-08-23T01:53:58.808Z,34.16,71.18

2026-08-23T01:54:03.796Z,34.16,71.16

2026-08-23T01:54:08.791Z,34.16,71.12

2026-08-23T01:54:13.795Z,34.16,71.05

2026-08-23T01:54:18.793Z,34.16,71.04

2026-08-23T01:54:23.811Z,34.16,71.12

2026-08-23T01:54:28.821Z,34.17,71.16

2026-08-23T01:54:33.812Z,34.17,71.19

2026-08-23T01:54:38.811Z,34.17,71.18

2026-08-23T01:54:43.811Z,34.16,71.12

2026-08-23T01:54:48.813Z,34.16,71.09

2026-08-23T01:54:53.814Z,34.17,71.19

2026-08-23T01:54:58.824Z,34.17,71.18

2026-08-23T01:55:03.814Z,34.16,71.15

2026-08-23T01:55:08.815Z,34.15,71.16

2026-08-23T01:55:13.814Z,34.19,71.15

2026-08-23T01:55:18.814Z,34.17,71.13

2026-08-23T01:55:23.825Z,34.17,71.11

2026-08-23T01:55:28.840Z,34.16,71.15

2026-08-23T01:55:33.824Z,34.16,71.1

2026-08-23T01:55:38.824Z,34.17,71.09

2026-08-23T01:55:43.826Z,34.15,71.17

2026-08-23T01:55:48.825Z,34.17,71.14

2026-08-23T01:55:53.835Z,34.16,71.13

2026-08-23T01:55:58.846Z,34.17,71.14

2026-08-23T01:56:03.834Z,34.17,71.17

2026-08-23T01:56:08.835Z,34.18,71.15

2026-08-23T01:56:13.835Z,34.19,71.12

2026-08-23T01:56:18.836Z,34.18,71.12

2026-08-23T01:56:23.846Z,34.18,71.06

2026-08-23T01:56:28.861Z,34.17,71.16

2026-08-23T01:56:33.841Z,34.18,71.1

2026-08-23T01:56:38.844Z,34.18,71.14

2026-08-23T01:56:43.842Z,34.19,71.13

2026-08-23T01:56:48.842Z,34.18,71.13

2026-08-23T01:56:53.852Z,34.18,71.13

2026-08-23T01:56:58.862Z,34.19,71.17

2026-08-23T01:57:03.850Z,34.19,71.15

2026-08-23T01:57:08.851Z,34.19,71.1

2026-08-23T01:57:13.852Z,34.17,71.11

2026-08-23T01:57:18.851Z,34.19,71.18

2026-08-23T01:57:23.854Z,34.18,71.09

2026-08-23T01:57:28.864Z,34.18,71.17

2026-08-23T01:57:33.853Z,34.17,71.13

2026-08-23T01:57:38.853Z,34.21,71.15

2026-08-23T01:57:43.854Z,34.18,71.2

2026-08-23T01:57:48.854Z,34.18,71.2

2026-08-23T01:57:53.853Z,34.19,71.2

2026-08-23T01:57:58.864Z,34.18,71.25

2026-08-23T01:58:03.856Z,34.18,71.25

2026-08-23T01:58:08.854Z,34.18,71.26

2026-08-23T01:58:13.855Z,34.19,71.21

2026-08-23T01:58:18.853Z,34.18,71.22

2026-08-23T01:58:23.854Z,34.18,71.23

2026-08-23T01:58:28.868Z,34.19,71.22

2026-08-23T01:58:33.854Z,34.17,71.24

2026-08-23T01:58:38.853Z,34.18,71.25

2026-08-23T01:58:43.853Z,34.18,71.26

2026-08-23T01:58:48.858Z,34.17,71.31

2026-08-23T01:58:53.858Z,34.16,71.21

2026-08-23T01:58:58.868Z,34.16,71.27

2026-08-23T01:59:03.856Z,34.17,71.31

2026-08-23T01:59:08.861Z,34.17,71.21

2026-08-23T01:59:13.858Z,34.18,71.26

2026-08-23T01:59:18.858Z,34.18,71.29

2026-08-23T01:59:23.867Z,34.2,71.31

2026-08-23T01:59:28.884Z,34.17,71.29

2026-08-23T01:59:33.862Z,34.18,71.3

2026-08-23T01:59:38.865Z,34.18,71.34

2026-08-23T01:59:43.863Z,34.17,71.34

2026-08-23T01:59:48.864Z,34.18,71.28

2026-08-23T01:59:53.872Z,34.19,71.28

2026-08-23T01:59:58.886Z,34.17,71.34

2026-08-23T02:00:03.873Z,34.18,71.22

2026-08-23T02:00:08.873Z,34.18,71.15

2026-08-23T02:00:13.873Z,34.19,71.12

2026-08-23T02:00:18.873Z,34.16,71.18

2026-08-23T02:00:23.883Z,34.19,71.09

2026-08-23T02:00:28.898Z,34.18,71.12

2026-08-23T02:00:33.886Z,34.18,71.15

2026-08-23T02:00:38.882Z,34.18,71.12

2026-08-23T02:00:43.885Z,34.18,71.16

2026-08-23T02:00:48.887Z,34.17,71.11

2026-08-23T02:00:53.890Z,34.16,71.14

2026-08-23T02:00:58.908Z,34.18,71.15

2026-08-23T02:01:03.892Z,34.18,71.11

2026-08-23T02:01:08.894Z,34.18,71.04

2026-08-23T02:01:13.901Z,34.2,70.93

2026-08-23T02:01:18.908Z,34.16,70.91

2026-08-23T02:01:23.902Z,34.16,70.95

2026-08-23T02:01:28.902Z,34.17,71

2026-08-23T02:01:33.902Z,34.17,70.96

2026-08-23T02:01:38.902Z,34.15,70.96

2026-08-23T02:01:43.906Z,34.17,70.97

2026-08-23T02:01:48.916Z,34.17,70.96

2026-08-23T02:01:53.905Z,34.17,70.87

2026-08-23T02:01:58.903Z,34.16,70.87

2026-08-23T02:02:03.906Z,34.18,70.8

2026-08-23T02:02:08.906Z,34.17,70.75

2026-08-23T02:02:13.908Z,34.17,70.79

2026-08-23T02:02:18.919Z,34.18,70.78

2026-08-23T02:02:23.907Z,34.17,70.81

2026-08-23T02:02:28.906Z,34.17,70.82

2026-08-23T02:02:33.905Z,34.18,70.82

2026-08-23T02:02:38.908Z,34.18,70.84

2026-08-23T02:02:43.922Z,34.17,70.8

2026-08-23T02:02:48.925Z,34.18,70.89

2026-08-23T02:02:53.916Z,34.19,70.77

2026-08-23T02:02:58.921Z,34.18,70.72

2026-08-23T02:03:03.920Z,34.17,70.68

2026-08-23T02:03:08.920Z,34.17,70.62

2026-08-23T02:03:13.927Z,34.17,70.63

2026-08-23T02:03:18.934Z,34.17,70.63

2026-08-23T02:03:23.925Z,34.18,70.59

2026-08-23T02:03:28.927Z,34.19,70.54

2026-08-23T02:03:33.927Z,34.19,70.45

2026-08-23T02:03:38.928Z,34.17,70.49

2026-08-23T02:03:43.932Z,34.2,70.44

2026-08-23T02:03:48.942Z,34.17,70.45

2026-08-23T02:03:53.932Z,34.19,70.34

2026-08-23T02:03:58.932Z,34.18,70.34

2026-08-23T02:04:03.931Z,34.17,70.35

2026-08-23T02:04:08.931Z,34.18,70.36

2026-08-23T02:04:13.947Z,34.17,70.36

2026-08-23T02:04:18.958Z,34.17,70.36

2026-08-23T02:04:23.943Z,34.17,70.38

2026-08-23T02:04:28.944Z,34.19,70.41

2026-08-23T02:04:33.945Z,34.16,70.44

2026-08-23T02:04:38.944Z,34.17,70.47

2026-08-23T02:04:43.958Z,34.18,70.43

2026-08-23T02:04:48.973Z,34.17,70.43

2026-08-23T02:04:53.955Z,34.17,70.34

2026-08-23T02:04:58.955Z,34.18,70.34

2026-08-23T02:05:03.957Z,34.18,70.31

2026-08-23T02:05:08.957Z,34.18,70.26

2026-08-23T02:05:13.964Z,34.19,70.23

2026-08-23T02:05:18.979Z,34.16,70.3

2026-08-23T02:05:23.962Z,34.19,70.26

2026-08-23T02:05:28.961Z,34.18,70.23

2026-08-23T02:05:33.961Z,34.17,70.18

2026-08-23T02:05:38.962Z,34.18,70.21

2026-08-23T02:05:43.974Z,34.18,70.21

2026-08-23T02:05:48.990Z,34.17,70.19

2026-08-23T02:05:53.973Z,34.19,70.15

2026-08-23T02:05:58.974Z,34.19,70.19

2026-08-23T02:06:03.973Z,34.19,70.16

2026-08-23T02:06:08.972Z,34.21,70.16

2026-08-23T02:06:13.978Z,34.2,70.21

2026-08-23T02:06:18.987Z,34.19,70.2

2026-08-23T02:06:23.981Z,34.19,70.08

2026-08-23T02:06:28.981Z,34.18,70.08

2026-08-23T02:06:33.978Z,34.21,70.14

2026-08-23T02:06:38.979Z,34.19,70.1

2026-08-23T02:06:43.995Z,34.18,70.21

2026-08-23T02:06:49.005Z,34.2,70.12

2026-08-23T02:06:53.995Z,34.2,69.99

2026-08-23T02:06:58.994Z,34.19,69.92

2026-08-23T02:07:03.993Z,34.2,69.85

2026-08-23T02:07:08.992Z,34.18,69.77

2026-08-23T02:07:14.002Z,34.2,69.75

2026-08-23T02:07:19.011Z,34.19,69.85

2026-08-23T02:07:24.000Z,34.2,69.83

2026-08-23T02:07:29.001Z,34.18,69.79

2026-08-23T02:07:34.002Z,34.18,69.82

2026-08-23T02:07:39.002Z,34.18,69.77

2026-08-23T02:07:44.042Z,34.19,69.74

2026-08-23T02:07:49.031Z,34.18,69.74

2026-08-23T02:07:54.032Z,34.15,69.68

2026-08-23T02:07:59.032Z,34.17,69.74

2026-08-23T02:08:04.031Z,34.17,69.73

2026-08-23T02:08:09.041Z,34.18,69.64

2026-08-23T02:08:14.032Z,34.15,69.57

2026-08-23T02:08:19.031Z,34.17,69.49

2026-08-23T02:08:24.030Z,34.17,69.52

2026-08-23T02:08:29.032Z,34.15,69.54

2026-08-23T02:08:34.032Z,34.15,69.6

2026-08-23T02:08:39.042Z,34.16,69.66

2026-08-23T02:08:44.033Z,34.15,69.73

2026-08-23T02:08:49.032Z,34.16,69.64

2026-08-23T02:08:54.032Z,34.15,69.63

2026-08-23T02:08:59.034Z,34.15,69.65

2026-08-23T02:09:04.035Z,34.15,69.63

2026-08-23T02:09:09.046Z,34.17,69.65

2026-08-23T02:09:14.033Z,34.15,69.56

2026-08-23T02:09:19.037Z,34.15,69.58

2026-08-23T02:09:24.036Z,34.15,69.54

2026-08-23T02:09:29.035Z,34.15,69.57

2026-08-23T02:09:34.036Z,34.15,69.61

2026-08-23T02:09:39.047Z,34.14,69.67

2026-08-23T02:09:44.034Z,34.16,69.71

2026-08-23T02:09:49.035Z,34.15,69.74

2026-08-23T02:09:54.034Z,34.16,69.71

2026-08-23T02:09:59.035Z,34.16,69.63

2026-08-23T02:10:04.039Z,34.16,69.64

2026-08-23T02:10:09.053Z,34.15,69.67

2026-08-23T02:10:14.035Z,34.17,69.64

2026-08-23T02:10:19.038Z,34.16,69.61

2026-08-23T02:10:24.036Z,34.16,69.62

2026-08-23T02:10:29.048Z,34.16,69.62

2026-08-23T02:10:34.039Z,34.16,69.6

2026-08-23T02:10:39.041Z,34.14,69.56

2026-08-23T02:10:44.039Z,34.16,69.57

2026-08-23T02:10:49.040Z,34.16,69.64

2026-08-23T02:10:54.040Z,34.16,69.55

2026-08-23T02:10:59.053Z,34.15,69.68

2026-08-23T02:11:04.044Z,34.16,69.55

2026-08-23T02:11:09.043Z,34.16,69.55

2026-08-23T02:11:14.042Z,34.16,69.55

2026-08-23T02:11:19.045Z,34.16,69.55

2026-08-23T02:11:24.045Z,34.14,69.56

2026-08-23T02:11:29.055Z,34.15,69.64

2026-08-23T02:11:34.044Z,34.15,69.59

2026-08-23T02:11:39.045Z,34.14,69.57

2026-08-23T02:11:44.043Z,34.13,69.57

2026-08-23T02:11:49.043Z,34.16,69.55

2026-08-23T02:11:54.058Z,34.16,69.57

2026-08-23T02:11:59.068Z,34.12,69.73

2026-08-23T02:12:04.058Z,34.15,69.7

2026-08-23T02:12:09.057Z,34.15,69.59

2026-08-23T02:12:14.059Z,34.16,69.64

2026-08-23T02:12:19.058Z,34.15,69.6

2026-08-23T02:12:24.072Z,34.16,69.59

2026-08-23T02:12:29.083Z,34.15,69.67

2026-08-23T02:12:34.071Z,34.14,69.6

2026-08-23T02:12:39.072Z,34.13,69.59

2026-08-23T02:12:44.072Z,34.14,69.61

2026-08-23T02:12:49.072Z,34.14,69.64

2026-08-23T02:12:54.086Z,34.15,69.55

2026-08-23T02:12:59.095Z,34.12,69.67

2026-08-23T02:13:04.085Z,34.13,69.63

2026-08-23T02:13:09.087Z,34.13,69.61

2026-08-23T02:13:14.085Z,34.14,69.61

2026-08-23T02:13:19.084Z,34.14,69.6

2026-08-23T02:13:24.085Z,34.13,69.65

2026-08-23T02:13:29.101Z,34.13,69.66

2026-08-23T02:13:34.085Z,34.14,69.64

2026-08-23T02:13:39.086Z,34.13,69.68

2026-08-23T02:13:44.087Z,34.13,69.7

2026-08-23T02:13:49.087Z,34.12,69.68

2026-08-23T02:13:54.094Z,34.14,69.75

2026-08-23T02:13:59.098Z,34.12,69.73

2026-08-23T02:14:04.089Z,34.15,69.76

2026-08-23T02:14:09.092Z,34.14,69.7

2026-08-23T02:14:14.089Z,34.13,69.73

2026-08-23T02:14:19.093Z,34.12,69.74

2026-08-23T02:14:24.108Z,34.12,69.74

2026-08-23T02:14:29.101Z,34.12,69.73

2026-08-23T02:14:34.102Z,34.12,69.72

2026-08-23T02:14:39.103Z,34.11,69.74

2026-08-23T02:14:44.102Z,34.12,69.81

2026-08-23T02:14:49.117Z,34.1,69.78

2026-08-23T02:14:54.104Z,34.1,69.73

2026-08-23T02:14:59.104Z,34.09,69.73

2026-08-23T02:15:04.104Z,34.12,69.71

2026-08-23T02:15:09.105Z,34.13,69.74

2026-08-23T02:15:14.105Z,34.12,69.74

2026-08-23T02:15:19.120Z,34.12,69.76

2026-08-23T02:15:24.104Z,34.13,69.78

2026-08-23T02:15:29.106Z,34.14,69.82

2026-08-23T02:15:34.103Z,34.13,69.77

2026-08-23T02:15:39.107Z,34.11,69.78

2026-08-23T02:15:44.105Z,34.11,69.78

2026-08-23T02:15:49.118Z,34.12,69.82

2026-08-23T02:15:54.106Z,34.14,69.73

2026-08-23T02:15:59.106Z,34.14,69.79

2026-08-23T02:16:04.107Z,34.14,69.81

2026-08-23T02:16:09.108Z,34.13,69.83

2026-08-23T02:16:14.109Z,34.12,69.83

2026-08-23T02:16:19.122Z,34.12,69.85

2026-08-23T02:16:24.108Z,34.13,69.85

2026-08-23T02:16:29.109Z,34.13,69.83

2026-08-23T02:16:34.110Z,34.12,69.85

2026-08-23T02:16:39.109Z,34.12,69.86

2026-08-23T02:16:44.120Z,34.12,69.86

2026-08-23T02:16:49.132Z,34.11,69.87

2026-08-23T02:16:54.119Z,34.12,69.87

2026-08-23T02:16:59.118Z,34.14,69.86

2026-08-23T02:17:04.122Z,34.13,69.86

2026-08-23T02:17:09.121Z,34.13,69.79

2026-08-23T02:17:14.135Z,34.12,69.85

2026-08-23T02:17:19.144Z,34.12,69.85

2026-08-23T02:17:24.130Z,34.12,69.89

2026-08-23T02:17:29.132Z,34.12,69.87

2026-08-23T02:17:34.134Z,34.14,69.89

2026-08-23T02:17:39.135Z,34.14,69.85

2026-08-23T02:17:44.138Z,34.14,69.81

2026-08-23T02:17:49.146Z,34.13,69.86

2026-08-23T02:17:54.135Z,34.13,69.91

2026-08-23T02:17:59.135Z,34.14,69.85

2026-08-23T02:18:04.136Z,34.13,69.87

2026-08-23T02:18:09.137Z,34.14,69.9

2026-08-23T02:18:14.150Z,34.12,69.94

2026-08-23T02:18:19.162Z,34.15,69.9

2026-08-23T02:18:24.150Z,34.15,69.9

2026-08-23T02:18:29.150Z,34.14,69.91

2026-08-23T02:18:34.149Z,34.13,69.94

2026-08-23T02:18:39.152Z,34.15,69.91

2026-08-23T02:18:44.157Z,34.15,69.93

2026-08-23T02:18:49.169Z,34.15,69.96

2026-08-23T02:18:54.154Z,34.12,69.96

2026-08-23T02:18:59.156Z,34.13,70.02

2026-08-23T02:19:04.157Z,34.14,69.99

2026-08-23T02:19:09.158Z,34.17,69.99

2026-08-23T02:19:14.164Z,34.13,69.97

2026-08-23T02:19:19.177Z,34.15,69.97

2026-08-23T02:19:24.163Z,34.16,69.95

2026-08-23T02:19:29.163Z,34.14,69.89

2026-08-23T02:19:34.165Z,34.15,69.88

2026-08-23T02:19:39.165Z,34.15,69.87

2026-08-23T02:19:44.172Z,34.15,69.92

2026-08-23T02:19:49.183Z,34.15,69.95

2026-08-23T02:19:54.169Z,34.17,69.83

2026-08-23T02:19:59.170Z,34.14,69.86

2026-08-23T02:20:04.169Z,34.14,69.81

2026-08-23T02:20:09.172Z,34.15,69.83

2026-08-23T02:20:14.180Z,34.14,69.77

2026-08-23T02:20:19.191Z,34.13,69.78

2026-08-23T02:20:24.179Z,34.14,69.74

2026-08-23T02:20:29.178Z,34.14,69.74

2026-08-23T02:20:34.180Z,34.15,69.72

2026-08-23T02:20:39.180Z,34.14,69.8

2026-08-23T02:20:44.181Z,34.13,69.75

2026-08-23T02:20:49.193Z,34.13,69.8

2026-08-23T02:20:54.181Z,34.13,69.76

2026-08-23T02:20:59.181Z,34.14,69.77

2026-08-23T02:21:04.181Z,34.11,69.85

2026-08-23T02:21:09.183Z,34.12,69.82

2026-08-23T02:21:14.197Z,34.11,69.83

2026-08-23T02:21:19.205Z,34.13,69.71

2026-08-23T02:21:24.199Z,34.12,69.73

2026-08-23T02:21:29.195Z,34.12,69.73

2026-08-23T02:21:34.195Z,34.12,69.79

2026-08-23T02:21:39.195Z,34.12,69.77

2026-08-23T02:21:44.200Z,34.12,69.71

2026-08-23T02:21:49.213Z,34.11,69.78

2026-08-23T02:21:54.199Z,34.14,69.76

2026-08-23T02:21:59.198Z,34.11,69.73

2026-08-23T02:22:04.197Z,34.11,69.68

2026-08-23T02:22:09.199Z,34.11,69.67

2026-08-23T02:22:14.204Z,34.11,69.75

2026-08-23T02:22:19.215Z,34.12,69.79

2026-08-23T02:22:24.203Z,34.11,69.73

2026-08-23T02:22:29.204Z,34.11,69.67

2026-08-23T02:22:34.204Z,34.12,69.67

2026-08-23T02:22:39.203Z,34.12,69.66

2026-08-23T02:22:44.219Z,34.13,69.55

2026-08-23T02:22:49.228Z,34.12,69.52

2026-08-23T02:22:54.214Z,34.13,69.57

2026-08-23T02:22:59.216Z,34.14,69.53

2026-08-23T02:23:04.215Z,34.12,69.62

2026-08-23T02:23:09.217Z,34.12,69.55

2026-08-23T02:23:14.232Z,34.1,69.53

2026-08-23T02:23:19.243Z,34.09,69.48

2026-08-23T02:23:24.231Z,34.12,69.42

2026-08-23T02:23:29.233Z,34.11,69.38

2026-08-23T02:23:34.232Z,34.12,69.32

2026-08-23T02:23:39.233Z,34.12,69.42

2026-08-23T02:23:44.236Z,34.11,69.48

2026-08-23T02:23:49.250Z,34.12,69.53

2026-08-23T02:23:54.233Z,34.13,69.55

2026-08-23T02:23:59.236Z,34.12,69.55

2026-08-23T02:24:04.236Z,34.12,69.5

2026-08-23T02:24:09.250Z,34.12,69.6

2026-08-23T02:24:14.235Z,34.13,69.51

2026-08-23T02:24:19.238Z,34.12,69.53

2026-08-23T02:24:24.236Z,34.11,69.45

2026-08-23T02:24:29.235Z,34.13,69.34

2026-08-23T02:24:34.235Z,34.12,69.32

2026-08-23T02:24:39.246Z,34.12,69.31

2026-08-23T02:24:44.236Z,34.12,69.28

2026-08-23T02:24:49.237Z,34.1,69.33

2026-08-23T02:24:54.242Z,34.13,69.27

2026-08-23T02:24:59.240Z,34.13,69.28

2026-08-23T02:25:04.253Z,34.11,69.32

2026-08-23T02:25:09.264Z,34.12,69.34

2026-08-23T02:25:14.252Z,34.11,69.28

2026-08-23T02:25:19.252Z,34.11,69.27

2026-08-23T02:25:24.250Z,34.13,69.16

2026-08-23T02:25:29.252Z,34.11,69.08

2026-08-23T02:25:34.264Z,34.14,69.12

2026-08-23T02:25:39.276Z,34.11,69.13

2026-08-23T02:25:44.266Z,34.14,69.07

2026-08-23T02:25:49.267Z,34.15,68.98

2026-08-23T02:25:54.263Z,34.13,68.98

2026-08-23T02:25:59.264Z,34.13,69

2026-08-23T02:26:04.271Z,34.13,69.02

2026-08-23T02:26:09.286Z,34.13,69.06

2026-08-23T02:26:14.271Z,34.15,69.07

2026-08-23T02:26:19.272Z,34.12,69.07

2026-08-23T02:26:24.273Z,34.15,69.12

2026-08-23T02:26:29.274Z,34.15,69.14

2026-08-23T02:26:34.277Z,34.13,69.1

2026-08-23T02:26:39.291Z,34.13,69.09

2026-08-23T02:26:44.277Z,34.13,69.01

2026-08-23T02:26:49.277Z,34.13,69.02

2026-08-23T02:26:54.279Z,34.15,69.07

2026-08-23T02:26:59.280Z,34.13,69.14

2026-08-23T02:27:04.288Z,34.14,69.04

2026-08-23T02:27:09.297Z,34.13,69.01

2026-08-23T02:27:14.287Z,34.12,68.99

2026-08-23T02:27:19.288Z,34.15,69.05

2026-08-23T02:27:24.288Z,34.14,69.03

2026-08-23T02:27:29.289Z,34.14,68.99

2026-08-23T02:27:34.299Z,34.13,69.04

2026-08-23T02:27:39.295Z,34.13,68.99

2026-08-23T02:27:44.295Z,34.13,69.05

2026-08-23T02:27:49.292Z,34.14,69.11

2026-08-23T02:27:54.293Z,34.15,69.03

2026-08-23T02:27:59.307Z,34.14,69.14

2026-08-23T02:28:04.292Z,34.16,69.11

2026-08-23T02:28:09.293Z,34.14,69.15

2026-08-23T02:28:14.293Z,34.16,69.11

2026-08-23T02:28:19.292Z,34.13,69.12

2026-08-23T02:28:24.306Z,34.14,69.09

2026-08-23T02:28:29.316Z,34.13,69.22

2026-08-23T02:28:34.304Z,34.16,69.14

2026-08-23T02:28:39.309Z,34.13,69.12

2026-08-23T02:28:44.309Z,34.13,69.14

2026-08-23T02:28:49.307Z,34.14,69.2

2026-08-23T02:28:54.314Z,34.16,69.13

2026-08-23T02:28:59.327Z,34.13,69.11

2026-08-23T02:29:04.307Z,34.16,69.05

2026-08-23T02:29:09.310Z,34.16,69.04

2026-08-23T02:29:14.309Z,34.15,69.07

2026-08-23T02:29:19.322Z,34.16,69.08

2026-08-23T02:29:24.310Z,34.16,69.06

2026-08-23T02:29:29.312Z,34.16,69.1

2026-08-23T02:29:34.312Z,34.14,69.11

2026-08-23T02:29:39.314Z,34.13,69.08

2026-08-23T02:29:44.320Z,34.13,69.04

2026-08-23T02:29:49.333Z,34.14,69.07

2026-08-23T02:29:54.318Z,34.14,69.06

2026-08-23T02:29:59.318Z,34.17,69.04

2026-08-23T02:30:04.319Z,34.16,68.99

2026-08-23T02:30:09.320Z,34.16,68.97

2026-08-23T02:30:14.326Z,34.16,68.96

2026-08-23T02:30:19.339Z,34.15,68.98

2026-08-23T02:30:24.326Z,34.16,68.93

2026-08-23T02:30:29.326Z,34.17,68.95

2026-08-23T02:30:34.327Z,34.14,68.97

2026-08-23T02:30:39.326Z,34.15,68.94

2026-08-23T02:30:44.334Z,34.15,68.89

2026-08-23T02:30:49.346Z,34.15,68.94

2026-08-23T02:30:54.332Z,34.16,68.9

2026-08-23T02:30:59.334Z,34.17,68.89

2026-08-23T02:31:04.336Z,34.15,68.84

2026-08-23T02:31:09.336Z,34.16,68.85

2026-08-23T02:31:14.342Z,34.17,68.72

2026-08-23T02:31:19.355Z,34.15,68.7

2026-08-23T02:31:24.343Z,34.18,68.58

2026-08-23T02:31:29.343Z,34.17,68.6

2026-08-23T02:31:34.344Z,34.15,68.7

2026-08-23T02:31:39.344Z,34.14,68.77

2026-08-23T02:31:44.353Z,34.18,68.8

2026-08-23T02:31:49.365Z,34.15,68.79

2026-08-23T02:31:54.351Z,34.15,68.69

2026-08-23T02:31:59.351Z,34.18,68.64

2026-08-23T02:32:04.350Z,34.16,68.66

2026-08-23T02:32:09.352Z,34.17,68.62

2026-08-23T02:32:14.364Z,34.17,68.62

2026-08-23T02:32:19.378Z,34.16,68.59

2026-08-23T02:32:24.366Z,34.15,68.53

2026-08-23T02:32:29.363Z,34.16,68.53

2026-08-23T02:32:34.365Z,34.16,68.47

2026-08-23T02:32:39.364Z,34.18,68.33

2026-08-23T02:32:44.406Z,34.17,68.29

2026-08-23T02:32:49.391Z,34.16,68.25

2026-08-23T02:32:54.389Z,34.16,68.3

2026-08-23T02:32:59.401Z,34.16,68.39

2026-08-23T02:33:04.390Z,34.17,68.3

2026-08-23T02:33:09.392Z,34.16,68.35

2026-08-23T02:33:14.393Z,34.16,68.33

2026-08-23T02:33:19.394Z,34.16,68.44

2026-08-23T02:33:24.394Z,34.17,68.42

2026-08-23T02:33:29.407Z,34.16,68.35

2026-08-23T02:33:34.395Z,34.15,68.3

2026-08-23T02:33:39.395Z,34.17,68.27

2026-08-23T02:33:44.395Z,34.15,68.3

2026-08-23T02:33:49.395Z,34.17,68.3

2026-08-23T02:33:54.396Z,34.17,68.33

2026-08-23T02:33:59.409Z,34.16,68.43

2026-08-23T02:34:04.397Z,34.18,68.36

2026-08-23T02:34:09.397Z,34.16,68.39

2026-08-23T02:34:14.398Z,34.18,68.42

2026-08-23T02:34:19.409Z,34.15,68.46

2026-08-23T02:34:24.397Z,34.17,68.4

2026-08-23T02:34:29.396Z,34.17,68.38

2026-08-23T02:34:34.397Z,34.14,68.31

2026-08-23T02:34:39.399Z,34.17,68.37

2026-08-23T02:34:44.400Z,34.18,68.33

2026-08-23T02:34:49.409Z,34.16,68.4

2026-08-23T02:34:54.400Z,34.17,68.35

2026-08-23T02:34:59.401Z,34.17,68.38

2026-08-23T02:35:04.400Z,34.16,68.33

2026-08-23T02:35:09.402Z,34.16,68.36

2026-08-23T02:35:14.400Z,34.15,68.38

2026-08-23T02:35:19.409Z,34.16,68.39

2026-08-23T02:35:24.401Z,34.17,68.38

2026-08-23T02:35:29.404Z,34.16,68.42

2026-08-23T02:35:34.401Z,34.15,68.4

2026-08-23T02:35:39.400Z,34.16,68.42

2026-08-23T02:35:44.401Z,34.19,68.45

2026-08-23T02:35:49.422Z,34.17,68.46

2026-08-23T02:35:54.407Z,34.15,68.37

2026-08-23T02:35:59.405Z,34.18,68.42

2026-08-23T02:36:04.404Z,34.17,68.42

2026-08-23T02:36:09.407Z,34.16,68.42

2026-08-23T02:36:14.405Z,34.16,68.41

2026-08-23T02:36:19.421Z,34.15,68.45

2026-08-23T02:36:24.406Z,34.16,68.31

2026-08-23T02:36:29.407Z,34.18,68.4

2026-08-23T02:36:34.406Z,34.19,68.35

2026-08-23T02:36:39.408Z,34.16,68.39

2026-08-23T02:36:44.416Z,34.16,68.38

2026-08-23T02:36:49.426Z,34.15,68.39

2026-08-23T02:36:54.417Z,34.17,68.4

2026-08-23T02:36:59.416Z,34.17,68.39

2026-08-23T02:37:04.416Z,34.17,68.45

2026-08-23T02:37:09.416Z,34.16,68.43

2026-08-23T02:37:14.446Z,34.18,68.42

2026-08-23T02:37:19.440Z,34.17,68.4

2026-08-23T02:37:24.425Z,34.17,68.37

2026-08-23T02:37:29.426Z,34.17,68.37

2026-08-23T02:37:34.427Z,34.17,68.42

2026-08-23T02:37:39.428Z,34.17,68.42

2026-08-23T02:37:44.436Z,34.17,68.46

2026-08-23T02:37:49.448Z,34.18,68.46

2026-08-23T02:37:54.436Z,34.17,68.45

2026-08-23T02:37:59.435Z,34.16,68.39

2026-08-23T02:38:04.437Z,34.17,68.48

2026-08-23T02:38:09.437Z,34.2,68.54

2026-08-23T02:38:14.442Z,34.17,68.48

2026-08-23T02:38:19.456Z,34.17,68.52

2026-08-23T02:38:24.441Z,34.18,68.5

2026-08-23T02:38:29.440Z,34.18,68.51

2026-08-23T02:38:34.440Z,34.18,68.52

2026-08-23T02:38:39.441Z,34.18,68.53

2026-08-23T02:38:44.453Z,34.18,68.5

2026-08-23T02:38:49.464Z,34.18,68.52

2026-08-23T02:38:54.447Z,34.18,68.48

2026-08-23T02:38:59.449Z,34.17,68.41

2026-08-23T02:39:04.449Z,34.18,68.44

2026-08-23T02:39:09.450Z,34.18,68.47

2026-08-23T02:39:14.450Z,34.16,68.48

2026-08-23T02:39:19.463Z,34.19,68.48

2026-08-23T02:39:24.449Z,34.19,68.46

2026-08-23T02:39:29.453Z,34.18,68.54

2026-08-23T02:39:34.454Z,34.19,68.49

2026-08-23T02:39:39.454Z,34.18,68.51

2026-08-23T02:39:44.463Z,34.2,68.47

2026-08-23T02:39:49.480Z,34.18,68.51

2026-08-23T02:39:54.462Z,34.17,68.48

2026-08-23T02:39:59.466Z,34.18,68.51

2026-08-23T02:40:04.463Z,34.18,68.45

2026-08-23T02:40:09.463Z,34.2,68.53

2026-08-23T02:40:14.477Z,34.18,68.61

2026-08-23T02:40:19.490Z,34.17,68.62

2026-08-23T02:40:24.476Z,34.18,68.6

2026-08-23T02:40:29.476Z,34.19,68.61

2026-08-23T02:40:34.478Z,34.18,68.58

2026-08-23T02:40:39.479Z,34.17,68.57

2026-08-23T02:40:44.491Z,34.17,68.62

2026-08-23T02:40:49.503Z,34.18,68.65

2026-08-23T02:40:54.490Z,34.19,68.58

2026-08-23T02:40:59.491Z,34.17,68.56

2026-08-23T02:41:04.491Z,34.18,68.56

2026-08-23T02:41:09.492Z,34.19,68.6

2026-08-23T02:41:14.491Z,34.2,68.58

2026-08-23T02:41:19.505Z,34.19,68.67

2026-08-23T02:41:24.494Z,34.17,68.59

2026-08-23T02:41:29.494Z,34.18,68.61

2026-08-23T02:41:34.494Z,34.19,68.64

2026-08-23T02:41:39.494Z,34.18,68.68

2026-08-23T02:41:44.508Z,34.16,68.77

2026-08-23T02:41:49.498Z,34.18,68.67

2026-08-23T02:41:54.498Z,34.19,68.73

2026-08-23T02:41:59.498Z,34.18,68.74

2026-08-23T02:42:04.499Z,34.19,68.78

2026-08-23T02:42:09.508Z,34.19,68.84

2026-08-23T02:42:14.497Z,34.19,68.78

2026-08-23T02:42:19.500Z,34.2,68.77

2026-08-23T02:42:24.498Z,34.18,68.78

2026-08-23T02:42:29.499Z,34.21,68.84

2026-08-23T02:42:34.499Z,34.2,68.86

2026-08-23T02:42:39.513Z,34.19,68.89

2026-08-23T02:42:44.501Z,34.19,68.81

2026-08-23T02:42:49.499Z,34.2,68.9

2026-08-23T02:42:54.499Z,34.19,68.89

2026-08-23T02:42:59.499Z,34.2,68.91

2026-08-23T02:43:04.505Z,34.19,68.89

2026-08-23T02:43:09.519Z,34.19,68.88

2026-08-23T02:43:14.504Z,34.18,68.89

2026-08-23T02:43:19.506Z,34.19,68.9

2026-08-23T02:43:24.505Z,34.19,68.92

2026-08-23T02:43:29.510Z,34.18,68.97

2026-08-23T02:43:34.520Z,34.19,68.93

2026-08-23T02:43:39.535Z,34.18,69

2026-08-23T02:43:44.516Z,34.2,69.04

2026-08-23T02:43:49.518Z,34.2,68.92

2026-08-23T02:43:54.517Z,34.2,68.95

2026-08-23T02:43:59.518Z,34.18,68.96

2026-08-23T02:44:04.532Z,34.19,68.92

2026-08-23T02:44:09.541Z,34.19,68.98

2026-08-23T02:44:14.529Z,34.18,68.97

2026-08-23T02:44:19.529Z,34.21,68.91

2026-08-23T02:44:24.531Z,34.2,68.9

2026-08-23T02:44:29.533Z,34.18,68.87

2026-08-23T02:44:34.541Z,34.2,68.89

2026-08-23T02:44:39.553Z,34.18,68.8

2026-08-23T02:44:44.538Z,34.2,68.84

2026-08-23T02:44:49.539Z,34.2,68.73

2026-08-23T02:44:54.540Z,34.19,68.77

2026-08-23T02:44:59.541Z,34.18,68.84

2026-08-23T02:45:04.555Z,34.2,68.82

2026-08-23T02:45:09.564Z,34.2,68.82

2026-08-23T02:45:14.553Z,34.19,68.87

2026-08-23T02:45:19.554Z,34.21,68.79

2026-08-23T02:45:24.554Z,34.2,68.78

2026-08-23T02:45:29.557Z,34.2,68.76

2026-08-23T02:45:34.566Z,34.2,68.64

2026-08-23T02:45:39.571Z,34.2,68.64

2026-08-23T02:45:44.563Z,34.19,68.58

2026-08-23T02:45:49.562Z,34.2,68.6

2026-08-23T02:45:54.562Z,34.19,68.57

2026-08-23T02:45:59.565Z,34.19,68.62

2026-08-23T02:46:04.570Z,34.19,68.64

2026-08-23T02:46:09.585Z,34.19,68.6

2026-08-23T02:46:14.569Z,34.19,68.63

2026-08-23T02:46:19.569Z,34.19,68.56

2026-08-23T02:46:24.567Z,34.19,68.6

2026-08-23T02:46:29.568Z,34.2,68.55

2026-08-23T02:46:34.568Z,34.19,68.57

2026-08-23T02:46:39.581Z,34.19,68.57

2026-08-23T02:46:44.568Z,34.17,68.59

2026-08-23T02:46:49.568Z,34.19,68.6

2026-08-23T02:46:54.568Z,34.2,68.53

2026-08-23T02:46:59.570Z,34.2,68.54

2026-08-23T02:47:04.577Z,34.2,68.56

2026-08-23T02:47:09.584Z,34.19,68.57

2026-08-23T02:47:14.575Z,34.19,68.52

2026-08-23T02:47:19.574Z,34.19,68.56

2026-08-23T02:47:24.573Z,34.21,68.51

2026-08-23T02:47:29.575Z,34.21,68.52

2026-08-23T02:47:34.576Z,34.2,68.52

2026-08-23T02:47:39.593Z,34.2,68.61

2026-08-23T02:47:44.576Z,34.21,68.5

2026-08-23T02:47:49.575Z,34.18,68.52

2026-08-23T02:47:54.576Z,34.2,68.52

2026-08-23T02:47:59.577Z,34.21,68.46

2026-08-23T02:48:04.574Z,34.21,68.51

2026-08-23T02:48:09.592Z,34.21,68.61

2026-08-23T02:48:14.576Z,34.21,68.52

2026-08-23T02:48:19.577Z,34.2,68.55

2026-08-23T02:48:24.577Z,34.2,68.54

2026-08-23T02:48:29.578Z,34.21,68.52

2026-08-23T02:48:34.585Z,34.2,68.48

2026-08-23T02:48:39.596Z,34.22,68.51

2026-08-23T02:48:44.584Z,34.2,68.53

2026-08-23T02:48:49.583Z,34.2,68.52

2026-08-23T02:48:54.584Z,34.2,68.55

2026-08-23T02:48:59.585Z,34.21,68.5

2026-08-23T02:49:04.589Z,34.2,68.5

2026-08-23T02:49:09.602Z,34.2,68.55

2026-08-23T02:49:14.589Z,34.2,68.49

2026-08-23T02:49:19.591Z,34.21,68.48

2026-08-23T02:49:24.590Z,34.2,68.46

2026-08-23T02:49:29.593Z,34.19,68.48

2026-08-23T02:49:34.599Z,34.2,68.38

2026-08-23T02:49:39.614Z,34.19,68.44

2026-08-23T02:49:44.600Z,34.19,68.36

2026-08-23T02:49:49.601Z,34.21,68.47

2026-08-23T02:49:54.599Z,34.19,68.4

2026-08-23T02:49:59.600Z,34.19,68.51

2026-08-23T02:50:04.608Z,34.2,68.5

2026-08-23T02:50:09.621Z,34.19,68.51

2026-08-23T02:50:14.606Z,34.19,68.52

2026-08-23T02:50:19.606Z,34.19,68.54

2026-08-23T02:50:24.606Z,34.19,68.51

2026-08-23T02:50:29.608Z,34.2,68.51

2026-08-23T02:50:34.625Z,34.19,68.53

2026-08-23T02:50:39.635Z,34.19,68.51

2026-08-23T02:50:44.623Z,34.2,68.45

2026-08-23T02:50:49.628Z,34.21,68.47

2026-08-23T02:50:54.625Z,34.19,68.45

2026-08-23T02:50:59.624Z,34.19,68.43

2026-08-23T02:51:04.633Z,34.18,68.47

2026-08-23T02:51:09.646Z,34.17,68.5

2026-08-23T02:51:14.631Z,34.18,68.54

2026-08-23T02:51:19.633Z,34.2,68.58

2026-08-23T02:51:24.632Z,34.17,68.58

2026-08-23T02:51:29.633Z,34.19,68.61

2026-08-23T02:51:34.644Z,34.19,68.64

2026-08-23T02:51:39.658Z,34.17,68.7

2026-08-23T02:51:44.641Z,34.2,68.62

2026-08-23T02:51:49.643Z,34.17,68.64

2026-08-23T02:51:54.644Z,34.19,68.68

2026-08-23T02:51:59.645Z,34.19,68.62

2026-08-23T02:52:04.658Z,34.19,68.61

2026-08-23T02:52:09.669Z,34.18,68.65

2026-08-23T02:52:14.659Z,34.19,68.62

2026-08-23T02:52:19.659Z,34.19,68.64

2026-08-23T02:52:24.658Z,34.18,68.64

2026-08-23T02:52:29.659Z,34.17,68.64

2026-08-23T02:52:34.673Z,34.18,68.67

2026-08-23T02:52:39.687Z,34.16,68.67

2026-08-23T02:52:44.672Z,34.18,68.59

2026-08-23T02:52:49.674Z,34.17,68.65

2026-08-23T02:52:54.674Z,34.2,68.62

2026-08-23T02:52:59.675Z,34.19,68.61

2026-08-23T02:53:04.684Z,34.17,68.63

2026-08-23T02:53:09.696Z,34.16,68.65

2026-08-23T02:53:14.684Z,34.19,68.64

2026-08-23T02:53:19.685Z,34.17,68.72

2026-08-23T02:53:24.685Z,34.18,68.69

2026-08-23T02:53:29.685Z,34.2,68.65

2026-08-23T02:53:34.685Z,34.18,68.74

2026-08-23T02:53:39.700Z,34.19,68.76

2026-08-23T02:53:44.687Z,34.17,68.74

2026-08-23T02:53:49.687Z,34.2,68.72

2026-08-23T02:53:54.688Z,34.18,68.73

2026-08-23T02:53:59.690Z,34.17,68.7

2026-08-23T02:54:04.691Z,34.19,68.72

2026-08-23T02:54:09.706Z,34.15,68.76

2026-08-23T02:54:14.690Z,34.17,68.7

2026-08-23T02:54:19.691Z,34.17,68.74

2026-08-23T02:54:24.693Z,34.18,68.66

2026-08-23T02:54:29.692Z,34.21,68.63

2026-08-23T02:54:34.697Z,34.19,68.65

2026-08-23T02:54:39.711Z,34.18,68.77

2026-08-23T02:54:44.693Z,34.18,68.73

2026-08-23T02:54:49.696Z,34.18,68.81

2026-08-23T02:54:54.695Z,34.16,68.82

2026-08-23T02:54:59.696Z,34.17,68.8

2026-08-23T02:55:04.709Z,34.19,68.81

2026-08-23T02:55:09.724Z,34.18,68.88

2026-08-23T02:55:14.709Z,34.18,68.79

2026-08-23T02:55:19.710Z,34.18,68.82

2026-08-23T02:55:24.709Z,34.18,68.87

2026-08-23T02:55:29.711Z,34.18,68.84

2026-08-23T02:55:34.716Z,34.18,68.79

2026-08-23T02:55:39.729Z,34.17,68.85

2026-08-23T02:55:44.714Z,34.19,68.81

2026-08-23T02:55:49.716Z,34.16,68.83

2026-08-23T02:55:54.713Z,34.19,68.83

2026-08-23T02:55:59.716Z,34.18,68.82

2026-08-23T02:56:04.724Z,34.2,68.8

2026-08-23T02:56:09.739Z,34.18,68.83

2026-08-23T02:56:14.724Z,34.18,68.79

2026-08-23T02:56:19.722Z,34.19,68.81

2026-08-23T02:56:24.724Z,34.18,68.79

2026-08-23T02:56:29.723Z,34.19,68.8

2026-08-23T02:56:34.730Z,34.19,68.83

2026-08-23T02:56:39.739Z,34.19,68.83

2026-08-23T02:56:44.728Z,34.18,68.75

2026-08-23T02:56:49.728Z,34.18,68.84

2026-08-23T02:56:54.729Z,34.18,68.84

2026-08-23T02:56:59.728Z,34.2,68.82

2026-08-23T02:57:04.734Z,34.2,68.84

2026-08-23T02:57:09.747Z,34.19,68.96

2026-08-23T02:57:14.734Z,34.19,68.9

2026-08-23T02:57:19.735Z,34.19,68.89

2026-08-23T02:57:24.735Z,34.2,68.88

2026-08-23T02:57:29.733Z,34.18,68.9

2026-08-23T02:57:34.735Z,34.2,68.92

2026-08-23T02:57:39.747Z,34.19,68.93

2026-08-23T02:57:44.735Z,34.2,68.87

2026-08-23T02:57:49.737Z,34.17,68.96

2026-08-23T02:57:54.732Z,34.19,68.9

2026-08-23T02:57:59.734Z,34.19,68.95

2026-08-23T02:58:04.748Z,34.19,68.92

2026-08-23T02:58:09.757Z,34.19,68.98

2026-08-23T02:58:14.747Z,34.21,68.95

2026-08-23T02:58:19.748Z,34.2,68.97

2026-08-23T02:58:24.750Z,34.19,68.87

2026-08-23T02:58:29.748Z,34.21,68.94

2026-08-23T02:58:34.756Z,34.2,68.91

2026-08-23T02:58:39.766Z,34.2,68.9

2026-08-23T02:58:44.755Z,34.19,68.91

2026-08-23T02:58:49.757Z,34.21,68.87

2026-08-23T02:58:54.757Z,34.21,68.87

2026-08-23T02:58:59.768Z,34.21,68.91

2026-08-23T02:59:04.757Z,34.22,68.95

2026-08-23T02:59:09.756Z,34.2,68.93

2026-08-23T02:59:14.756Z,34.2,68.97

2026-08-23T02:59:19.756Z,34.22,68.95

2026-08-23T02:59:24.762Z,34.21,68.94

2026-08-23T02:59:29.774Z,34.23,68.97

2026-08-23T02:59:34.761Z,34.2,68.95

2026-08-23T02:59:39.761Z,34.19,68.92

2026-08-23T02:59:44.762Z,34.21,68.98

2026-08-23T02:59:49.762Z,34.22,68.97

2026-08-23T02:59:54.781Z,34.2,68.94

2026-08-23T02:59:59.792Z,34.2,69.04

2026-08-23T03:00:04.778Z,34.22,69.08

2026-08-23T03:00:09.781Z,34.21,69.08

2026-08-23T03:00:14.781Z,34.21,69.09

2026-08-23T03:00:19.782Z,34.21,69.16

2026-08-23T03:00:24.796Z,34.21,69.18

2026-08-23T03:00:29.808Z,34.21,69.19

2026-08-23T03:00:34.794Z,34.2,69.19

2026-08-23T03:00:39.795Z,34.2,69.22

2026-08-23T03:00:44.795Z,34.22,69.25

2026-08-23T03:00:49.796Z,34.2,69.27

2026-08-23T03:00:54.803Z,34.2,69.26

2026-08-23T03:00:59.815Z,34.21,69.38

2026-08-23T03:01:04.802Z,34.22,69.25

2026-08-23T03:01:09.802Z,34.22,69.26

2026-08-23T03:01:14.804Z,34.22,69.34

2026-08-23T03:01:19.804Z,34.21,69.38

2026-08-23T03:01:24.804Z,34.2,69.48

2026-08-23T03:01:29.817Z,34.22,69.42

2026-08-23T03:01:34.806Z,34.21,69.45

2026-08-23T03:01:39.816Z,34.21,69.46

2026-08-23T03:01:44.804Z,34.2,69.41

2026-08-23T03:01:49.805Z,34.2,69.46

2026-08-23T03:01:54.807Z,34.21,69.51

2026-08-23T03:01:59.806Z,34.19,69.49

2026-08-23T03:02:04.814Z,34.2,69.54

2026-08-23T03:02:09.817Z,34.21,69.48

2026-08-23T03:02:14.812Z,34.19,69.49

2026-08-23T03:02:19.812Z,34.19,69.48

2026-08-23T03:02:24.813Z,34.2,69.56

2026-08-23T03:02:29.824Z,34.2,69.57

2026-08-23T03:02:34.812Z,34.18,69.5

2026-08-23T03:02:39.814Z,34.2,69.52

2026-08-23T03:02:44.815Z,34.19,69.56

2026-08-23T03:02:49.815Z,34.19,69.57

2026-08-23T03:02:54.815Z,34.19,69.51

2026-08-23T03:02:59.825Z,34.19,69.57

2026-08-23T03:03:04.815Z,34.2,69.56

2026-08-23T03:03:09.815Z,34.19,69.56

2026-08-23T03:03:14.816Z,34.18,69.55

2026-08-23T03:03:19.820Z,34.19,69.6

2026-08-23T03:03:24.820Z,34.2,69.56

2026-08-23T03:03:29.837Z,34.18,69.58

2026-08-23T03:03:34.819Z,34.19,69.54

2026-08-23T03:03:39.822Z,34.19,69.56

2026-08-23T03:03:44.819Z,34.2,69.59

2026-08-23T03:03:49.820Z,34.19,69.5

2026-08-23T03:03:54.827Z,34.2,69.56

2026-08-23T03:03:59.837Z,34.2,69.57

2026-08-23T03:04:04.826Z,34.19,69.5

2026-08-23T03:04:09.825Z,34.18,69.55

2026-08-23T03:04:14.826Z,34.2,69.56

2026-08-23T03:04:19.827Z,34.22,69.52

2026-08-23T03:04:24.836Z,34.21,69.57

2026-08-23T03:04:29.846Z,34.2,69.57

2026-08-23T03:04:34.834Z,34.19,69.52

2026-08-23T03:04:39.834Z,34.2,69.58

2026-08-23T03:04:44.833Z,34.2,69.48

2026-08-23T03:04:49.835Z,34.2,69.56

2026-08-23T03:04:54.842Z,34.21,69.6

2026-08-23T03:04:59.857Z,34.18,69.59

2026-08-23T03:05:04.840Z,34.19,69.62

2026-08-23T03:05:09.841Z,34.19,69.66

2026-08-23T03:05:14.842Z,34.18,69.69

2026-08-23T03:05:19.841Z,34.18,69.7

2026-08-23T03:05:24.844Z,34.2,69.71

2026-08-23T03:05:29.856Z,34.18,69.72

2026-08-23T03:05:34.848Z,34.18,69.68

2026-08-23T03:05:39.847Z,34.19,69.68

2026-08-23T03:05:44.845Z,34.19,69.72

2026-08-23T03:05:49.846Z,34.19,69.68

2026-08-23T03:05:54.856Z,34.18,69.68

2026-08-23T03:05:59.874Z,34.19,69.75

2026-08-23T03:06:04.854Z,34.2,69.72

2026-08-23T03:06:09.856Z,34.19,69.75

2026-08-23T03:06:14.855Z,34.18,69.73

2026-08-23T03:06:19.856Z,34.19,69.75

2026-08-23T03:06:24.860Z,34.2,69.8

2026-08-23T03:06:29.876Z,34.19,69.8

2026-08-23T03:06:34.861Z,34.19,69.8

2026-08-23T03:06:39.862Z,34.18,69.79

2026-08-23T03:06:44.861Z,34.19,69.77

2026-08-23T03:06:49.863Z,34.19,69.74

2026-08-23T03:06:54.870Z,34.17,69.72

2026-08-23T03:06:59.882Z,34.18,69.78

2026-08-23T03:07:04.870Z,34.18,69.72

2026-08-23T03:07:09.870Z,34.18,69.73

2026-08-23T03:07:14.870Z,34.18,69.79

2026-08-23T03:07:19.872Z,34.2,69.77

2026-08-23T03:07:24.883Z,34.17,69.75

2026-08-23T03:07:29.892Z,34.18,69.83

2026-08-23T03:07:34.879Z,34.19,69.8

2026-08-23T03:07:39.879Z,34.18,69.83

2026-08-23T03:07:44.880Z,34.18,69.81

2026-08-23T03:07:49.882Z,34.18,69.81

2026-08-23T03:07:54.897Z,34.19,69.87

2026-08-23T03:07:59.908Z,34.19,69.82

2026-08-23T03:08:04.895Z,34.17,69.88

2026-08-23T03:08:09.897Z,34.19,69.83

2026-08-23T03:08:14.894Z,34.18,69.84

2026-08-23T03:08:19.898Z,34.19,69.88

2026-08-23T03:08:24.907Z,34.19,69.96

2026-08-23T03:08:29.921Z,34.17,69.96

2026-08-23T03:08:34.906Z,34.15,70.03

2026-08-23T03:08:39.906Z,34.18,70.03

2026-08-23T03:08:44.909Z,34.17,70.1

2026-08-23T03:08:49.909Z,34.17,70.12

2026-08-23T03:08:54.908Z,34.19,70.12

2026-08-23T03:08:59.918Z,34.15,70.18

2026-08-23T03:09:04.906Z,34.19,70.23

2026-08-23T03:09:09.909Z,34.17,70.2

2026-08-23T03:09:14.908Z,34.2,70.18

2026-08-23T03:09:19.913Z,34.18,70.11

2026-08-23T03:09:24.923Z,34.18,70.16

2026-08-23T03:09:29.941Z,34.17,70.16

2026-08-23T03:09:34.925Z,34.17,70.1

2026-08-23T03:09:39.925Z,34.18,69.96

2026-08-23T03:09:44.923Z,34.18,69.88

2026-08-23T03:09:49.924Z,34.18,69.9

2026-08-23T03:09:54.933Z,34.19,69.82

2026-08-23T03:09:59.945Z,34.17,69.84

2026-08-23T03:10:04.932Z,34.18,69.82

2026-08-23T03:10:09.933Z,34.17,69.88

2026-08-23T03:10:14.932Z,34.19,69.87

2026-08-23T03:10:19.944Z,34.17,70.01

2026-08-23T03:10:24.935Z,34.19,69.91

2026-08-23T03:10:29.936Z,34.18,69.91

2026-08-23T03:10:34.934Z,34.19,69.96

2026-08-23T03:10:39.937Z,34.16,69.92

2026-08-23T03:10:44.935Z,34.19,69.91

2026-08-23T03:10:49.947Z,34.18,69.84

2026-08-23T03:10:54.937Z,34.14,69.89

2026-08-23T03:10:59.939Z,34.18,69.9

2026-08-23T03:11:04.938Z,34.19,69.92

2026-08-23T03:11:09.939Z,34.19,69.84

2026-08-23T03:11:14.950Z,34.16,69.9

2026-08-23T03:11:19.956Z,34.17,69.91

2026-08-23T03:11:24.944Z,34.19,69.94

2026-08-23T03:11:29.944Z,34.18,69.95

2026-08-23T03:11:34.947Z,34.19,69.94

2026-08-23T03:11:39.945Z,34.18,69.91

2026-08-23T03:11:44.954Z,34.18,69.97

2026-08-23T03:11:49.960Z,34.17,69.96

2026-08-23T03:11:54.949Z,34.17,69.97

2026-08-23T03:11:59.952Z,34.17,69.97

2026-08-23T03:12:04.953Z,34.17,70

2026-08-23T03:12:09.951Z,34.18,69.91

2026-08-23T03:12:14.958Z,34.18,70.04

2026-08-23T03:12:19.964Z,34.19,70.06

2026-08-23T03:12:24.953Z,34.17,70.02

2026-08-23T03:12:29.953Z,34.18,70.07

2026-08-23T03:12:34.954Z,34.17,69.95

2026-08-23T03:12:39.952Z,34.18,70.03

2026-08-23T03:12:44.969Z,34.2,70.01

2026-08-23T03:12:49.979Z,34.17,70.04

2026-08-23T03:12:54.967Z,34.18,70.02

2026-08-23T03:12:59.970Z,34.19,69.96

2026-08-23T03:13:04.970Z,34.19,69.98

2026-08-23T03:13:09.970Z,34.2,69.96

2026-08-23T03:13:14.976Z,34.19,69.91

2026-08-23T03:13:19.988Z,34.18,69.97

2026-08-23T03:13:24.974Z,34.2,69.87

2026-08-23T03:13:29.975Z,34.18,69.93

2026-08-23T03:13:34.975Z,34.19,69.91

2026-08-23T03:13:39.989Z,34.18,69.98

2026-08-23T03:13:44.977Z,34.18,69.97

2026-08-23T03:13:49.977Z,34.2,69.95

2026-08-23T03:13:54.977Z,34.18,69.86

2026-08-23T03:13:59.978Z,34.18,69.93

2026-08-23T03:14:04.978Z,34.18,69.93

2026-08-23T03:14:09.991Z,34.18,69.87

2026-08-23T03:14:14.979Z,34.18,69.86

2026-08-23T03:14:19.980Z,34.19,69.91

2026-08-23T03:14:24.977Z,34.18,69.95

2026-08-23T03:14:29.981Z,34.17,69.98

2026-08-23T03:14:34.983Z,34.18,69.94

2026-08-23T03:14:39.995Z,34.18,70.01

2026-08-23T03:14:44.980Z,34.18,70.04

2026-08-23T03:14:49.982Z,34.17,70

2026-08-23T03:14:54.979Z,34.17,70.05

2026-08-23T03:14:59.982Z,34.16,69.99

2026-08-23T03:15:04.984Z,34.17,70.04

2026-08-23T03:15:09.996Z,34.18,70.08

2026-08-23T03:15:14.985Z,34.17,70.03

2026-08-23T03:15:19.986Z,34.17,70.08

2026-08-23T03:15:24.986Z,34.17,70.1

2026-08-23T03:15:29.986Z,34.17,70.11

2026-08-23T03:15:34.995Z,34.17,70.14

2026-08-23T03:15:40.010Z,34.18,70.19

2026-08-23T03:15:44.993Z,34.18,70.12

2026-08-23T03:15:49.993Z,34.19,70.13

2026-08-23T03:15:54.994Z,34.16,70.2

2026-08-23T03:15:59.994Z,34.16,70.17

2026-08-23T03:16:04.997Z,34.17,70.12

2026-08-23T03:16:10.008Z,34.17,70.25

2026-08-23T03:16:14.994Z,34.19,70.22

2026-08-23T03:16:19.996Z,34.2,70.18

2026-08-23T03:16:24.997Z,34.18,70.18

2026-08-23T03:16:29.997Z,34.18,70.2

2026-08-23T03:16:35.008Z,34.16,70.21

2026-08-23T03:16:40.013Z,34.18,70.28

2026-08-23T03:16:45.005Z,34.17,70.29

2026-08-23T03:16:50.009Z,34.16,70.25

2026-08-23T03:16:55.008Z,34.16,70.38

2026-08-23T03:17:00.006Z,34.18,70.3

2026-08-23T03:17:05.021Z,34.17,70.29

2026-08-23T03:17:10.031Z,34.17,70.34

2026-08-23T03:17:15.020Z,34.16,70.34

2026-08-23T03:17:20.021Z,34.17,70.34

2026-08-23T03:17:25.021Z,34.17,70.33

2026-08-23T03:17:30.023Z,34.16,70.37

2026-08-23T03:17:35.031Z,34.16,70.37

2026-08-23T03:17:40.046Z,34.16,70.42

2026-08-23T03:17:45.030Z,34.16,70.47

2026-08-23T03:17:50.033Z,34.17,70.38

2026-08-23T03:17:55.032Z,34.17,70.42

2026-08-23T03:18:00.033Z,34.17,70.45

2026-08-23T03:18:05.046Z,34.17,70.46

2026-08-23T03:18:10.057Z,34.16,70.55

2026-08-23T03:18:15.045Z,34.19,70.52

2026-08-23T03:18:20.046Z,34.16,70.52

2026-08-23T03:18:25.047Z,34.16,70.56

2026-08-23T03:18:30.060Z,34.16,70.6

2026-08-23T03:18:35.048Z,34.17,70.53

2026-08-23T03:18:40.049Z,34.19,70.56

2026-08-23T03:18:45.048Z,34.18,70.56

2026-08-23T03:18:50.048Z,34.16,70.61

2026-08-23T03:18:55.055Z,34.18,70.53

2026-08-23T03:19:00.062Z,34.17,70.61

2026-08-23T03:19:05.052Z,34.18,70.58

2026-08-23T03:19:10.054Z,34.18,70.61

2026-08-23T03:19:15.054Z,34.16,70.59

2026-08-23T03:19:20.054Z,34.19,70.56

2026-08-23T03:19:25.056Z,34.18,70.59

2026-08-23T03:19:30.064Z,34.15,70.51

2026-08-23T03:19:35.055Z,34.18,70.52

2026-08-23T03:19:40.054Z,34.18,70.5

2026-08-23T03:19:45.054Z,34.16,70.53

2026-08-23T03:19:50.054Z,34.19,70.51

2026-08-23T03:19:55.058Z,34.16,70.5

2026-08-23T03:20:00.071Z,34.15,70.6

2026-08-23T03:20:05.058Z,34.18,70.51

2026-08-23T03:20:10.060Z,34.17,70.56

2026-08-23T03:20:15.059Z,34.15,70.45

2026-08-23T03:20:20.074Z,34.16,70.52

2026-08-23T03:20:25.056Z,34.16,70.49

2026-08-23T03:20:30.062Z,34.16,70.53

2026-08-23T03:20:35.056Z,34.17,70.46

2026-08-23T03:20:40.058Z,34.18,70.49

2026-08-23T03:20:45.076Z,34.18,70.54

2026-08-23T03:20:50.085Z,34.17,70.51

2026-08-23T03:20:55.076Z,34.17,70.49

2026-08-23T03:21:00.076Z,34.16,70.48

2026-08-23T03:21:05.076Z,34.16,70.53

2026-08-23T03:21:10.089Z,34.17,70.51

2026-08-23T03:21:15.076Z,34.18,70.48

2026-08-23T03:21:20.077Z,34.18,70.53

2026-08-23T03:21:25.078Z,34.19,70.47

2026-08-23T03:21:30.079Z,34.18,70.5

2026-08-23T03:21:35.078Z,34.17,70.48

2026-08-23T03:21:40.091Z,34.19,70.54

2026-08-23T03:21:45.079Z,34.19,70.47

2026-08-23T03:21:50.079Z,34.2,70.45

2026-08-23T03:21:55.079Z,34.21,70.39

2026-08-23T03:22:00.078Z,34.18,70.33

2026-08-23T03:22:05.080Z,34.16,70.33

2026-08-23T03:22:10.090Z,34.18,70.39

2026-08-23T03:22:15.076Z,34.21,70.41

2026-08-23T03:22:20.080Z,34.18,70.46

2026-08-23T03:22:25.080Z,34.18,70.43

2026-08-23T03:22:30.078Z,34.21,70.36

2026-08-23T03:22:35.088Z,34.19,70.34

2026-08-23T03:22:40.099Z,34.19,70.25

2026-08-23T03:22:45.089Z,34.17,70.27

2026-08-23T03:22:50.088Z,34.2,70.22

2026-08-23T03:22:55.088Z,34.2,70.29

2026-08-23T03:23:00.088Z,34.2,70.2

2026-08-23T03:23:05.101Z,34.17,70.24

2026-08-23T03:23:10.113Z,34.18,70.22

2026-08-23T03:23:15.102Z,34.19,70.21

2026-08-23T03:23:20.101Z,34.18,70.19

2026-08-23T03:23:25.101Z,34.2,70.21

2026-08-23T03:23:30.100Z,34.2,70.21

2026-08-23T03:23:35.108Z,34.2,70.17

2026-08-23T03:23:40.119Z,34.17,70.23

2026-08-23T03:23:45.108Z,34.21,70.18

2026-08-23T03:23:50.110Z,34.2,70.2

2026-08-23T03:23:55.111Z,34.2,70.19

2026-08-23T03:24:00.111Z,34.2,70.27

2026-08-23T03:24:05.121Z,34.19,70.28

2026-08-23T03:24:10.132Z,34.21,70.28

2026-08-23T03:24:15.118Z,34.21,70.26

2026-08-23T03:24:20.118Z,34.18,70.15

2026-08-23T03:24:25.119Z,34.2,70.14

2026-08-23T03:24:30.120Z,34.2,70.06

2026-08-23T03:24:35.124Z,34.21,70.04

2026-08-23T03:24:40.139Z,34.19,70.09

2026-08-23T03:24:45.122Z,34.21,70.06

2026-08-23T03:24:50.125Z,34.2,70.06

2026-08-23T03:24:55.123Z,34.2,70.07

2026-08-23T03:25:00.124Z,34.22,70.09

2026-08-23T03:25:05.140Z,34.21,70.1

2026-08-23T03:25:10.150Z,34.2,70.11

2026-08-23T03:25:15.137Z,34.21,70.15

2026-08-23T03:25:20.138Z,34.21,70.14

2026-08-23T03:25:25.139Z,34.21,70.13

2026-08-23T03:25:30.139Z,34.21,70.12

2026-08-23T03:25:35.142Z,34.21,70.11

2026-08-23T03:25:40.154Z,34.22,70.08

2026-08-23T03:25:45.140Z,34.22,70.11

2026-08-23T03:25:50.141Z,34.23,70.14

2026-08-23T03:25:55.142Z,34.21,69.96

2026-08-23T03:26:00.141Z,34.22,70.04

2026-08-23T03:26:05.143Z,34.21,69.95

2026-08-23T03:26:10.157Z,34.21,70.05

2026-08-23T03:26:15.143Z,34.24,69.97

2026-08-23T03:26:20.142Z,34.2,69.92

2026-08-23T03:26:25.141Z,34.23,69.96

2026-08-23T03:26:30.142Z,34.22,69.9

2026-08-23T03:26:35.157Z,34.23,69.92

2026-08-23T03:26:40.168Z,34.21,69.97

2026-08-23T03:26:45.154Z,34.22,69.9

2026-08-23T03:26:50.155Z,34.21,69.98

2026-08-23T03:26:55.156Z,34.2,70.04

2026-08-23T03:27:00.156Z,34.2,69.96

2026-08-23T03:27:05.159Z,34.23,69.99

2026-08-23T03:27:10.169Z,34.23,69.98

2026-08-23T03:27:15.157Z,34.22,69.92

2026-08-23T03:27:20.156Z,34.22,69.97

2026-08-23T03:27:25.160Z,34.21,69.93

2026-08-23T03:27:30.159Z,34.23,69.96

2026-08-23T03:27:35.167Z,34.23,69.91

2026-08-23T03:27:40.175Z,34.23,69.91

2026-08-23T03:27:45.164Z,34.21,69.86

2026-08-23T03:27:50.168Z,34.22,69.88

2026-08-23T03:27:55.166Z,34.21,69.9

2026-08-23T03:28:00.165Z,34.22,69.92

2026-08-23T03:28:05.165Z,34.23,69.94

2026-08-23T03:28:10.181Z,34.23,69.9

2026-08-23T03:28:15.166Z,34.21,69.96

2026-08-23T03:28:20.167Z,34.22,69.96

2026-08-23T03:28:25.168Z,34.22,69.86

2026-08-23T03:28:30.168Z,34.21,69.83

2026-08-23T03:28:35.183Z,34.22,69.85

2026-08-23T03:28:40.196Z,34.23,69.94

2026-08-23T03:28:45.181Z,34.22,69.93

2026-08-23T03:28:50.182Z,34.21,69.96

2026-08-23T03:28:55.182Z,34.23,70

2026-08-23T03:29:00.182Z,34.21,69.95

2026-08-23T03:29:05.186Z,34.22,69.9

2026-08-23T03:29:10.197Z,34.19,69.92

2026-08-23T03:29:15.182Z,34.23,69.88

2026-08-23T03:29:20.185Z,34.21,69.86

2026-08-23T03:29:25.185Z,34.2,69.88

2026-08-23T03:29:30.187Z,34.2,69.91

2026-08-23T03:29:35.195Z,34.22,69.78

2026-08-23T03:29:40.203Z,34.22,69.83

2026-08-23T03:29:45.194Z,34.21,69.84

2026-08-23T03:29:50.191Z,34.21,69.84

2026-08-23T03:29:55.191Z,34.21,69.9

2026-08-23T03:30:00.192Z,34.21,69.89

2026-08-23T03:30:05.202Z,34.2,69.88

2026-08-23T03:30:10.212Z,34.21,69.94

2026-08-23T03:30:15.200Z,34.22,69.88

2026-08-23T03:30:20.202Z,34.21,69.87

2026-08-23T03:30:25.202Z,34.22,69.84

2026-08-23T03:30:30.203Z,34.21,69.87

2026-08-23T03:30:35.206Z,34.23,69.9

2026-08-23T03:30:40.218Z,34.22,69.89

2026-08-23T03:30:45.206Z,34.19,69.84

2026-08-23T03:30:50.205Z,34.19,69.85

2026-08-23T03:30:55.206Z,34.2,69.81

2026-08-23T03:31:00.207Z,34.19,69.82

2026-08-23T03:31:05.220Z,34.21,69.88

2026-08-23T03:31:10.233Z,34.19,69.93

2026-08-23T03:31:15.218Z,34.18,69.9

2026-08-23T03:31:20.222Z,34.19,69.86

2026-08-23T03:31:25.222Z,34.18,69.9

2026-08-23T03:31:30.220Z,34.17,69.87

2026-08-23T03:31:35.229Z,34.19,69.88

2026-08-23T03:31:40.242Z,34.19,69.92

2026-08-23T03:31:45.227Z,34.18,69.83

2026-08-23T03:31:50.230Z,34.19,69.89

2026-08-23T03:31:55.229Z,34.18,69.95

2026-08-23T03:32:00.232Z,34.19,69.91

2026-08-23T03:32:05.238Z,34.17,69.95

2026-08-23T03:32:10.252Z,34.19,70.04

2026-08-23T03:32:15.236Z,34.18,70.05

2026-08-23T03:32:20.236Z,34.19,70.05

2026-08-23T03:32:25.237Z,34.18,70.08

2026-08-23T03:32:30.237Z,34.18,70.1

2026-08-23T03:32:35.249Z,34.18,70.09

2026-08-23T03:32:40.258Z,34.18,70.13

2026-08-23T03:32:45.247Z,34.18,70.03

2026-08-23T03:32:50.249Z,34.19,70.06

2026-08-23T03:32:55.249Z,34.16,70.01

2026-08-23T03:33:00.249Z,34.18,70.1

2026-08-23T03:33:05.255Z,34.16,70.06

2026-08-23T03:33:10.266Z,34.17,70.08

2026-08-23T03:33:15.253Z,34.17,70.03

2026-08-23T03:33:20.254Z,34.18,70

2026-08-23T03:33:25.254Z,34.19,70

2026-08-23T03:33:30.256Z,34.18,70.12

2026-08-23T03:33:35.264Z,34.19,70.1

2026-08-23T03:33:40.277Z,34.17,70.08

2026-08-23T03:33:45.262Z,34.18,70.06

2026-08-23T03:33:50.261Z,34.19,70.07

2026-08-23T03:33:55.262Z,34.18,70.03

2026-08-23T03:34:00.261Z,34.19,69.95

2026-08-23T03:34:05.261Z,34.19,70.02

2026-08-23T03:34:10.276Z,34.2,70.03

2026-08-23T03:34:15.263Z,34.21,69.9

2026-08-23T03:34:20.265Z,34.2,69.95

2026-08-23T03:34:25.264Z,34.2,69.96

2026-08-23T03:34:30.262Z,34.19,69.9

2026-08-23T03:34:35.264Z,34.19,69.96

2026-08-23T03:34:40.275Z,34.2,70.02

2026-08-23T03:34:45.265Z,34.22,70.02

2026-08-23T03:34:50.265Z,34.21,69.98

2026-08-23T03:34:55.266Z,34.2,69.98

2026-08-23T03:35:00.266Z,34.2,69.95

2026-08-23T03:35:05.266Z,34.2,69.94

2026-08-23T03:35:10.284Z,34.19,70.03

2026-08-23T03:35:15.271Z,34.21,69.97

2026-08-23T03:35:20.268Z,34.2,69.99

2026-08-23T03:35:25.270Z,34.2,70

2026-08-23T03:35:30.269Z,34.21,69.99

2026-08-23T03:35:35.273Z,34.2,70

2026-08-23T03:35:40.286Z,34.2,70.06

2026-08-23T03:35:45.273Z,34.2,70.08

2026-08-23T03:35:50.274Z,34.22,70.08

2026-08-23T03:35:55.286Z,34.21,70.05

2026-08-23T03:36:00.295Z,34.21,70.05

2026-08-23T03:36:05.282Z,34.21,70.04

2026-08-23T03:36:10.283Z,34.2,70

2026-08-23T03:36:15.283Z,34.21,70.02

2026-08-23T03:36:20.284Z,34.19,70.02

2026-08-23T03:36:25.301Z,34.2,70

2026-08-23T03:36:30.315Z,34.2,70.06

2026-08-23T03:36:35.299Z,34.21,70.02

2026-08-23T03:36:40.298Z,34.2,70.05

2026-08-23T03:36:45.300Z,34.2,70.04

2026-08-23T03:36:50.301Z,34.22,69.93

2026-08-23T03:36:55.307Z,34.2,69.99

2026-08-23T03:37:00.322Z,34.2,69.98

2026-08-23T03:37:05.305Z,34.21,69.96

2026-08-23T03:37:10.306Z,34.21,70.04

2026-08-23T03:37:15.306Z,34.21,69.99

2026-08-23T03:37:20.309Z,34.19,69.97

2026-08-23T03:37:25.324Z,34.2,69.98

2026-08-23T03:37:30.331Z,34.2,70.01

2026-08-23T03:37:35.320Z,34.21,69.96

2026-08-23T03:37:40.318Z,34.2,69.99

2026-08-23T03:37:45.316Z,34.21,70

2026-08-23T03:37:50.319Z,34.2,69.99

2026-08-23T03:37:55.325Z,34.19,70.05

2026-08-23T03:38:00.335Z,34.19,70.03

2026-08-23T03:38:05.325Z,34.2,70

2026-08-23T03:38:10.325Z,34.22,69.96

2026-08-23T03:38:15.325Z,34.22,69.99

2026-08-23T03:38:20.326Z,34.2,70.05

2026-08-23T03:38:25.333Z,34.21,69.94

2026-08-23T03:38:30.343Z,34.22,69.97

2026-08-23T03:38:35.331Z,34.19,70

2026-08-23T03:38:40.334Z,34.22,70.2

2026-08-23T03:38:45.334Z,34.19,70.2

2026-08-23T03:38:50.332Z,34.2,70.31

2026-08-23T03:38:55.348Z,34.19,70.3

2026-08-23T03:39:00.358Z,34.18,70.36

2026-08-23T03:39:05.346Z,34.19,70.28

2026-08-23T03:39:10.345Z,34.2,70.24

2026-08-23T03:39:15.346Z,34.2,70.12

2026-08-23T03:39:20.345Z,34.2,70.02

2026-08-23T03:39:25.365Z,34.2,70

2026-08-23T03:39:30.375Z,34.2,69.95

2026-08-23T03:39:35.361Z,34.2,70

2026-08-23T03:39:40.361Z,34.21,70.01

2026-08-23T03:39:45.363Z,34.2,70

2026-08-23T03:39:50.365Z,34.2,70

2026-08-23T03:39:55.364Z,34.22,70

2026-08-23T03:40:00.378Z,34.21,69.91

2026-08-23T03:40:05.364Z,34.22,69.82

2026-08-23T03:40:10.365Z,34.21,69.92

2026-08-23T03:40:15.366Z,34.2,70.03

2026-08-23T03:40:20.368Z,34.2,70.09

2026-08-23T03:40:25.374Z,34.23,70.09

2026-08-23T03:40:30.382Z,34.21,70.09

2026-08-23T03:40:35.372Z,34.22,69.95

2026-08-23T03:40:40.373Z,34.22,69.97

2026-08-23T03:40:45.372Z,34.22,69.9

2026-08-23T03:40:50.373Z,34.23,69.98

2026-08-23T03:40:55.378Z,34.23,69.94

2026-08-23T03:41:00.388Z,34.21,69.93

2026-08-23T03:41:05.379Z,34.22,69.9

2026-08-23T03:41:10.378Z,34.23,69.86

2026-08-23T03:41:15.376Z,34.21,69.84

2026-08-23T03:41:20.377Z,34.21,69.75

2026-08-23T03:41:25.375Z,34.22,69.82

2026-08-23T03:41:30.389Z,34.22,69.8

2026-08-23T03:41:35.377Z,34.23,69.81

2026-08-23T03:41:40.376Z,34.21,69.77

2026-08-23T03:41:45.378Z,34.22,69.75

2026-08-23T03:41:50.377Z,34.21,69.75

2026-08-23T03:41:55.375Z,34.22,69.74

2026-08-23T03:42:00.388Z,34.24,69.79

2026-08-23T03:42:05.376Z,34.23,69.83

2026-08-23T03:42:10.375Z,34.2,69.76

2026-08-23T03:42:15.376Z,34.23,69.73

2026-08-23T03:42:20.376Z,34.23,69.81

2026-08-23T03:42:25.387Z,34.21,69.71

2026-08-23T03:42:30.395Z,34.22,69.85

2026-08-23T03:42:35.382Z,34.23,69.77

2026-08-23T03:42:40.384Z,34.24,69.79

2026-08-23T03:42:45.387Z,34.24,69.78

2026-08-23T03:42:50.386Z,34.22,69.71

2026-08-23T03:42:55.395Z,34.22,69.82

2026-08-23T03:43:00.407Z,34.23,69.82

2026-08-23T03:43:05.395Z,34.21,69.79

2026-08-23T03:43:10.395Z,34.23,69.87

2026-08-23T03:43:15.396Z,34.22,69.89

2026-08-23T03:43:20.395Z,34.24,69.91

2026-08-23T03:43:25.412Z,34.23,69.8

2026-08-23T03:43:30.422Z,34.24,69.81

2026-08-23T03:43:35.412Z,34.22,69.78

2026-08-23T03:43:40.411Z,34.22,69.79

2026-08-23T03:43:45.413Z,34.23,69.77

2026-08-23T03:43:50.411Z,34.23,69.75

2026-08-23T03:43:55.413Z,34.22,69.76

2026-08-23T03:44:00.425Z,34.23,69.82

2026-08-23T03:44:05.414Z,34.22,69.85

2026-08-23T03:44:10.413Z,34.22,69.81

2026-08-23T03:44:15.415Z,34.23,69.71

2026-08-23T03:44:20.414Z,34.24,69.67

2026-08-23T03:44:25.421Z,34.22,69.69

2026-08-23T03:44:30.427Z,34.24,69.68

2026-08-23T03:44:35.420Z,34.22,69.62

2026-08-23T03:44:40.424Z,34.21,69.62

2026-08-23T03:44:45.422Z,34.24,69.49

2026-08-23T03:44:50.422Z,34.22,69.56

2026-08-23T03:44:55.431Z,34.24,69.56

2026-08-23T03:45:00.444Z,34.23,69.58

2026-08-23T03:45:05.431Z,34.23,69.48

2026-08-23T03:45:10.431Z,34.24,69.58

2026-08-23T03:45:15.432Z,34.23,69.57

2026-08-23T03:45:20.433Z,34.22,69.53

2026-08-23T03:45:25.433Z,34.23,69.51

2026-08-23T03:45:30.449Z,34.23,69.58

2026-08-23T03:45:35.431Z,34.23,69.51

2026-08-23T03:45:40.435Z,34.23,69.48

2026-08-23T03:45:45.433Z,34.23,69.51

2026-08-23T03:45:50.434Z,34.22,69.57

2026-08-23T03:45:55.435Z,34.23,69.5

2026-08-23T03:46:00.448Z,34.24,69.64

2026-08-23T03:46:05.431Z,34.24,69.62

2026-08-23T03:46:10.437Z,34.23,69.5

2026-08-23T03:46:15.437Z,34.23,69.44

2026-08-23T03:46:20.435Z,34.24,69.5

2026-08-23T03:46:25.454Z,34.23,69.53

2026-08-23T03:46:30.467Z,34.25,69.56

2026-08-23T03:46:35.454Z,34.23,69.51

2026-08-23T03:46:40.455Z,34.24,69.5

2026-08-23T03:46:45.456Z,34.22,69.46

2026-08-23T03:46:50.456Z,34.22,69.43

2026-08-23T03:46:55.466Z,34.22,69.43

2026-08-23T03:47:00.480Z,34.21,69.41

2026-08-23T03:47:05.465Z,34.25,69.39

2026-08-23T03:47:10.466Z,34.21,69.38

2026-08-23T03:47:15.467Z,34.21,69.35

2026-08-23T03:47:20.465Z,34.24,69.4

2026-08-23T03:47:25.473Z,34.23,69.37

2026-08-23T03:47:30.481Z,34.24,69.37

2026-08-23T03:47:35.471Z,34.24,69.35

2026-08-23T03:47:40.474Z,34.24,69.34

2026-08-23T03:47:45.472Z,34.22,69.32

2026-08-23T03:47:50.474Z,34.24,69.34

2026-08-23T03:47:55.476Z,34.26,69.35

2026-08-23T03:48:00.489Z,34.23,69.43

2026-08-23T03:48:05.476Z,34.26,69.34

2026-08-23T03:48:10.477Z,34.22,69.36

2026-08-23T03:48:15.476Z,34.23,69.37

2026-08-23T03:48:20.479Z,34.22,69.28

2026-08-23T03:48:25.495Z,34.24,69.35

2026-08-23T03:48:30.505Z,34.24,69.29

2026-08-23T03:48:35.491Z,34.24,69.34

2026-08-23T03:48:40.492Z,34.24,69.35

2026-08-23T03:48:45.491Z,34.25,69.43

2026-08-23T03:48:50.492Z,34.25,69.39

2026-08-23T03:48:55.494Z,34.24,69.42

2026-08-23T03:49:00.506Z,34.26,69.43

2026-08-23T03:49:05.495Z,34.27,69.38

2026-08-23T03:49:10.494Z,34.27,69.39

2026-08-23T03:49:15.495Z,34.25,69.42

2026-08-23T03:49:20.495Z,34.25,69.43

2026-08-23T03:49:25.495Z,34.27,69.47

2026-08-23T03:49:30.507Z,34.27,69.49

2026-08-23T03:49:35.494Z,34.26,69.5

2026-08-23T03:49:40.493Z,34.26,69.48

2026-08-23T03:49:45.503Z,34.26,69.46

2026-08-23T03:49:50.512Z,34.26,69.49

2026-08-23T03:49:55.503Z,34.26,69.46

2026-08-23T03:50:00.502Z,34.26,69.49

2026-08-23T03:50:05.504Z,34.27,69.5

2026-08-23T03:50:10.503Z,34.26,69.49

2026-08-23T03:50:15.503Z,34.26,69.45

2026-08-23T03:50:20.515Z,34.25,69.48

2026-08-23T03:50:25.503Z,34.26,69.41

2026-08-23T03:50:30.505Z,34.27,69.46

2026-08-23T03:50:35.504Z,34.26,69.42

2026-08-23T03:50:40.517Z,34.27,69.49

2026-08-23T03:50:45.503Z,34.27,69.49

2026-08-23T03:50:50.505Z,34.28,69.51

2026-08-23T03:50:55.505Z,34.27,69.43

2026-08-23T03:51:00.507Z,34.26,69.47

2026-08-23T03:51:05.509Z,34.26,69.5

2026-08-23T03:51:10.517Z,34.28,69.53

2026-08-23T03:51:15.510Z,34.27,69.5

2026-08-23T03:51:20.509Z,34.26,69.51

2026-08-23T03:51:25.508Z,34.27,69.48

2026-08-23T03:51:30.510Z,34.27,69.52

2026-08-23T03:51:35.538Z,34.27,69.52

2026-08-23T03:51:40.551Z,34.27,69.59

2026-08-23T03:51:45.537Z,34.27,69.65

2026-08-23T03:51:50.537Z,34.26,69.61

2026-08-23T03:51:55.536Z,34.29,69.56

2026-08-23T03:52:00.539Z,34.27,69.53

2026-08-23T03:52:05.537Z,34.26,69.57

2026-08-23T03:52:10.550Z,34.26,69.59

2026-08-23T03:52:15.538Z,34.26,69.64

2026-08-23T03:52:20.539Z,34.25,69.56

2026-08-23T03:52:25.538Z,34.26,69.58

2026-08-23T03:52:30.542Z,34.27,69.57

2026-08-23T03:52:35.539Z,34.26,69.58

2026-08-23T03:52:40.553Z,34.26,69.62

2026-08-23T03:52:45.541Z,34.26,69.57

2026-08-23T03:52:50.542Z,34.27,69.6

2026-08-23T03:52:55.540Z,34.27,69.63

2026-08-23T03:53:00.539Z,34.26,69.66

2026-08-23T03:53:05.540Z,34.25,69.72

2026-08-23T03:53:10.554Z,34.28,69.74

2026-08-23T03:53:15.540Z,34.27,69.77

2026-08-23T03:53:20.542Z,34.27,69.77

2026-08-23T03:53:25.542Z,34.28,69.73

2026-08-23T03:53:30.552Z,34.27,69.71

2026-08-23T03:53:35.543Z,34.27,69.63

2026-08-23T03:53:40.543Z,34.27,69.63

2026-08-23T03:53:45.543Z,34.27,69.69

2026-08-23T03:53:50.548Z,34.28,69.72

2026-08-23T03:53:55.567Z,34.26,69.68

2026-08-23T03:54:00.584Z,34.26,69.71

2026-08-23T03:54:05.564Z,34.24,69.7

2026-08-23T03:54:10.567Z,34.28,69.76

2026-08-23T03:54:15.566Z,34.27,69.74

2026-08-23T03:54:20.566Z,34.27,69.72

2026-08-23T03:54:25.569Z,34.27,69.72

2026-08-23T03:54:30.581Z,34.27,69.81

2026-08-23T03:54:35.567Z,34.26,69.74

2026-08-23T03:54:40.566Z,34.25,69.8

2026-08-23T03:54:45.566Z,34.24,69.81

2026-08-23T03:54:50.567Z,34.27,69.76

2026-08-23T03:54:55.579Z,34.25,69.71

2026-08-23T03:55:00.591Z,34.23,69.83

2026-08-23T03:55:05.581Z,34.25,69.75

2026-08-23T03:55:10.580Z,34.25,69.79

2026-08-23T03:55:15.580Z,34.26,69.83

2026-08-23T03:55:20.581Z,34.26,69.81

2026-08-23T03:55:25.584Z,34.27,69.78

2026-08-23T03:55:30.600Z,34.24,69.76

2026-08-23T03:55:35.585Z,34.24,69.85

2026-08-23T03:55:40.586Z,34.26,69.8

2026-08-23T03:55:45.585Z,34.25,69.82

2026-08-23T03:55:50.584Z,34.27,69.84

2026-08-23T03:55:55.600Z,34.28,69.79

2026-08-23T03:56:00.607Z,34.23,69.78

2026-08-23T03:56:05.596Z,34.26,69.77

2026-08-23T03:56:10.597Z,34.25,69.75

2026-08-23T03:56:15.597Z,34.25,69.75

2026-08-23T03:56:20.596Z,34.25,69.77

2026-08-23T03:56:25.606Z,34.27,69.74

2026-08-23T03:56:30.623Z,34.25,69.75

2026-08-23T03:56:35.607Z,34.24,69.76

2026-08-23T03:56:40.606Z,34.26,69.72

2026-08-23T03:56:45.608Z,34.26,69.73

2026-08-23T03:56:50.608Z,34.27,69.74

2026-08-23T03:56:55.618Z,34.27,69.69

2026-08-23T03:57:00.614Z,34.26,69.71

2026-08-23T03:57:05.614Z,34.27,69.66

2026-08-23T03:57:10.617Z,34.26,69.71

2026-08-23T03:57:15.617Z,34.27,69.69

2026-08-23T03:57:20.634Z,34.27,69.71

2026-08-23T03:57:25.617Z,34.26,69.68

2026-08-23T03:57:30.613Z,34.27,69.66

2026-08-23T03:57:35.613Z,34.25,69.7

2026-08-23T03:57:40.626Z,34.27,69.7

2026-08-23T03:57:45.618Z,34.24,69.73

2026-08-23T03:57:50.617Z,34.26,69.67

2026-08-23T03:57:55.618Z,34.27,69.69

2026-08-23T03:58:00.618Z,34.26,69.72

2026-08-23T03:58:05.618Z,34.27,69.73

2026-08-23T03:58:10.632Z,34.27,69.74

2026-08-23T03:58:15.618Z,34.27,69.76

2026-08-23T03:58:20.618Z,34.26,69.76

2026-08-23T03:58:25.618Z,34.29,69.75

2026-08-23T03:58:30.635Z,34.27,69.78

2026-08-23T03:58:35.619Z,34.25,69.74

2026-08-23T03:58:40.619Z,34.27,69.72

2026-08-23T03:58:45.619Z,34.26,69.77

2026-08-23T03:58:50.622Z,34.26,69.79

2026-08-23T03:58:55.636Z,34.25,69.83

2026-08-23T03:59:00.645Z,34.26,69.79

2026-08-23T03:59:05.633Z,34.26,69.82

2026-08-23T03:59:10.635Z,34.25,69.73

2026-08-23T03:59:15.635Z,34.26,69.77

2026-08-23T03:59:20.635Z,34.24,69.72

2026-08-23T03:59:25.643Z,34.24,69.76

2026-08-23T03:59:30.655Z,34.26,69.77

2026-08-23T03:59:35.643Z,34.24,69.67

2026-08-23T03:59:40.644Z,34.24,69.68

2026-08-23T03:59:45.644Z,34.25,69.7

2026-08-23T03:59:50.642Z,34.24,69.71

2026-08-23T03:59:55.646Z,34.25,69.73

2026-08-23T04:00:00.660Z,34.24,69.69

2026-08-23T04:00:05.645Z,34.25,69.73

2026-08-23T04:00:10.646Z,34.26,69.71

2026-08-23T04:00:15.646Z,34.26,69.67

2026-08-23T04:00:20.646Z,34.25,69.67

2026-08-23T04:00:25.647Z,34.25,69.67

2026-08-23T04:00:30.658Z,34.26,69.72

2026-08-23T04:00:35.646Z,34.25,69.63

2026-08-23T04:00:40.648Z,34.25,69.66

2026-08-23T04:00:45.647Z,34.26,69.59

2026-08-23T04:00:50.651Z,34.23,69.64

2026-08-23T04:00:55.662Z,34.24,69.61

2026-08-23T04:01:00.679Z,34.23,69.56

2026-08-23T04:01:05.665Z,34.24,69.56

2026-08-23T04:01:10.664Z,34.24,69.53

2026-08-23T04:01:15.663Z,34.26,69.64

2026-08-23T04:01:20.664Z,34.26,69.61

2026-08-23T04:01:25.677Z,34.24,69.59

2026-08-23T04:01:30.687Z,34.24,69.57

2026-08-23T04:01:35.675Z,34.24,69.58

2026-08-23T04:01:40.676Z,34.23,69.54

2026-08-23T04:01:45.676Z,34.24,69.61

2026-08-23T04:01:50.677Z,34.25,69.63

2026-08-23T04:01:55.681Z,34.24,69.58

2026-08-23T04:02:00.692Z,34.24,69.65

2026-08-23T04:02:05.680Z,34.25,69.54

2026-08-23T04:02:10.680Z,34.24,69.59

2026-08-23T04:02:15.680Z,34.24,69.6

2026-08-23T04:02:20.681Z,34.25,69.59

2026-08-23T04:02:25.697Z,34.24,69.54

2026-08-23T04:02:30.704Z,34.25,69.63

2026-08-23T04:02:35.693Z,34.24,69.5

2026-08-23T04:02:40.694Z,34.25,69.56

2026-08-23T04:02:45.692Z,34.24,69.58

2026-08-23T04:02:50.695Z,34.27,69.56

2026-08-23T04:02:55.702Z,34.24,69.55

2026-08-23T04:03:00.707Z,34.25,69.59

2026-08-23T04:03:05.696Z,34.23,69.57

2026-08-23T04:03:10.697Z,34.25,69.58

2026-08-23T04:03:15.696Z,34.25,69.56

2026-08-23T04:03:20.700Z,34.24,69.64

2026-08-23T04:03:25.707Z,34.26,69.57

2026-08-23T04:03:30.719Z,34.25,69.62

2026-08-23T04:03:35.708Z,34.25,69.53

2026-08-23T04:03:40.705Z,34.25,69.65

2026-08-23T04:03:45.705Z,34.25,69.6

2026-08-23T04:03:50.706Z,34.26,69.56

2026-08-23T04:03:55.719Z,34.25,69.63

2026-08-23T04:04:00.732Z,34.25,69.61

2026-08-23T04:04:05.715Z,34.26,69.54

2026-08-23T04:04:10.716Z,34.26,69.54

2026-08-23T04:04:15.716Z,34.25,69.51

2026-08-23T04:04:20.717Z,34.27,69.52

2026-08-23T04:04:25.723Z,34.26,69.48

2026-08-23T04:04:30.734Z,34.27,69.53

2026-08-23T04:04:35.723Z,34.25,69.52

2026-08-23T04:04:40.724Z,34.26,69.52

2026-08-23T04:04:45.725Z,34.28,69.48

2026-08-23T04:04:50.724Z,34.26,69.55

2026-08-23T04:04:55.735Z,34.24,69.53

2026-08-23T04:05:00.746Z,34.26,69.64

2026-08-23T04:05:05.733Z,34.27,69.61

2026-08-23T04:05:10.735Z,34.26,69.59

2026-08-23T04:05:15.735Z,34.26,69.57

2026-08-23T04:05:20.735Z,34.27,69.57

2026-08-23T04:05:25.747Z,34.27,69.57

2026-08-23T04:05:30.757Z,34.27,69.57

2026-08-23T04:05:35.743Z,34.26,69.51

2026-08-23T04:05:40.745Z,34.27,69.54

2026-08-23T04:05:45.747Z,34.26,69.51

2026-08-23T04:05:50.745Z,34.27,69.54

2026-08-23T04:05:55.751Z,34.27,69.54

2026-08-23T04:06:00.760Z,34.26,69.47

2026-08-23T04:06:05.751Z,34.26,69.44

2026-08-23T04:06:10.751Z,34.27,69.48

2026-08-23T04:06:15.752Z,34.26,69.44

2026-08-23T04:06:20.752Z,34.26,69.46

2026-08-23T04:06:25.762Z,34.24,69.44

2026-08-23T04:06:30.775Z,34.27,69.49

2026-08-23T04:06:35.759Z,34.26,69.49

2026-08-23T04:06:40.761Z,34.25,69.4

2026-08-23T04:06:45.760Z,34.27,69.42

2026-08-23T04:06:50.761Z,34.26,69.4

2026-08-23T04:06:55.773Z,34.26,69.44

2026-08-23T04:07:00.783Z,34.26,69.47

2026-08-23T04:07:05.774Z,34.26,69.3

2026-08-23T04:07:10.772Z,34.24,69.26

2026-08-23T04:07:15.772Z,34.26,69.27

2026-08-23T04:07:20.774Z,34.27,69.27

2026-08-23T04:07:25.778Z,34.26,69.22

2026-08-23T04:07:30.788Z,34.28,69.26

2026-08-23T04:07:35.778Z,34.25,69.21

2026-08-23T04:07:40.776Z,34.26,69.23

2026-08-23T04:07:45.776Z,34.25,69.15

2026-08-23T04:07:50.778Z,34.28,69.23

2026-08-23T04:07:55.778Z,34.25,69.25

2026-08-23T04:08:00.788Z,34.27,69.3

2026-08-23T04:08:05.777Z,34.26,69.25

2026-08-23T04:08:10.779Z,34.25,69.24

2026-08-23T04:08:15.778Z,34.26,69.17

2026-08-23T04:08:20.779Z,34.24,69.06

2026-08-23T04:08:25.790Z,34.25,69.02

2026-08-23T04:08:30.805Z,34.23,69.12

2026-08-23T04:08:35.791Z,34.23,69.06

2026-08-23T04:08:40.791Z,34.25,69.09

2026-08-23T04:08:45.791Z,34.22,69.17

2026-08-23T04:08:50.792Z,34.26,69.17

2026-08-23T04:08:55.800Z,34.25,69.16

2026-08-23T04:09:00.812Z,34.24,69.17

2026-08-23T04:09:05.797Z,34.24,69.14

2026-08-23T04:09:10.798Z,34.25,69.18

2026-08-23T04:09:15.799Z,34.23,69.13

2026-08-23T04:09:20.801Z,34.24,69.14

2026-08-23T04:09:25.810Z,34.25,69.12

2026-08-23T04:09:30.820Z,34.24,69.1

2026-08-23T04:09:35.811Z,34.24,69.17

2026-08-23T04:09:40.812Z,34.24,69.06

2026-08-23T04:09:45.811Z,34.24,69.05

2026-08-23T04:09:50.811Z,34.24,69.06

2026-08-23T04:09:55.816Z,34.24,69.07

2026-08-23T04:10:00.828Z,34.24,69.09

2026-08-23T04:10:05.813Z,34.24,69.1

2026-08-23T04:10:10.815Z,34.24,69.08

2026-08-23T04:10:15.816Z,34.24,69.12

2026-08-23T04:10:20.815Z,34.24,69.1

2026-08-23T04:10:25.823Z,34.23,69.11

2026-08-23T04:10:30.833Z,34.25,69.1

2026-08-23T04:10:35.823Z,34.23,69.1

2026-08-23T04:10:40.820Z,34.25,69.05

2026-08-23T04:10:45.821Z,34.24,69.02

2026-08-23T04:10:50.823Z,34.23,69.09

2026-08-23T04:10:55.832Z,34.25,69

2026-08-23T04:11:00.845Z,34.23,69.04

2026-08-23T04:11:05.830Z,34.23,69.01

2026-08-23T04:11:10.830Z,34.22,69

2026-08-23T04:11:15.831Z,34.23,68.95

2026-08-23T04:11:20.831Z,34.22,69.02

2026-08-23T04:11:25.841Z,34.25,69.01

2026-08-23T04:11:30.835Z,34.24,69.05

2026-08-23T04:11:35.833Z,34.24,69.05

2026-08-23T04:11:40.834Z,34.22,69.06

2026-08-23T04:11:45.833Z,34.23,69.07

2026-08-23T04:11:50.843Z,34.23,69.06

2026-08-23T04:11:55.834Z,34.25,69.07

2026-08-23T04:12:00.836Z,34.24,69.09

2026-08-23T04:12:05.837Z,34.22,69.12

2026-08-23T04:12:10.838Z,34.25,69.09

2026-08-23T04:12:15.840Z,34.25,69.05

2026-08-23T04:12:20.853Z,34.23,69.05

2026-08-23T04:12:25.843Z,34.23,69.07

2026-08-23T04:12:30.842Z,34.24,69.07

2026-08-23T04:12:35.842Z,34.23,69.09

2026-08-23T04:12:40.840Z,34.23,69.09

2026-08-23T04:12:45.842Z,34.22,69.05

2026-08-23T04:12:50.853Z,34.23,69.13

2026-08-23T04:12:55.841Z,34.24,69.15

2026-08-23T04:13:00.842Z,34.24,69.12

2026-08-23T04:13:05.840Z,34.25,69.14

2026-08-23T04:13:10.844Z,34.25,69.19

2026-08-23T04:13:15.857Z,34.24,69.16

2026-08-23T04:13:20.870Z,34.21,69.22

2026-08-23T04:13:25.855Z,34.23,69.16

2026-08-23T04:13:30.857Z,34.24,69.19

2026-08-23T04:13:35.855Z,34.24,69.23

2026-08-23T04:13:40.857Z,34.22,69.33

2026-08-23T04:13:45.859Z,34.23,69.3

2026-08-23T04:13:50.871Z,34.24,69.37

2026-08-23T04:13:55.859Z,34.22,69.3

2026-08-23T04:14:00.862Z,34.22,69.3

2026-08-23T04:14:05.858Z,34.22,69.28

2026-08-23T04:14:10.861Z,34.22,69.35

2026-08-23T04:14:15.881Z,34.23,69.34

2026-08-23T04:14:20.895Z,34.23,69.36

2026-08-23T04:14:25.879Z,34.22,69.27

2026-08-23T04:14:30.879Z,34.22,69.37

2026-08-23T04:14:35.880Z,34.21,69.37

2026-08-23T04:14:40.880Z,34.21,69.42

2026-08-23T04:14:45.888Z,34.22,69.39

2026-08-23T04:14:50.896Z,34.21,69.46

2026-08-23T04:14:55.883Z,34.21,69.35

2026-08-23T04:15:00.885Z,34.21,69.47

2026-08-23T04:15:05.886Z,34.2,69.49

2026-08-23T04:15:10.886Z,34.22,69.46

2026-08-23T04:15:15.884Z,34.23,69.53

2026-08-23T04:15:20.898Z,34.22,69.49

2026-08-23T04:15:25.886Z,34.2,69.52

2026-08-23T04:15:30.885Z,34.2,69.54

2026-08-23T04:15:35.885Z,34.21,69.57

2026-08-23T04:15:40.884Z,34.21,69.56

2026-08-23T04:15:45.896Z,34.21,69.57

2026-08-23T04:15:50.909Z,34.2,69.55

2026-08-23T04:15:55.896Z,34.21,69.5

2026-08-23T04:16:00.896Z,34.21,69.53

2026-08-23T04:16:05.896Z,34.23,69.6

2026-08-23T04:16:10.898Z,34.21,69.59

2026-08-23T04:16:15.910Z,34.21,69.68

2026-08-23T04:16:20.919Z,34.2,69.67

2026-08-23T04:16:25.907Z,34.19,69.69

2026-08-23T04:16:30.908Z,34.21,69.67

2026-08-23T04:16:35.909Z,34.19,69.68

2026-08-23T04:16:40.909Z,34.21,69.67

2026-08-23T04:16:45.917Z,34.2,69.73

2026-08-23T04:16:50.931Z,34.21,69.76

2026-08-23T04:16:55.916Z,34.22,69.77

2026-08-23T04:17:00.918Z,34.19,69.72

2026-08-23T04:17:05.917Z,34.22,69.71

2026-08-23T04:17:10.917Z,34.22,69.78

2026-08-23T04:17:15.937Z,34.2,69.72

2026-08-23T04:17:20.948Z,34.2,69.81

2026-08-23T04:17:25.932Z,34.23,69.75

2026-08-23T04:17:30.935Z,34.21,69.76

2026-08-23T04:17:35.936Z,34.22,69.75

2026-08-23T04:17:40.936Z,34.23,69.81

2026-08-23T04:17:45.939Z,34.23,69.79

2026-08-23T04:17:50.953Z,34.22,69.9

2026-08-23T04:17:55.936Z,34.23,69.94

2026-08-23T04:18:00.938Z,34.22,69.88

2026-08-23T04:18:05.936Z,34.22,69.88

2026-08-23T04:18:10.938Z,34.22,69.88

2026-08-23T04:18:15.941Z,34.22,69.89

2026-08-23T04:18:20.953Z,34.22,69.97

2026-08-23T04:18:25.939Z,34.2,69.9

2026-08-23T04:18:30.940Z,34.23,69.88

2026-08-23T04:18:35.939Z,34.24,69.84

2026-08-23T04:18:40.939Z,34.21,69.88

2026-08-23T04:18:45.944Z,34.24,69.8

2026-08-23T04:18:50.959Z,34.23,69.83

2026-08-23T04:18:55.944Z,34.23,69.83

2026-08-23T04:19:00.942Z,34.25,69.81

2026-08-23T04:19:05.943Z,34.24,69.79

2026-08-23T04:19:10.945Z,34.25,69.68

2026-08-23T04:19:15.956Z,34.23,69.73

2026-08-23T04:19:20.965Z,34.22,69.76

2026-08-23T04:19:25.953Z,34.24,69.63

2026-08-23T04:19:30.956Z,34.24,69.62

2026-08-23T04:19:35.957Z,34.22,69.58

2026-08-23T04:19:40.958Z,34.22,69.58

2026-08-23T04:19:45.968Z,34.23,69.51

2026-08-23T04:19:50.979Z,34.23,69.54

2026-08-23T04:19:55.968Z,34.23,69.6

2026-08-23T04:20:00.969Z,34.23,69.54

2026-08-23T04:20:05.969Z,34.22,69.54

2026-08-23T04:20:10.969Z,34.23,69.55

2026-08-23T04:20:15.982Z,34.24,69.59

2026-08-23T04:20:20.992Z,34.23,69.62

2026-08-23T04:20:25.982Z,34.23,69.59

2026-08-23T04:20:30.981Z,34.22,69.58

2026-08-23T04:20:35.982Z,34.23,69.63

2026-08-23T04:20:40.983Z,34.22,69.69

2026-08-23T04:20:45.987Z,34.22,69.67

2026-08-23T04:20:50.997Z,34.24,69.67

2026-08-23T04:20:55.987Z,34.24,69.67

2026-08-23T04:21:00.990Z,34.24,69.72

2026-08-23T04:21:05.988Z,34.24,69.71

2026-08-23T04:21:10.989Z,34.24,69.67

2026-08-23T04:21:15.996Z,34.25,69.79

2026-08-23T04:21:21.004Z,34.25,69.82

2026-08-23T04:21:25.996Z,34.24,69.88

2026-08-23T04:21:30.993Z,34.25,69.88

2026-08-23T04:21:35.993Z,34.24,69.8

2026-08-23T04:21:40.992Z,34.26,69.79

2026-08-23T04:21:46.001Z,34.24,69.75

2026-08-23T04:21:51.015Z,34.25,69.79

2026-08-23T04:21:56.002Z,34.26,69.74

2026-08-23T04:22:01.002Z,34.24,69.73

2026-08-23T04:22:06.003Z,34.24,69.7

2026-08-23T04:22:11.003Z,34.24,69.66

2026-08-23T04:22:16.010Z,34.25,69.75

2026-08-23T04:22:21.021Z,34.24,69.72

2026-08-23T04:22:26.010Z,34.24,69.72

2026-08-23T04:22:31.011Z,34.25,69.66

2026-08-23T04:22:36.008Z,34.2,69.67

2026-08-23T04:22:41.022Z,34.21,69.71

2026-08-23T04:22:46.007Z,34.22,69.67

2026-08-23T04:22:51.010Z,34.23,69.68

2026-08-23T04:22:56.009Z,34.21,69.69

2026-08-23T04:23:01.023Z,34.21,69.7

2026-08-23T04:23:06.012Z,34.24,69.66

2026-08-23T04:23:11.015Z,34.22,69.61

2026-08-23T04:23:16.016Z,34.23,69.65

2026-08-23T04:23:21.012Z,34.22,69.62

2026-08-23T04:23:26.038Z,34.22,69.66

2026-08-23T04:23:31.034Z,34.22,69.65

2026-08-23T04:23:36.034Z,34.23,69.66

2026-08-23T04:23:41.033Z,34.24,69.61

2026-08-23T04:23:46.035Z,34.22,69.61

2026-08-23T04:23:51.049Z,34.23,69.68

2026-08-23T04:23:56.036Z,34.22,69.6

2026-08-23T04:24:01.037Z,34.24,69.58

2026-08-23T04:24:06.037Z,34.22,69.53

2026-08-23T04:24:11.037Z,34.23,69.54

2026-08-23T04:24:16.036Z,34.23,69.54

2026-08-23T04:24:21.053Z,34.21,69.56

2026-08-23T04:24:26.040Z,34.23,69.53

2026-08-23T04:24:31.040Z,34.23,69.49

2026-08-23T04:24:36.041Z,34.23,69.58

2026-08-23T04:24:41.042Z,34.23,69.47

2026-08-23T04:24:46.059Z,34.24,69.52

2026-08-23T04:24:51.071Z,34.22,69.48

2026-08-23T04:24:56.057Z,34.22,69.56

2026-08-23T04:25:01.058Z,34.22,69.47

2026-08-23T04:25:06.058Z,34.23,69.55

2026-08-23T04:25:11.058Z,34.23,69.55

2026-08-23T04:25:16.057Z,34.24,69.55

2026-08-23T04:25:21.071Z,34.22,69.63

2026-08-23T04:25:26.060Z,34.23,69.59

2026-08-23T04:25:31.060Z,34.24,69.53

2026-08-23T04:25:36.061Z,34.22,69.58

2026-08-23T04:25:41.060Z,34.22,69.58

2026-08-23T04:25:46.060Z,34.22,69.62

2026-08-23T04:25:51.075Z,34.21,69.66

2026-08-23T04:25:56.062Z,34.23,69.57

2026-08-23T04:26:01.064Z,34.22,69.62

2026-08-23T04:26:06.064Z,34.23,69.62

2026-08-23T04:26:11.064Z,34.22,69.62

2026-08-23T04:26:16.065Z,34.23,69.62

2026-08-23T04:26:21.076Z,34.21,69.65

2026-08-23T04:26:26.064Z,34.24,69.64

2026-08-23T04:26:31.062Z,34.22,69.64

2026-08-23T04:26:36.064Z,34.22,69.6

2026-08-23T04:26:41.065Z,34.23,69.64

2026-08-23T04:26:46.074Z,34.23,69.68

2026-08-23T04:26:51.080Z,34.23,69.67

2026-08-23T04:26:56.069Z,34.21,69.64

2026-08-23T04:27:01.069Z,34.21,69.71

2026-08-23T04:27:06.066Z,34.22,69.66

2026-08-23T04:27:11.070Z,34.22,69.66

2026-08-23T04:27:16.086Z,34.23,69.69

2026-08-23T04:27:21.099Z,34.21,69.72

2026-08-23T04:27:26.083Z,34.23,69.65

2026-08-23T04:27:31.082Z,34.22,69.68

2026-08-23T04:27:36.084Z,34.22,69.68

2026-08-23T04:27:41.083Z,34.22,69.71

2026-08-23T04:27:46.089Z,34.23,69.72

2026-08-23T04:27:51.099Z,34.22,69.76

2026-08-23T04:27:56.089Z,34.23,69.73

2026-08-23T04:28:01.091Z,34.24,69.74

2026-08-23T04:28:06.087Z,34.23,69.78

2026-08-23T04:28:11.089Z,34.23,69.73

2026-08-23T04:28:16.103Z,34.23,69.82

2026-08-23T04:28:21.117Z,34.22,69.73

2026-08-23T04:28:26.102Z,34.22,69.75

2026-08-23T04:28:31.105Z,34.23,69.72

2026-08-23T04:28:36.101Z,34.22,69.75

2026-08-23T04:28:41.103Z,34.23,69.77

2026-08-23T04:28:46.107Z,34.22,69.79

2026-08-23T04:28:51.121Z,34.23,69.88

2026-08-23T04:28:56.109Z,34.23,69.89

2026-08-23T04:29:01.108Z,34.22,69.87

2026-08-23T04:29:06.108Z,34.24,69.94

2026-08-23T04:29:11.110Z,34.24,69.93

2026-08-23T04:29:16.119Z,34.23,69.93

2026-08-23T04:29:21.132Z,34.24,70.02

2026-08-23T04:29:26.117Z,34.25,69.96

2026-08-23T04:29:31.117Z,34.25,69.96

2026-08-23T04:29:36.118Z,34.25,69.98

2026-08-23T04:29:41.118Z,34.25,69.92

2026-08-23T04:29:46.125Z,34.24,69.93

2026-08-23T04:29:51.137Z,34.25,70

2026-08-23T04:29:56.120Z,34.25,69.85

2026-08-23T04:30:01.125Z,34.25,69.82

2026-08-23T04:30:06.125Z,34.24,69.89

2026-08-23T04:30:11.123Z,34.25,69.89

2026-08-23T04:30:16.142Z,34.23,69.87

2026-08-23T04:30:21.152Z,34.23,69.9

2026-08-23T04:30:26.142Z,34.23,69.9

2026-08-23T04:30:31.140Z,34.23,69.89

2026-08-23T04:30:36.141Z,34.23,69.88

2026-08-23T04:30:41.146Z,34.22,69.82

2026-08-23T04:30:46.164Z,34.22,69.83

2026-08-23T04:30:51.178Z,34.23,69.88

2026-08-23T04:30:56.163Z,34.21,69.73

2026-08-23T04:31:01.163Z,34.22,69.75

2026-08-23T04:31:06.164Z,34.21,69.76

2026-08-23T04:31:11.166Z,34.22,69.73

2026-08-23T04:31:16.175Z,34.19,69.66

2026-08-23T04:31:21.185Z,34.19,69.68

2026-08-23T04:31:26.174Z,34.2,69.6

2026-08-23T04:31:31.174Z,34.21,69.58

2026-08-23T04:31:36.175Z,34.21,69.58

2026-08-23T04:31:41.174Z,34.21,69.58

2026-08-23T04:31:46.180Z,34.2,69.52

2026-08-23T04:31:51.195Z,34.19,69.53

2026-08-23T04:31:56.179Z,34.21,69.54

2026-08-23T04:32:01.181Z,34.21,69.5

2026-08-23T04:32:06.180Z,34.21,69.48

2026-08-23T04:32:11.182Z,34.21,69.56

2026-08-23T04:32:16.191Z,34.21,69.54

2026-08-23T04:32:21.201Z,34.2,69.59

2026-08-23T04:32:26.190Z,34.2,69.47

2026-08-23T04:32:31.192Z,34.19,69.45

2026-08-23T04:32:36.194Z,34.19,69.47

2026-08-23T04:32:41.192Z,34.19,69.48

2026-08-23T04:32:46.199Z,34.19,69.53

2026-08-23T04:32:51.210Z,34.18,69.5

2026-08-23T04:32:56.198Z,34.18,69.51

2026-08-23T04:33:01.197Z,34.18,69.51

2026-08-23T04:33:06.198Z,34.19,69.54

2026-08-23T04:33:11.198Z,34.19,69.55

2026-08-23T04:33:16.202Z,34.19,69.58

2026-08-23T04:33:21.214Z,34.18,69.59

2026-08-23T04:33:26.203Z,34.19,69.58

2026-08-23T04:33:31.201Z,34.19,69.58

2026-08-23T04:33:36.201Z,34.18,69.57

2026-08-23T04:33:41.200Z,34.21,69.56

2026-08-23T04:33:46.215Z,34.2,69.66

2026-08-23T04:33:51.224Z,34.19,69.61

2026-08-23T04:33:56.212Z,34.18,69.56

2026-08-23T04:34:01.213Z,34.16,69.56

2026-08-23T04:34:06.213Z,34.21,69.65

2026-08-23T04:34:11.213Z,34.2,69.6

2026-08-23T04:34:16.226Z,34.21,69.62

2026-08-23T04:34:21.236Z,34.19,69.68

2026-08-23T04:34:26.225Z,34.18,69.7

2026-08-23T04:34:31.225Z,34.2,69.64

2026-08-23T04:34:36.230Z,34.18,69.71

2026-08-23T04:34:41.231Z,34.19,69.68

2026-08-23T04:34:46.231Z,34.19,69.7

2026-08-23T04:34:51.243Z,34.21,69.82

2026-08-23T04:34:56.232Z,34.21,69.75

2026-08-23T04:35:01.232Z,34.2,69.77

2026-08-23T04:35:06.233Z,34.2,69.89

2026-08-23T04:35:11.233Z,34.22,69.89

2026-08-23T04:35:16.244Z,34.22,69.9

2026-08-23T04:35:21.253Z,34.2,69.93

2026-08-23T04:35:26.243Z,34.23,69.88

2026-08-23T04:35:31.244Z,34.21,69.98

2026-08-23T04:35:36.244Z,34.21,69.89

2026-08-23T04:35:41.245Z,34.22,69.93

2026-08-23T04:35:46.251Z,34.22,69.89

2026-08-23T04:35:51.266Z,34.2,69.95

2026-08-23T04:35:56.250Z,34.21,69.85

2026-08-23T04:36:01.251Z,34.22,69.89

2026-08-23T04:36:06.251Z,34.2,69.9

2026-08-23T04:36:11.252Z,34.23,69.95

2026-08-23T04:36:16.253Z,34.22,70

2026-08-23T04:36:21.264Z,34.23,69.92

2026-08-23T04:36:26.252Z,34.22,69.93

2026-08-23T04:36:31.253Z,34.22,69.83

2026-08-23T04:36:36.253Z,34.23,69.81

2026-08-23T04:36:41.254Z,34.25,69.78

2026-08-23T04:36:46.263Z,34.23,69.83

2026-08-23T04:36:51.275Z,34.23,69.83

2026-08-23T04:36:56.263Z,34.22,69.83

2026-08-23T04:37:01.264Z,34.22,69.85

2026-08-23T04:37:06.262Z,34.25,69.87

2026-08-23T04:37:11.263Z,34.24,69.85

2026-08-23T04:37:16.261Z,34.22,69.85

2026-08-23T04:37:21.278Z,34.21,69.83

2026-08-23T04:37:26.261Z,34.24,69.79

2026-08-23T04:37:31.262Z,34.24,69.8

2026-08-23T04:37:36.262Z,34.23,69.8

2026-08-23T04:37:41.265Z,34.24,69.72

2026-08-23T04:37:46.268Z,34.25,69.75

2026-08-23T04:37:51.277Z,34.24,69.57

2026-08-23T04:37:56.265Z,34.25,69.5

2026-08-23T04:38:01.265Z,34.22,69.52

2026-08-23T04:38:06.267Z,34.23,69.37

2026-08-23T04:38:11.267Z,34.23,69.47

2026-08-23T04:38:16.285Z,34.24,69.51

2026-08-23T04:38:21.293Z,34.24,69.49

2026-08-23T04:38:26.282Z,34.24,69.48

2026-08-23T04:38:31.282Z,34.23,69.46

2026-08-23T04:38:36.286Z,34.24,69.52

2026-08-23T04:38:41.287Z,34.21,69.38

2026-08-23T04:38:46.321Z,34.23,69.32

2026-08-23T04:38:51.309Z,34.24,69.35

2026-08-23T04:38:56.309Z,34.23,69.32

2026-08-23T04:39:01.311Z,34.22,69.34

2026-08-23T04:39:06.309Z,34.23,69.42

2026-08-23T04:39:11.321Z,34.22,69.46

2026-08-23T04:39:16.313Z,34.23,69.42

2026-08-23T04:39:21.313Z,34.22,69.39

2026-08-23T04:39:26.314Z,34.22,69.47

2026-08-23T04:39:31.312Z,34.21,69.47

2026-08-23T04:39:36.311Z,34.23,69.41

2026-08-23T04:39:41.323Z,34.22,69.45

2026-08-23T04:39:46.314Z,34.23,69.42

2026-08-23T04:39:51.313Z,34.23,69.41

2026-08-23T04:39:56.315Z,34.23,69.43

2026-08-23T04:40:01.314Z,34.23,69.42

2026-08-23T04:40:06.315Z,34.2,69.47

2026-08-23T04:40:11.331Z,34.2,69.41

2026-08-23T04:40:16.316Z,34.2,69.49

2026-08-23T04:40:21.315Z,34.21,69.46

2026-08-23T04:40:26.314Z,34.23,69.43

2026-08-23T04:40:31.317Z,34.21,69.43

2026-08-23T04:40:36.316Z,34.2,69.46

2026-08-23T04:40:41.330Z,34.23,69.49

2026-08-23T04:40:46.319Z,34.22,69.45

2026-08-23T04:40:51.318Z,34.23,69.46

2026-08-23T04:40:56.317Z,34.21,69.4

2026-08-23T04:41:01.317Z,34.21,69.47

2026-08-23T04:41:06.319Z,34.21,69.43

2026-08-23T04:41:11.328Z,34.23,69.46

2026-08-23T04:41:16.318Z,34.21,69.37

2026-08-23T04:41:21.318Z,34.21,69.37

2026-08-23T04:41:26.318Z,34.22,69.35

2026-08-23T04:41:31.329Z,34.23,69.45

2026-08-23T04:41:36.319Z,34.21,69.46

2026-08-23T04:41:41.321Z,34.22,69.47

2026-08-23T04:41:46.318Z,34.23,69.45

2026-08-23T04:41:51.324Z,34.23,69.43

2026-08-23T04:41:56.321Z,34.21,69.46

2026-08-23T04:42:01.338Z,34.21,69.56

2026-08-23T04:42:06.322Z,34.23,69.55

2026-08-23T04:42:11.325Z,34.22,69.56

2026-08-23T04:42:16.324Z,34.21,69.6

2026-08-23T04:42:21.323Z,34.22,69.63

2026-08-23T04:42:26.348Z,34.23,69.65

2026-08-23T04:42:31.360Z,34.23,69.68

2026-08-23T04:42:36.345Z,34.23,69.61

2026-08-23T04:42:41.348Z,34.23,69.62

2026-08-23T04:42:46.347Z,34.24,69.62

2026-08-23T04:42:51.347Z,34.23,69.59

2026-08-23T04:42:56.359Z,34.23,69.58

2026-08-23T04:43:01.372Z,34.23,69.63

2026-08-23T04:43:06.357Z,34.23,69.55

2026-08-23T04:43:11.357Z,34.23,69.55

2026-08-23T04:43:16.360Z,34.24,69.56

2026-08-23T04:43:21.359Z,34.23,69.52

2026-08-23T04:43:26.363Z,34.24,69.61

2026-08-23T04:43:31.373Z,34.24,69.63

2026-08-23T04:43:36.361Z,34.23,69.67

2026-08-23T04:43:41.363Z,34.22,69.66

2026-08-23T04:43:46.363Z,34.24,69.56

2026-08-23T04:43:51.363Z,34.24,69.56

2026-08-23T04:43:56.363Z,34.27,69.54

2026-08-23T04:44:01.372Z,34.25,69.61

2026-08-23T04:44:06.360Z,34.25,69.5

2026-08-23T04:44:11.365Z,34.24,69.48

2026-08-23T04:44:16.365Z,34.25,69.46

2026-08-23T04:44:21.364Z,34.25,69.42

2026-08-23T04:44:26.374Z,34.27,69.46

2026-08-23T04:44:31.383Z,34.23,69.46

2026-08-23T04:44:36.373Z,34.25,69.43

2026-08-23T04:44:41.373Z,34.26,69.42

2026-08-23T04:44:46.374Z,34.26,69.4

2026-08-23T04:44:51.373Z,34.24,69.47

2026-08-23T04:44:56.374Z,34.27,69.45

2026-08-23T04:45:01.384Z,34.26,69.5

2026-08-23T04:45:06.372Z,34.27,69.44

2026-08-23T04:45:11.372Z,34.27,69.49

2026-08-23T04:45:16.373Z,34.26,69.55

2026-08-23T04:45:21.372Z,34.26,69.56

2026-08-23T04:45:26.373Z,34.27,69.54

2026-08-23T04:45:31.392Z,34.27,69.56

2026-08-23T04:45:36.373Z,34.29,69.46

2026-08-23T04:45:41.375Z,34.27,69.52

2026-08-23T04:45:46.375Z,34.27,69.51

2026-08-23T04:45:51.376Z,34.29,69.6

2026-08-23T04:45:56.380Z,34.29,69.65

2026-08-23T04:46:01.396Z,34.25,69.74

2026-08-23T04:46:06.376Z,34.28,69.83

2026-08-23T04:46:11.378Z,34.3,69.74

2026-08-23T04:46:16.378Z,34.28,69.74

2026-08-23T04:46:21.391Z,34.31,69.72

2026-08-23T04:46:26.380Z,34.3,69.77

2026-08-23T04:46:31.379Z,34.29,69.77

2026-08-23T04:46:36.381Z,34.29,69.64

2026-08-23T04:46:41.383Z,34.29,69.6

2026-08-23T04:46:46.391Z,34.28,69.59

2026-08-23T04:46:51.404Z,34.28,69.59

2026-08-23T04:46:56.388Z,34.31,69.62

2026-08-23T04:47:01.392Z,34.28,69.65

2026-08-23T04:47:06.391Z,34.31,69.77

2026-08-23T04:47:11.392Z,34.3,69.79

2026-08-23T04:47:16.405Z,34.31,69.72

2026-08-23T04:47:21.417Z,34.31,69.67

2026-08-23T04:47:26.407Z,34.3,69.67

2026-08-23T04:47:31.406Z,34.31,69.58

2026-08-23T04:47:36.407Z,34.32,69.53

2026-08-23T04:47:41.407Z,34.3,69.55

2026-08-23T04:47:46.421Z,34.31,69.56

2026-08-23T04:47:51.432Z,34.3,69.55

2026-08-23T04:47:56.421Z,34.33,69.54

2026-08-23T04:48:01.420Z,34.32,69.53

2026-08-23T04:48:06.420Z,34.32,69.47

2026-08-23T04:48:11.422Z,34.3,69.52

2026-08-23T04:48:16.428Z,34.31,69.54

2026-08-23T04:48:21.441Z,34.32,69.51

2026-08-23T04:48:26.426Z,34.33,69.47

2026-08-23T04:48:31.428Z,34.3,69.51

2026-08-23T04:48:36.428Z,34.3,69.46

2026-08-23T04:48:41.429Z,34.32,69.47

2026-08-23T04:48:46.428Z,34.31,69.33

2026-08-23T04:48:51.439Z,34.31,69.27

2026-08-23T04:48:56.430Z,34.3,69.17

2026-08-23T04:49:01.429Z,34.31,69.24

2026-08-23T04:49:06.430Z,34.33,69.2

2026-08-23T04:49:11.429Z,34.32,69.16

2026-08-23T04:49:16.442Z,34.32,69.22

2026-08-23T04:49:21.452Z,34.33,69.23

2026-08-23T04:49:26.444Z,34.31,69.27

2026-08-23T04:49:31.441Z,34.33,69.28

2026-08-23T04:49:36.447Z,34.33,69.18

2026-08-23T04:49:41.446Z,34.32,69.19

2026-08-23T04:49:46.448Z,34.33,69.16

2026-08-23T04:49:51.467Z,34.32,69.09

2026-08-23T04:49:56.445Z,34.31,68.96

2026-08-23T04:50:01.447Z,34.33,68.94

2026-08-23T04:50:06.445Z,34.34,68.91

2026-08-23T04:50:11.445Z,34.31,68.9

2026-08-23T04:50:16.459Z,34.33,68.9

2026-08-23T04:50:21.468Z,34.34,68.95

2026-08-23T04:50:26.459Z,34.35,69.01

2026-08-23T04:50:31.460Z,34.34,69.02

2026-08-23T04:50:36.460Z,34.35,68.93

2026-08-23T04:50:41.463Z,34.34,68.86

2026-08-23T04:50:46.470Z,34.34,68.86

2026-08-23T04:50:51.480Z,34.36,68.96

2026-08-23T04:50:56.469Z,34.35,68.89

2026-08-23T04:51:01.469Z,34.34,68.89

2026-08-23T04:51:06.468Z,34.33,68.8

2026-08-23T04:51:11.468Z,34.36,68.8

2026-08-23T04:51:16.470Z,34.34,68.76

2026-08-23T04:51:21.482Z,34.33,68.73

2026-08-23T04:51:26.470Z,34.34,68.69

2026-08-23T04:51:31.470Z,34.35,68.71

2026-08-23T04:51:36.471Z,34.36,68.63

2026-08-23T04:51:41.471Z,34.36,68.62

2026-08-23T04:51:46.486Z,34.36,68.55

2026-08-23T04:51:51.476Z,34.36,68.49

2026-08-23T04:51:56.477Z,34.34,68.48

2026-08-23T04:52:01.478Z,34.36,68.48

2026-08-23T04:52:06.477Z,34.35,68.51

2026-08-23T04:52:11.490Z,34.36,68.49

2026-08-23T04:52:16.478Z,34.34,68.37

2026-08-23T04:52:21.478Z,34.37,68.37

2026-08-23T04:52:26.478Z,34.35,68.45

2026-08-23T04:52:31.479Z,34.38,68.46

2026-08-23T04:52:36.479Z,34.37,68.48

2026-08-23T04:52:41.488Z,34.37,68.48

2026-08-23T04:52:46.479Z,34.36,68.47

2026-08-23T04:52:51.481Z,34.36,68.48

2026-08-23T04:52:56.485Z,34.36,68.41

2026-08-23T04:53:01.485Z,34.35,68.48

2026-08-23T04:53:06.483Z,34.36,68.46

2026-08-23T04:53:11.497Z,34.35,68.48

2026-08-23T04:53:16.481Z,34.37,68.43

2026-08-23T04:53:21.484Z,34.35,68.37

2026-08-23T04:53:26.482Z,34.35,68.45

2026-08-23T04:53:31.482Z,34.34,68.45

2026-08-23T04:53:36.493Z,34.37,68.46

2026-08-23T04:53:41.502Z,34.35,68.55

2026-08-23T04:53:46.492Z,34.34,68.48

2026-08-23T04:53:51.493Z,34.35,68.5

2026-08-23T04:53:56.494Z,34.34,68.5

2026-08-23T04:54:01.495Z,34.35,68.51

2026-08-23T04:54:06.502Z,34.35,68.54

2026-08-23T04:54:11.515Z,34.34,68.53

2026-08-23T04:54:16.500Z,34.37,68.52

2026-08-23T04:54:21.500Z,34.36,68.52

2026-08-23T04:54:26.500Z,34.36,68.49

2026-08-23T04:54:31.502Z,34.36,68.61

2026-08-23T04:54:36.511Z,34.36,68.64

2026-08-23T04:54:41.524Z,34.32,68.57

2026-08-23T04:54:46.513Z,34.36,68.62

2026-08-23T04:54:51.512Z,34.36,68.62

2026-08-23T04:54:56.512Z,34.33,68.64

2026-08-23T04:55:01.516Z,34.36,68.63

2026-08-23T04:55:06.520Z,34.35,68.63

2026-08-23T04:55:11.530Z,34.35,68.71

2026-08-23T04:55:16.518Z,34.36,68.64

2026-08-23T04:55:21.520Z,34.34,68.64

2026-08-23T04:55:26.520Z,34.34,68.64

2026-08-23T04:55:31.518Z,34.35,68.64

2026-08-23T04:55:36.531Z,34.33,68.64

2026-08-23T04:55:41.543Z,34.33,68.67

2026-08-23T04:55:46.528Z,34.34,68.68

2026-08-23T04:55:51.527Z,34.36,68.57

2026-08-23T04:55:56.529Z,34.35,68.61

2026-08-23T04:56:01.528Z,34.33,68.6

2026-08-23T04:56:06.553Z,34.35,68.54

2026-08-23T04:56:11.561Z,34.35,68.54

2026-08-23T04:56:16.550Z,34.35,68.55

2026-08-23T04:56:21.550Z,34.34,68.53

2026-08-23T04:56:26.550Z,34.37,68.56

2026-08-23T04:56:31.552Z,34.37,68.54

2026-08-23T04:56:36.550Z,34.34,68.48

2026-08-23T04:56:41.567Z,34.34,68.51

2026-08-23T04:56:46.552Z,34.34,68.45

2026-08-23T04:56:51.555Z,34.36,68.44

2026-08-23T04:56:56.557Z,34.34,68.41

2026-08-23T04:57:01.556Z,34.36,68.41

2026-08-23T04:57:06.556Z,34.35,68.47

2026-08-23T04:57:11.574Z,34.35,68.49

2026-08-23T04:57:16.554Z,34.35,68.49

2026-08-23T04:57:21.558Z,34.32,68.49

2026-08-23T04:57:26.557Z,34.33,68.44

2026-08-23T04:57:31.558Z,34.34,68.41

2026-08-23T04:57:36.577Z,34.33,68.38

2026-08-23T04:57:41.589Z,34.34,68.39

2026-08-23T04:57:46.578Z,34.34,68.39

2026-08-23T04:57:51.577Z,34.34,68.38

2026-08-23T04:57:56.578Z,34.32,68.36

2026-08-23T04:58:01.580Z,34.33,68.35

2026-08-23T04:58:06.579Z,34.33,68.39

2026-08-23T04:58:11.595Z,34.31,68.37

2026-08-23T04:58:16.578Z,34.32,68.4

2026-08-23T04:58:21.582Z,34.32,68.46

2026-08-23T04:58:26.580Z,34.31,68.37

2026-08-23T04:58:31.580Z,34.33,68.36

2026-08-23T04:58:36.579Z,34.32,68.39

2026-08-23T04:58:41.590Z,34.31,68.49

2026-08-23T04:58:46.581Z,34.31,68.44

2026-08-23T04:58:51.582Z,34.32,68.44

2026-08-23T04:58:56.581Z,34.31,68.49

2026-08-23T04:59:01.580Z,34.3,68.4

2026-08-23T04:59:06.583Z,34.31,68.51

2026-08-23T04:59:11.594Z,34.31,68.44

2026-08-23T04:59:16.583Z,34.32,68.47

2026-08-23T04:59:21.587Z,34.31,68.44

2026-08-23T04:59:26.584Z,34.32,68.42

2026-08-23T04:59:31.585Z,34.31,68.41

2026-08-23T04:59:36.584Z,34.32,68.47

2026-08-23T04:59:41.595Z,34.32,68.48

2026-08-23T04:59:46.583Z,34.3,68.46

2026-08-23T04:59:51.586Z,34.32,68.55

2026-08-23T04:59:56.584Z,34.31,68.59

2026-08-23T05:00:01.595Z,34.32,68.59

2026-08-23T05:00:06.586Z,34.33,68.62

2026-08-23T05:00:11.589Z,34.32,68.6

2026-08-23T05:00:16.588Z,34.3,68.53

2026-08-23T05:00:21.603Z,34.3,68.55

2026-08-23T05:00:26.592Z,34.31,68.48

2026-08-23T05:00:31.591Z,34.31,68.55

2026-08-23T05:00:36.591Z,34.33,68.58

2026-08-23T05:00:41.590Z,34.3,68.55

2026-08-23T05:00:46.590Z,34.31,68.48

2026-08-23T05:00:51.601Z,34.31,68.64

2026-08-23T05:00:56.589Z,34.31,68.65

2026-08-23T05:01:01.591Z,34.29,68.59

2026-08-23T05:01:06.590Z,34.31,68.6

2026-08-23T05:01:11.590Z,34.31,68.63

2026-08-23T05:01:16.597Z,34.32,68.62

2026-08-23T05:01:21.608Z,34.33,68.67

2026-08-23T05:01:26.596Z,34.33,68.62

2026-08-23T05:01:31.596Z,34.3,68.58

2026-08-23T05:01:36.597Z,34.33,68.64

2026-08-23T05:01:41.596Z,34.31,68.71

2026-08-23T05:01:46.607Z,34.32,68.68

2026-08-23T05:01:51.619Z,34.31,68.71

2026-08-23T05:01:56.603Z,34.33,68.69

2026-08-23T05:02:01.605Z,34.33,68.7

2026-08-23T05:02:06.603Z,34.32,68.77

2026-08-23T05:02:11.607Z,34.32,68.82

2026-08-23T05:02:16.615Z,34.33,68.83

2026-08-23T05:02:21.626Z,34.34,68.8

2026-08-23T05:02:26.613Z,34.34,68.7

2026-08-23T05:02:31.614Z,34.32,68.71

2026-08-23T05:02:36.611Z,34.33,68.72

2026-08-23T05:02:41.613Z,34.32,68.65

2026-08-23T05:02:46.623Z,34.3,68.71

2026-08-23T05:02:51.633Z,34.32,68.75

2026-08-23T05:02:56.620Z,34.31,68.7

2026-08-23T05:03:01.622Z,34.33,68.69

2026-08-23T05:03:06.622Z,34.31,68.58

2026-08-23T05:03:11.621Z,34.31,68.51

2026-08-23T05:03:16.622Z,34.32,68.59

2026-08-23T05:03:21.636Z,34.29,68.66

2026-08-23T05:03:26.622Z,34.3,68.68

2026-08-23T05:03:31.621Z,34.3,68.76

2026-08-23T05:03:36.623Z,34.32,68.81

2026-08-23T05:03:41.622Z,34.29,68.79

2026-08-23T05:03:46.648Z,34.32,68.81

2026-08-23T05:03:51.657Z,34.3,68.9

2026-08-23T05:03:56.646Z,34.31,68.89

2026-08-23T05:04:01.648Z,34.33,68.88

2026-08-23T05:04:06.648Z,34.32,68.84

2026-08-23T05:04:11.648Z,34.31,68.84

2026-08-23T05:04:16.657Z,34.32,68.92

2026-08-23T05:04:21.670Z,34.31,68.83

2026-08-23T05:04:26.654Z,34.3,68.88

2026-08-23T05:04:31.656Z,34.32,68.93

2026-08-23T05:04:36.654Z,34.31,68.87

2026-08-23T05:04:41.655Z,34.33,68.91

2026-08-23T05:04:46.667Z,34.32,68.94

2026-08-23T05:04:51.680Z,34.33,68.89

2026-08-23T05:04:56.667Z,34.32,68.86

2026-08-23T05:05:01.670Z,34.31,68.87

2026-08-23T05:05:06.668Z,34.31,68.82

2026-08-23T05:05:11.670Z,34.32,68.78

2026-08-23T05:05:16.672Z,34.32,68.77

2026-08-23T05:05:21.684Z,34.3,68.78

2026-08-23T05:05:26.672Z,34.33,68.85

2026-08-23T05:05:31.673Z,34.3,68.8

2026-08-23T05:05:36.673Z,34.32,68.9

2026-08-23T05:05:41.675Z,34.31,68.9

2026-08-23T05:05:46.683Z,34.33,68.87

2026-08-23T05:05:51.692Z,34.31,68.89

2026-08-23T05:05:56.682Z,34.33,68.85

2026-08-23T05:06:01.682Z,34.3,68.85

2026-08-23T05:06:06.682Z,34.29,68.74

2026-08-23T05:06:11.681Z,34.31,68.67

2026-08-23T05:06:16.705Z,34.3,68.61

2026-08-23T05:06:21.710Z,34.29,68.71

2026-08-23T05:06:26.699Z,34.29,68.74

2026-08-23T05:06:31.701Z,34.31,68.78

2026-08-23T05:06:36.700Z,34.3,68.78

2026-08-23T05:06:41.699Z,34.29,68.83

2026-08-23T05:06:46.701Z,34.29,68.69

2026-08-23T05:06:51.715Z,34.31,68.56

2026-08-23T05:06:56.699Z,34.31,68.56

2026-08-23T05:07:01.701Z,34.32,68.57

2026-08-23T05:07:06.701Z,34.31,68.46

2026-08-23T05:07:11.701Z,34.31,68.42

2026-08-23T05:07:16.702Z,34.29,68.4

2026-08-23T05:07:21.712Z,34.3,68.43

2026-08-23T05:07:26.704Z,34.29,68.43

2026-08-23T05:07:31.707Z,34.3,68.41

2026-08-23T05:07:36.709Z,34.29,68.5

2026-08-23T05:07:41.706Z,34.3,68.5

2026-08-23T05:07:46.706Z,34.29,68.5

2026-08-23T05:07:51.720Z,34.3,68.59

2026-08-23T05:07:56.706Z,34.28,68.61

2026-08-23T05:08:01.709Z,34.31,68.52

2026-08-23T05:08:06.707Z,34.29,68.52

2026-08-23T05:08:11.709Z,34.3,68.57

2026-08-23T05:08:16.740Z,34.29,68.57

2026-08-23T05:08:21.732Z,34.3,68.6

2026-08-23T05:08:26.733Z,34.31,68.6

2026-08-23T05:08:31.734Z,34.3,68.57

2026-08-23T05:08:36.730Z,34.3,68.57

2026-08-23T05:08:41.745Z,34.29,68.58

2026-08-23T05:08:46.733Z,34.3,68.52

2026-08-23T05:08:51.733Z,34.28,68.61

2026-08-23T05:08:56.737Z,34.3,68.56

2026-08-23T05:09:01.735Z,34.3,68.63

2026-08-23T05:09:06.735Z,34.28,68.66

2026-08-23T05:09:11.749Z,34.27,68.58

2026-08-23T05:09:16.737Z,34.3,68.6

2026-08-23T05:09:21.737Z,34.28,68.6

2026-08-23T05:09:26.737Z,34.26,68.64

2026-08-23T05:09:31.737Z,34.29,68.67

2026-08-23T05:09:36.736Z,34.3,68.68

2026-08-23T05:09:41.749Z,34.28,68.74

2026-08-23T05:09:46.737Z,34.28,68.69

2026-08-23T05:09:51.740Z,34.3,68.67

2026-08-23T05:09:56.741Z,34.3,68.7

2026-08-23T05:10:01.741Z,34.28,68.68

2026-08-23T05:10:06.746Z,34.27,68.64

2026-08-23T05:10:11.758Z,34.28,68.64

2026-08-23T05:10:16.743Z,34.28,68.65

2026-08-23T05:10:21.744Z,34.28,68.69

2026-08-23T05:10:26.745Z,34.3,68.7

2026-08-23T05:10:31.745Z,34.29,68.79

2026-08-23T05:10:36.745Z,34.29,68.71

2026-08-23T05:10:41.756Z,34.3,68.71

2026-08-23T05:10:46.745Z,34.29,68.72

2026-08-23T05:10:51.744Z,34.28,68.69

2026-08-23T05:10:56.746Z,34.29,68.68

2026-08-23T05:11:01.755Z,34.29,68.75

2026-08-23T05:11:06.746Z,34.3,68.75

2026-08-23T05:11:11.744Z,34.29,68.77

2026-08-23T05:11:16.745Z,34.31,68.92

2026-08-23T05:11:21.747Z,34.31,68.85

2026-08-23T05:11:26.768Z,34.3,68.88

2026-08-23T05:11:31.765Z,34.31,68.83

2026-08-23T05:11:36.765Z,34.29,68.77

2026-08-23T05:11:41.763Z,34.3,68.82

2026-08-23T05:11:46.762Z,34.31,68.76

2026-08-23T05:11:51.775Z,34.3,68.69

2026-08-23T05:11:56.763Z,34.29,68.62

2026-08-23T05:12:01.764Z,34.28,68.65

2026-08-23T05:12:06.762Z,34.3,68.64

2026-08-23T05:12:11.766Z,34.3,68.68

2026-08-23T05:12:16.786Z,34.3,68.72

2026-08-23T05:12:21.781Z,34.31,68.77

2026-08-23T05:12:26.777Z,34.3,68.89

2026-08-23T05:12:31.777Z,34.29,68.96

2026-08-23T05:12:36.779Z,34.31,69.06

2026-08-23T05:12:41.792Z,34.29,69.11

2026-08-23T05:12:46.779Z,34.29,69.05

2026-08-23T05:12:51.780Z,34.3,69.04

2026-08-23T05:12:56.781Z,34.3,69.04

2026-08-23T05:13:01.780Z,34.28,69.03

2026-08-23T05:13:06.790Z,34.3,68.98

2026-08-23T05:13:11.800Z,34.29,68.99

2026-08-23T05:13:16.786Z,34.3,68.93

2026-08-23T05:13:21.789Z,34.27,68.93

2026-08-23T05:13:26.788Z,34.31,68.96

2026-08-23T05:13:31.791Z,34.29,69

2026-08-23T05:13:36.791Z,34.29,69

2026-08-23T05:13:41.803Z,34.29,68.97

2026-08-23T05:13:46.791Z,34.31,68.96

2026-08-23T05:13:51.791Z,34.3,68.96

2026-08-23T05:13:56.791Z,34.3,68.92

2026-08-23T05:14:01.789Z,34.31,68.95

2026-08-23T05:14:06.791Z,34.28,68.92

2026-08-23T05:14:11.804Z,34.3,68.99

2026-08-23T05:14:16.790Z,34.3,68.95

2026-08-23T05:14:21.789Z,34.28,68.94

2026-08-23T05:14:26.790Z,34.28,68.93

2026-08-23T05:14:31.792Z,34.31,68.94

2026-08-23T05:14:36.793Z,34.3,69.07

2026-08-23T05:14:41.808Z,34.3,69.13

2026-08-23T05:14:46.792Z,34.28,69.12

2026-08-23T05:14:51.793Z,34.3,69.1

2026-08-23T05:14:56.797Z,34.3,69.15

2026-08-23T05:15:01.795Z,34.3,69.17

2026-08-23T05:15:06.805Z,34.29,69.29

2026-08-23T05:15:11.812Z,34.28,69.28

2026-08-23T05:15:16.801Z,34.29,69.27

2026-08-23T05:15:21.804Z,34.3,69.23

2026-08-23T05:15:26.803Z,34.28,69.18

2026-08-23T05:15:31.804Z,34.29,69.18

2026-08-23T05:15:36.821Z,34.31,69.23

2026-08-23T05:15:41.832Z,34.29,69.25

2026-08-23T05:15:46.818Z,34.3,69.27

2026-08-23T05:15:51.822Z,34.3,69.29

2026-08-23T05:15:56.820Z,34.3,69.22

2026-08-23T05:16:01.821Z,34.3,69.23

2026-08-23T05:16:06.825Z,34.28,69.18

2026-08-23T05:16:11.836Z,34.31,69.24

2026-08-23T05:16:16.824Z,34.27,69.24

2026-08-23T05:16:21.824Z,34.29,69.23

2026-08-23T05:16:26.823Z,34.28,69.27

2026-08-23T05:16:31.827Z,34.28,69.22

2026-08-23T05:16:36.838Z,34.28,69.29

2026-08-23T05:16:41.849Z,34.3,69.35

2026-08-23T05:16:46.839Z,34.29,69.25

2026-08-23T05:16:51.839Z,34.28,69.21

2026-08-23T05:16:56.836Z,34.27,69.23

2026-08-23T05:17:01.840Z,34.28,69.23

2026-08-23T05:17:06.843Z,34.28,69.27

2026-08-23T05:17:11.858Z,34.27,69.37

2026-08-23T05:17:16.843Z,34.28,69.33

2026-08-23T05:17:21.843Z,34.3,69.32

2026-08-23T05:17:26.842Z,34.27,69.39

2026-08-23T05:17:31.844Z,34.28,69.39

2026-08-23T05:17:36.857Z,34.27,69.33

2026-08-23T05:17:41.868Z,34.27,69.42

2026-08-23T05:17:46.855Z,34.28,69.36

2026-08-23T05:17:51.855Z,34.27,69.39

2026-08-23T05:17:56.856Z,34.28,69.42

2026-08-23T05:18:01.855Z,34.29,69.31

2026-08-23T05:18:06.857Z,34.3,69.32

2026-08-23T05:18:11.870Z,34.29,69.25

2026-08-23T05:18:16.857Z,34.29,69.34

2026-08-23T05:18:21.857Z,34.3,69.18

2026-08-23T05:18:26.859Z,34.29,69.09

2026-08-23T05:18:31.858Z,34.3,69.08

2026-08-23T05:18:36.885Z,34.3,69.13

2026-08-23T05:18:41.897Z,34.28,69.13

2026-08-23T05:18:46.881Z,34.31,69.09

2026-08-23T05:18:51.884Z,34.3,69.07

2026-08-23T05:18:56.883Z,34.3,69.04

2026-08-23T05:19:01.887Z,34.29,68.96

2026-08-23T05:19:06.887Z,34.3,68.92

2026-08-23T05:19:11.900Z,34.3,68.98

2026-08-23T05:19:16.883Z,34.31,68.93

2026-08-23T05:19:21.885Z,34.32,68.84

2026-08-23T05:19:26.887Z,34.3,68.87

2026-08-23T05:19:31.888Z,34.3,68.8

2026-08-23T05:19:36.887Z,34.31,68.66

2026-08-23T05:19:41.898Z,34.31,68.59

2026-08-23T05:19:46.888Z,34.31,68.5

2026-08-23T05:19:51.888Z,34.3,68.46

2026-08-23T05:19:56.889Z,34.34,68.45

2026-08-23T05:20:01.889Z,34.32,68.52

2026-08-23T05:20:06.892Z,34.31,68.48

2026-08-23T05:20:11.905Z,34.31,68.44

2026-08-23T05:20:16.892Z,34.32,68.43

2026-08-23T05:20:21.892Z,34.31,68.43

2026-08-23T05:20:26.891Z,34.33,68.45

2026-08-23T05:20:31.893Z,34.33,68.43

2026-08-23T05:20:36.900Z,34.33,68.54

2026-08-23T05:20:41.911Z,34.32,68.48

2026-08-23T05:20:46.901Z,34.34,68.4

2026-08-23T05:20:51.899Z,34.34,68.43

2026-08-23T05:20:56.900Z,34.34,68.36

2026-08-23T05:21:01.900Z,34.34,68.38

2026-08-23T05:21:06.905Z,34.32,68.34

2026-08-23T05:21:11.913Z,34.34,68.38

2026-08-23T05:21:16.902Z,34.33,68.42

2026-08-23T05:21:21.903Z,34.35,68.44

2026-08-23T05:21:26.904Z,34.33,68.38

2026-08-23T05:21:31.904Z,34.34,68.43

2026-08-23T05:21:36.903Z,34.33,68.44

2026-08-23T05:21:41.918Z,34.33,68.36

2026-08-23T05:21:46.904Z,34.33,68.44

2026-08-23T05:21:51.906Z,34.34,68.42

2026-08-23T05:21:56.905Z,34.34,68.44

2026-08-23T05:22:01.904Z,34.34,68.44

2026-08-23T05:22:06.905Z,34.34,68.5

2026-08-23T05:22:11.917Z,34.34,68.5

2026-08-23T05:22:16.905Z,34.35,68.44

2026-08-23T05:22:21.906Z,34.34,68.4

2026-08-23T05:22:26.909Z,34.34,68.36

2026-08-23T05:22:31.909Z,34.35,68.39

2026-08-23T05:22:36.917Z,34.35,68.38

2026-08-23T05:22:41.930Z,34.35,68.37

2026-08-23T05:22:46.915Z,34.35,68.33

2026-08-23T05:22:51.917Z,34.35,68.31

2026-08-23T05:22:56.915Z,34.34,68.44

2026-08-23T05:23:01.919Z,34.34,68.4

2026-08-23T05:23:06.926Z,34.37,68.43

2026-08-23T05:23:11.935Z,34.35,68.35

2026-08-23T05:23:16.925Z,34.36,68.26

2026-08-23T05:23:21.927Z,34.37,68.19

2026-08-23T05:23:26.927Z,34.36,68.21

2026-08-23T05:23:31.928Z,34.36,68.16

2026-08-23T05:23:36.931Z,34.35,68.13

2026-08-23T05:23:41.940Z,34.34,68.14

2026-08-23T05:23:46.929Z,34.34,68.17

2026-08-23T05:23:51.931Z,34.35,68.21

2026-08-23T05:23:56.931Z,34.34,68.3

2026-08-23T05:24:01.932Z,34.34,68.22

2026-08-23T05:24:06.944Z,34.32,68.28

2026-08-23T05:24:11.957Z,34.34,68.32

2026-08-23T05:24:16.940Z,34.34,68.34

2026-08-23T05:24:21.943Z,34.33,68.23

2026-08-23T05:24:26.944Z,34.33,68.21

2026-08-23T05:24:31.944Z,34.32,68.24

2026-08-23T05:24:36.947Z,34.31,68.25

2026-08-23T05:24:41.956Z,34.32,68.29

2026-08-23T05:24:46.946Z,34.34,68.29

2026-08-23T05:24:51.945Z,34.33,68.25

2026-08-23T05:24:56.948Z,34.32,68.16

2026-08-23T05:25:01.947Z,34.33,68.11

2026-08-23T05:25:06.949Z,34.33,68.11

2026-08-23T05:25:11.957Z,34.34,68.19

2026-08-23T05:25:16.947Z,34.33,68.11

2026-08-23T05:25:21.946Z,34.33,68.12

2026-08-23T05:25:26.947Z,34.33,68.05

2026-08-23T05:25:31.948Z,34.33,68.07

2026-08-23T05:25:36.947Z,34.35,68.03

2026-08-23T05:25:41.961Z,34.33,68.05

2026-08-23T05:25:46.947Z,34.34,68

2026-08-23T05:25:51.947Z,34.35,68.01

2026-08-23T05:25:56.949Z,34.35,67.98

2026-08-23T05:26:01.950Z,34.35,67.94

2026-08-23T05:26:06.959Z,34.35,67.85

2026-08-23T05:26:11.965Z,34.34,67.79

2026-08-23T05:26:16.952Z,34.34,67.69

2026-08-23T05:26:21.954Z,34.35,67.67

2026-08-23T05:26:26.958Z,34.34,67.53

2026-08-23T05:26:31.954Z,34.35,67.44

2026-08-23T05:26:36.976Z,34.36,67.43

2026-08-23T05:26:41.986Z,34.33,67.52

2026-08-23T05:26:46.976Z,34.33,67.49

2026-08-23T05:26:51.976Z,34.36,67.56

2026-08-23T05:26:56.977Z,34.35,67.55

2026-08-23T05:27:01.978Z,34.36,67.46

2026-08-23T05:27:06.986Z,34.33,67.39

2026-08-23T05:27:11.998Z,34.35,67.6

2026-08-23T05:27:16.987Z,34.35,67.54

2026-08-23T05:27:21.987Z,34.33,67.53

2026-08-23T05:27:26.988Z,34.34,67.65

2026-08-23T05:27:31.987Z,34.34,67.65

2026-08-23T05:27:36.994Z,34.34,67.64

2026-08-23T05:27:42.005Z,34.36,67.72

2026-08-23T05:27:46.993Z,34.35,67.61

2026-08-23T05:27:51.993Z,34.35,67.61

2026-08-23T05:27:56.992Z,34.35,67.6

2026-08-23T05:28:01.993Z,34.34,67.53

2026-08-23T05:28:06.995Z,34.37,67.49

2026-08-23T05:28:12.006Z,34.35,67.51

2026-08-23T05:28:16.994Z,34.38,67.56

2026-08-23T05:28:21.996Z,34.35,67.51

2026-08-23T05:28:26.996Z,34.34,67.41

2026-08-23T05:28:31.996Z,34.34,67.43

2026-08-23T05:28:36.999Z,34.35,67.39

2026-08-23T05:28:42.009Z,34.34,67.46

2026-08-23T05:28:46.996Z,34.35,67.46

2026-08-23T05:28:51.998Z,34.36,67.54

2026-08-23T05:28:56.999Z,34.36,67.46

2026-08-23T05:29:02.013Z,34.34,67.5

2026-08-23T05:29:06.998Z,34.36,67.53

2026-08-23T05:29:11.998Z,34.34,67.51

2026-08-23T05:29:16.999Z,34.34,67.53

2026-08-23T05:29:21.999Z,34.35,67.48

2026-08-23T05:29:26.998Z,34.34,67.42

2026-08-23T05:29:32.013Z,34.32,67.45

2026-08-23T05:29:36.999Z,34.33,67.46

2026-08-23T05:29:41.999Z,34.33,67.39

2026-08-23T05:29:47.000Z,34.33,67.45

2026-08-23T05:29:52.000Z,34.32,67.42

2026-08-23T05:29:57.002Z,34.33,67.53

2026-08-23T05:30:02.016Z,34.31,67.47

2026-08-23T05:30:07.001Z,34.31,67.5

2026-08-23T05:30:12.002Z,34.31,67.58

2026-08-23T05:30:17.001Z,34.33,67.64

2026-08-23T05:30:22.003Z,34.32,67.61

2026-08-23T05:30:27.010Z,34.33,67.63

2026-08-23T05:30:32.019Z,34.32,67.67

2026-08-23T05:30:37.010Z,34.3,67.63

2026-08-23T05:30:42.010Z,34.32,68.14

2026-08-23T05:30:47.010Z,34.33,68.77

2026-08-23T05:30:52.011Z,34.32,68.51

2026-08-23T05:30:57.023Z,34.32,68.24

2026-08-23T05:31:02.038Z,34.32,68.13

2026-08-23T05:31:07.023Z,34.33,68.1

2026-08-23T05:31:12.025Z,34.32,68.03

2026-08-23T05:31:17.025Z,34.3,67.99

2026-08-23T05:31:22.026Z,34.32,68.1

2026-08-23T05:31:27.038Z,34.33,68.03

2026-08-23T05:31:32.049Z,34.31,68.13

2026-08-23T05:31:37.037Z,34.31,68.18

2026-08-23T05:31:42.038Z,34.32,68.28

2026-08-23T05:31:47.039Z,34.31,68.29

2026-08-23T05:31:52.039Z,34.32,68.5

2026-08-23T05:31:57.044Z,34.32,68.77

2026-08-23T05:32:02.056Z,34.31,68.91

2026-08-23T05:32:07.044Z,34.31,68.76

2026-08-23T05:32:12.044Z,34.32,68.52

2026-08-23T05:32:17.042Z,34.31,68.42

2026-08-23T05:32:22.045Z,34.31,68.36

2026-08-23T05:32:27.054Z,34.33,71.02

2026-08-23T05:32:32.066Z,34.34,76.93

2026-08-23T05:32:37.054Z,34.35,80.25

2026-08-23T05:32:42.057Z,34.35,81.71

2026-08-23T05:32:47.056Z,34.35,77.72

2026-08-23T05:32:52.054Z,34.33,74.38

2026-08-23T05:32:57.062Z,34.33,72.7

2026-08-23T05:33:02.068Z,34.33,71.88

2026-08-23T05:33:07.059Z,34.33,71.18

2026-08-23T05:33:12.060Z,34.33,70.53

2026-08-23T05:33:17.059Z,34.32,70.29

2026-08-23T05:33:22.060Z,34.35,71.24

2026-08-23T05:33:27.072Z,34.33,71

2026-08-23T05:33:32.084Z,34.32,70.57

2026-08-23T05:33:37.074Z,34.33,70.57

2026-08-23T05:33:42.071Z,34.34,70.48

2026-08-23T05:33:47.075Z,34.32,71.74

2026-08-23T05:33:52.075Z,34.34,72.6

2026-08-23T05:33:57.083Z,34.31,71.96

2026-08-23T05:34:02.092Z,34.33,71.2

2026-08-23T05:34:07.082Z,34.34,70.38

2026-08-23T05:34:12.083Z,34.32,70.04

2026-08-23T05:34:17.083Z,34.35,72.95

2026-08-23T05:34:22.084Z,34.35,77.97

2026-08-23T05:34:27.096Z,34.34,76.33

2026-08-23T05:34:32.110Z,34.35,75.18

2026-08-23T05:34:37.095Z,34.35,78.8

2026-08-23T05:34:42.094Z,34.35,79.78

2026-08-23T05:34:47.097Z,34.35,76.5

2026-08-23T05:34:52.096Z,34.35,74.46

2026-08-23T05:34:57.103Z,34.35,73.24

2026-08-23T05:35:02.115Z,34.34,72.34

2026-08-23T05:35:07.103Z,34.35,71.41

2026-08-23T05:35:12.103Z,34.36,71.2

2026-08-23T05:35:17.104Z,34.34,70.87

2026-08-23T05:35:22.106Z,34.35,70.59

2026-08-23T05:35:27.115Z,34.35,70.94

2026-08-23T05:35:32.125Z,34.35,71.08

2026-08-23T05:35:37.113Z,34.35,71.13

2026-08-23T05:35:42.114Z,34.34,71.35

2026-08-23T05:35:47.114Z,34.34,72.53

2026-08-23T05:35:52.116Z,34.37,74.62

2026-08-23T05:35:57.124Z,34.39,77.03

2026-08-23T05:36:02.136Z,34.37,77.51

2026-08-23T05:36:07.120Z,34.36,75.3

2026-08-23T05:36:12.121Z,34.35,73.3

2026-08-23T05:36:17.120Z,34.35,72.38

2026-08-23T05:36:22.123Z,34.37,72.31

2026-08-23T05:36:27.128Z,34.36,71.92

2026-08-23T05:36:32.133Z,34.34,71.66

2026-08-23T05:36:37.122Z,34.37,73.76

2026-08-23T05:36:42.123Z,34.36,73.81

2026-08-23T05:36:47.120Z,34.34,72.99

2026-08-23T05:36:52.124Z,34.37,72.24

2026-08-23T05:36:57.129Z,34.37,72.75

2026-08-23T05:37:02.136Z,34.38,74.39

2026-08-23T05:37:07.128Z,34.38,74.24

2026-08-23T05:37:12.128Z,34.36,73.14

2026-08-23T05:37:17.129Z,34.38,72.81

2026-08-23T05:37:22.130Z,34.39,73.81

2026-08-23T05:37:27.142Z,34.37,73.9

2026-08-23T05:37:32.159Z,34.38,71.96

2026-08-23T05:37:37.141Z,34.38,70.73

2026-08-23T05:37:42.143Z,34.38,70.56

2026-08-23T05:37:47.141Z,34.38,70.53

2026-08-23T05:37:52.141Z,34.37,70.88

2026-08-23T05:37:57.158Z,34.38,70.72

2026-08-23T05:38:02.165Z,34.37,69.86

2026-08-23T05:38:07.155Z,34.36,69.65

2026-08-23T05:38:12.155Z,34.36,69.67

2026-08-23T05:38:17.156Z,34.37,69.71

2026-08-23T05:38:22.158Z,34.37,70

2026-08-23T05:38:27.166Z,34.37,70.35

2026-08-23T05:38:32.174Z,34.36,70.74

2026-08-23T05:38:37.165Z,34.37,70.85

2026-08-23T05:38:42.165Z,34.38,70.83

2026-08-23T05:38:47.164Z,34.38,71.26

2026-08-23T05:38:52.166Z,34.38,74.04

2026-08-23T05:38:57.168Z,34.4,75.74

2026-08-23T05:39:02.178Z,34.4,78.18

2026-08-23T05:39:07.167Z,34.41,77.47

2026-08-23T05:39:12.170Z,34.39,75.66

2026-08-23T05:39:17.170Z,34.39,74.16

2026-08-23T05:39:22.173Z,34.4,73.64

2026-08-23T05:39:27.172Z,34.41,73.72

2026-08-23T05:39:32.183Z,34.4,74.02

2026-08-23T05:39:37.175Z,34.43,75.44

2026-08-23T05:39:42.172Z,34.42,76.05

2026-08-23T05:39:47.174Z,34.41,74.22

2026-08-23T05:39:52.173Z,34.4,74.99

2026-08-23T05:39:57.174Z,34.42,75.05

2026-08-23T05:40:02.186Z,34.42,75.59

2026-08-23T05:40:07.173Z,34.43,74.71

2026-08-23T05:40:12.174Z,34.39,73.53

2026-08-23T05:40:17.174Z,34.41,72.52

2026-08-23T05:40:22.174Z,34.42,71.84

2026-08-23T05:40:27.175Z,34.43,71.54

2026-08-23T05:40:32.188Z,34.43,72.17

2026-08-23T05:40:37.177Z,34.44,72.3

2026-08-23T05:40:42.175Z,34.42,72.13

2026-08-23T05:40:47.177Z,34.42,72.14

2026-08-23T05:40:52.177Z,34.42,72.59

2026-08-23T05:40:57.187Z,34.43,72.75

2026-08-23T05:41:02.204Z,34.41,72.67

2026-08-23T05:41:07.190Z,34.42,72.67

2026-08-23T05:41:12.188Z,34.43,72.48

2026-08-23T05:41:17.190Z,34.43,72.29

2026-08-23T05:41:22.190Z,34.44,72.4

2026-08-23T05:41:27.194Z,34.45,72.63

2026-08-23T05:41:32.207Z,34.44,73.08

2026-08-23T05:41:37.192Z,34.46,75.54

2026-08-23T05:41:42.195Z,34.45,79.28

2026-08-23T05:41:47.195Z,34.48,80.05

2026-08-23T05:41:52.197Z,34.46,78.23

2026-08-23T05:41:57.200Z,34.46,76.13

2026-08-23T05:42:02.214Z,34.45,74.74

2026-08-23T05:42:07.198Z,34.47,73.89

2026-08-23T05:42:12.199Z,34.47,73.51

2026-08-23T05:42:17.199Z,34.46,74.12

2026-08-23T05:42:22.201Z,34.48,75.6

2026-08-23T05:42:27.206Z,34.51,79.03

2026-08-23T05:42:32.216Z,34.5,81.77

2026-08-23T05:42:37.205Z,34.52,83.46

2026-08-23T05:42:42.206Z,34.51,85.5

2026-08-23T05:42:47.207Z,34.53,84.03

2026-08-23T05:42:52.206Z,34.5,80.54

2026-08-23T05:42:57.229Z,34.52,76.96

2026-08-23T05:43:02.239Z,34.5,74.75

2026-08-23T05:43:07.228Z,34.5,73.58

2026-08-23T05:43:12.228Z,34.51,72.97

2026-08-23T05:43:17.228Z,34.52,75.45

2026-08-23T05:43:22.228Z,34.49,75.99

2026-08-23T05:43:27.231Z,34.49,75.74

2026-08-23T05:43:32.242Z,34.5,77.84

2026-08-23T05:43:37.231Z,34.5,78.68

2026-08-23T05:43:42.233Z,34.52,79.1

2026-08-23T05:43:47.233Z,34.53,77.99

2026-08-23T05:43:52.247Z,34.5,76.88

2026-08-23T05:43:57.230Z,34.52,76.49

2026-08-23T05:44:02.229Z,34.51,75.82

2026-08-23T05:44:07.233Z,34.51,74.66

2026-08-23T05:44:12.232Z,34.51,74.43

2026-08-23T05:44:17.235Z,34.54,77.21

2026-08-23T05:44:22.246Z,34.51,80

2026-08-23T05:44:27.234Z,34.52,82.11

2026-08-23T05:44:32.236Z,34.54,83.72

2026-08-23T05:44:37.237Z,34.55,83.34

2026-08-23T05:44:42.237Z,34.56,83.55

2026-08-23T05:44:47.256Z,34.55,83.26

2026-08-23T05:44:52.264Z,34.56,81.93

2026-08-23T05:44:57.250Z,34.58,81.87

2026-08-23T05:45:02.252Z,34.57,82.73

2026-08-23T05:45:07.251Z,34.58,83.26

2026-08-23T05:45:12.253Z,34.58,83.54

2026-08-23T05:45:17.253Z,34.59,83.25

2026-08-23T05:45:22.266Z,34.61,83.37

2026-08-23T05:45:27.252Z,34.6,82.85

2026-08-23T05:45:32.255Z,34.64,83.38

2026-08-23T05:45:37.255Z,34.62,83.31

2026-08-23T05:45:42.255Z,34.63,82.71

2026-08-23T05:45:47.267Z,34.64,83.17

2026-08-23T05:45:52.277Z,34.66,83.13

2026-08-23T05:45:57.262Z,34.67,83.61

2026-08-23T05:46:02.263Z,34.64,83.47

2026-08-23T05:46:07.262Z,34.67,83.07

2026-08-23T05:46:12.264Z,34.67,83.23

2026-08-23T05:46:17.295Z,34.69,83.4

2026-08-23T05:46:22.287Z,34.69,83.87

2026-08-23T05:46:27.289Z,34.7,83.01

2026-08-23T05:46:32.290Z,34.71,82.46

2026-08-23T05:46:37.289Z,34.71,82.19

2026-08-23T05:46:42.301Z,34.74,82.68

2026-08-23T05:46:47.289Z,34.74,81.62

2026-08-23T05:46:52.291Z,34.74,80.21

2026-08-23T05:46:57.290Z,34.77,80.07

2026-08-23T05:47:02.292Z,34.74,80.3

2026-08-23T05:47:07.290Z,34.76,80.95

2026-08-23T05:47:12.305Z,34.76,80.48

2026-08-23T05:47:17.292Z,34.75,79.23

2026-08-23T05:47:22.291Z,34.75,77.97

2026-08-23T05:47:27.293Z,34.75,76.48

2026-08-23T05:47:32.291Z,34.75,76.19

2026-08-23T05:47:37.292Z,34.73,76.97

2026-08-23T05:47:42.306Z,34.77,77.29

2026-08-23T05:47:47.293Z,34.77,76.24

2026-08-23T05:47:52.292Z,34.76,74.19

2026-08-23T05:47:57.291Z,34.76,72.58

2026-08-23T05:48:02.292Z,34.77,71.8

2026-08-23T05:48:07.292Z,34.75,71.5

2026-08-23T05:48:12.303Z,34.76,71.59

2026-08-23T05:48:17.295Z,34.76,71.6

2026-08-23T05:48:22.298Z,34.74,71.72

2026-08-23T05:48:27.296Z,34.75,71.68

2026-08-23T05:48:32.295Z,34.73,71.77

2026-08-23T05:48:37.318Z,34.74,71.44

2026-08-23T05:48:42.324Z,34.73,71

2026-08-23T05:48:47.317Z,34.74,70.96

2026-08-23T05:48:52.318Z,34.74,72.25

2026-08-23T05:48:57.317Z,34.74,72.79

2026-08-23T05:49:02.320Z,34.73,72.53

2026-08-23T05:49:07.317Z,34.74,72.02

2026-08-23T05:49:12.331Z,34.73,71.77

2026-08-23T05:49:17.318Z,34.74,72.37

2026-08-23T05:49:22.320Z,34.74,72.04

2026-08-23T05:49:27.316Z,34.73,71.86

2026-08-23T05:49:32.320Z,34.72,71.6

2026-08-23T05:49:37.320Z,34.72,71.16

2026-08-23T05:49:42.332Z,34.72,71.07

2026-08-23T05:49:47.320Z,34.7,70.94

2026-08-23T05:49:52.323Z,34.71,70.91

2026-08-23T05:49:57.321Z,34.71,70.87

2026-08-23T05:50:02.323Z,34.71,70.67

2026-08-23T05:50:07.323Z,34.69,70.73

2026-08-23T05:50:12.333Z,34.7,70.67

2026-08-23T05:50:17.324Z,34.69,70.41

2026-08-23T05:50:22.324Z,34.7,70.27

2026-08-23T05:50:27.324Z,34.69,70.38

2026-08-23T05:50:32.324Z,34.69,70.29

2026-08-23T05:50:37.325Z,34.67,70.17

2026-08-23T05:50:42.339Z,34.67,70.07

2026-08-23T05:50:47.325Z,34.69,70.05

2026-08-23T05:50:52.328Z,34.69,69.87

2026-08-23T05:50:57.326Z,34.67,69.87

2026-08-23T05:51:02.326Z,34.67,69.87

2026-08-23T05:51:07.328Z,34.67,70.07

2026-08-23T05:51:12.339Z,34.65,70.02

2026-08-23T05:51:17.327Z,34.66,69.97

2026-08-23T05:51:22.325Z,34.66,69.98

2026-08-23T05:51:27.328Z,34.66,70.16

2026-08-23T05:51:32.327Z,34.64,70.43

2026-08-23T05:51:37.326Z,34.63,70.36

2026-08-23T05:51:42.335Z,34.64,70.23

2026-08-23T05:51:47.328Z,34.63,70.31

2026-08-23T05:51:52.328Z,34.64,70.2

2026-08-23T05:51:57.328Z,34.61,70.21

2026-08-23T05:52:02.330Z,34.62,70.28

2026-08-23T05:52:07.347Z,34.61,70.27

2026-08-23T05:52:12.357Z,34.62,70.34

2026-08-23T05:52:17.343Z,34.61,70.39

2026-08-23T05:52:22.345Z,34.61,70.38

2026-08-23T05:52:27.345Z,34.62,70.41

2026-08-23T05:52:32.358Z,34.61,71.16

2026-08-23T05:52:37.344Z,34.6,70.73

2026-08-23T05:52:42.347Z,34.6,70.36

2026-08-23T05:52:47.348Z,34.6,70.03

2026-08-23T05:52:52.356Z,34.6,69.85

2026-08-23T05:52:57.345Z,34.6,69.72

2026-08-23T05:53:02.347Z,34.58,69.92

2026-08-23T05:53:07.347Z,34.58,69.98

2026-08-23T05:53:12.348Z,34.57,69.98

2026-08-23T05:53:17.349Z,34.57,69.96

2026-08-23T05:53:22.360Z,34.59,69.96

2026-08-23T05:53:27.349Z,34.57,69.92

2026-08-23T05:53:32.348Z,34.57,69.95

2026-08-23T05:53:37.347Z,34.56,69.93

2026-08-23T05:53:42.350Z,34.57,69.9

2026-08-23T05:53:47.361Z,34.57,70.12

2026-08-23T05:53:52.372Z,34.56,70.33

2026-08-23T05:53:57.361Z,34.58,70.08

2026-08-23T05:54:02.364Z,34.58,69.9

2026-08-23T05:54:07.362Z,34.58,69.77

2026-08-23T05:54:12.363Z,34.56,69.53

2026-08-23T05:54:17.368Z,34.57,69.35

2026-08-23T05:54:22.380Z,34.58,69.2

2026-08-23T05:54:27.366Z,34.56,69.07

2026-08-23T05:54:32.368Z,34.56,69.08

2026-08-23T05:54:37.368Z,34.58,69.08

2026-08-23T05:54:42.367Z,34.58,69.2

2026-08-23T05:54:47.379Z,34.57,69.39

2026-08-23T05:54:52.391Z,34.57,69.58

2026-08-23T05:54:57.383Z,34.57,69.55

2026-08-23T05:55:02.380Z,34.56,69.28

2026-08-23T05:55:07.382Z,34.58,69.05

2026-08-23T05:55:12.380Z,34.58,68.98

2026-08-23T05:55:17.381Z,34.56,69.04

2026-08-23T05:55:22.389Z,34.59,69.03

2026-08-23T05:55:27.381Z,34.56,69

2026-08-23T05:55:32.381Z,34.57,68.94

2026-08-23T05:55:37.383Z,34.58,68.94

2026-08-23T05:55:42.383Z,34.57,68.98

2026-08-23T05:55:47.395Z,34.55,68.97

2026-08-23T05:55:52.402Z,34.57,69.03

2026-08-23T05:55:57.395Z,34.57,68.88

2026-08-23T05:56:02.397Z,34.57,68.85

2026-08-23T05:56:07.398Z,34.58,68.83

2026-08-23T05:56:12.396Z,34.58,68.86

2026-08-23T05:56:17.400Z,34.59,68.86

2026-08-23T05:56:22.412Z,34.59,68.93

2026-08-23T05:56:27.398Z,34.6,68.91

2026-08-23T05:56:32.400Z,34.6,68.94

2026-08-23T05:56:37.401Z,34.59,68.92

2026-08-23T05:56:42.400Z,34.59,68.81

2026-08-23T05:56:47.412Z,34.58,68.77

2026-08-23T05:56:52.425Z,34.61,68.69

2026-08-23T05:56:57.412Z,34.61,68.64

2026-08-23T05:57:02.414Z,34.61,68.65

2026-08-23T05:57:07.412Z,34.62,68.61

2026-08-23T05:57:12.412Z,34.62,68.62

2026-08-23T05:57:17.418Z,34.61,68.72

2026-08-23T05:57:22.429Z,34.6,68.72

2026-08-23T05:57:27.414Z,34.61,68.73

2026-08-23T05:57:32.416Z,34.61,68.69

2026-08-23T05:57:37.415Z,34.6,68.68

2026-08-23T05:57:42.416Z,34.6,68.77

2026-08-23T05:57:47.422Z,34.61,68.7

2026-08-23T05:57:52.432Z,34.61,68.8

2026-08-23T05:57:57.419Z,34.61,68.73

2026-08-23T05:58:02.421Z,34.61,68.61

2026-08-23T05:58:07.422Z,34.59,68.53

2026-08-23T05:58:12.422Z,34.6,68.48

2026-08-23T05:58:17.430Z,34.59,68.52

2026-08-23T05:58:22.442Z,34.6,68.57

2026-08-23T05:58:27.429Z,34.61,68.54

2026-08-23T05:58:32.428Z,34.61,68.55

2026-08-23T05:58:37.427Z,34.59,68.39

2026-08-23T05:58:42.430Z,34.61,68.21

2026-08-23T05:58:47.434Z,34.61,68.15

2026-08-23T05:58:52.444Z,34.6,68.17

2026-08-23T05:58:57.430Z,34.6,68.1

2026-08-23T05:59:02.432Z,34.61,68.18

2026-08-23T05:59:07.432Z,34.59,68.19

2026-08-23T05:59:12.431Z,34.59,68.23

2026-08-23T05:59:17.446Z,34.58,68.25

2026-08-23T05:59:22.456Z,34.58,68.35

2026-08-23T05:59:27.443Z,34.59,68.31

2026-08-23T05:59:32.449Z,34.56,68.36

2026-08-23T05:59:37.447Z,34.6,68.34

2026-08-23T05:59:42.448Z,34.57,68.35

2026-08-23T05:59:47.454Z,34.57,68.33

2026-08-23T05:59:52.467Z,34.57,68.39

2026-08-23T05:59:57.453Z,34.57,68.39

2026-08-23T06:00:02.453Z,34.57,68.39

2026-08-23T06:00:07.451Z,34.58,68.32

2026-08-23T06:00:12.453Z,34.56,68.25

2026-08-23T06:00:17.463Z,34.58,68.23

2026-08-23T06:00:22.475Z,34.55,68.32

2026-08-23T06:00:27.462Z,34.57,68.17

2026-08-23T06:00:32.463Z,34.56,68.26

2026-08-23T06:00:37.464Z,34.55,68.22

2026-08-23T06:00:42.465Z,34.55,68.25

2026-08-23T06:00:47.473Z,34.55,68.18

2026-08-23T06:00:52.485Z,34.55,68.26

2026-08-23T06:00:57.473Z,34.55,68.22

2026-08-23T06:01:02.473Z,34.55,68.19

2026-08-23T06:01:07.472Z,34.54,68.21

2026-08-23T06:01:12.475Z,34.54,68.24

2026-08-23T06:01:17.479Z,34.55,68.24

2026-08-23T06:01:22.489Z,34.55,68.22

2026-08-23T06:01:27.479Z,34.55,68.23

2026-08-23T06:01:32.480Z,34.54,68.19

2026-08-23T06:01:37.479Z,34.55,68.16

2026-08-23T06:01:42.480Z,34.53,68.16

2026-08-23T06:01:47.483Z,34.54,68.2

2026-08-23T06:01:52.494Z,34.54,68.21

2026-08-23T06:01:57.482Z,34.53,68.23

2026-08-23T06:02:02.482Z,34.54,68.3

2026-08-23T06:02:07.480Z,34.53,68.28

2026-08-23T06:02:12.484Z,34.54,68.29

2026-08-23T06:02:17.484Z,34.53,68.2

2026-08-23T06:02:22.493Z,34.53,68.18

2026-08-23T06:02:27.481Z,34.53,68.23

2026-08-23T06:02:32.485Z,34.51,68.31

2026-08-23T06:02:37.484Z,34.53,68.33

2026-08-23T06:02:42.496Z,34.53,68.29

2026-08-23T06:02:47.484Z,34.51,68.25

2026-08-23T06:02:52.485Z,34.53,68.26

2026-08-23T06:02:57.489Z,34.52,68.2

2026-08-23T06:03:02.505Z,34.51,68.34

2026-08-23T06:03:07.487Z,34.52,68.29

2026-08-23T06:03:12.486Z,34.52,68.26

2026-08-23T06:03:17.489Z,34.53,68.27

2026-08-23T06:03:22.502Z,34.52,68.32

2026-08-23T06:03:27.488Z,34.52,68.28

2026-08-23T06:03:32.489Z,34.52,68.33

2026-08-23T06:03:37.487Z,34.54,68.27

2026-08-23T06:03:42.490Z,34.53,68.25

2026-08-23T06:03:47.493Z,34.54,68.25

2026-08-23T06:03:52.506Z,34.52,68.32

2026-08-23T06:03:57.493Z,34.55,68.31

2026-08-23T06:04:02.493Z,34.53,68.26

2026-08-23T06:04:07.493Z,34.53,68.29

2026-08-23T06:04:12.494Z,34.54,68.27

2026-08-23T06:04:17.509Z,34.54,68.27

2026-08-23T06:04:22.522Z,34.54,68.3

2026-08-23T06:04:27.510Z,34.55,68.24

2026-08-23T06:04:32.511Z,34.54,68.27

2026-08-23T06:04:37.511Z,34.55,68.36

2026-08-23T06:04:42.514Z,34.55,68.37

2026-08-23T06:04:47.516Z,34.52,68.47

2026-08-23T06:04:52.527Z,34.54,68.46

2026-08-23T06:04:57.515Z,34.54,68.45

2026-08-23T06:05:02.516Z,34.54,68.41

2026-08-23T06:05:07.516Z,34.54,68.56

2026-08-23T06:05:12.515Z,34.56,68.58

2026-08-23T06:05:17.531Z,34.55,68.61

2026-08-23T06:05:22.544Z,34.53,68.62

2026-08-23T06:05:27.530Z,34.57,68.63

2026-08-23T06:05:32.531Z,34.53,68.55

2026-08-23T06:05:37.531Z,34.52,68.6

2026-08-23T06:05:42.532Z,34.53,68.51

2026-08-23T06:05:47.540Z,34.52,68.35

2026-08-23T06:05:52.555Z,34.51,68.26

2026-08-23T06:05:57.540Z,34.5,68.18

2026-08-23T06:06:02.540Z,34.5,68.12

2026-08-23T06:06:07.539Z,34.5,68.07

2026-08-23T06:06:12.539Z,34.49,67.85

2026-08-23T06:06:17.541Z,34.49,67.94

2026-08-23T06:06:22.551Z,34.46,67.98

2026-08-23T06:06:27.540Z,34.48,68.05

2026-08-23T06:06:32.542Z,34.47,68.11

2026-08-23T06:06:37.542Z,34.46,68.1

2026-08-23T06:06:42.542Z,34.47,68.24

2026-08-23T06:06:47.553Z,34.46,68.3

2026-08-23T06:06:52.569Z,34.44,68.32

2026-08-23T06:06:57.555Z,34.46,68.33

2026-08-23T06:07:02.554Z,34.46,68.37

2026-08-23T06:07:07.553Z,34.47,68.35

2026-08-23T06:07:12.554Z,34.46,68.41

2026-08-23T06:07:17.556Z,34.48,68.43

2026-08-23T06:07:22.567Z,34.45,68.6

2026-08-23T06:07:27.555Z,34.48,68.51

2026-08-23T06:07:32.558Z,34.46,68.53

2026-08-23T06:07:37.556Z,34.44,68.55

2026-08-23T06:07:42.557Z,34.43,68.56

2026-08-23T06:07:47.569Z,34.47,68.58

2026-08-23T06:07:52.581Z,34.46,68.64

2026-08-23T06:07:57.569Z,34.47,68.55

2026-08-23T06:08:02.566Z,34.45,68.57

2026-08-23T06:08:07.568Z,34.44,68.56

2026-08-23T06:08:12.567Z,34.44,68.46

2026-08-23T06:08:17.575Z,34.45,68.52

2026-08-23T06:08:22.586Z,34.45,68.59

2026-08-23T06:08:27.571Z,34.45,68.55

2026-08-23T06:08:32.572Z,34.44,68.53

2026-08-23T06:08:37.573Z,34.45,68.6

2026-08-23T06:08:42.573Z,34.45,68.39

2026-08-23T06:08:47.577Z,34.44,68.41

2026-08-23T06:08:52.587Z,34.45,68.26

2026-08-23T06:08:57.575Z,34.44,68.25

2026-08-23T06:09:02.574Z,34.45,68.11

2026-08-23T06:09:07.576Z,34.44,68.02

2026-08-23T06:09:12.579Z,34.45,68.04

2026-08-23T06:09:17.583Z,34.46,68.03

2026-08-23T06:09:22.592Z,34.45,68.05

2026-08-23T06:09:27.582Z,34.45,68.1

2026-08-23T06:09:32.583Z,34.44,68.1

2026-08-23T06:09:37.580Z,34.44,68.06

2026-08-23T06:09:42.581Z,34.45,67.99

2026-08-23T06:09:47.583Z,34.45,67.99

2026-08-23T06:09:52.589Z,34.44,67.94

2026-08-23T06:09:57.583Z,34.46,67.91

2026-08-23T06:10:02.581Z,34.45,67.87

2026-08-23T06:10:07.581Z,34.44,67.87

2026-08-23T06:10:12.581Z,34.44,67.86

2026-08-23T06:10:17.593Z,34.46,67.86

2026-08-23T06:10:22.603Z,34.44,67.88

2026-08-23T06:10:27.588Z,34.45,67.79

2026-08-23T06:10:32.592Z,34.45,67.84

2026-08-23T06:10:37.589Z,34.44,67.79

2026-08-23T06:10:42.609Z,34.46,67.88

2026-08-23T06:10:47.591Z,34.44,67.89

2026-08-23T06:10:52.593Z,34.47,67.89

2026-08-23T06:10:57.593Z,34.43,67.94

2026-08-23T06:11:02.594Z,34.45,67.95

2026-08-23T06:11:07.593Z,34.45,67.87

2026-08-23T06:11:12.607Z,34.44,67.96

2026-08-23T06:11:17.594Z,34.45,67.91

2026-08-23T06:11:22.596Z,34.45,67.94

2026-08-23T06:11:27.596Z,34.47,67.94

2026-08-23T06:11:32.596Z,34.46,67.99

2026-08-23T06:11:37.601Z,34.46,67.99

2026-08-23T06:11:42.610Z,34.46,68.02

2026-08-23T06:11:47.603Z,34.46,67.96

2026-08-23T06:11:52.600Z,34.47,67.91

2026-08-23T06:11:57.602Z,34.46,67.83

2026-08-23T06:12:02.602Z,34.48,67.74

2026-08-23T06:12:07.608Z,34.47,67.73

2026-08-23T06:12:12.622Z,34.47,67.76

2026-08-23T06:12:17.608Z,34.46,67.68

2026-08-23T06:12:22.608Z,34.45,67.71

2026-08-23T06:12:27.608Z,34.46,67.75

2026-08-23T06:12:32.608Z,34.46,67.76

2026-08-23T06:12:37.616Z,34.47,67.74

2026-08-23T06:12:42.630Z,34.45,67.8

2026-08-23T06:12:47.616Z,34.47,67.79

2026-08-23T06:12:52.615Z,34.48,67.75

2026-08-23T06:12:57.617Z,34.46,67.72

2026-08-23T06:13:02.618Z,34.45,67.67

2026-08-23T06:13:07.622Z,34.44,67.74

2026-08-23T06:13:12.634Z,34.46,67.7

2026-08-23T06:13:17.621Z,34.48,67.73

2026-08-23T06:13:22.622Z,34.45,67.7

2026-08-23T06:13:27.620Z,34.48,67.76

2026-08-23T06:13:32.623Z,34.45,67.73

2026-08-23T06:13:37.630Z,34.46,67.61

2026-08-23T06:13:42.641Z,34.45,67.59

2026-08-23T06:13:47.629Z,34.45,67.55

2026-08-23T06:13:52.633Z,34.45,67.49

2026-08-23T06:13:57.631Z,34.46,67.47

2026-08-23T06:14:02.633Z,34.45,67.49

2026-08-23T06:14:07.644Z,34.47,67.43

2026-08-23T06:14:12.655Z,34.46,67.47

2026-08-23T06:14:17.645Z,34.45,67.4

2026-08-23T06:14:22.644Z,34.46,67.44

2026-08-23T06:14:27.645Z,34.47,67.48

2026-08-23T06:14:32.646Z,34.44,67.6

2026-08-23T06:14:37.660Z,34.46,67.76

2026-08-23T06:14:42.674Z,34.45,67.83

2026-08-23T06:14:47.659Z,34.47,67.74

2026-08-23T06:14:52.660Z,34.45,67.68

2026-08-23T06:14:57.659Z,34.45,67.6

2026-08-23T06:15:02.663Z,34.48,67.61

2026-08-23T06:15:07.682Z,34.48,67.62

2026-08-23T06:15:12.694Z,34.45,67.68

2026-08-23T06:15:17.681Z,34.47,67.64

2026-08-23T06:15:22.681Z,34.46,67.55

2026-08-23T06:15:27.681Z,34.46,67.5

2026-08-23T06:15:32.682Z,34.45,67.69

2026-08-23T06:15:37.683Z,34.46,67.67

2026-08-23T06:15:42.693Z,34.46,67.66

2026-08-23T06:15:47.683Z,34.47,67.7

2026-08-23T06:15:52.684Z,34.45,67.69

2026-08-23T06:15:57.684Z,34.45,67.78

2026-08-23T06:16:02.683Z,34.45,67.82

2026-08-23T06:16:07.684Z,34.45,67.81

2026-08-23T06:16:12.696Z,34.44,67.77

2026-08-23T06:16:17.684Z,34.46,67.8

2026-08-23T06:16:22.683Z,34.45,67.8

2026-08-23T06:16:27.683Z,34.47,67.86

2026-08-23T06:16:32.685Z,34.46,67.89

2026-08-23T06:16:37.686Z,34.48,67.89

2026-08-23T06:16:42.698Z,34.46,67.94

2026-08-23T06:16:47.684Z,34.47,67.98

2026-08-23T06:16:52.684Z,34.47,67.91

2026-08-23T06:16:57.687Z,34.48,67.9

2026-08-23T06:17:02.698Z,34.45,67.92

2026-08-23T06:17:07.687Z,34.47,67.87

2026-08-23T06:17:12.687Z,34.46,67.88

2026-08-23T06:17:17.686Z,34.47,67.96

2026-08-23T06:17:22.697Z,34.45,67.87

2026-08-23T06:17:27.686Z,34.48,67.89

2026-08-23T06:17:32.689Z,34.47,68.05

2026-08-23T06:17:37.687Z,34.46,68.08

2026-08-23T06:17:42.693Z,34.44,68.15

2026-08-23T06:17:47.703Z,34.45,68.21

2026-08-23T06:17:52.714Z,34.46,68.34

2026-08-23T06:17:57.700Z,34.47,68.36

2026-08-23T06:18:02.699Z,34.47,68.42

2026-08-23T06:18:07.697Z,34.46,68.45

2026-08-23T06:18:12.699Z,34.5,68.53

2026-08-23T06:18:17.708Z,34.48,68.73

2026-08-23T06:18:22.722Z,34.48,69.26

2026-08-23T06:18:27.709Z,34.48,69.55

2026-08-23T06:18:32.710Z,34.46,69.73

2026-08-23T06:18:37.726Z,34.47,69.73

2026-08-23T06:18:42.721Z,34.48,69.55

2026-08-23T06:18:47.722Z,34.47,69.51

2026-08-23T06:18:52.721Z,34.48,69.41

2026-08-23T06:18:57.721Z,34.47,69.39

2026-08-23T06:19:02.733Z,34.49,69.37

2026-08-23T06:19:07.721Z,34.5,69.33

2026-08-23T06:19:12.723Z,34.48,69.15

2026-08-23T06:19:17.722Z,34.48,69.02

2026-08-23T06:19:22.724Z,34.49,68.91

2026-08-23T06:19:27.721Z,34.49,68.93

2026-08-23T06:19:32.738Z,34.48,68.93

2026-08-23T06:19:37.722Z,34.48,68.63

2026-08-23T06:19:42.723Z,34.51,68.4

2026-08-23T06:19:47.720Z,34.5,68.35

2026-08-23T06:19:52.723Z,34.5,68.35

2026-08-23T06:19:57.728Z,34.5,68.35

2026-08-23T06:20:02.740Z,34.48,68.48

2026-08-23T06:20:07.727Z,34.49,68.49

2026-08-23T06:20:12.726Z,34.49,68.2

2026-08-23T06:20:17.726Z,34.49,67.92

2026-08-23T06:20:22.726Z,34.51,67.96

2026-08-23T06:20:27.745Z,34.5,67.95

2026-08-23T06:20:32.757Z,34.49,67.98

2026-08-23T06:20:37.747Z,34.48,67.97

2026-08-23T06:20:42.747Z,34.48,68.14

2026-08-23T06:20:47.745Z,34.49,68.05

2026-08-23T06:20:52.744Z,34.49,67.99

2026-08-23T06:20:57.752Z,34.5,68.05

2026-08-23T06:21:02.761Z,34.48,68.18

2026-08-23T06:21:07.749Z,34.47,68.24

2026-08-23T06:21:12.751Z,34.48,68.21

2026-08-23T06:21:17.751Z,34.5,68.21

2026-08-23T06:21:22.750Z,34.48,68.25

2026-08-23T06:21:27.761Z,34.49,68.24

2026-08-23T06:21:32.772Z,34.49,68.19

2026-08-23T06:21:37.757Z,34.47,68.11

2026-08-23T06:21:42.757Z,34.48,68.13

2026-08-23T06:21:47.757Z,34.48,68.09

2026-08-23T06:21:52.758Z,34.47,68.13

2026-08-23T06:21:57.774Z,34.49,68.18

2026-08-23T06:22:02.787Z,34.48,68.26

2026-08-23T06:22:07.773Z,34.5,68.26

2026-08-23T06:22:12.774Z,34.5,68.32

2026-08-23T06:22:17.773Z,34.48,68.43

2026-08-23T06:22:22.774Z,34.47,68.59

2026-08-23T06:22:27.777Z,34.48,68.66

2026-08-23T06:22:32.788Z,34.47,68.66

2026-08-23T06:22:37.779Z,34.48,68.64

2026-08-23T06:22:42.779Z,34.5,68.57

2026-08-23T06:22:47.779Z,34.47,68.33

2026-08-23T06:22:52.781Z,34.48,68.27

2026-08-23T06:22:57.789Z,34.5,68.2

2026-08-23T06:23:02.799Z,34.46,68.24

2026-08-23T06:23:07.785Z,34.47,68.29

2026-08-23T06:23:12.788Z,34.49,68.41

2026-08-23T06:23:17.788Z,34.48,68.41

2026-08-23T06:23:22.788Z,34.49,68.19

2026-08-23T06:23:27.801Z,34.48,68.07

2026-08-23T06:23:32.812Z,34.49,67.99

2026-08-23T06:23:37.800Z,34.49,68

2026-08-23T06:23:42.799Z,34.48,68.04

2026-08-23T06:23:47.802Z,34.48,68.03

2026-08-23T06:23:52.800Z,34.49,67.91

2026-08-23T06:23:57.805Z,34.48,67.96

2026-08-23T06:24:02.818Z,34.48,67.94

2026-08-23T06:24:07.805Z,34.48,68

2026-08-23T06:24:12.806Z,34.48,67.98

2026-08-23T06:24:17.806Z,34.47,67.93

2026-08-23T06:24:22.805Z,34.47,67.91

2026-08-23T06:24:27.805Z,34.47,67.92

2026-08-23T06:24:32.820Z,34.49,67.94

2026-08-23T06:24:37.805Z,34.48,67.77

2026-08-23T06:24:42.806Z,34.48,67.8

2026-08-23T06:24:47.806Z,34.49,67.76

2026-08-23T06:24:52.810Z,34.49,67.75

2026-08-23T06:24:57.808Z,34.5,67.72

2026-08-23T06:25:02.823Z,34.48,67.8

2026-08-23T06:25:07.813Z,34.5,67.85

2026-08-23T06:25:12.814Z,34.48,67.79

2026-08-23T06:25:17.817Z,34.47,67.73

2026-08-23T06:25:22.824Z,34.5,67.72

2026-08-23T06:25:27.815Z,34.5,67.67

2026-08-23T06:25:32.816Z,34.49,67.72

2026-08-23T06:25:37.814Z,34.48,67.66

2026-08-23T06:25:42.829Z,34.48,67.58

2026-08-23T06:25:47.817Z,34.49,67.54

2026-08-23T06:25:52.817Z,34.49,67.5

2026-08-23T06:25:57.818Z,34.49,67.5

2026-08-23T06:26:02.820Z,34.48,67.47

2026-08-23T06:26:07.831Z,34.48,67.47

2026-08-23T06:26:12.843Z,34.47,67.73

2026-08-23T06:26:17.832Z,34.48,67.66

2026-08-23T06:26:22.831Z,34.48,67.63

2026-08-23T06:26:27.831Z,34.49,67.64

2026-08-23T06:26:32.832Z,34.48,67.6

2026-08-23T06:26:37.831Z,34.5,67.55

2026-08-23T06:26:42.846Z,34.47,67.64

2026-08-23T06:26:47.836Z,34.46,67.55

2026-08-23T06:26:52.834Z,34.49,67.53

2026-08-23T06:26:57.835Z,34.49,67.51

2026-08-23T06:27:02.833Z,34.48,67.45

2026-08-23T06:27:07.837Z,34.49,67.4

2026-08-23T06:27:12.848Z,34.49,67.4

2026-08-23T06:27:17.835Z,34.48,67.34

2026-08-23T06:27:22.837Z,34.48,67.32

2026-08-23T06:27:27.836Z,34.49,67.34

2026-08-23T06:27:32.837Z,34.5,67.3

2026-08-23T06:27:37.836Z,34.5,67.22

2026-08-23T06:27:42.850Z,34.49,67.23

2026-08-23T06:27:47.836Z,34.49,67.17

2026-08-23T06:27:52.835Z,34.5,67.2

2026-08-23T06:27:57.837Z,34.49,67.18

2026-08-23T06:28:02.836Z,34.5,67.07

2026-08-23T06:28:07.839Z,34.5,66.96

2026-08-23T06:28:12.852Z,34.51,66.96

2026-08-23T06:28:17.839Z,34.5,66.9

2026-08-23T06:28:22.840Z,34.49,66.91

2026-08-23T06:28:27.840Z,34.49,66.89

2026-08-23T06:28:32.839Z,34.49,66.98

2026-08-23T06:28:37.850Z,34.51,67.04

2026-08-23T06:28:42.866Z,34.5,67.11

2026-08-23T06:28:47.848Z,34.5,67.18

2026-08-23T06:28:52.854Z,34.5,67.34

2026-08-23T06:28:57.851Z,34.5,67.31

2026-08-23T06:29:02.851Z,34.51,67.38

2026-08-23T06:29:07.865Z,34.5,67.46

2026-08-23T06:29:12.883Z,34.51,67.44

2026-08-23T06:29:17.866Z,34.5,67.46

2026-08-23T06:29:22.867Z,34.51,67.45

2026-08-23T06:29:27.867Z,34.49,67.39

2026-08-23T06:29:32.870Z,34.48,67.41

2026-08-23T06:29:37.879Z,34.48,67.4

2026-08-23T06:29:42.889Z,34.5,67.5

2026-08-23T06:29:47.877Z,34.49,67.43

2026-08-23T06:29:52.878Z,34.5,67.47

2026-08-23T06:29:57.878Z,34.49,67.48

2026-08-23T06:30:02.879Z,34.49,67.49

2026-08-23T06:30:07.887Z,34.49,67.52

2026-08-23T06:30:12.899Z,34.47,67.61

2026-08-23T06:30:17.883Z,34.48,67.65

2026-08-23T06:30:22.886Z,34.49,67.54

2026-08-23T06:30:27.883Z,34.48,67.43

2026-08-23T06:30:32.885Z,34.47,67.41

2026-08-23T06:30:37.899Z,34.48,67.33

2026-08-23T06:30:42.909Z,34.48,67.39

2026-08-23T06:30:47.898Z,34.47,67.43

2026-08-23T06:30:52.899Z,34.47,67.38

2026-08-23T06:30:57.900Z,34.47,67.36

2026-08-23T06:31:02.901Z,34.46,67.33

2026-08-23T06:31:07.917Z,34.46,67.36

2026-08-23T06:31:12.922Z,34.45,67.42

2026-08-23T06:31:17.911Z,34.46,67.36

2026-08-23T06:31:22.911Z,34.46,67.33

2026-08-23T06:31:27.910Z,34.44,67.3

2026-08-23T06:31:32.911Z,34.45,67.33

2026-08-23T06:31:37.915Z,34.46,67.27

2026-08-23T06:31:42.923Z,34.45,67.31

2026-08-23T06:31:47.915Z,34.46,67.31

2026-08-23T06:31:52.917Z,34.45,67.33

2026-08-23T06:31:57.916Z,34.46,67.35

2026-08-23T06:32:02.916Z,34.45,67.38

2026-08-23T06:32:07.916Z,34.46,67.37

2026-08-23T06:32:12.929Z,34.44,67.34

2026-08-23T06:32:17.917Z,34.47,67.34

2026-08-23T06:32:22.921Z,34.47,67.37

2026-08-23T06:32:27.920Z,34.47,67.29

2026-08-23T06:32:32.917Z,34.46,67.23

2026-08-23T06:32:37.952Z,34.45,67.18

2026-08-23T06:32:42.965Z,34.46,67.32

2026-08-23T06:32:47.952Z,34.45,67.28

2026-08-23T06:32:52.950Z,34.47,67.27

2026-08-23T06:32:57.948Z,34.46,67.27

2026-08-23T06:33:02.951Z,34.47,67.36

2026-08-23T06:33:07.952Z,34.46,67.35

2026-08-23T06:33:12.962Z,34.46,67.35

2026-08-23T06:33:17.950Z,34.46,67.28

2026-08-23T06:33:22.951Z,34.46,67.3

2026-08-23T06:33:27.952Z,34.45,67.27

2026-08-23T06:33:32.952Z,34.45,67.28

2026-08-23T06:33:37.954Z,34.47,67.27

2026-08-23T06:33:42.965Z,34.45,67.33

2026-08-23T06:33:47.954Z,34.45,67.16

2026-08-23T06:33:52.956Z,34.45,67.06

2026-08-23T06:33:57.953Z,34.45,66.93

2026-08-23T06:34:02.956Z,34.45,66.93

2026-08-23T06:34:07.962Z,34.47,66.92

2026-08-23T06:34:12.973Z,34.46,66.94

2026-08-23T06:34:17.961Z,34.45,66.99

2026-08-23T06:34:22.961Z,34.46,66.79

2026-08-23T06:34:27.964Z,34.44,66.84

2026-08-23T06:34:32.978Z,34.44,66.85

2026-08-23T06:34:37.965Z,34.46,66.8

2026-08-23T06:34:42.966Z,34.46,66.84

2026-08-23T06:34:47.965Z,34.46,66.9

2026-08-23T06:34:52.967Z,34.45,66.87

2026-08-23T06:34:57.968Z,34.47,66.85

2026-08-23T06:35:02.979Z,34.48,66.84

2026-08-23T06:35:07.967Z,34.45,66.69

2026-08-23T06:35:12.968Z,34.46,66.7

2026-08-23T06:35:17.968Z,34.45,66.66

2026-08-23T06:35:22.970Z,34.47,66.66

2026-08-23T06:35:27.969Z,34.46,66.68

2026-08-23T06:35:32.980Z,34.45,66.74

2026-08-23T06:35:37.969Z,34.45,66.77

2026-08-23T06:35:42.969Z,34.48,66.82

2026-08-23T06:35:47.969Z,34.49,66.83

2026-08-23T06:35:52.970Z,34.47,66.93

2026-08-23T06:35:57.971Z,34.48,66.88

2026-08-23T06:36:02.982Z,34.47,66.91

2026-08-23T06:36:07.967Z,34.46,66.94

2026-08-23T06:36:12.975Z,34.47,66.94

2026-08-23T06:36:17.973Z,34.48,66.89

2026-08-23T06:36:22.972Z,34.47,66.78

2026-08-23T06:36:27.972Z,34.48,66.69

2026-08-23T06:36:32.991Z,34.47,66.72

2026-08-23T06:36:37.973Z,34.48,66.66

2026-08-23T06:36:42.973Z,34.49,66.71

2026-08-23T06:36:47.973Z,34.45,66.75

2026-08-23T06:36:52.975Z,34.47,66.74

2026-08-23T06:36:57.982Z,34.46,66.8

2026-08-23T06:37:02.993Z,34.45,66.82

2026-08-23T06:37:07.980Z,34.46,66.77

2026-08-23T06:37:12.982Z,34.46,66.82

2026-08-23T06:37:17.980Z,34.45,66.82

2026-08-23T06:37:22.980Z,34.45,66.87

2026-08-23T06:37:27.996Z,34.46,66.93

2026-08-23T06:37:33.007Z,34.45,66.97

2026-08-23T06:37:37.996Z,34.46,66.9

2026-08-23T06:37:42.995Z,34.45,66.87

2026-08-23T06:37:47.997Z,34.45,66.92

2026-08-23T06:37:52.997Z,34.46,66.95

2026-08-23T06:37:58.005Z,34.47,66.98

2026-08-23T06:38:03.020Z,34.46,66.99

2026-08-23T06:38:08.007Z,34.47,66.9

2026-08-23T06:38:13.006Z,34.48,66.93

2026-08-23T06:38:18.006Z,34.48,66.85

2026-08-23T06:38:23.006Z,34.45,66.81

2026-08-23T06:38:28.016Z,34.47,66.74

2026-08-23T06:38:33.026Z,34.47,66.79

2026-08-23T06:38:38.013Z,34.47,66.86

2026-08-23T06:38:43.013Z,34.46,66.87

2026-08-23T06:38:48.011Z,34.47,66.84

2026-08-23T06:38:53.013Z,34.47,66.85

2026-08-23T06:38:58.020Z,34.47,66.89

2026-08-23T06:39:03.032Z,34.47,66.96

2026-08-23T06:39:08.018Z,34.47,66.93

2026-08-23T06:39:13.020Z,34.48,66.95

2026-08-23T06:39:18.022Z,34.46,66.97

2026-08-23T06:39:23.020Z,34.47,66.82

2026-08-23T06:39:28.021Z,34.47,66.9

2026-08-23T06:39:33.031Z,34.48,66.85

2026-08-23T06:39:38.021Z,34.48,66.82

2026-08-23T06:39:43.018Z,34.47,66.85

2026-08-23T06:39:48.020Z,34.48,66.96

2026-08-23T06:39:53.022Z,34.47,67.28

2026-08-23T06:39:58.035Z,34.48,67.38

2026-08-23T06:40:03.042Z,34.46,67.34

2026-08-23T06:40:08.036Z,34.46,67.39

2026-08-23T06:40:13.034Z,34.46,67.4

2026-08-23T06:40:18.035Z,34.47,67.36

2026-08-23T06:40:23.036Z,34.46,67.37

2026-08-23T06:40:28.037Z,34.48,67.4

2026-08-23T06:40:33.051Z,34.45,67.4

2026-08-23T06:40:38.038Z,34.46,67.36

2026-08-23T06:40:43.037Z,34.48,67.38

2026-08-23T06:40:48.038Z,34.46,67.3

2026-08-23T06:40:53.038Z,34.47,67.23

2026-08-23T06:40:58.046Z,34.47,67.24

2026-08-23T06:41:03.059Z,34.47,67.24

2026-08-23T06:41:08.044Z,34.47,67.31

2026-08-23T06:41:13.046Z,34.49,67.23

2026-08-23T06:41:18.046Z,34.46,67.2

2026-08-23T06:41:23.046Z,34.48,67.2

2026-08-23T06:41:28.059Z,34.48,67.24

2026-08-23T06:41:33.068Z,34.49,67.25

2026-08-23T06:41:38.055Z,34.47,67.18

2026-08-23T06:41:43.055Z,34.48,67.21

2026-08-23T06:41:48.055Z,34.47,67.18

2026-08-23T06:41:53.057Z,34.46,67.16

2026-08-23T06:41:58.065Z,34.49,67.13

2026-08-23T06:42:03.081Z,34.49,67.17

2026-08-23T06:42:08.068Z,34.48,67.2

2026-08-23T06:42:13.063Z,34.48,67.23

2026-08-23T06:42:18.065Z,34.49,67.31

2026-08-23T06:42:23.065Z,34.49,67.28

2026-08-23T06:42:28.076Z,34.48,67.4

2026-08-23T06:42:33.087Z,34.49,67.51

2026-08-23T06:42:38.077Z,34.48,67.51

2026-08-23T06:42:43.077Z,34.46,67.62

2026-08-23T06:42:48.077Z,34.48,67.72

2026-08-23T06:42:53.076Z,34.49,67.8

2026-08-23T06:42:58.086Z,34.49,67.79

2026-08-23T06:43:03.099Z,34.49,67.76

2026-08-23T06:43:08.086Z,34.49,67.65

2026-08-23T06:43:13.085Z,34.48,67.58

2026-08-23T06:43:18.086Z,34.49,67.54

2026-08-23T06:43:23.085Z,34.48,67.54

2026-08-23T06:43:28.089Z,34.5,67.52

2026-08-23T06:43:33.102Z,34.49,67.48

2026-08-23T06:43:38.090Z,34.48,67.43

2026-08-23T06:43:43.089Z,34.49,67.4

2026-08-23T06:43:48.092Z,34.48,67.35

2026-08-23T06:43:53.091Z,34.49,67.29

2026-08-23T06:43:58.096Z,34.49,67.31

2026-08-23T06:44:03.109Z,34.49,67.3

2026-08-23T06:44:08.093Z,34.5,67.3

2026-08-23T06:44:13.095Z,34.47,67.24

2026-08-23T06:44:18.091Z,34.49,67.11

2026-08-23T06:44:23.093Z,34.51,67.07

2026-08-23T06:44:28.104Z,34.47,67.03

2026-08-23T06:44:33.114Z,34.49,67.11

2026-08-23T06:44:38.101Z,34.49,66.99

2026-08-23T06:44:43.101Z,34.48,66.96

2026-08-23T06:44:48.101Z,34.47,66.92

2026-08-23T06:44:53.103Z,34.48,67.02

2026-08-23T06:44:58.128Z,34.46,67.05

2026-08-23T06:45:03.136Z,34.47,67.11

2026-08-23T06:45:08.125Z,34.45,67.1

2026-08-23T06:45:13.127Z,34.47,67.09

2026-08-23T06:45:18.127Z,34.47,67.08

2026-08-23T06:45:23.128Z,34.47,67.13

2026-08-23T06:45:28.127Z,34.49,67.02

2026-08-23T06:45:33.140Z,34.47,67

2026-08-23T06:45:38.127Z,34.48,66.97

2026-08-23T06:45:43.128Z,34.48,66.96

2026-08-23T06:45:48.129Z,34.49,66.91

2026-08-23T06:45:53.130Z,34.49,66.83

2026-08-23T06:45:58.133Z,34.49,66.75

2026-08-23T06:46:03.142Z,34.48,66.73

2026-08-23T06:46:08.132Z,34.49,66.68

2026-08-23T06:46:13.131Z,34.48,66.67

2026-08-23T06:46:18.131Z,34.49,66.57

2026-08-23T06:46:23.131Z,34.49,66.59

2026-08-23T06:46:28.131Z,34.48,66.56

2026-08-23T06:46:33.142Z,34.48,66.61

2026-08-23T06:46:38.131Z,34.49,66.52

2026-08-23T06:46:43.133Z,34.5,66.47

2026-08-23T06:46:48.133Z,34.49,66.44

2026-08-23T06:46:53.132Z,34.51,66.44

2026-08-23T06:46:58.135Z,34.5,66.36

2026-08-23T06:47:03.147Z,34.47,66.32

2026-08-23T06:47:08.134Z,34.5,66.29

2026-08-23T06:47:13.135Z,34.5,66.34

2026-08-23T06:47:18.135Z,34.5,66.42

2026-08-23T06:47:23.137Z,34.48,66.45

2026-08-23T06:47:28.145Z,34.46,66.38

2026-08-23T06:47:33.159Z,34.47,66.51

2026-08-23T06:47:38.148Z,34.47,66.48

2026-08-23T06:47:43.144Z,34.47,66.53

2026-08-23T06:47:48.144Z,34.48,66.48

2026-08-23T06:47:53.144Z,34.48,66.49

2026-08-23T06:47:58.157Z,34.48,66.54

2026-08-23T06:48:03.167Z,34.49,66.51

2026-08-23T06:48:08.156Z,34.48,66.53

2026-08-23T06:48:13.156Z,34.49,66.48

2026-08-23T06:48:18.157Z,34.48,66.47

2026-08-23T06:48:23.156Z,34.48,66.48

2026-08-23T06:48:28.165Z,34.49,66.49

2026-08-23T06:48:33.178Z,34.48,66.54

2026-08-23T06:48:38.164Z,34.48,66.48

2026-08-23T06:48:43.164Z,34.47,66.49

2026-08-23T06:48:48.164Z,34.5,66.56

2026-08-23T06:48:53.164Z,34.49,66.55

2026-08-23T06:48:58.172Z,34.49,66.54

2026-08-23T06:49:03.184Z,34.49,66.68

2026-08-23T06:49:08.171Z,34.49,66.64

2026-08-23T06:49:13.171Z,34.48,66.61

2026-08-23T06:49:18.170Z,34.49,66.58

2026-08-23T06:49:23.173Z,34.49,66.61

2026-08-23T06:49:28.171Z,34.48,66.55

2026-08-23T06:49:33.182Z,34.48,66.62

2026-08-23T06:49:38.172Z,34.48,66.55

2026-08-23T06:49:43.171Z,34.49,66.59

2026-08-23T06:49:48.171Z,34.49,66.58

2026-08-23T06:49:53.171Z,34.52,66.6

2026-08-23T06:49:58.171Z,34.49,66.59

2026-08-23T06:50:03.183Z,34.5,66.65

2026-08-23T06:50:08.172Z,34.51,66.64

2026-08-23T06:50:13.182Z,34.51,66.64

2026-08-23T06:50:18.170Z,34.5,66.65

2026-08-23T06:50:23.173Z,34.5,66.64

2026-08-23T06:50:28.170Z,34.51,66.66

2026-08-23T06:50:33.172Z,34.5,66.62

2026-08-23T06:50:38.172Z,34.5,66.65

2026-08-23T06:50:43.189Z,34.52,66.68

2026-08-23T06:50:48.176Z,34.53,66.62

2026-08-23T06:50:53.180Z,34.53,66.65

2026-08-23T06:50:58.178Z,34.5,66.59

2026-08-23T06:51:03.193Z,34.5,66.63

2026-08-23T06:51:08.180Z,34.5,66.66

2026-08-23T06:51:13.179Z,34.51,66.72

2026-08-23T06:51:18.180Z,34.5,66.76

2026-08-23T06:51:23.180Z,34.51,66.83

2026-08-23T06:51:28.182Z,34.52,66.98

2026-08-23T06:51:33.194Z,34.51,67.14

2026-08-23T06:51:38.181Z,34.51,67.14

2026-08-23T06:51:43.183Z,34.52,67.17

2026-08-23T06:51:48.183Z,34.52,67.24

2026-08-23T06:51:53.187Z,34.52,67.28

2026-08-23T06:51:58.187Z,34.5,67.28

2026-08-23T06:52:03.203Z,34.52,67.34

2026-08-23T06:52:08.185Z,34.53,67.21

2026-08-23T06:52:13.187Z,34.52,67.13

2026-08-23T06:52:18.184Z,34.5,67.2

2026-08-23T06:52:23.186Z,34.51,67.17

2026-08-23T06:52:28.195Z,34.52,67.19

2026-08-23T06:52:33.203Z,34.51,67.21

2026-08-23T06:52:38.193Z,34.53,67.33

2026-08-23T06:52:43.194Z,34.52,67.29

2026-08-23T06:52:48.193Z,34.51,67.19

2026-08-23T06:52:53.195Z,34.51,67.2

2026-08-23T06:52:58.205Z,34.51,67.27

2026-08-23T06:53:03.215Z,34.51,67.32

2026-08-23T06:53:08.203Z,34.52,67.29

2026-08-23T06:53:13.202Z,34.53,67.27

2026-08-23T06:53:18.205Z,34.51,67.31

2026-08-23T06:53:23.203Z,34.52,67.27

2026-08-23T06:53:28.216Z,34.51,67.25

2026-08-23T06:53:33.229Z,34.51,67.32

2026-08-23T06:53:38.216Z,34.51,67.25

2026-08-23T06:53:43.216Z,34.51,67.15

2026-08-23T06:53:48.214Z,34.5,67.04

2026-08-23T06:53:53.216Z,34.51,67.05

2026-08-23T06:53:58.227Z,34.53,67.06

2026-08-23T06:54:03.237Z,34.51,67.07

2026-08-23T06:54:08.225Z,34.51,66.99

2026-08-23T06:54:13.226Z,34.52,67.03

2026-08-23T06:54:18.225Z,34.52,67.02

2026-08-23T06:54:23.225Z,34.51,67.1

2026-08-23T06:54:28.233Z,34.49,67.13

2026-08-23T06:54:33.245Z,34.52,67.13

2026-08-23T06:54:38.237Z,34.51,67.15

2026-08-23T06:54:43.235Z,34.52,67.16

2026-08-23T06:54:48.234Z,34.52,67.13

2026-08-23T06:54:53.234Z,34.51,67.16

2026-08-23T06:54:58.239Z,34.51,67.11

2026-08-23T06:55:03.257Z,34.5,67.12

2026-08-23T06:55:08.239Z,34.49,67.08

2026-08-23T06:55:13.241Z,34.5,67.09

2026-08-23T06:55:18.240Z,34.5,67.11

2026-08-23T06:55:23.240Z,34.51,67.07

2026-08-23T06:55:28.250Z,34.51,67

2026-08-23T06:55:33.264Z,34.5,67.1

2026-08-23T06:55:38.249Z,34.51,66.97

2026-08-23T06:55:43.252Z,34.5,66.98

2026-08-23T06:55:48.251Z,34.53,66.97

2026-08-23T06:55:53.252Z,34.52,66.99

2026-08-23T06:55:58.263Z,34.52,66.95

2026-08-23T06:56:03.274Z,34.52,66.97

2026-08-23T06:56:08.265Z,34.51,66.97

2026-08-23T06:56:13.262Z,34.54,66.92

2026-08-23T06:56:18.264Z,34.51,66.92

2026-08-23T06:56:23.264Z,34.53,66.99

2026-08-23T06:56:28.272Z,34.53,66.95

2026-08-23T06:56:33.285Z,34.5,67.01

2026-08-23T06:56:38.273Z,34.52,67.01

2026-08-23T06:56:43.273Z,34.53,66.92

2026-08-23T06:56:48.274Z,34.54,66.92

2026-08-23T06:56:53.274Z,34.53,66.93

2026-08-23T06:56:58.277Z,34.53,66.89

2026-08-23T06:57:03.289Z,34.52,66.99

2026-08-23T06:57:08.283Z,34.52,67.04

2026-08-23T06:57:13.276Z,34.52,66.94

2026-08-23T06:57:18.277Z,34.52,66.93

2026-08-23T06:57:23.275Z,34.53,66.96

2026-08-23T06:57:28.284Z,34.52,66.99

2026-08-23T06:57:33.295Z,34.52,66.94

2026-08-23T06:57:38.283Z,34.52,66.87

2026-08-23T06:57:43.284Z,34.54,66.83

2026-08-23T06:57:48.283Z,34.54,66.81

2026-08-23T06:57:53.282Z,34.55,66.79

2026-08-23T06:57:58.282Z,34.54,66.79

2026-08-23T06:58:03.294Z,34.52,66.85

2026-08-23T06:58:08.284Z,34.51,66.77

2026-08-23T06:58:13.286Z,34.54,66.87

2026-08-23T06:58:18.284Z,34.54,66.85

2026-08-23T06:58:23.287Z,34.52,66.91

2026-08-23T06:58:28.297Z,34.55,66.87

2026-08-23T06:58:33.309Z,34.52,66.97

2026-08-23T06:58:38.295Z,34.52,66.96

2026-08-23T06:58:43.296Z,34.53,67.03

2026-08-23T06:58:48.303Z,34.53,67.06

2026-08-23T06:58:53.313Z,34.53,67.04

2026-08-23T06:58:58.302Z,34.54,66.89

2026-08-23T06:59:03.305Z,34.54,66.77

2026-08-23T06:59:08.304Z,34.54,66.82

2026-08-23T06:59:13.304Z,34.54,66.8

2026-08-23T06:59:18.313Z,34.53,66.76

2026-08-23T06:59:23.325Z,34.54,66.85

2026-08-23T06:59:28.311Z,34.54,66.84

2026-08-23T06:59:33.312Z,34.52,66.84

2026-08-23T06:59:38.313Z,34.53,66.93

2026-08-23T06:59:43.312Z,34.52,66.92

2026-08-23T06:59:48.323Z,34.52,66.9

2026-08-23T06:59:53.334Z,34.51,66.99

2026-08-23T06:59:58.321Z,34.53,66.98

2026-08-23T07:00:03.320Z,34.52,66.98

2026-08-23T07:00:08.319Z,34.52,66.98

2026-08-23T07:00:13.320Z,34.52,66.97

2026-08-23T07:00:18.327Z,34.52,66.95

2026-08-23T07:00:23.336Z,34.51,66.99

2026-08-23T07:00:28.324Z,34.53,66.96

2026-08-23T07:00:33.325Z,34.51,67.04

2026-08-23T07:00:38.324Z,34.52,67.05

2026-08-23T07:00:43.325Z,34.51,67.1

2026-08-23T07:00:48.335Z,34.51,67.11

2026-08-23T07:00:53.346Z,34.52,67.14

2026-08-23T07:00:58.333Z,34.51,67.11

2026-08-23T07:01:03.334Z,34.52,67.12

2026-08-23T07:01:08.333Z,34.51,67.2

2026-08-23T07:01:13.334Z,34.52,67.22

2026-08-23T07:01:18.332Z,34.52,67.21

2026-08-23T07:01:23.348Z,34.52,67.22

2026-08-23T07:01:28.333Z,34.51,67.21

2026-08-23T07:01:33.336Z,34.53,67.24

2026-08-23T07:01:38.335Z,34.53,67.24

2026-08-23T07:01:43.333Z,34.52,67.24

2026-08-23T07:01:48.345Z,34.54,67.1

2026-08-23T07:01:53.354Z,34.52,67.1

2026-08-23T07:01:58.345Z,34.53,67.03

2026-08-23T07:02:03.348Z,34.53,67.01

2026-08-23T07:02:08.345Z,34.53,67.01

2026-08-23T07:02:13.347Z,34.52,67.06

2026-08-23T07:02:18.355Z,34.54,67.03

2026-08-23T07:02:23.375Z,34.5,66.99

2026-08-23T07:02:28.354Z,34.51,66.99

2026-08-23T07:02:33.357Z,34.52,67.12

2026-08-23T07:02:38.356Z,34.53,67.07

2026-08-23T07:02:43.355Z,34.53,67.1

2026-08-23T07:02:48.365Z,34.53,67.1

2026-08-23T07:02:53.375Z,34.52,67.1

2026-08-23T07:02:58.362Z,34.54,67.12

2026-08-23T07:03:03.364Z,34.51,67.08

2026-08-23T07:03:08.361Z,34.52,67.16

2026-08-23T07:03:13.364Z,34.5,67.17

2026-08-23T07:03:18.375Z,34.54,67.12

2026-08-23T07:03:23.386Z,34.52,67.15

2026-08-23T07:03:28.374Z,34.52,67.18

2026-08-23T07:03:33.374Z,34.54,67.12

2026-08-23T07:03:38.375Z,34.52,67.11

2026-08-23T07:03:43.375Z,34.52,67.1

2026-08-23T07:03:48.379Z,34.51,67.07

2026-08-23T07:03:53.389Z,34.52,67.12

2026-08-23T07:03:58.378Z,34.55,67.11

2026-08-23T07:04:03.377Z,34.53,67.1

2026-08-23T07:04:08.377Z,34.53,67.13

2026-08-23T07:04:13.379Z,34.54,67.09

2026-08-23T07:04:18.386Z,34.53,67.09

2026-08-23T07:04:23.395Z,34.52,67.23

2026-08-23T07:04:28.384Z,34.54,67.14

2026-08-23T07:04:33.386Z,34.53,67.21

2026-08-23T07:04:38.386Z,34.55,67.19

2026-08-23T07:04:43.384Z,34.55,67.18

2026-08-23T07:04:48.391Z,34.55,67.19

2026-08-23T07:04:53.401Z,34.53,67.15

2026-08-23T07:04:58.388Z,34.55,67.09

2026-08-23T07:05:03.388Z,34.54,67.05

2026-08-23T07:05:08.390Z,34.57,67.06

2026-08-23T07:05:13.389Z,34.54,67.05

2026-08-23T07:05:18.401Z,34.56,67.02

2026-08-23T07:05:23.408Z,34.56,67.08

2026-08-23T07:05:28.396Z,34.55,67.09

2026-08-23T07:05:33.398Z,34.55,67.04

2026-08-23T07:05:38.401Z,34.56,67.08

2026-08-23T07:05:43.401Z,34.56,67.12

2026-08-23T07:05:48.405Z,34.55,67.12

2026-08-23T07:05:53.413Z,34.54,67.12

2026-08-23T07:05:58.406Z,34.55,67.05

2026-08-23T07:06:03.407Z,34.57,67.06

2026-08-23T07:06:08.407Z,34.57,66.98

2026-08-23T07:06:13.406Z,34.56,66.95

2026-08-23T07:06:18.422Z,34.55,66.87

2026-08-23T07:06:23.436Z,34.56,66.88

2026-08-23T07:06:28.421Z,34.56,66.77

2026-08-23T07:06:33.423Z,34.55,66.84

2026-08-23T07:06:38.422Z,34.56,66.87

2026-08-23T07:06:43.424Z,34.56,66.83

2026-08-23T07:06:48.428Z,34.56,66.88

2026-08-23T07:06:53.440Z,34.56,66.9

2026-08-23T07:06:58.429Z,34.55,66.85

2026-08-23T07:07:03.432Z,34.57,66.66

2026-08-23T07:07:08.430Z,34.56,66.68

2026-08-23T07:07:13.430Z,34.59,66.66

2026-08-23T07:07:18.438Z,34.57,66.74

2026-08-23T07:07:23.447Z,34.55,66.72

2026-08-23T07:07:28.437Z,34.56,66.73

2026-08-23T07:07:33.438Z,34.55,66.6

2026-08-23T07:07:38.438Z,34.57,66.59

2026-08-23T07:07:43.441Z,34.57,66.54

2026-08-23T07:07:48.438Z,34.56,66.48

2026-08-23T07:07:53.453Z,34.57,66.54

2026-08-23T07:07:58.440Z,34.56,66.56

2026-08-23T07:08:03.442Z,34.59,66.55

2026-08-23T07:08:08.442Z,34.56,66.57

2026-08-23T07:08:13.442Z,34.55,66.58

2026-08-23T07:08:18.441Z,34.57,66.6

2026-08-23T07:08:23.453Z,34.57,66.61

2026-08-23T07:08:28.441Z,34.57,66.49

2026-08-23T07:08:33.442Z,34.57,66.48

2026-08-23T07:08:38.442Z,34.56,66.48

2026-08-23T07:08:43.460Z,34.57,66.54

2026-08-23T07:08:48.443Z,34.56,66.46

2026-08-23T07:08:53.443Z,34.56,66.47

2026-08-23T07:08:58.441Z,34.56,66.45

2026-08-23T07:09:03.444Z,34.57,66.44

2026-08-23T07:09:08.449Z,34.58,66.43

2026-08-23T07:09:13.458Z,34.56,66.49

2026-08-23T07:09:18.446Z,34.56,66.37

2026-08-23T07:09:23.452Z,34.54,66.42

2026-08-23T07:09:28.449Z,34.55,66.5

2026-08-23T07:09:33.448Z,34.55,66.5

2026-08-23T07:09:38.462Z,34.55,66.52

2026-08-23T07:09:43.481Z,34.56,66.6

2026-08-23T07:09:48.462Z,34.56,66.54

2026-08-23T07:09:53.463Z,34.54,66.55

2026-08-23T07:09:58.461Z,34.55,66.54

2026-08-23T07:10:03.463Z,34.58,66.59

2026-08-23T07:10:08.468Z,34.55,66.58

2026-08-23T07:10:13.477Z,34.55,66.61

2026-08-23T07:10:18.468Z,34.55,66.59

2026-08-23T07:10:23.467Z,34.54,66.62

2026-08-23T07:10:28.467Z,34.56,66.68

2026-08-23T07:10:33.467Z,34.56,66.71

2026-08-23T07:10:38.474Z,34.54,66.69

2026-08-23T07:10:43.483Z,34.57,66.68

2026-08-23T07:10:48.474Z,34.56,66.69

2026-08-23T07:10:53.475Z,34.55,66.66

2026-08-23T07:10:58.474Z,34.57,66.74

2026-08-23T07:11:03.474Z,34.56,66.73

2026-08-23T07:11:08.477Z,34.55,66.84

2026-08-23T07:11:13.488Z,34.56,66.88

2026-08-23T07:11:18.477Z,34.56,66.84

2026-08-23T07:11:23.478Z,34.55,66.82

2026-08-23T07:11:28.477Z,34.57,66.78

2026-08-23T07:11:33.479Z,34.54,66.81

2026-08-23T07:11:38.485Z,34.56,66.81

2026-08-23T07:11:43.496Z,34.55,66.77

2026-08-23T07:11:48.484Z,34.58,66.76

2026-08-23T07:11:53.485Z,34.54,66.81

2026-08-23T07:11:58.484Z,34.56,66.74

2026-08-23T07:12:03.485Z,34.55,66.67

2026-08-23T07:12:08.484Z,34.56,66.69

2026-08-23T07:12:13.497Z,34.55,66.69

2026-08-23T07:12:18.485Z,34.56,66.62

2026-08-23T07:12:23.484Z,34.53,66.6

2026-08-23T07:12:28.485Z,34.57,66.55

2026-08-23T07:12:33.485Z,34.57,66.53

2026-08-23T07:12:38.484Z,34.55,66.52

2026-08-23T07:12:43.497Z,34.55,66.59

2026-08-23T07:12:48.484Z,34.57,66.64

2026-08-23T07:12:53.485Z,34.55,66.52

2026-08-23T07:12:58.487Z,34.56,66.51

2026-08-23T07:13:03.486Z,34.56,66.48

2026-08-23T07:13:08.496Z,34.56,66.54

2026-08-23T07:13:13.517Z,34.54,66.58

2026-08-23T07:13:18.498Z,34.54,66.53

2026-08-23T07:13:23.497Z,34.54,66.5

2026-08-23T07:13:28.498Z,34.56,66.51

2026-08-23T07:13:33.497Z,34.53,66.56

2026-08-23T07:13:38.509Z,34.54,66.57

2026-08-23T07:13:43.521Z,34.53,66.6

2026-08-23T07:13:48.509Z,34.54,66.58

2026-08-23T07:13:53.508Z,34.53,66.55

2026-08-23T07:13:58.509Z,34.55,66.58

2026-08-23T07:14:03.509Z,34.54,66.47

2026-08-23T07:14:08.520Z,34.53,66.53

2026-08-23T07:14:13.532Z,34.54,66.49

2026-08-23T07:14:18.519Z,34.55,66.48

2026-08-23T07:14:23.520Z,34.54,66.57

2026-08-23T07:14:28.520Z,34.54,66.61

2026-08-23T07:14:33.522Z,34.52,66.67

2026-08-23T07:14:38.533Z,34.54,66.77

2026-08-23T07:14:43.545Z,34.54,66.77

2026-08-23T07:14:48.532Z,34.54,66.75

2026-08-23T07:14:53.532Z,34.51,66.75

2026-08-23T07:14:58.530Z,34.54,66.76

2026-08-23T07:15:03.533Z,34.51,66.65

2026-08-23T07:15:08.535Z,34.49,66.63

2026-08-23T07:15:13.549Z,34.5,66.59

2026-08-23T07:15:18.534Z,34.52,66.58

2026-08-23T07:15:23.534Z,34.5,66.58

2026-08-23T07:15:28.534Z,34.51,66.58

2026-08-23T07:15:33.535Z,34.51,66.63

2026-08-23T07:15:38.553Z,34.5,66.57

2026-08-23T07:15:43.565Z,34.51,66.65

2026-08-23T07:15:48.553Z,34.49,66.55

2026-08-23T07:15:53.555Z,34.51,66.52

2026-08-23T07:15:58.556Z,34.49,66.45

2026-08-23T07:16:03.557Z,34.49,66.5

2026-08-23T07:16:08.556Z,34.51,66.48

2026-08-23T07:16:13.572Z,34.5,66.56

2026-08-23T07:16:18.555Z,34.5,66.48

2026-08-23T07:16:23.557Z,34.51,66.53

2026-08-23T07:16:28.554Z,34.52,66.75

2026-08-23T07:16:33.556Z,34.5,66.93

2026-08-23T07:16:38.564Z,34.51,66.93

2026-08-23T07:16:43.573Z,34.52,67.03

2026-08-23T07:16:48.563Z,34.49,67.08

2026-08-23T07:16:53.565Z,34.5,66.98

2026-08-23T07:16:58.567Z,34.5,66.93

2026-08-23T07:17:03.567Z,34.47,66.76

2026-08-23T07:17:08.577Z,34.48,66.76

2026-08-23T07:17:13.590Z,34.47,66.72

2026-08-23T07:17:18.573Z,34.46,66.67

2026-08-23T07:17:23.574Z,34.47,66.71

2026-08-23T07:17:28.583Z,34.46,66.7

2026-08-23T07:17:33.596Z,34.46,66.71

2026-08-23T07:17:38.586Z,34.47,66.73

2026-08-23T07:17:43.584Z,34.45,66.75

2026-08-23T07:17:48.584Z,34.47,66.77

2026-08-23T07:17:53.584Z,34.46,66.86

2026-08-23T07:17:58.595Z,34.45,66.81

2026-08-23T07:18:03.607Z,34.44,66.85

2026-08-23T07:18:08.593Z,34.44,66.74

2026-08-23T07:18:13.596Z,34.45,66.8

2026-08-23T07:18:18.596Z,34.43,66.7

2026-08-23T07:18:23.595Z,34.42,66.74

2026-08-23T07:18:28.598Z,34.44,66.75

2026-08-23T07:18:33.606Z,34.43,66.84

2026-08-23T07:18:38.596Z,34.43,66.82

2026-08-23T07:18:43.596Z,34.44,66.81

2026-08-23T07:18:48.594Z,34.44,66.77

2026-08-23T07:18:53.598Z,34.43,66.77

2026-08-23T07:18:58.603Z,34.43,66.86

2026-08-23T07:19:03.612Z,34.44,66.86

2026-08-23T07:19:08.602Z,34.43,66.84

2026-08-23T07:19:13.601Z,34.44,66.91

2026-08-23T07:19:18.603Z,34.43,66.92

2026-08-23T07:19:23.603Z,34.42,66.88

2026-08-23T07:19:28.604Z,34.44,66.91

2026-08-23T07:19:33.616Z,34.45,66.86

2026-08-23T07:19:38.605Z,34.43,66.79

2026-08-23T07:19:43.604Z,34.45,66.78

2026-08-23T07:19:48.605Z,34.45,66.75

2026-08-23T07:19:53.608Z,34.45,66.79

2026-08-23T07:19:58.605Z,34.44,66.71

2026-08-23T07:20:03.621Z,34.45,66.73

2026-08-23T07:20:08.607Z,34.46,66.66

2026-08-23T07:20:13.605Z,34.45,66.61

2026-08-23T07:20:18.605Z,34.46,66.6

2026-08-23T07:20:23.609Z,34.45,66.63

2026-08-23T07:20:28.608Z,34.47,66.61

2026-08-23T07:20:33.617Z,34.47,66.56

2026-08-23T07:20:38.608Z,34.47,66.49

2026-08-23T07:20:43.609Z,34.46,66.45

2026-08-23T07:20:48.608Z,34.49,66.43

2026-08-23T07:20:53.614Z,34.48,66.57

2026-08-23T07:20:58.609Z,34.47,66.53

2026-08-23T07:21:03.622Z,34.48,66.64

2026-08-23T07:21:08.611Z,34.48,66.62

2026-08-23T07:21:13.613Z,34.47,66.75

2026-08-23T07:21:18.613Z,34.49,66.8

2026-08-23T07:21:23.612Z,34.48,66.8

2026-08-23T07:21:28.622Z,34.49,66.69

2026-08-23T07:21:33.635Z,34.5,66.71

2026-08-23T07:21:38.621Z,34.49,66.71

2026-08-23T07:21:43.623Z,34.49,66.72

2026-08-23T07:21:48.623Z,34.49,66.69

2026-08-23T07:21:53.624Z,34.5,66.74

2026-08-23T07:21:58.627Z,34.5,66.75

2026-08-23T07:22:03.637Z,34.51,66.74

2026-08-23T07:22:08.626Z,34.5,66.69

2026-08-23T07:22:13.629Z,34.51,66.72

2026-08-23T07:22:18.628Z,34.5,66.7

2026-08-23T07:22:23.629Z,34.49,66.7

2026-08-23T07:22:28.642Z,34.52,66.7

2026-08-23T07:22:33.653Z,34.51,66.75

2026-08-23T07:22:38.642Z,34.5,66.7

2026-08-23T07:22:43.640Z,34.51,66.76

2026-08-23T07:22:48.642Z,34.51,66.72

2026-08-23T07:22:53.643Z,34.53,66.77

2026-08-23T07:22:58.679Z,34.51,66.8

2026-08-23T07:23:03.679Z,34.5,66.91

2026-08-23T07:23:08.663Z,34.51,66.93

2026-08-23T07:23:13.664Z,34.5,66.97

2026-08-23T07:23:18.664Z,34.51,66.99

2026-08-23T07:23:23.665Z,34.52,67.05

2026-08-23T07:23:28.666Z,34.53,67.13

2026-08-23T07:23:33.680Z,34.51,67.14

2026-08-23T07:23:38.666Z,34.52,67.09

2026-08-23T07:23:43.667Z,34.5,67.12

2026-08-23T07:23:48.665Z,34.51,67.08

2026-08-23T07:23:53.665Z,34.51,67.13

2026-08-23T07:23:58.675Z,34.52,67.19

2026-08-23T07:24:03.683Z,34.5,67.21

2026-08-23T07:24:08.672Z,34.51,67.21

2026-08-23T07:24:13.672Z,34.52,67.26

2026-08-23T07:24:18.673Z,34.51,67.25

2026-08-23T07:24:23.674Z,34.52,67.22

2026-08-23T07:24:28.684Z,34.5,67.21

2026-08-23T07:24:33.690Z,34.51,67.23

2026-08-23T07:24:38.683Z,34.52,67.2

2026-08-23T07:24:43.684Z,34.52,67.32

2026-08-23T07:24:48.682Z,34.5,67.27

2026-08-23T07:24:53.684Z,34.5,67.29

2026-08-23T07:24:58.694Z,34.51,67.24

2026-08-23T07:25:03.705Z,34.5,67.32

2026-08-23T07:25:08.694Z,34.53,67.48

2026-08-23T07:25:13.694Z,34.52,67.45

2026-08-23T07:25:18.695Z,34.52,67.44

2026-08-23T07:25:23.697Z,34.51,67.47

2026-08-23T07:25:28.704Z,34.52,67.51

2026-08-23T07:25:33.717Z,34.5,67.44

2026-08-23T07:25:38.702Z,34.5,67.48

2026-08-23T07:25:43.701Z,34.51,67.49

2026-08-23T07:25:48.702Z,34.52,67.56

2026-08-23T07:25:53.713Z,34.5,67.54

2026-08-23T07:25:58.703Z,34.5,67.59

2026-08-23T07:26:03.704Z,34.5,67.59

2026-08-23T07:26:08.704Z,34.52,67.61

2026-08-23T07:26:13.706Z,34.51,67.57

2026-08-23T07:26:18.705Z,34.5,67.6

2026-08-23T07:26:23.721Z,34.51,67.66

2026-08-23T07:26:28.706Z,34.5,67.61

2026-08-23T07:26:33.706Z,34.52,67.6

2026-08-23T07:26:38.707Z,34.51,67.59

2026-08-23T07:26:43.707Z,34.51,67.51

2026-08-23T07:26:48.708Z,34.52,67.61

2026-08-23T07:26:53.718Z,34.51,67.54

2026-08-23T07:26:58.706Z,34.51,67.54

2026-08-23T07:27:03.707Z,34.52,67.53

2026-08-23T07:27:08.706Z,34.52,67.56

2026-08-23T07:27:13.709Z,34.5,67.52

2026-08-23T07:27:18.716Z,34.51,67.54

2026-08-23T07:27:23.726Z,34.51,67.58

2026-08-23T07:27:28.713Z,34.52,67.53

2026-08-23T07:27:33.716Z,34.52,67.59

2026-08-23T07:27:38.717Z,34.52,67.6

2026-08-23T07:27:43.717Z,34.51,67.66

2026-08-23T07:27:48.726Z,34.53,67.57

2026-08-23T07:27:53.738Z,34.53,67.63

2026-08-23T07:27:58.724Z,34.52,67.63

2026-08-23T07:28:03.725Z,34.52,67.62

2026-08-23T07:28:08.728Z,34.53,67.62

2026-08-23T07:28:13.723Z,34.52,67.59

2026-08-23T07:28:18.740Z,34.53,67.58

2026-08-23T07:28:23.758Z,34.51,67.64

2026-08-23T07:28:28.739Z,34.53,67.61

2026-08-23T07:28:33.739Z,34.53,67.61

2026-08-23T07:28:38.738Z,34.53,67.71

2026-08-23T07:28:43.739Z,34.52,67.77

2026-08-23T07:28:48.753Z,34.52,67.75

2026-08-23T07:28:53.762Z,34.52,67.77

2026-08-23T07:28:58.748Z,34.53,67.71

2026-08-23T07:29:03.749Z,34.54,67.67

2026-08-23T07:29:08.749Z,34.53,67.75

2026-08-23T07:29:13.750Z,34.53,67.85

2026-08-23T07:29:18.766Z,34.52,67.87

2026-08-23T07:29:23.776Z,34.52,67.96

2026-08-23T07:29:28.763Z,34.52,67.88

2026-08-23T07:29:33.764Z,34.52,67.92

2026-08-23T07:29:38.765Z,34.54,68

2026-08-23T07:29:43.767Z,34.52,68.13

2026-08-23T07:29:48.765Z,34.53,68.1

2026-08-23T07:29:53.784Z,34.53,68.17

2026-08-23T07:29:58.767Z,34.53,68.2

2026-08-23T07:30:03.768Z,34.53,68.22

2026-08-23T07:30:08.769Z,34.51,68.22

2026-08-23T07:30:13.768Z,34.52,68.2

2026-08-23T07:30:18.776Z,34.53,68.16

2026-08-23T07:30:23.787Z,34.54,68.22

2026-08-23T07:30:28.776Z,34.55,68.21

2026-08-23T07:30:33.777Z,34.5,68.23

2026-08-23T07:30:38.777Z,34.52,68.2

2026-08-23T07:30:43.779Z,34.51,68.23

2026-08-23T07:30:48.785Z,34.51,68.21

2026-08-23T07:30:53.794Z,34.52,68.22

2026-08-23T07:30:58.784Z,34.5,68.12

2026-08-23T07:31:03.784Z,34.49,68.14

2026-08-23T07:31:08.782Z,34.49,68.14

2026-08-23T07:31:13.785Z,34.51,68.16

2026-08-23T07:31:18.785Z,34.5,68.1

2026-08-23T07:31:23.799Z,34.5,68.11

2026-08-23T07:31:28.784Z,34.5,68.05

2026-08-23T07:31:33.786Z,34.49,68.18

2026-08-23T07:31:38.786Z,34.51,68.13

2026-08-23T07:31:43.791Z,34.5,68.19

2026-08-23T07:31:48.793Z,34.51,68.25

2026-08-23T07:31:53.802Z,34.5,68.26

2026-08-23T07:31:58.791Z,34.48,68.04

2026-08-23T07:32:03.792Z,34.49,68.02

2026-08-23T07:32:08.794Z,34.48,68.04

2026-08-23T07:32:13.792Z,34.49,68.02

2026-08-23T07:32:18.806Z,34.49,67.99

2026-08-23T07:32:23.815Z,34.5,67.98

2026-08-23T07:32:28.805Z,34.47,67.93

2026-08-23T07:32:33.807Z,34.47,67.93

2026-08-23T07:32:38.806Z,34.47,67.93

2026-08-23T07:32:43.807Z,34.47,67.91

2026-08-23T07:32:48.815Z,34.48,67.93

2026-08-23T07:32:53.828Z,34.47,67.97

2026-08-23T07:32:58.812Z,34.47,67.93

2026-08-23T07:33:03.815Z,34.47,67.95

2026-08-23T07:33:08.815Z,34.46,68.01

2026-08-23T07:33:13.815Z,34.47,68.02

2026-08-23T07:33:18.828Z,34.46,68

2026-08-23T07:33:23.838Z,34.45,67.98

2026-08-23T07:33:28.824Z,34.46,67.99

2026-08-23T07:33:33.825Z,34.45,67.93

2026-08-23T07:33:38.825Z,34.45,67.97

2026-08-23T07:33:43.825Z,34.43,67.96

2026-08-23T07:33:48.834Z,34.46,68.03

2026-08-23T07:33:53.845Z,34.44,68.03

2026-08-23T07:33:58.834Z,34.46,67.98

2026-08-23T07:34:03.833Z,34.44,67.95

2026-08-23T07:34:08.830Z,34.45,67.94

2026-08-23T07:34:13.835Z,34.46,67.9

2026-08-23T07:34:18.837Z,34.45,67.88

2026-08-23T07:34:23.851Z,34.46,67.93

2026-08-23T07:34:28.837Z,34.45,67.83

2026-08-23T07:34:33.838Z,34.46,67.67

2026-08-23T07:34:38.837Z,34.44,67.66

2026-08-23T07:34:43.840Z,34.44,67.68

2026-08-23T07:34:48.837Z,34.46,67.64

2026-08-23T07:34:53.851Z,34.46,67.66

2026-08-23T07:34:58.838Z,34.46,67.68

2026-08-23T07:35:03.840Z,34.46,67.73

2026-08-23T07:35:08.850Z,34.46,67.71

2026-08-23T07:35:13.863Z,34.46,67.74

2026-08-23T07:35:18.849Z,34.45,67.72

2026-08-23T07:35:23.851Z,34.48,67.82

2026-08-23T07:35:28.853Z,34.46,67.79

2026-08-23T07:35:33.850Z,34.47,67.79

2026-08-23T07:35:38.851Z,34.45,67.84

2026-08-23T07:35:43.869Z,34.47,67.9

2026-08-23T07:35:48.851Z,34.45,67.87

2026-08-23T07:35:53.852Z,34.45,67.82

2026-08-23T07:35:58.851Z,34.45,67.86

2026-08-23T07:36:03.854Z,34.46,67.82

2026-08-23T07:36:08.851Z,34.45,67.84

2026-08-23T07:36:13.870Z,34.45,67.94

2026-08-23T07:36:18.855Z,34.45,67.97

2026-08-23T07:36:23.856Z,34.46,67.92

2026-08-23T07:36:28.854Z,34.46,67.86

2026-08-23T07:36:33.857Z,34.45,68.03

2026-08-23T07:36:38.864Z,34.47,67.97

2026-08-23T07:36:43.875Z,34.47,68.04

2026-08-23T07:36:48.862Z,34.45,68.05

2026-08-23T07:36:53.865Z,34.47,68.09

2026-08-23T07:36:58.866Z,34.47,68.12

2026-08-23T07:37:03.865Z,34.45,68.14

2026-08-23T07:37:08.876Z,34.46,68.12

2026-08-23T07:37:13.886Z,34.45,68.1

2026-08-23T07:37:18.874Z,34.45,68.11

2026-08-23T07:37:23.873Z,34.45,68.06

2026-08-23T07:37:28.872Z,34.46,68.07

2026-08-23T07:37:33.874Z,34.44,68.03

2026-08-23T07:37:38.882Z,34.44,68.05

2026-08-23T07:37:43.893Z,34.42,68.08

2026-08-23T07:37:48.881Z,34.44,67.99

2026-08-23T07:37:53.882Z,34.44,67.94

2026-08-23T07:37:58.882Z,34.43,67.91

2026-08-23T07:38:03.880Z,34.43,67.82

2026-08-23T07:38:08.896Z,34.42,67.85

2026-08-23T07:38:13.906Z,34.42,67.83

2026-08-23T07:38:18.892Z,34.42,67.82

2026-08-23T07:38:23.893Z,34.41,67.8

2026-08-23T07:38:28.894Z,34.4,67.75

2026-08-23T07:38:33.894Z,34.43,67.77

2026-08-23T07:38:38.899Z,34.41,67.79

2026-08-23T07:38:43.908Z,34.39,67.9

2026-08-23T07:38:48.897Z,34.42,67.9

2026-08-23T07:38:53.899Z,34.4,68.01

2026-08-23T07:38:58.899Z,34.39,67.96

2026-08-23T07:39:03.900Z,34.4,68.01

2026-08-23T07:39:08.915Z,34.4,68.08

2026-08-23T07:39:13.923Z,34.41,68.08

2026-08-23T07:39:18.912Z,34.39,68.12

2026-08-23T07:39:23.917Z,34.4,68.11

2026-08-23T07:39:28.914Z,34.41,68.18

2026-08-23T07:39:33.914Z,34.4,68.15

2026-08-23T07:39:38.940Z,34.41,68.26

2026-08-23T07:39:43.950Z,34.39,68.32

2026-08-23T07:39:48.940Z,34.39,68.28

2026-08-23T07:39:53.940Z,34.38,68.23

2026-08-23T07:39:58.939Z,34.41,68.26

2026-08-23T07:40:03.941Z,34.4,68.27

2026-08-23T07:40:08.958Z,34.4,68.32

2026-08-23T07:40:13.951Z,34.41,68.35

2026-08-23T07:40:18.951Z,34.41,68.37

2026-08-23T07:40:23.952Z,34.41,68.41

2026-08-23T07:40:28.953Z,34.41,68.48

2026-08-23T07:40:33.965Z,34.4,68.52

2026-08-23T07:40:38.954Z,34.41,68.52

2026-08-23T07:40:43.955Z,34.41,68.51

2026-08-23T07:40:48.953Z,34.42,68.49

2026-08-23T07:40:53.966Z,34.41,68.52

2026-08-23T07:40:58.953Z,34.42,68.49

2026-08-23T07:41:03.953Z,34.4,68.38

2026-08-23T07:41:08.957Z,34.42,68.4

2026-08-23T07:41:13.970Z,34.42,68.4

2026-08-23T07:41:18.957Z,34.42,68.43

2026-08-23T07:41:23.958Z,34.42,68.34

2026-08-23T07:41:28.958Z,34.42,68.24

2026-08-23T07:41:33.958Z,34.41,68.23

2026-08-23T07:41:38.960Z,34.41,68.23

2026-08-23T07:41:43.972Z,34.42,68.16

2026-08-23T07:41:48.960Z,34.4,68.09

2026-08-23T07:41:53.959Z,34.4,68.05

2026-08-23T07:41:58.960Z,34.4,67.96

2026-08-23T07:42:03.960Z,34.42,68.05

2026-08-23T07:42:08.959Z,34.4,68.04

2026-08-23T07:42:13.975Z,34.39,68.05

2026-08-23T07:42:18.959Z,34.4,68.04

2026-08-23T07:42:23.960Z,34.41,68.02

2026-08-23T07:42:28.960Z,34.4,68

2026-08-23T07:42:33.961Z,34.4,68.04

2026-08-23T07:42:38.961Z,34.38,68.01

2026-08-23T07:42:43.981Z,34.38,68.16

2026-08-23T07:42:48.964Z,34.4,68.1

2026-08-23T07:42:53.964Z,34.38,68.07

2026-08-23T07:42:58.965Z,34.38,68.03

2026-08-23T07:43:03.961Z,34.38,68.09

2026-08-23T07:43:08.963Z,34.4,68.08

2026-08-23T07:43:13.979Z,34.38,68.09

2026-08-23T07:43:18.966Z,34.38,68.03

2026-08-23T07:43:23.967Z,34.37,68.06

2026-08-23T07:43:28.966Z,34.38,68.07

2026-08-23T07:43:33.968Z,34.38,68.12

2026-08-23T07:43:38.967Z,34.38,68.1

2026-08-23T07:43:43.982Z,34.37,68.09

2026-08-23T07:43:48.971Z,34.37,68.15

2026-08-23T07:43:53.969Z,34.35,68.16

2026-08-23T07:43:58.970Z,34.37,68.15

2026-08-23T07:44:03.970Z,34.36,68.13

2026-08-23T07:44:08.970Z,34.36,68.14

2026-08-23T07:44:13.984Z,34.34,68.15

2026-08-23T07:44:18.971Z,34.36,68.17

2026-08-23T07:44:23.972Z,34.33,68.13

2026-08-23T07:44:28.971Z,34.35,68.07

2026-08-23T07:44:33.973Z,34.34,68.18

2026-08-23T07:44:38.980Z,34.35,68.15

2026-08-23T07:44:43.996Z,34.32,68.2

2026-08-23T07:44:48.981Z,34.33,68.14

2026-08-23T07:44:53.982Z,34.34,68.16

2026-08-23T07:44:58.982Z,34.33,68.12

2026-08-23T07:45:03.982Z,34.31,68.11

2026-08-23T07:45:08.995Z,34.35,68.17

2026-08-23T07:45:14.006Z,34.34,68.1

2026-08-23T07:45:18.995Z,34.34,68.11

2026-08-23T07:45:23.995Z,34.33,68.09

2026-08-23T07:45:28.995Z,34.33,68.06

2026-08-23T07:45:33.995Z,34.33,68.1

2026-08-23T07:45:38.998Z,34.33,68.09

2026-08-23T07:45:44.008Z,34.31,68.08

2026-08-23T07:45:48.996Z,34.34,68.06

2026-08-23T07:45:53.999Z,34.32,68.05

2026-08-23T07:45:58.998Z,34.35,68.03

2026-08-23T07:46:04.001Z,34.33,68.09

2026-08-23T07:46:09.005Z,34.34,68.05

2026-08-23T07:46:14.019Z,34.33,68.04

2026-08-23T07:46:19.006Z,34.33,68

2026-08-23T07:46:24.005Z,34.33,68.04

2026-08-23T07:46:29.004Z,34.34,68.08

2026-08-23T07:46:34.007Z,34.33,68.08

2026-08-23T07:46:39.023Z,34.34,68.15

2026-08-23T07:46:44.033Z,34.35,68.17

2026-08-23T07:46:49.026Z,34.35,68.21

2026-08-23T07:46:54.022Z,34.36,68.29

2026-08-23T07:46:59.020Z,34.34,68.25

2026-08-23T07:47:04.023Z,34.34,68.25

2026-08-23T07:47:09.029Z,34.34,68.32

2026-08-23T07:47:14.044Z,34.33,68.31

2026-08-23T07:47:19.031Z,34.37,68.31

2026-08-23T07:47:24.031Z,34.36,68.36

2026-08-23T07:47:29.030Z,34.36,68.34

2026-08-23T07:47:34.031Z,34.37,68.29

2026-08-23T07:47:39.048Z,34.38,68.36

2026-08-23T07:47:44.065Z,34.36,68.46

2026-08-23T07:47:49.046Z,34.35,68.42

2026-08-23T07:47:54.047Z,34.37,68.53

2026-08-23T07:47:59.049Z,34.37,68.54

2026-08-23T07:48:04.049Z,34.37,68.54

2026-08-23T07:48:09.056Z,34.38,68.6

2026-08-23T07:48:14.071Z,34.37,68.59

2026-08-23T07:48:19.056Z,34.39,68.61

2026-08-23T07:48:24.056Z,34.39,68.6

2026-08-23T07:48:29.057Z,34.39,68.58

2026-08-23T07:48:34.058Z,34.4,68.68

2026-08-23T07:48:39.079Z,34.4,68.64

2026-08-23T07:48:44.090Z,34.39,68.64

2026-08-23T07:48:49.076Z,34.39,68.69

2026-08-23T07:48:54.075Z,34.4,68.65

2026-08-23T07:48:59.074Z,34.39,68.68

2026-08-23T07:49:04.076Z,34.4,68.65

2026-08-23T07:49:09.076Z,34.39,68.58

2026-08-23T07:49:14.085Z,34.38,68.61

2026-08-23T07:49:19.078Z,34.38,68.71

2026-08-23T07:49:24.077Z,34.37,68.55

2026-08-23T07:49:29.076Z,34.38,68.61

2026-08-23T07:49:34.077Z,34.38,68.58

2026-08-23T07:49:39.077Z,34.38,68.56

2026-08-23T07:49:44.088Z,34.37,68.54

2026-08-23T07:49:49.078Z,34.38,68.6

2026-08-23T07:49:54.078Z,34.37,68.58

2026-08-23T07:49:59.078Z,34.37,68.55

2026-08-23T07:50:04.079Z,34.36,68.55

2026-08-23T07:50:09.085Z,34.37,68.55

2026-08-23T07:50:14.078Z,34.38,68.57

2026-08-23T07:50:19.083Z,34.39,68.55

2026-08-23T07:50:24.093Z,34.4,68.58

2026-08-23T07:50:29.081Z,34.4,68.48

2026-08-23T07:50:34.081Z,34.37,68.43

2026-08-23T07:50:39.082Z,34.39,68.46

2026-08-23T07:50:44.085Z,34.37,68.41

2026-08-23T07:50:49.083Z,34.39,68.37

2026-08-23T07:50:54.096Z,34.38,68.43

2026-08-23T07:50:59.086Z,34.38,68.46

2026-08-23T07:51:04.086Z,34.38,68.47

2026-08-23T07:51:09.088Z,34.37,68.52

2026-08-23T07:51:14.089Z,34.38,68.47

2026-08-23T07:51:19.090Z,34.38,68.55

2026-08-23T07:51:24.099Z,34.35,68.57

2026-08-23T07:51:29.089Z,34.34,68.54

2026-08-23T07:51:34.089Z,34.36,68.58

2026-08-23T07:51:39.090Z,34.37,68.58

2026-08-23T07:51:44.092Z,34.35,68.56

2026-08-23T07:51:49.089Z,34.37,68.5

2026-08-23T07:51:54.103Z,34.36,68.53

2026-08-23T07:51:59.092Z,34.36,68.34

2026-08-23T07:52:04.092Z,34.36,68.31

2026-08-23T07:52:09.093Z,34.36,68.28

2026-08-23T07:52:14.091Z,34.37,68.29

2026-08-23T07:52:19.098Z,34.34,68.22

2026-08-23T07:52:24.109Z,34.36,68.32

2026-08-23T07:52:29.098Z,34.36,68.27

2026-08-23T07:52:34.097Z,34.36,68.26

2026-08-23T07:52:39.097Z,34.36,68.24

2026-08-23T07:52:44.099Z,34.35,68.21

2026-08-23T07:52:49.103Z,34.36,68.14

2026-08-23T07:52:54.114Z,34.35,68.15

2026-08-23T07:52:59.102Z,34.37,68.16

2026-08-23T07:53:04.101Z,34.35,68.2

2026-08-23T07:53:09.102Z,34.37,68.16

2026-08-23T07:53:14.104Z,34.36,68.16

2026-08-23T07:53:19.105Z,34.37,68.15

2026-08-23T07:53:24.120Z,34.36,68.19

2026-08-23T07:53:29.102Z,34.36,68.23

2026-08-23T07:53:34.104Z,34.36,68.21

2026-08-23T07:53:39.104Z,34.35,68.27

2026-08-23T07:53:44.104Z,34.35,68.22

2026-08-23T07:53:49.124Z,34.37,68.27

2026-08-23T07:53:54.135Z,34.37,68.27

2026-08-23T07:53:59.120Z,34.38,68.22

2026-08-23T07:54:04.122Z,34.37,68.18

2026-08-23T07:54:09.124Z,34.37,68.14

2026-08-23T07:54:14.124Z,34.36,68.09

2026-08-23T07:54:19.135Z,34.37,68.16

2026-08-23T07:54:24.152Z,34.36,68.23

2026-08-23T07:54:29.134Z,34.36,68.21

2026-08-23T07:54:34.135Z,34.35,68.27

2026-08-23T07:54:39.133Z,34.36,68.21

2026-08-23T07:54:44.136Z,34.36,68.29

2026-08-23T07:54:49.144Z,34.38,68.23

2026-08-23T07:54:54.156Z,34.38,68.26

2026-08-23T07:54:59.144Z,34.36,68.2

2026-08-23T07:55:04.144Z,34.36,68.18

2026-08-23T07:55:09.144Z,34.37,68.18

2026-08-23T07:55:14.144Z,34.39,68.23

2026-08-23T07:55:19.160Z,34.37,68.18

2026-08-23T07:55:24.169Z,34.38,68.23

2026-08-23T07:55:29.155Z,34.36,68.22

2026-08-23T07:55:34.158Z,34.38,68.22

2026-08-23T07:55:39.157Z,34.38,68.23

2026-08-23T07:55:44.158Z,34.37,68.27

2026-08-23T07:55:49.171Z,34.4,68.23

2026-08-23T07:55:54.180Z,34.36,68.22

2026-08-23T07:55:59.166Z,34.37,68.17

2026-08-23T07:56:04.167Z,34.38,68.15

2026-08-23T07:56:09.165Z,34.38,68.24

2026-08-23T07:56:14.170Z,34.38,68.26

2026-08-23T07:56:19.175Z,34.37,68.16

2026-08-23T07:56:24.188Z,34.37,68.2

2026-08-23T07:56:29.176Z,34.38,68.08

2026-08-23T07:56:34.176Z,34.37,68.07

2026-08-23T07:56:39.174Z,34.38,68.03

2026-08-23T07:56:44.175Z,34.38,68.1

2026-08-23T07:56:49.179Z,34.36,68.08

2026-08-23T07:56:54.190Z,34.36,68.13

2026-08-23T07:56:59.175Z,34.37,68.14

2026-08-23T07:57:04.178Z,34.37,68.23

2026-08-23T07:57:09.177Z,34.37,68.16

2026-08-23T07:57:14.176Z,34.39,68.16

2026-08-23T07:57:19.176Z,34.38,68.25

2026-08-23T07:57:24.186Z,34.36,68.24

2026-08-23T07:57:29.177Z,34.39,68.27

2026-08-23T07:57:34.178Z,34.39,68.16

2026-08-23T07:57:39.181Z,34.38,68.19

2026-08-23T07:57:44.181Z,34.38,68.19

2026-08-23T07:57:49.193Z,34.38,68.15

2026-08-23T07:57:54.209Z,34.38,68.16

2026-08-23T07:57:59.191Z,34.37,68.17

2026-08-23T07:58:04.195Z,34.38,68.16

2026-08-23T07:58:09.194Z,34.4,68.12

2026-08-23T07:58:14.194Z,34.4,68.16

2026-08-23T07:58:19.205Z,34.39,68.09

2026-08-23T07:58:24.216Z,34.4,68.12

2026-08-23T07:58:29.202Z,34.38,68.13

2026-08-23T07:58:34.202Z,34.39,68.17

2026-08-23T07:58:39.202Z,34.38,68.11

2026-08-23T07:58:44.203Z,34.39,68.07

2026-08-23T07:58:49.214Z,34.4,68.18

2026-08-23T07:58:54.226Z,34.39,68.18

2026-08-23T07:58:59.210Z,34.41,68.18

2026-08-23T07:59:04.212Z,34.4,68.21

2026-08-23T07:59:09.212Z,34.38,68.21

2026-08-23T07:59:14.214Z,34.4,68.23

2026-08-23T07:59:19.217Z,34.41,68.2

2026-08-23T07:59:24.230Z,34.4,68.29

2026-08-23T07:59:29.214Z,34.42,68.25

2026-08-23T07:59:34.217Z,34.41,68.26

2026-08-23T07:59:39.216Z,34.42,68.29

2026-08-23T07:59:44.215Z,34.41,68.28

2026-08-23T07:59:49.215Z,34.41,68.27

2026-08-23T07:59:54.229Z,34.42,68.3

2026-08-23T07:59:59.216Z,34.43,68.26

2026-08-23T08:00:04.215Z,34.42,68.3

2026-08-23T08:00:09.215Z,34.42,68.28

2026-08-23T08:00:14.217Z,34.41,68.26

2026-08-23T08:00:19.224Z,34.41,68.31

2026-08-23T08:00:24.238Z,34.39,68.31

2026-08-23T08:00:29.222Z,34.41,68.3

2026-08-23T08:00:34.222Z,34.42,68.29

2026-08-23T08:00:39.221Z,34.43,68.29

2026-08-23T08:00:44.223Z,34.4,68.2

2026-08-23T08:00:49.233Z,34.41,68.24

2026-08-23T08:00:54.241Z,34.41,68.24

2026-08-23T08:00:59.232Z,34.43,68.21

2026-08-23T08:01:04.231Z,34.41,68.21

2026-08-23T08:01:09.232Z,34.42,68.25

2026-08-23T08:01:14.234Z,34.42,68.28

2026-08-23T08:01:19.247Z,34.44,68.23

2026-08-23T08:01:24.257Z,34.42,68.27

2026-08-23T08:01:29.247Z,34.42,68.21

2026-08-23T08:01:34.248Z,34.43,68.21

2026-08-23T08:01:39.246Z,34.42,68.23

2026-08-23T08:01:44.252Z,34.43,68.16

2026-08-23T08:01:49.252Z,34.43,68.16

2026-08-23T08:01:54.262Z,34.4,68.05

2026-08-23T08:01:59.252Z,34.43,67.87

2026-08-23T08:02:04.253Z,34.42,67.58

2026-08-23T08:02:09.253Z,34.41,67.53

2026-08-23T08:02:14.253Z,34.44,67.56

2026-08-23T08:02:19.269Z,34.41,67.57

2026-08-23T08:02:24.280Z,34.4,67.67

2026-08-23T08:02:29.269Z,34.41,67.68

2026-08-23T08:02:34.269Z,34.41,67.66

2026-08-23T08:02:39.269Z,34.42,67.73

2026-08-23T08:02:44.280Z,34.41,67.76

2026-08-23T08:02:49.268Z,34.42,67.74

2026-08-23T08:02:54.269Z,34.43,67.71

2026-08-23T08:02:59.272Z,34.43,67.77

2026-08-23T08:03:04.270Z,34.44,67.77

2026-08-23T08:03:09.270Z,34.43,67.73

2026-08-23T08:03:14.284Z,34.44,67.73

2026-08-23T08:03:19.275Z,34.44,67.78

2026-08-23T08:03:24.274Z,34.44,67.69

2026-08-23T08:03:29.273Z,34.43,67.59

2026-08-23T08:03:34.275Z,34.41,67.61

2026-08-23T08:03:39.276Z,34.43,67.53

2026-08-23T08:03:44.287Z,34.44,67.44

2026-08-23T08:03:49.273Z,34.43,67.38

2026-08-23T08:03:54.273Z,34.43,67.44

2026-08-23T08:03:59.273Z,34.44,67.37

2026-08-23T08:04:04.274Z,34.43,67.41

2026-08-23T08:04:09.279Z,34.44,67.45

2026-08-23T08:04:14.291Z,34.43,67.47

2026-08-23T08:04:19.276Z,34.45,67.46

2026-08-23T08:04:24.278Z,34.44,67.44

2026-08-23T08:04:29.278Z,34.43,67.33

2026-08-23T08:04:34.280Z,34.43,67.28

2026-08-23T08:04:39.286Z,34.44,67.27

2026-08-23T08:04:44.294Z,34.44,67.28

2026-08-23T08:04:49.290Z,34.43,67.31

2026-08-23T08:04:54.287Z,34.45,67.29

2026-08-23T08:04:59.287Z,34.45,67.28

2026-08-23T08:05:04.288Z,34.45,67.18

2026-08-23T08:05:09.306Z,34.43,67.12

2026-08-23T08:05:14.331Z,34.44,67.1

2026-08-23T08:05:19.308Z,34.44,67.02

2026-08-23T08:05:24.307Z,34.43,67

2026-08-23T08:05:29.306Z,34.45,66.84

2026-08-23T08:05:34.308Z,34.43,66.77

2026-08-23T08:05:39.312Z,34.43,66.71

2026-08-23T08:05:44.326Z,34.43,66.75

2026-08-23T08:05:49.313Z,34.44,66.8

2026-08-23T08:05:54.314Z,34.43,66.76

2026-08-23T08:05:59.316Z,34.43,66.66

2026-08-23T08:06:04.314Z,34.45,66.64

2026-08-23T08:06:09.325Z,34.45,66.56

2026-08-23T08:06:14.333Z,34.44,66.61

2026-08-23T08:06:19.324Z,34.43,66.58

2026-08-23T08:06:24.325Z,34.44,66.59

2026-08-23T08:06:29.325Z,34.43,66.48

2026-08-23T08:06:34.326Z,34.45,66.49

2026-08-23T08:06:39.331Z,34.44,66.56

2026-08-23T08:06:44.346Z,34.44,66.6

2026-08-23T08:06:49.331Z,34.45,66.46

2026-08-23T08:06:54.331Z,34.45,66.45

2026-08-23T08:06:59.329Z,34.45,66.53

2026-08-23T08:07:04.331Z,34.46,66.42

2026-08-23T08:07:09.337Z,34.47,66.38

2026-08-23T08:07:14.347Z,34.45,66.42

2026-08-23T08:07:19.335Z,34.46,66.45

2026-08-23T08:07:24.335Z,34.47,66.49

2026-08-23T08:07:29.333Z,34.47,66.51

2026-08-23T08:07:34.335Z,34.46,66.56

2026-08-23T08:07:39.335Z,34.48,66.42

2026-08-23T08:07:44.348Z,34.46,66.29

2026-08-23T08:07:49.337Z,34.46,66.19

2026-08-23T08:07:54.337Z,34.48,66.21

2026-08-23T08:07:59.338Z,34.48,66.2

2026-08-23T08:08:04.339Z,34.47,66.15

2026-08-23T08:08:09.340Z,34.49,66.18

2026-08-23T08:08:14.356Z,34.48,66.2

2026-08-23T08:08:19.338Z,34.47,66.2

2026-08-23T08:08:24.338Z,34.49,66.21

2026-08-23T08:08:29.338Z,34.49,66.22

2026-08-23T08:08:34.341Z,34.46,66.21

2026-08-23T08:08:39.346Z,34.48,66.25

2026-08-23T08:08:44.353Z,34.49,66.25

2026-08-23T08:08:49.341Z,34.47,66.21

2026-08-23T08:08:54.347Z,34.48,66.27

2026-08-23T08:08:59.347Z,34.48,66.2

2026-08-23T08:09:04.344Z,34.48,66.21

2026-08-23T08:09:09.353Z,34.5,66.31

2026-08-23T08:09:14.364Z,34.49,66.26

2026-08-23T08:09:19.352Z,34.49,66.31

2026-08-23T08:09:24.353Z,34.5,66.27

2026-08-23T08:09:29.354Z,34.48,66.28

2026-08-23T08:09:34.355Z,34.48,66.34

2026-08-23T08:09:39.363Z,34.49,66.34

2026-08-23T08:09:44.373Z,34.5,66.31

2026-08-23T08:09:49.357Z,34.49,66.27

2026-08-23T08:09:54.362Z,34.48,66.21

2026-08-23T08:09:59.361Z,34.5,66.24

2026-08-23T08:10:04.362Z,34.48,66.28

2026-08-23T08:10:09.373Z,34.49,66.32

2026-08-23T08:10:14.385Z,34.5,66.29

2026-08-23T08:10:19.373Z,34.5,66.29

2026-08-23T08:10:24.373Z,34.49,66.26

2026-08-23T08:10:29.371Z,34.49,66.22

2026-08-23T08:10:34.372Z,34.5,66.26

2026-08-23T08:10:39.384Z,34.5,66.29

2026-08-23T08:10:44.395Z,34.49,66.27

2026-08-23T08:10:49.384Z,34.49,66.26

2026-08-23T08:10:54.385Z,34.51,66.31

2026-08-23T08:10:59.382Z,34.5,66.28

2026-08-23T08:11:04.385Z,34.5,66.27

2026-08-23T08:11:09.388Z,34.5,66.27

2026-08-23T08:11:14.400Z,34.48,66.31

2026-08-23T08:11:19.386Z,34.49,66.25

2026-08-23T08:11:24.387Z,34.49,66.33

2026-08-23T08:11:29.388Z,34.5,66.32

2026-08-23T08:11:34.385Z,34.5,66.28

2026-08-23T08:11:39.392Z,34.51,66.26

2026-08-23T08:11:44.404Z,34.5,66.33

2026-08-23T08:11:49.389Z,34.47,66.28

2026-08-23T08:11:54.389Z,34.51,66.22

2026-08-23T08:11:59.388Z,34.5,66.29

2026-08-23T08:12:04.390Z,34.5,66.26

2026-08-23T08:12:09.399Z,34.5,66.18

2026-08-23T08:12:14.407Z,34.51,66.23

2026-08-23T08:12:19.396Z,34.51,66.21

2026-08-23T08:12:24.399Z,34.52,66.25

2026-08-23T08:12:29.396Z,34.51,66.17

2026-08-23T08:12:34.396Z,34.52,66.21

2026-08-23T08:12:39.414Z,34.53,66.25

2026-08-23T08:12:44.428Z,34.51,66.3

2026-08-23T08:12:49.411Z,34.52,66.27

2026-08-23T08:12:54.411Z,34.53,66.24

2026-08-23T08:12:59.413Z,34.52,66.3

2026-08-23T08:13:04.414Z,34.53,66.34

2026-08-23T08:13:09.415Z,34.52,66.33

2026-08-23T08:13:14.425Z,34.52,66.38

2026-08-23T08:13:19.415Z,34.51,66.28

2026-08-23T08:13:24.414Z,34.51,66.31

2026-08-23T08:13:29.415Z,34.52,66.31

2026-08-23T08:13:34.416Z,34.5,66.36

2026-08-23T08:13:39.427Z,34.51,66.36

2026-08-23T08:13:44.442Z,34.52,66.43

2026-08-23T08:13:49.424Z,34.52,66.4

2026-08-23T08:13:54.424Z,34.52,66.37

2026-08-23T08:13:59.427Z,34.52,66.29

2026-08-23T08:14:04.426Z,34.53,66.32

2026-08-23T08:14:09.436Z,34.51,66.34

2026-08-23T08:14:14.442Z,34.53,66.36

2026-08-23T08:14:19.431Z,34.51,66.33

2026-08-23T08:14:24.435Z,34.54,66.36

2026-08-23T08:14:29.433Z,34.53,66.26

2026-08-23T08:14:34.433Z,34.52,66.27

2026-08-23T08:14:39.439Z,34.54,66.22

2026-08-23T08:14:44.445Z,34.52,66.28

2026-08-23T08:14:49.436Z,34.53,66.24

2026-08-23T08:14:54.435Z,34.53,66.27

2026-08-23T08:14:59.436Z,34.53,66.22

2026-08-23T08:15:04.436Z,34.54,66.27

2026-08-23T08:15:09.445Z,34.55,66.23

2026-08-23T08:15:14.453Z,34.53,66.32

2026-08-23T08:15:19.445Z,34.54,66.29

2026-08-23T08:15:24.444Z,34.53,66.29

2026-08-23T08:15:29.443Z,34.54,66.23

2026-08-23T08:15:34.458Z,34.53,66.27

2026-08-23T08:15:39.444Z,34.53,66.22

2026-08-23T08:15:44.444Z,34.55,66.17

2026-08-23T08:15:49.443Z,34.57,66.21

2026-08-23T08:15:54.467Z,34.53,66.22

2026-08-23T08:15:59.452Z,34.57,66.24

2026-08-23T08:16:04.452Z,34.56,66.22

2026-08-23T08:16:09.454Z,34.58,66.19

2026-08-23T08:16:14.454Z,34.56,66.25

2026-08-23T08:16:19.458Z,34.54,66.27

2026-08-23T08:16:24.471Z,34.55,66.26

2026-08-23T08:16:29.457Z,34.56,66.32

2026-08-23T08:16:34.454Z,34.56,66.3

2026-08-23T08:16:39.455Z,34.53,66.35

2026-08-23T08:16:44.456Z,34.53,66.31

2026-08-23T08:16:49.455Z,34.55,66.36

2026-08-23T08:16:54.468Z,34.55,66.34

2026-08-23T08:16:59.457Z,34.56,66.31

2026-08-23T08:17:04.457Z,34.55,66.35

2026-08-23T08:17:09.457Z,34.56,66.32

2026-08-23T08:17:14.458Z,34.54,66.33

2026-08-23T08:17:19.464Z,34.54,66.39

2026-08-23T08:17:24.475Z,34.54,66.33

2026-08-23T08:17:29.464Z,34.54,66.35

2026-08-23T08:17:34.463Z,34.56,66.33

2026-08-23T08:17:39.464Z,34.56,66.25

2026-08-23T08:17:44.464Z,34.53,66.27

2026-08-23T08:17:49.467Z,34.55,66.24

2026-08-23T08:17:54.476Z,34.54,66.22

2026-08-23T08:17:59.465Z,34.55,66.2

2026-08-23T08:18:04.464Z,34.56,66.33

2026-08-23T08:18:09.465Z,34.56,66.28

2026-08-23T08:18:14.464Z,34.56,66.35

2026-08-23T08:18:19.471Z,34.56,66.35

2026-08-23T08:18:24.482Z,34.55,66.42

2026-08-23T08:18:29.469Z,34.55,66.44

2026-08-23T08:18:34.470Z,34.56,66.41

2026-08-23T08:18:39.469Z,34.56,66.44

2026-08-23T08:18:44.470Z,34.54,66.36

2026-08-23T08:18:49.484Z,34.56,66.37

2026-08-23T08:18:54.496Z,34.58,66.42

2026-08-23T08:18:59.483Z,34.56,66.38

2026-08-23T08:19:04.483Z,34.57,66.33

2026-08-23T08:19:09.482Z,34.57,66.39

2026-08-23T08:19:14.483Z,34.57,66.39

2026-08-23T08:19:19.491Z,34.59,66.27

2026-08-23T08:19:24.499Z,34.59,66.28

2026-08-23T08:19:29.490Z,34.59,66.18

2026-08-23T08:19:34.488Z,34.57,66.23

2026-08-23T08:19:39.490Z,34.57,66.2

2026-08-23T08:19:44.491Z,34.58,66.15

2026-08-23T08:19:49.498Z,34.57,66.21

2026-08-23T08:19:54.516Z,34.57,66.15

2026-08-23T08:19:59.502Z,34.57,66.15

2026-08-23T08:20:04.502Z,34.57,66.11

2026-08-23T08:20:09.500Z,34.54,66.14

2026-08-23T08:20:14.501Z,34.56,66.15

2026-08-23T08:20:19.509Z,34.57,66.15

2026-08-23T08:20:24.523Z,34.57,66.28

2026-08-23T08:20:29.511Z,34.57,66.24

2026-08-23T08:20:34.510Z,34.57,66.2

2026-08-23T08:20:39.512Z,34.58,66.21

2026-08-23T08:20:44.510Z,34.59,66.17

2026-08-23T08:20:49.515Z,34.56,66.09

2026-08-23T08:20:54.528Z,34.55,66.12

2026-08-23T08:20:59.511Z,34.56,66.14

2026-08-23T08:21:04.513Z,34.56,66.09

2026-08-23T08:21:09.513Z,34.57,66.14

2026-08-23T08:21:14.516Z,34.55,66.15

2026-08-23T08:21:19.532Z,34.55,66.14

2026-08-23T08:21:24.543Z,34.57,66.19

2026-08-23T08:21:29.532Z,34.56,66.16

2026-08-23T08:21:34.534Z,34.56,66.15

2026-08-23T08:21:39.533Z,34.56,66.22

2026-08-23T08:21:44.536Z,34.56,66.18

2026-08-23T08:21:49.536Z,34.55,66.18

2026-08-23T08:21:54.551Z,34.57,66.13

2026-08-23T08:21:59.537Z,34.56,66.08

2026-08-23T08:22:04.536Z,34.56,66.07

2026-08-23T08:22:09.536Z,34.58,66.14

2026-08-23T08:22:14.537Z,34.59,66.21

2026-08-23T08:22:19.538Z,34.57,66.24

2026-08-23T08:22:24.549Z,34.56,66.32

2026-08-23T08:22:29.538Z,34.58,66.28

2026-08-23T08:22:34.539Z,34.58,66.14

2026-08-23T08:22:39.537Z,34.58,66.19

2026-08-23T08:22:44.540Z,34.58,66.25

2026-08-23T08:22:49.538Z,34.59,66.21

2026-08-23T08:22:54.551Z,34.57,66.29

2026-08-23T08:22:59.538Z,34.59,66.2

2026-08-23T08:23:04.541Z,34.58,66.17

2026-08-23T08:23:09.538Z,34.58,66.12

2026-08-23T08:23:14.539Z,34.58,66.05

2026-08-23T08:23:19.545Z,34.59,65.98

2026-08-23T08:23:24.555Z,34.59,66.02

2026-08-23T08:23:29.543Z,34.59,65.93

2026-08-23T08:23:34.547Z,34.59,65.84

2026-08-23T08:23:39.548Z,34.59,65.75

2026-08-23T08:23:44.547Z,34.59,65.77

2026-08-23T08:23:49.557Z,34.59,65.69

2026-08-23T08:23:54.568Z,34.59,65.8

2026-08-23T08:23:59.557Z,34.59,65.85

2026-08-23T08:24:04.558Z,34.6,65.83

2026-08-23T08:24:09.556Z,34.59,65.85

2026-08-23T08:24:14.559Z,34.59,65.79

2026-08-23T08:24:19.569Z,34.59,65.79

2026-08-23T08:24:24.577Z,34.59,65.8

2026-08-23T08:24:29.570Z,34.59,65.82

2026-08-23T08:24:34.570Z,34.59,65.84

2026-08-23T08:24:39.569Z,34.58,65.84

2026-08-23T08:24:44.571Z,34.59,65.82

2026-08-23T08:24:49.573Z,34.59,65.76

2026-08-23T08:24:54.589Z,34.58,65.89

2026-08-23T08:24:59.570Z,34.58,65.99

2026-08-23T08:25:04.572Z,34.59,66.12

2026-08-23T08:25:09.571Z,34.58,65.85

2026-08-23T08:25:14.573Z,34.6,65.83

2026-08-23T08:25:19.578Z,34.58,65.82

2026-08-23T08:25:24.586Z,34.59,65.69

2026-08-23T08:25:29.576Z,34.6,65.65

2026-08-23T08:25:34.576Z,34.61,65.6

2026-08-23T08:25:39.577Z,34.59,65.62

2026-08-23T08:25:44.578Z,34.61,65.56

2026-08-23T08:25:49.582Z,34.61,65.35

2026-08-23T08:25:54.589Z,34.6,65.28

2026-08-23T08:25:59.581Z,34.6,65.06

2026-08-23T08:26:04.582Z,34.6,65.04

2026-08-23T08:26:09.581Z,34.59,65.05

2026-08-23T08:26:14.584Z,34.6,65.07

2026-08-23T08:26:19.585Z,34.59,65.01

2026-08-23T08:26:24.596Z,34.59,65.07

2026-08-23T08:26:29.585Z,34.6,64.98

2026-08-23T08:26:34.584Z,34.6,64.95

2026-08-23T08:26:39.585Z,34.59,65.01

2026-08-23T08:26:44.587Z,34.61,64.89

2026-08-23T08:26:49.585Z,34.6,64.85

2026-08-23T08:26:54.598Z,34.62,64.85

2026-08-23T08:26:59.588Z,34.61,64.88

2026-08-23T08:27:04.588Z,34.6,65.03

2026-08-23T08:27:09.586Z,34.61,64.97

2026-08-23T08:27:14.590Z,34.6,64.96

2026-08-23T08:27:19.596Z,34.62,64.97

2026-08-23T08:27:24.608Z,34.6,65.04

2026-08-23T08:27:29.596Z,34.62,65.07

2026-08-23T08:27:34.597Z,34.6,65.14

2026-08-23T08:27:39.597Z,34.6,65.09

2026-08-23T08:27:44.598Z,34.59,65.05

2026-08-23T08:27:49.614Z,34.6,64.98

2026-08-23T08:27:54.625Z,34.6,64.97

2026-08-23T08:27:59.613Z,34.62,65

2026-08-23T08:28:04.612Z,34.62,64.93

2026-08-23T08:28:09.612Z,34.6,65

2026-08-23T08:28:14.614Z,34.61,65.07

2026-08-23T08:28:19.628Z,34.61,65.25

2026-08-23T08:28:24.640Z,34.61,65.31

2026-08-23T08:28:29.627Z,34.61,65.31

2026-08-23T08:28:34.628Z,34.6,65.32

2026-08-23T08:28:39.628Z,34.61,65.34

2026-08-23T08:28:44.628Z,34.6,65.29

2026-08-23T08:28:49.635Z,34.59,65.36

2026-08-23T08:28:54.647Z,34.59,65.36

2026-08-23T08:28:59.635Z,34.59,65.36

2026-08-23T08:29:04.637Z,34.59,65.37

2026-08-23T08:29:09.635Z,34.58,65.46

2026-08-23T08:29:14.638Z,34.6,65.49

2026-08-23T08:29:19.644Z,34.57,65.44

2026-08-23T08:29:24.652Z,34.58,65.35

2026-08-23T08:29:29.641Z,34.58,65.5

2026-08-23T08:29:34.641Z,34.58,65.49

2026-08-23T08:29:39.641Z,34.58,65.51

2026-08-23T08:29:44.642Z,34.58,65.54

2026-08-23T08:29:49.653Z,34.58,65.57

2026-08-23T08:29:54.662Z,34.58,65.56

2026-08-23T08:29:59.649Z,34.57,65.56

2026-08-23T08:30:04.649Z,34.57,65.54

2026-08-23T08:30:09.649Z,34.57,65.61

2026-08-23T08:30:14.651Z,34.56,65.58

2026-08-23T08:30:19.649Z,34.56,65.57

2026-08-23T08:30:24.663Z,34.55,65.73

2026-08-23T08:30:29.651Z,34.57,65.75

2026-08-23T08:30:34.652Z,34.55,65.71

2026-08-23T08:30:39.651Z,34.55,65.77

2026-08-23T08:30:44.663Z,34.56,65.83

2026-08-23T08:30:49.652Z,34.56,65.76

2026-08-23T08:30:54.655Z,34.53,65.76

2026-08-23T08:30:59.653Z,34.53,65.76

2026-08-23T08:31:04.654Z,34.54,65.74

2026-08-23T08:31:09.654Z,34.54,65.76

2026-08-23T08:31:14.672Z,34.53,65.75

2026-08-23T08:31:19.656Z,34.52,65.8

2026-08-23T08:31:24.654Z,34.54,65.8

2026-08-23T08:31:29.653Z,34.54,65.78

2026-08-23T08:31:34.654Z,34.54,65.8

2026-08-23T08:31:39.663Z,34.53,65.82

2026-08-23T08:31:44.677Z,34.53,65.91

2026-08-23T08:31:49.662Z,34.54,65.87

2026-08-23T08:31:54.664Z,34.52,65.89

2026-08-23T08:31:59.664Z,34.54,65.85

2026-08-23T08:32:04.665Z,34.52,65.9

2026-08-23T08:32:09.667Z,34.54,65.84

2026-08-23T08:32:14.681Z,34.52,65.91

2026-08-23T08:32:19.669Z,34.53,65.8

2026-08-23T08:32:24.666Z,34.56,65.88

2026-08-23T08:32:29.667Z,34.53,65.83

2026-08-23T08:32:34.667Z,34.53,65.84

2026-08-23T08:32:39.676Z,34.53,65.89

2026-08-23T08:32:44.691Z,34.53,66

2026-08-23T08:32:49.678Z,34.53,66

2026-08-23T08:32:54.678Z,34.51,65.97

2026-08-23T08:32:59.678Z,34.54,66.06

2026-08-23T08:33:04.678Z,34.53,66.02

2026-08-23T08:33:09.686Z,34.52,65.97

2026-08-23T08:33:14.698Z,34.52,66.01

2026-08-23T08:33:19.685Z,34.51,65.99

2026-08-23T08:33:24.687Z,34.52,66.01

2026-08-23T08:33:29.687Z,34.51,66.01

2026-08-23T08:33:34.688Z,34.52,66.04

2026-08-23T08:33:39.696Z,34.5,66.04

2026-08-23T08:33:44.707Z,34.52,66.03

2026-08-23T08:33:49.694Z,34.52,66.01

2026-08-23T08:33:54.693Z,34.5,66.01

2026-08-23T08:33:59.695Z,34.52,66.1

2026-08-23T08:34:04.696Z,34.52,66.04

2026-08-23T08:34:09.698Z,34.51,65.98

2026-08-23T08:34:14.709Z,34.52,66.05

2026-08-23T08:34:19.697Z,34.53,66.03

2026-08-23T08:34:24.696Z,34.53,66.08

2026-08-23T08:34:29.697Z,34.55,66.04

2026-08-23T08:34:34.698Z,34.52,66

2026-08-23T08:34:39.709Z,34.54,65.99

2026-08-23T08:34:44.722Z,34.52,66.1

2026-08-23T08:34:49.708Z,34.53,66.07

2026-08-23T08:34:54.708Z,34.53,66.11

2026-08-23T08:34:59.706Z,34.54,66.11

2026-08-23T08:35:04.707Z,34.53,66.15

2026-08-23T08:35:09.719Z,34.55,66.14

2026-08-23T08:35:14.732Z,34.53,66.29

2026-08-23T08:35:19.719Z,34.52,66.24

2026-08-23T08:35:24.721Z,34.54,66.27

2026-08-23T08:35:29.721Z,34.55,66.26

2026-08-23T08:35:34.722Z,34.56,66.27

2026-08-23T08:35:39.728Z,34.54,66.21

2026-08-23T08:35:44.738Z,34.54,66.31

2026-08-23T08:35:49.726Z,34.54,66.26

2026-08-23T08:35:54.724Z,34.54,66.19

2026-08-23T08:35:59.726Z,34.55,66.14

2026-08-23T08:36:04.724Z,34.53,66.13

2026-08-23T08:36:09.737Z,34.56,66.2

2026-08-23T08:36:14.750Z,34.54,66.19

2026-08-23T08:36:19.737Z,34.54,66.08

2026-08-23T08:36:24.737Z,34.55,66.07

2026-08-23T08:36:29.739Z,34.55,66.01

2026-08-23T08:36:34.738Z,34.55,66.02

2026-08-23T08:36:39.745Z,34.56,66.02

2026-08-23T08:36:44.759Z,34.54,66.03

2026-08-23T08:36:49.744Z,34.55,66.02

2026-08-23T08:36:54.744Z,34.54,66.01

2026-08-23T08:36:59.743Z,34.55,66.05

2026-08-23T08:37:04.747Z,34.54,66.04

2026-08-23T08:37:09.756Z,34.56,66.1

2026-08-23T08:37:14.770Z,34.55,66.03

2026-08-23T08:37:19.757Z,34.56,66.05

2026-08-23T08:37:24.755Z,34.54,66.06

2026-08-23T08:37:29.755Z,34.56,66.07

2026-08-23T08:37:34.756Z,34.53,66.04

2026-08-23T08:37:39.758Z,34.54,66.11

2026-08-23T08:37:44.773Z,34.53,66.15

2026-08-23T08:37:49.757Z,34.53,66.19

2026-08-23T08:37:54.758Z,34.55,66.22

2026-08-23T08:37:59.759Z,34.54,66.19

2026-08-23T08:38:04.760Z,34.54,66.21

2026-08-23T08:38:09.771Z,34.54,66.21

2026-08-23T08:38:14.780Z,34.54,66.24

2026-08-23T08:38:19.770Z,34.55,66.17

2026-08-23T08:38:24.771Z,34.52,66.18

2026-08-23T08:38:29.771Z,34.53,66.14

2026-08-23T08:38:34.772Z,34.54,66.09

2026-08-23T08:38:39.787Z,34.55,66.03

2026-08-23T08:38:44.799Z,34.52,66.17

2026-08-23T08:38:49.783Z,34.53,66.08

2026-08-23T08:38:54.786Z,34.53,66.14

2026-08-23T08:38:59.783Z,34.54,66.2

2026-08-23T08:39:04.786Z,34.49,66.16

2026-08-23T08:39:09.795Z,34.51,66.15

2026-08-23T08:39:14.806Z,34.5,66.15

2026-08-23T08:39:19.795Z,34.5,66.2

2026-08-23T08:39:24.796Z,34.48,66.15

2026-08-23T08:39:29.794Z,34.47,66.08

2026-08-23T08:39:34.795Z,34.46,66.07

2026-08-23T08:39:39.807Z,34.47,66.1

2026-08-23T08:39:44.818Z,34.44,66.14

2026-08-23T08:39:49.805Z,34.45,66.23

2026-08-23T08:39:54.806Z,34.43,66.25

2026-08-23T08:39:59.806Z,34.41,66.22

2026-08-23T08:40:04.808Z,34.42,66.33

2026-08-23T08:40:09.813Z,34.41,66.36

2026-08-23T08:40:14.824Z,34.4,66.3

2026-08-23T08:40:19.813Z,34.4,66.26

2026-08-23T08:40:24.815Z,34.39,66.25

2026-08-23T08:40:29.813Z,34.39,66.32

2026-08-23T08:40:34.813Z,34.37,66.4

2026-08-23T08:40:39.819Z,34.36,66.38

2026-08-23T08:40:44.830Z,34.35,66.46

2026-08-23T08:40:49.819Z,34.39,66.42

2026-08-23T08:40:54.821Z,34.36,66.44

2026-08-23T08:40:59.819Z,34.37,66.41

2026-08-23T08:41:04.820Z,34.35,66.49

2026-08-23T08:41:09.820Z,34.34,66.42

2026-08-23T08:41:14.832Z,34.36,66.48

2026-08-23T08:41:19.820Z,34.35,66.54

2026-08-23T08:41:24.820Z,34.35,66.56

2026-08-23T08:41:29.819Z,34.35,66.53

2026-08-23T08:41:34.820Z,34.36,66.4

2026-08-23T08:41:39.820Z,34.35,66.49

2026-08-23T08:41:44.831Z,34.32,66.55

2026-08-23T08:41:49.819Z,34.32,66.6

2026-08-23T08:41:54.822Z,34.32,66.58

2026-08-23T08:41:59.823Z,34.33,66.58

2026-08-23T08:42:04.825Z,34.32,66.56

2026-08-23T08:42:09.828Z,34.34,66.56

2026-08-23T08:42:14.833Z,34.33,66.58

2026-08-23T08:42:19.829Z,34.34,66.49

2026-08-23T08:42:24.825Z,34.33,66.52

2026-08-23T08:42:29.826Z,34.33,66.59

2026-08-23T08:42:34.827Z,34.34,66.58

2026-08-23T08:42:39.834Z,34.32,66.63

2026-08-23T08:42:44.850Z,34.32,66.67

2026-08-23T08:42:49.833Z,34.32,66.66

2026-08-23T08:42:54.835Z,34.33,66.7

2026-08-23T08:42:59.836Z,34.33,66.61

2026-08-23T08:43:04.836Z,34.34,66.64

2026-08-23T08:43:09.840Z,34.33,66.55

2026-08-23T08:43:14.858Z,34.33,66.63

2026-08-23T08:43:19.841Z,34.36,66.59

2026-08-23T08:43:24.842Z,34.34,66.57

2026-08-23T08:43:29.841Z,34.35,66.61

2026-08-23T08:43:34.841Z,34.35,66.66

2026-08-23T08:43:39.854Z,34.34,66.59

2026-08-23T08:43:44.866Z,34.34,66.62

2026-08-23T08:43:49.854Z,34.36,66.61

2026-08-23T08:43:54.855Z,34.35,66.68

2026-08-23T08:43:59.856Z,34.34,66.65

2026-08-23T08:44:04.859Z,34.36,66.71

2026-08-23T08:44:09.858Z,34.36,66.67

2026-08-23T08:44:14.873Z,34.35,66.71

2026-08-23T08:44:19.858Z,34.35,66.57

2026-08-23T08:44:24.859Z,34.34,66.34

2026-08-23T08:44:29.858Z,34.35,66.2

2026-08-23T08:44:34.860Z,34.33,66.19

2026-08-23T08:44:39.860Z,34.32,66.16

2026-08-23T08:44:44.872Z,34.35,66.23

2026-08-23T08:44:49.861Z,34.34,66.21

2026-08-23T08:44:54.861Z,34.35,66.21

2026-08-23T08:44:59.861Z,34.34,66.21

2026-08-23T08:45:04.863Z,34.33,66.24

2026-08-23T08:45:09.864Z,34.35,66.24

2026-08-23T08:45:14.880Z,34.34,66.17

2026-08-23T08:45:19.862Z,34.33,66.13

2026-08-23T08:45:24.863Z,34.33,66.12

2026-08-23T08:45:29.862Z,34.33,66.08

2026-08-23T08:45:34.862Z,34.35,66.06

2026-08-23T08:45:39.879Z,34.33,66.09

2026-08-23T08:45:44.892Z,34.35,66.2

2026-08-23T08:45:49.879Z,34.34,66.17

2026-08-23T08:45:54.879Z,34.34,66.2

2026-08-23T08:45:59.881Z,34.36,66.17

2026-08-23T08:46:04.882Z,34.34,66.2

2026-08-23T08:46:09.892Z,34.35,66.27

2026-08-23T08:46:14.904Z,34.35,66.22

2026-08-23T08:46:19.892Z,34.34,66.23

2026-08-23T08:46:24.892Z,34.35,66.27

2026-08-23T08:46:29.892Z,34.36,66.29

2026-08-23T08:46:34.893Z,34.36,66.29

2026-08-23T08:46:39.899Z,34.36,66.31

2026-08-23T08:46:44.911Z,34.36,66.34

2026-08-23T08:46:49.899Z,34.35,66.32

2026-08-23T08:46:54.899Z,34.35,66.34

2026-08-23T08:46:59.915Z,34.34,66.3

2026-08-23T08:47:04.926Z,34.33,66.31

2026-08-23T08:47:09.913Z,34.34,66.26

2026-08-23T08:47:14.915Z,34.36,66.27

2026-08-23T08:47:19.915Z,34.35,66.29

2026-08-23T08:47:24.916Z,34.35,66.38

2026-08-23T08:47:29.920Z,34.35,66.31

2026-08-23T08:47:34.931Z,34.34,66.41

2026-08-23T08:47:39.921Z,34.36,66.43

2026-08-23T08:47:44.922Z,34.35,66.39

2026-08-23T08:47:49.921Z,34.36,66.43

2026-08-23T08:47:54.922Z,34.36,66.45

2026-08-23T08:47:59.922Z,34.35,66.55

2026-08-23T08:48:04.935Z,34.36,66.56

2026-08-23T08:48:09.921Z,34.33,66.56

2026-08-23T08:48:14.922Z,34.35,66.56

2026-08-23T08:48:19.922Z,34.35,66.53

2026-08-23T08:48:24.923Z,34.35,66.6

2026-08-23T08:48:29.922Z,34.36,66.61

2026-08-23T08:48:34.932Z,34.34,66.57

2026-08-23T08:48:39.922Z,34.34,66.48

2026-08-23T08:48:44.924Z,34.37,66.47

2026-08-23T08:48:49.924Z,34.35,66.47

2026-08-23T08:48:54.923Z,34.33,66.5

2026-08-23T08:48:59.926Z,34.35,66.52

2026-08-23T08:49:04.935Z,34.35,66.6

2026-08-23T08:49:09.924Z,34.36,66.56

2026-08-23T08:49:14.924Z,34.37,66.58

2026-08-23T08:49:19.925Z,34.37,66.59

2026-08-23T08:49:24.925Z,34.36,66.58

2026-08-23T08:49:29.942Z,34.37,66.64

2026-08-23T08:49:34.948Z,34.37,66.61

2026-08-23T08:49:39.939Z,34.37,66.56

2026-08-23T08:49:44.943Z,34.36,66.58

2026-08-23T08:49:49.941Z,34.38,66.6

2026-08-23T08:49:54.941Z,34.38,66.59

2026-08-23T08:49:59.944Z,34.4,66.61

2026-08-23T08:50:04.957Z,34.39,66.66

2026-08-23T08:50:09.944Z,34.39,66.62

2026-08-23T08:50:14.945Z,34.38,66.6

2026-08-23T08:50:19.945Z,34.38,66.66

2026-08-23T08:50:24.947Z,34.37,66.62

2026-08-23T08:50:29.956Z,34.38,66.66

2026-08-23T08:50:34.967Z,34.36,66.64

2026-08-23T08:50:39.956Z,34.35,66.6

2026-08-23T08:50:44.956Z,34.36,66.54

2026-08-23T08:50:49.956Z,34.37,66.62

2026-08-23T08:50:54.957Z,34.36,66.6

2026-08-23T08:50:59.968Z,34.37,66.55

2026-08-23T08:51:04.980Z,34.38,66.63

2026-08-23T08:51:09.968Z,34.37,66.6

2026-08-23T08:51:14.967Z,34.38,66.62

2026-08-23T08:51:19.966Z,34.35,66.56

2026-08-23T08:51:24.967Z,34.37,66.52

2026-08-23T08:51:29.975Z,34.37,66.51

2026-08-23T08:51:34.987Z,34.36,66.58

2026-08-23T08:51:39.974Z,34.36,66.49

2026-08-23T08:51:44.976Z,34.36,66.51

2026-08-23T08:51:49.976Z,34.35,66.54

2026-08-23T08:51:54.976Z,34.37,66.52

2026-08-23T08:51:59.977Z,34.36,66.48

2026-08-23T08:52:04.989Z,34.35,66.54

2026-08-23T08:52:09.977Z,34.33,66.55

2026-08-23T08:52:14.977Z,34.34,66.53

2026-08-23T08:52:19.976Z,34.34,66.53

2026-08-23T08:52:24.974Z,34.35,66.6

2026-08-23T08:52:29.983Z,34.34,66.58

2026-08-23T08:52:34.993Z,34.36,66.62

2026-08-23T08:52:39.984Z,34.35,66.61

2026-08-23T08:52:44.984Z,34.35,66.65

2026-08-23T08:52:49.984Z,34.35,66.68

2026-08-23T08:52:54.985Z,34.34,66.73

2026-08-23T08:53:00.000Z,34.34,66.77

2026-08-23T08:53:05.009Z,34.33,66.76

2026-08-23T08:53:09.997Z,34.33,66.8

2026-08-23T08:53:15.002Z,34.33,66.76

2026-08-23T08:53:20.005Z,34.33,66.79

2026-08-23T08:53:25.027Z,34.34,66.83

2026-08-23T08:53:30.004Z,34.35,66.79

2026-08-23T08:53:35.007Z,34.34,66.76

2026-08-23T08:53:40.007Z,34.34,66.77

2026-08-23T08:53:45.008Z,34.34,66.79

2026-08-23T08:53:50.016Z,34.36,66.76

2026-08-23T08:53:55.026Z,34.34,66.81

2026-08-23T08:54:00.015Z,34.34,66.8

2026-08-23T08:54:05.016Z,34.36,66.86

2026-08-23T08:54:10.016Z,34.33,66.82

2026-08-23T08:54:15.017Z,34.35,66.86

2026-08-23T08:54:20.029Z,34.35,66.9

2026-08-23T08:54:25.039Z,34.35,66.96

2026-08-23T08:54:30.028Z,34.33,66.91

2026-08-23T08:54:35.028Z,34.35,66.86

2026-08-23T08:54:40.027Z,34.35,66.89

2026-08-23T08:54:45.028Z,34.32,67

2026-08-23T08:54:50.044Z,34.35,66.99

2026-08-23T08:54:55.053Z,34.32,66.96

2026-08-23T08:55:00.041Z,34.33,66.98

2026-08-23T08:55:05.043Z,34.34,66.94

2026-08-23T08:55:10.045Z,34.34,66.98

2026-08-23T08:55:15.045Z,34.32,66.99

2026-08-23T08:55:20.044Z,34.37,67

2026-08-23T08:55:25.056Z,34.34,67.03

2026-08-23T08:55:30.044Z,34.35,67

2026-08-23T08:55:35.045Z,34.35,67

2026-08-23T08:55:40.046Z,34.34,66.98

2026-08-23T08:55:45.046Z,34.33,66.97

2026-08-23T08:55:50.046Z,34.35,66.94

2026-08-23T08:55:55.059Z,34.33,66.94

2026-08-23T08:56:00.046Z,34.33,66.91

2026-08-23T08:56:05.050Z,34.34,66.89

2026-08-23T08:56:10.048Z,34.33,66.92

2026-08-23T08:56:15.046Z,34.33,66.89

2026-08-23T08:56:20.048Z,34.34,66.87

2026-08-23T08:56:25.059Z,34.33,66.93

2026-08-23T08:56:30.050Z,34.34,66.91

2026-08-23T08:56:35.047Z,34.34,66.83

2026-08-23T08:56:40.048Z,34.33,66.85

2026-08-23T08:56:45.049Z,34.35,66.83

2026-08-23T08:56:50.051Z,34.34,66.72

2026-08-23T08:56:55.071Z,34.33,66.87

2026-08-23T08:57:00.052Z,34.35,66.79

2026-08-23T08:57:05.053Z,34.35,66.77

2026-08-23T08:57:10.053Z,34.33,66.79

2026-08-23T08:57:15.067Z,34.34,66.78

2026-08-23T08:57:20.051Z,34.33,66.7

2026-08-23T08:57:25.053Z,34.34,66.75

2026-08-23T08:57:30.052Z,34.35,66.67

2026-08-23T08:57:35.052Z,34.35,66.68

2026-08-23T08:57:40.054Z,34.34,66.75

2026-08-23T08:57:45.063Z,34.34,66.77

2026-08-23T08:57:50.053Z,34.35,66.7

2026-08-23T08:57:55.054Z,34.35,66.66

2026-08-23T08:58:00.054Z,34.35,66.76

2026-08-23T08:58:05.054Z,34.35,66.71

2026-08-23T08:58:10.064Z,34.34,66.69

2026-08-23T08:58:15.074Z,34.33,66.76

2026-08-23T08:58:20.063Z,34.33,66.74

2026-08-23T08:58:25.063Z,34.33,66.74

2026-08-23T08:58:30.063Z,34.34,66.73

2026-08-23T08:58:35.065Z,34.33,66.77

2026-08-23T08:58:40.075Z,34.34,66.83

2026-08-23T08:58:45.084Z,34.34,66.85

2026-08-23T08:58:50.073Z,34.34,66.83

2026-08-23T08:58:55.075Z,34.33,66.87

2026-08-23T08:59:00.074Z,34.32,66.9

2026-08-23T08:59:05.076Z,34.34,66.87

2026-08-23T08:59:10.083Z,34.34,66.88

2026-08-23T08:59:15.096Z,34.34,66.94

2026-08-23T08:59:20.083Z,34.33,66.85

2026-08-23T08:59:25.081Z,34.34,66.92

2026-08-23T08:59:30.082Z,34.35,66.87

2026-08-23T08:59:35.083Z,34.34,66.9

2026-08-23T08:59:40.090Z,34.35,66.87

2026-08-23T08:59:45.101Z,34.34,67.01

2026-08-23T08:59:50.088Z,34.34,66.9

2026-08-23T08:59:55.088Z,34.36,66.97

2026-08-23T09:00:00.089Z,34.35,66.9

2026-08-23T09:00:05.090Z,34.36,66.9

2026-08-23T09:00:10.092Z,34.37,66.92

2026-08-23T09:00:15.103Z,34.34,67.08

2026-08-23T09:00:20.090Z,34.37,67.03

2026-08-23T09:00:25.091Z,34.37,67.08

2026-08-23T09:00:30.091Z,34.36,67.07

2026-08-23T09:00:35.091Z,34.36,67.04

2026-08-23T09:00:40.104Z,34.37,66.98

2026-08-23T09:00:45.113Z,34.37,67.01

2026-08-23T09:00:50.106Z,34.37,67.03

2026-08-23T09:00:55.105Z,34.38,67.1

2026-08-23T09:01:00.106Z,34.37,67.09

2026-08-23T09:01:05.104Z,34.38,67.08

2026-08-23T09:01:10.124Z,34.39,67.1

2026-08-23T09:01:15.137Z,34.4,67.24

2026-08-23T09:01:20.122Z,34.39,67.13

2026-08-23T09:01:25.123Z,34.42,67.12

2026-08-23T09:01:30.123Z,34.39,67.15

2026-08-23T09:01:35.126Z,34.39,67.18

2026-08-23T09:01:40.139Z,34.39,67.19

2026-08-23T09:01:45.147Z,34.39,67.23

2026-08-23T09:01:50.139Z,34.39,67.12

2026-08-23T09:01:55.138Z,34.39,67.1

2026-08-23T09:02:00.139Z,34.39,67.16

2026-08-23T09:02:05.138Z,34.42,67.18

2026-08-23T09:02:10.143Z,34.4,67.19

2026-08-23T09:02:15.151Z,34.4,67.22

2026-08-23T09:02:20.140Z,34.4,67.16

2026-08-23T09:02:25.142Z,34.41,67.14

2026-08-23T09:02:30.143Z,34.42,67.16

2026-08-23T09:02:35.143Z,34.39,67.15

2026-08-23T09:02:40.143Z,34.41,67.17

2026-08-23T09:02:45.153Z,34.39,67.2

2026-08-23T09:02:50.145Z,34.41,67.13

2026-08-23T09:02:55.142Z,34.42,67.11

2026-08-23T09:03:00.143Z,34.42,67.12

2026-08-23T09:03:05.143Z,34.41,67.12

2026-08-23T09:03:10.146Z,34.4,67.05

2026-08-23T09:03:15.156Z,34.4,67.17

2026-08-23T09:03:20.143Z,34.42,67.11

2026-08-23T09:03:25.145Z,34.43,67.1

2026-08-23T09:03:30.143Z,34.4,67.11

2026-08-23T09:03:35.144Z,34.42,67.12

2026-08-23T09:03:40.143Z,34.41,67.14

2026-08-23T09:03:45.156Z,34.4,67.17

2026-08-23T09:03:50.144Z,34.42,67.04

2026-08-23T09:03:55.143Z,34.42,67.11

2026-08-23T09:04:00.145Z,34.42,67.14

2026-08-23T09:04:05.147Z,34.43,67.1

2026-08-23T09:04:10.146Z,34.43,67.08

2026-08-23T09:04:15.160Z,34.44,67.12

2026-08-23T09:04:20.145Z,34.44,67.03

2026-08-23T09:04:25.147Z,34.44,67.03

2026-08-23T09:04:30.147Z,34.45,67.07

2026-08-23T09:04:35.147Z,34.45,67.02

2026-08-23T09:04:40.151Z,34.46,67.07

2026-08-23T09:04:45.167Z,34.45,67.03

2026-08-23T09:04:50.147Z,34.47,66.97

2026-08-23T09:04:55.150Z,34.47,66.94

2026-08-23T09:05:00.149Z,34.46,66.93

2026-08-23T09:05:05.152Z,34.46,66.88

2026-08-23T09:05:10.162Z,34.48,66.95

2026-08-23T09:05:15.173Z,34.45,66.88

2026-08-23T09:05:20.162Z,34.48,66.9

2026-08-23T09:05:25.162Z,34.47,66.89

2026-08-23T09:05:30.163Z,34.48,66.87

2026-08-23T09:05:35.162Z,34.49,66.9

2026-08-23T09:05:40.169Z,34.48,66.94

2026-08-23T09:05:45.181Z,34.48,66.97

2026-08-23T09:05:50.171Z,34.48,66.94

2026-08-23T09:05:55.169Z,34.48,67

2026-08-23T09:06:00.167Z,34.48,66.95

2026-08-23T09:06:05.167Z,34.49,66.94

2026-08-23T09:06:10.180Z,34.48,66.87

2026-08-23T09:06:15.190Z,34.48,66.87

2026-08-23T09:06:20.177Z,34.48,66.83

2026-08-23T09:06:25.177Z,34.48,66.81

2026-08-23T09:06:30.178Z,34.47,66.8

2026-08-23T09:06:35.178Z,34.48,66.8

2026-08-23T09:06:40.194Z,34.51,66.77

2026-08-23T09:06:45.203Z,34.47,66.84

2026-08-23T09:06:50.191Z,34.49,66.82

2026-08-23T09:06:55.192Z,34.5,66.87

2026-08-23T09:07:00.193Z,34.48,66.74

2026-08-23T09:07:05.192Z,34.48,66.67

2026-08-23T09:07:10.199Z,34.5,66.66

2026-08-23T09:07:15.215Z,34.51,66.69

2026-08-23T09:07:20.197Z,34.48,66.59

2026-08-23T09:07:25.199Z,34.5,66.48

2026-08-23T09:07:30.200Z,34.51,66.45

2026-08-23T09:07:35.197Z,34.49,66.56

2026-08-23T09:07:40.206Z,34.5,66.56

2026-08-23T09:07:45.219Z,34.5,66.65

2026-08-23T09:07:50.206Z,34.49,66.64

2026-08-23T09:07:55.206Z,34.52,66.62

2026-08-23T09:08:00.205Z,34.5,66.62

2026-08-23T09:08:05.205Z,34.52,66.66

2026-08-23T09:08:10.221Z,34.5,66.57

2026-08-23T09:08:15.231Z,34.49,66.72

2026-08-23T09:08:20.218Z,34.51,66.69

2026-08-23T09:08:25.223Z,34.5,66.64

2026-08-23T09:08:30.220Z,34.48,66.7

2026-08-23T09:08:35.220Z,34.48,66.68

2026-08-23T09:08:40.233Z,34.5,66.77

2026-08-23T09:08:45.252Z,34.48,66.74

2026-08-23T09:08:50.232Z,34.5,66.72

2026-08-23T09:08:55.233Z,34.47,66.72

2026-08-23T09:09:00.232Z,34.48,66.68

2026-08-23T09:09:05.233Z,34.5,66.72

2026-08-23T09:09:10.243Z,34.51,66.72

2026-08-23T09:09:15.256Z,34.49,66.79

2026-08-23T09:09:20.243Z,34.5,66.74

2026-08-23T09:09:25.243Z,34.5,66.74

2026-08-23T09:09:30.245Z,34.48,66.75

2026-08-23T09:09:35.245Z,34.49,66.74

2026-08-23T09:09:40.255Z,34.47,66.75

2026-08-23T09:09:45.265Z,34.48,66.82

2026-08-23T09:09:50.253Z,34.47,66.75

2026-08-23T09:09:55.253Z,34.49,66.76

2026-08-23T09:10:00.259Z,34.5,66.85

2026-08-23T09:10:05.268Z,34.48,66.84

2026-08-23T09:10:10.258Z,34.47,66.79

2026-08-23T09:10:15.260Z,34.45,66.81

2026-08-23T09:10:20.259Z,34.48,66.83

2026-08-23T09:10:25.261Z,34.47,66.9

2026-08-23T09:10:30.262Z,34.49,66.94

2026-08-23T09:10:35.272Z,34.49,66.91

2026-08-23T09:10:40.260Z,34.48,66.9

2026-08-23T09:10:45.262Z,34.47,66.91

2026-08-23T09:10:50.261Z,34.47,66.9

2026-08-23T09:10:55.264Z,34.48,66.88

2026-08-23T09:11:00.264Z,34.48,66.86

2026-08-23T09:11:05.274Z,34.47,66.86

2026-08-23T09:11:10.265Z,34.47,66.86

2026-08-23T09:11:15.267Z,34.48,66.82

2026-08-23T09:11:20.264Z,34.48,66.84

2026-08-23T09:11:25.265Z,34.48,66.86

2026-08-23T09:11:30.266Z,34.48,66.83

2026-08-23T09:11:35.276Z,34.48,66.87

2026-08-23T09:11:40.264Z,34.48,66.79

2026-08-23T09:11:45.267Z,34.49,66.83

2026-08-23T09:11:50.265Z,34.48,66.79

2026-08-23T09:11:55.266Z,34.51,66.79

2026-08-23T09:12:00.266Z,34.5,66.77

2026-08-23T09:12:05.274Z,34.48,66.8

2026-08-23T09:12:10.270Z,34.49,66.75

2026-08-23T09:12:15.268Z,34.51,66.74

2026-08-23T09:12:20.269Z,34.5,66.69

2026-08-23T09:12:25.270Z,34.5,66.65

2026-08-23T09:12:30.271Z,34.5,66.51

2026-08-23T09:12:35.280Z,34.49,66.46

2026-08-23T09:12:40.271Z,34.52,66.46

2026-08-23T09:12:45.272Z,34.5,66.45

2026-08-23T09:12:50.271Z,34.5,66.38

2026-08-23T09:12:55.272Z,34.49,66.44

2026-08-23T09:13:00.283Z,34.49,66.46

2026-08-23T09:13:05.291Z,34.5,66.49

2026-08-23T09:13:10.283Z,34.51,66.45

2026-08-23T09:13:15.282Z,34.49,66.35

2026-08-23T09:13:20.285Z,34.47,66.35

2026-08-23T09:13:25.283Z,34.49,66.33

2026-08-23T09:13:30.289Z,34.5,66.26

2026-08-23T09:13:35.302Z,34.5,66.14

2026-08-23T09:13:40.289Z,34.49,66.22

2026-08-23T09:13:45.290Z,34.5,66.24

2026-08-23T09:13:50.287Z,34.48,66.22

2026-08-23T09:13:55.290Z,34.49,66.29

2026-08-23T09:14:00.303Z,34.49,66.29

2026-08-23T09:14:05.317Z,34.49,66.34

2026-08-23T09:14:10.304Z,34.48,66.25

2026-08-23T09:14:15.305Z,34.5,66.26

2026-08-23T09:14:20.303Z,34.48,66.18

2026-08-23T09:14:25.305Z,34.49,66.27

2026-08-23T09:14:30.317Z,34.5,66.16

2026-08-23T09:14:35.326Z,34.49,65.98

2026-08-23T09:14:40.314Z,34.5,65.82

2026-08-23T09:14:45.315Z,34.48,65.87

2026-08-23T09:14:50.315Z,34.48,65.84

2026-08-23T09:14:55.314Z,34.49,65.76

2026-08-23T09:15:00.322Z,34.49,65.77

2026-08-23T09:15:05.330Z,34.48,65.83

2026-08-23T09:15:10.319Z,34.47,65.73

2026-08-23T09:15:15.320Z,34.49,65.57

2026-08-23T09:15:20.321Z,34.48,65.53

2026-08-23T09:15:25.321Z,34.47,65.51

2026-08-23T09:15:30.327Z,34.46,65.62

2026-08-23T09:15:35.338Z,34.47,65.68

2026-08-23T09:15:40.324Z,34.46,65.73

2026-08-23T09:15:45.333Z,34.46,65.65

2026-08-23T09:15:50.325Z,34.45,65.67

2026-08-23T09:15:55.328Z,34.47,65.66

2026-08-23T09:16:00.339Z,34.47,65.62

2026-08-23T09:16:05.354Z,34.45,65.72

2026-08-23T09:16:10.334Z,34.46,65.68

2026-08-23T09:16:15.335Z,34.45,65.56

2026-08-23T09:16:20.334Z,34.47,65.54

2026-08-23T09:16:25.336Z,34.44,65.53

2026-08-23T09:16:30.344Z,34.43,65.52

2026-08-23T09:16:35.353Z,34.45,65.64

2026-08-23T09:16:40.343Z,34.45,65.65

2026-08-23T09:16:45.342Z,34.44,65.61

2026-08-23T09:16:50.342Z,34.45,65.59

2026-08-23T09:16:55.343Z,34.47,65.56

2026-08-23T09:17:00.358Z,34.44,65.58

2026-08-23T09:17:05.371Z,34.44,65.66

2026-08-23T09:17:10.357Z,34.45,65.55

2026-08-23T09:17:15.358Z,34.42,65.54

2026-08-23T09:17:20.353Z,34.44,65.48

2026-08-23T09:17:25.355Z,34.44,65.48

2026-08-23T09:17:30.357Z,34.43,65.51

2026-08-23T09:17:35.368Z,34.44,65.6

2026-08-23T09:17:40.357Z,34.43,65.66

2026-08-23T09:17:45.358Z,34.44,65.59

2026-08-23T09:17:50.361Z,34.43,65.67

2026-08-23T09:17:55.360Z,34.44,65.53

2026-08-23T09:18:00.365Z,34.44,65.54

2026-08-23T09:18:05.375Z,34.43,65.53

2026-08-23T09:18:10.365Z,34.44,65.53

2026-08-23T09:18:15.366Z,34.44,65.48

2026-08-23T09:18:20.364Z,34.43,65.51

2026-08-23T09:18:25.367Z,34.45,65.57

2026-08-23T09:18:30.367Z,34.44,65.59

2026-08-23T09:18:35.379Z,34.42,65.57

2026-08-23T09:18:40.367Z,34.44,65.53

2026-08-23T09:18:45.369Z,34.44,65.55

2026-08-23T09:18:50.368Z,34.43,65.49

2026-08-23T09:18:55.368Z,34.43,65.53

2026-08-23T09:19:00.368Z,34.44,65.47

2026-08-23T09:19:05.381Z,34.45,65.46

2026-08-23T09:19:10.367Z,34.45,65.49

2026-08-23T09:19:15.369Z,34.45,65.47

2026-08-23T09:19:20.371Z,34.43,65.54

2026-08-23T09:19:25.377Z,34.45,65.53

2026-08-23T09:19:30.374Z,34.45,65.56

2026-08-23T09:19:35.387Z,34.44,65.57

2026-08-23T09:19:40.374Z,34.47,65.44

2026-08-23T09:19:45.373Z,34.45,65.46

2026-08-23T09:19:50.372Z,34.45,65.44

2026-08-23T09:19:55.373Z,34.46,65.42

2026-08-23T09:20:00.383Z,34.46,65.32

2026-08-23T09:20:05.399Z,34.46,65.44

2026-08-23T09:20:10.383Z,34.45,65.3

2026-08-23T09:20:15.386Z,34.46,65.27

2026-08-23T09:20:20.385Z,34.48,65.17

2026-08-23T09:20:25.385Z,34.47,65.19

2026-08-23T09:20:30.392Z,34.47,65.21

2026-08-23T09:20:35.405Z,34.47,65.21

2026-08-23T09:20:40.392Z,34.47,65.19

2026-08-23T09:20:45.392Z,34.47,65.22

2026-08-23T09:20:50.393Z,34.45,65.26

2026-08-23T09:20:55.393Z,34.48,65.23

2026-08-23T09:21:00.407Z,34.47,65.23

2026-08-23T09:21:05.417Z,34.46,65.23

2026-08-23T09:21:10.403Z,34.47,65.12

2026-08-23T09:21:15.406Z,34.47,64.99

2026-08-23T09:21:20.405Z,34.47,64.96

2026-08-23T09:21:25.406Z,34.47,65

2026-08-23T09:21:30.414Z,34.48,65.04

2026-08-23T09:21:35.423Z,34.47,65.11

2026-08-23T09:21:40.411Z,34.47,65.07

2026-08-23T09:21:45.412Z,34.47,64.89

2026-08-23T09:21:50.410Z,34.45,64.96

2026-08-23T09:21:55.412Z,34.46,64.89

2026-08-23T09:22:00.420Z,34.47,64.95

2026-08-23T09:22:05.435Z,34.45,64.98

2026-08-23T09:22:10.419Z,34.47,64.97

2026-08-23T09:22:15.419Z,34.46,65

2026-08-23T09:22:20.420Z,34.46,65

2026-08-23T09:22:25.418Z,34.47,65.02

2026-08-23T09:22:30.438Z,34.47,65.04

2026-08-23T09:22:35.451Z,34.45,65.1

2026-08-23T09:22:40.437Z,34.46,65.03

2026-08-23T09:22:45.437Z,34.47,65.1

2026-08-23T09:22:50.436Z,34.47,65.08

2026-08-23T09:22:55.435Z,34.47,64.97

2026-08-23T09:23:00.442Z,34.48,64.95

2026-08-23T09:23:05.448Z,34.46,64.9

2026-08-23T09:23:10.438Z,34.47,64.82

2026-08-23T09:23:15.441Z,34.44,64.81

2026-08-23T09:23:20.438Z,34.47,64.83

2026-08-23T09:23:25.440Z,34.46,64.89

2026-08-23T09:23:30.450Z,34.46,64.83

2026-08-23T09:23:35.462Z,34.47,64.8

2026-08-23T09:23:40.447Z,34.47,64.74

2026-08-23T09:23:45.448Z,34.46,64.8

2026-08-23T09:23:50.446Z,34.45,64.74

2026-08-23T09:23:55.449Z,34.49,64.89

2026-08-23T09:24:00.464Z,34.47,64.93

2026-08-23T09:24:05.476Z,34.46,65.11

2026-08-23T09:24:10.462Z,34.46,65.14

2026-08-23T09:24:15.463Z,34.48,65.18

2026-08-23T09:24:20.463Z,34.49,65.23

2026-08-23T09:24:25.464Z,34.48,65.22

2026-08-23T09:24:30.476Z,34.5,65.24

2026-08-23T09:24:35.486Z,34.48,65.32

2026-08-23T09:24:40.474Z,34.49,65.33

2026-08-23T09:24:45.476Z,34.49,65.28

2026-08-23T09:24:50.475Z,34.49,65.26

2026-08-23T09:24:55.476Z,34.48,65.25

2026-08-23T09:25:00.480Z,34.49,65.2

2026-08-23T09:25:05.491Z,34.47,65.19

2026-08-23T09:25:10.480Z,34.48,65.17

2026-08-23T09:25:15.479Z,34.49,65.14

2026-08-23T09:25:20.480Z,34.48,65.21

2026-08-23T09:25:25.480Z,34.5,65.21

2026-08-23T09:25:30.486Z,34.5,65.24

2026-08-23T09:25:35.496Z,34.49,65.3

2026-08-23T09:25:40.485Z,34.5,65.25

2026-08-23T09:25:45.487Z,34.49,65.43

2026-08-23T09:25:50.487Z,34.49,65.37

2026-08-23T09:25:55.486Z,34.5,65.4

2026-08-23T09:26:00.488Z,34.5,65.42

2026-08-23T09:26:05.500Z,34.49,65.48

2026-08-23T09:26:10.489Z,34.51,65.41

2026-08-23T09:26:15.489Z,34.51,65.48

2026-08-23T09:26:20.488Z,34.5,65.51

2026-08-23T09:26:25.487Z,34.5,65.52

2026-08-23T09:26:30.487Z,34.52,65.52

2026-08-23T09:26:35.501Z,34.5,65.54

2026-08-23T09:26:40.487Z,34.52,65.6

2026-08-23T09:26:45.490Z,34.52,65.56

2026-08-23T09:26:50.488Z,34.52,65.58

2026-08-23T09:26:55.491Z,34.51,65.69

2026-08-23T09:27:00.514Z,34.51,65.68

2026-08-23T09:27:05.505Z,34.51,65.71

2026-08-23T09:27:10.508Z,34.51,65.7

2026-08-23T09:27:15.506Z,34.52,65.72

2026-08-23T09:27:20.510Z,34.52,65.7

2026-08-23T09:27:25.520Z,34.51,65.77

2026-08-23T09:27:30.508Z,34.52,65.78

2026-08-23T09:27:35.509Z,34.53,65.86

2026-08-23T09:27:40.508Z,34.5,65.98

2026-08-23T09:27:45.509Z,34.5,66.04

2026-08-23T09:27:50.507Z,34.51,66.1

2026-08-23T09:27:55.521Z,34.51,66.05

2026-08-23T09:28:00.509Z,34.51,66.09

2026-08-23T09:28:05.513Z,34.49,66.14

2026-08-23T09:28:10.511Z,34.5,66.18

2026-08-23T09:28:15.511Z,34.5,66.14

2026-08-23T09:28:20.512Z,34.51,66.14

2026-08-23T09:28:25.526Z,34.5,66.14

2026-08-23T09:28:30.514Z,34.5,66.05

2026-08-23T09:28:35.514Z,34.52,66

2026-08-23T09:28:40.515Z,34.5,66.01

2026-08-23T09:28:45.514Z,34.51,66.03

2026-08-23T09:28:50.543Z,34.5,66.09

2026-08-23T09:28:55.556Z,34.5,66.11

2026-08-23T09:29:00.543Z,34.48,66.09

2026-08-23T09:29:05.544Z,34.49,66.02

2026-08-23T09:29:10.542Z,34.51,66.11

2026-08-23T09:29:15.544Z,34.5,66.02

2026-08-23T09:29:20.543Z,34.51,66.1

2026-08-23T09:29:25.558Z,34.51,66.1

2026-08-23T09:29:30.546Z,34.51,66.04

2026-08-23T09:29:35.545Z,34.52,66.04

2026-08-23T09:29:40.545Z,34.52,65.99

2026-08-23T09:29:45.546Z,34.51,65.94

2026-08-23T09:29:50.545Z,34.5,65.87

2026-08-23T09:29:55.561Z,34.5,65.97

2026-08-23T09:30:00.546Z,34.53,65.79

2026-08-23T09:30:05.546Z,34.51,65.85

2026-08-23T09:30:10.545Z,34.51,65.83

2026-08-23T09:30:15.548Z,34.51,65.91

2026-08-23T09:30:20.552Z,34.51,66.07

2026-08-23T09:30:25.562Z,34.5,66.19

2026-08-23T09:30:30.551Z,34.53,66.21

2026-08-23T09:30:35.552Z,34.53,66.15

2026-08-23T09:30:40.555Z,34.51,65.97

2026-08-23T09:30:45.554Z,34.51,65.97

2026-08-23T09:30:50.566Z,34.51,65.96

2026-08-23T09:30:55.573Z,34.53,66.08

2026-08-23T09:31:00.565Z,34.52,66.02

2026-08-23T09:31:05.562Z,34.52,66.02

2026-08-23T09:31:10.562Z,34.53,66.07

2026-08-23T09:31:15.562Z,34.54,66.24

2026-08-23T09:31:20.575Z,34.53,66.27

2026-08-23T09:31:25.586Z,34.52,66.12

2026-08-23T09:31:30.574Z,34.53,66.06

2026-08-23T09:31:35.574Z,34.54,66

2026-08-23T09:31:40.573Z,34.54,65.9

2026-08-23T09:31:45.574Z,34.53,65.81

2026-08-23T09:31:50.583Z,34.53,65.71

2026-08-23T09:31:55.595Z,34.54,65.65

2026-08-23T09:32:00.585Z,34.53,65.52

2026-08-23T09:32:05.584Z,34.54,65.44

2026-08-23T09:32:10.583Z,34.51,65.52

2026-08-23T09:32:15.584Z,34.54,65.51

2026-08-23T09:32:20.597Z,34.53,65.47

2026-08-23T09:32:25.608Z,34.53,65.52

2026-08-23T09:32:30.596Z,34.53,65.55

2026-08-23T09:32:35.593Z,34.54,65.53

2026-08-23T09:32:40.596Z,34.52,65.53

2026-08-23T09:32:45.597Z,34.54,65.54

2026-08-23T09:32:50.607Z,34.54,65.61

2026-08-23T09:32:55.621Z,34.56,65.66

2026-08-23T09:33:00.609Z,34.55,65.61

2026-08-23T09:33:05.607Z,34.55,65.62

2026-08-23T09:33:10.606Z,34.55,65.58

2026-08-23T09:33:15.610Z,34.54,65.6

2026-08-23T09:33:20.614Z,34.57,65.62

2026-08-23T09:33:25.628Z,34.56,65.67

2026-08-23T09:33:30.613Z,34.56,65.59

2026-08-23T09:33:35.615Z,34.55,65.62

2026-08-23T09:33:40.612Z,34.58,65.56

2026-08-23T09:33:45.615Z,34.58,65.52

2026-08-23T09:33:50.613Z,34.57,65.53

2026-08-23T09:33:55.624Z,34.57,65.53

2026-08-23T09:34:00.614Z,34.56,65.46

2026-08-23T09:34:05.616Z,34.57,65.37

2026-08-23T09:34:10.616Z,34.56,65.35

2026-08-23T09:34:15.617Z,34.55,65.34

2026-08-23T09:34:20.627Z,34.57,65.4

2026-08-23T09:34:25.618Z,34.57,65.38

2026-08-23T09:34:30.623Z,34.56,65.34

2026-08-23T09:34:35.621Z,34.57,65.4

2026-08-23T09:34:40.621Z,34.56,65.37

2026-08-23T09:34:45.632Z,34.56,65.43

2026-08-23T09:34:50.620Z,34.55,65.4

2026-08-23T09:34:55.620Z,34.55,65.39

2026-08-23T09:35:00.621Z,34.56,65.41

2026-08-23T09:35:05.621Z,34.56,65.4

2026-08-23T09:35:10.623Z,34.55,65.4

2026-08-23T09:35:15.637Z,34.56,65.4

2026-08-23T09:35:20.626Z,34.56,65.42

2026-08-23T09:35:25.625Z,34.56,65.41

2026-08-23T09:35:30.626Z,34.57,65.32

2026-08-23T09:35:35.625Z,34.55,65.36

2026-08-23T09:35:40.627Z,34.54,65.37

2026-08-23T09:35:45.643Z,34.54,65.4

2026-08-23T09:35:50.626Z,34.54,65.38

2026-08-23T09:35:55.627Z,34.55,65.3

2026-08-23T09:36:00.627Z,34.53,65.31

2026-08-23T09:36:05.627Z,34.54,65.31

2026-08-23T09:36:10.648Z,34.53,65.32

2026-08-23T09:36:15.659Z,34.53,65.35

2026-08-23T09:36:20.647Z,34.55,65.22

2026-08-23T09:36:25.647Z,34.53,65.27

2026-08-23T09:36:30.648Z,34.53,65.24

2026-08-23T09:36:35.649Z,34.52,65.26

2026-08-23T09:36:40.654Z,34.52,65.24

2026-08-23T09:36:45.668Z,34.53,65.35

2026-08-23T09:36:50.651Z,34.54,65.27

2026-08-23T09:36:55.652Z,34.54,65.39

2026-08-23T09:37:00.651Z,34.54,65.38

2026-08-23T09:37:05.652Z,34.53,65.32

2026-08-23T09:37:10.661Z,34.55,65.36

2026-08-23T09:37:15.676Z,34.52,65.46

2026-08-23T09:37:20.660Z,34.54,65.42

2026-08-23T09:37:25.661Z,34.53,65.4

2026-08-23T09:37:30.661Z,34.53,65.42

2026-08-23T09:37:35.662Z,34.55,65.42

2026-08-23T09:37:40.663Z,34.54,65.49

2026-08-23T09:37:45.677Z,34.55,65.53

2026-08-23T09:37:50.661Z,34.53,65.46

2026-08-23T09:37:55.665Z,34.55,65.52

2026-08-23T09:38:00.662Z,34.52,65.53

2026-08-23T09:38:05.663Z,34.53,65.62

2026-08-23T09:38:10.683Z,34.51,65.57

2026-08-23T09:38:15.694Z,34.52,65.69

2026-08-23T09:38:20.678Z,34.52,65.64

2026-08-23T09:38:25.677Z,34.52,65.64

2026-08-23T09:38:30.677Z,34.53,65.62

2026-08-23T09:38:35.678Z,34.53,65.72

2026-08-23T09:38:40.690Z,34.54,65.63

2026-08-23T09:38:45.700Z,34.55,65.71

2026-08-23T09:38:50.687Z,34.54,65.71

2026-08-23T09:38:55.688Z,34.54,65.74

2026-08-23T09:39:00.689Z,34.55,65.7

2026-08-23T09:39:05.690Z,34.55,65.7

2026-08-23T09:39:10.696Z,34.54,65.72

2026-08-23T09:39:15.711Z,34.55,65.77

2026-08-23T09:39:20.695Z,34.55,65.77

2026-08-23T09:39:25.699Z,34.53,65.71

2026-08-23T09:39:30.697Z,34.53,65.73

2026-08-23T09:39:35.698Z,34.55,65.67

2026-08-23T09:39:40.701Z,34.56,65.73

2026-08-23T09:39:45.711Z,34.54,65.71

2026-08-23T09:39:50.700Z,34.54,65.79

2026-08-23T09:39:55.702Z,34.56,65.79

2026-08-23T09:40:00.702Z,34.54,65.83

2026-08-23T09:40:05.702Z,34.56,65.62

2026-08-23T09:40:10.711Z,34.54,65.68

2026-08-23T09:40:15.723Z,34.55,65.68

2026-08-23T09:40:20.711Z,34.56,65.65

2026-08-23T09:40:25.710Z,34.57,65.71

2026-08-23T09:40:30.711Z,34.55,65.74

2026-08-23T09:40:35.710Z,34.55,65.78

2026-08-23T09:40:40.716Z,34.54,65.78

2026-08-23T09:40:45.726Z,34.54,65.83

2026-08-23T09:40:50.713Z,34.55,65.8

2026-08-23T09:40:55.714Z,34.55,65.76

2026-08-23T09:41:00.713Z,34.55,65.79

2026-08-23T09:41:05.715Z,34.56,65.86

2026-08-23T09:41:10.725Z,34.56,65.84

2026-08-23T09:41:15.732Z,34.56,65.94

2026-08-23T09:41:20.725Z,34.56,66.05

2026-08-23T09:41:25.722Z,34.58,66.01

2026-08-23T09:41:30.723Z,34.56,65.99

2026-08-23T09:41:35.725Z,34.57,65.95

2026-08-23T09:41:40.742Z,34.54,65.91

2026-08-23T09:41:45.745Z,34.55,65.91

2026-08-23T09:41:50.734Z,34.56,65.9

2026-08-23T09:41:55.737Z,34.56,65.89

2026-08-23T09:42:00.739Z,34.57,65.79

2026-08-23T09:42:05.737Z,34.57,65.75

2026-08-23T09:42:10.746Z,34.58,65.8

2026-08-23T09:42:15.758Z,34.56,65.86

2026-08-23T09:42:20.746Z,34.57,65.82

2026-08-23T09:42:25.749Z,34.56,65.74

2026-08-23T09:42:30.749Z,34.56,65.82

2026-08-23T09:42:35.763Z,34.55,65.77

2026-08-23T09:42:40.749Z,34.54,65.78

2026-08-23T09:42:45.750Z,34.56,65.75

2026-08-23T09:42:50.749Z,34.54,65.73

2026-08-23T09:42:55.753Z,34.54,65.73

2026-08-23T09:43:00.767Z,34.57,65.76

2026-08-23T09:43:05.781Z,34.56,65.7

2026-08-23T09:43:10.768Z,34.56,65.66

2026-08-23T09:43:15.767Z,34.53,65.68

2026-08-23T09:43:20.768Z,34.53,65.68

2026-08-23T09:43:25.768Z,34.53,65.69

2026-08-23T09:43:30.775Z,34.56,65.62

2026-08-23T09:43:35.784Z,34.54,65.68

2026-08-23T09:43:40.774Z,34.53,65.69

2026-08-23T09:43:45.775Z,34.51,65.67

2026-08-23T09:43:50.774Z,34.53,65.71

2026-08-23T09:43:55.774Z,34.54,65.64

2026-08-23T09:44:00.775Z,34.54,65.71

2026-08-23T09:44:05.789Z,34.52,65.68

2026-08-23T09:44:10.776Z,34.54,65.66

2026-08-23T09:44:15.777Z,34.55,65.62

2026-08-23T09:44:20.775Z,34.54,65.62

2026-08-23T09:44:25.777Z,34.54,65.62

2026-08-23T09:44:30.778Z,34.54,65.65

2026-08-23T09:44:35.790Z,34.54,65.67

2026-08-23T09:44:40.777Z,34.54,65.67

2026-08-23T09:44:45.776Z,34.55,65.71

2026-08-23T09:44:50.776Z,34.53,65.75

2026-08-23T09:44:55.777Z,34.54,65.68

2026-08-23T09:45:00.782Z,34.55,65.72

2026-08-23T09:45:05.791Z,34.55,65.76

2026-08-23T09:45:10.777Z,34.57,65.71

2026-08-23T09:45:15.782Z,34.56,65.69

2026-08-23T09:45:20.782Z,34.54,65.71

2026-08-23T09:45:25.782Z,34.55,65.71

2026-08-23T09:45:30.801Z,34.56,65.72

2026-08-23T09:45:35.814Z,34.56,65.69

2026-08-23T09:45:40.797Z,34.55,65.68

2026-08-23T09:45:45.797Z,34.55,65.62

2026-08-23T09:45:50.798Z,34.57,65.61

2026-08-23T09:45:55.798Z,34.58,65.6

2026-08-23T09:46:00.808Z,34.54,65.59

2026-08-23T09:46:05.819Z,34.54,65.63

2026-08-23T09:46:10.808Z,34.56,65.61

2026-08-23T09:46:15.808Z,34.57,65.56

2026-08-23T09:46:20.809Z,34.57,65.54

2026-08-23T09:46:25.808Z,34.56,65.49

2026-08-23T09:46:30.821Z,34.57,65.57

2026-08-23T09:46:35.829Z,34.56,65.55

2026-08-23T09:46:40.820Z,34.56,65.49

2026-08-23T09:46:45.823Z,34.57,65.44

2026-08-23T09:46:50.821Z,34.53,65.45

2026-08-23T09:46:55.821Z,34.55,65.47

2026-08-23T09:47:00.827Z,34.55,65.49

2026-08-23T09:47:05.837Z,34.56,65.5

2026-08-23T09:47:10.824Z,34.57,65.51

2026-08-23T09:47:15.825Z,34.55,65.42

2026-08-23T09:47:20.825Z,34.53,65.47

2026-08-23T09:47:25.827Z,34.54,65.41

2026-08-23T09:47:30.830Z,34.53,65.42

2026-08-23T09:47:35.842Z,34.54,65.46

2026-08-23T09:47:40.830Z,34.54,65.48

2026-08-23T09:47:45.830Z,34.55,65.51

2026-08-23T09:47:50.830Z,34.52,65.51

2026-08-23T09:47:55.832Z,34.54,65.49

2026-08-23T09:48:00.836Z,34.55,65.47

2026-08-23T09:48:05.846Z,34.55,65.57

2026-08-23T09:48:10.835Z,34.54,65.57

2026-08-23T09:48:15.837Z,34.53,65.57

2026-08-23T09:48:20.835Z,34.54,65.59

2026-08-23T09:48:25.835Z,34.55,65.51

2026-08-23T09:48:30.836Z,34.54,65.61

2026-08-23T09:48:35.846Z,34.54,65.55

2026-08-23T09:48:40.835Z,34.54,65.55

2026-08-23T09:48:45.834Z,34.53,65.55

2026-08-23T09:48:50.836Z,34.53,65.61

2026-08-23T09:48:55.839Z,34.55,65.64

2026-08-23T09:49:00.853Z,34.55,65.64

2026-08-23T09:49:05.862Z,34.55,65.64

2026-08-23T09:49:10.852Z,34.54,65.56

2026-08-23T09:49:15.853Z,34.54,65.54

2026-08-23T09:49:20.855Z,34.52,65.56

2026-08-23T09:49:25.852Z,34.54,65.56

2026-08-23T09:49:30.857Z,34.55,65.6

2026-08-23T09:49:35.870Z,34.55,65.61

2026-08-23T09:49:40.857Z,34.53,65.57

2026-08-23T09:49:45.859Z,34.55,65.56

2026-08-23T09:49:50.857Z,34.55,65.57

2026-08-23T09:49:55.860Z,34.54,65.59

2026-08-23T09:50:00.874Z,34.54,65.56

2026-08-23T09:50:05.888Z,34.54,65.58

2026-08-23T09:50:10.872Z,34.54,65.51

2026-08-23T09:50:15.874Z,34.54,65.52

2026-08-23T09:50:20.874Z,34.56,65.61

2026-08-23T09:50:25.875Z,34.54,65.63

2026-08-23T09:50:30.881Z,34.53,65.65

2026-08-23T09:50:35.891Z,34.52,65.68

2026-08-23T09:50:40.880Z,34.54,65.6

2026-08-23T09:50:45.882Z,34.53,65.71

2026-08-23T09:50:50.881Z,34.55,65.69

2026-08-23T09:50:55.882Z,34.52,65.64

2026-08-23T09:51:00.890Z,34.56,65.65

2026-08-23T09:51:05.901Z,34.53,65.71

2026-08-23T09:51:10.889Z,34.51,65.69

2026-08-23T09:51:15.891Z,34.54,65.68

2026-08-23T09:51:20.890Z,34.52,65.65

2026-08-23T09:51:25.892Z,34.49,65.71

2026-08-23T09:51:30.890Z,34.5,65.72

2026-08-23T09:51:35.907Z,34.51,65.74

2026-08-23T09:51:40.890Z,34.51,65.75

2026-08-23T09:51:45.890Z,34.51,65.76

2026-08-23T09:51:50.889Z,34.5,65.81

2026-08-23T09:51:55.891Z,34.5,65.83

2026-08-23T09:52:00.898Z,34.51,65.9

2026-08-23T09:52:05.909Z,34.51,65.87

2026-08-23T09:52:10.898Z,34.5,65.88

2026-08-23T09:52:15.899Z,34.51,65.84

2026-08-23T09:52:20.900Z,34.5,65.85

2026-08-23T09:52:25.898Z,34.51,65.83

2026-08-23T09:52:30.907Z,34.52,65.84

2026-08-23T09:52:35.913Z,34.51,65.86

2026-08-23T09:52:40.902Z,34.51,65.82

2026-08-23T09:52:45.907Z,34.53,65.76

2026-08-23T09:52:50.907Z,34.5,65.64

2026-08-23T09:52:55.908Z,34.52,65.55

2026-08-23T09:53:00.915Z,34.5,65.53

2026-08-23T09:53:05.923Z,34.49,65.55

2026-08-23T09:53:10.915Z,34.49,65.57

2026-08-23T09:53:15.915Z,34.51,65.59

2026-08-23T09:53:20.916Z,34.48,65.65

2026-08-23T09:53:25.925Z,34.49,65.68

2026-08-23T09:53:30.914Z,34.5,65.66

2026-08-23T09:53:35.916Z,34.5,65.69

2026-08-23T09:53:40.914Z,34.51,65.76

2026-08-23T09:53:45.916Z,34.49,65.75

2026-08-23T09:53:50.916Z,34.49,65.73

2026-08-23T09:53:55.926Z,34.5,65.76

2026-08-23T09:54:00.917Z,34.51,65.74

2026-08-23T09:54:05.916Z,34.5,65.78

2026-08-23T09:54:10.917Z,34.5,65.79

2026-08-23T09:54:15.918Z,34.49,65.78

2026-08-23T09:54:20.925Z,34.5,65.75

2026-08-23T09:54:25.938Z,34.47,65.8

2026-08-23T09:54:30.924Z,34.47,65.73

2026-08-23T09:54:35.923Z,34.48,65.72

2026-08-23T09:54:40.925Z,34.48,65.81

2026-08-23T09:54:45.925Z,34.48,65.85

2026-08-23T09:54:50.941Z,34.47,65.82

2026-08-23T09:54:55.956Z,34.47,65.82

2026-08-23T09:55:00.941Z,34.49,65.76

2026-08-23T09:55:05.940Z,34.46,65.79

2026-08-23T09:55:10.939Z,34.49,65.89

2026-08-23T09:55:15.940Z,34.47,65.85

2026-08-23T09:55:20.944Z,34.48,65.86

2026-08-23T09:55:25.956Z,34.45,65.81

2026-08-23T09:55:30.942Z,34.48,65.8

2026-08-23T09:55:35.943Z,34.48,65.78

2026-08-23T09:55:40.943Z,34.48,65.82

2026-08-23T09:55:45.942Z,34.46,65.85

2026-08-23T09:55:50.943Z,34.48,65.85

2026-08-23T09:55:55.955Z,34.46,65.93

2026-08-23T09:56:00.943Z,34.48,65.88

2026-08-23T09:56:05.943Z,34.49,65.88

2026-08-23T09:56:10.944Z,34.49,65.88

2026-08-23T09:56:15.946Z,34.48,65.88

2026-08-23T09:56:20.959Z,34.48,65.87

2026-08-23T09:56:25.968Z,34.48,65.98

2026-08-23T09:56:30.957Z,34.48,65.88

2026-08-23T09:56:35.961Z,34.49,65.93

2026-08-23T09:56:40.958Z,34.49,65.93

2026-08-23T09:56:45.957Z,34.47,65.91

2026-08-23T09:56:50.960Z,34.5,65.91

2026-08-23T09:56:55.973Z,34.49,65.95

2026-08-23T09:57:00.961Z,34.5,65.85

2026-08-23T09:57:05.961Z,34.48,65.88

2026-08-23T09:57:10.960Z,34.48,65.87

2026-08-23T09:57:15.961Z,34.47,65.86

2026-08-23T09:57:20.969Z,34.49,65.91

2026-08-23T09:57:25.983Z,34.47,65.95

2026-08-23T09:57:30.969Z,34.48,65.77

2026-08-23T09:57:35.971Z,34.48,65.85

2026-08-23T09:57:40.971Z,34.5,65.79

2026-08-23T09:57:45.970Z,34.49,65.83

2026-08-23T09:57:50.980Z,34.48,65.77

2026-08-23T09:57:55.992Z,34.49,65.83

2026-08-23T09:58:00.979Z,34.49,65.85

2026-08-23T09:58:05.982Z,34.49,65.85

2026-08-23T09:58:10.979Z,34.48,65.85

2026-08-23T09:58:15.981Z,34.5,65.79

2026-08-23T09:58:20.984Z,34.5,65.83

2026-08-23T09:58:25.995Z,34.48,65.85

2026-08-23T09:58:30.984Z,34.5,65.75

2026-08-23T09:58:35.983Z,34.5,65.78

2026-08-23T09:58:40.983Z,34.51,65.79

2026-08-23T09:58:45.985Z,34.5,65.72

2026-08-23T09:58:50.997Z,34.5,65.73

2026-08-23T09:58:56.008Z,34.48,65.79

2026-08-23T09:59:00.997Z,34.49,65.78

2026-08-23T09:59:06.000Z,34.49,65.75

2026-08-23T09:59:10.997Z,34.47,65.76

2026-08-23T09:59:15.998Z,34.51,65.78

2026-08-23T09:59:21.006Z,34.49,65.77

2026-08-23T09:59:26.019Z,34.49,65.77

2026-08-23T09:59:31.005Z,34.52,65.76

2026-08-23T09:59:36.007Z,34.5,65.81

2026-08-23T09:59:41.008Z,34.5,65.82

2026-08-23T09:59:46.006Z,34.47,65.85

2026-08-23T09:59:51.014Z,34.49,65.88

2026-08-23T09:59:56.025Z,34.48,65.9

2026-08-23T10:00:01.012Z,34.48,65.88

2026-08-23T10:00:06.014Z,34.49,65.86

2026-08-23T10:00:11.012Z,34.49,65.85

2026-08-23T10:00:16.014Z,34.49,65.85

2026-08-23T10:00:21.030Z,34.5,65.89

2026-08-23T10:00:26.040Z,34.48,65.93

2026-08-23T10:00:31.024Z,34.48,65.87

2026-08-23T10:00:36.026Z,34.49,65.88

2026-08-23T10:00:41.028Z,34.49,65.89

2026-08-23T10:00:46.028Z,34.51,65.89

2026-08-23T10:00:51.036Z,34.51,65.91

2026-08-23T10:00:56.050Z,34.5,65.9

2026-08-23T10:01:01.035Z,34.49,65.94

2026-08-23T10:01:06.034Z,34.48,65.9

2026-08-23T10:01:11.037Z,34.5,65.89

2026-08-23T10:01:16.035Z,34.48,65.81

2026-08-23T10:01:21.046Z,34.51,65.89

2026-08-23T10:01:26.059Z,34.48,65.93

2026-08-23T10:01:31.045Z,34.5,65.94

2026-08-23T10:01:36.046Z,34.5,65.77

2026-08-23T10:01:41.044Z,34.49,65.91

2026-08-23T10:01:46.046Z,34.51,65.88

2026-08-23T10:01:51.048Z,34.49,65.92

2026-08-23T10:01:56.058Z,34.49,65.88

2026-08-23T10:02:01.049Z,34.5,65.88

2026-08-23T10:02:06.049Z,34.48,65.89

2026-08-23T10:02:11.048Z,34.48,65.81

2026-08-23T10:02:16.050Z,34.48,65.86

2026-08-23T10:02:21.058Z,34.48,65.83

2026-08-23T10:02:26.063Z,34.48,65.94

2026-08-23T10:02:31.053Z,34.49,65.92

2026-08-23T10:02:36.054Z,34.48,65.93

2026-08-23T10:02:41.053Z,34.5,65.92

2026-08-23T10:02:46.056Z,34.46,66.03

2026-08-23T10:02:51.057Z,34.46,66.04

2026-08-23T10:02:56.066Z,34.48,66.11

2026-08-23T10:03:01.055Z,34.44,66.2

2026-08-23T10:03:06.056Z,34.47,66.15

2026-08-23T10:03:11.057Z,34.46,66.2

2026-08-23T10:03:16.058Z,34.44,66.25

2026-08-23T10:03:21.066Z,34.45,66.25

2026-08-23T10:03:26.076Z,34.45,66.21

2026-08-23T10:03:31.063Z,34.47,66.18

2026-08-23T10:03:36.064Z,34.44,66.2

2026-08-23T10:03:41.065Z,34.44,66.24

2026-08-23T10:03:46.064Z,34.45,66.24

2026-08-23T10:03:51.080Z,34.44,66.3

2026-08-23T10:03:56.084Z,34.46,66.27

2026-08-23T10:04:01.077Z,34.46,66.22

2026-08-23T10:04:06.081Z,34.45,66.3

2026-08-23T10:04:11.081Z,34.45,66.3

2026-08-23T10:04:16.078Z,34.43,66.27

2026-08-23T10:04:21.087Z,34.46,66.33

2026-08-23T10:04:26.100Z,34.45,66.32

2026-08-23T10:04:31.086Z,34.45,66.26

2026-08-23T10:04:36.087Z,34.44,66.29

2026-08-23T10:04:41.088Z,34.46,66.24

2026-08-23T10:04:46.087Z,34.44,66.36

2026-08-23T10:04:51.096Z,34.46,66.24

2026-08-23T10:04:56.107Z,34.47,66.42

2026-08-23T10:05:01.096Z,34.47,66.36

2026-08-23T10:05:06.096Z,34.48,66.39

2026-08-23T10:05:11.097Z,34.47,66.33

2026-08-23T10:05:16.098Z,34.48,66.42

2026-08-23T10:05:21.108Z,34.46,66.4

2026-08-23T10:05:26.120Z,34.47,66.5

2026-08-23T10:05:31.106Z,34.46,66.44

2026-08-23T10:05:36.108Z,34.49,66.44

2026-08-23T10:05:41.108Z,34.49,66.4

2026-08-23T10:05:46.109Z,34.48,66.41

2026-08-23T10:05:51.118Z,34.49,66.34

2026-08-23T10:05:56.127Z,34.47,66.37

2026-08-23T10:06:01.118Z,34.47,66.3

2026-08-23T10:06:06.119Z,34.49,66.29

2026-08-23T10:06:11.116Z,34.46,66.3

2026-08-23T10:06:16.118Z,34.48,66.28

2026-08-23T10:06:21.119Z,34.47,66.3

2026-08-23T10:06:26.130Z,34.45,66.36

2026-08-23T10:06:31.119Z,34.45,66.27

2026-08-23T10:06:36.119Z,34.45,66.24

2026-08-23T10:06:41.120Z,34.44,66.29

2026-08-23T10:06:46.120Z,34.44,66.25

2026-08-23T10:06:51.119Z,34.44,66.27

2026-08-23T10:06:56.134Z,34.44,66.31

2026-08-23T10:07:01.118Z,34.45,66.31

2026-08-23T10:07:06.118Z,34.46,66.32

2026-08-23T10:07:11.120Z,34.46,66.33

2026-08-23T10:07:16.119Z,34.45,66.26

2026-08-23T10:07:21.135Z,34.46,66.29

2026-08-23T10:07:26.148Z,34.44,66.39

2026-08-23T10:07:31.134Z,34.43,66.37

2026-08-23T10:07:36.137Z,34.45,66.33

2026-08-23T10:07:41.136Z,34.46,66.42

2026-08-23T10:07:46.138Z,34.43,66.39

2026-08-23T10:07:51.142Z,34.46,66.41

2026-08-23T10:07:56.152Z,34.45,66.42

2026-08-23T10:08:01.137Z,34.45,66.49

2026-08-23T10:08:06.139Z,34.45,66.5

2026-08-23T10:08:11.139Z,34.44,66.54

2026-08-23T10:08:16.140Z,34.46,66.47

2026-08-23T10:08:21.144Z,34.45,66.5

2026-08-23T10:08:26.157Z,34.45,66.5

2026-08-23T10:08:31.143Z,34.45,66.51

2026-08-23T10:08:36.144Z,34.45,66.48

2026-08-23T10:08:41.143Z,34.46,66.52

2026-08-23T10:08:46.143Z,34.46,66.54

2026-08-23T10:08:51.157Z,34.47,66.46

2026-08-23T10:08:56.168Z,34.45,66.53

2026-08-23T10:09:01.158Z,34.48,66.45

2026-08-23T10:09:06.158Z,34.48,66.44

2026-08-23T10:09:11.157Z,34.49,66.42

2026-08-23T10:09:16.157Z,34.46,66.45

2026-08-23T10:09:21.172Z,34.48,66.43

2026-08-23T10:09:26.181Z,34.48,66.43

2026-08-23T10:09:31.169Z,34.49,66.44

2026-08-23T10:09:36.168Z,34.47,66.38

2026-08-23T10:09:41.169Z,34.48,66.43

2026-08-23T10:09:46.170Z,34.46,66.46

2026-08-23T10:09:51.177Z,34.48,66.44

2026-08-23T10:09:56.191Z,34.48,66.45

2026-08-23T10:10:01.177Z,34.49,66.45

2026-08-23T10:10:06.177Z,34.5,66.47

2026-08-23T10:10:11.177Z,34.49,66.42

2026-08-23T10:10:16.179Z,34.5,66.47

2026-08-23T10:10:21.178Z,34.5,66.43

2026-08-23T10:10:26.193Z,34.49,66.44

2026-08-23T10:10:31.179Z,34.51,66.4

2026-08-23T10:10:36.179Z,34.52,66.47

2026-08-23T10:10:41.179Z,34.51,66.39

2026-08-23T10:10:46.178Z,34.52,66.4

2026-08-23T10:10:51.179Z,34.51,66.47

2026-08-23T10:10:56.188Z,34.51,66.48

2026-08-23T10:11:01.178Z,34.53,66.55

2026-08-23T10:11:06.181Z,34.52,66.51

2026-08-23T10:11:11.182Z,34.52,66.52

2026-08-23T10:11:16.184Z,34.52,66.45

2026-08-23T10:11:21.189Z,34.51,66.44

2026-08-23T10:11:26.200Z,34.51,66.45

2026-08-23T10:11:31.188Z,34.53,66.46

2026-08-23T10:11:36.188Z,34.54,66.49

2026-08-23T10:11:41.190Z,34.53,66.5

2026-08-23T10:11:46.191Z,34.52,66.46

2026-08-23T10:11:51.199Z,34.53,66.49

2026-08-23T10:11:56.212Z,34.53,66.55

2026-08-23T10:12:01.199Z,34.52,66.56

2026-08-23T10:12:06.198Z,34.51,66.57

2026-08-23T10:12:11.202Z,34.53,66.6

2026-08-23T10:12:16.213Z,34.5,66.69

2026-08-23T10:12:21.201Z,34.5,66.67

2026-08-23T10:12:26.204Z,34.48,66.72

2026-08-23T10:12:31.223Z,34.5,66.7

2026-08-23T10:12:36.216Z,34.49,66.68

2026-08-23T10:12:41.217Z,34.5,66.69

2026-08-23T10:12:46.217Z,34.48,66.69

2026-08-23T10:12:51.219Z,34.5,66.65

2026-08-23T10:12:56.231Z,34.5,66.72

2026-08-23T10:13:01.218Z,34.5,66.67

2026-08-23T10:13:06.219Z,34.5,66.72

2026-08-23T10:13:11.217Z,34.5,66.65

2026-08-23T10:13:16.222Z,34.51,66.62

2026-08-23T10:13:21.219Z,34.52,66.58

2026-08-23T10:13:26.232Z,34.51,66.65

2026-08-23T10:13:31.221Z,34.51,66.61

2026-08-23T10:13:36.223Z,34.51,66.63

2026-08-23T10:13:41.222Z,34.51,66.65

2026-08-23T10:13:46.223Z,34.5,66.63

2026-08-23T10:13:51.221Z,34.51,66.62

2026-08-23T10:13:56.236Z,34.49,66.66

2026-08-23T10:14:01.222Z,34.52,66.61

2026-08-23T10:14:06.225Z,34.52,66.61

2026-08-23T10:14:11.223Z,34.49,66.63

2026-08-23T10:14:16.224Z,34.52,66.63

2026-08-23T10:14:21.224Z,34.53,66.61

2026-08-23T10:14:26.240Z,34.5,66.64

2026-08-23T10:14:31.225Z,34.48,66.61

2026-08-23T10:14:36.223Z,34.51,66.58

2026-08-23T10:14:41.227Z,34.52,66.57

2026-08-23T10:14:46.229Z,34.51,66.59

2026-08-23T10:14:51.262Z,34.5,66.5

2026-08-23T10:14:56.273Z,34.5,66.59

2026-08-23T10:15:01.263Z,34.52,66.55

2026-08-23T10:15:06.263Z,34.52,66.55

2026-08-23T10:15:11.262Z,34.5,66.52

2026-08-23T10:15:16.263Z,34.5,66.53

2026-08-23T10:15:21.261Z,34.53,66.58

2026-08-23T10:15:26.274Z,34.5,66.53

2026-08-23T10:15:31.262Z,34.49,66.5

2026-08-23T10:15:36.263Z,34.5,66.48

2026-08-23T10:15:41.263Z,34.51,66.49

2026-08-23T10:15:46.263Z,34.5,66.49

2026-08-23T10:15:51.266Z,34.5,66.48

2026-08-23T10:15:56.278Z,34.48,66.49

2026-08-23T10:16:01.267Z,34.5,66.42

2026-08-23T10:16:06.266Z,34.5,66.5

2026-08-23T10:16:11.268Z,34.53,66.49

2026-08-23T10:16:16.269Z,34.5,66.48

2026-08-23T10:16:21.275Z,34.51,66.41

2026-08-23T10:16:26.286Z,34.49,66.5

2026-08-23T10:16:31.274Z,34.49,66.44

2026-08-23T10:16:36.274Z,34.5,66.44

2026-08-23T10:16:41.275Z,34.48,66.45

2026-08-23T10:16:46.276Z,34.49,66.44

2026-08-23T10:16:51.277Z,34.47,66.41

2026-08-23T10:16:56.290Z,34.46,66.47

2026-08-23T10:17:01.276Z,34.5,66.41

2026-08-23T10:17:06.276Z,34.52,66.47

2026-08-23T10:17:11.276Z,34.49,66.46

2026-08-23T10:17:16.276Z,34.49,66.48

2026-08-23T10:17:21.277Z,34.5,66.44

2026-08-23T10:17:26.290Z,34.49,66.47

2026-08-23T10:17:31.282Z,34.49,66.37

2026-08-23T10:17:36.279Z,34.48,66.36

2026-08-23T10:17:41.280Z,34.48,66.41

2026-08-23T10:17:46.279Z,34.49,66.4

2026-08-23T10:17:51.280Z,34.51,66.4

2026-08-23T10:17:56.292Z,34.48,66.46

2026-08-23T10:18:01.281Z,34.49,66.28

2026-08-23T10:18:06.279Z,34.48,66.3

2026-08-23T10:18:11.281Z,34.46,66.35

2026-08-23T10:18:16.278Z,34.47,66.33

2026-08-23T10:18:21.290Z,34.48,66.35

2026-08-23T10:18:26.302Z,34.49,66.45

2026-08-23T10:18:31.290Z,34.48,66.31

2026-08-23T10:18:36.294Z,34.47,66.33

2026-08-23T10:18:41.293Z,34.47,66.31

2026-08-23T10:18:46.293Z,34.49,66.35

2026-08-23T10:18:51.297Z,34.49,66.34

2026-08-23T10:18:56.304Z,34.49,66.35

2026-08-23T10:19:01.297Z,34.48,66.35

2026-08-23T10:19:06.300Z,34.48,66.37

2026-08-23T10:19:11.298Z,34.5,66.34

2026-08-23T10:19:16.299Z,34.48,66.36

2026-08-23T10:19:21.314Z,34.5,66.36

2026-08-23T10:19:26.323Z,34.46,66.42

2026-08-23T10:19:31.313Z,34.47,66.35

2026-08-23T10:19:36.314Z,34.46,66.32

2026-08-23T10:19:41.314Z,34.48,66.34

2026-08-23T10:19:46.315Z,34.49,66.33

2026-08-23T10:19:51.316Z,34.48,66.36

2026-08-23T10:19:56.327Z,34.47,66.38

2026-08-23T10:20:01.315Z,34.49,66.33

2026-08-23T10:20:06.315Z,34.46,66.36

2026-08-23T10:20:11.314Z,34.48,66.33

2026-08-23T10:20:16.315Z,34.48,66.35

2026-08-23T10:20:21.315Z,34.47,66.33

2026-08-23T10:20:26.327Z,34.46,66.34

2026-08-23T10:20:31.316Z,34.49,66.34

2026-08-23T10:20:36.317Z,34.47,66.43

2026-08-23T10:20:41.318Z,34.48,66.37

2026-08-23T10:20:46.316Z,34.46,66.39

2026-08-23T10:20:51.321Z,34.5,66.34

2026-08-23T10:20:56.327Z,34.48,66.44

2026-08-23T10:21:01.318Z,34.47,66.37

2026-08-23T10:21:06.319Z,34.48,66.4

2026-08-23T10:21:11.319Z,34.49,66.39

2026-08-23T10:21:16.320Z,34.48,66.46

2026-08-23T10:21:21.327Z,34.48,66.47

2026-08-23T10:21:26.338Z,34.49,66.42

2026-08-23T10:21:31.324Z,34.47,66.42

2026-08-23T10:21:36.326Z,34.49,66.45

2026-08-23T10:21:41.325Z,34.48,66.37

2026-08-23T10:21:46.324Z,34.5,66.35

2026-08-23T10:21:51.325Z,34.49,66.4

2026-08-23T10:21:56.338Z,34.48,66.44

2026-08-23T10:22:01.325Z,34.49,66.36

2026-08-23T10:22:06.326Z,34.49,66.4

2026-08-23T10:22:11.325Z,34.48,66.47

2026-08-23T10:22:16.326Z,34.48,66.38

2026-08-23T10:22:21.345Z,34.5,66.39

2026-08-23T10:22:26.354Z,34.51,66.41

2026-08-23T10:22:31.343Z,34.5,66.42

2026-08-23T10:22:36.340Z,34.48,66.39

2026-08-23T10:22:41.338Z,34.49,66.41

2026-08-23T10:22:46.337Z,34.5,66.4

2026-08-23T10:22:51.353Z,34.5,66.42

2026-08-23T10:22:56.366Z,34.52,66.37

2026-08-23T10:23:01.354Z,34.49,66.33

2026-08-23T10:23:06.356Z,34.5,66.3

2026-08-23T10:23:11.356Z,34.53,66.34

2026-08-23T10:23:16.356Z,34.52,66.3

2026-08-23T10:23:21.367Z,34.53,66.33

2026-08-23T10:23:26.372Z,34.51,66.31

2026-08-23T10:23:31.362Z,34.53,66.3

2026-08-23T10:23:36.363Z,34.5,66.31

2026-08-23T10:23:41.360Z,34.51,66.29

2026-08-23T10:23:46.361Z,34.52,66.28

2026-08-23T10:23:51.367Z,34.53,66.27

2026-08-23T10:23:56.378Z,34.52,66.31

2026-08-23T10:24:01.369Z,34.52,66.29

2026-08-23T10:24:06.367Z,34.52,66.36

2026-08-23T10:24:11.368Z,34.52,66.32

2026-08-23T10:24:16.369Z,34.53,66.34

2026-08-23T10:24:21.376Z,34.51,66.37

2026-08-23T10:24:26.388Z,34.51,66.48

2026-08-23T10:24:31.373Z,34.54,66.4

2026-08-23T10:24:36.377Z,34.51,66.4

2026-08-23T10:24:41.375Z,34.53,66.36

2026-08-23T10:24:46.376Z,34.53,66.39

2026-08-23T10:24:51.379Z,34.53,66.46

2026-08-23T10:24:56.387Z,34.54,66.5

2026-08-23T10:25:01.377Z,34.54,66.44

2026-08-23T10:25:06.378Z,34.54,66.42

2026-08-23T10:25:11.377Z,34.53,66.5

2026-08-23T10:25:16.379Z,34.54,66.48

2026-08-23T10:25:21.379Z,34.53,66.45

2026-08-23T10:25:26.390Z,34.51,66.58

2026-08-23T10:25:31.380Z,34.54,66.52

2026-08-23T10:25:36.379Z,34.54,66.56

2026-08-23T10:25:41.380Z,34.52,66.68

2026-08-23T10:25:46.382Z,34.53,66.67

2026-08-23T10:25:51.382Z,34.54,66.61

2026-08-23T10:25:56.398Z,34.53,66.66

2026-08-23T10:26:01.385Z,34.53,66.66

2026-08-23T10:26:06.386Z,34.54,66.68

2026-08-23T10:26:11.384Z,34.54,66.65

2026-08-23T10:26:16.386Z,34.53,66.69

2026-08-23T10:26:21.406Z,34.54,66.68

2026-08-23T10:26:26.415Z,34.54,66.67

2026-08-23T10:26:31.403Z,34.54,66.7

2026-08-23T10:26:36.404Z,34.53,66.67

2026-08-23T10:26:41.404Z,34.53,66.66

2026-08-23T10:26:46.418Z,34.53,66.73

2026-08-23T10:26:51.405Z,34.52,66.68

2026-08-23T10:26:56.408Z,34.54,66.73

2026-08-23T10:27:01.407Z,34.54,66.74

2026-08-23T10:27:06.405Z,34.55,66.69

2026-08-23T10:27:11.407Z,34.54,66.7

2026-08-23T10:27:16.419Z,34.54,66.82

2026-08-23T10:27:21.406Z,34.55,66.76

2026-08-23T10:27:26.408Z,34.52,66.73

2026-08-23T10:27:31.407Z,34.53,66.68

2026-08-23T10:27:36.410Z,34.55,66.75

2026-08-23T10:27:41.413Z,34.56,66.69

2026-08-23T10:27:46.429Z,34.53,66.77

2026-08-23T10:27:51.413Z,34.53,66.72

2026-08-23T10:27:56.414Z,34.54,66.74

2026-08-23T10:28:01.415Z,34.53,66.8

2026-08-23T10:28:06.415Z,34.53,66.76

2026-08-23T10:28:11.426Z,34.54,66.72

2026-08-23T10:28:16.436Z,34.55,66.74

2026-08-23T10:28:21.425Z,34.55,66.73

2026-08-23T10:28:26.424Z,34.55,66.7

2026-08-23T10:28:31.425Z,34.54,66.66

2026-08-23T10:28:36.424Z,34.55,66.72

2026-08-23T10:28:41.435Z,34.57,66.75

2026-08-23T10:28:46.445Z,34.52,66.76

2026-08-23T10:28:51.433Z,34.53,66.7

2026-08-23T10:28:56.433Z,34.56,66.74

2026-08-23T10:29:01.436Z,34.54,66.77

2026-08-23T10:29:06.432Z,34.54,66.86

2026-08-23T10:29:11.435Z,34.55,66.8

2026-08-23T10:29:16.444Z,34.56,66.81

2026-08-23T10:29:21.435Z,34.55,66.82

2026-08-23T10:29:26.439Z,34.53,66.79

2026-08-23T10:29:31.438Z,34.56,66.84

2026-08-23T10:29:36.438Z,34.56,66.8

2026-08-23T10:29:41.453Z,34.52,66.79

2026-08-23T10:29:46.463Z,34.52,66.88

2026-08-23T10:29:51.453Z,34.55,66.82

2026-08-23T10:29:56.453Z,34.54,66.77

2026-08-23T10:30:01.452Z,34.56,66.82

2026-08-23T10:30:06.454Z,34.56,66.87

2026-08-23T10:30:11.467Z,34.54,66.79

2026-08-23T10:30:16.478Z,34.54,66.84

2026-08-23T10:30:21.468Z,34.55,66.87

2026-08-23T10:30:26.468Z,34.56,66.81

2026-08-23T10:30:31.465Z,34.56,66.82

2026-08-23T10:30:36.469Z,34.55,66.88

2026-08-23T10:30:41.479Z,34.55,66.75

2026-08-23T10:30:46.490Z,34.54,66.85

2026-08-23T10:30:51.477Z,34.57,66.9

2026-08-23T10:30:56.477Z,34.56,66.87

2026-08-23T10:31:01.478Z,34.56,66.9

2026-08-23T10:31:06.479Z,34.58,66.9

2026-08-23T10:31:11.492Z,34.56,66.86

2026-08-23T10:31:16.507Z,34.54,66.9

2026-08-23T10:31:21.490Z,34.55,66.89

2026-08-23T10:31:26.491Z,34.55,66.82

2026-08-23T10:31:31.491Z,34.55,66.9

2026-08-23T10:31:36.491Z,34.56,66.86

2026-08-23T10:31:41.496Z,34.57,66.87

2026-08-23T10:31:46.504Z,34.55,66.9

2026-08-23T10:31:51.492Z,34.56,66.82

2026-08-23T10:31:56.494Z,34.55,66.85

2026-08-23T10:32:01.493Z,34.57,66.89

2026-08-23T10:32:06.492Z,34.57,66.88

2026-08-23T10:32:11.496Z,34.54,66.89

2026-08-23T10:32:16.507Z,34.57,66.89

2026-08-23T10:32:21.493Z,34.57,66.91

2026-08-23T10:32:26.494Z,34.57,66.87

2026-08-23T10:32:31.494Z,34.57,66.81

2026-08-23T10:32:36.495Z,34.59,66.89

2026-08-23T10:32:41.500Z,34.58,66.9

2026-08-23T10:32:46.506Z,34.59,66.91

2026-08-23T10:32:51.496Z,34.59,66.9

2026-08-23T10:32:56.496Z,34.58,66.91

2026-08-23T10:33:01.497Z,34.58,66.99

2026-08-23T10:33:06.499Z,34.59,66.96

2026-08-23T10:33:11.509Z,34.59,66.93

2026-08-23T10:33:16.522Z,34.58,66.97

2026-08-23T10:33:21.507Z,34.59,66.96

2026-08-23T10:33:26.511Z,34.58,66.97

2026-08-23T10:33:31.507Z,34.58,66.95

2026-08-23T10:33:36.506Z,34.58,66.94

2026-08-23T10:33:41.518Z,34.58,67.03

2026-08-23T10:33:46.526Z,34.57,66.99

2026-08-23T10:33:51.515Z,34.58,67.02

2026-08-23T10:33:56.517Z,34.57,67.05

2026-08-23T10:34:01.518Z,34.57,67.03

2026-08-23T10:34:06.517Z,34.57,67.05

2026-08-23T10:34:11.530Z,34.6,67.05

2026-08-23T10:34:16.539Z,34.58,67.1

2026-08-23T10:34:21.529Z,34.57,67.13

2026-08-23T10:34:26.529Z,34.57,67.06

2026-08-23T10:34:31.529Z,34.57,67.13

2026-08-23T10:34:36.532Z,34.59,67.03

2026-08-23T10:34:41.549Z,34.59,67.1

2026-08-23T10:34:46.555Z,34.56,67.15

2026-08-23T10:34:51.546Z,34.57,67.07

2026-08-23T10:34:56.545Z,34.57,67.1

2026-08-23T10:35:01.546Z,34.59,67.12

2026-08-23T10:35:06.546Z,34.57,67.16

2026-08-23T10:35:11.553Z,34.57,67.1

2026-08-23T10:35:16.567Z,34.57,67.26

2026-08-23T10:35:21.551Z,34.59,67.17

2026-08-23T10:35:26.552Z,34.57,67.2

2026-08-23T10:35:31.550Z,34.59,67.17

2026-08-23T10:35:36.551Z,34.58,67.19

2026-08-23T10:35:41.558Z,34.57,67.19

2026-08-23T10:35:46.569Z,34.58,67.15

2026-08-23T10:35:51.555Z,34.56,67.14

2026-08-23T10:35:56.556Z,34.57,67.15

2026-08-23T10:36:01.556Z,34.57,67.19

2026-08-23T10:36:06.556Z,34.59,67.12

2026-08-23T10:36:11.558Z,34.6,67.2

2026-08-23T10:36:16.571Z,34.58,67.26

2026-08-23T10:36:21.558Z,34.61,67.17

2026-08-23T10:36:26.559Z,34.59,67.14

2026-08-23T10:36:31.560Z,34.59,67.17

2026-08-23T10:36:36.558Z,34.59,67.18

2026-08-23T10:36:41.559Z,34.58,67.19

2026-08-23T10:36:46.573Z,34.59,67.23

2026-08-23T10:36:51.559Z,34.61,67.18

2026-08-23T10:36:56.558Z,34.61,67.2

2026-08-23T10:37:01.564Z,34.59,67.19

2026-08-23T10:37:06.564Z,34.58,67.28

2026-08-23T10:37:11.572Z,34.59,67.23

2026-08-23T10:37:16.586Z,34.58,67.33

2026-08-23T10:37:21.570Z,34.58,67.27

2026-08-23T10:37:26.571Z,34.59,67.25

2026-08-23T10:37:31.571Z,34.57,67.27

2026-08-23T10:37:36.571Z,34.57,67.29

2026-08-23T10:37:41.582Z,34.57,67.32

2026-08-23T10:37:46.591Z,34.56,67.39

2026-08-23T10:37:51.581Z,34.56,67.34

2026-08-23T10:37:56.583Z,34.57,67.41

2026-08-23T10:38:01.581Z,34.57,67.45

2026-08-23T10:38:06.598Z,34.56,67.51

2026-08-23T10:38:11.583Z,34.53,67.43

2026-08-23T10:38:16.584Z,34.55,67.51

2026-08-23T10:38:21.583Z,34.55,67.55

2026-08-23T10:38:26.585Z,34.56,67.52

2026-08-23T10:38:31.585Z,34.55,67.59

2026-08-23T10:38:36.599Z,34.54,67.6

2026-08-23T10:38:41.583Z,34.55,67.62

2026-08-23T10:38:46.589Z,34.54,67.62

2026-08-23T10:38:51.586Z,34.54,67.61

2026-08-23T10:38:56.587Z,34.55,67.54

2026-08-23T10:39:01.588Z,34.54,67.63

2026-08-23T10:39:06.600Z,34.53,67.71

2026-08-23T10:39:11.587Z,34.53,67.71

2026-08-23T10:39:16.588Z,34.54,67.7

2026-08-23T10:39:21.589Z,34.52,67.71

2026-08-23T10:39:26.590Z,34.54,67.77

2026-08-23T10:39:31.599Z,34.54,67.76

2026-08-23T10:39:36.609Z,34.52,67.81

2026-08-23T10:39:41.598Z,34.52,67.8

2026-08-23T10:39:46.598Z,34.53,67.81

2026-08-23T10:39:51.598Z,34.53,67.75

2026-08-23T10:39:56.600Z,34.53,67.79

2026-08-23T10:40:01.606Z,34.51,67.8

2026-08-23T10:40:06.618Z,34.52,67.8

2026-08-23T10:40:11.602Z,34.52,67.88

2026-08-23T10:40:16.604Z,34.52,67.9

2026-08-23T10:40:21.604Z,34.52,67.9

2026-08-23T10:40:26.603Z,34.52,67.96

2026-08-23T10:40:31.621Z,34.51,67.97

2026-08-23T10:40:36.632Z,34.51,68.05

2026-08-23T10:40:41.618Z,34.51,67.96

2026-08-23T10:40:46.619Z,34.51,67.97

2026-08-23T10:40:51.622Z,34.51,67.93

2026-08-23T10:40:56.621Z,34.5,67.96

2026-08-23T10:41:01.631Z,34.51,67.99

2026-08-23T10:41:06.650Z,34.52,68.03

2026-08-23T10:41:11.632Z,34.51,68.09

2026-08-23T10:41:16.632Z,34.51,68.1

2026-08-23T10:41:21.632Z,34.51,68.1

2026-08-23T10:41:26.632Z,34.5,68.11

2026-08-23T10:41:31.640Z,34.5,68.04

2026-08-23T10:41:36.651Z,34.49,68.13

2026-08-23T10:41:41.638Z,34.52,68.08

2026-08-23T10:41:46.640Z,34.51,68.01

2026-08-23T10:41:51.639Z,34.51,68.07

2026-08-23T10:41:56.641Z,34.52,68.04

2026-08-23T10:42:01.650Z,34.52,68.08

2026-08-23T10:42:06.664Z,34.52,68.13

2026-08-23T10:42:11.646Z,34.52,68.05

2026-08-23T10:42:16.648Z,34.53,68.12

2026-08-23T10:42:21.651Z,34.52,68.1

2026-08-23T10:42:26.650Z,34.52,68.08

2026-08-23T10:42:31.661Z,34.52,68.14

2026-08-23T10:42:36.673Z,34.52,68.17

2026-08-23T10:42:41.662Z,34.52,68.19

2026-08-23T10:42:46.661Z,34.52,68.16

2026-08-23T10:42:51.660Z,34.53,68.22

2026-08-23T10:42:56.662Z,34.53,68.17

2026-08-23T10:43:01.667Z,34.52,68.15

2026-08-23T10:43:06.676Z,34.52,68.18

2026-08-23T10:43:11.664Z,34.53,68.14

2026-08-23T10:43:16.665Z,34.54,68.15

2026-08-23T10:43:21.665Z,34.53,68.16

2026-08-23T10:43:26.663Z,34.53,68.19

2026-08-23T10:43:31.669Z,34.5,68.22

2026-08-23T10:43:36.678Z,34.53,68.2

2026-08-23T10:43:41.668Z,34.51,68.2

2026-08-23T10:43:46.667Z,34.53,68.25

2026-08-23T10:43:51.667Z,34.55,68.2

2026-08-23T10:43:56.667Z,34.54,68.25

2026-08-23T10:44:01.672Z,34.55,68.29

2026-08-23T10:44:06.683Z,34.52,68.24

2026-08-23T10:44:11.673Z,34.54,68.21

2026-08-23T10:44:16.670Z,34.53,68.21

2026-08-23T10:44:21.668Z,34.54,68.19

2026-08-23T10:44:26.674Z,34.53,68.27

2026-08-23T10:44:31.688Z,34.53,68.23

2026-08-23T10:44:36.698Z,34.55,68.25

2026-08-23T10:44:41.688Z,34.54,68.24

2026-08-23T10:44:46.686Z,34.55,68.24

2026-08-23T10:44:51.686Z,34.51,68.22

2026-08-23T10:44:56.686Z,34.53,68.25

2026-08-23T10:45:01.697Z,34.54,68.32

2026-08-23T10:45:06.702Z,34.53,68.35

2026-08-23T10:45:11.694Z,34.53,68.28

2026-08-23T10:45:16.696Z,34.52,68.16

2026-08-23T10:45:21.699Z,34.51,68.26

2026-08-23T10:45:26.696Z,34.52,68.21

2026-08-23T10:45:31.707Z,34.53,68.28

2026-08-23T10:45:36.723Z,34.52,68.24

2026-08-23T10:45:41.707Z,34.52,68.16

2026-08-23T10:45:46.708Z,34.52,68.24

2026-08-23T10:45:51.707Z,34.51,68.22

2026-08-23T10:45:56.710Z,34.52,68.22

2026-08-23T10:46:01.712Z,34.53,68.2

2026-08-23T10:46:06.724Z,34.52,68.28

2026-08-23T10:46:11.709Z,34.52,68.29

2026-08-23T10:46:16.711Z,34.52,68.29

2026-08-23T10:46:21.709Z,34.53,68.31

2026-08-23T10:46:26.711Z,34.51,68.24

2026-08-23T10:46:31.717Z,34.54,68.23

2026-08-23T10:46:36.726Z,34.52,68.27

2026-08-23T10:46:41.716Z,34.51,68.19

2026-08-23T10:46:46.716Z,34.51,68.2

2026-08-23T10:46:51.715Z,34.54,68.21

2026-08-23T10:46:56.716Z,34.53,68.14

2026-08-23T10:47:01.715Z,34.53,68.19

2026-08-23T10:47:06.728Z,34.53,68.23

2026-08-23T10:47:11.717Z,34.54,68.17

2026-08-23T10:47:16.718Z,34.53,68.15

2026-08-23T10:47:21.716Z,34.54,68.21

2026-08-23T10:47:26.718Z,34.54,68.18

2026-08-23T10:47:31.718Z,34.52,68.12

2026-08-23T10:47:36.734Z,34.51,68.19

2026-08-23T10:47:41.720Z,34.54,68.2

2026-08-23T10:47:46.719Z,34.54,68.19

2026-08-23T10:47:51.720Z,34.51,68.25

2026-08-23T10:47:56.721Z,34.52,68.23

2026-08-23T10:48:01.732Z,34.51,68.22

2026-08-23T10:48:06.750Z,34.51,68.25

2026-08-23T10:48:11.737Z,34.53,68.19

2026-08-23T10:48:16.734Z,34.52,68.24

2026-08-23T10:48:21.735Z,34.53,68.17

2026-08-23T10:48:26.733Z,34.54,68.24

2026-08-23T10:48:31.745Z,34.52,68.17

2026-08-23T10:48:36.757Z,34.52,68.22

2026-08-23T10:48:41.743Z,34.52,68.23

2026-08-23T10:48:46.744Z,34.52,68.15

2026-08-23T10:48:51.744Z,34.54,68.15

2026-08-23T10:48:56.745Z,34.55,68.23

2026-08-23T10:49:01.758Z,34.53,68.2

2026-08-23T10:49:06.767Z,34.53,68.22

2026-08-23T10:49:11.758Z,34.54,68.13

2026-08-23T10:49:16.758Z,34.51,68.21

2026-08-23T10:49:21.757Z,34.54,68.23

2026-08-23T10:49:26.758Z,34.53,68.24

2026-08-23T10:49:31.759Z,34.52,68.24

2026-08-23T10:49:36.770Z,34.54,68.31

2026-08-23T10:49:41.759Z,34.53,68.28

2026-08-23T10:49:46.760Z,34.53,68.23

2026-08-23T10:49:51.759Z,34.53,68.2

2026-08-23T10:49:56.759Z,34.52,68.25

2026-08-23T10:50:01.771Z,34.52,68.2

2026-08-23T10:50:06.783Z,34.53,68.23

2026-08-23T10:50:11.769Z,34.52,68.19

2026-08-23T10:50:16.771Z,34.53,68.17

2026-08-23T10:50:21.770Z,34.52,68.14

2026-08-23T10:50:26.771Z,34.54,68.15

2026-08-23T10:50:31.777Z,34.52,68.18

2026-08-23T10:50:36.787Z,34.53,68.19

2026-08-23T10:50:41.775Z,34.53,68.17

2026-08-23T10:50:46.778Z,34.53,68.15

2026-08-23T10:50:51.774Z,34.53,68.14

2026-08-23T10:50:56.778Z,34.52,68.19

2026-08-23T10:51:01.781Z,34.55,68.18

2026-08-23T10:51:06.788Z,34.53,68.15

2026-08-23T10:51:11.779Z,34.54,68.16

2026-08-23T10:51:16.780Z,34.53,68.14

2026-08-23T10:51:21.782Z,34.53,68.14

2026-08-23T10:51:26.779Z,34.55,68.17

2026-08-23T10:51:31.806Z,34.53,68.11

2026-08-23T10:51:36.814Z,34.54,68.18

2026-08-23T10:51:41.803Z,34.54,68.12

2026-08-23T10:51:46.807Z,34.54,68.15

2026-08-23T10:51:51.805Z,34.54,68.13

2026-08-23T10:51:56.807Z,34.54,68.13

2026-08-23T10:52:01.809Z,34.54,68.12

2026-08-23T10:52:06.825Z,34.53,68.18

2026-08-23T10:52:11.804Z,34.55,68.17

2026-08-23T10:52:16.807Z,34.54,68.11

2026-08-23T10:52:21.806Z,34.55,68.13

2026-08-23T10:52:26.822Z,34.53,68.18

2026-08-23T10:52:31.808Z,34.54,68.1

2026-08-23T10:52:36.808Z,34.54,68.14

2026-08-23T10:52:41.807Z,34.52,68.12

2026-08-23T10:52:46.809Z,34.54,68.13

2026-08-23T10:52:51.817Z,34.53,68.06

2026-08-23T10:52:56.830Z,34.53,68.11

2026-08-23T10:53:01.816Z,34.54,68.11

2026-08-23T10:53:06.815Z,34.54,68.12

2026-08-23T10:53:11.814Z,34.55,68.06

2026-08-23T10:53:16.816Z,34.55,68.13

2026-08-23T10:53:21.819Z,34.56,68.14

2026-08-23T10:53:26.830Z,34.56,68.19

2026-08-23T10:53:31.816Z,34.54,68.19

2026-08-23T10:53:36.820Z,34.57,68.16

2026-08-23T10:53:41.821Z,34.56,68.13

2026-08-23T10:53:46.819Z,34.54,68.13

2026-08-23T10:53:51.827Z,34.56,68.18

2026-08-23T10:53:56.843Z,34.54,68.2

2026-08-23T10:54:01.825Z,34.54,68.19

2026-08-23T10:54:06.826Z,34.54,68.12

2026-08-23T10:54:11.826Z,34.55,68.18

2026-08-23T10:54:16.826Z,34.55,68.22

2026-08-23T10:54:21.830Z,34.55,68.15

2026-08-23T10:54:26.843Z,34.55,68.17

2026-08-23T10:54:31.829Z,34.58,68.18

2026-08-23T10:54:36.828Z,34.57,68.19

2026-08-23T10:54:41.829Z,34.56,68.14

2026-08-23T10:54:46.829Z,34.58,68.14

2026-08-23T10:54:51.829Z,34.57,68.17

2026-08-23T10:54:56.847Z,34.55,68.17

2026-08-23T10:55:01.828Z,34.56,68.11

2026-08-23T10:55:06.830Z,34.57,68.05

2026-08-23T10:55:11.830Z,34.55,68.11

2026-08-23T10:55:16.831Z,34.55,68.08

2026-08-23T10:55:21.840Z,34.54,68.05

2026-08-23T10:55:26.855Z,34.55,68.08

2026-08-23T10:55:31.840Z,34.54,68.05

2026-08-23T10:55:36.839Z,34.54,68.02

2026-08-23T10:55:41.840Z,34.56,68.02

2026-08-23T10:55:46.842Z,34.55,67.99

2026-08-23T10:55:51.849Z,34.55,68

2026-08-23T10:55:56.860Z,34.53,68.01

2026-08-23T10:56:01.848Z,34.54,67.98

2026-08-23T10:56:06.850Z,34.56,67.96

2026-08-23T10:56:11.850Z,34.55,67.93

2026-08-23T10:56:16.850Z,34.56,67.94

2026-08-23T10:56:21.858Z,34.56,67.81

2026-08-23T10:56:26.868Z,34.54,67.87

2026-08-23T10:56:31.856Z,34.56,67.86

2026-08-23T10:56:36.857Z,34.56,67.87

2026-08-23T10:56:41.857Z,34.56,67.87

2026-08-23T10:56:46.869Z,34.56,67.85

2026-08-23T10:56:51.857Z,34.55,67.87

2026-08-23T10:56:56.858Z,34.54,67.82

2026-08-23T10:57:01.857Z,34.55,67.86

2026-08-23T10:57:06.858Z,34.55,67.9

2026-08-23T10:57:11.863Z,34.57,67.79

2026-08-23T10:57:16.872Z,34.55,67.81

2026-08-23T10:57:21.863Z,34.56,67.75

2026-08-23T10:57:26.862Z,34.55,67.72

2026-08-23T10:57:31.861Z,34.54,67.77

2026-08-23T10:57:36.862Z,34.57,67.7

2026-08-23T10:57:41.867Z,34.53,67.76

2026-08-23T10:57:46.880Z,34.54,67.77

2026-08-23T10:57:51.867Z,34.54,67.79

2026-08-23T10:57:56.866Z,34.53,67.78

2026-08-23T10:58:01.867Z,34.55,67.79

2026-08-23T10:58:06.867Z,34.54,67.7

2026-08-23T10:58:11.880Z,34.55,67.76

2026-08-23T10:58:16.892Z,34.54,67.74

2026-08-23T10:58:21.880Z,34.55,67.74

2026-08-23T10:58:26.879Z,34.57,67.74

2026-08-23T10:58:31.880Z,34.57,67.68

2026-08-23T10:58:36.882Z,34.56,67.72

2026-08-23T10:58:41.891Z,34.57,67.71

2026-08-23T10:58:46.901Z,34.56,67.74

2026-08-23T10:58:51.888Z,34.56,67.67

2026-08-23T10:58:56.893Z,34.56,67.67

2026-08-23T10:59:01.889Z,34.55,67.69

2026-08-23T10:59:06.891Z,34.56,67.75

2026-08-23T10:59:11.898Z,34.57,67.68

2026-08-23T10:59:16.906Z,34.57,67.74

2026-08-23T10:59:21.895Z,34.57,67.78

2026-08-23T10:59:26.895Z,34.55,67.74

2026-08-23T10:59:31.895Z,34.55,67.73

2026-08-23T10:59:36.899Z,34.54,67.66

2026-08-23T10:59:41.904Z,34.52,67.72

2026-08-23T10:59:46.914Z,34.54,67.73

2026-08-23T10:59:51.902Z,34.51,67.69

2026-08-23T10:59:56.903Z,34.55,67.7

2026-08-23T11:00:01.902Z,34.52,67.71

2026-08-23T11:00:06.904Z,34.54,67.79

2026-08-23T11:00:11.915Z,34.53,67.79

2026-08-23T11:00:16.924Z,34.52,67.81

2026-08-23T11:00:21.912Z,34.52,67.81

2026-08-23T11:00:26.913Z,34.52,67.8

2026-08-23T11:00:31.913Z,34.51,67.84

2026-08-23T11:00:36.914Z,34.5,67.85

2026-08-23T11:00:41.931Z,34.5,67.83

2026-08-23T11:00:46.943Z,34.48,67.87

2026-08-23T11:00:51.928Z,34.49,67.96

2026-08-23T11:00:56.929Z,34.47,67.96

2026-08-23T11:01:01.928Z,34.49,67.95

2026-08-23T11:01:06.928Z,34.48,67.92

2026-08-23T11:01:11.934Z,34.47,68

2026-08-23T11:01:16.949Z,34.47,68.03

2026-08-23T11:01:21.935Z,34.46,68.09

2026-08-23T11:01:26.937Z,34.45,68.05

2026-08-23T11:01:31.936Z,34.45,68.13

2026-08-23T11:01:36.936Z,34.46,68.05

2026-08-23T11:01:41.939Z,34.44,68.16

2026-08-23T11:01:46.947Z,34.44,68.09

2026-08-23T11:01:51.937Z,34.45,68.09

2026-08-23T11:01:56.937Z,34.45,68.13

2026-08-23T11:02:01.937Z,34.44,68.18

2026-08-23T11:02:06.937Z,34.44,68.24

2026-08-23T11:02:11.937Z,34.42,68.19

2026-08-23T11:02:16.950Z,34.43,68.26

2026-08-23T11:02:21.938Z,34.44,68.25

2026-08-23T11:02:26.941Z,34.42,68.26

2026-08-23T11:02:31.938Z,34.44,68.33

2026-08-23T11:02:36.938Z,34.43,68.24

2026-08-23T11:02:41.958Z,34.43,68.27

2026-08-23T11:02:46.969Z,34.42,68.3

2026-08-23T11:02:51.954Z,34.41,68.21

2026-08-23T11:02:56.955Z,34.42,68.25

2026-08-23T11:03:01.956Z,34.44,68.2

2026-08-23T11:03:06.956Z,34.43,68.17

2026-08-23T11:03:11.968Z,34.4,68.22

2026-08-23T11:03:16.976Z,34.4,68.24

2026-08-23T11:03:21.965Z,34.4,68.17

2026-08-23T11:03:26.966Z,34.41,68.16

2026-08-23T11:03:31.965Z,34.42,68.15

2026-08-23T11:03:36.967Z,34.4,68.11

2026-08-23T11:03:41.969Z,34.41,68.14

2026-08-23T11:03:46.979Z,34.4,68.15

2026-08-23T11:03:51.968Z,34.4,68.12

2026-08-23T11:03:56.969Z,34.37,68.07

2026-08-23T11:04:01.968Z,34.39,68.09

2026-08-23T11:04:06.971Z,34.37,68.11

2026-08-23T11:04:11.977Z,34.37,68.15

2026-08-23T11:04:16.990Z,34.37,68.2

2026-08-23T11:04:21.977Z,34.39,68.14

2026-08-23T11:04:26.977Z,34.38,68.17

2026-08-23T11:04:31.977Z,34.37,68.15

2026-08-23T11:04:36.977Z,34.37,68.14

2026-08-23T11:04:41.978Z,34.35,68.17

2026-08-23T11:04:46.989Z,34.35,68.19

2026-08-23T11:04:51.978Z,34.38,68.2

2026-08-23T11:04:56.978Z,34.38,68.12

2026-08-23T11:05:01.977Z,34.35,68.15

2026-08-23T11:05:06.980Z,34.37,68.2

2026-08-23T11:05:11.986Z,34.36,68.18

2026-08-23T11:05:16.997Z,34.38,68.29

2026-08-23T11:05:21.986Z,34.37,68.2

2026-08-23T11:05:26.985Z,34.36,68.23

2026-08-23T11:05:31.987Z,34.35,68.24

2026-08-23T11:05:36.986Z,34.36,68.3

2026-08-23T11:05:41.988Z,34.37,68.31

2026-08-23T11:05:47.002Z,34.34,68.28

2026-08-23T11:05:51.988Z,34.37,68.25

2026-08-23T11:05:56.988Z,34.36,68.32

2026-08-23T11:06:01.988Z,34.34,68.31

2026-08-23T11:06:06.991Z,34.35,68.32

2026-08-23T11:06:12.000Z,34.35,68.31

2026-08-23T11:06:17.015Z,34.34,68.35

2026-08-23T11:06:21.997Z,34.36,68.32

2026-08-23T11:06:27.000Z,34.37,68.35

2026-08-23T11:06:31.997Z,34.35,68.38

2026-08-23T11:06:36.998Z,34.34,68.42

2026-08-23T11:06:42.016Z,34.36,68.45

2026-08-23T11:06:47.023Z,34.32,68.52

2026-08-23T11:06:52.015Z,34.34,68.52

2026-08-23T11:06:57.015Z,34.35,68.47

2026-08-23T11:07:02.017Z,34.36,68.54

2026-08-23T11:07:07.018Z,34.35,68.45

2026-08-23T11:07:12.026Z,34.35,68.52

2026-08-23T11:07:17.036Z,34.36,68.56

2026-08-23T11:07:22.025Z,34.34,68.5

2026-08-23T11:07:27.027Z,34.34,68.54

2026-08-23T11:07:32.024Z,34.37,68.52

2026-08-23T11:07:37.027Z,34.35,68.53

2026-08-23T11:07:42.031Z,34.33,68.53

2026-08-23T11:07:47.041Z,34.32,68.53

2026-08-23T11:07:52.029Z,34.32,68.53

2026-08-23T11:07:57.030Z,34.34,68.52

2026-08-23T11:08:02.030Z,34.32,68.54

2026-08-23T11:08:07.029Z,34.33,68.53

2026-08-23T11:08:12.030Z,34.33,68.53

2026-08-23T11:08:17.042Z,34.33,68.59

2026-08-23T11:08:22.030Z,34.35,68.51

2026-08-23T11:08:27.031Z,34.33,68.51

2026-08-23T11:08:32.031Z,34.32,68.6

2026-08-23T11:08:37.032Z,34.34,68.54

2026-08-23T11:08:42.034Z,34.34,68.5

2026-08-23T11:08:47.041Z,34.33,68.55

2026-08-23T11:08:52.030Z,34.34,68.51

2026-08-23T11:08:57.031Z,34.36,68.49

2026-08-23T11:09:02.032Z,34.33,68.52

2026-08-23T11:09:07.032Z,34.33,68.46

2026-08-23T11:09:12.031Z,34.34,68.43

2026-08-23T11:09:17.045Z,34.34,68.44

2026-08-23T11:09:22.032Z,34.36,68.48

2026-08-23T11:09:27.033Z,34.35,68.43

2026-08-23T11:09:32.035Z,34.35,68.46

2026-08-23T11:09:37.033Z,34.35,68.45

2026-08-23T11:09:42.034Z,34.32,68.42

2026-08-23T11:09:47.048Z,34.32,68.37

2026-08-23T11:09:52.035Z,34.35,68.25

2026-08-23T11:09:57.033Z,34.34,68.28

2026-08-23T11:10:02.037Z,34.33,68.26

2026-08-23T11:10:07.039Z,34.35,68.31

2026-08-23T11:10:12.040Z,34.33,68.24

2026-08-23T11:10:17.058Z,34.34,68.29

2026-08-23T11:10:22.038Z,34.35,68.31

2026-08-23T11:10:27.039Z,34.34,68.26

2026-08-23T11:10:32.039Z,34.34,68.29

2026-08-23T11:10:37.040Z,34.35,68.27

2026-08-23T11:10:42.073Z,34.34,68.29

2026-08-23T11:10:47.086Z,34.35,68.3

2026-08-23T11:10:52.075Z,34.37,68.33

2026-08-23T11:10:57.074Z,34.37,68.31

2026-08-23T11:11:02.074Z,34.36,68.25

2026-08-23T11:11:07.075Z,34.38,68.22

2026-08-23T11:11:12.073Z,34.36,68.19

2026-08-23T11:11:17.086Z,34.37,68.22

2026-08-23T11:11:22.078Z,34.37,68.17

2026-08-23T11:11:27.075Z,34.38,68.12

2026-08-23T11:11:32.075Z,34.37,68.09

2026-08-23T11:11:37.075Z,34.39,68.02

2026-08-23T11:11:42.074Z,34.37,68.04

2026-08-23T11:11:47.088Z,34.39,67.98

2026-08-23T11:11:52.077Z,34.37,67.96

2026-08-23T11:11:57.077Z,34.39,67.9

2026-08-23T11:12:02.076Z,34.36,67.87

2026-08-23T11:12:07.076Z,34.37,67.91

2026-08-23T11:12:12.075Z,34.37,67.76

2026-08-23T11:12:17.092Z,34.38,67.81

2026-08-23T11:12:22.079Z,34.34,67.77

2026-08-23T11:12:27.078Z,34.35,67.75

2026-08-23T11:12:32.078Z,34.34,67.69

2026-08-23T11:12:37.078Z,34.35,67.7

2026-08-23T11:12:42.081Z,34.35,67.8

2026-08-23T11:12:47.093Z,34.34,67.78

2026-08-23T11:12:52.080Z,34.33,67.8

2026-08-23T11:12:57.080Z,34.35,67.86

2026-08-23T11:13:02.082Z,34.34,67.83

2026-08-23T11:13:07.083Z,34.35,67.76

2026-08-23T11:13:12.095Z,34.33,67.76

2026-08-23T11:13:17.127Z,34.33,67.76

2026-08-23T11:13:22.092Z,34.33,67.73

2026-08-23T11:13:27.094Z,34.33,67.76

2026-08-23T11:13:32.094Z,34.33,67.78

2026-08-23T11:13:37.096Z,34.31,67.73

2026-08-23T11:13:42.107Z,34.33,67.75

2026-08-23T11:13:47.113Z,34.32,67.77

2026-08-23T11:13:52.103Z,34.33,67.81

2026-08-23T11:13:57.104Z,34.33,67.86

2026-08-23T11:14:02.102Z,34.32,67.75

2026-08-23T11:14:07.105Z,34.31,67.79

2026-08-23T11:14:12.111Z,34.31,67.73

2026-08-23T11:14:17.121Z,34.3,67.81

2026-08-23T11:14:22.108Z,34.3,67.77

2026-08-23T11:14:27.110Z,34.31,67.78

2026-08-23T11:14:32.110Z,34.31,67.77

2026-08-23T11:14:37.111Z,34.33,67.76

2026-08-23T11:14:42.121Z,34.29,67.8

2026-08-23T11:14:47.131Z,34.31,67.78

2026-08-23T11:14:52.117Z,34.3,67.79

2026-08-23T11:14:57.119Z,34.32,67.77

2026-08-23T11:15:02.119Z,34.31,67.76

2026-08-23T11:15:07.119Z,34.3,67.82

2026-08-23T11:15:12.130Z,34.31,67.89

2026-08-23T11:15:17.140Z,34.29,67.89

2026-08-23T11:15:22.129Z,34.29,67.87

2026-08-23T11:15:27.128Z,34.28,67.9

2026-08-23T11:15:32.127Z,34.29,67.95

2026-08-23T11:15:37.128Z,34.29,67.91

2026-08-23T11:15:42.139Z,34.31,67.89

2026-08-23T11:15:47.149Z,34.3,67.96

2026-08-23T11:15:52.136Z,34.28,67.99

2026-08-23T11:15:57.138Z,34.3,68

2026-08-23T11:16:02.138Z,34.29,67.97

2026-08-23T11:16:07.136Z,34.3,67.93

2026-08-23T11:16:12.149Z,34.3,67.92

2026-08-23T11:16:17.161Z,34.29,67.95

2026-08-23T11:16:22.149Z,34.29,67.96

2026-08-23T11:16:27.149Z,34.28,67.89

2026-08-23T11:16:32.149Z,34.31,67.9

2026-08-23T11:16:37.149Z,34.27,67.89

2026-08-23T11:16:42.153Z,34.29,67.92

2026-08-23T11:16:47.168Z,34.28,67.96

2026-08-23T11:16:52.154Z,34.3,67.96

2026-08-23T11:16:57.154Z,34.3,67.96

2026-08-23T11:17:02.156Z,34.31,67.89

2026-08-23T11:17:07.156Z,34.28,67.95

2026-08-23T11:17:12.169Z,34.3,67.94

2026-08-23T11:17:17.179Z,34.3,67.99

2026-08-23T11:17:22.172Z,34.3,67.91

2026-08-23T11:17:27.171Z,34.29,67.96

2026-08-23T11:17:32.170Z,34.27,67.91

2026-08-23T11:17:37.174Z,34.24,67.95

2026-08-23T11:17:42.179Z,34.29,67.91

2026-08-23T11:17:47.198Z,34.28,67.96

2026-08-23T11:17:52.179Z,34.29,67.98

2026-08-23T11:17:57.178Z,34.28,68.02

2026-08-23T11:18:02.178Z,34.29,68.01

2026-08-23T11:18:07.180Z,34.28,68

2026-08-23T11:18:12.190Z,34.26,68.02

2026-08-23T11:18:17.198Z,34.28,68.03

2026-08-23T11:18:22.188Z,34.3,68.04

2026-08-23T11:18:27.190Z,34.28,68.05

2026-08-23T11:18:32.190Z,34.27,68.03

2026-08-23T11:18:37.190Z,34.28,68.06

2026-08-23T11:18:42.197Z,34.26,68.12

2026-08-23T11:18:47.212Z,34.29,68.16

2026-08-23T11:18:52.196Z,34.28,68.16

2026-08-23T11:18:57.196Z,34.28,68.11

2026-08-23T11:19:02.198Z,34.28,68.16

2026-08-23T11:19:07.197Z,34.23,68.2

2026-08-23T11:19:12.207Z,34.24,68.2

2026-08-23T11:19:17.218Z,34.25,68.23

2026-08-23T11:19:22.205Z,34.27,68.3

2026-08-23T11:19:27.203Z,34.24,68.27

2026-08-23T11:19:32.205Z,34.24,68.22

2026-08-23T11:19:37.204Z,34.25,68.34

2026-08-23T11:19:42.206Z,34.26,68.31

2026-08-23T11:19:47.217Z,34.24,68.32

2026-08-23T11:19:52.207Z,34.26,68.32

2026-08-23T11:19:57.207Z,34.25,68.33

2026-08-23T11:20:02.206Z,34.25,68.3

2026-08-23T11:20:07.206Z,34.26,68.31

2026-08-23T11:20:12.208Z,34.26,68.3

2026-08-23T11:20:17.220Z,34.26,68.36

2026-08-23T11:20:22.209Z,34.27,68.29

2026-08-23T11:20:27.208Z,34.24,68.34

2026-08-23T11:20:32.207Z,34.25,68.36

2026-08-23T11:20:37.224Z,34.27,68.43

2026-08-23T11:20:42.209Z,34.27,68.44

2026-08-23T11:20:47.209Z,34.24,68.43

2026-08-23T11:20:52.207Z,34.26,68.49

2026-08-23T11:20:57.211Z,34.26,68.51

2026-08-23T11:21:02.221Z,34.27,68.46

2026-08-23T11:21:07.231Z,34.26,68.55

2026-08-23T11:21:12.220Z,34.26,68.49

2026-08-23T11:21:17.221Z,34.27,68.48

2026-08-23T11:21:22.220Z,34.29,68.47

2026-08-23T11:21:27.222Z,34.27,68.45

2026-08-23T11:21:32.221Z,34.27,68.45

2026-08-23T11:21:37.234Z,34.26,68.58

2026-08-23T11:21:42.223Z,34.28,68.52

2026-08-23T11:21:47.223Z,34.29,68.52

2026-08-23T11:21:52.223Z,34.29,68.5

2026-08-23T11:21:57.225Z,34.3,68.52

2026-08-23T11:22:02.226Z,34.31,68.49

2026-08-23T11:22:07.238Z,34.28,68.54

2026-08-23T11:22:12.225Z,34.3,68.52

2026-08-23T11:22:17.228Z,34.31,68.49

2026-08-23T11:22:22.226Z,34.3,68.47

2026-08-23T11:22:27.225Z,34.31,68.48

2026-08-23T11:22:32.238Z,34.3,68.48

2026-08-23T11:22:37.249Z,34.3,68.56

2026-08-23T11:22:42.234Z,34.31,68.56

2026-08-23T11:22:47.235Z,34.31,68.57

2026-08-23T11:22:52.235Z,34.31,68.5

2026-08-23T11:22:57.234Z,34.31,68.59

2026-08-23T11:23:02.244Z,34.31,68.54

2026-08-23T11:23:07.255Z,34.32,68.6

2026-08-23T11:23:12.242Z,34.34,68.6

2026-08-23T11:23:17.242Z,34.33,68.6

2026-08-23T11:23:22.243Z,34.32,68.57

2026-08-23T11:23:27.241Z,34.33,68.61

2026-08-23T11:23:32.256Z,34.32,68.59

2026-08-23T11:23:37.266Z,34.32,68.64

2026-08-23T11:23:42.254Z,34.32,68.6

2026-08-23T11:23:47.256Z,34.32,68.6

2026-08-23T11:23:52.257Z,34.33,68.61

2026-08-23T11:23:57.257Z,34.31,68.65

2026-08-23T11:24:02.270Z,34.32,68.65

2026-08-23T11:24:07.285Z,34.34,68.7

2026-08-23T11:24:12.271Z,34.33,68.64

2026-08-23T11:24:17.269Z,34.33,68.62

2026-08-23T11:24:22.267Z,34.33,68.63

2026-08-23T11:24:27.267Z,34.35,68.65

2026-08-23T11:24:32.279Z,34.34,68.63

2026-08-23T11:24:37.290Z,34.34,68.66

2026-08-23T11:24:42.279Z,34.34,68.66

2026-08-23T11:24:47.282Z,34.33,68.69

2026-08-23T11:24:52.282Z,34.35,68.65

2026-08-23T11:24:57.280Z,34.34,68.65

2026-08-23T11:25:02.282Z,34.34,68.64

2026-08-23T11:25:07.300Z,34.33,68.73

2026-08-23T11:25:12.281Z,34.34,68.66

2026-08-23T11:25:17.281Z,34.32,68.64

2026-08-23T11:25:22.282Z,34.32,68.66

2026-08-23T11:25:27.282Z,34.34,68.7

2026-08-23T11:25:32.297Z,34.32,68.64

2026-08-23T11:25:37.310Z,34.32,68.71

2026-08-23T11:25:42.295Z,34.33,68.67

2026-08-23T11:25:47.297Z,34.33,68.66

2026-08-23T11:25:52.297Z,34.34,68.69

2026-08-23T11:25:57.297Z,34.34,68.71

2026-08-23T11:26:02.307Z,34.3,68.71

2026-08-23T11:26:07.320Z,34.29,68.7

2026-08-23T11:26:12.308Z,34.31,68.67

2026-08-23T11:26:17.305Z,34.33,68.69

2026-08-23T11:26:22.305Z,34.31,68.65

2026-08-23T11:26:27.306Z,34.29,68.62

2026-08-23T11:26:32.316Z,34.31,68.63

2026-08-23T11:26:37.329Z,34.31,68.65

2026-08-23T11:26:42.317Z,34.3,68.63

2026-08-23T11:26:47.316Z,34.3,68.63

2026-08-23T11:26:52.316Z,34.3,68.66

2026-08-23T11:26:57.318Z,34.3,68.66

2026-08-23T11:27:02.319Z,34.3,68.64

2026-08-23T11:27:07.333Z,34.31,68.68

2026-08-23T11:27:12.319Z,34.3,68.68

2026-08-23T11:27:17.320Z,34.3,68.6

2026-08-23T11:27:22.320Z,34.3,68.63

2026-08-23T11:27:27.319Z,34.3,68.65

2026-08-23T11:27:32.319Z,34.32,68.58

2026-08-23T11:27:37.329Z,34.32,68.64

2026-08-23T11:27:42.318Z,34.31,68.6

2026-08-23T11:27:47.321Z,34.3,68.6

2026-08-23T11:27:52.318Z,34.31,68.59

2026-08-23T11:27:57.319Z,34.31,68.55

2026-08-23T11:28:02.319Z,34.29,68.51

2026-08-23T11:28:07.330Z,34.31,68.61

2026-08-23T11:28:12.318Z,34.3,68.51

2026-08-23T11:28:17.320Z,34.31,68.57

2026-08-23T11:28:22.323Z,34.29,68.59

2026-08-23T11:28:27.325Z,34.29,68.59

2026-08-23T11:28:32.335Z,34.29,68.55

2026-08-23T11:28:37.344Z,34.29,68.63

2026-08-23T11:28:42.331Z,34.29,68.59

2026-08-23T11:28:47.333Z,34.3,68.54

2026-08-23T11:28:52.332Z,34.3,68.53

2026-08-23T11:28:57.346Z,34.29,68.58

2026-08-23T11:29:02.334Z,34.29,68.57

2026-08-23T11:29:07.335Z,34.29,68.59

2026-08-23T11:29:12.335Z,34.27,68.63

2026-08-23T11:29:17.336Z,34.27,68.59

2026-08-23T11:29:22.335Z,34.27,68.57

2026-08-23T11:29:27.350Z,34.27,68.59

2026-08-23T11:29:32.339Z,34.26,68.57

2026-08-23T11:29:37.339Z,34.27,68.57

2026-08-23T11:29:42.337Z,34.27,68.61

2026-08-23T11:29:47.339Z,34.26,68.62

2026-08-23T11:29:52.345Z,34.27,68.56

2026-08-23T11:29:57.353Z,34.28,68.62

2026-08-23T11:30:02.342Z,34.27,68.65

2026-08-23T11:30:07.343Z,34.27,68.69

2026-08-23T11:30:12.343Z,34.28,68.71

2026-08-23T11:30:17.345Z,34.27,68.62

2026-08-23T11:30:22.355Z,34.28,68.65

2026-08-23T11:30:27.366Z,34.28,68.69

2026-08-23T11:30:32.352Z,34.27,68.65

2026-08-23T11:30:37.355Z,34.26,68.69

2026-08-23T11:30:42.354Z,34.27,68.66

2026-08-23T11:30:47.353Z,34.27,68.69

2026-08-23T11:30:52.370Z,34.26,68.72

2026-08-23T11:30:57.378Z,34.28,68.77

2026-08-23T11:31:02.366Z,34.29,68.68

2026-08-23T11:31:07.368Z,34.27,68.76

2026-08-23T11:31:12.367Z,34.25,68.67

2026-08-23T11:31:17.366Z,34.26,68.76

2026-08-23T11:31:22.371Z,34.29,68.78

2026-08-23T11:31:27.381Z,34.25,68.77

2026-08-23T11:31:32.370Z,34.27,68.73

2026-08-23T11:31:37.371Z,34.27,68.73

2026-08-23T11:31:42.370Z,34.25,68.73

2026-08-23T11:31:47.370Z,34.27,68.71

2026-08-23T11:31:52.380Z,34.25,68.74

2026-08-23T11:31:57.390Z,34.25,68.78

2026-08-23T11:32:02.381Z,34.26,68.7

2026-08-23T11:32:07.380Z,34.26,68.76

2026-08-23T11:32:12.381Z,34.24,68.78

2026-08-23T11:32:17.382Z,34.26,68.71

2026-08-23T11:32:22.381Z,34.28,68.7

2026-08-23T11:32:27.398Z,34.27,68.74

2026-08-23T11:32:32.382Z,34.26,68.72

2026-08-23T11:32:37.383Z,34.26,68.66

2026-08-23T11:32:42.383Z,34.27,68.74

2026-08-23T11:32:47.384Z,34.25,68.74

2026-08-23T11:32:52.399Z,34.27,68.74

2026-08-23T11:32:57.411Z,34.27,68.81

2026-08-23T11:33:02.398Z,34.27,68.71

2026-08-23T11:33:07.398Z,34.27,68.76

2026-08-23T11:33:12.398Z,34.26,68.79

2026-08-23T11:33:17.399Z,34.26,68.72

2026-08-23T11:33:22.405Z,34.26,68.78

2026-08-23T11:33:27.417Z,34.24,68.82

2026-08-23T11:33:32.404Z,34.24,68.81

2026-08-23T11:33:37.405Z,34.29,68.77

2026-08-23T11:33:42.404Z,34.28,68.86

2026-08-23T11:33:47.405Z,34.27,68.78

2026-08-23T11:33:52.413Z,34.28,68.79

2026-08-23T11:33:57.424Z,34.27,68.86

2026-08-23T11:34:02.410Z,34.26,68.85

2026-08-23T11:34:07.410Z,34.27,68.91

2026-08-23T11:34:12.409Z,34.27,68.93

2026-08-23T11:34:17.412Z,34.25,68.87

2026-08-23T11:34:22.418Z,34.24,68.98

2026-08-23T11:34:27.428Z,34.26,68.99

2026-08-23T11:34:32.418Z,34.27,68.97

2026-08-23T11:34:37.416Z,34.27,68.98

2026-08-23T11:34:42.416Z,34.26,68.98

2026-08-23T11:34:47.419Z,34.26,68.96

2026-08-23T11:34:52.422Z,34.25,68.99

2026-08-23T11:34:57.433Z,34.24,69.01

2026-08-23T11:35:02.423Z,34.24,68.99

2026-08-23T11:35:07.420Z,34.24,69.06

2026-08-23T11:35:12.422Z,34.26,69.04

2026-08-23T11:35:17.421Z,34.26,69.06

2026-08-23T11:35:22.428Z,34.25,69.05

2026-08-23T11:35:27.439Z,34.24,69.12

2026-08-23T11:35:32.423Z,34.26,69.01

2026-08-23T11:35:37.427Z,34.25,69.06

2026-08-23T11:35:42.427Z,34.24,69.04

2026-08-23T11:35:47.426Z,34.26,69.04

2026-08-23T11:35:52.443Z,34.25,69.03

2026-08-23T11:35:57.447Z,34.26,69.08

2026-08-23T11:36:02.437Z,34.26,69.03

2026-08-23T11:36:07.437Z,34.25,69.08

2026-08-23T11:36:12.438Z,34.27,69.08

2026-08-23T11:36:17.438Z,34.29,69.03

2026-08-23T11:36:22.442Z,34.27,69.01

2026-08-23T11:36:27.453Z,34.26,69.01

2026-08-23T11:36:32.440Z,34.3,69.02

2026-08-23T11:36:37.444Z,34.28,69.03

2026-08-23T11:36:42.445Z,34.27,68.96

2026-08-23T11:36:47.443Z,34.27,68.99

2026-08-23T11:36:52.447Z,34.28,69.03

2026-08-23T11:36:57.460Z,34.27,68.99

2026-08-23T11:37:02.446Z,34.28,69.04

2026-08-23T11:37:07.448Z,34.31,69.09

2026-08-23T11:37:12.447Z,34.28,69.01

2026-08-23T11:37:17.451Z,34.29,69.05

2026-08-23T11:37:22.456Z,34.29,68.99

2026-08-23T11:37:27.467Z,34.28,69.03

2026-08-23T11:37:32.456Z,34.3,69

2026-08-23T11:37:37.458Z,34.31,68.97

2026-08-23T11:37:42.458Z,34.29,69.03

2026-08-23T11:37:47.458Z,34.28,69.1

2026-08-23T11:37:52.464Z,34.32,69.06

2026-08-23T11:37:57.478Z,34.31,69.09

2026-08-23T11:38:02.464Z,34.32,69.02

2026-08-23T11:38:07.464Z,34.3,69.04

2026-08-23T11:38:12.463Z,34.33,69.02

2026-08-23T11:38:17.464Z,34.31,69.01

2026-08-23T11:38:22.465Z,34.32,69.04

2026-08-23T11:38:27.478Z,34.32,69.11

2026-08-23T11:38:32.466Z,34.31,69.1

2026-08-23T11:38:37.464Z,34.31,69.06

2026-08-23T11:38:42.463Z,34.31,69.01

2026-08-23T11:38:47.466Z,34.32,69.07

2026-08-23T11:38:52.469Z,34.33,69.06

2026-08-23T11:38:57.480Z,34.32,69.05

2026-08-23T11:39:02.470Z,34.34,69.09

2026-08-23T11:39:07.469Z,34.33,68.99

2026-08-23T11:39:12.502Z,34.32,69.09

2026-08-23T11:39:17.471Z,34.33,69.06

2026-08-23T11:39:22.482Z,34.32,69

2026-08-23T11:39:27.496Z,34.32,69.06

2026-08-23T11:39:32.484Z,34.33,69.07

2026-08-23T11:39:37.484Z,34.34,69

2026-08-23T11:39:42.484Z,34.34,69.06

2026-08-23T11:39:47.483Z,34.32,69.1

2026-08-23T11:39:52.500Z,34.34,69.03

2026-08-23T11:39:57.514Z,34.34,69.08

2026-08-23T11:40:02.503Z,34.33,69.08

2026-08-23T11:40:07.501Z,34.36,69.12

2026-08-23T11:40:12.500Z,34.34,69.03

2026-08-23T11:40:17.502Z,34.35,69.06

2026-08-23T11:40:22.510Z,34.35,69.07

2026-08-23T11:40:27.523Z,34.35,69.09

2026-08-23T11:40:32.509Z,34.35,69.07

2026-08-23T11:40:37.510Z,34.36,69.1

2026-08-23T11:40:42.508Z,34.34,69.08

2026-08-23T11:40:47.511Z,34.35,69.04

2026-08-23T11:40:52.533Z,34.35,69.05

2026-08-23T11:40:57.547Z,34.34,69.07

2026-08-23T11:41:02.531Z,34.36,68.96

2026-08-23T11:41:07.533Z,34.36,68.98

2026-08-23T11:41:12.535Z,34.36,68.98

2026-08-23T11:41:17.534Z,34.35,68.93

2026-08-23T11:41:22.534Z,34.36,69.04

2026-08-23T11:41:27.547Z,34.36,68.96

2026-08-23T11:41:32.536Z,34.36,68.95

2026-08-23T11:41:37.535Z,34.37,68.88

2026-08-23T11:41:42.537Z,34.37,68.94

2026-08-23T11:41:47.538Z,34.38,68.99

2026-08-23T11:41:52.537Z,34.37,68.89

2026-08-23T11:41:57.548Z,34.37,68.88

2026-08-23T11:42:02.537Z,34.39,68.91

2026-08-23T11:42:07.537Z,34.37,68.88

2026-08-23T11:42:12.537Z,34.38,68.85

2026-08-23T11:42:17.538Z,34.37,68.84

2026-08-23T11:42:22.538Z,34.37,68.8

2026-08-23T11:42:27.546Z,34.38,68.87

2026-08-23T11:42:32.536Z,34.38,68.8

2026-08-23T11:42:37.538Z,34.38,68.81

2026-08-23T11:42:42.536Z,34.39,68.84

2026-08-23T11:42:47.537Z,34.39,68.83

2026-08-23T11:42:52.537Z,34.39,68.85

2026-08-23T11:42:57.546Z,34.39,68.86

2026-08-23T11:43:02.536Z,34.39,68.81

2026-08-23T11:43:07.539Z,34.4,68.79

2026-08-23T11:43:12.541Z,34.39,68.82

2026-08-23T11:43:17.540Z,34.37,68.8

2026-08-23T11:43:22.543Z,34.39,68.78

2026-08-23T11:43:27.557Z,34.38,68.78

2026-08-23T11:43:32.541Z,34.39,68.8

2026-08-23T11:43:37.542Z,34.37,68.81

2026-08-23T11:43:42.542Z,34.39,68.78

2026-08-23T11:43:47.543Z,34.38,68.81

2026-08-23T11:43:52.544Z,34.38,68.81

2026-08-23T11:43:57.556Z,34.39,68.82

2026-08-23T11:44:02.543Z,34.39,68.83

2026-08-23T11:44:07.544Z,34.37,68.75

2026-08-23T11:44:12.544Z,34.37,68.78

2026-08-23T11:44:17.545Z,34.37,68.75

2026-08-23T11:44:22.558Z,34.37,68.75

2026-08-23T11:44:27.569Z,34.38,68.75

2026-08-23T11:44:32.559Z,34.36,68.77

2026-08-23T11:44:37.558Z,34.36,68.81

2026-08-23T11:44:42.560Z,34.37,68.79

2026-08-23T11:44:47.556Z,34.37,68.79

2026-08-23T11:44:52.558Z,34.38,68.72

2026-08-23T11:44:57.569Z,34.38,68.8

2026-08-23T11:45:02.556Z,34.37,68.8

2026-08-23T11:45:07.557Z,34.37,68.81

2026-08-23T11:45:12.557Z,34.38,68.8

2026-08-23T11:45:17.559Z,34.38,68.77

2026-08-23T11:45:22.560Z,34.39,68.84

2026-08-23T11:45:27.569Z,34.38,68.78

2026-08-23T11:45:32.559Z,34.38,68.74

2026-08-23T11:45:37.560Z,34.36,68.79

2026-08-23T11:45:42.559Z,34.41,68.75

2026-08-23T11:45:47.560Z,34.38,68.75

2026-08-23T11:45:52.577Z,34.39,68.7

2026-08-23T11:45:57.586Z,34.39,68.76

2026-08-23T11:46:02.574Z,34.39,68.75

2026-08-23T11:46:07.577Z,34.38,68.68

2026-08-23T11:46:12.577Z,34.38,68.73

2026-08-23T11:46:17.575Z,34.37,68.69

2026-08-23T11:46:22.581Z,34.37,68.64

2026-08-23T11:46:27.590Z,34.37,68.66

2026-08-23T11:46:32.580Z,34.39,68.67

2026-08-23T11:46:37.581Z,34.37,68.66

2026-08-23T11:46:42.578Z,34.37,68.68

2026-08-23T11:46:47.581Z,34.38,68.63

2026-08-23T11:46:52.598Z,34.36,68.68

2026-08-23T11:46:57.606Z,34.36,68.72

2026-08-23T11:47:02.595Z,34.37,68.73

2026-08-23T11:47:07.597Z,34.36,68.72

2026-08-23T11:47:12.598Z,34.36,68.77

2026-08-23T11:47:17.596Z,34.37,68.79

2026-08-23T11:47:22.605Z,34.39,68.71

2026-08-23T11:47:27.618Z,34.38,68.81

2026-08-23T11:47:32.602Z,34.38,68.75

2026-08-23T11:47:37.605Z,34.37,68.77

2026-08-23T11:47:42.604Z,34.37,68.81

2026-08-23T11:47:47.607Z,34.37,68.78

2026-08-23T11:47:52.610Z,34.37,68.81

2026-08-23T11:47:57.622Z,34.38,68.84

2026-08-23T11:48:02.610Z,34.37,68.85

2026-08-23T11:48:07.611Z,34.35,68.84

2026-08-23T11:48:12.610Z,34.37,68.87

2026-08-23T11:48:17.611Z,34.38,68.83

2026-08-23T11:48:22.628Z,34.37,68.86

2026-08-23T11:48:27.644Z,34.37,68.8

2026-08-23T11:48:32.628Z,34.38,68.84

2026-08-23T11:48:37.628Z,34.38,68.87

2026-08-23T11:48:42.627Z,34.36,68.9

2026-08-23T11:48:47.628Z,34.38,68.9

2026-08-23T11:48:52.638Z,34.37,68.93

2026-08-23T11:48:57.647Z,34.37,68.97

2026-08-23T11:49:02.640Z,34.37,68.94

2026-08-23T11:49:07.638Z,34.38,68.94

2026-08-23T11:49:12.637Z,34.36,68.95

2026-08-23T11:49:17.637Z,34.39,68.94

2026-08-23T11:49:22.644Z,34.36,68.9

2026-08-23T11:49:27.656Z,34.35,69

2026-08-23T11:49:32.642Z,34.36,68.97

2026-08-23T11:49:37.644Z,34.35,68.97

2026-08-23T11:49:42.643Z,34.36,68.98

2026-08-23T11:49:47.644Z,34.4,68.96

2026-08-23T11:49:52.647Z,34.37,68.92

2026-08-23T11:49:57.660Z,34.38,69

2026-08-23T11:50:02.645Z,34.36,68.95

2026-08-23T11:50:07.646Z,34.38,68.97

2026-08-23T11:50:12.646Z,34.38,68.98

2026-08-23T11:50:17.646Z,34.39,68.97

2026-08-23T11:50:22.650Z,34.38,68.98

2026-08-23T11:50:27.659Z,34.37,68.97

2026-08-23T11:50:32.651Z,34.36,68.93

2026-08-23T11:50:37.653Z,34.39,69

2026-08-23T11:50:42.650Z,34.38,69.05

2026-08-23T11:50:47.653Z,34.37,69.03

2026-08-23T11:50:52.655Z,34.37,68.98

2026-08-23T11:50:57.664Z,34.37,69.08

2026-08-23T11:51:02.655Z,34.38,69.08

2026-08-23T11:51:07.655Z,34.37,69.05

2026-08-23T11:51:12.653Z,34.37,69.07

2026-08-23T11:51:17.656Z,34.39,69.09

2026-08-23T11:51:22.681Z,34.38,69.13

2026-08-23T11:51:27.673Z,34.37,69.08

2026-08-23T11:51:32.672Z,34.37,69.07

2026-08-23T11:51:37.672Z,34.37,69.11

2026-08-23T11:51:42.672Z,34.37,69.08

2026-08-23T11:51:47.687Z,34.37,69.15

2026-08-23T11:51:52.671Z,34.39,69.13

2026-08-23T11:51:57.674Z,34.37,69.13

2026-08-23T11:52:02.674Z,34.39,69.17

2026-08-23T11:52:07.674Z,34.38,69.21

2026-08-23T11:52:12.677Z,34.37,69.16

2026-08-23T11:52:17.688Z,34.37,69.2

2026-08-23T11:52:22.676Z,34.4,69.17

2026-08-23T11:52:27.678Z,34.36,69.13

2026-08-23T11:52:32.677Z,34.38,69.14

2026-08-23T11:52:37.679Z,34.37,69.06

2026-08-23T11:52:42.682Z,34.38,69.15

2026-08-23T11:52:47.696Z,34.38,69.17

2026-08-23T11:52:52.681Z,34.37,69.09

2026-08-23T11:52:57.680Z,34.38,69.2

2026-08-23T11:53:02.680Z,34.37,69.11

2026-08-23T11:53:07.680Z,34.39,69.11

2026-08-23T11:53:12.684Z,34.37,69.11

2026-08-23T11:53:17.696Z,34.37,69.09

2026-08-23T11:53:22.682Z,34.38,69.09

2026-08-23T11:53:27.681Z,34.38,69.11

2026-08-23T11:53:32.683Z,34.38,69.09

2026-08-23T11:53:37.684Z,34.38,69.15

2026-08-23T11:53:42.685Z,34.37,69.15

2026-08-23T11:53:47.697Z,34.37,69.09

2026-08-23T11:53:52.682Z,34.39,69.1

2026-08-23T11:53:57.686Z,34.38,69.1

2026-08-23T11:54:02.685Z,34.39,69.05

2026-08-23T11:54:07.684Z,34.39,69.11

2026-08-23T11:54:12.694Z,34.38,69.11

2026-08-23T11:54:17.703Z,34.38,69.13

2026-08-23T11:54:22.691Z,34.37,69.05

2026-08-23T11:54:27.695Z,34.39,69.11

2026-08-23T11:54:32.694Z,34.38,69.06

2026-08-23T11:54:37.695Z,34.38,69.04

2026-08-23T11:54:42.734Z,34.39,69.08

2026-08-23T11:54:47.746Z,34.4,69.12

2026-08-23T11:54:52.735Z,34.36,69.1

2026-08-23T11:54:57.734Z,34.38,69.11

2026-08-23T11:55:02.736Z,34.37,69.17

2026-08-23T11:55:07.734Z,34.38,69.15

2026-08-23T11:55:12.736Z,34.38,69.12

2026-08-23T11:55:17.749Z,34.38,69.18

2026-08-23T11:55:22.734Z,34.38,69.18

2026-08-23T11:55:27.736Z,34.39,69.16

2026-08-23T11:55:32.736Z,34.38,69.14

2026-08-23T11:55:37.735Z,34.39,69.19

2026-08-23T11:55:42.733Z,34.38,69.25

2026-08-23T11:55:47.753Z,34.36,69.19

2026-08-23T11:55:52.737Z,34.36,69.19

2026-08-23T11:55:57.738Z,34.37,69.16

2026-08-23T11:56:02.740Z,34.38,69.17

2026-08-23T11:56:07.738Z,34.36,69.1

2026-08-23T11:56:12.749Z,34.36,69.1

2026-08-23T11:56:17.758Z,34.36,69.11

2026-08-23T11:56:22.748Z,34.36,69.15

2026-08-23T11:56:27.748Z,34.36,69.1

2026-08-23T11:56:32.747Z,34.36,69.07

2026-08-23T11:56:37.748Z,34.36,69.13

2026-08-23T11:56:42.755Z,34.34,69.05

2026-08-23T11:56:47.766Z,34.36,69.04

2026-08-23T11:56:52.752Z,34.37,69.11

2026-08-23T11:56:57.752Z,34.36,69.04

2026-08-23T11:57:02.754Z,34.35,69.01

2026-08-23T11:57:07.753Z,34.36,69.08

2026-08-23T11:57:12.757Z,34.36,68.98

2026-08-23T11:57:17.768Z,34.36,68.98

2026-08-23T11:57:22.755Z,34.35,68.99

2026-08-23T11:57:27.756Z,34.35,68.98

2026-08-23T11:57:32.756Z,34.36,68.99

2026-08-23T11:57:37.757Z,34.36,68.99

2026-08-23T11:57:42.787Z,34.36,69.01

2026-08-23T11:57:47.794Z,34.36,69.02

2026-08-23T11:57:52.785Z,34.36,69.01

2026-08-23T11:57:57.787Z,34.37,68.99

2026-08-23T11:58:02.786Z,34.35,69.06

2026-08-23T11:58:07.787Z,34.37,69.04

2026-08-23T11:58:12.785Z,34.37,69

2026-08-23T11:58:17.797Z,34.36,69.03

2026-08-23T11:58:22.787Z,34.37,69.03

2026-08-23T11:58:27.799Z,34.36,69.02

2026-08-23T11:58:32.789Z,34.36,69.04

2026-08-23T11:58:37.789Z,34.36,69.02

2026-08-23T11:58:42.787Z,34.38,69.03

2026-08-23T11:58:47.788Z,34.37,69.06

2026-08-23T11:58:52.789Z,34.36,69.07

2026-08-23T11:58:57.800Z,34.38,69.06

2026-08-23T11:59:02.790Z,34.37,69.04

2026-08-23T11:59:07.789Z,34.35,69.05

2026-08-23T11:59:12.790Z,34.35,69.03

2026-08-23T11:59:17.792Z,34.36,69.05

2026-08-23T11:59:22.791Z,34.36,68.94

2026-08-23T11:59:27.806Z,34.35,69.05

2026-08-23T11:59:32.792Z,34.38,69

2026-08-23T11:59:37.790Z,34.36,68.97

2026-08-23T11:59:42.791Z,34.38,68.95

2026-08-23T11:59:47.792Z,34.37,68.99

2026-08-23T11:59:52.792Z,34.36,69.04

2026-08-23T11:59:57.801Z,34.37,68.96

2026-08-23T12:00:02.790Z,34.38,69.01

2026-08-23T12:00:07.795Z,34.39,68.97

2026-08-23T12:00:12.793Z,34.37,69.05

2026-08-23T12:00:17.796Z,34.38,69.07

2026-08-23T12:00:22.794Z,34.4,69

2026-08-23T12:00:27.810Z,34.37,69.09

2026-08-23T12:00:32.794Z,34.39,69.01

2026-08-23T12:00:37.796Z,34.39,69.03

2026-08-23T12:00:42.793Z,34.39,68.99

2026-08-23T12:00:47.794Z,34.39,69.04

2026-08-23T12:00:52.794Z,34.38,69.04

2026-08-23T12:00:57.808Z,34.37,69.05

2026-08-23T12:01:02.794Z,34.37,69.02

2026-08-23T12:01:07.793Z,34.38,69.01

2026-08-23T12:01:12.797Z,34.39,69.1

2026-08-23T12:01:17.796Z,34.38,68.99

2026-08-23T12:01:22.799Z,34.36,69.04

2026-08-23T12:01:27.813Z,34.37,69.05

2026-08-23T12:01:32.798Z,34.36,69.04

2026-08-23T12:01:37.800Z,34.39,68.99

2026-08-23T12:01:42.800Z,34.38,69.04

2026-08-23T12:01:47.801Z,34.38,69.07

2026-08-23T12:01:52.806Z,34.37,69.01

2026-08-23T12:01:57.819Z,34.36,69.06

2026-08-23T12:02:02.805Z,34.4,69.07

2026-08-23T12:02:07.806Z,34.37,69.01

2026-08-23T12:02:12.806Z,34.38,69.03

2026-08-23T12:02:17.807Z,34.37,69

2026-08-23T12:02:22.813Z,34.38,69.01

2026-08-23T12:02:27.825Z,34.35,69.02

2026-08-23T12:02:32.814Z,34.35,68.94

2026-08-23T12:02:37.813Z,34.35,69.01

2026-08-23T12:02:42.816Z,34.37,69.01

2026-08-23T12:02:47.813Z,34.36,69.02

2026-08-23T12:02:52.851Z,34.36,69.02

2026-08-23T12:02:57.844Z,34.37,69.05

2026-08-23T12:03:02.842Z,34.34,69.04

2026-08-23T12:03:07.845Z,34.37,68.98

2026-08-23T12:03:12.842Z,34.37,68.99

2026-08-23T12:03:17.854Z,34.37,69.02

2026-08-23T12:03:22.844Z,34.37,69

2026-08-23T12:03:27.846Z,34.37,69.02

2026-08-23T12:03:32.845Z,34.36,68.97

2026-08-23T12:03:37.847Z,34.34,69

2026-08-23T12:03:42.846Z,34.36,68.99

2026-08-23T12:03:47.858Z,34.35,69.1

2026-08-23T12:03:52.847Z,34.35,68.97

2026-08-23T12:03:57.848Z,34.34,68.98

2026-08-23T12:04:02.847Z,34.34,69.01

2026-08-23T12:04:07.847Z,34.35,69.02

2026-08-23T12:04:12.851Z,34.34,69.03

2026-08-23T12:04:17.860Z,34.34,69.08

2026-08-23T12:04:22.847Z,34.34,69.04

2026-08-23T12:04:27.846Z,34.33,69.07

2026-08-23T12:04:32.849Z,34.33,69.02

2026-08-23T12:04:37.849Z,34.34,69.03

2026-08-23T12:04:42.849Z,34.32,69.11

2026-08-23T12:04:47.864Z,34.34,69.11

2026-08-23T12:04:52.850Z,34.33,69.11

2026-08-23T12:04:57.851Z,34.35,69.1

2026-08-23T12:05:02.851Z,34.32,69.11

2026-08-23T12:05:07.854Z,34.31,69.09

2026-08-23T12:05:12.865Z,34.33,69.12

2026-08-23T12:05:17.872Z,34.34,69.17

2026-08-23T12:05:22.859Z,34.33,69.08

2026-08-23T12:05:27.861Z,34.32,69.09

2026-08-23T12:05:32.861Z,34.34,69.2

2026-08-23T12:05:37.861Z,34.33,69.12

2026-08-23T12:05:42.868Z,34.34,69.18

2026-08-23T12:05:47.884Z,34.33,69.17

2026-08-23T12:05:52.868Z,34.33,69.16

2026-08-23T12:05:57.870Z,34.33,69.18

2026-08-23T12:06:02.868Z,34.34,69.19

2026-08-23T12:06:07.870Z,34.34,69.22

2026-08-23T12:06:12.879Z,34.34,69.19

2026-08-23T12:06:17.888Z,34.34,69.24

2026-08-23T12:06:22.878Z,34.34,69.28

2026-08-23T12:06:27.879Z,34.35,69.21

2026-08-23T12:06:32.880Z,34.36,69.2

2026-08-23T12:06:37.878Z,34.36,69.21

2026-08-23T12:06:42.882Z,34.35,69.27

2026-08-23T12:06:47.895Z,34.35,69.29

2026-08-23T12:06:52.883Z,34.36,69.24

2026-08-23T12:06:57.883Z,34.34,69.26

2026-08-23T12:07:02.885Z,34.35,69.26

2026-08-23T12:07:07.883Z,34.35,69.25

2026-08-23T12:07:12.898Z,34.35,69.3

2026-08-23T12:07:17.914Z,34.34,69.35

2026-08-23T12:07:22.899Z,34.37,69.31

2026-08-23T12:07:27.900Z,34.35,69.32

2026-08-23T12:07:32.898Z,34.36,69.34

2026-08-23T12:07:37.898Z,34.35,69.35

2026-08-23T12:07:42.903Z,34.36,69.29

2026-08-23T12:07:47.914Z,34.35,69.29

2026-08-23T12:07:52.898Z,34.35,69.27

2026-08-23T12:07:57.900Z,34.36,69.31

2026-08-23T12:08:02.900Z,34.35,69.25

2026-08-23T12:08:07.903Z,34.35,69.32

2026-08-23T12:08:12.914Z,34.34,69.29

2026-08-23T12:08:17.927Z,34.35,69.36

2026-08-23T12:08:22.915Z,34.35,69.34

2026-08-23T12:08:27.913Z,34.33,69.31

2026-08-23T12:08:32.911Z,34.34,69.38

2026-08-23T12:08:37.912Z,34.36,69.4

2026-08-23T12:08:42.924Z,34.34,69.42

2026-08-23T12:08:47.936Z,34.35,69.39

2026-08-23T12:08:52.920Z,34.35,69.4

2026-08-23T12:08:57.924Z,34.35,69.39

2026-08-23T12:09:02.922Z,34.35,69.4

2026-08-23T12:09:07.923Z,34.35,69.39

2026-08-23T12:09:12.933Z,34.35,69.42

2026-08-23T12:09:17.954Z,34.36,69.44

2026-08-23T12:09:22.934Z,34.35,69.44

2026-08-23T12:09:27.934Z,34.32,69.42

2026-08-23T12:09:32.935Z,34.36,69.45

2026-08-23T12:09:37.936Z,34.36,69.44

2026-08-23T12:09:42.943Z,34.34,69.53

2026-08-23T12:09:47.953Z,34.35,69.51

2026-08-23T12:09:52.942Z,34.34,69.47

2026-08-23T12:09:57.941Z,34.34,69.49

2026-08-23T12:10:02.939Z,34.34,69.48

2026-08-23T12:10:07.941Z,34.35,69.5

2026-08-23T12:10:12.954Z,34.35,69.5

2026-08-23T12:10:17.967Z,34.35,69.54

2026-08-23T12:10:22.952Z,34.35,69.51

2026-08-23T12:10:27.953Z,34.33,69.45

2026-08-23T12:10:32.953Z,34.35,69.47

2026-08-23T12:10:37.954Z,34.34,69.53

2026-08-23T12:10:42.957Z,34.33,69.54

2026-08-23T12:10:47.968Z,34.34,69.53

2026-08-23T12:10:52.955Z,34.32,69.51

2026-08-23T12:10:57.954Z,34.34,69.51

2026-08-23T12:11:02.954Z,34.34,69.5

2026-08-23T12:11:07.955Z,34.32,69.51

2026-08-23T12:11:12.961Z,34.35,69.52

2026-08-23T12:11:17.972Z,34.33,69.52

2026-08-23T12:11:22.959Z,34.34,69.53

2026-08-23T12:11:27.961Z,34.34,69.53

2026-08-23T12:11:32.962Z,34.33,69.51

2026-08-23T12:11:37.961Z,34.34,69.58

2026-08-23T12:11:42.961Z,34.34,69.51

2026-08-23T12:11:47.973Z,34.34,69.59

2026-08-23T12:11:52.961Z,34.31,69.58

2026-08-23T12:11:57.960Z,34.35,69.47

2026-08-23T12:12:02.961Z,34.36,69.53

2026-08-23T12:12:07.962Z,34.34,69.51

2026-08-23T12:12:12.965Z,34.34,69.55

2026-08-23T12:12:17.977Z,34.35,69.58

2026-08-23T12:12:22.962Z,34.35,69.54

2026-08-23T12:12:27.966Z,34.35,69.55

2026-08-23T12:12:32.967Z,34.35,69.55

2026-08-23T12:12:37.965Z,34.36,69.55

2026-08-23T12:12:42.974Z,34.35,69.55

2026-08-23T12:12:47.984Z,34.34,69.58

2026-08-23T12:12:52.978Z,34.34,69.59

2026-08-23T12:12:57.977Z,34.35,69.59

2026-08-23T12:13:02.977Z,34.35,69.57

2026-08-23T12:13:07.979Z,34.36,69.57

2026-08-23T12:13:12.984Z,34.33,69.59

2026-08-23T12:13:17.998Z,34.32,69.66

2026-08-23T12:13:22.984Z,34.34,69.61

2026-08-23T12:13:27.984Z,34.32,69.72

2026-08-23T12:13:32.984Z,34.34,69.63

2026-08-23T12:13:37.987Z,34.34,69.65

2026-08-23T12:13:42.995Z,34.33,69.65

2026-08-23T12:13:48.006Z,34.33,69.66

2026-08-23T12:13:52.994Z,34.35,69.66

2026-08-23T12:13:57.995Z,34.35,69.65

2026-08-23T12:14:02.996Z,34.34,69.61

2026-08-23T12:14:07.996Z,34.34,69.7

2026-08-23T12:14:13.004Z,34.35,69.65

2026-08-23T12:14:18.015Z,34.33,69.65

2026-08-23T12:14:23.004Z,34.36,69.65

2026-08-23T12:14:28.006Z,34.35,69.69

2026-08-23T12:14:33.006Z,34.35,69.72

2026-08-23T12:14:38.004Z,34.36,69.68

2026-08-23T12:14:43.014Z,34.35,69.71

2026-08-23T12:14:48.026Z,34.36,69.71

2026-08-23T12:14:53.012Z,34.38,69.67

2026-08-23T12:14:58.015Z,34.35,69.68

2026-08-23T12:15:03.015Z,34.35,69.71

2026-08-23T12:15:08.015Z,34.34,69.72

2026-08-23T12:15:13.018Z,34.34,69.77

2026-08-23T12:15:18.030Z,34.34,69.78

2026-08-23T12:15:23.014Z,34.34,69.78

2026-08-23T12:15:28.018Z,34.36,69.78

2026-08-23T12:15:33.016Z,34.34,69.81

2026-08-23T12:15:38.018Z,34.34,69.77

2026-08-23T12:15:43.023Z,34.33,69.74

2026-08-23T12:15:48.033Z,34.33,69.84

2026-08-23T12:15:53.021Z,34.35,69.77

2026-08-23T12:15:58.020Z,34.33,69.79

2026-08-23T12:16:03.022Z,34.33,69.82

2026-08-23T12:16:08.022Z,34.35,69.86

2026-08-23T12:16:13.033Z,34.34,69.8

2026-08-23T12:16:18.049Z,34.32,69.92

2026-08-23T12:16:23.035Z,34.33,69.86

2026-08-23T12:16:28.035Z,34.32,69.86

2026-08-23T12:16:33.037Z,34.34,69.86

2026-08-23T12:16:38.039Z,34.35,69.91

2026-08-23T12:16:43.043Z,34.3,69.82

2026-08-23T12:16:48.058Z,34.33,69.89

2026-08-23T12:16:53.044Z,34.33,69.88

2026-08-23T12:16:58.043Z,34.32,69.94

2026-08-23T12:17:03.045Z,34.34,69.87

2026-08-23T12:17:08.046Z,34.33,69.86

2026-08-23T12:17:13.055Z,34.32,69.88

2026-08-23T12:17:18.068Z,34.32,69.94

2026-08-23T12:17:23.054Z,34.34,69.82

2026-08-23T12:17:28.055Z,34.33,69.87

2026-08-23T12:17:33.055Z,34.33,69.9

2026-08-23T12:17:38.058Z,34.33,69.88

2026-08-23T12:17:43.064Z,34.32,69.88

2026-08-23T12:17:48.074Z,34.31,69.87

2026-08-23T12:17:53.063Z,34.36,69.86

2026-08-23T12:17:58.063Z,34.34,69.87

2026-08-23T12:18:03.063Z,34.35,69.82

2026-08-23T12:18:08.064Z,34.35,69.83

2026-08-23T12:18:13.079Z,34.33,69.91

2026-08-23T12:18:18.089Z,34.36,69.86

2026-08-23T12:18:23.076Z,34.34,69.84

2026-08-23T12:18:28.078Z,34.34,69.88

2026-08-23T12:18:33.078Z,34.36,69.87

2026-08-23T12:18:38.079Z,34.37,69.93

2026-08-23T12:18:43.080Z,34.34,69.87

2026-08-23T12:18:48.090Z,34.37,69.89

2026-08-23T12:18:53.078Z,34.37,69.84

2026-08-23T12:18:58.079Z,34.36,69.88

2026-08-23T12:19:03.079Z,34.35,69.88

2026-08-23T12:19:08.078Z,34.37,69.83

2026-08-23T12:19:13.090Z,34.38,69.81

2026-08-23T12:19:18.101Z,34.35,69.9

2026-08-23T12:19:23.088Z,34.37,69.83

2026-08-23T12:19:28.090Z,34.36,69.82

2026-08-23T12:19:33.089Z,34.36,69.79

2026-08-23T12:19:38.088Z,34.37,69.82

2026-08-23T12:19:43.096Z,34.39,69.86

2026-08-23T12:19:48.103Z,34.38,69.85

2026-08-23T12:19:53.095Z,34.37,69.79

2026-08-23T12:19:58.096Z,34.38,69.83

2026-08-23T12:20:03.097Z,34.36,69.78

2026-08-23T12:20:08.099Z,34.37,69.81

2026-08-23T12:20:13.106Z,34.37,69.8

2026-08-23T12:20:18.112Z,34.36,69.88

2026-08-23T12:20:23.102Z,34.37,69.78

2026-08-23T12:20:28.104Z,34.37,69.83

2026-08-23T12:20:33.103Z,34.37,69.8

2026-08-23T12:20:38.106Z,34.38,69.78

2026-08-23T12:20:43.119Z,34.39,69.85

2026-08-23T12:20:48.132Z,34.36,69.82

2026-08-23T12:20:53.120Z,34.39,69.8

2026-08-23T12:20:58.122Z,34.38,69.67

2026-08-23T12:21:03.122Z,34.39,69.72

2026-08-23T12:21:08.123Z,34.39,69.69

2026-08-23T12:21:13.133Z,34.4,69.72

2026-08-23T12:21:18.142Z,34.39,69.76

2026-08-23T12:21:23.130Z,34.4,69.73

2026-08-23T12:21:28.131Z,34.39,69.76

2026-08-23T12:21:33.133Z,34.39,69.7

2026-08-23T12:21:38.133Z,34.39,69.71

2026-08-23T12:21:43.144Z,34.4,69.71

2026-08-23T12:21:48.155Z,34.41,69.69

2026-08-23T12:21:53.142Z,34.41,69.66

2026-08-23T12:21:58.145Z,34.4,69.7

2026-08-23T12:22:03.144Z,34.4,69.72

2026-08-23T12:22:08.146Z,34.4,69.72

2026-08-23T12:22:13.149Z,34.42,69.67

2026-08-23T12:22:18.159Z,34.4,69.69

2026-08-23T12:22:23.148Z,34.39,69.68

2026-08-23T12:22:28.148Z,34.42,69.68

2026-08-23T12:22:33.149Z,34.4,69.71

2026-08-23T12:22:38.151Z,34.41,69.6

2026-08-23T12:22:43.158Z,34.41,69.68

2026-08-23T12:22:48.168Z,34.42,69.64

2026-08-23T12:22:53.154Z,34.41,69.67

2026-08-23T12:22:58.157Z,34.42,69.64

2026-08-23T12:23:03.158Z,34.43,69.64

2026-08-23T12:23:08.156Z,34.43,69.7

2026-08-23T12:23:13.158Z,34.42,69.61

2026-08-23T12:23:18.175Z,34.41,69.65

2026-08-23T12:23:23.158Z,34.42,69.64

2026-08-23T12:23:28.158Z,34.41,69.56

2026-08-23T12:23:33.160Z,34.44,69.64

2026-08-23T12:23:38.158Z,34.46,69.62

2026-08-23T12:23:43.171Z,34.45,69.65

2026-08-23T12:23:48.176Z,34.44,69.68

2026-08-23T12:23:53.166Z,34.43,69.68

2026-08-23T12:23:58.174Z,34.43,69.65

2026-08-23T12:24:03.171Z,34.43,69.59

2026-08-23T12:24:08.167Z,34.45,69.64

2026-08-23T12:24:13.179Z,34.42,69.63

2026-08-23T12:24:18.190Z,34.45,69.64

2026-08-23T12:24:23.179Z,34.45,69.63

2026-08-23T12:24:28.180Z,34.44,69.63

2026-08-23T12:24:33.178Z,34.45,69.62

2026-08-23T12:24:38.179Z,34.44,69.68

2026-08-23T12:24:43.190Z,34.45,69.67

2026-08-23T12:24:48.205Z,34.41,69.62

2026-08-23T12:24:53.190Z,34.47,69.64

2026-08-23T12:24:58.190Z,34.45,69.66

2026-08-23T12:25:03.190Z,34.46,69.67

2026-08-23T12:25:08.192Z,34.45,69.69

2026-08-23T12:25:13.201Z,34.45,69.75

2026-08-23T12:25:18.213Z,34.45,69.8

2026-08-23T12:25:23.199Z,34.46,69.72

2026-08-23T12:25:28.199Z,34.45,69.74

2026-08-23T12:25:33.199Z,34.45,69.68

2026-08-23T12:25:38.201Z,34.44,69.72

2026-08-23T12:25:43.216Z,34.43,69.7

2026-08-23T12:25:48.226Z,34.45,69.73

2026-08-23T12:25:53.214Z,34.45,69.73

2026-08-23T12:25:58.213Z,34.43,69.72

2026-08-23T12:26:03.214Z,34.44,69.74

2026-08-23T12:26:08.216Z,34.43,69.75

2026-08-23T12:26:13.215Z,34.43,69.76

2026-08-23T12:26:18.226Z,34.44,69.78

2026-08-23T12:26:23.216Z,34.44,69.78

2026-08-23T12:26:28.217Z,34.44,69.81

2026-08-23T12:26:33.218Z,34.45,69.81

2026-08-23T12:26:38.218Z,34.45,69.78

2026-08-23T12:26:43.218Z,34.44,69.82

2026-08-23T12:26:48.229Z,34.43,69.91

2026-08-23T12:26:53.219Z,34.45,69.88

2026-08-23T12:26:58.217Z,34.45,69.85

2026-08-23T12:27:03.217Z,34.45,69.85

2026-08-23T12:27:08.216Z,34.47,69.78

2026-08-23T12:27:13.229Z,34.45,69.84

2026-08-23T12:27:18.239Z,34.44,69.85

2026-08-23T12:27:23.230Z,34.45,69.83

2026-08-23T12:27:28.233Z,34.44,69.87

2026-08-23T12:27:33.239Z,34.45,69.86

2026-08-23T12:27:38.250Z,34.44,69.89

2026-08-23T12:27:43.241Z,34.45,69.86

2026-08-23T12:27:48.241Z,34.44,69.9

2026-08-23T12:27:53.240Z,34.44,69.83

2026-08-23T12:27:58.242Z,34.44,69.84

2026-08-23T12:28:03.248Z,34.44,69.86

2026-08-23T12:28:08.260Z,34.44,69.87

2026-08-23T12:28:13.247Z,34.42,69.85

2026-08-23T12:28:18.246Z,34.43,69.87

2026-08-23T12:28:23.245Z,34.43,69.92

2026-08-23T12:28:28.246Z,34.42,69.86

2026-08-23T12:28:33.249Z,34.42,69.89

2026-08-23T12:28:38.263Z,34.4,69.92

2026-08-23T12:28:43.247Z,34.43,69.91

2026-08-23T12:28:48.249Z,34.41,69.92

2026-08-23T12:28:53.250Z,34.41,69.92

2026-08-23T12:28:58.265Z,34.41,70

2026-08-23T12:29:03.251Z,34.43,69.9

2026-08-23T12:29:08.251Z,34.42,69.89

2026-08-23T12:29:13.251Z,34.42,69.93

2026-08-23T12:29:18.251Z,34.41,69.97

2026-08-23T12:29:23.251Z,34.42,69.94

2026-08-23T12:29:28.263Z,34.42,69.91

2026-08-23T12:29:33.254Z,34.41,69.89

2026-08-23T12:29:38.254Z,34.42,69.95

2026-08-23T12:29:43.254Z,34.4,69.93

2026-08-23T12:29:48.255Z,34.42,70.02

2026-08-23T12:29:53.260Z,34.42,69.96

2026-08-23T12:29:58.273Z,34.43,69.94

2026-08-23T12:30:03.257Z,34.44,69.93

2026-08-23T12:30:08.259Z,34.44,69.94

2026-08-23T12:30:13.260Z,34.43,69.94

2026-08-23T12:30:18.259Z,34.43,69.93

2026-08-23T12:30:23.270Z,34.42,69.92

2026-08-23T12:30:28.281Z,34.41,69.94

2026-08-23T12:30:33.269Z,34.42,69.92

2026-08-23T12:30:38.270Z,34.42,69.9

2026-08-23T12:30:43.268Z,34.42,69.88

2026-08-23T12:30:48.271Z,34.43,69.93

2026-08-23T12:30:53.277Z,34.43,69.88

2026-08-23T12:30:58.286Z,34.42,69.86

2026-08-23T12:31:03.288Z,34.44,69.9

2026-08-23T12:31:08.277Z,34.43,69.78

2026-08-23T12:31:13.278Z,34.44,69.83

2026-08-23T12:31:18.277Z,34.41,69.86

2026-08-23T12:31:23.281Z,34.4,69.86

2026-08-23T12:31:28.292Z,34.44,69.88

2026-08-23T12:31:33.280Z,34.42,69.82

2026-08-23T12:31:38.280Z,34.42,69.79

2026-08-23T12:31:43.281Z,34.43,69.86

2026-08-23T12:31:48.286Z,34.43,69.8

2026-08-23T12:31:53.287Z,34.44,69.83

2026-08-23T12:31:58.303Z,34.43,69.83

2026-08-23T12:32:03.285Z,34.42,69.85

2026-08-23T12:32:08.291Z,34.43,69.89

2026-08-23T12:32:13.286Z,34.44,69.9

2026-08-23T12:32:18.286Z,34.43,69.85

2026-08-23T12:32:23.302Z,34.43,69.86

2026-08-23T12:32:28.312Z,34.42,69.9

2026-08-23T12:32:33.300Z,34.43,69.85

2026-08-23T12:32:38.300Z,34.42,69.9

2026-08-23T12:32:43.300Z,34.43,69.91

2026-08-23T12:32:48.301Z,34.44,69.88

2026-08-23T12:32:53.309Z,34.43,69.92

2026-08-23T12:32:58.320Z,34.43,69.99

2026-08-23T12:33:03.308Z,34.43,69.82

2026-08-23T12:33:08.311Z,34.42,69.89

2026-08-23T12:33:13.307Z,34.46,69.91

2026-08-23T12:33:18.309Z,34.44,69.82

2026-08-23T12:33:23.311Z,34.44,69.74

2026-08-23T12:33:28.328Z,34.44,69.83

2026-08-23T12:33:33.310Z,34.44,69.77

2026-08-23T12:33:38.310Z,34.44,69.82

2026-08-23T12:33:43.309Z,34.45,69.84

2026-08-23T12:33:48.311Z,34.45,69.79

2026-08-23T12:33:53.318Z,34.43,69.78

2026-08-23T12:33:58.328Z,34.43,69.75

2026-08-23T12:34:03.316Z,34.44,69.69

2026-08-23T12:34:08.316Z,34.44,69.71

2026-08-23T12:34:13.318Z,34.44,69.73

2026-08-23T12:34:18.317Z,34.44,69.73

2026-08-23T12:34:23.328Z,34.45,69.7

2026-08-23T12:34:28.337Z,34.45,69.71

2026-08-23T12:34:33.326Z,34.45,69.72

2026-08-23T12:34:38.328Z,34.45,69.71

2026-08-23T12:34:43.331Z,34.45,69.71

2026-08-23T12:34:48.330Z,34.47,69.7

2026-08-23T12:34:53.339Z,34.46,69.74

2026-08-23T12:34:58.350Z,34.45,69.77

2026-08-23T12:35:03.334Z,34.46,69.74

2026-08-23T12:35:08.336Z,34.47,69.72

2026-08-23T12:35:13.335Z,34.47,69.72

2026-08-23T12:35:18.337Z,34.48,69.75

2026-08-23T12:35:23.350Z,34.48,69.76

2026-08-23T12:35:28.358Z,34.48,69.7

2026-08-23T12:35:33.347Z,34.48,69.65

2026-08-23T12:35:38.348Z,34.5,69.7

2026-08-23T12:35:43.348Z,34.48,69.67

2026-08-23T12:35:48.349Z,34.49,69.68

2026-08-23T12:35:53.358Z,34.48,69.67

2026-08-23T12:35:58.369Z,34.49,69.7

2026-08-23T12:36:03.353Z,34.49,69.7

2026-08-23T12:36:08.355Z,34.49,69.72

2026-08-23T12:36:13.355Z,34.51,69.64

2026-08-23T12:36:18.354Z,34.52,69.64

2026-08-23T12:36:23.358Z,34.5,69.67

2026-08-23T12:36:28.370Z,34.5,69.68

2026-08-23T12:36:33.359Z,34.5,69.68

2026-08-23T12:36:38.358Z,34.5,69.63

2026-08-23T12:36:43.356Z,34.52,69.58

2026-08-23T12:36:48.358Z,34.51,69.68

2026-08-23T12:36:53.369Z,34.5,69.64

2026-08-23T12:36:58.375Z,34.51,69.63

2026-08-23T12:37:03.366Z,34.52,69.55

2026-08-23T12:37:08.365Z,34.52,69.65

2026-08-23T12:37:13.366Z,34.5,69.59

2026-08-23T12:37:18.367Z,34.53,69.61

2026-08-23T12:37:23.368Z,34.51,69.6

2026-08-23T12:37:28.378Z,34.51,69.59

2026-08-23T12:37:33.368Z,34.52,69.6

2026-08-23T12:37:38.367Z,34.5,69.61

2026-08-23T12:37:43.370Z,34.52,69.62

2026-08-23T12:37:48.369Z,34.52,69.69

2026-08-23T12:37:53.369Z,34.53,69.67

2026-08-23T12:37:58.384Z,34.53,69.72

2026-08-23T12:38:03.369Z,34.53,69.65

2026-08-23T12:38:08.371Z,34.54,69.63

2026-08-23T12:38:13.374Z,34.55,69.64

2026-08-23T12:38:18.373Z,34.52,69.6

2026-08-23T12:38:23.374Z,34.54,69.61

2026-08-23T12:38:28.384Z,34.54,69.61

2026-08-23T12:38:33.376Z,34.56,69.62

2026-08-23T12:38:38.380Z,34.54,69.6

2026-08-23T12:38:43.381Z,34.52,69.58

2026-08-23T12:38:48.377Z,34.56,69.54

2026-08-23T12:38:53.379Z,34.54,69.61

2026-08-23T12:38:58.389Z,34.53,69.57

2026-08-23T12:39:03.378Z,34.54,69.56

2026-08-23T12:39:08.378Z,34.56,69.56

2026-08-23T12:39:13.377Z,34.54,69.54

2026-08-23T12:39:18.378Z,34.53,69.52

2026-08-23T12:39:23.396Z,34.53,69.57

2026-08-23T12:39:28.406Z,34.54,69.59

2026-08-23T12:39:33.395Z,34.53,69.55

2026-08-23T12:39:38.399Z,34.52,69.51

2026-08-23T12:39:43.397Z,34.55,69.57

2026-08-23T12:39:48.398Z,34.52,69.52

2026-08-23T12:39:53.410Z,34.53,69.53

2026-08-23T12:39:58.422Z,34.51,69.6

2026-08-23T12:40:03.409Z,34.54,69.56

2026-08-23T12:40:08.410Z,34.54,69.63

2026-08-23T12:40:13.409Z,34.53,69.55

2026-08-23T12:40:18.411Z,34.53,69.6

2026-08-23T12:40:23.415Z,34.54,69.59

2026-08-23T12:40:28.429Z,34.51,69.6

2026-08-23T12:40:33.417Z,34.5,69.67

2026-08-23T12:40:38.415Z,34.51,69.65

2026-08-23T12:40:43.416Z,34.54,69.62

2026-08-23T12:40:48.418Z,34.52,69.74

2026-08-23T12:40:53.418Z,34.52,69.72

2026-08-23T12:40:58.429Z,34.51,69.74

2026-08-23T12:41:03.417Z,34.51,69.63

2026-08-23T12:41:08.417Z,34.51,69.64

2026-08-23T12:41:13.415Z,34.5,69.62

2026-08-23T12:41:18.416Z,34.51,69.68

2026-08-23T12:41:23.419Z,34.49,69.71

2026-08-23T12:41:28.430Z,34.48,69.77

2026-08-23T12:41:33.417Z,34.51,69.72

2026-08-23T12:41:38.417Z,34.49,69.75

2026-08-23T12:41:43.416Z,34.5,69.8

2026-08-23T12:41:48.418Z,34.5,69.79

2026-08-23T12:41:53.423Z,34.49,69.71

2026-08-23T12:41:58.435Z,34.49,69.76

2026-08-23T12:42:03.425Z,34.49,69.74

2026-08-23T12:42:08.426Z,34.48,69.76

2026-08-23T12:42:13.422Z,34.5,69.79

2026-08-23T12:42:18.425Z,34.48,69.77

2026-08-23T12:42:23.437Z,34.49,69.74

2026-08-23T12:42:28.457Z,34.49,69.78

2026-08-23T12:42:33.436Z,34.51,69.74

2026-08-23T12:42:38.438Z,34.49,69.84

2026-08-23T12:42:43.437Z,34.52,69.83

2026-08-23T12:42:48.438Z,34.5,69.74

2026-08-23T12:42:53.445Z,34.51,69.77

2026-08-23T12:42:58.457Z,34.51,69.8

2026-08-23T12:43:03.445Z,34.52,69.83

2026-08-23T12:43:08.444Z,34.52,69.87

2026-08-23T12:43:13.446Z,34.51,69.83

2026-08-23T12:43:18.446Z,34.5,69.87

2026-08-23T12:43:23.458Z,34.51,69.86

2026-08-23T12:43:28.467Z,34.53,69.83

2026-08-23T12:43:33.456Z,34.54,69.85

2026-08-23T12:43:38.457Z,34.53,69.8

2026-08-23T12:43:43.458Z,34.52,69.8

2026-08-23T12:43:48.461Z,34.52,69.83

2026-08-23T12:43:53.469Z,34.52,69.85

2026-08-23T12:43:58.480Z,34.52,69.89

2026-08-23T12:44:03.468Z,34.54,69.82

2026-08-23T12:44:08.470Z,34.52,69.81

2026-08-23T12:44:13.470Z,34.54,69.78

2026-08-23T12:44:18.471Z,34.54,69.73

2026-08-23T12:44:23.472Z,34.54,69.84

2026-08-23T12:44:28.482Z,34.55,69.82

2026-08-23T12:44:33.468Z,34.54,69.78

2026-08-23T12:44:38.471Z,34.54,69.82

2026-08-23T12:44:43.471Z,34.55,69.78

2026-08-23T12:44:48.471Z,34.53,69.74

2026-08-23T12:44:53.478Z,34.53,69.74

2026-08-23T12:44:58.488Z,34.52,69.78

2026-08-23T12:45:03.478Z,34.54,69.74

2026-08-23T12:45:08.479Z,34.53,69.81

2026-08-23T12:45:13.478Z,34.54,69.77

2026-08-23T12:45:18.481Z,34.55,69.78

2026-08-23T12:45:23.478Z,34.54,69.83

2026-08-23T12:45:28.490Z,34.54,69.85

2026-08-23T12:45:33.480Z,34.52,69.85

2026-08-23T12:45:38.480Z,34.53,69.82

2026-08-23T12:45:43.479Z,34.52,69.87

2026-08-23T12:45:48.483Z,34.52,69.81

2026-08-23T12:45:53.495Z,34.52,69.86

2026-08-23T12:45:58.507Z,34.5,69.93

2026-08-23T12:46:03.496Z,34.52,69.87

2026-08-23T12:46:08.494Z,34.49,69.95

2026-08-23T12:46:13.496Z,34.51,69.93

2026-08-23T12:46:18.508Z,34.48,69.9

2026-08-23T12:46:23.496Z,34.49,69.97

2026-08-23T12:46:28.497Z,34.52,69.92

2026-08-23T12:46:33.497Z,34.51,69.99

2026-08-23T12:46:38.498Z,34.5,69.92

2026-08-23T12:46:43.498Z,34.49,69.98

2026-08-23T12:46:48.513Z,34.49,70.01

2026-08-23T12:46:53.498Z,34.5,69.96

2026-08-23T12:46:58.500Z,34.5,69.9

2026-08-23T12:47:03.499Z,34.5,69.91

2026-08-23T12:47:08.500Z,34.49,69.92

2026-08-23T12:47:13.505Z,34.52,69.8

2026-08-23T12:47:18.514Z,34.5,69.92

2026-08-23T12:47:23.502Z,34.51,69.94

2026-08-23T12:47:28.505Z,34.49,69.91

2026-08-23T12:47:33.504Z,34.53,69.92

2026-08-23T12:47:38.505Z,34.52,69.94

2026-08-23T12:47:43.513Z,34.53,69.93

2026-08-23T12:47:48.523Z,34.51,69.96

2026-08-23T12:47:53.512Z,34.5,69.94

2026-08-23T12:47:58.514Z,34.5,69.99

2026-08-23T12:48:03.513Z,34.54,69.96

2026-08-23T12:48:08.514Z,34.51,69.97

2026-08-23T12:48:13.518Z,34.51,69.89

2026-08-23T12:48:18.531Z,34.54,69.9

2026-08-23T12:48:23.517Z,34.53,69.86

2026-08-23T12:48:28.516Z,34.53,69.85

2026-08-23T12:48:33.516Z,34.53,69.9

2026-08-23T12:48:38.519Z,34.54,69.83

2026-08-23T12:48:43.529Z,34.54,69.85

2026-08-23T12:48:48.539Z,34.53,69.92

2026-08-23T12:48:53.527Z,34.55,69.86

2026-08-23T12:48:58.526Z,34.55,69.83

2026-08-23T12:49:03.527Z,34.54,69.83

2026-08-23T12:49:08.527Z,34.53,69.85

2026-08-23T12:49:13.543Z,34.53,69.82

2026-08-23T12:49:18.552Z,34.53,69.86

2026-08-23T12:49:23.545Z,34.54,69.8

2026-08-23T12:49:28.546Z,34.53,69.8

2026-08-23T12:49:33.543Z,34.55,69.8

2026-08-23T12:49:38.546Z,34.56,69.76

2026-08-23T12:49:43.555Z,34.55,69.85

2026-08-23T12:49:48.575Z,34.56,69.84

2026-08-23T12:49:53.555Z,34.56,69.82

2026-08-23T12:49:58.554Z,34.59,69.76

2026-08-23T12:50:03.556Z,34.56,69.7

2026-08-23T12:50:08.554Z,34.56,69.71

2026-08-23T12:50:13.567Z,34.57,69.68

2026-08-23T12:50:18.576Z,34.56,69.68

2026-08-23T12:50:23.561Z,34.58,69.62

2026-08-23T12:50:28.564Z,34.57,69.6

2026-08-23T12:50:33.562Z,34.58,69.56

2026-08-23T12:50:38.564Z,34.56,69.62

2026-08-23T12:50:43.573Z,34.59,69.65

2026-08-23T12:50:48.586Z,34.57,69.61

2026-08-23T12:50:53.568Z,34.59,69.69

2026-08-23T12:50:58.570Z,34.58,69.64

2026-08-23T12:51:03.573Z,34.57,69.63

2026-08-23T12:51:08.573Z,34.58,69.62

2026-08-23T12:51:13.581Z,34.57,69.59

2026-08-23T12:51:18.591Z,34.58,69.58

2026-08-23T12:51:23.580Z,34.58,69.55

2026-08-23T12:51:28.580Z,34.56,69.56

2026-08-23T12:51:33.580Z,34.55,69.57

2026-08-23T12:51:38.579Z,34.57,69.57

2026-08-23T12:51:43.591Z,34.57,69.58

2026-08-23T12:51:48.604Z,34.57,69.67

2026-08-23T12:51:53.587Z,34.56,69.57

2026-08-23T12:51:58.589Z,34.57,69.62

2026-08-23T12:52:03.588Z,34.56,69.53

2026-08-23T12:52:08.590Z,34.55,69.63

2026-08-23T12:52:13.596Z,34.56,69.59

2026-08-23T12:52:18.608Z,34.56,69.61

2026-08-23T12:52:23.597Z,34.55,69.59

2026-08-23T12:52:28.598Z,34.57,69.59

2026-08-23T12:52:33.598Z,34.54,69.62

2026-08-23T12:52:38.600Z,34.56,69.59

2026-08-23T12:52:43.604Z,34.56,69.63

2026-08-23T12:52:48.623Z,34.54,69.71

2026-08-23T12:52:53.602Z,34.54,69.65

2026-08-23T12:52:58.604Z,34.54,69.64

2026-08-23T12:53:03.603Z,34.56,69.65

2026-08-23T12:53:08.603Z,34.54,69.69

2026-08-23T12:53:13.608Z,34.55,69.75

2026-08-23T12:53:18.617Z,34.55,69.74

2026-08-23T12:53:23.605Z,34.54,69.68

2026-08-23T12:53:28.607Z,34.54,69.77

2026-08-23T12:53:33.608Z,34.53,69.72

2026-08-23T12:53:38.609Z,34.52,69.81

2026-08-23T12:53:43.610Z,34.51,69.75

2026-08-23T12:53:48.621Z,34.53,69.82

2026-08-23T12:53:53.610Z,34.52,69.8

2026-08-23T12:53:58.610Z,34.5,69.74

2026-08-23T12:54:03.611Z,34.51,69.79

2026-08-23T12:54:08.611Z,34.51,69.77

2026-08-23T12:54:13.610Z,34.51,69.78

2026-08-23T12:54:18.623Z,34.48,69.86

2026-08-23T12:54:23.630Z,34.51,69.78

2026-08-23T12:54:28.612Z,34.49,69.88

2026-08-23T12:54:33.614Z,34.49,69.86

2026-08-23T12:54:38.614Z,34.48,69.9

2026-08-23T12:54:43.619Z,34.47,69.84

2026-08-23T12:54:48.632Z,34.48,69.96

2026-08-23T12:54:53.620Z,34.48,69.85

2026-08-23T12:54:58.620Z,34.48,69.92

2026-08-23T12:55:03.620Z,34.48,69.96

2026-08-23T12:55:08.622Z,34.49,69.95

2026-08-23T12:55:13.621Z,34.48,69.9

2026-08-23T12:55:18.632Z,34.48,69.89

2026-08-23T12:55:23.622Z,34.49,69.91

2026-08-23T12:55:28.622Z,34.49,69.93

2026-08-23T12:55:33.623Z,34.45,69.89

2026-08-23T12:55:38.621Z,34.48,69.88

2026-08-23T12:55:43.628Z,34.45,69.91

2026-08-23T12:55:48.642Z,34.47,69.95

2026-08-23T12:55:53.625Z,34.47,69.94

2026-08-23T12:55:58.625Z,34.47,69.85

2026-08-23T12:56:03.626Z,34.46,69.95

2026-08-23T12:56:08.627Z,34.46,69.9

2026-08-23T12:56:13.641Z,34.47,69.85

2026-08-23T12:56:18.657Z,34.48,69.89

2026-08-23T12:56:23.640Z,34.47,69.83

2026-08-23T12:56:28.643Z,34.45,69.81

2026-08-23T12:56:33.641Z,34.46,69.79

2026-08-23T12:56:38.643Z,34.46,69.85

2026-08-23T12:56:43.653Z,34.46,69.8

2026-08-23T12:56:48.672Z,34.45,69.82

2026-08-23T12:56:53.652Z,34.45,69.82

2026-08-23T12:56:58.654Z,34.45,69.77

2026-08-23T12:57:03.653Z,34.45,69.86

2026-08-23T12:57:08.655Z,34.45,69.88

2026-08-23T12:57:13.663Z,34.46,69.77

2026-08-23T12:57:18.671Z,34.44,69.83

2026-08-23T12:57:23.661Z,34.48,69.81

2026-08-23T12:57:28.662Z,34.48,69.82

2026-08-23T12:57:33.662Z,34.47,69.81

2026-08-23T12:57:38.664Z,34.46,69.84

2026-08-23T12:57:43.668Z,34.47,69.82

2026-08-23T12:57:48.680Z,34.46,69.87

2026-08-23T12:57:53.666Z,34.46,69.83

2026-08-23T12:57:58.667Z,34.48,69.82

2026-08-23T12:58:03.667Z,34.47,69.79

2026-08-23T12:58:08.668Z,34.47,69.83

2026-08-23T12:58:13.677Z,34.49,69.83

2026-08-23T12:58:18.691Z,34.47,69.83

2026-08-23T12:58:23.676Z,34.49,69.78

2026-08-23T12:58:28.676Z,34.5,69.79

2026-08-23T12:58:33.678Z,34.48,69.75

2026-08-23T12:58:38.677Z,34.5,69.77

2026-08-23T12:58:43.690Z,34.48,69.79

2026-08-23T12:58:48.703Z,34.49,69.82

2026-08-23T12:58:53.691Z,34.49,69.74

2026-08-23T12:58:58.691Z,34.5,69.78

2026-08-23T12:59:03.690Z,34.5,69.72

2026-08-23T12:59:08.690Z,34.5,69.77

2026-08-23T12:59:13.691Z,34.5,69.76

2026-08-23T12:59:18.702Z,34.47,69.79

2026-08-23T12:59:23.693Z,34.48,69.77

2026-08-23T12:59:28.693Z,34.48,69.77

2026-08-23T12:59:33.693Z,34.48,69.82

2026-08-23T12:59:38.694Z,34.48,69.79

2026-08-23T12:59:43.696Z,34.5,69.8

2026-08-23T12:59:48.706Z,34.48,69.81

2026-08-23T12:59:53.696Z,34.51,69.79

2026-08-23T12:59:58.698Z,34.5,69.84

2026-08-23T13:00:03.697Z,34.49,69.74

2026-08-23T13:00:08.704Z,34.49,69.77

2026-08-23T13:00:13.706Z,34.49,69.84

2026-08-23T13:00:18.730Z,34.48,69.83

2026-08-23T13:00:23.707Z,34.5,69.81

2026-08-23T13:00:28.704Z,34.51,69.81

2026-08-23T13:00:33.706Z,34.49,69.76

2026-08-23T13:00:38.708Z,34.51,69.76

2026-08-23T13:00:43.716Z,34.51,69.71

2026-08-23T13:00:48.727Z,34.5,69.81

2026-08-23T13:00:53.714Z,34.5,69.72

2026-08-23T13:00:58.715Z,34.51,69.77

2026-08-23T13:01:03.719Z,34.5,69.82

2026-08-23T13:01:08.717Z,34.51,69.78

2026-08-23T13:01:13.721Z,34.51,69.77

2026-08-23T13:01:18.731Z,34.51,69.8

2026-08-23T13:01:23.721Z,34.51,69.83

2026-08-23T13:01:28.722Z,34.5,69.81

2026-08-23T13:01:33.722Z,34.52,69.85

2026-08-23T13:01:38.721Z,34.51,69.8

2026-08-23T13:01:43.732Z,34.52,69.78

2026-08-23T13:01:48.744Z,34.51,69.79

2026-08-23T13:01:53.732Z,34.5,69.73

2026-08-23T13:01:58.732Z,34.51,69.7

2026-08-23T13:02:03.733Z,34.51,69.71

2026-08-23T13:02:08.732Z,34.5,69.71

2026-08-23T13:02:13.733Z,34.49,69.73

2026-08-23T13:02:18.745Z,34.5,69.71

2026-08-23T13:02:23.736Z,34.52,69.65

2026-08-23T13:02:28.736Z,34.52,69.71

2026-08-23T13:02:33.735Z,34.5,69.69

2026-08-23T13:02:38.736Z,34.5,69.68

2026-08-23T13:02:43.749Z,34.5,69.7

2026-08-23T13:02:48.743Z,34.51,69.69

2026-08-23T13:02:53.745Z,34.5,69.66

2026-08-23T13:02:58.742Z,34.5,69.63

2026-08-23T13:03:03.743Z,34.51,69.68

2026-08-23T13:03:08.758Z,34.48,69.73

2026-08-23T13:03:13.744Z,34.47,69.69

2026-08-23T13:03:18.745Z,34.47,69.7

2026-08-23T13:03:23.745Z,34.49,69.65

2026-08-23T13:03:28.747Z,34.49,69.68

2026-08-23T13:03:33.746Z,34.48,69.75

2026-08-23T13:03:38.766Z,34.48,69.78

2026-08-23T13:03:43.747Z,34.46,69.68

2026-08-23T13:03:48.746Z,34.47,69.82

2026-08-23T13:03:53.746Z,34.45,69.74

2026-08-23T13:03:58.747Z,34.45,69.73

2026-08-23T13:04:03.751Z,34.48,69.76

2026-08-23T13:04:08.763Z,34.45,69.78

2026-08-23T13:04:13.750Z,34.45,69.76

2026-08-23T13:04:18.748Z,34.45,69.8

2026-08-23T13:04:23.748Z,34.45,69.84

2026-08-23T13:04:28.748Z,34.43,69.83

2026-08-23T13:04:33.749Z,34.47,69.82

2026-08-23T13:04:38.763Z,34.45,69.86

2026-08-23T13:04:43.749Z,34.45,69.88

2026-08-23T13:04:48.752Z,34.44,69.84

2026-08-23T13:04:53.751Z,34.45,69.92

2026-08-23T13:04:58.754Z,34.42,69.86

2026-08-23T13:05:03.759Z,34.43,69.94

2026-08-23T13:05:08.771Z,34.45,69.98

2026-08-23T13:05:13.755Z,34.42,69.92

2026-08-23T13:05:18.757Z,34.43,69.95

2026-08-23T13:05:23.757Z,34.4,69.93

2026-08-23T13:05:28.758Z,34.4,69.9

2026-08-23T13:05:33.767Z,34.41,69.95

2026-08-23T13:05:38.776Z,34.4,69.95

2026-08-23T13:05:43.764Z,34.4,70.03

2026-08-23T13:05:48.766Z,34.41,69.91

2026-08-23T13:05:53.767Z,34.42,69.99

2026-08-23T13:05:58.768Z,34.4,70.01

2026-08-23T13:06:03.772Z,34.43,69.96

2026-08-23T13:06:08.782Z,34.4,70.01

2026-08-23T13:06:13.771Z,34.41,70.01

2026-08-23T13:06:18.774Z,34.42,70.05

2026-08-23T13:06:23.773Z,34.42,69.95

2026-08-23T13:06:28.773Z,34.39,70.02

2026-08-23T13:06:33.782Z,34.42,70.07

2026-08-23T13:06:38.796Z,34.4,70.09

2026-08-23T13:06:43.780Z,34.38,70.07

2026-08-23T13:06:48.781Z,34.38,70.07

2026-08-23T13:06:53.782Z,34.38,70.08

2026-08-23T13:06:58.781Z,34.39,70.06

2026-08-23T13:07:03.786Z,34.39,70.06

2026-08-23T13:07:08.796Z,34.39,70.08

2026-08-23T13:07:13.787Z,34.38,70.1

2026-08-23T13:07:18.787Z,34.37,70.09

2026-08-23T13:07:23.786Z,34.39,70.16

2026-08-23T13:07:28.785Z,34.39,70.15

2026-08-23T13:07:33.803Z,34.38,70.14

2026-08-23T13:07:38.808Z,34.39,70.15

2026-08-23T13:07:43.799Z,34.41,70.16

2026-08-23T13:07:48.800Z,34.41,70.13

2026-08-23T13:07:53.799Z,34.4,70.1

2026-08-23T13:07:58.798Z,34.39,70.09

2026-08-23T13:08:03.808Z,34.4,70.1

2026-08-23T13:08:08.820Z,34.41,70.14

2026-08-23T13:08:13.806Z,34.41,70.12

2026-08-23T13:08:18.809Z,34.43,70.1

2026-08-23T13:08:23.808Z,34.42,70.12

2026-08-23T13:08:28.808Z,34.41,70.06

2026-08-23T13:08:33.820Z,34.42,70.11

2026-08-23T13:08:38.830Z,34.44,70.11

2026-08-23T13:08:43.817Z,34.44,70.09

2026-08-23T13:08:48.820Z,34.43,70.06

2026-08-23T13:08:53.817Z,34.45,70.03

2026-08-23T13:08:58.820Z,34.44,70.01

2026-08-23T13:09:03.826Z,34.44,69.95

2026-08-23T13:09:08.842Z,34.45,70.08

2026-08-23T13:09:13.830Z,34.44,70

2026-08-23T13:09:18.828Z,34.44,70.05

2026-08-23T13:09:23.826Z,34.45,70.03

2026-08-23T13:09:28.830Z,34.43,70.03

2026-08-23T13:09:33.838Z,34.41,69.99

2026-08-23T13:09:38.849Z,34.43,70.06

2026-08-23T13:09:43.837Z,34.41,69.95

2026-08-23T13:09:48.841Z,34.42,69.96

2026-08-23T13:09:53.839Z,34.45,69.98

2026-08-23T13:09:58.839Z,34.43,69.95

2026-08-23T13:10:03.853Z,34.42,69.97

2026-08-23T13:10:08.864Z,34.42,70

2026-08-23T13:10:13.851Z,34.42,69.93

2026-08-23T13:10:18.852Z,34.42,69.96

2026-08-23T13:10:23.852Z,34.41,69.95

2026-08-23T13:10:28.853Z,34.43,69.91

2026-08-23T13:10:33.851Z,34.42,70

2026-08-23T13:10:38.864Z,34.42,70.01

2026-08-23T13:10:43.851Z,34.44,70

2026-08-23T13:10:48.852Z,34.42,70

2026-08-23T13:10:53.852Z,34.42,69.99

2026-08-23T13:10:58.854Z,34.4,69.96

2026-08-23T13:11:03.859Z,34.44,69.99

2026-08-23T13:11:08.864Z,34.43,70

2026-08-23T13:11:13.857Z,34.41,70.03

2026-08-23T13:11:18.861Z,34.43,69.97

2026-08-23T13:11:23.861Z,34.43,70.04

2026-08-23T13:11:28.857Z,34.4,70.02

2026-08-23T13:11:33.866Z,34.39,69.98

2026-08-23T13:11:38.876Z,34.41,69.9

2026-08-23T13:11:43.866Z,34.42,70

2026-08-23T13:11:48.867Z,34.39,70.01

2026-08-23T13:11:53.868Z,34.41,69.93

2026-08-23T13:11:58.870Z,34.39,70.04

2026-08-23T13:12:03.871Z,34.4,69.95

2026-08-23T13:12:08.885Z,34.41,69.97

2026-08-23T13:12:13.869Z,34.39,69.99

2026-08-23T13:12:18.869Z,34.39,69.91

2026-08-23T13:12:23.867Z,34.4,69.94

2026-08-23T13:12:28.872Z,34.4,69.95

2026-08-23T13:12:33.885Z,34.41,69.92

2026-08-23T13:12:38.894Z,34.39,70.01

2026-08-23T13:12:43.883Z,34.39,69.96

2026-08-23T13:12:48.883Z,34.38,69.93

2026-08-23T13:12:53.885Z,34.39,69.91

2026-08-23T13:12:58.884Z,34.37,69.94

2026-08-23T13:13:03.890Z,34.38,69.94

2026-08-23T13:13:08.898Z,34.38,69.98

2026-08-23T13:13:13.890Z,34.36,70

2026-08-23T13:13:18.889Z,34.39,69.92

2026-08-23T13:13:23.888Z,34.4,69.91

2026-08-23T13:13:28.889Z,34.38,69.91

2026-08-23T13:13:33.889Z,34.36,69.93

2026-08-23T13:13:38.900Z,34.35,69.98

2026-08-23T13:13:43.886Z,34.36,70.01

2026-08-23T13:13:48.889Z,34.35,69.92

2026-08-23T13:13:53.887Z,34.36,69.88

2026-08-23T13:13:58.888Z,34.34,69.94

2026-08-23T13:14:03.887Z,34.34,69.97

2026-08-23T13:14:08.899Z,34.34,69.95

2026-08-23T13:14:13.888Z,34.34,69.86

2026-08-23T13:14:18.889Z,34.35,69.89

2026-08-23T13:14:23.888Z,34.36,69.9

2026-08-23T13:14:28.890Z,34.34,69.96

2026-08-23T13:14:33.903Z,34.34,69.99

2026-08-23T13:14:38.916Z,34.32,69.96

2026-08-23T13:14:43.901Z,34.34,69.96

2026-08-23T13:14:48.901Z,34.35,69.91

2026-08-23T13:14:53.902Z,34.35,69.89

2026-08-23T13:14:58.901Z,34.34,69.95

2026-08-23T13:15:03.916Z,34.34,69.88

2026-08-23T13:15:08.930Z,34.34,69.89

2026-08-23T13:15:13.914Z,34.35,69.85

2026-08-23T13:15:18.915Z,34.34,69.87

2026-08-23T13:15:23.914Z,34.35,69.81

2026-08-23T13:15:28.916Z,34.35,69.82

2026-08-23T13:15:33.925Z,34.35,69.76

2026-08-23T13:15:38.932Z,34.34,69.8

2026-08-23T13:15:43.921Z,34.33,69.69

2026-08-23T13:15:48.923Z,34.35,69.69

2026-08-23T13:15:53.923Z,34.34,69.69

2026-08-23T13:15:58.926Z,34.34,69.74

2026-08-23T13:16:03.927Z,34.35,69.7

2026-08-23T13:16:08.937Z,34.33,69.79

2026-08-23T13:16:13.924Z,34.34,69.7

2026-08-23T13:16:18.927Z,34.33,69.68

2026-08-23T13:16:23.925Z,34.33,69.7

2026-08-23T13:16:28.926Z,34.33,69.71

2026-08-23T13:16:33.939Z,34.33,69.73

2026-08-23T13:16:38.949Z,34.32,69.8

2026-08-23T13:16:43.938Z,34.33,69.79

2026-08-23T13:16:48.938Z,34.31,69.81

2026-08-23T13:16:53.937Z,34.34,69.76

2026-08-23T13:16:58.938Z,34.31,69.82

2026-08-23T13:17:03.944Z,34.32,69.85

2026-08-23T13:17:08.957Z,34.31,69.92

2026-08-23T13:17:13.945Z,34.3,69.87

2026-08-23T13:17:18.945Z,34.32,69.95

2026-08-23T13:17:23.946Z,34.31,69.94

2026-08-23T13:17:28.948Z,34.29,70

2026-08-23T13:17:33.957Z,34.3,70.03

2026-08-23T13:17:38.970Z,34.28,70.08

2026-08-23T13:17:43.954Z,34.31,70.03

2026-08-23T13:17:48.953Z,34.29,70

2026-08-23T13:17:53.952Z,34.29,70.06

2026-08-23T13:17:58.954Z,34.29,70.1

2026-08-23T13:18:03.952Z,34.3,70.04

2026-08-23T13:18:08.970Z,34.29,70.07

2026-08-23T13:18:13.954Z,34.31,70.07

2026-08-23T13:18:18.955Z,34.29,70

2026-08-23T13:18:23.952Z,34.31,70.04

2026-08-23T13:18:28.955Z,34.3,70.03

2026-08-23T13:18:33.961Z,34.3,69.98

2026-08-23T13:18:38.978Z,34.29,70.07

2026-08-23T13:18:43.962Z,34.31,69.99

2026-08-23T13:18:48.961Z,34.31,70

2026-08-23T13:18:53.964Z,34.31,69.97

2026-08-23T13:18:58.961Z,34.29,70

2026-08-23T13:19:03.981Z,34.32,69.99

2026-08-23T13:19:08.990Z,34.29,69.98

2026-08-23T13:19:13.979Z,34.32,69.9

2026-08-23T13:19:18.979Z,34.31,69.94

2026-08-23T13:19:23.978Z,34.31,69.92

2026-08-23T13:19:28.979Z,34.33,69.86

2026-08-23T13:19:33.990Z,34.31,69.87

2026-08-23T13:19:39.001Z,34.32,69.93

2026-08-23T13:19:43.989Z,34.3,69.84

2026-08-23T13:19:48.989Z,34.32,69.79

2026-08-23T13:19:53.988Z,34.34,69.81

2026-08-23T13:19:58.990Z,34.32,69.81

2026-08-23T13:20:03.997Z,34.31,69.75

2026-08-23T13:20:09.012Z,34.32,69.81

2026-08-23T13:20:13.998Z,34.3,69.77

2026-08-23T13:20:18.996Z,34.31,69.71

2026-08-23T13:20:23.997Z,34.31,69.75

2026-08-23T13:20:28.997Z,34.31,69.77

2026-08-23T13:20:34.007Z,34.32,69.77

2026-08-23T13:20:39.017Z,34.31,69.85

2026-08-23T13:20:44.006Z,34.32,69.85

2026-08-23T13:20:49.006Z,34.31,69.78

2026-08-23T13:20:54.006Z,34.32,69.83

2026-08-23T13:20:59.009Z,34.32,69.83

2026-08-23T13:21:04.014Z,34.33,69.84

2026-08-23T13:21:09.026Z,34.32,69.87

2026-08-23T13:21:14.014Z,34.32,69.83

2026-08-23T13:21:19.014Z,34.32,69.78

2026-08-23T13:21:24.014Z,34.32,69.8

2026-08-23T13:21:29.015Z,34.33,69.82

2026-08-23T13:21:34.012Z,34.31,69.72

2026-08-23T13:21:39.027Z,34.31,69.8

2026-08-23T13:21:44.015Z,34.31,69.69

2026-08-23T13:21:49.014Z,34.31,69.72

2026-08-23T13:21:54.013Z,34.31,69.69

2026-08-23T13:21:59.014Z,34.31,69.74

2026-08-23T13:22:04.025Z,34.32,69.71

2026-08-23T13:22:09.033Z,34.32,69.7

2026-08-23T13:22:14.022Z,34.3,69.67

2026-08-23T13:22:19.023Z,34.31,69.69

2026-08-23T13:22:24.027Z,34.3,69.76

2026-08-23T13:22:29.024Z,34.29,69.76

2026-08-23T13:22:34.037Z,34.29,69.73

2026-08-23T13:22:39.046Z,34.3,69.78

2026-08-23T13:22:44.037Z,34.29,69.78

2026-08-23T13:22:49.036Z,34.28,69.78

2026-08-23T13:22:54.039Z,34.29,69.73

2026-08-23T13:22:59.039Z,34.28,69.75

2026-08-23T13:23:04.049Z,34.3,69.78

2026-08-23T13:23:09.060Z,34.29,69.86

2026-08-23T13:23:14.049Z,34.3,69.71

2026-08-23T13:23:19.050Z,34.29,69.87

2026-08-23T13:23:24.051Z,34.31,69.83

2026-08-23T13:23:29.050Z,34.3,69.9

2026-08-23T13:23:34.054Z,34.3,69.8

2026-08-23T13:23:39.064Z,34.33,69.86

2026-08-23T13:23:44.052Z,34.32,69.8

2026-08-23T13:23:49.054Z,34.3,69.83

2026-08-23T13:23:54.055Z,34.32,69.8

2026-08-23T13:23:59.053Z,34.33,69.83

2026-08-23T13:24:04.062Z,34.3,69.89

2026-08-23T13:24:09.073Z,34.31,69.91

2026-08-23T13:24:14.061Z,34.33,69.87

2026-08-23T13:24:19.062Z,34.32,69.79

2026-08-23T13:24:24.060Z,34.34,69.79

2026-08-23T13:24:29.060Z,34.32,69.81

2026-08-23T13:24:34.065Z,34.33,69.75

2026-08-23T13:24:39.072Z,34.35,69.83

2026-08-23T13:24:44.063Z,34.33,69.83

2026-08-23T13:24:49.063Z,34.34,69.79

2026-08-23T13:24:54.062Z,34.34,69.79

2026-08-23T13:24:59.075Z,34.34,69.81

2026-08-23T13:25:04.065Z,34.35,69.73

2026-08-23T13:25:09.064Z,34.36,69.76

2026-08-23T13:25:14.063Z,34.36,69.72

2026-08-23T13:25:19.063Z,34.36,69.71

2026-08-23T13:25:24.062Z,34.35,69.66

2026-08-23T13:25:29.079Z,34.37,69.58

2026-08-23T13:25:34.065Z,34.36,69.52

2026-08-23T13:25:39.065Z,34.37,69.41

2026-08-23T13:25:44.066Z,34.35,69.34

2026-08-23T13:25:49.067Z,34.35,69.3

2026-08-23T13:25:54.067Z,34.35,69.23

2026-08-23T13:25:59.090Z,34.32,69.24

2026-08-23T13:26:04.070Z,34.33,69.2

2026-08-23T13:26:09.069Z,34.36,69.21

2026-08-23T13:26:14.070Z,34.34,69.12

2026-08-23T13:26:19.071Z,34.33,69.17

2026-08-23T13:26:24.068Z,34.31,69.19

2026-08-23T13:26:29.084Z,34.3,69.19

2026-08-23T13:26:34.071Z,34.31,69.1

2026-08-23T13:26:39.071Z,34.3,69.11

2026-08-23T13:26:44.072Z,34.31,69.07

2026-08-23T13:26:49.073Z,34.3,69.15

2026-08-23T13:26:54.082Z,34.29,69.14

2026-08-23T13:26:59.090Z,34.28,69.16

2026-08-23T13:27:04.080Z,34.29,69.23

2026-08-23T13:27:09.082Z,34.28,69.25

2026-08-23T13:27:14.081Z,34.29,69.26

2026-08-23T13:27:19.081Z,34.28,69.26

2026-08-23T13:27:24.091Z,34.29,69.27

2026-08-23T13:27:29.108Z,34.27,69.24

2026-08-23T13:27:34.090Z,34.27,69.29

2026-08-23T13:27:39.091Z,34.27,69.32

2026-08-23T13:27:44.092Z,34.26,69.33

2026-08-23T13:27:49.092Z,34.26,69.4

2026-08-23T13:27:54.102Z,34.25,69.38

2026-08-23T13:27:59.111Z,34.26,69.47

2026-08-23T13:28:04.099Z,34.26,69.43

2026-08-23T13:28:09.100Z,34.26,69.44

2026-08-23T13:28:14.101Z,34.27,69.48

2026-08-23T13:28:19.101Z,34.24,69.47

2026-08-23T13:28:24.106Z,34.25,69.45

2026-08-23T13:28:29.118Z,34.25,69.48

2026-08-23T13:28:34.104Z,34.25,69.44

2026-08-23T13:28:39.106Z,34.24,69.47

2026-08-23T13:28:44.107Z,34.24,69.48

2026-08-23T13:28:49.106Z,34.24,69.49

2026-08-23T13:28:54.118Z,34.24,69.53

2026-08-23T13:28:59.126Z,34.24,69.54

2026-08-23T13:29:04.117Z,34.26,69.55

2026-08-23T13:29:09.116Z,34.25,69.56

2026-08-23T13:29:14.116Z,34.25,69.58

2026-08-23T13:29:19.115Z,34.25,69.5

2026-08-23T13:29:24.124Z,34.26,69.53

2026-08-23T13:29:29.131Z,34.24,69.57

2026-08-23T13:29:34.122Z,34.25,69.53

2026-08-23T13:29:39.124Z,34.25,69.54

2026-08-23T13:29:44.126Z,34.27,69.55

2026-08-23T13:29:49.123Z,34.25,69.54

2026-08-23T13:29:54.132Z,34.24,69.63

2026-08-23T13:29:59.140Z,34.26,69.59

2026-08-23T13:30:04.132Z,34.26,69.51

2026-08-23T13:30:09.131Z,34.24,69.55

2026-08-23T13:30:14.131Z,34.24,69.51

2026-08-23T13:30:19.130Z,34.24,69.58

2026-08-23T13:30:24.145Z,34.26,69.57

2026-08-23T13:30:29.157Z,34.24,69.6

2026-08-23T13:30:34.142Z,34.23,69.56

2026-08-23T13:30:39.145Z,34.24,69.58

2026-08-23T13:30:44.144Z,34.24,69.55

2026-08-23T13:30:49.147Z,34.23,69.54

2026-08-23T13:30:54.157Z,34.22,69.54

2026-08-23T13:30:59.168Z,34.23,69.58

2026-08-23T13:31:04.156Z,34.24,69.48

2026-08-23T13:31:09.157Z,34.24,69.42

2026-08-23T13:31:14.154Z,34.23,69.41

2026-08-23T13:31:19.155Z,34.23,69.47

2026-08-23T13:31:24.160Z,34.25,69.49

2026-08-23T13:31:29.169Z,34.23,69.5

2026-08-23T13:31:34.157Z,34.23,69.56

2026-08-23T13:31:39.158Z,34.23,69.49

2026-08-23T13:31:44.159Z,34.23,69.52

2026-08-23T13:31:49.161Z,34.23,69.57

2026-08-23T13:31:54.166Z,34.23,69.6

2026-08-23T13:31:59.184Z,34.24,69.59

2026-08-23T13:32:04.167Z,34.24,69.58

2026-08-23T13:32:09.166Z,34.23,69.58

2026-08-23T13:32:14.165Z,34.24,69.58

2026-08-23T13:32:19.169Z,34.25,69.58

2026-08-23T13:32:24.179Z,34.24,69.56

2026-08-23T13:32:29.190Z,34.25,69.6

2026-08-23T13:32:34.176Z,34.25,69.58

2026-08-23T13:32:39.176Z,34.26,69.6

2026-08-23T13:32:44.176Z,34.28,69.59

2026-08-23T13:32:49.176Z,34.27,69.57

2026-08-23T13:32:54.180Z,34.26,69.47

2026-08-23T13:32:59.191Z,34.26,69.53

2026-08-23T13:33:04.178Z,34.29,69.47

2026-08-23T13:33:09.182Z,34.28,69.43

2026-08-23T13:33:14.181Z,34.29,69.39

2026-08-23T13:33:19.179Z,34.28,69.36

2026-08-23T13:33:24.192Z,34.27,69.33

2026-08-23T13:33:29.199Z,34.26,69.41

2026-08-23T13:33:34.186Z,34.27,69.37

2026-08-23T13:33:39.192Z,34.26,69.34

2026-08-23T13:33:44.191Z,34.28,69.36

2026-08-23T13:33:49.189Z,34.28,69.38

2026-08-23T13:33:54.206Z,34.28,69.38

2026-08-23T13:33:59.217Z,34.26,69.39

2026-08-23T13:34:04.203Z,34.26,69.39

2026-08-23T13:34:09.204Z,34.27,69.31

2026-08-23T13:34:14.203Z,34.27,69.3

2026-08-23T13:34:19.205Z,34.26,69.36

2026-08-23T13:34:24.211Z,34.27,69.38

2026-08-23T13:34:29.222Z,34.26,69.44

2026-08-23T13:34:34.210Z,34.27,69.39

2026-08-23T13:34:39.212Z,34.26,69.4

2026-08-23T13:34:44.211Z,34.27,69.36

2026-08-23T13:34:49.212Z,34.28,69.31

2026-08-23T13:34:54.218Z,34.28,69.31

2026-08-23T13:34:59.227Z,34.27,69.37

2026-08-23T13:35:04.217Z,34.29,69.28

2026-08-23T13:35:09.217Z,34.27,69.27

2026-08-23T13:35:14.218Z,34.27,69.29

2026-08-23T13:35:19.232Z,34.26,69.32

2026-08-23T13:35:24.218Z,34.27,69.31

2026-08-23T13:35:29.219Z,34.26,69.31

2026-08-23T13:35:34.219Z,34.25,69.29

2026-08-23T13:35:39.220Z,34.26,69.34

2026-08-23T13:35:44.219Z,34.27,69.33

2026-08-23T13:35:49.234Z,34.26,69.35

2026-08-23T13:35:54.221Z,34.27,69.36

2026-08-23T13:35:59.222Z,34.24,69.38

2026-08-23T13:36:04.222Z,34.28,69.33

2026-08-23T13:36:09.223Z,34.26,69.37

2026-08-23T13:36:14.231Z,34.27,69.38

2026-08-23T13:36:19.240Z,34.28,69.43

2026-08-23T13:36:24.230Z,34.29,69.37

2026-08-23T13:36:29.231Z,34.29,69.4

2026-08-23T13:36:34.231Z,34.29,69.37

2026-08-23T13:36:39.230Z,34.28,69.31

2026-08-23T13:36:44.231Z,34.28,69.25

2026-08-23T13:36:49.243Z,34.29,69.23

2026-08-23T13:36:54.230Z,34.28,69.11

2026-08-23T13:36:59.233Z,34.3,69.08

2026-08-23T13:37:04.231Z,34.28,69.13

2026-08-23T13:37:09.237Z,34.27,69.05

2026-08-23T13:37:14.246Z,34.26,69.05

2026-08-23T13:37:19.258Z,34.28,69.07

2026-08-23T13:37:24.243Z,34.27,68.99

2026-08-23T13:37:29.244Z,34.27,69.05

2026-08-23T13:37:34.245Z,34.29,68.95

2026-08-23T13:37:39.244Z,34.27,69.01

2026-08-23T13:37:44.261Z,34.26,68.96

2026-08-23T13:37:49.270Z,34.26,69.04

2026-08-23T13:37:54.260Z,34.25,68.92

2026-08-23T13:37:59.261Z,34.25,68.89

2026-08-23T13:38:04.261Z,34.24,68.86

2026-08-23T13:38:09.261Z,34.26,69.02

2026-08-23T13:38:14.275Z,34.26,68.98

2026-08-23T13:38:19.289Z,34.25,69.07

2026-08-23T13:38:24.275Z,34.25,69.04

2026-08-23T13:38:29.276Z,34.25,69.03

2026-08-23T13:38:34.272Z,34.24,69.06

2026-08-23T13:38:39.276Z,34.24,69.08

2026-08-23T13:38:44.284Z,34.25,69.01

2026-08-23T13:38:49.295Z,34.26,69.08

2026-08-23T13:38:54.282Z,34.24,69.07

2026-08-23T13:38:59.283Z,34.25,69.01

2026-08-23T13:39:04.283Z,34.24,69

2026-08-23T13:39:09.297Z,34.24,68.98

2026-08-23T13:39:14.285Z,34.25,69.01

2026-08-23T13:39:19.286Z,34.24,68.95

2026-08-23T13:39:24.286Z,34.22,69

2026-08-23T13:39:29.298Z,34.22,69.02

2026-08-23T13:39:34.286Z,34.24,69.04

2026-08-23T13:39:39.289Z,34.23,69.08

2026-08-23T13:39:44.289Z,34.23,69.07

2026-08-23T13:39:49.289Z,34.25,68.98

2026-08-23T13:39:54.287Z,34.26,68.97

2026-08-23T13:39:59.302Z,34.23,68.99

2026-08-23T13:40:04.287Z,34.24,68.9

2026-08-23T13:40:09.291Z,34.25,68.88

2026-08-23T13:40:14.289Z,34.23,68.85

2026-08-23T13:40:19.288Z,34.24,68.88

2026-08-23T13:40:24.290Z,34.26,68.81

2026-08-23T13:40:29.300Z,34.22,68.89

2026-08-23T13:40:34.291Z,34.23,68.86

2026-08-23T13:40:39.292Z,34.24,68.81

2026-08-23T13:40:44.292Z,34.24,68.81

2026-08-23T13:40:49.297Z,34.25,68.8

2026-08-23T13:40:54.297Z,34.25,68.86

2026-08-23T13:40:59.311Z,34.25,68.92

2026-08-23T13:41:04.299Z,34.26,68.85

2026-08-23T13:41:09.296Z,34.25,68.9

2026-08-23T13:41:14.296Z,34.26,68.85

2026-08-23T13:41:19.296Z,34.25,68.85

2026-08-23T13:41:24.313Z,34.24,68.92

2026-08-23T13:41:29.320Z,34.25,68.89

2026-08-23T13:41:34.312Z,34.24,68.92

2026-08-23T13:41:39.312Z,34.24,68.86

2026-08-23T13:41:44.311Z,34.25,68.88

2026-08-23T13:41:49.313Z,34.25,68.89

2026-08-23T13:41:54.319Z,34.26,68.86

2026-08-23T13:41:59.332Z,34.25,68.9

2026-08-23T13:42:04.318Z,34.24,68.92

2026-08-23T13:42:09.318Z,34.26,68.95

2026-08-23T13:42:14.317Z,34.24,68.94

2026-08-23T13:42:19.320Z,34.26,68.97

2026-08-23T13:42:24.331Z,34.26,68.95

2026-08-23T13:42:29.341Z,34.26,69

2026-08-23T13:42:34.330Z,34.26,68.97

2026-08-23T13:42:39.331Z,34.27,68.98

2026-08-23T13:42:44.330Z,34.28,68.96

2026-08-23T13:42:49.331Z,34.27,68.94

2026-08-23T13:42:54.338Z,34.28,68.95

2026-08-23T13:42:59.346Z,34.28,68.95

2026-08-23T13:43:04.335Z,34.28,68.85

2026-08-23T13:43:09.339Z,34.29,68.85

2026-08-23T13:43:14.337Z,34.28,68.88

2026-08-23T13:43:19.339Z,34.29,68.87

2026-08-23T13:43:24.339Z,34.3,68.85

2026-08-23T13:43:29.350Z,34.3,68.88

2026-08-23T13:43:34.337Z,34.3,68.88

2026-08-23T13:43:39.338Z,34.31,68.8

2026-08-23T13:43:44.337Z,34.31,68.8

2026-08-23T13:43:49.338Z,34.33,68.78

2026-08-23T13:43:54.345Z,34.31,68.69

2026-08-23T13:43:59.354Z,34.32,68.68

2026-08-23T13:44:04.344Z,34.33,68.67

2026-08-23T13:44:09.345Z,34.33,68.6

2026-08-23T13:44:14.347Z,34.32,68.73

2026-08-23T13:44:19.345Z,34.31,68.7

2026-08-23T13:44:24.361Z,34.33,68.7

2026-08-23T13:44:29.367Z,34.32,68.59

2026-08-23T13:44:34.356Z,34.33,68.55

2026-08-23T13:44:39.358Z,34.3,68.54

2026-08-23T13:44:44.357Z,34.31,68.5

2026-08-23T13:44:49.358Z,34.31,68.52

2026-08-23T13:44:54.374Z,34.31,68.55

2026-08-23T13:44:59.389Z,34.31,68.58

2026-08-23T13:45:04.374Z,34.31,68.58

2026-08-23T13:45:09.374Z,34.32,68.52

2026-08-23T13:45:14.376Z,34.31,68.57

2026-08-23T13:45:19.376Z,34.29,68.52

2026-08-23T13:45:24.380Z,34.32,68.53

2026-08-23T13:45:29.392Z,34.29,68.6

2026-08-23T13:45:34.381Z,34.3,68.59

2026-08-23T13:45:39.379Z,34.31,68.56

2026-08-23T13:45:44.381Z,34.32,68.64

2026-08-23T13:45:49.381Z,34.3,68.6

2026-08-23T13:45:54.391Z,34.29,68.63

2026-08-23T13:45:59.406Z,34.3,68.61

2026-08-23T13:46:04.393Z,34.32,68.56

2026-08-23T13:46:09.392Z,34.31,68.58

2026-08-23T13:46:14.394Z,34.31,68.64

2026-08-23T13:46:19.395Z,34.29,68.63

2026-08-23T13:46:24.398Z,34.29,68.6

2026-08-23T13:46:29.413Z,34.31,68.66

2026-08-23T13:46:34.400Z,34.32,68.52

2026-08-23T13:46:39.402Z,34.33,68.56

2026-08-23T13:46:44.401Z,34.33,68.53

2026-08-23T13:46:49.402Z,34.34,68.49

2026-08-23T13:46:54.405Z,34.3,68.48

2026-08-23T13:46:59.417Z,34.32,68.45

2026-08-23T13:47:04.402Z,34.34,68.39

2026-08-23T13:47:09.403Z,34.35,68.34

2026-08-23T13:47:14.404Z,34.32,68.35

2026-08-23T13:47:19.403Z,34.34,68.26

2026-08-23T13:47:24.404Z,34.34,68.21

2026-08-23T13:47:29.415Z,34.33,68.29

2026-08-23T13:47:34.404Z,34.34,68.26

2026-08-23T13:47:39.404Z,34.33,68.27

2026-08-23T13:47:44.402Z,34.33,68.27

2026-08-23T13:47:49.402Z,34.32,68.23

2026-08-23T13:47:54.411Z,34.33,68.29

2026-08-23T13:47:59.424Z,34.34,68.31

2026-08-23T13:48:04.414Z,34.34,68.26

2026-08-23T13:48:09.413Z,34.32,68.22

2026-08-23T13:48:14.413Z,34.32,68.23

2026-08-23T13:48:19.414Z,34.35,68.21

2026-08-23T13:48:24.415Z,34.33,68.28

2026-08-23T13:48:29.424Z,34.33,68.23

2026-08-23T13:48:34.416Z,34.33,68.19

2026-08-23T13:48:39.416Z,34.36,68.21

2026-08-23T13:48:44.416Z,34.35,68.24

2026-08-23T13:48:49.417Z,34.33,68.24

2026-08-23T13:48:54.435Z,34.34,68.18

2026-08-23T13:48:59.444Z,34.36,68.25

2026-08-23T13:49:04.431Z,34.36,68.25

2026-08-23T13:49:09.434Z,34.36,68.19

2026-08-23T13:49:14.433Z,34.36,68.21

2026-08-23T13:49:19.434Z,34.35,68.22

2026-08-23T13:49:24.434Z,34.36,68.19

2026-08-23T13:49:29.446Z,34.34,68.25

2026-08-23T13:49:34.435Z,34.34,68.22

2026-08-23T13:49:39.436Z,34.35,68.25

2026-08-23T13:49:44.435Z,34.33,68.31

2026-08-23T13:49:49.438Z,34.34,68.26

2026-08-23T13:49:54.438Z,34.33,68.32

2026-08-23T13:49:59.451Z,34.33,68.25

2026-08-23T13:50:04.436Z,34.32,68.32

2026-08-23T13:50:09.438Z,34.32,68.35

2026-08-23T13:50:14.438Z,34.31,68.36

2026-08-23T13:50:19.438Z,34.32,68.35

2026-08-23T13:50:24.445Z,34.32,68.43

2026-08-23T13:50:29.455Z,34.3,68.43

2026-08-23T13:50:34.444Z,34.3,68.38

2026-08-23T13:50:39.443Z,34.3,68.38

2026-08-23T13:50:44.444Z,34.33,68.36

2026-08-23T13:50:49.443Z,34.33,68.4

2026-08-23T13:50:54.451Z,34.32,68.37

2026-08-23T13:50:59.462Z,34.32,68.43

2026-08-23T13:51:04.450Z,34.32,68.4

2026-08-23T13:51:09.450Z,34.31,68.43

2026-08-23T13:51:14.451Z,34.31,68.45

2026-08-23T13:51:19.451Z,34.31,68.41

2026-08-23T13:51:24.459Z,34.3,68.32

2026-08-23T13:51:29.467Z,34.31,68.48

2026-08-23T13:51:34.457Z,34.32,68.46

2026-08-23T13:51:39.457Z,34.31,68.45

2026-08-23T13:51:44.462Z,34.3,68.51

2026-08-23T13:51:49.462Z,34.31,68.48

2026-08-23T13:51:54.476Z,34.29,68.52

2026-08-23T13:51:59.489Z,34.31,68.59

2026-08-23T13:52:04.475Z,34.3,68.56

2026-08-23T13:52:09.479Z,34.31,68.51

2026-08-23T13:52:14.479Z,34.3,68.49

2026-08-23T13:52:19.479Z,34.31,68.55

2026-08-23T13:52:24.492Z,34.29,68.54

2026-08-23T13:52:29.501Z,34.31,68.57

2026-08-23T13:52:34.491Z,34.29,68.5

2026-08-23T13:52:39.491Z,34.3,68.48

2026-08-23T13:52:44.491Z,34.32,68.43

2026-08-23T13:52:49.491Z,34.29,68.52

2026-08-23T13:52:54.498Z,34.29,68.52

2026-08-23T13:52:59.508Z,34.26,68.5

2026-08-23T13:53:04.497Z,34.29,68.51

2026-08-23T13:53:09.499Z,34.29,68.53

2026-08-23T13:53:14.498Z,34.27,68.53

2026-08-23T13:53:19.499Z,34.29,68.52

2026-08-23T13:53:24.505Z,34.28,68.54

2026-08-23T13:53:29.517Z,34.28,68.63

2026-08-23T13:53:34.505Z,34.26,68.59

2026-08-23T13:53:39.505Z,34.28,68.59

2026-08-23T13:53:44.503Z,34.29,68.59

2026-08-23T13:53:49.504Z,34.29,68.61

2026-08-23T13:53:54.508Z,34.28,68.63

2026-08-23T13:53:59.520Z,34.28,68.63

2026-08-23T13:54:04.506Z,34.27,68.6

2026-08-23T13:54:09.507Z,34.29,68.65

2026-08-23T13:54:14.506Z,34.27,68.63

2026-08-23T13:54:19.507Z,34.28,68.65

2026-08-23T13:54:24.516Z,34.27,68.64

2026-08-23T13:54:29.528Z,34.27,68.67

2026-08-23T13:54:34.516Z,34.28,68.67

2026-08-23T13:54:39.517Z,34.28,68.72

2026-08-23T13:54:44.517Z,34.29,68.65

2026-08-23T13:54:49.517Z,34.27,68.73

2026-08-23T13:54:54.522Z,34.27,68.7

2026-08-23T13:54:59.530Z,34.29,68.7

2026-08-23T13:55:04.518Z,34.28,68.74

2026-08-23T13:55:09.519Z,34.29,68.67

2026-08-23T13:55:14.520Z,34.29,68.58

2026-08-23T13:55:19.518Z,34.29,68.55

2026-08-23T13:55:24.540Z,34.3,68.55

2026-08-23T13:55:29.545Z,34.29,68.59

2026-08-23T13:55:34.535Z,34.29,68.53

2026-08-23T13:55:39.540Z,34.27,68.61

2026-08-23T13:55:44.536Z,34.26,68.63

2026-08-23T13:55:49.536Z,34.26,68.56

2026-08-23T13:55:54.548Z,34.26,68.61

2026-08-23T13:55:59.566Z,34.26,68.66

2026-08-23T13:56:04.547Z,34.26,68.68

2026-08-23T13:56:09.548Z,34.27,68.65

2026-08-23T13:56:14.547Z,34.24,68.61

2026-08-23T13:56:19.548Z,34.25,68.69

2026-08-23T13:56:24.560Z,34.28,68.69

2026-08-23T13:56:29.572Z,34.27,68.72

2026-08-23T13:56:34.559Z,34.27,68.63

2026-08-23T13:56:39.561Z,34.26,68.59

2026-08-23T13:56:44.562Z,34.26,68.63

2026-08-23T13:56:49.560Z,34.25,68.69

2026-08-23T13:56:54.577Z,34.26,68.65

2026-08-23T13:56:59.588Z,34.25,68.64

2026-08-23T13:57:04.577Z,34.27,68.63

2026-08-23T13:57:09.578Z,34.28,68.68

2026-08-23T13:57:14.575Z,34.28,68.71

2026-08-23T13:57:19.577Z,34.28,68.68

2026-08-23T13:57:24.582Z,34.29,68.62

2026-08-23T13:57:29.593Z,34.29,68.69

2026-08-23T13:57:34.580Z,34.29,68.61

2026-08-23T13:57:39.580Z,34.3,68.62

2026-08-23T13:57:44.578Z,34.29,68.62

2026-08-23T13:57:49.581Z,34.29,68.58

2026-08-23T13:57:54.582Z,34.31,68.54

2026-08-23T13:57:59.596Z,34.29,68.58

2026-08-23T13:58:04.581Z,34.29,68.6

2026-08-23T13:58:09.581Z,34.31,68.54

2026-08-23T13:58:14.581Z,34.31,68.64

2026-08-23T13:58:19.592Z,34.32,68.66

2026-08-23T13:58:24.579Z,34.31,68.59

2026-08-23T13:58:29.578Z,34.26,68.56

2026-08-23T13:58:34.579Z,34.29,68.62

2026-08-23T13:58:39.580Z,34.28,68.64

2026-08-23T13:58:44.582Z,34.29,68.63

2026-08-23T13:58:49.593Z,34.28,68.69

2026-08-23T13:58:54.581Z,34.29,68.71

2026-08-23T13:58:59.583Z,34.27,68.75

2026-08-23T13:59:04.582Z,34.27,68.71

2026-08-23T13:59:09.597Z,34.27,68.77

2026-08-23T13:59:14.585Z,34.28,68.71

2026-08-23T13:59:19.586Z,34.26,68.75

2026-08-23T13:59:24.585Z,34.27,68.75

2026-08-23T13:59:29.585Z,34.26,68.75

2026-08-23T13:59:34.602Z,34.25,68.81

2026-08-23T13:59:39.612Z,34.25,68.85

2026-08-23T13:59:44.600Z,34.23,68.82

2026-08-23T13:59:49.602Z,34.24,68.8

2026-08-23T13:59:54.601Z,34.24,68.81

2026-08-23T13:59:59.603Z,34.23,68.83

2026-08-23T14:00:04.615Z,34.24,68.86

2026-08-23T14:00:09.625Z,34.22,68.92

2026-08-23T14:00:14.616Z,34.24,68.94

2026-08-23T14:00:19.615Z,34.24,68.89

2026-08-23T14:00:24.616Z,34.23,68.95

2026-08-23T14:00:29.629Z,34.21,68.97

2026-08-23T14:00:34.617Z,34.21,68.94

2026-08-23T14:00:39.617Z,34.22,68.96

2026-08-23T14:00:44.617Z,34.21,68.96

2026-08-23T14:00:49.618Z,34.22,68.94

2026-08-23T14:00:54.620Z,34.22,68.99

2026-08-23T14:00:59.630Z,34.2,68.99

2026-08-23T14:01:04.619Z,34.22,69.05

2026-08-23T14:01:09.619Z,34.23,68.99

2026-08-23T14:01:14.620Z,34.2,69.03

2026-08-23T14:01:19.619Z,34.21,69.02

2026-08-23T14:01:24.619Z,34.21,68.98

2026-08-23T14:01:29.630Z,34.2,69.11

2026-08-23T14:01:34.619Z,34.19,69.08

2026-08-23T14:01:39.620Z,34.21,69.06

2026-08-23T14:01:44.621Z,34.21,69.08

2026-08-23T14:01:49.622Z,34.21,69.12

2026-08-23T14:01:54.621Z,34.21,69.08

2026-08-23T14:01:59.635Z,34.2,69.07

2026-08-23T14:02:04.621Z,34.2,69.15

2026-08-23T14:02:09.621Z,34.19,69.09

2026-08-23T14:02:14.622Z,34.18,69.11

2026-08-23T14:02:19.621Z,34.2,69.13

2026-08-23T14:02:24.627Z,34.21,69.17

2026-08-23T14:02:29.641Z,34.2,69.11

2026-08-23T14:02:34.629Z,34.2,69.11

2026-08-23T14:02:39.629Z,34.2,69.14

2026-08-23T14:02:44.631Z,34.2,69.18

2026-08-23T14:02:49.631Z,34.2,69.17

2026-08-23T14:02:54.650Z,34.2,69.21

2026-08-23T14:02:59.663Z,34.19,69.23

2026-08-23T14:03:04.647Z,34.19,69.2

2026-08-23T14:03:09.650Z,34.19,69.21

2026-08-23T14:03:14.645Z,34.21,69.15

2026-08-23T14:03:19.644Z,34.22,69.16

2026-08-23T14:03:24.658Z,34.21,69.12

2026-08-23T14:03:29.675Z,34.2,69.2

2026-08-23T14:03:34.657Z,34.22,69.1

2026-08-23T14:03:39.657Z,34.23,69.17

2026-08-23T14:03:44.658Z,34.24,69.17

2026-08-23T14:03:49.659Z,34.23,69.16

2026-08-23T14:03:54.670Z,34.24,69.19

2026-08-23T14:03:59.678Z,34.22,69.18

2026-08-23T14:04:04.667Z,34.24,69.14

2026-08-23T14:04:09.668Z,34.24,69.13

2026-08-23T14:04:14.668Z,34.25,69.18

2026-08-23T14:04:19.670Z,34.24,69.19

2026-08-23T14:04:24.683Z,34.24,69.14

2026-08-23T14:04:29.697Z,34.24,69.26

2026-08-23T14:04:34.683Z,34.25,69.24

2026-08-23T14:04:39.683Z,34.27,69.18

2026-08-23T14:04:44.683Z,34.24,69.16

2026-08-23T14:04:49.684Z,34.28,69.19

2026-08-23T14:04:54.695Z,34.26,69.23

2026-08-23T14:04:59.709Z,34.27,69.23

2026-08-23T14:05:04.698Z,34.27,69.14

2026-08-23T14:05:09.697Z,34.27,69.17

2026-08-23T14:05:14.698Z,34.26,69.12

2026-08-23T14:05:19.697Z,34.27,69.17

2026-08-23T14:05:24.702Z,34.27,69.2

2026-08-23T14:05:29.713Z,34.28,69.23

2026-08-23T14:05:34.701Z,34.28,69.19

2026-08-23T14:05:39.701Z,34.27,69.2

2026-08-23T14:05:44.702Z,34.28,69.19

2026-08-23T14:05:49.701Z,34.28,69.15

2026-08-23T14:05:54.702Z,34.26,69.22

2026-08-23T14:05:59.715Z,34.27,69.25

2026-08-23T14:06:04.703Z,34.27,69.22

2026-08-23T14:06:09.703Z,34.26,69.17

2026-08-23T14:06:14.703Z,34.25,69.21

2026-08-23T14:06:19.705Z,34.27,69.23

2026-08-23T14:06:24.705Z,34.27,69.25

2026-08-23T14:06:29.719Z,34.27,69.29

2026-08-23T14:06:34.706Z,34.28,69.28

2026-08-23T14:06:39.709Z,34.25,69.27

2026-08-23T14:06:44.706Z,34.26,69.25

2026-08-23T14:06:49.711Z,34.26,69.29

2026-08-23T14:06:54.713Z,34.25,69.32

2026-08-23T14:06:59.731Z,34.24,69.32

2026-08-23T14:07:04.713Z,34.26,69.25

2026-08-23T14:07:09.714Z,34.25,69.26

2026-08-23T14:07:14.719Z,34.27,69.2

2026-08-23T14:07:19.729Z,34.25,69.26

2026-08-23T14:07:24.717Z,34.25,69.22

2026-08-23T14:07:29.719Z,34.25,69.21

2026-08-23T14:07:34.719Z,34.26,69.21

2026-08-23T14:07:39.719Z,34.24,69.17

2026-08-23T14:07:44.719Z,34.25,69.23

2026-08-23T14:07:49.735Z,34.25,69.17

2026-08-23T14:07:54.720Z,34.25,69.28

2026-08-23T14:07:59.720Z,34.23,69.26

2026-08-23T14:08:04.719Z,34.24,69.27

2026-08-23T14:08:09.721Z,34.24,69.19

2026-08-23T14:08:14.720Z,34.24,69.13

2026-08-23T14:08:19.732Z,34.25,69.2

2026-08-23T14:08:24.722Z,34.26,69.17

2026-08-23T14:08:29.722Z,34.23,69.17

2026-08-23T14:08:34.722Z,34.24,69.18

2026-08-23T14:08:39.723Z,34.25,69.18

2026-08-23T14:08:44.728Z,34.25,69.17

2026-08-23T14:08:49.739Z,34.26,69.23

2026-08-23T14:08:54.727Z,34.24,69.12

2026-08-23T14:08:59.727Z,34.25,69.2

2026-08-23T14:09:04.726Z,34.24,69.17

2026-08-23T14:09:09.728Z,34.24,69.15

2026-08-23T14:09:14.737Z,34.25,69.19

2026-08-23T14:09:19.749Z,34.23,69.23

2026-08-23T14:09:24.735Z,34.25,69.16

2026-08-23T14:09:29.734Z,34.23,69.23

2026-08-23T14:09:34.735Z,34.22,69.18

2026-08-23T14:09:39.735Z,34.23,69.2

2026-08-23T14:09:44.744Z,34.23,69.25

2026-08-23T14:09:49.756Z,34.22,69.2

2026-08-23T14:09:54.742Z,34.24,69.18

2026-08-23T14:09:59.743Z,34.23,69.19

2026-08-23T14:10:04.742Z,34.24,69.08

2026-08-23T14:10:09.743Z,34.21,69.14

2026-08-23T14:10:14.759Z,34.23,69.13

2026-08-23T14:10:19.767Z,34.2,69.14

2026-08-23T14:10:24.755Z,34.22,69.08

2026-08-23T14:10:29.756Z,34.22,69.13

2026-08-23T14:10:34.754Z,34.23,69.19

2026-08-23T14:10:39.757Z,34.21,69.16

2026-08-23T14:10:44.764Z,34.23,69.12

2026-08-23T14:10:49.778Z,34.2,69.2

2026-08-23T14:10:54.764Z,34.22,69.19

2026-08-23T14:10:59.765Z,34.22,69.21

2026-08-23T14:11:04.765Z,34.22,69.2

2026-08-23T14:11:09.765Z,34.19,69.2

2026-08-23T14:11:14.768Z,34.2,69.18

2026-08-23T14:11:19.785Z,34.2,69.21

2026-08-23T14:11:24.767Z,34.2,69.24

2026-08-23T14:11:29.768Z,34.21,69.26

2026-08-23T14:11:34.766Z,34.19,69.25

2026-08-23T14:11:39.769Z,34.2,69.27

2026-08-23T14:11:44.781Z,34.2,69.21

2026-08-23T14:11:49.792Z,34.2,69.24

2026-08-23T14:11:54.780Z,34.22,69.22

2026-08-23T14:11:59.780Z,34.21,69.32

2026-08-23T14:12:04.781Z,34.21,69.21

2026-08-23T14:12:09.780Z,34.21,69.23

2026-08-23T14:12:14.788Z,34.2,69.24

2026-08-23T14:12:19.794Z,34.23,69.27

2026-08-23T14:12:24.783Z,34.21,69.24

2026-08-23T14:12:29.785Z,34.21,69.26

2026-08-23T14:12:34.785Z,34.21,69.23

2026-08-23T14:12:39.785Z,34.22,69.3

2026-08-23T14:12:44.795Z,34.23,69.25

2026-08-23T14:12:49.805Z,34.21,69.27

2026-08-23T14:12:54.795Z,34.22,69.31

2026-08-23T14:12:59.796Z,34.23,69.29

2026-08-23T14:13:04.793Z,34.23,69.24

2026-08-23T14:13:09.795Z,34.24,69.22

2026-08-23T14:13:14.795Z,34.25,69.29

2026-08-23T14:13:19.805Z,34.25,69.31

2026-08-23T14:13:24.796Z,34.25,69.26

2026-08-23T14:13:29.795Z,34.26,69.22

2026-08-23T14:13:34.795Z,34.24,69.2

2026-08-23T14:13:39.796Z,34.26,69.15

2026-08-23T14:13:44.809Z,34.26,69.24

2026-08-23T14:13:49.821Z,34.27,69.23

2026-08-23T14:13:54.806Z,34.27,69.17

2026-08-23T14:13:59.804Z,34.29,69.18

2026-08-23T14:14:04.807Z,34.3,69.18

2026-08-23T14:14:09.808Z,34.27,69.21

2026-08-23T14:14:14.820Z,34.3,69.17

2026-08-23T14:14:19.830Z,34.29,69.13

2026-08-23T14:14:24.817Z,34.29,69.11

2026-08-23T14:14:29.816Z,34.31,69.08

2026-08-23T14:14:34.817Z,34.3,69.11

2026-08-23T14:14:39.818Z,34.3,69.11

2026-08-23T14:14:44.830Z,34.3,69.12

2026-08-23T14:14:49.840Z,34.31,69.13

2026-08-23T14:14:54.829Z,34.3,69.09

2026-08-23T14:14:59.828Z,34.3,69.07

2026-08-23T14:15:04.830Z,34.31,69.1

2026-08-23T14:15:09.828Z,34.28,69.04

2026-08-23T14:15:14.839Z,34.3,69.08

2026-08-23T14:15:19.849Z,34.3,69.09

2026-08-23T14:15:24.837Z,34.3,69.04

2026-08-23T14:15:29.838Z,34.3,69.1

2026-08-23T14:15:34.835Z,34.3,69.09

2026-08-23T14:15:39.838Z,34.3,69.13

2026-08-23T14:15:44.844Z,34.28,69.14

2026-08-23T14:15:49.856Z,34.29,69.14

2026-08-23T14:15:54.842Z,34.28,69.13

2026-08-23T14:15:59.844Z,34.28,69.15

2026-08-23T14:16:04.841Z,34.27,69.08

2026-08-23T14:16:09.844Z,34.27,69.15

2026-08-23T14:16:14.843Z,34.3,69.1

2026-08-23T14:16:19.856Z,34.28,69.13

2026-08-23T14:16:24.843Z,34.27,69.13

2026-08-23T14:16:29.843Z,34.27,69.16

2026-08-23T14:16:34.844Z,34.27,69.14

2026-08-23T14:16:39.845Z,34.27,69.21

2026-08-23T14:16:44.856Z,34.25,69.2

2026-08-23T14:16:49.866Z,34.26,69.23

2026-08-23T14:16:54.856Z,34.26,69.22

2026-08-23T14:16:59.854Z,34.26,69.22

2026-08-23T14:17:04.855Z,34.25,69.21

2026-08-23T14:17:09.856Z,34.3,69.24

2026-08-23T14:17:14.859Z,34.28,69.25

2026-08-23T14:17:19.874Z,34.28,69.26

2026-08-23T14:17:24.860Z,34.28,69.22

2026-08-23T14:17:29.860Z,34.28,69.19

2026-08-23T14:17:34.860Z,34.26,69.2

2026-08-23T14:17:39.860Z,34.28,69.28

2026-08-23T14:17:44.871Z,34.27,69.27

2026-08-23T14:17:49.878Z,34.26,69.23

2026-08-23T14:17:54.869Z,34.27,69.23

2026-08-23T14:17:59.869Z,34.29,69.19

2026-08-23T14:18:04.868Z,34.29,69.27

2026-08-23T14:18:09.870Z,34.27,69.22

2026-08-23T14:18:14.887Z,34.26,69.22

2026-08-23T14:18:19.896Z,34.29,69.18

2026-08-23T14:18:24.884Z,34.27,69.23

2026-08-23T14:18:29.886Z,34.28,69.17

2026-08-23T14:18:34.886Z,34.28,69.24

2026-08-23T14:18:39.886Z,34.28,69.24

2026-08-23T14:18:44.889Z,34.25,69.21

2026-08-23T14:18:49.899Z,34.26,69.31

2026-08-23T14:18:54.890Z,34.26,69.3

2026-08-23T14:18:59.889Z,34.26,69.28

2026-08-23T14:19:04.888Z,34.27,69.22

2026-08-23T14:19:09.890Z,34.25,69.22

2026-08-23T14:19:14.902Z,34.26,69.3

2026-08-23T14:19:19.910Z,34.26,69.31

2026-08-23T14:19:24.900Z,34.27,69.26

2026-08-23T14:19:29.900Z,34.27,69.28

2026-08-23T14:19:34.900Z,34.27,69.21

2026-08-23T14:19:39.913Z,34.27,69.29

2026-08-23T14:19:44.902Z,34.28,69.24

2026-08-23T14:19:49.902Z,34.27,69.23

2026-08-23T14:19:54.903Z,34.28,69.29

2026-08-23T14:19:59.903Z,34.28,69.29

2026-08-23T14:20:04.903Z,34.28,69.25

2026-08-23T14:20:09.918Z,34.26,69.23

2026-08-23T14:20:14.903Z,34.28,69.21

2026-08-23T14:20:19.901Z,34.28,69.22

2026-08-23T14:20:24.903Z,34.29,69.2

2026-08-23T14:20:29.900Z,34.29,69.16

2026-08-23T14:20:34.913Z,34.29,69.18

2026-08-23T14:20:39.922Z,34.31,69.2

2026-08-23T14:20:44.910Z,34.3,69.15

2026-08-23T14:20:49.910Z,34.31,69.13

2026-08-23T14:20:54.910Z,34.31,69.13

2026-08-23T14:20:59.912Z,34.31,69.13

2026-08-23T14:21:04.923Z,34.31,69.17

2026-08-23T14:21:09.939Z,34.29,69.2

2026-08-23T14:21:14.926Z,34.3,69.16

2026-08-23T14:21:19.926Z,34.31,69.14

2026-08-23T14:21:24.923Z,34.28,69.13

2026-08-23T14:21:29.926Z,34.29,69.15

2026-08-23T14:21:34.933Z,34.3,69.17

2026-08-23T14:21:39.941Z,34.29,69.14

2026-08-23T14:21:44.932Z,34.32,69.14

2026-08-23T14:21:49.933Z,34.3,69.21

2026-08-23T14:21:54.933Z,34.29,69.19

2026-08-23T14:21:59.934Z,34.29,69.2

2026-08-23T14:22:04.962Z,34.32,69.16

2026-08-23T14:22:09.970Z,34.31,69.23

2026-08-23T14:22:14.958Z,34.32,69.19

2026-08-23T14:22:19.960Z,34.31,69.13

2026-08-23T14:22:24.959Z,34.3,69.14

2026-08-23T14:22:29.961Z,34.32,69.09

2026-08-23T14:22:34.959Z,34.31,69.16

2026-08-23T14:22:39.976Z,34.34,69.19

2026-08-23T14:22:44.962Z,34.33,69.18

2026-08-23T14:22:49.962Z,34.34,69.13

2026-08-23T14:22:54.961Z,34.34,69.13

2026-08-23T14:22:59.975Z,34.32,69.17

2026-08-23T14:23:04.962Z,34.36,69.09

2026-08-23T14:23:09.963Z,34.35,69.1

2026-08-23T14:23:14.963Z,34.37,69.15

2026-08-23T14:23:19.964Z,34.35,69.15

2026-08-23T14:23:24.964Z,34.38,69.07

2026-08-23T14:23:29.977Z,34.35,69.06

2026-08-23T14:23:34.965Z,34.36,69.07

2026-08-23T14:23:39.965Z,34.36,69.03

2026-08-23T14:23:44.964Z,34.37,69.05

2026-08-23T14:23:49.965Z,34.37,69

2026-08-23T14:23:54.964Z,34.37,69.02

2026-08-23T14:23:59.980Z,34.36,69.01

2026-08-23T14:24:04.965Z,34.36,69.03

2026-08-23T14:24:09.966Z,34.37,69.08

2026-08-23T14:24:14.968Z,34.35,68.97

2026-08-23T14:24:19.967Z,34.35,68.98

2026-08-23T14:24:24.967Z,34.33,69.01

2026-08-23T14:24:29.982Z,34.35,69.06

2026-08-23T14:24:34.967Z,34.36,69.08

2026-08-23T14:24:39.968Z,34.37,69.12

2026-08-23T14:24:44.969Z,34.36,69.08

2026-08-23T14:24:49.969Z,34.36,69.06

2026-08-23T14:24:54.970Z,34.36,69.07

2026-08-23T14:24:59.979Z,34.36,69.13

2026-08-23T14:25:04.969Z,34.37,69.09

2026-08-23T14:25:09.970Z,34.38,69.08

2026-08-23T14:25:14.974Z,34.36,69.05

2026-08-23T14:25:19.971Z,34.37,69.05

2026-08-23T14:25:24.972Z,34.39,69.06

2026-08-23T14:25:29.982Z,34.37,69.04

2026-08-23T14:25:34.972Z,34.38,69.05

2026-08-23T14:25:39.973Z,34.39,69.01

2026-08-23T14:25:44.973Z,34.38,69.02

2026-08-23T14:25:49.974Z,34.4,69

2026-08-23T14:25:54.975Z,34.38,69.06

2026-08-23T14:25:59.986Z,34.39,69.08

2026-08-23T14:26:04.975Z,34.38,69.05

2026-08-23T14:26:09.978Z,34.39,69.02

2026-08-23T14:26:14.977Z,34.38,69.07

2026-08-23T14:26:19.976Z,34.38,69.06

2026-08-23T14:26:24.982Z,34.39,68.98

2026-08-23T14:26:29.988Z,34.38,69.07

2026-08-23T14:26:34.976Z,34.39,69.07

2026-08-23T14:26:39.978Z,34.38,69.04

2026-08-23T14:26:44.987Z,34.39,69.08

2026-08-23T14:26:49.996Z,34.39,69.08

2026-08-23T14:26:54.985Z,34.4,69.01

2026-08-23T14:26:59.984Z,34.39,69.07

2026-08-23T14:27:04.985Z,34.39,69.1

2026-08-23T14:27:09.985Z,34.38,69.06

2026-08-23T14:27:14.988Z,34.38,69.1

2026-08-23T14:27:19.999Z,34.38,69.14

2026-08-23T14:27:24.984Z,34.4,69.07

2026-08-23T14:27:29.987Z,34.39,69.05

2026-08-23T14:27:34.986Z,34.42,69

2026-08-23T14:27:39.987Z,34.41,69.05

2026-08-23T14:27:45.002Z,34.4,69.02

2026-08-23T14:27:50.016Z,34.4,69.1

2026-08-23T14:27:55.002Z,34.4,69.01

2026-08-23T14:28:00.000Z,34.42,68.95

2026-08-23T14:28:05.003Z,34.41,68.98

2026-08-23T14:28:10.000Z,34.42,68.95

2026-08-23T14:28:15.020Z,34.42,69.03

2026-08-23T14:28:20.028Z,34.41,68.94

2026-08-23T14:28:25.015Z,34.42,68.96

2026-08-23T14:28:30.019Z,34.4,69.05

2026-08-23T14:28:35.017Z,34.41,68.99

2026-08-23T14:28:40.019Z,34.4,68.99

2026-08-23T14:28:45.031Z,34.4,68.99

2026-08-23T14:28:50.040Z,34.4,69.04

2026-08-23T14:28:55.028Z,34.42,69.07

2026-08-23T14:29:00.030Z,34.39,69.02

2026-08-23T14:29:05.030Z,34.42,68.99

2026-08-23T14:29:10.029Z,34.4,69.01

2026-08-23T14:29:15.041Z,34.41,69.04

2026-08-23T14:29:20.052Z,34.42,69.06

2026-08-23T14:29:25.038Z,34.41,69.08

2026-08-23T14:29:30.040Z,34.41,69

2026-08-23T14:29:35.038Z,34.42,69.08

2026-08-23T14:29:40.040Z,34.41,69.03

2026-08-23T14:29:45.056Z,34.42,69.01

2026-08-23T14:29:50.067Z,34.41,69.06

2026-08-23T14:29:55.052Z,34.42,69.02

2026-08-23T14:30:00.057Z,34.43,69.05

2026-08-23T14:30:05.055Z,34.43,69.06

2026-08-23T14:30:10.056Z,34.4,69.01

2026-08-23T14:30:15.059Z,34.43,69.04

2026-08-23T14:30:20.070Z,34.43,69.03

2026-08-23T14:30:25.056Z,34.43,69.03

2026-08-23T14:30:30.058Z,34.44,69

2026-08-23T14:30:35.058Z,34.43,69.04

2026-08-23T14:30:40.060Z,34.43,69.02

2026-08-23T14:30:45.061Z,34.45,69.02

2026-08-23T14:30:50.071Z,34.44,69.04

2026-08-23T14:30:55.060Z,34.45,69.02

2026-08-23T14:31:00.060Z,34.45,68.86

2026-08-23T14:31:05.060Z,34.46,68.98

2026-08-23T14:31:10.063Z,34.43,68.96

2026-08-23T14:31:15.065Z,34.45,68.96

2026-08-23T14:31:20.074Z,34.43,68.95

2026-08-23T14:31:25.063Z,34.43,68.94

2026-08-23T14:31:30.065Z,34.45,69.01

2026-08-23T14:31:35.063Z,34.45,68.98

2026-08-23T14:31:40.066Z,34.45,68.99

2026-08-23T14:31:45.067Z,34.46,69

2026-08-23T14:31:50.078Z,34.44,69.03

2026-08-23T14:31:55.064Z,34.46,68.97

2026-08-23T14:32:00.070Z,34.45,68.99

2026-08-23T14:32:05.066Z,34.43,69.02

2026-08-23T14:32:10.065Z,34.44,69

2026-08-23T14:32:15.081Z,34.43,69

2026-08-23T14:32:20.091Z,34.43,69.03

2026-08-23T14:32:25.079Z,34.42,69.02

2026-08-23T14:32:30.081Z,34.43,69.01

2026-08-23T14:32:35.082Z,34.44,68.97

2026-08-23T14:32:40.082Z,34.42,69.01

2026-08-23T14:32:45.085Z,34.42,69

2026-08-23T14:32:50.100Z,34.43,69.09

2026-08-23T14:32:55.084Z,34.41,69.02

2026-08-23T14:33:00.085Z,34.42,68.99

2026-08-23T14:33:05.084Z,34.41,69

2026-08-23T14:33:10.086Z,34.4,69

2026-08-23T14:33:15.102Z,34.42,68.99

2026-08-23T14:33:20.112Z,34.42,69.09

2026-08-23T14:33:25.098Z,34.42,68.98

2026-08-23T14:33:30.099Z,34.41,69.01

2026-08-23T14:33:35.101Z,34.4,68.98

2026-08-23T14:33:40.101Z,34.41,69.09

2026-08-23T14:33:45.112Z,34.41,69.04

2026-08-23T14:33:50.122Z,34.4,69.04

2026-08-23T14:33:55.110Z,34.41,69.08

2026-08-23T14:34:00.110Z,34.39,69.07

2026-08-23T14:34:05.112Z,34.4,69.06

2026-08-23T14:34:10.113Z,34.4,69.1

2026-08-23T14:34:15.121Z,34.38,69.04

2026-08-23T14:34:20.131Z,34.4,69.08

2026-08-23T14:34:25.117Z,34.4,68.99

2026-08-23T14:34:30.120Z,34.38,69.02

2026-08-23T14:34:35.118Z,34.38,69.03

2026-08-23T14:34:40.118Z,34.39,69.07

2026-08-23T14:34:45.128Z,34.39,69.05

2026-08-23T14:34:50.137Z,34.38,69.05

2026-08-23T14:34:55.127Z,34.38,69.09

2026-08-23T14:35:00.126Z,34.38,69.03

2026-08-23T14:35:05.126Z,34.37,69.07

2026-08-23T14:35:10.126Z,34.37,69.08

2026-08-23T14:35:15.128Z,34.39,69.12

2026-08-23T14:35:20.142Z,34.39,69.09

2026-08-23T14:35:25.128Z,34.39,69.02

2026-08-23T14:35:30.129Z,34.39,69.07

2026-08-23T14:35:35.129Z,34.4,69.06

2026-08-23T14:35:40.131Z,34.38,69.08

2026-08-23T14:35:45.141Z,34.38,69.11

2026-08-23T14:35:50.149Z,34.39,69.15

2026-08-23T14:35:55.138Z,34.39,69.07

2026-08-23T14:36:00.138Z,34.4,69.05

2026-08-23T14:36:05.138Z,34.39,69.1

2026-08-23T14:36:10.139Z,34.39,69.07

2026-08-23T14:36:15.148Z,34.4,69.08

2026-08-23T14:36:20.161Z,34.38,69.1

2026-08-23T14:36:25.148Z,34.4,69.1

2026-08-23T14:36:30.147Z,34.38,69.06

2026-08-23T14:36:35.149Z,34.38,69.06

2026-08-23T14:36:40.149Z,34.37,69.09

2026-08-23T14:36:45.151Z,34.38,69.09

2026-08-23T14:36:50.164Z,34.38,69.13

2026-08-23T14:36:55.151Z,34.39,69.02

2026-08-23T14:37:00.152Z,34.36,69.13

2026-08-23T14:37:05.151Z,34.39,69.08

2026-08-23T14:37:10.152Z,34.37,69.08

2026-08-23T14:37:15.163Z,34.4,69.07

2026-08-23T14:37:20.191Z,34.37,69.12

2026-08-23T14:37:25.161Z,34.39,69.05

2026-08-23T14:37:30.160Z,34.39,69.1

2026-08-23T14:37:35.160Z,34.39,69.08

2026-08-23T14:37:40.173Z,34.38,69.1

2026-08-23T14:37:45.161Z,34.39,69.05

2026-08-23T14:37:50.162Z,34.37,69.13

2026-08-23T14:37:55.161Z,34.39,69.09

2026-08-23T14:38:00.161Z,34.39,69.13

2026-08-23T14:38:05.162Z,34.39,69.13

2026-08-23T14:38:10.174Z,34.39,69.13

2026-08-23T14:38:15.164Z,34.38,69.17

2026-08-23T14:38:20.162Z,34.38,69.12

2026-08-23T14:38:25.161Z,34.36,69.16

2026-08-23T14:38:30.164Z,34.37,69.16

2026-08-23T14:38:35.164Z,34.39,69.17

2026-08-23T14:38:40.179Z,34.36,69.16

2026-08-23T14:38:45.166Z,34.36,69.18

2026-08-23T14:38:50.166Z,34.37,69.15

2026-08-23T14:38:55.165Z,34.37,69.13

2026-08-23T14:39:00.164Z,34.37,69.19

2026-08-23T14:39:05.172Z,34.35,69.2

2026-08-23T14:39:10.183Z,34.35,69.24

2026-08-23T14:39:15.171Z,34.36,69.16

2026-08-23T14:39:20.173Z,34.35,69.27

2026-08-23T14:39:25.172Z,34.33,69.32

2026-08-23T14:39:30.179Z,34.35,69.35

2026-08-23T14:39:35.180Z,34.35,69.38

2026-08-23T14:39:40.190Z,34.33,69.4

2026-08-23T14:39:45.179Z,34.35,69.39

2026-08-23T14:39:50.181Z,34.32,69.46

2026-08-23T14:39:55.181Z,34.34,69.47

2026-08-23T14:40:00.180Z,34.34,69.54

2026-08-23T14:40:05.194Z,34.35,69.48

2026-08-23T14:40:10.205Z,34.35,69.54

2026-08-23T14:40:15.194Z,34.34,69.56

2026-08-23T14:40:20.195Z,34.34,69.59

2026-08-23T14:40:25.193Z,34.35,69.6

2026-08-23T14:40:30.194Z,34.36,69.56

2026-08-23T14:40:35.212Z,34.36,69.51

2026-08-23T14:40:40.220Z,34.35,69.59

2026-08-23T14:40:45.209Z,34.34,69.51

2026-08-23T14:40:50.210Z,34.35,69.5

2026-08-23T14:40:55.209Z,34.34,69.49

2026-08-23T14:41:00.211Z,34.36,69.54

2026-08-23T14:41:05.219Z,34.36,69.62

2026-08-23T14:41:10.232Z,34.34,69.66

2026-08-23T14:41:15.219Z,34.36,69.63

2026-08-23T14:41:20.219Z,34.35,69.59

2026-08-23T14:41:25.218Z,34.36,69.62

2026-08-23T14:41:30.219Z,34.35,69.72

2026-08-23T14:41:35.226Z,34.35,69.75

2026-08-23T14:41:40.236Z,34.33,69.84

2026-08-23T14:41:45.225Z,34.35,69.79

2026-08-23T14:41:50.226Z,34.35,69.76

2026-08-23T14:41:55.225Z,34.36,69.68

2026-08-23T14:42:00.227Z,34.35,69.61

2026-08-23T14:42:05.226Z,34.36,69.62

2026-08-23T14:42:10.237Z,34.35,69.63

2026-08-23T14:42:15.227Z,34.34,69.59

2026-08-23T14:42:20.226Z,34.35,69.54

2026-08-23T14:42:25.229Z,34.35,69.55

2026-08-23T14:42:30.225Z,34.33,69.51

2026-08-23T14:42:35.225Z,34.34,69.48

2026-08-23T14:42:40.238Z,34.34,69.58

2026-08-23T14:42:45.226Z,34.35,69.5

2026-08-23T14:42:50.226Z,34.32,69.51

2026-08-23T14:42:55.227Z,34.34,69.5

2026-08-23T14:43:00.229Z,34.36,69.48

2026-08-23T14:43:05.231Z,34.34,69.56

2026-08-23T14:43:10.236Z,34.33,69.57

2026-08-23T14:43:15.224Z,34.36,69.56

2026-08-23T14:43:20.228Z,34.32,69.51

2026-08-23T14:43:25.227Z,34.34,69.6

2026-08-23T14:43:30.229Z,34.35,69.52

2026-08-23T14:43:35.233Z,34.34,69.51

2026-08-23T14:43:40.243Z,34.35,69.6

2026-08-23T14:43:45.234Z,34.34,69.59

2026-08-23T14:43:50.232Z,34.35,69.5

2026-08-23T14:43:55.234Z,34.34,69.55

2026-08-23T14:44:00.233Z,34.36,69.53

2026-08-23T14:44:05.253Z,34.35,69.58

2026-08-23T14:44:10.264Z,34.34,69.64

2026-08-23T14:44:15.255Z,34.34,69.59

2026-08-23T14:44:20.253Z,34.33,69.59

2026-08-23T14:44:25.255Z,34.36,69.63

2026-08-23T14:44:30.256Z,34.35,69.61

2026-08-23T14:44:35.253Z,34.36,69.66

2026-08-23T14:44:40.270Z,34.35,69.7

2026-08-23T14:44:45.256Z,34.35,69.62

2026-08-23T14:44:50.257Z,34.35,69.69

2026-08-23T14:44:55.258Z,34.33,69.64

2026-08-23T14:45:00.270Z,34.34,69.6

2026-08-23T14:45:05.256Z,34.34,69.64

2026-08-23T14:45:10.259Z,34.34,69.63

2026-08-23T14:45:15.259Z,34.35,69.63

2026-08-23T14:45:20.261Z,34.34,69.64

2026-08-23T14:45:25.259Z,34.35,69.66

2026-08-23T14:45:30.272Z,34.32,69.73

2026-08-23T14:45:35.260Z,34.34,69.63

2026-08-23T14:45:40.259Z,34.33,69.72

2026-08-23T14:45:45.259Z,34.36,69.65

2026-08-23T14:45:50.261Z,34.35,69.61

2026-08-23T14:45:55.265Z,34.33,69.68

2026-08-23T14:46:00.278Z,34.34,69.7

2026-08-23T14:46:05.264Z,34.35,69.65

2026-08-23T14:46:10.265Z,34.34,69.63

2026-08-23T14:46:15.262Z,34.32,69.74

2026-08-23T14:46:20.263Z,34.35,69.65

2026-08-23T14:46:25.271Z,34.32,69.66

2026-08-23T14:46:30.283Z,34.32,69.76

2026-08-23T14:46:35.269Z,34.34,69.66

2026-08-23T14:46:40.267Z,34.35,69.73

2026-08-23T14:46:45.269Z,34.33,69.69

2026-08-23T14:46:50.273Z,34.32,69.69

2026-08-23T14:46:55.286Z,34.31,69.76

2026-08-23T14:47:00.295Z,34.32,69.78

2026-08-23T14:47:05.280Z,34.32,69.75

2026-08-23T14:47:10.281Z,34.32,69.73

2026-08-23T14:47:15.282Z,34.32,69.73

2026-08-23T14:47:20.283Z,34.33,69.79

2026-08-23T14:47:25.290Z,34.32,69.84

2026-08-23T14:47:30.300Z,34.3,69.83

2026-08-23T14:47:35.289Z,34.31,69.75

2026-08-23T14:47:40.292Z,34.32,69.78

2026-08-23T14:47:45.291Z,34.3,69.79

2026-08-23T14:47:50.292Z,34.31,69.77

2026-08-23T14:47:55.305Z,34.3,69.84

2026-08-23T14:48:00.317Z,34.31,69.87

2026-08-23T14:48:05.306Z,34.33,69.9

2026-08-23T14:48:10.305Z,34.3,69.82

2026-08-23T14:48:15.308Z,34.31,69.87

2026-08-23T14:48:20.308Z,34.32,69.81

2026-08-23T14:48:25.316Z,34.32,69.84

2026-08-23T14:48:30.330Z,34.3,69.84

2026-08-23T14:48:35.314Z,34.32,69.8

2026-08-23T14:48:40.314Z,34.31,69.86

2026-08-23T14:48:45.314Z,34.32,69.76

2026-08-23T14:48:50.315Z,34.33,69.87

2026-08-23T14:48:55.325Z,34.33,69.79

2026-08-23T14:49:00.337Z,34.33,69.82

2026-08-23T14:49:05.324Z,34.31,69.81

2026-08-23T14:49:10.324Z,34.33,69.8

2026-08-23T14:49:15.325Z,34.33,69.84

2026-08-23T14:49:20.324Z,34.34,69.84

2026-08-23T14:49:25.336Z,34.33,69.85

2026-08-23T14:49:30.350Z,34.32,69.85

2026-08-23T14:49:35.337Z,34.32,69.81

2026-08-23T14:49:40.337Z,34.32,69.81

2026-08-23T14:49:45.338Z,34.33,69.86

2026-08-23T14:49:50.347Z,34.31,69.8

2026-08-23T14:49:55.337Z,34.33,69.89

2026-08-23T14:50:00.336Z,34.32,69.81

2026-08-23T14:50:05.336Z,34.31,69.84

2026-08-23T14:50:10.336Z,34.31,69.84

2026-08-23T14:50:15.353Z,34.32,69.87

2026-08-23T14:50:20.359Z,34.33,69.84

2026-08-23T14:50:25.349Z,34.3,69.81

2026-08-23T14:50:30.349Z,34.3,69.87

2026-08-23T14:50:35.348Z,34.3,69.83

2026-08-23T14:50:40.351Z,34.32,69.9

2026-08-23T14:50:45.358Z,34.31,69.93

2026-08-23T14:50:50.369Z,34.3,69.89

2026-08-23T14:50:55.359Z,34.32,69.89

2026-08-23T14:51:00.359Z,34.32,69.91

2026-08-23T14:51:05.358Z,34.32,69.95

2026-08-23T14:51:10.359Z,34.31,69.92

2026-08-23T14:51:15.370Z,34.31,69.94

2026-08-23T14:51:20.378Z,34.31,69.96

2026-08-23T14:51:25.368Z,34.33,69.91

2026-08-23T14:51:30.371Z,34.33,69.94

2026-08-23T14:51:35.371Z,34.32,69.88

2026-08-23T14:51:40.370Z,34.33,69.85

2026-08-23T14:51:45.378Z,34.32,69.88

2026-08-23T14:51:50.391Z,34.34,69.96

2026-08-23T14:51:55.379Z,34.33,69.96

2026-08-23T14:52:00.381Z,34.33,69.93

2026-08-23T14:52:05.379Z,34.33,69.89

2026-08-23T14:52:10.379Z,34.33,69.91

2026-08-23T14:52:15.388Z,34.33,69.87

2026-08-23T14:52:20.399Z,34.33,69.9

2026-08-23T14:52:25.387Z,34.33,69.88

2026-08-23T14:52:30.388Z,34.33,69.88

2026-08-23T14:52:35.387Z,34.33,69.85

2026-08-23T14:52:40.385Z,34.34,69.85

2026-08-23T14:52:45.388Z,34.33,69.93

2026-08-23T14:52:50.399Z,34.33,69.93

2026-08-23T14:52:55.390Z,34.32,69.85

2026-08-23T14:53:00.390Z,34.34,69.85

2026-08-23T14:53:05.389Z,34.32,69.89

2026-08-23T14:53:10.389Z,34.32,69.85

2026-08-23T14:53:15.389Z,34.33,69.88

2026-08-23T14:53:20.402Z,34.33,69.96

2026-08-23T14:53:25.388Z,34.34,69.83

2026-08-23T14:53:30.389Z,34.32,69.92

2026-08-23T14:53:35.388Z,34.32,69.92

2026-08-23T14:53:40.392Z,34.32,69.93

2026-08-23T14:53:45.391Z,34.33,69.93

2026-08-23T14:53:50.406Z,34.33,69.99

2026-08-23T14:53:55.392Z,34.35,69.92

2026-08-23T14:54:00.394Z,34.34,69.92

2026-08-23T14:54:05.395Z,34.32,69.87

2026-08-23T14:54:10.394Z,34.31,69.86

2026-08-23T14:54:15.394Z,34.33,69.95

2026-08-23T14:54:20.410Z,34.33,69.94

2026-08-23T14:54:25.398Z,34.3,69.92

2026-08-23T14:54:30.396Z,34.33,69.93

2026-08-23T14:54:35.396Z,34.32,69.91

2026-08-23T14:54:40.397Z,34.31,69.94

2026-08-23T14:54:45.402Z,34.33,69.92

2026-08-23T14:54:50.410Z,34.32,69.95

2026-08-23T14:54:55.402Z,34.32,69.85

2026-08-23T14:55:00.403Z,34.32,69.89

2026-08-23T14:55:05.402Z,34.32,69.96

2026-08-23T14:55:10.402Z,34.33,69.92

2026-08-23T14:55:15.417Z,34.32,69.88

2026-08-23T14:55:20.430Z,34.33,69.93

2026-08-23T14:55:25.419Z,34.33,69.92

2026-08-23T14:55:30.421Z,34.32,69.9

2026-08-23T14:55:35.418Z,34.32,69.91

2026-08-23T14:55:40.419Z,34.32,69.98

2026-08-23T14:55:45.431Z,34.31,69.97

2026-08-23T14:55:50.444Z,34.33,70.02

2026-08-23T14:55:55.430Z,34.3,69.96

2026-08-23T14:56:00.430Z,34.34,70.01

2026-08-23T14:56:05.434Z,34.33,69.97

2026-08-23T14:56:10.431Z,34.3,69.98

2026-08-23T14:56:15.441Z,34.31,69.92

2026-08-23T14:56:20.453Z,34.3,69.97

2026-08-23T14:56:25.438Z,34.32,70.01

2026-08-23T14:56:30.439Z,34.3,69.98

2026-08-23T14:56:35.441Z,34.31,69.99

2026-08-23T14:56:40.439Z,34.27,70.03

2026-08-23T14:56:45.450Z,34.27,69.97

2026-08-23T14:56:50.461Z,34.29,69.98

2026-08-23T14:56:55.446Z,34.29,70

2026-08-23T14:57:00.449Z,34.29,70.05

2026-08-23T14:57:05.453Z,34.27,70.09

2026-08-23T14:57:10.465Z,34.26,70.13

2026-08-23T14:57:15.451Z,34.25,70.17

2026-08-23T14:57:20.451Z,34.27,70.15

2026-08-23T14:57:25.453Z,34.25,70.18

2026-08-23T14:57:30.451Z,34.24,70.23

2026-08-23T14:57:35.453Z,34.24,70.22

2026-08-23T14:57:40.464Z,34.23,70.16

2026-08-23T14:57:45.452Z,34.24,70.22

2026-08-23T14:57:50.453Z,34.23,70.23

2026-08-23T14:57:55.452Z,34.22,70.24

2026-08-23T14:58:00.454Z,34.21,70.28

2026-08-23T14:58:05.453Z,34.22,70.29

2026-08-23T14:58:10.466Z,34.21,70.41

2026-08-23T14:58:15.456Z,34.2,70.39

2026-08-23T14:58:20.456Z,34.22,70.49

2026-08-23T14:58:25.455Z,34.19,70.44

2026-08-23T14:58:30.466Z,34.17,70.42

2026-08-23T14:58:35.456Z,34.17,70.43

2026-08-23T14:58:40.456Z,34.17,70.43

2026-08-23T14:58:45.456Z,34.18,70.5

2026-08-23T14:58:50.457Z,34.17,70.52

2026-08-23T14:58:55.458Z,34.15,70.59

2026-08-23T14:59:00.473Z,34.15,70.64

2026-08-23T14:59:05.459Z,34.15,70.61

2026-08-23T14:59:10.460Z,34.16,70.64

2026-08-23T14:59:15.458Z,34.16,70.59

2026-08-23T14:59:20.460Z,34.14,70.58

2026-08-23T14:59:25.473Z,34.15,70.62

2026-08-23T14:59:30.482Z,34.13,70.62

2026-08-23T14:59:35.471Z,34.12,70.62

2026-08-23T14:59:40.474Z,34.12,70.69

2026-08-23T14:59:45.474Z,34.13,70.73

2026-08-23T14:59:50.474Z,34.15,70.77

2026-08-23T14:59:55.475Z,34.12,70.69

2026-08-23T15:00:00.489Z,34.11,70.77

2026-08-23T15:00:05.475Z,34.13,70.77

2026-08-23T15:00:10.477Z,34.12,70.82

2026-08-23T15:00:15.477Z,34.11,70.82

2026-08-23T15:00:20.477Z,34.11,70.81

2026-08-23T15:00:25.489Z,34.11,70.77

2026-08-23T15:00:30.501Z,34.09,70.82

2026-08-23T15:00:35.487Z,34.1,70.79

2026-08-23T15:00:40.488Z,34.1,70.83

2026-08-23T15:00:45.489Z,34.09,70.74

2026-08-23T15:00:50.489Z,34.1,70.74

2026-08-23T15:00:55.500Z,34.09,70.74

2026-08-23T15:01:00.513Z,34.08,70.81

2026-08-23T15:01:05.500Z,34.08,70.86

2026-08-23T15:01:10.502Z,34.09,70.84

2026-08-23T15:01:15.499Z,34.07,70.96

2026-08-23T15:01:20.500Z,34.09,70.9

2026-08-23T15:01:25.520Z,34.08,70.94

2026-08-23T15:01:30.527Z,34.07,71.03

2026-08-23T15:01:35.516Z,34.07,70.97

2026-08-23T15:01:40.519Z,34.08,70.98

2026-08-23T15:01:45.520Z,34.06,70.99

2026-08-23T15:01:50.519Z,34.06,71.02

2026-08-23T15:01:55.527Z,34.06,71.05

2026-08-23T15:02:00.540Z,34.05,70.99

2026-08-23T15:02:05.524Z,34.07,70.98

2026-08-23T15:02:10.524Z,34.08,71

2026-08-23T15:02:15.524Z,34.06,71.06

2026-08-23T15:02:20.525Z,34.04,70.96

2026-08-23T15:02:25.539Z,34.05,70.97

2026-08-23T15:02:30.550Z,34.05,71.03

2026-08-23T15:02:35.535Z,34.05,70.96

2026-08-23T15:02:40.538Z,34.06,71

2026-08-23T15:02:45.537Z,34.03,71.04

2026-08-23T15:02:50.568Z,34.03,71.08

2026-08-23T15:02:55.547Z,34.04,71.09

2026-08-23T15:03:00.539Z,34.03,71.03

2026-08-23T15:03:05.540Z,34.03,71.06

2026-08-23T15:03:10.539Z,34.03,71.08

2026-08-23T15:03:15.553Z,34.03,71.12

2026-08-23T15:03:20.562Z,34.04,71.11

2026-08-23T15:03:25.551Z,34.02,71.13

2026-08-23T15:03:30.552Z,34.03,71.2

2026-08-23T15:03:35.553Z,34.04,71.18

2026-08-23T15:03:40.552Z,34.02,71.19

2026-08-23T15:03:45.552Z,34.03,71.18

2026-08-23T15:03:50.564Z,34.04,71.26

2026-08-23T15:03:55.554Z,34.03,71.14

2026-08-23T15:04:00.555Z,34.03,71.15

2026-08-23T15:04:05.552Z,34.03,71.13

2026-08-23T15:04:10.555Z,34.02,71.12

2026-08-23T15:04:15.554Z,34.04,71.12

2026-08-23T15:04:20.571Z,34.02,71.24

2026-08-23T15:04:25.554Z,34.03,71.19

2026-08-23T15:04:30.554Z,34.04,71.25

2026-08-23T15:04:35.553Z,34.02,71.21

2026-08-23T15:04:40.554Z,34.01,71.26

2026-08-23T15:04:45.563Z,34.04,71.17

2026-08-23T15:04:50.574Z,34.03,71.29

2026-08-23T15:04:55.561Z,34.02,71.25

2026-08-23T15:05:00.562Z,34.03,71.29

2026-08-23T15:05:05.563Z,34.04,71.3

2026-08-23T15:05:10.566Z,34.03,71.26

2026-08-23T15:05:15.567Z,34.04,71.28

2026-08-23T15:05:20.583Z,34.02,71.35

2026-08-23T15:05:25.571Z,34.02,71.33

2026-08-23T15:05:30.568Z,34.03,71.29

2026-08-23T15:05:35.570Z,34.03,71.3

2026-08-23T15:05:40.573Z,34.02,71.29

2026-08-23T15:05:45.577Z,34.03,71.34

2026-08-23T15:05:50.590Z,34.02,71.35

2026-08-23T15:05:55.576Z,34.01,71.35

2026-08-23T15:06:00.578Z,34.01,71.31

2026-08-23T15:06:05.578Z,34.03,71.34

2026-08-23T15:06:10.578Z,34.03,71.29

2026-08-23T15:06:15.590Z,34.03,71.37

2026-08-23T15:06:20.604Z,34.02,71.36

2026-08-23T15:06:25.588Z,34.02,71.34

2026-08-23T15:06:30.590Z,34.03,71.36

2026-08-23T15:06:35.590Z,34.01,71.37

2026-08-23T15:06:40.589Z,34.02,71.38

2026-08-23T15:06:45.603Z,34.01,71.37

2026-08-23T15:06:50.617Z,33.99,71.44

2026-08-23T15:06:55.603Z,34,71.43

2026-08-23T15:07:00.605Z,34,71.44

2026-08-23T15:07:05.605Z,34,71.47

2026-08-23T15:07:10.606Z,33.99,71.49

2026-08-23T15:07:15.616Z,33.99,71.48

2026-08-23T15:07:20.632Z,33.99,71.58

2026-08-23T15:07:25.616Z,33.98,71.49

2026-08-23T15:07:30.620Z,33.98,71.48

2026-08-23T15:07:35.619Z,33.98,71.53

2026-08-23T15:07:40.633Z,33.99,71.54

2026-08-23T15:07:45.617Z,33.96,71.5

2026-08-23T15:07:50.619Z,33.95,71.42

2026-08-23T15:07:55.620Z,33.95,71.4

2026-08-23T15:08:00.620Z,33.94,71.41

2026-08-23T15:08:05.622Z,33.92,71.37

2026-08-23T15:08:10.637Z,33.94,71.32

2026-08-23T15:08:15.619Z,33.93,71.35

2026-08-23T15:08:20.621Z,33.93,71.37

2026-08-23T15:08:25.620Z,33.91,71.33

2026-08-23T15:08:30.619Z,33.92,71.36

2026-08-23T15:08:35.621Z,33.92,71.44

2026-08-23T15:08:40.634Z,33.9,71.43

2026-08-23T15:08:45.621Z,33.9,71.49

2026-08-23T15:08:50.625Z,33.91,71.52

2026-08-23T15:08:55.628Z,33.91,71.56

2026-08-23T15:09:00.624Z,33.91,71.56

2026-08-23T15:09:05.639Z,33.91,71.6

2026-08-23T15:09:10.655Z,33.91,71.61

2026-08-23T15:09:15.636Z,33.92,71.56

2026-08-23T15:09:20.642Z,33.92,71.63

2026-08-23T15:09:25.639Z,33.93,71.65

2026-08-23T15:09:30.639Z,33.94,71.61

2026-08-23T15:09:35.642Z,33.94,71.6

2026-08-23T15:09:40.652Z,33.93,71.7

2026-08-23T15:09:45.641Z,33.95,71.71

2026-08-23T15:09:50.643Z,33.95,71.62

2026-08-23T15:09:55.643Z,33.98,71.68

2026-08-23T15:10:00.644Z,33.97,71.69

2026-08-23T15:10:05.644Z,33.96,71.6

2026-08-23T15:10:10.658Z,33.97,71.68

2026-08-23T15:10:15.644Z,34.01,71.66

2026-08-23T15:10:20.645Z,34.01,71.58

2026-08-23T15:10:25.646Z,33.99,71.51

2026-08-23T15:10:30.648Z,34.02,71.5

2026-08-23T15:10:35.651Z,34.01,71.45

2026-08-23T15:10:40.662Z,34.03,71.49

2026-08-23T15:10:45.650Z,34.05,71.41

2026-08-23T15:10:50.650Z,34.04,71.41

2026-08-23T15:10:55.652Z,34.04,71.43

2026-08-23T15:11:00.652Z,34.07,71.46

2026-08-23T15:11:05.655Z,34.06,71.39

2026-08-23T15:11:10.667Z,34.05,71.39

2026-08-23T15:11:15.654Z,34.07,71.34

2026-08-23T15:11:20.653Z,34.09,71.26

2026-08-23T15:11:25.656Z,34.08,71.37

2026-08-23T15:11:30.657Z,34.1,71.2

2026-08-23T15:11:35.663Z,34.09,71.26

2026-08-23T15:11:40.677Z,34.11,71.26

2026-08-23T15:11:45.663Z,34.09,71.21

2026-08-23T15:11:50.664Z,34.13,71.15

2026-08-23T15:11:55.663Z,34.12,71.12

2026-08-23T15:12:00.663Z,34.14,71.11

2026-08-23T15:12:05.668Z,34.13,71.06

2026-08-23T15:12:10.680Z,34.15,71.09

2026-08-23T15:12:15.668Z,34.17,70.99

2026-08-23T15:12:20.668Z,34.16,70.96

2026-08-23T15:12:25.669Z,34.15,70.86

2026-08-23T15:12:30.670Z,34.17,70.88

2026-08-23T15:12:35.687Z,34.16,70.83

2026-08-23T15:12:40.692Z,34.18,70.83

2026-08-23T15:12:45.684Z,34.18,70.8

2026-08-23T15:12:50.689Z,34.17,70.75

2026-08-23T15:12:55.688Z,34.18,70.76

2026-08-23T15:13:00.689Z,34.17,70.66

2026-08-23T15:13:05.696Z,34.19,70.75

2026-08-23T15:13:10.705Z,34.18,70.66

2026-08-23T15:13:15.692Z,34.19,70.55

2026-08-23T15:13:20.694Z,34.17,70.47

2026-08-23T15:13:25.696Z,34.2,70.45

2026-08-23T15:13:30.697Z,34.2,70.5

2026-08-23T15:13:35.704Z,34.18,70.51

2026-08-23T15:13:40.718Z,34.21,70.55

2026-08-23T15:13:45.705Z,34.18,70.48

2026-08-23T15:13:50.704Z,34.19,70.51

2026-08-23T15:13:55.703Z,34.2,70.54

2026-08-23T15:14:00.703Z,34.2,70.53

2026-08-23T15:14:05.718Z,34.2,70.53

2026-08-23T15:14:10.730Z,34.2,70.59

2026-08-23T15:14:15.718Z,34.19,70.54

2026-08-23T15:14:20.719Z,34.21,70.54

2026-08-23T15:14:25.720Z,34.2,70.52

2026-08-23T15:14:30.720Z,34.21,70.49

2026-08-23T15:14:35.725Z,34.19,70.52

2026-08-23T15:14:40.735Z,34.17,70.54

2026-08-23T15:14:45.725Z,34.19,70.51

2026-08-23T15:14:50.724Z,34.2,70.53

2026-08-23T15:14:55.723Z,34.18,70.61

2026-08-23T15:15:00.722Z,34.2,70.6

2026-08-23T15:15:05.734Z,34.2,70.69

2026-08-23T15:15:10.745Z,34.2,70.66

2026-08-23T15:15:15.732Z,34.19,70.7

2026-08-23T15:15:20.732Z,34.2,70.67

2026-08-23T15:15:25.733Z,34.18,70.58

2026-08-23T15:15:30.736Z,34.2,70.49

2026-08-23T15:15:35.739Z,34.22,70.62

2026-08-23T15:15:40.752Z,34.2,70.64

2026-08-23T15:15:45.739Z,34.18,70.6

2026-08-23T15:15:50.741Z,34.19,70.58

2026-08-23T15:15:55.739Z,34.19,70.53

2026-08-23T15:16:00.739Z,34.22,70.56

2026-08-23T15:16:05.742Z,34.19,70.48

2026-08-23T15:16:10.751Z,34.22,70.57

2026-08-23T15:16:15.742Z,34.21,70.51

2026-08-23T15:16:20.743Z,34.22,70.44

2026-08-23T15:16:25.742Z,34.23,70.46

2026-08-23T15:16:30.746Z,34.21,70.44

2026-08-23T15:16:35.755Z,34.23,70.45

2026-08-23T15:16:40.771Z,34.21,70.38

2026-08-23T15:16:45.754Z,34.24,70.4

2026-08-23T15:16:50.753Z,34.22,70.39

2026-08-23T15:16:55.753Z,34.23,70.4

2026-08-23T15:17:00.756Z,34.24,70.41

2026-08-23T15:17:05.759Z,34.2,70.36

2026-08-23T15:17:10.774Z,34.22,70.44

2026-08-23T15:17:15.758Z,34.24,70.4

2026-08-23T15:17:20.760Z,34.23,70.36

2026-08-23T15:17:25.760Z,34.22,70.41

2026-08-23T15:17:30.763Z,34.21,70.33

2026-08-23T15:17:35.766Z,34.21,70.43

2026-08-23T15:17:40.777Z,34.21,70.45

2026-08-23T15:17:45.768Z,34.2,70.45

2026-08-23T15:17:50.769Z,34.2,70.48

2026-08-23T15:17:55.770Z,34.2,70.46

2026-08-23T15:18:00.770Z,34.21,70.44

2026-08-23T15:18:05.778Z,34.21,70.49

2026-08-23T15:18:10.792Z,34.19,70.47

2026-08-23T15:18:15.776Z,34.2,70.47

2026-08-23T15:18:20.778Z,34.19,70.49

2026-08-23T15:18:25.775Z,34.19,70.49

2026-08-23T15:18:30.780Z,34.19,70.48

2026-08-23T15:18:35.792Z,34.19,70.48

2026-08-23T15:18:40.808Z,34.21,70.56

2026-08-23T15:18:45.791Z,34.2,70.52

2026-08-23T15:18:50.791Z,34.21,70.43

2026-08-23T15:18:55.790Z,34.21,70.48

2026-08-23T15:19:00.791Z,34.21,70.47

2026-08-23T15:19:05.799Z,34.19,70.52

2026-08-23T15:19:10.811Z,34.19,70.58

2026-08-23T15:19:15.798Z,34.19,70.57

2026-08-23T15:19:20.797Z,34.19,70.54

2026-08-23T15:19:25.799Z,34.18,70.56

2026-08-23T15:19:30.799Z,34.19,70.55

2026-08-23T15:19:35.800Z,34.2,70.53

2026-08-23T15:19:40.816Z,34.19,70.61

2026-08-23T15:19:45.802Z,34.19,70.59

2026-08-23T15:19:50.802Z,34.2,70.63

2026-08-23T15:19:55.802Z,34.19,70.68

2026-08-23T15:20:00.803Z,34.17,70.83

2026-08-23T15:20:05.813Z,34.19,70.83

2026-08-23T15:20:10.820Z,34.17,70.85

2026-08-23T15:20:15.809Z,34.17,70.85

2026-08-23T15:20:20.811Z,34.17,70.82

2026-08-23T15:20:25.809Z,34.15,70.81

2026-08-23T15:20:30.810Z,34.18,70.85

2026-08-23T15:20:35.819Z,34.16,70.87

2026-08-23T15:20:40.831Z,34.16,70.87

2026-08-23T15:20:45.819Z,34.17,70.84

2026-08-23T15:20:50.821Z,34.16,70.83

2026-08-23T15:20:55.820Z,34.16,70.83

2026-08-23T15:21:00.822Z,34.16,70.86

2026-08-23T15:21:05.834Z,34.15,70.85

2026-08-23T15:21:10.847Z,34.17,70.92

2026-08-23T15:21:15.834Z,34.17,70.88

2026-08-23T15:21:20.834Z,34.16,70.83

2026-08-23T15:21:25.835Z,34.15,70.85

2026-08-23T15:21:30.835Z,34.17,70.89

2026-08-23T15:21:35.839Z,34.16,71

2026-08-23T15:21:40.852Z,34.14,71.01

2026-08-23T15:21:45.835Z,34.14,70.86

2026-08-23T15:21:50.837Z,34.15,70.9

2026-08-23T15:21:55.839Z,34.15,70.83

2026-08-23T15:22:00.838Z,34.14,70.81

2026-08-23T15:22:05.847Z,34.13,70.86

2026-08-23T15:22:10.858Z,34.12,70.97

2026-08-23T15:22:15.846Z,34.12,70.92

2026-08-23T15:22:20.844Z,34.11,70.91

2026-08-23T15:22:25.844Z,34.12,70.94

2026-08-23T15:22:30.846Z,34.11,70.94

2026-08-23T15:22:35.853Z,34.09,71.04

2026-08-23T15:22:40.862Z,34.09,71.03

2026-08-23T15:22:45.853Z,34.1,70.95

2026-08-23T15:22:50.851Z,34.09,71

2026-08-23T15:22:55.853Z,34.1,70.99

2026-08-23T15:23:00.854Z,34.09,71.03

2026-08-23T15:23:05.858Z,34.07,71.07

2026-08-23T15:23:10.868Z,34.09,71.11

2026-08-23T15:23:15.857Z,34.09,71.1

2026-08-23T15:23:20.858Z,34.06,71.06

2026-08-23T15:23:25.856Z,34.08,71.15

2026-08-23T15:23:30.855Z,34.07,71.15

2026-08-23T15:23:35.873Z,34.04,71.18

2026-08-23T15:23:40.881Z,34.06,71.22

2026-08-23T15:23:45.871Z,34.05,71.25

2026-08-23T15:23:50.874Z,34.04,71.22

2026-08-23T15:23:55.874Z,34.07,71.28

2026-08-23T15:24:00.874Z,34.05,71.26

2026-08-23T15:24:05.880Z,34.04,71.22

2026-08-23T15:24:10.892Z,34.04,71.25

2026-08-23T15:24:15.876Z,34.03,71.28

2026-08-23T15:24:20.877Z,34.04,71.26

2026-08-23T15:24:25.877Z,34.04,71.26

2026-08-23T15:24:30.891Z,34.04,71.27

2026-08-23T15:24:35.879Z,34.06,71.25

2026-08-23T15:24:40.879Z,34.05,71.31

2026-08-23T15:24:45.880Z,34.04,71.28

2026-08-23T15:24:50.882Z,34.04,71.28

2026-08-23T15:24:55.886Z,34.05,71.25

2026-08-23T15:25:00.897Z,34.04,71.28

2026-08-23T15:25:05.885Z,34.04,71.25

2026-08-23T15:25:10.885Z,34.04,71.25

2026-08-23T15:25:15.887Z,34.04,71.29

2026-08-23T15:25:20.886Z,34.03,71.35

2026-08-23T15:25:25.900Z,34.05,71.38

2026-08-23T15:25:30.913Z,34.03,71.44

2026-08-23T15:25:35.901Z,34.03,71.41

2026-08-23T15:25:40.901Z,34.05,71.35

2026-08-23T15:25:45.902Z,34.04,71.38

2026-08-23T15:25:50.913Z,34.03,71.41

2026-08-23T15:25:55.902Z,34.04,71.4

2026-08-23T15:26:00.902Z,34.02,71.43

2026-08-23T15:26:05.901Z,34.03,71.4

2026-08-23T15:26:10.902Z,34.04,71.43

2026-08-23T15:26:15.902Z,34.03,71.38

2026-08-23T15:26:20.913Z,34.03,71.47

2026-08-23T15:26:25.902Z,34.03,71.38

2026-08-23T15:26:30.902Z,34.05,71.33

2026-08-23T15:26:35.901Z,34.04,71.32

2026-08-23T15:26:40.901Z,34.04,71.32

2026-08-23T15:26:45.901Z,34.04,71.24

2026-08-23T15:26:50.914Z,34.01,71.39

2026-08-23T15:26:55.901Z,34.03,71.34

2026-08-23T15:27:00.902Z,34.01,71.32

2026-08-23T15:27:05.901Z,34.03,71.36

2026-08-23T15:27:10.904Z,34.03,71.24

2026-08-23T15:27:15.908Z,34.04,71.23

2026-08-23T15:27:20.920Z,34,71.28

2026-08-23T15:27:25.908Z,34.02,71.23

2026-08-23T15:27:30.908Z,34.03,71.19

2026-08-23T15:27:35.908Z,34.03,71.16

2026-08-23T15:27:40.909Z,34.03,71.18

2026-08-23T15:27:45.919Z,34.03,71.11

2026-08-23T15:27:50.938Z,34,71.13

2026-08-23T15:27:55.919Z,34.01,71.07

2026-08-23T15:28:00.920Z,34.02,71.02

2026-08-23T15:28:05.921Z,34,71.07

2026-08-23T15:28:10.921Z,34.01,71.12

2026-08-23T15:28:15.929Z,34,71.22

2026-08-23T15:28:20.939Z,34.03,71.21

2026-08-23T15:28:25.928Z,34.02,71.24

2026-08-23T15:28:30.928Z,34.01,71.19

2026-08-23T15:28:35.930Z,34.01,71.21

2026-08-23T15:28:40.929Z,34.03,71.2

2026-08-23T15:28:45.938Z,34.02,71.16

2026-08-23T15:28:50.949Z,34.02,71.17

2026-08-23T15:28:55.935Z,34.01,71.18

2026-08-23T15:29:00.937Z,34.01,71.06

2026-08-23T15:29:05.937Z,34.02,71.05

2026-08-23T15:29:10.938Z,34.03,71

2026-08-23T15:29:15.943Z,34.02,71.03

2026-08-23T15:29:20.954Z,34.04,71.06

2026-08-23T15:29:25.940Z,34.02,70.99

2026-08-23T15:29:30.940Z,34.02,71.14

2026-08-23T15:29:35.941Z,34.04,71.18

2026-08-23T15:29:40.941Z,34.02,71.2

2026-08-23T15:29:45.954Z,34.03,71.15

2026-08-23T15:29:50.965Z,34.03,71.23

2026-08-23T15:29:55.954Z,34.04,71.13

2026-08-23T15:30:00.953Z,34.03,71.17

2026-08-23T15:30:05.954Z,34.02,71.11

2026-08-23T15:30:10.955Z,34.01,71.12

2026-08-23T15:30:15.960Z,34.03,71.18

2026-08-23T15:30:20.968Z,34.01,71.12

2026-08-23T15:30:25.959Z,34,71.12

2026-08-23T15:30:30.956Z,34,71.17

2026-08-23T15:30:35.956Z,34.01,71.11

2026-08-23T15:30:40.958Z,34,71.19

2026-08-23T15:30:45.959Z,34.01,71.2

2026-08-23T15:30:50.969Z,34.01,71.27

2026-08-23T15:30:55.959Z,34,71.25

2026-08-23T15:31:00.959Z,34,71.3

2026-08-23T15:31:05.956Z,34.01,71.26

2026-08-23T15:31:10.965Z,34,71.27

2026-08-23T15:31:15.973Z,33.98,71.28

2026-08-23T15:31:20.989Z,34,71.28

2026-08-23T15:31:25.968Z,34.01,71.26

2026-08-23T15:31:30.970Z,34,71.31

2026-08-23T15:31:35.971Z,33.98,71.35

2026-08-23T15:31:40.970Z,34.01,71.35

2026-08-23T15:31:45.988Z,34,71.42

2026-08-23T15:31:50.996Z,33.98,71.58

2026-08-23T15:31:55.985Z,34,71.59

2026-08-23T15:32:00.987Z,34.01,71.63

2026-08-23T15:32:05.986Z,33.99,71.7

2026-08-23T15:32:10.988Z,34.01,71.7

2026-08-23T15:32:15.991Z,33.99,71.6

2026-08-23T15:32:21.004Z,34.01,71.66

2026-08-23T15:32:25.990Z,33.99,71.67

2026-08-23T15:32:30.989Z,34.03,71.61

2026-08-23T15:32:35.989Z,33.99,71.68

2026-08-23T15:32:40.990Z,34,71.74

2026-08-23T15:32:45.991Z,34,71.7

2026-08-23T15:32:51.003Z,34.01,71.69

2026-08-23T15:32:55.992Z,33.99,71.62

2026-08-23T15:33:00.991Z,34.03,71.62

2026-08-23T15:33:05.992Z,34.02,71.62

2026-08-23T15:33:10.994Z,34.02,71.55

2026-08-23T15:33:16.004Z,34.02,71.57

2026-08-23T15:33:21.017Z,34.02,71.7

2026-08-23T15:33:26.004Z,34.02,71.71

2026-08-23T15:33:31.005Z,34.03,71.73

2026-08-23T15:33:36.003Z,34.04,72.02

2026-08-23T15:33:41.003Z,34.05,72.04

2026-08-23T15:33:46.014Z,34.05,71.95

2026-08-23T15:33:51.024Z,34.03,71.91

2026-08-23T15:33:56.013Z,34.04,71.8

2026-08-23T15:34:01.013Z,34.05,71.62

2026-08-23T15:34:06.013Z,34.04,71.48

2026-08-23T15:34:11.013Z,34.04,71.48

2026-08-23T15:34:16.013Z,34.04,71.41

2026-08-23T15:34:21.028Z,34.05,71.46

2026-08-23T15:34:26.014Z,34.03,71.2

2026-08-23T15:34:31.014Z,34.04,71.15

2026-08-23T15:34:36.015Z,34.03,71.1

2026-08-23T15:34:41.015Z,34.03,71.09

2026-08-23T15:34:46.031Z,34.04,71.1

2026-08-23T15:34:51.049Z,34.03,71.2

2026-08-23T15:34:56.030Z,34.05,71.15

2026-08-23T15:35:01.035Z,34.04,71.29

2026-08-23T15:35:06.032Z,34.05,71.26

2026-08-23T15:35:11.033Z,34.03,71.25

2026-08-23T15:35:16.042Z,34.04,71.26

2026-08-23T15:35:21.055Z,34.03,71.23

2026-08-23T15:35:26.041Z,34.03,71.26

2026-08-23T15:35:31.043Z,34.02,71.23

2026-08-23T15:35:36.043Z,34.06,71.21

2026-08-23T15:35:41.044Z,34.04,71.18

2026-08-23T15:35:46.043Z,34.02,71.15

2026-08-23T15:35:51.059Z,34.04,71.2

2026-08-23T15:35:56.046Z,34.03,71.21

2026-08-23T15:36:01.047Z,34.03,71.19

2026-08-23T15:36:06.045Z,34.05,71.19

2026-08-23T15:36:11.047Z,34.03,71.22

2026-08-23T15:36:16.052Z,34.03,71.27

2026-08-23T15:36:21.064Z,34.05,71.36

2026-08-23T15:36:26.048Z,34.05,71.36

2026-08-23T15:36:31.048Z,34.04,71.31

2026-08-23T15:36:36.048Z,34.03,71.31

2026-08-23T15:36:41.050Z,34.04,71.34

2026-08-23T15:36:46.066Z,34.04,71.33

2026-08-23T15:36:51.076Z,34.03,71.31

2026-08-23T15:36:56.065Z,34.04,71.31

2026-08-23T15:37:01.066Z,34.04,71.34

2026-08-23T15:37:06.065Z,34.05,71.37

2026-08-23T15:37:11.064Z,34.03,71.38

2026-08-23T15:37:16.080Z,34.05,71.36

2026-08-23T15:37:21.089Z,34.05,71.4

2026-08-23T15:37:26.078Z,34.05,71.38

2026-08-23T15:37:31.078Z,34.05,71.42

2026-08-23T15:37:36.079Z,34.05,71.33

2026-08-23T15:37:41.089Z,34.05,71.31

2026-08-23T15:37:46.078Z,34.05,71.23

2026-08-23T15:37:51.079Z,34.07,71.26

2026-08-23T15:37:56.081Z,34.05,71.23

2026-08-23T15:38:01.080Z,34.04,71.19

2026-08-23T15:38:06.109Z,34.06,71.24

2026-08-23T15:38:11.122Z,34.06,71.26

2026-08-23T15:38:16.106Z,34.06,71.09

2026-08-23T15:38:21.111Z,34.05,71.1

2026-08-23T15:38:26.110Z,34.07,71.1

2026-08-23T15:38:31.110Z,34.07,71.1

2026-08-23T15:38:36.121Z,34.06,71.1

2026-08-23T15:38:41.115Z,34.06,71.19

2026-08-23T15:38:46.114Z,34.06,71.11

2026-08-23T15:38:51.117Z,34.09,71.1

2026-08-23T15:38:56.117Z,34.08,71.08

2026-08-23T15:39:01.131Z,34.06,71.23

2026-08-23T15:39:06.117Z,34.1,71.25

2026-08-23T15:39:11.118Z,34.1,71.26

2026-08-23T15:39:16.121Z,34.08,71.25

2026-08-23T15:39:21.122Z,34.1,71.25

2026-08-23T15:39:26.120Z,34.08,71.18

2026-08-23T15:39:31.133Z,34.08,71.19

2026-08-23T15:39:36.120Z,34.06,71.2

2026-08-23T15:39:41.122Z,34.09,71.2

2026-08-23T15:39:46.120Z,34.07,71.31

2026-08-23T15:39:51.122Z,34.08,71.41

2026-08-23T15:39:56.120Z,34.07,71.26

2026-08-23T15:40:01.134Z,34.08,71.19

2026-08-23T15:40:06.122Z,34.1,71.13

2026-08-23T15:40:11.122Z,34.08,71.17

2026-08-23T15:40:16.122Z,34.1,71.15

2026-08-23T15:40:21.124Z,34.09,71.28

2026-08-23T15:40:26.131Z,34.1,71.25

2026-08-23T15:40:31.140Z,34.09,71.31

2026-08-23T15:40:36.126Z,34.09,71.28

2026-08-23T15:40:41.126Z,34.08,71.16

2026-08-23T15:40:46.126Z,34.09,71.17

2026-08-23T15:40:51.126Z,34.09,71.13

2026-08-23T15:40:56.133Z,34.1,71.08

2026-08-23T15:41:01.143Z,34.09,71.17

2026-08-23T15:41:06.131Z,34.08,71.11

2026-08-23T15:41:11.133Z,34.1,71

2026-08-23T15:41:16.134Z,34.09,71.1

2026-08-23T15:41:21.134Z,34.09,70.99

2026-08-23T15:41:26.135Z,34.09,71.04

2026-08-23T15:41:31.148Z,34.09,71.07

2026-08-23T15:41:36.135Z,34.1,71.03

2026-08-23T15:41:41.134Z,34.1,71.03

2026-08-23T15:41:46.135Z,34.11,71.02

2026-08-23T15:41:51.147Z,34.1,71.06

2026-08-23T15:41:56.136Z,34.11,70.95

2026-08-23T15:42:01.137Z,34.11,70.94

2026-08-23T15:42:06.138Z,34.11,71

2026-08-23T15:42:11.152Z,34.11,71.13

2026-08-23T15:42:16.136Z,34.13,71.09

2026-08-23T15:42:21.139Z,34.1,71.03

2026-08-23T15:42:26.137Z,34.13,70.92

2026-08-23T15:42:31.140Z,34.1,70.77

2026-08-23T15:42:36.139Z,34.11,70.75

2026-08-23T15:42:41.153Z,34.09,70.69

2026-08-23T15:42:46.139Z,34.1,70.72

2026-08-23T15:42:51.141Z,34.1,70.68

2026-08-23T15:42:56.142Z,34.1,70.75

2026-08-23T15:43:01.144Z,34.11,70.67

2026-08-23T15:43:06.148Z,34.1,70.64

2026-08-23T15:43:11.161Z,34.1,70.69

2026-08-23T15:43:16.148Z,34.11,70.62

2026-08-23T15:43:21.148Z,34.09,70.56

2026-08-23T15:43:26.149Z,34.1,70.67

2026-08-23T15:43:31.149Z,34.08,70.7

2026-08-23T15:43:36.162Z,34.11,70.74

2026-08-23T15:43:41.173Z,34.09,70.7

2026-08-23T15:43:46.163Z,34.09,70.72

2026-08-23T15:43:51.162Z,34.06,70.68

2026-08-23T15:43:56.162Z,34.08,70.65

2026-08-23T15:44:01.163Z,34.08,70.63

2026-08-23T15:44:06.171Z,34.08,70.66

2026-08-23T15:44:11.183Z,34.09,70.65

2026-08-23T15:44:16.171Z,34.06,70.66

2026-08-23T15:44:21.171Z,34.06,70.58

2026-08-23T15:44:26.169Z,34.08,70.56

2026-08-23T15:44:31.172Z,34.05,70.69

2026-08-23T15:44:36.180Z,34.05,70.69

2026-08-23T15:44:41.192Z,34.05,70.76

2026-08-23T15:44:46.179Z,34.06,70.76

2026-08-23T15:44:51.179Z,34.07,70.73

2026-08-23T15:44:56.178Z,34.05,70.76

2026-08-23T15:45:01.180Z,34.05,70.77

2026-08-23T15:45:06.183Z,34.06,70.76

2026-08-23T15:45:11.194Z,34.04,70.74

2026-08-23T15:45:16.181Z,34.02,70.7

2026-08-23T15:45:21.182Z,34.03,70.7

2026-08-23T15:45:26.181Z,34.03,70.76

2026-08-23T15:45:31.182Z,34.02,70.82

2026-08-23T15:45:36.196Z,34.04,70.75

2026-08-23T15:45:41.202Z,34.02,70.85

2026-08-23T15:45:46.189Z,34.02,70.97

2026-08-23T15:45:51.191Z,34.03,70.9

2026-08-23T15:45:56.195Z,34.02,70.91

2026-08-23T15:46:01.211Z,34.02,70.89

2026-08-23T15:46:06.193Z,34.02,70.86

2026-08-23T15:46:11.195Z,34.02,70.98

2026-08-23T15:46:16.208Z,34.01,70.97

2026-08-23T15:46:21.218Z,34.02,71.01

2026-08-23T15:46:26.207Z,34.01,70.97

2026-08-23T15:46:31.208Z,34.02,70.96

2026-08-23T15:46:36.208Z,34.02,70.99

2026-08-23T15:46:41.210Z,34.01,70.95

2026-08-23T15:46:46.215Z,34.02,70.98

2026-08-23T15:46:51.226Z,34.03,71.02

2026-08-23T15:46:56.214Z,34.03,70.95

2026-08-23T15:47:01.216Z,34.02,70.97

2026-08-23T15:47:06.216Z,34.02,70.96

2026-08-23T15:47:11.218Z,34.04,70.95

2026-08-23T15:47:16.224Z,34.04,70.92

2026-08-23T15:47:21.234Z,34.04,70.99

2026-08-23T15:47:26.223Z,34.02,70.92

2026-08-23T15:47:31.223Z,34.03,70.89

2026-08-23T15:47:36.224Z,34.02,70.95

2026-08-23T15:47:41.224Z,34.04,70.95

2026-08-23T15:47:46.224Z,34.03,70.88

2026-08-23T15:47:51.236Z,34.03,70.91

2026-08-23T15:47:56.225Z,34.02,70.9

2026-08-23T15:48:01.227Z,34.05,70.86

2026-08-23T15:48:06.228Z,34.03,70.88

2026-08-23T15:48:11.227Z,34.05,70.8

2026-08-23T15:48:16.229Z,34.06,70.82

2026-08-23T15:48:21.239Z,34.05,70.85

2026-08-23T15:48:26.228Z,34.05,70.81

2026-08-23T15:48:31.229Z,34.04,70.76

2026-08-23T15:48:36.231Z,34.05,70.77

2026-08-23T15:48:41.228Z,34.06,70.79

2026-08-23T15:48:46.229Z,34.06,70.74

2026-08-23T15:48:51.243Z,34.05,70.69

2026-08-23T15:48:56.228Z,34.06,70.57

2026-08-23T15:49:01.228Z,34.05,70.51

2026-08-23T15:49:06.226Z,34.06,70.53

2026-08-23T15:49:11.230Z,34.05,70.46

2026-08-23T15:49:16.243Z,34.06,70.54

2026-08-23T15:49:21.251Z,34.04,70.49

2026-08-23T15:49:26.238Z,34.05,70.45

2026-08-23T15:49:31.241Z,34.06,70.48

2026-08-23T15:49:36.244Z,34.05,70.47

2026-08-23T15:49:41.241Z,34.07,70.49

2026-08-23T15:49:46.256Z,34.06,70.48

2026-08-23T15:49:51.267Z,34.04,70.44

2026-08-23T15:49:56.255Z,34.05,70.43

2026-08-23T15:50:01.254Z,34.05,70.44

2026-08-23T15:50:06.254Z,34.05,70.42

2026-08-23T15:50:11.255Z,34.07,70.42

2026-08-23T15:50:16.271Z,34.07,70.38

2026-08-23T15:50:21.286Z,34.04,70.42

2026-08-23T15:50:26.267Z,34.04,70.38

2026-08-23T15:50:31.268Z,34.03,70.42

2026-08-23T15:50:36.270Z,34.03,70.41

2026-08-23T15:50:41.269Z,34.05,70.46

2026-08-23T15:50:46.281Z,34.04,70.47

2026-08-23T15:50:51.293Z,34.04,70.51

2026-08-23T15:50:56.281Z,34.04,70.48

2026-08-23T15:51:01.282Z,34.06,70.48

2026-08-23T15:51:06.282Z,34.04,70.48

2026-08-23T15:51:11.283Z,34.06,70.41

2026-08-23T15:51:16.292Z,34.06,70.45

2026-08-23T15:51:21.300Z,34.06,70.44

2026-08-23T15:51:26.291Z,34.06,70.4

2026-08-23T15:51:31.290Z,34.04,70.34

2026-08-23T15:51:36.290Z,34.05,70.37

2026-08-23T15:51:41.294Z,34.04,70.34

2026-08-23T15:51:46.294Z,34.05,70.31

2026-08-23T15:51:51.307Z,34.02,70.33

2026-08-23T15:51:56.293Z,34.04,70.38

2026-08-23T15:52:01.294Z,34.06,70.33

2026-08-23T15:52:06.293Z,34.06,70.3

2026-08-23T15:52:11.293Z,34.06,70.34

2026-08-23T15:52:16.298Z,34.04,70.36

2026-08-23T15:52:21.308Z,34.03,70.4

2026-08-23T15:52:26.298Z,34.03,70.39

2026-08-23T15:52:31.297Z,34.03,70.43

2026-08-23T15:52:36.297Z,34.04,70.31

2026-08-23T15:52:41.297Z,34.04,70.34

2026-08-23T15:52:46.300Z,34.04,70.36

2026-08-23T15:52:51.313Z,34.04,70.39

2026-08-23T15:52:56.300Z,34.04,70.35

2026-08-23T15:53:01.304Z,34.03,70.33

2026-08-23T15:53:06.302Z,34.03,70.27

2026-08-23T15:53:11.303Z,34.04,70.27

2026-08-23T15:53:16.311Z,34.04,70.3

2026-08-23T15:53:21.323Z,34.02,70.3

2026-08-23T15:53:26.310Z,34.05,70.27

2026-08-23T15:53:31.310Z,34.04,70.31

2026-08-23T15:53:36.310Z,34.03,70.31

2026-08-23T15:53:41.311Z,34.03,70.32

2026-08-23T15:53:46.325Z,34.05,70.39

2026-08-23T15:53:51.333Z,34.03,70.42

2026-08-23T15:53:56.324Z,34.02,70.34

2026-08-23T15:54:01.326Z,34.03,70.38

2026-08-23T15:54:06.325Z,34.01,70.38

2026-08-23T15:54:11.339Z,34.04,70.39

2026-08-23T15:54:16.326Z,34.04,70.29

2026-08-23T15:54:21.326Z,34.03,70.28

2026-08-23T15:54:26.327Z,34.03,70.26

2026-08-23T15:54:31.351Z,34.02,70.2

2026-08-23T15:54:36.329Z,34.04,70.18

2026-08-23T15:54:41.341Z,34.02,70.24

2026-08-23T15:54:46.331Z,34.03,70.13

2026-08-23T15:54:51.330Z,34.02,70.15

2026-08-23T15:54:56.329Z,34.04,70.17

2026-08-23T15:55:01.330Z,34.03,70.14

2026-08-23T15:55:06.330Z,34.02,70.16

2026-08-23T15:55:11.343Z,34.01,70.19

2026-08-23T15:55:16.330Z,34.02,70.04

2026-08-23T15:55:21.328Z,34.03,70.13

2026-08-23T15:55:26.331Z,34.01,70.17

2026-08-23T15:55:31.331Z,34.04,70.21

2026-08-23T15:55:36.331Z,34.01,70.2

2026-08-23T15:55:41.345Z,34.02,70.23

2026-08-23T15:55:46.330Z,34.01,70.12

2026-08-23T15:55:51.332Z,34,70.2

2026-08-23T15:55:56.330Z,33.99,70.19

2026-08-23T15:56:01.332Z,33.98,70.24

2026-08-23T15:56:06.338Z,33.99,70.19

2026-08-23T15:56:11.348Z,34.01,70.31

2026-08-23T15:56:16.336Z,33.99,70.27

2026-08-23T15:56:21.335Z,33.99,70.29

2026-08-23T15:56:26.338Z,33.99,70.29

2026-08-23T15:56:31.337Z,33.99,70.35

2026-08-23T15:56:36.348Z,33.96,70.39

2026-08-23T15:56:41.355Z,33.97,70.32

2026-08-23T15:56:46.346Z,33.96,70.33

2026-08-23T15:56:51.350Z,33.97,70.37

2026-08-23T15:56:56.349Z,33.98,70.45

2026-08-23T15:57:01.347Z,33.96,70.43

2026-08-23T15:57:06.357Z,33.99,70.41

2026-08-23T15:57:11.370Z,33.96,70.45

2026-08-23T15:57:16.356Z,33.95,70.42

2026-08-23T15:57:21.358Z,33.96,70.44

2026-08-23T15:57:26.358Z,33.96,70.45

2026-08-23T15:57:31.359Z,33.98,70.48

2026-08-23T15:57:36.368Z,33.96,70.49

2026-08-23T15:57:41.378Z,33.96,70.48

2026-08-23T15:57:46.367Z,33.98,70.4

2026-08-23T15:57:51.368Z,33.96,70.43

2026-08-23T15:57:56.368Z,33.97,70.36

2026-08-23T15:58:01.368Z,33.97,70.26

2026-08-23T15:58:06.388Z,33.96,70.32

2026-08-23T15:58:11.402Z,33.96,70.38

2026-08-23T15:58:16.389Z,33.96,70.35

2026-08-23T15:58:21.388Z,33.97,70.32

2026-08-23T15:58:26.391Z,33.97,70.3

2026-08-23T15:58:31.391Z,33.96,70.31

2026-08-23T15:58:36.393Z,33.96,70.25

2026-08-23T15:58:41.403Z,33.97,70.34

2026-08-23T15:58:46.392Z,33.95,70.33

2026-08-23T15:58:51.395Z,33.98,70.32

2026-08-23T15:58:56.395Z,33.96,70.34

2026-08-23T15:59:01.393Z,33.95,70.33

2026-08-23T15:59:06.399Z,33.95,70.33

2026-08-23T15:59:11.411Z,33.96,70.36

2026-08-23T15:59:16.398Z,33.94,70.31

2026-08-23T15:59:21.398Z,33.95,70.31

2026-08-23T15:59:26.401Z,33.95,70.27

2026-08-23T15:59:31.398Z,33.97,70.34

2026-08-23T15:59:36.405Z,33.97,70.36

2026-08-23T15:59:41.414Z,33.96,70.35

2026-08-23T15:59:46.403Z,33.95,70.29

2026-08-23T15:59:51.404Z,33.96,70.29

2026-08-23T15:59:56.406Z,33.97,70.38

2026-08-23T16:00:01.404Z,33.96,70.35

2026-08-23T16:00:06.411Z,33.95,70.31

2026-08-23T16:00:11.422Z,33.95,70.33

2026-08-23T16:00:16.412Z,33.96,70.37

2026-08-23T16:00:21.414Z,33.94,70.39

2026-08-23T16:00:26.413Z,33.95,70.36

2026-08-23T16:00:31.413Z,33.97,70.36

2026-08-23T16:00:36.422Z,33.97,70.34

2026-08-23T16:00:41.434Z,33.97,70.38

2026-08-23T16:00:46.421Z,33.96,70.34

2026-08-23T16:00:51.422Z,33.98,70.3

2026-08-23T16:00:56.422Z,33.97,70.35

2026-08-23T16:01:01.422Z,33.97,70.29

2026-08-23T16:01:06.432Z,33.97,70.27

2026-08-23T16:01:11.444Z,33.98,70.28

2026-08-23T16:01:16.429Z,33.98,70.22

2026-08-23T16:01:21.430Z,33.98,70.2

2026-08-23T16:01:26.430Z,34,70.27

2026-08-23T16:01:31.430Z,33.98,70.27

2026-08-23T16:01:36.439Z,33.99,70.22

2026-08-23T16:01:41.454Z,33.98,70.28

2026-08-23T16:01:46.440Z,33.98,70.27

2026-08-23T16:01:51.439Z,33.97,70.24

2026-08-23T16:01:56.440Z,33.98,70.22

2026-08-23T16:02:01.442Z,33.98,70.24

2026-08-23T16:02:06.445Z,33.98,70.28

2026-08-23T16:02:11.457Z,33.98,70.28

2026-08-23T16:02:16.447Z,33.98,70.22

2026-08-23T16:02:21.447Z,33.96,70.23

2026-08-23T16:02:26.446Z,33.96,70.3

2026-08-23T16:02:31.446Z,33.95,70.23

2026-08-23T16:02:36.456Z,33.98,70.22

2026-08-23T16:02:41.466Z,33.95,70.28

2026-08-23T16:02:46.455Z,33.96,70.26

2026-08-23T16:02:51.454Z,33.98,70.19

2026-08-23T16:02:56.455Z,33.97,70.22

2026-08-23T16:03:01.458Z,33.96,70.27

2026-08-23T16:03:06.458Z,33.96,70.22

2026-08-23T16:03:11.469Z,33.96,70.34

2026-08-23T16:03:16.457Z,33.96,70.24

2026-08-23T16:03:21.457Z,33.96,70.22

2026-08-23T16:03:26.458Z,33.98,70.27

2026-08-23T16:03:31.456Z,33.98,70.28

2026-08-23T16:03:36.457Z,33.96,70.21

2026-08-23T16:03:41.467Z,33.97,70.28

2026-08-23T16:03:46.457Z,33.95,70.23

2026-08-23T16:03:51.458Z,33.99,70.24

2026-08-23T16:03:56.459Z,33.98,70.25

2026-08-23T16:04:01.460Z,33.97,70.18

2026-08-23T16:04:06.475Z,33.98,70.12

2026-08-23T16:04:11.488Z,33.96,70.2

2026-08-23T16:04:16.476Z,33.96,70.19

2026-08-23T16:04:21.476Z,33.96,70.17

2026-08-23T16:04:26.493Z,33.95,70.18

2026-08-23T16:04:31.487Z,33.98,70.17

2026-08-23T16:04:36.486Z,33.97,70.21

2026-08-23T16:04:41.488Z,33.96,70.19

2026-08-23T16:04:46.488Z,33.99,70.14

2026-08-23T16:04:51.499Z,33.98,70.22

2026-08-23T16:04:56.489Z,33.98,70.24

2026-08-23T16:05:01.489Z,33.97,70.23

2026-08-23T16:05:06.489Z,33.98,70.17

2026-08-23T16:05:11.489Z,33.97,70.12

2026-08-23T16:05:16.489Z,33.97,70.19

2026-08-23T16:05:21.502Z,33.98,70.23

2026-08-23T16:05:26.491Z,33.99,70.18

2026-08-23T16:05:31.491Z,33.98,70.18

2026-08-23T16:05:36.492Z,33.97,70.17

2026-08-23T16:05:41.492Z,33.98,70.2

2026-08-23T16:05:46.492Z,33.96,70.15

2026-08-23T16:05:51.507Z,33.97,70.18

2026-08-23T16:05:56.492Z,33.98,70.16

2026-08-23T16:06:01.493Z,33.97,70.14

2026-08-23T16:06:06.492Z,33.96,70.15

2026-08-23T16:06:11.493Z,33.97,70.15

2026-08-23T16:06:16.504Z,33.97,70.05

2026-08-23T16:06:21.515Z,33.96,70.23

2026-08-23T16:06:26.503Z,33.98,70.21

2026-08-23T16:06:31.501Z,33.96,70.16

2026-08-23T16:06:36.503Z,33.95,70.17

2026-08-23T16:06:41.503Z,33.96,70.18

2026-08-23T16:06:46.520Z,33.95,70.2

2026-08-23T16:06:51.536Z,33.95,70.25

2026-08-23T16:06:56.521Z,33.96,70.25

2026-08-23T16:07:01.520Z,33.94,70.22

2026-08-23T16:07:06.521Z,33.94,70.19

2026-08-23T16:07:11.523Z,33.96,70.25

2026-08-23T16:07:16.522Z,33.95,70.32

2026-08-23T16:07:21.534Z,33.95,70.25

2026-08-23T16:07:26.522Z,33.92,70.23

2026-08-23T16:07:31.523Z,33.94,70.29

2026-08-23T16:07:36.523Z,33.94,70.27

2026-08-23T16:07:41.529Z,33.92,70.27

2026-08-23T16:07:46.540Z,33.94,70.26

2026-08-23T16:07:51.546Z,33.95,70.34

2026-08-23T16:07:56.533Z,33.94,70.27

2026-08-23T16:08:01.540Z,33.94,70.25

2026-08-23T16:08:06.536Z,33.92,70.32

2026-08-23T16:08:11.538Z,33.93,70.34

2026-08-23T16:08:16.541Z,33.95,70.3

2026-08-23T16:08:21.553Z,33.91,70.37

2026-08-23T16:08:26.541Z,33.92,70.32

2026-08-23T16:08:31.541Z,33.93,70.32

2026-08-23T16:08:36.541Z,33.93,70.36

2026-08-23T16:08:41.541Z,33.91,70.32

2026-08-23T16:08:46.547Z,33.91,70.32

2026-08-23T16:08:51.556Z,33.92,70.36

2026-08-23T16:08:56.542Z,33.92,70.41

2026-08-23T16:09:01.544Z,33.91,70.44

2026-08-23T16:09:06.544Z,33.91,70.43

2026-08-23T16:09:11.546Z,33.9,70.48

2026-08-23T16:09:16.557Z,33.91,70.48

2026-08-23T16:09:21.570Z,33.91,70.5

2026-08-23T16:09:26.558Z,33.91,70.51

2026-08-23T16:09:31.558Z,33.91,70.51

2026-08-23T16:09:36.558Z,33.89,70.44

2026-08-23T16:09:41.558Z,33.92,70.47

2026-08-23T16:09:46.564Z,33.91,70.43

2026-08-23T16:09:51.575Z,33.91,70.51

2026-08-23T16:09:56.563Z,33.9,70.51

2026-08-23T16:10:01.564Z,33.9,70.48

2026-08-23T16:10:06.566Z,33.9,70.51

2026-08-23T16:10:11.565Z,33.92,70.5

2026-08-23T16:10:16.576Z,33.92,70.5

2026-08-23T16:10:21.590Z,33.91,70.58

2026-08-23T16:10:26.576Z,33.9,70.61

2026-08-23T16:10:31.576Z,33.89,70.52

2026-08-23T16:10:36.576Z,33.88,70.56

2026-08-23T16:10:41.576Z,33.89,70.56

2026-08-23T16:10:46.577Z,33.88,70.56

2026-08-23T16:10:51.589Z,33.89,70.58

2026-08-23T16:10:56.576Z,33.89,70.58

2026-08-23T16:11:01.576Z,33.88,70.6

2026-08-23T16:11:06.576Z,33.88,70.6

2026-08-23T16:11:11.579Z,33.87,70.64

2026-08-23T16:11:16.585Z,33.9,70.57

2026-08-23T16:11:21.589Z,33.88,70.62

2026-08-23T16:11:26.580Z,33.89,70.61

2026-08-23T16:11:31.584Z,33.89,70.61

2026-08-23T16:11:36.583Z,33.89,70.65

2026-08-23T16:11:41.582Z,33.9,70.64

2026-08-23T16:11:46.594Z,33.91,70.58

2026-08-23T16:11:51.600Z,33.89,70.61

2026-08-23T16:11:56.590Z,33.9,70.66

2026-08-23T16:12:01.591Z,33.91,70.58

2026-08-23T16:12:06.591Z,33.89,70.61

2026-08-23T16:12:11.594Z,33.91,70.62

2026-08-23T16:12:16.602Z,33.91,70.55

2026-08-23T16:12:21.615Z,33.9,70.63

2026-08-23T16:12:26.603Z,33.92,70.57

2026-08-23T16:12:31.604Z,33.9,70.5

2026-08-23T16:12:36.604Z,33.92,70.53

2026-08-23T16:12:41.604Z,33.91,70.59

2026-08-23T16:12:46.605Z,33.91,70.58

2026-08-23T16:12:51.617Z,33.92,70.58

2026-08-23T16:12:56.606Z,33.92,70.58

2026-08-23T16:13:01.607Z,33.92,70.51

2026-08-23T16:13:06.606Z,33.92,70.54

2026-08-23T16:13:11.608Z,33.93,70.5

2026-08-23T16:13:16.610Z,33.93,70.58

2026-08-23T16:13:21.622Z,33.93,70.47

2026-08-23T16:13:26.610Z,33.93,70.56

2026-08-23T16:13:31.609Z,33.9,70.55

2026-08-23T16:13:36.608Z,33.91,70.53

2026-08-23T16:13:41.611Z,33.91,70.58

2026-08-23T16:13:46.621Z,33.92,70.59

2026-08-23T16:13:51.634Z,33.92,70.58

2026-08-23T16:13:56.621Z,33.92,70.49

2026-08-23T16:14:01.620Z,33.91,70.54

2026-08-23T16:14:06.621Z,33.92,70.52

2026-08-23T16:14:11.621Z,33.92,70.57

2026-08-23T16:14:16.622Z,33.92,70.58

2026-08-23T16:14:21.629Z,33.93,70.59

2026-08-23T16:14:26.621Z,33.91,70.6

2026-08-23T16:14:31.619Z,33.9,70.61

2026-08-23T16:14:36.619Z,33.91,70.58

2026-08-23T16:14:41.621Z,33.93,70.62

2026-08-23T16:14:46.620Z,33.92,70.58

2026-08-23T16:14:51.636Z,33.9,70.59

2026-08-23T16:14:56.621Z,33.91,70.57

2026-08-23T16:15:01.625Z,33.91,70.56

2026-08-23T16:15:06.628Z,33.91,70.59

2026-08-23T16:15:11.640Z,33.91,70.62

2026-08-23T16:15:16.629Z,33.92,70.55

2026-08-23T16:15:21.631Z,33.9,70.6

2026-08-23T16:15:26.628Z,33.91,70.6

2026-08-23T16:15:31.630Z,33.9,70.62

2026-08-23T16:15:36.641Z,33.9,70.67

2026-08-23T16:15:41.655Z,33.89,70.7

2026-08-23T16:15:46.640Z,33.89,70.7

2026-08-23T16:15:51.642Z,33.92,70.68

2026-08-23T16:15:56.641Z,33.9,70.74

2026-08-23T16:16:01.642Z,33.89,70.69

2026-08-23T16:16:06.656Z,33.89,70.73

2026-08-23T16:16:11.673Z,33.89,70.69

2026-08-23T16:16:16.656Z,33.87,70.67

2026-08-23T16:16:21.658Z,33.89,70.71

2026-08-23T16:16:26.657Z,33.88,70.71

2026-08-23T16:16:31.657Z,33.9,70.76

2026-08-23T16:16:36.662Z,33.9,70.7

2026-08-23T16:16:41.676Z,33.9,70.76

2026-08-23T16:16:46.663Z,33.91,70.69

2026-08-23T16:16:51.661Z,33.91,70.74

2026-08-23T16:16:56.662Z,33.89,70.67

2026-08-23T16:17:01.662Z,33.91,70.73

2026-08-23T16:17:06.665Z,33.9,70.72

2026-08-23T16:17:11.675Z,33.91,70.66

2026-08-23T16:17:16.664Z,33.9,70.71

2026-08-23T16:17:21.665Z,33.92,70.71

2026-08-23T16:17:26.664Z,33.93,70.69

2026-08-23T16:17:31.665Z,33.91,70.73

2026-08-23T16:17:36.676Z,33.91,70.67

2026-08-23T16:17:41.690Z,33.9,70.72

2026-08-23T16:17:46.674Z,33.91,70.78

2026-08-23T16:17:51.678Z,33.9,70.7

2026-08-23T16:17:56.677Z,33.9,70.7

2026-08-23T16:18:01.675Z,33.89,70.72

2026-08-23T16:18:06.681Z,33.88,70.78

2026-08-23T16:18:11.691Z,33.88,70.8

2026-08-23T16:18:16.679Z,33.91,70.77

2026-08-23T16:18:21.681Z,33.89,70.77

2026-08-23T16:18:26.680Z,33.91,70.75

2026-08-23T16:18:31.679Z,33.89,70.74

2026-08-23T16:18:36.688Z,33.9,70.79

2026-08-23T16:18:41.702Z,33.88,70.83

2026-08-23T16:18:46.689Z,33.9,70.79

2026-08-23T16:18:51.690Z,33.89,70.8

2026-08-23T16:18:56.690Z,33.9,70.81

2026-08-23T16:19:01.694Z,33.87,70.79

2026-08-23T16:19:06.698Z,33.88,70.73

2026-08-23T16:19:11.710Z,33.87,70.81

2026-08-23T16:19:16.697Z,33.9,70.8

2026-08-23T16:19:21.698Z,33.89,70.77

2026-08-23T16:19:26.698Z,33.91,70.8

2026-08-23T16:19:31.699Z,33.9,70.85

2026-08-23T16:19:36.712Z,33.89,70.76

2026-08-23T16:19:41.721Z,33.88,70.85

2026-08-23T16:19:46.712Z,33.89,70.8

2026-08-23T16:19:51.709Z,33.9,70.82

2026-08-23T16:19:56.711Z,33.9,70.88

2026-08-23T16:20:01.711Z,33.87,70.83

2026-08-23T16:20:06.719Z,33.87,70.83

2026-08-23T16:20:11.730Z,33.87,70.9

2026-08-23T16:20:16.717Z,33.89,70.87

2026-08-23T16:20:21.719Z,33.89,70.83

2026-08-23T16:20:26.723Z,33.89,70.83

2026-08-23T16:20:31.732Z,33.87,70.93

2026-08-23T16:20:36.722Z,33.86,70.91

2026-08-23T16:20:41.723Z,33.88,70.89

2026-08-23T16:20:46.722Z,33.89,70.89

2026-08-23T16:20:51.722Z,33.88,70.9

2026-08-23T16:20:56.722Z,33.88,70.88

2026-08-23T16:21:01.734Z,33.87,70.94

2026-08-23T16:21:06.721Z,33.88,70.9

2026-08-23T16:21:11.721Z,33.88,70.9

2026-08-23T16:21:16.722Z,33.88,70.93

2026-08-23T16:21:21.724Z,33.89,70.91

2026-08-23T16:21:26.724Z,33.88,70.98

2026-08-23T16:21:31.736Z,33.88,70.97

2026-08-23T16:21:36.722Z,33.87,70.94

2026-08-23T16:21:41.722Z,33.88,70.94

2026-08-23T16:21:46.723Z,33.87,70.94

2026-08-23T16:21:51.725Z,33.86,70.92

2026-08-23T16:21:56.721Z,33.9,70.99

2026-08-23T16:22:01.740Z,33.87,70.98

2026-08-23T16:22:06.723Z,33.87,70.93

2026-08-23T16:22:11.725Z,33.87,70.98

2026-08-23T16:22:16.724Z,33.87,71

2026-08-23T16:22:21.725Z,33.86,70.99

2026-08-23T16:22:26.741Z,33.84,71

2026-08-23T16:22:31.757Z,33.86,71.04

2026-08-23T16:22:36.742Z,33.86,71.03

2026-08-23T16:22:41.741Z,33.85,71.03

2026-08-23T16:22:46.739Z,33.84,71.1

2026-08-23T16:22:51.740Z,33.84,71.13

2026-08-23T16:22:56.749Z,33.83,71.09

2026-08-23T16:23:01.758Z,33.83,71.17

2026-08-23T16:23:06.748Z,33.83,71.1

2026-08-23T16:23:11.749Z,33.85,71.08

2026-08-23T16:23:16.747Z,33.87,71.13

2026-08-23T16:23:21.749Z,33.84,71.14

2026-08-23T16:23:26.759Z,33.85,71.11

2026-08-23T16:23:31.771Z,33.84,71.2

2026-08-23T16:23:36.758Z,33.85,71.08

2026-08-23T16:23:41.758Z,33.87,71.1

2026-08-23T16:23:46.758Z,33.85,71.16

2026-08-23T16:23:51.760Z,33.87,71.12

2026-08-23T16:23:56.763Z,33.87,71.11

2026-08-23T16:24:01.775Z,33.86,71.09

2026-08-23T16:24:06.763Z,33.86,71.1

2026-08-23T16:24:11.763Z,33.88,71.08

2026-08-23T16:24:16.763Z,33.87,71.13

2026-08-23T16:24:21.764Z,33.88,71.07

2026-08-23T16:24:26.777Z,33.89,71.08

2026-08-23T16:24:31.793Z,33.86,71.15

2026-08-23T16:24:36.777Z,33.88,71.12

2026-08-23T16:24:41.778Z,33.86,71.12

2026-08-23T16:24:46.777Z,33.88,71.12

2026-08-23T16:24:51.776Z,33.86,71.08

2026-08-23T16:24:56.781Z,33.88,71.13

2026-08-23T16:25:01.794Z,33.87,71.11

2026-08-23T16:25:06.781Z,33.87,71.1

2026-08-23T16:25:11.780Z,33.88,71.13

2026-08-23T16:25:16.781Z,33.87,71.13

2026-08-23T16:25:21.781Z,33.89,71.14

2026-08-23T16:25:26.793Z,33.89,71.11

2026-08-23T16:25:31.804Z,33.87,71.19

2026-08-23T16:25:36.792Z,33.89,71.19

2026-08-23T16:25:41.792Z,33.89,71.09

2026-08-23T16:25:46.792Z,33.9,71.1

2026-08-23T16:25:51.793Z,33.89,71.12

2026-08-23T16:25:56.796Z,33.89,71.2

2026-08-23T16:26:01.809Z,33.87,71.18

2026-08-23T16:26:06.794Z,33.89,71.14

2026-08-23T16:26:11.794Z,33.89,71.14

2026-08-23T16:26:16.794Z,33.88,71.1

2026-08-23T16:26:21.794Z,33.9,71.16

2026-08-23T16:26:26.811Z,33.91,71.16

2026-08-23T16:26:31.832Z,33.88,71.17

2026-08-23T16:26:36.810Z,33.88,71.16

2026-08-23T16:26:41.811Z,33.88,71.17

2026-08-23T16:26:46.812Z,33.89,71.12

2026-08-23T16:26:51.811Z,33.89,71.14

2026-08-23T16:26:56.814Z,33.89,71.15

2026-08-23T16:27:01.828Z,33.89,71.22

2026-08-23T16:27:06.815Z,33.9,71.19

2026-08-23T16:27:11.815Z,33.89,71.25

2026-08-23T16:27:16.814Z,33.9,71.27

2026-08-23T16:27:21.816Z,33.9,71.2

2026-08-23T16:27:26.820Z,33.88,71.25

2026-08-23T16:27:31.829Z,33.88,71.3

2026-08-23T16:27:36.819Z,33.88,71.25

2026-08-23T16:27:41.822Z,33.89,71.18

2026-08-23T16:27:46.821Z,33.88,71.24

2026-08-23T16:27:51.821Z,33.87,71.26

2026-08-23T16:27:56.836Z,33.89,71.27

2026-08-23T16:28:01.847Z,33.87,71.31

2026-08-23T16:28:06.833Z,33.88,71.26

2026-08-23T16:28:11.834Z,33.89,71.29

2026-08-23T16:28:16.836Z,33.89,71.23

2026-08-23T16:28:21.835Z,33.88,71.27

2026-08-23T16:28:26.842Z,33.86,71.28

2026-08-23T16:28:31.853Z,33.88,71.29

2026-08-23T16:28:36.840Z,33.88,71.28

2026-08-23T16:28:41.841Z,33.9,71.33

2026-08-23T16:28:46.838Z,33.87,71.26

2026-08-23T16:28:51.841Z,33.88,71.3

2026-08-23T16:28:56.843Z,33.86,71.27

2026-08-23T16:29:01.856Z,33.87,71.34

2026-08-23T16:29:06.841Z,33.88,71.32

2026-08-23T16:29:11.843Z,33.89,71.37

2026-08-23T16:29:16.845Z,33.87,71.33

2026-08-23T16:29:21.845Z,33.86,71.37

2026-08-23T16:29:26.848Z,33.87,71.4

2026-08-23T16:29:31.860Z,33.86,71.38

2026-08-23T16:29:36.848Z,33.87,71.37

2026-08-23T16:29:41.848Z,33.87,71.43

2026-08-23T16:29:46.848Z,33.85,71.4

2026-08-23T16:29:51.850Z,33.85,71.42

2026-08-23T16:29:56.860Z,33.86,71.45

2026-08-23T16:30:01.867Z,33.84,71.45

2026-08-23T16:30:06.855Z,33.85,71.5

2026-08-23T16:30:11.859Z,33.85,71.46

2026-08-23T16:30:16.859Z,33.85,71.48

2026-08-23T16:30:21.860Z,33.85,71.52

2026-08-23T16:30:26.888Z,33.84,71.48

2026-08-23T16:30:31.899Z,33.84,71.55

2026-08-23T16:30:36.887Z,33.87,71.55

2026-08-23T16:30:41.887Z,33.84,71.5

2026-08-23T16:30:46.887Z,33.86,71.51

2026-08-23T16:30:51.888Z,33.83,71.49

2026-08-23T16:30:56.888Z,33.84,71.53

2026-08-23T16:31:01.906Z,33.83,71.55

2026-08-23T16:31:06.890Z,33.83,71.53

2026-08-23T16:31:11.889Z,33.85,71.54

2026-08-23T16:31:16.887Z,33.85,71.52

2026-08-23T16:31:21.891Z,33.85,71.56

2026-08-23T16:31:26.890Z,33.83,71.6

2026-08-23T16:31:31.903Z,33.83,71.57

2026-08-23T16:31:36.891Z,33.84,71.53

2026-08-23T16:31:41.890Z,33.84,71.57

2026-08-23T16:31:46.892Z,33.82,71.62

2026-08-23T16:31:51.891Z,33.84,71.64

2026-08-23T16:31:56.893Z,33.84,71.61

2026-08-23T16:32:01.904Z,33.84,71.62

2026-08-23T16:32:06.890Z,33.83,71.59

2026-08-23T16:32:11.893Z,33.82,71.63

2026-08-23T16:32:16.891Z,33.85,71.6

2026-08-23T16:32:21.892Z,33.85,71.61

2026-08-23T16:32:26.892Z,33.85,71.63

2026-08-23T16:32:31.907Z,33.82,71.64

2026-08-23T16:32:36.893Z,33.83,71.61

2026-08-23T16:32:41.892Z,33.83,71.6

2026-08-23T16:32:46.894Z,33.85,71.6

2026-08-23T16:32:51.892Z,33.84,71.62

2026-08-23T16:32:56.893Z,33.84,71.58

2026-08-23T16:33:01.906Z,33.84,71.67

2026-08-23T16:33:06.893Z,33.83,71.63

2026-08-23T16:33:11.894Z,33.85,71.61

2026-08-23T16:33:16.892Z,33.85,71.62

2026-08-23T16:33:21.894Z,33.86,71.63

2026-08-23T16:33:26.896Z,33.86,71.61

2026-08-23T16:33:31.908Z,33.86,71.63

2026-08-23T16:33:36.898Z,33.87,71.6

2026-08-23T16:33:41.897Z,33.87,71.58

2026-08-23T16:33:46.897Z,33.88,71.6

2026-08-23T16:33:51.899Z,33.87,71.6

2026-08-23T16:33:56.898Z,33.86,71.56

2026-08-23T16:34:01.910Z,33.87,71.6

2026-08-23T16:34:06.898Z,33.89,71.54

2026-08-23T16:34:11.899Z,33.88,71.53

2026-08-23T16:34:16.898Z,33.89,71.6

2026-08-23T16:34:21.898Z,33.89,71.54

2026-08-23T16:34:26.900Z,33.88,71.51

2026-08-23T16:34:31.914Z,33.89,71.57

2026-08-23T16:34:36.900Z,33.87,71.55

2026-08-23T16:34:41.901Z,33.9,71.52

2026-08-23T16:34:46.901Z,33.88,71.52

2026-08-23T16:34:51.903Z,33.89,71.49

2026-08-23T16:34:56.915Z,33.9,71.53

2026-08-23T16:35:01.930Z,33.89,71.6

2026-08-23T16:35:06.914Z,33.89,71.52

2026-08-23T16:35:11.915Z,33.89,71.54

2026-08-23T16:35:16.915Z,33.88,71.51

2026-08-23T16:35:21.914Z,33.87,71.52

2026-08-23T16:35:26.930Z,33.88,71.52

2026-08-23T16:35:31.944Z,33.88,71.55

2026-08-23T16:35:36.928Z,33.86,71.56

2026-08-23T16:35:41.929Z,33.88,71.56

2026-08-23T16:35:46.928Z,33.86,71.54

2026-08-23T16:35:51.929Z,33.88,71.56

2026-08-23T16:35:56.937Z,33.86,71.57

2026-08-23T16:36:01.947Z,33.87,71.55

2026-08-23T16:36:06.936Z,33.87,71.58

2026-08-23T16:36:11.936Z,33.87,71.58

2026-08-23T16:36:16.936Z,33.86,71.57

2026-08-23T16:36:21.937Z,33.88,71.57

2026-08-23T16:36:26.940Z,33.86,71.6

2026-08-23T16:36:31.945Z,33.87,71.57

2026-08-23T16:36:36.936Z,33.87,71.62

2026-08-23T16:36:41.939Z,33.88,71.6

2026-08-23T16:36:46.938Z,33.86,71.61

2026-08-23T16:36:51.937Z,33.87,71.67

2026-08-23T16:36:56.957Z,33.86,71.65

2026-08-23T16:37:01.969Z,33.86,71.71

2026-08-23T16:37:06.958Z,33.86,71.67

2026-08-23T16:37:11.959Z,33.83,71.64

2026-08-23T16:37:16.958Z,33.85,71.6

2026-08-23T16:37:21.964Z,33.83,71.7

2026-08-23T16:37:26.964Z,33.84,71.71

2026-08-23T16:37:31.980Z,33.82,71.69

2026-08-23T16:37:36.961Z,33.83,71.7

2026-08-23T16:37:41.961Z,33.84,71.71

2026-08-23T16:37:46.961Z,33.82,71.7

2026-08-23T16:37:51.963Z,33.82,71.76

2026-08-23T16:37:56.969Z,33.82,71.83

2026-08-23T16:38:01.979Z,33.8,71.83

2026-08-23T16:38:06.965Z,33.82,71.85

2026-08-23T16:38:11.970Z,33.82,71.88

2026-08-23T16:38:16.968Z,33.81,71.82

2026-08-23T16:38:21.971Z,33.81,71.88

2026-08-23T16:38:26.981Z,33.79,71.89

2026-08-23T16:38:31.993Z,33.79,71.92

2026-08-23T16:38:36.981Z,33.79,71.92

2026-08-23T16:38:41.981Z,33.8,71.89

2026-08-23T16:38:46.981Z,33.81,71.95

2026-08-23T16:38:51.982Z,33.79,71.92

2026-08-23T16:38:56.996Z,33.79,71.93

2026-08-23T16:39:02.007Z,33.78,71.95

2026-08-23T16:39:06.996Z,33.8,71.95

2026-08-23T16:39:11.994Z,33.78,71.95

2026-08-23T16:39:16.994Z,33.79,71.94

2026-08-23T16:39:21.996Z,33.79,71.93

2026-08-23T16:39:27.006Z,33.79,71.89

2026-08-23T16:39:32.018Z,33.79,71.94

2026-08-23T16:39:37.006Z,33.79,71.95

2026-08-23T16:39:42.006Z,33.77,71.95

2026-08-23T16:39:47.007Z,33.78,71.99

2026-08-23T16:39:52.007Z,33.77,71.99

2026-08-23T16:39:57.007Z,33.79,71.97

2026-08-23T16:40:02.020Z,33.79,71.98

2026-08-23T16:40:07.004Z,33.78,71.94

2026-08-23T16:40:12.006Z,33.77,71.96

2026-08-23T16:40:17.006Z,33.78,71.99

2026-08-23T16:40:22.006Z,33.79,72.01

2026-08-23T16:40:27.004Z,33.78,71.98

2026-08-23T16:40:32.014Z,33.79,72.01

2026-08-23T16:40:37.007Z,33.77,71.98

2026-08-23T16:40:42.007Z,33.78,71.98

2026-08-23T16:40:47.007Z,33.78,71.98

2026-08-23T16:40:52.009Z,33.77,71.98

2026-08-23T16:40:57.010Z,33.78,71.98

2026-08-23T16:41:02.025Z,33.77,72

2026-08-23T16:41:07.011Z,33.79,72

2026-08-23T16:41:12.012Z,33.78,72.01

2026-08-23T16:41:17.013Z,33.77,71.97

2026-08-23T16:41:22.014Z,33.78,72.03

2026-08-23T16:41:27.015Z,33.79,71.98

2026-08-23T16:41:32.031Z,33.78,72.01

2026-08-23T16:41:37.017Z,33.78,72.01

2026-08-23T16:41:42.017Z,33.76,72.01

2026-08-23T16:41:47.019Z,33.76,71.98

2026-08-23T16:41:52.017Z,33.78,72

2026-08-23T16:41:57.034Z,33.78,72.01

2026-08-23T16:42:02.043Z,33.77,72.06

2026-08-23T16:42:07.032Z,33.79,71.99

2026-08-23T16:42:12.031Z,33.77,72.02

2026-08-23T16:42:17.034Z,33.78,72

2026-08-23T16:42:22.032Z,33.77,72.04

2026-08-23T16:42:27.047Z,33.77,72

2026-08-23T16:42:32.057Z,33.77,71.99

2026-08-23T16:42:37.045Z,33.78,72.02

2026-08-23T16:42:42.046Z,33.77,71.98

2026-08-23T16:42:47.045Z,33.77,72

2026-08-23T16:42:52.045Z,33.79,71.99

2026-08-23T16:42:57.050Z,33.77,71.97

2026-08-23T16:43:02.066Z,33.78,72.13

2026-08-23T16:43:07.049Z,33.79,72.05

2026-08-23T16:43:12.050Z,33.78,72.09

2026-08-23T16:43:17.050Z,33.77,72.06

2026-08-23T16:43:22.052Z,33.76,72.07

2026-08-23T16:43:27.071Z,33.78,72.02

2026-08-23T16:43:32.083Z,33.77,72.1

2026-08-23T16:43:37.068Z,33.78,72.1

2026-08-23T16:43:42.071Z,33.8,72.05

2026-08-23T16:43:47.073Z,33.78,72.12

2026-08-23T16:43:52.071Z,33.78,72.04

2026-08-23T16:43:57.072Z,33.78,72.04

2026-08-23T16:44:02.086Z,33.77,72.1

2026-08-23T16:44:07.073Z,33.77,72.05

2026-08-23T16:44:12.075Z,33.78,71.99

2026-08-23T16:44:17.074Z,33.78,72.07

2026-08-23T16:44:22.072Z,33.79,72.11

2026-08-23T16:44:27.080Z,33.79,72.05

2026-08-23T16:44:32.094Z,33.8,72.09

2026-08-23T16:44:37.082Z,33.81,72.05

2026-08-23T16:44:42.084Z,33.79,72.02

2026-08-23T16:44:47.083Z,33.8,72.01

2026-08-23T16:44:52.084Z,33.78,72

2026-08-23T16:44:57.089Z,33.76,72.04

2026-08-23T16:45:02.101Z,33.8,72.04

2026-08-23T16:45:07.087Z,33.78,72.02

2026-08-23T16:45:12.087Z,33.81,71.99

2026-08-23T16:45:17.086Z,33.79,71.96

2026-08-23T16:45:22.086Z,33.8,72.04

2026-08-23T16:45:27.098Z,33.78,72.05

2026-08-23T16:45:32.111Z,33.79,72.06

2026-08-23T16:45:37.098Z,33.79,72.08

2026-08-23T16:45:42.099Z,33.79,72.06

2026-08-23T16:45:47.098Z,33.79,72.07

2026-08-23T16:45:52.100Z,33.79,72.06

2026-08-23T16:45:57.111Z,33.8,72.05

2026-08-23T16:46:02.121Z,33.79,72.07

2026-08-23T16:46:07.109Z,33.78,72.03

2026-08-23T16:46:12.109Z,33.79,72.02

2026-08-23T16:46:17.111Z,33.79,72.03

2026-08-23T16:46:22.111Z,33.79,71.98

2026-08-23T16:46:27.110Z,33.8,72.02

2026-08-23T16:46:32.122Z,33.77,72.04

2026-08-23T16:46:37.111Z,33.78,72.01

2026-08-23T16:46:42.113Z,33.81,71.96

2026-08-23T16:46:47.113Z,33.81,72

2026-08-23T16:46:52.112Z,33.81,72

2026-08-23T16:46:57.130Z,33.79,72

2026-08-23T16:47:02.122Z,33.81,72.03

2026-08-23T16:47:07.122Z,33.79,71.97

2026-08-23T16:47:12.123Z,33.8,72.03

2026-08-23T16:47:17.123Z,33.8,71.98

2026-08-23T16:47:22.138Z,33.81,71.99

2026-08-23T16:47:27.124Z,33.82,71.97

2026-08-23T16:47:32.124Z,33.8,71.94

2026-08-23T16:47:37.124Z,33.8,71.99

2026-08-23T16:47:42.124Z,33.81,72

2026-08-23T16:47:47.125Z,33.79,71.94

2026-08-23T16:47:52.138Z,33.81,72.02

2026-08-23T16:47:57.125Z,33.82,71.92

2026-08-23T16:48:02.125Z,33.81,71.97

2026-08-23T16:48:07.126Z,33.79,71.95

2026-08-23T16:48:12.125Z,33.8,71.94

2026-08-23T16:48:17.127Z,33.81,71.97

2026-08-23T16:48:22.132Z,33.8,72

2026-08-23T16:48:27.129Z,33.79,71.96

2026-08-23T16:48:32.128Z,33.81,71.99

2026-08-23T16:48:37.128Z,33.79,72.02

2026-08-23T16:48:42.127Z,33.81,71.98

2026-08-23T16:48:47.127Z,33.8,71.99

2026-08-23T16:48:52.140Z,33.78,72.05

2026-08-23T16:48:57.127Z,33.79,71.98

2026-08-23T16:49:02.128Z,33.79,71.94

2026-08-23T16:49:07.128Z,33.81,71.97

2026-08-23T16:49:12.130Z,33.81,72.04

2026-08-23T16:49:17.132Z,33.8,72.01

2026-08-23T16:49:22.144Z,33.79,71.99

2026-08-23T16:49:27.131Z,33.81,72.03

2026-08-23T16:49:32.131Z,33.8,71.97

2026-08-23T16:49:37.132Z,33.79,71.99

2026-08-23T16:49:42.132Z,33.79,72.05

2026-08-23T16:49:47.142Z,33.79,71.96

2026-08-23T16:49:52.151Z,33.79,72.03

2026-08-23T16:49:57.141Z,33.77,71.99

2026-08-23T16:50:02.144Z,33.79,71.98

2026-08-23T16:50:07.144Z,33.8,71.96

2026-08-23T16:50:12.145Z,33.8,72.04

2026-08-23T16:50:17.155Z,33.8,72.05

2026-08-23T16:50:22.166Z,33.8,72.06

2026-08-23T16:50:27.155Z,33.82,72.02

2026-08-23T16:50:32.156Z,33.79,72.03

2026-08-23T16:50:37.156Z,33.8,71.95

2026-08-23T16:50:42.156Z,33.8,71.97

2026-08-23T16:50:47.164Z,33.79,72.04

2026-08-23T16:50:52.175Z,33.8,72.07

2026-08-23T16:50:57.162Z,33.79,71.99

2026-08-23T16:51:02.161Z,33.8,72.03

2026-08-23T16:51:07.162Z,33.79,72.02

2026-08-23T16:51:12.162Z,33.8,72.03

2026-08-23T16:51:17.173Z,33.81,71.98

2026-08-23T16:51:22.190Z,33.8,72.01

2026-08-23T16:51:27.175Z,33.82,71.98

2026-08-23T16:51:32.175Z,33.81,72.01

2026-08-23T16:51:37.174Z,33.81,71.99

2026-08-23T16:51:42.176Z,33.83,71.99

2026-08-23T16:51:47.181Z,33.81,72.04

2026-08-23T16:51:52.194Z,33.81,72.04

2026-08-23T16:51:57.177Z,33.81,72.05

2026-08-23T16:52:02.181Z,33.81,72.11

2026-08-23T16:52:07.178Z,33.81,72.04

2026-08-23T16:52:12.179Z,33.81,72

2026-08-23T16:52:17.187Z,33.84,72.02

2026-08-23T16:52:22.206Z,33.83,72.05

2026-08-23T16:52:27.186Z,33.83,72

2026-08-23T16:52:32.187Z,33.82,71.98

2026-08-23T16:52:37.189Z,33.83,72.01

2026-08-23T16:52:42.190Z,33.84,72

2026-08-23T16:52:47.199Z,33.85,72

2026-08-23T16:52:52.212Z,33.82,71.97

2026-08-23T16:52:57.198Z,33.82,71.92

2026-08-23T16:53:02.198Z,33.82,71.94

2026-08-23T16:53:07.200Z,33.84,71.96

2026-08-23T16:53:12.201Z,33.85,71.96

2026-08-23T16:53:17.204Z,33.86,71.94

2026-08-23T16:53:22.214Z,33.83,71.95

2026-08-23T16:53:27.204Z,33.83,71.93

2026-08-23T16:53:32.203Z,33.84,71.91

2026-08-23T16:53:37.203Z,33.84,71.95

2026-08-23T16:53:42.205Z,33.85,71.87

2026-08-23T16:53:47.218Z,33.83,71.87

2026-08-23T16:53:52.229Z,33.84,71.92

2026-08-23T16:53:57.216Z,33.84,71.88

2026-08-23T16:54:02.217Z,33.85,71.86

2026-08-23T16:54:07.216Z,33.86,71.79

2026-08-23T16:54:12.217Z,33.85,71.87

2026-08-23T16:54:17.226Z,33.86,71.83

2026-08-23T16:54:22.238Z,33.85,71.86

2026-08-23T16:54:27.225Z,33.88,71.81

2026-08-23T16:54:32.225Z,33.86,71.8

2026-08-23T16:54:37.225Z,33.87,71.83

2026-08-23T16:54:42.227Z,33.87,71.8

2026-08-23T16:54:47.234Z,33.86,71.85

2026-08-23T16:54:52.242Z,33.87,71.83

2026-08-23T16:54:57.230Z,33.88,71.71

2026-08-23T16:55:02.231Z,33.89,71.72

2026-08-23T16:55:07.230Z,33.88,71.7

2026-08-23T16:55:12.230Z,33.9,71.67

2026-08-23T16:55:17.230Z,33.88,71.64

2026-08-23T16:55:22.241Z,33.87,71.7

2026-08-23T16:55:27.232Z,33.87,71.67

2026-08-23T16:55:32.230Z,33.88,71.7

2026-08-23T16:55:37.232Z,33.87,71.67

2026-08-23T16:55:42.232Z,33.87,71.71

2026-08-23T16:55:47.246Z,33.88,71.74

2026-08-23T16:55:52.257Z,33.86,71.68

2026-08-23T16:55:57.239Z,33.88,71.72

2026-08-23T16:56:02.244Z,33.89,71.67

2026-08-23T16:56:07.241Z,33.87,71.71

2026-08-23T16:56:12.243Z,33.87,71.65

2026-08-23T16:56:17.256Z,33.87,71.76

2026-08-23T16:56:22.267Z,33.86,71.81

2026-08-23T16:56:27.255Z,33.85,71.75

2026-08-23T16:56:32.255Z,33.86,71.72

2026-08-23T16:56:37.257Z,33.85,71.75

2026-08-23T16:56:42.257Z,33.86,71.65

2026-08-23T16:56:47.262Z,33.84,71.67

2026-08-23T16:56:52.275Z,33.86,71.77

2026-08-23T16:56:57.260Z,33.85,71.7

2026-08-23T16:57:02.260Z,33.84,71.73

2026-08-23T16:57:07.267Z,33.85,71.75

2026-08-23T16:57:12.278Z,33.84,71.81

2026-08-23T16:57:17.265Z,33.83,71.84

2026-08-23T16:57:22.267Z,33.85,71.81

2026-08-23T16:57:27.265Z,33.86,71.78

2026-08-23T16:57:32.267Z,33.83,71.8

2026-08-23T16:57:37.268Z,33.84,71.8

2026-08-23T16:57:42.282Z,33.83,71.84

2026-08-23T16:57:47.270Z,33.85,71.82

2026-08-23T16:57:52.269Z,33.84,71.86

2026-08-23T16:57:57.268Z,33.83,71.83

2026-08-23T16:58:02.270Z,33.82,71.79

2026-08-23T16:58:07.271Z,33.84,71.86

2026-08-23T16:58:12.286Z,33.84,71.86

2026-08-23T16:58:17.270Z,33.84,71.82

2026-08-23T16:58:22.270Z,33.85,71.85

2026-08-23T16:58:27.271Z,33.85,71.87

2026-08-23T16:58:32.271Z,33.84,71.92

2026-08-23T16:58:37.275Z,33.86,71.87

2026-08-23T16:58:42.284Z,33.85,71.9

2026-08-23T16:58:47.273Z,33.86,71.89

2026-08-23T16:58:52.272Z,33.85,71.86

2026-08-23T16:58:57.273Z,33.87,71.87

2026-08-23T16:59:02.273Z,33.86,71.85

2026-08-23T16:59:07.283Z,33.86,71.81

2026-08-23T16:59:12.293Z,33.86,71.83

2026-08-23T16:59:17.282Z,33.85,71.83

2026-08-23T16:59:22.285Z,33.83,71.82

2026-08-23T16:59:27.283Z,33.86,71.75

2026-08-23T16:59:32.282Z,33.85,71.79

2026-08-23T16:59:37.299Z,33.86,71.86

2026-08-23T16:59:42.314Z,33.85,71.85

2026-08-23T16:59:47.298Z,33.85,71.75

2026-08-23T16:59:52.299Z,33.85,71.81

2026-08-23T16:59:57.298Z,33.83,71.78

2026-08-23T17:00:02.299Z,33.85,71.78

2026-08-23T17:00:07.309Z,33.85,71.79

2026-08-23T17:00:12.318Z,33.84,71.83

2026-08-23T17:00:17.308Z,33.85,71.8

2026-08-23T17:00:22.310Z,33.84,71.84

2026-08-23T17:00:27.309Z,33.85,71.85

2026-08-23T17:00:32.310Z,33.85,71.85

2026-08-23T17:00:37.314Z,33.84,71.85

2026-08-23T17:00:42.326Z,33.84,71.86

2026-08-23T17:00:47.314Z,33.84,71.84

2026-08-23T17:00:52.314Z,33.84,71.81

2026-08-23T17:00:57.315Z,33.83,71.82

2026-08-23T17:01:02.316Z,33.82,71.87

2026-08-23T17:01:07.318Z,33.83,71.83

2026-08-23T17:01:12.328Z,33.82,71.97

2026-08-23T17:01:17.318Z,33.84,71.87

2026-08-23T17:01:22.319Z,33.84,71.83

2026-08-23T17:01:27.319Z,33.83,71.86

2026-08-23T17:01:32.318Z,33.84,71.87

2026-08-23T17:01:37.324Z,33.85,71.94

2026-08-23T17:01:42.339Z,33.83,71.92

2026-08-23T17:01:47.325Z,33.84,71.94

2026-08-23T17:01:52.326Z,33.82,71.9

2026-08-23T17:01:57.326Z,33.83,71.91

2026-08-23T17:02:02.325Z,33.81,71.89

2026-08-23T17:02:07.326Z,33.84,71.93

2026-08-23T17:02:12.339Z,33.84,71.93

2026-08-23T17:02:17.327Z,33.84,71.85

2026-08-23T17:02:22.325Z,33.83,71.85

2026-08-23T17:02:27.326Z,33.84,71.85

2026-08-23T17:02:32.326Z,33.82,71.86

2026-08-23T17:02:37.325Z,33.86,71.84

2026-08-23T17:02:42.335Z,33.83,71.92

2026-08-23T17:02:47.326Z,33.83,71.85

2026-08-23T17:02:52.328Z,33.85,71.86

2026-08-23T17:02:57.332Z,33.84,71.88

2026-08-23T17:03:02.330Z,33.82,71.89

2026-08-23T17:03:07.338Z,33.85,71.88

2026-08-23T17:03:12.348Z,33.84,71.85

2026-08-23T17:03:17.335Z,33.84,71.82

2026-08-23T17:03:22.335Z,33.82,71.85

2026-08-23T17:03:27.335Z,33.82,71.83

2026-08-23T17:03:32.335Z,33.8,71.82

2026-08-23T17:03:37.346Z,33.85,71.89

2026-08-23T17:03:42.356Z,33.82,71.95

2026-08-23T17:03:47.345Z,33.82,71.86

2026-08-23T17:03:52.345Z,33.83,71.87

2026-08-23T17:03:57.347Z,33.82,71.89

2026-08-23T17:04:02.347Z,33.82,71.89

2026-08-23T17:04:07.348Z,33.83,71.89

2026-08-23T17:04:12.357Z,33.82,71.9

2026-08-23T17:04:17.350Z,33.82,71.88

2026-08-23T17:04:22.348Z,33.8,71.9

2026-08-23T17:04:27.349Z,33.8,71.98

2026-08-23T17:04:32.350Z,33.81,71.95

2026-08-23T17:04:37.362Z,33.82,71.94

2026-08-23T17:04:42.371Z,33.79,72

2026-08-23T17:04:47.360Z,33.8,71.95

2026-08-23T17:04:52.362Z,33.81,72

2026-08-23T17:04:57.360Z,33.8,71.94

2026-08-23T17:05:02.361Z,33.81,72.01

2026-08-23T17:05:07.362Z,33.8,71.99

2026-08-23T17:05:12.374Z,33.79,71.99

2026-08-23T17:05:17.361Z,33.79,71.96

2026-08-23T17:05:22.363Z,33.8,72.03

2026-08-23T17:05:27.364Z,33.78,72.04

2026-08-23T17:05:32.363Z,33.8,72.06

2026-08-23T17:05:37.368Z,33.8,72.06

2026-08-23T17:05:42.376Z,33.77,72.1

2026-08-23T17:05:47.366Z,33.78,72.04

2026-08-23T17:05:52.365Z,33.79,72.03

2026-08-23T17:05:57.364Z,33.78,72.03

2026-08-23T17:06:02.365Z,33.78,72.03

2026-08-23T17:06:07.378Z,33.78,72.02

2026-08-23T17:06:12.387Z,33.79,72.04

2026-08-23T17:06:17.378Z,33.77,71.95

2026-08-23T17:06:22.379Z,33.8,72.02

2026-08-23T17:06:27.377Z,33.78,72.04

2026-08-23T17:06:32.379Z,33.81,72.03

2026-08-23T17:06:37.392Z,33.8,72

2026-08-23T17:06:42.397Z,33.79,72.02

2026-08-23T17:06:47.388Z,33.82,71.98

2026-08-23T17:06:52.392Z,33.8,71.94

2026-08-23T17:06:57.391Z,33.82,71.91

2026-08-23T17:07:02.389Z,33.79,71.87

2026-08-23T17:07:07.404Z,33.8,71.91

2026-08-23T17:07:12.416Z,33.8,71.89

2026-08-23T17:07:17.404Z,33.81,71.86

2026-08-23T17:07:22.406Z,33.81,71.79

2026-08-23T17:07:27.408Z,33.83,71.79

2026-08-23T17:07:32.406Z,33.82,71.9

2026-08-23T17:07:37.420Z,33.8,71.83

2026-08-23T17:07:42.430Z,33.8,71.88

2026-08-23T17:07:47.420Z,33.8,71.82

2026-08-23T17:07:52.422Z,33.78,71.87

2026-08-23T17:07:57.422Z,33.8,71.87

2026-08-23T17:08:02.436Z,33.81,71.87

2026-08-23T17:08:07.421Z,33.82,71.86

2026-08-23T17:08:12.422Z,33.83,71.85

2026-08-23T17:08:17.423Z,33.8,71.85

2026-08-23T17:08:22.439Z,33.8,71.93

2026-08-23T17:08:27.425Z,33.8,71.87

2026-08-23T17:08:32.425Z,33.83,71.88

2026-08-23T17:08:37.427Z,33.82,71.83

2026-08-23T17:08:42.426Z,33.81,71.81

2026-08-23T17:08:47.426Z,33.83,71.8

2026-08-23T17:08:52.438Z,33.82,71.85

2026-08-23T17:08:57.427Z,33.82,71.82

2026-08-23T17:09:02.428Z,33.83,71.8

2026-08-23T17:09:07.428Z,33.82,71.79

2026-08-23T17:09:12.430Z,33.83,71.83

2026-08-23T17:09:17.440Z,33.83,71.79

2026-08-23T17:09:22.458Z,33.82,71.8

2026-08-23T17:09:27.441Z,33.83,71.79

2026-08-23T17:09:32.442Z,33.82,71.78

2026-08-23T17:09:37.442Z,33.81,71.79

2026-08-23T17:09:42.441Z,33.83,71.69

2026-08-23T17:09:47.442Z,33.83,71.77

2026-08-23T17:09:52.457Z,33.83,71.68

2026-08-23T17:09:57.442Z,33.84,71.71

2026-08-23T17:10:02.443Z,33.81,71.71

2026-08-23T17:10:07.443Z,33.82,71.74

2026-08-23T17:10:12.445Z,33.82,71.72

2026-08-23T17:10:17.452Z,33.83,71.78

2026-08-23T17:10:22.466Z,33.82,71.74

2026-08-23T17:10:27.454Z,33.82,71.71

2026-08-23T17:10:32.452Z,33.82,71.67

2026-08-23T17:10:37.453Z,33.83,71.71

2026-08-23T17:10:42.453Z,33.81,71.71

2026-08-23T17:10:47.457Z,33.82,71.74

2026-08-23T17:10:52.467Z,33.81,71.77

2026-08-23T17:10:57.455Z,33.83,71.74

2026-08-23T17:11:02.455Z,33.83,71.76

2026-08-23T17:11:07.456Z,33.82,71.76

2026-08-23T17:11:12.456Z,33.84,71.74

2026-08-23T17:11:17.469Z,33.83,71.75

2026-08-23T17:11:22.480Z,33.82,71.81

2026-08-23T17:11:27.468Z,33.82,71.76

2026-08-23T17:11:32.469Z,33.81,71.72

2026-08-23T17:11:37.469Z,33.83,71.73

2026-08-23T17:11:42.469Z,33.81,71.76

2026-08-23T17:11:47.468Z,33.81,71.79

2026-08-23T17:11:52.482Z,33.81,71.72

2026-08-23T17:11:57.469Z,33.82,71.76

2026-08-23T17:12:02.471Z,33.82,71.71

2026-08-23T17:12:07.469Z,33.83,71.75

2026-08-23T17:12:12.469Z,33.82,71.75

2026-08-23T17:12:17.470Z,33.82,71.75

2026-08-23T17:12:22.483Z,33.81,71.82

2026-08-23T17:12:27.471Z,33.81,71.73

2026-08-23T17:12:32.471Z,33.82,71.75

2026-08-23T17:12:37.475Z,33.83,71.74

2026-08-23T17:12:42.485Z,33.82,71.81

2026-08-23T17:12:47.471Z,33.8,71.75

2026-08-23T17:12:52.471Z,33.81,71.81

2026-08-23T17:12:57.473Z,33.81,71.87

2026-08-23T17:13:02.472Z,33.82,71.8

2026-08-23T17:13:07.484Z,33.81,71.74

2026-08-23T17:13:12.495Z,33.81,71.8

2026-08-23T17:13:17.483Z,33.81,71.76

2026-08-23T17:13:22.484Z,33.81,71.79

2026-08-23T17:13:27.487Z,33.79,71.74

2026-08-23T17:13:32.485Z,33.8,71.77

2026-08-23T17:13:37.486Z,33.78,71.79

2026-08-23T17:13:42.498Z,33.8,71.91

2026-08-23T17:13:47.488Z,33.81,71.85

2026-08-23T17:13:52.489Z,33.79,71.82

2026-08-23T17:13:57.488Z,33.79,71.8

2026-08-23T17:14:02.491Z,33.79,71.83

2026-08-23T17:14:07.506Z,33.78,71.84

2026-08-23T17:14:12.517Z,33.79,71.81

2026-08-23T17:14:17.502Z,33.79,71.84

2026-08-23T17:14:22.504Z,33.81,71.77

2026-08-23T17:14:27.504Z,33.78,71.87

2026-08-23T17:14:32.505Z,33.78,71.8

2026-08-23T17:14:37.518Z,33.78,71.82

2026-08-23T17:14:42.527Z,33.8,71.93

2026-08-23T17:14:47.514Z,33.79,71.86

2026-08-23T17:14:52.516Z,33.78,71.87

2026-08-23T17:14:57.518Z,33.8,71.86

2026-08-23T17:15:02.517Z,33.77,71.84

2026-08-23T17:15:07.526Z,33.77,71.83

2026-08-23T17:15:12.536Z,33.76,71.99

2026-08-23T17:15:17.527Z,33.79,71.94

2026-08-23T17:15:22.525Z,33.78,71.93

2026-08-23T17:15:27.525Z,33.76,71.91

2026-08-23T17:15:32.526Z,33.78,71.92

2026-08-23T17:15:37.525Z,33.78,71.94

2026-08-23T17:15:42.539Z,33.77,71.97

2026-08-23T17:15:47.526Z,33.77,71.87

2026-08-23T17:15:52.527Z,33.77,71.92

2026-08-23T17:15:57.526Z,33.77,71.89

2026-08-23T17:16:02.527Z,33.78,71.89

2026-08-23T17:16:07.540Z,33.76,71.91

2026-08-23T17:16:12.550Z,33.77,72

2026-08-23T17:16:17.536Z,33.76,71.95

2026-08-23T17:16:22.537Z,33.79,71.91

2026-08-23T17:16:27.537Z,33.79,71.9

2026-08-23T17:16:32.537Z,33.77,71.94

2026-08-23T17:16:37.545Z,33.79,71.88

2026-08-23T17:16:42.556Z,33.78,71.93

2026-08-23T17:16:47.545Z,33.79,71.89

2026-08-23T17:16:52.543Z,33.78,71.92

2026-08-23T17:16:57.543Z,33.81,71.85

2026-08-23T17:17:02.544Z,33.78,71.84

2026-08-23T17:17:07.546Z,33.78,71.81

2026-08-23T17:17:12.556Z,33.78,71.89

2026-08-23T17:17:17.546Z,33.78,71.88

2026-08-23T17:17:22.545Z,33.79,71.89

2026-08-23T17:17:27.557Z,33.77,71.85

2026-08-23T17:17:32.567Z,33.79,71.92

2026-08-23T17:17:37.553Z,33.79,71.84

2026-08-23T17:17:42.555Z,33.78,71.9

2026-08-23T17:17:47.554Z,33.79,71.87

2026-08-23T17:17:52.555Z,33.8,71.84

2026-08-23T17:17:57.566Z,33.8,71.89

2026-08-23T17:18:02.585Z,33.8,71.86

2026-08-23T17:18:07.566Z,33.8,71.79

2026-08-23T17:18:12.567Z,33.82,71.83

2026-08-23T17:18:17.565Z,33.81,71.83

2026-08-23T17:18:22.568Z,33.82,71.82

2026-08-23T17:18:27.571Z,33.83,71.83

2026-08-23T17:18:32.584Z,33.83,71.83

2026-08-23T17:18:37.571Z,33.81,71.8

2026-08-23T17:18:42.573Z,33.83,71.76

2026-08-23T17:18:47.572Z,33.83,71.74

2026-08-23T17:18:52.572Z,33.81,71.72

2026-08-23T17:18:57.582Z,33.82,71.75

2026-08-23T17:19:02.592Z,33.82,71.71

2026-08-23T17:19:07.580Z,33.84,71.69

2026-08-23T17:19:12.581Z,33.83,71.69

2026-08-23T17:19:17.580Z,33.81,71.72

2026-08-23T17:19:22.581Z,33.83,71.73

2026-08-23T17:19:27.589Z,33.82,71.76

2026-08-23T17:19:32.601Z,33.8,71.76

2026-08-23T17:19:37.586Z,33.82,71.79

2026-08-23T17:19:42.587Z,33.83,71.74

2026-08-23T17:19:47.587Z,33.82,71.78

2026-08-23T17:19:52.587Z,33.83,71.81

2026-08-23T17:19:57.592Z,33.83,71.81

2026-08-23T17:20:02.603Z,33.81,71.8

2026-08-23T17:20:07.588Z,33.81,71.79

2026-08-23T17:20:12.589Z,33.81,71.74

2026-08-23T17:20:17.589Z,33.8,71.77

2026-08-23T17:20:22.593Z,33.8,71.84

2026-08-23T17:20:27.590Z,33.81,71.75

2026-08-23T17:20:32.601Z,33.82,71.81

2026-08-23T17:20:37.588Z,33.83,71.83

2026-08-23T17:20:42.590Z,33.82,71.79

2026-08-23T17:20:47.590Z,33.82,71.82

2026-08-23T17:20:52.588Z,33.84,71.8

2026-08-23T17:20:57.588Z,33.84,71.79

2026-08-23T17:21:02.611Z,33.83,71.79

2026-08-23T17:21:07.596Z,33.83,71.76

2026-08-23T17:21:12.595Z,33.83,71.8

2026-08-23T17:21:17.594Z,33.83,71.81

2026-08-23T17:21:22.593Z,33.84,71.75

2026-08-23T17:21:27.611Z,33.86,71.77

2026-08-23T17:21:32.627Z,33.82,71.75

2026-08-23T17:21:37.611Z,33.85,71.77

2026-08-23T17:21:42.617Z,33.86,71.73

2026-08-23T17:21:47.611Z,33.86,71.7

2026-08-23T17:21:52.612Z,33.85,71.65

2026-08-23T17:21:57.612Z,33.84,71.69

2026-08-23T17:22:02.626Z,33.84,71.71

2026-08-23T17:22:07.612Z,33.85,71.69

2026-08-23T17:22:12.612Z,33.85,71.74

2026-08-23T17:22:17.612Z,33.86,71.67

2026-08-23T17:22:22.612Z,33.87,71.69

2026-08-23T17:22:27.614Z,33.86,71.63

2026-08-23T17:22:32.626Z,33.85,71.6

2026-08-23T17:22:37.615Z,33.87,71.64

2026-08-23T17:22:42.616Z,33.88,71.67

2026-08-23T17:22:47.615Z,33.87,71.6

2026-08-23T17:22:52.616Z,33.89,71.58

2026-08-23T17:22:57.621Z,33.87,71.58

2026-08-23T17:23:02.630Z,33.85,71.64

2026-08-23T17:23:07.619Z,33.86,71.58

2026-08-23T17:23:12.619Z,33.87,71.63

2026-08-23T17:23:17.628Z,33.87,71.53

2026-08-23T17:23:22.639Z,33.87,71.53

2026-08-23T17:23:27.628Z,33.85,71.48

2026-08-23T17:23:32.628Z,33.87,71.53

2026-08-23T17:23:37.626Z,33.86,71.54

2026-08-23T17:23:42.628Z,33.85,71.5

2026-08-23T17:23:47.640Z,33.84,71.54

2026-08-23T17:23:52.650Z,33.86,71.56

2026-08-23T17:23:57.639Z,33.87,71.5

2026-08-23T17:24:02.639Z,33.87,71.55

2026-08-23T17:24:07.639Z,33.88,71.49

2026-08-23T17:24:12.640Z,33.86,71.5

2026-08-23T17:24:17.646Z,33.86,71.45

2026-08-23T17:24:22.656Z,33.86,71.53

2026-08-23T17:24:27.643Z,33.87,71.48

2026-08-23T17:24:32.646Z,33.86,71.49

2026-08-23T17:24:37.643Z,33.87,71.52

2026-08-23T17:24:42.644Z,33.85,71.48

2026-08-23T17:24:47.656Z,33.89,71.5

2026-08-23T17:24:52.671Z,33.86,71.57

2026-08-23T17:24:57.655Z,33.89,71.56

2026-08-23T17:25:02.660Z,33.86,71.48

2026-08-23T17:25:07.659Z,33.88,71.45

2026-08-23T17:25:12.658Z,33.87,71.46

2026-08-23T17:25:17.671Z,33.87,71.5

2026-08-23T17:25:22.677Z,33.89,71.51

2026-08-23T17:25:27.662Z,33.88,71.48

2026-08-23T17:25:32.666Z,33.88,71.52

2026-08-23T17:25:37.667Z,33.9,71.5

2026-08-23T17:25:42.666Z,33.87,71.43

2026-08-23T17:25:47.680Z,33.89,71.44

2026-08-23T17:25:52.694Z,33.88,71.49

2026-08-23T17:25:57.679Z,33.88,71.41

2026-08-23T17:26:02.680Z,33.87,71.43

2026-08-23T17:26:07.680Z,33.89,71.41

2026-08-23T17:26:12.680Z,33.89,71.48

2026-08-23T17:26:17.692Z,33.88,71.45

2026-08-23T17:26:22.702Z,33.89,71.43

2026-08-23T17:26:27.689Z,33.87,71.39

2026-08-23T17:26:32.691Z,33.88,71.38

2026-08-23T17:26:37.691Z,33.88,71.41

2026-08-23T17:26:42.692Z,33.89,71.4

2026-08-23T17:26:47.697Z,33.9,71.31

2026-08-23T17:26:52.710Z,33.88,71.39

2026-08-23T17:26:57.697Z,33.89,71.32

2026-08-23T17:27:02.698Z,33.91,71.3

2026-08-23T17:27:07.698Z,33.9,71.32

2026-08-23T17:27:12.698Z,33.89,71.28

2026-08-23T17:27:17.707Z,33.9,71.27

2026-08-23T17:27:22.724Z,33.9,71.3

2026-08-23T17:27:27.706Z,33.93,71.31

2026-08-23T17:27:32.708Z,33.89,71.23

2026-08-23T17:27:37.710Z,33.91,71.24

2026-08-23T17:27:42.709Z,33.91,71.2

2026-08-23T17:27:47.710Z,33.92,71.22

2026-08-23T17:27:52.720Z,33.9,71.26

2026-08-23T17:27:57.711Z,33.9,71.21

2026-08-23T17:28:02.710Z,33.92,71.18

2026-08-23T17:28:07.711Z,33.91,71.21

2026-08-23T17:28:12.710Z,33.91,71.2

2026-08-23T17:28:17.709Z,33.89,71.15

2026-08-23T17:28:22.719Z,33.91,71.23

2026-08-23T17:28:27.711Z,33.92,71.16

2026-08-23T17:28:32.711Z,33.89,71.12

2026-08-23T17:28:37.712Z,33.9,71.19

2026-08-23T17:28:42.718Z,33.9,71.23

2026-08-23T17:28:47.718Z,33.9,71.21

2026-08-23T17:28:52.734Z,33.89,71.28

2026-08-23T17:28:57.715Z,33.9,71.16

2026-08-23T17:29:02.720Z,33.91,71.21

2026-08-23T17:29:07.717Z,33.9,71.18

2026-08-23T17:29:12.720Z,33.9,71.2

2026-08-23T17:29:17.718Z,33.89,71.18

2026-08-23T17:29:22.734Z,33.9,71.22

2026-08-23T17:29:27.720Z,33.91,71.17

2026-08-23T17:29:32.719Z,33.89,71.17

2026-08-23T17:29:37.720Z,33.93,71.19

2026-08-23T17:29:42.720Z,33.9,71.11

2026-08-23T17:29:47.729Z,33.9,71.05

2026-08-23T17:29:52.743Z,33.91,71.15

2026-08-23T17:29:57.727Z,33.91,71.14

2026-08-23T17:30:02.728Z,33.92,71.11

2026-08-23T17:30:07.730Z,33.92,71.14

2026-08-23T17:30:12.731Z,33.89,71.13

2026-08-23T17:30:17.746Z,33.91,71.07

2026-08-23T17:30:22.758Z,33.9,71.13

2026-08-23T17:30:27.743Z,33.89,71.08

2026-08-23T17:30:32.744Z,33.92,71.06

2026-08-23T17:30:37.740Z,33.9,71.08

2026-08-23T17:30:42.744Z,33.91,71.01

2026-08-23T17:30:47.747Z,33.93,71.01

2026-08-23T17:30:52.764Z,33.89,71.06

2026-08-23T17:30:57.748Z,33.89,71.01

2026-08-23T17:31:02.749Z,33.9,70.96

2026-08-23T17:31:07.748Z,33.87,70.99

2026-08-23T17:31:12.747Z,33.91,71.02

2026-08-23T17:31:17.761Z,33.89,71.03

2026-08-23T17:31:22.769Z,33.89,71.05

2026-08-23T17:31:27.755Z,33.89,71.1

2026-08-23T17:31:32.755Z,33.9,71.04

2026-08-23T17:31:37.757Z,33.9,71.11

2026-08-23T17:31:42.758Z,33.89,71.12

2026-08-23T17:31:47.756Z,33.9,71.08

2026-08-23T17:31:52.771Z,33.88,71.16

2026-08-23T17:31:57.756Z,33.88,71.09

2026-08-23T17:32:02.756Z,33.89,71.12

2026-08-23T17:32:07.757Z,33.9,71.16

2026-08-23T17:32:12.759Z,33.9,71.16

2026-08-23T17:32:17.772Z,33.9,71.16

2026-08-23T17:32:22.777Z,33.9,71.2

2026-08-23T17:32:27.770Z,33.9,71.16

2026-08-23T17:32:32.771Z,33.89,71.05

2026-08-23T17:32:37.769Z,33.89,71.1

2026-08-23T17:32:42.771Z,33.87,71.1

2026-08-23T17:32:47.786Z,33.9,71.16

2026-08-23T17:32:52.800Z,33.88,71.14

2026-08-23T17:32:57.784Z,33.87,71.09

2026-08-23T17:33:02.786Z,33.87,71.1

2026-08-23T17:33:07.786Z,33.9,71.13

2026-08-23T17:33:12.787Z,33.89,71.07

2026-08-23T17:33:17.800Z,33.87,71.09

2026-08-23T17:33:22.811Z,33.89,71.12

2026-08-23T17:33:27.799Z,33.89,71.07

2026-08-23T17:33:32.799Z,33.9,71.1

2026-08-23T17:33:37.800Z,33.89,71.03

2026-08-23T17:33:42.799Z,33.88,71.14

2026-08-23T17:33:47.803Z,33.86,71.13

2026-08-23T17:33:52.816Z,33.89,71.18

2026-08-23T17:33:57.803Z,33.88,71.1

2026-08-23T17:34:02.803Z,33.89,71.15

2026-08-23T17:34:07.805Z,33.88,71.07

2026-08-23T17:34:12.804Z,33.87,71.14

2026-08-23T17:34:17.810Z,33.87,71.15

2026-08-23T17:34:22.823Z,33.87,71.22

2026-08-23T17:34:27.810Z,33.89,71.17

2026-08-23T17:34:32.809Z,33.87,71.15

2026-08-23T17:34:37.810Z,33.88,71.22

2026-08-23T17:34:42.811Z,33.85,71.25

2026-08-23T17:34:47.814Z,33.85,71.2

2026-08-23T17:34:52.824Z,33.85,71.23

2026-08-23T17:34:57.815Z,33.85,71.23

2026-08-23T17:35:02.814Z,33.86,71.22

2026-08-23T17:35:07.813Z,33.86,71.18

2026-08-23T17:35:12.815Z,33.87,71.23

2026-08-23T17:35:17.819Z,33.85,71.23

2026-08-23T17:35:22.830Z,33.85,71.32

2026-08-23T17:35:27.818Z,33.85,71.19

2026-08-23T17:35:32.821Z,33.86,71.2

2026-08-23T17:35:37.817Z,33.86,71.24

2026-08-23T17:35:42.818Z,33.86,71.22

2026-08-23T17:35:47.825Z,33.84,71.17

2026-08-23T17:35:52.838Z,33.85,71.3

2026-08-23T17:35:57.824Z,33.86,71.23

2026-08-23T17:36:02.826Z,33.86,71.18

2026-08-23T17:36:07.825Z,33.86,71.24

2026-08-23T17:36:12.827Z,33.87,71.21

2026-08-23T17:36:17.834Z,33.86,71.24

2026-08-23T17:36:22.845Z,33.87,71.25

2026-08-23T17:36:27.833Z,33.86,71.26

2026-08-23T17:36:32.833Z,33.86,71.21

2026-08-23T17:36:37.835Z,33.85,71.25

2026-08-23T17:36:42.834Z,33.86,71.23

2026-08-23T17:36:47.846Z,33.85,71.17

2026-08-23T17:36:52.860Z,33.87,71.29

2026-08-23T17:36:57.843Z,33.86,71.23

2026-08-23T17:37:02.846Z,33.86,71.2

2026-08-23T17:37:07.845Z,33.86,71.22

2026-08-23T17:37:12.845Z,33.86,71.16

2026-08-23T17:37:17.857Z,33.85,71.25

2026-08-23T17:37:22.866Z,33.86,71.24

2026-08-23T17:37:27.854Z,33.86,71.27

2026-08-23T17:37:32.859Z,33.87,71.21

2026-08-23T17:37:37.857Z,33.86,71.22

2026-08-23T17:37:42.856Z,33.85,71.24

2026-08-23T17:37:47.864Z,33.85,71.25

2026-08-23T17:37:52.869Z,33.86,71.26

2026-08-23T17:37:57.859Z,33.86,71.15

2026-08-23T17:38:02.860Z,33.86,71.2

2026-08-23T17:38:07.860Z,33.86,71.17

2026-08-23T17:38:12.861Z,33.87,71.17

2026-08-23T17:38:17.869Z,33.84,71.2

2026-08-23T17:38:22.878Z,33.85,71.16

2026-08-23T17:38:27.867Z,33.86,71.18

2026-08-23T17:38:32.868Z,33.86,71.15

2026-08-23T17:38:37.868Z,33.86,71.17

2026-08-23T17:38:42.882Z,33.87,71.19

2026-08-23T17:38:47.868Z,33.86,71.2

2026-08-23T17:38:52.873Z,33.87,71.19

2026-08-23T17:38:57.869Z,33.87,71.19

2026-08-23T17:39:02.869Z,33.86,71.22

2026-08-23T17:39:07.874Z,33.86,71.22

2026-08-23T17:39:12.884Z,33.86,71.27

2026-08-23T17:39:17.871Z,33.85,71.25

2026-08-23T17:39:22.874Z,33.87,71.21

2026-08-23T17:39:27.874Z,33.86,71.3

2026-08-23T17:39:32.873Z,33.85,71.26

2026-08-23T17:39:37.883Z,33.84,71.22

2026-08-23T17:39:42.898Z,33.82,71.27

2026-08-23T17:39:47.879Z,33.84,71.28

2026-08-23T17:39:52.884Z,33.85,71.28

2026-08-23T17:39:57.883Z,33.84,71.27

2026-08-23T17:40:02.881Z,33.85,71.27

2026-08-23T17:40:07.891Z,33.84,71.35

2026-08-23T17:40:12.905Z,33.82,71.32

2026-08-23T17:40:17.889Z,33.84,71.35

2026-08-23T17:40:22.892Z,33.84,71.36

2026-08-23T17:40:27.890Z,33.84,71.32

2026-08-23T17:40:32.891Z,33.83,71.35

2026-08-23T17:40:37.901Z,33.83,71.4

2026-08-23T17:40:42.912Z,33.84,71.39

2026-08-23T17:40:47.899Z,33.83,71.45

2026-08-23T17:40:52.900Z,33.83,71.5

2026-08-23T17:40:57.901Z,33.84,71.44

2026-08-23T17:41:02.900Z,33.81,71.44

2026-08-23T17:41:07.910Z,33.83,71.45

2026-08-23T17:41:12.920Z,33.85,71.55

2026-08-23T17:41:17.912Z,33.84,71.49

2026-08-23T17:41:22.910Z,33.84,71.52

2026-08-23T17:41:27.910Z,33.83,71.49

2026-08-23T17:41:32.911Z,33.84,71.51

2026-08-23T17:41:37.916Z,33.84,71.46

2026-08-23T17:41:42.929Z,33.82,71.5

2026-08-23T17:41:47.916Z,33.82,71.47

2026-08-23T17:41:52.920Z,33.83,71.46

2026-08-23T17:41:57.918Z,33.84,71.45

2026-08-23T17:42:02.918Z,33.82,71.44

2026-08-23T17:42:07.922Z,33.82,71.43

2026-08-23T17:42:12.929Z,33.84,71.53

2026-08-23T17:42:17.917Z,33.83,71.47

2026-08-23T17:42:22.920Z,33.83,71.46

2026-08-23T17:42:27.918Z,33.83,71.44

2026-08-23T17:42:32.918Z,33.86,71.46

2026-08-23T17:42:37.918Z,33.84,71.47

2026-08-23T17:42:42.932Z,33.84,71.47

2026-08-23T17:42:47.921Z,33.82,71.47

2026-08-23T17:42:52.920Z,33.82,71.44

2026-08-23T17:42:57.919Z,33.82,71.47

2026-08-23T17:43:02.920Z,33.82,71.47

2026-08-23T17:43:07.922Z,33.82,71.54

2026-08-23T17:43:12.935Z,33.81,71.56

2026-08-23T17:43:17.922Z,33.82,71.49

2026-08-23T17:43:22.924Z,33.83,71.49

2026-08-23T17:43:27.925Z,33.83,71.47

2026-08-23T17:43:32.922Z,33.82,71.5

2026-08-23T17:43:37.924Z,33.83,71.57

2026-08-23T17:43:42.938Z,33.81,71.53

2026-08-23T17:43:47.924Z,33.81,71.53

2026-08-23T17:43:52.925Z,33.84,71.53

2026-08-23T17:43:57.926Z,33.82,71.5

2026-08-23T17:44:02.925Z,33.83,71.54

2026-08-23T17:44:07.927Z,33.83,71.52

2026-08-23T17:44:12.940Z,33.82,71.5

2026-08-23T17:44:17.925Z,33.84,71.55

2026-08-23T17:44:22.927Z,33.82,71.54

2026-08-23T17:44:27.928Z,33.85,71.55

2026-08-23T17:44:32.929Z,33.84,71.59

2026-08-23T17:44:37.930Z,33.86,71.43

2026-08-23T17:44:42.945Z,33.85,71.56

2026-08-23T17:44:47.930Z,33.86,71.47

2026-08-23T17:44:52.932Z,33.86,71.49

2026-08-23T17:44:57.932Z,33.85,71.45

2026-08-23T17:45:02.932Z,33.88,71.48

2026-08-23T17:45:07.938Z,33.89,71.46

2026-08-23T17:45:12.947Z,33.87,71.5

2026-08-23T17:45:17.933Z,33.88,71.46

2026-08-23T17:45:22.934Z,33.89,71.41

2026-08-23T17:45:27.934Z,33.89,71.44

2026-08-23T17:45:32.933Z,33.88,71.42

2026-08-23T17:45:37.947Z,33.88,71.37

2026-08-23T17:45:42.958Z,33.87,71.46

2026-08-23T17:45:47.947Z,33.87,71.37

2026-08-23T17:45:52.948Z,33.87,71.35

2026-08-23T17:45:57.947Z,33.85,71.38

2026-08-23T17:46:02.948Z,33.89,71.45

2026-08-23T17:46:07.951Z,33.86,71.42

2026-08-23T17:46:12.966Z,33.87,71.44

2026-08-23T17:46:17.949Z,33.89,71.44

2026-08-23T17:46:22.952Z,33.87,71.43

2026-08-23T17:46:27.949Z,33.87,71.4

2026-08-23T17:46:32.950Z,33.88,71.48

2026-08-23T17:46:37.963Z,33.88,71.42

2026-08-23T17:46:42.972Z,33.86,71.46

2026-08-23T17:46:47.961Z,33.86,71.48

2026-08-23T17:46:52.963Z,33.88,71.5

2026-08-23T17:46:57.961Z,33.88,71.46

2026-08-23T17:47:02.962Z,33.87,71.5

2026-08-23T17:47:07.977Z,33.87,71.47

2026-08-23T17:47:12.988Z,33.86,71.49

2026-08-23T17:47:17.976Z,33.87,71.49

2026-08-23T17:47:22.976Z,33.85,71.53

2026-08-23T17:47:27.976Z,33.86,71.46

2026-08-23T17:47:32.978Z,33.88,71.51

2026-08-23T17:47:37.982Z,33.87,71.52

2026-08-23T17:47:42.998Z,33.88,71.49

2026-08-23T17:47:47.983Z,33.87,71.46

2026-08-23T17:47:52.984Z,33.88,71.45

2026-08-23T17:47:57.983Z,33.88,71.46

2026-08-23T17:48:02.984Z,33.9,71.43

2026-08-23T17:48:07.985Z,33.9,71.48

2026-08-23T17:48:12.999Z,33.88,71.47

2026-08-23T17:48:17.985Z,33.88,71.41

2026-08-23T17:48:22.985Z,33.87,71.45

2026-08-23T17:48:27.986Z,33.89,71.44

2026-08-23T17:48:32.986Z,33.89,71.51

2026-08-23T17:48:37.999Z,33.89,71.46

2026-08-23T17:48:43.010Z,33.88,71.52

2026-08-23T17:48:47.997Z,33.89,71.46

2026-08-23T17:48:52.998Z,33.89,71.45

2026-08-23T17:48:57.997Z,33.88,71.5

2026-08-23T17:49:02.999Z,33.88,71.41

2026-08-23T17:49:08.010Z,33.88,71.49

2026-08-23T17:49:13.024Z,33.88,71.48

2026-08-23T17:49:18.011Z,33.88,71.47

2026-08-23T17:49:23.009Z,33.89,71.53

2026-08-23T17:49:28.013Z,33.89,71.47

2026-08-23T17:49:33.012Z,33.88,71.43

2026-08-23T17:49:38.012Z,33.89,71.43

2026-08-23T17:49:43.024Z,33.89,71.42

2026-08-23T17:49:48.013Z,33.9,71.45

2026-08-23T17:49:53.012Z,33.9,71.42

2026-08-23T17:49:58.013Z,33.9,71.41

2026-08-23T17:50:03.011Z,33.91,71.4

2026-08-23T17:50:08.012Z,33.92,71.44

2026-08-23T17:50:13.021Z,33.89,71.46

2026-08-23T17:50:18.012Z,33.9,71.39

2026-08-23T17:50:23.013Z,33.9,71.46

2026-08-23T17:50:28.011Z,33.9,71.46

2026-08-23T17:50:33.016Z,33.91,71.42

2026-08-23T17:50:38.016Z,33.9,71.46

2026-08-23T17:50:43.033Z,33.91,71.46

2026-08-23T17:50:48.013Z,33.91,71.44

2026-08-23T17:50:53.018Z,33.9,71.43

2026-08-23T17:50:58.017Z,33.92,71.36

2026-08-23T17:51:03.016Z,33.91,71.4

2026-08-23T17:51:08.026Z,33.93,71.47

2026-08-23T17:51:13.035Z,33.9,71.41

2026-08-23T17:51:18.024Z,33.92,71.37

2026-08-23T17:51:23.025Z,33.91,71.35

2026-08-23T17:51:28.026Z,33.91,71.42

2026-08-23T17:51:33.027Z,33.92,71.4

2026-08-23T17:51:38.026Z,33.92,71.38

2026-08-23T17:51:43.036Z,33.91,71.4

2026-08-23T17:51:48.022Z,33.92,71.38

2026-08-23T17:51:53.027Z,33.9,71.36

2026-08-23T17:51:58.026Z,33.93,71.38

2026-08-23T17:52:03.041Z,33.92,71.4

2026-08-23T17:52:08.026Z,33.92,71.36

2026-08-23T17:52:13.029Z,33.92,71.41

2026-08-23T17:52:18.028Z,33.92,71.4

2026-08-23T17:52:23.031Z,33.91,71.43

2026-08-23T17:52:28.040Z,33.93,71.38

2026-08-23T17:52:33.053Z,33.91,71.42

2026-08-23T17:52:38.041Z,33.92,71.38

2026-08-23T17:52:43.039Z,33.92,71.38

2026-08-23T17:52:48.045Z,33.92,71.42

2026-08-23T17:52:53.043Z,33.92,71.39

2026-08-23T17:52:58.047Z,33.94,71.41

2026-08-23T17:53:03.059Z,33.91,71.42

2026-08-23T17:53:08.046Z,33.95,71.36

2026-08-23T17:53:13.047Z,33.94,71.37

2026-08-23T17:53:18.046Z,33.94,71.41

2026-08-23T17:53:23.047Z,33.92,71.43

2026-08-23T17:53:28.061Z,33.93,71.43

2026-08-23T17:53:33.074Z,33.94,71.43

2026-08-23T17:53:38.061Z,33.94,71.39

2026-08-23T17:53:43.060Z,33.93,71.34

2026-08-23T17:53:48.061Z,33.93,71.28

2026-08-23T17:53:53.061Z,33.94,71.29

2026-08-23T17:53:58.063Z,33.94,71.32

2026-08-23T17:54:03.070Z,33.94,71.33

2026-08-23T17:54:08.064Z,33.94,71.31

2026-08-23T17:54:13.063Z,33.93,71.32

2026-08-23T17:54:18.061Z,33.92,71.33

2026-08-23T17:54:23.063Z,33.92,71.3

2026-08-23T17:54:28.081Z,33.9,71.34

2026-08-23T17:54:33.094Z,33.94,71.37

2026-08-23T17:54:38.078Z,33.93,71.38

2026-08-23T17:54:43.079Z,33.95,71.4

2026-08-23T17:54:48.079Z,33.93,71.33

2026-08-23T17:54:53.081Z,33.94,71.4

2026-08-23T17:54:58.090Z,33.92,71.38

2026-08-23T17:55:03.101Z,33.93,71.38

2026-08-23T17:55:08.089Z,33.93,71.37

2026-08-23T17:55:13.089Z,33.94,71.36

2026-08-23T17:55:18.090Z,33.94,71.42

2026-08-23T17:55:23.092Z,33.9,71.41

2026-08-23T17:55:28.091Z,33.92,71.41

2026-08-23T17:55:33.101Z,33.92,71.48

2026-08-23T17:55:38.093Z,33.91,71.38

2026-08-23T17:55:43.095Z,33.92,71.48

2026-08-23T17:55:48.093Z,33.9,71.43

2026-08-23T17:55:53.095Z,33.9,71.48

2026-08-23T17:55:58.094Z,33.91,71.49

2026-08-23T17:56:03.108Z,33.9,71.5

2026-08-23T17:56:08.096Z,33.9,71.54

2026-08-23T17:56:13.096Z,33.9,71.52

2026-08-23T17:56:18.097Z,33.91,71.54

2026-08-23T17:56:23.097Z,33.91,71.49

2026-08-23T17:56:28.098Z,33.89,71.52

2026-08-23T17:56:33.112Z,33.91,71.55

2026-08-23T17:56:38.100Z,33.89,71.51

2026-08-23T17:56:43.099Z,33.91,71.55

2026-08-23T17:56:48.098Z,33.89,71.48

2026-08-23T17:56:53.102Z,33.91,71.52

2026-08-23T17:56:58.101Z,33.92,71.51

2026-08-23T17:57:03.114Z,33.9,71.53

2026-08-23T17:57:08.101Z,33.91,71.48

2026-08-23T17:57:13.103Z,33.91,71.5

2026-08-23T17:57:18.102Z,33.89,71.55

2026-08-23T17:57:23.102Z,33.89,71.55

2026-08-23T17:57:28.101Z,33.89,71.55

2026-08-23T17:57:33.114Z,33.9,71.59

2026-08-23T17:57:38.101Z,33.9,71.51

2026-08-23T17:57:43.104Z,33.93,71.54

2026-08-23T17:57:48.103Z,33.91,71.53

2026-08-23T17:57:53.105Z,33.91,71.52

2026-08-23T17:57:58.120Z,33.91,71.47

2026-08-23T17:58:03.131Z,33.9,71.53

2026-08-23T17:58:08.119Z,33.92,71.5

2026-08-23T17:58:13.120Z,33.9,71.56

2026-08-23T17:58:18.121Z,33.89,71.52

2026-08-23T17:58:23.121Z,33.9,71.52

2026-08-23T17:58:28.128Z,33.91,71.55

2026-08-23T17:58:33.141Z,33.91,71.56

2026-08-23T17:58:38.129Z,33.91,71.52

2026-08-23T17:58:43.131Z,33.91,71.52

2026-08-23T17:58:48.130Z,33.92,71.51

2026-08-23T17:58:53.131Z,33.93,71.54

2026-08-23T17:58:58.143Z,33.93,71.57

2026-08-23T17:59:03.154Z,33.92,71.52

2026-08-23T17:59:08.143Z,33.93,71.43

2026-08-23T17:59:13.144Z,33.92,71.49

2026-08-23T17:59:18.143Z,33.91,71.45

2026-08-23T17:59:23.145Z,33.92,71.44

2026-08-23T17:59:28.154Z,33.9,71.5

2026-08-23T17:59:33.166Z,33.91,71.5

2026-08-23T17:59:38.154Z,33.92,71.46

2026-08-23T17:59:43.155Z,33.92,71.46

2026-08-23T17:59:48.155Z,33.92,71.53

2026-08-23T17:59:53.156Z,33.93,71.48

2026-08-23T17:59:58.160Z,33.91,71.54

