2026-09-04T18:00:03.597Z,32.87,76.87

2026-09-04T18:00:08.597Z,32.85,76.84

2026-09-04T18:00:13.596Z,32.89,76.84

2026-09-04T18:00:18.612Z,32.86,76.87

2026-09-04T18:00:23.621Z,32.86,76.91

2026-09-04T18:00:28.610Z,32.87,76.92

2026-09-04T18:00:33.613Z,32.86,76.9

2026-09-04T18:00:38.612Z,32.86,76.92

2026-09-04T18:00:43.612Z,32.86,76.87

2026-09-04T18:00:48.625Z,32.87,76.89

2026-09-04T18:00:53.635Z,32.87,76.95

2026-09-04T18:00:58.622Z,32.85,76.87

2026-09-04T18:01:03.625Z,32.86,76.9

2026-09-04T18:01:08.626Z,32.87,76.86

2026-09-04T18:01:13.626Z,32.86,76.85

2026-09-04T18:01:18.632Z,32.87,76.88

2026-09-04T18:01:23.650Z,32.85,76.91

2026-09-04T18:01:28.632Z,32.87,76.83

2026-09-04T18:01:33.632Z,32.87,76.88

2026-09-04T18:01:38.632Z,32.89,76.9

2026-09-04T18:01:43.632Z,32.87,76.85

2026-09-04T18:01:48.644Z,32.86,76.95

2026-09-04T18:01:53.654Z,32.86,76.88

2026-09-04T18:01:58.643Z,32.85,76.89

2026-09-04T18:02:03.644Z,32.86,76.94

2026-09-04T18:02:08.646Z,32.86,76.91

2026-09-04T18:02:13.658Z,32.85,77.01

2026-09-04T18:02:18.642Z,32.88,76.94

2026-09-04T18:02:23.641Z,32.87,76.98

2026-09-04T18:02:28.644Z,32.87,76.89

2026-09-04T18:02:33.642Z,32.87,76.92

2026-09-04T18:02:38.647Z,32.88,76.82

2026-09-04T18:02:43.654Z,32.87,76.88

2026-09-04T18:02:48.645Z,32.86,76.88

2026-09-04T18:02:53.649Z,32.85,76.84

2026-09-04T18:02:58.647Z,32.86,76.89

2026-09-04T18:03:03.645Z,32.87,76.87

2026-09-04T18:03:08.664Z,32.88,76.84

2026-09-04T18:03:13.677Z,32.87,76.93

2026-09-04T18:03:18.662Z,32.87,76.87

2026-09-04T18:03:23.663Z,32.87,76.9

2026-09-04T18:03:28.662Z,32.86,76.92

2026-09-04T18:03:33.664Z,32.86,76.83

2026-09-04T18:03:38.673Z,32.87,76.88

2026-09-04T18:03:43.685Z,32.87,76.94

2026-09-04T18:03:48.671Z,32.87,76.95

2026-09-04T18:03:53.672Z,32.86,76.87

2026-09-04T18:03:58.671Z,32.87,76.89

2026-09-04T18:04:03.673Z,32.87,76.92

2026-09-04T18:04:08.684Z,32.88,76.89

2026-09-04T18:04:13.692Z,32.87,76.95

2026-09-04T18:04:18.680Z,32.88,76.93

2026-09-04T18:04:23.681Z,32.89,76.92

2026-09-04T18:04:28.684Z,32.89,76.86

2026-09-04T18:04:33.684Z,32.89,76.88

2026-09-04T18:04:38.691Z,32.88,76.88

2026-09-04T18:04:43.702Z,32.89,76.9

2026-09-04T18:04:48.691Z,32.89,76.84

2026-09-04T18:04:53.690Z,32.89,76.82

2026-09-04T18:04:58.690Z,32.91,76.86

2026-09-04T18:05:03.691Z,32.91,76.78

2026-09-04T18:05:08.702Z,32.9,76.81

2026-09-04T18:05:13.712Z,32.9,76.78

2026-09-04T18:05:18.699Z,32.9,76.74

2026-09-04T18:05:23.700Z,32.91,76.78

2026-09-04T18:05:28.702Z,32.92,76.72

2026-09-04T18:05:33.702Z,32.91,76.74

2026-09-04T18:05:38.703Z,32.9,76.75

2026-09-04T18:05:43.718Z,32.91,76.76

2026-09-04T18:05:48.702Z,32.92,76.69

2026-09-04T18:05:53.703Z,32.92,76.74

2026-09-04T18:05:58.703Z,32.92,76.69

2026-09-04T18:06:03.714Z,32.92,76.77

2026-09-04T18:06:08.703Z,32.93,76.73

2026-09-04T18:06:13.702Z,32.93,76.69

2026-09-04T18:06:18.710Z,32.93,76.7

2026-09-04T18:06:23.722Z,32.93,76.72

2026-09-04T18:06:28.711Z,32.93,76.71

2026-09-04T18:06:33.709Z,32.92,76.65

2026-09-04T18:06:38.720Z,32.94,76.72

2026-09-04T18:06:43.733Z,32.93,76.7

2026-09-04T18:06:48.720Z,32.94,76.68

2026-09-04T18:06:53.722Z,32.95,76.61

2026-09-04T18:06:58.725Z,32.95,76.61

2026-09-04T18:07:03.733Z,32.93,76.64

2026-09-04T18:07:08.724Z,32.93,76.58

2026-09-04T18:07:13.725Z,32.97,76.54

2026-09-04T18:07:18.724Z,32.95,76.56

2026-09-04T18:07:23.740Z,32.96,76.6

2026-09-04T18:07:28.724Z,32.95,76.55

2026-09-04T18:07:33.725Z,32.95,76.58

2026-09-04T18:07:38.723Z,32.97,76.65

2026-09-04T18:07:43.727Z,32.96,76.52

2026-09-04T18:07:48.727Z,32.96,76.56

2026-09-04T18:07:53.737Z,32.96,76.56

2026-09-04T18:07:58.726Z,32.97,76.53

2026-09-04T18:08:03.727Z,32.99,76.49

2026-09-04T18:08:08.726Z,32.99,76.48

2026-09-04T18:08:13.729Z,32.98,76.45

2026-09-04T18:08:18.732Z,32.98,76.39

2026-09-04T18:08:23.745Z,32.98,76.47

2026-09-04T18:08:28.731Z,32.98,76.48

2026-09-04T18:08:33.730Z,33,76.42

2026-09-04T18:08:38.731Z,32.99,76.46

2026-09-04T18:08:43.730Z,32.97,76.43

2026-09-04T18:08:48.733Z,32.99,76.46

2026-09-04T18:08:53.748Z,32.97,76.45

2026-09-04T18:08:58.734Z,32.99,76.43

2026-09-04T18:09:03.734Z,32.97,76.47

2026-09-04T18:09:08.734Z,32.97,76.41

2026-09-04T18:09:13.735Z,32.98,76.47

2026-09-04T18:09:18.737Z,32.98,76.44

2026-09-04T18:09:23.748Z,32.97,76.5

2026-09-04T18:09:28.736Z,32.98,76.53

2026-09-04T18:09:33.736Z,32.96,76.48

2026-09-04T18:09:38.749Z,32.98,76.44

2026-09-04T18:09:43.757Z,32.97,76.47

2026-09-04T18:09:48.747Z,32.97,76.48

2026-09-04T18:09:53.747Z,32.96,76.44

2026-09-04T18:09:58.749Z,32.96,76.42

2026-09-04T18:10:03.748Z,32.97,76.47

2026-09-04T18:10:08.768Z,32.97,76.52

2026-09-04T18:10:13.773Z,32.95,76.59

2026-09-04T18:10:18.764Z,32.96,76.5

2026-09-04T18:10:23.762Z,32.96,76.48

2026-09-04T18:10:28.767Z,32.97,76.52

2026-09-04T18:10:33.765Z,32.97,76.53

2026-09-04T18:10:38.780Z,32.95,76.54

2026-09-04T18:10:43.793Z,32.93,76.58

2026-09-04T18:10:48.780Z,32.96,76.53

2026-09-04T18:10:53.780Z,32.95,76.58

2026-09-04T18:10:58.780Z,32.95,76.57

2026-09-04T18:11:03.781Z,32.93,76.52

2026-09-04T18:11:08.798Z,32.96,76.58

2026-09-04T18:11:13.808Z,32.96,76.58

2026-09-04T18:11:18.794Z,32.94,76.61

2026-09-04T18:11:23.795Z,32.95,76.54

2026-09-04T18:11:28.795Z,32.94,76.62

2026-09-04T18:11:33.795Z,32.96,76.56

2026-09-04T18:11:38.801Z,32.92,76.58

2026-09-04T18:11:43.812Z,32.93,76.68

2026-09-04T18:11:48.800Z,32.92,76.62

2026-09-04T18:11:53.799Z,32.93,76.65

2026-09-04T18:11:58.800Z,32.91,76.74

2026-09-04T18:12:03.800Z,32.92,76.69

2026-09-04T18:12:08.824Z,32.91,76.69

2026-09-04T18:12:13.815Z,32.94,76.73

2026-09-04T18:12:18.823Z,32.91,76.73

2026-09-04T18:12:23.814Z,32.91,76.7

2026-09-04T18:12:28.815Z,32.93,76.78

2026-09-04T18:12:33.815Z,32.92,76.84

2026-09-04T18:12:38.815Z,32.91,76.79

2026-09-04T18:12:43.829Z,32.91,76.81

2026-09-04T18:12:48.815Z,32.91,76.79

2026-09-04T18:12:53.819Z,32.91,76.82

2026-09-04T18:12:58.818Z,32.92,76.78

2026-09-04T18:13:03.816Z,32.93,76.8

2026-09-04T18:13:08.817Z,32.9,76.81

2026-09-04T18:13:13.828Z,32.91,76.88

2026-09-04T18:13:18.817Z,32.91,76.8

2026-09-04T18:13:23.820Z,32.93,76.83

2026-09-04T18:13:28.819Z,32.91,76.78

2026-09-04T18:13:33.817Z,32.92,76.83

2026-09-04T18:13:38.820Z,32.9,76.78

2026-09-04T18:13:43.830Z,32.92,76.83

2026-09-04T18:13:48.819Z,32.94,76.77

2026-09-04T18:13:53.825Z,32.92,76.78

2026-09-04T18:13:58.824Z,32.92,76.78

2026-09-04T18:14:03.821Z,32.93,76.77

2026-09-04T18:14:08.840Z,32.93,76.79

2026-09-04T18:14:13.855Z,32.92,76.81

2026-09-04T18:14:18.835Z,32.93,76.82

2026-09-04T18:14:23.835Z,32.93,76.81

2026-09-04T18:14:28.835Z,32.91,76.82

2026-09-04T18:14:33.840Z,32.92,76.8

2026-09-04T18:14:38.845Z,32.92,76.82

2026-09-04T18:14:43.858Z,32.92,76.82

2026-09-04T18:14:48.845Z,32.92,76.82

2026-09-04T18:14:53.846Z,32.9,76.81

2026-09-04T18:14:58.858Z,32.91,76.8

2026-09-04T18:15:03.850Z,32.91,76.87

2026-09-04T18:15:08.851Z,32.87,76.93

2026-09-04T18:15:13.851Z,32.9,76.86

2026-09-04T18:15:18.850Z,32.87,76.9

2026-09-04T18:15:23.866Z,32.88,76.92

2026-09-04T18:15:28.852Z,32.88,76.92

2026-09-04T18:15:33.852Z,32.89,76.93

2026-09-04T18:15:38.851Z,32.87,76.9

2026-09-04T18:15:43.853Z,32.88,76.97

2026-09-04T18:15:48.854Z,32.84,76.97

2026-09-04T18:15:53.866Z,32.87,77

2026-09-04T18:15:58.855Z,32.84,77.01

2026-09-04T18:16:03.853Z,32.86,76.99

2026-09-04T18:16:08.856Z,32.85,77.04

2026-09-04T18:16:13.856Z,32.85,77.02

2026-09-04T18:16:18.856Z,32.85,77.02

2026-09-04T18:16:23.872Z,32.87,77.08

2026-09-04T18:16:28.857Z,32.87,77.05

2026-09-04T18:16:33.856Z,32.87,77.04

2026-09-04T18:16:38.858Z,32.87,77.05

2026-09-04T18:16:43.859Z,32.84,77.1

2026-09-04T18:16:48.860Z,32.87,77.11

2026-09-04T18:16:53.875Z,32.87,77.09

2026-09-04T18:16:58.860Z,32.87,77

2026-09-04T18:17:03.860Z,32.87,77.02

2026-09-04T18:17:08.860Z,32.86,77.07

2026-09-04T18:17:13.859Z,32.86,77.03

2026-09-04T18:17:18.873Z,32.86,77.07

2026-09-04T18:17:23.882Z,32.89,77.11

2026-09-04T18:17:28.872Z,32.88,77.09

2026-09-04T18:17:33.875Z,32.87,77.09

2026-09-04T18:17:38.875Z,32.89,77.01

2026-09-04T18:17:43.874Z,32.87,77.04

2026-09-04T18:17:48.882Z,32.87,77.04

2026-09-04T18:17:53.896Z,32.84,77.1

2026-09-04T18:17:58.879Z,32.85,77.06

2026-09-04T18:18:03.879Z,32.86,77.09

2026-09-04T18:18:08.880Z,32.86,77.08

2026-09-04T18:18:13.881Z,32.85,77.09

2026-09-04T18:18:18.891Z,32.87,77.12

2026-09-04T18:18:23.900Z,32.83,77.16

2026-09-04T18:18:28.888Z,32.86,77.14

2026-09-04T18:18:33.889Z,32.86,77.1

2026-09-04T18:18:38.889Z,32.84,77.15

2026-09-04T18:18:43.890Z,32.85,77.15

2026-09-04T18:18:48.900Z,32.83,77.12

2026-09-04T18:18:53.912Z,32.84,77.19

2026-09-04T18:18:58.897Z,32.84,77.08

2026-09-04T18:19:03.898Z,32.85,77.14

2026-09-04T18:19:08.899Z,32.83,77.17

2026-09-04T18:19:13.899Z,32.85,77.19

2026-09-04T18:19:18.912Z,32.84,77.18

2026-09-04T18:19:23.926Z,32.83,77.2

2026-09-04T18:19:28.909Z,32.83,77.18

2026-09-04T18:19:33.922Z,32.82,77.21

2026-09-04T18:19:38.909Z,32.83,77.19

2026-09-04T18:19:43.912Z,32.83,77.27

2026-09-04T18:19:48.911Z,32.83,77.24

2026-09-04T18:19:53.923Z,32.82,77.28

2026-09-04T18:19:58.911Z,32.82,77.28

2026-09-04T18:20:03.912Z,32.82,77.26

2026-09-04T18:20:08.912Z,32.83,77.21

2026-09-04T18:20:13.911Z,32.82,77.25

2026-09-04T18:20:18.912Z,32.83,77.26

2026-09-04T18:20:23.922Z,32.8,77.29

2026-09-04T18:20:28.911Z,32.82,77.22

2026-09-04T18:20:33.913Z,32.83,77.23

2026-09-04T18:20:38.911Z,32.84,77.27

2026-09-04T18:20:43.912Z,32.83,77.29

2026-09-04T18:20:48.913Z,32.83,77.24

2026-09-04T18:20:53.924Z,32.82,77.21

2026-09-04T18:20:58.913Z,32.84,77.28

2026-09-04T18:21:03.914Z,32.82,77.22

2026-09-04T18:21:08.916Z,32.85,77.22

2026-09-04T18:21:13.918Z,32.84,77.26

2026-09-04T18:21:18.918Z,32.82,77.17

2026-09-04T18:21:23.929Z,32.81,77.23

2026-09-04T18:21:28.919Z,32.85,77.21

2026-09-04T18:21:33.916Z,32.85,77.24

2026-09-04T18:21:38.917Z,32.83,77.28

2026-09-04T18:21:43.921Z,32.84,77.24

2026-09-04T18:21:48.937Z,32.84,77.22

2026-09-04T18:21:53.945Z,32.83,77.23

2026-09-04T18:21:58.934Z,32.83,77.21

2026-09-04T18:22:03.934Z,32.82,77.19

2026-09-04T18:22:08.935Z,32.83,77.23

2026-09-04T18:22:13.936Z,32.84,77.26

2026-09-04T18:22:18.948Z,32.83,77.29

2026-09-04T18:22:23.959Z,32.82,77.28

2026-09-04T18:22:28.947Z,32.83,77.27

2026-09-04T18:22:33.948Z,32.84,77.27

2026-09-04T18:22:38.948Z,32.85,77.31

2026-09-04T18:22:43.950Z,32.83,77.32

2026-09-04T18:22:48.957Z,32.84,77.3

2026-09-04T18:22:53.973Z,32.81,77.29

2026-09-04T18:22:58.954Z,32.83,77.28

2026-09-04T18:23:03.956Z,32.82,77.29

2026-09-04T18:23:08.957Z,32.84,77.3

2026-09-04T18:23:13.957Z,32.84,77.34

2026-09-04T18:23:18.965Z,32.82,77.2

2026-09-04T18:23:23.976Z,32.83,77.31

2026-09-04T18:23:28.965Z,32.82,77.28

2026-09-04T18:23:33.964Z,32.81,77.26

2026-09-04T18:23:38.965Z,32.82,77.27

2026-09-04T18:23:43.978Z,32.83,77.35

2026-09-04T18:23:48.966Z,32.83,77.27

2026-09-04T18:23:53.977Z,32.82,77.3

2026-09-04T18:23:58.964Z,32.83,77.29

2026-09-04T18:24:03.966Z,32.82,77.27

2026-09-04T18:24:08.966Z,32.81,77.3

2026-09-04T18:24:13.965Z,32.82,77.36

2026-09-04T18:24:18.964Z,32.82,77.39

2026-09-04T18:24:23.978Z,32.81,77.35

2026-09-04T18:24:28.966Z,32.8,77.29

2026-09-04T18:24:33.966Z,32.79,77.29

2026-09-04T18:24:38.965Z,32.81,77.27

2026-09-04T18:24:43.969Z,32.81,77.34

2026-09-04T18:24:48.968Z,32.81,77.34

2026-09-04T18:24:53.987Z,32.81,77.36

2026-09-04T18:24:58.970Z,32.8,77.39

2026-09-04T18:25:03.969Z,32.79,77.34

2026-09-04T18:25:08.970Z,32.79,77.41

2026-09-04T18:25:13.969Z,32.79,77.39

2026-09-04T18:25:18.987Z,32.8,77.44

2026-09-04T18:25:23.995Z,32.79,77.48

2026-09-04T18:25:28.981Z,32.81,77.4

2026-09-04T18:25:33.982Z,32.78,77.39

2026-09-04T18:25:38.981Z,32.82,77.35

2026-09-04T18:25:43.983Z,32.79,77.43

2026-09-04T18:25:48.991Z,32.8,77.42

2026-09-04T18:25:54.002Z,32.8,77.39

2026-09-04T18:25:58.989Z,32.8,77.41

2026-09-04T18:26:03.989Z,32.81,77.36

2026-09-04T18:26:08.989Z,32.8,77.4

2026-09-04T18:26:13.988Z,32.8,77.38

2026-09-04T18:26:18.994Z,32.79,77.37

2026-09-04T18:26:24.005Z,32.8,77.48

2026-09-04T18:26:28.991Z,32.82,77.45

2026-09-04T18:26:33.992Z,32.8,77.4

2026-09-04T18:26:38.991Z,32.79,77.41

2026-09-04T18:26:43.993Z,32.81,77.42

2026-09-04T18:26:49.008Z,32.79,77.41

2026-09-04T18:26:54.017Z,32.81,77.44

2026-09-04T18:26:59.005Z,32.79,77.39

2026-09-04T18:27:04.009Z,32.8,77.42

2026-09-04T18:27:09.007Z,32.77,77.49

2026-09-04T18:27:14.006Z,32.77,77.46

2026-09-04T18:27:19.015Z,32.81,77.39

2026-09-04T18:27:24.028Z,32.78,77.46

2026-09-04T18:27:29.014Z,32.79,77.51

2026-09-04T18:27:34.013Z,32.79,77.43

2026-09-04T18:27:39.013Z,32.78,77.48

2026-09-04T18:27:44.013Z,32.78,77.49

2026-09-04T18:27:49.020Z,32.77,77.47

2026-09-04T18:27:54.036Z,32.79,77.6

2026-09-04T18:27:59.020Z,32.79,77.46

2026-09-04T18:28:04.020Z,32.79,77.51

2026-09-04T18:28:09.019Z,32.77,77.48

2026-09-04T18:28:14.020Z,32.79,77.44

2026-09-04T18:28:19.026Z,32.8,77.5

2026-09-04T18:28:24.039Z,32.76,77.56

2026-09-04T18:28:29.024Z,32.8,77.46

2026-09-04T18:28:34.027Z,32.78,77.46

2026-09-04T18:28:39.034Z,32.81,77.52

2026-09-04T18:28:44.041Z,32.79,77.53

2026-09-04T18:28:49.037Z,32.78,77.48

2026-09-04T18:28:54.035Z,32.79,77.48

2026-09-04T18:28:59.034Z,32.77,77.51

2026-09-04T18:29:04.034Z,32.79,77.47

2026-09-04T18:29:09.059Z,32.78,77.47

2026-09-04T18:29:14.062Z,32.77,77.51

2026-09-04T18:29:19.051Z,32.79,77.47

2026-09-04T18:29:24.052Z,32.79,77.46

2026-09-04T18:29:29.051Z,32.77,77.51

2026-09-04T18:29:34.065Z,32.78,77.51

2026-09-04T18:29:39.053Z,32.79,77.47

2026-09-04T18:29:44.054Z,32.78,77.49

2026-09-04T18:29:49.055Z,32.78,77.54

2026-09-04T18:29:54.053Z,32.78,77.58

2026-09-04T18:29:59.055Z,32.77,77.53

2026-09-04T18:30:04.066Z,32.78,77.59

2026-09-04T18:30:09.056Z,32.78,77.52

2026-09-04T18:30:14.057Z,32.79,77.55

2026-09-04T18:30:19.059Z,32.78,77.54

2026-09-04T18:30:24.056Z,32.76,77.56

2026-09-04T18:30:29.058Z,32.77,77.56

2026-09-04T18:30:34.068Z,32.76,77.62

2026-09-04T18:30:39.060Z,32.76,77.57

2026-09-04T18:30:44.058Z,32.76,77.56

2026-09-04T18:30:49.061Z,32.76,77.56

2026-09-04T18:30:54.059Z,32.76,77.62

2026-09-04T18:30:59.061Z,32.77,77.6

2026-09-04T18:31:04.073Z,32.76,77.59

2026-09-04T18:31:09.062Z,32.77,77.62

2026-09-04T18:31:14.061Z,32.76,77.61

2026-09-04T18:31:19.061Z,32.74,77.58

2026-09-04T18:31:24.063Z,32.76,77.63

2026-09-04T18:31:29.063Z,32.76,77.57

2026-09-04T18:31:34.073Z,32.76,77.56

2026-09-04T18:31:39.062Z,32.75,77.54

2026-09-04T18:31:44.063Z,32.75,77.58

2026-09-04T18:31:49.063Z,32.76,77.55

2026-09-04T18:31:54.063Z,32.77,77.54

2026-09-04T18:31:59.064Z,32.77,77.57

2026-09-04T18:32:04.072Z,32.76,77.61

2026-09-04T18:32:09.065Z,32.76,77.58

2026-09-04T18:32:14.063Z,32.74,77.62

2026-09-04T18:32:19.064Z,32.75,77.61

2026-09-04T18:32:24.065Z,32.75,77.57

2026-09-04T18:32:29.070Z,32.76,77.63

2026-09-04T18:32:34.090Z,32.75,77.64

2026-09-04T18:32:39.073Z,32.76,77.62

2026-09-04T18:32:44.071Z,32.75,77.55

2026-09-04T18:32:49.070Z,32.76,77.58

2026-09-04T18:32:54.071Z,32.73,77.59

2026-09-04T18:32:59.084Z,32.76,77.68

2026-09-04T18:33:04.100Z,32.75,77.65

2026-09-04T18:33:09.083Z,32.75,77.62

2026-09-04T18:33:14.084Z,32.75,77.62

2026-09-04T18:33:19.083Z,32.76,77.65

2026-09-04T18:33:24.084Z,32.74,77.61

2026-09-04T18:33:29.103Z,32.75,77.68

2026-09-04T18:33:34.116Z,32.75,77.68

2026-09-04T18:33:39.102Z,32.77,77.63

2026-09-04T18:33:44.102Z,32.76,77.64

2026-09-04T18:33:49.104Z,32.78,77.62

2026-09-04T18:33:54.103Z,32.78,77.63

2026-09-04T18:33:59.116Z,32.78,77.6

2026-09-04T18:34:04.129Z,32.77,77.62

2026-09-04T18:34:09.116Z,32.79,77.56

2026-09-04T18:34:14.114Z,32.78,77.57

2026-09-04T18:34:19.113Z,32.8,77.54

2026-09-04T18:34:24.115Z,32.78,77.47

2026-09-04T18:34:29.126Z,32.77,77.58

2026-09-04T18:34:34.145Z,32.77,77.56

2026-09-04T18:34:39.126Z,32.8,77.49

2026-09-04T18:34:44.128Z,32.77,77.53

2026-09-04T18:34:49.127Z,32.79,77.5

2026-09-04T18:34:54.128Z,32.77,77.54

2026-09-04T18:34:59.129Z,32.77,77.48

2026-09-04T18:35:04.139Z,32.78,77.54

2026-09-04T18:35:09.126Z,32.78,77.53

2026-09-04T18:35:14.127Z,32.76,77.52

2026-09-04T18:35:19.127Z,32.76,77.51

2026-09-04T18:35:24.138Z,32.76,77.62

2026-09-04T18:35:29.127Z,32.77,77.55

2026-09-04T18:35:34.127Z,32.77,77.53

2026-09-04T18:35:39.130Z,32.76,77.55

2026-09-04T18:35:44.129Z,32.77,77.58

2026-09-04T18:35:49.129Z,32.77,77.57

2026-09-04T18:35:54.143Z,32.75,77.64

2026-09-04T18:35:59.129Z,32.77,77.59

2026-09-04T18:36:04.129Z,32.77,77.52

2026-09-04T18:36:09.129Z,32.75,77.59

2026-09-04T18:36:14.130Z,32.77,77.53

2026-09-04T18:36:19.131Z,32.77,77.57

2026-09-04T18:36:24.141Z,32.77,77.63

2026-09-04T18:36:29.131Z,32.77,77.59

2026-09-04T18:36:34.133Z,32.76,77.57

2026-09-04T18:36:39.133Z,32.78,77.59

2026-09-04T18:36:44.134Z,32.79,77.56

2026-09-04T18:36:49.133Z,32.77,77.61

2026-09-04T18:36:54.148Z,32.77,77.6

2026-09-04T18:36:59.135Z,32.79,77.56

2026-09-04T18:37:04.135Z,32.79,77.53

2026-09-04T18:37:09.135Z,32.78,77.57

2026-09-04T18:37:14.136Z,32.79,77.48

2026-09-04T18:37:19.138Z,32.78,77.54

2026-09-04T18:37:24.150Z,32.78,77.54

2026-09-04T18:37:29.137Z,32.79,77.53

2026-09-04T18:37:34.138Z,32.78,77.52

2026-09-04T18:37:39.139Z,32.81,77.54

2026-09-04T18:37:44.138Z,32.81,77.53

2026-09-04T18:37:49.159Z,32.8,77.57

2026-09-04T18:37:54.169Z,32.78,77.56

2026-09-04T18:37:59.157Z,32.8,77.55

2026-09-04T18:38:04.160Z,32.8,77.47

2026-09-04T18:38:09.158Z,32.78,77.5

2026-09-04T18:38:14.158Z,32.8,77.53

2026-09-04T18:38:19.176Z,32.8,77.49

2026-09-04T18:38:24.183Z,32.79,77.46

2026-09-04T18:38:29.173Z,32.79,77.47

2026-09-04T18:38:34.173Z,32.79,77.45

2026-09-04T18:38:39.174Z,32.78,77.45

2026-09-04T18:38:44.175Z,32.77,77.46

2026-09-04T18:38:49.176Z,32.78,77.49

2026-09-04T18:38:54.189Z,32.78,77.53

2026-09-04T18:38:59.178Z,32.8,77.51

2026-09-04T18:39:04.187Z,32.77,77.51

2026-09-04T18:39:09.176Z,32.79,77.52

2026-09-04T18:39:14.178Z,32.79,77.45

2026-09-04T18:39:19.177Z,32.8,77.53

2026-09-04T18:39:24.178Z,32.79,77.51

2026-09-04T18:39:29.178Z,32.8,77.54

2026-09-04T18:39:34.188Z,32.79,77.59

2026-09-04T18:39:39.178Z,32.78,77.53

2026-09-04T18:39:44.179Z,32.79,77.54

2026-09-04T18:39:49.183Z,32.78,77.51

2026-09-04T18:39:54.184Z,32.79,77.48

2026-09-04T18:39:59.183Z,32.79,77.53

2026-09-04T18:40:04.192Z,32.79,77.59

2026-09-04T18:40:09.185Z,32.81,77.48

2026-09-04T18:40:14.184Z,32.79,77.53

2026-09-04T18:40:19.185Z,32.79,77.55

2026-09-04T18:40:24.185Z,32.78,77.5

2026-09-04T18:40:29.191Z,32.79,77.55

2026-09-04T18:40:34.203Z,32.79,77.57

2026-09-04T18:40:39.188Z,32.79,77.55

2026-09-04T18:40:44.191Z,32.79,77.56

2026-09-04T18:40:49.193Z,32.79,77.59

2026-09-04T18:40:54.190Z,32.78,77.49

2026-09-04T18:40:59.213Z,32.78,77.5

2026-09-04T18:41:04.223Z,32.79,77.54

2026-09-04T18:41:09.213Z,32.81,77.54

2026-09-04T18:41:14.215Z,32.79,77.55

2026-09-04T18:41:19.215Z,32.8,77.61

2026-09-04T18:41:24.226Z,32.79,77.64

2026-09-04T18:41:29.215Z,32.78,77.48

2026-09-04T18:41:34.217Z,32.8,77.55

2026-09-04T18:41:39.216Z,32.8,77.52

2026-09-04T18:41:44.231Z,32.8,77.55

2026-09-04T18:41:49.216Z,32.78,77.5

2026-09-04T18:41:54.217Z,32.8,77.47

2026-09-04T18:41:59.215Z,32.8,77.52

2026-09-04T18:42:04.216Z,32.8,77.45

2026-09-04T18:42:09.216Z,32.82,77.45

2026-09-04T18:42:14.232Z,32.81,77.52

2026-09-04T18:42:19.219Z,32.82,77.45

2026-09-04T18:42:24.218Z,32.81,77.48

2026-09-04T18:42:29.217Z,32.81,77.4

2026-09-04T18:42:34.219Z,32.8,77.47

2026-09-04T18:42:39.220Z,32.81,77.42

2026-09-04T18:42:44.231Z,32.82,77.52

2026-09-04T18:42:49.219Z,32.82,77.44

2026-09-04T18:42:54.220Z,32.83,77.43

2026-09-04T18:42:59.219Z,32.83,77.46

2026-09-04T18:43:04.220Z,32.83,77.43

2026-09-04T18:43:09.229Z,32.83,77.4

2026-09-04T18:43:14.241Z,32.83,77.45

2026-09-04T18:43:19.228Z,32.84,77.34

2026-09-04T18:43:24.231Z,32.84,77.47

2026-09-04T18:43:29.232Z,32.84,77.38

2026-09-04T18:43:34.233Z,32.82,77.37

2026-09-04T18:43:39.242Z,32.83,77.4

2026-09-04T18:43:44.252Z,32.84,77.43

2026-09-04T18:43:49.235Z,32.84,77.36

2026-09-04T18:43:54.236Z,32.83,77.33

2026-09-04T18:43:59.236Z,32.84,77.31

2026-09-04T18:44:04.239Z,32.85,77.4

2026-09-04T18:44:09.244Z,32.84,77.33

2026-09-04T18:44:14.255Z,32.83,77.32

2026-09-04T18:44:19.245Z,32.85,77.3

2026-09-04T18:44:24.243Z,32.86,77.31

2026-09-04T18:44:29.243Z,32.84,77.31

2026-09-04T18:44:34.243Z,32.84,77.3

2026-09-04T18:44:39.253Z,32.83,77.34

2026-09-04T18:44:44.267Z,32.84,77.33

2026-09-04T18:44:49.254Z,32.83,77.31

2026-09-04T18:44:54.253Z,32.83,77.34

2026-09-04T18:44:59.251Z,32.83,77.33

2026-09-04T18:45:04.253Z,32.84,77.38

2026-09-04T18:45:09.262Z,32.82,77.31

2026-09-04T18:45:14.271Z,32.82,77.35

2026-09-04T18:45:19.262Z,32.82,77.3

2026-09-04T18:45:24.263Z,32.82,77.38

2026-09-04T18:45:29.264Z,32.81,77.42

2026-09-04T18:45:34.262Z,32.83,77.37

2026-09-04T18:45:39.273Z,32.82,77.35

2026-09-04T18:45:44.286Z,32.84,77.37

2026-09-04T18:45:49.271Z,32.83,77.45

2026-09-04T18:45:54.271Z,32.82,77.34

2026-09-04T18:45:59.271Z,32.82,77.38

2026-09-04T18:46:04.272Z,32.82,77.37

2026-09-04T18:46:09.279Z,32.82,77.35

2026-09-04T18:46:14.288Z,32.79,77.4

2026-09-04T18:46:19.274Z,32.8,77.39

2026-09-04T18:46:24.278Z,32.82,77.36

2026-09-04T18:46:29.290Z,32.82,77.42

2026-09-04T18:46:34.286Z,32.8,77.35

2026-09-04T18:46:39.285Z,32.79,77.44

2026-09-04T18:46:44.284Z,32.82,77.44

2026-09-04T18:46:49.283Z,32.78,77.42

2026-09-04T18:46:54.301Z,32.79,77.43

2026-09-04T18:46:59.286Z,32.8,77.43

2026-09-04T18:47:04.288Z,32.8,77.43

2026-09-04T18:47:09.286Z,32.78,77.45

2026-09-04T18:47:14.306Z,32.76,77.57

2026-09-04T18:47:19.291Z,32.77,77.54

2026-09-04T18:47:24.289Z,32.77,77.6

2026-09-04T18:47:29.290Z,32.76,77.57

2026-09-04T18:47:34.306Z,32.76,77.61

2026-09-04T18:47:39.290Z,32.76,77.59

2026-09-04T18:47:44.290Z,32.76,77.62

2026-09-04T18:47:49.288Z,32.76,77.63

2026-09-04T18:47:54.290Z,32.76,77.66

2026-09-04T18:47:59.294Z,32.76,77.66

2026-09-04T18:48:04.303Z,32.78,77.68

2026-09-04T18:48:09.293Z,32.76,77.66

2026-09-04T18:48:14.293Z,32.76,77.73

2026-09-04T18:48:19.294Z,32.77,77.69

2026-09-04T18:48:24.293Z,32.75,77.66

2026-09-04T18:48:29.309Z,32.76,77.58

2026-09-04T18:48:34.319Z,32.76,77.68

2026-09-04T18:48:39.310Z,32.78,77.65

2026-09-04T18:48:44.309Z,32.77,77.63

2026-09-04T18:48:49.309Z,32.78,77.66

2026-09-04T18:48:54.310Z,32.77,77.63

2026-09-04T18:48:59.323Z,32.78,77.6

2026-09-04T18:49:04.336Z,32.76,77.66

2026-09-04T18:49:09.322Z,32.78,77.59

2026-09-04T18:49:14.323Z,32.79,77.62

2026-09-04T18:49:19.324Z,32.78,77.62

2026-09-04T18:49:24.322Z,32.77,77.61

2026-09-04T18:49:29.338Z,32.78,77.58

2026-09-04T18:49:34.350Z,32.77,77.63

2026-09-04T18:49:39.336Z,32.78,77.6

2026-09-04T18:49:44.339Z,32.78,77.61

2026-09-04T18:49:49.339Z,32.77,77.56

2026-09-04T18:49:54.339Z,32.78,77.59

2026-09-04T18:49:59.341Z,32.77,77.55

2026-09-04T18:50:04.351Z,32.77,77.64

2026-09-04T18:50:09.340Z,32.8,77.63

2026-09-04T18:50:14.339Z,32.78,77.59

2026-09-04T18:50:19.342Z,32.79,77.61

2026-09-04T18:50:24.341Z,32.77,77.62

2026-09-04T18:50:29.348Z,32.78,77.57

2026-09-04T18:50:34.357Z,32.79,77.64

2026-09-04T18:50:39.346Z,32.77,77.62

2026-09-04T18:50:44.350Z,32.77,77.61

2026-09-04T18:50:49.350Z,32.78,77.6

2026-09-04T18:50:54.363Z,32.78,77.68

2026-09-04T18:50:59.350Z,32.78,77.63

2026-09-04T18:51:04.351Z,32.76,77.64

2026-09-04T18:51:09.352Z,32.76,77.6

2026-09-04T18:51:14.366Z,32.78,77.7

2026-09-04T18:51:19.350Z,32.78,77.62

2026-09-04T18:51:24.350Z,32.75,77.61

2026-09-04T18:51:29.349Z,32.76,77.59

2026-09-04T18:51:34.352Z,32.79,77.62

2026-09-04T18:51:39.352Z,32.76,77.64

2026-09-04T18:51:44.364Z,32.79,77.64

2026-09-04T18:51:49.351Z,32.77,77.64

2026-09-04T18:51:54.352Z,32.78,77.64

2026-09-04T18:51:59.351Z,32.77,77.61

2026-09-04T18:52:04.351Z,32.75,77.65

2026-09-04T18:52:09.378Z,32.77,77.6

2026-09-04T18:52:14.390Z,32.76,77.65

2026-09-04T18:52:19.375Z,32.79,77.61

2026-09-04T18:52:24.377Z,32.79,77.6

2026-09-04T18:52:29.373Z,32.79,77.61

2026-09-04T18:52:34.377Z,32.77,77.6

2026-09-04T18:52:39.379Z,32.8,77.57

2026-09-04T18:52:44.389Z,32.78,77.66

2026-09-04T18:52:49.380Z,32.8,77.56

2026-09-04T18:52:54.378Z,32.81,77.62

2026-09-04T18:52:59.381Z,32.8,77.58

2026-09-04T18:53:04.381Z,32.8,77.55

2026-09-04T18:53:09.382Z,32.8,77.6

2026-09-04T18:53:14.396Z,32.81,77.6

2026-09-04T18:53:19.382Z,32.82,77.51

2026-09-04T18:53:24.384Z,32.82,77.55

2026-09-04T18:53:29.385Z,32.81,77.54

2026-09-04T18:53:34.383Z,32.82,77.54

2026-09-04T18:53:39.386Z,32.83,77.52

2026-09-04T18:53:44.399Z,32.84,77.52

2026-09-04T18:53:49.385Z,32.85,77.49

2026-09-04T18:53:54.386Z,32.85,77.45

2026-09-04T18:53:59.387Z,32.87,77.44

2026-09-04T18:54:04.386Z,32.86,77.4

2026-09-04T18:54:09.392Z,32.86,77.41

2026-09-04T18:54:14.404Z,32.86,77.34

2026-09-04T18:54:19.391Z,32.86,77.28

2026-09-04T18:54:24.390Z,32.87,77.29

2026-09-04T18:54:29.391Z,32.87,77.32

2026-09-04T18:54:34.395Z,32.87,77.23

2026-09-04T18:54:39.404Z,32.87,77.23

2026-09-04T18:54:44.410Z,32.89,77.26

2026-09-04T18:54:49.401Z,32.89,77.2

2026-09-04T18:54:54.400Z,32.91,77.16

2026-09-04T18:54:59.400Z,32.91,77.17

2026-09-04T18:55:04.401Z,32.91,77.23

2026-09-04T18:55:09.419Z,32.91,77.17

2026-09-04T18:55:14.427Z,32.91,77.24

2026-09-04T18:55:19.416Z,32.93,77.14

2026-09-04T18:55:24.418Z,32.92,77.11

2026-09-04T18:55:29.417Z,32.94,77.09

2026-09-04T18:55:34.418Z,32.94,77.12

2026-09-04T18:55:39.426Z,32.92,77.12

2026-09-04T18:55:44.439Z,32.92,77.17

2026-09-04T18:55:49.426Z,32.92,77.1

2026-09-04T18:55:54.443Z,32.91,77.12

2026-09-04T18:55:59.425Z,32.93,77.09

2026-09-04T18:56:04.426Z,32.94,77.01

2026-09-04T18:56:09.425Z,32.95,77.05

2026-09-04T18:56:14.439Z,32.94,77.03

2026-09-04T18:56:19.427Z,32.93,77.06

2026-09-04T18:56:24.427Z,32.94,77.06

2026-09-04T18:56:29.426Z,32.94,77.03

2026-09-04T18:56:34.428Z,32.96,76.99

2026-09-04T18:56:39.428Z,32.94,77.02

2026-09-04T18:56:44.441Z,32.95,77.01

2026-09-04T18:56:49.427Z,32.96,76.99

2026-09-04T18:56:54.426Z,32.96,76.98

2026-09-04T18:56:59.428Z,32.96,77

2026-09-04T18:57:04.428Z,32.96,76.91

2026-09-04T18:57:09.430Z,32.98,76.89

2026-09-04T18:57:14.443Z,32.96,76.93

2026-09-04T18:57:19.431Z,32.98,76.95

2026-09-04T18:57:24.430Z,32.97,76.92

2026-09-04T18:57:29.430Z,33,76.88

2026-09-04T18:57:34.431Z,32.97,76.91

2026-09-04T18:57:39.430Z,32.98,76.89

2026-09-04T18:57:44.443Z,32.98,76.88

2026-09-04T18:57:49.429Z,32.99,76.89

2026-09-04T18:57:54.429Z,32.98,76.81

2026-09-04T18:57:59.429Z,32.99,76.78

2026-09-04T18:58:04.431Z,33,76.81

2026-09-04T18:58:09.436Z,33.01,76.8

2026-09-04T18:58:14.451Z,32.99,76.84

2026-09-04T18:58:19.431Z,33.01,76.72

2026-09-04T18:58:24.432Z,33,76.75

2026-09-04T18:58:29.431Z,33.01,76.74

2026-09-04T18:58:34.438Z,33,76.73

2026-09-04T18:58:39.448Z,33.02,76.71

2026-09-04T18:58:44.469Z,33.01,76.75

2026-09-04T18:58:49.446Z,33.01,76.74

2026-09-04T18:58:54.447Z,33,76.71

2026-09-04T18:58:59.445Z,32.99,76.75

2026-09-04T18:59:04.446Z,33,76.74

2026-09-04T18:59:09.457Z,33.02,76.78

2026-09-04T18:59:14.473Z,33,76.75

2026-09-04T18:59:19.457Z,33.01,76.79

2026-09-04T18:59:24.457Z,33.01,76.76

2026-09-04T18:59:29.470Z,33.02,76.78

2026-09-04T18:59:34.482Z,32.99,76.82

2026-09-04T18:59:39.469Z,33.01,76.78

2026-09-04T18:59:44.469Z,33.02,76.85

2026-09-04T18:59:49.469Z,33.02,76.79

2026-09-04T18:59:54.471Z,33.01,76.8

2026-09-04T18:59:59.484Z,33.01,76.75

2026-09-04T19:00:04.496Z,32.99,76.79

2026-09-04T19:00:09.483Z,33.02,76.74

2026-09-04T19:00:14.484Z,33.03,76.74

2026-09-04T19:00:19.486Z,33.04,76.74

2026-09-04T19:00:24.483Z,33.03,76.69

2026-09-04T19:00:29.497Z,33.03,76.67

2026-09-04T19:00:34.506Z,33.02,76.73

2026-09-04T19:00:39.495Z,33.04,76.66

2026-09-04T19:00:44.495Z,33.02,76.68

2026-09-04T19:00:49.493Z,33.03,76.64

2026-09-04T19:00:54.493Z,33.03,76.65

2026-09-04T19:00:59.505Z,33.04,76.69

2026-09-04T19:01:04.513Z,33.04,76.7

2026-09-04T19:01:09.502Z,33.04,76.66

2026-09-04T19:01:14.502Z,33.03,76.66

2026-09-04T19:01:19.502Z,33.04,76.61

2026-09-04T19:01:24.502Z,33.05,76.68

2026-09-04T19:01:29.502Z,33.04,76.62

2026-09-04T19:01:34.516Z,33.03,76.73

2026-09-04T19:01:39.501Z,33.08,76.59

2026-09-04T19:01:44.505Z,33.06,76.61

2026-09-04T19:01:49.503Z,33.06,76.56

2026-09-04T19:01:54.506Z,33.06,76.59

2026-09-04T19:01:59.511Z,33.07,76.59

2026-09-04T19:02:04.521Z,33.05,76.62

2026-09-04T19:02:09.508Z,33.06,76.57

2026-09-04T19:02:14.510Z,33.07,76.56

2026-09-04T19:02:19.509Z,33.07,76.53

2026-09-04T19:02:24.512Z,33.05,76.53

2026-09-04T19:02:29.520Z,33.05,76.54

2026-09-04T19:02:34.539Z,33.07,76.6

2026-09-04T19:02:39.517Z,33.06,76.51

2026-09-04T19:02:44.518Z,33.06,76.56

2026-09-04T19:02:49.519Z,33.07,76.48

2026-09-04T19:02:54.530Z,33.04,76.61

2026-09-04T19:02:59.519Z,33.06,76.57

2026-09-04T19:03:04.519Z,33.05,76.55

2026-09-04T19:03:09.523Z,33.07,76.61

2026-09-04T19:03:14.520Z,33.05,76.56

2026-09-04T19:03:19.527Z,33.06,76.6

2026-09-04T19:03:24.537Z,33.04,76.52

2026-09-04T19:03:29.526Z,33.07,76.49

2026-09-04T19:03:34.526Z,33.07,76.53

2026-09-04T19:03:39.526Z,33.06,76.59

2026-09-04T19:03:44.528Z,33.04,76.51

2026-09-04T19:03:49.531Z,33.07,76.59

2026-09-04T19:03:54.542Z,33.06,76.61

2026-09-04T19:03:59.526Z,33.08,76.53

2026-09-04T19:04:04.530Z,33.03,76.55

2026-09-04T19:04:09.528Z,33.05,76.54

2026-09-04T19:04:14.529Z,33.06,76.56

2026-09-04T19:04:19.545Z,33.06,76.53

2026-09-04T19:04:24.558Z,33.07,76.6

2026-09-04T19:04:29.542Z,33.05,76.51

2026-09-04T19:04:34.542Z,33.07,76.49

2026-09-04T19:04:39.542Z,33.08,76.55

2026-09-04T19:04:44.542Z,33.06,76.56

2026-09-04T19:04:49.546Z,33.06,76.48

2026-09-04T19:04:54.555Z,33.07,76.57

2026-09-04T19:04:59.544Z,33.09,76.55

2026-09-04T19:05:04.544Z,33.09,76.54

2026-09-04T19:05:09.544Z,33.08,76.45

2026-09-04T19:05:14.546Z,33.08,76.44

2026-09-04T19:05:19.557Z,33.07,76.5

2026-09-04T19:05:24.571Z,33.08,76.53

2026-09-04T19:05:29.556Z,33.08,76.42

2026-09-04T19:05:34.560Z,33.06,76.4

2026-09-04T19:05:39.577Z,33.09,76.44

2026-09-04T19:05:44.587Z,33.09,76.5

2026-09-04T19:05:49.576Z,33.09,76.44

2026-09-04T19:05:54.578Z,33.09,76.41

2026-09-04T19:05:59.577Z,33.06,76.44

2026-09-04T19:06:04.579Z,33.09,76.4

2026-09-04T19:06:09.577Z,33.1,76.45

2026-09-04T19:06:14.590Z,33.1,76.41

2026-09-04T19:06:19.578Z,33.09,76.38

2026-09-04T19:06:24.578Z,33.12,76.4

2026-09-04T19:06:29.579Z,33.08,76.4

2026-09-04T19:06:34.579Z,33.09,76.41

2026-09-04T19:06:39.586Z,33.11,76.39

2026-09-04T19:06:44.596Z,33.08,76.4

2026-09-04T19:06:49.584Z,33.11,76.36

2026-09-04T19:06:54.584Z,33.09,76.37

2026-09-04T19:06:59.586Z,33.09,76.41

2026-09-04T19:07:04.586Z,33.09,76.41

2026-09-04T19:07:09.598Z,33.1,76.39

2026-09-04T19:07:14.608Z,33.09,76.4

2026-09-04T19:07:19.597Z,33.11,76.34

2026-09-04T19:07:24.597Z,33.12,76.35

2026-09-04T19:07:29.599Z,33.1,76.37

2026-09-04T19:07:34.597Z,33.09,76.34

2026-09-04T19:07:39.607Z,33.09,76.37

2026-09-04T19:07:44.614Z,33.1,76.36

2026-09-04T19:07:49.605Z,33.09,76.36

2026-09-04T19:07:54.604Z,33.11,76.33

2026-09-04T19:07:59.606Z,33.1,76.33

2026-09-04T19:08:04.603Z,33.11,76.38

2026-09-04T19:08:09.618Z,33.11,76.35

2026-09-04T19:08:14.628Z,33.1,76.36

2026-09-04T19:08:19.618Z,33.09,76.32

2026-09-04T19:08:24.616Z,33.11,76.33

2026-09-04T19:08:29.620Z,33.11,76.33

2026-09-04T19:08:34.618Z,33.1,76.38

2026-09-04T19:08:39.620Z,33.11,76.25

2026-09-04T19:08:44.631Z,33.1,76.31

2026-09-04T19:08:49.619Z,33.11,76.39

2026-09-04T19:08:54.619Z,33.13,76.31

2026-09-04T19:08:59.621Z,33.11,76.28

2026-09-04T19:09:04.633Z,33.11,76.38

2026-09-04T19:09:09.621Z,33.11,76.33

2026-09-04T19:09:14.619Z,33.1,76.3

2026-09-04T19:09:19.620Z,33.11,76.31

2026-09-04T19:09:24.633Z,33.1,76.34

2026-09-04T19:09:29.619Z,33.09,76.3

2026-09-04T19:09:34.623Z,33.11,76.3

2026-09-04T19:09:39.621Z,33.12,76.31

2026-09-04T19:09:44.620Z,33.09,76.29

2026-09-04T19:09:49.641Z,33.11,76.32

2026-09-04T19:09:54.633Z,33.1,76.32

2026-09-04T19:09:59.624Z,33.11,76.35

2026-09-04T19:10:04.624Z,33.11,76.36

2026-09-04T19:10:09.624Z,33.09,76.36

2026-09-04T19:10:14.625Z,33.09,76.28

2026-09-04T19:10:19.627Z,33.1,76.33

2026-09-04T19:10:24.638Z,33.11,76.35

2026-09-04T19:10:29.627Z,33.1,76.38

2026-09-04T19:10:34.629Z,33.09,76.32

2026-09-04T19:10:39.629Z,33.08,76.31

2026-09-04T19:10:44.630Z,33.08,76.34

2026-09-04T19:10:49.645Z,33.08,76.29

2026-09-04T19:10:54.657Z,33.07,76.38

2026-09-04T19:10:59.641Z,33.07,76.36

2026-09-04T19:11:04.641Z,33.08,76.39

2026-09-04T19:11:09.642Z,33.07,76.35

2026-09-04T19:11:14.644Z,33.07,76.42

2026-09-04T19:11:19.649Z,33.08,76.41

2026-09-04T19:11:24.660Z,33.07,76.46

2026-09-04T19:11:29.647Z,33.08,76.34

2026-09-04T19:11:34.648Z,33.07,76.4

2026-09-04T19:11:39.649Z,33.08,76.43

2026-09-04T19:11:44.649Z,33.09,76.41

2026-09-04T19:11:49.661Z,33.06,76.44

2026-09-04T19:11:54.668Z,33.07,76.43

2026-09-04T19:11:59.659Z,33.07,76.38

2026-09-04T19:12:04.661Z,33.07,76.41

2026-09-04T19:12:09.659Z,33.08,76.35

2026-09-04T19:12:14.663Z,33.09,76.34

2026-09-04T19:12:19.663Z,33.07,76.32

2026-09-04T19:12:24.674Z,33.06,76.39

2026-09-04T19:12:29.662Z,33.07,76.3

2026-09-04T19:12:34.662Z,33.04,76.35

2026-09-04T19:12:39.661Z,33.06,76.35

2026-09-04T19:12:44.662Z,33.04,76.43

2026-09-04T19:12:49.670Z,33.06,76.46

2026-09-04T19:12:54.683Z,33.04,76.45

2026-09-04T19:12:59.672Z,33.05,76.47

2026-09-04T19:13:04.671Z,33.04,76.49

2026-09-04T19:13:09.688Z,33.02,76.53

2026-09-04T19:13:14.677Z,33.05,76.49

2026-09-04T19:13:19.683Z,33.04,76.5

2026-09-04T19:13:24.689Z,33.04,76.53

2026-09-04T19:13:29.676Z,33.04,76.55

2026-09-04T19:13:34.684Z,33.02,76.51

2026-09-04T19:13:39.683Z,33.03,76.52

2026-09-04T19:13:44.678Z,33.01,76.59

2026-09-04T19:13:49.680Z,33.02,76.58

2026-09-04T19:13:54.693Z,33.02,76.67

2026-09-04T19:13:59.679Z,33.01,76.61

2026-09-04T19:14:04.680Z,33.01,76.6

2026-09-04T19:14:09.681Z,33.02,76.63

2026-09-04T19:14:14.682Z,32.99,76.63

2026-09-04T19:14:19.683Z,33,76.59

2026-09-04T19:14:24.698Z,33.01,76.66

2026-09-04T19:14:29.684Z,33,76.59

2026-09-04T19:14:34.685Z,32.98,76.62

2026-09-04T19:14:39.682Z,32.99,76.57

2026-09-04T19:14:44.684Z,32.98,76.67

2026-09-04T19:14:49.703Z,32.98,76.58

2026-09-04T19:14:54.713Z,32.95,76.67

2026-09-04T19:14:59.701Z,32.97,76.63

2026-09-04T19:15:04.702Z,32.99,76.67

2026-09-04T19:15:09.702Z,32.96,76.66

2026-09-04T19:15:14.703Z,32.95,76.68

2026-09-04T19:15:19.702Z,32.97,76.68

2026-09-04T19:15:24.717Z,32.96,76.83

2026-09-04T19:15:29.701Z,32.95,76.79

2026-09-04T19:15:34.703Z,32.95,76.76

2026-09-04T19:15:39.703Z,32.96,76.78

2026-09-04T19:15:44.704Z,32.94,76.75

2026-09-04T19:15:49.720Z,32.95,76.74

2026-09-04T19:15:54.729Z,32.94,76.83

2026-09-04T19:15:59.717Z,32.95,76.8

2026-09-04T19:16:04.716Z,32.94,76.73

2026-09-04T19:16:09.716Z,32.94,76.75

2026-09-04T19:16:14.715Z,32.93,76.75

2026-09-04T19:16:19.724Z,32.93,76.81

2026-09-04T19:16:24.734Z,32.92,76.85

2026-09-04T19:16:29.729Z,32.92,76.88

2026-09-04T19:16:34.723Z,32.94,76.86

2026-09-04T19:16:39.723Z,32.92,76.92

2026-09-04T19:16:44.726Z,32.9,76.94

2026-09-04T19:16:49.747Z,32.91,76.95

2026-09-04T19:16:54.738Z,32.9,76.95

2026-09-04T19:16:59.737Z,32.92,76.92

2026-09-04T19:17:04.742Z,32.92,76.92

2026-09-04T19:17:09.746Z,32.92,76.93

2026-09-04T19:17:14.738Z,32.91,76.99

2026-09-04T19:17:19.738Z,32.93,76.87

2026-09-04T19:17:24.738Z,32.93,76.93

2026-09-04T19:17:29.738Z,32.92,76.91

2026-09-04T19:17:34.752Z,32.93,76.99

2026-09-04T19:17:39.741Z,32.92,76.95

2026-09-04T19:17:44.742Z,32.93,76.88

2026-09-04T19:17:49.743Z,32.93,76.94

2026-09-04T19:17:54.741Z,32.92,76.9

2026-09-04T19:17:59.741Z,32.93,76.94

2026-09-04T19:18:04.755Z,32.95,76.92

2026-09-04T19:18:09.742Z,32.94,76.91

2026-09-04T19:18:14.743Z,32.95,76.86

2026-09-04T19:18:19.742Z,32.96,76.85

2026-09-04T19:18:24.743Z,32.95,76.85

2026-09-04T19:18:29.747Z,32.96,76.91

2026-09-04T19:18:34.760Z,32.93,76.91

2026-09-04T19:18:39.747Z,32.93,76.85

2026-09-04T19:18:44.747Z,32.95,76.88

2026-09-04T19:18:49.747Z,32.96,76.89

2026-09-04T19:18:54.745Z,32.96,76.86

2026-09-04T19:18:59.761Z,32.95,76.87

2026-09-04T19:19:04.772Z,32.95,76.87

2026-09-04T19:19:09.761Z,32.97,76.82

2026-09-04T19:19:14.762Z,32.96,76.89

2026-09-04T19:19:19.762Z,32.95,76.83

2026-09-04T19:19:24.762Z,32.95,76.82

2026-09-04T19:19:29.770Z,32.94,76.85

2026-09-04T19:19:34.779Z,32.95,76.87

2026-09-04T19:19:39.769Z,32.94,76.8

2026-09-04T19:19:44.768Z,32.95,76.83

2026-09-04T19:19:49.767Z,32.96,76.8

2026-09-04T19:19:54.767Z,32.94,76.87

2026-09-04T19:19:59.784Z,32.94,76.9

2026-09-04T19:20:04.794Z,32.94,76.9

2026-09-04T19:20:09.783Z,32.93,76.77

2026-09-04T19:20:14.785Z,32.95,76.81

2026-09-04T19:20:19.785Z,32.96,76.86

2026-09-04T19:20:24.785Z,32.92,76.87

2026-09-04T19:20:29.791Z,32.93,76.86

2026-09-04T19:20:34.801Z,32.93,76.92

2026-09-04T19:20:39.789Z,32.92,76.9

2026-09-04T19:20:44.789Z,32.94,76.86

2026-09-04T19:20:49.802Z,32.92,76.95

2026-09-04T19:20:54.810Z,32.9,76.96

2026-09-04T19:20:59.799Z,32.91,76.96

2026-09-04T19:21:04.813Z,32.88,76.96

2026-09-04T19:21:09.799Z,32.92,76.95

2026-09-04T19:21:14.801Z,32.93,76.93

2026-09-04T19:21:19.802Z,32.91,76.98

2026-09-04T19:21:24.803Z,32.9,77

2026-09-04T19:21:29.804Z,32.89,76.96

2026-09-04T19:21:34.817Z,32.89,77.03

2026-09-04T19:21:39.805Z,32.9,77.02

2026-09-04T19:21:44.805Z,32.87,76.99

2026-09-04T19:21:49.806Z,32.87,77.07

2026-09-04T19:21:54.803Z,32.88,77.07

2026-09-04T19:21:59.818Z,32.87,77.08

2026-09-04T19:22:04.827Z,32.86,77.16

2026-09-04T19:22:09.815Z,32.87,77.12

2026-09-04T19:22:14.815Z,32.89,77.09

2026-09-04T19:22:19.817Z,32.88,77.15

2026-09-04T19:22:24.817Z,32.88,77.18

2026-09-04T19:22:29.825Z,32.88,77.16

2026-09-04T19:22:34.839Z,32.87,77.17

2026-09-04T19:22:39.824Z,32.89,77.14

2026-09-04T19:22:44.826Z,32.86,77.13

2026-09-04T19:22:49.827Z,32.89,77.16

2026-09-04T19:22:54.825Z,32.89,77.1

2026-09-04T19:22:59.830Z,32.91,77.09

2026-09-04T19:23:04.844Z,32.88,77.14

2026-09-04T19:23:09.830Z,32.89,77.12

2026-09-04T19:23:14.829Z,32.9,77.07

2026-09-04T19:23:19.829Z,32.88,77.08

2026-09-04T19:23:24.830Z,32.89,77.1

2026-09-04T19:23:29.841Z,32.92,77.1

2026-09-04T19:23:34.851Z,32.88,77.13

2026-09-04T19:23:39.840Z,32.91,77.12

2026-09-04T19:23:44.837Z,32.91,77.08

2026-09-04T19:23:49.840Z,32.91,77.1

2026-09-04T19:23:54.839Z,32.91,77.07

2026-09-04T19:23:59.840Z,32.92,77.06

2026-09-04T19:24:04.852Z,32.93,77.08

2026-09-04T19:24:09.840Z,32.91,77.03

2026-09-04T19:24:14.843Z,32.93,76.97

2026-09-04T19:24:19.840Z,32.93,77.01

2026-09-04T19:24:24.843Z,32.9,77.06

2026-09-04T19:24:29.848Z,32.93,77.03

2026-09-04T19:24:34.860Z,32.9,77.02

2026-09-04T19:24:39.848Z,32.92,77.01

2026-09-04T19:24:44.847Z,32.91,76.99

2026-09-04T19:24:49.846Z,32.92,77.04

2026-09-04T19:24:54.847Z,32.93,76.97

2026-09-04T19:24:59.860Z,32.93,77.01

2026-09-04T19:25:04.875Z,32.94,77.05

2026-09-04T19:25:09.861Z,32.94,77.01

2026-09-04T19:25:14.860Z,32.94,76.97

2026-09-04T19:25:19.861Z,32.95,76.97

2026-09-04T19:25:24.862Z,32.95,76.93

2026-09-04T19:25:29.867Z,32.94,76.93

2026-09-04T19:25:34.881Z,32.92,76.99

2026-09-04T19:25:39.867Z,32.95,76.97

2026-09-04T19:25:44.866Z,32.96,76.9

2026-09-04T19:25:49.868Z,32.96,76.9

2026-09-04T19:25:54.867Z,32.97,76.91

2026-09-04T19:25:59.877Z,32.93,76.91

2026-09-04T19:26:04.889Z,32.96,76.9

2026-09-04T19:26:09.876Z,32.96,76.88

2026-09-04T19:26:14.877Z,32.96,76.9

2026-09-04T19:26:19.876Z,32.96,76.83

2026-09-04T19:26:24.878Z,32.96,76.87

2026-09-04T19:26:29.886Z,32.97,76.88

2026-09-04T19:26:34.894Z,32.97,76.86

2026-09-04T19:26:39.881Z,32.96,76.84

2026-09-04T19:26:44.885Z,32.98,76.86

2026-09-04T19:26:49.885Z,32.97,76.83

2026-09-04T19:26:54.884Z,32.99,76.87

2026-09-04T19:26:59.887Z,32.98,76.82

2026-09-04T19:27:04.897Z,32.96,76.8

2026-09-04T19:27:09.890Z,32.96,76.77

2026-09-04T19:27:14.888Z,32.98,76.77

2026-09-04T19:27:19.887Z,32.98,76.83

2026-09-04T19:27:24.888Z,32.99,76.79

2026-09-04T19:27:29.897Z,32.98,76.79

2026-09-04T19:27:34.904Z,32.99,76.84

2026-09-04T19:27:39.894Z,32.98,76.8

2026-09-04T19:27:44.893Z,32.98,76.83

2026-09-04T19:27:49.896Z,32.98,76.74

2026-09-04T19:27:54.904Z,32.99,76.81

2026-09-04T19:27:59.893Z,33,76.81

2026-09-04T19:28:04.906Z,33,76.85

2026-09-04T19:28:09.893Z,33,76.78

2026-09-04T19:28:14.898Z,33,76.75

2026-09-04T19:28:19.898Z,33,76.77

2026-09-04T19:28:24.897Z,33,76.77

2026-09-04T19:28:29.904Z,33.01,76.78

2026-09-04T19:28:34.917Z,33.01,76.76

2026-09-04T19:28:39.904Z,33.01,76.73

2026-09-04T19:28:44.904Z,33.02,76.74

2026-09-04T19:28:49.903Z,33,76.69

2026-09-04T19:28:54.904Z,33.02,76.68

2026-09-04T19:28:59.911Z,33.02,76.7

2026-09-04T19:29:04.923Z,33.01,76.67

2026-09-04T19:29:09.914Z,33.05,76.71

2026-09-04T19:29:14.911Z,33.05,76.65

2026-09-04T19:29:19.911Z,33.03,76.57

2026-09-04T19:29:24.911Z,33.04,76.6

2026-09-04T19:29:29.924Z,33.04,76.6

2026-09-04T19:29:34.936Z,33.05,76.6

2026-09-04T19:29:39.923Z,33.05,76.61

2026-09-04T19:29:44.923Z,33.05,76.64

2026-09-04T19:29:49.924Z,33.06,76.57

2026-09-04T19:29:54.924Z,33.05,76.56

2026-09-04T19:29:59.940Z,33.06,76.59

2026-09-04T19:30:04.950Z,33.04,76.57

2026-09-04T19:30:09.938Z,33.06,76.51

2026-09-04T19:30:14.940Z,33.06,76.54

2026-09-04T19:30:19.939Z,33.05,76.51

2026-09-04T19:30:24.940Z,33.04,76.51

2026-09-04T19:30:29.949Z,33.06,76.45

2026-09-04T19:30:34.962Z,33.06,76.56

2026-09-04T19:30:39.961Z,33.06,76.45

2026-09-04T19:30:44.952Z,33.09,76.39

2026-09-04T19:30:49.952Z,33.08,76.46

2026-09-04T19:30:54.951Z,33.07,76.41

2026-09-04T19:30:59.954Z,33.07,76.45

2026-09-04T19:31:04.964Z,33.09,76.49

2026-09-04T19:31:09.953Z,33.09,76.48

2026-09-04T19:31:14.954Z,33.07,76.44

2026-09-04T19:31:19.955Z,33.09,76.44

2026-09-04T19:31:24.954Z,33.08,76.44

2026-09-04T19:31:29.954Z,33.09,76.43

2026-09-04T19:31:34.966Z,33.09,76.46

2026-09-04T19:31:39.953Z,33.08,76.38

2026-09-04T19:31:44.957Z,33.08,76.32

2026-09-04T19:31:49.956Z,33.08,76.42

2026-09-04T19:31:54.970Z,33.09,76.38

2026-09-04T19:31:59.960Z,33.09,76.42

2026-09-04T19:32:04.958Z,33.1,76.43

2026-09-04T19:32:09.958Z,33.09,76.41

2026-09-04T19:32:14.956Z,33.09,76.37

2026-09-04T19:32:19.968Z,33.11,76.37

2026-09-04T19:32:24.977Z,33.1,76.43

2026-09-04T19:32:29.967Z,33.11,76.38

2026-09-04T19:32:34.971Z,33.1,76.45

2026-09-04T19:32:39.967Z,33.12,76.33

2026-09-04T19:32:44.971Z,33.12,76.31

2026-09-04T19:32:49.980Z,33.11,76.35

2026-09-04T19:32:54.986Z,33.11,76.36

2026-09-04T19:32:59.977Z,33.11,76.31

2026-09-04T19:33:04.978Z,33.11,76.34

2026-09-04T19:33:09.977Z,33.09,76.26

2026-09-04T19:33:14.977Z,33.1,76.31

2026-09-04T19:33:19.991Z,33.08,76.36

2026-09-04T19:33:25.000Z,33.07,76.38

2026-09-04T19:33:29.992Z,33.08,76.32

2026-09-04T19:33:34.990Z,33.07,76.45

2026-09-04T19:33:39.990Z,33.08,76.35

2026-09-04T19:33:44.991Z,33.06,76.42

2026-09-04T19:33:49.996Z,33.07,76.45

2026-09-04T19:33:55.001Z,33.08,76.5

2026-09-04T19:33:59.989Z,33.07,76.46

2026-09-04T19:34:04.993Z,33.06,76.47

2026-09-04T19:34:09.992Z,33.07,76.54

2026-09-04T19:34:14.994Z,33.05,76.51

2026-09-04T19:34:20.005Z,33.06,76.46

2026-09-04T19:34:25.015Z,33.05,76.54

2026-09-04T19:34:30.002Z,33.08,76.49

2026-09-04T19:34:35.000Z,33.05,76.44

2026-09-04T19:34:40.002Z,33.05,76.47

2026-09-04T19:34:45.003Z,33.06,76.44

2026-09-04T19:34:50.019Z,33.04,76.49

2026-09-04T19:34:55.031Z,33.05,76.54

2026-09-04T19:35:00.017Z,33.03,76.51

2026-09-04T19:35:05.021Z,33.04,76.51

2026-09-04T19:35:10.020Z,33.04,76.56

2026-09-04T19:35:15.018Z,33.05,76.53

2026-09-04T19:35:20.019Z,33.02,76.59

2026-09-04T19:35:25.032Z,33.02,76.63

2026-09-04T19:35:30.019Z,33.04,76.59

2026-09-04T19:35:35.021Z,33.04,76.58

2026-09-04T19:35:40.025Z,33.03,76.62

2026-09-04T19:35:45.035Z,33.02,76.61

2026-09-04T19:35:50.030Z,33.02,76.58

2026-09-04T19:35:55.026Z,33.04,76.57

2026-09-04T19:36:00.033Z,33.04,76.6

2026-09-04T19:36:05.053Z,33.03,76.68

2026-09-04T19:36:10.034Z,33.04,76.57

2026-09-04T19:36:15.033Z,33.04,76.59

2026-09-04T19:36:20.033Z,33.03,76.6

2026-09-04T19:36:25.033Z,33.05,76.61

2026-09-04T19:36:30.053Z,33.06,76.62

2026-09-04T19:36:35.045Z,33.05,76.57

2026-09-04T19:36:40.044Z,33.03,76.56

2026-09-04T19:36:45.046Z,33.04,76.57

2026-09-04T19:36:50.056Z,33.06,76.62

2026-09-04T19:36:55.063Z,33.05,76.61

2026-09-04T19:37:00.054Z,33.05,76.58

2026-09-04T19:37:05.055Z,33.05,76.57

2026-09-04T19:37:10.054Z,33.06,76.58

2026-09-04T19:37:15.055Z,33.06,76.55

2026-09-04T19:37:20.055Z,33.04,76.54

2026-09-04T19:37:25.070Z,33.03,76.55

2026-09-04T19:37:30.057Z,33.03,76.53

2026-09-04T19:37:35.058Z,33.05,76.55

2026-09-04T19:37:40.057Z,33.02,76.58

2026-09-04T19:37:45.058Z,33.03,76.57

2026-09-04T19:37:50.065Z,33.02,76.62

2026-09-04T19:37:55.076Z,33.04,76.69

2026-09-04T19:38:00.064Z,33.02,76.56

2026-09-04T19:38:05.064Z,33.02,76.69

2026-09-04T19:38:10.065Z,33.01,76.62

2026-09-04T19:38:15.062Z,33.01,76.59

2026-09-04T19:38:20.068Z,33.02,76.64

2026-09-04T19:38:25.077Z,33.01,76.61

2026-09-04T19:38:30.065Z,33.02,76.59

2026-09-04T19:38:35.067Z,33.02,76.57

2026-09-04T19:38:40.068Z,33.03,76.59

2026-09-04T19:38:45.065Z,33.03,76.59

2026-09-04T19:38:50.070Z,33.02,76.63

2026-09-04T19:38:55.082Z,33.03,76.67

2026-09-04T19:39:00.067Z,33.03,76.58

2026-09-04T19:39:05.068Z,33.04,76.55

2026-09-04T19:39:10.070Z,33.05,76.59

2026-09-04T19:39:15.071Z,33.04,76.63

2026-09-04T19:39:20.087Z,33.05,76.58

2026-09-04T19:39:25.095Z,33.05,76.61

2026-09-04T19:39:30.082Z,33.03,76.54

2026-09-04T19:39:35.088Z,33.03,76.48

2026-09-04T19:39:40.087Z,33.05,76.53

2026-09-04T19:39:45.086Z,33.04,76.53

2026-09-04T19:39:50.097Z,33.06,76.5

2026-09-04T19:39:55.116Z,33.04,76.55

2026-09-04T19:40:00.096Z,33.05,76.48

2026-09-04T19:40:05.097Z,33.05,76.55

2026-09-04T19:40:10.098Z,33.05,76.52

2026-09-04T19:40:15.097Z,33.07,76.51

2026-09-04T19:40:20.107Z,33.06,76.48

2026-09-04T19:40:25.119Z,33.07,76.52

2026-09-04T19:40:30.106Z,33.06,76.49

2026-09-04T19:40:35.105Z,33.07,76.5

2026-09-04T19:40:40.104Z,33.06,76.51

2026-09-04T19:40:45.106Z,33.07,76.43

2026-09-04T19:40:50.119Z,33.04,76.43

2026-09-04T19:40:55.134Z,33.08,76.44

2026-09-04T19:41:00.120Z,33.08,76.42

2026-09-04T19:41:05.121Z,33.08,76.42

2026-09-04T19:41:10.120Z,33.07,76.45

2026-09-04T19:41:15.121Z,33.09,76.42

2026-09-04T19:41:20.124Z,33.08,76.37

2026-09-04T19:41:25.134Z,33.07,76.38

2026-09-04T19:41:30.122Z,33.08,76.36

2026-09-04T19:41:35.124Z,33.09,76.36

2026-09-04T19:41:40.122Z,33.1,76.37

2026-09-04T19:41:45.122Z,33.1,76.39

2026-09-04T19:41:50.135Z,33.09,76.32

2026-09-04T19:41:55.144Z,33.11,76.42

2026-09-04T19:42:00.133Z,33.11,76.37

2026-09-04T19:42:05.133Z,33.1,76.35

2026-09-04T19:42:10.132Z,33.11,76.3

2026-09-04T19:42:15.133Z,33.09,76.26

2026-09-04T19:42:20.146Z,33.1,76.29

2026-09-04T19:42:25.156Z,33.1,76.34

2026-09-04T19:42:30.145Z,33.12,76.25

2026-09-04T19:42:35.145Z,33.1,76.22

2026-09-04T19:42:40.145Z,33.11,76.23

2026-09-04T19:42:45.161Z,33.11,76.32

2026-09-04T19:42:50.146Z,33.12,76.25

2026-09-04T19:42:55.166Z,33.1,76.22

2026-09-04T19:43:00.153Z,33.12,76.24

2026-09-04T19:43:05.153Z,33.11,76.19

2026-09-04T19:43:10.154Z,33.1,76.18

2026-09-04T19:43:15.154Z,33.12,76.19

2026-09-04T19:43:20.154Z,33.11,76.22

2026-09-04T19:43:25.171Z,33.11,76.28

2026-09-04T19:43:30.155Z,33.13,76.23

2026-09-04T19:43:35.157Z,33.11,76.22

2026-09-04T19:43:40.157Z,33.11,76.18

2026-09-04T19:43:45.158Z,33.11,76.2

2026-09-04T19:43:50.157Z,33.14,76.22

2026-09-04T19:43:55.170Z,33.13,76.23

2026-09-04T19:44:00.159Z,33.11,76.2

2026-09-04T19:44:05.159Z,33.11,76.19

2026-09-04T19:44:10.158Z,33.13,76.14

2026-09-04T19:44:15.161Z,33.13,76.14

2026-09-04T19:44:20.162Z,33.11,76.17

2026-09-04T19:44:25.176Z,33.12,76.16

2026-09-04T19:44:30.161Z,33.12,76.15

2026-09-04T19:44:35.162Z,33.12,76.15

2026-09-04T19:44:40.162Z,33.11,76.15

2026-09-04T19:44:45.160Z,33.12,76.21

2026-09-04T19:44:50.171Z,33.09,76.12

2026-09-04T19:44:55.179Z,33.1,76.22

2026-09-04T19:45:00.168Z,33.09,76.25

2026-09-04T19:45:05.169Z,33.1,76.18

2026-09-04T19:45:10.169Z,33.09,76.22

2026-09-04T19:45:15.170Z,33.08,76.32

2026-09-04T19:45:20.185Z,33.07,76.26

2026-09-04T19:45:25.191Z,33.1,76.27

2026-09-04T19:45:30.183Z,33.1,76.31

2026-09-04T19:45:35.181Z,33.1,76.32

2026-09-04T19:45:40.184Z,33.08,76.33

2026-09-04T19:45:45.181Z,33.08,76.35

2026-09-04T19:45:50.195Z,33.08,76.29

2026-09-04T19:45:55.205Z,33.09,76.3

2026-09-04T19:46:00.195Z,33.1,76.26

2026-09-04T19:46:05.196Z,33.09,76.25

2026-09-04T19:46:10.194Z,33.09,76.25

2026-09-04T19:46:15.195Z,33.09,76.3

2026-09-04T19:46:20.197Z,33.1,76.27

2026-09-04T19:46:25.211Z,33.08,76.31

2026-09-04T19:46:30.197Z,33.07,76.28

2026-09-04T19:46:35.197Z,33.11,76.21

2026-09-04T19:46:40.197Z,33.1,76.28

2026-09-04T19:46:45.197Z,33.1,76.29

2026-09-04T19:46:50.215Z,33.12,76.33

2026-09-04T19:46:55.211Z,33.1,76.28

2026-09-04T19:47:00.215Z,33.09,76.27

2026-09-04T19:47:05.224Z,33.1,76.3

2026-09-04T19:47:10.217Z,33.1,76.27

2026-09-04T19:47:15.215Z,33.11,76.2

2026-09-04T19:47:20.216Z,33.11,76.21

2026-09-04T19:47:25.226Z,33.1,76.31

2026-09-04T19:47:30.215Z,33.1,76.2

2026-09-04T19:47:35.218Z,33.11,76.15

2026-09-04T19:47:40.215Z,33.12,76.2

2026-09-04T19:47:45.225Z,33.1,76.2

2026-09-04T19:47:50.217Z,33.09,76.19

2026-09-04T19:47:55.216Z,33.11,76.15

2026-09-04T19:48:00.216Z,33.1,76.19

2026-09-04T19:48:05.216Z,33.12,76.14

2026-09-04T19:48:10.216Z,33.12,76.2

2026-09-04T19:48:15.230Z,33.09,76.23

2026-09-04T19:48:20.215Z,33.1,76.21

2026-09-04T19:48:25.218Z,33.1,76.22

2026-09-04T19:48:30.218Z,33.1,76.21

2026-09-04T19:48:35.217Z,33.11,76.2

2026-09-04T19:48:40.241Z,33.11,76.2

2026-09-04T19:48:45.255Z,33.09,76.21

2026-09-04T19:48:50.241Z,33.12,76.18

2026-09-04T19:48:55.242Z,33.1,76.13

2026-09-04T19:49:00.241Z,33.11,76.16

2026-09-04T19:49:05.239Z,33.11,76.15

2026-09-04T19:49:10.241Z,33.13,76.14

2026-09-04T19:49:15.258Z,33.1,76.14

2026-09-04T19:49:20.242Z,33.13,76.08

2026-09-04T19:49:25.243Z,33.12,76.15

2026-09-04T19:49:30.242Z,33.12,76.11

2026-09-04T19:49:35.244Z,33.14,76.12

2026-09-04T19:49:40.253Z,33.12,76.11

2026-09-04T19:49:45.264Z,33.12,76.16

2026-09-04T19:49:50.252Z,33.13,76.04

2026-09-04T19:49:55.252Z,33.14,76.05

2026-09-04T19:50:00.253Z,33.14,76.04

2026-09-04T19:50:05.266Z,33.14,76.06

2026-09-04T19:50:10.252Z,33.13,76.07

2026-09-04T19:50:15.269Z,33.13,76.02

2026-09-04T19:50:20.253Z,33.14,76.03

2026-09-04T19:50:25.256Z,33.13,76.07

2026-09-04T19:50:30.255Z,33.14,76.08

2026-09-04T19:50:35.260Z,33.14,76

2026-09-04T19:50:40.257Z,33.14,75.95

2026-09-04T19:50:45.271Z,33.15,76.02

2026-09-04T19:50:50.257Z,33.14,75.93

2026-09-04T19:50:55.258Z,33.16,75.89

2026-09-04T19:51:00.256Z,33.15,75.89

2026-09-04T19:51:05.258Z,33.16,75.91

2026-09-04T19:51:10.272Z,33.14,75.86

2026-09-04T19:51:15.280Z,33.15,75.89

2026-09-04T19:51:20.269Z,33.14,75.85

2026-09-04T19:51:25.268Z,33.14,75.87

2026-09-04T19:51:30.269Z,33.15,75.86

2026-09-04T19:51:35.270Z,33.15,75.84

2026-09-04T19:51:40.284Z,33.15,75.84

2026-09-04T19:51:45.297Z,33.15,75.86

2026-09-04T19:51:50.282Z,33.15,75.89

2026-09-04T19:51:55.285Z,33.16,75.91

2026-09-04T19:52:00.283Z,33.14,75.87

2026-09-04T19:52:05.284Z,33.15,75.91

2026-09-04T19:52:10.291Z,33.16,75.87

2026-09-04T19:52:15.301Z,33.17,75.9

2026-09-04T19:52:20.289Z,33.15,75.84

2026-09-04T19:52:25.291Z,33.17,75.87

2026-09-04T19:52:30.292Z,33.17,75.82

2026-09-04T19:52:35.291Z,33.15,75.88

2026-09-04T19:52:40.311Z,33.16,75.85

2026-09-04T19:52:45.321Z,33.16,75.89

2026-09-04T19:52:50.310Z,33.14,75.82

2026-09-04T19:52:55.311Z,33.16,75.77

2026-09-04T19:53:00.311Z,33.14,75.8

2026-09-04T19:53:05.309Z,33.16,75.87

2026-09-04T19:53:10.317Z,33.15,75.85

2026-09-04T19:53:15.325Z,33.13,75.85

2026-09-04T19:53:20.314Z,33.16,75.82

2026-09-04T19:53:25.315Z,33.15,75.81

2026-09-04T19:53:30.315Z,33.14,75.88

2026-09-04T19:53:35.317Z,33.14,75.84

2026-09-04T19:53:40.316Z,33.15,75.91

2026-09-04T19:53:45.326Z,33.14,75.94

2026-09-04T19:53:50.314Z,33.13,75.85

2026-09-04T19:53:55.313Z,33.16,75.87

2026-09-04T19:54:00.315Z,33.14,75.89

2026-09-04T19:54:05.316Z,33.13,75.9

2026-09-04T19:54:10.334Z,33.15,75.89

2026-09-04T19:54:15.349Z,33.14,75.92

2026-09-04T19:54:20.329Z,33.14,75.91

2026-09-04T19:54:25.329Z,33.14,75.92

2026-09-04T19:54:30.333Z,33.14,75.87

2026-09-04T19:54:35.333Z,33.14,75.89

2026-09-04T19:54:40.343Z,33.16,75.91

2026-09-04T19:54:45.353Z,33.14,75.91

2026-09-04T19:54:50.339Z,33.17,75.91

2026-09-04T19:54:55.338Z,33.17,75.88

2026-09-04T19:55:00.341Z,33.15,75.85

2026-09-04T19:55:05.338Z,33.16,75.84

2026-09-04T19:55:10.356Z,33.18,75.87

2026-09-04T19:55:15.368Z,33.16,75.94

2026-09-04T19:55:20.353Z,33.18,75.85

2026-09-04T19:55:25.354Z,33.17,75.87

2026-09-04T19:55:30.356Z,33.16,75.81

2026-09-04T19:55:35.356Z,33.17,75.83

2026-09-04T19:55:40.365Z,33.15,75.84

2026-09-04T19:55:45.373Z,33.18,75.87

2026-09-04T19:55:50.363Z,33.16,75.85

2026-09-04T19:55:55.363Z,33.18,75.83

2026-09-04T19:56:00.364Z,33.18,75.83

2026-09-04T19:56:05.365Z,33.16,75.81

2026-09-04T19:56:10.375Z,33.18,75.84

2026-09-04T19:56:15.369Z,33.19,75.82

2026-09-04T19:56:20.370Z,33.18,75.85

2026-09-04T19:56:25.371Z,33.16,75.83

2026-09-04T19:56:30.371Z,33.17,75.86

2026-09-04T19:56:35.382Z,33.17,75.83

2026-09-04T19:56:40.371Z,33.18,75.8

2026-09-04T19:56:45.374Z,33.18,75.87

2026-09-04T19:56:50.373Z,33.18,75.81

2026-09-04T19:56:55.375Z,33.19,75.86

2026-09-04T19:57:00.374Z,33.18,75.83

2026-09-04T19:57:05.388Z,33.2,75.89

2026-09-04T19:57:10.374Z,33.17,75.81

2026-09-04T19:57:15.373Z,33.18,75.88

2026-09-04T19:57:20.373Z,33.19,75.82

2026-09-04T19:57:25.375Z,33.17,75.81

2026-09-04T19:57:30.374Z,33.18,75.74

2026-09-04T19:57:35.389Z,33.18,75.87

2026-09-04T19:57:40.375Z,33.17,75.81

2026-09-04T19:57:45.375Z,33.19,75.78

2026-09-04T19:57:50.379Z,33.19,75.76

2026-09-04T19:57:55.379Z,33.18,75.79

2026-09-04T19:58:00.380Z,33.18,75.78

2026-09-04T19:58:05.393Z,33.17,75.89

2026-09-04T19:58:10.377Z,33.17,75.9

2026-09-04T19:58:15.383Z,33.18,75.87

2026-09-04T19:58:20.382Z,33.18,75.78

2026-09-04T19:58:25.379Z,33.15,75.86

2026-09-04T19:58:30.388Z,33.17,75.9

2026-09-04T19:58:35.401Z,33.17,75.94

2026-09-04T19:58:40.389Z,33.16,75.9

2026-09-04T19:58:45.389Z,33.17,75.9

2026-09-04T19:58:50.389Z,33.17,75.93

2026-09-04T19:58:55.389Z,33.17,75.92

2026-09-04T19:59:00.413Z,33.17,75.94

2026-09-04T19:59:05.422Z,33.17,75.97

2026-09-04T19:59:10.411Z,33.16,75.89

2026-09-04T19:59:15.410Z,33.18,75.93

2026-09-04T19:59:20.409Z,33.16,75.93

2026-09-04T19:59:25.410Z,33.17,75.94

2026-09-04T19:59:30.420Z,33.17,75.89

2026-09-04T19:59:35.432Z,33.17,75.95

2026-09-04T19:59:40.420Z,33.17,75.93

2026-09-04T19:59:45.420Z,33.18,75.83

2026-09-04T19:59:50.421Z,33.19,75.93

2026-09-04T19:59:55.420Z,33.19,75.86

2026-09-04T20:00:00.432Z,33.16,75.86

2026-09-04T20:00:05.445Z,33.16,75.89

2026-09-04T20:00:10.430Z,33.2,75.86

2026-09-04T20:00:15.432Z,33.18,75.82

2026-09-04T20:00:20.431Z,33.2,75.88

2026-09-04T20:00:25.431Z,33.17,75.82

2026-09-04T20:00:30.441Z,33.18,75.86

2026-09-04T20:00:35.449Z,33.19,75.93

2026-09-04T20:00:40.439Z,33.17,75.8

2026-09-04T20:00:45.437Z,33.19,75.86

2026-09-04T20:00:50.438Z,33.18,75.88

2026-09-04T20:00:55.438Z,33.19,75.87

2026-09-04T20:01:00.445Z,33.18,75.85

2026-09-04T20:01:05.453Z,33.19,75.89

2026-09-04T20:01:10.444Z,33.18,75.9

2026-09-04T20:01:15.444Z,33.19,75.89

2026-09-04T20:01:20.442Z,33.18,75.84

2026-09-04T20:01:25.454Z,33.18,75.92

2026-09-04T20:01:30.442Z,33.19,75.92

2026-09-04T20:01:35.443Z,33.2,75.89

2026-09-04T20:01:40.444Z,33.17,75.89

2026-09-04T20:01:45.459Z,33.17,75.93

2026-09-04T20:01:50.448Z,33.17,75.92

2026-09-04T20:01:55.448Z,33.19,75.98

2026-09-04T20:02:00.448Z,33.18,75.93

2026-09-04T20:02:05.451Z,33.19,75.93

2026-09-04T20:02:10.464Z,33.18,75.94

2026-09-04T20:02:15.476Z,33.15,75.98

2026-09-04T20:02:20.462Z,33.16,75.91

2026-09-04T20:02:25.461Z,33.17,75.91

2026-09-04T20:02:30.460Z,33.18,75.96

2026-09-04T20:02:35.463Z,33.17,75.95

2026-09-04T20:02:40.479Z,33.15,75.99

2026-09-04T20:02:45.490Z,33.17,76.04

2026-09-04T20:02:50.478Z,33.17,75.99

2026-09-04T20:02:55.479Z,33.18,76.03

2026-09-04T20:03:00.476Z,33.16,76.03

2026-09-04T20:03:05.479Z,33.16,76.02

2026-09-04T20:03:10.496Z,33.17,76.02

2026-09-04T20:03:15.505Z,33.17,76.04

2026-09-04T20:03:20.495Z,33.14,76

2026-09-04T20:03:25.494Z,33.17,76.05

2026-09-04T20:03:30.495Z,33.16,76.05

2026-09-04T20:03:35.496Z,33.17,76.07

2026-09-04T20:03:40.502Z,33.15,76.02

2026-09-04T20:03:45.515Z,33.15,76.06

2026-09-04T20:03:50.500Z,33.16,76.03

2026-09-04T20:03:55.501Z,33.15,76.11

2026-09-04T20:04:00.500Z,33.17,76.05

2026-09-04T20:04:05.502Z,33.16,75.94

2026-09-04T20:04:10.503Z,33.16,75.97

2026-09-04T20:04:15.516Z,33.15,76.09

2026-09-04T20:04:20.502Z,33.15,76.07

2026-09-04T20:04:25.503Z,33.16,76.05

2026-09-04T20:04:30.504Z,33.17,76.04

2026-09-04T20:04:35.518Z,33.17,76.12

2026-09-04T20:04:40.504Z,33.17,76.04

2026-09-04T20:04:45.503Z,33.15,76.15

2026-09-04T20:04:50.505Z,33.16,76.2

2026-09-04T20:04:55.504Z,33.14,76.22

2026-09-04T20:05:00.504Z,33.14,76.23

2026-09-04T20:05:05.517Z,33.14,76.3

2026-09-04T20:05:10.507Z,33.14,76.3

2026-09-04T20:05:15.507Z,33.15,76.32

2026-09-04T20:05:20.505Z,33.14,76.35

2026-09-04T20:05:25.505Z,33.13,76.38

2026-09-04T20:05:30.506Z,33.13,76.3

2026-09-04T20:05:35.519Z,33.11,76.33

2026-09-04T20:05:40.509Z,33.11,76.29

2026-09-04T20:05:45.510Z,33.14,76.34

2026-09-04T20:05:50.508Z,33.12,76.37

2026-09-04T20:05:55.508Z,33.12,76.34

2026-09-04T20:06:00.527Z,33.12,76.39

2026-09-04T20:06:05.541Z,33.1,76.4

2026-09-04T20:06:10.525Z,33.11,76.41

2026-09-04T20:06:15.528Z,33.11,76.44

2026-09-04T20:06:20.526Z,33.11,76.46

2026-09-04T20:06:25.526Z,33.11,76.47

2026-09-04T20:06:30.549Z,33.12,76.45

2026-09-04T20:06:35.539Z,33.1,76.45

2026-09-04T20:06:40.538Z,33.11,76.45

2026-09-04T20:06:45.538Z,33.11,76.44

2026-09-04T20:06:50.541Z,33.12,76.47

2026-09-04T20:06:55.551Z,33.1,76.51

2026-09-04T20:07:00.539Z,33.1,76.44

2026-09-04T20:07:05.540Z,33.12,76.48

2026-09-04T20:07:10.538Z,33.11,76.43

2026-09-04T20:07:15.540Z,33.1,76.39

2026-09-04T20:07:20.555Z,33.11,76.48

2026-09-04T20:07:25.567Z,33.11,76.46

2026-09-04T20:07:30.556Z,33.11,76.47

2026-09-04T20:07:35.558Z,33.12,76.45

2026-09-04T20:07:40.556Z,33.12,76.4

2026-09-04T20:07:45.557Z,33.1,76.5

2026-09-04T20:07:50.578Z,33.12,76.48

2026-09-04T20:07:55.570Z,33.11,76.52

2026-09-04T20:08:00.568Z,33.13,76.54

2026-09-04T20:08:05.570Z,33.13,76.57

2026-09-04T20:08:10.569Z,33.11,76.58

2026-09-04T20:08:15.583Z,33.11,76.62

2026-09-04T20:08:20.574Z,33.13,76.58

2026-09-04T20:08:25.572Z,33.11,76.5

2026-09-04T20:08:30.572Z,33.13,76.45

2026-09-04T20:08:35.587Z,33.11,76.54

2026-09-04T20:08:40.573Z,33.13,76.52

2026-09-04T20:08:45.574Z,33.12,76.46

2026-09-04T20:08:50.572Z,33.14,76.43

2026-09-04T20:08:55.574Z,33.13,76.46

2026-09-04T20:09:00.573Z,33.1,76.42

2026-09-04T20:09:05.589Z,33.12,76.48

2026-09-04T20:09:10.573Z,33.13,76.4

2026-09-04T20:09:15.576Z,33.13,76.47

2026-09-04T20:09:20.575Z,33.14,76.49

2026-09-04T20:09:25.575Z,33.14,76.47

2026-09-04T20:09:30.585Z,33.12,76.45

2026-09-04T20:09:35.595Z,33.11,76.51

2026-09-04T20:09:40.584Z,33.14,76.47

2026-09-04T20:09:45.584Z,33.11,76.49

2026-09-04T20:09:50.582Z,33.12,76.49

2026-09-04T20:09:55.582Z,33.09,76.56

2026-09-04T20:10:00.589Z,33.12,76.56

2026-09-04T20:10:05.600Z,33.08,76.54

2026-09-04T20:10:10.585Z,33.09,76.59

2026-09-04T20:10:15.587Z,33.08,76.55

2026-09-04T20:10:20.588Z,33.08,76.57

2026-09-04T20:10:25.587Z,33.07,76.6

2026-09-04T20:10:30.601Z,33.07,76.57

2026-09-04T20:10:35.612Z,33.06,76.65

2026-09-04T20:10:40.600Z,33.07,76.64

2026-09-04T20:10:45.603Z,33.04,76.62

2026-09-04T20:10:50.602Z,33.04,76.56

2026-09-04T20:10:55.601Z,33.03,76.63

2026-09-04T20:11:00.614Z,33.04,76.6

2026-09-04T20:11:05.626Z,33.04,76.69

2026-09-04T20:11:10.614Z,33.01,76.72

2026-09-04T20:11:15.616Z,33.03,76.66

2026-09-04T20:11:20.615Z,33.03,76.71

2026-09-04T20:11:25.615Z,33.02,76.77

2026-09-04T20:11:30.618Z,33.02,76.77

2026-09-04T20:11:35.628Z,33.02,76.79

2026-09-04T20:11:40.616Z,32.99,76.68

2026-09-04T20:11:45.617Z,33.03,76.77

2026-09-04T20:11:50.631Z,33.01,76.67

2026-09-04T20:11:55.617Z,33.01,76.61

2026-09-04T20:12:00.616Z,33,76.59

2026-09-04T20:12:05.617Z,33.01,76.58

2026-09-04T20:12:10.616Z,33.02,76.55

2026-09-04T20:12:15.632Z,33.01,76.63

2026-09-04T20:12:20.621Z,33.01,76.61

2026-09-04T20:12:25.622Z,33.02,76.55

2026-09-04T20:12:30.622Z,33.02,76.58

2026-09-04T20:12:35.622Z,32.99,76.62

2026-09-04T20:12:40.620Z,33.02,76.58

2026-09-04T20:12:45.640Z,33,76.56

2026-09-04T20:12:50.621Z,33.02,76.64

2026-09-04T20:12:55.623Z,33,76.59

2026-09-04T20:13:00.621Z,33.03,76.56

2026-09-04T20:13:05.622Z,33.03,76.6

2026-09-04T20:13:10.622Z,33.01,76.56

2026-09-04T20:13:15.633Z,33.01,76.56

2026-09-04T20:13:20.623Z,33,76.61

2026-09-04T20:13:25.623Z,33.01,76.56

2026-09-04T20:13:30.627Z,33.03,76.6

2026-09-04T20:13:35.625Z,33.03,76.63

2026-09-04T20:13:40.628Z,33.03,76.6

2026-09-04T20:13:45.639Z,33.04,76.66

2026-09-04T20:13:50.626Z,33.02,76.63

2026-09-04T20:13:55.627Z,33.04,76.59

2026-09-04T20:14:00.628Z,33.03,76.58

2026-09-04T20:14:05.637Z,33.04,76.63

2026-09-04T20:14:10.628Z,33.03,76.56

2026-09-04T20:14:15.628Z,33.02,76.62

2026-09-04T20:14:20.628Z,33.01,76.58

2026-09-04T20:14:25.628Z,33.02,76.61

2026-09-04T20:14:30.641Z,33.02,76.57

2026-09-04T20:14:35.652Z,33.04,76.7

2026-09-04T20:14:40.640Z,33.02,76.56

2026-09-04T20:14:45.641Z,33.02,76.57

2026-09-04T20:14:50.641Z,33.01,76.54

2026-09-04T20:14:55.640Z,33.01,76.56

2026-09-04T20:15:00.648Z,33.02,76.6

2026-09-04T20:15:05.663Z,33.02,76.66

2026-09-04T20:15:10.647Z,33.02,76.6

2026-09-04T20:15:15.648Z,33.01,76.62

2026-09-04T20:15:20.647Z,33.01,76.64

2026-09-04T20:15:25.648Z,33,76.66

2026-09-04T20:15:30.658Z,33.02,76.66

2026-09-04T20:15:35.667Z,33.01,76.67

2026-09-04T20:15:40.656Z,33,76.72

2026-09-04T20:15:45.660Z,33,76.72

2026-09-04T20:15:50.657Z,32.99,76.66

2026-09-04T20:15:55.657Z,32.99,76.69

2026-09-04T20:16:00.668Z,33,76.79

2026-09-04T20:16:05.681Z,32.99,76.81

2026-09-04T20:16:10.664Z,32.96,76.8

2026-09-04T20:16:15.665Z,32.98,76.8

2026-09-04T20:16:20.665Z,32.98,76.86

2026-09-04T20:16:25.664Z,32.99,76.86

2026-09-04T20:16:30.674Z,32.97,76.85

2026-09-04T20:16:35.684Z,32.97,76.9

2026-09-04T20:16:40.670Z,32.97,76.83

2026-09-04T20:16:45.673Z,32.97,76.9

2026-09-04T20:16:50.672Z,32.98,76.92

2026-09-04T20:16:55.672Z,32.98,76.9

2026-09-04T20:17:00.689Z,32.96,76.92

2026-09-04T20:17:05.705Z,32.98,76.94

2026-09-04T20:17:10.685Z,32.99,76.94

2026-09-04T20:17:15.685Z,32.98,76.96

2026-09-04T20:17:20.686Z,32.98,76.83

2026-09-04T20:17:25.685Z,32.98,76.91

2026-09-04T20:17:30.698Z,32.98,76.97

2026-09-04T20:17:35.711Z,32.98,76.97

2026-09-04T20:17:40.698Z,32.96,76.92

2026-09-04T20:17:45.700Z,32.97,76.93

2026-09-04T20:17:50.700Z,32.97,76.88

2026-09-04T20:17:55.700Z,32.97,76.93

2026-09-04T20:18:00.720Z,32.98,76.93

2026-09-04T20:18:05.712Z,32.99,76.92

2026-09-04T20:18:10.721Z,32.97,76.87

2026-09-04T20:18:15.713Z,32.96,76.89

2026-09-04T20:18:20.713Z,32.98,76.89

2026-09-04T20:18:25.714Z,32.97,76.92

2026-09-04T20:18:30.713Z,32.99,76.9

2026-09-04T20:18:35.727Z,32.96,76.89

2026-09-04T20:18:40.714Z,32.98,76.91

2026-09-04T20:18:45.715Z,32.98,76.89

2026-09-04T20:18:50.714Z,32.99,76.95

2026-09-04T20:18:55.714Z,32.99,76.92

2026-09-04T20:19:00.715Z,32.99,76.89

2026-09-04T20:19:05.726Z,32.99,76.95

2026-09-04T20:19:10.716Z,32.99,76.98

2026-09-04T20:19:15.716Z,32.97,76.91

2026-09-04T20:19:20.716Z,32.98,76.96

2026-09-04T20:19:25.717Z,32.97,76.99

2026-09-04T20:19:30.716Z,32.97,76.99

2026-09-04T20:19:35.729Z,32.97,77.05

2026-09-04T20:19:40.714Z,32.99,77.05

2026-09-04T20:19:45.714Z,32.97,77.09

2026-09-04T20:19:50.714Z,32.97,77.06

2026-09-04T20:19:55.716Z,32.98,77.01

2026-09-04T20:20:00.720Z,32.96,77.06

2026-09-04T20:20:05.732Z,32.97,77.04

2026-09-04T20:20:10.720Z,32.98,77.03

2026-09-04T20:20:15.720Z,32.98,77

2026-09-04T20:20:20.720Z,32.97,76.99

2026-09-04T20:20:25.720Z,32.96,77.02

2026-09-04T20:20:30.733Z,32.97,77.03

2026-09-04T20:20:35.744Z,32.98,77.11

2026-09-04T20:20:40.730Z,32.97,77.09

2026-09-04T20:20:45.728Z,32.98,77.08

2026-09-04T20:20:50.731Z,32.97,77.02

2026-09-04T20:20:55.729Z,33,77.09

2026-09-04T20:21:00.732Z,32.98,77.06

2026-09-04T20:21:05.741Z,32.98,77.14

2026-09-04T20:21:10.730Z,32.98,77.07

2026-09-04T20:21:15.731Z,33,77.07

2026-09-04T20:21:20.731Z,33,77.1

2026-09-04T20:21:25.732Z,32.98,77.05

2026-09-04T20:21:30.738Z,32.98,77.08

2026-09-04T20:21:35.754Z,33,77.15

2026-09-04T20:21:40.736Z,33,77.08

2026-09-04T20:21:45.738Z,33.01,77.11

2026-09-04T20:21:50.737Z,33,77.1

2026-09-04T20:21:55.738Z,33,77.04

2026-09-04T20:22:00.749Z,33,77.08

2026-09-04T20:22:05.759Z,33.01,77.16

2026-09-04T20:22:10.746Z,33,77.06

2026-09-04T20:22:15.749Z,33,77.07

2026-09-04T20:22:20.749Z,33.01,77.03

2026-09-04T20:22:25.749Z,33.01,77.02

2026-09-04T20:22:30.765Z,33.02,77.11

2026-09-04T20:22:35.776Z,33.03,77.11

2026-09-04T20:22:40.765Z,33.03,77.06

2026-09-04T20:22:45.765Z,33.03,77

2026-09-04T20:22:50.763Z,33.05,77.06

2026-09-04T20:22:55.763Z,33.02,77.1

2026-09-04T20:23:00.769Z,33.04,77.03

2026-09-04T20:23:05.779Z,33.03,77.09

2026-09-04T20:23:10.765Z,33.03,77.04

2026-09-04T20:23:15.767Z,33.04,76.99

2026-09-04T20:23:20.766Z,33.03,76.98

2026-09-04T20:23:25.767Z,33.03,77.01

2026-09-04T20:23:30.782Z,33.04,77.02

2026-09-04T20:23:35.790Z,33.02,77.06

2026-09-04T20:23:40.780Z,33.03,77.02

2026-09-04T20:23:45.781Z,33.02,77.04

2026-09-04T20:23:50.781Z,33.03,76.99

2026-09-04T20:23:55.781Z,33.01,77.04

2026-09-04T20:24:00.787Z,33.03,77.02

2026-09-04T20:24:05.797Z,33,77.11

2026-09-04T20:24:10.785Z,33.01,77.1

2026-09-04T20:24:15.786Z,33.02,77.14

2026-09-04T20:24:20.790Z,32.99,77.08

2026-09-04T20:24:25.789Z,32.99,77.15

2026-09-04T20:24:30.797Z,32.98,77.15

2026-09-04T20:24:35.809Z,32.98,77.12

2026-09-04T20:24:40.794Z,32.99,77.15

2026-09-04T20:24:45.806Z,32.98,77.17

2026-09-04T20:24:50.795Z,33,77.13

2026-09-04T20:24:55.796Z,32.99,77.16

2026-09-04T20:25:00.794Z,32.97,77.15

2026-09-04T20:25:05.811Z,32.99,77.28

2026-09-04T20:25:10.798Z,32.97,77.24

2026-09-04T20:25:15.796Z,32.97,77.19

2026-09-04T20:25:20.796Z,32.98,77.23

2026-09-04T20:25:25.797Z,32.97,77.23

2026-09-04T20:25:30.797Z,32.98,77.25

2026-09-04T20:25:35.812Z,32.97,77.3

2026-09-04T20:25:40.801Z,32.97,77.35

2026-09-04T20:25:45.800Z,32.95,77.31

2026-09-04T20:25:50.799Z,32.95,77.36

2026-09-04T20:25:55.799Z,32.95,77.32

2026-09-04T20:26:00.809Z,32.97,77.33

2026-09-04T20:26:05.819Z,32.96,77.37

2026-09-04T20:26:10.808Z,32.95,77.33

2026-09-04T20:26:15.810Z,32.99,77.31

2026-09-04T20:26:20.809Z,32.96,77.28

2026-09-04T20:26:25.811Z,32.96,77.33

2026-09-04T20:26:30.823Z,32.96,77.36

2026-09-04T20:26:35.833Z,32.96,77.33

2026-09-04T20:26:40.822Z,32.97,77.33

2026-09-04T20:26:45.823Z,32.97,77.37

2026-09-04T20:26:50.822Z,32.97,77.33

2026-09-04T20:26:55.822Z,32.98,77.28

2026-09-04T20:27:00.828Z,32.97,77.35

2026-09-04T20:27:05.838Z,32.99,77.39

2026-09-04T20:27:10.825Z,32.98,77.37

2026-09-04T20:27:15.827Z,32.98,77.31

2026-09-04T20:27:20.828Z,32.98,77.31

2026-09-04T20:27:25.827Z,32.99,77.3

2026-09-04T20:27:30.827Z,32.98,77.37

2026-09-04T20:27:35.836Z,32.99,77.39

2026-09-04T20:27:40.825Z,32.99,77.29

2026-09-04T20:27:45.826Z,32.99,77.31

2026-09-04T20:27:50.827Z,32.97,77.36

2026-09-04T20:27:55.828Z,32.97,77.39

2026-09-04T20:28:00.841Z,32.96,77.36

2026-09-04T20:28:05.852Z,32.97,77.38

2026-09-04T20:28:10.837Z,32.98,77.42

2026-09-04T20:28:15.839Z,32.97,77.37

2026-09-04T20:28:20.846Z,32.96,77.39

2026-09-04T20:28:25.844Z,32.97,77.39

2026-09-04T20:28:30.857Z,32.96,77.41

2026-09-04T20:28:35.870Z,32.96,77.42

2026-09-04T20:28:40.855Z,32.98,77.32

2026-09-04T20:28:45.857Z,32.97,77.38

2026-09-04T20:28:50.857Z,32.96,77.39

2026-09-04T20:28:55.856Z,32.98,77.37

2026-09-04T20:29:00.866Z,32.99,77.37

2026-09-04T20:29:05.876Z,32.98,77.31

2026-09-04T20:29:10.864Z,32.97,77.25

2026-09-04T20:29:15.865Z,32.98,77.26

2026-09-04T20:29:20.864Z,32.97,77.25

2026-09-04T20:29:25.865Z,32.97,77.24

2026-09-04T20:29:30.883Z,32.98,77.3

2026-09-04T20:29:35.894Z,33,77.32

2026-09-04T20:29:40.878Z,33.01,77.28

2026-09-04T20:29:45.880Z,32.99,77.33

2026-09-04T20:29:50.879Z,32.99,77.27

2026-09-04T20:29:55.881Z,32.99,77.28

2026-09-04T20:30:00.894Z,33.01,77.23

2026-09-04T20:30:05.912Z,32.99,77.28

2026-09-04T20:30:10.892Z,33.01,77.19

2026-09-04T20:30:15.895Z,33.01,77.22

2026-09-04T20:30:20.893Z,32.99,77.17

2026-09-04T20:30:25.893Z,33.02,77.18

2026-09-04T20:30:30.900Z,33.02,77.17

2026-09-04T20:30:35.915Z,33.03,77.13

2026-09-04T20:30:40.899Z,33.04,77.08

2026-09-04T20:30:45.898Z,33.05,77.1

2026-09-04T20:30:50.897Z,33.03,77.12

2026-09-04T20:30:55.897Z,33.01,77.06

2026-09-04T20:31:00.903Z,33.04,77.05

2026-09-04T20:31:05.913Z,33.04,77.12

2026-09-04T20:31:10.902Z,33.05,77

2026-09-04T20:31:15.902Z,33.05,77.06

2026-09-04T20:31:20.902Z,33.06,77.12

2026-09-04T20:31:25.900Z,33.05,77.08

2026-09-04T20:31:30.902Z,33.04,77.07

2026-09-04T20:31:35.911Z,33.05,77.09

2026-09-04T20:31:40.900Z,33.05,77.04

2026-09-04T20:31:45.904Z,33.05,77.08

2026-09-04T20:31:50.902Z,33.05,77.08

2026-09-04T20:31:55.906Z,33.05,77.01

2026-09-04T20:32:00.916Z,33.05,77.09

2026-09-04T20:32:05.934Z,33.04,77.15

2026-09-04T20:32:10.915Z,33.07,77.15

2026-09-04T20:32:15.916Z,33.04,77.12

2026-09-04T20:32:20.917Z,33.04,77.13

2026-09-04T20:32:25.917Z,33.04,77.17

2026-09-04T20:32:30.926Z,33.03,77.06

2026-09-04T20:32:35.938Z,33.04,77.12

2026-09-04T20:32:40.926Z,33.06,77.1

2026-09-04T20:32:45.939Z,33.04,77.09

2026-09-04T20:32:50.926Z,33.04,77.05

2026-09-04T20:32:55.927Z,33.05,77.08

2026-09-04T20:33:00.925Z,33.05,77.14

2026-09-04T20:33:05.928Z,33.04,77.08

2026-09-04T20:33:10.929Z,33.06,77.11

2026-09-04T20:33:15.940Z,33.07,77.18

2026-09-04T20:33:20.928Z,33.06,77.09

2026-09-04T20:33:25.928Z,33.04,77.19

2026-09-04T20:33:30.930Z,33.04,77.18

2026-09-04T20:33:35.929Z,33.05,77.22

2026-09-04T20:33:40.930Z,33.04,77.22

2026-09-04T20:33:45.943Z,33.04,77.23

2026-09-04T20:33:50.931Z,33.04,77.2

2026-09-04T20:33:55.931Z,33.06,77.2

2026-09-04T20:34:00.931Z,33.03,77.25

2026-09-04T20:34:05.933Z,33.02,77.25

2026-09-04T20:34:10.942Z,33.04,77.18

2026-09-04T20:34:15.954Z,33.02,77.27

2026-09-04T20:34:20.941Z,33.04,77.17

2026-09-04T20:34:25.942Z,33.05,77.18

2026-09-04T20:34:30.940Z,33.04,77.16

2026-09-04T20:34:35.941Z,33.03,77.07

2026-09-04T20:34:40.958Z,33.05,77.13

2026-09-04T20:34:45.975Z,33.04,77.22

2026-09-04T20:34:50.958Z,33.04,77.17

2026-09-04T20:34:55.960Z,33.05,77.23

2026-09-04T20:35:00.959Z,33.05,77.22

2026-09-04T20:35:05.970Z,33.04,77.28

2026-09-04T20:35:10.959Z,33.05,77.19

2026-09-04T20:35:15.960Z,33.05,77.21

2026-09-04T20:35:20.960Z,33.04,77.2

2026-09-04T20:35:25.965Z,33.05,77.19

2026-09-04T20:35:30.974Z,33.04,77.2

2026-09-04T20:35:35.962Z,33.05,77.21

2026-09-04T20:35:40.962Z,33.03,77.18

2026-09-04T20:35:45.978Z,33.04,77.26

2026-09-04T20:35:50.963Z,33.04,77.17

2026-09-04T20:35:55.961Z,33.04,77.24

2026-09-04T20:36:00.964Z,33.04,77.2

2026-09-04T20:36:05.964Z,33.03,77.17

2026-09-04T20:36:10.978Z,33.04,77.25

2026-09-04T20:36:15.992Z,33.06,77.31

2026-09-04T20:36:20.980Z,33.04,77.22

2026-09-04T20:36:25.981Z,33.03,77.29

2026-09-04T20:36:30.979Z,33.04,77.18

2026-09-04T20:36:35.980Z,33.05,77.22

2026-09-04T20:36:40.986Z,33.05,77.25

2026-09-04T20:36:45.995Z,33.04,77.27

2026-09-04T20:36:50.984Z,33.04,77.25

2026-09-04T20:36:55.985Z,33.06,77.3

2026-09-04T20:37:00.984Z,33.04,77.24

2026-09-04T20:37:05.984Z,33.04,77.27

2026-09-04T20:37:11.000Z,33.05,77.28

2026-09-04T20:37:16.010Z,33.05,77.25

2026-09-04T20:37:20.998Z,33.05,77.2

2026-09-04T20:37:25.998Z,33.04,77.23

2026-09-04T20:37:30.998Z,33.04,77.28

2026-09-04T20:37:36.000Z,33.02,77.32

2026-09-04T20:37:41.009Z,33,77.32

2026-09-04T20:37:46.021Z,33.02,77.31

2026-09-04T20:37:51.008Z,33,77.31

2026-09-04T20:37:56.008Z,33.01,77.29

2026-09-04T20:38:01.014Z,33,77.35

2026-09-04T20:38:06.025Z,33,77.43

2026-09-04T20:38:11.013Z,33,77.46

2026-09-04T20:38:16.013Z,32.99,77.44

2026-09-04T20:38:21.012Z,32.98,77.45

2026-09-04T20:38:26.011Z,32.98,77.43

2026-09-04T20:38:31.016Z,32.98,77.51

2026-09-04T20:38:36.024Z,32.96,77.54

2026-09-04T20:38:41.013Z,32.95,77.52

2026-09-04T20:38:46.012Z,32.96,77.57

2026-09-04T20:38:51.013Z,32.97,77.59

2026-09-04T20:38:56.025Z,32.98,77.61

2026-09-04T20:39:01.017Z,32.98,77.64

2026-09-04T20:39:06.017Z,32.96,77.61

2026-09-04T20:39:11.017Z,32.96,77.63

2026-09-04T20:39:16.015Z,32.94,77.62

2026-09-04T20:39:21.028Z,32.96,77.61

2026-09-04T20:39:26.037Z,32.95,77.59

2026-09-04T20:39:31.026Z,32.97,77.56

2026-09-04T20:39:36.029Z,32.95,77.56

2026-09-04T20:39:41.026Z,32.96,77.57

2026-09-04T20:39:46.029Z,32.95,77.59

2026-09-04T20:39:51.030Z,32.96,77.58

2026-09-04T20:39:56.049Z,32.97,77.49

2026-09-04T20:40:01.029Z,32.95,77.48

2026-09-04T20:40:06.032Z,32.98,77.54

2026-09-04T20:40:11.030Z,32.98,77.47

2026-09-04T20:40:16.032Z,32.99,77.48

2026-09-04T20:40:21.038Z,32.99,77.5

2026-09-04T20:40:26.048Z,32.98,77.5

2026-09-04T20:40:31.034Z,32.99,77.54

2026-09-04T20:40:36.036Z,33,77.47

2026-09-04T20:40:41.036Z,33,77.51

2026-09-04T20:40:46.037Z,33,77.39

2026-09-04T20:40:51.049Z,32.99,77.48

2026-09-04T20:40:56.062Z,33,77.46

2026-09-04T20:41:01.047Z,33.01,77.48

2026-09-04T20:41:06.046Z,33.01,77.37

2026-09-04T20:41:11.046Z,33,77.4

2026-09-04T20:41:16.046Z,32.99,77.42

2026-09-04T20:41:21.065Z,33.02,77.36

2026-09-04T20:41:26.078Z,33,77.4

2026-09-04T20:41:31.063Z,33.03,77.37

2026-09-04T20:41:36.066Z,33.02,77.36

2026-09-04T20:41:41.065Z,33.02,77.36

2026-09-04T20:41:46.064Z,33.02,77.36

2026-09-04T20:41:51.077Z,33.02,77.31

2026-09-04T20:41:56.088Z,33.02,77.37

2026-09-04T20:42:01.074Z,33.02,77.32

2026-09-04T20:42:06.076Z,33.02,77.31

2026-09-04T20:42:11.076Z,33.03,77.33

2026-09-04T20:42:16.075Z,33.04,77.32

2026-09-04T20:42:21.081Z,33.02,77.31

2026-09-04T20:42:26.094Z,33.04,77.38

2026-09-04T20:42:31.079Z,33.03,77.32

2026-09-04T20:42:36.081Z,33.03,77.33

2026-09-04T20:42:41.081Z,33.04,77.39

2026-09-04T20:42:46.082Z,33.03,77.27

2026-09-04T20:42:51.097Z,33.03,77.3

2026-09-04T20:42:56.109Z,33.03,77.35

2026-09-04T20:43:01.095Z,33.02,77.32

2026-09-04T20:43:06.101Z,33.02,77.27

2026-09-04T20:43:11.098Z,33.04,77.36

2026-09-04T20:43:16.099Z,33.05,77.29

2026-09-04T20:43:21.108Z,33.04,77.32

2026-09-04T20:43:26.115Z,33.02,77.39

2026-09-04T20:43:31.104Z,33.01,77.31

2026-09-04T20:43:36.107Z,33.02,77.29

2026-09-04T20:43:41.105Z,33.04,77.33

2026-09-04T20:43:46.106Z,33.01,77.27

2026-09-04T20:43:51.119Z,33.04,77.25

2026-09-04T20:43:56.131Z,33.02,77.3

2026-09-04T20:44:01.117Z,33.03,77.26

2026-09-04T20:44:06.118Z,33.03,77.24

2026-09-04T20:44:11.120Z,33.04,77.24

2026-09-04T20:44:16.119Z,33.03,77.26

2026-09-04T20:44:21.142Z,33,77.26

2026-09-04T20:44:26.133Z,33.02,77.31

2026-09-04T20:44:31.132Z,33.02,77.27

2026-09-04T20:44:36.146Z,33.02,77.3

2026-09-04T20:44:41.135Z,33.03,77.32

2026-09-04T20:44:46.136Z,33.02,77.28

2026-09-04T20:44:51.137Z,33.03,77.33

2026-09-04T20:44:56.149Z,33.01,77.34

2026-09-04T20:45:01.137Z,33.01,77.32

2026-09-04T20:45:06.138Z,32.99,77.32

2026-09-04T20:45:11.137Z,33,77.34

2026-09-04T20:45:16.138Z,32.99,77.41

2026-09-04T20:45:21.141Z,33.01,77.4

2026-09-04T20:45:26.151Z,32.96,77.46

2026-09-04T20:45:31.140Z,32.98,77.42

2026-09-04T20:45:36.138Z,32.96,77.42

2026-09-04T20:45:41.140Z,32.97,77.51

2026-09-04T20:45:46.140Z,32.96,77.44

2026-09-04T20:45:51.140Z,32.97,77.49

2026-09-04T20:45:56.155Z,32.96,77.59

2026-09-04T20:46:01.140Z,32.96,77.51

2026-09-04T20:46:06.137Z,32.96,77.52

2026-09-04T20:46:11.139Z,32.96,77.54

2026-09-04T20:46:16.140Z,32.96,77.53

2026-09-04T20:46:21.143Z,32.95,77.57

2026-09-04T20:46:26.155Z,32.95,77.59

2026-09-04T20:46:31.143Z,32.94,77.61

2026-09-04T20:46:36.145Z,32.95,77.56

2026-09-04T20:46:41.144Z,32.95,77.59

2026-09-04T20:46:46.145Z,32.97,77.58

2026-09-04T20:46:51.152Z,32.96,77.62

2026-09-04T20:46:56.165Z,32.98,77.58

2026-09-04T20:47:01.149Z,32.98,77.55

2026-09-04T20:47:06.148Z,32.97,77.59

2026-09-04T20:47:11.151Z,32.95,77.53

2026-09-04T20:47:16.151Z,32.97,77.54

2026-09-04T20:47:21.165Z,32.99,77.55

2026-09-04T20:47:26.178Z,32.96,77.59

2026-09-04T20:47:31.163Z,32.99,77.5

2026-09-04T20:47:36.166Z,32.98,77.55

2026-09-04T20:47:41.162Z,32.99,77.52

2026-09-04T20:47:46.163Z,32.99,77.46

2026-09-04T20:47:51.181Z,32.99,77.51

2026-09-04T20:47:56.194Z,32.99,77.57

2026-09-04T20:48:01.178Z,32.98,77.42

2026-09-04T20:48:06.179Z,33,77.45

2026-09-04T20:48:11.180Z,33.01,77.45

2026-09-04T20:48:16.181Z,33.01,77.38

2026-09-04T20:48:21.188Z,33,77.43

2026-09-04T20:48:26.197Z,33.01,77.46

2026-09-04T20:48:31.187Z,33.01,77.35

2026-09-04T20:48:36.197Z,33,77.44

2026-09-04T20:48:41.187Z,33.03,77.39

2026-09-04T20:48:46.187Z,33.02,77.39

2026-09-04T20:48:51.190Z,33.02,77.39

2026-09-04T20:48:56.198Z,33.01,77.39

2026-09-04T20:49:01.187Z,33.01,77.36

2026-09-04T20:49:06.189Z,33.04,77.42

2026-09-04T20:49:11.186Z,33.02,77.35

2026-09-04T20:49:16.188Z,33.03,77.35

2026-09-04T20:49:21.189Z,33.03,77.35

2026-09-04T20:49:26.201Z,33.02,77.41

2026-09-04T20:49:31.188Z,33.03,77.28

2026-09-04T20:49:36.189Z,33.04,77.32

2026-09-04T20:49:41.189Z,33.02,77.31

2026-09-04T20:49:46.188Z,33.03,77.32

2026-09-04T20:49:51.193Z,33.04,77.31

2026-09-04T20:49:56.201Z,33.02,77.31

2026-09-04T20:50:01.190Z,33.06,77.32

2026-09-04T20:50:06.191Z,33.04,77.35

2026-09-04T20:50:11.193Z,33.04,77.35

2026-09-04T20:50:16.190Z,33.03,77.33

2026-09-04T20:50:21.203Z,33.03,77.25

2026-09-04T20:50:26.221Z,33.02,77.32

2026-09-04T20:50:31.205Z,33.04,77.34

2026-09-04T20:50:36.205Z,33.04,77.29

2026-09-04T20:50:41.204Z,33.05,77.36

2026-09-04T20:50:46.204Z,33.04,77.3

2026-09-04T20:50:51.210Z,33.07,77.3

2026-09-04T20:50:56.226Z,33.04,77.28

2026-09-04T20:51:01.209Z,33.05,77.29

2026-09-04T20:51:06.210Z,33.04,77.29

2026-09-04T20:51:11.208Z,33.05,77.3

2026-09-04T20:51:16.209Z,33.04,77.27

2026-09-04T20:51:21.214Z,33.05,77.28

2026-09-04T20:51:26.226Z,33.04,77.31

2026-09-04T20:51:31.211Z,33.04,77.26

2026-09-04T20:51:36.214Z,33.05,77.29

2026-09-04T20:51:41.210Z,33.06,77.35

2026-09-04T20:51:46.212Z,33.05,77.28

2026-09-04T20:51:51.218Z,33.03,77.29

2026-09-04T20:51:56.231Z,33.04,77.34

2026-09-04T20:52:01.218Z,33.05,77.33

2026-09-04T20:52:06.219Z,33.05,77.3

2026-09-04T20:52:11.219Z,33.04,77.31

2026-09-04T20:52:16.217Z,33.04,77.34

2026-09-04T20:52:21.233Z,33.04,77.32

2026-09-04T20:52:26.242Z,33.03,77.34

2026-09-04T20:52:31.230Z,33.03,77.34

2026-09-04T20:52:36.230Z,33.03,77.36

2026-09-04T20:52:41.229Z,33.05,77.35

2026-09-04T20:52:46.231Z,33.02,77.34

2026-09-04T20:52:51.243Z,33.05,77.32

2026-09-04T20:52:56.254Z,33.01,77.42

2026-09-04T20:53:01.241Z,33.06,77.29

2026-09-04T20:53:06.239Z,33.04,77.31

2026-09-04T20:53:11.240Z,33.07,77.3

2026-09-04T20:53:16.239Z,33.05,77.34

2026-09-04T20:53:21.248Z,33.05,77.26

2026-09-04T20:53:26.255Z,33.04,77.26

2026-09-04T20:53:31.245Z,33.06,77.27

2026-09-04T20:53:36.244Z,33.04,77.24

2026-09-04T20:53:41.273Z,33.05,77.34

2026-09-04T20:53:46.245Z,33.06,77.32

2026-09-04T20:53:51.260Z,33.07,77.2

2026-09-04T20:53:56.269Z,33.06,77.28

2026-09-04T20:54:01.259Z,33.07,77.21

2026-09-04T20:54:06.260Z,33.06,77.22

2026-09-04T20:54:11.262Z,33.05,77.21

2026-09-04T20:54:16.261Z,33.06,77.2

2026-09-04T20:54:21.267Z,33.08,77.23

2026-09-04T20:54:26.275Z,33.05,77.22

2026-09-04T20:54:31.265Z,33.09,77.29

2026-09-04T20:54:36.265Z,33.06,77.19

2026-09-04T20:54:41.263Z,33.08,77.21

2026-09-04T20:54:46.268Z,33.07,77.21

2026-09-04T20:54:51.281Z,33.09,77.23

2026-09-04T20:54:56.290Z,33.07,77.29

2026-09-04T20:55:01.278Z,33.07,77.25

2026-09-04T20:55:06.282Z,33.08,77.17

2026-09-04T20:55:11.279Z,33.07,77.21

2026-09-04T20:55:16.280Z,33.07,77.21

2026-09-04T20:55:21.286Z,33.08,77.22

2026-09-04T20:55:26.296Z,33.08,77.17

2026-09-04T20:55:31.285Z,33.07,77.16

2026-09-04T20:55:36.285Z,33.08,77.12

2026-09-04T20:55:41.286Z,33.06,77.18

2026-09-04T20:55:46.287Z,33.07,77.19

2026-09-04T20:55:51.289Z,33.06,77.11

2026-09-04T20:55:56.298Z,33.07,77.17

2026-09-04T20:56:01.286Z,33.07,77.13

2026-09-04T20:56:06.287Z,33.06,77.16

2026-09-04T20:56:11.287Z,33.07,77.16

2026-09-04T20:56:16.289Z,33.07,77.13

2026-09-04T20:56:21.300Z,33.07,77.15

2026-09-04T20:56:26.312Z,33.08,77.2

2026-09-04T20:56:31.301Z,33.08,77.11

2026-09-04T20:56:36.300Z,33.06,77.12

2026-09-04T20:56:41.302Z,33.09,77.07

2026-09-04T20:56:46.303Z,33.07,77.12

2026-09-04T20:56:51.312Z,33.08,77.04

2026-09-04T20:56:56.321Z,33.07,77.13

2026-09-04T20:57:01.312Z,33.05,77.12

2026-09-04T20:57:06.312Z,33.11,77.13

2026-09-04T20:57:11.312Z,33.07,77.1

2026-09-04T20:57:16.326Z,33.06,77.11

2026-09-04T20:57:21.313Z,33.06,77.15

2026-09-04T20:57:26.325Z,33.06,77.13

2026-09-04T20:57:31.315Z,33.05,77.1

2026-09-04T20:57:36.322Z,33.05,77.2

2026-09-04T20:57:41.321Z,33.06,77.18

2026-09-04T20:57:46.319Z,33.06,77.11

2026-09-04T20:57:51.318Z,33.05,77.14

2026-09-04T20:57:56.339Z,33.06,77.2

2026-09-04T20:58:01.317Z,33.07,77.17

2026-09-04T20:58:06.319Z,33.05,77.17

2026-09-04T20:58:11.318Z,33.07,77.19

2026-09-04T20:58:16.320Z,33.04,77.16

2026-09-04T20:58:21.324Z,33.07,77.15

2026-09-04T20:58:26.334Z,33.06,77.16

2026-09-04T20:58:31.322Z,33.05,77.11

2026-09-04T20:58:36.324Z,33.06,77.11

2026-09-04T20:58:41.326Z,33.08,77.19

2026-09-04T20:58:46.324Z,33.08,77.1

2026-09-04T20:58:51.340Z,33.08,77.1

2026-09-04T20:58:56.348Z,33.06,77.1

2026-09-04T20:59:01.338Z,33.08,77.04

2026-09-04T20:59:06.336Z,33.08,77.07

2026-09-04T20:59:11.338Z,33.09,77.02

2026-09-04T20:59:16.338Z,33.1,77.02

2026-09-04T20:59:21.349Z,33.09,76.99

2026-09-04T20:59:26.361Z,33.1,77

2026-09-04T20:59:31.346Z,33.09,77.02

2026-09-04T20:59:36.346Z,33.1,76.97

2026-09-04T20:59:41.346Z,33.1,76.93

2026-09-04T20:59:46.348Z,33.09,76.94

2026-09-04T20:59:51.371Z,33.11,76.97

2026-09-04T20:59:56.363Z,33.08,76.93

2026-09-04T21:00:01.364Z,33.11,76.88

2026-09-04T21:00:06.363Z,33.13,76.85

2026-09-04T21:00:11.364Z,33.11,76.9

2026-09-04T21:00:16.377Z,33.12,76.95

2026-09-04T21:00:21.366Z,33.11,76.89

2026-09-04T21:00:26.364Z,33.12,76.91

2026-09-04T21:00:31.365Z,33.12,76.9

2026-09-04T21:00:36.379Z,33.12,76.89

2026-09-04T21:00:41.366Z,33.12,76.81

2026-09-04T21:00:46.366Z,33.13,76.8

2026-09-04T21:00:51.368Z,33.11,76.85

2026-09-04T21:00:56.364Z,33.13,76.79

2026-09-04T21:01:01.384Z,33.15,76.84

2026-09-04T21:01:06.376Z,33.14,76.74

2026-09-04T21:01:11.375Z,33.13,76.79

2026-09-04T21:01:16.380Z,33.15,76.82

2026-09-04T21:01:21.377Z,33.15,76.71

2026-09-04T21:01:26.397Z,33.15,76.76

2026-09-04T21:01:31.376Z,33.13,76.79

2026-09-04T21:01:36.379Z,33.15,76.64

2026-09-04T21:01:41.375Z,33.13,76.72

2026-09-04T21:01:46.376Z,33.14,76.76

2026-09-04T21:01:51.378Z,33.13,76.73

2026-09-04T21:01:56.389Z,33.13,76.77

2026-09-04T21:02:01.378Z,33.14,76.76

2026-09-04T21:02:06.377Z,33.14,76.76

2026-09-04T21:02:11.377Z,33.15,76.71

2026-09-04T21:02:16.379Z,33.14,76.73

2026-09-04T21:02:21.395Z,33.14,76.77

2026-09-04T21:02:26.411Z,33.11,76.73

2026-09-04T21:02:31.391Z,33.14,76.71

2026-09-04T21:02:36.393Z,33.14,76.62

2026-09-04T21:02:41.392Z,33.13,76.69

2026-09-04T21:02:46.395Z,33.13,76.66

2026-09-04T21:02:51.407Z,33.12,76.61

2026-09-04T21:02:56.418Z,33.13,76.62

2026-09-04T21:03:01.404Z,33.13,76.66

2026-09-04T21:03:06.417Z,33.12,76.63

2026-09-04T21:03:11.404Z,33.13,76.55

2026-09-04T21:03:16.405Z,33.14,76.65

2026-09-04T21:03:21.404Z,33.14,76.58

2026-09-04T21:03:26.404Z,33.12,76.61

2026-09-04T21:03:31.404Z,33.12,76.62

2026-09-04T21:03:36.418Z,33.12,76.61

2026-09-04T21:03:41.408Z,33.13,76.62

2026-09-04T21:03:46.407Z,33.12,76.58

2026-09-04T21:03:51.408Z,33.12,76.55

2026-09-04T21:03:56.409Z,33.12,76.57

2026-09-04T21:04:01.409Z,33.11,76.58

2026-09-04T21:04:06.424Z,33.11,76.57

2026-09-04T21:04:11.410Z,33.12,76.58

2026-09-04T21:04:16.411Z,33.13,76.58

2026-09-04T21:04:21.411Z,33.12,76.6

2026-09-04T21:04:26.411Z,33.12,76.52

2026-09-04T21:04:31.414Z,33.11,76.58

2026-09-04T21:04:36.424Z,33.09,76.64

2026-09-04T21:04:41.413Z,33.09,76.58

2026-09-04T21:04:46.417Z,33.1,76.59

2026-09-04T21:04:51.415Z,33.08,76.63

2026-09-04T21:04:56.413Z,33.07,76.6

2026-09-04T21:05:01.436Z,33.09,76.71

2026-09-04T21:05:06.447Z,33.07,76.73

2026-09-04T21:05:11.436Z,33.07,76.71

2026-09-04T21:05:16.435Z,33.08,76.78

2026-09-04T21:05:21.435Z,33.07,76.73

2026-09-04T21:05:26.436Z,33.06,76.76

2026-09-04T21:05:31.442Z,33.05,76.77

2026-09-04T21:05:36.454Z,33.05,76.75

2026-09-04T21:05:41.442Z,33.05,76.71

2026-09-04T21:05:46.444Z,33.06,76.73

2026-09-04T21:05:51.440Z,33.05,76.74

2026-09-04T21:05:56.441Z,33.07,76.78

2026-09-04T21:06:01.451Z,33.04,76.8

2026-09-04T21:06:06.464Z,33.05,76.81

2026-09-04T21:06:11.449Z,33.03,76.79

2026-09-04T21:06:16.453Z,33.05,76.76

2026-09-04T21:06:21.452Z,33.05,76.78

2026-09-04T21:06:26.453Z,33.05,76.78

2026-09-04T21:06:31.451Z,33.06,76.81

2026-09-04T21:06:36.467Z,33.05,76.87

2026-09-04T21:06:41.453Z,33.07,76.83

2026-09-04T21:06:46.453Z,33.06,76.79

2026-09-04T21:06:51.454Z,33.07,76.8

2026-09-04T21:06:56.453Z,33.07,76.78

2026-09-04T21:07:01.454Z,33.07,76.8

2026-09-04T21:07:06.469Z,33.07,76.74

2026-09-04T21:07:11.454Z,33.09,76.75

2026-09-04T21:07:16.453Z,33.08,76.7

2026-09-04T21:07:21.452Z,33.07,76.68

2026-09-04T21:07:26.454Z,33.1,76.66

2026-09-04T21:07:31.452Z,33.08,76.65

2026-09-04T21:07:36.469Z,33.08,76.73

2026-09-04T21:07:41.453Z,33.08,76.66

2026-09-04T21:07:46.454Z,33.09,76.7

2026-09-04T21:07:51.452Z,33.07,76.66

2026-09-04T21:07:56.455Z,33.09,76.6

2026-09-04T21:08:01.454Z,33.08,76.64

2026-09-04T21:08:06.462Z,33.08,76.66

2026-09-04T21:08:11.453Z,33.08,76.62

2026-09-04T21:08:16.454Z,33.11,76.61

2026-09-04T21:08:21.454Z,33.09,76.55

2026-09-04T21:08:26.453Z,33.11,76.6

2026-09-04T21:08:31.472Z,33.09,76.6

2026-09-04T21:08:36.479Z,33.11,76.63

2026-09-04T21:08:41.470Z,33.11,76.58

2026-09-04T21:08:46.470Z,33.12,76.59

2026-09-04T21:08:51.470Z,33.12,76.55

2026-09-04T21:08:56.469Z,33.11,76.52

2026-09-04T21:09:01.485Z,33.12,76.49

2026-09-04T21:09:06.498Z,33.1,76.51

2026-09-04T21:09:11.482Z,33.13,76.48

2026-09-04T21:09:16.483Z,33.12,76.59

2026-09-04T21:09:21.482Z,33.13,76.51

2026-09-04T21:09:26.480Z,33.14,76.48

2026-09-04T21:09:31.495Z,33.13,76.45

2026-09-04T21:09:36.509Z,33.13,76.49

2026-09-04T21:09:41.497Z,33.13,76.42

2026-09-04T21:09:46.498Z,33.13,76.37

2026-09-04T21:09:51.499Z,33.13,76.43

2026-09-04T21:09:56.499Z,33.14,76.39

2026-09-04T21:10:01.506Z,33.14,76.43

2026-09-04T21:10:06.517Z,33.14,76.44

2026-09-04T21:10:11.503Z,33.14,76.38

2026-09-04T21:10:16.505Z,33.16,76.36

2026-09-04T21:10:21.505Z,33.15,76.35

2026-09-04T21:10:26.506Z,33.16,76.34

2026-09-04T21:10:31.516Z,33.16,76.4

2026-09-04T21:10:36.530Z,33.13,76.4

2026-09-04T21:10:41.515Z,33.15,76.33

2026-09-04T21:10:46.516Z,33.17,76.36

2026-09-04T21:10:51.517Z,33.15,76.29

2026-09-04T21:10:56.516Z,33.17,76.34

2026-09-04T21:11:01.523Z,33.17,76.32

2026-09-04T21:11:06.536Z,33.14,76.3

2026-09-04T21:11:11.523Z,33.15,76.33

2026-09-04T21:11:16.523Z,33.16,76.26

2026-09-04T21:11:21.522Z,33.15,76.31

2026-09-04T21:11:26.524Z,33.18,76.25

2026-09-04T21:11:31.529Z,33.17,76.29

2026-09-04T21:11:36.540Z,33.17,76.22

2026-09-04T21:11:41.531Z,33.17,76.22

2026-09-04T21:11:46.532Z,33.16,76.19

2026-09-04T21:11:51.530Z,33.17,76.15

2026-09-04T21:11:56.531Z,33.17,76.21

2026-09-04T21:12:01.533Z,33.17,76.2

2026-09-04T21:12:06.547Z,33.17,76.26

2026-09-04T21:12:11.530Z,33.15,76.19

2026-09-04T21:12:16.531Z,33.15,76.19

2026-09-04T21:12:21.531Z,33.14,76.17

2026-09-04T21:12:26.531Z,33.16,76.25

2026-09-04T21:12:31.553Z,33.15,76.24

2026-09-04T21:12:36.561Z,33.16,76.27

2026-09-04T21:12:41.550Z,33.15,76.2

2026-09-04T21:12:46.554Z,33.14,76.23

2026-09-04T21:12:51.549Z,33.17,76.21

2026-09-04T21:12:56.550Z,33.17,76.22

2026-09-04T21:13:01.560Z,33.16,76.21

2026-09-04T21:13:06.579Z,33.16,76.22

2026-09-04T21:13:11.560Z,33.15,76.18

2026-09-04T21:13:16.561Z,33.17,76.17

2026-09-04T21:13:21.561Z,33.17,76.14

2026-09-04T21:13:26.563Z,33.18,76.1

2026-09-04T21:13:31.570Z,33.17,76.12

2026-09-04T21:13:36.585Z,33.14,76.2

2026-09-04T21:13:41.569Z,33.18,76.13

2026-09-04T21:13:46.568Z,33.17,76.2

2026-09-04T21:13:51.568Z,33.18,76.18

2026-09-04T21:13:56.568Z,33.17,76.13

2026-09-04T21:14:01.586Z,33.17,76.18

2026-09-04T21:14:06.598Z,33.17,76.2

2026-09-04T21:14:11.588Z,33.17,76.13

2026-09-04T21:14:16.588Z,33.17,76.14

2026-09-04T21:14:21.588Z,33.17,76.12

2026-09-04T21:14:26.588Z,33.17,76.1

2026-09-04T21:14:31.591Z,33.2,76.13

2026-09-04T21:14:36.600Z,33.17,76.13

2026-09-04T21:14:41.590Z,33.18,76.05

2026-09-04T21:14:46.592Z,33.19,76.11

2026-09-04T21:14:51.590Z,33.19,76.1

2026-09-04T21:14:56.590Z,33.19,76.12

2026-09-04T21:15:01.593Z,33.18,76.05

2026-09-04T21:15:06.605Z,33.2,76.07

2026-09-04T21:15:11.593Z,33.19,76.03

2026-09-04T21:15:16.593Z,33.19,76

2026-09-04T21:15:21.594Z,33.2,76.03

2026-09-04T21:15:26.593Z,33.21,76.04

2026-09-04T21:15:31.606Z,33.19,76.02

2026-09-04T21:15:36.620Z,33.21,75.98

2026-09-04T21:15:41.606Z,33.19,76

2026-09-04T21:15:46.604Z,33.2,75.99

2026-09-04T21:15:51.604Z,33.19,76.01

2026-09-04T21:15:56.605Z,33.2,76

2026-09-04T21:16:01.634Z,33.19,75.98

2026-09-04T21:16:06.632Z,33.2,76

2026-09-04T21:16:11.634Z,33.2,76.01

2026-09-04T21:16:16.634Z,33.2,76

2026-09-04T21:16:21.638Z,33.2,76

2026-09-04T21:16:26.647Z,33.2,76.01

2026-09-04T21:16:31.632Z,33.2,75.94

2026-09-04T21:16:36.634Z,33.22,75.99

2026-09-04T21:16:41.637Z,33.2,75.96

2026-09-04T21:16:46.646Z,33.21,75.97

2026-09-04T21:16:51.635Z,33.2,75.97

2026-09-04T21:16:56.636Z,33.19,75.9

2026-09-04T21:17:01.637Z,33.21,75.95

2026-09-04T21:17:06.652Z,33.21,75.99

2026-09-04T21:17:11.637Z,33.21,75.9

2026-09-04T21:17:16.638Z,33.2,75.95

2026-09-04T21:17:21.640Z,33.21,75.88

2026-09-04T21:17:26.638Z,33.21,75.89

2026-09-04T21:17:31.646Z,33.22,75.88

2026-09-04T21:17:36.653Z,33.22,75.88

2026-09-04T21:17:41.644Z,33.22,75.85

2026-09-04T21:17:46.645Z,33.23,75.86

2026-09-04T21:17:51.645Z,33.23,75.87

2026-09-04T21:17:56.644Z,33.23,75.85

2026-09-04T21:18:01.649Z,33.24,75.8

2026-09-04T21:18:06.661Z,33.23,75.84

2026-09-04T21:18:11.649Z,33.23,75.78

2026-09-04T21:18:16.650Z,33.24,75.7

2026-09-04T21:18:21.651Z,33.23,75.71

2026-09-04T21:18:26.649Z,33.23,75.78

2026-09-04T21:18:31.664Z,33.22,75.72

2026-09-04T21:18:36.672Z,33.22,75.81

2026-09-04T21:18:41.661Z,33.24,75.76

2026-09-04T21:18:46.662Z,33.23,75.73

2026-09-04T21:18:51.661Z,33.21,75.73

2026-09-04T21:18:56.660Z,33.2,75.83

2026-09-04T21:19:01.676Z,33.18,75.79

2026-09-04T21:19:06.688Z,33.21,75.86

2026-09-04T21:19:11.672Z,33.19,75.83

2026-09-04T21:19:16.672Z,33.18,75.85

2026-09-04T21:19:21.676Z,33.18,75.83

2026-09-04T21:19:26.674Z,33.2,75.85

2026-09-04T21:19:31.673Z,33.19,75.89

2026-09-04T21:19:36.697Z,33.18,75.91

2026-09-04T21:19:41.672Z,33.19,75.93

2026-09-04T21:19:46.689Z,33.17,75.91

2026-09-04T21:19:51.673Z,33.19,75.91

2026-09-04T21:19:56.680Z,33.18,75.87

2026-09-04T21:20:01.678Z,33.17,75.88

2026-09-04T21:20:06.677Z,33.17,75.91

2026-09-04T21:20:11.676Z,33.19,75.92

2026-09-04T21:20:16.696Z,33.2,75.9

2026-09-04T21:20:21.677Z,33.18,75.9

2026-09-04T21:20:26.678Z,33.18,75.91

2026-09-04T21:20:31.677Z,33.18,75.93

2026-09-04T21:20:36.679Z,33.15,75.89

2026-09-04T21:20:41.686Z,33.16,75.93

2026-09-04T21:20:46.701Z,33.17,75.97

2026-09-04T21:20:51.684Z,33.16,75.91

2026-09-04T21:20:56.685Z,33.17,75.95

2026-09-04T21:21:01.686Z,33.17,75.91

2026-09-04T21:21:06.688Z,33.18,75.94

2026-09-04T21:21:11.699Z,33.17,75.94

2026-09-04T21:21:16.714Z,33.15,75.9

2026-09-04T21:21:21.699Z,33.17,75.87

2026-09-04T21:21:26.700Z,33.19,75.85

2026-09-04T21:21:31.699Z,33.18,75.8

2026-09-04T21:21:36.699Z,33.18,75.82

2026-09-04T21:21:41.707Z,33.18,75.86

2026-09-04T21:21:46.719Z,33.18,75.91

2026-09-04T21:21:51.703Z,33.2,75.84

2026-09-04T21:21:56.705Z,33.18,75.85

2026-09-04T21:22:01.703Z,33.19,75.85

2026-09-04T21:22:06.706Z,33.19,75.81

2026-09-04T21:22:11.719Z,33.19,75.93

2026-09-04T21:22:16.730Z,33.18,75.86

2026-09-04T21:22:21.719Z,33.18,75.88

2026-09-04T21:22:26.722Z,33.17,75.89

2026-09-04T21:22:31.722Z,33.17,75.86

2026-09-04T21:22:36.719Z,33.17,75.86

2026-09-04T21:22:41.730Z,33.17,75.92

2026-09-04T21:22:46.745Z,33.17,75.93

2026-09-04T21:22:51.729Z,33.17,75.86

2026-09-04T21:22:56.730Z,33.19,75.92

2026-09-04T21:23:01.730Z,33.19,75.84

2026-09-04T21:23:06.729Z,33.19,75.81

2026-09-04T21:23:11.743Z,33.17,75.81

2026-09-04T21:23:16.738Z,33.18,75.81

2026-09-04T21:23:21.743Z,33.19,75.85

2026-09-04T21:23:26.736Z,33.19,75.84

2026-09-04T21:23:31.739Z,33.17,75.86

2026-09-04T21:23:36.737Z,33.18,75.87

2026-09-04T21:23:41.748Z,33.19,75.78

2026-09-04T21:23:46.751Z,33.17,75.86

2026-09-04T21:23:51.746Z,33.21,75.74

2026-09-04T21:23:56.745Z,33.2,75.88

2026-09-04T21:24:01.746Z,33.18,75.8

2026-09-04T21:24:06.761Z,33.18,75.91

2026-09-04T21:24:11.747Z,33.19,75.81

2026-09-04T21:24:16.747Z,33.2,75.84

2026-09-04T21:24:21.750Z,33.19,75.91

2026-09-04T21:24:26.750Z,33.21,75.85

2026-09-04T21:24:31.751Z,33.2,75.79

2026-09-04T21:24:36.765Z,33.19,75.85

2026-09-04T21:24:41.751Z,33.21,75.78

2026-09-04T21:24:46.751Z,33.19,75.81

2026-09-04T21:24:51.752Z,33.2,75.74

2026-09-04T21:24:56.752Z,33.2,75.81

2026-09-04T21:25:01.768Z,33.19,75.82

2026-09-04T21:25:06.781Z,33.19,75.82

2026-09-04T21:25:11.763Z,33.2,75.79

2026-09-04T21:25:16.766Z,33.19,75.78

2026-09-04T21:25:21.766Z,33.22,75.82

2026-09-04T21:25:26.764Z,33.2,75.85

2026-09-04T21:25:31.786Z,33.21,75.82

2026-09-04T21:25:36.798Z,33.19,75.84

2026-09-04T21:25:41.785Z,33.21,75.77

2026-09-04T21:25:46.785Z,33.23,75.8

2026-09-04T21:25:51.796Z,33.21,75.89

2026-09-04T21:25:56.790Z,33.21,75.82

2026-09-04T21:26:01.790Z,33.2,75.83

2026-09-04T21:26:06.791Z,33.23,75.81

2026-09-04T21:26:11.790Z,33.22,75.8

2026-09-04T21:26:16.804Z,33.21,75.8

2026-09-04T21:26:21.790Z,33.23,75.81

2026-09-04T21:26:26.793Z,33.23,75.79

2026-09-04T21:26:31.792Z,33.22,75.74

2026-09-04T21:26:36.791Z,33.22,75.71

2026-09-04T21:26:41.790Z,33.23,75.68

2026-09-04T21:26:46.807Z,33.22,75.78

2026-09-04T21:26:51.792Z,33.21,75.74

2026-09-04T21:26:56.791Z,33.21,75.74

2026-09-04T21:27:01.792Z,33.22,75.74

2026-09-04T21:27:06.792Z,33.21,75.74

2026-09-04T21:27:11.801Z,33.21,75.75

2026-09-04T21:27:16.811Z,33.21,75.8

2026-09-04T21:27:21.799Z,33.22,75.77

2026-09-04T21:27:26.803Z,33.21,75.71

2026-09-04T21:27:31.801Z,33.2,75.69

2026-09-04T21:27:36.801Z,33.22,75.73

2026-09-04T21:27:41.813Z,33.21,75.73

2026-09-04T21:27:46.832Z,33.22,75.8

2026-09-04T21:27:51.813Z,33.22,75.76

2026-09-04T21:27:56.813Z,33.21,75.76

2026-09-04T21:28:01.812Z,33.23,75.73

2026-09-04T21:28:06.813Z,33.25,75.77

2026-09-04T21:28:11.824Z,33.21,75.73

2026-09-04T21:28:16.837Z,33.21,75.77

2026-09-04T21:28:21.821Z,33.22,75.68

2026-09-04T21:28:26.821Z,33.21,75.7

2026-09-04T21:28:31.822Z,33.22,75.68

2026-09-04T21:28:36.823Z,33.21,75.71

2026-09-04T21:28:41.830Z,33.22,75.68

2026-09-04T21:28:46.843Z,33.22,75.78

2026-09-04T21:28:51.829Z,33.22,75.69

2026-09-04T21:28:56.830Z,33.2,75.67

2026-09-04T21:29:01.830Z,33.2,75.72

2026-09-04T21:29:06.830Z,33.23,75.73

2026-09-04T21:29:11.846Z,33.23,75.74

2026-09-04T21:29:16.858Z,33.23,75.66

2026-09-04T21:29:21.843Z,33.24,75.65

2026-09-04T21:29:26.844Z,33.22,75.69

2026-09-04T21:29:31.844Z,33.22,75.73

2026-09-04T21:29:36.846Z,33.24,75.72

2026-09-04T21:29:41.850Z,33.22,75.67

2026-09-04T21:29:46.862Z,33.23,75.73

2026-09-04T21:29:51.848Z,33.23,75.65

2026-09-04T21:29:56.849Z,33.23,75.74

2026-09-04T21:30:01.847Z,33.24,75.65

2026-09-04T21:30:06.849Z,33.23,75.66

2026-09-04T21:30:11.855Z,33.23,75.64

2026-09-04T21:30:16.865Z,33.23,75.75

2026-09-04T21:30:21.864Z,33.25,75.66

2026-09-04T21:30:26.855Z,33.24,75.64

2026-09-04T21:30:31.853Z,33.25,75.63

2026-09-04T21:30:36.855Z,33.24,75.66

2026-09-04T21:30:41.853Z,33.25,75.57

2026-09-04T21:30:46.865Z,33.24,75.67

2026-09-04T21:30:51.855Z,33.25,75.61

2026-09-04T21:30:56.853Z,33.24,75.66

2026-09-04T21:31:01.854Z,33.26,75.66

2026-09-04T21:31:06.857Z,33.24,75.64

2026-09-04T21:31:11.855Z,33.25,75.65

2026-09-04T21:31:16.871Z,33.24,75.66

2026-09-04T21:31:21.858Z,33.25,75.67

2026-09-04T21:31:26.859Z,33.25,75.66

2026-09-04T21:31:31.857Z,33.26,75.59

2026-09-04T21:31:36.860Z,33.25,75.51

2026-09-04T21:31:41.859Z,33.25,75.53

2026-09-04T21:31:46.876Z,33.24,75.58

2026-09-04T21:31:51.860Z,33.26,75.59

2026-09-04T21:31:56.860Z,33.26,75.54

2026-09-04T21:32:01.860Z,33.24,75.64

2026-09-04T21:32:06.860Z,33.25,75.65

2026-09-04T21:32:11.868Z,33.26,75.55

2026-09-04T21:32:16.880Z,33.24,75.65

2026-09-04T21:32:21.867Z,33.24,75.63

2026-09-04T21:32:26.867Z,33.25,75.56

2026-09-04T21:32:31.868Z,33.25,75.57

2026-09-04T21:32:36.879Z,33.24,75.61

2026-09-04T21:32:41.871Z,33.26,75.56

2026-09-04T21:32:46.867Z,33.23,75.55

2026-09-04T21:32:51.870Z,33.26,75.61

2026-09-04T21:32:56.869Z,33.24,75.56

2026-09-04T21:33:01.891Z,33.24,75.6

2026-09-04T21:33:06.906Z,33.25,75.61

2026-09-04T21:33:11.887Z,33.25,75.57

2026-09-04T21:33:16.890Z,33.25,75.58

2026-09-04T21:33:21.890Z,33.25,75.63

2026-09-04T21:33:26.890Z,33.26,75.61

2026-09-04T21:33:31.899Z,33.25,75.56

2026-09-04T21:33:36.913Z,33.27,75.62

2026-09-04T21:33:41.899Z,33.25,75.55

2026-09-04T21:33:46.898Z,33.25,75.54

2026-09-04T21:33:51.901Z,33.26,75.58

2026-09-04T21:33:56.899Z,33.25,75.53

2026-09-04T21:34:01.905Z,33.27,75.56

2026-09-04T21:34:06.917Z,33.24,75.55

2026-09-04T21:34:11.904Z,33.27,75.58

2026-09-04T21:34:16.902Z,33.25,75.55

2026-09-04T21:34:21.904Z,33.27,75.58

2026-09-04T21:34:26.902Z,33.26,75.58

2026-09-04T21:34:31.905Z,33.26,75.54

2026-09-04T21:34:36.919Z,33.26,75.57

2026-09-04T21:34:41.905Z,33.27,75.54

2026-09-04T21:34:46.903Z,33.27,75.6

2026-09-04T21:34:51.905Z,33.26,75.55

2026-09-04T21:34:56.906Z,33.26,75.57

2026-09-04T21:35:01.922Z,33.26,75.56

2026-09-04T21:35:06.934Z,33.27,75.53

2026-09-04T21:35:11.918Z,33.26,75.58

2026-09-04T21:35:16.919Z,33.26,75.5

2026-09-04T21:35:21.919Z,33.28,75.48

2026-09-04T21:35:26.920Z,33.25,75.54

2026-09-04T21:35:31.928Z,33.26,75.51

2026-09-04T21:35:36.935Z,33.26,75.53

2026-09-04T21:35:41.923Z,33.26,75.51

2026-09-04T21:35:46.926Z,33.26,75.48

2026-09-04T21:35:51.929Z,33.25,75.5

2026-09-04T21:35:56.925Z,33.27,75.48

2026-09-04T21:36:01.937Z,33.27,75.49

2026-09-04T21:36:06.948Z,33.26,75.51

2026-09-04T21:36:11.939Z,33.27,75.42

2026-09-04T21:36:16.938Z,33.25,75.43

2026-09-04T21:36:21.936Z,33.26,75.48

2026-09-04T21:36:26.936Z,33.25,75.47

2026-09-04T21:36:31.958Z,33.26,75.45

2026-09-04T21:36:36.969Z,33.25,75.44

2026-09-04T21:36:41.957Z,33.27,75.44

2026-09-04T21:36:46.959Z,33.23,75.46

2026-09-04T21:36:51.958Z,33.26,75.41

2026-09-04T21:36:56.958Z,33.25,75.42

2026-09-04T21:37:01.964Z,33.26,75.47

2026-09-04T21:37:06.977Z,33.23,75.55

2026-09-04T21:37:11.962Z,33.25,75.41

2026-09-04T21:37:16.962Z,33.25,75.43

2026-09-04T21:37:21.962Z,33.26,75.52

2026-09-04T21:37:26.963Z,33.26,75.46

2026-09-04T21:37:31.972Z,33.24,75.44

2026-09-04T21:37:36.979Z,33.24,75.52

2026-09-04T21:37:41.969Z,33.25,75.45

2026-09-04T21:37:46.966Z,33.25,75.42

2026-09-04T21:37:51.968Z,33.26,75.4

2026-09-04T21:37:56.977Z,33.26,75.33

2026-09-04T21:38:01.967Z,33.25,75.35

2026-09-04T21:38:06.965Z,33.26,75.33

2026-09-04T21:38:11.968Z,33.26,75.35

2026-09-04T21:38:16.967Z,33.25,75.38

2026-09-04T21:38:21.966Z,33.25,75.31

2026-09-04T21:38:26.980Z,33.24,75.42

2026-09-04T21:38:31.968Z,33.26,75.41

2026-09-04T21:38:36.969Z,33.26,75.34

2026-09-04T21:38:41.968Z,33.26,75.35

2026-09-04T21:38:46.968Z,33.27,75.38

2026-09-04T21:38:51.975Z,33.25,75.38

2026-09-04T21:38:56.987Z,33.26,75.41

2026-09-04T21:39:01.970Z,33.25,75.36

2026-09-04T21:39:06.972Z,33.26,75.33

2026-09-04T21:39:11.973Z,33.26,75.29

2026-09-04T21:39:16.974Z,33.26,75.28

2026-09-04T21:39:21.978Z,33.28,75.3

2026-09-04T21:39:26.989Z,33.27,75.32

2026-09-04T21:39:31.975Z,33.27,75.27

2026-09-04T21:39:36.977Z,33.28,75.27

2026-09-04T21:39:41.977Z,33.26,75.23

2026-09-04T21:39:46.978Z,33.26,75.25

2026-09-04T21:39:51.991Z,33.27,75.24

2026-09-04T21:39:57.007Z,33.26,75.25

2026-09-04T21:40:01.990Z,33.26,75.27

2026-09-04T21:40:06.993Z,33.26,75.22

2026-09-04T21:40:11.991Z,33.26,75.28

2026-09-04T21:40:16.992Z,33.25,75.28

2026-09-04T21:40:22.007Z,33.27,75.28

2026-09-04T21:40:27.021Z,33.28,75.26

2026-09-04T21:40:32.006Z,33.25,75.28

2026-09-04T21:40:37.005Z,33.26,75.23

2026-09-04T21:40:42.004Z,33.27,75.24

2026-09-04T21:40:47.003Z,33.26,75.27

2026-09-04T21:40:52.023Z,33.26,75.29

2026-09-04T21:40:57.030Z,33.26,75.35

2026-09-04T21:41:02.020Z,33.28,75.31

2026-09-04T21:41:07.021Z,33.25,75.29

2026-09-04T21:41:12.037Z,33.27,75.3

2026-09-04T21:41:17.046Z,33.23,75.33

2026-09-04T21:41:22.035Z,33.26,75.19

2026-09-04T21:41:27.043Z,33.25,75.28

2026-09-04T21:41:32.033Z,33.24,75.26

2026-09-04T21:41:37.036Z,33.27,75.24

2026-09-04T21:41:42.037Z,33.26,75.25

2026-09-04T21:41:47.037Z,33.28,75.25

2026-09-04T21:41:52.040Z,33.27,75.23

2026-09-04T21:41:57.037Z,33.26,75.19

2026-09-04T21:42:02.035Z,33.25,75.18

2026-09-04T21:42:07.036Z,33.26,75.16

2026-09-04T21:42:12.038Z,33.25,75.16

2026-09-04T21:42:17.051Z,33.26,75.24

2026-09-04T21:42:22.040Z,33.25,75.23

2026-09-04T21:42:27.040Z,33.28,75.15

2026-09-04T21:42:32.040Z,33.26,75.17

2026-09-04T21:42:37.040Z,33.26,75.16

2026-09-04T21:42:42.041Z,33.26,75.08

2026-09-04T21:42:47.049Z,33.26,75.12

2026-09-04T21:42:52.041Z,33.25,75.09

2026-09-04T21:42:57.043Z,33.26,75.15

2026-09-04T21:43:02.042Z,33.26,75.15

2026-09-04T21:43:07.044Z,33.25,75.05

2026-09-04T21:43:12.058Z,33.25,75.06

2026-09-04T21:43:17.071Z,33.24,75.18

2026-09-04T21:43:22.059Z,33.27,75.15

2026-09-04T21:43:27.057Z,33.25,75.13

2026-09-04T21:43:32.057Z,33.26,75.11

2026-09-04T21:43:37.058Z,33.27,75.11

2026-09-04T21:43:42.075Z,33.27,75.1

2026-09-04T21:43:47.083Z,33.25,75.1

2026-09-04T21:43:52.074Z,33.26,75.16

2026-09-04T21:43:57.074Z,33.25,75.11

2026-09-04T21:44:02.073Z,33.26,75.11

2026-09-04T21:44:07.072Z,33.25,75.14

2026-09-04T21:44:12.079Z,33.25,75.13

2026-09-04T21:44:17.089Z,33.24,75.09

2026-09-04T21:44:22.078Z,33.27,75.17

2026-09-04T21:44:27.078Z,33.25,75.08

2026-09-04T21:44:32.079Z,33.27,75.12

2026-09-04T21:44:37.079Z,33.24,75.1

2026-09-04T21:44:42.089Z,33.27,75.14

2026-09-04T21:44:47.098Z,33.25,75.17

2026-09-04T21:44:52.086Z,33.23,75.07

2026-09-04T21:44:57.086Z,33.25,75.12

2026-09-04T21:45:02.086Z,33.26,75.06

2026-09-04T21:45:07.101Z,33.25,75.1

2026-09-04T21:45:12.085Z,33.25,75.08

2026-09-04T21:45:17.087Z,33.25,75.07

2026-09-04T21:45:22.090Z,33.26,75.09

2026-09-04T21:45:27.101Z,33.25,75.06

2026-09-04T21:45:32.087Z,33.26,75.13

2026-09-04T21:45:37.087Z,33.26,75.07

2026-09-04T21:45:42.088Z,33.25,75.07

2026-09-04T21:45:47.100Z,33.25,75.05

2026-09-04T21:45:52.089Z,33.26,75.08

2026-09-04T21:45:57.091Z,33.26,75.06

2026-09-04T21:46:02.092Z,33.28,75.07

2026-09-04T21:46:07.106Z,33.25,75.15

2026-09-04T21:46:12.088Z,33.25,75.07

2026-09-04T21:46:17.093Z,33.26,75.06

2026-09-04T21:46:22.091Z,33.27,75.04

2026-09-04T21:46:27.093Z,33.27,75.06

2026-09-04T21:46:32.098Z,33.25,75.02

2026-09-04T21:46:37.109Z,33.26,75.05

2026-09-04T21:46:42.096Z,33.25,74.97

2026-09-04T21:46:47.097Z,33.27,74.98

2026-09-04T21:46:52.098Z,33.27,75

2026-09-04T21:46:57.098Z,33.26,75.01

2026-09-04T21:47:02.104Z,33.27,75.05

2026-09-04T21:47:07.116Z,33.25,75.06

2026-09-04T21:47:12.104Z,33.26,74.98

2026-09-04T21:47:17.106Z,33.26,75.01

2026-09-04T21:47:22.105Z,33.25,74.98

2026-09-04T21:47:27.107Z,33.25,75.01

2026-09-04T21:47:32.121Z,33.27,75.01

2026-09-04T21:47:37.132Z,33.27,75.04

2026-09-04T21:47:42.118Z,33.27,75.04

2026-09-04T21:47:47.119Z,33.27,75.04

2026-09-04T21:47:52.118Z,33.26,74.95

2026-09-04T21:47:57.119Z,33.26,74.98

2026-09-04T21:48:02.129Z,33.25,75

2026-09-04T21:48:07.137Z,33.26,75.03

2026-09-04T21:48:12.125Z,33.25,75

2026-09-04T21:48:17.124Z,33.25,74.96

2026-09-04T21:48:22.124Z,33.25,74.93

2026-09-04T21:48:27.124Z,33.22,74.99

2026-09-04T21:48:32.141Z,33.24,75

2026-09-04T21:48:37.153Z,33.23,75.05

2026-09-04T21:48:42.139Z,33.22,75.01

2026-09-04T21:48:47.139Z,33.22,75.05

2026-09-04T21:48:52.140Z,33.21,75.14

2026-09-04T21:48:57.140Z,33.21,75.09

2026-09-04T21:49:02.154Z,33.22,75.18

2026-09-04T21:49:07.163Z,33.22,75.18

2026-09-04T21:49:12.153Z,33.22,75.11

2026-09-04T21:49:17.151Z,33.2,75.13

2026-09-04T21:49:22.152Z,33.19,75.1

2026-09-04T21:49:27.154Z,33.19,75.13

2026-09-04T21:49:32.159Z,33.21,75.14

2026-09-04T21:49:37.170Z,33.21,75.17

2026-09-04T21:49:42.158Z,33.18,75.11

2026-09-04T21:49:47.157Z,33.22,75.13

2026-09-04T21:49:52.158Z,33.21,75.12

2026-09-04T21:49:57.157Z,33.21,75.18

2026-09-04T21:50:02.172Z,33.19,75.18

2026-09-04T21:50:07.184Z,33.19,75.17

2026-09-04T21:50:12.168Z,33.18,75.12

2026-09-04T21:50:17.169Z,33.21,75.1

2026-09-04T21:50:22.171Z,33.22,75.14

2026-09-04T21:50:27.170Z,33.2,75.14

2026-09-04T21:50:32.178Z,33.19,75.13

2026-09-04T21:50:37.186Z,33.21,75.1

2026-09-04T21:50:42.175Z,33.21,75.14

2026-09-04T21:50:47.177Z,33.2,75.17

2026-09-04T21:50:52.176Z,33.21,75.13

2026-09-04T21:50:57.188Z,33.21,75.17

2026-09-04T21:51:02.176Z,33.21,75.09

2026-09-04T21:51:07.177Z,33.21,75.06

2026-09-04T21:51:12.177Z,33.19,75.15

2026-09-04T21:51:17.190Z,33.2,75.21

2026-09-04T21:51:22.178Z,33.19,75.17

2026-09-04T21:51:27.178Z,33.2,75.14

2026-09-04T21:51:32.178Z,33.2,75.12

2026-09-04T21:51:37.176Z,33.21,75.11

2026-09-04T21:51:42.189Z,33.21,75.12

2026-09-04T21:51:47.199Z,33.19,75.14

2026-09-04T21:51:52.186Z,33.2,75.11

2026-09-04T21:51:57.186Z,33.22,75.11

2026-09-04T21:52:02.187Z,33.2,75.18

2026-09-04T21:52:07.188Z,33.2,75.15

2026-09-04T21:52:12.197Z,33.21,75.12

2026-09-04T21:52:17.213Z,33.18,75.14

2026-09-04T21:52:22.196Z,33.22,75.18

2026-09-04T21:52:27.196Z,33.2,75.13

2026-09-04T21:52:32.197Z,33.2,75.14

2026-09-04T21:52:37.199Z,33.21,75.07

2026-09-04T21:52:42.197Z,33.19,75.1

2026-09-04T21:52:47.208Z,33.2,75.14

2026-09-04T21:52:52.197Z,33.21,75.09

2026-09-04T21:52:57.197Z,33.22,75.09

2026-09-04T21:53:02.199Z,33.2,75.12

2026-09-04T21:53:07.197Z,33.22,75.11

2026-09-04T21:53:12.199Z,33.2,75.11

2026-09-04T21:53:17.208Z,33.21,75.15

2026-09-04T21:53:22.202Z,33.2,75.08

2026-09-04T21:53:27.201Z,33.21,75.08

2026-09-04T21:53:32.198Z,33.23,75.09

2026-09-04T21:53:37.199Z,33.19,75.12

2026-09-04T21:53:42.217Z,33.21,75.07

2026-09-04T21:53:47.227Z,33.2,75.13

2026-09-04T21:53:52.211Z,33.22,75.08

2026-09-04T21:53:57.214Z,33.21,75.08

2026-09-04T21:54:02.213Z,33.23,75.02

2026-09-04T21:54:07.213Z,33.21,75.04

2026-09-04T21:54:12.227Z,33.23,75.04

2026-09-04T21:54:17.238Z,33.21,75.08

2026-09-04T21:54:22.225Z,33.21,74.99

2026-09-04T21:54:27.228Z,33.22,75.03

2026-09-04T21:54:32.226Z,33.22,75

2026-09-04T21:54:37.227Z,33.22,75.03

2026-09-04T21:54:42.245Z,33.2,75.07

2026-09-04T21:54:47.259Z,33.2,75.09

2026-09-04T21:54:52.245Z,33.21,75.1

2026-09-04T21:54:57.243Z,33.21,75.08

2026-09-04T21:55:02.243Z,33.2,75.01

2026-09-04T21:55:07.245Z,33.23,75.04

2026-09-04T21:55:12.254Z,33.24,75.03

2026-09-04T21:55:17.265Z,33.2,75.02

2026-09-04T21:55:22.257Z,33.21,75.02

2026-09-04T21:55:27.256Z,33.22,74.99

2026-09-04T21:55:32.255Z,33.21,75

2026-09-04T21:55:37.256Z,33.19,74.93

2026-09-04T21:55:42.259Z,33.2,75.01

2026-09-04T21:55:47.270Z,33.23,74.94

2026-09-04T21:55:52.258Z,33.23,75.01

2026-09-04T21:55:57.258Z,33.2,74.95

2026-09-04T21:56:02.260Z,33.21,75

2026-09-04T21:56:07.261Z,33.24,75

2026-09-04T21:56:12.261Z,33.21,75.02

2026-09-04T21:56:17.274Z,33.21,75.03

2026-09-04T21:56:22.258Z,33.21,75

2026-09-04T21:56:27.261Z,33.23,74.97

2026-09-04T21:56:32.262Z,33.23,74.95

2026-09-04T21:56:37.263Z,33.22,74.97

2026-09-04T21:56:42.265Z,33.22,75.04

2026-09-04T21:56:47.275Z,33.21,75

2026-09-04T21:56:52.264Z,33.23,74.97

2026-09-04T21:56:57.267Z,33.19,74.99

2026-09-04T21:57:02.288Z,33.22,74.93

2026-09-04T21:57:07.282Z,33.22,74.96

2026-09-04T21:57:12.284Z,33.21,74.96

2026-09-04T21:57:17.286Z,33.23,74.93

2026-09-04T21:57:22.290Z,33.22,74.92

2026-09-04T21:57:27.285Z,33.22,74.94

2026-09-04T21:57:32.284Z,33.2,74.93

2026-09-04T21:57:37.286Z,33.22,74.96

2026-09-04T21:57:42.285Z,33.22,74.94

2026-09-04T21:57:47.300Z,33.21,75.01

2026-09-04T21:57:52.287Z,33.23,74.97

2026-09-04T21:57:57.286Z,33.19,74.93

2026-09-04T21:58:02.288Z,33.21,74.94

2026-09-04T21:58:07.289Z,33.23,74.98

2026-09-04T21:58:12.299Z,33.22,74.98

2026-09-04T21:58:17.312Z,33.21,75.01

2026-09-04T21:58:22.299Z,33.22,74.94

2026-09-04T21:58:27.300Z,33.21,74.97

2026-09-04T21:58:32.300Z,33.19,74.96

2026-09-04T21:58:37.301Z,33.21,74.98

2026-09-04T21:58:42.313Z,33.19,74.95

2026-09-04T21:58:47.324Z,33.2,74.97

2026-09-04T21:58:52.311Z,33.21,74.96

2026-09-04T21:58:57.311Z,33.21,75.04

2026-09-04T21:59:02.311Z,33.19,74.94

2026-09-04T21:59:07.313Z,33.2,74.93

2026-09-04T21:59:12.319Z,33.2,74.98

2026-09-04T21:59:17.332Z,33.19,74.98

2026-09-04T21:59:22.317Z,33.21,74.94

2026-09-04T21:59:27.318Z,33.21,74.91

2026-09-04T21:59:32.319Z,33.21,74.98

2026-09-04T21:59:37.319Z,33.19,74.92

2026-09-04T21:59:42.320Z,33.24,74.98

2026-09-04T21:59:47.334Z,33.22,74.89

2026-09-04T21:59:52.320Z,33.21,74.9

2026-09-04T21:59:57.321Z,33.2,74.9

2026-09-04T22:00:02.322Z,33.19,74.94

2026-09-04T22:00:07.319Z,33.19,74.96

2026-09-04T22:00:12.333Z,33.21,75.01

2026-09-04T22:00:17.327Z,33.2,74.91

2026-09-04T22:00:22.333Z,33.2,74.93

2026-09-04T22:00:27.328Z,33.22,74.92

2026-09-04T22:00:32.326Z,33.2,74.88

2026-09-04T22:00:37.327Z,33.2,74.87

2026-09-04T22:00:42.326Z,33.2,74.86

2026-09-04T22:00:47.348Z,33.19,74.92

2026-09-04T22:00:52.331Z,33.18,74.94

2026-09-04T22:00:57.328Z,33.18,74.94

2026-09-04T22:01:02.328Z,33.18,74.83

2026-09-04T22:01:07.327Z,33.2,74.91

2026-09-04T22:01:12.345Z,33.19,74.94

2026-09-04T22:01:17.347Z,33.2,75

2026-09-04T22:01:22.339Z,33.22,74.95

2026-09-04T22:01:27.339Z,33.2,74.91

2026-09-04T22:01:32.340Z,33.2,74.94

2026-09-04T22:01:37.343Z,33.19,74.92

2026-09-04T22:01:42.342Z,33.18,74.93

2026-09-04T22:01:47.355Z,33.2,74.98

2026-09-04T22:01:52.342Z,33.21,74.87

2026-09-04T22:01:57.343Z,33.21,74.87

2026-09-04T22:02:02.343Z,33.19,74.9

2026-09-04T22:02:07.344Z,33.19,74.95

2026-09-04T22:02:12.349Z,33.18,74.93

2026-09-04T22:02:17.364Z,33.2,74.9

2026-09-04T22:02:22.349Z,33.19,74.88

2026-09-04T22:02:27.350Z,33.21,74.9

2026-09-04T22:02:32.351Z,33.19,74.93

2026-09-04T22:02:37.352Z,33.19,74.92

2026-09-04T22:02:42.363Z,33.2,74.85

2026-09-04T22:02:47.377Z,33.19,74.87

2026-09-04T22:02:52.363Z,33.19,74.83

2026-09-04T22:02:57.363Z,33.22,74.84

2026-09-04T22:03:02.364Z,33.2,74.81

2026-09-04T22:03:07.365Z,33.21,74.87

2026-09-04T22:03:12.366Z,33.22,74.8

2026-09-04T22:03:17.379Z,33.2,74.85

2026-09-04T22:03:22.365Z,33.2,74.83

2026-09-04T22:03:27.365Z,33.21,74.82

2026-09-04T22:03:32.363Z,33.22,74.77

2026-09-04T22:03:37.365Z,33.22,74.76

2026-09-04T22:03:42.370Z,33.2,74.82

2026-09-04T22:03:47.379Z,33.21,74.76

2026-09-04T22:03:52.368Z,33.21,74.79

2026-09-04T22:03:57.368Z,33.2,74.75

2026-09-04T22:04:02.368Z,33.2,74.75

2026-09-04T22:04:07.369Z,33.22,74.75

2026-09-04T22:04:12.380Z,33.22,74.73

2026-09-04T22:04:17.392Z,33.21,74.77

2026-09-04T22:04:22.378Z,33.23,74.79

2026-09-04T22:04:27.379Z,33.21,74.73

2026-09-04T22:04:32.383Z,33.22,74.77

2026-09-04T22:04:37.383Z,33.21,74.76

2026-09-04T22:04:42.386Z,33.22,74.75

2026-09-04T22:04:47.398Z,33.2,74.77

2026-09-04T22:04:52.384Z,33.23,74.77

2026-09-04T22:04:57.383Z,33.2,74.69

2026-09-04T22:05:02.384Z,33.22,74.74

2026-09-04T22:05:07.385Z,33.2,74.77

2026-09-04T22:05:12.401Z,33.2,74.78

2026-09-04T22:05:17.411Z,33.21,74.79

2026-09-04T22:05:22.399Z,33.19,74.71

2026-09-04T22:05:27.398Z,33.22,74.74

2026-09-04T22:05:32.399Z,33.22,74.74

2026-09-04T22:05:37.399Z,33.21,74.7

2026-09-04T22:05:42.407Z,33.22,74.72

2026-09-04T22:05:47.419Z,33.23,74.69

2026-09-04T22:05:52.407Z,33.21,74.73

2026-09-04T22:05:57.408Z,33.22,74.7

2026-09-04T22:06:02.407Z,33.21,74.61

2026-09-04T22:06:07.408Z,33.22,74.61

2026-09-04T22:06:12.421Z,33.23,74.61

2026-09-04T22:06:17.434Z,33.21,74.7

2026-09-04T22:06:22.422Z,33.22,74.65

2026-09-04T22:06:27.421Z,33.21,74.66

2026-09-04T22:06:32.422Z,33.19,74.66

2026-09-04T22:06:37.422Z,33.22,74.6

2026-09-04T22:06:42.431Z,33.22,74.57

2026-09-04T22:06:47.439Z,33.21,74.62

2026-09-04T22:06:52.425Z,33.19,74.65

2026-09-04T22:06:57.426Z,33.22,74.63

2026-09-04T22:07:02.439Z,33.2,74.65

2026-09-04T22:07:07.435Z,33.21,74.64

2026-09-04T22:07:12.444Z,33.23,74.63

2026-09-04T22:07:17.434Z,33.22,74.66

2026-09-04T22:07:22.435Z,33.22,74.62

2026-09-04T22:07:27.436Z,33.21,74.69

2026-09-04T22:07:32.435Z,33.22,74.63

2026-09-04T22:07:37.453Z,33.22,74.68

2026-09-04T22:07:42.437Z,33.22,74.64

2026-09-04T22:07:47.437Z,33.24,74.63

2026-09-04T22:07:52.437Z,33.22,74.58

2026-09-04T22:07:57.436Z,33.23,74.59

2026-09-04T22:08:02.436Z,33.23,74.58

2026-09-04T22:08:07.450Z,33.22,74.62

2026-09-04T22:08:12.435Z,33.22,74.61

2026-09-04T22:08:17.435Z,33.21,74.59

2026-09-04T22:08:22.438Z,33.22,74.58

2026-09-04T22:08:27.437Z,33.22,74.6

2026-09-04T22:08:32.437Z,33.22,74.59

2026-09-04T22:08:37.451Z,33.21,74.57

2026-09-04T22:08:42.442Z,33.22,74.59

2026-09-04T22:08:47.439Z,33.22,74.58

2026-09-04T22:08:52.441Z,33.23,74.52

2026-09-04T22:08:57.442Z,33.23,74.53

2026-09-04T22:09:02.439Z,33.22,74.44

2026-09-04T22:09:07.454Z,33.23,74.51

2026-09-04T22:09:12.440Z,33.24,74.48

2026-09-04T22:09:17.441Z,33.24,74.55

2026-09-04T22:09:22.442Z,33.23,74.49

2026-09-04T22:09:27.442Z,33.24,74.52

2026-09-04T22:09:32.449Z,33.23,74.5

2026-09-04T22:09:37.466Z,33.25,74.53

2026-09-04T22:09:42.449Z,33.23,74.46

2026-09-04T22:09:47.450Z,33.24,74.45

2026-09-04T22:09:52.450Z,33.23,74.41

2026-09-04T22:09:57.449Z,33.23,74.44

2026-09-04T22:10:02.464Z,33.24,74.44

2026-09-04T22:10:07.475Z,33.23,74.4

2026-09-04T22:10:12.463Z,33.23,74.33

2026-09-04T22:10:17.462Z,33.23,74.39

2026-09-04T22:10:22.463Z,33.23,74.39

2026-09-04T22:10:27.465Z,33.22,74.38

2026-09-04T22:10:32.476Z,33.24,74.38

2026-09-04T22:10:37.487Z,33.23,74.31

2026-09-04T22:10:42.473Z,33.25,74.39

2026-09-04T22:10:47.474Z,33.21,74.42

2026-09-04T22:10:52.473Z,33.22,74.35

2026-09-04T22:10:57.473Z,33.22,74.44

2026-09-04T22:11:02.480Z,33.22,74.4

2026-09-04T22:11:07.493Z,33.22,74.47

2026-09-04T22:11:12.478Z,33.22,74.41

2026-09-04T22:11:17.480Z,33.21,74.44

2026-09-04T22:11:22.479Z,33.21,74.48

2026-09-04T22:11:27.477Z,33.22,74.41

2026-09-04T22:11:32.482Z,33.22,74.45

2026-09-04T22:11:37.493Z,33.21,74.49

2026-09-04T22:11:42.494Z,33.22,74.52

2026-09-04T22:11:47.489Z,33.22,74.48

2026-09-04T22:11:52.481Z,33.22,74.41

2026-09-04T22:11:57.482Z,33.21,74.42

2026-09-04T22:12:02.483Z,33.22,74.51

2026-09-04T22:12:07.498Z,33.19,74.51

2026-09-04T22:12:12.485Z,33.22,74.49

2026-09-04T22:12:17.484Z,33.22,74.47

2026-09-04T22:12:22.489Z,33.22,74.49

2026-09-04T22:12:27.501Z,33.21,74.53

2026-09-04T22:12:32.488Z,33.22,74.5

2026-09-04T22:12:37.489Z,33.2,74.49

2026-09-04T22:12:42.488Z,33.21,74.5

2026-09-04T22:12:47.490Z,33.21,74.51

2026-09-04T22:12:52.504Z,33.2,74.48

2026-09-04T22:12:57.516Z,33.19,74.55

2026-09-04T22:13:02.502Z,33.21,74.53

2026-09-04T22:13:07.502Z,33.2,74.57

2026-09-04T22:13:12.501Z,33.19,74.48

2026-09-04T22:13:17.502Z,33.19,74.59

2026-09-04T22:13:22.506Z,33.2,74.57

2026-09-04T22:13:27.517Z,33.19,74.5

2026-09-04T22:13:32.506Z,33.2,74.52

2026-09-04T22:13:37.505Z,33.21,74.58

2026-09-04T22:13:42.507Z,33.21,74.51

2026-09-04T22:13:47.507Z,33.22,74.55

2026-09-04T22:13:52.510Z,33.23,74.52

2026-09-04T22:13:57.522Z,33.2,74.56

2026-09-04T22:14:02.511Z,33.19,74.46

2026-09-04T22:14:07.510Z,33.2,74.57

2026-09-04T22:14:12.511Z,33.19,74.55

2026-09-04T22:14:17.511Z,33.2,74.58

2026-09-04T22:14:22.522Z,33.2,74.55

2026-09-04T22:14:27.536Z,33.2,74.58

2026-09-04T22:14:32.521Z,33.19,74.57

2026-09-04T22:14:37.521Z,33.2,74.5

2026-09-04T22:14:42.520Z,33.2,74.56

2026-09-04T22:14:47.534Z,33.21,74.57

2026-09-04T22:14:52.521Z,33.21,74.59

2026-09-04T22:14:57.521Z,33.21,74.55

2026-09-04T22:15:02.521Z,33.2,74.59

2026-09-04T22:15:07.520Z,33.2,74.59

2026-09-04T22:15:12.544Z,33.2,74.59

2026-09-04T22:15:17.533Z,33.22,74.55

2026-09-04T22:15:22.533Z,33.2,74.6

2026-09-04T22:15:27.533Z,33.19,74.67

2026-09-04T22:15:32.551Z,33.2,74.72

2026-09-04T22:15:37.545Z,33.22,74.62

2026-09-04T22:15:42.544Z,33.19,74.62

2026-09-04T22:15:47.549Z,33.19,74.61

2026-09-04T22:15:52.549Z,33.19,74.69

2026-09-04T22:15:57.567Z,33.19,74.66

2026-09-04T22:16:02.546Z,33.2,74.69

2026-09-04T22:16:07.551Z,33.18,74.62

2026-09-04T22:16:12.548Z,33.19,74.63

2026-09-04T22:16:17.550Z,33.2,74.71

2026-09-04T22:16:22.555Z,33.2,74.68

2026-09-04T22:16:27.565Z,33.2,74.73

2026-09-04T22:16:32.554Z,33.19,74.71

2026-09-04T22:16:37.555Z,33.19,74.73

2026-09-04T22:16:42.556Z,33.2,74.74

2026-09-04T22:16:47.555Z,33.2,74.71

2026-09-04T22:16:52.562Z,33.18,74.74

2026-09-04T22:16:57.572Z,33.19,74.74

2026-09-04T22:17:02.562Z,33.19,74.66

2026-09-04T22:17:07.561Z,33.18,74.76

2026-09-04T22:17:12.563Z,33.19,74.76

2026-09-04T22:17:17.562Z,33.19,74.69

2026-09-04T22:17:22.569Z,33.2,74.71

2026-09-04T22:17:27.581Z,33.18,74.77

2026-09-04T22:17:32.567Z,33.18,74.71

2026-09-04T22:17:37.568Z,33.2,74.77

2026-09-04T22:17:42.567Z,33.19,74.72

2026-09-04T22:17:47.567Z,33.19,74.81

2026-09-04T22:17:52.570Z,33.18,74.78

2026-09-04T22:17:57.585Z,33.2,74.85

2026-09-04T22:18:02.570Z,33.19,74.73

2026-09-04T22:18:07.569Z,33.18,74.85

2026-09-04T22:18:12.569Z,33.18,74.84

2026-09-04T22:18:17.569Z,33.2,74.89

2026-09-04T22:18:22.573Z,33.18,74.77

2026-09-04T22:18:27.588Z,33.18,74.84

2026-09-04T22:18:32.572Z,33.18,74.81

2026-09-04T22:18:37.573Z,33.18,74.81

2026-09-04T22:18:42.573Z,33.17,74.73

2026-09-04T22:18:47.573Z,33.19,74.8

2026-09-04T22:18:52.585Z,33.19,74.78

2026-09-04T22:18:57.596Z,33.21,74.81

2026-09-04T22:19:02.584Z,33.19,74.82

2026-09-04T22:19:07.585Z,33.19,74.82

2026-09-04T22:19:12.601Z,33.17,74.79

2026-09-04T22:19:17.610Z,33.19,74.92

2026-09-04T22:19:22.598Z,33.19,74.85

2026-09-04T22:19:27.601Z,33.18,74.82

2026-09-04T22:19:32.600Z,33.18,74.85

2026-09-04T22:19:37.613Z,33.19,74.89

2026-09-04T22:19:42.597Z,33.2,74.79

2026-09-04T22:19:47.605Z,33.21,74.89

2026-09-04T22:19:52.607Z,33.2,74.84

2026-09-04T22:19:57.619Z,33.2,74.92

2026-09-04T22:20:02.608Z,33.19,74.89

2026-09-04T22:20:07.609Z,33.18,74.84

2026-09-04T22:20:12.609Z,33.18,74.87

2026-09-04T22:20:17.620Z,33.19,74.92

2026-09-04T22:20:22.609Z,33.18,74.87

2026-09-04T22:20:27.610Z,33.18,74.9

2026-09-04T22:20:32.612Z,33.18,74.91

2026-09-04T22:20:37.612Z,33.18,74.9

2026-09-04T22:20:42.613Z,33.18,74.9

2026-09-04T22:20:47.627Z,33.18,74.95

2026-09-04T22:20:52.613Z,33.19,74.93

2026-09-04T22:20:57.612Z,33.19,74.88

2026-09-04T22:21:02.611Z,33.19,74.91

2026-09-04T22:21:07.614Z,33.17,74.88

2026-09-04T22:21:12.632Z,33.17,74.9

2026-09-04T22:21:17.642Z,33.16,74.91

2026-09-04T22:21:22.629Z,33.17,74.86

2026-09-04T22:21:27.628Z,33.18,74.91

2026-09-04T22:21:32.629Z,33.19,74.86

2026-09-04T22:21:37.630Z,33.17,74.93

2026-09-04T22:21:42.637Z,33.17,74.95

2026-09-04T22:21:47.647Z,33.18,75.01

2026-09-04T22:21:52.635Z,33.19,74.9

2026-09-04T22:21:57.636Z,33.16,74.95

2026-09-04T22:22:02.635Z,33.17,74.96

2026-09-04T22:22:07.637Z,33.19,74.95

2026-09-04T22:22:12.636Z,33.17,74.95

2026-09-04T22:22:17.652Z,33.14,75

2026-09-04T22:22:22.638Z,33.18,74.96

2026-09-04T22:22:27.640Z,33.17,74.94

2026-09-04T22:22:32.638Z,33.18,74.96

2026-09-04T22:22:37.639Z,33.19,74.87

2026-09-04T22:22:42.639Z,33.17,74.86

2026-09-04T22:22:47.654Z,33.18,74.96

2026-09-04T22:22:52.641Z,33.17,74.98

2026-09-04T22:22:57.639Z,33.19,74.96

2026-09-04T22:23:02.645Z,33.17,75.02

2026-09-04T22:23:07.640Z,33.19,74.96

2026-09-04T22:23:12.652Z,33.17,75

2026-09-04T22:23:17.666Z,33.17,75.07

2026-09-04T22:23:22.654Z,33.18,74.99

2026-09-04T22:23:27.652Z,33.17,74.99

2026-09-04T22:23:32.650Z,33.17,74.96

2026-09-04T22:23:37.650Z,33.19,74.94

2026-09-04T22:23:42.661Z,33.19,74.93

2026-09-04T22:23:47.672Z,33.17,75

2026-09-04T22:23:52.662Z,33.18,75.04

2026-09-04T22:23:57.662Z,33.2,74.91

2026-09-04T22:24:02.662Z,33.18,74.96

2026-09-04T22:24:07.664Z,33.19,75

2026-09-04T22:24:12.675Z,33.18,74.96

2026-09-04T22:24:17.690Z,33.19,75.01

2026-09-04T22:24:22.675Z,33.2,75.04

2026-09-04T22:24:27.675Z,33.2,74.99

2026-09-04T22:24:32.676Z,33.18,75

2026-09-04T22:24:37.677Z,33.19,74.98

2026-09-04T22:24:42.684Z,33.18,75.04

2026-09-04T22:24:47.698Z,33.19,75.09

2026-09-04T22:24:52.684Z,33.19,75.02

2026-09-04T22:24:57.682Z,33.19,75.03

2026-09-04T22:25:02.686Z,33.2,75.03

2026-09-04T22:25:07.685Z,33.2,75

2026-09-04T22:25:12.695Z,33.19,75.05

2026-09-04T22:25:17.704Z,33.18,75

2026-09-04T22:25:22.693Z,33.18,75.06

2026-09-04T22:25:27.692Z,33.2,75.07

2026-09-04T22:25:32.693Z,33.19,75.1

2026-09-04T22:25:37.707Z,33.2,75.12

2026-09-04T22:25:42.692Z,33.19,75.07

2026-09-04T22:25:47.694Z,33.19,75.07

2026-09-04T22:25:52.693Z,33.19,75.1

2026-09-04T22:25:57.706Z,33.19,75.16

2026-09-04T22:26:02.694Z,33.21,75.12

2026-09-04T22:26:07.696Z,33.21,75.04

2026-09-04T22:26:12.696Z,33.18,75.02

2026-09-04T22:26:17.696Z,33.19,75.06

2026-09-04T22:26:22.696Z,33.19,75.02

2026-09-04T22:26:27.707Z,33.2,75.05

2026-09-04T22:26:32.697Z,33.2,75

2026-09-04T22:26:37.698Z,33.22,75.03

2026-09-04T22:26:42.700Z,33.2,75.07

2026-09-04T22:26:47.701Z,33.2,75.05

2026-09-04T22:26:52.701Z,33.19,75.04

2026-09-04T22:26:57.714Z,33.19,75.02

2026-09-04T22:27:02.702Z,33.19,75.05

2026-09-04T22:27:07.703Z,33.19,74.99

2026-09-04T22:27:12.701Z,33.2,74.97

2026-09-04T22:27:17.702Z,33.2,75.06

2026-09-04T22:27:22.702Z,33.2,75

2026-09-04T22:27:27.713Z,33.17,75.07

2026-09-04T22:27:32.705Z,33.19,75.04

2026-09-04T22:27:37.703Z,33.21,75.04

2026-09-04T22:27:42.704Z,33.2,74.97

2026-09-04T22:27:47.705Z,33.21,75.01

2026-09-04T22:27:52.709Z,33.18,75.07

2026-09-04T22:27:57.720Z,33.2,75.1

2026-09-04T22:28:02.707Z,33.21,75.07

2026-09-04T22:28:07.708Z,33.19,75.08

2026-09-04T22:28:12.710Z,33.18,75.06

2026-09-04T22:28:17.710Z,33.21,75.06

2026-09-04T22:28:22.726Z,33.21,75.1

2026-09-04T22:28:27.737Z,33.19,75.07

2026-09-04T22:28:32.726Z,33.19,75.02

2026-09-04T22:28:37.727Z,33.2,75.03

2026-09-04T22:28:42.727Z,33.2,75.08

2026-09-04T22:28:47.726Z,33.22,75.1

2026-09-04T22:28:52.735Z,33.19,75.09

2026-09-04T22:28:57.747Z,33.2,75.08

2026-09-04T22:29:02.731Z,33.2,75.08

2026-09-04T22:29:07.733Z,33.22,75.08

2026-09-04T22:29:12.733Z,33.2,75.1

2026-09-04T22:29:17.733Z,33.21,75.07

2026-09-04T22:29:22.750Z,33.21,75.08

2026-09-04T22:29:27.761Z,33.22,75.09

2026-09-04T22:29:32.747Z,33.22,75.1

2026-09-04T22:29:37.749Z,33.21,75.11

2026-09-04T22:29:42.750Z,33.21,75.09

2026-09-04T22:29:47.750Z,33.21,75.12

2026-09-04T22:29:52.755Z,33.21,75.08

2026-09-04T22:29:57.766Z,33.19,75.12

2026-09-04T22:30:02.754Z,33.19,75.06

2026-09-04T22:30:07.757Z,33.19,75.09

2026-09-04T22:30:12.756Z,33.21,75.13

2026-09-04T22:30:17.756Z,33.2,75.09

2026-09-04T22:30:22.765Z,33.19,75.07

2026-09-04T22:30:27.773Z,33.2,75.12

2026-09-04T22:30:32.765Z,33.18,75.08

2026-09-04T22:30:37.765Z,33.2,75.13

2026-09-04T22:30:42.768Z,33.2,75.09

2026-09-04T22:30:47.765Z,33.2,75.13

2026-09-04T22:30:52.779Z,33.2,75.08

2026-09-04T22:30:57.787Z,33.19,75.2

2026-09-04T22:31:02.777Z,33.2,75.08

2026-09-04T22:31:07.778Z,33.18,75.14

2026-09-04T22:31:12.780Z,33.2,75.14

2026-09-04T22:31:17.778Z,33.18,75.08

2026-09-04T22:31:22.798Z,33.18,75.15

2026-09-04T22:31:27.803Z,33.19,75.16

2026-09-04T22:31:32.794Z,33.19,75.15

2026-09-04T22:31:37.795Z,33.19,75.07

2026-09-04T22:31:42.795Z,33.19,75.1

2026-09-04T22:31:47.793Z,33.2,75.17

2026-09-04T22:31:52.798Z,33.18,75.11

2026-09-04T22:31:57.811Z,33.19,75.16

2026-09-04T22:32:02.797Z,33.2,75.12

2026-09-04T22:32:07.798Z,33.19,75.14

2026-09-04T22:32:12.798Z,33.19,75.14

2026-09-04T22:32:17.799Z,33.21,75.14

2026-09-04T22:32:22.807Z,33.18,75.08

2026-09-04T22:32:27.817Z,33.19,75.14

2026-09-04T22:32:32.803Z,33.19,75.16

2026-09-04T22:32:37.805Z,33.19,75.12

2026-09-04T22:32:42.806Z,33.2,75.13

2026-09-04T22:32:47.819Z,33.15,75.14

2026-09-04T22:32:52.806Z,33.2,75.07

2026-09-04T22:32:57.806Z,33.19,75.13

2026-09-04T22:33:02.805Z,33.2,75.16

2026-09-04T22:33:07.807Z,33.19,75.08

2026-09-04T22:33:12.806Z,33.19,75.17

2026-09-04T22:33:17.815Z,33.19,75.17

2026-09-04T22:33:22.805Z,33.2,75.07

2026-09-04T22:33:27.806Z,33.2,75.14

2026-09-04T22:33:32.808Z,33.2,75.16

2026-09-04T22:33:37.807Z,33.18,75.16

2026-09-04T22:33:42.809Z,33.22,75.18

2026-09-04T22:33:47.819Z,33.2,75.23

2026-09-04T22:33:52.807Z,33.19,75.18

2026-09-04T22:33:57.809Z,33.2,75.17

2026-09-04T22:34:02.807Z,33.21,75.16

2026-09-04T22:34:07.805Z,33.2,75.18

2026-09-04T22:34:12.823Z,33.18,75.16

2026-09-04T22:34:17.833Z,33.19,75.23

2026-09-04T22:34:22.822Z,33.2,75.19

2026-09-04T22:34:27.825Z,33.19,75.21

2026-09-04T22:34:32.825Z,33.2,75.2

2026-09-04T22:34:37.827Z,33.2,75.15

2026-09-04T22:34:42.825Z,33.2,75.16

2026-09-04T22:34:47.834Z,33.19,75.21

2026-09-04T22:34:52.826Z,33.2,75.18

2026-09-04T22:34:57.827Z,33.19,75.23

2026-09-04T22:35:02.825Z,33.2,75.16

2026-09-04T22:35:07.826Z,33.19,75.19

2026-09-04T22:35:12.841Z,33.19,75.17

2026-09-04T22:35:17.848Z,33.18,75.21

2026-09-04T22:35:22.840Z,33.18,75.18

2026-09-04T22:35:27.842Z,33.19,75.23

2026-09-04T22:35:32.840Z,33.2,75.17

2026-09-04T22:35:37.842Z,33.2,75.17

2026-09-04T22:35:42.846Z,33.2,75.16

2026-09-04T22:35:47.854Z,33.21,75.19

2026-09-04T22:35:52.844Z,33.2,75.19

2026-09-04T22:35:57.846Z,33.19,75.22

2026-09-04T22:36:02.845Z,33.19,75.25

2026-09-04T22:36:07.860Z,33.2,75.21

2026-09-04T22:36:12.847Z,33.19,75.2

2026-09-04T22:36:17.847Z,33.19,75.21

2026-09-04T22:36:22.847Z,33.2,75.21

2026-09-04T22:36:27.849Z,33.21,75.21

2026-09-04T22:36:32.848Z,33.17,75.24

2026-09-04T22:36:37.860Z,33.17,75.28

2026-09-04T22:36:42.848Z,33.19,75.21

2026-09-04T22:36:47.848Z,33.19,75.24

2026-09-04T22:36:52.847Z,33.19,75.28

2026-09-04T22:36:57.850Z,33.18,75.22

2026-09-04T22:37:02.853Z,33.2,75.24

2026-09-04T22:37:07.866Z,33.19,75.3

2026-09-04T22:37:12.852Z,33.19,75.3

2026-09-04T22:37:17.852Z,33.17,75.23

2026-09-04T22:37:22.853Z,33.18,75.25

2026-09-04T22:37:27.856Z,33.2,75.33

2026-09-04T22:37:32.863Z,33.19,75.27

2026-09-04T22:37:37.875Z,33.18,75.31

2026-09-04T22:37:42.862Z,33.17,75.3

2026-09-04T22:37:47.861Z,33.19,75.3

2026-09-04T22:37:52.864Z,33.17,75.3

2026-09-04T22:37:57.861Z,33.2,75.33

2026-09-04T22:38:02.881Z,33.19,75.3

2026-09-04T22:38:07.888Z,33.19,75.37

2026-09-04T22:38:12.876Z,33.19,75.31

2026-09-04T22:38:17.877Z,33.19,75.31

2026-09-04T22:38:22.877Z,33.2,75.32

2026-09-04T22:38:27.879Z,33.2,75.35

2026-09-04T22:38:32.889Z,33.18,75.34

2026-09-04T22:38:37.907Z,33.19,75.27

2026-09-04T22:38:42.889Z,33.19,75.3

2026-09-04T22:38:47.892Z,33.2,75.35

2026-09-04T22:38:52.889Z,33.19,75.31

2026-09-04T22:38:57.900Z,33.19,75.35

2026-09-04T22:39:02.891Z,33.21,75.38

2026-09-04T22:39:07.892Z,33.18,75.35

2026-09-04T22:39:12.891Z,33.2,75.34

2026-09-04T22:39:17.893Z,33.19,75.37

2026-09-04T22:39:22.892Z,33.17,75.34

2026-09-04T22:39:27.905Z,33.16,75.41

2026-09-04T22:39:32.893Z,33.18,75.28

2026-09-04T22:39:37.895Z,33.17,75.39

2026-09-04T22:39:42.895Z,33.18,75.3

2026-09-04T22:39:47.895Z,33.16,75.34

2026-09-04T22:39:52.905Z,33.16,75.39

2026-09-04T22:39:57.912Z,33.17,75.44

2026-09-04T22:40:02.903Z,33.16,75.37

2026-09-04T22:40:07.904Z,33.17,75.49

2026-09-04T22:40:12.903Z,33.14,75.41

2026-09-04T22:40:17.904Z,33.15,75.44

2026-09-04T22:40:22.913Z,33.15,75.45

2026-09-04T22:40:27.924Z,33.16,75.45

2026-09-04T22:40:32.910Z,33.16,75.42

2026-09-04T22:40:37.911Z,33.15,75.48

2026-09-04T22:40:42.911Z,33.15,75.39

2026-09-04T22:40:47.913Z,33.14,75.4

2026-09-04T22:40:52.922Z,33.15,75.47

2026-09-04T22:40:57.931Z,33.15,75.46

2026-09-04T22:41:02.919Z,33.15,75.49

2026-09-04T22:41:07.919Z,33.15,75.45

2026-09-04T22:41:12.920Z,33.15,75.4

2026-09-04T22:41:17.919Z,33.15,75.45

2026-09-04T22:41:22.939Z,33.15,75.45

2026-09-04T22:41:27.930Z,33.15,75.45

2026-09-04T22:41:32.932Z,33.16,75.4

2026-09-04T22:41:37.944Z,33.15,75.44

2026-09-04T22:41:42.933Z,33.15,75.44

2026-09-04T22:41:47.938Z,33.13,75.43

2026-09-04T22:41:52.937Z,33.12,75.45

2026-09-04T22:41:57.954Z,33.13,75.52

2026-09-04T22:42:02.934Z,33.14,75.5

2026-09-04T22:42:07.939Z,33.12,75.55

2026-09-04T22:42:12.936Z,33.14,75.49

2026-09-04T22:42:17.937Z,33.14,75.46

2026-09-04T22:42:22.937Z,33.14,75.49

2026-09-04T22:42:27.952Z,33.12,75.58

2026-09-04T22:42:32.938Z,33.12,75.48

2026-09-04T22:42:37.939Z,33.11,75.54

2026-09-04T22:42:42.939Z,33.1,75.58

2026-09-04T22:42:47.941Z,33.1,75.56

2026-09-04T22:42:52.948Z,33.1,75.56

2026-09-04T22:42:57.960Z,33.09,75.63

2026-09-04T22:43:02.946Z,33.08,75.59

2026-09-04T22:43:07.946Z,33.07,75.68

2026-09-04T22:43:12.946Z,33.08,75.67

2026-09-04T22:43:17.949Z,33.04,75.68

2026-09-04T22:43:22.966Z,33.06,75.69

2026-09-04T22:43:27.975Z,33.06,75.77

2026-09-04T22:43:32.962Z,33.06,75.73

2026-09-04T22:43:37.964Z,33.06,75.77

2026-09-04T22:43:42.964Z,33.02,75.81

2026-09-04T22:43:47.966Z,33.04,75.82

2026-09-04T22:43:52.979Z,33.04,75.81

2026-09-04T22:43:57.987Z,33.04,75.87

2026-09-04T22:44:02.979Z,33.03,75.84

2026-09-04T22:44:07.979Z,33.05,75.85

2026-09-04T22:44:12.978Z,33.03,75.87

2026-09-04T22:44:17.981Z,33,75.88

2026-09-04T22:44:22.981Z,33.04,75.87

2026-09-04T22:44:27.992Z,33.04,75.93

2026-09-04T22:44:32.981Z,33.03,75.87

2026-09-04T22:44:37.983Z,33.04,75.89

2026-09-04T22:44:42.982Z,33.05,75.88

2026-09-04T22:44:47.984Z,33.02,75.97

2026-09-04T22:44:52.991Z,33.05,75.85

2026-09-04T22:44:58.003Z,33.03,75.93

2026-09-04T22:45:02.990Z,33.04,75.82

2026-09-04T22:45:07.991Z,33.05,75.88

2026-09-04T22:45:12.991Z,33.02,75.89

2026-09-04T22:45:17.993Z,33.04,75.89

2026-09-04T22:45:22.994Z,33.04,75.9

2026-09-04T22:45:28.009Z,33.06,75.9

2026-09-04T22:45:32.994Z,33.05,75.92

2026-09-04T22:45:37.993Z,33.07,75.81

2026-09-04T22:45:42.996Z,33.04,75.85

2026-09-04T22:45:47.998Z,33.05,75.88

2026-09-04T22:45:53.009Z,33.03,75.85

2026-09-04T22:45:58.026Z,33.05,75.97

2026-09-04T22:46:03.007Z,33.03,75.85

2026-09-04T22:46:08.006Z,33.03,75.87

2026-09-04T22:46:13.006Z,33.03,75.87

2026-09-04T22:46:18.008Z,33.05,75.87

2026-09-04T22:46:23.019Z,33.05,75.86

2026-09-04T22:46:28.028Z,33.06,75.84

2026-09-04T22:46:33.017Z,33.03,75.88

2026-09-04T22:46:38.020Z,33.05,75.85

2026-09-04T22:46:43.019Z,33.06,75.87

2026-09-04T22:46:48.020Z,33.05,75.82

2026-09-04T22:46:53.028Z,33.06,75.88

2026-09-04T22:46:58.039Z,33.05,75.91

2026-09-04T22:47:03.024Z,33.06,75.86

2026-09-04T22:47:08.026Z,33.05,75.91

2026-09-04T22:47:13.026Z,33.05,75.86

2026-09-04T22:47:18.040Z,33.03,75.92

2026-09-04T22:47:23.027Z,33.04,75.89

2026-09-04T22:47:28.027Z,33.03,75.9

2026-09-04T22:47:33.027Z,33.02,75.92

2026-09-04T22:47:38.041Z,33.01,75.95

2026-09-04T22:47:43.028Z,33.02,75.96

2026-09-04T22:47:48.028Z,33.01,75.89

2026-09-04T22:47:53.029Z,32.99,75.96

2026-09-04T22:47:58.030Z,33.01,75.96

2026-09-04T22:48:03.029Z,33,75.97

2026-09-04T22:48:08.043Z,32.99,76.04

2026-09-04T22:48:13.030Z,32.98,76.03

2026-09-04T22:48:18.029Z,32.99,76.08

2026-09-04T22:48:23.028Z,32.99,76.06

2026-09-04T22:48:28.030Z,32.98,76.07

2026-09-04T22:48:33.046Z,32.99,76.11

2026-09-04T22:48:38.055Z,32.98,76.12

2026-09-04T22:48:43.045Z,32.98,76.08

2026-09-04T22:48:48.045Z,32.98,76.11

2026-09-04T22:48:53.046Z,32.96,76.15

2026-09-04T22:48:58.046Z,32.98,76.18

2026-09-04T22:49:03.049Z,32.97,76.19

2026-09-04T22:49:08.062Z,32.98,76.23

2026-09-04T22:49:13.047Z,32.98,76.18

2026-09-04T22:49:18.048Z,32.96,76.13

2026-09-04T22:49:23.047Z,32.96,76.09

2026-09-04T22:49:28.066Z,32.97,76.17

2026-09-04T22:49:33.049Z,32.98,76.15

2026-09-04T22:49:38.049Z,32.98,76.13

2026-09-04T22:49:43.050Z,32.98,76.1

2026-09-04T22:49:48.051Z,32.97,76.13

2026-09-04T22:49:53.050Z,32.97,76.14

2026-09-04T22:49:58.065Z,32.97,76.17

2026-09-04T22:50:03.051Z,32.99,76.19

2026-09-04T22:50:08.052Z,32.97,76.16

2026-09-04T22:50:13.051Z,32.97,76.13

2026-09-04T22:50:18.052Z,32.98,76.16

2026-09-04T22:50:23.058Z,32.96,76.18

2026-09-04T22:50:28.068Z,32.97,76.18

2026-09-04T22:50:33.056Z,32.98,76.17

2026-09-04T22:50:38.058Z,32.97,76.16

2026-09-04T22:50:43.056Z,32.97,76.22

2026-09-04T22:50:48.055Z,32.97,76.14

2026-09-04T22:50:53.083Z,32.97,76.17

2026-09-04T22:50:58.091Z,32.98,76.19

2026-09-04T22:51:03.080Z,32.96,76.13

2026-09-04T22:51:08.082Z,32.97,76.11

2026-09-04T22:51:13.081Z,32.96,76.15

2026-09-04T22:51:18.081Z,32.99,76.17

2026-09-04T22:51:23.082Z,32.96,76.09

2026-09-04T22:51:28.093Z,32.97,76.2

2026-09-04T22:51:33.080Z,32.98,76.14

2026-09-04T22:51:38.080Z,32.95,76.18

2026-09-04T22:51:43.082Z,32.97,76.23

2026-09-04T22:51:48.082Z,32.95,76.25

2026-09-04T22:51:53.099Z,32.98,76.26

2026-09-04T22:51:58.107Z,32.95,76.25

2026-09-04T22:52:03.096Z,32.95,76.26

2026-09-04T22:52:08.096Z,32.97,76.3

2026-09-04T22:52:13.095Z,32.95,76.28

2026-09-04T22:52:18.096Z,32.94,76.3

2026-09-04T22:52:23.098Z,32.95,76.36

2026-09-04T22:52:28.113Z,32.94,76.4

2026-09-04T22:52:33.098Z,32.94,76.35

2026-09-04T22:52:38.096Z,32.92,76.33

2026-09-04T22:52:43.098Z,32.94,76.35

2026-09-04T22:52:48.100Z,32.93,76.36

2026-09-04T22:52:53.109Z,32.94,76.36

2026-09-04T22:52:58.119Z,32.93,76.33

2026-09-04T22:53:03.108Z,32.91,76.41

2026-09-04T22:53:08.113Z,32.91,76.36

2026-09-04T22:53:13.112Z,32.9,76.4

2026-09-04T22:53:18.111Z,32.9,76.38

2026-09-04T22:53:23.119Z,32.91,76.47

2026-09-04T22:53:28.131Z,32.88,76.52

2026-09-04T22:53:33.117Z,32.89,76.47

2026-09-04T22:53:38.119Z,32.87,76.54

2026-09-04T22:53:43.120Z,32.89,76.51

2026-09-04T22:53:48.120Z,32.89,76.55

2026-09-04T22:53:53.130Z,32.88,76.59

2026-09-04T22:53:58.138Z,32.89,76.65

2026-09-04T22:54:03.128Z,32.88,76.66

2026-09-04T22:54:08.131Z,32.88,76.66

2026-09-04T22:54:13.130Z,32.85,76.67

2026-09-04T22:54:18.132Z,32.86,76.74

2026-09-04T22:54:23.140Z,32.85,76.69

2026-09-04T22:54:28.152Z,32.85,76.77

2026-09-04T22:54:33.140Z,32.85,76.7

2026-09-04T22:54:38.143Z,32.84,76.77

2026-09-04T22:54:43.141Z,32.84,76.73

2026-09-04T22:54:48.153Z,32.84,76.79

2026-09-04T22:54:53.142Z,32.83,76.74

2026-09-04T22:54:58.142Z,32.83,76.81

2026-09-04T22:55:03.149Z,32.83,76.79

2026-09-04T22:55:08.141Z,32.85,76.87

2026-09-04T22:55:13.142Z,32.85,76.88

2026-09-04T22:55:18.143Z,32.84,76.88

2026-09-04T22:55:23.141Z,32.84,76.86

2026-09-04T22:55:28.158Z,32.85,76.88

2026-09-04T22:55:33.143Z,32.82,76.83

2026-09-04T22:55:38.144Z,32.83,76.83

2026-09-04T22:55:43.146Z,32.84,76.85

2026-09-04T22:55:48.145Z,32.83,76.89

2026-09-04T22:55:53.145Z,32.84,76.81

2026-09-04T22:55:58.159Z,32.82,76.85

2026-09-04T22:56:03.145Z,32.85,76.78

2026-09-04T22:56:08.146Z,32.83,76.86

2026-09-04T22:56:13.145Z,32.83,76.87

2026-09-04T22:56:18.145Z,32.83,76.81

2026-09-04T22:56:23.148Z,32.85,76.84

2026-09-04T22:56:28.161Z,32.84,76.86

2026-09-04T22:56:33.149Z,32.84,76.81

2026-09-04T22:56:38.149Z,32.86,76.89

2026-09-04T22:56:43.151Z,32.86,76.8

2026-09-04T22:56:48.148Z,32.85,76.89

2026-09-04T22:56:53.155Z,32.86,76.83

2026-09-04T22:56:58.161Z,32.84,76.88

2026-09-04T22:57:03.150Z,32.85,76.83

2026-09-04T22:57:08.151Z,32.86,76.79

2026-09-04T22:57:13.151Z,32.84,76.79

2026-09-04T22:57:18.153Z,32.85,76.77

2026-09-04T22:57:23.153Z,32.87,76.78

2026-09-04T22:57:28.169Z,32.87,76.86

2026-09-04T22:57:33.153Z,32.87,76.78

2026-09-04T22:57:38.155Z,32.87,76.83

2026-09-04T22:57:43.156Z,32.86,76.82

2026-09-04T22:57:48.155Z,32.86,76.78

2026-09-04T22:57:53.175Z,32.87,76.83

2026-09-04T22:57:58.183Z,32.87,76.81

2026-09-04T22:58:03.174Z,32.87,76.83

2026-09-04T22:58:08.174Z,32.87,76.76

2026-09-04T22:58:13.172Z,32.87,76.8

2026-09-04T22:58:18.176Z,32.87,76.76

2026-09-04T22:58:23.191Z,32.87,76.7

2026-09-04T22:58:28.199Z,32.87,76.77

2026-09-04T22:58:33.188Z,32.89,76.72

2026-09-04T22:58:38.188Z,32.88,76.76

2026-09-04T22:58:43.187Z,32.88,76.77

2026-09-04T22:58:48.188Z,32.87,76.77

2026-09-04T22:58:53.191Z,32.88,76.76

2026-09-04T22:58:58.207Z,32.87,76.85

2026-09-04T22:59:03.191Z,32.88,76.81

2026-09-04T22:59:08.191Z,32.87,76.76

2026-09-04T22:59:13.190Z,32.88,76.81

2026-09-04T22:59:18.189Z,32.87,76.84

2026-09-04T22:59:23.203Z,32.84,76.78

2026-09-04T22:59:28.215Z,32.87,76.84

2026-09-04T22:59:33.201Z,32.87,76.81

2026-09-04T22:59:38.202Z,32.87,76.81

2026-09-04T22:59:43.201Z,32.86,76.76

2026-09-04T22:59:48.202Z,32.87,76.72

2026-09-04T22:59:53.210Z,32.9,76.78

2026-09-04T22:59:58.219Z,32.88,76.76

2026-09-04T23:00:03.209Z,32.88,76.71

2026-09-04T23:00:08.208Z,32.9,76.76

2026-09-04T23:00:13.208Z,32.88,76.7

2026-09-04T23:00:18.214Z,32.89,76.68

2026-09-04T23:00:23.233Z,32.89,76.69

2026-09-04T23:00:28.243Z,32.92,76.68

2026-09-04T23:00:33.233Z,32.92,76.62

2026-09-04T23:00:38.231Z,32.92,76.71

2026-09-04T23:00:43.238Z,32.91,76.66

2026-09-04T23:00:48.240Z,32.93,76.76

2026-09-04T23:00:53.233Z,32.91,76.7

2026-09-04T23:00:58.236Z,32.93,76.65

2026-09-04T23:01:03.235Z,32.93,76.67

2026-09-04T23:01:08.236Z,32.9,76.65

2026-09-04T23:01:13.245Z,32.9,76.64

2026-09-04T23:01:18.259Z,32.91,76.69

2026-09-04T23:01:23.246Z,32.92,76.69

2026-09-04T23:01:28.245Z,32.9,76.59

2026-09-04T23:01:33.244Z,32.9,76.68

2026-09-04T23:01:38.246Z,32.88,76.68

2026-09-04T23:01:43.246Z,32.89,76.71

2026-09-04T23:01:48.259Z,32.88,76.75

2026-09-04T23:01:53.246Z,32.88,76.73

2026-09-04T23:01:58.248Z,32.88,76.74

2026-09-04T23:02:03.249Z,32.87,76.78

2026-09-04T23:02:08.248Z,32.88,76.75

2026-09-04T23:02:13.251Z,32.86,76.75

2026-09-04T23:02:18.264Z,32.87,76.89

2026-09-04T23:02:23.251Z,32.85,76.81

2026-09-04T23:02:28.251Z,32.85,76.79

2026-09-04T23:02:33.252Z,32.87,76.87

2026-09-04T23:02:38.252Z,32.86,76.9

2026-09-04T23:02:43.268Z,32.86,76.84

2026-09-04T23:02:48.281Z,32.85,76.86

2026-09-04T23:02:53.267Z,32.86,76.89

2026-09-04T23:02:58.264Z,32.86,76.86

2026-09-04T23:03:03.265Z,32.86,76.89

2026-09-04T23:03:08.266Z,32.86,76.84

2026-09-04T23:03:13.281Z,32.85,76.87

2026-09-04T23:03:18.298Z,32.84,76.95

2026-09-04T23:03:23.280Z,32.84,76.92

2026-09-04T23:03:28.281Z,32.82,76.93

2026-09-04T23:03:33.428Z,32.83,76.96

2026-09-04T23:03:38.283Z,32.85,76.98

2026-09-04T23:03:43.286Z,32.81,77.04

2026-09-04T23:03:48.291Z,32.82,77.05

2026-09-04T23:03:53.284Z,32.82,76.94

2026-09-04T23:03:58.283Z,32.82,77.01

2026-09-04T23:04:03.288Z,32.81,77.05

2026-09-04T23:04:08.298Z,32.8,77.06

2026-09-04T23:04:13.288Z,32.81,77.13

2026-09-04T23:04:18.296Z,32.8,77.11

2026-09-04T23:04:23.289Z,32.83,77.06

2026-09-04T23:04:28.288Z,32.83,77.06

2026-09-04T23:04:33.288Z,32.82,77.06

2026-09-04T23:04:38.307Z,32.79,77.09

2026-09-04T23:04:43.289Z,32.81,77.09

2026-09-04T23:04:48.291Z,32.81,77.09

2026-09-04T23:04:53.290Z,32.82,77.12

2026-09-04T23:04:58.292Z,32.8,77.1

2026-09-04T23:05:03.304Z,32.81,77.1

2026-09-04T23:05:08.315Z,32.8,77.13

2026-09-04T23:05:13.303Z,32.81,77.09

2026-09-04T23:05:18.304Z,32.81,77.15

2026-09-04T23:05:23.304Z,32.8,77.08

2026-09-04T23:05:28.303Z,32.8,77.06

2026-09-04T23:05:33.308Z,32.82,77.09

2026-09-04T23:05:38.319Z,32.8,77.06

2026-09-04T23:05:43.309Z,32.81,77.09

2026-09-04T23:05:48.308Z,32.79,77.09

2026-09-04T23:05:53.306Z,32.82,77.04

2026-09-04T23:05:58.308Z,32.82,77.07

2026-09-04T23:06:03.322Z,32.81,77.06

2026-09-04T23:06:08.331Z,32.81,77.12

2026-09-04T23:06:13.319Z,32.82,77.08

2026-09-04T23:06:18.322Z,32.8,77.11

2026-09-04T23:06:23.340Z,32.8,77.13

2026-09-04T23:06:28.353Z,32.8,77.11

2026-09-04T23:06:33.339Z,32.78,77.11

2026-09-04T23:06:38.338Z,32.77,77.13

2026-09-04T23:06:43.340Z,32.81,77.16

2026-09-04T23:06:48.338Z,32.78,77.18

2026-09-04T23:06:53.341Z,32.79,77.22

2026-09-04T23:06:58.349Z,32.78,77.26

2026-09-04T23:07:03.338Z,32.78,77.25

2026-09-04T23:07:08.339Z,32.75,77.24

2026-09-04T23:07:13.340Z,32.75,77.23

2026-09-04T23:07:18.351Z,32.75,77.32

2026-09-04T23:07:23.338Z,32.76,77.3

2026-09-04T23:07:28.339Z,32.75,77.33

2026-09-04T23:07:33.340Z,32.74,77.35

2026-09-04T23:07:38.338Z,32.71,77.38

2026-09-04T23:07:43.339Z,32.72,77.37

2026-09-04T23:07:48.362Z,32.7,77.41

2026-09-04T23:07:53.343Z,32.71,77.39

2026-09-04T23:07:58.342Z,32.7,77.43

2026-09-04T23:08:03.342Z,32.71,77.46

2026-09-04T23:08:08.341Z,32.69,77.44

2026-09-04T23:08:13.341Z,32.71,77.49

2026-09-04T23:08:18.360Z,32.69,77.5

2026-09-04T23:08:23.344Z,32.68,77.46

2026-09-04T23:08:28.344Z,32.69,77.54

2026-09-04T23:08:33.343Z,32.69,77.57

2026-09-04T23:08:38.345Z,32.68,77.57

2026-09-04T23:08:43.344Z,32.68,77.55

2026-09-04T23:08:48.361Z,32.68,77.61

2026-09-04T23:08:53.346Z,32.69,77.62

2026-09-04T23:08:58.348Z,32.7,77.59

2026-09-04T23:09:03.348Z,32.7,77.57

2026-09-04T23:09:08.346Z,32.7,77.59

2026-09-04T23:09:13.355Z,32.7,77.58

2026-09-04T23:09:18.363Z,32.67,77.56

2026-09-04T23:09:23.350Z,32.68,77.51

2026-09-04T23:09:28.351Z,32.7,77.58

2026-09-04T23:09:33.352Z,32.7,77.56

2026-09-04T23:09:38.351Z,32.7,77.54

2026-09-04T23:09:43.380Z,32.68,77.57

2026-09-04T23:09:48.390Z,32.7,77.63

2026-09-04T23:09:53.377Z,32.7,77.56

2026-09-04T23:09:58.377Z,32.7,77.52

2026-09-04T23:10:03.376Z,32.7,77.54

2026-09-04T23:10:08.379Z,32.7,77.5

2026-09-04T23:10:13.383Z,32.7,77.55

2026-09-04T23:10:18.397Z,32.7,77.54

2026-09-04T23:10:23.383Z,32.73,77.53

2026-09-04T23:10:28.382Z,32.68,77.57

2026-09-04T23:10:33.382Z,32.69,77.53

2026-09-04T23:10:38.382Z,32.7,77.53

2026-09-04T23:10:43.396Z,32.68,77.6

2026-09-04T23:10:48.407Z,32.68,77.6

2026-09-04T23:10:53.395Z,32.68,77.59

2026-09-04T23:10:58.394Z,32.68,77.61

2026-09-04T23:11:03.395Z,32.69,77.6

2026-09-04T23:11:08.404Z,32.68,77.67

2026-09-04T23:11:13.394Z,32.69,77.64

2026-09-04T23:11:18.410Z,32.69,77.66

2026-09-04T23:11:23.395Z,32.67,77.6

2026-09-04T23:11:28.395Z,32.67,77.64

2026-09-04T23:11:33.394Z,32.66,77.7

2026-09-04T23:11:38.396Z,32.66,77.7

2026-09-04T23:11:43.404Z,32.68,77.71

2026-09-04T23:11:48.414Z,32.66,77.72

2026-09-04T23:11:53.402Z,32.67,77.71

2026-09-04T23:11:58.401Z,32.66,77.79

2026-09-04T23:12:03.400Z,32.66,77.75

2026-09-04T23:12:08.403Z,32.65,77.75

2026-09-04T23:12:13.406Z,32.66,77.77

2026-09-04T23:12:18.424Z,32.67,77.78

2026-09-04T23:12:23.405Z,32.66,77.74

2026-09-04T23:12:28.406Z,32.65,77.71

2026-09-04T23:12:33.406Z,32.65,77.74

2026-09-04T23:12:38.408Z,32.66,77.75

2026-09-04T23:12:43.411Z,32.64,77.75

2026-09-04T23:12:48.422Z,32.68,77.82

2026-09-04T23:12:53.411Z,32.64,77.83

2026-09-04T23:12:58.410Z,32.61,77.85

2026-09-04T23:13:03.412Z,32.64,77.84

2026-09-04T23:13:08.411Z,32.64,77.79

2026-09-04T23:13:13.416Z,32.65,77.85

2026-09-04T23:13:18.431Z,32.63,77.89

2026-09-04T23:13:23.415Z,32.62,77.93

2026-09-04T23:13:28.413Z,32.62,77.83

2026-09-04T23:13:33.416Z,32.62,77.86

2026-09-04T23:13:38.413Z,32.63,77.9

2026-09-04T23:13:43.432Z,32.62,77.94

2026-09-04T23:13:48.446Z,32.61,77.98

2026-09-04T23:13:53.431Z,32.6,77.96

2026-09-04T23:13:58.429Z,32.61,77.93

2026-09-04T23:14:03.431Z,32.59,78.05

2026-09-04T23:14:08.431Z,32.61,77.99

2026-09-04T23:14:13.440Z,32.63,77.99

2026-09-04T23:14:18.452Z,32.58,78.05

2026-09-04T23:14:23.437Z,32.61,78.01

2026-09-04T23:14:28.437Z,32.59,78.04

2026-09-04T23:14:33.437Z,32.58,78.03

2026-09-04T23:14:38.439Z,32.58,78.01

2026-09-04T23:14:43.438Z,32.61,78.01

2026-09-04T23:14:48.450Z,32.58,78.09

2026-09-04T23:14:53.439Z,32.59,78.07

2026-09-04T23:14:58.438Z,32.59,78.07

2026-09-04T23:15:03.438Z,32.61,78.09

2026-09-04T23:15:08.439Z,32.58,78.1

2026-09-04T23:15:13.450Z,32.59,78.05

2026-09-04T23:15:18.458Z,32.59,78.09

2026-09-04T23:15:23.450Z,32.59,78.05

2026-09-04T23:15:28.451Z,32.59,78.11

2026-09-04T23:15:33.452Z,32.61,78.01

2026-09-04T23:15:38.453Z,32.59,77.97

2026-09-04T23:15:43.460Z,32.6,78.08

2026-09-04T23:15:48.472Z,32.6,78.09

2026-09-04T23:15:53.459Z,32.6,78.06

2026-09-04T23:15:58.461Z,32.59,78.06

2026-09-04T23:16:03.460Z,32.6,78.09

2026-09-04T23:16:08.462Z,32.57,78.08

2026-09-04T23:16:13.467Z,32.57,78.19

2026-09-04T23:16:18.478Z,32.56,78.18

2026-09-04T23:16:23.466Z,32.56,78.13

2026-09-04T23:16:28.467Z,32.56,78.19

2026-09-04T23:16:33.483Z,32.56,78.14

2026-09-04T23:16:38.478Z,32.56,78.19

2026-09-04T23:16:43.477Z,32.56,78.22

2026-09-04T23:16:48.492Z,32.54,78.31

2026-09-04T23:16:53.479Z,32.56,78.28

2026-09-04T23:16:58.478Z,32.56,78.24

2026-09-04T23:17:03.479Z,32.57,78.24

2026-09-04T23:17:08.478Z,32.57,78.27

2026-09-04T23:17:13.480Z,32.54,78.26

2026-09-04T23:17:18.492Z,32.57,78.34

2026-09-04T23:17:23.478Z,32.57,78.29

2026-09-04T23:17:28.480Z,32.59,78.3

2026-09-04T23:17:33.477Z,32.55,78.28

2026-09-04T23:17:38.479Z,32.57,78.3

2026-09-04T23:17:43.478Z,32.57,78.26

2026-09-04T23:17:48.490Z,32.58,78.25

2026-09-04T23:17:53.479Z,32.59,78.26

2026-09-04T23:17:58.479Z,32.58,78.24

2026-09-04T23:18:03.478Z,32.59,78.25

2026-09-04T23:18:08.478Z,32.57,78.25

2026-09-04T23:18:13.487Z,32.58,78.25

2026-09-04T23:18:18.501Z,32.58,78.2

2026-09-04T23:18:23.486Z,32.6,78.16

2026-09-04T23:18:28.486Z,32.61,78.14

2026-09-04T23:18:33.486Z,32.6,78.17

2026-09-04T23:18:38.486Z,32.59,78.16

2026-09-04T23:18:43.492Z,32.59,78.14

2026-09-04T23:18:48.503Z,32.59,78.16

2026-09-04T23:18:53.491Z,32.58,78.16

2026-09-04T23:18:58.491Z,32.61,78.2

2026-09-04T23:19:03.494Z,32.58,78.16

2026-09-04T23:19:08.498Z,32.56,78.1

2026-09-04T23:19:13.508Z,32.58,78.15

2026-09-04T23:19:18.511Z,32.56,78.27

2026-09-04T23:19:23.503Z,32.56,78.18

2026-09-04T23:19:28.502Z,32.57,78.24

2026-09-04T23:19:33.502Z,32.57,78.24

2026-09-04T23:19:38.504Z,32.56,78.29

2026-09-04T23:19:43.517Z,32.56,78.26

2026-09-04T23:19:48.528Z,32.56,78.31

2026-09-04T23:19:53.516Z,32.56,78.31

2026-09-04T23:19:58.517Z,32.55,78.32

2026-09-04T23:20:03.517Z,32.56,78.25

2026-09-04T23:20:08.519Z,32.58,78.29

2026-09-04T23:20:13.525Z,32.58,78.27

2026-09-04T23:20:18.535Z,32.57,78.29

2026-09-04T23:20:23.523Z,32.57,78.2

2026-09-04T23:20:28.524Z,32.58,78.27

2026-09-04T23:20:33.522Z,32.59,78.25

2026-09-04T23:20:38.523Z,32.59,78.34

2026-09-04T23:20:43.539Z,32.57,78.24

2026-09-04T23:20:48.548Z,32.59,78.3

2026-09-04T23:20:53.536Z,32.6,78.27

2026-09-04T23:20:58.540Z,32.59,78.27

2026-09-04T23:21:03.539Z,32.6,78.28

2026-09-04T23:21:08.550Z,32.6,78.21

2026-09-04T23:21:13.538Z,32.61,78.2

2026-09-04T23:21:18.539Z,32.62,78.2

2026-09-04T23:21:23.541Z,32.6,78.19

2026-09-04T23:21:28.540Z,32.62,78.14

2026-09-04T23:21:33.552Z,32.6,78.21

2026-09-04T23:21:38.546Z,32.6,78.16

2026-09-04T23:21:43.545Z,32.63,78.14

2026-09-04T23:21:48.545Z,32.61,78.16

2026-09-04T23:21:53.546Z,32.61,78.17

2026-09-04T23:21:58.559Z,32.63,78.2

2026-09-04T23:22:03.545Z,32.62,78.11

2026-09-04T23:22:08.544Z,32.62,78.14

2026-09-04T23:22:13.546Z,32.61,78.13

2026-09-04T23:22:18.545Z,32.63,78.13

2026-09-04T23:22:23.561Z,32.61,78.06

2026-09-04T23:22:28.556Z,32.63,78.11

2026-09-04T23:22:33.557Z,32.61,78.08

2026-09-04T23:22:38.559Z,32.64,78.12

2026-09-04T23:22:43.559Z,32.64,78.08

2026-09-04T23:22:48.568Z,32.65,78.12

2026-09-04T23:22:53.560Z,32.65,78.1

2026-09-04T23:22:58.559Z,32.65,78.06

2026-09-04T23:23:03.559Z,32.65,78.1

2026-09-04T23:23:08.559Z,32.66,78.04

2026-09-04T23:23:13.568Z,32.65,78.07

2026-09-04T23:23:18.579Z,32.65,78.13

2026-09-04T23:23:23.566Z,32.67,78.06

2026-09-04T23:23:28.565Z,32.66,78.08

2026-09-04T23:23:33.567Z,32.67,77.99

2026-09-04T23:23:38.568Z,32.68,78.07

2026-09-04T23:23:43.576Z,32.69,78.04

2026-09-04T23:23:48.587Z,32.67,78.05

2026-09-04T23:23:53.575Z,32.68,78

2026-09-04T23:23:58.577Z,32.7,78.05

2026-09-04T23:24:03.575Z,32.69,78.01

2026-09-04T23:24:08.576Z,32.7,77.94

2026-09-04T23:24:13.580Z,32.72,77.94

2026-09-04T23:24:18.591Z,32.7,77.98

2026-09-04T23:24:23.589Z,32.72,77.9

2026-09-04T23:24:28.583Z,32.74,77.88

2026-09-04T23:24:33.585Z,32.76,77.93

2026-09-04T23:24:38.601Z,32.72,77.92

2026-09-04T23:24:43.585Z,32.73,77.83

2026-09-04T23:24:48.587Z,32.72,77.84

2026-09-04T23:24:53.587Z,32.75,77.81

2026-09-04T23:24:58.587Z,32.74,77.79

2026-09-04T23:25:03.587Z,32.73,77.75

2026-09-04T23:25:08.601Z,32.75,77.78

2026-09-04T23:25:13.587Z,32.75,77.69

2026-09-04T23:25:18.585Z,32.76,77.63

2026-09-04T23:25:23.588Z,32.75,77.66

2026-09-04T23:25:28.586Z,32.75,77.62

2026-09-04T23:25:33.598Z,32.77,77.62

2026-09-04T23:25:38.607Z,32.76,77.64

2026-09-04T23:25:43.596Z,32.78,77.56

2026-09-04T23:25:48.611Z,32.78,77.61

2026-09-04T23:25:53.604Z,32.77,77.59

2026-09-04T23:25:58.598Z,32.78,77.51

2026-09-04T23:26:03.598Z,32.78,77.5

2026-09-04T23:26:08.596Z,32.77,77.5

2026-09-04T23:26:13.598Z,32.8,77.46

2026-09-04T23:26:18.612Z,32.79,77.48

2026-09-04T23:26:23.599Z,32.79,77.52

2026-09-04T23:26:28.603Z,32.78,77.49

2026-09-04T23:26:33.602Z,32.81,77.51

2026-09-04T23:26:38.601Z,32.82,77.46

2026-09-04T23:26:43.599Z,32.8,77.46

2026-09-04T23:26:48.614Z,32.82,77.5

2026-09-04T23:26:53.602Z,32.81,77.45

2026-09-04T23:26:58.602Z,32.81,77.4

2026-09-04T23:27:03.604Z,32.82,77.36

2026-09-04T23:27:08.604Z,32.82,77.35

2026-09-04T23:27:13.630Z,32.83,77.35

2026-09-04T23:27:18.624Z,32.81,77.39

2026-09-04T23:27:23.623Z,32.84,77.33

2026-09-04T23:27:28.622Z,32.84,77.25

2026-09-04T23:27:33.622Z,32.82,77.35

2026-09-04T23:27:38.637Z,32.84,77.34

2026-09-04T23:27:43.624Z,32.83,77.27

2026-09-04T23:27:48.624Z,32.84,77.26

2026-09-04T23:27:53.625Z,32.88,77.3

2026-09-04T23:27:58.627Z,32.84,77.26

2026-09-04T23:28:03.629Z,32.85,77.26

2026-09-04T23:28:08.637Z,32.85,77.29

2026-09-04T23:28:13.628Z,32.83,77.3

2026-09-04T23:28:18.628Z,32.86,77.24

2026-09-04T23:28:23.629Z,32.86,77.24

2026-09-04T23:28:28.630Z,32.88,77.19

2026-09-04T23:28:33.632Z,32.88,77.24

2026-09-04T23:28:38.643Z,32.85,77.27

2026-09-04T23:28:43.632Z,32.85,77.17

2026-09-04T23:28:48.630Z,32.87,77.16

2026-09-04T23:28:53.629Z,32.88,77.1

2026-09-04T23:28:58.633Z,32.86,77.17

2026-09-04T23:29:03.644Z,32.88,77.19

2026-09-04T23:29:08.657Z,32.87,77.19

2026-09-04T23:29:13.642Z,32.88,77.16

2026-09-04T23:29:18.642Z,32.89,77.19

2026-09-04T23:29:23.652Z,32.89,77.18

2026-09-04T23:29:28.642Z,32.89,77.15

2026-09-04T23:29:33.646Z,32.88,77.12

2026-09-04T23:29:38.658Z,32.88,77.14

2026-09-04T23:29:43.647Z,32.9,77.09

2026-09-04T23:29:48.646Z,32.9,77.15

2026-09-04T23:29:53.648Z,32.9,77.12

2026-09-04T23:29:58.648Z,32.9,77.14

2026-09-04T23:30:03.665Z,32.9,77.11

2026-09-04T23:30:08.675Z,32.89,77.12

2026-09-04T23:30:13.661Z,32.92,77.13

2026-09-04T23:30:18.661Z,32.9,77.17

2026-09-04T23:30:23.661Z,32.89,77.07

2026-09-04T23:30:28.660Z,32.89,77.04

2026-09-04T23:30:33.678Z,32.92,77.09

2026-09-04T23:30:38.693Z,32.92,77.05

2026-09-04T23:30:43.676Z,32.92,77.02

2026-09-04T23:30:48.679Z,32.94,76.99

2026-09-04T23:30:53.680Z,32.92,77

2026-09-04T23:30:58.678Z,32.93,76.99

2026-09-04T23:31:03.684Z,32.93,77.05

2026-09-04T23:31:08.694Z,32.93,77.01

2026-09-04T23:31:13.684Z,32.93,77.01

2026-09-04T23:31:18.683Z,32.94,77.03

2026-09-04T23:31:23.684Z,32.95,77

2026-09-04T23:31:28.682Z,32.93,76.98

2026-09-04T23:31:33.695Z,32.94,76.96

2026-09-04T23:31:38.708Z,32.94,77.04

2026-09-04T23:31:43.698Z,32.92,76.97

2026-09-04T23:31:48.695Z,32.94,76.96

2026-09-04T23:31:53.695Z,32.96,76.95

2026-09-04T23:31:58.693Z,32.96,76.92

2026-09-04T23:32:03.695Z,32.95,76.96

2026-09-04T23:32:08.709Z,32.95,76.98

2026-09-04T23:32:13.693Z,32.96,76.88

2026-09-04T23:32:18.697Z,32.96,76.91

2026-09-04T23:32:23.696Z,32.95,76.87

2026-09-04T23:32:28.697Z,32.94,76.87

2026-09-04T23:32:33.699Z,32.96,76.85

2026-09-04T23:32:38.708Z,32.95,76.9

2026-09-04T23:32:43.697Z,32.96,76.86

2026-09-04T23:32:48.699Z,32.97,76.83

2026-09-04T23:32:53.699Z,32.96,76.84

2026-09-04T23:32:58.698Z,32.97,76.87

2026-09-04T23:33:03.699Z,32.97,76.86

2026-09-04T23:33:08.712Z,32.96,76.91

2026-09-04T23:33:13.697Z,32.97,76.9

2026-09-04T23:33:18.697Z,32.95,76.89

2026-09-04T23:33:23.698Z,32.96,76.83

2026-09-04T23:33:28.699Z,32.98,76.86

2026-09-04T23:33:33.704Z,32.98,76.9

2026-09-04T23:33:38.716Z,32.97,76.92

2026-09-04T23:33:43.703Z,32.96,76.86

2026-09-04T23:33:48.709Z,32.97,76.82

2026-09-04T23:33:53.705Z,32.98,76.79

2026-09-04T23:33:58.704Z,32.98,76.79

2026-09-04T23:34:03.713Z,32.97,76.78

2026-09-04T23:34:08.723Z,32.98,76.8

2026-09-04T23:34:13.710Z,32.99,76.79

2026-09-04T23:34:18.711Z,32.98,76.75

2026-09-04T23:34:23.712Z,32.98,76.76

2026-09-04T23:34:28.710Z,32.97,76.75

2026-09-04T23:34:33.726Z,32.99,76.74

2026-09-04T23:34:38.735Z,32.97,76.77

2026-09-04T23:34:43.722Z,32.98,76.76

2026-09-04T23:34:48.725Z,33,76.75

2026-09-04T23:34:53.725Z,33.01,76.74

2026-09-04T23:34:58.724Z,32.98,76.69

2026-09-04T23:35:03.737Z,32.99,76.77

2026-09-04T23:35:08.750Z,32.98,76.73

2026-09-04T23:35:13.737Z,33.01,76.68

2026-09-04T23:35:18.737Z,33.01,76.72

2026-09-04T23:35:23.739Z,32.99,76.71

2026-09-04T23:35:28.738Z,33.01,76.68

2026-09-04T23:35:33.746Z,32.99,76.65

2026-09-04T23:35:38.757Z,32.99,76.69

2026-09-04T23:35:43.746Z,33,76.69

2026-09-04T23:35:48.747Z,32.99,76.72

2026-09-04T23:35:53.747Z,33,76.68

2026-09-04T23:35:58.747Z,32.99,76.68

2026-09-04T23:36:03.758Z,33,76.66

2026-09-04T23:36:08.769Z,32.99,76.66

2026-09-04T23:36:13.757Z,33.01,76.71

2026-09-04T23:36:18.756Z,33.01,76.72

2026-09-04T23:36:23.759Z,33.02,76.63

2026-09-04T23:36:28.759Z,33,76.69

2026-09-04T23:36:33.762Z,33.03,76.66

2026-09-04T23:36:38.771Z,33.03,76.69

2026-09-04T23:36:43.760Z,33.04,76.65

2026-09-04T23:36:48.762Z,33.02,76.66

2026-09-04T23:36:53.764Z,33.01,76.63

2026-09-04T23:36:58.761Z,33.01,76.64

2026-09-04T23:37:03.768Z,33.02,76.63

2026-09-04T23:37:08.779Z,33.03,76.62

2026-09-04T23:37:13.765Z,33.02,76.6

2026-09-04T23:37:18.767Z,33.03,76.58

2026-09-04T23:37:23.766Z,33.03,76.55

2026-09-04T23:37:28.765Z,33.04,76.63

2026-09-04T23:37:33.781Z,33.04,76.61

2026-09-04T23:37:38.787Z,33.02,76.61

2026-09-04T23:37:43.777Z,33.05,76.63

2026-09-04T23:37:48.779Z,33.03,76.62

2026-09-04T23:37:53.787Z,33.04,76.53

2026-09-04T23:37:58.799Z,33.02,76.59

2026-09-04T23:38:03.785Z,33.04,76.53

2026-09-04T23:38:08.786Z,33.04,76.51

2026-09-04T23:38:13.786Z,33.04,76.57

2026-09-04T23:38:18.786Z,33.04,76.54

2026-09-04T23:38:23.795Z,33.05,76.58

2026-09-04T23:38:28.807Z,33.03,76.6

2026-09-04T23:38:33.797Z,33.05,76.58

2026-09-04T23:38:38.796Z,33.05,76.55

2026-09-04T23:38:43.802Z,33.04,76.59

2026-09-04T23:38:48.813Z,33.05,76.61

2026-09-04T23:38:53.801Z,33.07,76.51

2026-09-04T23:38:58.802Z,33.04,76.56

2026-09-04T23:39:03.803Z,33.04,76.45

2026-09-04T23:39:08.804Z,33.05,76.45

2026-09-04T23:39:13.805Z,33.06,76.51

2026-09-04T23:39:18.815Z,33.05,76.52

2026-09-04T23:39:23.806Z,33.07,76.48

2026-09-04T23:39:28.806Z,33.07,76.48

2026-09-04T23:39:33.803Z,33.04,76.57

2026-09-04T23:39:38.805Z,33.05,76.49

2026-09-04T23:39:43.821Z,33.06,76.52

2026-09-04T23:39:48.831Z,33.07,76.53

2026-09-04T23:39:53.820Z,33.05,76.47

2026-09-04T23:39:58.819Z,33.07,76.44

2026-09-04T23:40:03.822Z,33.06,76.5

2026-09-04T23:40:08.823Z,33.06,76.48

2026-09-04T23:40:13.827Z,33.07,76.41

2026-09-04T23:40:18.834Z,33.07,76.49

2026-09-04T23:40:23.823Z,33.07,76.46

2026-09-04T23:40:28.825Z,33.06,76.48

2026-09-04T23:40:33.822Z,33.07,76.48

2026-09-04T23:40:38.825Z,33.07,76.5

2026-09-04T23:40:43.828Z,33.07,76.42

2026-09-04T23:40:48.837Z,33.06,76.5

2026-09-04T23:40:53.826Z,33.05,76.49

2026-09-04T23:40:58.828Z,33.04,76.47

2026-09-04T23:41:03.827Z,33.06,76.48

2026-09-04T23:41:08.828Z,33.05,76.49

2026-09-04T23:41:13.847Z,33.04,76.45

2026-09-04T23:41:18.855Z,33.05,76.47

2026-09-04T23:41:23.845Z,33.05,76.46

2026-09-04T23:41:28.847Z,33.07,76.48

2026-09-04T23:41:33.845Z,33.05,76.49

2026-09-04T23:41:38.846Z,33.03,76.42

2026-09-04T23:41:43.863Z,33.03,76.48

2026-09-04T23:41:48.874Z,33.04,76.51

2026-09-04T23:41:53.859Z,33.03,76.55

2026-09-04T23:41:58.859Z,33,76.54

2026-09-04T23:42:03.860Z,33.01,76.51

2026-09-04T23:42:08.860Z,33,76.51

2026-09-04T23:42:13.868Z,33.02,76.54

2026-09-04T23:42:18.880Z,33.01,76.65

2026-09-04T23:42:23.866Z,33,76.63

2026-09-04T23:42:28.866Z,33.01,76.58

2026-09-04T23:42:33.867Z,33,76.65

2026-09-04T23:42:38.869Z,32.99,76.7

2026-09-04T23:42:43.890Z,32.98,76.72

2026-09-04T23:42:48.886Z,32.99,76.74

2026-09-04T23:42:53.885Z,32.98,76.74

2026-09-04T23:42:58.888Z,32.99,76.71

2026-09-04T23:43:03.885Z,32.98,76.74

2026-09-04T23:43:08.898Z,32.97,76.78

2026-09-04T23:43:13.886Z,32.96,76.78

2026-09-04T23:43:18.886Z,32.98,76.74

2026-09-04T23:43:23.886Z,32.99,76.8

2026-09-04T23:43:28.900Z,32.98,76.78

2026-09-04T23:43:33.889Z,32.98,76.8

2026-09-04T23:43:38.887Z,32.97,76.79

2026-09-04T23:43:43.888Z,33,76.78

2026-09-04T23:43:48.888Z,32.98,76.75

2026-09-04T23:43:53.887Z,32.99,76.77

2026-09-04T23:43:58.901Z,33,76.78

2026-09-04T23:44:03.889Z,32.98,76.74

2026-09-04T23:44:08.890Z,32.98,76.75

2026-09-04T23:44:13.890Z,32.99,76.72

2026-09-04T23:44:18.892Z,33,76.76

2026-09-04T23:44:23.890Z,32.98,76.71

2026-09-04T23:44:28.907Z,32.97,76.79

2026-09-04T23:44:33.890Z,32.99,76.75

2026-09-04T23:44:38.894Z,32.98,76.72

2026-09-04T23:44:43.891Z,32.99,76.73

2026-09-04T23:44:48.892Z,32.99,76.78

2026-09-04T23:44:53.896Z,32.98,76.78

2026-09-04T23:44:58.908Z,32.99,76.76

2026-09-04T23:45:03.898Z,32.98,76.65

2026-09-04T23:45:08.898Z,32.99,76.78

2026-09-04T23:45:13.895Z,32.99,76.68

2026-09-04T23:45:18.897Z,32.98,76.71

2026-09-04T23:45:23.914Z,32.98,76.71

2026-09-04T23:45:28.926Z,32.99,76.77

2026-09-04T23:45:33.911Z,32.99,76.72

2026-09-04T23:45:38.911Z,33,76.7

2026-09-04T23:45:43.911Z,32.98,76.76

2026-09-04T23:45:48.912Z,32.98,76.73

2026-09-04T23:45:53.920Z,32.98,76.72

2026-09-04T23:45:58.928Z,32.98,76.78

2026-09-04T23:46:03.917Z,32.99,76.81

2026-09-04T23:46:08.921Z,32.98,76.72

2026-09-04T23:46:13.920Z,32.96,76.73

2026-09-04T23:46:18.919Z,32.98,76.8

2026-09-04T23:46:23.924Z,32.98,76.81

2026-09-04T23:46:28.939Z,32.98,76.86

2026-09-04T23:46:33.922Z,32.98,76.79

2026-09-04T23:46:38.924Z,32.98,76.8

2026-09-04T23:46:43.923Z,32.98,76.81

2026-09-04T23:46:48.925Z,32.99,76.78

2026-09-04T23:46:53.937Z,32.98,76.8

2026-09-04T23:46:58.946Z,32.99,76.76

2026-09-04T23:47:03.935Z,32.98,76.78

2026-09-04T23:47:08.935Z,33,76.76

2026-09-04T23:47:13.936Z,32.99,76.7

2026-09-04T23:47:18.938Z,33,76.77

2026-09-04T23:47:23.944Z,32.99,76.72

2026-09-04T23:47:28.953Z,33.02,76.69

2026-09-04T23:47:33.942Z,33,76.68

2026-09-04T23:47:38.944Z,33,76.73

2026-09-04T23:47:43.954Z,33.01,76.63

2026-09-04T23:47:48.963Z,33,76.66

2026-09-04T23:47:53.952Z,33.01,76.66

2026-09-04T23:47:58.952Z,33.02,76.73

2026-09-04T23:48:03.952Z,33.03,76.68

2026-09-04T23:48:08.953Z,33.03,76.62

2026-09-04T23:48:13.952Z,33.03,76.63

2026-09-04T23:48:18.962Z,33,76.67

2026-09-04T23:48:23.952Z,33,76.6

2026-09-04T23:48:28.951Z,33.01,76.65

2026-09-04T23:48:33.953Z,33.01,76.64

2026-09-04T23:48:38.953Z,33.01,76.57

2026-09-04T23:48:43.954Z,33.02,76.62

2026-09-04T23:48:48.977Z,33,76.66

2026-09-04T23:48:53.955Z,33.02,76.6

2026-09-04T23:48:58.954Z,33.01,76.61

2026-09-04T23:49:03.959Z,33.01,76.61

2026-09-04T23:49:08.970Z,33,76.61

2026-09-04T23:49:13.957Z,33.02,76.5

2026-09-04T23:49:18.957Z,33.05,76.53

2026-09-04T23:49:23.956Z,33.03,76.59

2026-09-04T23:49:28.957Z,33.03,76.55

2026-09-04T23:49:33.969Z,33.02,76.52

2026-09-04T23:49:38.977Z,33.03,76.58

2026-09-04T23:49:43.964Z,33.02,76.58

2026-09-04T23:49:48.967Z,33.03,76.55

2026-09-04T23:49:53.968Z,33.01,76.6

2026-09-04T23:49:58.968Z,33.04,76.6

2026-09-04T23:50:03.974Z,33.03,76.56

2026-09-04T23:50:08.986Z,33.02,76.55

2026-09-04T23:50:13.971Z,33.05,76.52

2026-09-04T23:50:18.972Z,33.03,76.53

2026-09-04T23:50:23.970Z,33.03,76.52

2026-09-04T23:50:28.974Z,33.02,76.53

2026-09-04T23:50:33.985Z,33.03,76.47

2026-09-04T23:50:39.003Z,33.02,76.56

2026-09-04T23:50:43.984Z,33.03,76.51

2026-09-04T23:50:48.985Z,33.03,76.45

2026-09-04T23:50:53.984Z,33.03,76.46

2026-09-04T23:50:58.985Z,33.03,76.47

2026-09-04T23:51:03.990Z,33.01,76.52

2026-09-04T23:51:09.006Z,33.03,76.55

2026-09-04T23:51:13.989Z,33.03,76.51

2026-09-04T23:51:18.991Z,33.05,76.5

2026-09-04T23:51:23.988Z,33.03,76.48

2026-09-04T23:51:28.991Z,33.01,76.45

2026-09-04T23:51:34.007Z,33.03,76.49

2026-09-04T23:51:39.020Z,33.03,76.52

2026-09-04T23:51:44.006Z,33.04,76.47

2026-09-04T23:51:49.008Z,33.06,76.45

2026-09-04T23:51:54.006Z,33.04,76.47

2026-09-04T23:51:59.008Z,33.04,76.46

2026-09-04T23:52:04.010Z,33.04,76.46

2026-09-04T23:52:09.025Z,33.04,76.51

2026-09-04T23:52:14.011Z,33.04,76.47

2026-09-04T23:52:19.010Z,33.04,76.42

2026-09-04T23:52:24.009Z,33.04,76.45

2026-09-04T23:52:29.009Z,33.02,76.41

2026-09-04T23:52:34.018Z,33.03,76.49

2026-09-04T23:52:39.032Z,33.03,76.52

2026-09-04T23:52:44.021Z,33.05,76.47

2026-09-04T23:52:49.020Z,33.04,76.48

2026-09-04T23:52:54.021Z,33.04,76.45

2026-09-04T23:52:59.018Z,33.05,76.46

2026-09-04T23:53:04.039Z,33.02,76.48

2026-09-04T23:53:09.034Z,33.04,76.47

2026-09-04T23:53:14.032Z,33.01,76.44

2026-09-04T23:53:19.032Z,33.04,76.49

2026-09-04T23:53:24.035Z,33.02,76.47

2026-09-04T23:53:29.045Z,33.02,76.54

2026-09-04T23:53:34.033Z,33.02,76.48

2026-09-04T23:53:39.033Z,33.03,76.54

2026-09-04T23:53:44.039Z,33.03,76.53

2026-09-04T23:53:49.052Z,33.02,76.5

2026-09-04T23:53:54.039Z,33.02,76.51

2026-09-04T23:53:59.039Z,33,76.51

2026-09-04T23:54:04.040Z,33.02,76.53

2026-09-04T23:54:09.039Z,33.01,76.56

2026-09-04T23:54:14.040Z,33.02,76.53

2026-09-04T23:54:19.054Z,33,76.57

2026-09-04T23:54:24.043Z,33.01,76.52

2026-09-04T23:54:29.041Z,33.03,76.49

2026-09-04T23:54:34.039Z,33.02,76.51

2026-09-04T23:54:39.042Z,33.03,76.57

2026-09-04T23:54:44.043Z,33.03,76.52

2026-09-04T23:54:49.054Z,33.03,76.52

2026-09-04T23:54:54.043Z,33.02,76.47

2026-09-04T23:54:59.041Z,33.02,76.56

2026-09-04T23:55:04.040Z,33.02,76.5

2026-09-04T23:55:09.041Z,33.04,76.52

2026-09-04T23:55:14.051Z,33.02,76.48

2026-09-04T23:55:19.057Z,33.01,76.52

2026-09-04T23:55:24.049Z,33.02,76.49

2026-09-04T23:55:29.050Z,33.02,76.49

2026-09-04T23:55:34.049Z,33.03,76.47

2026-09-04T23:55:39.051Z,33.02,76.47

2026-09-04T23:55:44.062Z,33.05,76.49

2026-09-04T23:55:49.074Z,33.03,76.5

2026-09-04T23:55:54.060Z,33.02,76.45

2026-09-04T23:55:59.059Z,33.03,76.47

2026-09-04T23:56:04.061Z,33.05,76.48

2026-09-04T23:56:09.076Z,33.03,76.51

2026-09-04T23:56:14.061Z,33.05,76.49

2026-09-04T23:56:19.063Z,33.05,76.39

2026-09-04T23:56:24.067Z,33.05,76.44

2026-09-04T23:56:29.081Z,33.03,76.45

2026-09-04T23:56:34.062Z,33.04,76.43

2026-09-04T23:56:39.065Z,33.05,76.45

2026-09-04T23:56:44.066Z,33.05,76.41

2026-09-04T23:56:49.080Z,33.05,76.45

2026-09-04T23:56:54.064Z,33.05,76.4

2026-09-04T23:56:59.066Z,33.05,76.38

2026-09-04T23:57:04.064Z,33.04,76.41

2026-09-04T23:57:09.066Z,33.05,76.41

2026-09-04T23:57:14.088Z,33.06,76.4

2026-09-04T23:57:19.102Z,33.04,76.47

2026-09-04T23:57:24.087Z,33.04,76.43

2026-09-04T23:57:29.088Z,33.07,76.39

2026-09-04T23:57:34.086Z,33.09,76.36

2026-09-04T23:57:39.087Z,33.07,76.36

2026-09-04T23:57:44.111Z,33.09,76.34

2026-09-04T23:57:49.126Z,33.06,76.36

2026-09-04T23:57:54.112Z,33.06,76.35

2026-09-04T23:57:59.111Z,33.08,76.34

2026-09-04T23:58:04.112Z,33.08,76.29

2026-09-04T23:58:09.111Z,33.08,76.3

2026-09-04T23:58:14.114Z,33.08,76.26

2026-09-04T23:58:19.123Z,33.06,76.28

2026-09-04T23:58:24.113Z,33.07,76.25

2026-09-04T23:58:29.111Z,33.07,76.32

2026-09-04T23:58:34.112Z,33.06,76.3

2026-09-04T23:58:39.113Z,33.06,76.26

2026-09-04T23:58:44.112Z,33.07,76.31

2026-09-04T23:58:49.126Z,33.07,76.29

2026-09-04T23:58:54.113Z,33.06,76.24

2026-09-04T23:58:59.115Z,33.04,76.32

2026-09-04T23:59:04.114Z,33.06,76.35

2026-09-04T23:59:09.114Z,33.06,76.34

2026-09-04T23:59:14.113Z,33.06,76.32

2026-09-04T23:59:19.131Z,33.02,76.39

2026-09-04T23:59:24.115Z,33.05,76.32

2026-09-04T23:59:29.114Z,33.01,76.36

2026-09-04T23:59:34.116Z,33.05,76.4

2026-09-04T23:59:39.116Z,33.04,76.3

2026-09-04T23:59:44.119Z,33.04,76.36

2026-09-04T23:59:49.129Z,33.03,76.36

2026-09-04T23:59:54.119Z,33.04,76.35

2026-09-04T23:59:59.120Z,33.03,76.34

2026-09-05T00:00:04.119Z,33.05,76.33

2026-09-05T00:00:09.118Z,33.03,76.34

2026-09-05T00:00:14.136Z,33.04,76.4

2026-09-05T00:00:19.149Z,33.03,76.43

2026-09-05T00:00:24.135Z,33.06,76.41

2026-09-05T00:00:29.133Z,33.04,76.37

2026-09-05T00:00:34.135Z,33.03,76.39

2026-09-05T00:00:39.136Z,33.04,76.41

2026-09-05T00:00:44.145Z,33.04,76.37

2026-09-05T00:00:49.160Z,33.03,76.41

2026-09-05T00:00:54.144Z,33.03,76.39

2026-09-05T00:00:59.144Z,33.03,76.43

2026-09-05T00:01:04.145Z,33.04,76.38

2026-09-05T00:01:09.145Z,33.05,76.38

2026-09-05T00:01:14.149Z,33.05,76.42

2026-09-05T00:01:19.159Z,33.05,76.45

2026-09-05T00:01:24.149Z,33.04,76.44

2026-09-05T00:01:29.151Z,33.05,76.39

2026-09-05T00:01:34.150Z,33.06,76.39

2026-09-05T00:01:39.150Z,33.04,76.39

2026-09-05T00:01:44.160Z,33.05,76.36

2026-09-05T00:01:49.171Z,33.05,76.37

2026-09-05T00:01:54.160Z,33.06,76.34

2026-09-05T00:01:59.160Z,33.04,76.31

2026-09-05T00:02:04.159Z,33.06,76.28

2026-09-05T00:02:09.161Z,33.07,76.33

2026-09-05T00:02:14.165Z,33.06,76.34

2026-09-05T00:02:19.178Z,33.05,76.35

2026-09-05T00:02:24.162Z,33.06,76.35

2026-09-05T00:02:29.164Z,33.06,76.3

2026-09-05T00:02:34.163Z,33.07,76.34

2026-09-05T00:02:39.164Z,33.07,76.31

2026-09-05T00:02:44.177Z,33.06,76.31

2026-09-05T00:02:49.187Z,33.07,76.35

2026-09-05T00:02:54.177Z,33.07,76.32

2026-09-05T00:02:59.177Z,33.06,76.34

2026-09-05T00:03:04.177Z,33.07,76.33

2026-09-05T00:03:09.190Z,33.07,76.31

2026-09-05T00:03:14.178Z,33.05,76.26

2026-09-05T00:03:19.178Z,33.07,76.29

2026-09-05T00:03:24.177Z,33.07,76.32

2026-09-05T00:03:29.179Z,33.09,76.22

2026-09-05T00:03:34.179Z,33.07,76.29

2026-09-05T00:03:39.193Z,33.08,76.36

2026-09-05T00:03:44.182Z,33.08,76.32

2026-09-05T00:03:49.183Z,33.06,76.23

2026-09-05T00:03:54.183Z,33.07,76.21

2026-09-05T00:03:59.181Z,33.06,76.26

2026-09-05T00:04:04.182Z,33.07,76.19

2026-09-05T00:04:09.197Z,33.06,76.27

2026-09-05T00:04:14.183Z,33.08,76.23

2026-09-05T00:04:19.189Z,33.07,76.23

2026-09-05T00:04:24.184Z,33.06,76.24

2026-09-05T00:04:29.184Z,33.1,76.24

2026-09-05T00:04:34.190Z,33.08,76.24

2026-09-05T00:04:39.204Z,33.07,76.24

2026-09-05T00:04:44.189Z,33.08,76.24

2026-09-05T00:04:49.189Z,33.09,76.16

2026-09-05T00:04:54.189Z,33.08,76.22

2026-09-05T00:04:59.191Z,33.09,76.19

2026-09-05T00:05:04.193Z,33.08,76.24

2026-09-05T00:05:09.206Z,33.09,76.26

2026-09-05T00:05:14.193Z,33.09,76.25

2026-09-05T00:05:19.193Z,33.08,76.2

2026-09-05T00:05:24.194Z,33.08,76.21

2026-09-05T00:05:29.195Z,33.08,76.17

2026-09-05T00:05:34.214Z,33.08,76.2

2026-09-05T00:05:39.226Z,33.07,76.26

2026-09-05T00:05:44.214Z,33.09,76.22

2026-09-05T00:05:49.214Z,33.07,76.25

2026-09-05T00:05:54.213Z,33.08,76.2

2026-09-05T00:05:59.216Z,33.06,76.22

2026-09-05T00:06:04.222Z,33.07,76.28

2026-09-05T00:06:09.234Z,33.05,76.25

2026-09-05T00:06:14.221Z,33.06,76.27

2026-09-05T00:06:19.221Z,33.05,76.28

2026-09-05T00:06:24.222Z,33.05,76.29

2026-09-05T00:06:29.221Z,33.06,76.24

2026-09-05T00:06:34.230Z,33.05,76.24

2026-09-05T00:06:39.240Z,33.04,76.32

2026-09-05T00:06:44.228Z,33.06,76.32

2026-09-05T00:06:49.229Z,33.04,76.31

2026-09-05T00:06:54.228Z,33.04,76.27

2026-09-05T00:06:59.227Z,33.06,76.27

2026-09-05T00:07:04.229Z,33.06,76.28

2026-09-05T00:07:09.239Z,33.06,76.32

2026-09-05T00:07:14.228Z,33.05,76.27

2026-09-05T00:07:19.230Z,33.05,76.34

2026-09-05T00:07:24.227Z,33.05,76.3

2026-09-05T00:07:29.230Z,33.06,76.29

2026-09-05T00:07:34.239Z,33.08,76.28

2026-09-05T00:07:39.259Z,33.07,76.34

2026-09-05T00:07:44.240Z,33.07,76.32

2026-09-05T00:07:49.238Z,33.07,76.27

2026-09-05T00:07:54.238Z,33.07,76.22

2026-09-05T00:07:59.239Z,33.07,76.3

2026-09-05T00:08:04.250Z,33.05,76.28

2026-09-05T00:08:09.260Z,33.07,76.35

2026-09-05T00:08:14.248Z,33.06,76.24

2026-09-05T00:08:19.250Z,33.06,76.2

2026-09-05T00:08:24.249Z,33.07,76.25

2026-09-05T00:08:29.248Z,33.07,76.25

2026-09-05T00:08:34.269Z,33.07,76.25

2026-09-05T00:08:39.278Z,33.09,76.27

2026-09-05T00:08:44.267Z,33.09,76.24

2026-09-05T00:08:49.267Z,33.06,76.25

2026-09-05T00:08:54.268Z,33.08,76.29

2026-09-05T00:08:59.267Z,33.07,76.24

2026-09-05T00:09:04.278Z,33.07,76.2

2026-09-05T00:09:09.291Z,33.06,76.28

2026-09-05T00:09:14.277Z,33.07,76.27

2026-09-05T00:09:19.279Z,33.07,76.28

2026-09-05T00:09:24.276Z,33.07,76.19

2026-09-05T00:09:29.279Z,33.06,76.13

2026-09-05T00:09:34.279Z,33.05,76.04

2026-09-05T00:09:39.291Z,33.06,76.04

2026-09-05T00:09:44.280Z,33.06,76.07

2026-09-05T00:09:49.280Z,33.05,76.04

2026-09-05T00:09:54.280Z,33.03,76.05

2026-09-05T00:09:59.282Z,33.03,76.04

2026-09-05T00:10:04.280Z,33.04,75.96

2026-09-05T00:10:09.290Z,33.01,75.92

2026-09-05T00:10:14.282Z,33.01,75.89

2026-09-05T00:10:19.280Z,33.02,75.93

2026-09-05T00:10:24.280Z,32.98,76

2026-09-05T00:10:29.281Z,32.98,75.98

2026-09-05T00:10:34.281Z,32.99,76.05

2026-09-05T00:10:39.290Z,32.96,76.13

2026-09-05T00:10:44.279Z,32.97,76.18

2026-09-05T00:10:49.280Z,32.95,76.21

2026-09-05T00:10:54.280Z,32.95,76.32

2026-09-05T00:10:59.293Z,32.94,76.42

2026-09-05T00:11:04.282Z,32.94,76.43

2026-09-05T00:11:09.283Z,32.92,76.47

2026-09-05T00:11:14.284Z,32.92,76.54

2026-09-05T00:11:19.288Z,32.91,76.52

2026-09-05T00:11:24.286Z,32.91,76.6

2026-09-05T00:11:29.295Z,32.92,76.63

2026-09-05T00:11:34.284Z,32.92,76.58

2026-09-05T00:11:39.284Z,32.9,76.57

2026-09-05T00:11:44.284Z,32.92,76.64

2026-09-05T00:11:49.286Z,32.9,76.65

2026-09-05T00:11:54.303Z,32.91,76.68

2026-09-05T00:11:59.316Z,32.91,76.73

2026-09-05T00:12:04.299Z,32.91,76.66

2026-09-05T00:12:09.299Z,32.91,76.62

2026-09-05T00:12:14.300Z,32.9,76.69

2026-09-05T00:12:19.302Z,32.9,76.71

2026-09-05T00:12:24.311Z,32.89,76.68

2026-09-05T00:12:29.325Z,32.92,76.7

2026-09-05T00:12:34.310Z,32.9,76.69

2026-09-05T00:12:39.309Z,32.93,76.71

2026-09-05T00:12:44.309Z,32.92,76.62

2026-09-05T00:12:49.311Z,32.93,76.63

2026-09-05T00:12:54.314Z,32.93,76.65

2026-09-05T00:12:59.328Z,32.92,76.66

2026-09-05T00:13:04.312Z,32.94,76.58

2026-09-05T00:13:09.312Z,32.93,76.56

2026-09-05T00:13:14.311Z,32.9,76.59

2026-09-05T00:13:19.313Z,32.93,76.56

2026-09-05T00:13:24.326Z,32.93,76.51

2026-09-05T00:13:29.336Z,32.93,76.53

2026-09-05T00:13:34.324Z,32.93,76.51

2026-09-05T00:13:39.325Z,32.93,76.56

2026-09-05T00:13:44.325Z,32.93,76.52

2026-09-05T00:13:49.325Z,32.93,76.43

2026-09-05T00:13:54.339Z,32.93,76.51

2026-09-05T00:13:59.348Z,32.94,76.51

2026-09-05T00:14:04.337Z,32.92,76.48

2026-09-05T00:14:09.335Z,32.94,76.57

2026-09-05T00:14:14.335Z,32.95,76.51

2026-09-05T00:14:19.336Z,32.95,76.5

2026-09-05T00:14:24.337Z,32.95,76.52

2026-09-05T00:14:29.348Z,32.94,76.53

2026-09-05T00:14:34.336Z,32.97,76.52

2026-09-05T00:14:39.341Z,32.96,76.49

2026-09-05T00:14:44.338Z,32.96,76.52

2026-09-05T00:14:49.343Z,32.97,76.49

2026-09-05T00:14:54.350Z,32.99,76.47

2026-09-05T00:14:59.359Z,32.97,76.5

2026-09-05T00:15:04.346Z,32.99,76.41

2026-09-05T00:15:09.347Z,32.98,76.49

2026-09-05T00:15:14.347Z,32.98,76.46

2026-09-05T00:15:19.347Z,32.98,76.41

2026-09-05T00:15:24.362Z,32.98,76.47

2026-09-05T00:15:29.371Z,32.99,76.45

2026-09-05T00:15:34.360Z,32.99,76.34

2026-09-05T00:15:39.361Z,32.98,76.44

2026-09-05T00:15:44.361Z,33,76.4

2026-09-05T00:15:49.362Z,32.97,76.46

2026-09-05T00:15:54.378Z,32.99,76.48

2026-09-05T00:15:59.392Z,33,76.48

2026-09-05T00:16:04.376Z,33,76.46

2026-09-05T00:16:09.376Z,33,76.42

2026-09-05T00:16:14.377Z,32.96,76.43

2026-09-05T00:16:19.377Z,32.99,76.46

2026-09-05T00:16:24.382Z,33,76.52

2026-09-05T00:16:29.393Z,32.98,76.51

2026-09-05T00:16:34.381Z,32.99,76.52

2026-09-05T00:16:39.381Z,33,76.54

2026-09-05T00:16:44.380Z,32.99,76.49

2026-09-05T00:16:49.382Z,33.01,76.49

2026-09-05T00:16:54.396Z,33,76.43

2026-09-05T00:16:59.403Z,33,76.46

2026-09-05T00:17:04.395Z,33.01,76.48

2026-09-05T00:17:09.395Z,33,76.44

2026-09-05T00:17:14.394Z,33,76.47

2026-09-05T00:17:19.409Z,33.01,76.53

2026-09-05T00:17:24.397Z,33,76.53

2026-09-05T00:17:29.397Z,33,76.47

2026-09-05T00:17:34.397Z,33,76.46

2026-09-05T00:17:39.409Z,33.01,76.55

2026-09-05T00:17:44.400Z,33,76.49

2026-09-05T00:17:49.397Z,33.02,76.5

2026-09-05T00:17:54.398Z,33,76.43

2026-09-05T00:17:59.414Z,33,76.44

2026-09-05T00:18:04.400Z,33.01,76.46

2026-09-05T00:18:09.399Z,33.01,76.5

2026-09-05T00:18:14.399Z,33.01,76.39

2026-09-05T00:18:19.401Z,33.02,76.44

2026-09-05T00:18:24.407Z,33,76.43

2026-09-05T00:18:29.418Z,33.01,76.52

2026-09-05T00:18:34.403Z,32.99,76.44

2026-09-05T00:18:39.404Z,33.01,76.44

2026-09-05T00:18:44.402Z,33.01,76.41

2026-09-05T00:18:49.406Z,33.01,76.43

2026-09-05T00:18:54.419Z,33.02,76.43

2026-09-05T00:18:59.427Z,33.02,76.51

2026-09-05T00:19:04.416Z,33.02,76.45

2026-09-05T00:19:09.416Z,33.01,76.41

2026-09-05T00:19:14.416Z,33,76.45

2026-09-05T00:19:19.417Z,33.01,76.47

2026-09-05T00:19:24.429Z,33.01,76.53

2026-09-05T00:19:29.438Z,33.03,76.53

2026-09-05T00:19:34.427Z,33.02,76.54

2026-09-05T00:19:39.439Z,33.03,76.48

2026-09-05T00:19:44.428Z,33.02,76.44

2026-09-05T00:19:49.443Z,33.03,76.55

2026-09-05T00:19:54.430Z,33.02,76.49

2026-09-05T00:19:59.429Z,33.01,76.53

2026-09-05T00:20:04.429Z,33.02,76.53

2026-09-05T00:20:09.429Z,33.02,76.54

2026-09-05T00:20:14.429Z,33.01,76.49

2026-09-05T00:20:19.443Z,33.01,76.58

2026-09-05T00:20:24.431Z,33.01,76.55

2026-09-05T00:20:29.430Z,33.02,76.5

2026-09-05T00:20:34.431Z,33.04,76.47

2026-09-05T00:20:39.431Z,33.04,76.47

2026-09-05T00:20:44.430Z,33.04,76.48

2026-09-05T00:20:49.444Z,33.02,76.53

2026-09-05T00:20:54.431Z,33.03,76.46

2026-09-05T00:20:59.431Z,33.03,76.46

2026-09-05T00:21:04.430Z,33.02,76.4

2026-09-05T00:21:09.431Z,33.04,76.43

2026-09-05T00:21:14.432Z,33.05,76.44

2026-09-05T00:21:19.446Z,33.05,76.41

2026-09-05T00:21:24.433Z,33.06,76.35

2026-09-05T00:21:29.434Z,33.05,76.37

2026-09-05T00:21:34.433Z,33.04,76.36

2026-09-05T00:21:39.431Z,33.05,76.38

2026-09-05T00:21:44.433Z,33.05,76.36

2026-09-05T00:21:49.447Z,33.06,76.45

2026-09-05T00:21:54.432Z,33.07,76.43

2026-09-05T00:21:59.433Z,33.08,76.36

2026-09-05T00:22:04.433Z,33.06,76.37

2026-09-05T00:22:09.436Z,33.07,76.38

2026-09-05T00:22:14.444Z,33.05,76.36

2026-09-05T00:22:19.454Z,33.06,76.41

2026-09-05T00:22:24.438Z,33.07,76.36

2026-09-05T00:22:29.439Z,33.07,76.41

2026-09-05T00:22:34.442Z,33.07,76.4

2026-09-05T00:22:39.440Z,33.07,76.45

2026-09-05T00:22:44.454Z,33.06,76.4

2026-09-05T00:22:49.463Z,33.07,76.43

2026-09-05T00:22:54.453Z,33.06,76.34

2026-09-05T00:22:59.452Z,33.07,76.32

2026-09-05T00:23:04.453Z,33.07,76.33

2026-09-05T00:23:09.454Z,33.09,76.42

2026-09-05T00:23:14.466Z,33.08,76.4

2026-09-05T00:23:19.478Z,33.07,76.37

2026-09-05T00:23:24.465Z,33.09,76.37

2026-09-05T00:23:29.466Z,33.07,76.33

2026-09-05T00:23:34.465Z,33.07,76.32

2026-09-05T00:23:39.466Z,33.07,76.34

2026-09-05T00:23:44.475Z,33.08,76.32

2026-09-05T00:23:49.489Z,33.07,76.41

2026-09-05T00:23:54.474Z,33.06,76.34

2026-09-05T00:23:59.474Z,33.08,76.33

2026-09-05T00:24:04.473Z,33.08,76.36

2026-09-05T00:24:09.474Z,33.08,76.31

2026-09-05T00:24:14.486Z,33.08,76.3

2026-09-05T00:24:19.497Z,33.1,76.37

2026-09-05T00:24:24.485Z,33.08,76.37

2026-09-05T00:24:29.487Z,33.08,76.32

2026-09-05T00:24:34.486Z,33.1,76.33

2026-09-05T00:24:39.490Z,33.07,76.35

2026-09-05T00:24:44.497Z,33.08,76.31

2026-09-05T00:24:49.509Z,33.07,76.32

2026-09-05T00:24:54.495Z,33.09,76.35

2026-09-05T00:24:59.494Z,33.09,76.31

2026-09-05T00:25:04.495Z,33.11,76.36

2026-09-05T00:25:09.495Z,33.1,76.31

2026-09-05T00:25:14.500Z,33.1,76.28

2026-09-05T00:25:19.511Z,33.09,76.38

2026-09-05T00:25:24.498Z,33.1,76.34

2026-09-05T00:25:29.500Z,33.1,76.32

2026-09-05T00:25:34.499Z,33.09,76.37

2026-09-05T00:25:39.499Z,33.09,76.32

2026-09-05T00:25:44.508Z,33.07,76.35

2026-09-05T00:25:49.516Z,33.08,76.38

2026-09-05T00:25:54.506Z,33.1,76.32

2026-09-05T00:25:59.510Z,33.11,76.37

2026-09-05T00:26:04.507Z,33.09,76.36

2026-09-05T00:26:09.508Z,33.08,76.35

2026-09-05T00:26:14.518Z,33.08,76.34

2026-09-05T00:26:19.529Z,33.09,76.4

2026-09-05T00:26:24.516Z,33.1,76.35

2026-09-05T00:26:29.516Z,33.1,76.4

2026-09-05T00:26:34.515Z,33.09,76.34

2026-09-05T00:26:39.518Z,33.11,76.34

2026-09-05T00:26:44.525Z,33.12,76.29

2026-09-05T00:26:49.538Z,33.1,76.33

2026-09-05T00:26:54.523Z,33.12,76.32

2026-09-05T00:26:59.523Z,33.11,76.31

2026-09-05T00:27:04.522Z,33.11,76.33

2026-09-05T00:27:09.524Z,33.1,76.34

2026-09-05T00:27:14.539Z,33.1,76.33

2026-09-05T00:27:19.551Z,33.08,76.35

2026-09-05T00:27:24.539Z,33.1,76.27

2026-09-05T00:27:29.539Z,33.1,76.34

2026-09-05T00:27:34.538Z,33.1,76.3

2026-09-05T00:27:39.541Z,33.09,76.27

2026-09-05T00:27:44.543Z,33.11,76.32

2026-09-05T00:27:49.554Z,33.07,76.36

2026-09-05T00:27:54.542Z,33.08,76.3

2026-09-05T00:27:59.543Z,33.09,76.4

2026-09-05T00:28:04.545Z,33.08,76.34

2026-09-05T00:28:09.546Z,33.07,76.33

2026-09-05T00:28:14.559Z,33.09,76.41

2026-09-05T00:28:19.553Z,33.08,76.37

2026-09-05T00:28:24.554Z,33.08,76.39

2026-09-05T00:28:29.564Z,33.09,76.39

2026-09-05T00:28:34.554Z,33.08,76.34

2026-09-05T00:28:39.554Z,33.07,76.27

2026-09-05T00:28:44.554Z,33.09,76.33

2026-09-05T00:28:49.554Z,33.1,76.37

2026-09-05T00:28:54.554Z,33.09,76.36

2026-09-05T00:28:59.566Z,33.1,76.41

2026-09-05T00:29:04.555Z,33.07,76.38

2026-09-05T00:29:09.553Z,33.08,76.37

2026-09-05T00:29:14.554Z,33.1,76.35

2026-09-05T00:29:19.554Z,33.11,76.34

2026-09-05T00:29:24.552Z,33.09,76.38

2026-09-05T00:29:29.565Z,33.11,76.43

2026-09-05T00:29:34.556Z,33.12,76.4

2026-09-05T00:29:39.556Z,33.1,76.36

2026-09-05T00:29:44.557Z,33.09,76.38

2026-09-05T00:29:49.562Z,33.08,76.4

2026-09-05T00:29:54.571Z,33.11,76.37

2026-09-05T00:29:59.581Z,33.09,76.38

2026-09-05T00:30:04.565Z,33.09,76.39

2026-09-05T00:30:09.566Z,33.09,76.39

2026-09-05T00:30:14.566Z,33.09,76.35

2026-09-05T00:30:19.568Z,33.1,76.45

2026-09-05T00:30:24.585Z,33.11,76.42

2026-09-05T00:30:29.594Z,33.12,76.38

2026-09-05T00:30:34.584Z,33.11,76.4

2026-09-05T00:30:39.585Z,33.11,76.4

2026-09-05T00:30:44.597Z,33.11,76.38

2026-09-05T00:30:49.590Z,33.11,76.35

2026-09-05T00:30:54.591Z,33.11,76.33

2026-09-05T00:30:59.602Z,33.09,76.4

2026-09-05T00:31:04.593Z,33.08,76.34

2026-09-05T00:31:09.593Z,33.11,76.36

2026-09-05T00:31:14.591Z,33.11,76.32

2026-09-05T00:31:19.592Z,33.11,76.38

2026-09-05T00:31:24.592Z,33.08,76.41

2026-09-05T00:31:29.608Z,33.07,76.39

2026-09-05T00:31:34.591Z,33.1,76.38

2026-09-05T00:31:39.594Z,33.1,76.36

2026-09-05T00:31:44.594Z,33.1,76.34

2026-09-05T00:31:49.591Z,33.12,76.33

2026-09-05T00:31:54.592Z,33.08,76.3

2026-09-05T00:31:59.605Z,33.09,76.33

2026-09-05T00:32:04.591Z,33.09,76.39

2026-09-05T00:32:09.592Z,33.1,76.36

2026-09-05T00:32:14.591Z,33.11,76.36

2026-09-05T00:32:19.592Z,33.1,76.34

2026-09-05T00:32:24.601Z,33.11,76.39

2026-09-05T00:32:29.610Z,33.09,76.37

2026-09-05T00:32:34.600Z,33.11,76.38

2026-09-05T00:32:39.599Z,33.11,76.35

2026-09-05T00:32:44.626Z,33.08,76.35

2026-09-05T00:32:49.635Z,33.09,76.43

2026-09-05T00:32:54.620Z,33.1,76.39

2026-09-05T00:32:59.622Z,33.09,76.4

2026-09-05T00:33:04.624Z,33.1,76.39

2026-09-05T00:33:09.634Z,33.08,76.45

2026-09-05T00:33:14.625Z,33.1,76.39

2026-09-05T00:33:19.625Z,33.1,76.44

2026-09-05T00:33:24.626Z,33.1,76.36

2026-09-05T00:33:29.642Z,33.09,76.4

2026-09-05T00:33:34.629Z,33.09,76.35

2026-09-05T00:33:39.630Z,33.12,76.38

2026-09-05T00:33:44.626Z,33.1,76.44

2026-09-05T00:33:49.628Z,33.11,76.38

2026-09-05T00:33:54.629Z,33.1,76.47

2026-09-05T00:33:59.642Z,33.11,76.5

2026-09-05T00:34:04.629Z,33.11,76.42

2026-09-05T00:34:09.629Z,33.1,76.44

2026-09-05T00:34:14.627Z,33.11,76.39

2026-09-05T00:34:19.630Z,33.12,76.45

2026-09-05T00:34:24.645Z,33.11,76.44

2026-09-05T00:34:29.654Z,33.09,76.43

2026-09-05T00:34:34.642Z,33.11,76.46

2026-09-05T00:34:39.643Z,33.11,76.45

2026-09-05T00:34:44.644Z,33.11,76.44

2026-09-05T00:34:49.645Z,33.11,76.44

2026-09-05T00:34:54.649Z,33.11,76.47

2026-09-05T00:34:59.658Z,33.12,76.48

2026-09-05T00:35:04.648Z,33.1,76.39

2026-09-05T00:35:09.649Z,33.1,76.46

2026-09-05T00:35:14.650Z,33.1,76.38

2026-09-05T00:35:19.649Z,33.12,76.44

2026-09-05T00:35:24.662Z,33.09,76.39

2026-09-05T00:35:29.670Z,33.11,76.48

2026-09-05T00:35:34.661Z,33.1,76.44

2026-09-05T00:35:39.662Z,33.11,76.4

2026-09-05T00:35:44.663Z,33.14,76.43

2026-09-05T00:35:49.663Z,33.12,76.35

2026-09-05T00:35:54.668Z,33.11,76.44

2026-09-05T00:35:59.680Z,33.11,76.49

2026-09-05T00:36:04.669Z,33.09,76.41

2026-09-05T00:36:09.668Z,33.12,76.45

2026-09-05T00:36:14.667Z,33.1,76.49

2026-09-05T00:36:19.678Z,33.12,76.62

2026-09-05T00:36:24.668Z,33.1,76.5

2026-09-05T00:36:29.667Z,33.12,76.52

2026-09-05T00:36:34.669Z,33.09,76.57

2026-09-05T00:36:39.679Z,33.1,76.58

2026-09-05T00:36:44.665Z,33.09,76.51

2026-09-05T00:36:49.669Z,33.1,76.53

2026-09-05T00:36:54.669Z,33.08,76.54

2026-09-05T00:36:59.691Z,33.1,76.6

2026-09-05T00:37:04.673Z,33.08,76.52

2026-09-05T00:37:09.671Z,33.09,76.55

2026-09-05T00:37:14.671Z,33.09,76.57

2026-09-05T00:37:19.674Z,33.09,76.57

2026-09-05T00:37:24.675Z,33.1,76.64

2026-09-05T00:37:29.683Z,33.09,76.6

2026-09-05T00:37:34.674Z,33.11,76.64

2026-09-05T00:37:39.674Z,33.09,76.64

2026-09-05T00:37:44.679Z,33.11,76.68

2026-09-05T00:37:49.676Z,33.1,76.66

2026-09-05T00:37:54.699Z,33.09,76.66

2026-09-05T00:37:59.707Z,33.1,76.75

2026-09-05T00:38:04.697Z,33.11,76.65

2026-09-05T00:38:09.696Z,33.1,76.7

2026-09-05T00:38:14.696Z,33.1,76.73

2026-09-05T00:38:19.698Z,33.1,76.72

2026-09-05T00:38:24.709Z,33.09,76.7

2026-09-05T00:38:29.716Z,33.11,76.77

2026-09-05T00:38:34.705Z,33.08,76.68

2026-09-05T00:38:39.705Z,33.11,76.74

2026-09-05T00:38:44.708Z,33.1,76.74

2026-09-05T00:38:49.705Z,33.11,76.72

2026-09-05T00:38:54.714Z,33.09,76.73

2026-09-05T00:38:59.725Z,33.08,76.82

2026-09-05T00:39:04.712Z,33.08,76.74

2026-09-05T00:39:09.712Z,33.09,76.75

2026-09-05T00:39:14.712Z,33.08,76.74

2026-09-05T00:39:19.712Z,33.09,76.67

2026-09-05T00:39:24.720Z,33.1,76.77

2026-09-05T00:39:29.733Z,33.09,76.77

2026-09-05T00:39:34.717Z,33.08,76.76

2026-09-05T00:39:39.717Z,33.1,76.79

2026-09-05T00:39:44.719Z,33.11,76.75

2026-09-05T00:39:49.719Z,33.1,76.78

2026-09-05T00:39:54.719Z,33.09,76.78

2026-09-05T00:39:59.730Z,33.08,76.79

2026-09-05T00:40:04.720Z,33.1,76.76

2026-09-05T00:40:09.718Z,33.11,76.76

2026-09-05T00:40:14.719Z,33.1,76.76

2026-09-05T00:40:19.718Z,33.08,76.73

2026-09-05T00:40:24.724Z,33.09,76.8

2026-09-05T00:40:29.734Z,33.1,76.84

2026-09-05T00:40:34.725Z,33.08,76.83

2026-09-05T00:40:39.722Z,33.09,76.82

2026-09-05T00:40:44.723Z,33.1,76.85

2026-09-05T00:40:49.724Z,33.09,76.85

2026-09-05T00:40:54.741Z,33.1,76.84

2026-09-05T00:40:59.752Z,33.09,76.87

2026-09-05T00:41:04.736Z,33.09,76.85

2026-09-05T00:41:09.739Z,33.11,76.82

2026-09-05T00:41:14.737Z,33.11,76.82

2026-09-05T00:41:19.739Z,33.1,76.75

2026-09-05T00:41:24.758Z,33.11,76.79

2026-09-05T00:41:29.767Z,33.1,76.77

2026-09-05T00:41:34.756Z,33.1,76.71

2026-09-05T00:41:39.755Z,33.1,76.71

2026-09-05T00:41:44.753Z,33.12,76.7

2026-09-05T00:41:49.755Z,33.12,76.74

2026-09-05T00:41:54.762Z,33.11,76.76

2026-09-05T00:41:59.776Z,33.11,76.86

2026-09-05T00:42:04.761Z,33.1,76.79

2026-09-05T00:42:09.764Z,33.11,76.83

2026-09-05T00:42:14.764Z,33.13,76.89

2026-09-05T00:42:19.764Z,33.14,76.8

2026-09-05T00:42:24.779Z,33.13,76.82

2026-09-05T00:42:29.787Z,33.11,76.85

2026-09-05T00:42:34.777Z,33.14,76.77

2026-09-05T00:42:39.788Z,33.1,76.82

2026-09-05T00:42:44.777Z,33.11,76.75

2026-09-05T00:42:49.778Z,33.14,76.85

2026-09-05T00:42:54.778Z,33.14,76.78

2026-09-05T00:42:59.778Z,33.13,76.77

2026-09-05T00:43:04.779Z,33.15,76.87

2026-09-05T00:43:09.791Z,33.16,76.83

2026-09-05T00:43:14.778Z,33.13,76.83

2026-09-05T00:43:19.778Z,33.13,76.87

2026-09-05T00:43:24.778Z,33.14,76.88

2026-09-05T00:43:29.780Z,33.15,76.86

2026-09-05T00:43:34.780Z,33.15,76.82

2026-09-05T00:43:39.791Z,33.15,76.9

2026-09-05T00:43:44.781Z,33.15,76.86

2026-09-05T00:43:49.781Z,33.14,76.87

2026-09-05T00:43:54.782Z,33.16,76.82

2026-09-05T00:43:59.781Z,33.17,76.81

2026-09-05T00:44:04.782Z,33.15,76.82

2026-09-05T00:44:09.794Z,33.15,76.85

2026-09-05T00:44:14.779Z,33.16,76.74

2026-09-05T00:44:19.780Z,33.16,76.8

2026-09-05T00:44:24.782Z,33.16,76.71

2026-09-05T00:44:29.782Z,33.16,76.75

2026-09-05T00:44:34.801Z,33.17,76.71

2026-09-05T00:44:39.805Z,33.17,76.67

2026-09-05T00:44:44.798Z,33.15,76.71

2026-09-05T00:44:49.804Z,33.18,76.65

2026-09-05T00:44:54.800Z,33.18,76.65

2026-09-05T00:44:59.800Z,33.16,76.67

2026-09-05T00:45:04.808Z,33.18,76.68

2026-09-05T00:45:09.827Z,33.15,76.76

2026-09-05T00:45:14.807Z,33.16,76.67

2026-09-05T00:45:19.810Z,33.17,76.7

2026-09-05T00:45:24.808Z,33.16,76.66

2026-09-05T00:45:29.817Z,33.18,76.74

2026-09-05T00:45:34.813Z,33.18,76.7

2026-09-05T00:45:39.824Z,33.16,76.66

2026-09-05T00:45:44.812Z,33.17,76.63

2026-09-05T00:45:49.811Z,33.2,76.66

2026-09-05T00:45:54.813Z,33.19,76.69

2026-09-05T00:45:59.815Z,33.19,76.7

2026-09-05T00:46:04.814Z,33.18,76.59

2026-09-05T00:46:09.832Z,33.18,76.7

2026-09-05T00:46:14.816Z,33.17,76.61

2026-09-05T00:46:19.816Z,33.16,76.61

2026-09-05T00:46:24.818Z,33.17,76.6

2026-09-05T00:46:29.816Z,33.18,76.6

2026-09-05T00:46:34.818Z,33.19,76.57

2026-09-05T00:46:39.836Z,33.17,76.63

2026-09-05T00:46:44.818Z,33.19,76.62

2026-09-05T00:46:49.820Z,33.2,76.59

2026-09-05T00:46:54.818Z,33.18,76.58

2026-09-05T00:46:59.818Z,33.16,76.61

2026-09-05T00:47:04.816Z,33.16,76.58

2026-09-05T00:47:09.853Z,33.17,76.73

2026-09-05T00:47:14.823Z,33.18,76.58

2026-09-05T00:47:19.821Z,33.18,76.65

2026-09-05T00:47:24.821Z,33.18,76.6

2026-09-05T00:47:29.823Z,33.17,76.69

2026-09-05T00:47:34.820Z,33.17,76.64

2026-09-05T00:47:39.832Z,33.16,76.72

2026-09-05T00:47:44.823Z,33.18,76.7

2026-09-05T00:47:49.823Z,33.17,76.61

2026-09-05T00:47:54.823Z,33.16,76.66

2026-09-05T00:47:59.822Z,33.18,76.63

2026-09-05T00:48:04.836Z,33.17,76.68

2026-09-05T00:48:09.842Z,33.16,76.69

2026-09-05T00:48:14.831Z,33.17,76.69

2026-09-05T00:48:19.831Z,33.15,76.64

2026-09-05T00:48:24.829Z,33.17,76.7

2026-09-05T00:48:29.831Z,33.17,76.67

2026-09-05T00:48:34.842Z,33.17,76.63

2026-09-05T00:48:39.853Z,33.18,76.69

2026-09-05T00:48:44.841Z,33.17,76.6

2026-09-05T00:48:49.842Z,33.17,76.66

2026-09-05T00:48:54.841Z,33.16,76.67

2026-09-05T00:48:59.842Z,33.18,76.65

2026-09-05T00:49:04.849Z,33.17,76.66

2026-09-05T00:49:09.863Z,33.15,76.77

2026-09-05T00:49:14.848Z,33.16,76.7

2026-09-05T00:49:19.850Z,33.17,76.72

2026-09-05T00:49:24.851Z,33.16,76.73

2026-09-05T00:49:29.848Z,33.16,76.72

2026-09-05T00:49:34.857Z,33.15,76.68

2026-09-05T00:49:39.871Z,33.14,76.74

2026-09-05T00:49:44.856Z,33.15,76.73

2026-09-05T00:49:49.855Z,33.15,76.76

2026-09-05T00:49:54.855Z,33.15,76.81

2026-09-05T00:49:59.856Z,33.13,76.86

2026-09-05T00:50:04.862Z,33.14,76.82

2026-09-05T00:50:09.871Z,33.14,76.76

2026-09-05T00:50:14.860Z,33.15,76.85

2026-09-05T00:50:19.862Z,33.15,76.83

2026-09-05T00:50:24.863Z,33.13,76.85

2026-09-05T00:50:29.862Z,33.14,76.84

2026-09-05T00:50:34.880Z,33.15,76.83

2026-09-05T00:50:39.893Z,33.14,76.89

2026-09-05T00:50:44.878Z,33.16,76.85

2026-09-05T00:50:49.880Z,33.15,76.84

2026-09-05T00:50:54.877Z,33.14,76.85

2026-09-05T00:50:59.879Z,33.15,76.79

2026-09-05T00:51:04.887Z,33.12,76.83

2026-09-05T00:51:09.896Z,33.16,76.9

2026-09-05T00:51:14.883Z,33.16,76.79

2026-09-05T00:51:19.886Z,33.16,76.83

2026-09-05T00:51:24.884Z,33.15,76.85

2026-09-05T00:51:29.884Z,33.16,76.84

2026-09-05T00:51:34.909Z,33.13,76.82

2026-09-05T00:51:39.900Z,33.17,76.78

2026-09-05T00:51:44.901Z,33.17,76.79

2026-09-05T00:51:49.902Z,33.16,76.8

2026-09-05T00:51:54.906Z,33.17,76.82

2026-09-05T00:51:59.914Z,33.14,76.81

2026-09-05T00:52:04.902Z,33.16,76.78

2026-09-05T00:52:09.911Z,33.15,76.78

2026-09-05T00:52:14.903Z,33.15,76.84

2026-09-05T00:52:19.903Z,33.15,76.85

2026-09-05T00:52:24.904Z,33.15,76.8

2026-09-05T00:52:29.914Z,33.14,76.82

2026-09-05T00:52:34.904Z,33.15,76.82

2026-09-05T00:52:39.905Z,33.15,76.77

2026-09-05T00:52:44.904Z,33.16,76.73

2026-09-05T00:52:49.905Z,33.14,76.77

2026-09-05T00:52:54.903Z,33.16,76.71

2026-09-05T00:52:59.918Z,33.13,76.81

2026-09-05T00:53:04.903Z,33.15,76.71

2026-09-05T00:53:09.906Z,33.15,76.71

2026-09-05T00:53:14.924Z,33.16,76.74

2026-09-05T00:53:19.940Z,33.16,76.74

2026-09-05T00:53:24.924Z,33.15,76.7

2026-09-05T00:53:29.926Z,33.14,76.79

2026-09-05T00:53:34.924Z,33.15,76.71

2026-09-05T00:53:39.926Z,33.17,76.69

2026-09-05T00:53:44.931Z,33.13,76.73

2026-09-05T00:53:49.944Z,33.14,76.74

2026-09-05T00:53:54.930Z,33.15,76.75

2026-09-05T00:53:59.930Z,33.14,76.81

2026-09-05T00:54:04.931Z,33.13,76.71

2026-09-05T00:54:09.931Z,33.14,76.74

2026-09-05T00:54:14.944Z,33.14,76.77

2026-09-05T00:54:19.954Z,33.11,76.87

2026-09-05T00:54:24.944Z,33.12,76.8

2026-09-05T00:54:29.944Z,33.15,76.81

2026-09-05T00:54:34.944Z,33.12,76.84

2026-09-05T00:54:39.942Z,33.1,76.85

2026-09-05T00:54:44.944Z,33.11,76.82

2026-09-05T00:54:49.951Z,33.12,76.91

2026-09-05T00:54:54.943Z,33.1,76.9

2026-09-05T00:54:59.944Z,33.11,76.93

2026-09-05T00:55:04.946Z,33.11,76.9

2026-09-05T00:55:09.946Z,33.11,76.88

2026-09-05T00:55:14.949Z,33.1,76.9

2026-09-05T00:55:19.957Z,33.11,76.91

2026-09-05T00:55:24.950Z,33.1,76.89

2026-09-05T00:55:29.951Z,33.11,76.87

2026-09-05T00:55:34.946Z,33.11,76.83

2026-09-05T00:55:39.952Z,33.11,76.7

2026-09-05T00:55:44.968Z,33.12,76.79

2026-09-05T00:55:49.979Z,33.12,76.81

2026-09-05T00:55:54.969Z,33.11,76.84

2026-09-05T00:55:59.965Z,33.09,76.88

2026-09-05T00:56:04.964Z,33.1,76.82

2026-09-05T00:56:09.965Z,33.11,76.87

2026-09-05T00:56:14.982Z,33.11,76.9

2026-09-05T00:56:19.994Z,33.09,76.92

2026-09-05T00:56:24.981Z,33.09,76.89

2026-09-05T00:56:29.981Z,33.1,76.87

2026-09-05T00:56:34.980Z,33.1,76.91

2026-09-05T00:56:39.984Z,33.1,76.94

2026-09-05T00:56:44.987Z,33.1,76.91

2026-09-05T00:56:49.999Z,33.07,76.98

2026-09-05T00:56:54.985Z,33.1,76.96

2026-09-05T00:56:59.984Z,33.09,76.93

2026-09-05T00:57:04.984Z,33.09,76.93

2026-09-05T00:57:09.984Z,33.09,76.98

2026-09-05T00:57:15.002Z,33.07,76.95

2026-09-05T00:57:20.013Z,33.09,77.05

2026-09-05T00:57:25.001Z,33.08,76.98

2026-09-05T00:57:29.999Z,33.08,76.96

2026-09-05T00:57:35.000Z,33.09,77.03

2026-09-05T00:57:40.003Z,33.06,77.06

2026-09-05T00:57:45.006Z,33.06,77.07

2026-09-05T00:57:50.016Z,33.07,77.06

2026-09-05T00:57:55.005Z,33.06,77.04

2026-09-05T00:58:00.005Z,33.07,77.08

2026-09-05T00:58:05.006Z,33.07,77.07

2026-09-05T00:58:10.005Z,33.06,77.05

2026-09-05T00:58:15.016Z,33.07,77.08

2026-09-05T00:58:20.031Z,33.06,77.12

2026-09-05T00:58:25.017Z,33.07,77

2026-09-05T00:58:30.018Z,33.07,76.97

2026-09-05T00:58:35.017Z,33.08,77.01

2026-09-05T00:58:40.017Z,33.1,77.02

2026-09-05T00:58:45.020Z,33.09,77.05

2026-09-05T00:58:50.034Z,33.06,77.01

2026-09-05T00:58:55.019Z,33.05,76.99

2026-09-05T00:59:00.017Z,33.1,77.05

2026-09-05T00:59:05.015Z,33.12,77.03

2026-09-05T00:59:10.019Z,33.1,76.99

2026-09-05T00:59:15.026Z,33.09,77.01

2026-09-05T00:59:20.036Z,33.11,76.98

2026-09-05T00:59:25.024Z,33.08,76.96

2026-09-05T00:59:30.025Z,33.1,76.98

2026-09-05T00:59:35.028Z,33.1,76.98

2026-09-05T00:59:40.023Z,33.1,76.93

2026-09-05T00:59:45.041Z,33.11,76.94

2026-09-05T00:59:50.060Z,33.09,76.94

2026-09-05T00:59:55.038Z,33.1,76.92

2026-09-05T01:00:00.037Z,33.12,76.93

2026-09-05T01:00:05.038Z,33.11,76.91

2026-09-05T01:00:10.041Z,33.11,76.92

2026-09-05T01:00:15.048Z,33.1,76.92

2026-09-05T01:00:20.063Z,33.1,76.99

2026-09-05T01:00:25.047Z,33.11,76.88

2026-09-05T01:00:30.046Z,33.11,76.87

2026-09-05T01:00:35.050Z,33.11,76.92

2026-09-05T01:00:40.064Z,33.09,76.91

2026-09-05T01:00:45.048Z,33.12,76.89

2026-09-05T01:00:50.049Z,33.13,76.88

2026-09-05T01:00:55.050Z,33.11,76.85

2026-09-05T01:01:00.062Z,33.12,76.87

2026-09-05T01:01:05.051Z,33.11,76.88

2026-09-05T01:01:10.050Z,33.13,76.88

2026-09-05T01:01:15.049Z,33.12,76.8

2026-09-05T01:01:20.050Z,33.09,76.8

2026-09-05T01:01:25.051Z,33.11,76.9

2026-09-05T01:01:30.063Z,33.12,76.89

2026-09-05T01:01:35.051Z,33.11,76.89

2026-09-05T01:01:40.052Z,33.1,76.93

2026-09-05T01:01:45.053Z,33.12,76.94

2026-09-05T01:01:50.052Z,33.11,76.96

2026-09-05T01:01:55.052Z,33.11,76.95

2026-09-05T01:02:00.064Z,33.11,76.91

2026-09-05T01:02:05.053Z,33.08,76.91

2026-09-05T01:02:10.052Z,33.13,76.95

2026-09-05T01:02:15.052Z,33.09,76.95

2026-09-05T01:02:20.052Z,33.1,76.92

2026-09-05T01:02:25.066Z,33.09,76.96

2026-09-05T01:02:30.078Z,33.1,77.02

2026-09-05T01:02:35.064Z,33.1,76.9

2026-09-05T01:02:40.065Z,33.1,77

2026-09-05T01:02:45.064Z,33.09,76.96

2026-09-05T01:02:50.065Z,33.08,76.96

2026-09-05T01:02:55.073Z,33.08,77.02

2026-09-05T01:03:00.083Z,33.11,76.97

2026-09-05T01:03:05.072Z,33.09,76.98

2026-09-05T01:03:10.075Z,33.07,76.96

2026-09-05T01:03:15.074Z,33.06,76.98

2026-09-05T01:03:20.073Z,33.05,76.99

2026-09-05T01:03:25.083Z,33.05,77.01

2026-09-05T01:03:30.089Z,33.04,77.13

2026-09-05T01:03:35.082Z,33.06,77.13

2026-09-05T01:03:40.081Z,33.03,77.2

2026-09-05T01:03:45.082Z,33.05,77.23

2026-09-05T01:03:50.082Z,33.04,77.14

2026-09-05T01:03:55.089Z,33.03,77.18

2026-09-05T01:04:00.097Z,33.05,77.27

2026-09-05T01:04:05.088Z,33.04,77.21

2026-09-05T01:04:10.088Z,33.04,77.24

2026-09-05T01:04:15.089Z,33.05,77.22

2026-09-05T01:04:20.089Z,33.04,77.19

2026-09-05T01:04:25.098Z,33.04,77.23

2026-09-05T01:04:30.104Z,33,77.29

2026-09-05T01:04:35.094Z,33.02,77.26

2026-09-05T01:04:40.095Z,33.03,77.29

2026-09-05T01:04:45.097Z,33.02,77.23

2026-09-05T01:04:50.099Z,33.03,77.27

2026-09-05T01:04:55.109Z,33.01,77.32

2026-09-05T01:05:00.117Z,33.01,77.38

2026-09-05T01:05:05.107Z,33,77.35

2026-09-05T01:05:10.109Z,33.02,77.38

2026-09-05T01:05:15.107Z,33,77.38

2026-09-05T01:05:20.121Z,33.02,77.44

2026-09-05T01:05:25.109Z,33,77.39

2026-09-05T01:05:30.112Z,33.01,77.47

2026-09-05T01:05:35.112Z,33,77.37

2026-09-05T01:05:40.115Z,33,77.34

2026-09-05T01:05:45.119Z,33.02,77.35

2026-09-05T01:05:50.127Z,33,77.32

2026-09-05T01:05:55.118Z,33,77.3

2026-09-05T01:06:00.119Z,32.99,77.27

2026-09-05T01:06:05.118Z,32.99,77.3

2026-09-05T01:06:10.118Z,33,77.37

2026-09-05T01:06:15.118Z,32.97,77.39

2026-09-05T01:06:20.129Z,32.99,77.37

2026-09-05T01:06:25.119Z,32.98,77.38

2026-09-05T01:06:30.118Z,32.98,77.34

2026-09-05T01:06:35.120Z,32.97,77.36

2026-09-05T01:06:40.131Z,32.97,77.42

2026-09-05T01:06:45.121Z,32.98,77.4

2026-09-05T01:06:50.122Z,32.96,77.45

2026-09-05T01:06:55.122Z,32.99,77.4

2026-09-05T01:07:00.122Z,32.97,77.43

2026-09-05T01:07:05.124Z,32.95,77.36

2026-09-05T01:07:10.145Z,32.95,77.46

2026-09-05T01:07:15.122Z,32.94,77.47

2026-09-05T01:07:20.124Z,32.96,77.54

2026-09-05T01:07:25.124Z,32.97,77.54

2026-09-05T01:07:30.124Z,32.98,77.54

2026-09-05T01:07:35.135Z,32.96,77.58

2026-09-05T01:07:40.149Z,32.96,77.56

2026-09-05T01:07:45.133Z,32.96,77.49

2026-09-05T01:07:50.134Z,32.96,77.55

2026-09-05T01:07:55.134Z,32.95,77.54

2026-09-05T01:08:00.136Z,32.97,77.47

2026-09-05T01:08:05.143Z,32.95,77.53

2026-09-05T01:08:10.156Z,32.95,77.58

2026-09-05T01:08:15.143Z,32.95,77.49

2026-09-05T01:08:20.142Z,32.95,77.54

2026-09-05T01:08:25.141Z,32.93,77.51

2026-09-05T01:08:30.142Z,32.94,77.5

2026-09-05T01:08:35.164Z,32.93,77.57

2026-09-05T01:08:40.177Z,32.93,77.56

2026-09-05T01:08:45.163Z,32.92,77.57

2026-09-05T01:08:50.165Z,32.94,77.59

2026-09-05T01:08:55.163Z,32.94,77.59

2026-09-05T01:09:00.163Z,32.94,77.6

2026-09-05T01:09:05.174Z,32.94,77.6

2026-09-05T01:09:10.183Z,32.92,77.65

2026-09-05T01:09:15.170Z,32.94,77.72

2026-09-05T01:09:20.175Z,32.92,77.73

2026-09-05T01:09:25.173Z,32.93,77.68

2026-09-05T01:09:30.171Z,32.92,77.68

2026-09-05T01:09:35.177Z,32.92,77.75

2026-09-05T01:09:40.189Z,32.91,77.77

2026-09-05T01:09:45.176Z,32.92,77.72

2026-09-05T01:09:50.178Z,32.92,77.75

2026-09-05T01:09:55.179Z,32.93,77.79

2026-09-05T01:10:00.178Z,32.94,77.81

2026-09-05T01:10:05.179Z,32.94,77.84

2026-09-05T01:10:10.188Z,32.94,77.86

2026-09-05T01:10:15.177Z,32.95,77.79

2026-09-05T01:10:20.180Z,32.94,77.77

2026-09-05T01:10:25.178Z,32.94,77.84

2026-09-05T01:10:30.179Z,32.96,77.77

2026-09-05T01:10:35.184Z,32.93,77.78

2026-09-05T01:10:40.202Z,32.92,77.82

2026-09-05T01:10:45.188Z,32.96,77.83

2026-09-05T01:10:50.187Z,32.93,77.77

2026-09-05T01:10:55.183Z,32.94,77.77

2026-09-05T01:11:00.182Z,32.94,77.77

2026-09-05T01:11:05.197Z,32.96,77.81

2026-09-05T01:11:10.207Z,32.96,77.85

2026-09-05T01:11:15.195Z,32.96,77.82

2026-09-05T01:11:20.196Z,32.97,77.95

2026-09-05T01:11:25.194Z,32.95,77.96

2026-09-05T01:11:30.196Z,32.97,78.01

2026-09-05T01:11:35.207Z,32.96,78.08

2026-09-05T01:11:40.219Z,32.94,78.08

2026-09-05T01:11:45.206Z,32.97,78.19

2026-09-05T01:11:50.220Z,32.96,78.19

2026-09-05T01:11:55.206Z,32.95,78.03

2026-09-05T01:12:00.206Z,32.97,77.99

2026-09-05T01:12:05.206Z,32.99,77.97

2026-09-05T01:12:10.206Z,32.96,78.05

2026-09-05T01:12:15.207Z,32.97,78.15

2026-09-05T01:12:20.223Z,32.96,78.25

2026-09-05T01:12:25.207Z,32.95,78.17

2026-09-05T01:12:30.209Z,32.97,78.31

2026-09-05T01:12:35.210Z,32.98,78.29

2026-09-05T01:12:40.210Z,32.97,78.42

2026-09-05T01:12:45.213Z,32.94,78.52

2026-09-05T01:12:50.224Z,32.95,78.64

2026-09-05T01:12:55.213Z,32.96,78.64

2026-09-05T01:13:00.211Z,32.96,78.5

2026-09-05T01:13:05.212Z,32.95,78.33

2026-09-05T01:13:10.213Z,32.96,78.21

2026-09-05T01:13:15.230Z,32.95,78.29

2026-09-05T01:13:20.223Z,32.94,78.34

2026-09-05T01:13:25.214Z,32.95,78.46

2026-09-05T01:13:30.215Z,32.94,78.44

2026-09-05T01:13:35.214Z,32.96,78.52

2026-09-05T01:13:40.212Z,32.94,78.51

2026-09-05T01:13:45.216Z,32.95,78.57

2026-09-05T01:13:50.231Z,32.94,78.61

2026-09-05T01:13:55.216Z,32.93,78.53

2026-09-05T01:14:00.215Z,32.9,78.53

2026-09-05T01:14:05.218Z,32.91,78.71

2026-09-05T01:14:10.217Z,32.9,78.63

2026-09-05T01:14:15.242Z,32.89,78.67

2026-09-05T01:14:20.255Z,32.88,78.68

2026-09-05T01:14:25.239Z,32.88,78.76

2026-09-05T01:14:30.241Z,32.86,78.79

2026-09-05T01:14:35.238Z,32.86,78.74

2026-09-05T01:14:40.241Z,32.88,78.84

2026-09-05T01:14:45.247Z,32.85,78.78

2026-09-05T01:14:50.260Z,32.84,78.9

2026-09-05T01:14:55.246Z,32.84,78.87

2026-09-05T01:15:00.247Z,32.85,79.01

2026-09-05T01:15:05.248Z,32.84,78.99

2026-09-05T01:15:10.248Z,32.82,78.99

2026-09-05T01:15:15.267Z,32.83,78.97

2026-09-05T01:15:20.275Z,32.79,78.99

2026-09-05T01:15:25.271Z,32.82,79.04

2026-09-05T01:15:30.264Z,32.8,79.02

2026-09-05T01:15:35.264Z,32.77,79.03

2026-09-05T01:15:40.266Z,32.78,79.07

2026-09-05T01:15:45.267Z,32.76,79.1

2026-09-05T01:15:50.275Z,32.76,79.19

2026-09-05T01:15:55.268Z,32.77,79.18

2026-09-05T01:16:00.268Z,32.76,79.16

2026-09-05T01:16:05.269Z,32.76,79.23

2026-09-05T01:16:10.269Z,32.74,79.24

2026-09-05T01:16:15.270Z,32.75,79.24

2026-09-05T01:16:20.282Z,32.73,79.26

2026-09-05T01:16:25.267Z,32.74,79.25

2026-09-05T01:16:30.268Z,32.73,79.29

2026-09-05T01:16:35.267Z,32.71,79.27

2026-09-05T01:16:40.268Z,32.74,79.32

2026-09-05T01:16:45.269Z,32.72,79.35

2026-09-05T01:16:50.282Z,32.71,79.31

2026-09-05T01:16:55.268Z,32.72,79.29

2026-09-05T01:17:00.269Z,32.7,79.33

2026-09-05T01:17:05.267Z,32.71,79.34

2026-09-05T01:17:10.267Z,32.71,79.38

2026-09-05T01:17:15.280Z,32.71,79.38

2026-09-05T01:17:20.291Z,32.69,79.4

2026-09-05T01:17:25.280Z,32.68,79.45

2026-09-05T01:17:30.281Z,32.67,79.43

2026-09-05T01:17:35.280Z,32.67,79.49

2026-09-05T01:17:40.281Z,32.68,79.51

2026-09-05T01:17:45.291Z,32.66,79.43

2026-09-05T01:17:50.302Z,32.66,79.52

2026-09-05T01:17:55.290Z,32.64,79.47

2026-09-05T01:18:00.291Z,32.64,79.48

2026-09-05T01:18:05.291Z,32.65,79.5

2026-09-05T01:18:10.289Z,32.64,79.54

2026-09-05T01:18:15.306Z,32.64,79.55

2026-09-05T01:18:20.319Z,32.62,79.61

2026-09-05T01:18:25.301Z,32.61,79.56

2026-09-05T01:18:30.304Z,32.6,79.62

2026-09-05T01:18:35.302Z,32.61,79.57

2026-09-05T01:18:40.303Z,32.61,79.58

2026-09-05T01:18:45.306Z,32.61,79.64

2026-09-05T01:18:50.320Z,32.58,79.73

2026-09-05T01:18:55.307Z,32.59,79.63

2026-09-05T01:19:00.307Z,32.58,79.66

2026-09-05T01:19:05.307Z,32.59,79.66

2026-09-05T01:19:10.308Z,32.57,79.72

2026-09-05T01:19:15.320Z,32.58,79.68

2026-09-05T01:19:20.332Z,32.58,79.79

2026-09-05T01:19:25.318Z,32.58,79.76

2026-09-05T01:19:30.319Z,32.57,79.69

2026-09-05T01:19:35.316Z,32.55,79.73

2026-09-05T01:19:40.318Z,32.56,79.77

2026-09-05T01:19:45.329Z,32.57,79.74

2026-09-05T01:19:50.339Z,32.57,79.85

2026-09-05T01:19:55.327Z,32.55,79.78

2026-09-05T01:20:00.330Z,32.54,79.8

2026-09-05T01:20:05.327Z,32.54,79.82

2026-09-05T01:20:10.326Z,32.54,79.79

2026-09-05T01:20:15.334Z,32.54,79.77

2026-09-05T01:20:20.344Z,32.53,79.86

2026-09-05T01:20:25.332Z,32.53,79.84

2026-09-05T01:20:30.332Z,32.53,79.85

2026-09-05T01:20:35.332Z,32.53,79.9

2026-09-05T01:20:40.331Z,32.53,79.88

2026-09-05T01:20:45.335Z,32.55,79.89

2026-09-05T01:20:50.350Z,32.53,79.9

2026-09-05T01:20:55.335Z,32.52,79.91

2026-09-05T01:21:00.335Z,32.5,79.82

2026-09-05T01:21:05.336Z,32.53,79.94

2026-09-05T01:21:10.337Z,32.51,79.96

2026-09-05T01:21:15.345Z,32.52,79.97

2026-09-05T01:21:20.356Z,32.51,79.97

2026-09-05T01:21:25.343Z,32.52,79.9

2026-09-05T01:21:30.341Z,32.52,79.91

2026-09-05T01:21:35.342Z,32.51,79.93

2026-09-05T01:21:40.346Z,32.53,79.77

2026-09-05T01:21:45.359Z,32.51,79.84

2026-09-05T01:21:50.371Z,32.5,79.89

2026-09-05T01:21:55.355Z,32.52,79.8

2026-09-05T01:22:00.356Z,32.51,79.8

2026-09-05T01:22:05.359Z,32.5,79.78

2026-09-05T01:22:10.356Z,32.51,79.78

2026-09-05T01:22:15.366Z,32.5,79.79

2026-09-05T01:22:20.379Z,32.52,79.88

2026-09-05T01:22:25.364Z,32.5,79.84

2026-09-05T01:22:30.366Z,32.52,79.87

2026-09-05T01:22:35.366Z,32.54,79.84

2026-09-05T01:22:40.366Z,32.52,79.84

2026-09-05T01:22:45.382Z,32.54,79.81

2026-09-05T01:22:50.393Z,32.53,79.76

2026-09-05T01:22:55.381Z,32.52,79.77

2026-09-05T01:23:00.383Z,32.53,79.78

2026-09-05T01:23:05.381Z,32.53,79.67

2026-09-05T01:23:10.384Z,32.53,79.65

2026-09-05T01:23:15.411Z,32.54,79.65

2026-09-05T01:23:20.427Z,32.53,79.69

2026-09-05T01:23:25.411Z,32.54,79.63

2026-09-05T01:23:30.412Z,32.54,79.68

2026-09-05T01:23:35.412Z,32.53,79.63

2026-09-05T01:23:40.412Z,32.52,79.63

2026-09-05T01:23:45.411Z,32.54,79.67

2026-09-05T01:23:50.426Z,32.53,79.71

2026-09-05T01:23:55.413Z,32.54,79.65

2026-09-05T01:24:00.414Z,32.55,79.67

2026-09-05T01:24:05.412Z,32.55,79.65

2026-09-05T01:24:10.414Z,32.53,79.69

2026-09-05T01:24:15.413Z,32.55,79.58

2026-09-05T01:24:20.431Z,32.53,79.67

2026-09-05T01:24:25.415Z,32.55,79.65

2026-09-05T01:24:30.416Z,32.55,79.65

2026-09-05T01:24:35.416Z,32.53,79.65

2026-09-05T01:24:40.428Z,32.54,79.62

2026-09-05T01:24:45.415Z,32.56,79.65

2026-09-05T01:24:50.415Z,32.55,79.63

2026-09-05T01:24:55.415Z,32.56,79.64

2026-09-05T01:25:00.430Z,32.55,79.72

2026-09-05T01:25:05.417Z,32.54,79.61

2026-09-05T01:25:10.428Z,32.54,79.64

2026-09-05T01:25:15.416Z,32.55,79.69

2026-09-05T01:25:20.418Z,32.55,79.64

2026-09-05T01:25:25.418Z,32.55,79.65

2026-09-05T01:25:30.430Z,32.55,79.65

2026-09-05T01:25:35.420Z,32.54,79.6

2026-09-05T01:25:40.419Z,32.54,79.55

2026-09-05T01:25:45.420Z,32.53,79.6

2026-09-05T01:25:50.422Z,32.53,79.63

2026-09-05T01:25:55.422Z,32.54,79.57

2026-09-05T01:26:00.435Z,32.55,79.64

2026-09-05T01:26:05.422Z,32.54,79.6

2026-09-05T01:26:10.422Z,32.54,79.66

2026-09-05T01:26:15.421Z,32.55,79.62

2026-09-05T01:26:20.422Z,32.54,79.65

2026-09-05T01:26:25.423Z,32.53,79.68

2026-09-05T01:26:30.434Z,32.52,79.66

2026-09-05T01:26:35.422Z,32.53,79.65

2026-09-05T01:26:40.423Z,32.52,79.7

2026-09-05T01:26:45.421Z,32.54,79.67

2026-09-05T01:26:50.424Z,32.54,79.74

2026-09-05T01:26:55.431Z,32.53,79.73

2026-09-05T01:27:00.444Z,32.53,79.69

2026-09-05T01:27:05.431Z,32.53,79.71

2026-09-05T01:27:10.432Z,32.51,79.73

2026-09-05T01:27:15.431Z,32.53,79.79

2026-09-05T01:27:20.432Z,32.53,79.74

2026-09-05T01:27:25.449Z,32.52,79.74

2026-09-05T01:27:30.457Z,32.52,79.76

2026-09-05T01:27:35.445Z,32.53,79.7

2026-09-05T01:27:40.448Z,32.53,79.76

2026-09-05T01:27:45.447Z,32.52,79.71

2026-09-05T01:27:50.445Z,32.53,79.73

2026-09-05T01:27:55.460Z,32.53,79.75

2026-09-05T01:28:00.471Z,32.53,79.73

2026-09-05T01:28:05.460Z,32.53,79.82

2026-09-05T01:28:10.461Z,32.54,79.72

2026-09-05T01:28:15.460Z,32.55,79.75

2026-09-05T01:28:20.462Z,32.54,79.73

2026-09-05T01:28:25.462Z,32.53,79.72

2026-09-05T01:28:30.473Z,32.55,79.79

2026-09-05T01:28:35.464Z,32.53,79.69

2026-09-05T01:28:40.465Z,32.55,79.76

2026-09-05T01:28:45.464Z,32.56,79.68

2026-09-05T01:28:50.464Z,32.55,79.68

2026-09-05T01:28:55.474Z,32.56,79.69

2026-09-05T01:29:00.484Z,32.56,79.67

2026-09-05T01:29:05.474Z,32.57,79.73

2026-09-05T01:29:10.476Z,32.56,79.66

2026-09-05T01:29:15.475Z,32.57,79.69

2026-09-05T01:29:20.474Z,32.56,79.7

2026-09-05T01:29:25.487Z,32.58,79.62

2026-09-05T01:29:30.502Z,32.58,79.67

2026-09-05T01:29:35.484Z,32.59,79.57

2026-09-05T01:29:40.487Z,32.59,79.59

2026-09-05T01:29:45.484Z,32.6,79.64

2026-09-05T01:29:50.485Z,32.6,79.57

2026-09-05T01:29:55.488Z,32.62,79.63

2026-09-05T01:30:00.500Z,32.61,79.56

2026-09-05T01:30:05.487Z,32.6,79.56

2026-09-05T01:30:10.488Z,32.61,79.53

2026-09-05T01:30:15.488Z,32.62,79.5

2026-09-05T01:30:20.504Z,32.61,79.52

2026-09-05T01:30:25.490Z,32.62,79.44

2026-09-05T01:30:30.491Z,32.64,79.4

2026-09-05T01:30:35.488Z,32.63,79.46

2026-09-05T01:30:40.490Z,32.64,79.41

2026-09-05T01:30:45.493Z,32.64,79.4

2026-09-05T01:30:50.505Z,32.63,79.45

2026-09-05T01:30:55.495Z,32.63,79.38

2026-09-05T01:31:00.492Z,32.62,79.35

2026-09-05T01:31:05.491Z,32.65,79.4

2026-09-05T01:31:10.492Z,32.65,79.39

2026-09-05T01:31:15.495Z,32.66,79.37

2026-09-05T01:31:20.508Z,32.64,79.39

2026-09-05T01:31:25.494Z,32.65,79.36

2026-09-05T01:31:30.494Z,32.64,79.34

2026-09-05T01:31:35.493Z,32.63,79.36

2026-09-05T01:31:40.494Z,32.66,79.37

2026-09-05T01:31:45.495Z,32.62,79.39

2026-09-05T01:31:50.508Z,32.64,79.4

2026-09-05T01:31:55.494Z,32.65,79.39

2026-09-05T01:32:00.496Z,32.63,79.39

2026-09-05T01:32:05.497Z,32.64,79.4

2026-09-05T01:32:10.497Z,32.63,79.43

2026-09-05T01:32:15.503Z,32.62,79.42

2026-09-05T01:32:20.515Z,32.63,79.41

2026-09-05T01:32:25.505Z,32.6,79.47

2026-09-05T01:32:30.501Z,32.62,79.51

2026-09-05T01:32:35.501Z,32.61,79.49

2026-09-05T01:32:40.504Z,32.6,79.49

2026-09-05T01:32:45.522Z,32.63,79.55

2026-09-05T01:32:50.537Z,32.57,79.57

2026-09-05T01:32:55.525Z,32.6,79.5

2026-09-05T01:33:00.527Z,32.61,79.52

2026-09-05T01:33:05.521Z,32.59,79.56

2026-09-05T01:33:10.522Z,32.62,79.6

2026-09-05T01:33:15.540Z,32.59,79.61

2026-09-05T01:33:20.553Z,32.59,79.66

2026-09-05T01:33:25.537Z,32.59,79.61

2026-09-05T01:33:30.535Z,32.58,79.66

2026-09-05T01:33:35.538Z,32.6,79.64

2026-09-05T01:33:40.538Z,32.59,79.65

2026-09-05T01:33:45.551Z,32.6,79.68

2026-09-05T01:33:50.560Z,32.57,79.71

2026-09-05T01:33:55.551Z,32.6,79.71

2026-09-05T01:34:00.552Z,32.59,79.68

2026-09-05T01:34:05.550Z,32.58,79.69

2026-09-05T01:34:10.551Z,32.6,79.7

2026-09-05T01:34:15.567Z,32.6,79.73

2026-09-05T01:34:20.576Z,32.59,79.69

2026-09-05T01:34:25.563Z,32.6,79.66

2026-09-05T01:34:30.562Z,32.59,79.66

2026-09-05T01:34:35.564Z,32.61,79.71

2026-09-05T01:34:40.563Z,32.6,79.7

2026-09-05T01:34:45.569Z,32.61,79.58

2026-09-05T01:34:50.582Z,32.6,79.75

2026-09-05T01:34:55.569Z,32.6,79.67

2026-09-05T01:35:00.569Z,32.57,79.71

2026-09-05T01:35:05.570Z,32.59,79.64

2026-09-05T01:35:10.582Z,32.59,79.71

2026-09-05T01:35:15.568Z,32.59,79.63

2026-09-05T01:35:20.572Z,32.6,79.64

2026-09-05T01:35:25.572Z,32.58,79.69

2026-09-05T01:35:30.572Z,32.59,79.69

2026-09-05T01:35:35.574Z,32.59,79.67

2026-09-05T01:35:40.582Z,32.61,79.75

2026-09-05T01:35:45.571Z,32.61,79.68

2026-09-05T01:35:50.583Z,32.6,79.69

2026-09-05T01:35:55.572Z,32.6,79.68

2026-09-05T01:36:00.572Z,32.59,79.68

2026-09-05T01:36:05.569Z,32.59,79.68

2026-09-05T01:36:10.573Z,32.6,79.61

2026-09-05T01:36:15.573Z,32.6,79.64

2026-09-05T01:36:20.582Z,32.59,79.67

2026-09-05T01:36:25.577Z,32.61,79.63

2026-09-05T01:36:30.577Z,32.6,79.61

2026-09-05T01:36:35.575Z,32.61,79.6

2026-09-05T01:36:40.574Z,32.58,79.57

2026-09-05T01:36:45.593Z,32.59,79.61

2026-09-05T01:36:50.603Z,32.6,79.66

2026-09-05T01:36:55.594Z,32.59,79.62

2026-09-05T01:37:00.591Z,32.59,79.61

2026-09-05T01:37:05.591Z,32.6,79.6

2026-09-05T01:37:10.592Z,32.59,79.62

2026-09-05T01:37:15.592Z,32.6,79.65

2026-09-05T01:37:20.608Z,32.61,79.7

2026-09-05T01:37:25.592Z,32.61,79.62

2026-09-05T01:37:30.593Z,32.6,79.68

2026-09-05T01:37:35.595Z,32.58,79.58

2026-09-05T01:37:40.595Z,32.59,79.6

2026-09-05T01:37:45.596Z,32.59,79.6

2026-09-05T01:37:50.605Z,32.59,79.62

2026-09-05T01:37:55.596Z,32.59,79.61

2026-09-05T01:38:00.596Z,32.59,79.61

2026-09-05T01:38:05.597Z,32.57,79.6

2026-09-05T01:38:10.597Z,32.59,79.55

2026-09-05T01:38:15.612Z,32.6,79.58

2026-09-05T01:38:20.624Z,32.58,79.64

2026-09-05T01:38:25.610Z,32.6,79.51

2026-09-05T01:38:30.610Z,32.57,79.58

2026-09-05T01:38:35.609Z,32.6,79.49

2026-09-05T01:38:40.611Z,32.57,79.57

2026-09-05T01:38:45.636Z,32.59,79.56

2026-09-05T01:38:50.638Z,32.58,79.59

2026-09-05T01:38:55.625Z,32.57,79.54

2026-09-05T01:39:00.625Z,32.57,79.56

2026-09-05T01:39:05.626Z,32.57,79.6

2026-09-05T01:39:10.624Z,32.57,79.64

2026-09-05T01:39:15.628Z,32.59,79.62

2026-09-05T01:39:20.635Z,32.55,79.66

2026-09-05T01:39:25.625Z,32.55,79.66

2026-09-05T01:39:30.624Z,32.56,79.63

2026-09-05T01:39:35.625Z,32.57,79.68

2026-09-05T01:39:40.627Z,32.56,79.74

2026-09-05T01:39:45.638Z,32.55,79.67

2026-09-05T01:39:50.651Z,32.56,79.69

2026-09-05T01:39:55.636Z,32.57,79.71

2026-09-05T01:40:00.636Z,32.55,79.72

2026-09-05T01:40:05.637Z,32.55,79.75

2026-09-05T01:40:10.637Z,32.55,79.77

2026-09-05T01:40:15.644Z,32.56,79.73

2026-09-05T01:40:20.654Z,32.54,79.82

2026-09-05T01:40:25.642Z,32.56,79.73

2026-09-05T01:40:30.641Z,32.56,79.7

2026-09-05T01:40:35.646Z,32.57,79.71

2026-09-05T01:40:40.644Z,32.55,79.64

2026-09-05T01:40:45.657Z,32.55,79.73

2026-09-05T01:40:50.668Z,32.56,79.77

2026-09-05T01:40:55.657Z,32.56,79.73

2026-09-05T01:41:00.657Z,32.56,79.71

2026-09-05T01:41:05.657Z,32.56,79.72

2026-09-05T01:41:10.657Z,32.56,79.7

2026-09-05T01:41:15.661Z,32.55,79.73

2026-09-05T01:41:20.672Z,32.54,79.72

2026-09-05T01:41:25.658Z,32.56,79.72

2026-09-05T01:41:30.660Z,32.56,79.71

2026-09-05T01:41:35.661Z,32.55,79.71

2026-09-05T01:41:40.671Z,32.56,79.69

2026-09-05T01:41:45.660Z,32.54,79.65

2026-09-05T01:41:50.660Z,32.54,79.64

2026-09-05T01:41:55.661Z,32.56,79.69

2026-09-05T01:42:00.673Z,32.55,79.7

2026-09-05T01:42:05.660Z,32.56,79.7

2026-09-05T01:42:10.659Z,32.55,79.65

2026-09-05T01:42:15.661Z,32.54,79.69

2026-09-05T01:42:20.673Z,32.53,79.65

2026-09-05T01:42:25.663Z,32.56,79.64

2026-09-05T01:42:30.662Z,32.54,79.74

2026-09-05T01:42:35.663Z,32.53,79.71

2026-09-05T01:42:40.661Z,32.51,79.73

2026-09-05T01:42:45.662Z,32.52,79.73

2026-09-05T01:42:50.671Z,32.51,79.8

2026-09-05T01:42:55.663Z,32.52,79.73

2026-09-05T01:43:00.663Z,32.51,79.77

2026-09-05T01:43:05.663Z,32.51,79.75

2026-09-05T01:43:10.662Z,32.52,79.8

2026-09-05T01:43:15.674Z,32.52,79.78

2026-09-05T01:43:20.690Z,32.53,79.79

2026-09-05T01:43:25.673Z,32.52,79.72

2026-09-05T01:43:30.672Z,32.52,79.77

2026-09-05T01:43:35.674Z,32.52,79.69

2026-09-05T01:43:40.674Z,32.51,79.78

2026-09-05T01:43:45.692Z,32.5,79.79

2026-09-05T01:43:50.702Z,32.5,79.86

2026-09-05T01:43:55.691Z,32.5,79.8

2026-09-05T01:44:00.693Z,32.5,79.79

2026-09-05T01:44:05.692Z,32.5,79.79

2026-09-05T01:44:10.692Z,32.52,79.78

2026-09-05T01:44:15.704Z,32.49,79.8

2026-09-05T01:44:20.715Z,32.51,79.87

2026-09-05T01:44:25.704Z,32.49,79.85

2026-09-05T01:44:30.705Z,32.52,79.83

2026-09-05T01:44:35.705Z,32.49,79.82

2026-09-05T01:44:40.705Z,32.5,79.79

2026-09-05T01:44:45.717Z,32.5,79.75

2026-09-05T01:44:50.730Z,32.52,79.79

2026-09-05T01:44:55.717Z,32.48,79.76

2026-09-05T01:45:00.719Z,32.49,79.76

2026-09-05T01:45:05.717Z,32.48,79.8

2026-09-05T01:45:10.717Z,32.47,79.78

2026-09-05T01:45:15.730Z,32.49,79.83

2026-09-05T01:45:20.741Z,32.49,79.77

2026-09-05T01:45:25.728Z,32.49,79.82

2026-09-05T01:45:30.728Z,32.48,79.81

2026-09-05T01:45:35.730Z,32.47,79.86

2026-09-05T01:45:40.727Z,32.49,79.82

2026-09-05T01:45:45.738Z,32.48,79.79

2026-09-05T01:45:50.748Z,32.47,79.89

2026-09-05T01:45:55.737Z,32.46,79.86

2026-09-05T01:46:00.736Z,32.46,79.9

2026-09-05T01:46:05.738Z,32.46,79.92

2026-09-05T01:46:10.737Z,32.49,79.95

2026-09-05T01:46:15.747Z,32.46,79.92

2026-09-05T01:46:20.759Z,32.46,79.9

2026-09-05T01:46:25.752Z,32.46,80.02

2026-09-05T01:46:30.747Z,32.45,79.92

2026-09-05T01:46:35.745Z,32.46,80.01

2026-09-05T01:46:40.744Z,32.44,80

2026-09-05T01:46:45.747Z,32.44,79.98

2026-09-05T01:46:50.761Z,32.44,80.02

2026-09-05T01:46:55.748Z,32.44,80

2026-09-05T01:47:00.747Z,32.44,79.97

2026-09-05T01:47:05.745Z,32.44,80.01

2026-09-05T01:47:10.746Z,32.44,79.97

2026-09-05T01:47:15.747Z,32.45,80

2026-09-05T01:47:20.760Z,32.45,79.96

2026-09-05T01:47:25.749Z,32.42,80.04

2026-09-05T01:47:30.750Z,32.42,80.04

2026-09-05T01:47:35.750Z,32.42,80.06

2026-09-05T01:47:40.751Z,32.43,80.06

2026-09-05T01:47:45.767Z,32.42,80.12

2026-09-05T01:47:50.770Z,32.42,80.21

2026-09-05T01:47:55.766Z,32.41,80.16

2026-09-05T01:48:00.766Z,32.42,80.08

2026-09-05T01:48:05.765Z,32.41,80.2

2026-09-05T01:48:10.762Z,32.41,80.11

2026-09-05T01:48:15.781Z,32.4,80.21

2026-09-05T01:48:20.787Z,32.4,80.2

2026-09-05T01:48:25.779Z,32.42,80.22

2026-09-05T01:48:30.777Z,32.4,80.23

2026-09-05T01:48:35.778Z,32.41,80.25

2026-09-05T01:48:40.780Z,32.4,80.2

2026-09-05T01:48:45.790Z,32.4,80.2

2026-09-05T01:48:50.799Z,32.4,80.23

2026-09-05T01:48:55.789Z,32.4,80.19

2026-09-05T01:49:00.788Z,32.41,80.24

2026-09-05T01:49:05.788Z,32.42,80.17

2026-09-05T01:49:10.789Z,32.42,80.25

2026-09-05T01:49:15.801Z,32.4,80.24

2026-09-05T01:49:20.812Z,32.39,80.25

2026-09-05T01:49:25.800Z,32.41,80.23

2026-09-05T01:49:30.800Z,32.42,80.26

2026-09-05T01:49:35.800Z,32.43,80.28

2026-09-05T01:49:40.811Z,32.42,80.32

2026-09-05T01:49:45.801Z,32.45,80.2

2026-09-05T01:49:50.801Z,32.44,80.28

2026-09-05T01:49:55.813Z,32.45,80.18

2026-09-05T01:50:00.805Z,32.46,80.14

2026-09-05T01:50:05.804Z,32.46,80.18

2026-09-05T01:50:10.805Z,32.45,80.12

2026-09-05T01:50:15.805Z,32.45,80.14

2026-09-05T01:50:20.826Z,32.46,80.14

2026-09-05T01:50:25.807Z,32.44,80.1

2026-09-05T01:50:30.808Z,32.47,80.06

2026-09-05T01:50:35.805Z,32.47,80.04

2026-09-05T01:50:40.805Z,32.48,80.04

2026-09-05T01:50:45.807Z,32.47,80.09

2026-09-05T01:50:50.823Z,32.46,80.14

2026-09-05T01:50:55.805Z,32.47,80.04

2026-09-05T01:51:00.806Z,32.48,80.09

2026-09-05T01:51:05.804Z,32.46,80.07

2026-09-05T01:51:10.808Z,32.45,80.08

2026-09-05T01:51:15.823Z,32.47,80.09

2026-09-05T01:51:20.836Z,32.48,80.12

2026-09-05T01:51:25.825Z,32.5,80.11

2026-09-05T01:51:30.823Z,32.5,80.09

2026-09-05T01:51:35.822Z,32.5,80.1

2026-09-05T01:51:40.823Z,32.47,80.13

2026-09-05T01:51:45.832Z,32.51,80.1

2026-09-05T01:51:50.841Z,32.51,80.13

2026-09-05T01:51:55.829Z,32.51,80.06

2026-09-05T01:52:00.827Z,32.51,80.07

2026-09-05T01:52:05.829Z,32.52,80.06

2026-09-05T01:52:10.847Z,32.5,80.05

2026-09-05T01:52:15.831Z,32.54,80.02

2026-09-05T01:52:20.831Z,32.52,80.03

2026-09-05T01:52:25.832Z,32.52,79.99

2026-09-05T01:52:30.832Z,32.54,79.93

2026-09-05T01:52:35.831Z,32.55,79.91

2026-09-05T01:52:40.849Z,32.56,80.02

2026-09-05T01:52:45.834Z,32.54,79.95

2026-09-05T01:52:50.834Z,32.55,79.88

2026-09-05T01:52:55.833Z,32.57,79.9

2026-09-05T01:53:00.832Z,32.57,79.89

2026-09-05T01:53:05.855Z,32.55,79.9

2026-09-05T01:53:10.863Z,32.57,79.93

2026-09-05T01:53:15.855Z,32.57,79.89

2026-09-05T01:53:20.856Z,32.58,79.85

2026-09-05T01:53:25.855Z,32.59,79.92

2026-09-05T01:53:30.855Z,32.58,79.85

2026-09-05T01:53:35.862Z,32.61,79.85

2026-09-05T01:53:40.879Z,32.59,79.88

2026-09-05T01:53:45.864Z,32.6,79.86

2026-09-05T01:53:50.864Z,32.61,79.84

2026-09-05T01:53:55.864Z,32.62,79.8

2026-09-05T01:54:00.863Z,32.64,79.82

2026-09-05T01:54:05.870Z,32.63,79.82

2026-09-05T01:54:10.879Z,32.64,79.82

2026-09-05T01:54:15.868Z,32.66,79.78

2026-09-05T01:54:20.868Z,32.65,79.76

2026-09-05T01:54:25.869Z,32.66,79.71

2026-09-05T01:54:30.867Z,32.64,79.72

2026-09-05T01:54:35.869Z,32.66,79.63

2026-09-05T01:54:40.880Z,32.65,79.75

2026-09-05T01:54:45.868Z,32.66,79.76

2026-09-05T01:54:50.868Z,32.67,79.74

2026-09-05T01:54:55.868Z,32.67,79.72

2026-09-05T01:55:00.871Z,32.68,79.72

2026-09-05T01:55:05.880Z,32.68,79.7

2026-09-05T01:55:10.887Z,32.66,79.71

2026-09-05T01:55:15.878Z,32.68,79.67

2026-09-05T01:55:20.878Z,32.69,79.72

2026-09-05T01:55:25.881Z,32.68,79.71

2026-09-05T01:55:30.877Z,32.69,79.72

2026-09-05T01:55:35.899Z,32.68,79.73

2026-09-05T01:55:40.910Z,32.69,79.7

2026-09-05T01:55:45.898Z,32.69,79.66

2026-09-05T01:55:50.898Z,32.69,79.64

2026-09-05T01:55:55.900Z,32.69,79.63

2026-09-05T01:56:00.899Z,32.72,79.61

2026-09-05T01:56:05.907Z,32.72,79.59

2026-09-05T01:56:10.917Z,32.7,79.53

2026-09-05T01:56:15.905Z,32.73,79.45

2026-09-05T01:56:20.906Z,32.73,79.43

2026-09-05T01:56:25.906Z,32.73,79.41

2026-09-05T01:56:30.907Z,32.75,79.36

2026-09-05T01:56:35.911Z,32.73,79.32

2026-09-05T01:56:40.923Z,32.74,79.39

2026-09-05T01:56:45.913Z,32.74,79.37

2026-09-05T01:56:50.912Z,32.74,79.4

2026-09-05T01:56:55.911Z,32.73,79.39

2026-09-05T01:57:00.912Z,32.75,79.42

2026-09-05T01:57:05.921Z,32.75,79.39

2026-09-05T01:57:10.934Z,32.75,79.46

2026-09-05T01:57:15.919Z,32.76,79.4

2026-09-05T01:57:20.921Z,32.75,79.38

2026-09-05T01:57:25.922Z,32.77,79.34

2026-09-05T01:57:30.933Z,32.78,79.35

2026-09-05T01:57:35.921Z,32.78,79.25

2026-09-05T01:57:40.922Z,32.77,79.22

2026-09-05T01:57:45.921Z,32.78,79.3

2026-09-05T01:57:50.924Z,32.77,79.2

2026-09-05T01:57:55.926Z,32.79,79.29

2026-09-05T01:58:00.937Z,32.8,79.31

2026-09-05T01:58:05.924Z,32.81,79.3

2026-09-05T01:58:10.926Z,32.8,79.24

2026-09-05T01:58:15.924Z,32.79,79.26

2026-09-05T01:58:20.938Z,32.79,79.29

2026-09-05T01:58:25.925Z,32.81,79.2

2026-09-05T01:58:30.926Z,32.83,79.19

2026-09-05T01:58:35.928Z,32.8,79.22

2026-09-05T01:58:40.927Z,32.82,79.18

2026-09-05T01:58:45.942Z,32.82,79.22

2026-09-05T01:58:50.954Z,32.82,79.27

2026-09-05T01:58:55.940Z,32.85,79.23

2026-09-05T01:59:00.939Z,32.83,79.27

2026-09-05T01:59:05.943Z,32.84,79.24

2026-09-05T01:59:10.942Z,32.84,79.19

2026-09-05T01:59:15.963Z,32.85,79.14

2026-09-05T01:59:20.976Z,32.85,79.14

2026-09-05T01:59:25.962Z,32.83,79.11

2026-09-05T01:59:30.963Z,32.85,79.09

2026-09-05T01:59:35.964Z,32.86,79.08

2026-09-05T01:59:40.963Z,32.84,79.11

2026-09-05T01:59:45.969Z,32.86,79.11

2026-09-05T01:59:50.977Z,32.86,79.19

2026-09-05T01:59:55.966Z,32.87,79.12

2026-09-05T02:00:00.967Z,32.87,79.09

2026-09-05T02:00:05.965Z,32.87,79.1

2026-09-05T02:00:10.965Z,32.87,79.14

2026-09-05T02:00:15.972Z,32.87,79.19

2026-09-05T02:00:20.982Z,32.87,79.23

2026-09-05T02:00:25.972Z,32.85,79.23

2026-09-05T02:00:30.971Z,32.87,79.12

2026-09-05T02:00:35.973Z,32.87,79.16

2026-09-05T02:00:40.973Z,32.86,79.18

2026-09-05T02:00:45.982Z,32.86,79.1

2026-09-05T02:00:50.992Z,32.85,79.13

2026-09-05T02:00:55.978Z,32.86,79.1

2026-09-05T02:01:00.979Z,32.88,79.18

2026-09-05T02:01:05.977Z,32.89,79.07

2026-09-05T02:01:10.976Z,32.89,79.05

2026-09-05T02:01:15.981Z,32.88,79.06

2026-09-05T02:01:20.995Z,32.89,79.09

2026-09-05T02:01:25.980Z,32.87,79.05

2026-09-05T02:01:30.982Z,32.91,79.07

2026-09-05T02:01:35.981Z,32.9,79.03

2026-09-05T02:01:40.984Z,32.89,79.04

2026-09-05T02:01:45.998Z,32.91,79.09

2026-09-05T02:01:50.992Z,32.91,79.1

2026-09-05T02:01:55.992Z,32.93,79.03

2026-09-05T02:02:00.992Z,32.91,79.03

2026-09-05T02:02:05.995Z,32.92,79.03

2026-09-05T02:02:11.006Z,32.92,79.02

2026-09-05T02:02:15.994Z,32.93,78.98

2026-09-05T02:02:20.991Z,32.94,79.01

2026-09-05T02:02:25.990Z,32.95,78.91

2026-09-05T02:02:30.993Z,32.95,78.91

2026-09-05T02:02:35.992Z,32.93,78.85

2026-09-05T02:02:41.005Z,32.96,78.88

2026-09-05T02:02:45.993Z,32.96,78.78

2026-09-05T02:02:50.997Z,32.97,78.83

2026-09-05T02:02:55.997Z,32.97,78.84

2026-09-05T02:03:00.996Z,32.97,78.85

2026-09-05T02:03:06.004Z,32.98,78.75

2026-09-05T02:03:11.016Z,32.98,78.82

2026-09-05T02:03:16.004Z,32.97,78.8

2026-09-05T02:03:21.004Z,33,78.75

2026-09-05T02:03:26.004Z,33,78.69

2026-09-05T02:03:31.004Z,33,78.74

2026-09-05T02:03:36.011Z,32.98,78.68

2026-09-05T02:03:41.022Z,33.01,78.71

2026-09-05T02:03:46.012Z,33,78.71

2026-09-05T02:03:51.012Z,33.01,78.63

2026-09-05T02:03:56.011Z,32.99,78.55

2026-09-05T02:04:01.012Z,33.03,78.52

2026-09-05T02:04:06.026Z,33.02,78.44

2026-09-05T02:04:11.042Z,33.01,78.46

2026-09-05T02:04:16.024Z,33.02,78.39

2026-09-05T02:04:21.027Z,33.01,78.4

2026-09-05T02:04:26.026Z,33.03,78.37

2026-09-05T02:04:31.026Z,33.03,78.32

2026-09-05T02:04:36.031Z,33.03,78.28

2026-09-05T02:04:41.037Z,33.04,78.29

2026-09-05T02:04:46.049Z,33.02,78.19

2026-09-05T02:04:51.028Z,33.01,78.19

2026-09-05T02:04:56.029Z,33.03,78.23

2026-09-05T02:05:01.030Z,33.02,78.25

2026-09-05T02:05:06.057Z,33.02,78.24

2026-09-05T02:05:11.064Z,33.04,78.28

2026-09-05T02:05:16.053Z,33.04,78.29

2026-09-05T02:05:21.054Z,33.04,78.29

2026-09-05T02:05:26.060Z,33.04,78.35

2026-09-05T02:05:31.055Z,33.03,78.34

2026-09-05T02:05:36.054Z,33.04,78.29

2026-09-05T02:05:41.055Z,33.04,78.29

2026-09-05T02:05:46.055Z,33.04,78.28

2026-09-05T02:05:51.067Z,33.04,78.33

2026-09-05T02:05:56.055Z,33.05,78.31

2026-09-05T02:06:01.056Z,33.04,78.38

2026-09-05T02:06:06.056Z,33.05,78.38

2026-09-05T02:06:11.067Z,33.03,78.41

2026-09-05T02:06:16.060Z,33.06,78.44

2026-09-05T02:06:21.060Z,33.05,78.45

2026-09-05T02:06:26.057Z,33.05,78.38

2026-09-05T02:06:31.059Z,33.05,78.48

2026-09-05T02:06:36.059Z,33.04,78.48

2026-09-05T02:06:41.077Z,33.03,78.53

2026-09-05T02:06:46.065Z,33.04,78.52

2026-09-05T02:06:51.064Z,33.04,78.55

2026-09-05T02:06:56.061Z,33.03,78.57

2026-09-05T02:07:01.060Z,33.04,78.56

2026-09-05T02:07:06.060Z,33.04,78.57

2026-09-05T02:07:11.074Z,33.03,78.64

2026-09-05T02:07:16.061Z,33.03,78.62

2026-09-05T02:07:21.062Z,33.04,78.64

2026-09-05T02:07:26.061Z,33.03,78.59

2026-09-05T02:07:31.061Z,33.01,78.53

2026-09-05T02:07:36.071Z,33.03,78.62

2026-09-05T02:07:41.086Z,33.03,78.67

2026-09-05T02:07:46.068Z,33.02,78.64

2026-09-05T02:07:51.072Z,33.03,78.64

2026-09-05T02:07:56.070Z,33.03,78.72

2026-09-05T02:08:01.073Z,33.01,78.73

2026-09-05T02:08:06.099Z,33.03,78.71

2026-09-05T02:08:11.114Z,33.04,78.8

2026-09-05T02:08:16.098Z,33.01,78.79

2026-09-05T02:08:21.100Z,33.03,78.77

2026-09-05T02:08:26.099Z,33.01,78.76

2026-09-05T02:08:31.098Z,33,78.79

2026-09-05T02:08:36.108Z,33.01,78.85

2026-09-05T02:08:41.118Z,33.02,78.85

2026-09-05T02:08:46.108Z,33.01,78.83

2026-09-05T02:08:51.105Z,33.02,78.76

2026-09-05T02:08:56.103Z,33.03,78.77

2026-09-05T02:09:01.104Z,33.02,78.82

2026-09-05T02:09:06.104Z,33.01,78.79

2026-09-05T02:09:11.114Z,33.01,78.89

2026-09-05T02:09:16.105Z,33.02,78.89

2026-09-05T02:09:21.104Z,33.01,78.85

2026-09-05T02:09:26.105Z,33.01,78.83

2026-09-05T02:09:31.106Z,33,78.9

2026-09-05T02:09:36.105Z,33.02,78.89

2026-09-05T02:09:41.115Z,33.01,78.93

2026-09-05T02:09:46.107Z,33.01,78.88

2026-09-05T02:09:51.107Z,33,78.87

2026-09-05T02:09:56.112Z,33.01,78.88

2026-09-05T02:10:01.127Z,33.02,78.99

2026-09-05T02:10:06.112Z,33.01,78.8

2026-09-05T02:10:11.116Z,33.01,78.86

2026-09-05T02:10:16.113Z,33.01,78.85

2026-09-05T02:10:21.112Z,33.01,78.84

2026-09-05T02:10:26.115Z,33,78.84

2026-09-05T02:10:31.131Z,32.98,78.89

2026-09-05T02:10:36.113Z,33,78.85

2026-09-05T02:10:41.114Z,33,78.88

2026-09-05T02:10:46.113Z,33,78.85

2026-09-05T02:10:51.113Z,33,78.87

2026-09-05T02:10:56.115Z,33.02,78.82

2026-09-05T02:11:01.127Z,33.01,78.88

2026-09-05T02:11:06.115Z,33.01,78.8

2026-09-05T02:11:11.118Z,33.01,78.84

2026-09-05T02:11:16.117Z,33,78.75

2026-09-05T02:11:21.117Z,33,78.8

2026-09-05T02:11:26.120Z,32.99,78.85

2026-09-05T02:11:31.134Z,33,78.88

2026-09-05T02:11:36.119Z,32.99,78.8

2026-09-05T02:11:41.120Z,32.99,78.86

2026-09-05T02:11:46.120Z,32.99,78.79

2026-09-05T02:11:51.122Z,32.97,78.81

2026-09-05T02:11:56.142Z,32.99,78.74

2026-09-05T02:12:01.154Z,32.99,78.82

2026-09-05T02:12:06.140Z,32.97,78.75

2026-09-05T02:12:11.144Z,33,78.82

2026-09-05T02:12:16.141Z,32.98,78.81

2026-09-05T02:12:21.141Z,32.97,78.86

2026-09-05T02:12:26.149Z,32.99,78.83

2026-09-05T02:12:31.159Z,33,78.86

2026-09-05T02:12:36.147Z,32.97,78.84

2026-09-05T02:12:41.149Z,33,78.81

2026-09-05T02:12:46.148Z,32.97,78.85

2026-09-05T02:12:51.146Z,32.98,78.84

2026-09-05T02:12:56.151Z,32.98,78.83

2026-09-05T02:13:01.163Z,32.96,78.89

2026-09-05T02:13:06.150Z,33,78.78

2026-09-05T02:13:11.148Z,32.97,78.83

2026-09-05T02:13:16.148Z,32.99,78.88

2026-09-05T02:13:21.150Z,32.97,78.84

2026-09-05T02:13:26.163Z,32.99,78.86

2026-09-05T02:13:31.170Z,32.98,78.95

2026-09-05T02:13:36.161Z,32.97,78.94

2026-09-05T02:13:41.162Z,32.97,78.9

2026-09-05T02:13:46.162Z,32.97,78.98

2026-09-05T02:13:51.161Z,32.96,78.93

2026-09-05T02:13:56.178Z,32.97,78.93

2026-09-05T02:14:01.194Z,32.96,78.95

2026-09-05T02:14:06.180Z,32.97,78.88

2026-09-05T02:14:11.177Z,32.96,78.93

2026-09-05T02:14:16.177Z,32.97,79

2026-09-05T02:14:21.177Z,32.97,78.89

2026-09-05T02:14:26.186Z,32.97,78.97

2026-09-05T02:14:31.195Z,32.97,78.92

2026-09-05T02:14:36.185Z,32.97,78.93

2026-09-05T02:14:41.184Z,32.96,78.9

2026-09-05T02:14:46.183Z,32.96,78.91

2026-09-05T02:14:51.186Z,32.97,78.91

2026-09-05T02:14:56.200Z,32.96,78.91

2026-09-05T02:15:01.209Z,32.94,79.01

2026-09-05T02:15:06.197Z,32.96,78.95

2026-09-05T02:15:11.198Z,32.97,78.89

2026-09-05T02:15:16.198Z,32.98,78.9

2026-09-05T02:15:21.199Z,32.99,78.97

2026-09-05T02:15:26.207Z,32.98,78.93

2026-09-05T02:15:31.218Z,32.97,78.96

2026-09-05T02:15:36.205Z,32.98,78.86

2026-09-05T02:15:41.208Z,32.95,78.9

2026-09-05T02:15:46.208Z,32.98,78.88

2026-09-05T02:15:51.219Z,32.98,78.94

2026-09-05T02:15:56.206Z,32.98,78.92

2026-09-05T02:16:01.209Z,32.99,78.88

2026-09-05T02:16:06.208Z,32.99,78.85

2026-09-05T02:16:11.221Z,32.99,78.92

2026-09-05T02:16:16.208Z,32.98,78.84

2026-09-05T02:16:21.208Z,32.97,78.81

2026-09-05T02:16:26.208Z,32.98,78.85

2026-09-05T02:16:31.209Z,32.97,78.82

2026-09-05T02:16:36.209Z,32.98,78.87

2026-09-05T02:16:41.223Z,32.97,78.8

2026-09-05T02:16:46.211Z,32.99,78.83

2026-09-05T02:16:51.211Z,32.97,78.81

2026-09-05T02:16:56.210Z,32.98,78.89

2026-09-05T02:17:01.213Z,32.98,78.88

2026-09-05T02:17:06.221Z,32.98,78.87

2026-09-05T02:17:11.230Z,32.99,78.83

2026-09-05T02:17:16.219Z,32.97,78.82

2026-09-05T02:17:21.218Z,32.99,78.78

2026-09-05T02:17:26.219Z,32.96,78.82

2026-09-05T02:17:31.218Z,32.98,78.8

2026-09-05T02:17:36.238Z,32.97,78.83

2026-09-05T02:17:41.250Z,32.97,78.75

2026-09-05T02:17:46.238Z,32.99,78.76

2026-09-05T02:17:51.238Z,32.98,78.77

2026-09-05T02:17:56.236Z,32.98,78.76

2026-09-05T02:18:01.237Z,32.99,78.79

2026-09-05T02:18:06.245Z,32.96,78.75

2026-09-05T02:18:11.258Z,32.98,78.8

2026-09-05T02:18:16.244Z,32.97,78.78

2026-09-05T02:18:21.245Z,32.96,78.77

2026-09-05T02:18:26.245Z,32.96,78.83

2026-09-05T02:18:31.246Z,32.96,78.85

2026-09-05T02:18:36.258Z,32.96,78.85

2026-09-05T02:18:41.268Z,32.97,78.89

2026-09-05T02:18:46.255Z,32.99,78.86

2026-09-05T02:18:51.256Z,32.97,78.8

2026-09-05T02:18:56.256Z,32.98,78.78

2026-09-05T02:19:01.269Z,32.95,78.85

2026-09-05T02:19:06.258Z,32.97,78.84

2026-09-05T02:19:11.270Z,32.97,78.86

2026-09-05T02:19:16.257Z,32.98,78.81

2026-09-05T02:19:21.258Z,32.97,78.9

2026-09-05T02:19:26.258Z,32.96,78.84

2026-09-05T02:19:31.260Z,32.95,78.78

2026-09-05T02:19:36.259Z,32.96,78.83

2026-09-05T02:19:41.273Z,32.95,78.84

2026-09-05T02:19:46.257Z,32.96,78.84

2026-09-05T02:19:51.260Z,32.95,78.76

2026-09-05T02:19:56.259Z,32.97,78.84

2026-09-05T02:20:01.260Z,32.96,78.79

2026-09-05T02:20:06.261Z,32.94,78.76

2026-09-05T02:20:11.275Z,32.95,78.81

2026-09-05T02:20:16.258Z,32.95,78.8

2026-09-05T02:20:21.261Z,32.95,78.78

2026-09-05T02:20:26.260Z,32.98,78.75

2026-09-05T02:20:31.260Z,32.95,78.75

2026-09-05T02:20:36.268Z,32.96,78.69

2026-09-05T02:20:41.281Z,32.95,78.77

2026-09-05T02:20:46.264Z,32.94,78.78

2026-09-05T02:20:51.265Z,32.94,78.74

2026-09-05T02:20:56.267Z,32.95,78.8

2026-09-05T02:21:01.267Z,32.94,78.78

2026-09-05T02:21:06.287Z,32.94,78.69

2026-09-05T02:21:11.297Z,32.95,78.77

2026-09-05T02:21:16.286Z,32.93,78.71

2026-09-05T02:21:21.288Z,32.94,78.63

2026-09-05T02:21:26.286Z,32.93,78.73

2026-09-05T02:21:31.287Z,32.94,78.67

2026-09-05T02:21:36.289Z,32.93,78.7

2026-09-05T02:21:41.301Z,32.92,78.77

2026-09-05T02:21:46.291Z,32.93,78.75

2026-09-05T02:21:51.289Z,32.94,78.71

2026-09-05T02:21:56.290Z,32.94,78.78

2026-09-05T02:22:01.291Z,32.93,78.68

2026-09-05T02:22:06.304Z,32.94,78.73

2026-09-05T02:22:11.316Z,32.93,78.69

2026-09-05T02:22:16.304Z,32.95,78.69

2026-09-05T02:22:21.306Z,32.94,78.66

2026-09-05T02:22:26.305Z,32.94,78.73

2026-09-05T02:22:31.305Z,32.93,78.67

2026-09-05T02:22:36.310Z,32.94,78.68

2026-09-05T02:22:41.319Z,32.92,78.71

2026-09-05T02:22:46.309Z,32.92,78.65

2026-09-05T02:22:51.310Z,32.93,78.62

2026-09-05T02:22:56.310Z,32.93,78.67

2026-09-05T02:23:01.310Z,32.93,78.64

2026-09-05T02:23:06.312Z,32.93,78.66

2026-09-05T02:23:11.323Z,32.94,78.65

2026-09-05T02:23:16.313Z,32.94,78.64

2026-09-05T02:23:21.312Z,32.92,78.67

2026-09-05T02:23:26.312Z,32.92,78.67

2026-09-05T02:23:31.312Z,32.93,78.66

2026-09-05T02:23:36.314Z,32.92,78.66

2026-09-05T02:23:41.325Z,32.92,78.74

2026-09-05T02:23:46.314Z,32.92,78.62

2026-09-05T02:23:51.316Z,32.92,78.66

2026-09-05T02:23:56.314Z,32.92,78.6

2026-09-05T02:24:01.315Z,32.91,78.62

2026-09-05T02:24:06.316Z,32.9,78.61

2026-09-05T02:24:11.326Z,32.92,78.64

2026-09-05T02:24:16.314Z,32.92,78.59

2026-09-05T02:24:21.315Z,32.93,78.6

2026-09-05T02:24:26.316Z,32.93,78.61

2026-09-05T02:24:31.314Z,32.92,78.65

2026-09-05T02:24:36.326Z,32.92,78.69

2026-09-05T02:24:41.338Z,32.91,78.67

2026-09-05T02:24:46.327Z,32.92,78.59

2026-09-05T02:24:51.325Z,32.92,78.59

2026-09-05T02:24:56.325Z,32.92,78.51

2026-09-05T02:25:01.324Z,32.93,78.59

2026-09-05T02:25:06.333Z,32.91,78.52

2026-09-05T02:25:11.349Z,32.9,78.64

2026-09-05T02:25:16.334Z,32.93,78.54

2026-09-05T02:25:21.334Z,32.92,78.51

2026-09-05T02:25:26.333Z,32.92,78.56

2026-09-05T02:25:31.334Z,32.91,78.55

2026-09-05T02:25:36.361Z,32.94,78.52

2026-09-05T02:25:41.366Z,32.91,78.54

2026-09-05T02:25:46.354Z,32.92,78.56

2026-09-05T02:25:51.355Z,32.92,78.54

2026-09-05T02:25:56.357Z,32.92,78.56

2026-09-05T02:26:01.355Z,32.91,78.53

2026-09-05T02:26:06.363Z,32.91,78.58

2026-09-05T02:26:11.368Z,32.91,78.6

2026-09-05T02:26:16.360Z,32.92,78.5

2026-09-05T02:26:21.360Z,32.91,78.54

2026-09-05T02:26:26.361Z,32.91,78.59

2026-09-05T02:26:31.362Z,32.91,78.58

2026-09-05T02:26:36.374Z,32.92,78.6

2026-09-05T02:26:41.387Z,32.92,78.61

2026-09-05T02:26:46.374Z,32.93,78.56

2026-09-05T02:26:51.373Z,32.92,78.65

2026-09-05T02:26:56.375Z,32.92,78.64

2026-09-05T02:27:01.374Z,32.91,78.64

2026-09-05T02:27:06.381Z,32.92,78.63

2026-09-05T02:27:11.393Z,32.9,78.71

2026-09-05T02:27:16.380Z,32.91,78.67

2026-09-05T02:27:21.382Z,32.91,78.74

2026-09-05T02:27:26.379Z,32.9,78.69

2026-09-05T02:27:31.379Z,32.9,78.66

2026-09-05T02:27:36.390Z,32.9,78.75

2026-09-05T02:27:41.398Z,32.9,78.75

2026-09-05T02:27:46.390Z,32.91,78.78

2026-09-05T02:27:51.390Z,32.9,78.73

2026-09-05T02:27:56.389Z,32.9,78.74

2026-09-05T02:28:01.388Z,32.9,78.77

2026-09-05T02:28:06.388Z,32.91,78.79

2026-09-05T02:28:11.399Z,32.91,78.89

2026-09-05T02:28:16.389Z,32.93,78.81

2026-09-05T02:28:21.389Z,32.9,78.77

2026-09-05T02:28:26.389Z,32.91,78.81

2026-09-05T02:28:31.400Z,32.92,78.81

2026-09-05T02:28:36.389Z,32.92,78.8

2026-09-05T02:28:41.389Z,32.9,78.83

2026-09-05T02:28:46.387Z,32.94,78.72

2026-09-05T02:28:51.390Z,32.9,78.76

2026-09-05T02:28:56.391Z,32.93,78.77

2026-09-05T02:29:01.411Z,32.9,78.8

2026-09-05T02:29:06.392Z,32.93,78.81

2026-09-05T02:29:11.393Z,32.92,78.83

2026-09-05T02:29:16.393Z,32.93,78.73

2026-09-05T02:29:21.391Z,32.93,78.77

2026-09-05T02:29:26.396Z,32.91,78.77

2026-09-05T02:29:31.407Z,32.91,78.73

2026-09-05T02:29:36.396Z,32.92,78.78

2026-09-05T02:29:41.397Z,32.93,78.75

2026-09-05T02:29:46.396Z,32.94,78.76

2026-09-05T02:29:51.397Z,32.93,78.79

2026-09-05T02:29:56.410Z,32.93,78.8

2026-09-05T02:30:01.420Z,32.93,78.85

2026-09-05T02:30:06.407Z,32.93,78.86

2026-09-05T02:30:11.409Z,32.93,78.8

2026-09-05T02:30:16.407Z,32.9,78.86

2026-09-05T02:30:21.407Z,32.93,78.95

2026-09-05T02:30:26.414Z,32.93,78.86

2026-09-05T02:30:31.428Z,32.92,78.88

2026-09-05T02:30:36.414Z,32.91,78.85

2026-09-05T02:30:41.415Z,32.93,78.82

2026-09-05T02:30:46.415Z,32.91,78.86

2026-09-05T02:30:51.416Z,32.92,78.87

2026-09-05T02:30:56.419Z,32.94,78.82

2026-09-05T02:31:01.431Z,32.92,78.89

2026-09-05T02:31:06.417Z,32.92,78.81

2026-09-05T02:31:11.418Z,32.92,78.84

2026-09-05T02:31:16.419Z,32.92,78.89

2026-09-05T02:31:21.420Z,32.92,78.9

2026-09-05T02:31:26.435Z,32.92,78.85

2026-09-05T02:31:31.446Z,32.94,78.94

2026-09-05T02:31:36.432Z,32.92,78.89

2026-09-05T02:31:41.432Z,32.92,78.83

2026-09-05T02:31:46.434Z,32.91,78.87

2026-09-05T02:31:51.433Z,32.91,78.92

2026-09-05T02:31:56.443Z,32.93,78.89

2026-09-05T02:32:01.455Z,32.93,78.97

2026-09-05T02:32:06.442Z,32.93,78.9

2026-09-05T02:32:11.444Z,32.92,78.93

2026-09-05T02:32:16.444Z,32.93,78.92

2026-09-05T02:32:21.444Z,32.94,78.94

2026-09-05T02:32:26.456Z,32.92,78.92

2026-09-05T02:32:31.459Z,32.93,78.9

2026-09-05T02:32:36.451Z,32.92,78.95

2026-09-05T02:32:41.454Z,32.93,78.97

2026-09-05T02:32:46.453Z,32.93,78.94

2026-09-05T02:32:51.455Z,32.92,78.95

2026-09-05T02:32:56.470Z,32.91,78.94

2026-09-05T02:33:01.482Z,32.91,78.96

2026-09-05T02:33:06.464Z,32.92,78.88

2026-09-05T02:33:11.464Z,32.91,78.95

2026-09-05T02:33:16.465Z,32.93,78.94

2026-09-05T02:33:21.466Z,32.92,78.95

2026-09-05T02:33:26.475Z,32.93,78.91

2026-09-05T02:33:31.490Z,32.91,78.98

2026-09-05T02:33:36.476Z,32.91,78.93

2026-09-05T02:33:41.476Z,32.91,78.92

2026-09-05T02:33:46.476Z,32.93,78.94

2026-09-05T02:33:51.475Z,32.94,78.9

2026-09-05T02:33:56.488Z,32.94,78.96

2026-09-05T02:34:01.497Z,32.93,79

2026-09-05T02:34:06.488Z,32.93,78.94

2026-09-05T02:34:11.489Z,32.89,79.01

2026-09-05T02:34:16.489Z,32.91,78.98

2026-09-05T02:34:21.490Z,32.9,79.09

2026-09-05T02:34:26.488Z,32.92,79.01

2026-09-05T02:34:31.504Z,32.93,79.04

2026-09-05T02:34:36.491Z,32.91,79.01

2026-09-05T02:34:41.491Z,32.9,78.99

2026-09-05T02:34:46.492Z,32.92,78.98

2026-09-05T02:34:51.492Z,32.93,78.92

2026-09-05T02:34:56.492Z,32.94,78.92

2026-09-05T02:35:01.505Z,32.91,78.96

2026-09-05T02:35:06.491Z,32.92,78.95

2026-09-05T02:35:11.492Z,32.9,78.91

2026-09-05T02:35:16.492Z,32.93,78.91

2026-09-05T02:35:21.490Z,32.92,78.93

2026-09-05T02:35:26.491Z,32.89,78.82

2026-09-05T02:35:31.505Z,32.92,78.92

2026-09-05T02:35:36.491Z,32.91,78.89

2026-09-05T02:35:41.493Z,32.91,78.88

2026-09-05T02:35:46.495Z,32.9,78.94

2026-09-05T02:35:51.496Z,32.92,78.89

2026-09-05T02:35:56.496Z,32.9,78.88

2026-09-05T02:36:01.509Z,32.91,78.94

2026-09-05T02:36:06.495Z,32.91,78.88

2026-09-05T02:36:11.495Z,32.9,78.95

2026-09-05T02:36:16.494Z,32.9,78.9

2026-09-05T02:36:21.496Z,32.9,78.86

2026-09-05T02:36:26.509Z,32.9,78.85

2026-09-05T02:36:31.522Z,32.89,78.89

2026-09-05T02:36:36.507Z,32.9,78.79

2026-09-05T02:36:41.508Z,32.91,78.81

2026-09-05T02:36:46.507Z,32.91,78.81

2026-09-05T02:36:51.511Z,32.91,78.75

2026-09-05T02:36:56.523Z,32.89,78.78

2026-09-05T02:37:01.534Z,32.89,78.82

2026-09-05T02:37:06.522Z,32.91,78.78

2026-09-05T02:37:11.522Z,32.91,78.87

2026-09-05T02:37:16.523Z,32.87,78.85

2026-09-05T02:37:21.524Z,32.88,78.82

2026-09-05T02:37:26.535Z,32.89,78.79

2026-09-05T02:37:31.543Z,32.9,78.82

2026-09-05T02:37:36.532Z,32.88,78.76

2026-09-05T02:37:41.534Z,32.9,78.73

2026-09-05T02:37:46.534Z,32.9,78.75

2026-09-05T02:37:51.534Z,32.88,78.77

2026-09-05T02:37:56.540Z,32.89,78.75

2026-09-05T02:38:01.550Z,32.88,78.73

2026-09-05T02:38:06.538Z,32.88,78.7

2026-09-05T02:38:11.551Z,32.89,78.79

2026-09-05T02:38:16.539Z,32.91,78.75

2026-09-05T02:38:21.539Z,32.89,78.76

2026-09-05T02:38:26.539Z,32.9,78.75

2026-09-05T02:38:31.539Z,32.9,78.79

2026-09-05T02:38:36.539Z,32.9,78.68

2026-09-05T02:38:41.551Z,32.88,78.77

2026-09-05T02:38:46.538Z,32.91,78.79

2026-09-05T02:38:51.541Z,32.91,78.71

2026-09-05T02:38:56.540Z,32.93,78.69

2026-09-05T02:39:01.538Z,32.92,78.75

2026-09-05T02:39:06.540Z,32.92,78.76

2026-09-05T02:39:11.553Z,32.89,78.75

2026-09-05T02:39:16.541Z,32.9,78.68

2026-09-05T02:39:21.544Z,32.9,78.73

2026-09-05T02:39:26.542Z,32.88,78.77

2026-09-05T02:39:31.541Z,32.94,78.65

2026-09-05T02:39:36.545Z,32.9,78.69

2026-09-05T02:39:41.556Z,32.91,78.7

2026-09-05T02:39:46.544Z,32.89,78.63

2026-09-05T02:39:51.546Z,32.9,78.66

2026-09-05T02:39:56.544Z,32.9,78.58

2026-09-05T02:40:01.545Z,32.91,78.62

2026-09-05T02:40:06.556Z,32.9,78.58

2026-09-05T02:40:11.568Z,32.88,78.68

2026-09-05T02:40:16.557Z,32.9,78.61

2026-09-05T02:40:21.556Z,32.91,78.71

2026-09-05T02:40:26.553Z,32.88,78.66

2026-09-05T02:40:31.556Z,32.89,78.69

2026-09-05T02:40:36.565Z,32.87,78.72

2026-09-05T02:40:41.588Z,32.88,78.7

2026-09-05T02:40:46.566Z,32.89,78.69

2026-09-05T02:40:51.567Z,32.89,78.6

2026-09-05T02:40:56.566Z,32.92,78.62

2026-09-05T02:41:01.566Z,32.91,78.63

2026-09-05T02:41:06.583Z,32.92,78.6

2026-09-05T02:41:11.593Z,32.9,78.61

2026-09-05T02:41:16.582Z,32.91,78.57

2026-09-05T02:41:21.581Z,32.9,78.53

2026-09-05T02:41:26.582Z,32.9,78.57

2026-09-05T02:41:31.582Z,32.92,78.55

2026-09-05T02:41:36.581Z,32.93,78.54

2026-09-05T02:41:41.598Z,32.91,78.63

2026-09-05T02:41:46.584Z,32.92,78.55

2026-09-05T02:41:51.584Z,32.92,78.56

2026-09-05T02:41:56.583Z,32.9,78.57

2026-09-05T02:42:01.585Z,32.9,78.5

2026-09-05T02:42:06.594Z,32.93,78.5

2026-09-05T02:42:11.606Z,32.91,78.56

2026-09-05T02:42:16.593Z,32.94,78.51

2026-09-05T02:42:21.594Z,32.92,78.53

2026-09-05T02:42:26.594Z,32.94,78.56

2026-09-05T02:42:31.594Z,32.92,78.51

2026-09-05T02:42:36.608Z,32.92,78.48

2026-09-05T02:42:41.619Z,32.92,78.46

2026-09-05T02:42:46.606Z,32.92,78.44

2026-09-05T02:42:51.608Z,32.91,78.45

2026-09-05T02:42:56.607Z,32.93,78.47

2026-09-05T02:43:01.608Z,32.92,78.39

2026-09-05T02:43:06.615Z,32.92,78.4

2026-09-05T02:43:11.631Z,32.92,78.45

2026-09-05T02:43:16.615Z,32.92,78.49

2026-09-05T02:43:21.615Z,32.94,78.46

2026-09-05T02:43:26.614Z,32.92,78.42

2026-09-05T02:43:31.614Z,32.93,78.5

2026-09-05T02:43:36.613Z,32.92,78.46

2026-09-05T02:43:41.627Z,32.92,78.49

2026-09-05T02:43:46.614Z,32.93,78.46

2026-09-05T02:43:51.614Z,32.92,78.46

2026-09-05T02:43:56.613Z,32.92,78.48

2026-09-05T02:44:01.627Z,32.92,78.48

2026-09-05T02:44:06.619Z,32.92,78.44

2026-09-05T02:44:11.618Z,32.92,78.49

2026-09-05T02:44:16.617Z,32.93,78.5

2026-09-05T02:44:21.618Z,32.94,78.55

2026-09-05T02:44:26.630Z,32.93,78.56

2026-09-05T02:44:31.647Z,32.93,78.53

2026-09-05T02:44:36.631Z,32.93,78.51

2026-09-05T02:44:41.630Z,32.92,78.56

2026-09-05T02:44:46.638Z,32.95,78.59

2026-09-05T02:44:51.649Z,32.91,78.53

2026-09-05T02:44:56.637Z,32.94,78.48

2026-09-05T02:45:01.638Z,32.93,78.43

2026-09-05T02:45:06.638Z,32.92,78.46

2026-09-05T02:45:11.640Z,32.93,78.45

2026-09-05T02:45:16.638Z,32.94,78.48

2026-09-05T02:45:21.652Z,32.94,78.5

2026-09-05T02:45:26.639Z,32.94,78.43

2026-09-05T02:45:31.639Z,32.94,78.45

2026-09-05T02:45:36.640Z,32.95,78.31

2026-09-05T02:45:41.640Z,32.92,78.4

2026-09-05T02:45:46.657Z,32.95,78.32

2026-09-05T02:45:51.669Z,32.95,78.31

2026-09-05T02:45:56.657Z,32.94,78.26

2026-09-05T02:46:01.657Z,32.94,78.32

2026-09-05T02:46:06.657Z,32.94,78.29

2026-09-05T02:46:11.657Z,32.94,78.26

2026-09-05T02:46:16.664Z,32.93,78.2

2026-09-05T02:46:21.678Z,32.92,78.23

2026-09-05T02:46:26.662Z,32.94,78.12

2026-09-05T02:46:31.663Z,32.93,78.08

2026-09-05T02:46:36.663Z,32.93,78.09

2026-09-05T02:46:41.665Z,32.92,78.08

2026-09-05T02:46:46.667Z,32.93,78.04

2026-09-05T02:46:51.676Z,32.94,78.02

2026-09-05T02:46:56.665Z,32.95,78.02

2026-09-05T02:47:01.665Z,32.95,77.96

2026-09-05T02:47:06.667Z,32.93,77.96

2026-09-05T02:47:11.665Z,32.92,77.94

2026-09-05T02:47:16.665Z,32.93,77.99

2026-09-05T02:47:21.675Z,32.93,78.06

2026-09-05T02:47:26.666Z,32.92,78.09

2026-09-05T02:47:31.668Z,32.94,78

2026-09-05T02:47:36.666Z,32.91,77.89

2026-09-05T02:47:41.669Z,32.92,77.8

2026-09-05T02:47:46.674Z,32.95,77.78

2026-09-05T02:47:51.678Z,32.92,77.82

2026-09-05T02:47:56.671Z,32.93,77.68

2026-09-05T02:48:01.674Z,32.93,77.76

2026-09-05T02:48:06.673Z,32.93,77.73

2026-09-05T02:48:11.673Z,32.92,77.84

2026-09-05T02:48:16.689Z,32.93,77.84

2026-09-05T02:48:21.701Z,32.93,77.87

2026-09-05T02:48:26.689Z,32.93,77.76

2026-09-05T02:48:31.689Z,32.92,77.82

2026-09-05T02:48:36.691Z,32.95,77.81

2026-09-05T02:48:41.690Z,32.92,77.84

2026-09-05T02:48:46.704Z,32.93,77.88

2026-09-05T02:48:51.719Z,32.92,77.83

2026-09-05T02:48:56.704Z,32.95,77.71

2026-09-05T02:49:01.705Z,32.93,77.64

2026-09-05T02:49:06.705Z,32.93,77.64

2026-09-05T02:49:11.721Z,32.93,77.63

2026-09-05T02:49:16.706Z,32.95,77.61

2026-09-05T02:49:21.706Z,32.94,77.57

2026-09-05T02:49:26.705Z,32.92,77.53

2026-09-05T02:49:31.706Z,32.94,77.52

2026-09-05T02:49:36.708Z,32.93,77.5

2026-09-05T02:49:41.720Z,32.93,77.53

2026-09-05T02:49:46.707Z,32.93,77.45

2026-09-05T02:49:51.707Z,32.93,77.43

2026-09-05T02:49:56.707Z,32.92,77.4

2026-09-05T02:50:01.709Z,32.92,77.46

2026-09-05T02:50:06.715Z,32.93,77.49

2026-09-05T02:50:11.722Z,32.91,77.49

2026-09-05T02:50:16.714Z,32.93,77.47

2026-09-05T02:50:21.711Z,32.91,77.48

2026-09-05T02:50:26.711Z,32.92,77.49

2026-09-05T02:50:31.714Z,32.92,77.47

2026-09-05T02:50:36.715Z,32.92,77.55

2026-09-05T02:50:41.728Z,32.9,77.61

2026-09-05T02:50:46.715Z,32.91,77.5

2026-09-05T02:50:51.716Z,32.92,77.47

2026-09-05T02:50:56.714Z,32.91,77.47

2026-09-05T02:51:01.716Z,32.92,77.4

2026-09-05T02:51:06.733Z,32.92,77.35

2026-09-05T02:51:11.745Z,32.91,77.32

2026-09-05T02:51:16.729Z,32.92,77.32

2026-09-05T02:51:21.729Z,32.9,77.38

2026-09-05T02:51:26.732Z,32.91,77.33

2026-09-05T02:51:31.731Z,32.91,77.32

2026-09-05T02:51:36.753Z,32.93,77.36

2026-09-05T02:51:41.765Z,32.9,77.41

2026-09-05T02:51:46.753Z,32.9,77.37

2026-09-05T02:51:51.755Z,32.88,77.33

2026-09-05T02:51:56.753Z,32.91,77.32

2026-09-05T02:52:01.759Z,32.9,77.28

2026-09-05T02:52:06.759Z,32.9,77.27

2026-09-05T02:52:11.769Z,32.91,77.33

2026-09-05T02:52:16.772Z,32.91,77.26

2026-09-05T02:52:21.767Z,32.9,77.25

2026-09-05T02:52:26.767Z,32.91,77.27

2026-09-05T02:52:31.782Z,32.9,77.32

2026-09-05T02:52:36.766Z,32.91,77.33

2026-09-05T02:52:41.767Z,32.91,77.31

2026-09-05T02:52:46.768Z,32.91,77.33

2026-09-05T02:52:51.769Z,32.91,77.32

2026-09-05T02:52:56.766Z,32.91,77.34

2026-09-05T02:53:01.783Z,32.9,77.4

2026-09-05T02:53:06.767Z,32.9,77.4

2026-09-05T02:53:11.768Z,32.9,77.38

2026-09-05T02:53:16.768Z,32.89,77.48

2026-09-05T02:53:21.769Z,32.91,77.42

2026-09-05T02:53:26.770Z,32.9,77.44

2026-09-05T02:53:31.785Z,32.89,77.47

2026-09-05T02:53:36.770Z,32.92,77.4

2026-09-05T02:53:41.769Z,32.88,77.5

2026-09-05T02:53:46.770Z,32.91,77.44

2026-09-05T02:53:51.771Z,32.92,77.44

2026-09-05T02:53:56.788Z,32.9,77.46

2026-09-05T02:54:01.796Z,32.9,77.48

2026-09-05T02:54:06.782Z,32.91,77.46

2026-09-05T02:54:11.786Z,32.89,77.45

2026-09-05T02:54:16.785Z,32.93,77.45

2026-09-05T02:54:21.784Z,32.92,77.45

2026-09-05T02:54:26.792Z,32.9,77.49

2026-09-05T02:54:31.804Z,32.9,77.5

2026-09-05T02:54:36.790Z,32.92,77.48

2026-09-05T02:54:41.790Z,32.92,77.47

2026-09-05T02:54:46.806Z,32.94,77.45

2026-09-05T02:54:51.803Z,32.93,77.44

2026-09-05T02:54:56.800Z,32.93,77.4

2026-09-05T02:55:01.808Z,32.94,77.44

2026-09-05T02:55:06.797Z,32.95,77.34

2026-09-05T02:55:11.803Z,32.94,77.32

2026-09-05T02:55:16.802Z,32.93,77.26

2026-09-05T02:55:21.802Z,32.93,77.22

2026-09-05T02:55:26.800Z,32.95,77.25

2026-09-05T02:55:31.818Z,32.93,77.21

2026-09-05T02:55:36.802Z,32.92,77.26

2026-09-05T02:55:41.803Z,32.96,77.16

2026-09-05T02:55:46.803Z,32.96,77.21

2026-09-05T02:55:51.802Z,32.95,77.14

2026-09-05T02:55:56.808Z,32.97,77.17

2026-09-05T02:56:01.817Z,32.95,77.2

2026-09-05T02:56:06.806Z,32.96,77.12

2026-09-05T02:56:11.807Z,32.96,77.14

2026-09-05T02:56:16.806Z,32.95,77.06

2026-09-05T02:56:21.817Z,32.97,77.09

2026-09-05T02:56:26.820Z,32.96,76.93

2026-09-05T02:56:31.831Z,32.97,76.94

2026-09-05T02:56:36.818Z,32.97,76.85

2026-09-05T02:56:41.821Z,32.98,76.84

2026-09-05T02:56:46.820Z,32.98,76.88

2026-09-05T02:56:51.820Z,32.99,76.86

2026-09-05T02:56:56.831Z,32.98,76.87

2026-09-05T02:57:01.843Z,32.98,76.94

2026-09-05T02:57:06.830Z,32.97,76.84

2026-09-05T02:57:11.831Z,33.01,76.82

2026-09-05T02:57:16.830Z,33,76.78

2026-09-05T02:57:21.831Z,33,76.8

2026-09-05T02:57:26.834Z,32.99,76.77

2026-09-05T02:57:31.848Z,33,76.76

2026-09-05T02:57:36.833Z,33.01,76.72

2026-09-05T02:57:41.834Z,33.02,76.63

2026-09-05T02:57:46.836Z,33.01,76.6

2026-09-05T02:57:51.836Z,33,76.65

2026-09-05T02:57:56.839Z,33,76.71

2026-09-05T02:58:01.848Z,33.01,76.71

2026-09-05T02:58:06.838Z,33.01,76.64

2026-09-05T02:58:11.840Z,33,76.72

2026-09-05T02:58:16.841Z,33.02,76.67

2026-09-05T02:58:21.850Z,32.99,76.64

2026-09-05T02:58:26.840Z,33.01,76.51

2026-09-05T02:58:31.845Z,33.02,76.54

2026-09-05T02:58:36.840Z,33.02,76.46

2026-09-05T02:58:41.840Z,33.02,76.42

2026-09-05T02:58:46.847Z,33.01,76.43

2026-09-05T02:58:51.865Z,33.01,76.49

2026-09-05T02:58:56.848Z,33.03,76.48

2026-09-05T02:59:01.847Z,33.02,76.47

2026-09-05T02:59:06.847Z,33.02,76.51

2026-09-05T02:59:11.852Z,33.03,76.45

2026-09-05T02:59:16.848Z,33.04,76.39

2026-09-05T02:59:21.864Z,33.06,76.45

2026-09-05T02:59:26.851Z,33.03,76.36

2026-09-05T02:59:31.852Z,33.05,76.35

2026-09-05T02:59:36.851Z,33.04,76.37

2026-09-05T02:59:41.849Z,33.03,76.26

2026-09-05T02:59:46.854Z,33.03,76.24

2026-09-05T02:59:51.869Z,33.04,76.26

2026-09-05T02:59:56.857Z,33.05,76.25

2026-09-05T03:00:01.857Z,33.04,76.28

2026-09-05T03:00:06.856Z,33.05,76.27

2026-09-05T03:00:11.857Z,33.04,76.16

2026-09-05T03:00:16.860Z,33.06,76.2

2026-09-05T03:00:21.872Z,33.05,76.21

2026-09-05T03:00:26.858Z,33.05,76.08

2026-09-05T03:00:31.859Z,33.06,75.97

2026-09-05T03:00:36.858Z,33.05,76.06

2026-09-05T03:00:41.860Z,33.05,76.01

2026-09-05T03:00:46.877Z,33.06,75.96

2026-09-05T03:00:51.889Z,33.05,75.94

2026-09-05T03:00:56.875Z,33.07,75.8

2026-09-05T03:01:01.876Z,33.06,75.71

2026-09-05T03:01:06.875Z,33.07,75.63

2026-09-05T03:01:11.877Z,33.05,75.61

2026-09-05T03:01:16.880Z,33.05,75.62

2026-09-05T03:01:21.893Z,33.06,75.68

2026-09-05T03:01:26.880Z,33.08,75.66

2026-09-05T03:01:31.878Z,33.07,75.79

2026-09-05T03:01:36.880Z,33.07,75.94

2026-09-05T03:01:41.880Z,33.05,76.04

2026-09-05T03:01:46.894Z,33.07,76.15

2026-09-05T03:01:51.907Z,33.07,76.18

2026-09-05T03:01:56.891Z,33.07,76.2

2026-09-05T03:02:01.893Z,33.07,76.18

2026-09-05T03:02:06.904Z,33.07,76.17

2026-09-05T03:02:11.919Z,33.08,76.04

2026-09-05T03:02:16.903Z,33.08,75.9

2026-09-05T03:02:21.904Z,33.08,75.76

2026-09-05T03:02:26.903Z,33.09,75.69

2026-09-05T03:02:31.909Z,33.08,75.66

2026-09-05T03:02:36.916Z,33.08,75.65

2026-09-05T03:02:41.921Z,33.09,75.63

2026-09-05T03:02:46.909Z,33.07,75.62

2026-09-05T03:02:51.913Z,33.09,75.62

2026-09-05T03:02:56.911Z,33.09,75.61

2026-09-05T03:03:01.911Z,33.08,75.6

2026-09-05T03:03:06.924Z,33.08,75.66

2026-09-05T03:03:11.939Z,33.07,75.57

2026-09-05T03:03:16.927Z,33.09,75.53

2026-09-05T03:03:21.928Z,33.11,75.55

2026-09-05T03:03:26.932Z,33.09,75.6

2026-09-05T03:03:31.943Z,33.09,75.61

2026-09-05T03:03:36.930Z,33.1,75.61

2026-09-05T03:03:41.932Z,33.09,75.62

2026-09-05T03:03:46.928Z,33.1,75.66

2026-09-05T03:03:51.930Z,33.1,75.75

2026-09-05T03:03:56.933Z,33.11,75.79

2026-09-05T03:04:01.947Z,33.11,75.76

2026-09-05T03:04:06.934Z,33.11,75.84

2026-09-05T03:04:11.933Z,33.14,75.78

2026-09-05T03:04:16.935Z,33.12,75.8

2026-09-05T03:04:21.936Z,33.11,75.79

2026-09-05T03:04:26.935Z,33.11,75.77

2026-09-05T03:04:31.948Z,33.12,75.81

2026-09-05T03:04:36.939Z,33.1,75.76

2026-09-05T03:04:41.937Z,33.13,75.76

2026-09-05T03:04:46.938Z,33.13,75.59

2026-09-05T03:04:51.937Z,33.11,75.41

2026-09-05T03:04:56.948Z,33.13,75.2

2026-09-05T03:05:01.959Z,33.11,75.15

2026-09-05T03:05:06.947Z,33.11,75.2

2026-09-05T03:05:11.945Z,33.14,75.24

2026-09-05T03:05:16.949Z,33.12,75.33

2026-09-05T03:05:21.947Z,33.11,75.36

2026-09-05T03:05:26.960Z,33.11,75.31

2026-09-05T03:05:31.970Z,33.11,75.38

2026-09-05T03:05:36.959Z,33.09,75.46

2026-09-05T03:05:41.962Z,33.11,75.53

2026-09-05T03:05:46.960Z,33.12,75.57

2026-09-05T03:05:51.961Z,33.11,75.56

2026-09-05T03:05:56.965Z,33.11,75.56

2026-09-05T03:06:01.973Z,33.13,75.56

2026-09-05T03:06:06.960Z,33.12,75.5

2026-09-05T03:06:11.964Z,33.13,75.48

2026-09-05T03:06:16.962Z,33.11,75.4

2026-09-05T03:06:21.963Z,33.1,75.43

2026-09-05T03:06:26.977Z,33.12,75.38

2026-09-05T03:06:31.987Z,33.11,75.43

2026-09-05T03:06:36.973Z,33.13,75.43

2026-09-05T03:06:41.972Z,33.1,75.44

2026-09-05T03:06:46.973Z,33.1,75.43

2026-09-05T03:06:51.974Z,33.11,75.43

2026-09-05T03:06:56.990Z,33.09,75.46

2026-09-05T03:07:02.004Z,33.12,75.48

2026-09-05T03:07:06.988Z,33.12,75.53

2026-09-05T03:07:11.988Z,33.11,75.46

2026-09-05T03:07:16.988Z,33.11,75.48

2026-09-05T03:07:21.988Z,33.08,75.53

2026-09-05T03:07:27.020Z,33.11,75.51

2026-09-05T03:07:32.026Z,33.1,75.57

2026-09-05T03:07:37.017Z,33.1,75.59

2026-09-05T03:07:42.018Z,33.09,75.62

2026-09-05T03:07:47.017Z,33.11,75.72

2026-09-05T03:07:52.017Z,33.11,75.78

2026-09-05T03:07:57.019Z,33.11,75.83

2026-09-05T03:08:02.032Z,33.09,75.82

2026-09-05T03:08:07.016Z,33.12,75.85

2026-09-05T03:08:12.016Z,33.11,75.81

2026-09-05T03:08:17.015Z,33.12,75.91

2026-09-05T03:08:22.029Z,33.08,76.08

2026-09-05T03:08:27.016Z,33.09,76.08

2026-09-05T03:08:32.018Z,33.1,76.09

2026-09-05T03:08:37.015Z,33.09,76.21

2026-09-05T03:08:42.018Z,33.08,76.23

2026-09-05T03:08:47.016Z,33.1,76.28

2026-09-05T03:08:52.033Z,33.08,76.38

2026-09-05T03:08:57.018Z,33.07,76.39

2026-09-05T03:09:02.017Z,33.07,76.49

2026-09-05T03:09:07.019Z,33.05,76.53

2026-09-05T03:09:12.017Z,33.06,76.53

2026-09-05T03:09:17.018Z,33.05,76.61

2026-09-05T03:09:22.030Z,33.04,76.6

2026-09-05T03:09:27.020Z,33.05,76.62

2026-09-05T03:09:32.021Z,33.04,76.7

2026-09-05T03:09:37.022Z,33.03,76.78

2026-09-05T03:09:42.022Z,33.03,76.8

2026-09-05T03:09:47.023Z,33.01,76.8

2026-09-05T03:09:52.038Z,33.01,76.94

2026-09-05T03:09:57.027Z,32.99,76.93

2026-09-05T03:10:02.029Z,32.97,76.97

2026-09-05T03:10:07.031Z,33,77.11

2026-09-05T03:10:12.040Z,32.95,77.13

2026-09-05T03:10:17.030Z,32.96,77.02

2026-09-05T03:10:22.032Z,32.97,77.21

2026-09-05T03:10:27.035Z,32.95,77.2

2026-09-05T03:10:32.029Z,32.95,77.26

2026-09-05T03:10:37.030Z,32.94,77.29

2026-09-05T03:10:42.044Z,32.95,77.29

2026-09-05T03:10:47.032Z,32.92,77.25

2026-09-05T03:10:52.032Z,32.91,77.23

2026-09-05T03:10:57.031Z,32.9,77.25

2026-09-05T03:11:02.033Z,32.91,77.25

2026-09-05T03:11:07.033Z,32.91,77.2

2026-09-05T03:11:12.044Z,32.9,77.26

2026-09-05T03:11:17.032Z,32.87,77.16

2026-09-05T03:11:22.034Z,32.86,77.18

2026-09-05T03:11:27.033Z,32.86,77.23

2026-09-05T03:11:32.034Z,32.86,77.03

2026-09-05T03:11:37.039Z,32.84,76.88

2026-09-05T03:11:42.049Z,32.83,76.84

2026-09-05T03:11:47.038Z,32.8,76.69

2026-09-05T03:11:52.038Z,32.82,76.76

2026-09-05T03:11:57.038Z,32.81,76.69

2026-09-05T03:12:02.039Z,32.79,76.87

2026-09-05T03:12:07.042Z,32.8,77.03

2026-09-05T03:12:12.055Z,32.78,76.9

2026-09-05T03:12:17.041Z,32.79,76.84

2026-09-05T03:12:22.041Z,32.76,76.87

2026-09-05T03:12:27.050Z,32.77,76.9

2026-09-05T03:12:32.060Z,32.74,76.83

2026-09-05T03:12:37.047Z,32.74,76.73

2026-09-05T03:12:42.049Z,32.75,76.76

2026-09-05T03:12:47.049Z,32.73,76.89

2026-09-05T03:12:52.050Z,32.72,76.97

2026-09-05T03:12:57.064Z,32.71,77.09

2026-09-05T03:13:02.075Z,32.73,77.15

2026-09-05T03:13:07.063Z,32.71,77.13

2026-09-05T03:13:12.064Z,32.69,77.14

2026-09-05T03:13:17.063Z,32.7,77.17

2026-09-05T03:13:22.063Z,32.7,77.28

2026-09-05T03:13:27.067Z,32.69,77.27

2026-09-05T03:13:32.077Z,32.69,77.31

2026-09-05T03:13:37.064Z,32.69,77.33

2026-09-05T03:13:42.064Z,32.67,77.31

2026-09-05T03:13:47.071Z,32.69,77.28

2026-09-05T03:13:52.068Z,32.66,77.21

2026-09-05T03:13:57.080Z,32.67,77.24

2026-09-05T03:14:02.090Z,32.66,77.28

2026-09-05T03:14:07.082Z,32.64,77.19

2026-09-05T03:14:12.082Z,32.65,77.18

2026-09-05T03:14:17.082Z,32.65,77.21

2026-09-05T03:14:22.085Z,32.64,77.2

2026-09-05T03:14:27.100Z,32.65,77.29

2026-09-05T03:14:32.111Z,32.64,77.34

2026-09-05T03:14:37.100Z,32.64,77.33

2026-09-05T03:14:42.100Z,32.64,77.32

2026-09-05T03:14:47.101Z,32.61,77.4

2026-09-05T03:14:52.101Z,32.64,77.43

2026-09-05T03:14:57.113Z,32.63,77.49

2026-09-05T03:15:02.122Z,32.6,77.54

2026-09-05T03:15:07.111Z,32.6,77.58

2026-09-05T03:15:12.112Z,32.61,77.64

2026-09-05T03:15:17.112Z,32.58,77.61

2026-09-05T03:15:22.111Z,32.59,77.66

2026-09-05T03:15:27.122Z,32.58,77.74

2026-09-05T03:15:32.128Z,32.58,77.79

2026-09-05T03:15:37.118Z,32.59,77.8

2026-09-05T03:15:42.121Z,32.59,77.83

2026-09-05T03:15:47.118Z,32.57,77.89

2026-09-05T03:15:52.119Z,32.59,77.94

2026-09-05T03:15:57.130Z,32.56,77.92

2026-09-05T03:16:02.141Z,32.57,78.01

2026-09-05T03:16:07.129Z,32.56,77.95

2026-09-05T03:16:12.130Z,32.56,77.99

2026-09-05T03:16:17.130Z,32.59,78.03

2026-09-05T03:16:22.132Z,32.55,78.09

2026-09-05T03:16:27.136Z,32.56,78.11

2026-09-05T03:16:32.148Z,32.54,78.13

2026-09-05T03:16:37.137Z,32.56,78.12

2026-09-05T03:16:42.136Z,32.57,78.15

2026-09-05T03:16:47.137Z,32.56,78.13

2026-09-05T03:16:52.138Z,32.53,78.22

2026-09-05T03:16:57.138Z,32.55,78.2

2026-09-05T03:17:02.149Z,32.54,78.24

2026-09-05T03:17:07.137Z,32.53,78.21

2026-09-05T03:17:12.137Z,32.54,78.24

2026-09-05T03:17:17.136Z,32.53,78.32

2026-09-05T03:17:22.139Z,32.54,78.31

2026-09-05T03:17:27.139Z,32.53,78.35

2026-09-05T03:17:32.157Z,32.54,78.44

2026-09-05T03:17:37.142Z,32.54,78.51

2026-09-05T03:17:42.144Z,32.55,78.46

2026-09-05T03:17:47.153Z,32.53,78.49

2026-09-05T03:17:52.157Z,32.53,78.56

2026-09-05T03:17:57.150Z,32.54,78.55

2026-09-05T03:18:02.149Z,32.53,78.57

2026-09-05T03:18:07.150Z,32.53,78.6

2026-09-05T03:18:12.150Z,32.52,78.62

2026-09-05T03:18:17.159Z,32.52,78.63

2026-09-05T03:18:22.171Z,32.53,78.65

2026-09-05T03:18:27.161Z,32.51,78.64

2026-09-05T03:18:32.160Z,32.5,78.65

2026-09-05T03:18:37.159Z,32.5,78.69

2026-09-05T03:18:42.161Z,32.52,78.56

2026-09-05T03:18:47.172Z,32.5,78.54

2026-09-05T03:18:52.180Z,32.51,78.65

2026-09-05T03:18:57.172Z,32.5,78.57

2026-09-05T03:19:02.169Z,32.5,78.61

2026-09-05T03:19:07.172Z,32.48,78.57

2026-09-05T03:19:12.172Z,32.49,78.43

2026-09-05T03:19:17.179Z,32.49,78.43

2026-09-05T03:19:22.190Z,32.48,78.5

2026-09-05T03:19:27.178Z,32.48,78.49

2026-09-05T03:19:32.176Z,32.47,78.67

2026-09-05T03:19:37.178Z,32.46,78.59

2026-09-05T03:19:42.179Z,32.48,78.58

2026-09-05T03:19:47.188Z,32.46,78.55

2026-09-05T03:19:52.196Z,32.45,78.42

2026-09-05T03:19:57.187Z,32.44,78.31

2026-09-05T03:20:02.186Z,32.44,78.25

2026-09-05T03:20:07.186Z,32.44,78.2

2026-09-05T03:20:12.188Z,32.45,78.31

2026-09-05T03:20:17.190Z,32.45,78.31

2026-09-05T03:20:22.200Z,32.44,78.44

2026-09-05T03:20:27.189Z,32.44,78.41

2026-09-05T03:20:32.186Z,32.44,78.49

2026-09-05T03:20:37.186Z,32.43,78.41

2026-09-05T03:20:42.187Z,32.43,78.48

2026-09-05T03:20:47.189Z,32.45,78.56

2026-09-05T03:20:52.199Z,32.43,78.48

2026-09-05T03:20:57.186Z,32.44,78.43

2026-09-05T03:21:02.188Z,32.41,78.55

2026-09-05T03:21:07.188Z,32.44,78.52

2026-09-05T03:21:12.191Z,32.45,78.51

2026-09-05T03:21:17.191Z,32.43,78.47

2026-09-05T03:21:22.202Z,32.44,78.57

2026-09-05T03:21:27.191Z,32.43,78.57

2026-09-05T03:21:32.190Z,32.46,78.62

2026-09-05T03:21:37.194Z,32.43,78.65

2026-09-05T03:21:42.196Z,32.43,78.61

2026-09-05T03:21:47.205Z,32.43,78.61

2026-09-05T03:21:52.217Z,32.45,78.67

2026-09-05T03:21:57.205Z,32.43,78.65

2026-09-05T03:22:02.206Z,32.45,78.7

2026-09-05T03:22:07.227Z,32.43,78.65

2026-09-05T03:22:12.206Z,32.44,78.67

2026-09-05T03:22:17.225Z,32.42,78.59

2026-09-05T03:22:22.232Z,32.42,78.61

2026-09-05T03:22:27.221Z,32.43,78.6

2026-09-05T03:22:32.220Z,32.46,78.63

2026-09-05T03:22:37.221Z,32.46,78.64

2026-09-05T03:22:42.221Z,32.43,78.64

2026-09-05T03:22:47.232Z,32.43,78.57

2026-09-05T03:22:52.243Z,32.43,78.65

2026-09-05T03:22:57.229Z,32.44,78.63

2026-09-05T03:23:02.228Z,32.44,78.55

2026-09-05T03:23:07.227Z,32.43,78.59

2026-09-05T03:23:12.240Z,32.43,78.7

2026-09-05T03:23:17.230Z,32.45,78.6

2026-09-05T03:23:22.231Z,32.45,78.51

2026-09-05T03:23:27.231Z,32.44,78.58

2026-09-05T03:23:32.233Z,32.43,78.64

2026-09-05T03:23:37.234Z,32.41,78.63

2026-09-05T03:23:42.250Z,32.44,78.77

2026-09-05T03:23:47.232Z,32.42,78.73

2026-09-05T03:23:52.233Z,32.43,78.73

2026-09-05T03:23:57.234Z,32.45,78.77

2026-09-05T03:24:02.234Z,32.45,78.76

2026-09-05T03:24:07.233Z,32.45,78.83

2026-09-05T03:24:12.246Z,32.42,78.85

2026-09-05T03:24:17.231Z,32.42,78.84

2026-09-05T03:24:22.231Z,32.43,78.76

2026-09-05T03:24:27.232Z,32.41,78.84

2026-09-05T03:24:32.234Z,32.43,78.81

2026-09-05T03:24:37.233Z,32.42,78.82

2026-09-05T03:24:42.245Z,32.43,78.89

2026-09-05T03:24:47.235Z,32.42,78.91

2026-09-05T03:24:52.235Z,32.45,78.97

2026-09-05T03:24:57.236Z,32.43,79.05

2026-09-05T03:25:02.237Z,32.43,78.99

2026-09-05T03:25:07.248Z,32.43,79.01

2026-09-05T03:25:12.260Z,32.44,79.1

2026-09-05T03:25:17.247Z,32.42,79

2026-09-05T03:25:22.247Z,32.43,79.03

2026-09-05T03:25:27.249Z,32.43,79.05

2026-09-05T03:25:32.250Z,32.43,79.12

2026-09-05T03:25:37.265Z,32.42,79.1

2026-09-05T03:25:42.276Z,32.42,79.14

2026-09-05T03:25:47.263Z,32.43,79.17

2026-09-05T03:25:52.267Z,32.44,79.14

2026-09-05T03:25:57.265Z,32.42,79.21

2026-09-05T03:26:02.265Z,32.43,79.24

2026-09-05T03:26:07.269Z,32.42,79.2

2026-09-05T03:26:12.281Z,32.43,79.33

2026-09-05T03:26:17.269Z,32.43,79.26

2026-09-05T03:26:22.272Z,32.44,79.28

2026-09-05T03:26:27.271Z,32.43,79.3

2026-09-05T03:26:32.270Z,32.44,79.32

2026-09-05T03:26:37.284Z,32.43,79.34

2026-09-05T03:26:42.296Z,32.4,79.31

2026-09-05T03:26:47.284Z,32.43,79.3

2026-09-05T03:26:52.286Z,32.4,79.31

2026-09-05T03:26:57.286Z,32.43,79.35

2026-09-05T03:27:02.287Z,32.44,79.33

2026-09-05T03:27:07.286Z,32.44,79.35

2026-09-05T03:27:12.299Z,32.43,79.4

2026-09-05T03:27:17.285Z,32.43,79.36

2026-09-05T03:27:22.283Z,32.43,79.4

2026-09-05T03:27:27.284Z,32.42,79.41

2026-09-05T03:27:32.287Z,32.43,79.38

2026-09-05T03:27:37.299Z,32.43,79.47

2026-09-05T03:27:42.310Z,32.44,79.51

2026-09-05T03:27:47.298Z,32.42,79.5

2026-09-05T03:27:52.298Z,32.43,79.58

2026-09-05T03:27:57.300Z,32.42,79.63

2026-09-05T03:28:02.298Z,32.42,79.68

2026-09-05T03:28:07.300Z,32.45,79.69

2026-09-05T03:28:12.313Z,32.42,79.74

2026-09-05T03:28:17.299Z,32.43,79.67

2026-09-05T03:28:22.300Z,32.41,79.65

2026-09-05T03:28:27.302Z,32.43,79.7

2026-09-05T03:28:32.314Z,32.43,79.71

2026-09-05T03:28:37.300Z,32.44,79.64

2026-09-05T03:28:42.303Z,32.43,79.57

2026-09-05T03:28:47.302Z,32.42,79.55

2026-09-05T03:28:52.304Z,32.42,79.58

2026-09-05T03:28:57.302Z,32.42,79.58

2026-09-05T03:29:02.317Z,32.43,79.56

2026-09-05T03:29:07.303Z,32.43,79.51

2026-09-05T03:29:12.304Z,32.44,79.55

2026-09-05T03:29:17.310Z,32.44,79.59

2026-09-05T03:29:22.322Z,32.44,79.49

2026-09-05T03:29:27.312Z,32.45,79.54

2026-09-05T03:29:32.309Z,32.43,79.49

2026-09-05T03:29:37.311Z,32.44,79.49

2026-09-05T03:29:42.311Z,32.42,79.52

2026-09-05T03:29:47.322Z,32.42,79.45

2026-09-05T03:29:52.330Z,32.42,79.47

2026-09-05T03:29:57.319Z,32.44,79.46

2026-09-05T03:30:02.319Z,32.44,79.43

2026-09-05T03:30:07.320Z,32.43,79.47

2026-09-05T03:30:12.318Z,32.42,79.45

2026-09-05T03:30:17.324Z,32.43,79.45

2026-09-05T03:30:22.332Z,32.43,79.51

2026-09-05T03:30:27.321Z,32.43,79.44

2026-09-05T03:30:32.323Z,32.43,79.41

2026-09-05T03:30:37.321Z,32.43,79.42

2026-09-05T03:30:42.324Z,32.42,79.37

2026-09-05T03:30:47.337Z,32.44,79.37

2026-09-05T03:30:52.351Z,32.42,79.42

2026-09-05T03:30:57.337Z,32.43,79.4

2026-09-05T03:31:02.336Z,32.43,79.44

2026-09-05T03:31:07.336Z,32.43,79.49

2026-09-05T03:31:12.337Z,32.44,79.45

2026-09-05T03:31:17.346Z,32.43,79.43

2026-09-05T03:31:22.358Z,32.44,79.5

2026-09-05T03:31:27.343Z,32.44,79.45

2026-09-05T03:31:32.343Z,32.44,79.46

2026-09-05T03:31:37.343Z,32.44,79.43

2026-09-05T03:31:42.344Z,32.45,79.41

2026-09-05T03:31:47.351Z,32.45,79.43

2026-09-05T03:31:52.363Z,32.45,79.49

2026-09-05T03:31:57.351Z,32.45,79.48

2026-09-05T03:32:02.350Z,32.44,79.53

2026-09-05T03:32:07.350Z,32.47,79.56

2026-09-05T03:32:12.353Z,32.45,79.63

2026-09-05T03:32:17.354Z,32.47,79.65

2026-09-05T03:32:22.365Z,32.47,79.68

2026-09-05T03:32:27.354Z,32.46,79.66

2026-09-05T03:32:32.354Z,32.45,79.71

2026-09-05T03:32:37.354Z,32.45,79.73

2026-09-05T03:32:42.355Z,32.43,79.75

2026-09-05T03:32:47.364Z,32.45,79.65

2026-09-05T03:32:52.368Z,32.44,79.72

2026-09-05T03:32:57.360Z,32.45,79.72

2026-09-05T03:33:02.364Z,32.45,79.77

2026-09-05T03:33:07.364Z,32.45,79.78

2026-09-05T03:33:12.364Z,32.46,79.74

2026-09-05T03:33:17.381Z,32.46,79.72

2026-09-05T03:33:22.391Z,32.45,79.75

2026-09-05T03:33:27.378Z,32.46,79.77

2026-09-05T03:33:32.378Z,32.47,79.76

2026-09-05T03:33:37.377Z,32.44,79.7

2026-09-05T03:33:42.378Z,32.45,79.75

2026-09-05T03:33:47.396Z,32.45,79.78

2026-09-05T03:33:52.403Z,32.43,79.85

2026-09-05T03:33:57.394Z,32.45,79.84

2026-09-05T03:34:02.393Z,32.45,79.85

2026-09-05T03:34:07.395Z,32.45,79.9

2026-09-05T03:34:12.396Z,32.46,79.88

2026-09-05T03:34:17.408Z,32.45,79.83

2026-09-05T03:34:22.417Z,32.43,79.89

2026-09-05T03:34:27.404Z,32.46,79.91

2026-09-05T03:34:32.405Z,32.46,79.85

2026-09-05T03:34:37.404Z,32.47,79.84

2026-09-05T03:34:42.406Z,32.47,79.84

2026-09-05T03:34:47.422Z,32.45,79.92

2026-09-05T03:34:52.432Z,32.47,79.97

2026-09-05T03:34:57.419Z,32.48,79.94

2026-09-05T03:35:02.418Z,32.45,79.92

2026-09-05T03:35:07.418Z,32.46,80.03

2026-09-05T03:35:12.421Z,32.46,79.99

2026-09-05T03:35:17.425Z,32.47,79.96

2026-09-05T03:35:22.438Z,32.45,80.14

2026-09-05T03:35:27.426Z,32.47,80.08

2026-09-05T03:35:32.426Z,32.46,80.08

2026-09-05T03:35:37.425Z,32.46,80.06

2026-09-05T03:35:42.423Z,32.44,80.14

2026-09-05T03:35:47.430Z,32.46,80.08

2026-09-05T03:35:52.443Z,32.44,80.23

2026-09-05T03:35:57.429Z,32.43,80.22

2026-09-05T03:36:02.430Z,32.44,80.15

2026-09-05T03:36:07.429Z,32.45,80.22

2026-09-05T03:36:12.440Z,32.44,80.25

2026-09-05T03:36:17.428Z,32.44,80.27

2026-09-05T03:36:22.427Z,32.45,80.27

2026-09-05T03:36:27.429Z,32.44,80.3

2026-09-05T03:36:32.446Z,32.42,80.3

2026-09-05T03:36:37.430Z,32.44,80.25

2026-09-05T03:36:42.430Z,32.44,80.34

2026-09-05T03:36:47.433Z,32.44,80.36

2026-09-05T03:36:52.434Z,32.44,80.39

2026-09-05T03:36:57.438Z,32.43,80.47

2026-09-05T03:37:02.448Z,32.44,80.46

2026-09-05T03:37:07.436Z,32.44,80.43

2026-09-05T03:37:12.438Z,32.44,80.38

2026-09-05T03:37:17.452Z,32.43,80.34

2026-09-05T03:37:22.464Z,32.42,80.39

2026-09-05T03:37:27.451Z,32.43,80.4

2026-09-05T03:37:32.455Z,32.46,80.26

2026-09-05T03:37:37.452Z,32.43,80.29

2026-09-05T03:37:42.452Z,32.44,80.3

2026-09-05T03:37:47.468Z,32.44,80.3

2026-09-05T03:37:52.480Z,32.42,80.32

2026-09-05T03:37:57.463Z,32.42,80.28

2026-09-05T03:38:02.465Z,32.44,80.32

2026-09-05T03:38:07.470Z,32.42,80.25

2026-09-05T03:38:12.468Z,32.41,80.31

2026-09-05T03:38:17.484Z,32.42,80.27

2026-09-05T03:38:22.498Z,32.42,80.31

2026-09-05T03:38:27.482Z,32.43,80.31

2026-09-05T03:38:32.483Z,32.42,80.3

2026-09-05T03:38:37.483Z,32.42,80.33

2026-09-05T03:38:42.484Z,32.43,80.33

2026-09-05T03:38:47.491Z,32.45,80.33

2026-09-05T03:38:52.504Z,32.42,80.32

2026-09-05T03:38:57.488Z,32.41,80.23

2026-09-05T03:39:02.490Z,32.43,80.29

2026-09-05T03:39:07.489Z,32.43,80.24

2026-09-05T03:39:12.489Z,32.43,80.25

2026-09-05T03:39:17.507Z,32.42,80.24

2026-09-05T03:39:22.521Z,32.42,80.26

2026-09-05T03:39:27.507Z,32.45,80.22

2026-09-05T03:39:32.506Z,32.42,80.17

2026-09-05T03:39:37.505Z,32.42,80.21

2026-09-05T03:39:42.506Z,32.41,80.23

2026-09-05T03:39:47.508Z,32.42,80.19

2026-09-05T03:39:52.518Z,32.43,80.25

2026-09-05T03:39:57.506Z,32.43,80.21

2026-09-05T03:40:02.506Z,32.42,80.14

2026-09-05T03:40:07.506Z,32.44,80.1

2026-09-05T03:40:12.508Z,32.41,80.03

2026-09-05T03:40:17.517Z,32.44,80.06

2026-09-05T03:40:22.527Z,32.43,80.06

2026-09-05T03:40:27.520Z,32.43,79.97

2026-09-05T03:40:32.519Z,32.42,80

2026-09-05T03:40:37.517Z,32.41,79.92

2026-09-05T03:40:42.517Z,32.42,79.94

2026-09-05T03:40:47.531Z,32.41,79.95

2026-09-05T03:40:52.545Z,32.42,79.98

2026-09-05T03:40:57.530Z,32.43,79.9

2026-09-05T03:41:02.528Z,32.41,79.9

2026-09-05T03:41:07.530Z,32.42,79.87

2026-09-05T03:41:12.531Z,32.43,79.85

2026-09-05T03:41:17.546Z,32.43,79.79

2026-09-05T03:41:22.560Z,32.42,79.84

2026-09-05T03:41:27.547Z,32.42,79.83

2026-09-05T03:41:32.546Z,32.42,79.86

2026-09-05T03:41:37.547Z,32.42,79.88

2026-09-05T03:41:42.547Z,32.44,79.89

2026-09-05T03:41:47.559Z,32.42,79.89

2026-09-05T03:41:52.573Z,32.41,79.95

2026-09-05T03:41:57.559Z,32.43,79.92

2026-09-05T03:42:02.557Z,32.43,79.93

2026-09-05T03:42:07.557Z,32.42,79.92

2026-09-05T03:42:12.558Z,32.42,79.96

2026-09-05T03:42:17.574Z,32.41,79.95

2026-09-05T03:42:22.568Z,32.42,79.94

2026-09-05T03:42:27.569Z,32.42,79.92

2026-09-05T03:42:32.582Z,32.43,80.01

2026-09-05T03:42:37.569Z,32.41,79.92

2026-09-05T03:42:42.570Z,32.43,79.88

2026-09-05T03:42:47.571Z,32.41,79.84

2026-09-05T03:42:52.571Z,32.43,79.89

2026-09-05T03:42:57.573Z,32.42,79.84

2026-09-05T03:43:02.586Z,32.42,79.88

2026-09-05T03:43:07.573Z,32.41,79.8

2026-09-05T03:43:12.571Z,32.41,79.76

2026-09-05T03:43:17.574Z,32.41,79.75

2026-09-05T03:43:22.572Z,32.42,79.7

2026-09-05T03:43:27.571Z,32.42,79.66

2026-09-05T03:43:32.588Z,32.43,79.68

2026-09-05T03:43:37.572Z,32.41,79.7

2026-09-05T03:43:42.574Z,32.43,79.63

2026-09-05T03:43:47.573Z,32.44,79.61

2026-09-05T03:43:52.574Z,32.43,79.62

2026-09-05T03:43:57.581Z,32.43,79.69

2026-09-05T03:44:02.592Z,32.4,79.66

2026-09-05T03:44:07.579Z,32.43,79.55

2026-09-05T03:44:12.580Z,32.4,79.49

2026-09-05T03:44:17.583Z,32.44,79.49

2026-09-05T03:44:22.582Z,32.43,79.56

2026-09-05T03:44:27.591Z,32.41,79.44

2026-09-05T03:44:32.605Z,32.44,79.54

2026-09-05T03:44:37.589Z,32.43,79.47

2026-09-05T03:44:42.588Z,32.42,79.52

2026-09-05T03:44:47.590Z,32.42,79.45

2026-09-05T03:44:52.592Z,32.43,79.52

2026-09-05T03:44:57.604Z,32.44,79.53

2026-09-05T03:45:02.612Z,32.44,79.53

2026-09-05T03:45:07.600Z,32.43,79.51

2026-09-05T03:45:12.602Z,32.45,79.55

2026-09-05T03:45:17.601Z,32.44,79.53

2026-09-05T03:45:22.599Z,32.43,79.49

2026-09-05T03:45:27.611Z,32.42,79.39

2026-09-05T03:45:32.623Z,32.44,79.39

2026-09-05T03:45:37.609Z,32.44,79.35

2026-09-05T03:45:42.612Z,32.42,79.29

2026-09-05T03:45:47.610Z,32.43,79.28

2026-09-05T03:45:52.609Z,32.45,79.36

2026-09-05T03:45:57.616Z,32.45,79.38

2026-09-05T03:46:02.628Z,32.45,79.37

2026-09-05T03:46:07.615Z,32.46,79.38

2026-09-05T03:46:12.615Z,32.45,79.35

2026-09-05T03:46:17.616Z,32.44,79.32

2026-09-05T03:46:22.630Z,32.44,79.3

2026-09-05T03:46:27.616Z,32.45,79.2

2026-09-05T03:46:32.616Z,32.45,79.11

2026-09-05T03:46:37.616Z,32.44,79.08

2026-09-05T03:46:42.617Z,32.43,79.07

2026-09-05T03:46:47.616Z,32.43,78.93

2026-09-05T03:46:52.629Z,32.43,78.94

2026-09-05T03:46:57.617Z,32.45,78.91

2026-09-05T03:47:02.614Z,32.45,78.9

2026-09-05T03:47:07.616Z,32.45,78.89

2026-09-05T03:47:12.618Z,32.45,78.88

2026-09-05T03:47:17.626Z,32.44,78.92

2026-09-05T03:47:22.638Z,32.45,78.98

2026-09-05T03:47:27.626Z,32.44,78.85

2026-09-05T03:47:32.625Z,32.44,78.85

2026-09-05T03:47:37.626Z,32.44,78.8

2026-09-05T03:47:42.629Z,32.44,78.93

2026-09-05T03:47:47.668Z,32.44,78.81

2026-09-05T03:47:52.685Z,32.44,78.92

2026-09-05T03:47:57.662Z,32.43,78.93

2026-09-05T03:48:02.663Z,32.43,78.89

2026-09-05T03:48:07.666Z,32.43,78.89

2026-09-05T03:48:12.666Z,32.42,78.85

2026-09-05T03:48:17.666Z,32.43,78.92

2026-09-05T03:48:22.678Z,32.44,78.91

2026-09-05T03:48:27.664Z,32.44,78.89

2026-09-05T03:48:32.666Z,32.43,78.86

2026-09-05T03:48:37.666Z,32.44,78.78

2026-09-05T03:48:42.666Z,32.43,78.84

2026-09-05T03:48:47.665Z,32.42,78.82

2026-09-05T03:48:52.681Z,32.42,78.96

2026-09-05T03:48:57.665Z,32.43,78.88

2026-09-05T03:49:02.668Z,32.44,78.94

2026-09-05T03:49:07.668Z,32.43,78.92

2026-09-05T03:49:12.683Z,32.42,78.96

2026-09-05T03:49:17.667Z,32.44,78.94

2026-09-05T03:49:22.668Z,32.43,78.91

2026-09-05T03:49:27.668Z,32.43,78.95

2026-09-05T03:49:32.669Z,32.44,78.93

2026-09-05T03:49:37.668Z,32.44,78.87

2026-09-05T03:49:42.685Z,32.43,78.92

2026-09-05T03:49:47.668Z,32.44,78.92

2026-09-05T03:49:52.670Z,32.43,78.91

2026-09-05T03:49:57.670Z,32.44,78.8

2026-09-05T03:50:02.672Z,32.45,78.84

2026-09-05T03:50:07.670Z,32.45,78.85

2026-09-05T03:50:12.687Z,32.44,78.94

2026-09-05T03:50:17.673Z,32.44,78.88

2026-09-05T03:50:22.672Z,32.45,78.95

2026-09-05T03:50:27.673Z,32.45,78.89

2026-09-05T03:50:32.674Z,32.42,78.9

2026-09-05T03:50:37.674Z,32.43,78.86

2026-09-05T03:50:42.685Z,32.44,78.87

2026-09-05T03:50:47.674Z,32.43,78.9

2026-09-05T03:50:52.674Z,32.44,78.87

2026-09-05T03:50:57.673Z,32.44,78.84

2026-09-05T03:51:02.676Z,32.45,78.83

2026-09-05T03:51:07.677Z,32.46,78.73

2026-09-05T03:51:12.687Z,32.45,78.72

2026-09-05T03:51:17.675Z,32.45,78.76

2026-09-05T03:51:22.677Z,32.45,78.75

2026-09-05T03:51:27.678Z,32.44,78.72

2026-09-05T03:51:32.681Z,32.46,78.72

2026-09-05T03:51:37.699Z,32.46,78.69

2026-09-05T03:51:42.703Z,32.47,78.78

2026-09-05T03:51:47.696Z,32.47,78.69

2026-09-05T03:51:52.699Z,32.44,78.73

2026-09-05T03:51:57.700Z,32.47,78.76

2026-09-05T03:52:02.697Z,32.45,78.77

2026-09-05T03:52:07.702Z,32.44,78.71

2026-09-05T03:52:12.715Z,32.46,78.74

2026-09-05T03:52:17.699Z,32.44,78.78

2026-09-05T03:52:22.702Z,32.44,78.85

2026-09-05T03:52:27.703Z,32.45,78.8

2026-09-05T03:52:32.702Z,32.43,78.81

2026-09-05T03:52:37.719Z,32.45,78.79

2026-09-05T03:52:42.731Z,32.46,78.76

2026-09-05T03:52:47.717Z,32.43,78.69

2026-09-05T03:52:52.719Z,32.43,78.81

2026-09-05T03:52:57.719Z,32.41,78.76

2026-09-05T03:53:02.720Z,32.44,78.8

2026-09-05T03:53:07.723Z,32.42,78.8

2026-09-05T03:53:12.733Z,32.4,78.83

2026-09-05T03:53:17.720Z,32.42,78.83

2026-09-05T03:53:22.722Z,32.42,78.88

2026-09-05T03:53:27.720Z,32.43,78.85

2026-09-05T03:53:32.719Z,32.41,78.86

2026-09-05T03:53:37.739Z,32.4,78.87

2026-09-05T03:53:42.734Z,32.42,78.79

2026-09-05T03:53:47.736Z,32.43,78.86

2026-09-05T03:53:52.737Z,32.43,78.85

2026-09-05T03:53:57.737Z,32.41,78.8

2026-09-05T03:54:02.751Z,32.39,78.91

2026-09-05T03:54:07.736Z,32.42,78.77

2026-09-05T03:54:12.736Z,32.42,78.8

2026-09-05T03:54:17.737Z,32.43,78.76

2026-09-05T03:54:22.739Z,32.42,78.76

2026-09-05T03:54:27.739Z,32.42,78.69

2026-09-05T03:54:32.756Z,32.4,78.76

2026-09-05T03:54:37.738Z,32.42,78.8

2026-09-05T03:54:42.738Z,32.42,78.72

2026-09-05T03:54:47.739Z,32.42,78.66

2026-09-05T03:54:52.738Z,32.39,78.72

2026-09-05T03:54:57.740Z,32.4,78.71

2026-09-05T03:55:02.747Z,32.42,78.73

2026-09-05T03:55:07.738Z,32.43,78.7

2026-09-05T03:55:12.739Z,32.42,78.7

2026-09-05T03:55:17.745Z,32.42,78.74

2026-09-05T03:55:22.740Z,32.42,78.74

2026-09-05T03:55:27.749Z,32.44,78.73

2026-09-05T03:55:32.763Z,32.42,78.78

2026-09-05T03:55:37.744Z,32.46,78.81

2026-09-05T03:55:42.746Z,32.44,78.8

2026-09-05T03:55:47.745Z,32.44,78.76

2026-09-05T03:55:52.746Z,32.46,78.81

2026-09-05T03:55:57.758Z,32.45,78.79

2026-09-05T03:56:02.776Z,32.46,78.78

2026-09-05T03:56:07.759Z,32.45,78.79

2026-09-05T03:56:12.759Z,32.47,78.76

2026-09-05T03:56:17.759Z,32.47,78.75

2026-09-05T03:56:22.761Z,32.47,78.72

2026-09-05T03:56:27.778Z,32.5,78.7

2026-09-05T03:56:32.787Z,32.49,78.8

2026-09-05T03:56:37.775Z,32.48,78.72

2026-09-05T03:56:42.778Z,32.51,78.71

2026-09-05T03:56:47.777Z,32.51,78.75

2026-09-05T03:56:52.777Z,32.51,78.68

2026-09-05T03:56:57.784Z,32.51,78.7

2026-09-05T03:57:02.793Z,32.52,78.74

2026-09-05T03:57:07.781Z,32.54,78.71

2026-09-05T03:57:12.783Z,32.53,78.69

2026-09-05T03:57:17.784Z,32.52,78.64

2026-09-05T03:57:22.787Z,32.54,78.57

2026-09-05T03:57:27.792Z,32.55,78.56

2026-09-05T03:57:32.808Z,32.54,78.62

2026-09-05T03:57:37.789Z,32.54,78.57

2026-09-05T03:57:42.791Z,32.54,78.52

2026-09-05T03:57:47.791Z,32.56,78.54

2026-09-05T03:57:52.792Z,32.55,78.54

2026-09-05T03:57:57.798Z,32.57,78.49

2026-09-05T03:58:02.809Z,32.56,78.51

2026-09-05T03:58:07.796Z,32.57,78.45

2026-09-05T03:58:12.796Z,32.56,78.44

2026-09-05T03:58:17.797Z,32.56,78.37

2026-09-05T03:58:22.812Z,32.59,78.37

2026-09-05T03:58:27.797Z,32.59,78.37

2026-09-05T03:58:32.800Z,32.59,78.4

2026-09-05T03:58:37.798Z,32.6,78.37

2026-09-05T03:58:42.814Z,32.58,78.39

2026-09-05T03:58:47.801Z,32.6,78.38

2026-09-05T03:58:52.800Z,32.59,78.34

2026-09-05T03:58:57.801Z,32.59,78.28

2026-09-05T03:59:02.817Z,32.59,78.34

2026-09-05T03:59:07.800Z,32.61,78.17

2026-09-05T03:59:12.801Z,32.59,78.28

2026-09-05T03:59:17.802Z,32.6,78.28

2026-09-05T03:59:22.802Z,32.61,78.22

2026-09-05T03:59:27.825Z,32.61,78.27

2026-09-05T03:59:32.831Z,32.6,78.27

2026-09-05T03:59:37.822Z,32.59,78.25

2026-09-05T03:59:42.821Z,32.6,78.27

2026-09-05T03:59:47.822Z,32.6,78.25

2026-09-05T03:59:52.822Z,32.61,78.3

2026-09-05T03:59:57.844Z,32.61,78.34

2026-09-05T04:00:02.852Z,32.6,78.4

2026-09-05T04:00:07.841Z,32.61,78.4

2026-09-05T04:00:12.841Z,32.59,78.32

2026-09-05T04:00:17.842Z,32.58,78.28

2026-09-05T04:00:22.844Z,32.61,78.36

2026-09-05T04:00:27.847Z,32.6,78.32

2026-09-05T04:00:32.855Z,32.6,78.42

2026-09-05T04:00:37.845Z,32.59,78.38

2026-09-05T04:00:42.848Z,32.59,78.41

2026-09-05T04:00:47.843Z,32.61,78.37

2026-09-05T04:00:52.844Z,32.59,78.42

2026-09-05T04:00:57.864Z,32.6,78.36

2026-09-05T04:01:02.871Z,32.59,78.49

2026-09-05T04:01:07.862Z,32.61,78.32

2026-09-05T04:01:12.861Z,32.61,78.39

2026-09-05T04:01:17.863Z,32.6,78.39

2026-09-05T04:01:22.862Z,32.61,78.44

2026-09-05T04:01:27.870Z,32.58,78.43

2026-09-05T04:01:32.883Z,32.6,78.5

2026-09-05T04:01:37.870Z,32.6,78.38

2026-09-05T04:01:42.870Z,32.59,78.37

2026-09-05T04:01:47.872Z,32.58,78.36

2026-09-05T04:01:52.870Z,32.6,78.35

2026-09-05T04:01:57.871Z,32.6,78.3

2026-09-05T04:02:02.883Z,32.59,78.26

2026-09-05T04:02:07.870Z,32.59,78.3

2026-09-05T04:02:12.872Z,32.58,78.33

2026-09-05T04:02:17.870Z,32.59,78.29

2026-09-05T04:02:22.885Z,32.59,78.31

2026-09-05T04:02:27.871Z,32.6,78.26

2026-09-05T04:02:32.872Z,32.61,78.25

2026-09-05T04:02:37.871Z,32.59,78.27

2026-09-05T04:02:42.873Z,32.59,78.28

2026-09-05T04:02:47.873Z,32.58,78.27

2026-09-05T04:02:52.889Z,32.58,78.31

2026-09-05T04:02:57.877Z,32.59,78.25

2026-09-05T04:03:02.876Z,32.58,78.24

2026-09-05T04:03:07.875Z,32.59,78.26

2026-09-05T04:03:12.876Z,32.58,78.25

2026-09-05T04:03:17.879Z,32.6,78.25

2026-09-05T04:03:22.894Z,32.59,78.24

2026-09-05T04:03:27.878Z,32.58,78.23

2026-09-05T04:03:32.879Z,32.6,78.27

2026-09-05T04:03:37.878Z,32.59,78.3

2026-09-05T04:03:42.879Z,32.59,78.31

2026-09-05T04:03:47.892Z,32.59,78.33

2026-09-05T04:03:52.903Z,32.58,78.4

2026-09-05T04:03:57.890Z,32.58,78.41

2026-09-05T04:04:02.890Z,32.57,78.39

2026-09-05T04:04:07.889Z,32.59,78.45

2026-09-05T04:04:12.890Z,32.58,78.37

2026-09-05T04:04:17.894Z,32.59,78.45

2026-09-05T04:04:22.908Z,32.57,78.38

2026-09-05T04:04:27.894Z,32.58,78.36

2026-09-05T04:04:32.894Z,32.6,78.42

2026-09-05T04:04:37.894Z,32.58,78.4

2026-09-05T04:04:42.894Z,32.57,78.35

2026-09-05T04:04:47.907Z,32.57,78.41

2026-09-05T04:04:52.922Z,32.57,78.46

2026-09-05T04:04:57.906Z,32.58,78.41

2026-09-05T04:05:02.906Z,32.58,78.39

2026-09-05T04:05:07.907Z,32.58,78.41

2026-09-05T04:05:12.910Z,32.57,78.51

2026-09-05T04:05:17.911Z,32.57,78.44

2026-09-05T04:05:22.922Z,32.58,78.5

2026-09-05T04:05:27.911Z,32.57,78.49

2026-09-05T04:05:32.911Z,32.57,78.41

2026-09-05T04:05:37.911Z,32.58,78.44

2026-09-05T04:05:42.910Z,32.58,78.39

2026-09-05T04:05:47.922Z,32.57,78.42

2026-09-05T04:05:52.931Z,32.57,78.42

2026-09-05T04:05:57.922Z,32.59,78.35

2026-09-05T04:06:02.921Z,32.57,78.41

2026-09-05T04:06:07.920Z,32.58,78.38

2026-09-05T04:06:12.921Z,32.58,78.41

2026-09-05T04:06:17.933Z,32.58,78.33

2026-09-05T04:06:22.940Z,32.58,78.45

2026-09-05T04:06:27.928Z,32.59,78.43

2026-09-05T04:06:32.929Z,32.58,78.45

2026-09-05T04:06:37.930Z,32.58,78.45

2026-09-05T04:06:42.929Z,32.57,78.4

2026-09-05T04:06:47.949Z,32.57,78.38

2026-09-05T04:06:52.961Z,32.56,78.42

2026-09-05T04:06:57.944Z,32.57,78.32

2026-09-05T04:07:02.946Z,32.58,78.34

2026-09-05T04:07:07.943Z,32.59,78.4

2026-09-05T04:07:12.945Z,32.58,78.37

2026-09-05T04:07:17.953Z,32.57,78.37

2026-09-05T04:07:22.965Z,32.57,78.36

2026-09-05T04:07:27.952Z,32.57,78.34

2026-09-05T04:07:32.952Z,32.56,78.28

2026-09-05T04:07:37.951Z,32.58,78.24

2026-09-05T04:07:42.952Z,32.57,78.24

2026-09-05T04:07:47.959Z,32.56,78.2

2026-09-05T04:07:52.968Z,32.56,78.19

2026-09-05T04:07:57.958Z,32.55,78.18

2026-09-05T04:08:02.957Z,32.58,78.16

2026-09-05T04:08:07.957Z,32.56,78.1

2026-09-05T04:08:12.959Z,32.56,78.14

2026-09-05T04:08:17.964Z,32.56,78.08

2026-09-05T04:08:22.975Z,32.55,78.14

2026-09-05T04:08:27.964Z,32.55,78.1

2026-09-05T04:08:32.964Z,32.55,78.08

2026-09-05T04:08:37.965Z,32.55,78.03

2026-09-05T04:08:42.966Z,32.55,78.01

2026-09-05T04:08:47.966Z,32.55,77.97

2026-09-05T04:08:52.979Z,32.53,77.96

2026-09-05T04:08:57.967Z,32.54,77.97

2026-09-05T04:09:02.969Z,32.53,78.02

2026-09-05T04:09:07.967Z,32.52,77.97

2026-09-05T04:09:12.968Z,32.55,78

2026-09-05T04:09:17.972Z,32.51,78.08

2026-09-05T04:09:22.984Z,32.52,78.12

2026-09-05T04:09:27.971Z,32.53,78.1

2026-09-05T04:09:32.972Z,32.51,78.03

2026-09-05T04:09:37.973Z,32.49,78.17

2026-09-05T04:09:42.982Z,32.51,78.22

2026-09-05T04:09:47.972Z,32.51,78.26

2026-09-05T04:09:52.973Z,32.49,78.31

2026-09-05T04:09:57.970Z,32.52,78.25

2026-09-05T04:10:02.973Z,32.51,78.3

2026-09-05T04:10:07.983Z,32.5,78.29

2026-09-05T04:10:13.000Z,32.51,78.38

2026-09-05T04:10:17.980Z,32.49,78.3

2026-09-05T04:10:22.988Z,32.48,78.31

2026-09-05T04:10:27.997Z,32.47,78.32

2026-09-05T04:10:33.002Z,32.49,78.36

2026-09-05T04:10:37.992Z,32.49,78.35

2026-09-05T04:10:42.993Z,32.49,78.31

2026-09-05T04:10:47.991Z,32.48,78.3

2026-09-05T04:10:53.005Z,32.46,78.41

2026-09-05T04:10:57.994Z,32.47,78.4

2026-09-05T04:11:02.996Z,32.49,78.32

2026-09-05T04:11:07.994Z,32.51,78.32

2026-09-05T04:11:12.996Z,32.47,78.35

2026-09-05T04:11:17.996Z,32.47,78.36

2026-09-05T04:11:23.011Z,32.48,78.38

2026-09-05T04:11:27.999Z,32.48,78.38

2026-09-05T04:11:33.000Z,32.46,78.34

2026-09-05T04:11:37.998Z,32.46,78.37

2026-09-05T04:11:42.999Z,32.46,78.35

2026-09-05T04:11:48.000Z,32.46,78.3

2026-09-05T04:11:53.013Z,32.43,78.36

2026-09-05T04:11:58.000Z,32.45,78.31

2026-09-05T04:12:03.004Z,32.44,78.32

2026-09-05T04:12:08.003Z,32.46,78.33

2026-09-05T04:12:13.004Z,32.44,78.38

2026-09-05T04:12:18.007Z,32.44,78.38

2026-09-05T04:12:23.019Z,32.44,78.42

2026-09-05T04:12:28.003Z,32.44,78.38

2026-09-05T04:12:33.004Z,32.42,78.36

2026-09-05T04:12:38.001Z,32.44,78.42

2026-09-05T04:12:43.003Z,32.44,78.34

2026-09-05T04:12:48.013Z,32.43,78.35

2026-09-05T04:12:53.023Z,32.42,78.38

2026-09-05T04:12:58.012Z,32.42,78.34

2026-09-05T04:13:03.012Z,32.43,78.3

2026-09-05T04:13:08.013Z,32.43,78.31

2026-09-05T04:13:13.011Z,32.42,78.32

2026-09-05T04:13:18.022Z,32.43,78.32

2026-09-05T04:13:23.032Z,32.4,78.33

2026-09-05T04:13:28.021Z,32.41,78.29

2026-09-05T04:13:33.021Z,32.41,78.32

2026-09-05T04:13:38.021Z,32.41,78.37

2026-09-05T04:13:43.027Z,32.4,78.31

2026-09-05T04:13:48.037Z,32.4,78.36

2026-09-05T04:13:53.050Z,32.4,78.46

2026-09-05T04:13:58.040Z,32.39,78.41

2026-09-05T04:14:03.040Z,32.39,78.44

2026-09-05T04:14:08.038Z,32.38,78.49

2026-09-05T04:14:13.037Z,32.38,78.52

2026-09-05T04:14:18.044Z,32.38,78.54

2026-09-05T04:14:23.056Z,32.38,78.63

2026-09-05T04:14:28.045Z,32.39,78.58

2026-09-05T04:14:33.042Z,32.41,78.64

2026-09-05T04:14:38.047Z,32.38,78.61

2026-09-05T04:14:43.045Z,32.39,78.67

2026-09-05T04:14:48.052Z,32.38,78.68

2026-09-05T04:14:53.062Z,32.39,78.69

2026-09-05T04:14:58.051Z,32.39,78.65

2026-09-05T04:15:03.051Z,32.39,78.69

2026-09-05T04:15:08.051Z,32.39,78.72

2026-09-05T04:15:13.063Z,32.4,78.66

2026-09-05T04:15:18.051Z,32.39,78.63

2026-09-05T04:15:23.053Z,32.37,78.61

2026-09-05T04:15:28.052Z,32.38,78.59

2026-09-05T04:15:33.052Z,32.39,78.58

2026-09-05T04:15:38.054Z,32.38,78.64

2026-09-05T04:15:43.066Z,32.37,78.66

2026-09-05T04:15:48.052Z,32.38,78.7

2026-09-05T04:15:53.056Z,32.4,78.61

2026-09-05T04:15:58.054Z,32.4,78.62

2026-09-05T04:16:03.053Z,32.37,78.63

2026-09-05T04:16:08.063Z,32.4,78.64

2026-09-05T04:16:13.073Z,32.4,78.55

2026-09-05T04:16:18.061Z,32.4,78.49

2026-09-05T04:16:23.061Z,32.4,78.62

2026-09-05T04:16:28.061Z,32.39,78.6

2026-09-05T04:16:33.062Z,32.37,78.52

2026-09-05T04:16:38.077Z,32.36,78.54

2026-09-05T04:16:43.089Z,32.37,78.5

2026-09-05T04:16:48.076Z,32.37,78.45

2026-09-05T04:16:53.072Z,32.38,78.46

2026-09-05T04:16:58.074Z,32.39,78.47

2026-09-05T04:17:03.077Z,32.39,78.44

2026-09-05T04:17:08.076Z,32.39,78.48

2026-09-05T04:17:13.089Z,32.39,78.5

2026-09-05T04:17:18.076Z,32.37,78.4

2026-09-05T04:17:23.080Z,32.39,78.41

2026-09-05T04:17:28.078Z,32.37,78.48

2026-09-05T04:17:33.081Z,32.37,78.45

2026-09-05T04:17:38.091Z,32.39,78.51

2026-09-05T04:17:43.108Z,32.37,78.49

2026-09-05T04:17:48.093Z,32.38,78.43

2026-09-05T04:17:53.091Z,32.38,78.5

2026-09-05T04:17:58.091Z,32.39,78.55

2026-09-05T04:18:03.091Z,32.37,78.44

2026-09-05T04:18:08.102Z,32.38,78.45

2026-09-05T04:18:13.110Z,32.35,78.58

2026-09-05T04:18:18.101Z,32.39,78.43

2026-09-05T04:18:23.100Z,32.39,78.47

2026-09-05T04:18:28.100Z,32.38,78.49

2026-09-05T04:18:33.100Z,32.36,78.56

2026-09-05T04:18:38.114Z,32.39,78.6

2026-09-05T04:18:43.129Z,32.36,78.63

2026-09-05T04:18:48.111Z,32.35,78.57

2026-09-05T04:18:53.112Z,32.37,78.54

2026-09-05T04:18:58.114Z,32.36,78.54

2026-09-05T04:19:03.112Z,32.36,78.5

2026-09-05T04:19:08.118Z,32.36,78.44

2026-09-05T04:19:13.127Z,32.35,78.44

2026-09-05T04:19:18.117Z,32.35,78.46

2026-09-05T04:19:23.118Z,32.33,78.36

2026-09-05T04:19:28.117Z,32.34,78.29

2026-09-05T04:19:33.125Z,32.33,78.3

2026-09-05T04:19:38.117Z,32.34,78.32

2026-09-05T04:19:43.118Z,32.35,78.32

2026-09-05T04:19:48.117Z,32.33,78.39

2026-09-05T04:19:53.118Z,32.35,78.38

2026-09-05T04:19:58.120Z,32.34,78.36

2026-09-05T04:20:03.132Z,32.33,78.43

2026-09-05T04:20:08.119Z,32.34,78.37

2026-09-05T04:20:13.123Z,32.31,78.34

2026-09-05T04:20:18.120Z,32.33,78.29

2026-09-05T04:20:23.119Z,32.35,78.3

2026-09-05T04:20:28.125Z,32.33,78.33

2026-09-05T04:20:33.137Z,32.34,78.33

2026-09-05T04:20:38.123Z,32.35,78.26

2026-09-05T04:20:43.124Z,32.35,78.26

2026-09-05T04:20:48.122Z,32.35,78.27

2026-09-05T04:20:53.123Z,32.34,78.31

2026-09-05T04:20:58.124Z,32.34,78.32

2026-09-05T04:21:03.132Z,32.34,78.3

2026-09-05T04:21:08.124Z,32.33,78.35

2026-09-05T04:21:13.126Z,32.34,78.31

2026-09-05T04:21:18.123Z,32.33,78.29

2026-09-05T04:21:23.126Z,32.35,78.31

2026-09-05T04:21:28.131Z,32.34,78.33

2026-09-05T04:21:33.142Z,32.33,78.32

2026-09-05T04:21:38.131Z,32.33,78.28

2026-09-05T04:21:43.131Z,32.33,78.25

2026-09-05T04:21:48.130Z,32.35,78.23

2026-09-05T04:21:53.132Z,32.32,78.29

2026-09-05T04:21:58.144Z,32.33,78.25

2026-09-05T04:22:03.156Z,32.34,78.23

2026-09-05T04:22:08.142Z,32.31,78.15

2026-09-05T04:22:13.145Z,32.33,78.2

2026-09-05T04:22:18.143Z,32.31,78.18

2026-09-05T04:22:23.144Z,32.33,78.19

2026-09-05T04:22:28.162Z,32.32,78.16

2026-09-05T04:22:33.174Z,32.31,78.2

2026-09-05T04:22:38.162Z,32.33,78.18

2026-09-05T04:22:43.163Z,32.34,78.16

2026-09-05T04:22:48.163Z,32.34,78.11

2026-09-05T04:22:53.163Z,32.32,78.13

2026-09-05T04:22:58.167Z,32.33,78.01

2026-09-05T04:23:03.179Z,32.32,78.17

2026-09-05T04:23:08.163Z,32.33,78.14

2026-09-05T04:23:13.165Z,32.31,78.14

2026-09-05T04:23:18.166Z,32.33,78.11

2026-09-05T04:23:23.167Z,32.3,78.17

2026-09-05T04:23:28.181Z,32.29,78.16

2026-09-05T04:23:33.193Z,32.31,78.22

2026-09-05T04:23:38.181Z,32.32,78.2

2026-09-05T04:23:43.181Z,32.32,78.17

2026-09-05T04:23:48.180Z,32.31,78.21

2026-09-05T04:23:53.180Z,32.31,78.26

2026-09-05T04:23:58.179Z,32.32,78.25

2026-09-05T04:24:03.192Z,32.3,78.31

2026-09-05T04:24:08.181Z,32.32,78.32

2026-09-05T04:24:13.181Z,32.32,78.33

2026-09-05T04:24:18.182Z,32.31,78.35

2026-09-05T04:24:23.194Z,32.3,78.36

2026-09-05T04:24:28.183Z,32.31,78.32

2026-09-05T04:24:33.183Z,32.3,78.38

2026-09-05T04:24:38.183Z,32.3,78.42

2026-09-05T04:24:43.185Z,32.3,78.42

2026-09-05T04:24:48.206Z,32.31,78.49

2026-09-05T04:24:53.195Z,32.31,78.48

2026-09-05T04:24:58.196Z,32.3,78.47

2026-09-05T04:25:03.194Z,32.31,78.43

2026-09-05T04:25:08.197Z,32.3,78.53

2026-09-05T04:25:13.216Z,32.3,78.52

2026-09-05T04:25:18.195Z,32.3,78.55

2026-09-05T04:25:23.198Z,32.3,78.46

2026-09-05T04:25:28.198Z,32.28,78.51

2026-09-05T04:25:33.198Z,32.3,78.54

2026-09-05T04:25:38.198Z,32.31,78.52

2026-09-05T04:25:43.210Z,32.28,78.48

2026-09-05T04:25:48.199Z,32.28,78.45

2026-09-05T04:25:53.200Z,32.27,78.46

2026-09-05T04:25:58.199Z,32.31,78.45

2026-09-05T04:26:03.199Z,32.28,78.44

2026-09-05T04:26:08.211Z,32.29,78.38

2026-09-05T04:26:13.223Z,32.27,78.51

2026-09-05T04:26:18.210Z,32.27,78.45

2026-09-05T04:26:23.212Z,32.31,78.45

2026-09-05T04:26:28.213Z,32.29,78.45

2026-09-05T04:26:33.215Z,32.27,78.46

2026-09-05T04:26:38.231Z,32.29,78.41

2026-09-05T04:26:43.239Z,32.27,78.53

2026-09-05T04:26:48.227Z,32.28,78.39

2026-09-05T04:26:53.229Z,32.27,78.36

2026-09-05T04:26:58.229Z,32.27,78.32

2026-09-05T04:27:03.228Z,32.27,78.35

2026-09-05T04:27:08.241Z,32.25,78.22

2026-09-05T04:27:13.250Z,32.24,78.13

2026-09-05T04:27:18.240Z,32.24,78.03

2026-09-05T04:27:23.239Z,32.26,78.07

2026-09-05T04:27:28.240Z,32.26,78.03

2026-09-05T04:27:33.240Z,32.24,78.11

2026-09-05T04:27:38.246Z,32.25,78.08

2026-09-05T04:27:43.264Z,32.24,78.17

2026-09-05T04:27:48.244Z,32.25,78.09

2026-09-05T04:27:53.246Z,32.25,78.15

2026-09-05T04:27:58.245Z,32.24,78.14

2026-09-05T04:28:03.246Z,32.23,78.17

2026-09-05T04:28:08.245Z,32.26,78.17

2026-09-05T04:28:13.257Z,32.24,78.25

2026-09-05T04:28:18.245Z,32.24,78.18

2026-09-05T04:28:23.246Z,32.24,78.15

2026-09-05T04:28:28.245Z,32.25,78.13

2026-09-05T04:28:33.247Z,32.26,78.16

2026-09-05T04:28:38.262Z,32.25,78.16

2026-09-05T04:28:43.259Z,32.26,78.12

2026-09-05T04:28:48.257Z,32.27,78.07

2026-09-05T04:28:53.272Z,32.25,78.12

2026-09-05T04:28:58.260Z,32.25,77.97

2026-09-05T04:29:03.260Z,32.25,77.95

2026-09-05T04:29:08.258Z,32.25,77.93

2026-09-05T04:29:13.260Z,32.25,77.95

2026-09-05T04:29:18.257Z,32.26,77.94

2026-09-05T04:29:23.271Z,32.27,77.98

2026-09-05T04:29:28.259Z,32.26,77.74

2026-09-05T04:29:33.261Z,32.28,77.62

2026-09-05T04:29:38.262Z,32.26,77.58

2026-09-05T04:29:43.262Z,32.27,77.55

2026-09-05T04:29:48.261Z,32.26,77.34

2026-09-05T04:29:53.278Z,32.24,77.19

2026-09-05T04:29:58.262Z,32.25,77.07

2026-09-05T04:30:03.263Z,32.25,77

2026-09-05T04:30:08.262Z,32.26,77

2026-09-05T04:30:13.277Z,32.24,77.03

2026-09-05T04:30:18.262Z,32.26,77.02

2026-09-05T04:30:23.264Z,32.27,76.94

2026-09-05T04:30:28.264Z,32.26,77.04

2026-09-05T04:30:33.265Z,32.27,77.07

2026-09-05T04:30:38.276Z,32.29,77.03

2026-09-05T04:30:43.290Z,32.27,77.06

2026-09-05T04:30:48.274Z,32.29,77.08

2026-09-05T04:30:53.277Z,32.29,77.03

2026-09-05T04:30:58.279Z,32.29,77.13

2026-09-05T04:31:03.274Z,32.31,77.15

2026-09-05T04:31:08.286Z,32.3,77.12

2026-09-05T04:31:13.298Z,32.29,77.14

2026-09-05T04:31:18.285Z,32.31,76.87

2026-09-05T04:31:23.285Z,32.31,76.63

2026-09-05T04:31:28.286Z,32.3,76.49

2026-09-05T04:31:33.288Z,32.32,76.42

2026-09-05T04:31:38.293Z,32.31,76.43

2026-09-05T04:31:43.306Z,32.33,76.41

2026-09-05T04:31:48.293Z,32.33,76.3

2026-09-05T04:31:53.290Z,32.33,76.24

2026-09-05T04:31:58.291Z,32.34,76.26

2026-09-05T04:32:03.292Z,32.34,76.19

2026-09-05T04:32:08.302Z,32.34,76.19

2026-09-05T04:32:13.314Z,32.35,76.2

2026-09-05T04:32:18.301Z,32.36,76.26

2026-09-05T04:32:23.302Z,32.37,76.43

2026-09-05T04:32:28.304Z,32.37,76.48

2026-09-05T04:32:33.307Z,32.37,76.6

2026-09-05T04:32:38.318Z,32.38,76.63

2026-09-05T04:32:43.326Z,32.38,76.64

2026-09-05T04:32:48.319Z,32.41,76.64

2026-09-05T04:32:53.318Z,32.41,76.54

2026-09-05T04:32:58.319Z,32.41,76.51

2026-09-05T04:33:03.319Z,32.41,76.45

2026-09-05T04:33:08.332Z,32.42,76.36

2026-09-05T04:33:13.344Z,32.42,76.29

2026-09-05T04:33:18.331Z,32.45,76.06

2026-09-05T04:33:23.331Z,32.44,75.99

2026-09-05T04:33:28.331Z,32.43,75.89

2026-09-05T04:33:33.332Z,32.42,75.91

2026-09-05T04:33:38.331Z,32.44,75.93

2026-09-05T04:33:43.344Z,32.44,75.97

2026-09-05T04:33:48.331Z,32.45,75.94

2026-09-05T04:33:53.333Z,32.45,76.06

2026-09-05T04:33:58.333Z,32.45,76.01

2026-09-05T04:34:03.346Z,32.45,76.04

2026-09-05T04:34:08.333Z,32.44,75.99

2026-09-05T04:34:13.333Z,32.46,76.04

2026-09-05T04:34:18.334Z,32.46,76.03

2026-09-05T04:34:23.335Z,32.47,75.93

2026-09-05T04:34:28.336Z,32.49,75.97

2026-09-05T04:34:33.346Z,32.45,76.03

2026-09-05T04:34:38.335Z,32.47,75.96

2026-09-05T04:34:43.337Z,32.48,75.93

2026-09-05T04:34:48.337Z,32.47,75.96

2026-09-05T04:34:53.339Z,32.49,75.99

2026-09-05T04:34:58.336Z,32.49,75.98

2026-09-05T04:35:03.348Z,32.51,76

2026-09-05T04:35:08.337Z,32.51,75.81

2026-09-05T04:35:13.338Z,32.5,75.78

2026-09-05T04:35:18.337Z,32.52,75.75

2026-09-05T04:35:23.338Z,32.52,75.79

2026-09-05T04:35:28.340Z,32.52,75.77

2026-09-05T04:35:33.354Z,32.53,75.93

2026-09-05T04:35:38.339Z,32.53,75.85

2026-09-05T04:35:43.339Z,32.51,75.84

2026-09-05T04:35:48.339Z,32.51,75.9

2026-09-05T04:35:53.339Z,32.53,75.91

2026-09-05T04:35:58.366Z,32.51,75.82

2026-09-05T04:36:03.375Z,32.52,75.86

2026-09-05T04:36:08.364Z,32.55,75.76

2026-09-05T04:36:13.368Z,32.54,75.77

2026-09-05T04:36:18.366Z,32.54,75.78

2026-09-05T04:36:23.367Z,32.55,75.79

2026-09-05T04:36:28.377Z,32.54,75.83

2026-09-05T04:36:33.386Z,32.54,75.84

2026-09-05T04:36:38.370Z,32.54,75.77

2026-09-05T04:36:43.372Z,32.54,75.74

2026-09-05T04:36:48.374Z,32.55,75.72

2026-09-05T04:36:53.374Z,32.56,75.66

2026-09-05T04:36:58.391Z,32.56,75.77

2026-09-05T04:37:03.403Z,32.55,75.72

2026-09-05T04:37:08.390Z,32.58,75.75

2026-09-05T04:37:13.393Z,32.57,75.72

2026-09-05T04:37:18.391Z,32.58,75.7

2026-09-05T04:37:23.392Z,32.57,75.7

2026-09-05T04:37:28.400Z,32.58,75.66

2026-09-05T04:37:33.409Z,32.58,75.65

2026-09-05T04:37:38.397Z,32.59,75.6

2026-09-05T04:37:43.402Z,32.58,75.55

2026-09-05T04:37:48.398Z,32.58,75.56

2026-09-05T04:37:53.408Z,32.58,75.58

2026-09-05T04:37:58.400Z,32.57,75.5

2026-09-05T04:38:03.411Z,32.59,75.52

2026-09-05T04:38:08.400Z,32.57,75.48

2026-09-05T04:38:13.402Z,32.57,75.49

2026-09-05T04:38:18.401Z,32.56,75.56

2026-09-05T04:38:23.403Z,32.59,75.56

2026-09-05T04:38:28.402Z,32.59,75.46

2026-09-05T04:38:33.416Z,32.57,75.43

2026-09-05T04:38:38.401Z,32.56,75.46

2026-09-05T04:38:43.404Z,32.56,75.4

2026-09-05T04:38:48.404Z,32.56,75.4

2026-09-05T04:38:53.406Z,32.57,75.45

2026-09-05T04:38:58.405Z,32.58,75.5

2026-09-05T04:39:03.420Z,32.57,75.56

2026-09-05T04:39:08.406Z,32.54,75.63

2026-09-05T04:39:13.406Z,32.58,75.61

2026-09-05T04:39:18.408Z,32.56,75.65

2026-09-05T04:39:23.407Z,32.57,75.66

2026-09-05T04:39:28.410Z,32.57,75.65

2026-09-05T04:39:33.420Z,32.57,75.67

2026-09-05T04:39:38.409Z,32.59,75.63

2026-09-05T04:39:43.410Z,32.56,75.63

2026-09-05T04:39:48.411Z,32.59,75.67

2026-09-05T04:39:53.412Z,32.56,75.64

2026-09-05T04:39:58.433Z,32.61,75.62

2026-09-05T04:40:03.445Z,32.6,75.59

2026-09-05T04:40:08.430Z,32.6,75.53

2026-09-05T04:40:13.431Z,32.6,75.45

2026-09-05T04:40:18.430Z,32.61,75.46

2026-09-05T04:40:23.431Z,32.63,75.4

2026-09-05T04:40:28.438Z,32.61,75.43

2026-09-05T04:40:33.448Z,32.62,75.35

2026-09-05T04:40:38.439Z,32.62,75.34

2026-09-05T04:40:43.437Z,32.61,75.39

2026-09-05T04:40:48.438Z,32.63,75.33

2026-09-05T04:40:53.437Z,32.64,75.34

2026-09-05T04:40:58.438Z,32.63,75.33

2026-09-05T04:41:03.452Z,32.63,75.4

2026-09-05T04:41:08.438Z,32.65,75.29

2026-09-05T04:41:13.437Z,32.65,75.32

2026-09-05T04:41:18.438Z,32.66,75.3

2026-09-05T04:41:23.439Z,32.66,75.29

2026-09-05T04:41:28.438Z,32.66,75.33

2026-09-05T04:41:33.453Z,32.66,75.28

2026-09-05T04:41:38.442Z,32.66,75.31

2026-09-05T04:41:43.441Z,32.69,75.31

2026-09-05T04:41:48.440Z,32.68,75.23

2026-09-05T04:41:53.442Z,32.66,75.29

2026-09-05T04:41:58.463Z,32.69,75.2

2026-09-05T04:42:03.473Z,32.69,75.25

2026-09-05T04:42:08.462Z,32.71,75.22

2026-09-05T04:42:13.463Z,32.69,75.23

2026-09-05T04:42:18.463Z,32.71,75.14

2026-09-05T04:42:23.463Z,32.71,75.1

2026-09-05T04:42:28.463Z,32.72,75.1

2026-09-05T04:42:33.479Z,32.71,75.07

2026-09-05T04:42:38.466Z,32.71,75.17

2026-09-05T04:42:43.467Z,32.72,75.06

2026-09-05T04:42:48.465Z,32.73,75.01

2026-09-05T04:42:53.465Z,32.73,75.01

2026-09-05T04:42:58.468Z,32.73,75.02

2026-09-05T04:43:03.481Z,32.72,75.05

2026-09-05T04:43:08.470Z,32.73,75.13

2026-09-05T04:43:13.467Z,32.75,75.02

2026-09-05T04:43:18.466Z,32.75,75.02

2026-09-05T04:43:23.470Z,32.75,75.02

2026-09-05T04:43:28.485Z,32.76,74.95

2026-09-05T04:43:33.497Z,32.73,74.96

2026-09-05T04:43:38.482Z,32.74,74.94

2026-09-05T04:43:43.488Z,32.76,74.93

2026-09-05T04:43:48.487Z,32.77,74.86

2026-09-05T04:43:53.485Z,32.76,74.84

2026-09-05T04:43:58.496Z,32.76,74.69

2026-09-05T04:44:03.506Z,32.74,74.53

2026-09-05T04:44:08.495Z,32.75,74.53

2026-09-05T04:44:13.496Z,32.74,74.58

2026-09-05T04:44:18.501Z,32.75,74.57

2026-09-05T04:44:23.510Z,32.73,74.58

2026-09-05T04:44:28.499Z,32.72,74.41

2026-09-05T04:44:33.501Z,32.71,74.46

2026-09-05T04:44:38.500Z,32.73,74.48

2026-09-05T04:44:43.514Z,32.71,74.6

2026-09-05T04:44:48.500Z,32.72,74.56

2026-09-05T04:44:53.501Z,32.72,74.59

2026-09-05T04:44:58.502Z,32.7,74.62

2026-09-05T04:45:03.502Z,32.7,74.68

2026-09-05T04:45:08.507Z,32.7,74.76

2026-09-05T04:45:13.516Z,32.68,74.84

2026-09-05T04:45:18.504Z,32.68,74.79

2026-09-05T04:45:23.508Z,32.7,74.8

2026-09-05T04:45:28.506Z,32.7,74.82

2026-09-05T04:45:33.505Z,32.73,74.78

2026-09-05T04:45:38.520Z,32.72,74.8

2026-09-05T04:45:43.531Z,32.71,74.87

2026-09-05T04:45:48.520Z,32.72,74.81

2026-09-05T04:45:53.519Z,32.72,74.83

2026-09-05T04:45:58.520Z,32.72,74.85

2026-09-05T04:46:03.519Z,32.73,74.8

2026-09-05T04:46:08.521Z,32.73,74.78

2026-09-05T04:46:13.534Z,32.71,74.85

2026-09-05T04:46:18.519Z,32.74,74.72

2026-09-05T04:46:23.520Z,32.73,74.64

2026-09-05T04:46:28.518Z,32.75,74.58

2026-09-05T04:46:33.521Z,32.74,74.63

2026-09-05T04:46:38.524Z,32.76,74.57

2026-09-05T04:46:43.532Z,32.73,74.61

2026-09-05T04:46:48.522Z,32.74,74.62

2026-09-05T04:46:53.521Z,32.76,74.54

2026-09-05T04:46:58.521Z,32.76,74.47

2026-09-05T04:47:03.522Z,32.75,74.47

2026-09-05T04:47:08.540Z,32.75,74.36

2026-09-05T04:47:13.549Z,32.75,74.47

2026-09-05T04:47:18.536Z,32.75,74.5

2026-09-05T04:47:23.540Z,32.77,74.52

2026-09-05T04:47:28.542Z,32.77,74.57

2026-09-05T04:47:33.548Z,32.78,74.64

2026-09-05T04:47:38.537Z,32.76,74.41

2026-09-05T04:47:43.539Z,32.78,74.32

2026-09-05T04:47:48.537Z,32.76,74.36

2026-09-05T04:47:53.540Z,32.76,74.35

2026-09-05T04:47:58.541Z,32.75,74.36

2026-09-05T04:48:03.556Z,32.74,74.33

2026-09-05T04:48:08.540Z,32.74,74.26

2026-09-05T04:48:13.541Z,32.75,74.25

2026-09-05T04:48:18.542Z,32.76,74.29

2026-09-05T04:48:23.543Z,32.75,74.29

2026-09-05T04:48:28.546Z,32.76,74.29

2026-09-05T04:48:33.558Z,32.76,74.4

2026-09-05T04:48:38.546Z,32.74,74.47

2026-09-05T04:48:43.547Z,32.76,74.51

2026-09-05T04:48:48.548Z,32.74,74.47

2026-09-05T04:48:53.547Z,32.75,74.5

2026-09-05T04:48:58.555Z,32.76,74.49

2026-09-05T04:49:03.566Z,32.76,74.45

2026-09-05T04:49:08.551Z,32.75,74.33

2026-09-05T04:49:13.553Z,32.76,74.25

2026-09-05T04:49:18.553Z,32.75,74.12

2026-09-05T04:49:23.555Z,32.76,74.07

2026-09-05T04:49:28.575Z,32.77,74.07

2026-09-05T04:49:33.588Z,32.76,74.1

2026-09-05T04:49:38.573Z,32.76,74.13

2026-09-05T04:49:43.575Z,32.76,74.15

2026-09-05T04:49:48.576Z,32.75,74.16

2026-09-05T04:49:53.588Z,32.77,74.12

2026-09-05T04:49:58.576Z,32.76,74.09

2026-09-05T04:50:03.575Z,32.76,74.15

2026-09-05T04:50:08.575Z,32.77,74.06

2026-09-05T04:50:13.576Z,32.75,73.95

2026-09-05T04:50:18.586Z,32.75,73.97

2026-09-05T04:50:23.581Z,32.77,74.14

2026-09-05T04:50:28.583Z,32.76,74.12

2026-09-05T04:50:33.596Z,32.74,74.18

2026-09-05T04:50:38.580Z,32.77,74.12

2026-09-05T04:50:43.582Z,32.77,74.15

2026-09-05T04:50:48.582Z,32.76,74.2

2026-09-05T04:50:53.584Z,32.77,74.15

2026-09-05T04:50:58.588Z,32.75,74.15

2026-09-05T04:51:03.602Z,32.78,74.17

2026-09-05T04:51:08.588Z,32.76,74.13

2026-09-05T04:51:13.587Z,32.78,74.04

2026-09-05T04:51:18.587Z,32.78,73.93

2026-09-05T04:51:23.596Z,32.77,73.86

2026-09-05T04:51:28.586Z,32.77,73.87

2026-09-05T04:51:33.589Z,32.78,73.87

2026-09-05T04:51:38.589Z,32.77,74.01

2026-09-05T04:51:43.588Z,32.76,73.98

2026-09-05T04:51:48.596Z,32.77,74.02

2026-09-05T04:51:53.608Z,32.78,73.99

2026-09-05T04:51:58.594Z,32.75,73.93

2026-09-05T04:52:03.594Z,32.78,73.99

2026-09-05T04:52:08.595Z,32.76,73.97

2026-09-05T04:52:13.593Z,32.77,73.95

2026-09-05T04:52:18.597Z,32.77,73.94

2026-09-05T04:52:23.607Z,32.78,73.98

2026-09-05T04:52:28.596Z,32.78,73.99

2026-09-05T04:52:33.597Z,32.77,73.96

2026-09-05T04:52:38.598Z,32.79,73.99

2026-09-05T04:52:43.597Z,32.78,73.98

2026-09-05T04:52:48.613Z,32.8,74

2026-09-05T04:52:53.627Z,32.77,74.05

2026-09-05T04:52:58.610Z,32.78,73.96

2026-09-05T04:53:03.610Z,32.78,73.9

2026-09-05T04:53:08.612Z,32.78,73.98

2026-09-05T04:53:13.610Z,32.76,73.88

2026-09-05T04:53:18.618Z,32.81,73.85

2026-09-05T04:53:23.627Z,32.79,73.89

2026-09-05T04:53:28.615Z,32.78,73.85

2026-09-05T04:53:33.615Z,32.79,73.82

2026-09-05T04:53:38.615Z,32.8,73.8

2026-09-05T04:53:43.616Z,32.79,73.84

2026-09-05T04:53:48.629Z,32.78,73.84

2026-09-05T04:53:53.642Z,32.8,73.86

2026-09-05T04:53:58.628Z,32.79,73.85

2026-09-05T04:54:03.627Z,32.78,73.88

2026-09-05T04:54:08.628Z,32.78,73.96

2026-09-05T04:54:13.627Z,32.81,73.95

2026-09-05T04:54:18.630Z,32.79,73.92

2026-09-05T04:54:23.643Z,32.8,73.87

2026-09-05T04:54:28.629Z,32.8,73.94

2026-09-05T04:54:33.628Z,32.8,73.97

2026-09-05T04:54:38.629Z,32.79,74

2026-09-05T04:54:43.634Z,32.8,74.03

2026-09-05T04:54:48.650Z,32.8,73.97

2026-09-05T04:54:53.658Z,32.79,74.02

2026-09-05T04:54:58.648Z,32.8,73.99

2026-09-05T04:55:03.645Z,32.78,74.02

2026-09-05T04:55:08.647Z,32.81,73.96

2026-09-05T04:55:13.650Z,32.82,73.95

2026-09-05T04:55:18.653Z,32.82,73.93

2026-09-05T04:55:23.665Z,32.8,73.89

2026-09-05T04:55:28.653Z,32.84,73.83

2026-09-05T04:55:33.654Z,32.8,73.87

2026-09-05T04:55:38.652Z,32.81,73.89

2026-09-05T04:55:43.664Z,32.82,73.95

2026-09-05T04:55:48.652Z,32.82,73.96

2026-09-05T04:55:53.653Z,32.81,73.86

2026-09-05T04:55:58.654Z,32.81,73.74

2026-09-05T04:56:03.670Z,32.81,73.7

2026-09-05T04:56:08.656Z,32.82,73.66

2026-09-05T04:56:13.656Z,32.82,73.71

2026-09-05T04:56:18.655Z,32.8,73.72

2026-09-05T04:56:23.657Z,32.82,73.67

2026-09-05T04:56:28.656Z,32.81,73.63

2026-09-05T04:56:33.669Z,32.82,73.64

2026-09-05T04:56:38.656Z,32.82,73.62

2026-09-05T04:56:43.658Z,32.81,73.67

2026-09-05T04:56:48.658Z,32.81,73.72

2026-09-05T04:56:53.658Z,32.81,73.68

2026-09-05T04:56:58.659Z,32.82,73.65

2026-09-05T04:57:03.671Z,32.82,73.7

2026-09-05T04:57:08.659Z,32.83,73.72

2026-09-05T04:57:13.659Z,32.83,73.68

2026-09-05T04:57:18.658Z,32.82,73.71

2026-09-05T04:57:23.660Z,32.83,73.74

2026-09-05T04:57:28.670Z,32.83,73.8

2026-09-05T04:57:33.684Z,32.81,73.75

2026-09-05T04:57:38.671Z,32.84,73.73

2026-09-05T04:57:43.668Z,32.82,73.76

2026-09-05T04:57:48.669Z,32.83,73.71

2026-09-05T04:57:53.668Z,32.82,73.68

2026-09-05T04:57:58.682Z,32.83,73.58

2026-09-05T04:58:03.692Z,32.83,73.63

2026-09-05T04:58:08.682Z,32.86,73.63

2026-09-05T04:58:13.681Z,32.85,73.61

2026-09-05T04:58:18.683Z,32.84,73.52

2026-09-05T04:58:23.683Z,32.85,73.46

2026-09-05T04:58:28.693Z,32.86,73.43

2026-09-05T04:58:33.706Z,32.84,73.47

2026-09-05T04:58:38.693Z,32.84,73.42

2026-09-05T04:58:43.693Z,32.84,73.51

2026-09-05T04:58:48.694Z,32.85,73.58

2026-09-05T04:58:53.692Z,32.85,73.55

2026-09-05T04:58:58.703Z,32.84,73.57

2026-09-05T04:59:03.714Z,32.84,73.6

2026-09-05T04:59:08.703Z,32.83,73.63

2026-09-05T04:59:13.706Z,32.83,73.63

2026-09-05T04:59:18.705Z,32.83,73.66

2026-09-05T04:59:23.706Z,32.83,73.66

2026-09-05T04:59:28.710Z,32.84,73.64

2026-09-05T04:59:33.720Z,32.84,73.7

2026-09-05T04:59:38.706Z,32.83,73.75

2026-09-05T04:59:43.709Z,32.84,73.66

2026-09-05T04:59:48.708Z,32.85,73.65

2026-09-05T04:59:53.709Z,32.84,73.66

2026-09-05T04:59:58.726Z,32.83,73.61

2026-09-05T05:00:03.736Z,32.84,73.59

2026-09-05T05:00:08.725Z,32.83,73.59

2026-09-05T05:00:13.724Z,32.85,73.47

2026-09-05T05:00:18.725Z,32.85,73.54

2026-09-05T05:00:23.724Z,32.85,73.53

2026-09-05T05:00:28.740Z,32.85,73.52

2026-09-05T05:00:33.750Z,32.84,73.52

2026-09-05T05:00:38.737Z,32.85,73.53

2026-09-05T05:00:43.739Z,32.84,73.51

2026-09-05T05:00:48.738Z,32.84,73.62

2026-09-05T05:00:53.749Z,32.84,73.54

2026-09-05T05:00:58.737Z,32.85,73.61

2026-09-05T05:01:03.741Z,32.85,73.58

2026-09-05T05:01:08.740Z,32.85,73.55

2026-09-05T05:01:13.739Z,32.87,73.55

2026-09-05T05:01:18.741Z,32.87,73.51

2026-09-05T05:01:23.753Z,32.86,73.54

2026-09-05T05:01:28.742Z,32.86,73.46

2026-09-05T05:01:33.741Z,32.86,73.53

2026-09-05T05:01:38.741Z,32.88,73.54

2026-09-05T05:01:43.752Z,32.86,73.61

2026-09-05T05:01:48.741Z,32.87,73.52

2026-09-05T05:01:53.740Z,32.87,73.52

2026-09-05T05:01:58.745Z,32.88,73.45

2026-09-05T05:02:03.753Z,32.89,73.38

2026-09-05T05:02:08.743Z,32.89,73.32

2026-09-05T05:02:13.743Z,32.88,73.23

2026-09-05T05:02:18.742Z,32.88,73.26

2026-09-05T05:02:23.756Z,32.87,73.37

2026-09-05T05:02:28.749Z,32.87,73.32

2026-09-05T05:02:33.746Z,32.89,73.26

2026-09-05T05:02:38.746Z,32.88,73.28

2026-09-05T05:02:43.747Z,32.88,73.34

2026-09-05T05:02:48.746Z,32.89,73.27

2026-09-05T05:02:53.764Z,32.88,73.32

2026-09-05T05:02:58.749Z,32.89,73.29

2026-09-05T05:03:03.747Z,32.89,73.19

2026-09-05T05:03:08.749Z,32.88,73.19

2026-09-05T05:03:13.749Z,32.87,73.1

2026-09-05T05:03:18.766Z,32.88,73.18

2026-09-05T05:03:23.775Z,32.88,73.32

2026-09-05T05:03:28.761Z,32.87,73.31

2026-09-05T05:03:33.762Z,32.88,73.19

2026-09-05T05:03:38.762Z,32.88,73.11

2026-09-05T05:03:43.764Z,32.87,73.12

2026-09-05T05:03:48.771Z,32.87,73.09

2026-09-05T05:03:53.781Z,32.85,73.12

2026-09-05T05:03:58.767Z,32.84,73.18

2026-09-05T05:04:03.769Z,32.85,73.1

2026-09-05T05:04:08.767Z,32.83,73.1

2026-09-05T05:04:13.771Z,32.86,73.16

2026-09-05T05:04:18.772Z,32.85,73.26

2026-09-05T05:04:23.782Z,32.86,73.37

2026-09-05T05:04:28.770Z,32.84,73.28

2026-09-05T05:04:33.772Z,32.84,73.33

2026-09-05T05:04:38.773Z,32.85,73.37

2026-09-05T05:04:43.772Z,32.85,73.4

2026-09-05T05:04:48.774Z,32.84,73.47

2026-09-05T05:04:53.784Z,32.83,73.46

2026-09-05T05:04:58.770Z,32.86,73.46

2026-09-05T05:05:03.770Z,32.83,73.44

2026-09-05T05:05:08.772Z,32.84,73.43

2026-09-05T05:05:13.770Z,32.87,73.44

2026-09-05T05:05:18.786Z,32.84,73.32

2026-09-05T05:05:23.797Z,32.83,73.3

2026-09-05T05:05:28.784Z,32.83,73.33

2026-09-05T05:05:33.785Z,32.83,73.33

2026-09-05T05:05:38.787Z,32.81,73.31

2026-09-05T05:05:43.786Z,32.85,73.31

2026-09-05T05:05:48.808Z,32.83,73.31

2026-09-05T05:05:53.821Z,32.84,73.41

2026-09-05T05:05:58.807Z,32.83,73.46

2026-09-05T05:06:03.804Z,32.86,73.37

2026-09-05T05:06:08.802Z,32.82,73.32

2026-09-05T05:06:13.804Z,32.84,73.3

2026-09-05T05:06:18.820Z,32.83,73.28

2026-09-05T05:06:23.830Z,32.81,73.41

2026-09-05T05:06:28.818Z,32.82,73.38

2026-09-05T05:06:33.820Z,32.81,73.45

2026-09-05T05:06:38.818Z,32.84,73.49

2026-09-05T05:06:43.819Z,32.81,73.55

2026-09-05T05:06:48.825Z,32.83,73.51

2026-09-05T05:06:53.836Z,32.84,73.53

2026-09-05T05:06:58.823Z,32.83,73.53

2026-09-05T05:07:03.824Z,32.83,73.53

2026-09-05T05:07:08.823Z,32.82,73.56

2026-09-05T05:07:13.824Z,32.82,73.51

2026-09-05T05:07:18.837Z,32.82,73.58

2026-09-05T05:07:23.848Z,32.83,73.59

2026-09-05T05:07:28.835Z,32.83,73.47

2026-09-05T05:07:33.835Z,32.84,73.41

2026-09-05T05:07:38.835Z,32.82,73.46

2026-09-05T05:07:43.836Z,32.83,73.46

2026-09-05T05:07:48.840Z,32.82,73.57

2026-09-05T05:07:53.850Z,32.81,73.58

2026-09-05T05:07:58.837Z,32.82,73.56

2026-09-05T05:08:03.838Z,32.82,73.6

2026-09-05T05:08:08.838Z,32.82,73.5

2026-09-05T05:08:13.854Z,32.81,73.53

2026-09-05T05:08:18.838Z,32.84,73.46

2026-09-05T05:08:23.840Z,32.84,73.51

2026-09-05T05:08:28.839Z,32.86,73.5

2026-09-05T05:08:33.839Z,32.82,73.5

2026-09-05T05:08:38.843Z,32.83,73.5

2026-09-05T05:08:43.855Z,32.83,73.49

2026-09-05T05:08:48.842Z,32.85,73.49

2026-09-05T05:08:53.843Z,32.84,73.47

2026-09-05T05:08:58.841Z,32.83,73.48

2026-09-05T05:09:03.840Z,32.84,73.49

2026-09-05T05:09:08.845Z,32.84,73.38

2026-09-05T05:09:13.859Z,32.83,73.39

2026-09-05T05:09:18.846Z,32.84,73.36

2026-09-05T05:09:23.846Z,32.84,73.36

2026-09-05T05:09:28.846Z,32.83,73.33

2026-09-05T05:09:33.844Z,32.83,73.33

2026-09-05T05:09:38.862Z,32.81,73.29

2026-09-05T05:09:43.874Z,32.82,73.3

2026-09-05T05:09:48.857Z,32.8,73.33

2026-09-05T05:09:53.858Z,32.8,73.29

2026-09-05T05:09:58.856Z,32.81,73.37

2026-09-05T05:10:03.856Z,32.81,73.37

2026-09-05T05:10:08.874Z,32.79,73.5

2026-09-05T05:10:13.887Z,32.8,73.48

2026-09-05T05:10:18.874Z,32.8,73.48

2026-09-05T05:10:23.873Z,32.8,73.44

2026-09-05T05:10:28.879Z,32.79,73.58

2026-09-05T05:10:33.887Z,32.78,73.6

2026-09-05T05:10:38.877Z,32.78,73.55

2026-09-05T05:10:43.878Z,32.8,73.53

2026-09-05T05:10:48.894Z,32.77,73.55

2026-09-05T05:10:53.886Z,32.76,73.53

2026-09-05T05:10:58.885Z,32.76,73.58

2026-09-05T05:11:03.888Z,32.77,73.52

2026-09-05T05:11:08.882Z,32.76,73.5

2026-09-05T05:11:13.897Z,32.75,73.61

2026-09-05T05:11:18.886Z,32.74,73.5

2026-09-05T05:11:23.885Z,32.76,73.54

2026-09-05T05:11:28.883Z,32.72,73.6

2026-09-05T05:11:33.886Z,32.74,73.56

2026-09-05T05:11:38.887Z,32.73,73.67

2026-09-05T05:11:43.900Z,32.72,73.75

2026-09-05T05:11:48.887Z,32.73,73.76

2026-09-05T05:11:53.889Z,32.74,73.73

2026-09-05T05:11:58.888Z,32.74,73.75

2026-09-05T05:12:03.888Z,32.73,73.78

2026-09-05T05:12:08.889Z,32.73,73.82

2026-09-05T05:12:13.901Z,32.71,73.95

2026-09-05T05:12:18.889Z,32.74,73.9

2026-09-05T05:12:23.888Z,32.72,73.91

2026-09-05T05:12:28.891Z,32.73,73.95

2026-09-05T05:12:33.887Z,32.72,73.95

2026-09-05T05:12:38.896Z,32.73,73.96

2026-09-05T05:12:43.905Z,32.71,73.94

2026-09-05T05:12:48.894Z,32.72,73.93

2026-09-05T05:12:53.897Z,32.73,73.93

2026-09-05T05:12:58.893Z,32.73,73.99

2026-09-05T05:13:03.893Z,32.71,73.95

2026-09-05T05:13:08.909Z,32.73,73.99

2026-09-05T05:13:13.919Z,32.72,73.96

2026-09-05T05:13:18.908Z,32.72,73.88

2026-09-05T05:13:23.910Z,32.69,73.97

2026-09-05T05:13:28.909Z,32.69,73.89

2026-09-05T05:13:33.909Z,32.66,74.01

2026-09-05T05:13:38.915Z,32.68,74.03

2026-09-05T05:13:43.923Z,32.65,74.06

2026-09-05T05:13:48.914Z,32.67,74

2026-09-05T05:13:53.915Z,32.67,74.07

2026-09-05T05:13:58.915Z,32.65,74.08

2026-09-05T05:14:03.914Z,32.64,74.15

2026-09-05T05:14:08.936Z,32.62,74.22

2026-09-05T05:14:13.950Z,32.62,74.25

2026-09-05T05:14:18.938Z,32.63,74.25

2026-09-05T05:14:23.938Z,32.62,74.28

2026-09-05T05:14:28.938Z,32.64,74.19

2026-09-05T05:14:33.937Z,32.62,74.28

2026-09-05T05:14:38.950Z,32.62,74.25

2026-09-05T05:14:43.961Z,32.59,74.33

2026-09-05T05:14:48.948Z,32.6,74.34

2026-09-05T05:14:53.947Z,32.61,74.36

2026-09-05T05:14:58.946Z,32.58,74.4

2026-09-05T05:15:03.947Z,32.57,74.43

2026-09-05T05:15:08.960Z,32.61,74.45

2026-09-05T05:15:13.967Z,32.59,74.5

2026-09-05T05:15:18.959Z,32.58,74.48

2026-09-05T05:15:23.960Z,32.56,74.52

2026-09-05T05:15:28.958Z,32.58,74.54

2026-09-05T05:15:33.960Z,32.58,74.54

2026-09-05T05:15:38.962Z,32.58,74.59

2026-09-05T05:15:43.971Z,32.57,74.59

2026-09-05T05:15:48.961Z,32.55,74.61

2026-09-05T05:15:53.958Z,32.58,74.59

2026-09-05T05:15:58.960Z,32.57,74.63

2026-09-05T05:16:03.964Z,32.56,74.65

2026-09-05T05:16:08.963Z,32.59,74.63

2026-09-05T05:16:13.978Z,32.55,74.67

2026-09-05T05:16:18.961Z,32.57,74.59

2026-09-05T05:16:23.962Z,32.58,74.62

2026-09-05T05:16:28.963Z,32.55,74.67

2026-09-05T05:16:33.962Z,32.55,74.65

2026-09-05T05:16:38.970Z,32.56,74.7

2026-09-05T05:16:43.979Z,32.55,74.64

2026-09-05T05:16:48.971Z,32.53,74.68

2026-09-05T05:16:53.971Z,32.51,74.7

2026-09-05T05:16:58.970Z,32.5,74.71

2026-09-05T05:17:03.970Z,32.52,74.78

2026-09-05T05:17:08.983Z,32.51,74.79

2026-09-05T05:17:14.000Z,32.51,74.83

2026-09-05T05:17:18.983Z,32.49,74.92

2026-09-05T05:17:23.984Z,32.48,74.93

2026-09-05T05:17:28.984Z,32.48,74.95

2026-09-05T05:17:33.985Z,32.48,74.9

2026-09-05T05:17:38.996Z,32.49,74.96

2026-09-05T05:17:44.007Z,32.49,75.03

2026-09-05T05:17:48.995Z,32.49,75.01

2026-09-05T05:17:53.995Z,32.47,75.01

2026-09-05T05:17:58.996Z,32.46,74.97

2026-09-05T05:18:03.995Z,32.42,75.03

2026-09-05T05:18:09.011Z,32.45,75.09

2026-09-05T05:18:14.021Z,32.44,75.08

2026-09-05T05:18:19.010Z,32.45,75.1

2026-09-05T05:18:24.010Z,32.45,75.05

2026-09-05T05:18:29.010Z,32.45,75.09

2026-09-05T05:18:34.011Z,32.44,75.13

2026-09-05T05:18:39.014Z,32.43,75.05

2026-09-05T05:18:44.029Z,32.43,75.12

2026-09-05T05:18:49.015Z,32.42,75.01

2026-09-05T05:18:54.015Z,32.42,75.04

2026-09-05T05:18:59.014Z,32.4,75.04

2026-09-05T05:19:04.015Z,32.42,75.01

2026-09-05T05:19:09.022Z,32.42,75.07

2026-09-05T05:19:14.033Z,32.4,75.16

2026-09-05T05:19:19.021Z,32.41,75.08

2026-09-05T05:19:24.023Z,32.41,75.1

2026-09-05T05:19:29.021Z,32.39,75.15

2026-09-05T05:19:34.021Z,32.41,75.06

2026-09-05T05:19:39.031Z,32.41,75.09

2026-09-05T05:19:44.041Z,32.39,75.15

2026-09-05T05:19:49.031Z,32.39,75.17

2026-09-05T05:19:54.033Z,32.42,75.2

2026-09-05T05:19:59.031Z,32.35,75.14

2026-09-05T05:20:04.047Z,32.37,75.24

2026-09-05T05:20:09.033Z,32.37,75.17

2026-09-05T05:20:14.032Z,32.36,75.29

2026-09-05T05:20:19.045Z,32.36,75.31

2026-09-05T05:20:24.035Z,32.39,75.32

2026-09-05T05:20:29.036Z,32.36,75.28

2026-09-05T05:20:34.037Z,32.37,75.28

2026-09-05T05:20:39.036Z,32.38,75.33

2026-09-05T05:20:44.052Z,32.37,75.41

2026-09-05T05:20:49.037Z,32.39,75.32

2026-09-05T05:20:54.041Z,32.39,75.32

2026-09-05T05:20:59.039Z,32.39,75.34

2026-09-05T05:21:04.040Z,32.39,75.31

2026-09-05T05:21:09.039Z,32.4,75.27

2026-09-05T05:21:14.057Z,32.39,75.34

2026-09-05T05:21:19.039Z,32.39,75.19

2026-09-05T05:21:24.042Z,32.38,75.13

2026-09-05T05:21:29.043Z,32.41,75.22

2026-09-05T05:21:34.052Z,32.38,75.14

2026-09-05T05:21:39.043Z,32.41,75.22

2026-09-05T05:21:44.044Z,32.42,75.21

2026-09-05T05:21:49.044Z,32.41,75.22

2026-09-05T05:21:54.045Z,32.41,75.16

2026-09-05T05:21:59.049Z,32.41,75.17

2026-09-05T05:22:04.057Z,32.42,75.15

2026-09-05T05:22:09.047Z,32.41,75.21

2026-09-05T05:22:14.048Z,32.4,75.16

2026-09-05T05:22:19.046Z,32.42,75.17

2026-09-05T05:22:24.048Z,32.42,75.14

2026-09-05T05:22:29.051Z,32.43,75.19

2026-09-05T05:22:34.060Z,32.42,75.16

2026-09-05T05:22:39.049Z,32.43,75.15

2026-09-05T05:22:44.050Z,32.43,75.24

2026-09-05T05:22:49.049Z,32.44,75.13

2026-09-05T05:22:54.050Z,32.44,75.23

2026-09-05T05:22:59.056Z,32.44,75.1

2026-09-05T05:23:04.070Z,32.44,75.12

2026-09-05T05:23:09.055Z,32.47,75.03

2026-09-05T05:23:14.054Z,32.48,75.05

2026-09-05T05:23:19.053Z,32.46,75.01

2026-09-05T05:23:24.055Z,32.46,75.06

2026-09-05T05:23:29.070Z,32.49,75.03

2026-09-05T05:23:34.080Z,32.49,75.02

2026-09-05T05:23:39.067Z,32.51,75.02

2026-09-05T05:23:44.068Z,32.48,75.01

2026-09-05T05:23:49.069Z,32.51,75

2026-09-05T05:23:54.070Z,32.5,75.02

2026-09-05T05:23:59.076Z,32.49,74.97

2026-09-05T05:24:04.086Z,32.51,75.03

2026-09-05T05:24:09.071Z,32.53,75.01

2026-09-05T05:24:14.077Z,32.52,74.95

2026-09-05T05:24:19.074Z,32.53,74.98

2026-09-05T05:24:24.074Z,32.52,74.93

2026-09-05T05:24:29.091Z,32.51,74.84

2026-09-05T05:24:34.102Z,32.52,74.86

2026-09-05T05:24:39.087Z,32.51,74.85

2026-09-05T05:24:44.090Z,32.53,74.89

2026-09-05T05:24:49.089Z,32.54,74.81

2026-09-05T05:24:54.092Z,32.54,74.8

2026-09-05T05:24:59.108Z,32.55,74.88

2026-09-05T05:25:04.116Z,32.55,74.92

2026-09-05T05:25:09.104Z,32.53,74.85

2026-09-05T05:25:14.105Z,32.56,74.81

2026-09-05T05:25:19.106Z,32.57,74.74

2026-09-05T05:25:24.106Z,32.57,74.71

2026-09-05T05:25:29.121Z,32.54,74.63

2026-09-05T05:25:34.132Z,32.57,74.68

2026-09-05T05:25:39.120Z,32.57,74.6

2026-09-05T05:25:44.121Z,32.56,74.61

2026-09-05T05:25:49.122Z,32.56,74.63

2026-09-05T05:25:54.120Z,32.56,74.61

2026-09-05T05:25:59.126Z,32.58,74.62

2026-09-05T05:26:04.134Z,32.57,74.66

2026-09-05T05:26:09.124Z,32.59,74.65

2026-09-05T05:26:14.124Z,32.57,74.66

2026-09-05T05:26:19.125Z,32.58,74.66

2026-09-05T05:26:24.124Z,32.58,74.67

2026-09-05T05:26:29.139Z,32.58,74.73

2026-09-05T05:26:34.150Z,32.57,74.73

2026-09-05T05:26:39.137Z,32.59,74.68

2026-09-05T05:26:44.138Z,32.57,74.68

2026-09-05T05:26:49.138Z,32.59,74.73

2026-09-05T05:26:54.149Z,32.58,74.7

2026-09-05T05:26:59.139Z,32.6,74.73

2026-09-05T05:27:04.141Z,32.61,74.67

2026-09-05T05:27:09.140Z,32.61,74.71

2026-09-05T05:27:14.150Z,32.61,74.71

2026-09-05T05:27:19.139Z,32.61,74.65

2026-09-05T05:27:24.142Z,32.62,74.69

2026-09-05T05:27:29.141Z,32.6,74.66

2026-09-05T05:27:34.139Z,32.61,74.62

2026-09-05T05:27:39.140Z,32.62,74.59

2026-09-05T05:27:44.160Z,32.62,74.63

2026-09-05T05:27:49.144Z,32.62,74.55

2026-09-05T05:27:54.143Z,32.6,74.53

2026-09-05T05:27:59.144Z,32.62,74.52

2026-09-05T05:28:04.143Z,32.64,74.47

2026-09-05T05:28:09.146Z,32.62,74.53

2026-09-05T05:28:14.160Z,32.61,74.58

2026-09-05T05:28:19.144Z,32.62,74.53

2026-09-05T05:28:24.148Z,32.63,74.51

2026-09-05T05:28:29.145Z,32.64,74.58

2026-09-05T05:28:34.146Z,32.61,74.51

2026-09-05T05:28:39.162Z,32.61,74.43

2026-09-05T05:28:44.172Z,32.6,74.46

2026-09-05T05:28:49.162Z,32.59,74.44

2026-09-05T05:28:54.162Z,32.58,74.38

2026-09-05T05:28:59.162Z,32.58,74.39

2026-09-05T05:29:04.162Z,32.57,74.42

2026-09-05T05:29:09.169Z,32.58,74.48

2026-09-05T05:29:14.181Z,32.59,74.55

2026-09-05T05:29:19.170Z,32.57,74.55

2026-09-05T05:29:24.170Z,32.57,74.63

2026-09-05T05:29:29.169Z,32.57,74.61

2026-09-05T05:29:34.169Z,32.57,74.61

2026-09-05T05:29:39.177Z,32.57,74.58

2026-09-05T05:29:44.188Z,32.56,74.72

2026-09-05T05:29:49.176Z,32.55,74.64

2026-09-05T05:29:54.177Z,32.57,74.67

2026-09-05T05:29:59.177Z,32.57,74.62

2026-09-05T05:30:04.176Z,32.57,74.65

2026-09-05T05:30:09.191Z,32.57,74.61

2026-09-05T05:30:14.200Z,32.57,74.63

2026-09-05T05:30:19.187Z,32.58,74.66

2026-09-05T05:30:24.187Z,32.58,74.59

2026-09-05T05:30:29.191Z,32.59,74.66

2026-09-05T05:30:34.188Z,32.58,74.57

2026-09-05T05:30:39.190Z,32.56,74.58

2026-09-05T05:30:44.200Z,32.6,74.64

2026-09-05T05:30:49.187Z,32.59,74.62

2026-09-05T05:30:54.189Z,32.6,74.54

2026-09-05T05:30:59.190Z,32.58,74.53

2026-09-05T05:31:04.189Z,32.59,74.5

2026-09-05T05:31:09.190Z,32.6,74.51

2026-09-05T05:31:14.203Z,32.6,74.56

2026-09-05T05:31:19.190Z,32.59,74.55

2026-09-05T05:31:24.192Z,32.6,74.58

2026-09-05T05:31:29.190Z,32.61,74.56

2026-09-05T05:31:34.190Z,32.59,74.49

2026-09-05T05:31:39.203Z,32.61,74.52

2026-09-05T05:31:44.216Z,32.61,74.48

2026-09-05T05:31:49.203Z,32.63,74.5

2026-09-05T05:31:54.205Z,32.62,74.36

2026-09-05T05:31:59.208Z,32.62,74.38

2026-09-05T05:32:04.205Z,32.6,74.35

2026-09-05T05:32:09.224Z,32.61,74.4

2026-09-05T05:32:14.236Z,32.64,74.35

2026-09-05T05:32:19.220Z,32.62,74.37

2026-09-05T05:32:24.221Z,32.64,74.4

2026-09-05T05:32:29.222Z,32.64,74.43

2026-09-05T05:32:34.222Z,32.63,74.44

2026-09-05T05:32:39.239Z,32.64,74.42

2026-09-05T05:32:44.250Z,32.64,74.5

2026-09-05T05:32:49.239Z,32.65,74.47

2026-09-05T05:32:54.241Z,32.65,74.44

2026-09-05T05:32:59.240Z,32.62,74.45

2026-09-05T05:33:04.241Z,32.61,74.57

2026-09-05T05:33:09.247Z,32.64,74.49

2026-09-05T05:33:14.257Z,32.63,74.58

2026-09-05T05:33:19.243Z,32.63,74.55

2026-09-05T05:33:24.245Z,32.63,74.51

2026-09-05T05:33:29.245Z,32.64,74.56

2026-09-05T05:33:34.246Z,32.64,74.57

2026-09-05T05:33:39.264Z,32.64,74.57

2026-09-05T05:33:44.270Z,32.65,74.59

2026-09-05T05:33:49.263Z,32.64,74.56

2026-09-05T05:33:54.261Z,32.65,74.57

2026-09-05T05:33:59.261Z,32.66,74.55

2026-09-05T05:34:04.261Z,32.65,74.48

2026-09-05T05:34:09.261Z,32.65,74.52

2026-09-05T05:34:14.276Z,32.66,74.57

2026-09-05T05:34:19.263Z,32.63,74.56

2026-09-05T05:34:24.263Z,32.67,74.54

2026-09-05T05:34:29.262Z,32.65,74.51

2026-09-05T05:34:34.276Z,32.64,74.6

2026-09-05T05:34:39.261Z,32.67,74.54

2026-09-05T05:34:44.262Z,32.66,74.52

2026-09-05T05:34:49.261Z,32.66,74.55

2026-09-05T05:34:54.263Z,32.66,74.53

2026-09-05T05:34:59.264Z,32.65,74.58

2026-09-05T05:35:04.274Z,32.65,74.57

2026-09-05T05:35:09.266Z,32.67,74.58

2026-09-05T05:35:14.263Z,32.65,74.58

2026-09-05T05:35:19.264Z,32.66,74.49

2026-09-05T05:35:24.265Z,32.64,74.52

2026-09-05T05:35:29.264Z,32.66,74.58

2026-09-05T05:35:34.275Z,32.65,74.53

2026-09-05T05:35:39.264Z,32.65,74.52

2026-09-05T05:35:44.264Z,32.66,74.52

2026-09-05T05:35:49.265Z,32.64,74.54

2026-09-05T05:35:54.272Z,32.63,74.57

2026-09-05T05:35:59.289Z,32.66,74.53

2026-09-05T05:36:04.294Z,32.63,74.59

2026-09-05T05:36:09.286Z,32.66,74.49

2026-09-05T05:36:14.286Z,32.65,74.54

2026-09-05T05:36:19.285Z,32.66,74.51

2026-09-05T05:36:24.287Z,32.66,74.45

2026-09-05T05:36:29.292Z,32.66,74.35

2026-09-05T05:36:34.304Z,32.65,74.42

2026-09-05T05:36:39.289Z,32.66,74.39

2026-09-05T05:36:44.290Z,32.68,74.35

2026-09-05T05:36:49.291Z,32.67,74.39

2026-09-05T05:36:54.292Z,32.67,74.4

2026-09-05T05:36:59.305Z,32.67,74.32

2026-09-05T05:37:04.321Z,32.69,74.32

2026-09-05T05:37:09.305Z,32.68,74.31

2026-09-05T05:37:14.305Z,32.68,74.28

2026-09-05T05:37:19.305Z,32.67,74.28

2026-09-05T05:37:24.304Z,32.69,74.28

2026-09-05T05:37:29.318Z,32.69,74.27

2026-09-05T05:37:34.328Z,32.69,74.2

2026-09-05T05:37:39.318Z,32.69,74.22

2026-09-05T05:37:44.317Z,32.68,74.17

2026-09-05T05:37:49.315Z,32.69,74.23

2026-09-05T05:37:54.318Z,32.69,74.18

2026-09-05T05:37:59.330Z,32.68,74.14

2026-09-05T05:38:04.337Z,32.69,74.16

2026-09-05T05:38:09.326Z,32.7,74.18

2026-09-05T05:38:14.328Z,32.68,74.21

2026-09-05T05:38:19.326Z,32.69,74.2

2026-09-05T05:38:24.328Z,32.67,74.22

2026-09-05T05:38:29.328Z,32.7,74.19

2026-09-05T05:38:34.343Z,32.68,74.2

2026-09-05T05:38:39.329Z,32.7,74.19

2026-09-05T05:38:44.330Z,32.69,74.21

2026-09-05T05:38:49.331Z,32.69,74.21

2026-09-05T05:38:54.342Z,32.69,74.24

2026-09-05T05:38:59.331Z,32.69,74.15

2026-09-05T05:39:04.332Z,32.7,74.16

2026-09-05T05:39:09.331Z,32.7,74.14

2026-09-05T05:39:14.332Z,32.69,74.11

2026-09-05T05:39:19.333Z,32.7,74.17

2026-09-05T05:39:24.353Z,32.68,74.07

2026-09-05T05:39:29.336Z,32.69,74.1

2026-09-05T05:39:34.336Z,32.71,74.14

2026-09-05T05:39:39.335Z,32.71,74.15

2026-09-05T05:39:44.334Z,32.71,74.11

2026-09-05T05:39:49.351Z,32.71,74.11

2026-09-05T05:39:54.352Z,32.7,74.18

2026-09-05T05:39:59.347Z,32.72,74.11

2026-09-05T05:40:04.346Z,32.73,74.09

2026-09-05T05:40:09.347Z,32.73,74.11

2026-09-05T05:40:14.348Z,32.7,74.09

2026-09-05T05:40:19.362Z,32.7,74.17

2026-09-05T05:40:24.376Z,32.71,74.17

2026-09-05T05:40:29.364Z,32.7,74.15

2026-09-05T05:40:34.366Z,32.71,74.2

2026-09-05T05:40:39.362Z,32.71,74.19

2026-09-05T05:40:44.379Z,32.72,74.25

2026-09-05T05:40:49.364Z,32.73,74.17

2026-09-05T05:40:54.365Z,32.71,74.13

2026-09-05T05:40:59.366Z,32.7,74.15

2026-09-05T05:41:04.366Z,32.71,74.19

2026-09-05T05:41:09.365Z,32.72,74.22

2026-09-05T05:41:14.377Z,32.71,74.26

2026-09-05T05:41:19.367Z,32.73,74.23

2026-09-05T05:41:24.367Z,32.72,74.21

2026-09-05T05:41:29.367Z,32.72,74.17

2026-09-05T05:41:34.368Z,32.74,74.14

2026-09-05T05:41:39.368Z,32.74,74.19

2026-09-05T05:41:44.378Z,32.74,74.18

2026-09-05T05:41:49.366Z,32.75,74.17

2026-09-05T05:41:54.367Z,32.75,74.17

2026-09-05T05:41:59.367Z,32.75,74.2

2026-09-05T05:42:04.367Z,32.75,74.11

2026-09-05T05:42:09.381Z,32.75,74.14

2026-09-05T05:42:14.393Z,32.74,74.19

2026-09-05T05:42:19.380Z,32.74,74.16

2026-09-05T05:42:24.380Z,32.76,74.16

2026-09-05T05:42:29.380Z,32.76,74.14

2026-09-05T05:42:34.379Z,32.77,74.13

2026-09-05T05:42:39.390Z,32.78,74.12

2026-09-05T05:42:44.400Z,32.77,74.18

2026-09-05T05:42:49.388Z,32.78,74.09

2026-09-05T05:42:54.388Z,32.79,74.14

2026-09-05T05:42:59.391Z,32.8,74.04

2026-09-05T05:43:04.390Z,32.79,74.1

2026-09-05T05:43:09.402Z,32.8,74.03

2026-09-05T05:43:14.411Z,32.81,74.08

2026-09-05T05:43:19.404Z,32.8,74.04

2026-09-05T05:43:24.403Z,32.81,74.02

2026-09-05T05:43:29.401Z,32.8,74.04

2026-09-05T05:43:34.403Z,32.8,73.96

2026-09-05T05:43:39.412Z,32.81,74.03

2026-09-05T05:43:44.422Z,32.8,74.04

2026-09-05T05:43:49.410Z,32.82,74.03

2026-09-05T05:43:54.413Z,32.81,74.05

2026-09-05T05:43:59.411Z,32.82,74.02

2026-09-05T05:44:04.411Z,32.81,73.98

2026-09-05T05:44:09.420Z,32.83,73.97

2026-09-05T05:44:14.429Z,32.8,74

2026-09-05T05:44:19.420Z,32.83,73.91

2026-09-05T05:44:24.420Z,32.8,74

2026-09-05T05:44:29.421Z,32.84,74.04

2026-09-05T05:44:34.420Z,32.82,74.04

2026-09-05T05:44:39.418Z,32.83,73.97

2026-09-05T05:44:44.434Z,32.82,73.98

2026-09-05T05:44:49.420Z,32.85,73.97

2026-09-05T05:44:54.421Z,32.81,73.97

2026-09-05T05:44:59.423Z,32.84,73.93

2026-09-05T05:45:04.423Z,32.84,73.99

2026-09-05T05:45:09.426Z,32.84,74

2026-09-05T05:45:14.433Z,32.84,74.06

2026-09-05T05:45:19.423Z,32.85,74.01

2026-09-05T05:45:24.424Z,32.85,74.06

2026-09-05T05:45:29.425Z,32.85,74.11

2026-09-05T05:45:34.424Z,32.86,74.11

2026-09-05T05:45:39.426Z,32.84,74.11

2026-09-05T05:45:44.440Z,32.83,74.15

2026-09-05T05:45:49.426Z,32.87,74.14

2026-09-05T05:45:54.426Z,32.85,74.11

2026-09-05T05:45:59.426Z,32.85,74.03

2026-09-05T05:46:04.426Z,32.84,74.05

2026-09-05T05:46:09.427Z,32.86,74.06

2026-09-05T05:46:14.438Z,32.83,74.12

2026-09-05T05:46:19.425Z,32.87,74.1

2026-09-05T05:46:24.426Z,32.87,74.2

2026-09-05T05:46:29.426Z,32.85,74.35

2026-09-05T05:46:34.428Z,32.86,74.39

2026-09-05T05:46:39.432Z,32.88,74.41

2026-09-05T05:46:44.439Z,32.89,74.42

2026-09-05T05:46:49.432Z,32.89,74.34

2026-09-05T05:46:54.433Z,32.88,74.34

2026-09-05T05:46:59.431Z,32.9,74.34

2026-09-05T05:47:04.433Z,32.88,74.34

2026-09-05T05:47:09.442Z,32.88,74.33

2026-09-05T05:47:14.454Z,32.89,74.38

2026-09-05T05:47:19.439Z,32.89,74.38

2026-09-05T05:47:24.440Z,32.89,74.3

2026-09-05T05:47:29.439Z,32.9,74.34

2026-09-05T05:47:34.452Z,32.89,74.29

2026-09-05T05:47:39.436Z,32.91,74.23

2026-09-05T05:47:44.438Z,32.92,74.19

2026-09-05T05:47:49.440Z,32.92,74.06

2026-09-05T05:47:54.439Z,32.93,74.02

2026-09-05T05:47:59.469Z,32.92,74.07

2026-09-05T05:48:04.480Z,32.91,74.04

2026-09-05T05:48:09.467Z,32.94,74

2026-09-05T05:48:14.469Z,32.93,74.05

2026-09-05T05:48:19.468Z,32.93,74.04

2026-09-05T05:48:24.470Z,32.94,74.06

2026-09-05T05:48:29.478Z,32.95,73.91

2026-09-05T05:48:34.487Z,32.96,73.97

2026-09-05T05:48:39.475Z,32.95,73.95

2026-09-05T05:48:44.479Z,32.95,73.99

2026-09-05T05:48:49.476Z,32.96,73.93

2026-09-05T05:48:54.477Z,32.96,73.9

2026-09-05T05:48:59.481Z,32.97,73.95

2026-09-05T05:49:04.494Z,32.97,73.97

2026-09-05T05:49:09.479Z,32.97,73.97

2026-09-05T05:49:14.479Z,32.98,74.08

2026-09-05T05:49:19.480Z,32.98,74.12

2026-09-05T05:49:24.480Z,32.97,74.16

2026-09-05T05:49:29.492Z,32.98,74.24

2026-09-05T05:49:34.505Z,32.98,74.29

2026-09-05T05:49:39.493Z,33,74.34

2026-09-05T05:49:44.491Z,32.99,74.36

2026-09-05T05:49:49.492Z,33.01,74.32

2026-09-05T05:49:54.491Z,33,74.34

2026-09-05T05:49:59.498Z,33.01,74.43

2026-09-05T05:50:04.507Z,33.01,74.54

2026-09-05T05:50:09.498Z,33.02,74.59

2026-09-05T05:50:14.496Z,33.03,74.49

2026-09-05T05:50:19.495Z,33,74.46

2026-09-05T05:50:24.506Z,33.02,74.47

2026-09-05T05:50:29.496Z,33.01,74.47

2026-09-05T05:50:34.496Z,33.03,74.45

2026-09-05T05:50:39.496Z,33.04,74.44

2026-09-05T05:50:44.498Z,33.03,74.34

2026-09-05T05:50:49.499Z,33.02,74.35

2026-09-05T05:50:54.516Z,33.02,74.47

2026-09-05T05:50:59.503Z,33.04,74.4

2026-09-05T05:51:04.502Z,33.04,74.41

2026-09-05T05:51:09.502Z,33.03,74.44

2026-09-05T05:51:14.500Z,33.05,74.46

2026-09-05T05:51:19.502Z,33.05,74.57

2026-09-05T05:51:24.516Z,33.02,74.52

2026-09-05T05:51:29.501Z,33.05,74.55

2026-09-05T05:51:34.502Z,33.05,74.56

2026-09-05T05:51:39.505Z,33.04,74.57

2026-09-05T05:51:44.504Z,33.04,74.67

2026-09-05T05:51:49.524Z,33.05,74.65

2026-09-05T05:51:54.534Z,33.02,74.69

2026-09-05T05:51:59.524Z,33.06,74.63

2026-09-05T05:52:04.524Z,33.07,74.7

2026-09-05T05:52:09.527Z,33.05,74.75

2026-09-05T05:52:14.523Z,33.05,74.8

2026-09-05T05:52:19.544Z,33.07,74.87

2026-09-05T05:52:24.554Z,33.06,74.97

2026-09-05T05:52:29.542Z,33.08,74.97

2026-09-05T05:52:34.542Z,33.08,74.98

2026-09-05T05:52:39.542Z,33.07,74.85

2026-09-05T05:52:44.541Z,33.08,74.81

2026-09-05T05:52:49.548Z,33.07,74.75

2026-09-05T05:52:54.555Z,33.07,74.63

2026-09-05T05:52:59.544Z,33.08,74.64

2026-09-05T05:53:04.543Z,33.09,74.62

2026-09-05T05:53:09.541Z,33.08,74.65

2026-09-05T05:53:14.544Z,33.08,74.75

2026-09-05T05:53:19.551Z,33.09,74.84

2026-09-05T05:53:24.562Z,33.08,74.87

2026-09-05T05:53:29.550Z,33.09,74.86

2026-09-05T05:53:34.549Z,33.09,74.85

2026-09-05T05:53:39.548Z,33.11,74.81

2026-09-05T05:53:44.548Z,33.1,74.83

2026-09-05T05:53:49.555Z,33.09,74.77

2026-09-05T05:53:54.566Z,33.08,74.82

2026-09-05T05:53:59.551Z,33.08,74.7

2026-09-05T05:54:04.552Z,33.11,74.78

2026-09-05T05:54:09.554Z,33.1,74.66

2026-09-05T05:54:14.553Z,33.08,74.62

2026-09-05T05:54:19.564Z,33.1,74.61

2026-09-05T05:54:24.572Z,33.09,74.6

2026-09-05T05:54:29.561Z,33.09,74.57

2026-09-05T05:54:34.560Z,33.1,74.56

2026-09-05T05:54:39.562Z,33.1,74.54

2026-09-05T05:54:44.565Z,33.12,74.63

2026-09-05T05:54:49.575Z,33.11,74.66

2026-09-05T05:54:54.588Z,33.14,74.6

2026-09-05T05:54:59.569Z,33.11,74.57

2026-09-05T05:55:04.569Z,33.14,74.62

2026-09-05T05:55:09.570Z,33.14,74.69

2026-09-05T05:55:14.572Z,33.12,74.71

2026-09-05T05:55:19.577Z,33.13,74.74

2026-09-05T05:55:24.589Z,33.14,74.78

2026-09-05T05:55:29.577Z,33.14,74.76

2026-09-05T05:55:34.580Z,33.13,74.76

2026-09-05T05:55:39.583Z,33.14,74.7

2026-09-05T05:55:44.600Z,33.12,74.77

2026-09-05T05:55:49.583Z,33.15,74.74

2026-09-05T05:55:54.584Z,33.13,74.73

2026-09-05T05:55:59.583Z,33.14,74.77

2026-09-05T05:56:04.595Z,33.13,74.79

2026-09-05T05:56:09.582Z,33.14,74.82

2026-09-05T05:56:14.582Z,33.14,74.79

2026-09-05T05:56:19.581Z,33.13,74.86

2026-09-05T05:56:24.582Z,33.14,74.87

2026-09-05T05:56:29.586Z,33.14,74.87

2026-09-05T05:56:34.599Z,33.14,74.95

2026-09-05T05:56:39.585Z,33.14,74.92

2026-09-05T05:56:44.584Z,33.16,74.89

2026-09-05T05:56:49.588Z,33.13,74.99

2026-09-05T05:56:54.586Z,33.13,74.96

2026-09-05T05:56:59.590Z,33.15,74.97

2026-09-05T05:57:04.603Z,33.13,75.07

2026-09-05T05:57:09.588Z,33.13,75.1

2026-09-05T05:57:14.587Z,33.14,75.13

2026-09-05T05:57:19.588Z,33.16,75.02

2026-09-05T05:57:24.589Z,33.15,75.01

2026-09-05T05:57:29.596Z,33.15,74.97

2026-09-05T05:57:34.606Z,33.13,75.01

2026-09-05T05:57:39.595Z,33.14,75.02

2026-09-05T05:57:44.597Z,33.13,75.02

2026-09-05T05:57:49.607Z,33.15,75.05

2026-09-05T05:57:54.618Z,33.14,75.1

2026-09-05T05:57:59.608Z,33.15,75.07

2026-09-05T05:58:04.606Z,33.14,75.06

2026-09-05T05:58:09.604Z,33.15,75.03

2026-09-05T05:58:14.607Z,33.13,75.05

2026-09-05T05:58:19.624Z,33.14,75.06

2026-09-05T05:58:24.635Z,33.16,75.16

2026-09-05T05:58:29.624Z,33.15,75.04

2026-09-05T05:58:34.621Z,33.13,75.06

2026-09-05T05:58:39.622Z,33.14,75.11

2026-09-05T05:58:44.623Z,33.16,75.02

2026-09-05T05:58:49.632Z,33.17,75.05

2026-09-05T05:58:54.642Z,33.16,75.09

2026-09-05T05:58:59.629Z,33.16,75.04

2026-09-05T05:59:04.629Z,33.18,75.03

2026-09-05T05:59:09.629Z,33.18,74.99

2026-09-05T05:59:14.629Z,33.18,75.08

2026-09-05T05:59:19.644Z,33.18,75.41

2026-09-05T05:59:24.655Z,33.17,75.51

2026-09-05T05:59:29.643Z,33.19,75.26

2026-09-05T05:59:34.642Z,33.17,75.27

2026-09-05T05:59:39.643Z,33.19,75.22

2026-09-05T05:59:44.643Z,33.18,75.12

2026-09-05T05:59:49.653Z,33.2,75.1

2026-09-05T05:59:54.664Z,33.17,75.14

2026-09-05T05:59:59.651Z,33.19,75.12

2026-09-05T06:00:04.650Z,33.2,75.12

2026-09-05T06:00:09.651Z,33.17,75.21

2026-09-05T06:00:14.651Z,33.18,75.19

2026-09-05T06:00:19.656Z,33.17,75.14

2026-09-05T06:00:24.667Z,33.16,75.18

2026-09-05T06:00:29.655Z,33.17,75.08

2026-09-05T06:00:34.653Z,33.16,75.08

2026-09-05T06:00:39.655Z,33.17,75.02

2026-09-05T06:00:44.652Z,33.17,75

2026-09-05T06:00:49.653Z,33.17,74.95

2026-09-05T06:00:54.663Z,33.19,74.97

2026-09-05T06:00:59.654Z,33.17,74.96

2026-09-05T06:01:04.653Z,33.16,74.9

2026-09-05T06:01:09.652Z,33.18,74.88

2026-09-05T06:01:14.655Z,33.16,74.84

2026-09-05T06:01:19.662Z,33.18,74.9

2026-09-05T06:01:24.677Z,33.18,75.02

2026-09-05T06:01:29.661Z,33.18,74.92

2026-09-05T06:01:34.661Z,33.19,74.96

2026-09-05T06:01:39.661Z,33.19,75.03

2026-09-05T06:01:44.663Z,33.17,74.96

2026-09-05T06:01:49.681Z,33.18,75.07

2026-09-05T06:01:54.694Z,33.17,75.17

2026-09-05T06:01:59.678Z,33.16,75.09

2026-09-05T06:02:04.678Z,33.17,75.2

2026-09-05T06:02:09.681Z,33.17,75.06

2026-09-05T06:02:14.680Z,33.17,75.05

2026-09-05T06:02:19.692Z,33.17,75.01

2026-09-05T06:02:24.703Z,33.16,74.95

2026-09-05T06:02:29.690Z,33.17,74.91

2026-09-05T06:02:34.693Z,33.18,74.92

2026-09-05T06:02:39.691Z,33.17,74.92

2026-09-05T06:02:44.691Z,33.18,75.11

2026-09-05T06:02:49.702Z,33.18,75.25

2026-09-05T06:02:54.707Z,33.17,75.35

2026-09-05T06:02:59.697Z,33.18,75.12

2026-09-05T06:03:04.697Z,33.18,75.06

2026-09-05T06:03:09.696Z,33.19,75.07

2026-09-05T06:03:14.700Z,33.18,75.18

2026-09-05T06:03:19.710Z,33.2,75.26

2026-09-05T06:03:24.722Z,33.18,75.19

2026-09-05T06:03:29.709Z,33.17,75.04

2026-09-05T06:03:34.709Z,33.18,75.01

2026-09-05T06:03:39.710Z,33.19,74.95

2026-09-05T06:03:44.710Z,33.19,74.98

2026-09-05T06:03:49.710Z,33.18,74.98

2026-09-05T06:03:54.725Z,33.2,74.93

2026-09-05T06:03:59.710Z,33.19,74.89

2026-09-05T06:04:04.712Z,33.17,74.93

2026-09-05T06:04:09.711Z,33.17,75.03

2026-09-05T06:04:14.712Z,33.19,75.09

2026-09-05T06:04:19.720Z,33.19,75.12

2026-09-05T06:04:24.728Z,33.18,75.14

2026-09-05T06:04:29.719Z,33.2,75.05

2026-09-05T06:04:34.719Z,33.18,75.09

2026-09-05T06:04:39.717Z,33.18,75.01

2026-09-05T06:04:44.718Z,33.18,75

2026-09-05T06:04:49.733Z,33.19,74.97

2026-09-05T06:04:54.728Z,33.19,74.9

2026-09-05T06:04:59.727Z,33.18,74.76

2026-09-05T06:05:04.742Z,33.18,74.72

2026-09-05T06:05:09.727Z,33.17,74.44

2026-09-05T06:05:14.727Z,33.15,74.38

2026-09-05T06:05:19.728Z,33.17,74.27

2026-09-05T06:05:24.729Z,33.17,74.37

2026-09-05T06:05:29.728Z,33.14,74.18

2026-09-05T06:05:34.738Z,33.12,74.02

2026-09-05T06:05:39.733Z,33.13,73.92

2026-09-05T06:05:44.728Z,33.1,73.78

2026-09-05T06:05:49.728Z,33.11,73.88

2026-09-05T06:05:54.729Z,33.09,73.91

2026-09-05T06:05:59.737Z,33.1,74.04

2026-09-05T06:06:04.749Z,33.1,74.04

2026-09-05T06:06:09.735Z,33.1,73.88

2026-09-05T06:06:14.737Z,33.08,73.74

2026-09-05T06:06:19.737Z,33.07,73.83

2026-09-05T06:06:24.738Z,33.05,73.8

2026-09-05T06:06:29.754Z,33.04,73.74

2026-09-05T06:06:34.766Z,33.04,73.63

2026-09-05T06:06:39.752Z,33.02,73.47

2026-09-05T06:06:44.753Z,33.01,73.5

2026-09-05T06:06:49.752Z,33,73.63

2026-09-05T06:06:54.754Z,33,73.65

2026-09-05T06:06:59.770Z,33,73.6

2026-09-05T06:07:04.781Z,32.99,73.63

2026-09-05T06:07:09.769Z,32.97,73.66

2026-09-05T06:07:14.770Z,32.99,73.78

2026-09-05T06:07:19.771Z,32.98,73.74

2026-09-05T06:07:24.771Z,32.97,73.86

2026-09-05T06:07:29.771Z,32.97,73.8

2026-09-05T06:07:34.782Z,32.97,73.91

2026-09-05T06:07:39.772Z,32.96,73.82

2026-09-05T06:07:44.772Z,32.94,73.76

2026-09-05T06:07:49.775Z,32.96,73.78

2026-09-05T06:07:54.773Z,32.94,73.77

2026-09-05T06:07:59.782Z,32.93,73.86

2026-09-05T06:08:04.790Z,32.94,74

2026-09-05T06:08:09.779Z,32.93,74.01

2026-09-05T06:08:14.781Z,32.91,73.95

2026-09-05T06:08:19.780Z,32.91,74.07

2026-09-05T06:08:24.780Z,32.92,74.05

2026-09-05T06:08:29.780Z,32.9,73.9

2026-09-05T06:08:34.793Z,32.9,73.98

2026-09-05T06:08:39.781Z,32.88,73.96

2026-09-05T06:08:44.780Z,32.83,73.9

2026-09-05T06:08:49.780Z,32.85,73.94

2026-09-05T06:08:54.781Z,32.82,73.99

2026-09-05T06:08:59.783Z,32.79,74.1

2026-09-05T06:09:04.797Z,32.78,74.27

2026-09-05T06:09:09.779Z,32.78,74.17

2026-09-05T06:09:14.786Z,32.8,74.29

2026-09-05T06:09:19.784Z,32.78,74.31

2026-09-05T06:09:24.784Z,32.76,74.29

2026-09-05T06:09:29.784Z,32.77,74.32

2026-09-05T06:09:34.800Z,32.75,74.41

2026-09-05T06:09:39.784Z,32.77,74.38

2026-09-05T06:09:44.784Z,32.75,74.43

2026-09-05T06:09:49.785Z,32.75,74.54

2026-09-05T06:09:54.786Z,32.74,74.58

2026-09-05T06:09:59.795Z,32.72,74.55

2026-09-05T06:10:04.804Z,32.74,74.57

2026-09-05T06:10:09.791Z,32.72,74.61

2026-09-05T06:10:14.792Z,32.73,74.62

2026-09-05T06:10:19.794Z,32.73,74.63

2026-09-05T06:10:24.796Z,32.73,74.63

2026-09-05T06:10:29.809Z,32.72,74.64

2026-09-05T06:10:34.821Z,32.72,74.65

2026-09-05T06:10:39.808Z,32.71,74.67

2026-09-05T06:10:44.807Z,32.71,74.68

2026-09-05T06:10:49.809Z,32.69,74.65

2026-09-05T06:10:54.810Z,32.68,74.62

2026-09-05T06:10:59.827Z,32.67,74.73

2026-09-05T06:11:04.838Z,32.65,74.75

2026-09-05T06:11:09.822Z,32.64,74.76

2026-09-05T06:11:14.822Z,32.63,74.87

2026-09-05T06:11:19.822Z,32.63,74.94

2026-09-05T06:11:24.824Z,32.63,74.95

2026-09-05T06:11:29.830Z,32.63,74.98

2026-09-05T06:11:34.838Z,32.6,75.05

2026-09-05T06:11:39.825Z,32.61,75.03

2026-09-05T06:11:44.826Z,32.6,75

2026-09-05T06:11:49.825Z,32.63,75.02

2026-09-05T06:11:54.829Z,32.61,75.04

2026-09-05T06:11:59.839Z,32.63,75.08

2026-09-05T06:12:04.849Z,32.62,75.24

2026-09-05T06:12:09.837Z,32.62,75.14

2026-09-05T06:12:14.838Z,32.61,75.16

2026-09-05T06:12:19.836Z,32.62,75.22

2026-09-05T06:12:24.836Z,32.62,75.25

2026-09-05T06:12:29.843Z,32.63,75.38

2026-09-05T06:12:34.854Z,32.64,75.41

2026-09-05T06:12:39.841Z,32.65,75.42

2026-09-05T06:12:44.841Z,32.64,75.4

2026-09-05T06:12:49.842Z,32.64,75.49

2026-09-05T06:12:54.844Z,32.66,75.58

2026-09-05T06:12:59.873Z,32.66,75.54

2026-09-05T06:13:04.885Z,32.67,75.63

2026-09-05T06:13:09.871Z,32.67,75.63

2026-09-05T06:13:14.872Z,32.69,75.6

2026-09-05T06:13:19.870Z,32.66,75.7

2026-09-05T06:13:24.873Z,32.68,75.75

2026-09-05T06:13:29.872Z,32.71,75.81

2026-09-05T06:13:34.888Z,32.69,75.8

2026-09-05T06:13:39.873Z,32.7,75.79

2026-09-05T06:13:44.873Z,32.71,75.86

2026-09-05T06:13:49.873Z,32.7,75.94

2026-09-05T06:13:54.874Z,32.71,75.98

2026-09-05T06:13:59.876Z,32.73,75.98

2026-09-05T06:14:04.885Z,32.72,76.08

2026-09-05T06:14:09.875Z,32.74,76.07

2026-09-05T06:14:14.874Z,32.74,76.09

2026-09-05T06:14:19.875Z,32.75,76.06

2026-09-05T06:14:24.874Z,32.75,76.07

2026-09-05T06:14:29.876Z,32.77,75.97

2026-09-05T06:14:34.887Z,32.77,75.92

2026-09-05T06:14:39.878Z,32.75,75.84

2026-09-05T06:14:44.878Z,32.76,75.81

2026-09-05T06:14:49.878Z,32.77,75.75

2026-09-05T06:14:54.877Z,32.77,75.83

2026-09-05T06:14:59.878Z,32.77,75.76

2026-09-05T06:15:04.891Z,32.78,75.83

2026-09-05T06:15:09.877Z,32.79,75.78

2026-09-05T06:15:14.877Z,32.78,75.78

2026-09-05T06:15:19.878Z,32.79,75.82

2026-09-05T06:15:24.878Z,32.8,75.87

2026-09-05T06:15:29.880Z,32.79,76

2026-09-05T06:15:34.890Z,32.82,76.14

2026-09-05T06:15:39.880Z,32.84,76.07

2026-09-05T06:15:44.880Z,32.82,76

2026-09-05T06:15:49.879Z,32.83,76.11

2026-09-05T06:15:54.882Z,32.83,76.03

2026-09-05T06:15:59.881Z,32.84,76.03

2026-09-05T06:16:04.897Z,32.84,76.04

2026-09-05T06:16:09.881Z,32.85,75.97

2026-09-05T06:16:14.882Z,32.86,75.98

2026-09-05T06:16:19.880Z,32.88,75.96

2026-09-05T06:16:24.881Z,32.88,75.93

2026-09-05T06:16:29.881Z,32.87,75.91

2026-09-05T06:16:34.894Z,32.87,75.92

2026-09-05T06:16:39.885Z,32.9,75.81

2026-09-05T06:16:44.885Z,32.89,75.78

2026-09-05T06:16:49.886Z,32.89,75.79

2026-09-05T06:16:54.881Z,32.9,75.94

2026-09-05T06:16:59.882Z,32.91,75.85

2026-09-05T06:17:04.903Z,32.9,75.8

2026-09-05T06:17:09.885Z,32.93,75.66

2026-09-05T06:17:14.885Z,32.9,75.51

2026-09-05T06:17:19.885Z,32.91,75.52

2026-09-05T06:17:24.886Z,32.92,75.56

2026-09-05T06:17:29.903Z,32.92,75.54

2026-09-05T06:17:34.911Z,32.93,75.61

2026-09-05T06:17:39.902Z,32.92,75.52

2026-09-05T06:17:44.902Z,32.93,75.58

2026-09-05T06:17:49.902Z,32.93,75.55

2026-09-05T06:17:54.902Z,32.94,75.53

2026-09-05T06:17:59.909Z,32.95,75.55

2026-09-05T06:18:04.923Z,32.92,75.7

2026-09-05T06:18:09.908Z,32.95,75.69

2026-09-05T06:18:14.908Z,32.94,75.77

2026-09-05T06:18:19.908Z,32.95,75.86

2026-09-05T06:18:24.910Z,32.95,75.81

2026-09-05T06:18:29.924Z,32.94,75.43

2026-09-05T06:18:34.933Z,32.91,75.18

2026-09-05T06:18:39.919Z,32.91,74.86

2026-09-05T06:18:44.923Z,32.91,74.69

2026-09-05T06:18:49.923Z,32.92,74.82

2026-09-05T06:18:54.926Z,32.9,74.86

2026-09-05T06:18:59.931Z,32.9,74.67

2026-09-05T06:19:04.946Z,32.9,74.77

2026-09-05T06:19:09.933Z,32.89,74.82

2026-09-05T06:19:14.935Z,32.9,74.83

2026-09-05T06:19:19.933Z,32.91,74.87

2026-09-05T06:19:24.945Z,32.89,74.87

2026-09-05T06:19:29.933Z,32.89,74.87

2026-09-05T06:19:34.934Z,32.87,74.83

2026-09-05T06:19:39.935Z,32.84,74.36

2026-09-05T06:19:44.934Z,32.82,74.29

2026-09-05T06:19:49.934Z,32.82,74.29

2026-09-05T06:19:54.947Z,32.82,74.42

2026-09-05T06:19:59.933Z,32.82,74.47

2026-09-05T06:20:04.932Z,32.81,74.64

2026-09-05T06:20:09.934Z,32.82,74.79

2026-09-05T06:20:14.933Z,32.81,74.98

2026-09-05T06:20:19.934Z,32.84,75.17

2026-09-05T06:20:24.947Z,32.84,75.37

2026-09-05T06:20:29.935Z,32.81,75.54

2026-09-05T06:20:34.937Z,32.8,75.63

2026-09-05T06:20:39.936Z,32.82,75.53

2026-09-05T06:20:44.936Z,32.83,75.57

2026-09-05T06:20:49.947Z,32.83,75.49

2026-09-05T06:20:54.960Z,32.83,75.59

2026-09-05T06:20:59.946Z,32.82,75.6

2026-09-05T06:21:04.944Z,32.83,75.65

2026-09-05T06:21:09.946Z,32.84,75.57

2026-09-05T06:21:14.947Z,32.8,75.4

2026-09-05T06:21:19.951Z,32.81,75.33

2026-09-05T06:21:24.963Z,32.82,75.39

2026-09-05T06:21:29.951Z,32.81,75.34

2026-09-05T06:21:34.951Z,32.81,75.1

2026-09-05T06:21:39.949Z,32.81,75.06

2026-09-05T06:21:44.950Z,32.8,75

2026-09-05T06:21:49.967Z,32.79,75.02

2026-09-05T06:21:54.981Z,32.8,75

2026-09-05T06:21:59.965Z,32.78,75

2026-09-05T06:22:04.965Z,32.76,74.81

2026-09-05T06:22:09.966Z,32.77,74.85

2026-09-05T06:22:14.966Z,32.76,75.02

2026-09-05T06:22:19.981Z,32.76,75.12

2026-09-05T06:22:24.997Z,32.77,75.16

2026-09-05T06:22:29.979Z,32.76,75.26

2026-09-05T06:22:34.982Z,32.75,75.18

2026-09-05T06:22:39.982Z,32.77,75.09

2026-09-05T06:22:44.983Z,32.75,75.04

2026-09-05T06:22:49.986Z,32.75,75.05

2026-09-05T06:22:55.003Z,32.76,75.01

2026-09-05T06:22:59.984Z,32.74,74.95

2026-09-05T06:23:04.986Z,32.76,74.88

2026-09-05T06:23:09.987Z,32.76,74.87

2026-09-05T06:23:14.988Z,32.77,74.83

2026-09-05T06:23:19.989Z,32.78,74.78

2026-09-05T06:23:25.002Z,32.76,74.77

2026-09-05T06:23:29.987Z,32.74,74.69

2026-09-05T06:23:34.989Z,32.76,74.68

2026-09-05T06:23:39.988Z,32.76,74.77

2026-09-05T06:23:44.988Z,32.78,74.86

2026-09-05T06:23:49.990Z,32.78,74.97

2026-09-05T06:23:55.004Z,32.78,75.11

2026-09-05T06:23:59.989Z,32.77,75.18

2026-09-05T06:24:04.990Z,32.77,75.33

2026-09-05T06:24:09.994Z,32.77,75.34

2026-09-05T06:24:15.009Z,32.78,75.47

2026-09-05T06:24:19.998Z,32.78,75.33

2026-09-05T06:24:24.994Z,32.78,75.23

2026-09-05T06:24:29.996Z,32.8,75.18

2026-09-05T06:24:35.010Z,32.79,75.2

2026-09-05T06:24:39.993Z,32.77,75.08

2026-09-05T06:24:44.995Z,32.8,75.07

2026-09-05T06:24:49.994Z,32.79,75.05

2026-09-05T06:24:54.997Z,32.81,75.07

2026-09-05T06:24:59.999Z,32.79,75.03

2026-09-05T06:25:05.011Z,32.81,75.09

2026-09-05T06:25:09.998Z,32.82,75.04

2026-09-05T06:25:14.999Z,32.82,75.03

2026-09-05T06:25:19.996Z,32.81,74.99

2026-09-05T06:25:24.998Z,32.82,74.89

2026-09-05T06:25:30.014Z,32.84,74.88

2026-09-05T06:25:35.027Z,32.84,74.79

2026-09-05T06:25:40.012Z,32.85,74.85

2026-09-05T06:25:45.013Z,32.86,74.78

2026-09-05T06:25:50.014Z,32.85,74.74

2026-09-05T06:25:55.016Z,32.88,74.72

2026-09-05T06:26:00.029Z,32.87,74.7

2026-09-05T06:26:05.040Z,32.86,74.7

2026-09-05T06:26:10.028Z,32.87,74.69

2026-09-05T06:26:15.028Z,32.87,74.68

2026-09-05T06:26:20.028Z,32.88,74.6

2026-09-05T06:26:25.030Z,32.89,74.67

2026-09-05T06:26:30.046Z,32.9,74.6

2026-09-05T06:26:35.060Z,32.9,74.7

2026-09-05T06:26:40.044Z,32.9,74.73

2026-09-05T06:26:45.043Z,32.9,74.63

2026-09-05T06:26:50.042Z,32.92,74.56

2026-09-05T06:26:55.045Z,32.91,74.61

2026-09-05T06:27:00.047Z,32.93,74.57

2026-09-05T06:27:05.061Z,32.91,74.65

2026-09-05T06:27:10.044Z,32.94,74.57

2026-09-05T06:27:15.045Z,32.94,74.59

2026-09-05T06:27:20.046Z,32.92,74.75

2026-09-05T06:27:25.049Z,32.94,74.66

2026-09-05T06:27:30.048Z,32.93,74.74

2026-09-05T06:27:35.062Z,32.94,74.75

2026-09-05T06:27:40.047Z,32.96,74.68

2026-09-05T06:27:45.051Z,32.96,74.69

2026-09-05T06:27:50.048Z,32.95,74.69

2026-09-05T06:27:55.052Z,32.94,74.61

2026-09-05T06:28:00.062Z,32.95,74.64

2026-09-05T06:28:05.075Z,32.94,74.63

2026-09-05T06:28:10.063Z,32.95,74.63

2026-09-05T06:28:15.063Z,32.94,74.55

2026-09-05T06:28:20.062Z,32.96,74.52

2026-09-05T06:28:25.061Z,32.95,74.43

2026-09-05T06:28:30.071Z,32.94,74.43

2026-09-05T06:28:35.079Z,32.93,74.46

2026-09-05T06:28:40.067Z,32.93,74.41

2026-09-05T06:28:45.072Z,32.93,74.53

2026-09-05T06:28:50.078Z,32.91,74.44

2026-09-05T06:28:55.090Z,32.94,74.42

2026-09-05T06:29:00.077Z,32.94,74.35

2026-09-05T06:29:05.077Z,32.94,74.36

2026-09-05T06:29:10.078Z,32.92,74.14

2026-09-05T06:29:15.077Z,32.91,73.96

2026-09-05T06:29:20.083Z,32.93,73.96

2026-09-05T06:29:25.092Z,32.92,74.13

2026-09-05T06:29:30.081Z,32.9,74.21

2026-09-05T06:29:35.081Z,32.92,74.24

2026-09-05T06:29:40.105Z,32.91,74.32

2026-09-05T06:29:45.096Z,32.89,74.34

2026-09-05T06:29:50.097Z,32.9,74.42

2026-09-05T06:29:55.098Z,32.91,74.46

2026-09-05T06:30:00.099Z,32.91,74.48

2026-09-05T06:30:05.111Z,32.91,74.38

2026-09-05T06:30:10.099Z,32.9,74.36

2026-09-05T06:30:15.100Z,32.89,74.34

2026-09-05T06:30:20.101Z,32.88,74.29

2026-09-05T06:30:25.101Z,32.86,74.19

2026-09-05T06:30:30.100Z,32.89,74.06

2026-09-05T06:30:35.113Z,32.89,74.14

2026-09-05T06:30:40.101Z,32.88,74.19

2026-09-05T06:30:45.103Z,32.88,74.16

2026-09-05T06:30:50.103Z,32.9,74.13

2026-09-05T06:30:55.102Z,32.88,74.19

2026-09-05T06:31:00.101Z,32.9,74.2

2026-09-05T06:31:05.114Z,32.86,74.28

2026-09-05T06:31:10.101Z,32.86,74.34

2026-09-05T06:31:15.102Z,32.86,74.26

2026-09-05T06:31:20.102Z,32.87,74.01

2026-09-05T06:31:25.102Z,32.87,74.07

2026-09-05T06:31:30.102Z,32.87,74.14

2026-09-05T06:31:35.118Z,32.87,74.09

2026-09-05T06:31:40.106Z,32.86,73.97

2026-09-05T06:31:45.106Z,32.86,73.94

2026-09-05T06:31:50.107Z,32.85,73.85

2026-09-05T06:31:55.107Z,32.85,73.84

2026-09-05T06:32:00.109Z,32.85,73.88

2026-09-05T06:32:05.120Z,32.86,73.95

2026-09-05T06:32:10.109Z,32.85,74.02

2026-09-05T06:32:15.108Z,32.86,74.19

2026-09-05T06:32:20.108Z,32.86,74.31

2026-09-05T06:32:25.107Z,32.87,74.35

2026-09-05T06:32:30.112Z,32.86,74.48

2026-09-05T06:32:35.127Z,32.85,74.52

2026-09-05T06:32:40.112Z,32.86,74.36

2026-09-05T06:32:45.112Z,32.88,74.24

2026-09-05T06:32:50.112Z,32.86,74.21

2026-09-05T06:32:55.114Z,32.87,74.18

2026-09-05T06:33:00.120Z,32.86,74.16

2026-09-05T06:33:05.130Z,32.86,74.23

2026-09-05T06:33:10.117Z,32.84,74.13

2026-09-05T06:33:15.120Z,32.84,74.06

2026-09-05T06:33:20.135Z,32.84,74.06

2026-09-05T06:33:25.144Z,32.86,74.01

2026-09-05T06:33:30.134Z,32.85,73.98

2026-09-05T06:33:35.135Z,32.84,74

2026-09-05T06:33:40.137Z,32.86,73.91

2026-09-05T06:33:45.134Z,32.85,73.9

2026-09-05T06:33:50.150Z,32.84,73.84

2026-09-05T06:33:55.163Z,32.83,73.73

2026-09-05T06:34:00.151Z,32.82,73.72

2026-09-05T06:34:05.150Z,32.82,73.7

2026-09-05T06:34:10.152Z,32.83,73.74

2026-09-05T06:34:15.151Z,32.83,73.69

2026-09-05T06:34:20.164Z,32.83,73.69

2026-09-05T06:34:25.174Z,32.83,73.66

2026-09-05T06:34:30.161Z,32.82,73.65

2026-09-05T06:34:35.163Z,32.83,73.7

2026-09-05T06:34:40.164Z,32.82,73.73

2026-09-05T06:34:45.163Z,32.83,73.69

2026-09-05T06:34:50.164Z,32.81,73.75

2026-09-05T06:34:55.178Z,32.78,73.68

2026-09-05T06:35:00.163Z,32.81,73.59

2026-09-05T06:35:05.164Z,32.81,73.57

2026-09-05T06:35:10.164Z,32.78,73.63

2026-09-05T06:35:15.167Z,32.8,73.65

2026-09-05T06:35:20.180Z,32.79,73.43

2026-09-05T06:35:25.194Z,32.78,73.34

2026-09-05T06:35:30.172Z,32.81,73.28

2026-09-05T06:35:35.176Z,32.79,73.29

2026-09-05T06:35:40.178Z,32.8,73.26

2026-09-05T06:35:45.176Z,32.78,73.24

2026-09-05T06:35:50.186Z,32.78,73.04

2026-09-05T06:35:55.198Z,32.8,73.13

2026-09-05T06:36:00.187Z,32.8,73.21

2026-09-05T06:36:05.184Z,32.79,73.24

2026-09-05T06:36:10.185Z,32.79,73.16

2026-09-05T06:36:15.187Z,32.79,73.17

2026-09-05T06:36:20.191Z,32.77,73.25

2026-09-05T06:36:25.206Z,32.79,73.38

2026-09-05T06:36:30.190Z,32.8,73.44

2026-09-05T06:36:35.190Z,32.79,73.22

2026-09-05T06:36:40.191Z,32.8,73.21

2026-09-05T06:36:45.193Z,32.79,73.09

2026-09-05T06:36:50.209Z,32.77,72.94

2026-09-05T06:36:55.218Z,32.77,72.99

2026-09-05T06:37:00.210Z,32.76,72.92

2026-09-05T06:37:05.207Z,32.77,72.96

2026-09-05T06:37:10.210Z,32.77,72.98

2026-09-05T06:37:15.210Z,32.74,73.03

2026-09-05T06:37:20.210Z,32.76,73.08

2026-09-05T06:37:25.224Z,32.76,73.1

2026-09-05T06:37:30.212Z,32.76,73.1

2026-09-05T06:37:35.212Z,32.77,73.21

2026-09-05T06:37:40.211Z,32.78,73.24

2026-09-05T06:37:45.209Z,32.79,73.36

2026-09-05T06:37:50.219Z,32.78,73.45

2026-09-05T06:37:55.232Z,32.78,73.63

2026-09-05T06:38:00.219Z,32.79,73.65

2026-09-05T06:38:05.218Z,32.78,73.75

2026-09-05T06:38:10.218Z,32.79,73.7

2026-09-05T06:38:15.219Z,32.8,73.66

2026-09-05T06:38:20.221Z,32.79,73.75

2026-09-05T06:38:25.232Z,32.78,74.04

2026-09-05T06:38:30.219Z,32.81,74.11

2026-09-05T06:38:35.220Z,32.82,74.11

2026-09-05T06:38:40.220Z,32.81,74.08

2026-09-05T06:38:45.232Z,32.82,74.13

2026-09-05T06:38:50.221Z,32.82,74.07

2026-09-05T06:38:55.220Z,32.81,74.21

2026-09-05T06:39:00.220Z,32.84,74.17

2026-09-05T06:39:05.222Z,32.83,74.22

2026-09-05T06:39:10.238Z,32.86,74.22

2026-09-05T06:39:15.233Z,32.85,74.17

2026-09-05T06:39:20.234Z,32.84,74.16

2026-09-05T06:39:25.237Z,32.84,74.09

2026-09-05T06:39:30.237Z,32.84,74.18

2026-09-05T06:39:35.249Z,32.84,74.35

2026-09-05T06:39:40.233Z,32.83,74.03

2026-09-05T06:39:45.233Z,32.83,73.88

2026-09-05T06:39:50.233Z,32.83,73.76

2026-09-05T06:39:55.235Z,32.85,73.68

2026-09-05T06:40:00.234Z,32.83,73.64

2026-09-05T06:40:05.254Z,32.81,73.54

2026-09-05T06:40:10.236Z,32.83,73.42

2026-09-05T06:40:15.239Z,32.83,73.41

2026-09-05T06:40:20.237Z,32.84,73.49

2026-09-05T06:40:25.236Z,32.85,73.33

2026-09-05T06:40:30.241Z,32.84,73.31

2026-09-05T06:40:35.255Z,32.84,73.37

2026-09-05T06:40:40.241Z,32.86,73.5

2026-09-05T06:40:45.240Z,32.84,73.46

2026-09-05T06:40:50.242Z,32.81,73.3

2026-09-05T06:40:55.241Z,32.81,73.21

2026-09-05T06:41:00.255Z,32.82,73.15

2026-09-05T06:41:05.265Z,32.81,73.15

2026-09-05T06:41:10.252Z,32.82,73.03

2026-09-05T06:41:15.254Z,32.82,73.11

2026-09-05T06:41:20.254Z,32.82,73.08

2026-09-05T06:41:25.255Z,32.82,72.97

2026-09-05T06:41:30.265Z,32.8,72.9

2026-09-05T06:41:35.274Z,32.8,72.94

2026-09-05T06:41:40.261Z,32.81,72.88

2026-09-05T06:41:45.265Z,32.79,72.97

2026-09-05T06:41:50.263Z,32.82,72.85

2026-09-05T06:41:55.266Z,32.81,72.74

2026-09-05T06:42:00.283Z,32.81,72.69

2026-09-05T06:42:05.290Z,32.81,72.68

2026-09-05T06:42:10.279Z,32.81,72.66

2026-09-05T06:42:15.280Z,32.81,72.71

2026-09-05T06:42:20.282Z,32.8,72.74

2026-09-05T06:42:25.278Z,32.81,72.53

2026-09-05T06:42:30.282Z,32.79,72.5

2026-09-05T06:42:35.290Z,32.77,72.58

2026-09-05T06:42:40.282Z,32.81,72.52

2026-09-05T06:42:45.281Z,32.79,72.56

2026-09-05T06:42:50.282Z,32.78,72.47

2026-09-05T06:42:55.282Z,32.77,72.42

2026-09-05T06:43:00.291Z,32.79,72.53

2026-09-05T06:43:05.296Z,32.77,72.58

2026-09-05T06:43:10.284Z,32.78,72.53

2026-09-05T06:43:15.286Z,32.76,72.65

2026-09-05T06:43:20.285Z,32.77,72.71

2026-09-05T06:43:25.287Z,32.77,72.8

2026-09-05T06:43:30.303Z,32.78,72.92

2026-09-05T06:43:35.313Z,32.76,72.9

2026-09-05T06:43:40.303Z,32.76,72.9

2026-09-05T06:43:45.305Z,32.78,73

2026-09-05T06:43:50.303Z,32.78,73.05

2026-09-05T06:43:55.304Z,32.76,73.12

2026-09-05T06:44:00.314Z,32.79,73.25

2026-09-05T06:44:05.326Z,32.78,73.48

2026-09-05T06:44:10.312Z,32.79,73.48

2026-09-05T06:44:15.313Z,32.79,73.42

2026-09-05T06:44:20.315Z,32.79,73.33

2026-09-05T06:44:25.314Z,32.78,73.34

2026-09-05T06:44:30.320Z,32.8,73.15

2026-09-05T06:44:35.329Z,32.79,73.17

2026-09-05T06:44:40.320Z,32.8,73.07

2026-09-05T06:44:45.319Z,32.82,73.07

2026-09-05T06:44:50.320Z,32.8,73.13

2026-09-05T06:44:55.318Z,32.81,73.16

2026-09-05T06:45:00.329Z,32.81,73.18

2026-09-05T06:45:05.343Z,32.81,73.23

2026-09-05T06:45:10.329Z,32.8,73.2

2026-09-05T06:45:15.330Z,32.8,73.16

2026-09-05T06:45:20.328Z,32.82,73.17

2026-09-05T06:45:25.329Z,32.83,73.14

2026-09-05T06:45:30.332Z,32.81,73.17

2026-09-05T06:45:35.346Z,32.82,73.22

2026-09-05T06:45:40.331Z,32.79,73.26

2026-09-05T06:45:45.333Z,32.82,73.27

2026-09-05T06:45:50.333Z,32.8,73.25

2026-09-05T06:45:55.346Z,32.77,73.32

2026-09-05T06:46:00.334Z,32.77,73.32

2026-09-05T06:46:05.333Z,32.78,73.34

2026-09-05T06:46:10.333Z,32.79,73.31

2026-09-05T06:46:15.332Z,32.78,73.33

2026-09-05T06:46:20.332Z,32.78,73.27

2026-09-05T06:46:25.343Z,32.78,73.26

2026-09-05T06:46:30.337Z,32.76,73.18

2026-09-05T06:46:35.336Z,32.77,73.18

2026-09-05T06:46:40.335Z,32.78,73.21

2026-09-05T06:46:45.336Z,32.8,73.13

2026-09-05T06:46:50.343Z,32.77,73.16

2026-09-05T06:46:55.358Z,32.76,73.12

2026-09-05T06:47:00.347Z,32.77,73.04

2026-09-05T06:47:05.344Z,32.77,73.08

2026-09-05T06:47:10.341Z,32.76,73.14

2026-09-05T06:47:15.355Z,32.75,73.08

2026-09-05T06:47:20.343Z,32.76,73.09

2026-09-05T06:47:25.345Z,32.76,73.03

2026-09-05T06:47:30.342Z,32.76,73.04

2026-09-05T06:47:35.342Z,32.79,73.09

2026-09-05T06:47:40.344Z,32.79,73.12

2026-09-05T06:47:45.356Z,32.77,73.12

2026-09-05T06:47:50.344Z,32.78,73.1

2026-09-05T06:47:55.344Z,32.77,73.12

2026-09-05T06:48:00.346Z,32.79,73.11

2026-09-05T06:48:05.347Z,32.77,73.1

2026-09-05T06:48:10.353Z,32.78,73.09

2026-09-05T06:48:15.365Z,32.78,73.13

2026-09-05T06:48:20.350Z,32.77,73.15

2026-09-05T06:48:25.352Z,32.8,73.19

2026-09-05T06:48:30.353Z,32.78,73.12

2026-09-05T06:48:35.352Z,32.8,73.17

2026-09-05T06:48:40.358Z,32.78,73.15

2026-09-05T06:48:45.370Z,32.78,73.26

2026-09-05T06:48:50.362Z,32.79,73.27

2026-09-05T06:48:55.361Z,32.78,73.21

2026-09-05T06:49:00.359Z,32.77,73.24

2026-09-05T06:49:05.360Z,32.78,73.27

2026-09-05T06:49:10.361Z,32.77,73.26

2026-09-05T06:49:15.373Z,32.77,73.39

2026-09-05T06:49:20.360Z,32.79,73.36

2026-09-05T06:49:25.362Z,32.77,73.42

2026-09-05T06:49:30.362Z,32.78,73.33

2026-09-05T06:49:35.363Z,32.77,73.37

2026-09-05T06:49:40.370Z,32.77,73.3

2026-09-05T06:49:45.382Z,32.76,73.38

2026-09-05T06:49:50.370Z,32.77,73.32

2026-09-05T06:49:55.370Z,32.77,73.28

2026-09-05T06:50:00.369Z,32.79,73.2

2026-09-05T06:50:05.369Z,32.79,73.17

2026-09-05T06:50:10.391Z,32.78,73.18

2026-09-05T06:50:15.400Z,32.77,73.24

2026-09-05T06:50:20.389Z,32.78,73.2

2026-09-05T06:50:25.388Z,32.8,73.2

2026-09-05T06:50:30.390Z,32.78,73.04

2026-09-05T06:50:35.391Z,32.79,72.98

2026-09-05T06:50:40.395Z,32.79,72.93

2026-09-05T06:50:45.406Z,32.77,73.01

2026-09-05T06:50:50.392Z,32.78,72.93

2026-09-05T06:50:55.394Z,32.78,72.83

2026-09-05T06:51:00.394Z,32.79,72.87

2026-09-05T06:51:05.392Z,32.76,72.88

2026-09-05T06:51:10.400Z,32.77,72.88

2026-09-05T06:51:15.409Z,32.78,72.97

2026-09-05T06:51:20.397Z,32.78,72.84

2026-09-05T06:51:25.399Z,32.77,72.87

2026-09-05T06:51:30.398Z,32.77,72.53

2026-09-05T06:51:35.400Z,32.76,72.43

2026-09-05T06:51:40.414Z,32.76,72.46

2026-09-05T06:51:45.427Z,32.75,72.47

2026-09-05T06:51:50.414Z,32.75,72.31

2026-09-05T06:51:55.412Z,32.72,72.31

2026-09-05T06:52:00.413Z,32.75,72.13

2026-09-05T06:52:05.412Z,32.73,72.08

2026-09-05T06:52:10.428Z,32.74,72.13

2026-09-05T06:52:15.439Z,32.72,72.3

2026-09-05T06:52:20.425Z,32.76,72.45

2026-09-05T06:52:25.427Z,32.74,72.4

2026-09-05T06:52:30.426Z,32.71,72.28

2026-09-05T06:52:35.426Z,32.71,72.19

2026-09-05T06:52:40.430Z,32.73,72.1

2026-09-05T06:52:45.441Z,32.72,72.12

2026-09-05T06:52:50.428Z,32.73,72.14

2026-09-05T06:52:55.428Z,32.73,72.16

2026-09-05T06:53:00.431Z,32.73,72.22

2026-09-05T06:53:05.430Z,32.71,72.01

2026-09-05T06:53:10.431Z,32.74,71.97

2026-09-05T06:53:15.442Z,32.73,71.92

2026-09-05T06:53:20.429Z,32.72,71.93

2026-09-05T06:53:25.430Z,32.71,71.94

2026-09-05T06:53:30.430Z,32.71,71.95

2026-09-05T06:53:35.431Z,32.72,71.9

2026-09-05T06:53:40.447Z,32.71,71.93

2026-09-05T06:53:45.456Z,32.71,71.87

2026-09-05T06:53:50.444Z,32.72,71.78

2026-09-05T06:53:55.445Z,32.72,71.73

2026-09-05T06:54:00.446Z,32.72,71.73

2026-09-05T06:54:05.447Z,32.72,71.66

2026-09-05T06:54:10.463Z,32.71,71.67

2026-09-05T06:54:15.468Z,32.72,71.62

2026-09-05T06:54:20.460Z,32.71,71.65

2026-09-05T06:54:25.465Z,32.68,71.57

2026-09-05T06:54:30.463Z,32.71,71.44

2026-09-05T06:54:35.463Z,32.69,71.37

2026-09-05T06:54:40.472Z,32.7,71.48

2026-09-05T06:54:45.483Z,32.68,71.51

2026-09-05T06:54:50.471Z,32.69,71.49

2026-09-05T06:54:55.471Z,32.67,71.52

2026-09-05T06:55:00.471Z,32.68,71.49

2026-09-05T06:55:05.470Z,32.67,71.49

2026-09-05T06:55:10.475Z,32.68,71.58

2026-09-05T06:55:15.487Z,32.67,71.57

2026-09-05T06:55:20.474Z,32.68,71.52

2026-09-05T06:55:25.474Z,32.67,71.58

2026-09-05T06:55:30.475Z,32.68,71.56

2026-09-05T06:55:35.476Z,32.67,71.57

2026-09-05T06:55:40.476Z,32.65,71.72

2026-09-05T06:55:45.487Z,32.67,71.79

2026-09-05T06:55:50.474Z,32.65,71.76

2026-09-05T06:55:55.472Z,32.66,71.84

2026-09-05T06:56:00.474Z,32.66,71.84

2026-09-05T06:56:05.474Z,32.68,71.83

2026-09-05T06:56:10.475Z,32.67,71.92

2026-09-05T06:56:15.488Z,32.66,71.93

2026-09-05T06:56:20.474Z,32.67,71.88

2026-09-05T06:56:25.474Z,32.67,71.9

2026-09-05T06:56:30.474Z,32.66,71.92

2026-09-05T06:56:35.475Z,32.67,71.94

2026-09-05T06:56:40.479Z,32.7,71.96

2026-09-05T06:56:45.491Z,32.69,72

2026-09-05T06:56:50.480Z,32.7,71.96

2026-09-05T06:56:55.478Z,32.69,71.97

2026-09-05T06:57:00.479Z,32.7,71.99

2026-09-05T06:57:05.480Z,32.69,72

2026-09-05T06:57:10.495Z,32.71,72.11

2026-09-05T06:57:15.503Z,32.69,72.3

2026-09-05T06:57:20.492Z,32.72,72.34

2026-09-05T06:57:25.490Z,32.71,72.36

2026-09-05T06:57:30.490Z,32.73,72.37

2026-09-05T06:57:35.491Z,32.72,72.39

2026-09-05T06:57:40.497Z,32.74,72.35

2026-09-05T06:57:45.508Z,32.74,72.44

2026-09-05T06:57:50.498Z,32.74,72.46

2026-09-05T06:57:55.502Z,32.73,72.53

2026-09-05T06:58:00.501Z,32.76,72.46

2026-09-05T06:58:05.500Z,32.77,72.44

2026-09-05T06:58:10.511Z,32.75,72.29

2026-09-05T06:58:15.522Z,32.75,72.27

2026-09-05T06:58:20.509Z,32.75,72.22

2026-09-05T06:58:25.510Z,32.77,72.19

2026-09-05T06:58:30.510Z,32.76,72.11

2026-09-05T06:58:35.512Z,32.75,72.09

2026-09-05T06:58:40.532Z,32.75,72.13

2026-09-05T06:58:45.545Z,32.76,72.15

2026-09-05T06:58:50.531Z,32.77,72.14

2026-09-05T06:58:55.532Z,32.75,72.1

2026-09-05T06:59:00.532Z,32.75,72.17

2026-09-05T06:59:05.533Z,32.78,72.2

2026-09-05T06:59:10.545Z,32.75,72.17

2026-09-05T06:59:15.553Z,32.74,72.17

2026-09-05T06:59:20.542Z,32.73,72.15

2026-09-05T06:59:25.542Z,32.74,72.15

2026-09-05T06:59:30.544Z,32.76,72.22

2026-09-05T06:59:35.541Z,32.76,72.4

2026-09-05T06:59:40.552Z,32.77,72.44

2026-09-05T06:59:45.564Z,32.74,72.5

2026-09-05T06:59:50.551Z,32.75,72.41

2026-09-05T06:59:55.551Z,32.76,72.39

2026-09-05T07:00:00.551Z,32.75,72.37

2026-09-05T07:00:05.552Z,32.78,72.39

2026-09-05T07:00:10.560Z,32.76,72.31

2026-09-05T07:00:15.568Z,32.76,72.39

2026-09-05T07:00:20.557Z,32.75,72.34

2026-09-05T07:00:25.560Z,32.74,72.39

2026-09-05T07:00:30.560Z,32.74,72.44

2026-09-05T07:00:35.560Z,32.74,72.5

2026-09-05T07:00:40.558Z,32.74,72.48

2026-09-05T07:00:45.571Z,32.76,72.51

2026-09-05T07:00:50.558Z,32.75,72.54

2026-09-05T07:00:55.560Z,32.74,72.47

2026-09-05T07:01:00.560Z,32.75,72.54

2026-09-05T07:01:05.561Z,32.75,72.57

2026-09-05T07:01:10.560Z,32.74,72.56

2026-09-05T07:01:15.573Z,32.73,72.55

2026-09-05T07:01:20.559Z,32.74,72.41

2026-09-05T07:01:25.562Z,32.74,72.3

2026-09-05T07:01:30.564Z,32.73,72.36

2026-09-05T07:01:35.563Z,32.72,72.38

2026-09-05T07:01:40.564Z,32.72,72.45

2026-09-05T07:01:45.575Z,32.69,72.39

2026-09-05T07:01:50.566Z,32.72,72.47

2026-09-05T07:01:55.567Z,32.7,72.52

2026-09-05T07:02:00.567Z,32.69,72.41

2026-09-05T07:02:05.567Z,32.68,72.35

2026-09-05T07:02:10.570Z,32.68,72.35

2026-09-05T07:02:15.584Z,32.68,72.32

2026-09-05T07:02:20.572Z,32.66,72.34

2026-09-05T07:02:25.573Z,32.66,72.26

2026-09-05T07:02:30.572Z,32.62,72.22

2026-09-05T07:02:35.574Z,32.63,72.18

2026-09-05T07:02:40.576Z,32.63,72.27

2026-09-05T07:02:45.590Z,32.62,72.37

2026-09-05T07:02:50.575Z,32.66,72.45

2026-09-05T07:02:55.578Z,32.64,72.44

2026-09-05T07:03:00.576Z,32.65,72.53

2026-09-05T07:03:05.576Z,32.64,72.62

2026-09-05T07:03:10.583Z,32.65,72.61

2026-09-05T07:03:15.594Z,32.62,72.65

2026-09-05T07:03:20.582Z,32.64,72.55

2026-09-05T07:03:25.584Z,32.65,72.57

2026-09-05T07:03:30.582Z,32.63,72.54

2026-09-05T07:03:35.583Z,32.63,72.6

2026-09-05T07:03:40.596Z,32.66,72.58

2026-09-05T07:03:45.610Z,32.65,72.68

2026-09-05T07:03:50.594Z,32.65,72.67

2026-09-05T07:03:55.597Z,32.65,72.78

2026-09-05T07:04:00.596Z,32.65,73.01

2026-09-05T07:04:05.597Z,32.66,75.92

2026-09-05T07:04:10.597Z,32.65,76.25

2026-09-05T07:04:15.613Z,32.65,77.67

2026-09-05T07:04:20.599Z,32.65,78.67

2026-09-05T07:04:25.598Z,32.65,76.59

2026-09-05T07:04:30.598Z,32.65,75.8

2026-09-05T07:04:35.599Z,32.66,75.58

2026-09-05T07:04:40.611Z,32.67,75.43

2026-09-05T07:04:45.624Z,32.68,75.29

2026-09-05T07:04:50.610Z,32.69,75.16

2026-09-05T07:04:55.610Z,32.7,75.16

2026-09-05T07:05:00.610Z,32.69,74.96

2026-09-05T07:05:05.608Z,32.72,74.73

2026-09-05T07:05:10.626Z,32.71,74.41

2026-09-05T07:05:15.633Z,32.7,74.19

2026-09-05T07:05:20.623Z,32.72,74.13

2026-09-05T07:05:25.623Z,32.72,74.25

2026-09-05T07:05:30.627Z,32.73,74.12

2026-09-05T07:05:35.626Z,32.7,73.97

2026-09-05T07:05:40.635Z,32.73,73.88

2026-09-05T07:05:45.645Z,32.74,74.4

2026-09-05T07:05:50.635Z,32.71,74.7

2026-09-05T07:05:55.634Z,32.74,74.58

2026-09-05T07:06:00.633Z,32.73,74.22

2026-09-05T07:06:05.636Z,32.75,73.92

2026-09-05T07:06:10.638Z,32.75,73.8

2026-09-05T07:06:15.650Z,32.76,73.83

2026-09-05T07:06:20.635Z,32.75,74.09

2026-09-05T07:06:25.638Z,32.76,76.66

2026-09-05T07:06:30.638Z,32.77,78.31

2026-09-05T07:06:35.637Z,32.8,78.41

2026-09-05T07:06:40.648Z,32.8,79

2026-09-05T07:06:45.657Z,32.79,78.37

2026-09-05T07:06:50.645Z,32.79,77.33

2026-09-05T07:06:55.646Z,32.79,76.51

2026-09-05T07:07:00.647Z,32.81,75.94

2026-09-05T07:07:05.646Z,32.8,75.72

2026-09-05T07:07:10.658Z,32.81,76.55

2026-09-05T07:07:15.671Z,32.82,78.02

2026-09-05T07:07:20.658Z,32.83,80.68

2026-09-05T07:07:25.657Z,32.82,82.11

2026-09-05T07:07:30.655Z,32.85,83.89

2026-09-05T07:07:35.657Z,32.85,85.41

2026-09-05T07:07:40.663Z,32.85,85.3

2026-09-05T07:07:45.673Z,32.86,84.46

2026-09-05T07:07:50.661Z,32.87,82.94

2026-09-05T07:07:55.664Z,32.87,81.38

2026-09-05T07:08:00.663Z,32.85,81.05

2026-09-05T07:08:05.665Z,32.88,83.01

2026-09-05T07:08:10.673Z,32.87,85.26

2026-09-05T07:08:15.688Z,32.89,85.27

2026-09-05T07:08:20.674Z,32.9,83.85

2026-09-05T07:08:25.672Z,32.89,83.07

2026-09-05T07:08:30.673Z,32.89,83.02

2026-09-05T07:08:35.672Z,32.91,84.08

2026-09-05T07:08:40.672Z,32.9,84.98

2026-09-05T07:08:45.681Z,32.9,85.63

2026-09-05T07:08:50.673Z,32.93,86.13

2026-09-05T07:08:55.675Z,32.95,87.43

2026-09-05T07:09:00.674Z,32.93,87.87

2026-09-05T07:09:05.675Z,32.97,88.25

2026-09-05T07:09:10.679Z,32.97,89.11

2026-09-05T07:09:15.694Z,32.96,89.81

2026-09-05T07:09:20.678Z,32.97,89.77

2026-09-05T07:09:25.679Z,32.99,89.66

2026-09-05T07:09:30.678Z,32.98,89.79

2026-09-05T07:09:35.678Z,33,91.33

2026-09-05T07:09:40.689Z,33,91.97

2026-09-05T07:09:45.698Z,33,91.39

2026-09-05T07:09:50.689Z,33.01,90.15

2026-09-05T07:09:55.688Z,33.02,90.19

2026-09-05T07:10:00.688Z,33.04,90.48

2026-09-05T07:10:05.689Z,33.04,91.04

2026-09-05T07:10:10.694Z,33.06,91.34

2026-09-05T07:10:15.706Z,33.06,91.95

2026-09-05T07:10:20.694Z,33.07,92.79

2026-09-05T07:10:25.695Z,33.08,93.05

2026-09-05T07:10:30.694Z,33.08,92.97

2026-09-05T07:10:35.695Z,33.07,93.05

2026-09-05T07:10:40.705Z,33.09,93.12

2026-09-05T07:10:45.718Z,33.08,92.57

2026-09-05T07:10:50.705Z,33.08,90.76

2026-09-05T07:10:55.707Z,33.08,89.35

2026-09-05T07:11:00.706Z,33.07,88.41

2026-09-05T07:11:05.705Z,33.09,87.37

2026-09-05T07:11:10.712Z,33.09,86.44

2026-09-05T07:11:15.724Z,33.08,86.47

2026-09-05T07:11:20.710Z,33.1,86.44

2026-09-05T07:11:25.711Z,33.11,86.69

2026-09-05T07:11:30.711Z,33.11,87.15

2026-09-05T07:11:35.710Z,33.1,87.15

2026-09-05T07:11:40.726Z,33.11,86.24

2026-09-05T07:11:45.719Z,33.11,85.65

2026-09-05T07:11:50.719Z,33.11,85.35

2026-09-05T07:11:55.719Z,33.11,85.21

2026-09-05T07:12:00.717Z,33.13,84.86

2026-09-05T07:12:05.734Z,33.12,84.37

2026-09-05T07:12:10.719Z,33.11,84.06

2026-09-05T07:12:15.720Z,33.11,83.44

2026-09-05T07:12:20.720Z,33.1,82.6

2026-09-05T07:12:25.721Z,33.11,82.63

2026-09-05T07:12:30.722Z,33.13,83.28

2026-09-05T07:12:35.736Z,33.13,83.4

2026-09-05T07:12:40.722Z,33.15,83.08

2026-09-05T07:12:45.724Z,33.14,85.55

2026-09-05T07:12:50.726Z,33.14,85.98

2026-09-05T07:12:55.725Z,33.16,84.46

2026-09-05T07:13:00.726Z,33.15,82.71

2026-09-05T07:13:05.738Z,33.13,82.09

2026-09-05T07:13:10.725Z,33.16,83.12

2026-09-05T07:13:15.729Z,33.15,83.65

2026-09-05T07:13:20.733Z,33.17,84.19

2026-09-05T07:13:25.729Z,33.18,85.77

2026-09-05T07:13:30.729Z,33.18,86.3

2026-09-05T07:13:35.744Z,33.18,86.1

2026-09-05T07:13:40.729Z,33.17,86.07

2026-09-05T07:13:45.729Z,33.17,85.49

2026-09-05T07:13:50.729Z,33.18,84.8

2026-09-05T07:13:55.728Z,33.17,84.44

2026-09-05T07:14:00.737Z,33.18,83.78

2026-09-05T07:14:05.750Z,33.19,83.39

2026-09-05T07:14:10.735Z,33.17,82.99

2026-09-05T07:14:15.736Z,33.19,83.46

2026-09-05T07:14:20.736Z,33.19,83.55

2026-09-05T07:14:25.735Z,33.19,83.34

2026-09-05T07:14:30.750Z,33.19,83.23

2026-09-05T07:14:35.763Z,33.2,83.14

2026-09-05T07:14:40.747Z,33.21,82.91

2026-09-05T07:14:45.751Z,33.22,81.97

2026-09-05T07:14:50.751Z,33.2,80.84

2026-09-05T07:14:55.753Z,33.21,82.31

2026-09-05T07:15:00.766Z,33.23,83.21

2026-09-05T07:15:05.780Z,33.23,85.89

2026-09-05T07:15:10.765Z,33.24,85.73

2026-09-05T07:15:15.766Z,33.22,85.51

2026-09-05T07:15:20.767Z,33.25,84.9

2026-09-05T07:15:25.766Z,33.22,83.1

2026-09-05T07:15:30.769Z,33.21,81.04

2026-09-05T07:15:35.778Z,33.19,78.29

2026-09-05T07:15:40.768Z,33.19,77.7

2026-09-05T07:15:45.767Z,33.17,76.98

2026-09-05T07:15:50.769Z,33.15,75.71

2026-09-05T07:15:55.769Z,33.16,75.84

2026-09-05T07:16:00.770Z,33.16,76.75

2026-09-05T07:16:05.779Z,33.17,76.79

2026-09-05T07:16:10.769Z,33.13,76.14

2026-09-05T07:16:15.767Z,33.14,75.73

2026-09-05T07:16:20.771Z,33.13,75.9

2026-09-05T07:16:25.769Z,33.12,75.5

2026-09-05T07:16:30.785Z,33.13,75.47

2026-09-05T07:16:35.796Z,33.12,75.75

2026-09-05T07:16:40.783Z,33.11,76.31

2026-09-05T07:16:45.786Z,33.13,77.24

2026-09-05T07:16:50.785Z,33.12,78.06

2026-09-05T07:16:55.785Z,33.11,77.33

2026-09-05T07:17:00.795Z,33.11,76.47

2026-09-05T07:17:05.808Z,33.08,76.26

2026-09-05T07:17:10.791Z,33.11,76.32

2026-09-05T07:17:15.792Z,33.11,76.69

2026-09-05T07:17:20.794Z,33.11,77.18

2026-09-05T07:17:25.793Z,33.12,76.92

2026-09-05T07:17:30.809Z,33.11,76.17

2026-09-05T07:17:35.818Z,33.1,75.68

2026-09-05T07:17:40.807Z,33.11,75.07

2026-09-05T07:17:45.807Z,33.11,74.84

2026-09-05T07:17:50.808Z,33.1,74.7

2026-09-05T07:17:55.821Z,33.1,74.91

2026-09-05T07:18:00.809Z,33.09,75.71

2026-09-05T07:18:05.809Z,33.11,76.7

2026-09-05T07:18:10.810Z,33.1,77.35

2026-09-05T07:18:15.811Z,33.1,77.85

2026-09-05T07:18:20.810Z,33.12,78.07

2026-09-05T07:18:25.825Z,33.11,78.23

2026-09-05T07:18:30.811Z,33.12,78.38

2026-09-05T07:18:35.810Z,33.14,78.52

2026-09-05T07:18:40.811Z,33.14,78.07

2026-09-05T07:18:45.811Z,33.15,77.74

2026-09-05T07:18:50.823Z,33.14,77.82

2026-09-05T07:18:55.834Z,33.14,77.84

2026-09-05T07:19:00.822Z,33.13,77.3

2026-09-05T07:19:05.822Z,33.14,76.59

2026-09-05T07:19:10.823Z,33.13,76.13

2026-09-05T07:19:15.823Z,33.13,76.12

2026-09-05T07:19:20.833Z,33.16,76.6

2026-09-05T07:19:25.847Z,33.15,77.18

2026-09-05T07:19:30.831Z,33.15,77.37

2026-09-05T07:19:35.830Z,33.16,77.44

2026-09-05T07:19:40.832Z,33.17,77.5

2026-09-05T07:19:45.832Z,33.16,76.7

2026-09-05T07:19:50.832Z,33.17,76.22

2026-09-05T07:19:55.845Z,33.19,76.08

2026-09-05T07:20:00.834Z,33.17,75.81

2026-09-05T07:20:05.834Z,33.17,75.84

2026-09-05T07:20:10.832Z,33.17,76.07

2026-09-05T07:20:15.834Z,33.18,76.51

2026-09-05T07:20:20.837Z,33.18,77.07

2026-09-05T07:20:25.854Z,33.18,77.59

2026-09-05T07:20:30.839Z,33.2,77.96

2026-09-05T07:20:35.840Z,33.17,78.25

2026-09-05T07:20:40.836Z,33.17,78.35

2026-09-05T07:20:45.836Z,33.19,78.47

2026-09-05T07:20:50.849Z,33.19,78.71

2026-09-05T07:20:55.860Z,33.19,79.34

2026-09-05T07:21:00.849Z,33.18,79

2026-09-05T07:21:05.849Z,33.19,78.75

2026-09-05T07:21:10.849Z,33.21,78

2026-09-05T07:21:15.864Z,33.19,77.09

2026-09-05T07:21:20.850Z,33.2,76.32

2026-09-05T07:21:25.850Z,33.2,75.91

2026-09-05T07:21:30.850Z,33.18,75.64

2026-09-05T07:21:35.853Z,33.21,76.53

2026-09-05T07:21:40.852Z,33.23,79.99

2026-09-05T07:21:45.867Z,33.23,80.38

2026-09-05T07:21:50.852Z,33.23,79.82

2026-09-05T07:21:55.853Z,33.22,79.54

2026-09-05T07:22:00.853Z,33.22,78.71

2026-09-05T07:22:05.854Z,33.22,77.96

2026-09-05T07:22:10.856Z,33.22,76.12

2026-09-05T07:22:15.869Z,33.22,75.48

2026-09-05T07:22:20.856Z,33.22,75.23

2026-09-05T07:22:25.856Z,33.21,74.98

2026-09-05T07:22:30.856Z,33.21,74.87

2026-09-05T07:22:35.853Z,33.21,74.99

2026-09-05T07:22:40.870Z,33.23,75.26

2026-09-05T07:22:45.883Z,33.23,75.41

2026-09-05T07:22:50.871Z,33.21,75.19

2026-09-05T07:22:55.869Z,33.22,75.04

2026-09-05T07:23:00.870Z,33.23,74.8

2026-09-05T07:23:05.870Z,33.23,74.57

2026-09-05T07:23:10.871Z,33.23,74.14

2026-09-05T07:23:15.884Z,33.22,74.13

2026-09-05T07:23:20.875Z,33.23,74.67

2026-09-05T07:23:25.873Z,33.22,74.67

2026-09-05T07:23:30.871Z,33.23,74.41

2026-09-05T07:23:35.872Z,33.24,74.22

2026-09-05T07:23:40.879Z,33.25,73.98

2026-09-05T07:23:45.892Z,33.24,73.65

2026-09-05T07:23:50.877Z,33.24,73.27

2026-09-05T07:23:55.879Z,33.24,73.2

2026-09-05T07:24:00.879Z,33.24,73.12

2026-09-05T07:24:05.878Z,33.22,73.23

2026-09-05T07:24:10.894Z,33.22,73.17

2026-09-05T07:24:15.900Z,33.23,73.03

2026-09-05T07:24:20.889Z,33.23,72.93

2026-09-05T07:24:25.890Z,33.22,72.88

2026-09-05T07:24:30.888Z,33.22,72.72

2026-09-05T07:24:35.887Z,33.23,72.63

2026-09-05T07:24:40.912Z,33.21,72.62

2026-09-05T07:24:45.922Z,33.21,72.62

2026-09-05T07:24:50.909Z,33.22,72.51

2026-09-05T07:24:55.910Z,33.21,72.59

2026-09-05T07:25:00.910Z,33.21,72.71

2026-09-05T07:25:05.909Z,33.23,72.85

2026-09-05T07:25:10.920Z,33.23,72.77

2026-09-05T07:25:15.930Z,33.22,72.79

2026-09-05T07:25:20.921Z,33.23,72.71

2026-09-05T07:25:25.921Z,33.21,72.66

2026-09-05T07:25:30.920Z,33.21,72.55

2026-09-05T07:25:35.920Z,33.21,72.36

2026-09-05T07:25:40.923Z,33.22,72.34

2026-09-05T07:25:45.934Z,33.2,72.38

2026-09-05T07:25:50.922Z,33.21,72.5

2026-09-05T07:25:55.923Z,33.2,72.61

2026-09-05T07:26:00.924Z,33.2,72.5

2026-09-05T07:26:05.925Z,33.23,72.3

2026-09-05T07:26:10.934Z,33.21,72.16

2026-09-05T07:26:15.950Z,33.2,72.12

2026-09-05T07:26:20.933Z,33.22,72.09

2026-09-05T07:26:25.934Z,33.2,72.12

2026-09-05T07:26:30.932Z,33.22,72.14

2026-09-05T07:26:35.932Z,33.21,72.11

2026-09-05T07:26:40.934Z,33.21,72.05

2026-09-05T07:26:45.946Z,33.21,72.05

2026-09-05T07:26:50.937Z,33.22,72.03

2026-09-05T07:26:55.938Z,33.22,72.09

2026-09-05T07:27:00.937Z,33.21,72.1

2026-09-05T07:27:05.938Z,33.2,72.23

2026-09-05T07:27:10.937Z,33.22,72.09

2026-09-05T07:27:15.949Z,33.2,72.16

2026-09-05T07:27:20.936Z,33.21,72.12

2026-09-05T07:27:25.936Z,33.22,72.08

2026-09-05T07:27:30.939Z,33.21,72.06

2026-09-05T07:27:35.942Z,33.2,72.11

2026-09-05T07:27:40.945Z,33.22,72.15

2026-09-05T07:27:45.955Z,33.21,72.15

2026-09-05T07:27:50.944Z,33.23,72.15

2026-09-05T07:27:55.948Z,33.22,72.14

2026-09-05T07:28:00.945Z,33.23,72.19

2026-09-05T07:28:05.943Z,33.21,72.09

2026-09-05T07:28:10.955Z,33.23,72.02

2026-09-05T07:28:15.974Z,33.23,72.07

2026-09-05T07:28:20.954Z,33.22,71.97

2026-09-05T07:28:25.955Z,33.19,71.82

2026-09-05T07:28:30.958Z,33.2,71.83

2026-09-05T07:28:35.954Z,33.19,71.73

2026-09-05T07:28:40.962Z,33.19,71.8

2026-09-05T07:28:45.975Z,33.19,72.05

2026-09-05T07:28:50.961Z,33.19,72.04

2026-09-05T07:28:55.961Z,33.18,72.03

2026-09-05T07:29:00.964Z,33.2,72.03

2026-09-05T07:29:05.974Z,33.17,72.1

2026-09-05T07:29:10.963Z,33.17,72.13

2026-09-05T07:29:15.963Z,33.15,72.13

2026-09-05T07:29:20.963Z,33.16,72.06

2026-09-05T07:29:25.963Z,33.17,72.11

2026-09-05T07:29:30.983Z,33.15,72.26

2026-09-05T07:29:35.977Z,33.16,72.45

2026-09-05T07:29:40.976Z,33.14,72.52

2026-09-05T07:29:45.979Z,33.16,72.5

2026-09-05T07:29:50.977Z,33.15,72.39

2026-09-05T07:29:55.991Z,33.14,72.39

2026-09-05T07:30:00.978Z,33.14,72.33

2026-09-05T07:30:05.977Z,33.13,72.28

2026-09-05T07:30:10.978Z,33.15,72.21

2026-09-05T07:30:15.979Z,33.13,72.36

2026-09-05T07:30:20.986Z,33.14,72.53

2026-09-05T07:30:25.995Z,33.15,72.53

2026-09-05T07:30:30.986Z,33.12,72.47

2026-09-05T07:30:35.985Z,33.14,72.57

2026-09-05T07:30:40.986Z,33.17,72.4

2026-09-05T07:30:45.985Z,33.15,72.52

2026-09-05T07:30:50.987Z,33.14,72.29

2026-09-05T07:30:56.000Z,33.12,72.36

2026-09-05T07:31:00.986Z,33.13,72.36

2026-09-05T07:31:05.985Z,33.13,72.55

2026-09-05T07:31:10.984Z,33.13,72.6

2026-09-05T07:31:15.986Z,33.13,72.63

2026-09-05T07:31:20.985Z,33.11,72.61

2026-09-05T07:31:26.002Z,33.12,72.46

2026-09-05T07:31:30.987Z,33.11,72.26

2026-09-05T07:31:35.988Z,33.12,72.29

2026-09-05T07:31:40.992Z,33.09,72.27

2026-09-05T07:31:45.992Z,33.1,72.28

2026-09-05T07:31:50.994Z,33.09,72.35

2026-09-05T07:31:56.012Z,33.08,72.46

2026-09-05T07:32:00.995Z,33.09,72.43

2026-09-05T07:32:05.995Z,33.08,72.49

2026-09-05T07:32:10.994Z,33.08,72.51

2026-09-05T07:32:15.995Z,33.1,72.61

2026-09-05T07:32:21.010Z,33.11,72.61

2026-09-05T07:32:26.022Z,33.08,72.58

2026-09-05T07:32:31.010Z,33.08,72.54

2026-09-05T07:32:36.009Z,33.1,72.49

2026-09-05T07:32:41.009Z,33.07,72.58

2026-09-05T07:32:46.010Z,33.07,72.54

2026-09-05T07:32:51.016Z,33.08,72.48

2026-09-05T07:32:56.023Z,33.08,72.48

2026-09-05T07:33:01.014Z,33.06,72.15

2026-09-05T07:33:06.015Z,33.05,72.3

2026-09-05T07:33:11.013Z,33.05,72.32

2026-09-05T07:33:16.015Z,33.04,72.3

2026-09-05T07:33:21.034Z,33.05,72.34

2026-09-05T07:33:26.045Z,33.06,72.35

2026-09-05T07:33:31.030Z,33.05,72.4

2026-09-05T07:33:36.030Z,33.05,72.43

2026-09-05T07:33:41.030Z,33.04,72.5

2026-09-05T07:33:46.031Z,33.05,72.49

2026-09-05T07:33:51.036Z,33.05,72.54

2026-09-05T07:33:56.044Z,33.05,72.64

2026-09-05T07:34:01.033Z,33.05,72.62

2026-09-05T07:34:06.035Z,33.05,72.61

2026-09-05T07:34:11.033Z,33.03,72.66

2026-09-05T07:34:16.033Z,33.06,72.6

2026-09-05T07:34:21.046Z,33.04,72.65

2026-09-05T07:34:26.058Z,33.03,72.59

2026-09-05T07:34:31.045Z,33.01,72.56

2026-09-05T07:34:36.046Z,33.03,72.63

2026-09-05T07:34:41.047Z,33.03,72.61

2026-09-05T07:34:46.045Z,33.04,72.59

2026-09-05T07:34:51.058Z,33.01,72.59

2026-09-05T07:34:56.069Z,33.02,72.67

2026-09-05T07:35:01.056Z,33.02,72.72

2026-09-05T07:35:06.057Z,33,72.64

2026-09-05T07:35:11.056Z,33,72.61

2026-09-05T07:35:16.063Z,32.98,72.5

2026-09-05T07:35:21.063Z,32.99,72.44

2026-09-05T07:35:26.080Z,32.99,72.48

2026-09-05T07:35:31.064Z,33,72.59

2026-09-05T07:35:36.063Z,32.99,72.63

2026-09-05T07:35:41.062Z,32.98,72.63

2026-09-05T07:35:46.064Z,32.98,72.65

2026-09-05T07:35:51.068Z,32.96,72.61

2026-09-05T07:35:56.077Z,32.97,72.68

2026-09-05T07:36:01.068Z,32.96,72.69

2026-09-05T07:36:06.069Z,32.96,72.69

2026-09-05T07:36:11.068Z,32.96,72.68

2026-09-05T07:36:16.069Z,32.94,72.64

2026-09-05T07:36:21.086Z,32.92,72.63

2026-09-05T07:36:26.095Z,32.93,72.6

2026-09-05T07:36:31.082Z,32.94,72.56

2026-09-05T07:36:36.083Z,32.91,72.63

2026-09-05T07:36:41.083Z,32.9,72.67

2026-09-05T07:36:46.084Z,32.89,72.67

2026-09-05T07:36:51.101Z,32.9,72.77

2026-09-05T07:36:56.115Z,32.88,72.87

2026-09-05T07:37:01.100Z,32.9,72.85

2026-09-05T07:37:06.099Z,32.88,72.91

2026-09-05T07:37:11.103Z,32.89,72.9

2026-09-05T07:37:16.114Z,32.88,73.08

2026-09-05T07:37:21.101Z,32.88,72.83

2026-09-05T07:37:26.102Z,32.87,72.81

2026-09-05T07:37:31.102Z,32.87,72.76

2026-09-05T07:37:36.113Z,32.86,72.78

2026-09-05T07:37:41.103Z,32.81,72.72

2026-09-05T07:37:46.103Z,32.78,72.89

2026-09-05T07:37:51.102Z,32.82,73

2026-09-05T07:37:56.105Z,32.81,73.04

2026-09-05T07:38:01.104Z,32.83,73.12

2026-09-05T07:38:06.116Z,32.81,73.16

2026-09-05T07:38:11.103Z,32.81,73.07

2026-09-05T07:38:16.105Z,32.81,73.06

2026-09-05T07:38:21.104Z,32.79,73

2026-09-05T07:38:26.105Z,32.8,73.04

2026-09-05T07:38:31.104Z,32.78,73.1

2026-09-05T07:38:36.116Z,32.78,72.98

2026-09-05T07:38:41.103Z,32.78,72.92

2026-09-05T07:38:46.108Z,32.76,72.91

2026-09-05T07:38:51.105Z,32.8,72.88

2026-09-05T07:38:56.106Z,32.79,72.99

2026-09-05T07:39:01.125Z,32.78,73.06

2026-09-05T07:39:06.138Z,32.76,72.98

2026-09-05T07:39:11.121Z,32.79,73

2026-09-05T07:39:16.124Z,32.78,72.97

2026-09-05T07:39:21.123Z,32.77,73.03

2026-09-05T07:39:26.124Z,32.77,73.04

2026-09-05T07:39:31.131Z,32.79,73.05

2026-09-05T07:39:36.141Z,32.81,73.05

2026-09-05T07:39:41.129Z,32.8,72.96

2026-09-05T07:39:46.130Z,32.81,72.95

2026-09-05T07:39:51.130Z,32.8,72.84

2026-09-05T07:39:56.142Z,32.81,72.9

2026-09-05T07:40:01.130Z,32.81,72.94

2026-09-05T07:40:06.131Z,32.81,72.94

2026-09-05T07:40:11.132Z,32.82,72.94

2026-09-05T07:40:16.133Z,32.85,72.96

2026-09-05T07:40:21.133Z,32.83,73.05

2026-09-05T07:40:26.147Z,32.85,73.29

2026-09-05T07:40:31.153Z,32.84,73.41

2026-09-05T07:40:36.134Z,32.83,72.99

2026-09-05T07:40:41.134Z,32.83,72.76

2026-09-05T07:40:46.135Z,32.84,72.78

2026-09-05T07:40:51.149Z,32.83,72.86

2026-09-05T07:40:56.159Z,32.85,72.96

2026-09-05T07:41:01.145Z,32.85,72.94

2026-09-05T07:41:06.147Z,32.86,72.88

2026-09-05T07:41:11.146Z,32.87,72.67

2026-09-05T07:41:16.147Z,32.84,72.35

2026-09-05T07:41:21.158Z,32.85,72.27

2026-09-05T07:41:26.170Z,32.85,72.3

2026-09-05T07:41:31.157Z,32.85,72.32

2026-09-05T07:41:36.157Z,32.82,72.25

2026-09-05T07:41:41.157Z,32.81,72.23

2026-09-05T07:41:46.157Z,32.83,72.33

2026-09-05T07:41:51.157Z,32.82,72.34

2026-09-05T07:41:56.170Z,32.81,72.33

2026-09-05T07:42:01.160Z,32.78,72.29

2026-09-05T07:42:06.157Z,32.79,72.21

2026-09-05T07:42:11.156Z,32.77,72.3

2026-09-05T07:42:16.157Z,32.78,72.42

2026-09-05T07:42:21.168Z,32.78,72.36

2026-09-05T07:42:26.175Z,32.76,72.3

2026-09-05T07:42:31.166Z,32.74,72.39

2026-09-05T07:42:36.166Z,32.75,72.49

2026-09-05T07:42:41.164Z,32.76,72.51

2026-09-05T07:42:46.166Z,32.75,72.56

2026-09-05T07:42:51.183Z,32.76,72.7

2026-09-05T07:42:56.186Z,32.74,72.76

2026-09-05T07:43:01.181Z,32.78,72.77

2026-09-05T07:43:06.181Z,32.75,72.83

2026-09-05T07:43:11.177Z,32.75,72.94

2026-09-05T07:43:16.180Z,32.77,72.98

2026-09-05T07:43:21.185Z,32.77,72.94

2026-09-05T07:43:26.194Z,32.76,72.88

2026-09-05T07:43:31.184Z,32.76,72.76

2026-09-05T07:43:36.185Z,32.77,72.77

2026-09-05T07:43:41.182Z,32.76,72.75

2026-09-05T07:43:46.186Z,32.76,72.77

2026-09-05T07:43:51.203Z,32.76,72.72

2026-09-05T07:43:56.213Z,32.74,72.75

2026-09-05T07:44:01.200Z,32.76,72.76

2026-09-05T07:44:06.201Z,32.76,72.81

2026-09-05T07:44:11.200Z,32.76,72.82

2026-09-05T07:44:16.202Z,32.78,72.85

2026-09-05T07:44:21.204Z,32.79,72.82

2026-09-05T07:44:26.217Z,32.77,72.88

2026-09-05T07:44:31.203Z,32.77,72.84

2026-09-05T07:44:36.205Z,32.77,72.86

2026-09-05T07:44:41.204Z,32.78,72.87

2026-09-05T07:44:46.215Z,32.78,72.81

2026-09-05T07:44:51.206Z,32.77,72.72

2026-09-05T07:44:56.205Z,32.76,72.75

2026-09-05T07:45:01.207Z,32.79,72.86

2026-09-05T07:45:06.218Z,32.75,72.84

2026-09-05T07:45:11.206Z,32.78,72.89

2026-09-05T07:45:16.207Z,32.77,72.8

2026-09-05T07:45:21.207Z,32.78,72.81

2026-09-05T07:45:26.221Z,32.77,72.84

2026-09-05T07:45:31.206Z,32.8,72.86

2026-09-05T07:45:36.206Z,32.78,72.84

2026-09-05T07:45:41.206Z,32.79,72.78

2026-09-05T07:45:46.206Z,32.77,72.79

2026-09-05T07:45:51.206Z,32.78,72.83

2026-09-05T07:45:56.219Z,32.77,72.93

2026-09-05T07:46:01.206Z,32.8,72.89

2026-09-05T07:46:06.210Z,32.8,72.79

2026-09-05T07:46:11.209Z,32.79,72.74

2026-09-05T07:46:16.224Z,32.8,72.81

2026-09-05T07:46:21.214Z,32.8,72.82

2026-09-05T07:46:26.210Z,32.8,72.69

2026-09-05T07:46:31.210Z,32.78,72.7

2026-09-05T07:46:36.210Z,32.77,72.72

2026-09-05T07:46:41.222Z,32.77,72.77

2026-09-05T07:46:46.233Z,32.76,72.82

2026-09-05T07:46:51.223Z,32.76,72.86

2026-09-05T07:46:56.224Z,32.78,72.9

2026-09-05T07:47:01.224Z,32.75,72.92

2026-09-05T07:47:06.225Z,32.76,72.98

2026-09-05T07:47:11.236Z,32.77,73

2026-09-05T07:47:16.255Z,32.76,73.03

2026-09-05T07:47:21.237Z,32.78,72.97

2026-09-05T07:47:26.237Z,32.8,73.02

2026-09-05T07:47:31.238Z,32.78,73.02

2026-09-05T07:47:36.238Z,32.77,73.05

2026-09-05T07:47:41.253Z,32.79,73

2026-09-05T07:47:46.265Z,32.8,73.06

2026-09-05T07:47:51.254Z,32.78,73.07

2026-09-05T07:47:56.254Z,32.79,73.07

2026-09-05T07:48:01.255Z,32.79,73.07

2026-09-05T07:48:06.254Z,32.8,73.11

2026-09-05T07:48:11.253Z,32.79,73.08

2026-09-05T07:48:16.267Z,32.79,73.15

2026-09-05T07:48:21.252Z,32.81,73.1

2026-09-05T07:48:26.254Z,32.78,73.14

2026-09-05T07:48:31.255Z,32.8,73.14

2026-09-05T07:48:36.255Z,32.81,73.05

2026-09-05T07:48:41.262Z,32.79,73.12

2026-09-05T07:48:46.275Z,32.8,73.16

2026-09-05T07:48:51.261Z,32.78,73.17

2026-09-05T07:48:56.259Z,32.8,73.18

2026-09-05T07:49:01.259Z,32.78,73.24

2026-09-05T07:49:06.262Z,32.79,73.15

2026-09-05T07:49:11.278Z,32.76,73.28

2026-09-05T07:49:16.292Z,32.72,73.29

2026-09-05T07:49:21.277Z,32.77,73.29

2026-09-05T07:49:26.276Z,32.76,73.32

2026-09-05T07:49:31.277Z,32.75,73.28

2026-09-05T07:49:36.275Z,32.76,73.3

2026-09-05T07:49:41.284Z,32.75,73.3

2026-09-05T07:49:46.296Z,32.75,73.34

2026-09-05T07:49:51.282Z,32.76,73.38

2026-09-05T07:49:56.286Z,32.76,73.4

2026-09-05T07:50:01.289Z,32.74,73.34

2026-09-05T07:50:06.288Z,32.74,73.27

2026-09-05T07:50:11.294Z,32.75,73.23

2026-09-05T07:50:16.298Z,32.75,73.25

2026-09-05T07:50:21.291Z,32.75,73.22

2026-09-05T07:50:26.291Z,32.75,73.27

2026-09-05T07:50:31.290Z,32.75,73.36

2026-09-05T07:50:36.295Z,32.76,73.4

2026-09-05T07:50:41.306Z,32.75,73.34

2026-09-05T07:50:46.320Z,32.75,73.31

2026-09-05T07:50:51.305Z,32.75,73.14

2026-09-05T07:50:56.307Z,32.75,73.09

2026-09-05T07:51:01.308Z,32.74,73

2026-09-05T07:51:06.306Z,32.75,72.99

2026-09-05T07:51:11.321Z,32.76,73.05

2026-09-05T07:51:16.330Z,32.78,72.97

2026-09-05T07:51:21.318Z,32.77,72.91

2026-09-05T07:51:26.321Z,32.77,73.03

2026-09-05T07:51:31.321Z,32.77,72.92

2026-09-05T07:51:36.319Z,32.79,72.92

2026-09-05T07:51:41.323Z,32.78,72.91

2026-09-05T07:51:46.333Z,32.76,72.81

2026-09-05T07:51:51.323Z,32.78,72.86

2026-09-05T07:51:56.324Z,32.78,72.89

2026-09-05T07:52:01.323Z,32.8,72.83

2026-09-05T07:52:06.322Z,32.78,72.88

2026-09-05T07:52:11.329Z,32.77,72.89

2026-09-05T07:52:16.345Z,32.79,72.92

2026-09-05T07:52:21.327Z,32.79,72.81

2026-09-05T07:52:26.327Z,32.78,72.63

2026-09-05T07:52:31.330Z,32.77,72.49

2026-09-05T07:52:36.326Z,32.79,72.54

2026-09-05T07:52:41.328Z,32.78,72.5

2026-09-05T07:52:46.340Z,32.78,72.57

2026-09-05T07:52:51.329Z,32.81,72.54

2026-09-05T07:52:56.330Z,32.77,72.59

2026-09-05T07:53:01.328Z,32.8,72.56

2026-09-05T07:53:06.330Z,32.8,72.61

2026-09-05T07:53:11.331Z,32.79,72.55

2026-09-05T07:53:16.342Z,32.78,72.32

2026-09-05T07:53:21.331Z,32.8,72.33

2026-09-05T07:53:26.330Z,32.79,72.32

2026-09-05T07:53:31.331Z,32.78,72.39

2026-09-05T07:53:36.335Z,32.79,72.47

2026-09-05T07:53:41.344Z,32.75,72.35

2026-09-05T07:53:46.359Z,32.78,72.37

2026-09-05T07:53:51.343Z,32.77,72.34

2026-09-05T07:53:56.343Z,32.77,72.38

2026-09-05T07:54:01.347Z,32.78,72.34

2026-09-05T07:54:06.360Z,32.76,72.42

2026-09-05T07:54:11.344Z,32.77,72.44

2026-09-05T07:54:16.345Z,32.77,72.48

2026-09-05T07:54:21.344Z,32.75,72.49

2026-09-05T07:54:26.345Z,32.76,72.51

2026-09-05T07:54:31.356Z,32.77,72.55

2026-09-05T07:54:36.365Z,32.77,72.48

2026-09-05T07:54:41.354Z,32.77,72.42

2026-09-05T07:54:46.355Z,32.73,72.34

2026-09-05T07:54:51.354Z,32.76,72.34

2026-09-05T07:54:56.354Z,32.74,72.42

2026-09-05T07:55:01.381Z,32.74,72.46

2026-09-05T07:55:06.389Z,32.76,72.51

2026-09-05T07:55:11.381Z,32.75,72.52

2026-09-05T07:55:16.380Z,32.76,72.51

2026-09-05T07:55:21.380Z,32.75,72.48

2026-09-05T07:55:26.383Z,32.75,72.55

2026-09-05T07:55:31.381Z,32.74,72.57

2026-09-05T07:55:36.393Z,32.74,72.52

2026-09-05T07:55:41.381Z,32.76,72.52

2026-09-05T07:55:46.382Z,32.73,72.53

2026-09-05T07:55:51.381Z,32.73,72.59

2026-09-05T07:55:56.382Z,32.75,72.6

2026-09-05T07:56:01.382Z,32.76,72.66

2026-09-05T07:56:06.393Z,32.76,72.55

2026-09-05T07:56:11.383Z,32.77,72.65

2026-09-05T07:56:16.381Z,32.75,72.62

2026-09-05T07:56:21.382Z,32.74,72.67

2026-09-05T07:56:26.383Z,32.76,72.63

2026-09-05T07:56:31.382Z,32.75,72.48

2026-09-05T07:56:36.392Z,32.75,72.58

2026-09-05T07:56:41.383Z,32.75,72.56

2026-09-05T07:56:46.383Z,32.74,72.54

2026-09-05T07:56:51.389Z,32.74,72.6

2026-09-05T07:56:56.384Z,32.73,72.58

2026-09-05T07:57:01.385Z,32.75,72.64

2026-09-05T07:57:06.386Z,32.76,72.6

2026-09-05T07:57:11.386Z,32.76,72.64

2026-09-05T07:57:16.400Z,32.74,72.7

2026-09-05T07:57:21.391Z,32.76,72.67

2026-09-05T07:57:26.392Z,32.76,72.76

2026-09-05T07:57:31.389Z,32.76,72.62

2026-09-05T07:57:36.388Z,32.76,72.59

2026-09-05T07:57:41.393Z,32.76,72.61

2026-09-05T07:57:46.411Z,32.76,72.61

2026-09-05T07:57:51.393Z,32.77,72.57

2026-09-05T07:57:56.393Z,32.75,72.59

2026-09-05T07:58:01.392Z,32.77,72.57

2026-09-05T07:58:06.391Z,32.76,72.58

2026-09-05T07:58:11.409Z,32.78,72.57

2026-09-05T07:58:16.418Z,32.75,72.72

2026-09-05T07:58:21.406Z,32.79,72.68

2026-09-05T07:58:26.407Z,32.78,72.74

2026-09-05T07:58:31.408Z,32.79,72.74

2026-09-05T07:58:36.407Z,32.79,72.76

2026-09-05T07:58:41.413Z,32.8,72.74

2026-09-05T07:58:46.423Z,32.78,72.76

2026-09-05T07:58:51.413Z,32.81,72.72

2026-09-05T07:58:56.412Z,32.81,72.72

2026-09-05T07:59:01.411Z,32.81,72.73

2026-09-05T07:59:06.411Z,32.82,72.7

2026-09-05T07:59:11.417Z,32.82,72.74

2026-09-05T07:59:16.426Z,32.83,72.76

2026-09-05T07:59:21.415Z,32.84,73.2

2026-09-05T07:59:26.414Z,32.84,73.53

2026-09-05T07:59:31.416Z,32.84,73.5

2026-09-05T07:59:36.415Z,32.85,73.36

2026-09-05T07:59:41.423Z,32.85,73.28

2026-09-05T07:59:46.431Z,32.85,73.25

2026-09-05T07:59:51.419Z,32.84,73.13

2026-09-05T07:59:56.420Z,32.86,72.97

2026-09-05T08:00:01.417Z,32.85,72.66

2026-09-05T08:00:06.418Z,32.84,72.65

2026-09-05T08:00:11.433Z,32.86,72.78

2026-09-05T08:00:16.444Z,32.86,72.88

2026-09-05T08:00:21.432Z,32.85,72.94

2026-09-05T08:00:26.431Z,32.88,72.93

2026-09-05T08:00:31.432Z,32.86,72.95

2026-09-05T08:00:36.433Z,32.86,73.04

2026-09-05T08:00:41.433Z,32.87,73.15

2026-09-05T08:00:46.442Z,32.87,73.16

2026-09-05T08:00:51.432Z,32.89,73.07

2026-09-05T08:00:56.434Z,32.87,73.1

2026-09-05T08:01:01.432Z,32.88,73.12

2026-09-05T08:01:06.443Z,32.88,73.24

2026-09-05T08:01:11.435Z,32.9,73.2

2026-09-05T08:01:16.436Z,32.88,73.09

2026-09-05T08:01:21.435Z,32.89,73.11

2026-09-05T08:01:26.437Z,32.91,73.04

2026-09-05T08:01:31.444Z,32.91,72.95

2026-09-05T08:01:36.460Z,32.9,73

2026-09-05T08:01:41.442Z,32.92,72.94

2026-09-05T08:01:46.444Z,32.91,72.94

2026-09-05T08:01:51.445Z,32.93,73.13

2026-09-05T08:01:56.444Z,32.93,73.21

2026-09-05T08:02:01.460Z,32.93,73.21

2026-09-05T08:02:06.474Z,32.93,73.25

2026-09-05T08:02:11.460Z,32.93,73.41

2026-09-05T08:02:16.460Z,32.94,73.37

2026-09-05T08:02:21.460Z,32.94,73.61

2026-09-05T08:02:26.461Z,32.97,73.89

2026-09-05T08:02:31.476Z,32.97,73.92

2026-09-05T08:02:36.488Z,32.98,73.77

2026-09-05T08:02:41.472Z,32.97,73.52

2026-09-05T08:02:46.474Z,32.98,73.45

2026-09-05T08:02:51.474Z,32.99,73.43

2026-09-05T08:02:56.473Z,32.99,73.51

2026-09-05T08:03:01.485Z,32.99,73.61

2026-09-05T08:03:06.494Z,32.99,73.73

2026-09-05T08:03:11.484Z,33.02,73.71

2026-09-05T08:03:16.483Z,33.02,73.66

2026-09-05T08:03:21.483Z,33,73.49

2026-09-05T08:03:26.485Z,33.01,73.27

2026-09-05T08:03:31.487Z,33,73.1

2026-09-05T08:03:36.501Z,33.01,72.91

2026-09-05T08:03:41.486Z,32.99,72.91

2026-09-05T08:03:46.486Z,33.02,72.92

2026-09-05T08:03:51.487Z,33.02,72.87

2026-09-05T08:03:56.490Z,33.02,72.63

2026-09-05T08:04:01.489Z,33,72.27

2026-09-05T08:04:06.502Z,33,72.15

2026-09-05T08:04:11.489Z,32.98,71.99

2026-09-05T08:04:16.489Z,33.01,72.07

2026-09-05T08:04:21.489Z,33.01,72.24

2026-09-05T08:04:26.489Z,33,71.96

2026-09-05T08:04:31.503Z,33,71.71

2026-09-05T08:04:36.515Z,33,71.71

2026-09-05T08:04:41.501Z,32.98,71.8

2026-09-05T08:04:46.502Z,32.98,72.01

2026-09-05T08:04:51.505Z,32.99,72.07

2026-09-05T08:04:56.504Z,32.99,72.15

2026-09-05T08:05:01.515Z,32.96,72.14

2026-09-05T08:05:06.523Z,32.98,72.27

2026-09-05T08:05:11.513Z,32.99,72.45

2026-09-05T08:05:16.511Z,33,72.56

2026-09-05T08:05:21.509Z,32.99,72.62

2026-09-05T08:05:26.511Z,32.98,72.52

2026-09-05T08:05:31.522Z,32.96,72.08

2026-09-05T08:05:36.534Z,32.99,71.98

2026-09-05T08:05:41.520Z,32.99,71.98

2026-09-05T08:05:46.522Z,33,72.03

2026-09-05T08:05:51.521Z,32.98,72.06

2026-09-05T08:05:56.523Z,32.99,72.15

2026-09-05T08:06:01.530Z,32.99,72.01

2026-09-05T08:06:06.540Z,32.98,72.13

2026-09-05T08:06:11.527Z,32.99,71.97

2026-09-05T08:06:16.528Z,32.98,71.96

2026-09-05T08:06:21.527Z,32.99,71.8

2026-09-05T08:06:26.530Z,32.99,71.83

2026-09-05T08:06:31.538Z,33,71.8

2026-09-05T08:06:36.547Z,33.01,71.83

2026-09-05T08:06:41.535Z,33,71.73

2026-09-05T08:06:46.537Z,32.99,71.68

2026-09-05T08:06:51.536Z,33,71.69

2026-09-05T08:06:56.551Z,33,71.64

2026-09-05T08:07:01.536Z,33,71.64

2026-09-05T08:07:06.537Z,32.99,71.54

2026-09-05T08:07:11.537Z,32.98,71.53

2026-09-05T08:07:16.538Z,32.98,71.45

2026-09-05T08:07:21.537Z,32.98,71.46

2026-09-05T08:07:26.550Z,32.98,71.56

2026-09-05T08:07:31.540Z,32.96,71.66

2026-09-05T08:07:36.538Z,32.99,71.75

2026-09-05T08:07:41.537Z,32.99,71.78

2026-09-05T08:07:46.540Z,32.98,71.89

2026-09-05T08:07:51.539Z,32.98,71.88

2026-09-05T08:07:56.551Z,32.98,71.99

2026-09-05T08:08:01.540Z,32.97,71.89

2026-09-05T08:08:06.539Z,32.98,71.92

2026-09-05T08:08:11.538Z,32.97,71.9

2026-09-05T08:08:16.538Z,32.98,71.88

2026-09-05T08:08:21.547Z,32.99,71.82

2026-09-05T08:08:26.556Z,32.98,71.81

2026-09-05T08:08:31.546Z,32.99,71.77

2026-09-05T08:08:36.542Z,33,71.77

2026-09-05T08:08:41.549Z,32.99,71.75

2026-09-05T08:08:46.548Z,32.98,71.73

2026-09-05T08:08:51.559Z,32.99,71.67

2026-09-05T08:08:56.569Z,32.99,71.63

2026-09-05T08:09:01.560Z,32.99,71.58

2026-09-05T08:09:06.557Z,32.99,71.54

2026-09-05T08:09:11.559Z,32.99,71.53

2026-09-05T08:09:16.558Z,32.98,71.49

2026-09-05T08:09:21.569Z,32.99,71.39

2026-09-05T08:09:26.582Z,32.98,71.37

2026-09-05T08:09:31.566Z,33,71.41

2026-09-05T08:09:36.566Z,32.97,71.43

2026-09-05T08:09:41.567Z,33,71.54

2026-09-05T08:09:46.568Z,33.01,71.54

2026-09-05T08:09:51.585Z,33,71.56

2026-09-05T08:09:56.598Z,33,71.58

2026-09-05T08:10:01.583Z,33.01,71.61

2026-09-05T08:10:06.584Z,32.99,71.63

2026-09-05T08:10:11.583Z,33,71.57

2026-09-05T08:10:16.585Z,33,71.63

2026-09-05T08:10:21.590Z,33,71.64

2026-09-05T08:10:26.595Z,32.98,71.72

2026-09-05T08:10:31.586Z,33,71.67

2026-09-05T08:10:36.588Z,33,71.68

2026-09-05T08:10:41.586Z,32.98,71.6

2026-09-05T08:10:46.588Z,33,71.46

2026-09-05T08:10:51.591Z,33,71.49

2026-09-05T08:10:56.605Z,32.98,71.49

2026-09-05T08:11:01.591Z,33,71.5

2026-09-05T08:11:06.592Z,33.01,71.53

2026-09-05T08:11:11.590Z,33,71.54

2026-09-05T08:11:16.594Z,33,71.61

2026-09-05T08:11:21.601Z,33,71.62

2026-09-05T08:11:26.614Z,32.99,71.75

2026-09-05T08:11:31.599Z,32.99,71.83

2026-09-05T08:11:36.601Z,33,71.86

2026-09-05T08:11:41.600Z,33,71.84

2026-09-05T08:11:46.600Z,33,71.9

2026-09-05T08:11:51.622Z,33,71.92

2026-09-05T08:11:56.617Z,33.02,71.94

2026-09-05T08:12:01.614Z,33,71.87

2026-09-05T08:12:06.615Z,33.03,71.8

2026-09-05T08:12:11.615Z,33.03,71.79

2026-09-05T08:12:16.625Z,33.03,71.85

2026-09-05T08:12:21.616Z,33.02,71.79

2026-09-05T08:12:26.619Z,33.01,71.79

2026-09-05T08:12:31.617Z,33.01,71.74

2026-09-05T08:12:36.615Z,33.01,71.79

2026-09-05T08:12:41.616Z,33.02,71.77

2026-09-05T08:12:46.636Z,33.01,71.74

2026-09-05T08:12:51.617Z,33.01,71.69

2026-09-05T08:12:56.619Z,33.02,71.68

2026-09-05T08:13:01.619Z,33.03,71.66

2026-09-05T08:13:06.619Z,33.02,71.76

2026-09-05T08:13:11.631Z,33.03,71.79

2026-09-05T08:13:16.643Z,33.03,71.86

2026-09-05T08:13:21.629Z,33,71.86

2026-09-05T08:13:26.631Z,33.03,71.84

2026-09-05T08:13:31.632Z,33.02,71.81

2026-09-05T08:13:36.642Z,33.02,71.82

2026-09-05T08:13:41.631Z,33.03,71.83

2026-09-05T08:13:46.631Z,33.03,71.8

2026-09-05T08:13:51.633Z,33.04,71.79

2026-09-05T08:13:56.633Z,33.04,71.75

2026-09-05T08:14:01.641Z,33.04,71.73

2026-09-05T08:14:06.657Z,33.03,71.72

2026-09-05T08:14:11.641Z,33.05,71.72

2026-09-05T08:14:16.641Z,33.04,71.65

2026-09-05T08:14:21.640Z,33.03,71.41

2026-09-05T08:14:26.643Z,33.03,71.19

2026-09-05T08:14:31.652Z,33.01,71.17

2026-09-05T08:14:36.666Z,32.99,71.12

2026-09-05T08:14:41.650Z,32.98,71.07

2026-09-05T08:14:46.651Z,32.99,71.07

2026-09-05T08:14:51.649Z,32.99,71.2

2026-09-05T08:14:56.651Z,32.98,71.21

2026-09-05T08:15:01.654Z,32.96,71.23

2026-09-05T08:15:06.666Z,32.9,71.22

2026-09-05T08:15:11.653Z,32.91,71.22

2026-09-05T08:15:16.651Z,32.92,71.48

2026-09-05T08:15:21.651Z,32.94,71.64

2026-09-05T08:15:26.652Z,32.91,71.7

2026-09-05T08:15:31.653Z,32.92,71.79

2026-09-05T08:15:36.664Z,32.91,71.82

2026-09-05T08:15:41.653Z,32.93,71.81

2026-09-05T08:15:46.653Z,32.94,71.74

2026-09-05T08:15:51.653Z,32.93,71.71

2026-09-05T08:15:56.657Z,32.93,71.7

2026-09-05T08:16:01.675Z,32.93,71.66

2026-09-05T08:16:06.687Z,32.94,71.72

2026-09-05T08:16:11.672Z,32.93,71.68

2026-09-05T08:16:16.673Z,32.94,71.58

2026-09-05T08:16:21.676Z,32.94,71.65

2026-09-05T08:16:26.677Z,32.94,71.53

2026-09-05T08:16:31.690Z,32.94,71.55

2026-09-05T08:16:36.695Z,32.94,71.53

2026-09-05T08:16:41.685Z,32.94,71.41

2026-09-05T08:16:46.685Z,32.96,71.48

2026-09-05T08:16:51.687Z,32.95,71.36

2026-09-05T08:16:56.686Z,32.93,71.18

2026-09-05T08:17:01.687Z,32.92,71.12

2026-09-05T08:17:06.700Z,32.92,71.16

2026-09-05T08:17:11.686Z,32.95,71.19

2026-09-05T08:17:16.687Z,32.94,71.31

2026-09-05T08:17:21.710Z,32.95,71.44

2026-09-05T08:17:26.706Z,32.95,71.5

2026-09-05T08:17:31.707Z,32.96,71.6

2026-09-05T08:17:36.706Z,32.95,71.65

2026-09-05T08:17:41.705Z,32.96,71.66

2026-09-05T08:17:46.723Z,32.96,71.67

2026-09-05T08:17:51.708Z,32.96,71.58

2026-09-05T08:17:56.708Z,32.97,71.59

2026-09-05T08:18:01.710Z,32.96,71.23

2026-09-05T08:18:06.710Z,32.97,71.17

2026-09-05T08:18:11.710Z,32.97,71.28

2026-09-05T08:18:16.724Z,32.96,71.37

2026-09-05T08:18:21.710Z,32.95,71.37

2026-09-05T08:18:26.709Z,32.97,71.48

2026-09-05T08:18:31.713Z,32.96,71.73

2026-09-05T08:18:36.710Z,32.98,71.98

2026-09-05T08:18:41.713Z,32.99,72.16

2026-09-05T08:18:46.720Z,32.98,72.23

2026-09-05T08:18:51.711Z,32.98,72.05

2026-09-05T08:18:56.709Z,32.98,71.94

2026-09-05T08:19:01.710Z,32.98,71.87

2026-09-05T08:19:06.710Z,32.98,72.01

2026-09-05T08:19:11.712Z,32.99,72.23

2026-09-05T08:19:16.722Z,32.99,72.31

2026-09-05T08:19:21.711Z,33.01,72.41

2026-09-05T08:19:26.711Z,33,72.12

2026-09-05T08:19:31.710Z,33,71.92

2026-09-05T08:19:36.714Z,33.02,71.85

2026-09-05T08:19:41.714Z,33.02,71.85

2026-09-05T08:19:46.722Z,33.01,72.02

2026-09-05T08:19:51.717Z,33.04,72.01

2026-09-05T08:19:56.715Z,33.01,72.03

2026-09-05T08:20:01.714Z,33.02,72

2026-09-05T08:20:06.714Z,33.02,71.82

2026-09-05T08:20:11.747Z,33.03,71.77

2026-09-05T08:20:16.758Z,33.03,71.66

2026-09-05T08:20:21.747Z,33.02,71.56

2026-09-05T08:20:26.748Z,33.02,71.6

2026-09-05T08:20:31.748Z,33.05,71.71

2026-09-05T08:20:36.748Z,33.02,71.62

2026-09-05T08:20:41.746Z,33.04,71.66

2026-09-05T08:20:46.763Z,33.04,71.78

2026-09-05T08:20:51.747Z,33.05,71.78

2026-09-05T08:20:56.749Z,33.04,71.8

2026-09-05T08:21:01.752Z,33.02,71.74

2026-09-05T08:21:06.751Z,33.04,71.76

2026-09-05T08:21:11.751Z,33.05,71.71

2026-09-05T08:21:16.764Z,33.06,71.66

2026-09-05T08:21:21.751Z,33.05,71.76

2026-09-05T08:21:26.752Z,33.07,71.73

2026-09-05T08:21:31.754Z,33.07,71.85

2026-09-05T08:21:36.753Z,33.06,71.47

2026-09-05T08:21:41.764Z,33.08,71.33

2026-09-05T08:21:46.770Z,33.07,71.38

2026-09-05T08:21:51.761Z,33.07,71.49

2026-09-05T08:21:56.759Z,33.07,71.43

2026-09-05T08:22:01.761Z,33.07,71.49

2026-09-05T08:22:06.768Z,33.07,71.6

2026-09-05T08:22:11.762Z,33.08,71.67

2026-09-05T08:22:16.759Z,33.08,71.59

2026-09-05T08:22:21.761Z,33.07,71.59

2026-09-05T08:22:26.774Z,33.08,71.59

2026-09-05T08:22:31.761Z,33.09,71.55

2026-09-05T08:22:36.762Z,33.08,71.56

2026-09-05T08:22:41.762Z,33.1,71.48

2026-09-05T08:22:46.764Z,33.11,71.49

2026-09-05T08:22:51.762Z,33.1,71.5

2026-09-05T08:22:56.778Z,33.12,71.52

2026-09-05T08:23:01.764Z,33.11,71.54

2026-09-05T08:23:06.763Z,33.1,71.52

2026-09-05T08:23:11.763Z,33.11,71.58

2026-09-05T08:23:16.766Z,33.12,71.59

2026-09-05T08:23:21.772Z,33.11,71.59

2026-09-05T08:23:26.783Z,33.13,71.57

2026-09-05T08:23:31.770Z,33.13,71.6

2026-09-05T08:23:36.771Z,33.14,71.61

2026-09-05T08:23:41.773Z,33.13,71.58

2026-09-05T08:23:46.773Z,33.14,71.58

2026-09-05T08:23:51.786Z,33.13,71.55

2026-09-05T08:23:56.803Z,33.16,71.51

2026-09-05T08:24:01.785Z,33.13,71.34

2026-09-05T08:24:06.785Z,33.13,71.25

2026-09-05T08:24:11.785Z,33.12,71.16

2026-09-05T08:24:16.788Z,33.11,71.12

2026-09-05T08:24:21.790Z,33.1,71.18

2026-09-05T08:24:26.804Z,33.08,71.21

2026-09-05T08:24:31.789Z,33.1,71.31

2026-09-05T08:24:36.790Z,33.08,71.36

2026-09-05T08:24:41.789Z,33.1,71.43

2026-09-05T08:24:46.791Z,33.1,71.38

2026-09-05T08:24:51.806Z,33.08,71.31

2026-09-05T08:24:56.817Z,33.09,71.3

2026-09-05T08:25:01.805Z,33.1,71.38

2026-09-05T08:25:06.807Z,33.09,71.5

2026-09-05T08:25:11.806Z,33.09,71.57

2026-09-05T08:25:16.805Z,33.06,71.36

2026-09-05T08:25:21.816Z,33.04,71.32

2026-09-05T08:25:26.828Z,33.03,71.34

2026-09-05T08:25:31.815Z,33.06,71.33

2026-09-05T08:25:36.815Z,33.06,71.37

2026-09-05T08:25:41.816Z,33.08,71.53

2026-09-05T08:25:46.816Z,33.05,71.56

2026-09-05T08:25:51.818Z,33.06,71.49

2026-09-05T08:25:56.828Z,33.07,71.51

2026-09-05T08:26:01.817Z,33.06,71.57

2026-09-05T08:26:06.816Z,33.07,71.6

2026-09-05T08:26:11.815Z,33.07,71.7

2026-09-05T08:26:16.817Z,33.08,71.64

2026-09-05T08:26:21.823Z,33.06,71.67

2026-09-05T08:26:26.833Z,33.06,71.78

2026-09-05T08:26:31.822Z,33.08,71.72

2026-09-05T08:26:36.824Z,33.07,71.67

2026-09-05T08:26:41.824Z,33.08,71.74

2026-09-05T08:26:46.834Z,33.07,71.82

2026-09-05T08:26:51.826Z,33.08,71.76

2026-09-05T08:26:56.824Z,33.08,71.81

2026-09-05T08:27:01.823Z,33.07,71.77

2026-09-05T08:27:06.834Z,33.06,71.87

2026-09-05T08:27:11.826Z,33.07,71.81

2026-09-05T08:27:16.825Z,33.07,71.89

2026-09-05T08:27:21.826Z,33.08,71.78

2026-09-05T08:27:26.829Z,33.07,71.65

2026-09-05T08:27:31.829Z,33.1,71.55

2026-09-05T08:27:36.847Z,33.08,71.5

2026-09-05T08:27:41.827Z,33.07,71.45

2026-09-05T08:27:46.828Z,33.08,71.41

2026-09-05T08:27:51.827Z,33.08,71.47

2026-09-05T08:27:56.830Z,33.08,71.39

2026-09-05T08:28:01.839Z,33.07,71.42

2026-09-05T08:28:06.849Z,33.09,71.48

2026-09-05T08:28:11.836Z,33.08,71.48

2026-09-05T08:28:16.837Z,33.07,71.54

2026-09-05T08:28:21.838Z,33.08,71.54

2026-09-05T08:28:26.837Z,33.08,71.57

2026-09-05T08:28:31.850Z,33.08,71.51

2026-09-05T08:28:36.863Z,33.08,71.61

2026-09-05T08:28:41.848Z,33.07,71.58

2026-09-05T08:28:46.849Z,33.09,71.67

2026-09-05T08:28:51.849Z,33.09,71.71

2026-09-05T08:28:56.850Z,33.1,71.65

2026-09-05T08:29:01.858Z,33.07,71.63

2026-09-05T08:29:06.870Z,33.07,71.68

2026-09-05T08:29:11.859Z,33.08,71.63

2026-09-05T08:29:16.860Z,33.07,71.63

2026-09-05T08:29:21.860Z,33.07,71.64

2026-09-05T08:29:26.860Z,33.09,71.66

2026-09-05T08:29:31.872Z,33.09,71.68

2026-09-05T08:29:36.881Z,33.07,71.62

2026-09-05T08:29:41.871Z,33.1,71.66

2026-09-05T08:29:46.870Z,33.09,71.69

2026-09-05T08:29:51.871Z,33.08,71.69

2026-09-05T08:29:56.870Z,33.1,71.64

2026-09-05T08:30:01.885Z,33.07,71.71

2026-09-05T08:30:06.896Z,33.1,71.73

2026-09-05T08:30:11.885Z,33.08,71.72

2026-09-05T08:30:16.885Z,33.07,71.73

2026-09-05T08:30:21.884Z,33.09,71.69

2026-09-05T08:30:26.883Z,33.09,71.65

2026-09-05T08:30:31.886Z,33.08,71.56

2026-09-05T08:30:36.897Z,33.07,71.54

2026-09-05T08:30:41.886Z,33.08,71.44

2026-09-05T08:30:46.883Z,33.06,71.39

2026-09-05T08:30:51.886Z,33.06,71.37

2026-09-05T08:30:56.886Z,33.07,71.42

2026-09-05T08:31:01.907Z,33.04,71.44

2026-09-05T08:31:06.913Z,33.07,71.44

2026-09-05T08:31:11.899Z,33.07,71.45

2026-09-05T08:31:16.907Z,33.07,71.48

2026-09-05T08:31:21.906Z,33.07,71.46

2026-09-05T08:31:26.901Z,33.07,71.47

2026-09-05T08:31:31.910Z,33.05,71.39

2026-09-05T08:31:36.924Z,33.05,71.49

2026-09-05T08:31:41.909Z,33.02,71.47

2026-09-05T08:31:46.909Z,33,71.54

2026-09-05T08:31:51.913Z,32.97,71.71

2026-09-05T08:31:56.910Z,32.94,71.75

2026-09-05T08:32:01.921Z,32.94,71.83

2026-09-05T08:32:06.934Z,32.95,71.83

2026-09-05T08:32:11.919Z,32.94,71.9

2026-09-05T08:32:16.919Z,32.96,71.92

2026-09-05T08:32:21.921Z,32.96,71.92

2026-09-05T08:32:26.921Z,32.95,71.98

2026-09-05T08:32:31.930Z,32.96,72.07

2026-09-05T08:32:36.936Z,32.95,71.97

2026-09-05T08:32:41.926Z,32.94,71.88

2026-09-05T08:32:46.927Z,32.95,71.95

2026-09-05T08:32:51.928Z,32.94,71.89

2026-09-05T08:32:56.925Z,32.95,71.84

2026-09-05T08:33:01.944Z,32.93,71.76

2026-09-05T08:33:06.952Z,32.9,71.72

2026-09-05T08:33:11.942Z,32.85,71.75

2026-09-05T08:33:16.944Z,32.85,71.74

2026-09-05T08:33:21.941Z,32.87,71.76

2026-09-05T08:33:26.952Z,32.88,71.82

2026-09-05T08:33:31.943Z,32.87,71.76

2026-09-05T08:33:36.943Z,32.88,71.91

2026-09-05T08:33:41.942Z,32.88,71.97

2026-09-05T08:33:46.955Z,32.9,72.06

2026-09-05T08:33:51.944Z,32.87,72.11

2026-09-05T08:33:56.943Z,32.88,72.1

2026-09-05T08:34:01.943Z,32.89,72.03

2026-09-05T08:34:06.942Z,32.89,71.92

2026-09-05T08:34:11.944Z,32.88,71.79

2026-09-05T08:34:16.957Z,32.9,71.85

2026-09-05T08:34:21.943Z,32.88,71.87

2026-09-05T08:34:26.946Z,32.89,71.8

2026-09-05T08:34:31.947Z,32.9,71.84

2026-09-05T08:34:36.949Z,32.89,71.86

2026-09-05T08:34:41.949Z,32.91,71.78

2026-09-05T08:34:46.960Z,32.91,71.8

2026-09-05T08:34:51.949Z,32.9,71.75

2026-09-05T08:34:56.951Z,32.9,71.65

2026-09-05T08:35:01.951Z,32.9,71.59

2026-09-05T08:35:06.950Z,32.91,71.53

2026-09-05T08:35:11.956Z,32.92,71.62

2026-09-05T08:35:16.965Z,32.91,71.65

2026-09-05T08:35:21.956Z,32.91,71.66

2026-09-05T08:35:26.956Z,32.91,71.74

2026-09-05T08:35:31.956Z,32.9,71.73

2026-09-05T08:35:36.956Z,32.92,71.83

2026-09-05T08:35:41.970Z,32.9,71.76

2026-09-05T08:35:46.982Z,32.91,71.77

2026-09-05T08:35:51.968Z,32.92,71.88

2026-09-05T08:35:56.969Z,32.93,71.87

2026-09-05T08:36:01.969Z,32.95,71.8

2026-09-05T08:36:06.971Z,32.92,71.87

2026-09-05T08:36:11.987Z,32.93,71.89

2026-09-05T08:36:16.997Z,32.92,71.93

2026-09-05T08:36:21.986Z,32.93,71.89

2026-09-05T08:36:26.986Z,32.94,71.87

2026-09-05T08:36:31.987Z,32.9,71.88

2026-09-05T08:36:36.988Z,32.88,71.92

2026-09-05T08:36:41.990Z,32.88,71.99

2026-09-05T08:36:47.002Z,32.87,72.05

2026-09-05T08:36:51.990Z,32.9,72.12

2026-09-05T08:36:56.991Z,32.89,72.04

2026-09-05T08:37:01.991Z,32.92,72.04

2026-09-05T08:37:06.992Z,32.9,72.09

2026-09-05T08:37:12.005Z,32.9,72.05

2026-09-05T08:37:17.014Z,32.88,72.11

2026-09-05T08:37:22.002Z,32.88,72.06

2026-09-05T08:37:27.002Z,32.91,72.07

2026-09-05T08:37:32.003Z,32.89,72.06

2026-09-05T08:37:37.004Z,32.91,72.11

2026-09-05T08:37:42.008Z,32.91,72.09

2026-09-05T08:37:47.019Z,32.89,72.1

2026-09-05T08:37:52.002Z,32.9,72.12

2026-09-05T08:37:57.005Z,32.89,72.1

2026-09-05T08:38:02.006Z,32.91,71.99

2026-09-05T08:38:07.006Z,32.9,71.95

2026-09-05T08:38:12.012Z,32.9,72.03

2026-09-05T08:38:17.023Z,32.9,72.05

2026-09-05T08:38:22.008Z,32.9,72.03

2026-09-05T08:38:27.012Z,32.9,71.99

2026-09-05T08:38:32.014Z,32.91,72.05

2026-09-05T08:38:37.014Z,32.9,71.94

2026-09-05T08:38:42.024Z,32.92,71.98

2026-09-05T08:38:47.036Z,32.89,72

2026-09-05T08:38:52.026Z,32.9,71.91

2026-09-05T08:38:57.025Z,32.89,71.94

2026-09-05T08:39:02.025Z,32.88,71.94

2026-09-05T08:39:07.025Z,32.89,71.97

2026-09-05T08:39:12.031Z,32.9,71.91

2026-09-05T08:39:17.043Z,32.89,71.94

2026-09-05T08:39:22.029Z,32.87,71.95

2026-09-05T08:39:27.030Z,32.87,71.9

2026-09-05T08:39:32.031Z,32.87,71.97

2026-09-05T08:39:37.031Z,32.87,72.05

2026-09-05T08:39:42.047Z,32.86,72.05

2026-09-05T08:39:47.058Z,32.85,72.09

2026-09-05T08:39:52.044Z,32.86,72.1

2026-09-05T08:39:57.045Z,32.87,71.99

2026-09-05T08:40:02.044Z,32.86,72.1

2026-09-05T08:40:07.043Z,32.89,72.14

2026-09-05T08:40:12.045Z,32.84,72.11

2026-09-05T08:40:17.054Z,32.85,72.15

2026-09-05T08:40:22.044Z,32.85,72.14

2026-09-05T08:40:27.046Z,32.85,72.13

2026-09-05T08:40:32.046Z,32.84,72.14

2026-09-05T08:40:37.047Z,32.85,72.15

2026-09-05T08:40:42.053Z,32.83,72.16

2026-09-05T08:40:47.061Z,32.86,72.24

2026-09-05T08:40:52.052Z,32.86,72.25

2026-09-05T08:40:57.053Z,32.86,72.27

2026-09-05T08:41:02.053Z,32.85,72.2

2026-09-05T08:41:07.052Z,32.85,72.28

2026-09-05T08:41:12.058Z,32.85,72.24

2026-09-05T08:41:17.073Z,32.88,72.32

2026-09-05T08:41:22.059Z,32.87,72.26

2026-09-05T08:41:27.057Z,32.85,72.29

2026-09-05T08:41:32.059Z,32.85,72.29

2026-09-05T08:41:37.057Z,32.86,72.26

2026-09-05T08:41:42.058Z,32.85,72.31

2026-09-05T08:41:47.066Z,32.86,72.39

2026-09-05T08:41:52.056Z,32.87,72.3

2026-09-05T08:41:57.059Z,32.88,72.31

2026-09-05T08:42:02.059Z,32.87,72.31

2026-09-05T08:42:07.072Z,32.87,72.34

2026-09-05T08:42:12.061Z,32.87,72.33

2026-09-05T08:42:17.061Z,32.88,72.3

2026-09-05T08:42:22.057Z,32.88,72.35

2026-09-05T08:42:27.060Z,32.9,72.3

2026-09-05T08:42:32.069Z,32.9,72.28

2026-09-05T08:42:37.089Z,32.88,72.25

2026-09-05T08:42:42.067Z,32.89,72.25

2026-09-05T08:42:47.069Z,32.92,72.19

2026-09-05T08:42:52.068Z,32.91,72.21

2026-09-05T08:42:57.070Z,32.9,72.18

2026-09-05T08:43:02.083Z,32.94,72.14

2026-09-05T08:43:07.095Z,32.93,72.09

2026-09-05T08:43:12.084Z,32.94,72

2026-09-05T08:43:17.083Z,32.92,71.99

2026-09-05T08:43:22.084Z,32.94,71.95

2026-09-05T08:43:27.084Z,32.93,71.96

2026-09-05T08:43:32.091Z,32.96,71.96

2026-09-05T08:43:37.101Z,32.93,71.98

2026-09-05T08:43:42.090Z,32.94,71.97

2026-09-05T08:43:47.089Z,32.95,71.91

2026-09-05T08:43:52.091Z,32.96,71.87

2026-09-05T08:43:57.090Z,32.95,71.88

2026-09-05T08:44:02.105Z,32.95,71.85

2026-09-05T08:44:07.113Z,32.95,71.85

2026-09-05T08:44:12.103Z,32.97,71.8

2026-09-05T08:44:17.102Z,32.97,71.83

2026-09-05T08:44:22.105Z,32.97,71.75

2026-09-05T08:44:27.105Z,32.98,71.79

2026-09-05T08:44:32.107Z,32.96,71.74

2026-09-05T08:44:37.120Z,32.99,71.81

2026-09-05T08:44:42.108Z,32.97,71.76

2026-09-05T08:44:47.107Z,32.95,71.8

2026-09-05T08:44:52.108Z,32.96,71.84

2026-09-05T08:44:57.109Z,32.96,71.8

2026-09-05T08:45:02.108Z,32.97,71.85

2026-09-05T08:45:07.122Z,32.97,71.92

2026-09-05T08:45:12.109Z,32.99,71.89

2026-09-05T08:45:17.109Z,33,71.86

2026-09-05T08:45:22.109Z,32.99,71.86

2026-09-05T08:45:27.123Z,32.97,71.9

2026-09-05T08:45:32.111Z,32.99,71.91

2026-09-05T08:45:37.110Z,32.98,71.95

2026-09-05T08:45:42.108Z,32.98,71.94

2026-09-05T08:45:47.111Z,33.01,72.01

2026-09-05T08:45:52.112Z,32.99,71.98

2026-09-05T08:45:57.134Z,33,72.1

2026-09-05T08:46:02.112Z,33.01,72.02

2026-09-05T08:46:07.116Z,33.02,72.04

2026-09-05T08:46:12.114Z,32.98,72.04

2026-09-05T08:46:17.114Z,33.01,72.09

2026-09-05T08:46:22.115Z,33.02,72.16

2026-09-05T08:46:27.125Z,33.01,72.22

2026-09-05T08:46:32.114Z,33.02,72.22

2026-09-05T08:46:37.113Z,33.02,72.25

2026-09-05T08:46:42.115Z,33.01,72.26

2026-09-05T08:46:47.115Z,33,72.3

2026-09-05T08:46:52.136Z,33.01,72.37

2026-09-05T08:46:57.147Z,33.01,72.41

2026-09-05T08:47:02.135Z,33.02,72.27

2026-09-05T08:47:07.135Z,33.03,72.27

2026-09-05T08:47:12.136Z,33.01,72.38

2026-09-05T08:47:17.137Z,33.02,72.39

2026-09-05T08:47:22.148Z,33.03,72.3

2026-09-05T08:47:27.159Z,33.01,72.34

2026-09-05T08:47:32.144Z,33.03,72.22

2026-09-05T08:47:37.145Z,33.03,72.24

2026-09-05T08:47:42.146Z,33.01,72.18

2026-09-05T08:47:47.146Z,33.04,72.31

2026-09-05T08:47:52.162Z,33.03,72.28

2026-09-05T08:47:57.175Z,33.03,72.27

2026-09-05T08:48:02.161Z,33.01,72.29

2026-09-05T08:48:07.161Z,33.02,72.31

2026-09-05T08:48:12.162Z,33.04,72.28

2026-09-05T08:48:17.163Z,33.03,72.3

2026-09-05T08:48:22.171Z,33.02,72.33

2026-09-05T08:48:27.181Z,33.03,72.33

2026-09-05T08:48:32.169Z,33.03,72.36

2026-09-05T08:48:37.167Z,33.04,72.35

2026-09-05T08:48:42.168Z,33.03,72.36

2026-09-05T08:48:47.166Z,33.02,72.29

2026-09-05T08:48:52.168Z,33.03,72.38

2026-09-05T08:48:57.181Z,33.03,72.41

2026-09-05T08:49:02.169Z,33.03,72.36

2026-09-05T08:49:07.168Z,33.05,72.39

2026-09-05T08:49:12.170Z,33.05,72.45

2026-09-05T08:49:17.185Z,33.05,72.51

2026-09-05T08:49:22.170Z,33.05,72.48

2026-09-05T08:49:27.169Z,33.05,72.47

2026-09-05T08:49:32.170Z,33.05,72.49

2026-09-05T08:49:37.172Z,33.06,72.56

2026-09-05T08:49:42.170Z,33.05,72.47

2026-09-05T08:49:47.190Z,33.05,72.49

2026-09-05T08:49:52.174Z,33.05,72.44

2026-09-05T08:49:57.173Z,33.07,72.47

2026-09-05T08:50:02.173Z,33.07,72.48

2026-09-05T08:50:07.172Z,33.07,72.39

2026-09-05T08:50:12.174Z,33.08,72.39

2026-09-05T08:50:17.186Z,33.07,72.47

2026-09-05T08:50:22.175Z,33.08,72.39

2026-09-05T08:50:27.176Z,33.08,72.41

2026-09-05T08:50:32.175Z,33.06,72.4

2026-09-05T08:50:37.176Z,33.08,72.4

2026-09-05T08:50:42.184Z,33.08,72.4

2026-09-05T08:50:47.196Z,33.09,72.48

2026-09-05T08:50:52.182Z,33.07,72.55

2026-09-05T08:50:57.185Z,33.09,72.48

2026-09-05T08:51:02.184Z,33.1,72.46

2026-09-05T08:51:07.184Z,33.09,72.41

2026-09-05T08:51:12.209Z,33.11,72.49

2026-09-05T08:51:17.224Z,33.11,72.48

2026-09-05T08:51:22.209Z,33.12,72.43

2026-09-05T08:51:27.209Z,33.1,72.46

2026-09-05T08:51:32.210Z,33.09,72.38

2026-09-05T08:51:37.209Z,33.1,72.36

2026-09-05T08:51:42.210Z,33.11,72.37

2026-09-05T08:51:47.222Z,33.1,72.4

2026-09-05T08:51:52.211Z,33.12,72.37

2026-09-05T08:51:57.209Z,33.1,72.35

2026-09-05T08:52:02.211Z,33.12,72.39

2026-09-05T08:52:07.210Z,33.1,72.43

2026-09-05T08:52:12.211Z,33.12,72.4

2026-09-05T08:52:17.222Z,33.11,72.44

2026-09-05T08:52:22.212Z,33.13,72.33

2026-09-05T08:52:27.209Z,33.11,72.33

2026-09-05T08:52:32.212Z,33.12,72.25

2026-09-05T08:52:37.210Z,33.11,72.23

2026-09-05T08:52:42.216Z,33.09,72.15

2026-09-05T08:52:47.229Z,33.06,72.11

2026-09-05T08:52:52.213Z,33.06,72.06

2026-09-05T08:52:57.212Z,33.05,72.06

2026-09-05T08:53:02.213Z,33.08,72.08

2026-09-05T08:53:07.214Z,33.08,72.17

2026-09-05T08:53:12.225Z,33.07,72.16

2026-09-05T08:53:17.234Z,33.07,72.26

2026-09-05T08:53:22.224Z,33.06,72.24

2026-09-05T08:53:27.224Z,33.07,72.21

2026-09-05T08:53:32.225Z,33.06,72.21

2026-09-05T08:53:37.230Z,33.07,72.19

2026-09-05T08:53:42.239Z,33.06,72.2

2026-09-05T08:53:47.243Z,33.04,72.11

2026-09-05T08:53:52.235Z,33.07,72.16

2026-09-05T08:53:57.236Z,33.06,72.19

2026-09-05T08:54:02.235Z,33.06,72.22

2026-09-05T08:54:07.235Z,33.05,72.22

2026-09-05T08:54:12.250Z,33.08,72.36

2026-09-05T08:54:17.259Z,33.06,72.37

2026-09-05T08:54:22.248Z,33.06,72.31

2026-09-05T08:54:27.246Z,33.06,72.35

2026-09-05T08:54:32.247Z,33.08,72.36

2026-09-05T08:54:37.247Z,33.09,72.4

2026-09-05T08:54:42.263Z,33.04,72.36

2026-09-05T08:54:47.275Z,33.06,72.36

2026-09-05T08:54:52.262Z,33.08,72.35

2026-09-05T08:54:57.266Z,33.08,72.37

2026-09-05T08:55:02.264Z,33.08,72.32

2026-09-05T08:55:07.266Z,33.06,72.39

2026-09-05T08:55:12.266Z,33.07,72.36

2026-09-05T08:55:17.282Z,33.05,72.34

2026-09-05T08:55:22.267Z,33.06,72.35

2026-09-05T08:55:27.267Z,33.07,72.39

2026-09-05T08:55:32.269Z,33.08,72.38

2026-09-05T08:55:37.267Z,33.09,72.38

2026-09-05T08:55:42.271Z,33.1,72.37

2026-09-05T08:55:47.284Z,33.09,72.41

2026-09-05T08:55:52.269Z,33.09,72.34

2026-09-05T08:55:57.270Z,33.09,72.34

2026-09-05T08:56:02.267Z,33.1,72.4

2026-09-05T08:56:07.270Z,33.09,72.37

2026-09-05T08:56:12.283Z,33.1,72.45

2026-09-05T08:56:17.293Z,33.09,72.45

2026-09-05T08:56:22.282Z,33.11,72.39

2026-09-05T08:56:27.282Z,33.11,72.36

2026-09-05T08:56:32.280Z,33.09,72.42

2026-09-05T08:56:37.282Z,33.1,72.42

2026-09-05T08:56:42.284Z,33.11,72.4

2026-09-05T08:56:47.296Z,33.1,72.43

2026-09-05T08:56:52.285Z,33.1,72.4

2026-09-05T08:56:57.284Z,33.11,72.49

2026-09-05T08:57:02.283Z,33.12,72.4

2026-09-05T08:57:07.281Z,33.09,72.44

2026-09-05T08:57:12.297Z,33.12,72.46

2026-09-05T08:57:17.307Z,33.12,72.46

2026-09-05T08:57:22.296Z,33.12,72.43

2026-09-05T08:57:27.297Z,33.12,72.4

2026-09-05T08:57:32.304Z,33.12,72.44

2026-09-05T08:57:37.318Z,33.13,72.42

2026-09-05T08:57:42.304Z,33.11,72.43

2026-09-05T08:57:47.303Z,33.13,72.42

2026-09-05T08:57:52.302Z,33.13,72.39

2026-09-05T08:57:57.302Z,33.13,72.45

2026-09-05T08:58:02.302Z,33.12,72.47

2026-09-05T08:58:07.316Z,33.11,72.55

2026-09-05T08:58:12.302Z,33.13,72.48

2026-09-05T08:58:17.304Z,33.13,72.42

2026-09-05T08:58:22.306Z,33.11,72.43

2026-09-05T08:58:27.306Z,33.14,72.55

2026-09-05T08:58:32.312Z,33.14,72.57

2026-09-05T08:58:37.325Z,33.13,72.65

2026-09-05T08:58:42.311Z,33.13,72.57

2026-09-05T08:58:47.313Z,33.14,72.56

2026-09-05T08:58:52.313Z,33.13,72.55

2026-09-05T08:58:57.314Z,33.13,72.58

2026-09-05T08:59:02.327Z,33.13,72.54

2026-09-05T08:59:07.337Z,33.13,72.63

2026-09-05T08:59:12.327Z,33.13,72.58

2026-09-05T08:59:17.326Z,33.15,72.61

2026-09-05T08:59:22.326Z,33.12,72.59

2026-09-05T08:59:27.327Z,33.15,72.55

2026-09-05T08:59:32.330Z,33.13,72.59

2026-09-05T08:59:37.341Z,33.13,72.66

2026-09-05T08:59:42.327Z,33.15,72.59

2026-09-05T08:59:47.328Z,33.14,72.6

2026-09-05T08:59:52.329Z,33.16,72.58

2026-09-05T08:59:57.326Z,33.14,72.6

2026-09-05T09:00:02.345Z,33.14,72.56

2026-09-05T09:00:07.358Z,33.13,72.66

2026-09-05T09:00:12.344Z,33.16,72.61

2026-09-05T09:00:17.343Z,33.14,72.62

2026-09-05T09:00:22.342Z,33.16,72.67

2026-09-05T09:00:27.344Z,33.14,72.64

2026-09-05T09:00:32.347Z,33.15,72.55

2026-09-05T09:00:37.361Z,33.14,72.59

2026-09-05T09:00:42.345Z,33.15,72.55

2026-09-05T09:00:47.348Z,33.17,72.55

2026-09-05T09:00:52.345Z,33.16,72.64

2026-09-05T09:00:57.347Z,33.13,72.59

2026-09-05T09:01:02.364Z,33.14,72.64

2026-09-05T09:01:07.374Z,33.15,72.59

2026-09-05T09:01:12.362Z,33.17,72.58

2026-09-05T09:01:17.360Z,33.16,72.53

2026-09-05T09:01:22.363Z,33.19,72.56

2026-09-05T09:01:27.370Z,33.14,72.66

2026-09-05T09:01:32.362Z,33.18,72.65

2026-09-05T09:01:37.376Z,33.15,72.64

2026-09-05T09:01:42.363Z,33.17,72.64

2026-09-05T09:01:47.364Z,33.15,72.63

2026-09-05T09:01:52.363Z,33.15,72.62

2026-09-05T09:01:57.365Z,33.17,72.68

2026-09-05T09:02:02.364Z,33.15,72.64

2026-09-05T09:02:07.376Z,33.16,72.74

2026-09-05T09:02:12.365Z,33.17,72.75

2026-09-05T09:02:17.368Z,33.18,72.85

2026-09-05T09:02:22.367Z,33.16,72.89

2026-09-05T09:02:27.369Z,33.16,72.9

2026-09-05T09:02:32.373Z,33.15,72.85

2026-09-05T09:02:37.385Z,33.14,72.94

2026-09-05T09:02:42.371Z,33.15,72.89

2026-09-05T09:02:47.373Z,33.17,72.95

2026-09-05T09:02:52.372Z,33.15,72.97

2026-09-05T09:02:57.372Z,33.16,73.03

2026-09-05T09:03:02.387Z,33.16,73.04

2026-09-05T09:03:07.400Z,33.15,73.14

2026-09-05T09:03:12.384Z,33.16,73.11

2026-09-05T09:03:17.385Z,33.15,73.1

2026-09-05T09:03:22.387Z,33.16,73.14

2026-09-05T09:03:27.386Z,33.16,73.2

2026-09-05T09:03:32.393Z,33.16,73.25

2026-09-05T09:03:37.405Z,33.16,73.3

2026-09-05T09:03:42.391Z,33.17,73.22

2026-09-05T09:03:47.394Z,33.18,73.23

2026-09-05T09:03:52.393Z,33.16,73.21

2026-09-05T09:03:57.395Z,33.17,73.21

2026-09-05T09:04:02.397Z,33.18,73.17

2026-09-05T09:04:07.410Z,33.19,73.31

2026-09-05T09:04:12.396Z,33.16,73.37

2026-09-05T09:04:17.395Z,33.16,73.38

2026-09-05T09:04:22.396Z,33.18,73.38

2026-09-05T09:04:27.395Z,33.19,73.37

2026-09-05T09:04:32.401Z,33.18,73.4

2026-09-05T09:04:37.411Z,33.19,73.45

2026-09-05T09:04:42.399Z,33.18,73.38

2026-09-05T09:04:47.401Z,33.19,73.43

2026-09-05T09:04:52.403Z,33.18,73.43

2026-09-05T09:04:57.399Z,33.19,73.41

2026-09-05T09:05:02.409Z,33.19,73.39

2026-09-05T09:05:07.423Z,33.2,73.5

2026-09-05T09:05:12.407Z,33.2,73.41

2026-09-05T09:05:17.409Z,33.2,73.4

2026-09-05T09:05:22.409Z,33.2,73.39

2026-09-05T09:05:27.409Z,33.19,73.38

2026-09-05T09:05:32.416Z,33.21,73.35

2026-09-05T09:05:37.425Z,33.21,73.36

2026-09-05T09:05:42.413Z,33.21,73.36

2026-09-05T09:05:47.415Z,33.21,73.38

2026-09-05T09:05:52.412Z,33.21,73.38

2026-09-05T09:05:57.415Z,33.21,73.4

2026-09-05T09:06:02.432Z,33.22,73.33

2026-09-05T09:06:07.440Z,33.21,73.29

2026-09-05T09:06:12.427Z,33.24,73.28

2026-09-05T09:06:17.429Z,33.22,73.33

2026-09-05T09:06:22.429Z,33.23,73.28

2026-09-05T09:06:27.430Z,33.23,73.27

2026-09-05T09:06:32.441Z,33.22,73.31

2026-09-05T09:06:37.450Z,33.23,73.41

2026-09-05T09:06:42.439Z,33.24,73.4

2026-09-05T09:06:47.441Z,33.25,73.47

2026-09-05T09:06:52.441Z,33.24,73.45

2026-09-05T09:06:57.443Z,33.25,73.42

2026-09-05T09:07:02.446Z,33.25,73.38

2026-09-05T09:07:07.456Z,33.27,73.34

2026-09-05T09:07:12.444Z,33.28,73.37

2026-09-05T09:07:17.444Z,33.27,73.37

2026-09-05T09:07:22.446Z,33.26,73.43

2026-09-05T09:07:27.445Z,33.26,73.44

2026-09-05T09:07:32.452Z,33.26,73.44

2026-09-05T09:07:37.463Z,33.25,73.45

2026-09-05T09:07:42.451Z,33.26,73.44

2026-09-05T09:07:47.451Z,33.26,73.51

2026-09-05T09:07:52.452Z,33.27,73.55

2026-09-05T09:07:57.450Z,33.27,73.49

2026-09-05T09:08:02.451Z,33.26,73.45

2026-09-05T09:08:07.460Z,33.27,73.46

2026-09-05T09:08:12.451Z,33.28,73.44

2026-09-05T09:08:17.451Z,33.28,73.44

2026-09-05T09:08:22.450Z,33.27,73.4

2026-09-05T09:08:27.452Z,33.27,73.38

2026-09-05T09:08:32.466Z,33.27,73.32

2026-09-05T09:08:37.476Z,33.26,73.36

2026-09-05T09:08:42.460Z,33.28,73.29

2026-09-05T09:08:47.465Z,33.28,73.33

2026-09-05T09:08:52.481Z,33.27,73.31

2026-09-05T09:08:57.477Z,33.27,73.33

2026-09-05T09:09:02.475Z,33.28,73.34

2026-09-05T09:09:07.489Z,33.28,73.38

2026-09-05T09:09:12.476Z,33.3,73.29

2026-09-05T09:09:17.476Z,33.26,73.34

2026-09-05T09:09:22.476Z,33.28,73.28

2026-09-05T09:09:27.479Z,33.28,73.26

2026-09-05T09:09:32.476Z,33.29,73.26

2026-09-05T09:09:37.494Z,33.28,73.25

2026-09-05T09:09:42.478Z,33.29,73.23

2026-09-05T09:09:47.478Z,33.3,73.2

2026-09-05T09:09:52.479Z,33.3,73.18

2026-09-05T09:09:57.479Z,33.3,73.19

2026-09-05T09:10:02.486Z,33.31,73.16

2026-09-05T09:10:07.497Z,33.28,73.14

2026-09-05T09:10:12.486Z,33.3,73.17

2026-09-05T09:10:17.485Z,33.32,73.16

2026-09-05T09:10:22.484Z,33.31,73.13

2026-09-05T09:10:27.488Z,33.3,73.13

2026-09-05T09:10:32.493Z,33.32,73.19

2026-09-05T09:10:37.502Z,33.33,73.19

2026-09-05T09:10:42.491Z,33.3,73.24

2026-09-05T09:10:47.491Z,33.3,73.24

2026-09-05T09:10:52.490Z,33.31,73.24

2026-09-05T09:10:57.488Z,33.29,73.35

2026-09-05T09:11:02.510Z,33.3,73.41

2026-09-05T09:11:07.518Z,33.29,73.47

2026-09-05T09:11:12.507Z,33.28,73.39

2026-09-05T09:11:17.508Z,33.3,73.4

2026-09-05T09:11:22.509Z,33.25,73.31

2026-09-05T09:11:27.507Z,33.27,73.44

2026-09-05T09:11:32.520Z,33.26,73.46

2026-09-05T09:11:37.529Z,33.25,73.51

2026-09-05T09:11:42.517Z,33.23,73.52

2026-09-05T09:11:47.518Z,33.24,73.5

2026-09-05T09:11:52.516Z,33.22,73.5

2026-09-05T09:11:57.516Z,33.25,73.5

2026-09-05T09:12:02.526Z,33.23,73.48

2026-09-05T09:12:07.533Z,33.22,73.68

2026-09-05T09:12:12.523Z,33.22,73.66

2026-09-05T09:12:17.525Z,33.18,73.71

2026-09-05T09:12:22.527Z,33.2,73.75

2026-09-05T09:12:27.526Z,33.19,73.83

2026-09-05T09:12:32.531Z,33.18,73.84

2026-09-05T09:12:37.550Z,33.17,73.89

2026-09-05T09:12:42.532Z,33.18,73.88

2026-09-05T09:12:47.529Z,33.16,73.81

2026-09-05T09:12:52.531Z,33.15,73.91

2026-09-05T09:12:57.532Z,33.16,73.89

2026-09-05T09:13:02.542Z,33.15,73.91

2026-09-05T09:13:07.549Z,33.17,73.92

2026-09-05T09:13:12.538Z,33.16,73.88

2026-09-05T09:13:17.542Z,33.15,73.9

2026-09-05T09:13:22.540Z,33.16,73.94

2026-09-05T09:13:27.541Z,33.16,73.99

2026-09-05T09:13:32.549Z,33.13,74.05

2026-09-05T09:13:37.565Z,33.13,74.16

2026-09-05T09:13:42.547Z,33.12,74.14

2026-09-05T09:13:47.549Z,33.12,74.17

2026-09-05T09:13:52.549Z,33.12,74.21

2026-09-05T09:13:57.549Z,33.13,74.21

2026-09-05T09:14:02.552Z,33.12,74.28

2026-09-05T09:14:07.565Z,33.09,74.32

2026-09-05T09:14:12.550Z,33.11,74.24

2026-09-05T09:14:17.549Z,33.11,74.24

2026-09-05T09:14:22.551Z,33.05,74.41

2026-09-05T09:14:27.550Z,33.08,74.48

2026-09-05T09:14:32.555Z,33.08,74.49

2026-09-05T09:14:37.565Z,33.08,74.43

2026-09-05T09:14:42.555Z,33.09,74.41

2026-09-05T09:14:47.556Z,33.07,74.38

2026-09-05T09:14:52.559Z,33.08,74.38

2026-09-05T09:14:57.572Z,33.08,74.43

2026-09-05T09:15:02.558Z,33.07,74.36

2026-09-05T09:15:07.560Z,33.05,74.48

2026-09-05T09:15:12.557Z,33.07,74.46

2026-09-05T09:15:17.558Z,33.05,74.54

2026-09-05T09:15:22.558Z,33.05,74.6

2026-09-05T09:15:27.569Z,33.03,74.67

2026-09-05T09:15:32.557Z,33.04,74.74

2026-09-05T09:15:37.560Z,33.04,74.66

2026-09-05T09:15:42.561Z,33.04,74.69

2026-09-05T09:15:47.560Z,33.07,74.64

2026-09-05T09:15:52.562Z,33.04,74.67

2026-09-05T09:15:57.582Z,33.02,74.67

2026-09-05T09:16:02.565Z,33.05,74.69

2026-09-05T09:16:07.567Z,33.01,74.73

2026-09-05T09:16:12.561Z,33.04,74.83

2026-09-05T09:16:17.563Z,33.04,74.84

2026-09-05T09:16:22.563Z,33.04,74.81

2026-09-05T09:16:27.576Z,33.03,74.82

2026-09-05T09:16:32.562Z,33.01,74.77

2026-09-05T09:16:37.566Z,33.06,74.72

2026-09-05T09:16:42.566Z,33.04,74.73

2026-09-05T09:16:47.567Z,33.04,74.72

2026-09-05T09:16:52.576Z,33.03,74.73

2026-09-05T09:16:57.586Z,33.03,74.73

2026-09-05T09:17:02.575Z,33.05,74.48

2026-09-05T09:17:07.577Z,33.04,74.4

2026-09-05T09:17:12.575Z,33.04,74.38

2026-09-05T09:17:17.579Z,33.02,74.36

2026-09-05T09:17:22.591Z,33.01,74.36

2026-09-05T09:17:27.601Z,33.03,74.46

2026-09-05T09:17:32.589Z,33.02,74.46

2026-09-05T09:17:37.589Z,33.02,74.73

2026-09-05T09:17:42.589Z,33.01,74.73

2026-09-05T09:17:47.592Z,32.99,74.79

2026-09-05T09:17:52.608Z,32.99,74.78

2026-09-05T09:17:57.622Z,32.97,74.81

2026-09-05T09:18:02.608Z,32.96,74.88

2026-09-05T09:18:07.607Z,32.99,75.03

2026-09-05T09:18:12.608Z,32.95,75.08

2026-09-05T09:18:17.610Z,32.95,75.36

2026-09-05T09:18:22.612Z,32.95,75.35

2026-09-05T09:18:27.624Z,32.95,75.48

2026-09-05T09:18:32.610Z,32.96,75.47

2026-09-05T09:18:37.610Z,32.96,75.5

2026-09-05T09:18:42.611Z,32.94,75.54

2026-09-05T09:18:47.610Z,32.91,75.6

2026-09-05T09:18:52.612Z,32.92,75.65

2026-09-05T09:18:57.631Z,32.92,75.65

2026-09-05T09:19:02.613Z,32.9,75.68

2026-09-05T09:19:07.612Z,32.91,75.71

2026-09-05T09:19:12.613Z,32.94,75.78

2026-09-05T09:19:17.613Z,32.91,75.84

2026-09-05T09:19:22.624Z,32.9,75.83

2026-09-05T09:19:27.632Z,32.89,75.77

2026-09-05T09:19:32.622Z,32.87,75.5

2026-09-05T09:19:37.621Z,32.86,75.38

2026-09-05T09:19:42.625Z,32.88,75.29

2026-09-05T09:19:47.625Z,32.87,75.4

2026-09-05T09:19:52.635Z,32.88,75.46

2026-09-05T09:19:57.645Z,32.85,75.64

2026-09-05T09:20:02.631Z,32.84,75.73

2026-09-05T09:20:07.630Z,32.85,75.59

2026-09-05T09:20:12.632Z,32.85,75.63

2026-09-05T09:20:17.632Z,32.85,75.58

2026-09-05T09:20:22.642Z,32.85,75.53

2026-09-05T09:20:27.653Z,32.83,75.58

2026-09-05T09:20:32.642Z,32.82,75.66

2026-09-05T09:20:37.643Z,32.82,75.65

2026-09-05T09:20:42.644Z,32.83,75.67

2026-09-05T09:20:47.643Z,32.8,75.6

2026-09-05T09:20:52.647Z,32.84,75.68

2026-09-05T09:20:57.658Z,32.82,75.79

2026-09-05T09:21:02.644Z,32.79,75.8

2026-09-05T09:21:07.645Z,32.79,75.95

2026-09-05T09:21:12.647Z,32.8,75.91

2026-09-05T09:21:17.647Z,32.81,75.9

2026-09-05T09:21:22.652Z,32.8,75.84

2026-09-05T09:21:27.663Z,32.78,75.79

2026-09-05T09:21:32.651Z,32.75,75.59

2026-09-05T09:21:37.651Z,32.77,75.53

2026-09-05T09:21:42.653Z,32.78,75.54

2026-09-05T09:21:47.653Z,32.75,75.47

2026-09-05T09:21:52.673Z,32.73,75.61

2026-09-05T09:21:57.668Z,32.73,75.49

2026-09-05T09:22:02.667Z,32.71,75.46

2026-09-05T09:22:07.669Z,32.71,75.34

2026-09-05T09:22:12.668Z,32.71,75.47

2026-09-05T09:22:17.684Z,32.71,75.54

2026-09-05T09:22:22.670Z,32.71,75.49

2026-09-05T09:22:27.673Z,32.68,75.52

2026-09-05T09:22:32.672Z,32.69,75.59

2026-09-05T09:22:37.670Z,32.69,75.65

2026-09-05T09:22:42.671Z,32.69,75.71

2026-09-05T09:22:47.683Z,32.68,75.8

2026-09-05T09:22:52.670Z,32.68,75.78

2026-09-05T09:22:57.672Z,32.67,75.91

2026-09-05T09:23:02.672Z,32.68,75.89

2026-09-05T09:23:07.673Z,32.68,75.94

2026-09-05T09:23:12.674Z,32.69,75.93

2026-09-05T09:23:17.687Z,32.67,76.01

2026-09-05T09:23:22.677Z,32.67,76.03

2026-09-05T09:23:27.676Z,32.66,76.04

2026-09-05T09:23:32.677Z,32.65,76.04

2026-09-05T09:23:37.678Z,32.63,75.98

2026-09-05T09:23:42.688Z,32.64,75.98

2026-09-05T09:23:47.710Z,32.63,75.97

2026-09-05T09:23:52.685Z,32.62,75.95

2026-09-05T09:23:57.697Z,32.62,76.01

2026-09-05T09:24:02.686Z,32.63,76.14

2026-09-05T09:24:07.686Z,32.64,76.03

2026-09-05T09:24:12.690Z,32.61,76.14

2026-09-05T09:24:17.703Z,32.62,75.98

2026-09-05T09:24:22.689Z,32.62,75.91

2026-09-05T09:24:27.689Z,32.61,75.98

2026-09-05T09:24:32.689Z,32.6,76.08

2026-09-05T09:24:37.690Z,32.61,76.13

2026-09-05T09:24:42.704Z,32.61,76.09

2026-09-05T09:24:47.717Z,32.59,76.1

2026-09-05T09:24:52.703Z,32.61,75.89

2026-09-05T09:24:57.706Z,32.6,75.94

2026-09-05T09:25:02.705Z,32.59,75.93

2026-09-05T09:25:07.705Z,32.59,75.98

2026-09-05T09:25:12.709Z,32.6,75.94

2026-09-05T09:25:17.720Z,32.57,75.97

2026-09-05T09:25:22.708Z,32.55,76.04

2026-09-05T09:25:27.711Z,32.57,76.07

2026-09-05T09:25:32.710Z,32.58,76.15

2026-09-05T09:25:37.710Z,32.54,76.13

2026-09-05T09:25:42.725Z,32.55,76.19

2026-09-05T09:25:47.735Z,32.55,76.18

2026-09-05T09:25:52.722Z,32.55,76.19

2026-09-05T09:25:57.723Z,32.55,76.18

2026-09-05T09:26:02.721Z,32.58,76.25

2026-09-05T09:26:07.722Z,32.55,76.23

2026-09-05T09:26:12.728Z,32.56,76.31

2026-09-05T09:26:17.739Z,32.54,76.37

2026-09-05T09:26:22.726Z,32.57,76.36

2026-09-05T09:26:27.724Z,32.56,76.41

2026-09-05T09:26:32.725Z,32.56,76.28

2026-09-05T09:26:37.722Z,32.55,76.36

2026-09-05T09:26:42.733Z,32.54,76.41

2026-09-05T09:26:47.745Z,32.55,76.44

2026-09-05T09:26:52.730Z,32.57,76.35

2026-09-05T09:26:57.732Z,32.56,76.31

2026-09-05T09:27:02.732Z,32.55,76.4

2026-09-05T09:27:07.731Z,32.56,76.4

2026-09-05T09:27:12.744Z,32.54,76.41

2026-09-05T09:27:17.755Z,32.57,76.49

2026-09-05T09:27:22.744Z,32.55,76.47

2026-09-05T09:27:27.744Z,32.54,76.46

2026-09-05T09:27:32.744Z,32.53,76.43

2026-09-05T09:27:37.744Z,32.53,76.45

2026-09-05T09:27:42.753Z,32.53,76.35

2026-09-05T09:27:47.767Z,32.51,76.29

2026-09-05T09:27:52.752Z,32.52,76.2

2026-09-05T09:27:57.753Z,32.49,76.15

2026-09-05T09:28:02.754Z,32.5,76.18

2026-09-05T09:28:07.754Z,32.5,76.15

2026-09-05T09:28:12.767Z,32.48,76.18

2026-09-05T09:28:17.778Z,32.5,76.3

2026-09-05T09:28:22.767Z,32.48,76.24

2026-09-05T09:28:27.764Z,32.5,76.3

2026-09-05T09:28:32.768Z,32.5,76.29

2026-09-05T09:28:37.765Z,32.49,76.29

2026-09-05T09:28:42.780Z,32.47,76.28

2026-09-05T09:28:47.793Z,32.48,76.34

2026-09-05T09:28:52.780Z,32.5,76.32

2026-09-05T09:28:57.781Z,32.47,76.34

2026-09-05T09:29:02.779Z,32.49,76.39

2026-09-05T09:29:07.779Z,32.47,76.45

2026-09-05T09:29:12.785Z,32.46,76.44

2026-09-05T09:29:17.799Z,32.47,76.45

2026-09-05T09:29:22.783Z,32.47,76.44

2026-09-05T09:29:27.785Z,32.47,76.43

2026-09-05T09:29:32.785Z,32.49,76.44

2026-09-05T09:29:37.786Z,32.47,76.47

2026-09-05T09:29:42.791Z,32.48,76.43

2026-09-05T09:29:47.803Z,32.47,76.53

2026-09-05T09:29:52.791Z,32.48,76.52

2026-09-05T09:29:57.790Z,32.46,76.58

2026-09-05T09:30:02.792Z,32.47,76.62

2026-09-05T09:30:07.794Z,32.47,76.66

2026-09-05T09:30:12.793Z,32.49,76.64

2026-09-05T09:30:17.808Z,32.49,76.73

2026-09-05T09:30:22.794Z,32.47,76.72

2026-09-05T09:30:27.794Z,32.48,76.74

2026-09-05T09:30:32.793Z,32.47,76.66

2026-09-05T09:30:37.797Z,32.47,76.7

2026-09-05T09:30:42.803Z,32.49,76.68

2026-09-05T09:30:47.811Z,32.48,76.81

2026-09-05T09:30:52.803Z,32.48,76.76

2026-09-05T09:30:57.805Z,32.48,76.77

2026-09-05T09:31:02.802Z,32.49,76.76

2026-09-05T09:31:07.803Z,32.48,76.8

2026-09-05T09:31:12.814Z,32.5,76.74

2026-09-05T09:31:17.832Z,32.49,76.79

2026-09-05T09:31:22.812Z,32.49,76.73

2026-09-05T09:31:27.812Z,32.48,76.81

2026-09-05T09:31:32.811Z,32.49,76.79

2026-09-05T09:31:37.811Z,32.5,76.78

2026-09-05T09:31:42.824Z,32.49,76.83

2026-09-05T09:31:47.839Z,32.47,76.88

2026-09-05T09:31:52.823Z,32.47,76.9

2026-09-05T09:31:57.823Z,32.47,76.87

2026-09-05T09:32:02.822Z,32.45,76.99

2026-09-05T09:32:07.822Z,32.47,76.97

2026-09-05T09:32:12.833Z,32.46,76.96

2026-09-05T09:32:17.842Z,32.46,77.02

2026-09-05T09:32:22.830Z,32.48,76.97

2026-09-05T09:32:27.832Z,32.46,76.97

2026-09-05T09:32:32.832Z,32.48,76.99

2026-09-05T09:32:37.833Z,32.47,76.96

2026-09-05T09:32:42.842Z,32.45,76.91

2026-09-05T09:32:47.851Z,32.46,76.92

2026-09-05T09:32:52.841Z,32.44,76.93

2026-09-05T09:32:57.840Z,32.47,76.93

2026-09-05T09:33:02.841Z,32.45,76.9

2026-09-05T09:33:07.840Z,32.46,76.93

2026-09-05T09:33:12.845Z,32.44,76.88

2026-09-05T09:33:17.854Z,32.45,76.86

2026-09-05T09:33:22.842Z,32.48,76.85

2026-09-05T09:33:27.844Z,32.45,76.82

2026-09-05T09:33:32.845Z,32.45,76.82

2026-09-05T09:33:37.842Z,32.43,76.88

2026-09-05T09:33:42.851Z,32.47,76.96

2026-09-05T09:33:47.862Z,32.44,76.95

2026-09-05T09:33:52.849Z,32.47,76.89

2026-09-05T09:33:57.850Z,32.44,76.85

2026-09-05T09:34:02.848Z,32.45,76.92

2026-09-05T09:34:07.847Z,32.45,76.92

2026-09-05T09:34:12.851Z,32.47,76.89

2026-09-05T09:34:17.861Z,32.45,77

2026-09-05T09:34:22.852Z,32.46,76.91

2026-09-05T09:34:27.852Z,32.46,76.98

2026-09-05T09:34:32.851Z,32.47,76.96

2026-09-05T09:34:37.863Z,32.44,76.96

2026-09-05T09:34:42.855Z,32.44,76.91

2026-09-05T09:34:47.854Z,32.45,76.94

2026-09-05T09:34:52.854Z,32.44,76.95

2026-09-05T09:34:57.853Z,32.46,76.88

2026-09-05T09:35:02.854Z,32.45,76.88

2026-09-05T09:35:07.872Z,32.45,76.91

2026-09-05T09:35:12.854Z,32.47,76.95

2026-09-05T09:35:17.856Z,32.45,76.9

2026-09-05T09:35:22.857Z,32.44,76.88

2026-09-05T09:35:27.859Z,32.45,76.92

2026-09-05T09:35:32.863Z,32.46,76.9

2026-09-05T09:35:37.873Z,32.43,76.95

2026-09-05T09:35:42.861Z,32.44,76.89

2026-09-05T09:35:47.860Z,32.45,76.91

2026-09-05T09:35:52.860Z,32.45,76.89

2026-09-05T09:35:57.862Z,32.45,76.82

2026-09-05T09:36:02.877Z,32.45,76.88

2026-09-05T09:36:07.886Z,32.44,76.89

2026-09-05T09:36:12.878Z,32.45,76.83

2026-09-05T09:36:17.879Z,32.43,76.85

2026-09-05T09:36:22.878Z,32.43,76.82

2026-09-05T09:36:27.878Z,32.42,76.89

2026-09-05T09:36:32.893Z,32.44,76.86

2026-09-05T09:36:37.900Z,32.42,76.89

2026-09-05T09:36:42.891Z,32.43,76.81

2026-09-05T09:36:47.890Z,32.42,76.85

2026-09-05T09:36:52.888Z,32.42,76.86

2026-09-05T09:36:57.890Z,32.43,76.81

2026-09-05T09:37:02.906Z,32.42,76.83

2026-09-05T09:37:07.917Z,32.4,76.88

2026-09-05T09:37:12.905Z,32.42,76.85

2026-09-05T09:37:17.905Z,32.42,76.8

2026-09-05T09:37:22.905Z,32.44,76.85

2026-09-05T09:37:27.906Z,32.42,76.87

2026-09-05T09:37:32.906Z,32.42,76.86

2026-09-05T09:37:37.921Z,32.43,76.93

2026-09-05T09:37:42.905Z,32.42,76.85

2026-09-05T09:37:47.906Z,32.44,76.92

2026-09-05T09:37:52.905Z,32.41,76.88

2026-09-05T09:37:57.905Z,32.41,76.95

2026-09-05T09:38:02.915Z,32.41,76.97

2026-09-05T09:38:07.927Z,32.41,76.96

2026-09-05T09:38:12.914Z,32.41,76.95

2026-09-05T09:38:17.926Z,32.41,77.02

2026-09-05T09:38:22.915Z,32.42,76.96

2026-09-05T09:38:27.918Z,32.41,76.99

2026-09-05T09:38:32.918Z,32.41,77

2026-09-05T09:38:37.915Z,32.42,77.01

2026-09-05T09:38:42.925Z,32.4,77

2026-09-05T09:38:47.937Z,32.42,77.03

2026-09-05T09:38:52.923Z,32.4,77

2026-09-05T09:38:57.925Z,32.4,77

2026-09-05T09:39:02.925Z,32.43,77.01

2026-09-05T09:39:07.926Z,32.41,77.01

2026-09-05T09:39:12.925Z,32.41,77.11

2026-09-05T09:39:17.941Z,32.4,77.06

2026-09-05T09:39:22.928Z,32.4,77.02

2026-09-05T09:39:27.929Z,32.41,77.05

2026-09-05T09:39:32.928Z,32.42,77.14

2026-09-05T09:39:37.930Z,32.42,77.16

2026-09-05T09:39:42.935Z,32.41,77.17

2026-09-05T09:39:47.943Z,32.39,77.12

2026-09-05T09:39:52.933Z,32.4,77.16

2026-09-05T09:39:57.935Z,32.4,77.2

2026-09-05T09:40:02.934Z,32.42,77.23

2026-09-05T09:40:07.934Z,32.41,77.21

2026-09-05T09:40:12.939Z,32.42,77.21

2026-09-05T09:40:17.949Z,32.41,77.22

2026-09-05T09:40:22.937Z,32.41,77.22

2026-09-05T09:40:27.938Z,32.41,77.21

2026-09-05T09:40:32.940Z,32.43,77.21

2026-09-05T09:40:37.938Z,32.4,77.24

2026-09-05T09:40:42.950Z,32.42,77.29

2026-09-05T09:40:47.958Z,32.42,77.31

2026-09-05T09:40:52.949Z,32.42,77.27

2026-09-05T09:40:57.949Z,32.42,77.3

2026-09-05T09:41:02.947Z,32.41,77.36

2026-09-05T09:41:07.949Z,32.41,77.37

2026-09-05T09:41:12.946Z,32.41,77.45

2026-09-05T09:41:17.959Z,32.42,77.43

2026-09-05T09:41:22.946Z,32.43,77.38

2026-09-05T09:41:27.948Z,32.42,77.44

2026-09-05T09:41:32.945Z,32.42,77.49

2026-09-05T09:41:37.947Z,32.4,77.43

2026-09-05T09:41:42.959Z,32.42,77.43

2026-09-05T09:41:47.970Z,32.43,77.49

2026-09-05T09:41:52.959Z,32.41,77.5

2026-09-05T09:41:57.961Z,32.41,77.43

2026-09-05T09:42:02.961Z,32.41,77.39

2026-09-05T09:42:07.958Z,32.37,77.34

2026-09-05T09:42:12.976Z,32.41,77.39

2026-09-05T09:42:17.988Z,32.38,77.34

2026-09-05T09:42:22.973Z,32.41,77.38

2026-09-05T09:42:27.975Z,32.41,77.41

2026-09-05T09:42:32.975Z,32.39,77.36

2026-09-05T09:42:37.977Z,32.39,77.4

2026-09-05T09:42:42.990Z,32.38,77.36

2026-09-05T09:42:48.002Z,32.4,77.42

2026-09-05T09:42:52.989Z,32.37,77.45

2026-09-05T09:42:57.991Z,32.4,77.44

2026-09-05T09:43:02.989Z,32.39,77.41

2026-09-05T09:43:07.989Z,32.39,77.39

2026-09-05T09:43:13.007Z,32.39,77.45

2026-09-05T09:43:18.017Z,32.4,77.51

2026-09-05T09:43:23.007Z,32.39,77.42

2026-09-05T09:43:28.006Z,32.38,77.47

2026-09-05T09:43:33.006Z,32.38,77.33

2026-09-05T09:43:38.006Z,32.39,77.46

2026-09-05T09:43:43.007Z,32.37,77.49

2026-09-05T09:43:48.019Z,32.38,77.51

2026-09-05T09:43:53.011Z,32.37,77.43

2026-09-05T09:43:58.010Z,32.37,77.24

2026-09-05T09:44:03.008Z,32.39,77.18

2026-09-05T09:44:08.010Z,32.39,77.14

2026-09-05T09:44:13.017Z,32.38,77.1

2026-09-05T09:44:18.029Z,32.38,77.13

2026-09-05T09:44:23.015Z,32.38,76.99

2026-09-05T09:44:28.015Z,32.4,77.04

2026-09-05T09:44:33.015Z,32.4,77.08

2026-09-05T09:44:38.026Z,32.4,77.09

2026-09-05T09:44:43.014Z,32.41,76.97

2026-09-05T09:44:48.014Z,32.41,77

2026-09-05T09:44:53.016Z,32.41,77.01

2026-09-05T09:44:58.014Z,32.43,77.01

2026-09-05T09:45:03.014Z,32.43,76.98

2026-09-05T09:45:08.025Z,32.42,77.02

2026-09-05T09:45:13.014Z,32.43,76.94

2026-09-05T09:45:18.013Z,32.42,76.89

2026-09-05T09:45:23.016Z,32.45,76.96

2026-09-05T09:45:28.018Z,32.45,77

2026-09-05T09:45:33.023Z,32.44,76.93

2026-09-05T09:45:38.030Z,32.46,76.93

2026-09-05T09:45:43.020Z,32.45,76.93

2026-09-05T09:45:48.021Z,32.46,76.87

2026-09-05T09:45:53.020Z,32.47,76.9

2026-09-05T09:45:58.023Z,32.46,76.86

2026-09-05T09:46:03.039Z,32.47,76.78

2026-09-05T09:46:08.051Z,32.48,76.85

2026-09-05T09:46:13.035Z,32.48,76.82

2026-09-05T09:46:18.038Z,32.49,76.85

2026-09-05T09:46:23.037Z,32.51,76.83

2026-09-05T09:46:28.037Z,32.49,76.85

2026-09-05T09:46:33.047Z,32.52,76.85

2026-09-05T09:46:38.058Z,32.51,76.82

2026-09-05T09:46:43.046Z,32.52,76.81

2026-09-05T09:46:48.049Z,32.52,76.83

2026-09-05T09:46:53.049Z,32.51,76.82

2026-09-05T09:46:58.048Z,32.54,76.76

2026-09-05T09:47:03.062Z,32.52,76.7

2026-09-05T09:47:08.073Z,32.53,76.82

2026-09-05T09:47:13.059Z,32.55,76.74

2026-09-05T09:47:18.060Z,32.56,76.8

2026-09-05T09:47:23.063Z,32.54,76.74

2026-09-05T09:47:28.061Z,32.56,76.77

2026-09-05T09:47:33.065Z,32.57,76.73

2026-09-05T09:47:38.079Z,32.58,76.78

2026-09-05T09:47:43.066Z,32.57,76.71

2026-09-05T09:47:48.065Z,32.58,76.64

2026-09-05T09:47:53.066Z,32.59,76.6

2026-09-05T09:47:58.066Z,32.58,76.64

2026-09-05T09:48:03.072Z,32.58,76.59

2026-09-05T09:48:08.081Z,32.58,76.63

2026-09-05T09:48:13.069Z,32.57,76.57

2026-09-05T09:48:18.069Z,32.58,76.58

2026-09-05T09:48:23.068Z,32.62,76.61

2026-09-05T09:48:28.069Z,32.62,76.55

2026-09-05T09:48:33.079Z,32.6,76.56

2026-09-05T09:48:38.087Z,32.6,76.63

2026-09-05T09:48:43.075Z,32.59,76.53

2026-09-05T09:48:48.077Z,32.61,76.58

2026-09-05T09:48:53.075Z,32.61,76.51

2026-09-05T09:48:58.075Z,32.6,76.53

2026-09-05T09:49:03.086Z,32.6,76.6

2026-09-05T09:49:08.080Z,32.62,76.49

2026-09-05T09:49:13.077Z,32.61,76.46

2026-09-05T09:49:18.081Z,32.61,76.42

2026-09-05T09:49:23.081Z,32.59,76.35

2026-09-05T09:49:28.094Z,32.61,76.41

2026-09-05T09:49:33.082Z,32.61,76.4

2026-09-05T09:49:38.082Z,32.61,76.35

2026-09-05T09:49:43.088Z,32.64,76.33

2026-09-05T09:49:48.084Z,32.63,76.42

2026-09-05T09:49:53.088Z,32.64,76.33

2026-09-05T09:49:58.102Z,32.63,76.37

2026-09-05T09:50:03.091Z,32.63,76.29

2026-09-05T09:50:08.091Z,32.64,76.2

2026-09-05T09:50:13.090Z,32.65,76.16

2026-09-05T09:50:18.091Z,32.65,76.14

2026-09-05T09:50:23.098Z,32.66,76.19

2026-09-05T09:50:28.108Z,32.66,76.17

2026-09-05T09:50:33.096Z,32.65,76.09

2026-09-05T09:50:38.096Z,32.66,76.16

2026-09-05T09:50:43.097Z,32.66,76.2

2026-09-05T09:50:48.100Z,32.68,76.15

2026-09-05T09:50:53.106Z,32.68,76.07

2026-09-05T09:50:58.119Z,32.68,76.15

2026-09-05T09:51:03.105Z,32.69,76.06

2026-09-05T09:51:08.106Z,32.68,76.04

2026-09-05T09:51:13.105Z,32.68,75.95

2026-09-05T09:51:18.105Z,32.69,75.85

2026-09-05T09:51:23.114Z,32.71,75.81

2026-09-05T09:51:28.125Z,32.7,75.85

2026-09-05T09:51:33.114Z,32.72,75.68

2026-09-05T09:51:38.113Z,32.71,75.62

2026-09-05T09:51:43.114Z,32.72,75.6

2026-09-05T09:51:48.115Z,32.7,75.56

2026-09-05T09:51:53.125Z,32.72,75.54

2026-09-05T09:51:58.136Z,32.71,75.56

2026-09-05T09:52:03.124Z,32.72,75.5

2026-09-05T09:52:08.124Z,32.73,75.6

2026-09-05T09:52:13.123Z,32.71,75.52

2026-09-05T09:52:18.128Z,32.71,75.54

2026-09-05T09:52:23.131Z,32.72,75.51

2026-09-05T09:52:28.139Z,32.72,75.44

2026-09-05T09:52:33.131Z,32.72,75.41

2026-09-05T09:52:38.130Z,32.7,75.35

2026-09-05T09:52:43.139Z,32.72,75.41

2026-09-05T09:52:48.143Z,32.71,75.3

2026-09-05T09:52:53.133Z,32.7,75.28

2026-09-05T09:52:58.132Z,32.72,75.29

2026-09-05T09:53:03.131Z,32.72,75.29

2026-09-05T09:53:08.147Z,32.72,75.35

2026-09-05T09:53:13.134Z,32.72,75.36

2026-09-05T09:53:18.134Z,32.71,75.39

2026-09-05T09:53:23.135Z,32.72,75.35

2026-09-05T09:53:28.146Z,32.7,75.33

2026-09-05T09:53:33.135Z,32.7,75.4

2026-09-05T09:53:38.136Z,32.72,75.41

2026-09-05T09:53:43.135Z,32.7,75.42

2026-09-05T09:53:48.136Z,32.72,75.33

2026-09-05T09:53:53.142Z,32.72,75.35

2026-09-05T09:53:58.155Z,32.7,75.29

2026-09-05T09:54:03.140Z,32.69,75.28

2026-09-05T09:54:08.140Z,32.72,75.32

2026-09-05T09:54:13.142Z,32.72,75.27

2026-09-05T09:54:18.142Z,32.72,75.26

2026-09-05T09:54:23.155Z,32.73,75.2

2026-09-05T09:54:28.170Z,32.73,75.19

2026-09-05T09:54:33.155Z,32.75,75.16

2026-09-05T09:54:38.156Z,32.72,75.07

2026-09-05T09:54:43.155Z,32.74,75.06

2026-09-05T09:54:48.155Z,32.71,74.97

2026-09-05T09:54:53.168Z,32.73,75.04

2026-09-05T09:54:58.182Z,32.71,75.08

2026-09-05T09:55:03.169Z,32.73,75.14

2026-09-05T09:55:08.166Z,32.74,75.14

2026-09-05T09:55:13.167Z,32.74,74.97

2026-09-05T09:55:18.169Z,32.75,74.88

2026-09-05T09:55:23.182Z,32.75,74.74

2026-09-05T09:55:28.191Z,32.75,74.82

2026-09-05T09:55:33.179Z,32.75,74.78

2026-09-05T09:55:38.180Z,32.74,74.76

2026-09-05T09:55:43.180Z,32.76,74.71

2026-09-05T09:55:48.181Z,32.75,74.62

2026-09-05T09:55:53.187Z,32.73,74.61

2026-09-05T09:55:58.194Z,32.73,74.67

2026-09-05T09:56:03.185Z,32.76,74.56

2026-09-05T09:56:08.183Z,32.76,74.51

2026-09-05T09:56:13.183Z,32.75,74.45

2026-09-05T09:56:18.183Z,32.75,74.59

2026-09-05T09:56:23.183Z,32.75,74.47

2026-09-05T09:56:28.190Z,32.74,74.54

2026-09-05T09:56:33.186Z,32.75,74.5

2026-09-05T09:56:38.186Z,32.73,74.59

2026-09-05T09:56:43.186Z,32.76,74.59

2026-09-05T09:56:48.186Z,32.77,74.68

2026-09-05T09:56:53.200Z,32.76,74.67

2026-09-05T09:56:58.211Z,32.77,74.65

2026-09-05T09:57:03.203Z,32.76,74.58

2026-09-05T09:57:08.203Z,32.78,74.56

2026-09-05T09:57:13.199Z,32.78,74.56

2026-09-05T09:57:18.200Z,32.76,74.47

2026-09-05T09:57:23.210Z,32.75,74.45

2026-09-05T09:57:28.222Z,32.77,74.42

2026-09-05T09:57:33.209Z,32.78,74.44

2026-09-05T09:57:38.208Z,32.77,74.4

2026-09-05T09:57:43.207Z,32.76,74.42

2026-09-05T09:57:48.209Z,32.78,74.4

2026-09-05T09:57:53.232Z,32.77,74.38

2026-09-05T09:57:58.224Z,32.78,74.36

2026-09-05T09:58:03.225Z,32.79,74.33

2026-09-05T09:58:08.225Z,32.8,74.26

2026-09-05T09:58:13.228Z,32.79,74.33

2026-09-05T09:58:18.238Z,32.77,74.41

2026-09-05T09:58:23.227Z,32.78,74.42

2026-09-05T09:58:28.225Z,32.8,74.4

2026-09-05T09:58:33.225Z,32.79,74.43

2026-09-05T09:58:38.241Z,32.78,74.42

2026-09-05T09:58:43.227Z,32.8,74.32

2026-09-05T09:58:48.227Z,32.79,74.27

2026-09-05T09:58:53.227Z,32.8,74.24

2026-09-05T09:58:58.227Z,32.79,74.35

2026-09-05T09:59:03.232Z,32.8,74.22

2026-09-05T09:59:08.244Z,32.8,74.34

2026-09-05T09:59:13.230Z,32.82,74.37

2026-09-05T09:59:18.230Z,32.82,74.38

2026-09-05T09:59:23.230Z,32.81,74.37

2026-09-05T09:59:28.230Z,32.81,74.4

2026-09-05T09:59:33.244Z,32.81,74.36

2026-09-05T09:59:38.255Z,32.82,74.41

2026-09-05T09:59:43.243Z,32.83,74.33

2026-09-05T09:59:48.243Z,32.84,74.39

2026-09-05T09:59:53.243Z,32.85,74.38

2026-09-05T09:59:58.260Z,32.84,74.43

2026-09-05T10:00:03.245Z,32.83,74.35

2026-09-05T10:00:08.243Z,32.83,74.32

2026-09-05T10:00:13.246Z,32.85,74.34

2026-09-05T10:00:18.246Z,32.85,74.3

2026-09-05T10:00:23.262Z,32.86,74.34

2026-09-05T10:00:28.277Z,32.85,74.36

2026-09-05T10:00:33.263Z,32.85,74.3

2026-09-05T10:00:38.261Z,32.87,74.36

2026-09-05T10:00:43.260Z,32.86,74.27

2026-09-05T10:00:48.263Z,32.87,74.31

2026-09-05T10:00:53.270Z,32.88,74.28

2026-09-05T10:00:58.281Z,32.89,74.3

2026-09-05T10:01:03.269Z,32.89,74.29

2026-09-05T10:01:08.270Z,32.9,74.25

2026-09-05T10:01:13.269Z,32.89,74.25

2026-09-05T10:01:18.270Z,32.89,74.27

2026-09-05T10:01:23.277Z,32.91,74.19

2026-09-05T10:01:28.286Z,32.88,74.24

2026-09-05T10:01:33.275Z,32.9,74.19

2026-09-05T10:01:38.274Z,32.91,74.13

2026-09-05T10:01:43.275Z,32.91,74.19

2026-09-05T10:01:48.277Z,32.91,74.19

2026-09-05T10:01:53.285Z,32.92,74.16

2026-09-05T10:01:58.295Z,32.9,74.17

2026-09-05T10:02:03.287Z,32.93,74.09

2026-09-05T10:02:08.284Z,32.92,74.18

2026-09-05T10:02:13.284Z,32.92,74.13

2026-09-05T10:02:18.301Z,32.91,74.11

2026-09-05T10:02:23.286Z,32.92,74.09

2026-09-05T10:02:28.285Z,32.92,74.05

2026-09-05T10:02:33.284Z,32.92,74.08

2026-09-05T10:02:38.286Z,32.93,74.05

2026-09-05T10:02:43.283Z,32.93,74.09

2026-09-05T10:02:48.296Z,32.94,74.17

2026-09-05T10:02:53.284Z,32.94,74.1

2026-09-05T10:02:58.284Z,32.94,74.07

2026-09-05T10:03:03.283Z,32.94,74.04

2026-09-05T10:03:08.283Z,32.95,74.08

2026-09-05T10:03:13.300Z,32.94,74

2026-09-05T10:03:18.309Z,32.93,74.1

2026-09-05T10:03:23.298Z,32.94,74.05

2026-09-05T10:03:28.301Z,32.91,74.04

2026-09-05T10:03:33.299Z,32.94,74.09

2026-09-05T10:03:38.299Z,32.93,74.1

2026-09-05T10:03:43.301Z,32.94,74.08

2026-09-05T10:03:48.313Z,32.95,74.08

2026-09-05T10:03:53.298Z,32.93,74.05

2026-09-05T10:03:58.302Z,32.95,74.11

2026-09-05T10:04:03.302Z,32.96,74.11

2026-09-05T10:04:08.302Z,32.95,74.05

2026-09-05T10:04:13.312Z,32.96,74.09

2026-09-05T10:04:18.326Z,32.96,74.2

2026-09-05T10:04:23.313Z,32.96,74.04

2026-09-05T10:04:28.314Z,32.97,74.09

2026-09-05T10:04:33.313Z,32.95,74.09

2026-09-05T10:04:38.314Z,32.96,74.09

2026-09-05T10:04:43.321Z,32.97,74.04

2026-09-05T10:04:48.330Z,32.95,74.13

2026-09-05T10:04:53.320Z,32.96,74.02

2026-09-05T10:04:58.321Z,32.94,74.06

2026-09-05T10:05:03.339Z,32.95,74.05

2026-09-05T10:05:08.331Z,32.97,74.06

2026-09-05T10:05:13.331Z,32.97,74.01

2026-09-05T10:05:18.330Z,32.96,74.01

2026-09-05T10:05:23.331Z,32.95,74

2026-09-05T10:05:28.344Z,32.98,73.96

2026-09-05T10:05:33.333Z,32.98,73.99

2026-09-05T10:05:38.332Z,32.98,74.02

2026-09-05T10:05:43.332Z,32.95,74.02

2026-09-05T10:05:48.332Z,32.97,73.98

2026-09-05T10:05:53.333Z,32.97,74.08

2026-09-05T10:05:58.349Z,32.96,74.14

2026-09-05T10:06:03.334Z,32.97,74.09

2026-09-05T10:06:08.335Z,32.98,74.08

2026-09-05T10:06:13.335Z,32.97,74.14

2026-09-05T10:06:18.338Z,32.97,74.1

2026-09-05T10:06:23.337Z,32.98,74.11

2026-09-05T10:06:28.350Z,32.97,74.1

2026-09-05T10:06:33.335Z,32.95,74.12

2026-09-05T10:06:38.336Z,32.99,74.09

2026-09-05T10:06:43.336Z,32.98,74.1

2026-09-05T10:06:48.336Z,32.98,74.11

2026-09-05T10:06:53.349Z,32.98,74.04

2026-09-05T10:06:58.356Z,32.96,74.13

2026-09-05T10:07:03.346Z,32.98,74.07

2026-09-05T10:07:08.347Z,32.97,74.09

2026-09-05T10:07:13.347Z,32.97,74.11

2026-09-05T10:07:18.348Z,32.98,74.07

2026-09-05T10:07:23.350Z,32.98,74.14

2026-09-05T10:07:28.359Z,32.99,74.13

2026-09-05T10:07:33.348Z,32.99,74.12

2026-09-05T10:07:38.348Z,33,74.11

2026-09-05T10:07:43.350Z,32.98,74.05

2026-09-05T10:07:48.350Z,33,74.06

2026-09-05T10:07:53.361Z,32.99,74.09

2026-09-05T10:07:58.373Z,32.97,74.13

2026-09-05T10:08:03.357Z,32.97,74.16

2026-09-05T10:08:08.357Z,32.97,74.04

2026-09-05T10:08:13.356Z,32.98,74.12

2026-09-05T10:08:18.357Z,32.98,74.12

2026-09-05T10:08:23.373Z,32.98,74.12

2026-09-05T10:08:28.387Z,32.99,74.17

2026-09-05T10:08:33.372Z,32.98,74.11

2026-09-05T10:08:38.371Z,32.98,74.11

2026-09-05T10:08:43.371Z,32.97,74.08

2026-09-05T10:08:48.373Z,33.01,74.11

2026-09-05T10:08:53.384Z,32.99,74.11

2026-09-05T10:08:58.397Z,32.97,74.08

2026-09-05T10:09:03.383Z,32.98,74.03

2026-09-05T10:09:08.384Z,32.99,74.1

2026-09-05T10:09:13.383Z,32.97,74.05

2026-09-05T10:09:18.382Z,33,74.13

2026-09-05T10:09:23.390Z,32.98,74.1

2026-09-05T10:09:28.402Z,32.97,74.14

2026-09-05T10:09:33.389Z,32.98,74.07

2026-09-05T10:09:38.391Z,33,74.13

2026-09-05T10:09:43.388Z,33.02,74.12

2026-09-05T10:09:48.389Z,32.98,74.12

2026-09-05T10:09:53.394Z,33,74.13

2026-09-05T10:09:58.410Z,32.99,74.13

2026-09-05T10:10:03.394Z,32.99,74.12

2026-09-05T10:10:08.392Z,32.99,74.05

2026-09-05T10:10:13.391Z,32.99,74.01

2026-09-05T10:10:18.392Z,32.97,74

2026-09-05T10:10:23.406Z,32.99,74.05

2026-09-05T10:10:28.415Z,32.98,74.08

2026-09-05T10:10:33.403Z,33,74.08

2026-09-05T10:10:38.404Z,33,74.02

2026-09-05T10:10:43.405Z,32.99,73.97

2026-09-05T10:10:48.407Z,32.99,73.97

2026-09-05T10:10:53.419Z,33,73.99

2026-09-05T10:10:58.430Z,33.01,74.03

2026-09-05T10:11:03.417Z,33,74.02

2026-09-05T10:11:08.419Z,32.99,73.96

2026-09-05T10:11:13.416Z,33,73.97

2026-09-05T10:11:18.418Z,32.98,73.91

2026-09-05T10:11:23.434Z,33,73.88

2026-09-05T10:11:28.443Z,33.02,73.91

2026-09-05T10:11:33.431Z,33,73.91

2026-09-05T10:11:38.437Z,33.01,73.82

2026-09-05T10:11:43.437Z,32.99,73.86

2026-09-05T10:11:48.433Z,32.99,73.9

2026-09-05T10:11:53.440Z,33,73.9

2026-09-05T10:11:58.449Z,32.99,73.92

2026-09-05T10:12:03.437Z,33,73.94

2026-09-05T10:12:08.437Z,33,73.91

2026-09-05T10:12:13.436Z,33.01,73.92

2026-09-05T10:12:18.440Z,33,73.95

2026-09-05T10:12:23.451Z,32.99,73.88

2026-09-05T10:12:28.467Z,32.99,73.99

2026-09-05T10:12:33.454Z,33.01,73.93

2026-09-05T10:12:38.452Z,33.01,73.97

2026-09-05T10:12:43.454Z,33,73.9

2026-09-05T10:12:48.456Z,33,73.92

2026-09-05T10:12:53.464Z,33.02,73.93

2026-09-05T10:12:58.475Z,33.03,73.92

2026-09-05T10:13:03.462Z,33.02,73.89

2026-09-05T10:13:08.463Z,33.01,73.91

2026-09-05T10:13:13.460Z,32.99,73.94

2026-09-05T10:13:18.464Z,33.02,74

2026-09-05T10:13:23.472Z,33.01,73.95

2026-09-05T10:13:28.488Z,33.03,73.96

2026-09-05T10:13:33.473Z,33.02,74.01

2026-09-05T10:13:38.473Z,33.01,73.93

2026-09-05T10:13:43.473Z,33.01,74.01

2026-09-05T10:13:48.472Z,33.01,74.07

2026-09-05T10:13:53.481Z,33.02,74.01

2026-09-05T10:13:58.492Z,33.02,74.09

2026-09-05T10:14:03.480Z,33.03,74.06

2026-09-05T10:14:08.480Z,33.01,74.02

2026-09-05T10:14:13.480Z,33.01,74.07

2026-09-05T10:14:18.490Z,33.01,74.06

2026-09-05T10:14:23.480Z,33.02,74.05

2026-09-05T10:14:28.481Z,33.02,74.12

2026-09-05T10:14:33.480Z,33.02,74.09

2026-09-05T10:14:38.482Z,33.01,74.12

2026-09-05T10:14:43.481Z,33.01,74.14

2026-09-05T10:14:48.494Z,33.03,74.15

2026-09-05T10:14:53.481Z,33.03,74.14

2026-09-05T10:14:58.481Z,33.03,74.14

2026-09-05T10:15:03.481Z,33.03,74.1

2026-09-05T10:15:08.483Z,33.02,74.19

2026-09-05T10:15:13.494Z,33.03,74.1

2026-09-05T10:15:18.507Z,33.02,74.16

2026-09-05T10:15:23.493Z,33.02,74.13

2026-09-05T10:15:28.494Z,33.03,74.15

2026-09-05T10:15:33.494Z,33.03,74.15

2026-09-05T10:15:38.494Z,33.03,74.11

2026-09-05T10:15:43.511Z,33.04,74.1

2026-09-05T10:15:48.521Z,33.04,74.1

2026-09-05T10:15:53.509Z,33.03,74.1

2026-09-05T10:15:58.509Z,33.03,74.05

2026-09-05T10:16:03.510Z,33.05,74.05

2026-09-05T10:16:08.509Z,33.04,74.04

2026-09-05T10:16:13.512Z,33.03,74.03

2026-09-05T10:16:18.522Z,33.05,74.02

2026-09-05T10:16:23.509Z,33.06,74

2026-09-05T10:16:28.510Z,33.06,74.02

2026-09-05T10:16:33.510Z,33.05,73.99

2026-09-05T10:16:38.509Z,33.05,73.99

2026-09-05T10:16:43.531Z,33.06,73.98

2026-09-05T10:16:48.543Z,33.05,73.94

2026-09-05T10:16:53.529Z,33.07,73.99

2026-09-05T10:16:58.530Z,33.06,73.95

2026-09-05T10:17:03.530Z,33.07,73.91

2026-09-05T10:17:08.528Z,33.07,73.93

2026-09-05T10:17:13.532Z,33.07,73.92

2026-09-05T10:17:18.542Z,33.07,73.9

2026-09-05T10:17:23.531Z,33.09,73.86

2026-09-05T10:17:28.530Z,33.07,73.81

2026-09-05T10:17:33.531Z,33.1,73.84

2026-09-05T10:17:38.543Z,33.1,73.83

2026-09-05T10:17:43.531Z,33.1,73.79

2026-09-05T10:17:48.531Z,33.09,73.8

2026-09-05T10:17:53.532Z,33.09,73.85

2026-09-05T10:17:58.545Z,33.11,73.82

2026-09-05T10:18:03.531Z,33.1,73.79

2026-09-05T10:18:08.533Z,33.1,73.73

2026-09-05T10:18:13.533Z,33.11,73.8

2026-09-05T10:18:18.532Z,33.09,73.76

2026-09-05T10:18:23.533Z,33.1,73.78

2026-09-05T10:18:28.543Z,33.1,73.83

2026-09-05T10:18:33.533Z,33.11,73.73

2026-09-05T10:18:38.535Z,33.1,73.79

2026-09-05T10:18:43.534Z,33.09,73.73

2026-09-05T10:18:48.534Z,33.1,73.64

2026-09-05T10:18:53.539Z,33.12,73.68

2026-09-05T10:18:58.554Z,33.1,73.76

2026-09-05T10:19:03.536Z,33.1,73.7

2026-09-05T10:19:08.535Z,33.11,73.7

2026-09-05T10:19:13.540Z,33.11,73.68

2026-09-05T10:19:18.538Z,33.12,73.71

2026-09-05T10:19:23.558Z,33.1,73.69

2026-09-05T10:19:28.571Z,33.1,73.69

2026-09-05T10:19:33.554Z,33.11,73.71

2026-09-05T10:19:38.553Z,33.11,73.67

2026-09-05T10:19:43.553Z,33.1,73.61

2026-09-05T10:19:48.554Z,33.12,73.66

2026-09-05T10:19:53.558Z,33.11,73.64

2026-09-05T10:19:58.570Z,33.09,73.67

2026-09-05T10:20:03.555Z,33.1,73.63

2026-09-05T10:20:08.555Z,33.09,73.64

2026-09-05T10:20:13.558Z,33.09,73.64

2026-09-05T10:20:18.557Z,33.09,73.68

2026-09-05T10:20:23.563Z,33.1,73.69

2026-09-05T10:20:28.573Z,33.09,73.72

2026-09-05T10:20:33.561Z,33.08,73.71

2026-09-05T10:20:38.562Z,33.08,73.73

2026-09-05T10:20:43.562Z,33.1,73.67

2026-09-05T10:20:48.562Z,33.11,73.73

2026-09-05T10:20:53.564Z,33.09,73.75

2026-09-05T10:20:58.574Z,33.11,73.72

2026-09-05T10:21:03.563Z,33.1,73.7

2026-09-05T10:21:08.562Z,33.11,73.77

2026-09-05T10:21:13.564Z,33.1,73.67

2026-09-05T10:21:18.563Z,33.1,73.68

2026-09-05T10:21:23.589Z,33.12,73.71

2026-09-05T10:21:28.599Z,33.11,73.74

2026-09-05T10:21:33.588Z,33.1,73.73

2026-09-05T10:21:38.588Z,33.12,73.73

2026-09-05T10:21:43.589Z,33.12,73.74

2026-09-05T10:21:48.590Z,33.1,73.71

2026-09-05T10:21:53.590Z,33.1,73.63

2026-09-05T10:21:58.603Z,33.11,73.75

2026-09-05T10:22:03.590Z,33.09,73.71

2026-09-05T10:22:08.589Z,33.11,73.71

2026-09-05T10:22:13.590Z,33.11,73.67

2026-09-05T10:22:18.588Z,33.11,73.73

2026-09-05T10:22:23.602Z,33.11,73.67

2026-09-05T10:22:28.616Z,33.1,73.66

2026-09-05T10:22:33.601Z,33.1,73.68

2026-09-05T10:22:38.601Z,33.09,73.65

2026-09-05T10:22:43.601Z,33.11,73.64

2026-09-05T10:22:48.602Z,33.11,73.64

2026-09-05T10:22:53.614Z,33.1,73.64

2026-09-05T10:22:58.622Z,33.12,73.6

2026-09-05T10:23:03.612Z,33.11,73.56

2026-09-05T10:23:08.612Z,33.11,73.56

2026-09-05T10:23:13.614Z,33.12,73.57

2026-09-05T10:23:18.616Z,33.13,73.54

2026-09-05T10:23:23.625Z,33.13,73.49

2026-09-05T10:23:28.637Z,33.11,73.62

2026-09-05T10:23:33.625Z,33.11,73.52

2026-09-05T10:23:38.628Z,33.14,73.51

2026-09-05T10:23:43.626Z,33.11,73.5

2026-09-05T10:23:48.627Z,33.11,73.44

2026-09-05T10:23:53.634Z,33.12,73.52

2026-09-05T10:23:58.649Z,33.12,73.53

2026-09-05T10:24:03.633Z,33.11,73.52

2026-09-05T10:24:08.634Z,33.11,73.55

2026-09-05T10:24:13.634Z,33.1,73.52

2026-09-05T10:24:18.634Z,33.11,73.55

2026-09-05T10:24:23.645Z,33.12,73.57

2026-09-05T10:24:28.657Z,33.12,73.61

2026-09-05T10:24:33.644Z,33.12,73.53

2026-09-05T10:24:38.643Z,33.1,73.58

2026-09-05T10:24:43.644Z,33.11,73.55

2026-09-05T10:24:48.644Z,33.1,73.52

2026-09-05T10:24:53.652Z,33.12,73.58

2026-09-05T10:24:58.661Z,33.09,73.63

2026-09-05T10:25:03.650Z,33.1,73.58

2026-09-05T10:25:08.650Z,33.09,73.68

2026-09-05T10:25:13.647Z,33.08,73.58

2026-09-05T10:25:18.648Z,33.1,73.65

2026-09-05T10:25:23.649Z,33.12,73.65

2026-09-05T10:25:28.663Z,33.1,73.73

2026-09-05T10:25:33.651Z,33.1,73.67

2026-09-05T10:25:38.652Z,33.1,73.65

2026-09-05T10:25:43.653Z,33.08,73.69

2026-09-05T10:25:48.665Z,33.07,73.75

2026-09-05T10:25:53.650Z,33.08,73.75

2026-09-05T10:25:58.651Z,33.07,73.75

2026-09-05T10:26:03.652Z,33.08,73.75

2026-09-05T10:26:08.651Z,33.06,73.76

2026-09-05T10:26:13.653Z,33.07,73.77

2026-09-05T10:26:18.664Z,33.07,73.76

2026-09-05T10:26:23.653Z,33.09,73.77

2026-09-05T10:26:28.653Z,33.07,73.71

2026-09-05T10:26:33.653Z,33.07,73.73

2026-09-05T10:26:38.658Z,33.07,73.77

2026-09-05T10:26:43.656Z,33.07,73.73

2026-09-05T10:26:48.677Z,33.06,73.8

2026-09-05T10:26:53.657Z,33.07,73.75

2026-09-05T10:26:58.656Z,33.07,73.73

2026-09-05T10:27:03.657Z,33.07,73.73

2026-09-05T10:27:08.658Z,33.07,73.73

2026-09-05T10:27:13.667Z,33.07,73.72

2026-09-05T10:27:18.682Z,33.05,73.79

2026-09-05T10:27:23.667Z,33.05,73.79

2026-09-05T10:27:28.668Z,33.06,73.84

2026-09-05T10:27:33.669Z,33.06,73.84

2026-09-05T10:27:38.668Z,33.06,73.8

2026-09-05T10:27:43.678Z,33.06,73.8

2026-09-05T10:27:48.689Z,33.05,73.89

2026-09-05T10:27:53.680Z,33.04,73.86

2026-09-05T10:27:58.679Z,33.04,73.9

2026-09-05T10:28:03.680Z,33.06,73.89

2026-09-05T10:28:08.678Z,33.04,73.89

2026-09-05T10:28:13.692Z,33.05,73.87

2026-09-05T10:28:18.707Z,33.03,73.88

2026-09-05T10:28:23.691Z,33.04,73.84

2026-09-05T10:28:28.695Z,33.05,73.9

2026-09-05T10:28:33.693Z,33.05,73.9

2026-09-05T10:28:38.696Z,33.04,73.84

2026-09-05T10:28:43.703Z,33.03,73.88

2026-09-05T10:28:48.716Z,33.03,73.88

2026-09-05T10:28:53.704Z,33.03,73.86

2026-09-05T10:28:58.703Z,33.04,73.89

2026-09-05T10:29:03.704Z,33.04,73.89

2026-09-05T10:29:08.704Z,33.03,73.9

2026-09-05T10:29:13.709Z,33.05,73.87

2026-09-05T10:29:18.718Z,33.04,73.97

2026-09-05T10:29:23.707Z,33.05,73.91

2026-09-05T10:29:28.709Z,33.04,73.92

2026-09-05T10:29:33.709Z,33.04,73.88

2026-09-05T10:29:38.709Z,33.05,73.86

2026-09-05T10:29:43.709Z,33.05,73.91

2026-09-05T10:29:48.721Z,33.03,73.94

2026-09-05T10:29:53.707Z,33.05,73.92

2026-09-05T10:29:58.707Z,33.05,73.96

2026-09-05T10:30:03.707Z,33.03,73.99

2026-09-05T10:30:08.710Z,33.05,73.99

2026-09-05T10:30:13.729Z,33.05,73.98

2026-09-05T10:30:18.742Z,33.06,74.03

2026-09-05T10:30:23.726Z,33.07,73.99

2026-09-05T10:30:28.727Z,33.05,74

2026-09-05T10:30:33.735Z,33.04,73.97

2026-09-05T10:30:38.731Z,33.04,74.02

2026-09-05T10:30:43.731Z,33.04,74.04

2026-09-05T10:30:48.730Z,33.04,74.02

2026-09-05T10:30:53.732Z,33.03,74.02

2026-09-05T10:30:58.745Z,33.05,74.06

2026-09-05T10:31:03.732Z,33.07,74.06

2026-09-05T10:31:08.732Z,33.06,74.08

2026-09-05T10:31:13.732Z,33.06,74.02

2026-09-05T10:31:18.732Z,33.06,74.02

2026-09-05T10:31:23.731Z,33.06,74.04

2026-09-05T10:31:28.746Z,33.05,74.09

2026-09-05T10:31:33.731Z,33.04,74.03

2026-09-05T10:31:38.734Z,33.06,74.05

2026-09-05T10:31:43.731Z,33.05,74

2026-09-05T10:31:48.734Z,33.06,74.05

2026-09-05T10:31:53.738Z,33.06,74.07

2026-09-05T10:31:58.748Z,33.06,74.12

2026-09-05T10:32:03.736Z,33.08,74.04

2026-09-05T10:32:08.737Z,33.07,74.07

2026-09-05T10:32:13.737Z,33.06,74.02

2026-09-05T10:32:18.737Z,33.07,74.05

2026-09-05T10:32:23.752Z,33.06,74.06

2026-09-05T10:32:28.761Z,33.06,74.1

2026-09-05T10:32:33.749Z,33.07,74.06

2026-09-05T10:32:38.751Z,33.07,74.11

2026-09-05T10:32:43.751Z,33.06,74.15

2026-09-05T10:32:48.750Z,33.07,74.11

2026-09-05T10:32:53.765Z,33.08,74.15

2026-09-05T10:32:58.782Z,33.06,74.11

2026-09-05T10:33:03.765Z,33.06,74.1

2026-09-05T10:33:08.763Z,33.06,74.15

2026-09-05T10:33:13.764Z,33.08,74.07

2026-09-05T10:33:18.776Z,33.07,74.07

2026-09-05T10:33:23.763Z,33.09,74.05

2026-09-05T10:33:28.765Z,33.08,74.09

2026-09-05T10:33:33.764Z,33.08,74.06

2026-09-05T10:33:38.775Z,33.09,74.1

2026-09-05T10:33:43.763Z,33.1,74.12

2026-09-05T10:33:48.765Z,33.07,74.03

2026-09-05T10:33:53.764Z,33.09,74.13

2026-09-05T10:33:58.766Z,33.08,74.06

2026-09-05T10:34:03.765Z,33.09,74.06

2026-09-05T10:34:08.779Z,33.06,74.12

2026-09-05T10:34:13.769Z,33.07,74.05

2026-09-05T10:34:18.768Z,33.05,74.05

2026-09-05T10:34:23.768Z,33.07,74.08

2026-09-05T10:34:28.768Z,33.06,74.06

2026-09-05T10:34:33.776Z,33.05,74.09

2026-09-05T10:34:38.784Z,33.04,74.1

2026-09-05T10:34:43.773Z,33.07,74.13

2026-09-05T10:34:48.773Z,33.06,74.13

2026-09-05T10:34:53.773Z,33.07,74.14

2026-09-05T10:34:58.773Z,33.05,74.13

2026-09-05T10:35:03.774Z,33.06,74.11

2026-09-05T10:35:08.790Z,33.07,74.18

2026-09-05T10:35:13.774Z,33.06,74.11

2026-09-05T10:35:18.776Z,33.05,74.07

2026-09-05T10:35:23.776Z,33.06,74.12

2026-09-05T10:35:28.777Z,33.06,74.1

2026-09-05T10:35:33.794Z,33.05,74.09

2026-09-05T10:35:38.807Z,33.05,74.12

2026-09-05T10:35:43.793Z,33.05,74.08

2026-09-05T10:35:48.794Z,33.07,74.03

2026-09-05T10:35:53.795Z,33.06,74.05

2026-09-05T10:35:58.795Z,33.07,73.96

2026-09-05T10:36:03.804Z,33.09,74.04

2026-09-05T10:36:08.816Z,33.08,74.03

2026-09-05T10:36:13.802Z,33.08,74.02

2026-09-05T10:36:18.805Z,33.08,74.01

2026-09-05T10:36:23.804Z,33.09,74.02

2026-09-05T10:36:28.803Z,33.08,74.04

2026-09-05T10:36:33.814Z,33.09,74.04

2026-09-05T10:36:38.824Z,33.09,74.05

2026-09-05T10:36:43.812Z,33.07,74.02

2026-09-05T10:36:48.815Z,33.06,74.01

2026-09-05T10:36:53.814Z,33.1,74

2026-09-05T10:36:58.815Z,33.07,74

2026-09-05T10:37:03.814Z,33.07,74

2026-09-05T10:37:08.827Z,33.07,74.07

2026-09-05T10:37:13.814Z,33.07,74

2026-09-05T10:37:18.816Z,33.1,74.04

2026-09-05T10:37:23.815Z,33.08,74.07

2026-09-05T10:37:28.825Z,33.07,74.06

2026-09-05T10:37:33.816Z,33.09,74.03

2026-09-05T10:37:38.817Z,33.08,74.07

2026-09-05T10:37:43.817Z,33.07,74.05

2026-09-05T10:37:48.817Z,33.08,73.99

2026-09-05T10:37:53.834Z,33.09,74.03

2026-09-05T10:37:58.845Z,33.07,74.08

2026-09-05T10:38:03.833Z,33.08,74.05

2026-09-05T10:38:08.834Z,33.09,73.98

2026-09-05T10:38:13.834Z,33.09,74.04

2026-09-05T10:38:18.837Z,33.07,74.04

2026-09-05T10:38:23.864Z,33.07,74.05

2026-09-05T10:38:28.858Z,33.07,74

2026-09-05T10:38:33.859Z,33.09,73.98

2026-09-05T10:38:38.873Z,33.07,74.06

2026-09-05T10:38:43.859Z,33.09,74.03

2026-09-05T10:38:48.860Z,33.06,74.05

2026-09-05T10:38:53.866Z,33.07,74.04

2026-09-05T10:38:58.860Z,33.08,74.05

2026-09-05T10:39:03.860Z,33.08,74.17

2026-09-05T10:39:08.861Z,33.08,74.12

2026-09-05T10:39:13.858Z,33.06,74.05

2026-09-05T10:39:18.870Z,33.07,74.15

2026-09-05T10:39:23.860Z,33.06,74.1

2026-09-05T10:39:28.859Z,33.07,74.11

2026-09-05T10:39:33.860Z,33.08,74.1

2026-09-05T10:39:38.860Z,33.08,74.05

2026-09-05T10:39:43.860Z,33.09,74.09

2026-09-05T10:39:48.873Z,33.06,74.12

2026-09-05T10:39:53.863Z,33.07,74.15

2026-09-05T10:39:58.864Z,33.07,74.16

2026-09-05T10:40:03.863Z,33.07,74.14

2026-09-05T10:40:08.862Z,33.09,74.17

2026-09-05T10:40:13.863Z,33.07,74.1

2026-09-05T10:40:18.876Z,33.06,74.13

2026-09-05T10:40:23.864Z,33.1,74.11

2026-09-05T10:40:28.865Z,33.09,74.06

2026-09-05T10:40:33.866Z,33.07,74.12

2026-09-05T10:40:38.867Z,33.09,74.09

2026-09-05T10:40:43.872Z,33.07,74.14

2026-09-05T10:40:48.879Z,33.07,74.13

2026-09-05T10:40:53.867Z,33.08,74.05

2026-09-05T10:40:58.869Z,33.06,74.01

2026-09-05T10:41:03.868Z,33.07,74.03

2026-09-05T10:41:08.868Z,33.09,74

2026-09-05T10:41:13.877Z,33.07,74.04

2026-09-05T10:41:18.886Z,33.09,74.07

2026-09-05T10:41:23.874Z,33.08,74.04

2026-09-05T10:41:28.876Z,33.08,74.04

2026-09-05T10:41:33.879Z,33.08,74.02

2026-09-05T10:41:38.878Z,33.06,73.98

2026-09-05T10:41:43.885Z,33.08,73.93

2026-09-05T10:41:48.897Z,33.09,74.03

2026-09-05T10:41:53.884Z,33.08,73.97

2026-09-05T10:41:58.887Z,33.08,74.02

2026-09-05T10:42:03.884Z,33.06,73.97

2026-09-05T10:42:08.885Z,33.08,74.01

2026-09-05T10:42:13.897Z,33.06,74.04

2026-09-05T10:42:18.910Z,33.06,74.09

2026-09-05T10:42:23.894Z,33.05,74.02

2026-09-05T10:42:28.894Z,33.06,74.04

2026-09-05T10:42:33.895Z,33.07,74.02

2026-09-05T10:42:38.895Z,33.08,74.06

2026-09-05T10:42:43.905Z,33.07,74.04

2026-09-05T10:42:48.916Z,33.07,74.04

2026-09-05T10:42:53.904Z,33.08,74

2026-09-05T10:42:58.903Z,33.07,73.98

2026-09-05T10:43:03.902Z,33.08,74.03

2026-09-05T10:43:08.903Z,33.09,74.01

2026-09-05T10:43:13.916Z,33.08,74

2026-09-05T10:43:18.927Z,33.07,74.11

2026-09-05T10:43:23.915Z,33.07,74.04

2026-09-05T10:43:28.916Z,33.06,73.99

2026-09-05T10:43:33.916Z,33.07,74.03

2026-09-05T10:43:38.916Z,33.1,74.02

2026-09-05T10:43:43.925Z,33.08,74.01

2026-09-05T10:43:48.937Z,33.07,74

2026-09-05T10:43:53.924Z,33.08,73.95

2026-09-05T10:43:58.925Z,33.08,73.98

2026-09-05T10:44:03.925Z,33.08,73.99

2026-09-05T10:44:08.925Z,33.09,74

2026-09-05T10:44:13.931Z,33.09,73.99

2026-09-05T10:44:18.944Z,33.1,74

2026-09-05T10:44:23.929Z,33.08,73.94

2026-09-05T10:44:28.929Z,33.07,73.97

2026-09-05T10:44:33.930Z,33.09,73.93

2026-09-05T10:44:38.929Z,33.09,73.94

2026-09-05T10:44:43.947Z,33.11,73.91

2026-09-05T10:44:48.960Z,33.09,73.99

2026-09-05T10:44:53.946Z,33.09,74

2026-09-05T10:44:58.945Z,33.1,73.96

2026-09-05T10:45:03.946Z,33.1,73.96

2026-09-05T10:45:08.945Z,33.1,73.95

2026-09-05T10:45:13.955Z,33.1,73.89

2026-09-05T10:45:18.968Z,33.1,73.9

2026-09-05T10:45:23.953Z,33.09,73.92

2026-09-05T10:45:28.955Z,33.09,73.9

2026-09-05T10:45:33.954Z,33.1,73.87

2026-09-05T10:45:38.955Z,33.11,73.89

2026-09-05T10:45:43.964Z,33.11,73.85

2026-09-05T10:45:48.977Z,33.1,73.92

2026-09-05T10:45:53.964Z,33.12,73.9

2026-09-05T10:45:58.964Z,33.13,73.94

2026-09-05T10:46:03.965Z,33.12,73.9

2026-09-05T10:46:08.963Z,33.13,73.96

2026-09-05T10:46:13.969Z,33.12,73.91

2026-09-05T10:46:18.979Z,33.11,73.99

2026-09-05T10:46:23.967Z,33.12,73.94

2026-09-05T10:46:28.969Z,33.11,73.94

2026-09-05T10:46:33.969Z,33.11,73.95

2026-09-05T10:46:38.969Z,33.11,73.91

2026-09-05T10:46:43.988Z,33.12,73.96

2026-09-05T10:46:48.998Z,33.11,73.99

2026-09-05T10:46:53.986Z,33.13,73.93

2026-09-05T10:46:58.987Z,33.12,73.99

2026-09-05T10:47:03.986Z,33.13,73.96

2026-09-05T10:47:08.985Z,33.11,73.95

2026-09-05T10:47:13.999Z,33.13,73.96

2026-09-05T10:47:19.014Z,33.13,74.01

2026-09-05T10:47:23.999Z,33.12,74.01

2026-09-05T10:47:29.003Z,33.12,73.98

2026-09-05T10:47:34.000Z,33.14,73.97

2026-09-05T10:47:38.999Z,33.15,73.92

2026-09-05T10:47:44.008Z,33.15,73.96

2026-09-05T10:47:49.015Z,33.13,74.03

2026-09-05T10:47:54.006Z,33.15,73.98

2026-09-05T10:47:59.005Z,33.13,73.99

2026-09-05T10:48:04.005Z,33.13,73.94

2026-09-05T10:48:09.004Z,33.14,74.02

2026-09-05T10:48:14.006Z,33.15,73.96

2026-09-05T10:48:19.016Z,33.14,74.02

2026-09-05T10:48:24.005Z,33.15,73.88

2026-09-05T10:48:29.006Z,33.14,73.92

2026-09-05T10:48:34.004Z,33.13,73.86

2026-09-05T10:48:39.007Z,33.14,73.9

2026-09-05T10:48:44.018Z,33.14,73.82

2026-09-05T10:48:49.015Z,33.11,73.74

2026-09-05T10:48:54.014Z,33.13,73.7

2026-09-05T10:48:59.023Z,33.12,73.67

2026-09-05T10:49:04.014Z,33.11,73.62

2026-09-05T10:49:09.014Z,33.14,73.66

2026-09-05T10:49:14.015Z,33.13,73.71

2026-09-05T10:49:19.020Z,33.12,73.71

2026-09-05T10:49:24.045Z,33.11,73.69

2026-09-05T10:49:29.030Z,33.12,73.62

2026-09-05T10:49:34.030Z,33.13,73.61

2026-09-05T10:49:39.031Z,33.14,73.6

2026-09-05T10:49:44.037Z,33.14,73.6

2026-09-05T10:49:49.046Z,33.12,73.65

2026-09-05T10:49:54.037Z,33.12,73.64

2026-09-05T10:49:59.037Z,33.12,73.68

2026-09-05T10:50:04.038Z,33.1,73.68

2026-09-05T10:50:09.038Z,33.11,73.73

2026-09-05T10:50:14.046Z,33.12,73.69

2026-09-05T10:50:19.057Z,33.11,73.75

2026-09-05T10:50:24.046Z,33.11,73.67

2026-09-05T10:50:29.048Z,33.12,73.81

2026-09-05T10:50:34.048Z,33.13,73.81

2026-09-05T10:50:39.064Z,33.13,73.78

2026-09-05T10:50:44.048Z,33.13,73.71

2026-09-05T10:50:49.047Z,33.13,73.72

2026-09-05T10:50:54.048Z,33.13,73.75

2026-09-05T10:50:59.048Z,33.13,73.74

2026-09-05T10:51:04.056Z,33.12,73.71

2026-09-05T10:51:09.067Z,33.12,73.77

2026-09-05T10:51:14.054Z,33.13,73.72

2026-09-05T10:51:19.052Z,33.12,73.71

2026-09-05T10:51:24.053Z,33.11,73.7

2026-09-05T10:51:29.054Z,33.12,73.66

2026-09-05T10:51:34.071Z,33.14,73.7

2026-09-05T10:51:39.081Z,33.12,73.72

2026-09-05T10:51:44.068Z,33.12,73.66

2026-09-05T10:51:49.069Z,33.13,73.69

2026-09-05T10:51:54.071Z,33.15,73.69

2026-09-05T10:51:59.069Z,33.14,73.74

2026-09-05T10:52:04.070Z,33.13,73.72

2026-09-05T10:52:09.085Z,33.13,73.69

2026-09-05T10:52:14.068Z,33.12,73.64

2026-09-05T10:52:19.069Z,33.13,73.6

2026-09-05T10:52:24.068Z,33.14,73.65

2026-09-05T10:52:29.072Z,33.14,73.66

2026-09-05T10:52:34.086Z,33.13,73.68

2026-09-05T10:52:39.096Z,33.13,73.68

2026-09-05T10:52:44.081Z,33.13,73.73

2026-09-05T10:52:49.085Z,33.13,73.75

2026-09-05T10:52:54.085Z,33.15,73.76

2026-09-05T10:52:59.084Z,33.13,73.76

2026-09-05T10:53:04.083Z,33.12,73.72

2026-09-05T10:53:09.094Z,33.13,73.78

2026-09-05T10:53:14.084Z,33.13,73.69

2026-09-05T10:53:19.084Z,33.13,73.68

2026-09-05T10:53:24.085Z,33.15,73.63

2026-09-05T10:53:29.085Z,33.14,73.54

2026-09-05T10:53:34.095Z,33.14,73.47

2026-09-05T10:53:39.106Z,33.13,73.53

2026-09-05T10:53:44.093Z,33.15,73.44

2026-09-05T10:53:49.095Z,33.14,73.33

2026-09-05T10:53:54.093Z,33.14,73.27

2026-09-05T10:53:59.093Z,33.12,73.26

2026-09-05T10:54:04.099Z,33.15,73.26

2026-09-05T10:54:09.115Z,33.15,73.29

2026-09-05T10:54:14.097Z,33.15,73.25

2026-09-05T10:54:19.099Z,33.14,73.23

2026-09-05T10:54:24.097Z,33.16,73.32

2026-09-05T10:54:29.098Z,33.14,73.24

2026-09-05T10:54:34.121Z,33.15,73.19

2026-09-05T10:54:39.130Z,33.15,73.28

2026-09-05T10:54:44.117Z,33.16,73.24

2026-09-05T10:54:49.119Z,33.15,73.15

2026-09-05T10:54:54.116Z,33.16,73.18

2026-09-05T10:54:59.120Z,33.16,73.23

2026-09-05T10:55:04.139Z,33.16,73.2

2026-09-05T10:55:09.152Z,33.17,73.27

2026-09-05T10:55:14.138Z,33.16,73.18

2026-09-05T10:55:19.138Z,33.16,73.07

2026-09-05T10:55:24.138Z,33.16,73.05

2026-09-05T10:55:29.136Z,33.15,73

2026-09-05T10:55:34.141Z,33.14,73.02

2026-09-05T10:55:39.152Z,33.14,72.96

2026-09-05T10:55:44.141Z,33.16,72.97

2026-09-05T10:55:49.139Z,33.16,72.97

2026-09-05T10:55:54.142Z,33.15,72.93

2026-09-05T10:55:59.141Z,33.17,72.93

2026-09-05T10:56:04.151Z,33.16,72.93

2026-09-05T10:56:09.144Z,33.15,72.92

2026-09-05T10:56:14.144Z,33.15,72.99

2026-09-05T10:56:19.144Z,33.17,72.96

2026-09-05T10:56:24.164Z,33.16,72.99

2026-09-05T10:56:29.158Z,33.15,73.02

2026-09-05T10:56:34.157Z,33.15,72.94

2026-09-05T10:56:39.157Z,33.17,72.96

2026-09-05T10:56:44.157Z,33.17,72.83

2026-09-05T10:56:49.175Z,33.16,72.9

2026-09-05T10:56:54.159Z,33.16,72.93

2026-09-05T10:56:59.161Z,33.18,72.89

2026-09-05T10:57:04.161Z,33.17,72.91

2026-09-05T10:57:09.161Z,33.18,72.92

2026-09-05T10:57:14.160Z,33.14,72.93

2026-09-05T10:57:19.174Z,33.16,72.8

2026-09-05T10:57:24.161Z,33.16,72.7

2026-09-05T10:57:29.163Z,33.17,72.65

2026-09-05T10:57:34.163Z,33.17,72.63

2026-09-05T10:57:39.164Z,33.16,72.65

2026-09-05T10:57:44.172Z,33.16,72.56

2026-09-05T10:57:49.186Z,33.15,72.45

2026-09-05T10:57:54.172Z,33.18,72.42

2026-09-05T10:57:59.173Z,33.15,72.37

2026-09-05T10:58:04.174Z,33.16,72.27

2026-09-05T10:58:09.174Z,33.17,72.26

2026-09-05T10:58:14.181Z,33.17,72.3

2026-09-05T10:58:19.193Z,33.16,72.34

2026-09-05T10:58:24.183Z,33.18,72.38

2026-09-05T10:58:29.182Z,33.16,72.4

2026-09-05T10:58:34.182Z,33.17,72.47

2026-09-05T10:58:39.182Z,33.18,72.44

2026-09-05T10:58:44.181Z,33.16,72.49

2026-09-05T10:58:49.194Z,33.17,72.48

2026-09-05T10:58:54.182Z,33.17,72.41

2026-09-05T10:58:59.184Z,33.17,72.28

2026-09-05T10:59:04.183Z,33.18,72.24

2026-09-05T10:59:09.182Z,33.15,72.26

2026-09-05T10:59:14.183Z,33.18,72.32

2026-09-05T10:59:19.195Z,33.16,72.4

2026-09-05T10:59:24.184Z,33.18,72.31

2026-09-05T10:59:29.184Z,33.17,72.33

2026-09-05T10:59:34.186Z,33.16,72.29

2026-09-05T10:59:39.185Z,33.17,72.16

2026-09-05T10:59:44.198Z,33.18,72.1

2026-09-05T10:59:49.210Z,33.16,72.15

2026-09-05T10:59:54.196Z,33.17,72.08

2026-09-05T10:59:59.196Z,33.16,71.91

2026-09-05T11:00:04.198Z,33.17,71.93

2026-09-05T11:00:09.196Z,33.17,71.87

2026-09-05T11:00:14.213Z,33.17,71.77

2026-09-05T11:00:19.218Z,33.16,71.74

2026-09-05T11:00:24.211Z,33.16,71.49

2026-09-05T11:00:29.209Z,33.16,71.45

2026-09-05T11:00:34.210Z,33.16,71.37

2026-09-05T11:00:39.210Z,33.16,71.4

2026-09-05T11:00:44.227Z,33.17,71.42

2026-09-05T11:00:49.238Z,33.17,71.54

2026-09-05T11:00:54.226Z,33.17,71.57

2026-09-05T11:00:59.226Z,33.16,71.49

2026-09-05T11:01:04.225Z,33.16,71.53

2026-09-05T11:01:09.225Z,33.17,71.55

2026-09-05T11:01:14.239Z,33.17,71.45

2026-09-05T11:01:19.250Z,33.17,71.45

2026-09-05T11:01:24.238Z,33.16,71.33

2026-09-05T11:01:29.237Z,33.15,71.1

2026-09-05T11:01:34.236Z,33.19,71.07

2026-09-05T11:01:39.235Z,33.16,71.08

2026-09-05T11:01:44.244Z,33.16,71

2026-09-05T11:01:49.257Z,33.14,70.93

2026-09-05T11:01:54.244Z,33.14,70.81

2026-09-05T11:01:59.243Z,33.15,70.76

2026-09-05T11:02:04.246Z,33.14,70.81

2026-09-05T11:02:09.244Z,33.15,70.76

2026-09-05T11:02:14.250Z,33.15,70.73

2026-09-05T11:02:19.265Z,33.14,70.76

2026-09-05T11:02:24.252Z,33.17,70.7

2026-09-05T11:02:29.251Z,33.18,70.66

2026-09-05T11:02:34.252Z,33.16,70.72

2026-09-05T11:02:39.249Z,33.15,70.71

2026-09-05T11:02:44.261Z,33.15,70.79

2026-09-05T11:02:49.273Z,33.15,70.8

2026-09-05T11:02:54.259Z,33.15,70.63

2026-09-05T11:02:59.260Z,33.15,70.55

2026-09-05T11:03:04.261Z,33.17,70.57

2026-09-05T11:03:09.260Z,33.16,70.54

2026-09-05T11:03:14.260Z,33.18,70.53

2026-09-05T11:03:19.272Z,33.15,70.63

2026-09-05T11:03:24.260Z,33.17,70.64

2026-09-05T11:03:29.259Z,33.17,70.6

2026-09-05T11:03:34.260Z,33.16,70.7

2026-09-05T11:03:39.261Z,33.15,70.7

2026-09-05T11:03:44.272Z,33.16,70.83

2026-09-05T11:03:49.280Z,33.17,70.85

2026-09-05T11:03:54.271Z,33.16,70.9

2026-09-05T11:03:59.272Z,33.17,70.85

2026-09-05T11:04:04.271Z,33.15,70.81

2026-09-05T11:04:09.276Z,33.15,70.76

2026-09-05T11:04:14.274Z,33.14,70.7

2026-09-05T11:04:19.286Z,33.15,70.79

2026-09-05T11:04:24.274Z,33.17,70.79

2026-09-05T11:04:29.274Z,33.17,70.65

2026-09-05T11:04:34.275Z,33.16,70.62

2026-09-05T11:04:39.277Z,33.16,70.58

2026-09-05T11:04:44.280Z,33.15,70.55

2026-09-05T11:04:49.291Z,33.15,70.6

2026-09-05T11:04:54.280Z,33.17,70.54

2026-09-05T11:04:59.280Z,33.16,70.6

2026-09-05T11:05:04.280Z,33.15,70.66

2026-09-05T11:05:09.281Z,33.15,70.7

2026-09-05T11:05:14.290Z,33.15,70.77

2026-09-05T11:05:19.301Z,33.16,70.83

2026-09-05T11:05:24.292Z,33.15,70.77

2026-09-05T11:05:29.293Z,33.14,70.76

2026-09-05T11:05:34.293Z,33.17,70.78

2026-09-05T11:05:39.304Z,33.17,70.71

2026-09-05T11:05:44.292Z,33.16,70.7

2026-09-05T11:05:49.294Z,33.16,70.72

2026-09-05T11:05:54.295Z,33.17,70.66

2026-09-05T11:05:59.299Z,33.18,70.64

2026-09-05T11:06:04.294Z,33.15,70.67

2026-09-05T11:06:09.308Z,33.15,70.67

2026-09-05T11:06:14.295Z,33.16,70.57

2026-09-05T11:06:19.295Z,33.15,70.6

2026-09-05T11:06:24.295Z,33.18,70.56

2026-09-05T11:06:29.296Z,33.14,70.65

2026-09-05T11:06:34.295Z,33.18,70.65

2026-09-05T11:06:39.307Z,33.16,70.7

2026-09-05T11:06:44.296Z,33.15,70.66

2026-09-05T11:06:49.295Z,33.16,70.53

2026-09-05T11:06:54.294Z,33.15,70.54

2026-09-05T11:06:59.294Z,33.15,70.6

2026-09-05T11:07:04.296Z,33.13,70.6

2026-09-05T11:07:09.307Z,33.15,70.69

2026-09-05T11:07:14.296Z,33.15,70.66

2026-09-05T11:07:19.293Z,33.12,70.62

2026-09-05T11:07:24.296Z,33.15,70.56

2026-09-05T11:07:29.302Z,33.15,70.62

2026-09-05T11:07:34.302Z,33.15,70.68

2026-09-05T11:07:39.317Z,33.13,70.63

2026-09-05T11:07:44.301Z,33.15,70.61

2026-09-05T11:07:49.301Z,33.12,70.6

2026-09-05T11:07:54.302Z,33.13,70.62

2026-09-05T11:07:59.302Z,33.11,70.64

2026-09-05T11:08:04.320Z,33.11,70.66

2026-09-05T11:08:09.330Z,33.1,70.71

2026-09-05T11:08:14.314Z,33.13,70.57

2026-09-05T11:08:19.316Z,33.11,70.59

2026-09-05T11:08:24.313Z,33.1,70.53

2026-09-05T11:08:29.315Z,33.12,70.57

2026-09-05T11:08:34.321Z,33.11,70.55

2026-09-05T11:08:39.329Z,33.13,70.56

2026-09-05T11:08:44.318Z,33.12,70.59

2026-09-05T11:08:49.319Z,33.12,70.5

2026-09-05T11:08:54.319Z,33.12,70.49

2026-09-05T11:08:59.320Z,33.12,70.53

2026-09-05T11:09:04.338Z,33.11,70.5

2026-09-05T11:09:09.349Z,33.11,70.43

2026-09-05T11:09:14.335Z,33.12,70.37

2026-09-05T11:09:19.336Z,33.11,70.45

2026-09-05T11:09:24.336Z,33.11,70.44

2026-09-05T11:09:29.336Z,33.13,70.46

2026-09-05T11:09:34.342Z,33.12,70.42

2026-09-05T11:09:39.357Z,33.09,70.42

2026-09-05T11:09:44.341Z,33.13,70.32

2026-09-05T11:09:49.341Z,33.11,70.19

2026-09-05T11:09:54.339Z,33.1,69.98

2026-09-05T11:09:59.340Z,33.09,69.95

2026-09-05T11:10:04.359Z,33.07,69.96

2026-09-05T11:10:09.368Z,33.08,70.15

2026-09-05T11:10:14.355Z,33.09,70.24

2026-09-05T11:10:19.354Z,33.1,70.3

2026-09-05T11:10:24.357Z,33.1,70.33

2026-09-05T11:10:29.355Z,33.1,70.27

2026-09-05T11:10:34.373Z,33.07,70.17

2026-09-05T11:10:39.383Z,33.08,70.28

2026-09-05T11:10:44.370Z,33.1,70.18

2026-09-05T11:10:49.368Z,33.09,70.16

2026-09-05T11:10:54.368Z,33.09,70.18

2026-09-05T11:10:59.368Z,33.07,70.17

2026-09-05T11:11:04.380Z,33.08,70.23

2026-09-05T11:11:09.393Z,33.06,70.26

2026-09-05T11:11:14.379Z,33.1,70.3

2026-09-05T11:11:19.378Z,33.1,70.31

2026-09-05T11:11:24.378Z,33.08,70.36

2026-09-05T11:11:29.378Z,33.08,70.34

2026-09-05T11:11:34.394Z,33.09,70.29

2026-09-05T11:11:39.401Z,33.09,70.31

2026-09-05T11:11:44.388Z,33.1,70.19

2026-09-05T11:11:49.388Z,33.1,70.09

2026-09-05T11:11:54.386Z,33.1,69.91

2026-09-05T11:11:59.390Z,33.1,69.99

2026-09-05T11:12:04.409Z,33.09,69.98

2026-09-05T11:12:09.419Z,33.11,70

2026-09-05T11:12:14.409Z,33.12,69.98

2026-09-05T11:12:19.408Z,33.1,70.01

2026-09-05T11:12:24.407Z,33.11,70.07

2026-09-05T11:12:29.410Z,33.1,70.01

2026-09-05T11:12:34.421Z,33.11,70.06

2026-09-05T11:12:39.435Z,33.12,70.01

2026-09-05T11:12:44.421Z,33.11,69.96

2026-09-05T11:12:49.422Z,33.12,69.99

2026-09-05T11:12:54.421Z,33.12,69.96

2026-09-05T11:12:59.423Z,33.1,69.95

2026-09-05T11:13:04.431Z,33.09,69.91

2026-09-05T11:13:09.442Z,33.12,69.89

2026-09-05T11:13:14.429Z,33.14,69.77

2026-09-05T11:13:19.430Z,33.13,69.8

2026-09-05T11:13:24.429Z,33.11,69.83

2026-09-05T11:13:29.431Z,33.11,69.88

2026-09-05T11:13:34.434Z,33.1,69.92

2026-09-05T11:13:39.444Z,33.13,69.81

2026-09-05T11:13:44.431Z,33.13,69.66

2026-09-05T11:13:49.434Z,33.13,69.59

2026-09-05T11:13:54.435Z,33.12,69.64

2026-09-05T11:13:59.434Z,33.11,69.58

2026-09-05T11:14:04.434Z,33.13,69.54

2026-09-05T11:14:09.451Z,33.12,69.55

2026-09-05T11:14:14.436Z,33.14,69.56

2026-09-05T11:14:19.436Z,33.13,69.52

2026-09-05T11:14:24.434Z,33.12,69.52

2026-09-05T11:14:29.434Z,33.15,69.57

2026-09-05T11:14:34.447Z,33.14,69.57

2026-09-05T11:14:39.456Z,33.16,69.67

2026-09-05T11:14:44.443Z,33.14,69.55

2026-09-05T11:14:49.445Z,33.15,69.51

2026-09-05T11:14:54.445Z,33.16,69.48

2026-09-05T11:14:59.446Z,33.15,69.43

2026-09-05T11:15:04.449Z,33.17,69.39

2026-09-05T11:15:09.461Z,33.15,69.26

2026-09-05T11:15:14.447Z,33.17,69.21

2026-09-05T11:15:19.450Z,33.17,69.22

2026-09-05T11:15:24.451Z,33.17,69.14

2026-09-05T11:15:29.450Z,33.18,69.1

2026-09-05T11:15:34.462Z,33.18,69.07

2026-09-05T11:15:39.473Z,33.16,69.17

2026-09-05T11:15:44.462Z,33.16,69.08

2026-09-05T11:15:49.461Z,33.17,69.21

2026-09-05T11:15:54.460Z,33.17,69.16

2026-09-05T11:15:59.461Z,33.18,69.22

2026-09-05T11:16:04.475Z,33.18,69.23

2026-09-05T11:16:09.490Z,33.17,69.27

2026-09-05T11:16:14.473Z,33.17,69.24

2026-09-05T11:16:19.474Z,33.21,69.13

2026-09-05T11:16:24.472Z,33.19,69.16

2026-09-05T11:16:29.475Z,33.17,69.12

2026-09-05T11:16:34.492Z,33.19,69.14

2026-09-05T11:16:39.485Z,33.16,68.97

2026-09-05T11:16:44.484Z,33.19,68.98

2026-09-05T11:16:49.501Z,33.16,68.99

2026-09-05T11:16:54.485Z,33.16,68.82

2026-09-05T11:16:59.485Z,33.16,68.54

2026-09-05T11:17:04.486Z,33.16,68.53

2026-09-05T11:17:09.489Z,33.14,68.62

2026-09-05T11:17:14.486Z,33.16,68.68

2026-09-05T11:17:19.499Z,33.16,68.89

2026-09-05T11:17:24.487Z,33.16,69.01

2026-09-05T11:17:29.488Z,33.17,69.06

2026-09-05T11:17:34.488Z,33.16,68.88

2026-09-05T11:17:39.489Z,33.16,68.81

2026-09-05T11:17:44.490Z,33.17,68.73

2026-09-05T11:17:49.505Z,33.17,68.66

2026-09-05T11:17:54.491Z,33.16,68.6

2026-09-05T11:17:59.491Z,33.15,68.66

2026-09-05T11:18:04.490Z,33.15,68.74

2026-09-05T11:18:09.493Z,33.16,68.7

2026-09-05T11:18:14.491Z,33.15,68.74

2026-09-05T11:18:19.505Z,33.17,68.67

2026-09-05T11:18:24.491Z,33.18,68.65

2026-09-05T11:18:29.493Z,33.15,68.7

2026-09-05T11:18:34.493Z,33.17,68.57

2026-09-05T11:18:39.492Z,33.14,68.32

2026-09-05T11:18:44.495Z,33.09,68.19

2026-09-05T11:18:49.505Z,33.11,68.2

2026-09-05T11:18:54.495Z,33.1,68.22

2026-09-05T11:18:59.496Z,33.1,68.21

2026-09-05T11:19:04.497Z,33.1,68.34

2026-09-05T11:19:09.497Z,33.08,68.26

2026-09-05T11:19:14.513Z,33.09,68.19

2026-09-05T11:19:19.526Z,33.07,68.35

2026-09-05T11:19:24.511Z,33.1,68.37

2026-09-05T11:19:29.513Z,33.1,68.34

2026-09-05T11:19:34.513Z,33.06,68.21

2026-09-05T11:19:39.513Z,33.04,68.09

2026-09-05T11:19:44.517Z,33.03,68.06

2026-09-05T11:19:49.527Z,33.03,68.1

2026-09-05T11:19:54.514Z,33.01,68.02

2026-09-05T11:19:59.515Z,33.02,68.02

2026-09-05T11:20:04.515Z,33.01,68.08

2026-09-05T11:20:09.515Z,33.01,68.25

2026-09-05T11:20:14.530Z,33,68.45

2026-09-05T11:20:19.541Z,33.01,68.62

2026-09-05T11:20:24.528Z,33.02,68.62

2026-09-05T11:20:29.529Z,33.03,68.68

2026-09-05T11:20:34.528Z,33.03,68.64

2026-09-05T11:20:39.528Z,33.01,68.49

2026-09-05T11:20:44.531Z,33.01,68.43

2026-09-05T11:20:49.546Z,33.02,68.5

2026-09-05T11:20:54.533Z,33.02,68.54

2026-09-05T11:20:59.531Z,33.02,68.5

2026-09-05T11:21:04.533Z,33.01,68.42

2026-09-05T11:21:09.534Z,33.02,68.52

2026-09-05T11:21:14.550Z,33.01,68.46

2026-09-05T11:21:19.559Z,33.02,68.45

2026-09-05T11:21:24.547Z,33.03,68.37

2026-09-05T11:21:29.547Z,33.02,68.32

2026-09-05T11:21:34.545Z,33.04,68.37

2026-09-05T11:21:39.548Z,33,68.22

2026-09-05T11:21:44.561Z,33.02,68.26

2026-09-05T11:21:49.576Z,33.01,68.34

2026-09-05T11:21:54.559Z,33.04,68.3

2026-09-05T11:21:59.559Z,33,68.26

2026-09-05T11:22:04.558Z,32.99,68.11

2026-09-05T11:22:09.561Z,32.97,68.07

2026-09-05T11:22:14.564Z,32.98,68

2026-09-05T11:22:19.571Z,32.99,68.11

2026-09-05T11:22:24.562Z,32.96,68.01

2026-09-05T11:22:29.561Z,32.97,68.06

2026-09-05T11:22:34.561Z,32.96,68.05

2026-09-05T11:22:39.563Z,32.97,68.09

2026-09-05T11:22:44.565Z,32.96,68.16

2026-09-05T11:22:49.578Z,32.96,68.28

2026-09-05T11:22:54.567Z,32.96,68.23

2026-09-05T11:22:59.566Z,32.97,68.26

2026-09-05T11:23:04.564Z,32.96,68.38

2026-09-05T11:23:09.566Z,32.98,68.41

2026-09-05T11:23:14.580Z,32.98,68.44

2026-09-05T11:23:19.573Z,32.99,68.43

2026-09-05T11:23:24.574Z,32.97,68.5

2026-09-05T11:23:29.588Z,32.97,68.5

2026-09-05T11:23:34.575Z,32.99,68.47

2026-09-05T11:23:39.575Z,32.99,68.45

2026-09-05T11:23:44.574Z,33,68.43

2026-09-05T11:23:49.575Z,32.99,68.49

2026-09-05T11:23:54.576Z,33.01,68.44

2026-09-05T11:23:59.588Z,33.02,68.51

2026-09-05T11:24:04.577Z,33.02,68.48

2026-09-05T11:24:09.577Z,33.01,68.47

2026-09-05T11:24:14.576Z,33.01,68.52

2026-09-05T11:24:19.578Z,33.01,68.46

2026-09-05T11:24:24.577Z,33.01,68.45

2026-09-05T11:24:29.594Z,33.02,68.48

2026-09-05T11:24:34.579Z,33.01,68.45

2026-09-05T11:24:39.579Z,33.01,68.44

2026-09-05T11:24:44.579Z,33.01,68.47

2026-09-05T11:24:49.579Z,33.01,68.47

2026-09-05T11:24:54.583Z,33.02,68.45

2026-09-05T11:24:59.591Z,33,68.51

2026-09-05T11:25:04.579Z,33.02,68.5

2026-09-05T11:25:09.580Z,32.99,68.59

2026-09-05T11:25:14.579Z,33.01,68.57

2026-09-05T11:25:19.582Z,33,68.64

2026-09-05T11:25:24.596Z,33.02,68.66

2026-09-05T11:25:29.609Z,33,68.67

2026-09-05T11:25:34.593Z,33,68.72

2026-09-05T11:25:39.594Z,33.03,68.67

2026-09-05T11:25:44.594Z,33.02,68.69

2026-09-05T11:25:49.594Z,33,68.76

2026-09-05T11:25:54.600Z,33,68.72

2026-09-05T11:25:59.615Z,33.03,68.79

2026-09-05T11:26:04.601Z,33,68.77

2026-09-05T11:26:09.602Z,33.01,68.78

2026-09-05T11:26:14.602Z,33.03,68.78

2026-09-05T11:26:19.602Z,33.04,68.82

2026-09-05T11:26:24.614Z,33.03,68.81

2026-09-05T11:26:29.628Z,33.02,68.92

2026-09-05T11:26:34.611Z,33.04,68.82

2026-09-05T11:26:39.611Z,33.04,68.85

2026-09-05T11:26:44.616Z,33.04,68.88

2026-09-05T11:26:49.612Z,33.04,68.94

2026-09-05T11:26:54.633Z,33.04,68.91

2026-09-05T11:26:59.644Z,33.02,69

2026-09-05T11:27:04.625Z,33.06,68.97

2026-09-05T11:27:09.625Z,33.03,69.04

2026-09-05T11:27:14.626Z,33.01,68.99

2026-09-05T11:27:19.625Z,33.01,69.1

2026-09-05T11:27:24.644Z,33.02,69.06

2026-09-05T11:27:29.653Z,33,69.19

2026-09-05T11:27:34.639Z,33.01,69.15

2026-09-05T11:27:39.641Z,33.01,69.12

2026-09-05T11:27:44.641Z,33.01,69.12

2026-09-05T11:27:49.640Z,33.03,69.18

2026-09-05T11:27:54.652Z,33.02,69.2

2026-09-05T11:27:59.665Z,33.02,69.29

2026-09-05T11:28:04.654Z,33.01,69.39

2026-09-05T11:28:09.651Z,33.01,69.44

2026-09-05T11:28:14.653Z,32.97,69.47

2026-09-05T11:28:19.655Z,32.99,69.59

2026-09-05T11:28:24.657Z,32.98,69.64

2026-09-05T11:28:29.671Z,32.99,69.62

2026-09-05T11:28:34.656Z,33.01,69.57

2026-09-05T11:28:39.656Z,32.99,69.58

2026-09-05T11:28:44.655Z,33.01,69.6

2026-09-05T11:28:49.670Z,33.01,69.62

2026-09-05T11:28:54.659Z,33.01,69.57

2026-09-05T11:28:59.657Z,32.99,69.58

2026-09-05T11:29:04.657Z,32.98,69.6

2026-09-05T11:29:09.657Z,32.98,69.77

2026-09-05T11:29:14.657Z,32.97,69.85

2026-09-05T11:29:19.670Z,32.99,69.77

2026-09-05T11:29:24.656Z,32.97,69.75

2026-09-05T11:29:29.656Z,32.97,69.74

2026-09-05T11:29:34.656Z,32.97,69.8

2026-09-05T11:29:39.658Z,32.99,69.79

2026-09-05T11:29:44.655Z,32.99,69.81

2026-09-05T11:29:49.669Z,32.99,69.92

2026-09-05T11:29:54.657Z,32.99,69.96

2026-09-05T11:29:59.655Z,33,69.99

2026-09-05T11:30:04.655Z,32.98,70.06

2026-09-05T11:30:09.658Z,32.96,70.14

2026-09-05T11:30:14.671Z,32.93,70.25

2026-09-05T11:30:19.686Z,32.93,70.43

2026-09-05T11:30:24.671Z,32.93,70.35

2026-09-05T11:30:29.675Z,32.91,70.48

2026-09-05T11:30:34.674Z,32.91,70.51

2026-09-05T11:30:39.672Z,32.89,70.55

2026-09-05T11:30:44.677Z,32.87,70.62

2026-09-05T11:30:49.686Z,32.85,70.82

2026-09-05T11:30:54.675Z,32.88,70.75

2026-09-05T11:30:59.678Z,32.85,70.87

2026-09-05T11:31:04.676Z,32.87,70.85

2026-09-05T11:31:09.677Z,32.84,70.94

2026-09-05T11:31:14.679Z,32.84,70.87

2026-09-05T11:31:19.690Z,32.86,70.97

2026-09-05T11:31:24.677Z,32.85,71.04

2026-09-05T11:31:29.678Z,32.83,71.07

2026-09-05T11:31:34.679Z,32.83,71.11

2026-09-05T11:31:39.679Z,32.81,71.21

2026-09-05T11:31:44.688Z,32.81,71.16

2026-09-05T11:31:49.703Z,32.8,71.26

2026-09-05T11:31:54.689Z,32.78,71.44

2026-09-05T11:31:59.690Z,32.78,71.53

2026-09-05T11:32:04.690Z,32.76,71.59

2026-09-05T11:32:09.691Z,32.75,71.67

2026-09-05T11:32:14.711Z,32.77,71.66

2026-09-05T11:32:19.721Z,32.74,71.78

2026-09-05T11:32:24.710Z,32.75,71.68

2026-09-05T11:32:29.711Z,32.76,71.58

2026-09-05T11:32:34.710Z,32.77,71.64

2026-09-05T11:32:39.709Z,32.75,71.67

2026-09-05T11:32:44.714Z,32.77,71.75

2026-09-05T11:32:49.725Z,32.75,71.91

2026-09-05T11:32:54.712Z,32.74,71.97

2026-09-05T11:32:59.711Z,32.75,72

2026-09-05T11:33:04.713Z,32.75,72.01

2026-09-05T11:33:09.712Z,32.7,72.24

2026-09-05T11:33:14.725Z,32.71,72.3

2026-09-05T11:33:19.737Z,32.69,72.34

2026-09-05T11:33:24.725Z,32.69,72.43

2026-09-05T11:33:29.727Z,32.71,72.46

2026-09-05T11:33:34.727Z,32.7,72.39

2026-09-05T11:33:39.727Z,32.7,72.37

2026-09-05T11:33:44.728Z,32.7,72.43

2026-09-05T11:33:49.739Z,32.67,72.65

2026-09-05T11:33:54.727Z,32.66,72.69

2026-09-05T11:33:59.727Z,32.68,72.76

2026-09-05T11:34:04.727Z,32.66,72.76

2026-09-05T11:34:09.730Z,32.66,72.76

2026-09-05T11:34:14.739Z,32.66,72.8

2026-09-05T11:34:19.753Z,32.67,72.81

2026-09-05T11:34:24.742Z,32.67,72.75

2026-09-05T11:34:29.741Z,32.71,72.71

2026-09-05T11:34:34.740Z,32.67,72.79

2026-09-05T11:34:39.751Z,32.66,72.91

2026-09-05T11:34:44.742Z,32.65,72.97

2026-09-05T11:34:49.759Z,32.63,73.09

2026-09-05T11:34:54.744Z,32.63,73.12

2026-09-05T11:34:59.744Z,32.62,73.26

2026-09-05T11:35:04.744Z,32.63,73.28

2026-09-05T11:35:09.744Z,32.58,73.3

2026-09-05T11:35:14.744Z,32.58,73.41

2026-09-05T11:35:19.759Z,32.57,73.41

2026-09-05T11:35:24.745Z,32.58,73.53

2026-09-05T11:35:29.745Z,32.56,73.61

2026-09-05T11:35:34.746Z,32.54,73.59

2026-09-05T11:35:39.746Z,32.57,73.62

2026-09-05T11:35:44.749Z,32.56,73.5

2026-09-05T11:35:49.759Z,32.56,73.51

2026-09-05T11:35:54.747Z,32.55,73.54

2026-09-05T11:35:59.747Z,32.52,73.74

2026-09-05T11:36:04.748Z,32.54,73.75

2026-09-05T11:36:09.749Z,32.56,73.75

2026-09-05T11:36:14.758Z,32.55,73.74

2026-09-05T11:36:19.767Z,32.55,73.83

2026-09-05T11:36:24.757Z,32.55,73.77

2026-09-05T11:36:29.759Z,32.54,73.87

2026-09-05T11:36:34.757Z,32.53,73.86

2026-09-05T11:36:39.757Z,32.54,73.87

2026-09-05T11:36:44.771Z,32.55,73.79

2026-09-05T11:36:49.780Z,32.55,73.85

2026-09-05T11:36:54.769Z,32.55,73.8

2026-09-05T11:36:59.772Z,32.56,73.77

2026-09-05T11:37:04.771Z,32.56,73.86

2026-09-05T11:37:09.770Z,32.56,73.78

2026-09-05T11:37:14.772Z,32.59,73.86

2026-09-05T11:37:19.781Z,32.55,73.94

2026-09-05T11:37:24.770Z,32.55,73.97

2026-09-05T11:37:29.772Z,32.56,74.08

2026-09-05T11:37:34.771Z,32.55,74.1

2026-09-05T11:37:39.774Z,32.54,74.25

2026-09-05T11:37:44.795Z,32.52,74.28

2026-09-05T11:37:49.803Z,32.53,74.32

2026-09-05T11:37:54.792Z,32.53,74.39

2026-09-05T11:37:59.795Z,32.5,74.44

2026-09-05T11:38:04.793Z,32.5,74.5

2026-09-05T11:38:09.793Z,32.49,74.57

2026-09-05T11:38:14.812Z,32.51,74.5

2026-09-05T11:38:19.805Z,32.49,74.59

2026-09-05T11:38:24.805Z,32.49,74.64

2026-09-05T11:38:29.822Z,32.46,74.77

2026-09-05T11:38:34.806Z,32.47,74.74

2026-09-05T11:38:39.807Z,32.46,74.74

2026-09-05T11:38:44.807Z,32.46,74.74

2026-09-05T11:38:49.808Z,32.49,74.61

2026-09-05T11:38:54.810Z,32.5,74.67

2026-09-05T11:38:59.823Z,32.49,74.62

2026-09-05T11:39:04.809Z,32.5,74.5

2026-09-05T11:39:09.808Z,32.51,74.52

2026-09-05T11:39:14.810Z,32.51,74.47

2026-09-05T11:39:19.809Z,32.52,74.49

2026-09-05T11:39:24.812Z,32.5,74.47

2026-09-05T11:39:29.826Z,32.54,74.52

2026-09-05T11:39:34.812Z,32.53,74.47

2026-09-05T11:39:39.813Z,32.53,74.5

2026-09-05T11:39:44.813Z,32.56,74.43

2026-09-05T11:39:49.815Z,32.56,74.45

2026-09-05T11:39:54.833Z,32.58,74.4

2026-09-05T11:39:59.847Z,32.58,74.45

2026-09-05T11:40:04.832Z,32.59,74.34

2026-09-05T11:40:09.831Z,32.6,74.37

2026-09-05T11:40:14.832Z,32.62,74.37

2026-09-05T11:40:19.833Z,32.61,74.35

2026-09-05T11:40:24.831Z,32.6,74.35

2026-09-05T11:40:29.843Z,32.61,74.37

2026-09-05T11:40:34.833Z,32.62,74.55

2026-09-05T11:40:39.832Z,32.62,74.55

2026-09-05T11:40:44.834Z,32.62,74.59

2026-09-05T11:40:49.833Z,32.62,74.64

2026-09-05T11:40:54.833Z,32.62,74.56

2026-09-05T11:40:59.841Z,32.64,74.53

2026-09-05T11:41:04.851Z,32.64,74.5

2026-09-05T11:41:09.844Z,32.64,74.47

2026-09-05T11:41:14.843Z,32.65,74.4

2026-09-05T11:41:19.845Z,32.66,74.37

2026-09-05T11:41:24.845Z,32.67,74.35

2026-09-05T11:41:29.865Z,32.66,74.37

2026-09-05T11:41:34.848Z,32.67,74.36

2026-09-05T11:41:39.847Z,32.66,74.46

2026-09-05T11:41:44.845Z,32.67,74.54

2026-09-05T11:41:49.858Z,32.67,74.59

2026-09-05T11:41:54.846Z,32.68,74.57

2026-09-05T11:41:59.845Z,32.67,74.58

2026-09-05T11:42:04.845Z,32.67,74.61

2026-09-05T11:42:09.847Z,32.66,74.59

2026-09-05T11:42:14.845Z,32.67,74.6

2026-09-05T11:42:19.860Z,32.68,74.54

2026-09-05T11:42:24.847Z,32.67,74.5

2026-09-05T11:42:29.847Z,32.69,74.52

2026-09-05T11:42:34.848Z,32.71,74.53

2026-09-05T11:42:39.848Z,32.72,74.48

2026-09-05T11:42:44.851Z,32.7,74.55

2026-09-05T11:42:49.863Z,32.69,74.49

2026-09-05T11:42:54.850Z,32.71,74.45

2026-09-05T11:42:59.851Z,32.72,74.44

2026-09-05T11:43:04.852Z,32.72,74.45

2026-09-05T11:43:09.851Z,32.75,74.41

2026-09-05T11:43:14.865Z,32.74,74.41

2026-09-05T11:43:19.876Z,32.76,74.44

2026-09-05T11:43:24.862Z,32.75,74.42

2026-09-05T11:43:29.862Z,32.75,74.44

2026-09-05T11:43:34.861Z,32.77,74.4

2026-09-05T11:43:39.862Z,32.78,74.41

2026-09-05T11:43:44.875Z,32.77,74.43

2026-09-05T11:43:49.884Z,32.78,74.49

2026-09-05T11:43:54.871Z,32.79,74.4

2026-09-05T11:43:59.874Z,32.8,74.46

2026-09-05T11:44:04.873Z,32.8,74.5

2026-09-05T11:44:09.875Z,32.78,74.47

2026-09-05T11:44:14.882Z,32.81,74.43

2026-09-05T11:44:19.896Z,32.81,74.44

2026-09-05T11:44:24.881Z,32.78,74.5

2026-09-05T11:44:29.879Z,32.76,74.62

2026-09-05T11:44:34.880Z,32.77,74.74

2026-09-05T11:44:39.880Z,32.76,74.76

2026-09-05T11:44:44.889Z,32.76,74.73

2026-09-05T11:44:49.903Z,32.77,74.77

2026-09-05T11:44:54.888Z,32.76,74.62

2026-09-05T11:44:59.891Z,32.77,74.64

2026-09-05T11:45:04.891Z,32.76,74.67

2026-09-05T11:45:09.891Z,32.78,74.62

2026-09-05T11:45:14.900Z,32.77,74.67

2026-09-05T11:45:19.920Z,32.77,74.65

2026-09-05T11:45:24.899Z,32.79,74.64

2026-09-05T11:45:29.900Z,32.8,74.64

2026-09-05T11:45:34.899Z,32.79,74.67

2026-09-05T11:45:39.899Z,32.79,74.66

2026-09-05T11:45:44.908Z,32.8,74.68

2026-09-05T11:45:49.925Z,32.78,74.68

2026-09-05T11:45:54.909Z,32.78,74.67

2026-09-05T11:45:59.909Z,32.8,74.73

2026-09-05T11:46:04.910Z,32.81,74.68

2026-09-05T11:46:09.908Z,32.81,74.69

2026-09-05T11:46:14.923Z,32.81,74.67

2026-09-05T11:46:19.934Z,32.8,74.71

2026-09-05T11:46:24.923Z,32.81,74.62

2026-09-05T11:46:29.922Z,32.84,74.67

2026-09-05T11:46:34.923Z,32.84,74.6

2026-09-05T11:46:39.921Z,32.83,74.66

2026-09-05T11:46:44.932Z,32.83,74.68

2026-09-05T11:46:49.946Z,32.83,74.71

2026-09-05T11:46:54.931Z,32.85,74.74

2026-09-05T11:46:59.933Z,32.84,74.69

2026-09-05T11:47:04.933Z,32.84,74.73

2026-09-05T11:47:09.932Z,32.84,74.73

2026-09-05T11:47:14.932Z,32.85,74.71

2026-09-05T11:47:19.942Z,32.84,74.69

2026-09-05T11:47:24.932Z,32.86,74.65

2026-09-05T11:47:29.934Z,32.86,74.64

2026-09-05T11:47:34.931Z,32.88,74.61

2026-09-05T11:47:39.944Z,32.87,74.65

2026-09-05T11:47:44.931Z,32.88,74.67

2026-09-05T11:47:49.931Z,32.87,74.64

2026-09-05T11:47:54.932Z,32.86,74.7

2026-09-05T11:47:59.933Z,32.87,74.68

2026-09-05T11:48:04.935Z,32.88,74.71

2026-09-05T11:48:09.944Z,32.87,74.73

2026-09-05T11:48:14.934Z,32.88,74.63

2026-09-05T11:48:19.934Z,32.9,74.71

2026-09-05T11:48:24.932Z,32.89,74.76

2026-09-05T11:48:29.932Z,32.91,74.73

2026-09-05T11:48:34.933Z,32.92,74.58

2026-09-05T11:48:39.946Z,32.91,74.64

2026-09-05T11:48:44.931Z,32.91,74.63

2026-09-05T11:48:49.938Z,32.91,74.66

2026-09-05T11:48:54.940Z,32.92,74.56

2026-09-05T11:48:59.936Z,32.91,74.56

2026-09-05T11:49:04.947Z,32.93,74.56

2026-09-05T11:49:09.961Z,32.92,74.58

2026-09-05T11:49:14.944Z,32.95,74.54

2026-09-05T11:49:19.946Z,32.95,74.5

2026-09-05T11:49:24.945Z,32.94,74.49

2026-09-05T11:49:29.948Z,32.95,74.46

2026-09-05T11:49:34.972Z,32.94,74.44

2026-09-05T11:49:39.983Z,32.96,74.42

2026-09-05T11:49:44.970Z,32.95,74.46

2026-09-05T11:49:49.973Z,32.95,74.49

2026-09-05T11:49:54.973Z,32.96,74.52

2026-09-05T11:49:59.973Z,32.97,74.49

2026-09-05T11:50:04.981Z,32.97,74.46

2026-09-05T11:50:09.990Z,32.96,74.58

2026-09-05T11:50:14.979Z,32.96,74.51

2026-09-05T11:50:19.980Z,32.97,74.52

2026-09-05T11:50:24.984Z,32.99,74.51

2026-09-05T11:50:29.993Z,32.99,74.56

2026-09-05T11:50:34.982Z,32.98,74.58

2026-09-05T11:50:39.982Z,32.98,74.56

2026-09-05T11:50:44.983Z,32.97,74.67

2026-09-05T11:50:49.984Z,32.99,74.58

2026-09-05T11:50:54.984Z,32.98,74.63

2026-09-05T11:50:59.998Z,32.96,74.63

2026-09-05T11:51:04.985Z,32.97,74.67

2026-09-05T11:51:09.986Z,32.99,74.62

2026-09-05T11:51:14.986Z,32.98,74.68

2026-09-05T11:51:19.987Z,32.98,74.62

2026-09-05T11:51:24.990Z,33,74.59

2026-09-05T11:51:30.006Z,32.97,74.63

2026-09-05T11:51:34.989Z,32.95,74.71

2026-09-05T11:51:39.990Z,32.93,74.73

2026-09-05T11:51:44.988Z,32.95,74.81

2026-09-05T11:51:49.989Z,32.92,74.8

2026-09-05T11:51:54.996Z,32.94,74.77

2026-09-05T11:52:00.008Z,32.94,74.83

2026-09-05T11:52:04.995Z,32.91,74.88

2026-09-05T11:52:09.994Z,32.91,74.87

2026-09-05T11:52:14.991Z,32.91,74.9

2026-09-05T11:52:19.995Z,32.93,74.87

2026-09-05T11:52:25.013Z,32.88,74.91

2026-09-05T11:52:30.010Z,32.88,74.98

2026-09-05T11:52:35.016Z,32.85,75.08

2026-09-05T11:52:40.012Z,32.87,75.07

2026-09-05T11:52:45.011Z,32.85,75.16

2026-09-05T11:52:50.011Z,32.86,75.15

2026-09-05T11:52:55.011Z,32.85,75.16

2026-09-05T11:53:00.024Z,32.83,75.21

2026-09-05T11:53:05.013Z,32.85,75.2

2026-09-05T11:53:10.015Z,32.83,75.19

2026-09-05T11:53:15.012Z,32.85,75.25

2026-09-05T11:53:20.015Z,32.82,75.23

2026-09-05T11:53:25.014Z,32.83,75.31

2026-09-05T11:53:30.030Z,32.8,75.38

2026-09-05T11:53:35.017Z,32.8,75.43

2026-09-05T11:53:40.015Z,32.79,75.52

2026-09-05T11:53:45.016Z,32.79,75.44

2026-09-05T11:53:50.017Z,32.78,75.45

2026-09-05T11:53:55.023Z,32.79,75.4

2026-09-05T11:54:00.035Z,32.78,75.5

2026-09-05T11:54:05.022Z,32.75,75.58

2026-09-05T11:54:10.018Z,32.78,75.59

2026-09-05T11:54:15.019Z,32.78,75.57

2026-09-05T11:54:20.022Z,32.79,75.57

2026-09-05T11:54:25.043Z,32.76,75.53

2026-09-05T11:54:30.053Z,32.75,75.65

2026-09-05T11:54:35.042Z,32.76,75.64

2026-09-05T11:54:40.043Z,32.76,75.6

2026-09-05T11:54:45.042Z,32.75,75.67

2026-09-05T11:54:50.043Z,32.74,75.69

2026-09-05T11:54:55.051Z,32.74,75.71

2026-09-05T11:55:00.064Z,32.72,75.82

2026-09-05T11:55:05.050Z,32.72,75.77

2026-09-05T11:55:10.050Z,32.73,75.83

2026-09-05T11:55:15.049Z,32.71,75.84

2026-09-05T11:55:20.049Z,32.73,75.85

2026-09-05T11:55:25.055Z,32.74,75.8

2026-09-05T11:55:30.066Z,32.73,75.84

2026-09-05T11:55:35.053Z,32.74,75.84

2026-09-05T11:55:40.054Z,32.69,75.86

2026-09-05T11:55:45.053Z,32.72,75.84

2026-09-05T11:55:50.052Z,32.7,75.86

2026-09-05T11:55:55.057Z,32.72,75.88

2026-09-05T11:56:00.069Z,32.68,75.95

2026-09-05T11:56:05.056Z,32.7,75.92

2026-09-05T11:56:10.058Z,32.66,75.97

2026-09-05T11:56:15.059Z,32.7,75.99

2026-09-05T11:56:20.058Z,32.7,76.08

2026-09-05T11:56:25.075Z,32.71,75.97

2026-09-05T11:56:30.088Z,32.7,75.99

2026-09-05T11:56:35.071Z,32.7,75.99

2026-09-05T11:56:40.072Z,32.71,75.97

2026-09-05T11:56:45.073Z,32.71,75.93

2026-09-05T11:56:50.073Z,32.72,75.96

2026-09-05T11:56:55.083Z,32.71,76.01

2026-09-05T11:57:00.093Z,32.7,76.07

2026-09-05T11:57:05.081Z,32.69,76.03

2026-09-05T11:57:10.082Z,32.7,76.07

2026-09-05T11:57:15.082Z,32.71,75.98

2026-09-05T11:57:20.082Z,32.72,75.98

2026-09-05T11:57:25.092Z,32.73,76

2026-09-05T11:57:30.104Z,32.71,76.02

2026-09-05T11:57:35.092Z,32.73,75.98

2026-09-05T11:57:40.092Z,32.73,75.99

2026-09-05T11:57:45.092Z,32.73,75.95

2026-09-05T11:57:50.093Z,32.73,75.95

2026-09-05T11:57:55.102Z,32.73,75.97

2026-09-05T11:58:00.109Z,32.73,75.98

2026-09-05T11:58:05.101Z,32.72,76.01

2026-09-05T11:58:10.099Z,32.74,76.02

2026-09-05T11:58:15.108Z,32.73,76.07

2026-09-05T11:58:20.100Z,32.72,76.03

2026-09-05T11:58:25.100Z,32.73,76.04

2026-09-05T11:58:30.101Z,32.74,76

2026-09-05T11:58:35.102Z,32.75,76

2026-09-05T11:58:40.113Z,32.72,76.01

2026-09-05T11:58:45.102Z,32.75,76.02

2026-09-05T11:58:50.101Z,32.74,75.97

2026-09-05T11:58:55.099Z,32.74,75.93

2026-09-05T11:59:00.102Z,32.75,75.98

2026-09-05T11:59:05.109Z,32.76,75.94

2026-09-05T11:59:10.119Z,32.76,75.95

2026-09-05T11:59:15.111Z,32.75,75.93

2026-09-05T11:59:20.112Z,32.76,75.99

2026-09-05T11:59:25.109Z,32.77,75.93

2026-09-05T11:59:30.109Z,32.79,75.97

2026-09-05T11:59:35.109Z,32.79,75.92

2026-09-05T11:59:40.120Z,32.77,75.84

2026-09-05T11:59:45.111Z,32.76,75.86

2026-09-05T11:59:50.110Z,32.76,75.9

2026-09-05T11:59:55.114Z,32.77,75.92

2026-09-05T12:00:00.114Z,32.78,75.91

2026-09-05T12:00:05.125Z,32.77,75.91

2026-09-05T12:00:10.136Z,32.77,75.88

2026-09-05T12:00:15.121Z,32.8,75.85

2026-09-05T12:00:20.123Z,32.79,75.79

2026-09-05T12:00:25.122Z,32.8,75.88

2026-09-05T12:00:30.135Z,32.79,75.88

2026-09-05T12:00:35.123Z,32.8,75.86

2026-09-05T12:00:40.140Z,32.79,75.88

2026-09-05T12:00:45.125Z,32.81,75.79

2026-09-05T12:00:50.126Z,32.81,75.83

2026-09-05T12:00:55.124Z,32.81,75.83

2026-09-05T12:01:00.126Z,32.84,75.78

2026-09-05T12:01:05.126Z,32.81,75.8

2026-09-05T12:01:10.141Z,32.81,75.86

2026-09-05T12:01:15.129Z,32.83,75.75

2026-09-05T12:01:20.130Z,32.82,75.81

2026-09-05T12:01:25.129Z,32.82,75.81

2026-09-05T12:01:30.129Z,32.83,75.79

2026-09-05T12:01:35.153Z,32.82,75.78

2026-09-05T12:01:40.160Z,32.84,75.81

2026-09-05T12:01:45.151Z,32.79,75.8

2026-09-05T12:01:50.149Z,32.82,75.88

2026-09-05T12:01:55.152Z,32.82,75.81

2026-09-05T12:02:00.151Z,32.81,75.73

2026-09-05T12:02:05.160Z,32.84,75.83

2026-09-05T12:02:10.171Z,32.82,75.86

2026-09-05T12:02:15.159Z,32.84,75.79

2026-09-05T12:02:20.159Z,32.83,75.78

2026-09-05T12:02:25.161Z,32.85,75.8

2026-09-05T12:02:30.162Z,32.84,75.73

2026-09-05T12:02:35.169Z,32.84,75.83

2026-09-05T12:02:40.162Z,32.85,75.77

2026-09-05T12:02:45.162Z,32.85,75.8

2026-09-05T12:02:50.162Z,32.85,75.75

2026-09-05T12:02:55.162Z,32.86,75.72

2026-09-05T12:03:00.171Z,32.85,75.77

2026-09-05T12:03:05.161Z,32.86,75.73

2026-09-05T12:03:10.162Z,32.88,75.76

2026-09-05T12:03:15.162Z,32.87,75.76

2026-09-05T12:03:20.162Z,32.88,75.79

2026-09-05T12:03:25.162Z,32.87,75.76

2026-09-05T12:03:30.175Z,32.88,75.76

2026-09-05T12:03:35.163Z,32.85,75.74

2026-09-05T12:03:40.169Z,32.87,75.71

2026-09-05T12:03:45.168Z,32.87,75.72

2026-09-05T12:03:50.167Z,32.86,75.76

2026-09-05T12:03:55.164Z,32.87,75.8

2026-09-05T12:04:00.185Z,32.86,75.84

2026-09-05T12:04:05.166Z,32.85,75.74

2026-09-05T12:04:10.169Z,32.88,75.85

2026-09-05T12:04:15.168Z,32.87,75.71

2026-09-05T12:04:20.167Z,32.89,75.8

2026-09-05T12:04:25.178Z,32.88,75.71

2026-09-05T12:04:30.192Z,32.87,75.75

2026-09-05T12:04:35.178Z,32.87,75.76

2026-09-05T12:04:40.177Z,32.88,75.71

2026-09-05T12:04:45.179Z,32.88,75.76

2026-09-05T12:04:50.179Z,32.87,75.74

2026-09-05T12:04:55.191Z,32.88,75.76

2026-09-05T12:05:00.206Z,32.88,75.75

2026-09-05T12:05:05.192Z,32.88,75.77

2026-09-05T12:05:10.189Z,32.89,75.81

2026-09-05T12:05:15.191Z,32.89,75.74

2026-09-05T12:05:20.192Z,32.91,75.74

2026-09-05T12:05:25.197Z,32.89,75.72

2026-09-05T12:05:30.209Z,32.88,75.79

2026-09-05T12:05:35.198Z,32.91,75.68

2026-09-05T12:05:40.199Z,32.9,75.77

2026-09-05T12:05:45.198Z,32.89,75.77

2026-09-05T12:05:50.197Z,32.88,75.8

2026-09-05T12:05:55.212Z,32.88,75.76

2026-09-05T12:06:00.224Z,32.89,75.8

2026-09-05T12:06:05.211Z,32.91,75.75

2026-09-05T12:06:10.212Z,32.92,75.78

2026-09-05T12:06:15.212Z,32.92,75.74

2026-09-05T12:06:20.212Z,32.92,75.72

2026-09-05T12:06:25.219Z,32.91,75.72

2026-09-05T12:06:30.230Z,32.92,75.78

2026-09-05T12:06:35.218Z,32.91,75.76

2026-09-05T12:06:40.217Z,32.91,75.73

2026-09-05T12:06:45.218Z,32.9,75.7

2026-09-05T12:06:50.219Z,32.93,75.67

2026-09-05T12:06:55.219Z,32.94,75.66

2026-09-05T12:07:00.228Z,32.93,75.74

2026-09-05T12:07:05.219Z,32.92,75.63

2026-09-05T12:07:10.220Z,32.94,75.71

2026-09-05T12:07:15.219Z,32.93,75.64

2026-09-05T12:07:20.223Z,32.94,75.71

2026-09-05T12:07:25.233Z,32.93,75.64

2026-09-05T12:07:30.247Z,32.94,75.68

2026-09-05T12:07:35.232Z,32.91,75.64

2026-09-05T12:07:40.233Z,32.95,75.65

2026-09-05T12:07:45.235Z,32.95,75.76

2026-09-05T12:07:50.233Z,32.95,75.66

2026-09-05T12:07:55.243Z,32.94,75.6

2026-09-05T12:08:00.252Z,32.94,75.65

2026-09-05T12:08:05.242Z,32.95,75.61

2026-09-05T12:08:10.240Z,32.96,75.61

2026-09-05T12:08:15.243Z,32.94,75.61

2026-09-05T12:08:20.254Z,32.94,75.64

2026-09-05T12:08:25.243Z,32.96,75.58

2026-09-05T12:08:30.242Z,32.95,75.53

2026-09-05T12:08:35.243Z,32.96,75.53

2026-09-05T12:08:40.254Z,32.95,75.6

2026-09-05T12:08:45.243Z,32.96,75.58

2026-09-05T12:08:50.242Z,32.95,75.57

2026-09-05T12:08:55.243Z,32.96,75.59

2026-09-05T12:09:00.247Z,32.96,75.66

2026-09-05T12:09:05.245Z,32.96,75.62

2026-09-05T12:09:10.259Z,32.96,75.62

2026-09-05T12:09:15.247Z,32.95,75.54

2026-09-05T12:09:20.246Z,32.99,75.58

2026-09-05T12:09:25.247Z,32.95,75.58

2026-09-05T12:09:30.247Z,32.96,75.68

2026-09-05T12:09:35.258Z,32.96,75.63

2026-09-05T12:09:40.273Z,32.94,75.69

2026-09-05T12:09:45.254Z,32.94,75.72

2026-09-05T12:09:50.255Z,32.95,75.67

2026-09-05T12:09:55.254Z,32.95,75.62

2026-09-05T12:10:00.255Z,32.94,75.71

2026-09-05T12:10:05.257Z,32.93,75.69

2026-09-05T12:10:10.269Z,32.95,75.75

2026-09-05T12:10:15.257Z,32.94,75.67

2026-09-05T12:10:20.258Z,32.95,75.72

2026-09-05T12:10:25.258Z,32.93,75.71

2026-09-05T12:10:30.260Z,32.94,75.76

2026-09-05T12:10:35.264Z,32.94,75.77

2026-09-05T12:10:40.275Z,32.94,75.76

2026-09-05T12:10:45.262Z,32.92,75.72

2026-09-05T12:10:50.263Z,32.95,75.78

2026-09-05T12:10:55.262Z,32.95,75.76

2026-09-05T12:11:00.263Z,32.96,75.69

2026-09-05T12:11:05.286Z,32.96,75.77

2026-09-05T12:11:10.297Z,32.95,75.74

2026-09-05T12:11:15.286Z,32.95,75.7

2026-09-05T12:11:20.286Z,32.94,75.72

2026-09-05T12:11:25.286Z,32.96,75.75

2026-09-05T12:11:30.287Z,32.96,75.71

2026-09-05T12:11:35.304Z,32.96,75.74

2026-09-05T12:11:40.312Z,32.95,75.74

2026-09-05T12:11:45.301Z,32.95,75.72

2026-09-05T12:11:50.302Z,32.98,75.74

2026-09-05T12:11:55.305Z,32.98,75.71

2026-09-05T12:12:00.303Z,32.98,75.72

2026-09-05T12:12:05.306Z,32.99,75.67

2026-09-05T12:12:10.320Z,32.98,75.71

2026-09-05T12:12:15.306Z,32.97,75.64

2026-09-05T12:12:20.307Z,32.97,75.68

2026-09-05T12:12:25.308Z,32.98,75.66

2026-09-05T12:12:30.320Z,32.98,75.74

2026-09-05T12:12:35.309Z,32.99,75.71

2026-09-05T12:12:40.309Z,32.97,75.7

2026-09-05T12:12:45.310Z,32.98,75.68

2026-09-05T12:12:50.321Z,32.97,75.7

2026-09-05T12:12:55.309Z,32.98,75.69

2026-09-05T12:13:00.308Z,32.97,75.66

2026-09-05T12:13:05.308Z,32.97,75.7

2026-09-05T12:13:10.309Z,32.97,75.69

2026-09-05T12:13:15.318Z,32.96,75.76

2026-09-05T12:13:20.332Z,32.97,75.7

2026-09-05T12:13:25.319Z,32.98,75.7

2026-09-05T12:13:30.318Z,32.98,75.74

2026-09-05T12:13:35.319Z,32.99,75.75

2026-09-05T12:13:40.320Z,32.98,75.71

2026-09-05T12:13:45.319Z,32.99,75.75

2026-09-05T12:13:50.332Z,32.97,75.8

2026-09-05T12:13:55.320Z,32.97,75.71

2026-09-05T12:14:00.318Z,32.98,75.7

2026-09-05T12:14:05.319Z,32.99,75.78

2026-09-05T12:14:10.318Z,32.99,75.75

2026-09-05T12:14:15.323Z,32.98,75.72

2026-09-05T12:14:20.336Z,32.98,75.75

2026-09-05T12:14:25.323Z,32.98,75.8

2026-09-05T12:14:30.324Z,32.97,75.78

2026-09-05T12:14:35.326Z,32.97,75.76

2026-09-05T12:14:40.324Z,32.98,75.72

2026-09-05T12:14:45.342Z,32.99,75.75

2026-09-05T12:14:50.356Z,32.99,75.78

2026-09-05T12:14:55.339Z,32.99,75.74

2026-09-05T12:15:00.345Z,33.01,75.75

2026-09-05T12:15:05.339Z,33,75.77

2026-09-05T12:15:10.341Z,33.01,75.78

2026-09-05T12:15:15.345Z,32.98,75.74

2026-09-05T12:15:20.357Z,33,75.73

2026-09-05T12:15:25.344Z,32.98,75.73

2026-09-05T12:15:30.346Z,32.99,75.73

2026-09-05T12:15:35.345Z,33,75.74

2026-09-05T12:15:40.345Z,33,75.73

2026-09-05T12:15:45.353Z,33,75.68

2026-09-05T12:15:50.366Z,32.99,75.77

2026-09-05T12:15:55.355Z,33.01,75.73

2026-09-05T12:16:00.352Z,32.98,75.78

2026-09-05T12:16:05.352Z,33,75.78

2026-09-05T12:16:10.352Z,32.97,75.73

2026-09-05T12:16:15.363Z,32.98,75.79

2026-09-05T12:16:20.369Z,32.99,75.79

2026-09-05T12:16:25.359Z,32.98,75.79

2026-09-05T12:16:30.361Z,32.98,75.86

2026-09-05T12:16:35.362Z,32.98,75.82

2026-09-05T12:16:40.362Z,32.98,75.81

2026-09-05T12:16:45.367Z,32.97,75.84

2026-09-05T12:16:50.378Z,32.97,75.89

2026-09-05T12:16:55.366Z,32.98,75.84

2026-09-05T12:17:00.364Z,32.98,75.89

2026-09-05T12:17:05.367Z,32.96,75.86

2026-09-05T12:17:10.368Z,32.97,75.83

2026-09-05T12:17:15.372Z,32.97,75.85

2026-09-05T12:17:20.383Z,32.96,75.93

2026-09-05T12:17:25.371Z,32.97,75.82

2026-09-05T12:17:30.371Z,32.97,75.88

2026-09-05T12:17:35.371Z,32.97,75.87

2026-09-05T12:17:40.371Z,32.96,75.91

2026-09-05T12:17:45.370Z,32.95,75.9

2026-09-05T12:17:50.382Z,32.96,75.98

2026-09-05T12:17:55.372Z,32.95,75.95

2026-09-05T12:18:00.380Z,32.97,75.97

2026-09-05T12:18:05.372Z,32.95,76.01

2026-09-05T12:18:10.373Z,32.96,75.95

2026-09-05T12:18:15.374Z,32.96,76

2026-09-05T12:18:20.378Z,32.97,76.07

2026-09-05T12:18:25.379Z,32.96,76.01

2026-09-05T12:18:30.393Z,32.95,76.04

2026-09-05T12:18:35.381Z,32.94,76.03

2026-09-05T12:18:40.380Z,32.95,76.06

2026-09-05T12:18:45.377Z,32.94,76.06

2026-09-05T12:18:50.380Z,32.94,76.09

2026-09-05T12:18:55.379Z,32.96,76.09

2026-09-05T12:19:00.397Z,32.93,76.12

2026-09-05T12:19:05.380Z,32.94,76.04

2026-09-05T12:19:10.382Z,32.94,76.08

2026-09-05T12:19:15.382Z,32.94,76.14

2026-09-05T12:19:20.383Z,32.95,76.11

2026-09-05T12:19:25.384Z,32.94,76.14

2026-09-05T12:19:30.398Z,32.94,76.19

2026-09-05T12:19:35.384Z,32.96,76.14

2026-09-05T12:19:40.384Z,32.94,76.14

2026-09-05T12:19:45.384Z,32.92,76.23

2026-09-05T12:19:50.384Z,32.93,76.24

2026-09-05T12:19:55.394Z,32.92,76.23

2026-09-05T12:20:00.405Z,32.95,76.28

2026-09-05T12:20:05.393Z,32.93,76.23

2026-09-05T12:20:10.393Z,32.94,76.23

2026-09-05T12:20:15.393Z,32.94,76.26

2026-09-05T12:20:20.394Z,32.92,76.29

2026-09-05T12:20:25.399Z,32.94,76.3

2026-09-05T12:20:30.412Z,32.93,76.37

2026-09-05T12:20:35.399Z,32.92,76.29

2026-09-05T12:20:40.401Z,32.93,76.34

2026-09-05T12:20:45.398Z,32.93,76.24

2026-09-05T12:20:50.399Z,32.91,76.32

2026-09-05T12:20:55.416Z,32.93,76.3

2026-09-05T12:21:00.429Z,32.93,76.37

2026-09-05T12:21:05.415Z,32.94,76.24

2026-09-05T12:21:10.414Z,32.91,76.26

2026-09-05T12:21:15.416Z,32.94,76.3

2026-09-05T12:21:20.416Z,32.92,76.28

2026-09-05T12:21:25.426Z,32.92,76.31

2026-09-05T12:21:30.436Z,32.92,76.38

2026-09-05T12:21:35.424Z,32.93,76.38

2026-09-05T12:21:40.423Z,32.93,76.34

2026-09-05T12:21:45.424Z,32.93,76.41

2026-09-05T12:21:50.426Z,32.93,76.37

2026-09-05T12:21:55.431Z,32.92,76.36

2026-09-05T12:22:00.442Z,32.92,76.48

2026-09-05T12:22:05.429Z,32.93,76.39

2026-09-05T12:22:10.434Z,32.93,76.4

2026-09-05T12:22:15.443Z,32.91,76.43

2026-09-05T12:22:20.437Z,32.93,76.43

2026-09-05T12:22:25.438Z,32.93,76.4

2026-09-05T12:22:30.433Z,32.93,76.44

2026-09-05T12:22:35.433Z,32.95,76.4

2026-09-05T12:22:40.443Z,32.94,76.44

2026-09-05T12:22:45.432Z,32.95,76.38

2026-09-05T12:22:50.434Z,32.94,76.38

2026-09-05T12:22:55.434Z,32.92,76.36

2026-09-05T12:23:00.435Z,32.93,76.41

2026-09-05T12:23:05.437Z,32.93,76.42

2026-09-05T12:23:10.446Z,32.93,76.44

2026-09-05T12:23:15.435Z,32.93,76.39

2026-09-05T12:23:20.436Z,32.94,76.33

2026-09-05T12:23:25.436Z,32.92,76.37

2026-09-05T12:23:30.436Z,32.93,76.38

2026-09-05T12:23:35.437Z,32.95,76.42

2026-09-05T12:23:40.452Z,32.94,76.38

2026-09-05T12:23:45.437Z,32.94,76.39

2026-09-05T12:23:50.439Z,32.94,76.42

2026-09-05T12:23:55.436Z,32.94,76.4

2026-09-05T12:24:00.439Z,32.93,76.43

2026-09-05T12:24:05.451Z,32.95,76.4

2026-09-05T12:24:10.464Z,32.93,76.47

2026-09-05T12:24:15.452Z,32.93,76.41

2026-09-05T12:24:20.451Z,32.93,76.43

2026-09-05T12:24:25.451Z,32.93,76.41

2026-09-05T12:24:30.452Z,32.93,76.45

2026-09-05T12:24:35.461Z,32.94,76.49

2026-09-05T12:24:40.471Z,32.93,76.51

2026-09-05T12:24:45.459Z,32.93,76.44

2026-09-05T12:24:50.459Z,32.94,76.39

2026-09-05T12:24:55.461Z,32.93,76.48

2026-09-05T12:25:00.461Z,32.94,76.43

2026-09-05T12:25:05.465Z,32.94,76.45

2026-09-05T12:25:10.477Z,32.94,76.48

2026-09-05T12:25:15.463Z,32.94,76.42

2026-09-05T12:25:20.463Z,32.95,76.46

2026-09-05T12:25:25.464Z,32.94,76.42

2026-09-05T12:25:30.465Z,32.95,76.52

2026-09-05T12:25:35.471Z,32.94,76.49

2026-09-05T12:25:40.484Z,32.95,76.49

2026-09-05T12:25:45.468Z,32.95,76.48

2026-09-05T12:25:50.473Z,32.94,76.42

2026-09-05T12:25:55.470Z,32.96,76.44

2026-09-05T12:26:00.472Z,32.96,76.49

2026-09-05T12:26:05.472Z,32.97,76.42

2026-09-05T12:26:10.487Z,32.96,76.51

2026-09-05T12:26:15.474Z,32.96,76.4

2026-09-05T12:26:20.473Z,32.96,76.48

2026-09-05T12:26:25.471Z,32.97,76.41

2026-09-05T12:26:30.473Z,32.96,76.45

2026-09-05T12:26:35.490Z,32.95,76.41

2026-09-05T12:26:40.502Z,32.95,76.43

2026-09-05T12:26:45.490Z,32.97,76.46

2026-09-05T12:26:50.491Z,32.96,76.45

2026-09-05T12:26:55.493Z,32.96,76.4

2026-09-05T12:27:00.492Z,32.96,76.44

2026-09-05T12:27:05.509Z,32.96,76.44

2026-09-05T12:27:10.501Z,32.96,76.4

2026-09-05T12:27:15.502Z,32.97,76.44

2026-09-05T12:27:20.502Z,32.99,76.43

2026-09-05T12:27:25.503Z,32.97,76.46

2026-09-05T12:27:30.515Z,32.94,76.51

2026-09-05T12:27:35.501Z,32.96,76.44

2026-09-05T12:27:40.502Z,32.94,76.52

2026-09-05T12:27:45.501Z,32.95,76.58

2026-09-05T12:27:50.500Z,32.95,76.53

2026-09-05T12:27:55.502Z,32.96,76.53

2026-09-05T12:28:00.513Z,32.93,76.53

2026-09-05T12:28:05.502Z,32.92,76.54

2026-09-05T12:28:10.503Z,32.95,76.52

2026-09-05T12:28:15.502Z,32.93,76.52

2026-09-05T12:28:20.502Z,32.96,76.55

2026-09-05T12:28:25.509Z,32.94,76.54

2026-09-05T12:28:30.520Z,32.93,76.63

2026-09-05T12:28:35.508Z,32.93,76.56

2026-09-05T12:28:40.507Z,32.93,76.55

2026-09-05T12:28:45.508Z,32.93,76.57

2026-09-05T12:28:50.509Z,32.94,76.6

2026-09-05T12:28:55.516Z,32.94,76.6

2026-09-05T12:29:00.528Z,32.92,76.65

2026-09-05T12:29:05.516Z,32.93,76.64

2026-09-05T12:29:10.517Z,32.93,76.73

2026-09-05T12:29:15.517Z,32.93,76.78

2026-09-05T12:29:20.518Z,32.92,76.73

2026-09-05T12:29:25.529Z,32.94,76.75

2026-09-05T12:29:30.538Z,32.93,76.73

2026-09-05T12:29:35.524Z,32.92,76.68

2026-09-05T12:29:40.529Z,32.92,76.74

2026-09-05T12:29:45.528Z,32.93,76.68

2026-09-05T12:29:50.527Z,32.92,76.6

2026-09-05T12:29:55.543Z,32.94,76.47

2026-09-05T12:30:00.554Z,32.93,76.41

2026-09-05T12:30:05.541Z,32.93,76.38

2026-09-05T12:30:10.541Z,32.92,76.34

2026-09-05T12:30:15.541Z,32.91,76.28

2026-09-05T12:30:20.542Z,32.93,76.28

2026-09-05T12:30:25.554Z,32.93,76.27

2026-09-05T12:30:30.562Z,32.94,76.32

2026-09-05T12:30:35.552Z,32.93,76.32

2026-09-05T12:30:40.552Z,32.93,76.31

2026-09-05T12:30:45.554Z,32.93,76.37

2026-09-05T12:30:50.554Z,32.91,76.46

2026-09-05T12:30:55.552Z,32.91,76.51

2026-09-05T12:31:00.566Z,32.93,76.52

2026-09-05T12:31:05.555Z,32.93,76.5

2026-09-05T12:31:10.556Z,32.92,76.51

2026-09-05T12:31:15.555Z,32.94,76.56

2026-09-05T12:31:20.557Z,32.91,76.51

2026-09-05T12:31:25.562Z,32.94,76.5

2026-09-05T12:31:30.572Z,32.94,76.55

2026-09-05T12:31:35.560Z,32.94,76.55

2026-09-05T12:31:40.559Z,32.95,76.56

2026-09-05T12:31:45.561Z,32.95,76.59

2026-09-05T12:31:50.561Z,32.95,76.66

2026-09-05T12:31:55.580Z,32.93,76.63

2026-09-05T12:32:00.570Z,32.93,76.63

2026-09-05T12:32:05.572Z,32.94,76.6

2026-09-05T12:32:10.582Z,32.97,76.65

2026-09-05T12:32:15.573Z,32.96,76.61

2026-09-05T12:32:20.573Z,32.97,76.66

2026-09-05T12:32:25.572Z,32.97,76.63

2026-09-05T12:32:30.575Z,32.98,76.59

2026-09-05T12:32:35.573Z,32.99,76.64

2026-09-05T12:32:40.589Z,33,76.69

2026-09-05T12:32:45.573Z,32.98,76.67

2026-09-05T12:32:50.574Z,32.99,76.67

2026-09-05T12:32:55.574Z,32.97,76.62

2026-09-05T12:33:00.576Z,33.01,76.62

2026-09-05T12:33:05.589Z,32.99,76.6

2026-09-05T12:33:10.580Z,33.01,76.62

2026-09-05T12:33:15.583Z,33.01,76.56

2026-09-05T12:33:20.599Z,33,76.55

2026-09-05T12:33:25.587Z,33.03,76.54

2026-09-05T12:33:30.586Z,33.01,76.44

2026-09-05T12:33:35.583Z,33.02,76.42

2026-09-05T12:33:40.585Z,33.03,76.41

2026-09-05T12:33:45.586Z,33.04,76.37

2026-09-05T12:33:50.602Z,33.01,76.36

2026-09-05T12:33:55.590Z,33.02,76.39

2026-09-05T12:34:00.587Z,33.02,76.34

2026-09-05T12:34:05.589Z,33.03,76.37

2026-09-05T12:34:10.588Z,33.02,76.32

2026-09-05T12:34:15.589Z,33.05,76.28

2026-09-05T12:34:20.601Z,33.05,76.41

2026-09-05T12:34:25.587Z,33.04,76.34

2026-09-05T12:34:30.591Z,33.04,76.29

2026-09-05T12:34:35.590Z,33.04,76.32

2026-09-05T12:34:40.592Z,33.04,76.3

2026-09-05T12:34:45.601Z,33.06,76.23

2026-09-05T12:34:50.612Z,33.05,76.28

2026-09-05T12:34:55.601Z,33.07,76.29

2026-09-05T12:35:00.601Z,33.06,76.23

2026-09-05T12:35:05.602Z,33.06,76.23

2026-09-05T12:35:10.602Z,33.05,76.24

2026-09-05T12:35:15.617Z,33.08,76.23

2026-09-05T12:35:20.627Z,33.09,76.33

2026-09-05T12:35:25.615Z,33.09,76.21

2026-09-05T12:35:30.615Z,33.07,76.21

2026-09-05T12:35:35.615Z,33.09,76.27

2026-09-05T12:35:40.616Z,33.08,76.26

2026-09-05T12:35:45.629Z,33.11,76.22

2026-09-05T12:35:50.638Z,33.09,76.26

2026-09-05T12:35:55.627Z,33.12,76.2

2026-09-05T12:36:00.628Z,33.1,76.26

2026-09-05T12:36:05.627Z,33.11,76.26

2026-09-05T12:36:10.627Z,33.13,76.19

2026-09-05T12:36:15.629Z,33.13,76.16

2026-09-05T12:36:20.643Z,33.14,76.26

2026-09-05T12:36:25.632Z,33.15,76.23

2026-09-05T12:36:30.632Z,33.17,76.22

2026-09-05T12:36:35.631Z,33.14,76.19

2026-09-05T12:36:40.630Z,33.15,76.15

2026-09-05T12:36:45.639Z,33.15,76.18

2026-09-05T12:36:50.650Z,33.16,76.23

2026-09-05T12:36:55.637Z,33.16,76.13

2026-09-05T12:37:00.641Z,33.17,76.2

2026-09-05T12:37:05.639Z,33.18,76.12

2026-09-05T12:37:10.641Z,33.18,76.17

2026-09-05T12:37:15.656Z,33.18,76.15

2026-09-05T12:37:20.670Z,33.19,76.13

2026-09-05T12:37:25.655Z,33.19,76.1

2026-09-05T12:37:30.657Z,33.2,76.1

2026-09-05T12:37:35.659Z,33.21,76.08

2026-09-05T12:37:40.656Z,33.2,76.04

2026-09-05T12:37:45.669Z,33.21,76

2026-09-05T12:37:50.679Z,33.22,76.06

2026-09-05T12:37:55.666Z,33.23,75.98

2026-09-05T12:38:00.669Z,33.22,75.95

2026-09-05T12:38:05.670Z,33.23,75.94

2026-09-05T12:38:10.669Z,33.24,75.86

2026-09-05T12:38:15.682Z,33.24,75.88

2026-09-05T12:38:20.695Z,33.23,75.9

2026-09-05T12:38:25.681Z,33.25,75.81

2026-09-05T12:38:30.684Z,33.26,75.84

2026-09-05T12:38:35.682Z,33.24,75.8

2026-09-05T12:38:40.682Z,33.25,75.83

2026-09-05T12:38:45.694Z,33.28,75.79

2026-09-05T12:38:50.706Z,33.26,75.8

2026-09-05T12:38:55.694Z,33.28,75.74

2026-09-05T12:39:00.698Z,33.27,75.75

2026-09-05T12:39:05.697Z,33.28,75.74

2026-09-05T12:39:10.697Z,33.28,75.71

2026-09-05T12:39:15.697Z,33.29,75.71

2026-09-05T12:39:20.709Z,33.29,75.77

2026-09-05T12:39:25.699Z,33.27,75.69

2026-09-05T12:39:30.700Z,33.29,75.61

2026-09-05T12:39:35.698Z,33.27,75.64

2026-09-05T12:39:40.698Z,33.3,75.68

2026-09-05T12:39:45.698Z,33.26,75.71

2026-09-05T12:39:50.712Z,33.27,75.69

2026-09-05T12:39:55.699Z,33.25,75.65

2026-09-05T12:40:00.700Z,33.28,75.66

2026-09-05T12:40:05.700Z,33.25,75.69

2026-09-05T12:40:10.699Z,33.28,75.76

2026-09-05T12:40:15.705Z,33.26,75.72

2026-09-05T12:40:20.718Z,33.21,75.78

2026-09-05T12:40:25.703Z,33.24,75.8

2026-09-05T12:40:30.704Z,33.24,75.79

2026-09-05T12:40:35.704Z,33.23,75.87

2026-09-05T12:40:40.707Z,33.23,75.77

2026-09-05T12:40:45.715Z,33.2,75.83

2026-09-05T12:40:50.727Z,33.2,75.91

2026-09-05T12:40:55.717Z,33.19,75.94

2026-09-05T12:41:00.713Z,33.19,76.03

2026-09-05T12:41:05.714Z,33.18,76.01

2026-09-05T12:41:10.715Z,33.15,76.06

2026-09-05T12:41:15.724Z,33.14,76.1

2026-09-05T12:41:20.736Z,33.13,76.26

2026-09-05T12:41:25.720Z,33.14,76.18

2026-09-05T12:41:30.722Z,33.13,76.24

2026-09-05T12:41:35.723Z,33.13,76.26

2026-09-05T12:41:40.723Z,33.11,76.27

2026-09-05T12:41:45.734Z,33.11,76.34

2026-09-05T12:41:50.745Z,33.09,76.39

2026-09-05T12:41:55.732Z,33.09,76.36

2026-09-05T12:42:00.730Z,33.09,76.39

2026-09-05T12:42:05.733Z,33.08,76.45

2026-09-05T12:42:10.732Z,33.08,76.47

2026-09-05T12:42:15.743Z,33.05,76.5

2026-09-05T12:42:20.757Z,33.07,76.58

2026-09-05T12:42:25.740Z,33.06,76.59

2026-09-05T12:42:30.743Z,33.06,76.63

2026-09-05T12:42:35.742Z,33.03,76.68

2026-09-05T12:42:40.740Z,33.01,76.72

2026-09-05T12:42:45.751Z,33.03,76.73

2026-09-05T12:42:50.760Z,33.03,76.79

2026-09-05T12:42:55.751Z,33.02,76.84

2026-09-05T12:43:00.749Z,33.03,76.84

2026-09-05T12:43:05.749Z,33,76.78

2026-09-05T12:43:10.749Z,33.01,76.86

2026-09-05T12:43:15.753Z,33.02,76.85

2026-09-05T12:43:20.762Z,33.01,76.96

2026-09-05T12:43:25.752Z,33.02,76.94

2026-09-05T12:43:30.753Z,33,76.95

2026-09-05T12:43:35.752Z,33,77

2026-09-05T12:43:40.752Z,32.98,77.08

2026-09-05T12:43:45.752Z,32.96,77.02

2026-09-05T12:43:50.764Z,32.96,77.11

2026-09-05T12:43:55.753Z,32.96,77.08

2026-09-05T12:44:00.751Z,32.96,77.12

2026-09-05T12:44:05.752Z,32.95,77.13

2026-09-05T12:44:10.752Z,32.96,77.16

2026-09-05T12:44:15.752Z,32.96,77.16

2026-09-05T12:44:20.766Z,32.96,77.18

2026-09-05T12:44:25.749Z,32.96,77.18

2026-09-05T12:44:30.754Z,32.93,77.24

2026-09-05T12:44:35.754Z,32.95,77.2

2026-09-05T12:44:40.753Z,32.92,77.3

2026-09-05T12:44:45.762Z,32.95,77.31

2026-09-05T12:44:50.777Z,32.94,77.37

2026-09-05T12:44:55.756Z,32.93,77.4

2026-09-05T12:45:00.759Z,32.92,77.38

2026-09-05T12:45:05.761Z,32.91,77.4

2026-09-05T12:45:10.758Z,32.9,77.39

2026-09-05T12:45:15.770Z,32.91,77.44

2026-09-05T12:45:20.785Z,32.92,77.47

2026-09-05T12:45:25.771Z,32.91,77.48

2026-09-05T12:45:30.772Z,32.9,77.46

2026-09-05T12:45:35.771Z,32.9,77.49

2026-09-05T12:45:40.773Z,32.9,77.61

2026-09-05T12:45:45.783Z,32.87,77.61

2026-09-05T12:45:50.796Z,32.88,77.63

2026-09-05T12:45:55.783Z,32.87,77.67

2026-09-05T12:46:00.785Z,32.87,77.67

2026-09-05T12:46:05.784Z,32.88,77.71

2026-09-05T12:46:10.785Z,32.85,77.78

2026-09-05T12:46:15.801Z,32.86,77.74

2026-09-05T12:46:20.815Z,32.86,77.76

2026-09-05T12:46:25.802Z,32.88,77.75

2026-09-05T12:46:30.802Z,32.86,77.76

2026-09-05T12:46:35.803Z,32.84,77.73

2026-09-05T12:46:40.803Z,32.84,77.79

2026-09-05T12:46:45.807Z,32.83,77.77

2026-09-05T12:46:50.817Z,32.85,77.81

2026-09-05T12:46:55.806Z,32.83,77.78

2026-09-05T12:47:00.809Z,32.84,77.81

2026-09-05T12:47:05.808Z,32.82,77.82

2026-09-05T12:47:10.809Z,32.82,77.85

2026-09-05T12:47:15.814Z,32.84,77.83

2026-09-05T12:47:20.824Z,32.83,77.81

2026-09-05T12:47:25.812Z,32.82,77.84

2026-09-05T12:47:30.811Z,32.84,77.87

2026-09-05T12:47:35.814Z,32.81,77.83

2026-09-05T12:47:40.812Z,32.8,77.78

2026-09-05T12:47:45.813Z,32.81,77.83

2026-09-05T12:47:50.823Z,32.8,77.86

2026-09-05T12:47:55.813Z,32.81,77.86

2026-09-05T12:48:00.814Z,32.78,77.94

2026-09-05T12:48:05.811Z,32.8,77.93

2026-09-05T12:48:10.813Z,32.79,77.9

2026-09-05T12:48:15.818Z,32.81,77.98

2026-09-05T12:48:20.836Z,32.78,78.01

2026-09-05T12:48:25.817Z,32.79,78.01

2026-09-05T12:48:30.821Z,32.79,78.01

2026-09-05T12:48:35.819Z,32.76,77.93

2026-09-05T12:48:40.817Z,32.78,77.94

2026-09-05T12:48:45.831Z,32.78,77.94

2026-09-05T12:48:50.847Z,32.77,78.03

2026-09-05T12:48:55.832Z,32.75,77.96

2026-09-05T12:49:00.833Z,32.74,78.06

2026-09-05T12:49:05.833Z,32.75,78.02

2026-09-05T12:49:10.847Z,32.74,78.02

2026-09-05T12:49:15.834Z,32.74,78.01

2026-09-05T12:49:20.837Z,32.74,78.11

2026-09-05T12:49:25.835Z,32.74,78.1

2026-09-05T12:49:30.835Z,32.75,78.07

2026-09-05T12:49:35.834Z,32.76,78.07

2026-09-05T12:49:40.849Z,32.76,78.16

2026-09-05T12:49:45.835Z,32.74,78.13

2026-09-05T12:49:50.836Z,32.74,78.15

2026-09-05T12:49:55.836Z,32.73,78.14

2026-09-05T12:50:00.835Z,32.73,78.13

2026-09-05T12:50:05.848Z,32.72,78.12

2026-09-05T12:50:10.858Z,32.75,78.16

2026-09-05T12:50:15.847Z,32.74,78.18

2026-09-05T12:50:20.849Z,32.75,78.16

2026-09-05T12:50:25.850Z,32.74,78.16

2026-09-05T12:50:30.849Z,32.74,78.2

2026-09-05T12:50:35.863Z,32.73,78.16

2026-09-05T12:50:40.874Z,32.73,78.21

2026-09-05T12:50:45.861Z,32.74,78.2

2026-09-05T12:50:50.860Z,32.72,78.19

2026-09-05T12:50:55.863Z,32.74,78.2

2026-09-05T12:51:00.864Z,32.73,78.21

2026-09-05T12:51:05.866Z,32.73,78.22

2026-09-05T12:51:10.876Z,32.73,78.29

2026-09-05T12:51:15.864Z,32.72,78.3

2026-09-05T12:51:20.865Z,32.71,78.31

2026-09-05T12:51:25.864Z,32.73,78.33

2026-09-05T12:51:30.866Z,32.7,78.28

2026-09-05T12:51:35.866Z,32.71,78.37

2026-09-05T12:51:40.877Z,32.7,78.34

2026-09-05T12:51:45.864Z,32.7,78.39

2026-09-05T12:51:50.864Z,32.7,78.38

2026-09-05T12:51:55.863Z,32.69,78.41

2026-09-05T12:52:00.870Z,32.69,78.4

2026-09-05T12:52:05.875Z,32.69,78.39

2026-09-05T12:52:10.878Z,32.69,78.43

2026-09-05T12:52:15.873Z,32.67,78.47

2026-09-05T12:52:20.870Z,32.7,78.47

2026-09-05T12:52:25.871Z,32.68,78.44

2026-09-05T12:52:30.873Z,32.67,78.52

2026-09-05T12:52:35.886Z,32.69,78.56

2026-09-05T12:52:40.895Z,32.69,78.58

2026-09-05T12:52:45.885Z,32.67,78.59

2026-09-05T12:52:50.885Z,32.68,78.55

2026-09-05T12:52:55.883Z,32.66,78.65

2026-09-05T12:53:00.885Z,32.67,78.59

2026-09-05T12:53:05.895Z,32.68,78.67

2026-09-05T12:53:10.909Z,32.65,78.66

2026-09-05T12:53:15.893Z,32.68,78.66

2026-09-05T12:53:20.894Z,32.66,78.66

2026-09-05T12:53:25.894Z,32.67,78.68

2026-09-05T12:53:30.895Z,32.67,78.68

2026-09-05T12:53:35.907Z,32.66,78.66

2026-09-05T12:53:40.916Z,32.64,78.71

2026-09-05T12:53:45.901Z,32.67,78.71

2026-09-05T12:53:50.906Z,32.66,78.76

2026-09-05T12:53:55.906Z,32.67,78.72

2026-09-05T12:54:00.902Z,32.69,78.76

2026-09-05T12:54:05.912Z,32.67,78.72

2026-09-05T12:54:10.925Z,32.66,78.78

2026-09-05T12:54:15.909Z,32.66,78.79

2026-09-05T12:54:20.909Z,32.65,78.75

2026-09-05T12:54:25.912Z,32.68,78.74

2026-09-05T12:54:30.914Z,32.67,78.81

2026-09-05T12:54:35.911Z,32.66,78.85

2026-09-05T12:54:40.924Z,32.67,78.81

2026-09-05T12:54:45.912Z,32.64,78.84

2026-09-05T12:54:50.914Z,32.66,78.97

2026-09-05T12:54:55.914Z,32.66,79

2026-09-05T12:55:00.913Z,32.66,78.99

2026-09-05T12:55:05.913Z,32.65,78.99

2026-09-05T12:55:10.924Z,32.65,79.03

2026-09-05T12:55:15.914Z,32.67,78.97

2026-09-05T12:55:20.913Z,32.65,79.07

2026-09-05T12:55:25.912Z,32.65,79.02

2026-09-05T12:55:30.917Z,32.65,79.03

2026-09-05T12:55:35.942Z,32.65,79.04

2026-09-05T12:55:40.927Z,32.66,79.06

2026-09-05T12:55:45.928Z,32.66,79.05

2026-09-05T12:55:50.931Z,32.65,79.02

2026-09-05T12:55:55.933Z,32.65,79.11

2026-09-05T12:56:00.941Z,32.64,79.04

2026-09-05T12:56:05.931Z,32.64,79.06

2026-09-05T12:56:10.934Z,32.64,79.11

2026-09-05T12:56:15.932Z,32.63,79.08

2026-09-05T12:56:20.934Z,32.65,79.1

2026-09-05T12:56:25.933Z,32.64,79.07

2026-09-05T12:56:30.945Z,32.63,79.16

2026-09-05T12:56:35.937Z,32.63,79.1

2026-09-05T12:56:40.935Z,32.63,79.12

2026-09-05T12:56:45.939Z,32.64,79.16

2026-09-05T12:56:50.947Z,32.61,79.19

2026-09-05T12:56:55.935Z,32.64,79.21

2026-09-05T12:57:00.937Z,32.62,79.24

2026-09-05T12:57:05.937Z,32.63,79.23

2026-09-05T12:57:10.938Z,32.64,79.22

2026-09-05T12:57:15.957Z,32.64,79.23

2026-09-05T12:57:20.969Z,32.61,79.25

2026-09-05T12:57:25.954Z,32.64,79.25

2026-09-05T12:57:30.953Z,32.65,79.25

2026-09-05T12:57:35.953Z,32.62,79.25

2026-09-05T12:57:40.953Z,32.63,79.27

2026-09-05T12:57:45.955Z,32.64,79.3

2026-09-05T12:57:50.964Z,32.63,79.33

2026-09-05T12:57:55.955Z,32.62,79.28

2026-09-05T12:58:00.955Z,32.62,79.22

2026-09-05T12:58:05.954Z,32.62,79.28

2026-09-05T12:58:10.957Z,32.64,79.34

2026-09-05T12:58:15.965Z,32.61,79.25

2026-09-05T12:58:20.976Z,32.6,79.31

2026-09-05T12:58:25.964Z,32.6,79.27

2026-09-05T12:58:30.963Z,32.6,79.33

2026-09-05T12:58:35.964Z,32.58,79.27

2026-09-05T12:58:40.963Z,32.6,79.28

2026-09-05T12:58:45.968Z,32.6,79.27

2026-09-05T12:58:50.982Z,32.58,79.33

2026-09-05T12:58:55.968Z,32.58,79.29

2026-09-05T12:59:00.971Z,32.59,79.24

2026-09-05T12:59:05.970Z,32.59,79.28

2026-09-05T12:59:10.972Z,32.6,79.26

2026-09-05T12:59:15.971Z,32.59,79.27

2026-09-05T12:59:20.982Z,32.59,79.33

2026-09-05T12:59:25.976Z,32.6,79.34

2026-09-05T12:59:30.974Z,32.58,79.4

2026-09-05T12:59:35.973Z,32.57,79.44

2026-09-05T12:59:40.973Z,32.59,79.43

2026-09-05T12:59:45.993Z,32.58,79.46

2026-09-05T12:59:51.007Z,32.58,79.52

2026-09-05T12:59:55.992Z,32.57,79.5

2026-09-05T13:00:00.993Z,32.58,79.49

2026-09-05T13:00:05.992Z,32.58,79.5

2026-09-05T13:00:10.993Z,32.57,79.52

2026-09-05T13:00:15.994Z,32.56,79.46

2026-09-05T13:00:21.006Z,32.57,79.49

2026-09-05T13:00:25.993Z,32.57,79.47

2026-09-05T13:00:30.995Z,32.57,79.52

2026-09-05T13:00:36.000Z,32.55,79.48

2026-09-05T13:00:41.012Z,32.56,79.59

2026-09-05T13:00:45.999Z,32.55,79.55

2026-09-05T13:00:50.999Z,32.54,79.55

2026-09-05T13:00:56.000Z,32.57,79.56

2026-09-05T13:01:01.000Z,32.55,79.54

2026-09-05T13:01:06.000Z,32.56,79.56

2026-09-05T13:01:11.012Z,32.53,79.62

2026-09-05T13:01:15.999Z,32.54,79.64

2026-09-05T13:01:21.000Z,32.55,79.57

2026-09-05T13:01:26.000Z,32.55,79.55

2026-09-05T13:01:31.000Z,32.55,79.58

2026-09-05T13:01:36.014Z,32.53,79.58

2026-09-05T13:01:41.023Z,32.55,79.61

2026-09-05T13:01:46.011Z,32.54,79.64

2026-09-05T13:01:51.011Z,32.54,79.64

2026-09-05T13:01:56.011Z,32.55,79.68

2026-09-05T13:02:01.012Z,32.54,79.61

2026-09-05T13:02:06.023Z,32.54,79.65

2026-09-05T13:02:11.019Z,32.54,79.72

2026-09-05T13:02:16.017Z,32.56,79.73

2026-09-05T13:02:21.031Z,32.54,79.84

2026-09-05T13:02:26.018Z,32.55,79.83

2026-09-05T13:02:31.017Z,32.54,79.81

2026-09-05T13:02:36.017Z,32.54,79.84

2026-09-05T13:02:41.017Z,32.54,79.76

2026-09-05T13:02:46.018Z,32.54,79.78

2026-09-05T13:02:51.037Z,32.54,79.87

2026-09-05T13:02:56.021Z,32.55,79.85

2026-09-05T13:03:01.017Z,32.53,79.88

2026-09-05T13:03:06.019Z,32.54,79.88

2026-09-05T13:03:11.023Z,32.55,79.84

2026-09-05T13:03:16.021Z,32.55,79.92

2026-09-05T13:03:21.035Z,32.55,79.92

2026-09-05T13:03:26.023Z,32.55,79.88

2026-09-05T13:03:31.024Z,32.57,79.84

2026-09-05T13:03:36.022Z,32.53,79.8

2026-09-05T13:03:41.024Z,32.54,79.9

2026-09-05T13:03:46.023Z,32.56,79.9

2026-09-05T13:03:51.038Z,32.53,79.89

2026-09-05T13:03:56.023Z,32.53,79.93

2026-09-05T13:04:01.024Z,32.56,79.87

2026-09-05T13:04:06.024Z,32.53,79.94

2026-09-05T13:04:11.025Z,32.55,79.89

2026-09-05T13:04:16.031Z,32.55,79.95

2026-09-05T13:04:21.043Z,32.54,79.96

2026-09-05T13:04:26.028Z,32.54,79.95

2026-09-05T13:04:31.032Z,32.54,79.87

2026-09-05T13:04:36.035Z,32.52,79.95

2026-09-05T13:04:41.029Z,32.54,79.92

2026-09-05T13:04:46.039Z,32.52,79.97

2026-09-05T13:04:51.055Z,32.53,79.89

2026-09-05T13:04:56.040Z,32.55,79.93

2026-09-05T13:05:01.041Z,32.53,79.97

2026-09-05T13:05:06.041Z,32.55,79.94

2026-09-05T13:05:11.040Z,32.55,80.06

2026-09-05T13:05:16.054Z,32.54,80.05

2026-09-05T13:05:21.068Z,32.55,80.01

2026-09-05T13:05:26.052Z,32.55,80.01

2026-09-05T13:05:31.051Z,32.55,79.98

2026-09-05T13:05:36.054Z,32.55,79.95

2026-09-05T13:05:41.052Z,32.54,79.93

2026-09-05T13:05:46.065Z,32.54,79.98

2026-09-05T13:05:51.076Z,32.55,79.97

2026-09-05T13:05:56.064Z,32.55,79.95

2026-09-05T13:06:01.063Z,32.56,79.9

2026-09-05T13:06:06.065Z,32.54,79.91

2026-09-05T13:06:11.065Z,32.55,79.93

2026-09-05T13:06:16.068Z,32.55,79.88

2026-09-05T13:06:21.077Z,32.55,79.91

2026-09-05T13:06:26.065Z,32.55,79.89

2026-09-05T13:06:31.067Z,32.54,79.95

2026-09-05T13:06:36.067Z,32.57,79.94

2026-09-05T13:06:41.071Z,32.54,79.96

2026-09-05T13:06:46.081Z,32.54,79.92

2026-09-05T13:06:51.096Z,32.55,79.94

2026-09-05T13:06:56.082Z,32.56,79.85

2026-09-05T13:07:01.083Z,32.55,79.88

2026-09-05T13:07:06.083Z,32.55,79.93

2026-09-05T13:07:11.083Z,32.56,79.91

2026-09-05T13:07:16.095Z,32.56,79.93

2026-09-05T13:07:21.105Z,32.57,80.03

2026-09-05T13:07:26.095Z,32.55,79.94

2026-09-05T13:07:31.096Z,32.57,79.94

2026-09-05T13:07:36.096Z,32.56,79.92

2026-09-05T13:07:41.096Z,32.58,79.92

2026-09-05T13:07:46.096Z,32.56,80.03

2026-09-05T13:07:51.107Z,32.57,80.01

2026-09-05T13:07:56.097Z,32.56,80.01

2026-09-05T13:08:01.098Z,32.56,80.02

2026-09-05T13:08:06.094Z,32.57,80.02

2026-09-05T13:08:11.095Z,32.55,79.99

2026-09-05T13:08:16.100Z,32.56,79.93

2026-09-05T13:08:21.111Z,32.56,79.96

2026-09-05T13:08:26.098Z,32.59,79.87

2026-09-05T13:08:31.100Z,32.58,79.86

2026-09-05T13:08:36.099Z,32.58,79.86

2026-09-05T13:08:41.100Z,32.57,79.83

2026-09-05T13:08:46.116Z,32.57,79.88

2026-09-05T13:08:51.126Z,32.57,79.84

2026-09-05T13:08:56.116Z,32.55,79.86

2026-09-05T13:09:01.116Z,32.58,79.88

2026-09-05T13:09:06.113Z,32.56,79.9

2026-09-05T13:09:11.115Z,32.57,79.84

2026-09-05T13:09:16.129Z,32.55,79.84

2026-09-05T13:09:21.141Z,32.57,79.9

2026-09-05T13:09:26.126Z,32.59,79.91

2026-09-05T13:09:31.126Z,32.57,79.92

2026-09-05T13:09:36.126Z,32.58,79.86

2026-09-05T13:09:41.128Z,32.58,79.88

2026-09-05T13:09:46.126Z,32.59,79.91

2026-09-05T13:09:51.140Z,32.58,79.93

2026-09-05T13:09:56.126Z,32.57,79.85

2026-09-05T13:10:01.129Z,32.58,79.88

2026-09-05T13:10:06.128Z,32.58,79.88

2026-09-05T13:10:11.128Z,32.6,79.96

2026-09-05T13:10:16.146Z,32.58,80

2026-09-05T13:10:21.155Z,32.56,80.11

2026-09-05T13:10:26.145Z,32.58,80.06

2026-09-05T13:10:31.152Z,32.58,80.06

2026-09-05T13:10:36.148Z,32.6,80.06

2026-09-05T13:10:41.147Z,32.59,80.02

2026-09-05T13:10:46.148Z,32.6,80.02

2026-09-05T13:10:51.162Z,32.58,80.11

2026-09-05T13:10:56.147Z,32.57,80.06

2026-09-05T13:11:01.148Z,32.59,80.15

2026-09-05T13:11:06.148Z,32.58,80.08

2026-09-05T13:11:11.149Z,32.6,80.13

2026-09-05T13:11:16.164Z,32.59,80.08

2026-09-05T13:11:21.179Z,32.59,80.1

2026-09-05T13:11:26.163Z,32.59,80.01

2026-09-05T13:11:31.163Z,32.6,80.09

2026-09-05T13:11:36.165Z,32.58,80.02

2026-09-05T13:11:41.165Z,32.6,79.99

2026-09-05T13:11:46.165Z,32.61,80.04

2026-09-05T13:11:51.176Z,32.6,80.02

2026-09-05T13:11:56.166Z,32.59,80.02

2026-09-05T13:12:01.167Z,32.59,80.07

2026-09-05T13:12:06.166Z,32.59,80.06

2026-09-05T13:12:11.167Z,32.59,80.06

2026-09-05T13:12:16.176Z,32.6,80

2026-09-05T13:12:21.187Z,32.61,80.02

2026-09-05T13:12:26.174Z,32.61,80.06

2026-09-05T13:12:31.175Z,32.61,79.97

2026-09-05T13:12:36.175Z,32.61,80.04

2026-09-05T13:12:41.174Z,32.61,79.98

2026-09-05T13:12:46.185Z,32.59,80

2026-09-05T13:12:51.193Z,32.61,80.06

2026-09-05T13:12:56.186Z,32.6,80.06

2026-09-05T13:13:01.187Z,32.61,80.1

2026-09-05T13:13:06.187Z,32.61,80.03

2026-09-05T13:13:11.184Z,32.61,80.1

2026-09-05T13:13:16.187Z,32.62,80.13

2026-09-05T13:13:21.200Z,32.61,80.11

2026-09-05T13:13:26.188Z,32.62,80.13

2026-09-05T13:13:31.188Z,32.63,80.11

2026-09-05T13:13:36.188Z,32.61,80.12

2026-09-05T13:13:41.189Z,32.63,80.08

2026-09-05T13:13:46.192Z,32.6,80.08

2026-09-05T13:13:51.195Z,32.62,80.17

2026-09-05T13:13:56.189Z,32.63,80.13

2026-09-05T13:14:01.189Z,32.6,80.08

2026-09-05T13:14:06.189Z,32.63,80.09

2026-09-05T13:14:11.191Z,32.62,80.07

2026-09-05T13:14:16.205Z,32.63,80.08

2026-09-05T13:14:21.212Z,32.63,80.16

2026-09-05T13:14:26.201Z,32.65,80.1

2026-09-05T13:14:31.205Z,32.64,80.11

2026-09-05T13:14:36.206Z,32.63,80.06

2026-09-05T13:14:41.204Z,32.64,80.06

2026-09-05T13:14:46.211Z,32.66,80.04

2026-09-05T13:14:51.227Z,32.64,80.06

2026-09-05T13:14:56.211Z,32.64,80.01

2026-09-05T13:15:01.212Z,32.64,79.99

2026-09-05T13:15:06.213Z,32.64,80.04

2026-09-05T13:15:11.212Z,32.66,79.99

2026-09-05T13:15:16.217Z,32.66,80.01

2026-09-05T13:15:21.231Z,32.66,80.05

2026-09-05T13:15:26.217Z,32.67,79.98

2026-09-05T13:15:31.217Z,32.67,79.92

2026-09-05T13:15:36.215Z,32.66,79.98

2026-09-05T13:15:41.215Z,32.64,79.94

2026-09-05T13:15:46.230Z,32.65,80.01

2026-09-05T13:15:51.243Z,32.68,79.96

2026-09-05T13:15:56.230Z,32.65,79.94

2026-09-05T13:16:01.230Z,32.66,79.96

2026-09-05T13:16:06.231Z,32.68,79.92

2026-09-05T13:16:11.232Z,32.65,79.97

2026-09-05T13:16:16.232Z,32.68,79.93

2026-09-05T13:16:21.243Z,32.66,79.96

2026-09-05T13:16:26.233Z,32.65,79.92

2026-09-05T13:16:31.233Z,32.65,80.01

2026-09-05T13:16:36.232Z,32.67,79.92

2026-09-05T13:16:41.232Z,32.66,79.94

2026-09-05T13:16:46.232Z,32.67,79.94

2026-09-05T13:16:51.243Z,32.69,80.05

2026-09-05T13:16:56.232Z,32.67,79.96

2026-09-05T13:17:01.232Z,32.69,79.88

2026-09-05T13:17:06.230Z,32.7,79.92

2026-09-05T13:17:11.232Z,32.69,79.86

2026-09-05T13:17:16.233Z,32.67,79.86

2026-09-05T13:17:21.243Z,32.68,79.91

2026-09-05T13:17:26.233Z,32.68,79.84

2026-09-05T13:17:31.233Z,32.72,79.86

2026-09-05T13:17:36.234Z,32.7,79.89

2026-09-05T13:17:41.235Z,32.7,79.87

2026-09-05T13:17:46.246Z,32.69,79.83

2026-09-05T13:17:51.258Z,32.7,79.9

2026-09-05T13:17:56.242Z,32.69,80

2026-09-05T13:18:01.244Z,32.69,80.07

2026-09-05T13:18:06.248Z,32.7,80.03

2026-09-05T13:18:11.247Z,32.7,80.09

2026-09-05T13:18:16.248Z,32.69,79.98

2026-09-05T13:18:21.261Z,32.68,80

2026-09-05T13:18:26.249Z,32.7,79.98

2026-09-05T13:18:31.250Z,32.7,79.98

2026-09-05T13:18:36.251Z,32.7,79.91

2026-09-05T13:18:41.251Z,32.7,80.02

2026-09-05T13:18:46.268Z,32.71,79.93

2026-09-05T13:18:51.276Z,32.69,79.97

2026-09-05T13:18:56.267Z,32.69,79.94

2026-09-05T13:19:01.267Z,32.67,79.93

2026-09-05T13:19:06.267Z,32.69,79.99

2026-09-05T13:19:11.267Z,32.69,80

2026-09-05T13:19:16.267Z,32.69,80.01

2026-09-05T13:19:21.279Z,32.67,80.06

2026-09-05T13:19:26.265Z,32.67,79.96

2026-09-05T13:19:31.265Z,32.69,80.02

2026-09-05T13:19:36.265Z,32.68,80

2026-09-05T13:19:41.267Z,32.7,79.99

2026-09-05T13:19:46.278Z,32.67,79.94

2026-09-05T13:19:51.289Z,32.67,79.9

2026-09-05T13:19:56.279Z,32.66,79.8

2026-09-05T13:20:01.278Z,32.66,79.8

2026-09-05T13:20:06.278Z,32.68,79.86

2026-09-05T13:20:11.295Z,32.67,79.89

2026-09-05T13:20:16.279Z,32.68,79.73

2026-09-05T13:20:21.279Z,32.66,79.84

2026-09-05T13:20:26.281Z,32.68,79.77

2026-09-05T13:20:31.280Z,32.67,79.78

2026-09-05T13:20:36.278Z,32.67,79.9

2026-09-05T13:20:41.291Z,32.67,79.83

2026-09-05T13:20:46.278Z,32.68,79.79

2026-09-05T13:20:51.280Z,32.67,79.91

2026-09-05T13:20:56.279Z,32.67,79.83

2026-09-05T13:21:01.280Z,32.66,79.81

2026-09-05T13:21:06.285Z,32.66,79.85

2026-09-05T13:21:11.297Z,32.65,79.93

2026-09-05T13:21:16.284Z,32.65,79.99

2026-09-05T13:21:21.283Z,32.66,79.92

2026-09-05T13:21:26.285Z,32.66,79.95

2026-09-05T13:21:31.285Z,32.65,79.94

2026-09-05T13:21:36.303Z,32.66,79.96

2026-09-05T13:21:41.312Z,32.66,80.02

2026-09-05T13:21:46.299Z,32.66,80.01

2026-09-05T13:21:51.302Z,32.63,80.06

2026-09-05T13:21:56.302Z,32.66,79.98

2026-09-05T13:22:01.300Z,32.66,80.02

2026-09-05T13:22:06.310Z,32.66,80.04

2026-09-05T13:22:11.319Z,32.65,80.1

2026-09-05T13:22:16.307Z,32.67,80.03

2026-09-05T13:22:21.309Z,32.64,80.02

2026-09-05T13:22:26.308Z,32.63,80.06

2026-09-05T13:22:31.308Z,32.64,80.05

2026-09-05T13:22:36.323Z,32.64,80

2026-09-05T13:22:41.333Z,32.66,80.05

2026-09-05T13:22:46.321Z,32.65,79.96

2026-09-05T13:22:51.321Z,32.65,79.95

2026-09-05T13:22:56.322Z,32.64,79.98

2026-09-05T13:23:01.320Z,32.63,79.94

2026-09-05T13:23:06.335Z,32.64,79.96

2026-09-05T13:23:11.348Z,32.65,80.04

2026-09-05T13:23:16.332Z,32.65,80.03

2026-09-05T13:23:21.333Z,32.63,80

2026-09-05T13:23:26.332Z,32.64,79.96

2026-09-05T13:23:31.335Z,32.62,79.94

2026-09-05T13:23:36.338Z,32.63,79.88

2026-09-05T13:23:41.349Z,32.63,80.03

2026-09-05T13:23:46.338Z,32.63,79.9

2026-09-05T13:23:51.339Z,32.65,79.98

2026-09-05T13:23:56.339Z,32.63,79.9

2026-09-05T13:24:01.340Z,32.64,79.88

2026-09-05T13:24:06.341Z,32.64,79.9

2026-09-05T13:24:11.353Z,32.63,79.94

2026-09-05T13:24:16.343Z,32.62,79.84

2026-09-05T13:24:21.343Z,32.63,79.89

2026-09-05T13:24:26.344Z,32.63,79.88

2026-09-05T13:24:31.343Z,32.62,79.83

2026-09-05T13:24:36.343Z,32.63,79.9

2026-09-05T13:24:41.355Z,32.63,79.89

2026-09-05T13:24:46.342Z,32.64,79.88

2026-09-05T13:24:51.345Z,32.64,79.86

2026-09-05T13:24:56.344Z,32.63,79.83

2026-09-05T13:25:01.344Z,32.64,79.88

2026-09-05T13:25:06.352Z,32.64,79.8

2026-09-05T13:25:11.362Z,32.62,79.86

2026-09-05T13:25:16.350Z,32.63,79.82

2026-09-05T13:25:21.350Z,32.62,79.83

2026-09-05T13:25:26.352Z,32.62,79.84

2026-09-05T13:25:31.351Z,32.64,79.77

2026-09-05T13:25:36.368Z,32.62,79.85

2026-09-05T13:25:41.381Z,32.63,79.84

2026-09-05T13:25:46.366Z,32.63,79.76

2026-09-05T13:25:51.368Z,32.64,79.8

2026-09-05T13:25:56.367Z,32.63,79.82

2026-09-05T13:26:01.369Z,32.62,79.82

2026-09-05T13:26:06.376Z,32.62,79.8

2026-09-05T13:26:11.390Z,32.6,79.81

2026-09-05T13:26:16.376Z,32.62,79.79

2026-09-05T13:26:21.376Z,32.63,79.73

2026-09-05T13:26:26.376Z,32.6,79.74

2026-09-05T13:26:31.378Z,32.62,79.74

2026-09-05T13:26:36.383Z,32.63,79.7

2026-09-05T13:26:41.395Z,32.64,79.75

2026-09-05T13:26:46.382Z,32.63,79.72

2026-09-05T13:26:51.385Z,32.63,79.65

2026-09-05T13:26:56.383Z,32.62,79.64

2026-09-05T13:27:01.383Z,32.64,79.66

2026-09-05T13:27:06.395Z,32.62,79.65

2026-09-05T13:27:11.406Z,32.59,79.75

2026-09-05T13:27:16.391Z,32.61,79.7

2026-09-05T13:27:21.394Z,32.61,79.72

2026-09-05T13:27:26.405Z,32.6,79.69

2026-09-05T13:27:31.396Z,32.62,79.7

2026-09-05T13:27:36.398Z,32.65,79.71

2026-09-05T13:27:41.396Z,32.62,79.72

2026-09-05T13:27:46.396Z,32.63,79.7

2026-09-05T13:27:51.406Z,32.62,79.76

2026-09-05T13:27:56.396Z,32.61,79.72

2026-09-05T13:28:01.397Z,32.62,79.7

2026-09-05T13:28:06.397Z,32.62,79.78

2026-09-05T13:28:11.396Z,32.6,79.84

2026-09-05T13:28:16.397Z,32.63,79.84

2026-09-05T13:28:21.416Z,32.63,79.98

2026-09-05T13:28:26.399Z,32.61,79.9

2026-09-05T13:28:31.400Z,32.6,79.88

2026-09-05T13:28:36.399Z,32.61,79.96

2026-09-05T13:28:41.400Z,32.61,80.06

2026-09-05T13:28:46.409Z,32.62,80.09

2026-09-05T13:28:51.421Z,32.59,80.18

2026-09-05T13:28:56.407Z,32.61,80.18

2026-09-05T13:29:01.406Z,32.62,80.27

2026-09-05T13:29:06.409Z,32.6,80.24

2026-09-05T13:29:11.409Z,32.6,80.2

2026-09-05T13:29:16.427Z,32.6,80.23

2026-09-05T13:29:21.442Z,32.6,80.26

2026-09-05T13:29:26.423Z,32.61,80.22

2026-09-05T13:29:31.423Z,32.62,80.31

2026-09-05T13:29:36.424Z,32.61,80.35

2026-09-05T13:29:41.423Z,32.59,80.41

2026-09-05T13:29:46.431Z,32.61,80.45

2026-09-05T13:29:51.441Z,32.57,80.47

2026-09-05T13:29:56.428Z,32.58,80.48

2026-09-05T13:30:01.431Z,32.58,80.54

2026-09-05T13:30:06.430Z,32.59,80.51

2026-09-05T13:30:11.432Z,32.6,80.52

2026-09-05T13:30:16.434Z,32.6,80.52

2026-09-05T13:30:21.444Z,32.6,80.49

2026-09-05T13:30:26.432Z,32.58,80.52

2026-09-05T13:30:31.434Z,32.6,80.56

2026-09-05T13:30:36.435Z,32.6,80.5

2026-09-05T13:30:41.433Z,32.59,80.56

2026-09-05T13:30:46.449Z,32.6,80.51

2026-09-05T13:30:51.458Z,32.59,80.65

2026-09-05T13:30:56.447Z,32.59,80.6

2026-09-05T13:31:01.447Z,32.58,80.66

2026-09-05T13:31:06.448Z,32.6,80.7

2026-09-05T13:31:11.449Z,32.58,80.66

2026-09-05T13:31:16.453Z,32.58,80.72

2026-09-05T13:31:21.464Z,32.58,80.74

2026-09-05T13:31:26.453Z,32.59,80.7

2026-09-05T13:31:31.455Z,32.59,80.64

2026-09-05T13:31:36.455Z,32.58,80.68

2026-09-05T13:31:41.455Z,32.59,80.74

2026-09-05T13:31:46.468Z,32.58,80.71

2026-09-05T13:31:51.459Z,32.6,80.69

2026-09-05T13:31:56.459Z,32.6,80.61

2026-09-05T13:32:01.461Z,32.6,80.62

2026-09-05T13:32:06.462Z,32.59,80.73

2026-09-05T13:32:11.475Z,32.58,80.75

2026-09-05T13:32:16.461Z,32.59,80.67

2026-09-05T13:32:21.461Z,32.59,80.68

2026-09-05T13:32:26.462Z,32.6,80.7

2026-09-05T13:32:31.462Z,32.59,80.71

2026-09-05T13:32:36.462Z,32.58,80.64

2026-09-05T13:32:41.474Z,32.59,80.68

2026-09-05T13:32:46.463Z,32.6,80.65

2026-09-05T13:32:51.462Z,32.57,80.69

2026-09-05T13:32:56.466Z,32.57,80.64

2026-09-05T13:33:01.466Z,32.6,80.63

2026-09-05T13:33:06.472Z,32.58,80.5

2026-09-05T13:33:11.486Z,32.58,80.53

2026-09-05T13:33:16.469Z,32.57,80.4

2026-09-05T13:33:21.470Z,32.58,80.57

2026-09-05T13:33:26.470Z,32.58,80.61

2026-09-05T13:33:31.470Z,32.56,80.55

2026-09-05T13:33:36.488Z,32.57,80.49

2026-09-05T13:33:41.495Z,32.57,80.48

2026-09-05T13:33:46.488Z,32.56,80.3

2026-09-05T13:33:51.487Z,32.56,80.3

2026-09-05T13:33:56.487Z,32.54,80.25

2026-09-05T13:34:01.488Z,32.56,80.31

2026-09-05T13:34:06.491Z,32.57,80.42

2026-09-05T13:34:11.502Z,32.55,80.33

2026-09-05T13:34:16.490Z,32.56,80.31

2026-09-05T13:34:21.492Z,32.54,80.37

2026-09-05T13:34:26.491Z,32.56,80.39

2026-09-05T13:34:31.492Z,32.55,80.42

2026-09-05T13:34:36.505Z,32.55,80.35

2026-09-05T13:34:41.517Z,32.54,80.39

2026-09-05T13:34:46.502Z,32.55,80.38

2026-09-05T13:34:51.505Z,32.53,80.38

2026-09-05T13:34:56.501Z,32.55,80.37

2026-09-05T13:35:01.504Z,32.56,80.37

2026-09-05T13:35:06.510Z,32.54,80.34

2026-09-05T13:35:11.518Z,32.53,80.32

2026-09-05T13:35:16.508Z,32.53,80.3

2026-09-05T13:35:21.520Z,32.54,80.32

2026-09-05T13:35:26.508Z,32.55,80.28

2026-09-05T13:35:31.509Z,32.53,80.36

2026-09-05T13:35:36.508Z,32.54,80.31

2026-09-05T13:35:41.508Z,32.53,80.29

2026-09-05T13:35:46.510Z,32.52,80.3

2026-09-05T13:35:51.522Z,32.54,80.35

2026-09-05T13:35:56.509Z,32.55,80.33

2026-09-05T13:36:01.514Z,32.52,80.42

2026-09-05T13:36:06.511Z,32.51,80.38

2026-09-05T13:36:11.512Z,32.55,80.42

2026-09-05T13:36:16.514Z,32.54,80.42

2026-09-05T13:36:21.527Z,32.53,80.41

2026-09-05T13:36:26.516Z,32.55,80.38

2026-09-05T13:36:31.517Z,32.53,80.35

2026-09-05T13:36:36.515Z,32.53,80.31

2026-09-05T13:36:41.515Z,32.53,80.31

2026-09-05T13:36:46.526Z,32.54,80.32

2026-09-05T13:36:51.538Z,32.53,80.36

2026-09-05T13:36:56.528Z,32.54,80.34

2026-09-05T13:37:01.527Z,32.54,80.42

2026-09-05T13:37:06.528Z,32.54,80.37

2026-09-05T13:37:11.527Z,32.54,80.38

2026-09-05T13:37:16.536Z,32.55,80.37

2026-09-05T13:37:21.547Z,32.55,80.37

2026-09-05T13:37:26.535Z,32.55,80.38

2026-09-05T13:37:31.537Z,32.55,80.42

2026-09-05T13:37:36.536Z,32.53,80.33

2026-09-05T13:37:41.537Z,32.54,80.35

2026-09-05T13:37:46.549Z,32.55,80.35

2026-09-05T13:37:51.561Z,32.57,80.36

2026-09-05T13:37:56.548Z,32.55,80.29

2026-09-05T13:38:01.549Z,32.55,80.37

2026-09-05T13:38:06.548Z,32.56,80.29

2026-09-05T13:38:11.549Z,32.56,80.38

2026-09-05T13:38:16.553Z,32.55,80.31

2026-09-05T13:38:21.564Z,32.54,80.36

2026-09-05T13:38:26.551Z,32.54,80.26

2026-09-05T13:38:31.551Z,32.54,80.37

2026-09-05T13:38:36.552Z,32.57,80.27

2026-09-05T13:38:41.552Z,32.57,80.38

2026-09-05T13:38:46.563Z,32.57,80.34

2026-09-05T13:38:51.575Z,32.56,80.37

2026-09-05T13:38:56.560Z,32.57,80.34

2026-09-05T13:39:01.562Z,32.58,80.34

2026-09-05T13:39:06.562Z,32.58,80.32

2026-09-05T13:39:11.561Z,32.58,80.34

2026-09-05T13:39:16.566Z,32.57,80.34

2026-09-05T13:39:21.574Z,32.57,80.34

2026-09-05T13:39:26.563Z,32.56,80.32

2026-09-05T13:39:31.563Z,32.56,80.27

2026-09-05T13:39:36.564Z,32.56,80.3

2026-09-05T13:39:41.563Z,32.56,80.36

2026-09-05T13:39:46.568Z,32.55,80.3

2026-09-05T13:39:51.580Z,32.57,80.4

2026-09-05T13:39:56.567Z,32.57,80.34

2026-09-05T13:40:01.567Z,32.56,80.36

2026-09-05T13:40:06.565Z,32.59,80.29

2026-09-05T13:40:11.569Z,32.56,80.31

2026-09-05T13:40:16.580Z,32.56,80.26

2026-09-05T13:40:21.583Z,32.55,80.32

2026-09-05T13:40:26.576Z,32.57,80.23

2026-09-05T13:40:31.575Z,32.58,80.3

2026-09-05T13:40:36.575Z,32.58,80.26

2026-09-05T13:40:41.575Z,32.56,80.17

2026-09-05T13:40:46.588Z,32.58,80.21

2026-09-05T13:40:51.602Z,32.57,80.22

2026-09-05T13:40:56.586Z,32.56,80.24

2026-09-05T13:41:01.590Z,32.57,80.12

2026-09-05T13:41:06.595Z,32.59,80.11

2026-09-05T13:41:11.604Z,32.59,80.12

2026-09-05T13:41:16.592Z,32.6,80.07

2026-09-05T13:41:21.607Z,32.59,80.02

2026-09-05T13:41:26.596Z,32.57,80.03

2026-09-05T13:41:31.595Z,32.57,80.05

2026-09-05T13:41:36.608Z,32.59,80.03

2026-09-05T13:41:41.618Z,32.57,80.09

2026-09-05T13:41:46.605Z,32.58,79.99

2026-09-05T13:41:51.607Z,32.58,80.02

2026-09-05T13:41:56.607Z,32.56,80.08

2026-09-05T13:42:01.618Z,32.58,80.13

2026-09-05T13:42:06.606Z,32.55,80

2026-09-05T13:42:11.606Z,32.58,80.09

2026-09-05T13:42:16.609Z,32.56,80.01

2026-09-05T13:42:21.609Z,32.6,80.03

2026-09-05T13:42:26.608Z,32.57,80.04

2026-09-05T13:42:31.625Z,32.56,80.12

2026-09-05T13:42:36.608Z,32.56,80.11

2026-09-05T13:42:41.611Z,32.56,80.04

2026-09-05T13:42:46.609Z,32.56,80.03

2026-09-05T13:42:51.611Z,32.57,80.07

2026-09-05T13:42:56.615Z,32.58,80.06

2026-09-05T13:43:01.629Z,32.57,80.05

2026-09-05T13:43:06.613Z,32.56,80.02

2026-09-05T13:43:11.614Z,32.58,80.02

2026-09-05T13:43:16.613Z,32.57,80.06

2026-09-05T13:43:21.616Z,32.56,80.09

2026-09-05T13:43:26.620Z,32.57,80.12

2026-09-05T13:43:31.632Z,32.57,80.15

2026-09-05T13:43:36.620Z,32.55,80.06

2026-09-05T13:43:41.622Z,32.56,80.05

2026-09-05T13:43:46.621Z,32.55,80.06

2026-09-05T13:43:51.624Z,32.55,79.97

2026-09-05T13:43:56.637Z,32.56,79.98

2026-09-05T13:44:01.650Z,32.53,80.04

2026-09-05T13:44:06.638Z,32.55,79.98

2026-09-05T13:44:11.639Z,32.57,80

2026-09-05T13:44:16.634Z,32.55,79.95

2026-09-05T13:44:21.634Z,32.55,79.98

2026-09-05T13:44:26.646Z,32.55,79.95

2026-09-05T13:44:31.656Z,32.55,80.04

2026-09-05T13:44:36.645Z,32.55,79.96

2026-09-05T13:44:41.647Z,32.57,79.92

2026-09-05T13:44:46.646Z,32.54,79.92

2026-09-05T13:44:51.647Z,32.56,79.96

2026-09-05T13:44:56.662Z,32.56,80

2026-09-05T13:45:01.673Z,32.56,79.99

2026-09-05T13:45:06.660Z,32.57,80

2026-09-05T13:45:11.659Z,32.54,79.97

2026-09-05T13:45:16.660Z,32.54,79.96

2026-09-05T13:45:21.661Z,32.55,79.96

2026-09-05T13:45:26.665Z,32.56,79.93

2026-09-05T13:45:31.675Z,32.55,79.95

2026-09-05T13:45:36.666Z,32.55,79.87

2026-09-05T13:45:41.666Z,32.56,79.83

2026-09-05T13:45:46.666Z,32.55,79.84

2026-09-05T13:45:51.666Z,32.56,79.78

2026-09-05T13:45:56.673Z,32.55,79.86

2026-09-05T13:46:01.684Z,32.55,79.82

2026-09-05T13:46:06.671Z,32.58,79.8

2026-09-05T13:46:11.671Z,32.56,79.84

2026-09-05T13:46:16.673Z,32.55,79.87

2026-09-05T13:46:21.673Z,32.57,79.89

2026-09-05T13:46:26.682Z,32.54,79.87

2026-09-05T13:46:31.693Z,32.54,79.84

2026-09-05T13:46:36.681Z,32.56,79.83

2026-09-05T13:46:41.682Z,32.56,79.86

2026-09-05T13:46:46.682Z,32.57,79.87

2026-09-05T13:46:51.683Z,32.57,79.83

2026-09-05T13:46:56.685Z,32.56,79.8

2026-09-05T13:47:01.693Z,32.55,79.84

2026-09-05T13:47:06.682Z,32.56,79.84

2026-09-05T13:47:11.683Z,32.56,79.76

2026-09-05T13:47:16.683Z,32.55,79.81

2026-09-05T13:47:21.690Z,32.54,79.82

2026-09-05T13:47:26.688Z,32.56,79.76

2026-09-05T13:47:31.701Z,32.54,79.89

2026-09-05T13:47:36.684Z,32.53,79.79

2026-09-05T13:47:41.687Z,32.56,79.81

2026-09-05T13:47:46.689Z,32.56,79.84

2026-09-05T13:47:51.689Z,32.55,79.88

2026-09-05T13:47:56.685Z,32.55,79.8

2026-09-05T13:48:01.699Z,32.55,79.89

2026-09-05T13:48:06.687Z,32.55,79.87

2026-09-05T13:48:11.689Z,32.53,79.82

2026-09-05T13:48:16.689Z,32.55,79.79

2026-09-05T13:48:21.688Z,32.54,79.81

2026-09-05T13:48:26.706Z,32.54,79.83

2026-09-05T13:48:31.718Z,32.56,79.8

2026-09-05T13:48:36.706Z,32.56,79.84

2026-09-05T13:48:41.707Z,32.55,79.77

2026-09-05T13:48:46.708Z,32.58,79.74

2026-09-05T13:48:51.708Z,32.57,79.79

2026-09-05T13:48:56.719Z,32.56,79.81

2026-09-05T13:49:01.728Z,32.56,79.77

2026-09-05T13:49:06.718Z,32.57,79.78

2026-09-05T13:49:11.719Z,32.55,79.78

2026-09-05T13:49:16.717Z,32.53,79.77

2026-09-05T13:49:21.718Z,32.57,79.76

2026-09-05T13:49:26.719Z,32.54,79.79

2026-09-05T13:49:31.730Z,32.55,79.78

2026-09-05T13:49:36.717Z,32.56,79.77

2026-09-05T13:49:41.719Z,32.56,79.76

2026-09-05T13:49:46.721Z,32.56,79.79

2026-09-05T13:49:51.722Z,32.55,79.82

2026-09-05T13:49:56.721Z,32.56,79.77

2026-09-05T13:50:01.732Z,32.55,79.85

2026-09-05T13:50:06.718Z,32.55,79.82

2026-09-05T13:50:11.722Z,32.56,79.84

2026-09-05T13:50:16.721Z,32.53,79.88

2026-09-05T13:50:21.720Z,32.54,79.89

2026-09-05T13:50:26.732Z,32.55,79.96

2026-09-05T13:50:31.745Z,32.53,79.95

2026-09-05T13:50:36.731Z,32.53,79.92

2026-09-05T13:50:41.730Z,32.52,79.97

2026-09-05T13:50:46.731Z,32.54,79.96

2026-09-05T13:50:51.735Z,32.52,79.97

2026-09-05T13:50:56.741Z,32.54,79.99

2026-09-05T13:51:01.749Z,32.53,80.02

2026-09-05T13:51:06.744Z,32.53,80.07

2026-09-05T13:51:11.742Z,32.54,80.11

2026-09-05T13:51:16.741Z,32.53,80.03

2026-09-05T13:51:21.742Z,32.52,80

2026-09-05T13:51:26.754Z,32.53,80.01

2026-09-05T13:51:31.772Z,32.52,79.98

2026-09-05T13:51:36.755Z,32.55,79.8

2026-09-05T13:51:41.754Z,32.54,79.75

2026-09-05T13:51:46.755Z,32.53,79.74

2026-09-05T13:51:51.756Z,32.54,79.78

2026-09-05T13:51:56.766Z,32.53,79.73

2026-09-05T13:52:01.779Z,32.52,79.75

2026-09-05T13:52:06.764Z,32.55,79.69

2026-09-05T13:52:11.765Z,32.55,79.62

2026-09-05T13:52:16.764Z,32.55,79.62

2026-09-05T13:52:21.765Z,32.57,79.62

2026-09-05T13:52:26.772Z,32.58,79.55

2026-09-05T13:52:31.784Z,32.58,79.58

2026-09-05T13:52:36.773Z,32.58,79.55

2026-09-05T13:52:41.773Z,32.57,79.47

2026-09-05T13:52:46.771Z,32.6,79.46

2026-09-05T13:52:51.773Z,32.6,79.49

2026-09-05T13:52:56.784Z,32.59,79.41

2026-09-05T13:53:01.796Z,32.61,79.41

2026-09-05T13:53:06.782Z,32.62,79.34

2026-09-05T13:53:11.783Z,32.63,79.26

2026-09-05T13:53:16.784Z,32.62,79.19

2026-09-05T13:53:21.784Z,32.65,79.15

2026-09-05T13:53:26.784Z,32.64,79.1

2026-09-05T13:53:31.799Z,32.66,79.04

2026-09-05T13:53:36.784Z,32.65,79.01

2026-09-05T13:53:41.784Z,32.65,78.9

2026-09-05T13:53:46.784Z,32.65,78.82

2026-09-05T13:53:51.786Z,32.66,78.71

2026-09-05T13:53:56.793Z,32.65,78.71

2026-09-05T13:54:01.801Z,32.63,78.64

2026-09-05T13:54:06.791Z,32.66,78.63

2026-09-05T13:54:11.792Z,32.64,78.65

2026-09-05T13:54:16.791Z,32.65,78.55

2026-09-05T13:54:21.793Z,32.62,78.62

2026-09-05T13:54:26.797Z,32.61,78.72

2026-09-05T13:54:31.810Z,32.61,78.69

2026-09-05T13:54:36.796Z,32.61,78.7

2026-09-05T13:54:41.796Z,32.62,78.64

2026-09-05T13:54:46.798Z,32.62,78.63

2026-09-05T13:54:51.798Z,32.61,78.6

2026-09-05T13:54:56.817Z,32.63,78.65

2026-09-05T13:55:01.826Z,32.63,78.64

2026-09-05T13:55:06.814Z,32.61,78.63

2026-09-05T13:55:11.818Z,32.62,78.62

2026-09-05T13:55:16.816Z,32.62,78.69

2026-09-05T13:55:21.816Z,32.62,78.64

2026-09-05T13:55:26.831Z,32.62,78.59

2026-09-05T13:55:31.841Z,32.63,78.6

2026-09-05T13:55:36.829Z,32.63,78.61

2026-09-05T13:55:41.829Z,32.62,78.53

2026-09-05T13:55:46.829Z,32.63,78.53

2026-09-05T13:55:51.830Z,32.62,78.43

2026-09-05T13:55:56.836Z,32.63,78.51

2026-09-05T13:56:01.850Z,32.63,78.49

2026-09-05T13:56:06.834Z,32.65,78.39

2026-09-05T13:56:11.836Z,32.64,78.41

2026-09-05T13:56:16.833Z,32.62,78.3

2026-09-05T13:56:21.834Z,32.61,78.25

2026-09-05T13:56:26.845Z,32.59,78.24

2026-09-05T13:56:31.856Z,32.63,78.34

2026-09-05T13:56:36.843Z,32.6,78.27

2026-09-05T13:56:41.844Z,32.6,78.22

2026-09-05T13:56:46.857Z,32.6,78.31

2026-09-05T13:56:51.851Z,32.62,78.31

2026-09-05T13:56:56.851Z,32.6,78.29

2026-09-05T13:57:01.849Z,32.59,78.37

2026-09-05T13:57:06.850Z,32.59,78.33

2026-09-05T13:57:11.860Z,32.58,78.37

2026-09-05T13:57:16.853Z,32.6,78.37

2026-09-05T13:57:21.852Z,32.6,78.38

2026-09-05T13:57:26.853Z,32.61,78.42

2026-09-05T13:57:31.855Z,32.61,78.38

2026-09-05T13:57:36.853Z,32.6,78.33

2026-09-05T13:57:41.868Z,32.59,78.36

2026-09-05T13:57:46.854Z,32.63,78.25

2026-09-05T13:57:51.853Z,32.61,78.22

2026-09-05T13:57:56.854Z,32.6,78.18

2026-09-05T13:58:01.853Z,32.6,78.15

2026-09-05T13:58:06.854Z,32.61,78.16

2026-09-05T13:58:11.868Z,32.6,78.16

2026-09-05T13:58:16.854Z,32.63,78.18

2026-09-05T13:58:21.856Z,32.61,78.17

2026-09-05T13:58:26.859Z,32.63,78.09

2026-09-05T13:58:31.858Z,32.62,78.05

2026-09-05T13:58:36.878Z,32.6,78

2026-09-05T13:58:41.881Z,32.61,78.03

2026-09-05T13:58:46.872Z,32.61,78.03

2026-09-05T13:58:51.877Z,32.61,78.07

2026-09-05T13:58:56.873Z,32.61,78.09

2026-09-05T13:59:01.872Z,32.61,78.16

2026-09-05T13:59:06.886Z,32.6,78.13

2026-09-05T13:59:11.894Z,32.64,78.21

2026-09-05T13:59:16.885Z,32.63,78.07

2026-09-05T13:59:21.886Z,32.62,78.12

2026-09-05T13:59:26.888Z,32.63,78.06

2026-09-05T13:59:31.900Z,32.64,78.05

2026-09-05T13:59:36.889Z,32.65,78.01

2026-09-05T13:59:41.890Z,32.65,78.01

2026-09-05T13:59:46.889Z,32.67,77.98

2026-09-05T13:59:51.889Z,32.68,77.97

2026-09-05T13:59:56.907Z,32.67,78.05

2026-09-05T14:00:01.901Z,32.69,77.98

2026-09-05T14:00:06.901Z,32.68,78.02

2026-09-05T14:00:11.902Z,32.69,77.95

2026-09-05T14:00:16.902Z,32.69,78.02

2026-09-05T14:00:21.917Z,32.71,77.98

2026-09-05T14:00:26.902Z,32.7,77.87

2026-09-05T14:00:31.903Z,32.72,77.89

2026-09-05T14:00:36.903Z,32.74,77.74

2026-09-05T14:00:41.904Z,32.73,77.75

2026-09-05T14:00:46.911Z,32.74,77.68

2026-09-05T14:00:51.923Z,32.76,77.68

2026-09-05T14:00:56.911Z,32.75,77.56

2026-09-05T14:01:01.909Z,32.78,77.59

2026-09-05T14:01:06.910Z,32.77,77.51

2026-09-05T14:01:11.926Z,32.78,77.61

2026-09-05T14:01:16.912Z,32.79,77.54

2026-09-05T14:01:21.912Z,32.8,77.55

2026-09-05T14:01:26.913Z,32.81,77.46

2026-09-05T14:01:31.912Z,32.81,77.46

2026-09-05T14:01:36.910Z,32.79,77.34

2026-09-05T14:01:41.927Z,32.83,77.37

2026-09-05T14:01:46.913Z,32.84,77.25

2026-09-05T14:01:51.912Z,32.83,77.21

2026-09-05T14:01:56.912Z,32.84,77.19

2026-09-05T14:02:01.913Z,32.85,77.18

2026-09-05T14:02:06.928Z,32.86,77.18

2026-09-05T14:02:11.941Z,32.85,77.25

2026-09-05T14:02:16.927Z,32.87,77.25

2026-09-05T14:02:21.931Z,32.88,77.14

2026-09-05T14:02:26.929Z,32.87,77.1

2026-09-05T14:02:31.929Z,32.87,77.13

2026-09-05T14:02:36.944Z,32.88,77.1

2026-09-05T14:02:41.958Z,32.91,77.07

2026-09-05T14:02:46.941Z,32.9,77.07

2026-09-05T14:02:51.942Z,32.9,77.06

2026-09-05T14:02:56.944Z,32.92,77.04

2026-09-05T14:03:01.944Z,32.9,77.11

2026-09-05T14:03:06.950Z,32.92,77.04

2026-09-05T14:03:11.959Z,32.92,76.99

2026-09-05T14:03:16.948Z,32.94,76.9

2026-09-05T14:03:21.952Z,32.93,76.84

2026-09-05T14:03:26.950Z,32.95,76.93

2026-09-05T14:03:31.953Z,32.94,76.91

2026-09-05T14:03:36.966Z,32.95,76.92

2026-09-05T14:03:41.978Z,32.95,76.94

2026-09-05T14:03:46.964Z,32.96,76.81

2026-09-05T14:03:51.966Z,32.97,76.86

2026-09-05T14:03:56.965Z,32.95,76.81

2026-09-05T14:04:01.965Z,32.97,76.81

2026-09-05T14:04:06.976Z,32.97,76.82

2026-09-05T14:04:11.987Z,32.99,76.84

2026-09-05T14:04:16.977Z,32.97,76.7

2026-09-05T14:04:21.976Z,32.98,76.68

2026-09-05T14:04:26.978Z,32.96,76.58

2026-09-05T14:04:31.977Z,32.99,76.61

2026-09-05T14:04:36.981Z,33,76.61

2026-09-05T14:04:41.989Z,33.01,76.54

2026-09-05T14:04:46.979Z,32.98,76.5

2026-09-05T14:04:51.980Z,33,76.46

2026-09-05T14:04:56.979Z,32.99,76.51

2026-09-05T14:05:01.980Z,33.01,76.49

2026-09-05T14:05:06.985Z,33.02,76.44

2026-09-05T14:05:11.996Z,33,76.48

2026-09-05T14:05:16.982Z,32.99,76.45

2026-09-05T14:05:21.982Z,33.01,76.46

2026-09-05T14:05:26.984Z,33.01,76.48

2026-09-05T14:05:31.982Z,33.01,76.49

2026-09-05T14:05:36.982Z,33.03,76.5

2026-09-05T14:05:41.994Z,33.03,76.58

2026-09-05T14:05:46.983Z,33.04,76.42

2026-09-05T14:05:51.983Z,33.05,76.46

2026-09-05T14:05:56.985Z,33.05,76.41

2026-09-05T14:06:01.985Z,33.02,76.43

2026-09-05T14:06:06.994Z,33.04,76.39

2026-09-05T14:06:12.012Z,33.03,76.42

2026-09-05T14:06:16.998Z,33.05,76.44

2026-09-05T14:06:22.010Z,33.06,76.41

2026-09-05T14:06:26.995Z,33.06,76.37

2026-09-05T14:06:31.995Z,33.07,76.32

2026-09-05T14:06:36.995Z,33.08,76.24

2026-09-05T14:06:41.995Z,33.08,76.2

2026-09-05T14:06:46.999Z,33.05,76.22

2026-09-05T14:06:52.011Z,33.08,76.25

2026-09-05T14:06:57.000Z,33.09,76.16

2026-09-05T14:07:02.002Z,33.07,76.06

2026-09-05T14:07:07.000Z,33.09,75.96

2026-09-05T14:07:12.000Z,33.07,76.02

2026-09-05T14:07:17.015Z,33.07,75.97

2026-09-05T14:07:22.024Z,33.09,76.05

2026-09-05T14:07:27.014Z,33.09,76.04

2026-09-05T14:07:32.013Z,33.08,76.02

2026-09-05T14:07:37.014Z,33.09,76.06

2026-09-05T14:07:42.014Z,33.1,76.07

2026-09-05T14:07:47.028Z,33.1,76.11

2026-09-05T14:07:52.042Z,33.11,76.09

2026-09-05T14:07:57.027Z,33.11,76.05

2026-09-05T14:08:02.027Z,33.12,75.99

2026-09-05T14:08:07.030Z,33.11,75.96

2026-09-05T14:08:12.032Z,33.13,76.06

2026-09-05T14:08:17.039Z,33.11,75.98

2026-09-05T14:08:22.055Z,33.12,76.04

2026-09-05T14:08:27.039Z,33.13,75.99

2026-09-05T14:08:32.041Z,33.11,75.96

2026-09-05T14:08:37.040Z,33.12,75.83

2026-09-05T14:08:42.040Z,33.13,75.75

2026-09-05T14:08:47.039Z,33.13,75.74

2026-09-05T14:08:52.053Z,33.14,75.79

2026-09-05T14:08:57.040Z,33.13,75.79

2026-09-05T14:09:02.040Z,33.13,75.67

2026-09-05T14:09:07.041Z,33.15,75.7

2026-09-05T14:09:12.039Z,33.14,75.57

2026-09-05T14:09:17.041Z,33.14,75.58

2026-09-05T14:09:22.056Z,33.16,75.62

2026-09-05T14:09:27.043Z,33.15,75.59

2026-09-05T14:09:32.045Z,33.13,75.57

2026-09-05T14:09:37.045Z,33.14,75.54

2026-09-05T14:09:42.043Z,33.14,75.56

2026-09-05T14:09:47.056Z,33.15,75.57

2026-09-05T14:09:52.062Z,33.15,75.56

2026-09-05T14:09:57.052Z,33.14,75.62

2026-09-05T14:10:02.055Z,33.15,75.52

2026-09-05T14:10:07.054Z,33.15,75.6

2026-09-05T14:10:12.073Z,33.14,75.62

2026-09-05T14:10:17.053Z,33.14,75.54

2026-09-05T14:10:22.055Z,33.16,75.44

2026-09-05T14:10:27.054Z,33.16,75.39

2026-09-05T14:10:32.055Z,33.14,75.25

2026-09-05T14:10:37.058Z,33.16,75.26

2026-09-05T14:10:42.072Z,33.12,75.25

2026-09-05T14:10:47.059Z,33.14,75.3

2026-09-05T14:10:52.061Z,33.14,75.28

2026-09-05T14:10:57.063Z,33.12,75.25

2026-09-05T14:11:02.060Z,33.13,75.3

2026-09-05T14:11:07.074Z,33.12,75.35

2026-09-05T14:11:12.083Z,33.13,75.38

2026-09-05T14:11:17.071Z,33.14,75.37

2026-09-05T14:11:22.072Z,33.12,75.43

2026-09-05T14:11:27.071Z,33.13,75.45

2026-09-05T14:11:32.073Z,33.13,75.41

2026-09-05T14:11:37.079Z,33.14,75.4

2026-09-05T14:11:42.089Z,33.13,75.4

2026-09-05T14:11:47.077Z,33.12,75.42

2026-09-05T14:11:52.077Z,33.11,75.28

2026-09-05T14:11:57.077Z,33.12,75.3

2026-09-05T14:12:02.078Z,33.14,75.29

2026-09-05T14:12:07.092Z,33.12,75.28

2026-09-05T14:12:12.102Z,33.11,75.35

2026-09-05T14:12:17.091Z,33.13,75.26

2026-09-05T14:12:22.089Z,33.12,75.26

2026-09-05T14:12:27.089Z,33.13,75.35

2026-09-05T14:12:32.089Z,33.13,75.36

2026-09-05T14:12:37.093Z,33.13,75.37

2026-09-05T14:12:42.104Z,33.14,75.42

2026-09-05T14:12:47.090Z,33.14,75.3

2026-09-05T14:12:52.089Z,33.14,75.22

2026-09-05T14:12:57.091Z,33.14,75.19

2026-09-05T14:13:02.090Z,33.13,75.13

2026-09-05T14:13:07.090Z,33.15,75.13

2026-09-05T14:13:12.107Z,33.13,75.19

2026-09-05T14:13:17.092Z,33.15,75.14

2026-09-05T14:13:22.091Z,33.14,75.13

2026-09-05T14:13:27.092Z,33.13,75.05

2026-09-05T14:13:32.095Z,33.14,75.04

2026-09-05T14:13:37.099Z,33.16,74.94

2026-09-05T14:13:42.111Z,33.12,75.02

2026-09-05T14:13:47.099Z,33.14,75.04

2026-09-05T14:13:52.100Z,33.11,75.08

2026-09-05T14:13:57.099Z,33.13,75.13

2026-09-05T14:14:02.099Z,33.14,75.12

2026-09-05T14:14:07.116Z,33.14,75.11

2026-09-05T14:14:12.124Z,33.13,75.16

2026-09-05T14:14:17.115Z,33.13,75.11

2026-09-05T14:14:22.113Z,33.15,75.11

2026-09-05T14:14:27.115Z,33.14,75.05

2026-09-05T14:14:32.117Z,33.14,75.1

2026-09-05T14:14:37.128Z,33.17,75.15

2026-09-05T14:14:42.138Z,33.17,74.98

2026-09-05T14:14:47.127Z,33.15,74.82

2026-09-05T14:14:52.127Z,33.15,74.83

2026-09-05T14:14:57.128Z,33.14,74.92

2026-09-05T14:15:02.128Z,33.17,74.8

2026-09-05T14:15:07.146Z,33.16,74.76

2026-09-05T14:15:12.154Z,33.15,74.78

2026-09-05T14:15:17.146Z,33.16,74.74

2026-09-05T14:15:22.146Z,33.17,74.71

2026-09-05T14:15:27.146Z,33.17,74.71

2026-09-05T14:15:32.147Z,33.16,74.67

2026-09-05T14:15:37.157Z,33.16,74.69

2026-09-05T14:15:42.166Z,33.13,74.73

2026-09-05T14:15:47.155Z,33.16,74.76

2026-09-05T14:15:52.157Z,33.16,74.74

2026-09-05T14:15:57.157Z,33.15,74.74

2026-09-05T14:16:02.160Z,33.15,74.74

2026-09-05T14:16:07.167Z,33.14,74.62

2026-09-05T14:16:12.160Z,33.18,74.6

2026-09-05T14:16:17.160Z,33.13,74.58

2026-09-05T14:16:22.160Z,33.15,74.62

2026-09-05T14:16:27.161Z,33.17,74.59

2026-09-05T14:16:32.174Z,33.16,74.64

2026-09-05T14:16:37.161Z,33.15,74.66

2026-09-05T14:16:42.160Z,33.15,74.59

2026-09-05T14:16:47.161Z,33.16,74.55

2026-09-05T14:16:52.160Z,33.16,74.49

2026-09-05T14:16:57.163Z,33.16,74.56

2026-09-05T14:17:02.172Z,33.16,74.59

2026-09-05T14:17:07.163Z,33.16,74.6

2026-09-05T14:17:12.162Z,33.14,74.57

2026-09-05T14:17:17.166Z,33.15,74.63

2026-09-05T14:17:22.164Z,33.15,74.62

2026-09-05T14:17:27.172Z,33.16,74.57

2026-09-05T14:17:32.181Z,33.15,74.58

2026-09-05T14:17:37.167Z,33.16,74.49

2026-09-05T14:17:42.167Z,33.15,74.61

2026-09-05T14:17:47.168Z,33.16,74.6

2026-09-05T14:17:52.168Z,33.16,74.65

2026-09-05T14:17:57.181Z,33.17,74.65

2026-09-05T14:18:02.196Z,33.17,74.68

2026-09-05T14:18:07.180Z,33.17,74.66

2026-09-05T14:18:12.181Z,33.17,74.7

2026-09-05T14:18:17.179Z,33.18,74.59

2026-09-05T14:18:22.182Z,33.19,74.57

2026-09-05T14:18:27.192Z,33.17,74.53

2026-09-05T14:18:32.202Z,33.18,74.52

2026-09-05T14:18:37.191Z,33.19,74.38

2026-09-05T14:18:42.192Z,33.17,74.35

2026-09-05T14:18:47.191Z,33.19,74.34

2026-09-05T14:18:52.193Z,33.18,74.28

2026-09-05T14:18:57.202Z,33.19,74.21

2026-09-05T14:19:02.210Z,33.17,74.21

2026-09-05T14:19:07.198Z,33.19,74.19

2026-09-05T14:19:12.197Z,33.19,74.18

2026-09-05T14:19:17.197Z,33.18,74.17

2026-09-05T14:19:22.199Z,33.18,74.2

2026-09-05T14:19:27.210Z,33.19,74.18

2026-09-05T14:19:32.216Z,33.2,74.24

2026-09-05T14:19:37.206Z,33.19,74.16

2026-09-05T14:19:42.205Z,33.2,74.17

2026-09-05T14:19:47.207Z,33.21,74.13

2026-09-05T14:19:52.208Z,33.21,74.21

2026-09-05T14:19:57.217Z,33.2,74.26

2026-09-05T14:20:02.230Z,33.22,74.3

2026-09-05T14:20:07.215Z,33.21,74.23

2026-09-05T14:20:12.215Z,33.21,74.2

2026-09-05T14:20:17.216Z,33.2,74.26

2026-09-05T14:20:22.214Z,33.2,74.16

2026-09-05T14:20:27.214Z,33.23,74.16

2026-09-05T14:20:32.229Z,33.22,74.18

2026-09-05T14:20:37.215Z,33.23,74.2

2026-09-05T14:20:42.217Z,33.22,74.17

2026-09-05T14:20:47.218Z,33.22,74.13

2026-09-05T14:20:52.236Z,33.22,74.11

2026-09-05T14:20:57.220Z,33.23,74.09

2026-09-05T14:21:02.235Z,33.23,74.16

2026-09-05T14:21:07.224Z,33.23,74.11

2026-09-05T14:21:12.224Z,33.25,74.08

2026-09-05T14:21:17.221Z,33.25,74.11

2026-09-05T14:21:22.222Z,33.25,74.08

2026-09-05T14:21:27.221Z,33.23,74.06

2026-09-05T14:21:32.232Z,33.26,74.07

2026-09-05T14:21:37.223Z,33.25,73.99

2026-09-05T14:21:42.224Z,33.27,73.97

2026-09-05T14:21:47.223Z,33.26,73.96

2026-09-05T14:21:52.222Z,33.25,73.98

2026-09-05T14:21:57.233Z,33.28,73.94

2026-09-05T14:22:02.242Z,33.24,73.98

2026-09-05T14:22:07.229Z,33.27,73.96

2026-09-05T14:22:12.229Z,33.26,73.82

2026-09-05T14:22:17.229Z,33.27,73.89

2026-09-05T14:22:22.230Z,33.26,73.86

2026-09-05T14:22:27.238Z,33.25,73.8

2026-09-05T14:22:32.249Z,33.27,73.82

2026-09-05T14:22:37.239Z,33.28,73.75

2026-09-05T14:22:42.240Z,33.27,73.76

2026-09-05T14:22:47.239Z,33.29,73.79

2026-09-05T14:22:52.240Z,33.26,73.79

2026-09-05T14:22:57.249Z,33.29,73.82

2026-09-05T14:23:02.260Z,33.26,73.86

2026-09-05T14:23:07.249Z,33.27,73.77

2026-09-05T14:23:12.248Z,33.28,73.79

2026-09-05T14:23:17.247Z,33.29,73.72

2026-09-05T14:23:22.248Z,33.3,73.77

2026-09-05T14:23:27.259Z,33.28,73.67

2026-09-05T14:23:32.270Z,33.29,73.73

2026-09-05T14:23:37.258Z,33.28,73.69

2026-09-05T14:23:42.259Z,33.28,73.65

2026-09-05T14:23:47.257Z,33.29,73.72

2026-09-05T14:23:52.256Z,33.29,73.69

2026-09-05T14:23:57.268Z,33.3,73.68

2026-09-05T14:24:02.280Z,33.29,73.77

2026-09-05T14:24:07.266Z,33.3,73.71

2026-09-05T14:24:12.266Z,33.3,73.71

2026-09-05T14:24:17.267Z,33.29,73.62

2026-09-05T14:24:22.266Z,33.29,73.65

2026-09-05T14:24:27.286Z,33.3,73.63

2026-09-05T14:24:32.299Z,33.3,73.71

2026-09-05T14:24:37.286Z,33.3,73.68

2026-09-05T14:24:42.290Z,33.3,73.71

2026-09-05T14:24:47.289Z,33.31,73.67

2026-09-05T14:24:52.288Z,33.31,73.65

2026-09-05T14:24:57.298Z,33.29,73.66

2026-09-05T14:25:02.313Z,33.3,73.7

2026-09-05T14:25:07.294Z,33.3,73.73

2026-09-05T14:25:12.294Z,33.29,73.71

2026-09-05T14:25:17.296Z,33.27,73.75

2026-09-05T14:25:22.295Z,33.29,73.72

2026-09-05T14:25:27.304Z,33.3,73.77

2026-09-05T14:25:32.314Z,33.32,73.67

2026-09-05T14:25:37.303Z,33.31,73.67

2026-09-05T14:25:42.303Z,33.32,73.64

2026-09-05T14:25:47.305Z,33.32,73.58

2026-09-05T14:25:52.303Z,33.31,73.62

2026-09-05T14:25:57.308Z,33.31,73.65

2026-09-05T14:26:02.318Z,33.3,73.64

2026-09-05T14:26:07.307Z,33.33,73.61

2026-09-05T14:26:12.307Z,33.32,73.63

2026-09-05T14:26:17.308Z,33.32,73.62

2026-09-05T14:26:22.324Z,33.31,73.66

2026-09-05T14:26:27.306Z,33.32,73.62

2026-09-05T14:26:32.307Z,33.32,73.7

2026-09-05T14:26:37.308Z,33.31,73.71

2026-09-05T14:26:42.308Z,33.33,73.76

2026-09-05T14:26:47.314Z,33.33,73.73

2026-09-05T14:26:52.324Z,33.32,73.74

2026-09-05T14:26:57.313Z,33.31,73.72

2026-09-05T14:27:02.312Z,33.33,73.58

2026-09-05T14:27:07.312Z,33.32,73.6

2026-09-05T14:27:12.314Z,33.31,73.59

2026-09-05T14:27:17.316Z,33.31,73.58

2026-09-05T14:27:22.328Z,33.29,73.65

2026-09-05T14:27:27.315Z,33.3,73.57

2026-09-05T14:27:32.314Z,33.32,73.53

2026-09-05T14:27:37.314Z,33.28,73.55

2026-09-05T14:27:42.315Z,33.29,73.56

2026-09-05T14:27:47.316Z,33.3,73.61

2026-09-05T14:27:52.330Z,33.31,73.67

2026-09-05T14:27:57.316Z,33.3,73.66

2026-09-05T14:28:02.316Z,33.3,73.67

2026-09-05T14:28:07.316Z,33.3,73.68

2026-09-05T14:28:12.317Z,33.31,73.73

2026-09-05T14:28:17.331Z,33.29,73.76

2026-09-05T14:28:22.344Z,33.31,73.71

2026-09-05T14:28:27.331Z,33.31,73.75

2026-09-05T14:28:32.331Z,33.29,73.72

2026-09-05T14:28:37.330Z,33.28,73.78

2026-09-05T14:28:42.330Z,33.29,73.7

2026-09-05T14:28:47.350Z,33.3,73.74

2026-09-05T14:28:52.357Z,33.3,73.82

2026-09-05T14:28:57.349Z,33.31,73.84

2026-09-05T14:29:02.347Z,33.3,73.81

2026-09-05T14:29:07.349Z,33.3,73.82

2026-09-05T14:29:12.349Z,33.3,73.81

2026-09-05T14:29:17.355Z,33.3,73.78

2026-09-05T14:29:22.366Z,33.32,73.83

2026-09-05T14:29:27.355Z,33.31,73.83

2026-09-05T14:29:32.353Z,33.29,73.76

2026-09-05T14:29:37.355Z,33.31,73.78

2026-09-05T14:29:42.366Z,33.32,73.8

2026-09-05T14:29:47.354Z,33.33,73.81

2026-09-05T14:29:52.356Z,33.31,73.8

2026-09-05T14:29:57.355Z,33.32,73.76

2026-09-05T14:30:02.358Z,33.32,73.72

2026-09-05T14:30:07.361Z,33.33,73.76

2026-09-05T14:30:12.376Z,33.32,73.79

2026-09-05T14:30:17.361Z,33.33,73.74

2026-09-05T14:30:22.358Z,33.33,73.64

2026-09-05T14:30:27.358Z,33.32,73.63

2026-09-05T14:30:32.360Z,33.32,73.65

2026-09-05T14:30:37.372Z,33.33,73.67

2026-09-05T14:30:42.382Z,33.32,73.61

2026-09-05T14:30:47.370Z,33.32,73.65

2026-09-05T14:30:52.370Z,33.31,73.69

2026-09-05T14:30:57.372Z,33.29,73.7

2026-09-05T14:31:02.371Z,33.3,73.71

2026-09-05T14:31:07.387Z,33.31,73.77

2026-09-05T14:31:12.394Z,33.32,73.79

2026-09-05T14:31:17.385Z,33.3,73.78

2026-09-05T14:31:22.384Z,33.31,73.74

2026-09-05T14:31:27.385Z,33.3,73.73

2026-09-05T14:31:32.384Z,33.28,73.75

2026-09-05T14:31:37.390Z,33.29,73.7

2026-09-05T14:31:42.400Z,33.28,73.76

2026-09-05T14:31:47.389Z,33.29,73.75

2026-09-05T14:31:52.391Z,33.28,73.84

2026-09-05T14:31:57.390Z,33.27,73.89

2026-09-05T14:32:02.394Z,33.28,73.86

2026-09-05T14:32:07.404Z,33.28,73.89

2026-09-05T14:32:12.418Z,33.26,73.97

2026-09-05T14:32:17.405Z,33.29,73.89

2026-09-05T14:32:22.406Z,33.27,73.92

2026-09-05T14:32:27.403Z,33.27,73.89

2026-09-05T14:32:32.403Z,33.27,73.97

2026-09-05T14:32:37.421Z,33.26,73.93

2026-09-05T14:32:42.434Z,33.28,73.95

2026-09-05T14:32:47.420Z,33.28,73.98

2026-09-05T14:32:52.419Z,33.28,73.95

2026-09-05T14:32:57.420Z,33.28,73.94

2026-09-05T14:33:02.421Z,33.26,74.02

2026-09-05T14:33:07.426Z,33.29,73.94

2026-09-05T14:33:12.436Z,33.28,73.98

2026-09-05T14:33:17.423Z,33.29,73.99

2026-09-05T14:33:22.424Z,33.27,74.01

2026-09-05T14:33:27.427Z,33.28,74

2026-09-05T14:33:32.437Z,33.28,74.02

2026-09-05T14:33:37.427Z,33.28,73.91

2026-09-05T14:33:42.427Z,33.27,73.89

2026-09-05T14:33:47.427Z,33.26,73.95

2026-09-05T14:33:52.426Z,33.28,73.86

2026-09-05T14:33:57.431Z,33.3,73.92

2026-09-05T14:34:02.442Z,33.28,73.91

2026-09-05T14:34:07.428Z,33.28,73.9

2026-09-05T14:34:12.430Z,33.26,73.92

2026-09-05T14:34:17.428Z,33.25,73.91

2026-09-05T14:34:22.430Z,33.26,73.94

2026-09-05T14:34:27.442Z,33.27,73.96

2026-09-05T14:34:32.455Z,33.24,73.99

2026-09-05T14:34:37.439Z,33.24,74.02

2026-09-05T14:34:42.440Z,33.24,74.07

2026-09-05T14:34:47.437Z,33.25,74.03

2026-09-05T14:34:52.439Z,33.24,73.97

2026-09-05T14:34:57.448Z,33.26,74.09

2026-09-05T14:35:02.457Z,33.25,74.12

2026-09-05T14:35:07.446Z,33.24,74.04

2026-09-05T14:35:12.446Z,33.24,74.01

2026-09-05T14:35:17.447Z,33.25,74.05

2026-09-05T14:35:22.446Z,33.27,74.03

2026-09-05T14:35:27.452Z,33.24,74.02

2026-09-05T14:35:32.463Z,33.23,74.1

2026-09-05T14:35:37.449Z,33.25,74.07

2026-09-05T14:35:42.450Z,33.26,74.11

2026-09-05T14:35:47.449Z,33.25,74.11

2026-09-05T14:35:52.455Z,33.26,74

2026-09-05T14:35:57.469Z,33.27,74.08

2026-09-05T14:36:02.475Z,33.25,74.05

2026-09-05T14:36:07.468Z,33.25,74.07

2026-09-05T14:36:12.466Z,33.27,74.09

2026-09-05T14:36:17.468Z,33.25,74.06

2026-09-05T14:36:22.467Z,33.26,74.08

2026-09-05T14:36:27.475Z,33.26,74.1

2026-09-05T14:36:32.490Z,33.25,74.12

2026-09-05T14:36:37.475Z,33.25,74.12

2026-09-05T14:36:42.476Z,33.26,74.14

2026-09-05T14:36:47.476Z,33.27,74.12

2026-09-05T14:36:52.477Z,33.26,74.1

2026-09-05T14:36:57.492Z,33.26,74.18

2026-09-05T14:37:02.504Z,33.25,74.14

2026-09-05T14:37:07.490Z,33.28,74.16

2026-09-05T14:37:12.490Z,33.27,74.09

2026-09-05T14:37:17.490Z,33.27,74.09

2026-09-05T14:37:22.492Z,33.27,74.02

2026-09-05T14:37:27.509Z,33.3,73.96

2026-09-05T14:37:32.518Z,33.28,74.06

2026-09-05T14:37:37.507Z,33.27,73.97

2026-09-05T14:37:42.507Z,33.29,73.99

2026-09-05T14:37:47.508Z,33.27,73.94

2026-09-05T14:37:52.506Z,33.3,73.92

2026-09-05T14:37:57.517Z,33.3,73.96

2026-09-05T14:38:02.527Z,33.27,73.98

2026-09-05T14:38:07.516Z,33.29,73.97

2026-09-05T14:38:12.514Z,33.28,74.01

2026-09-05T14:38:17.513Z,33.3,74

2026-09-05T14:38:22.527Z,33.26,73.99

2026-09-05T14:38:27.516Z,33.29,74

2026-09-05T14:38:32.516Z,33.3,73.97

2026-09-05T14:38:37.516Z,33.28,73.99

2026-09-05T14:38:42.517Z,33.29,73.99

2026-09-05T14:38:47.516Z,33.31,74.04

2026-09-05T14:38:52.529Z,33.28,73.96

2026-09-05T14:38:57.514Z,33.29,73.95

2026-09-05T14:39:02.515Z,33.3,73.83

2026-09-05T14:39:07.516Z,33.29,73.9

2026-09-05T14:39:12.515Z,33.28,73.93

2026-09-05T14:39:17.516Z,33.28,73.88

2026-09-05T14:39:22.527Z,33.28,73.94

2026-09-05T14:39:27.518Z,33.3,73.87

2026-09-05T14:39:32.517Z,33.3,73.92

2026-09-05T14:39:37.518Z,33.28,73.92

2026-09-05T14:39:42.522Z,33.29,73.92

2026-09-05T14:39:47.520Z,33.29,73.96

2026-09-05T14:39:52.531Z,33.3,73.95

2026-09-05T14:39:57.525Z,33.31,73.93

2026-09-05T14:40:02.522Z,33.31,73.86

2026-09-05T14:40:07.523Z,33.29,73.86

2026-09-05T14:40:12.521Z,33.32,73.9

2026-09-05T14:40:17.530Z,33.33,73.9

2026-09-05T14:40:22.541Z,33.3,73.94

2026-09-05T14:40:27.529Z,33.32,73.86

2026-09-05T14:40:32.530Z,33.31,73.87

2026-09-05T14:40:37.530Z,33.33,73.85

2026-09-05T14:40:42.531Z,33.33,73.79

2026-09-05T14:40:47.542Z,33.33,73.8

2026-09-05T14:40:52.553Z,33.33,73.85

2026-09-05T14:40:57.542Z,33.33,73.76

2026-09-05T14:41:02.542Z,33.35,73.78

2026-09-05T14:41:07.542Z,33.32,73.79

2026-09-05T14:41:12.541Z,33.35,73.76

2026-09-05T14:41:17.554Z,33.36,73.73

2026-09-05T14:41:22.568Z,33.35,73.73

2026-09-05T14:41:27.555Z,33.33,73.63

2026-09-05T14:41:32.552Z,33.33,73.62

2026-09-05T14:41:37.554Z,33.37,73.64

2026-09-05T14:41:42.553Z,33.35,73.68

2026-09-05T14:41:47.561Z,33.34,73.7

2026-09-05T14:41:52.569Z,33.36,73.72

2026-09-05T14:41:57.559Z,33.34,73.61

2026-09-05T14:42:02.560Z,33.36,73.75

2026-09-05T14:42:07.559Z,33.36,73.63

2026-09-05T14:42:12.560Z,33.35,73.68

2026-09-05T14:42:17.562Z,33.35,73.56

2026-09-05T14:42:22.578Z,33.36,73.65

2026-09-05T14:42:27.560Z,33.35,73.6

2026-09-05T14:42:32.560Z,33.33,73.56

2026-09-05T14:42:37.560Z,33.33,73.56

2026-09-05T14:42:42.572Z,33.35,73.62

2026-09-05T14:42:47.561Z,33.35,73.61

2026-09-05T14:42:52.561Z,33.34,73.66

2026-09-05T14:42:57.560Z,33.35,73.65

2026-09-05T14:43:02.562Z,33.35,73.63

2026-09-05T14:43:07.574Z,33.35,73.6

2026-09-05T14:43:12.582Z,33.35,73.63

2026-09-05T14:43:17.573Z,33.35,73.61

2026-09-05T14:43:22.573Z,33.36,73.58

2026-09-05T14:43:27.576Z,33.35,73.68

2026-09-05T14:43:32.575Z,33.36,73.64

2026-09-05T14:43:37.584Z,33.35,73.64

2026-09-05T14:43:42.594Z,33.35,73.7

2026-09-05T14:43:47.585Z,33.37,73.66

2026-09-05T14:43:52.581Z,33.36,73.62

2026-09-05T14:43:57.581Z,33.35,73.62

2026-09-05T14:44:02.582Z,33.36,73.6

2026-09-05T14:44:07.609Z,33.36,73.61

2026-09-05T14:44:12.619Z,33.36,73.59

2026-09-05T14:44:17.608Z,33.37,73.6

2026-09-05T14:44:22.607Z,33.35,73.61

2026-09-05T14:44:27.606Z,33.38,73.61

2026-09-05T14:44:32.606Z,33.37,73.61

2026-09-05T14:44:37.607Z,33.37,73.57

2026-09-05T14:44:42.619Z,33.37,73.63

2026-09-05T14:44:47.609Z,33.38,73.59

2026-09-05T14:44:52.610Z,33.39,73.62

2026-09-05T14:44:57.608Z,33.38,73.6

2026-09-05T14:45:02.609Z,33.37,73.57

2026-09-05T14:45:07.619Z,33.37,73.6

2026-09-05T14:45:12.628Z,33.36,73.59

2026-09-05T14:45:17.617Z,33.37,73.51

2026-09-05T14:45:22.614Z,33.39,73.52

2026-09-05T14:45:27.618Z,33.38,73.52

2026-09-05T14:45:32.615Z,33.39,73.58

2026-09-05T14:45:37.632Z,33.42,73.55

2026-09-05T14:45:42.645Z,33.39,73.56

2026-09-05T14:45:47.629Z,33.41,73.48

2026-09-05T14:45:52.629Z,33.4,73.47

2026-09-05T14:45:57.628Z,33.42,73.54

2026-09-05T14:46:02.630Z,33.41,73.5

2026-09-05T14:46:07.642Z,33.39,73.56

2026-09-05T14:46:12.653Z,33.39,73.54

2026-09-05T14:46:17.640Z,33.4,73.46

2026-09-05T14:46:22.640Z,33.41,73.53

2026-09-05T14:46:27.639Z,33.41,73.51

2026-09-05T14:46:32.638Z,33.4,73.4

2026-09-05T14:46:37.640Z,33.43,73.44

2026-09-05T14:46:42.652Z,33.42,73.51

2026-09-05T14:46:47.640Z,33.42,73.42

2026-09-05T14:46:52.640Z,33.44,73.44

2026-09-05T14:46:57.640Z,33.42,73.37

2026-09-05T14:47:02.644Z,33.43,73.4

2026-09-05T14:47:07.647Z,33.42,73.39

2026-09-05T14:47:12.657Z,33.4,73.45

2026-09-05T14:47:17.648Z,33.42,73.38

2026-09-05T14:47:22.647Z,33.4,73.39

2026-09-05T14:47:27.646Z,33.42,73.39

2026-09-05T14:47:32.645Z,33.4,73.41

2026-09-05T14:47:37.645Z,33.42,73.42

2026-09-05T14:47:42.657Z,33.42,73.41

2026-09-05T14:47:47.646Z,33.43,73.4

2026-09-05T14:47:52.647Z,33.42,73.46

2026-09-05T14:47:57.647Z,33.42,73.37

2026-09-05T14:48:02.648Z,33.42,73.4

2026-09-05T14:48:07.655Z,33.41,73.41

2026-09-05T14:48:12.663Z,33.42,73.42

2026-09-05T14:48:17.653Z,33.42,73.36

2026-09-05T14:48:22.653Z,33.43,73.44

2026-09-05T14:48:27.651Z,33.42,73.39

2026-09-05T14:48:32.653Z,33.43,73.39

2026-09-05T14:48:37.668Z,33.42,73.41

2026-09-05T14:48:42.678Z,33.42,73.4

2026-09-05T14:48:47.666Z,33.42,73.34

2026-09-05T14:48:52.670Z,33.44,73.36

2026-09-05T14:48:57.668Z,33.43,73.35

2026-09-05T14:49:02.671Z,33.43,73.31

2026-09-05T14:49:07.676Z,33.44,73.33

2026-09-05T14:49:12.688Z,33.43,73.34

2026-09-05T14:49:17.674Z,33.44,73.3

2026-09-05T14:49:22.674Z,33.45,73.33

2026-09-05T14:49:27.685Z,33.42,73.35

2026-09-05T14:49:32.699Z,33.41,73.4

2026-09-05T14:49:37.684Z,33.42,73.36

2026-09-05T14:49:42.684Z,33.43,73.38

2026-09-05T14:49:47.687Z,33.44,73.32

2026-09-05T14:49:52.686Z,33.44,73.35

2026-09-05T14:49:57.694Z,33.44,73.38

2026-09-05T14:50:02.706Z,33.43,73.42

2026-09-05T14:50:07.693Z,33.44,73.36

2026-09-05T14:50:12.693Z,33.45,73.41

2026-09-05T14:50:17.695Z,33.44,73.34

2026-09-05T14:50:22.696Z,33.45,73.34

2026-09-05T14:50:27.697Z,33.45,73.37

2026-09-05T14:50:32.706Z,33.44,73.36

2026-09-05T14:50:37.693Z,33.43,73.32

2026-09-05T14:50:42.696Z,33.45,73.25

2026-09-05T14:50:47.696Z,33.44,73.34

2026-09-05T14:50:52.699Z,33.45,73.31

2026-09-05T14:50:57.702Z,33.45,73.33

2026-09-05T14:51:02.715Z,33.44,73.35

2026-09-05T14:51:07.705Z,33.45,73.29

2026-09-05T14:51:12.705Z,33.44,73.25

2026-09-05T14:51:17.719Z,33.46,73.25

2026-09-05T14:51:22.709Z,33.46,73.25

2026-09-05T14:51:27.710Z,33.45,73.23

2026-09-05T14:51:32.711Z,33.45,73.24

2026-09-05T14:51:37.711Z,33.46,73.23

2026-09-05T14:51:42.723Z,33.47,73.32

2026-09-05T14:51:47.709Z,33.46,73.19

2026-09-05T14:51:52.712Z,33.47,73.2

2026-09-05T14:51:57.711Z,33.47,73.25

2026-09-05T14:52:02.712Z,33.46,73.21

2026-09-05T14:52:07.711Z,33.46,73.22

2026-09-05T14:52:12.727Z,33.46,73.18

2026-09-05T14:52:17.711Z,33.46,73.18

2026-09-05T14:52:22.714Z,33.45,73.17

2026-09-05T14:52:27.712Z,33.46,73.18

2026-09-05T14:52:32.715Z,33.44,73.21

2026-09-05T14:52:37.725Z,33.44,73.19

2026-09-05T14:52:42.735Z,33.46,73.27

2026-09-05T14:52:47.723Z,33.48,73.18

2026-09-05T14:52:52.724Z,33.47,73.27

2026-09-05T14:52:57.724Z,33.48,73.24

2026-09-05T14:53:02.723Z,33.44,73.2

2026-09-05T14:53:07.731Z,33.46,73.12

2026-09-05T14:53:12.743Z,33.45,73.2

2026-09-05T14:53:17.730Z,33.45,73.19

2026-09-05T14:53:22.732Z,33.46,73.15

2026-09-05T14:53:27.733Z,33.45,73.12

2026-09-05T14:53:32.733Z,33.44,73.15

2026-09-05T14:53:37.741Z,33.46,73.18

2026-09-05T14:53:42.752Z,33.46,73.21

2026-09-05T14:53:47.741Z,33.45,73.17

2026-09-05T14:53:52.740Z,33.46,73.18

2026-09-05T14:53:57.741Z,33.45,73.18

2026-09-05T14:54:02.741Z,33.44,73.23

2026-09-05T14:54:07.746Z,33.43,73.22

2026-09-05T14:54:12.757Z,33.45,73.25

2026-09-05T14:54:17.744Z,33.45,73.19

2026-09-05T14:54:22.745Z,33.46,73.2

2026-09-05T14:54:27.744Z,33.46,73.17

2026-09-05T14:54:32.745Z,33.46,73.14

2026-09-05T14:54:37.751Z,33.44,73.24

2026-09-05T14:54:42.762Z,33.44,73.23

2026-09-05T14:54:47.750Z,33.43,73.17

2026-09-05T14:54:52.750Z,33.46,73.13

2026-09-05T14:54:57.752Z,33.45,73.18

2026-09-05T14:55:02.751Z,33.47,73.2

2026-09-05T14:55:07.761Z,33.47,73.16

2026-09-05T14:55:12.770Z,33.46,73.22

2026-09-05T14:55:17.757Z,33.47,73.2

2026-09-05T14:55:22.758Z,33.47,73.16

2026-09-05T14:55:27.757Z,33.48,73.12

2026-09-05T14:55:32.760Z,33.49,73.15

2026-09-05T14:55:37.775Z,33.46,73.11

2026-09-05T14:55:42.781Z,33.46,73.17

2026-09-05T14:55:47.771Z,33.47,73.15

2026-09-05T14:55:52.775Z,33.46,73.1

2026-09-05T14:55:57.772Z,33.47,73.13

2026-09-05T14:56:02.774Z,33.47,73.04

2026-09-05T14:56:07.790Z,33.48,73.08

2026-09-05T14:56:12.800Z,33.46,72.99

2026-09-05T14:56:17.790Z,33.45,73.01

2026-09-05T14:56:22.791Z,33.48,73.09

2026-09-05T14:56:27.791Z,33.47,73.1

2026-09-05T14:56:32.789Z,33.47,73.07

2026-09-05T14:56:37.796Z,33.45,73.08

2026-09-05T14:56:42.809Z,33.45,73.12

2026-09-05T14:56:47.794Z,33.46,73.06

2026-09-05T14:56:52.798Z,33.44,73.12

2026-09-05T14:56:57.798Z,33.48,73.01

2026-09-05T14:57:02.797Z,33.46,73.04

2026-09-05T14:57:07.801Z,33.45,72.99

2026-09-05T14:57:12.814Z,33.44,73.07

2026-09-05T14:57:17.800Z,33.44,72.99

2026-09-05T14:57:22.804Z,33.45,73.11

2026-09-05T14:57:27.799Z,33.44,73.06

2026-09-05T14:57:32.814Z,33.42,73.13

2026-09-05T14:57:37.799Z,33.44,73.15

2026-09-05T14:57:42.804Z,33.43,73.14

2026-09-05T14:57:47.801Z,33.43,73.14

2026-09-05T14:57:52.803Z,33.41,73.18

2026-09-05T14:57:57.801Z,33.4,73.2

2026-09-05T14:58:02.817Z,33.42,73.23

2026-09-05T14:58:07.802Z,33.42,73.19

2026-09-05T14:58:12.804Z,33.41,73.23

2026-09-05T14:58:17.804Z,33.41,73.2

2026-09-05T14:58:22.808Z,33.42,73.26

2026-09-05T14:58:27.807Z,33.43,73.19

2026-09-05T14:58:32.822Z,33.42,73.22

2026-09-05T14:58:37.809Z,33.43,73.19

2026-09-05T14:58:42.810Z,33.42,73.15

2026-09-05T14:58:47.808Z,33.43,73.18

2026-09-05T14:58:52.809Z,33.42,73.16

2026-09-05T14:58:57.822Z,33.4,73.11

2026-09-05T14:59:02.834Z,33.41,73.17

2026-09-05T14:59:07.818Z,33.42,73.19

2026-09-05T14:59:12.818Z,33.42,73.22

2026-09-05T14:59:17.821Z,33.41,73.21

2026-09-05T14:59:22.822Z,33.4,73.22

2026-09-05T14:59:27.836Z,33.4,73.18

2026-09-05T14:59:32.851Z,33.4,73.22

2026-09-05T14:59:37.836Z,33.41,73.18

2026-09-05T14:59:42.837Z,33.4,73.21

2026-09-05T14:59:47.836Z,33.39,73.25

2026-09-05T14:59:52.837Z,33.4,73.15

2026-09-05T14:59:57.842Z,33.41,73.18

2026-09-05T15:00:02.857Z,33.4,73.2

2026-09-05T15:00:07.840Z,33.4,73.12

2026-09-05T15:00:12.840Z,33.38,73.18

2026-09-05T15:00:17.839Z,33.37,73.23

2026-09-05T15:00:22.842Z,33.38,73.14

2026-09-05T15:00:27.851Z,33.35,73.18

2026-09-05T15:00:32.862Z,33.35,73.27

2026-09-05T15:00:37.850Z,33.37,73.2

2026-09-05T15:00:42.851Z,33.36,73.27

2026-09-05T15:00:47.851Z,33.37,73.23

2026-09-05T15:00:52.852Z,33.35,73.31

2026-09-05T15:00:57.860Z,33.35,73.31

2026-09-05T15:01:02.871Z,33.32,73.37

2026-09-05T15:01:07.859Z,33.33,73.36

2026-09-05T15:01:12.858Z,33.33,73.37

2026-09-05T15:01:17.860Z,33.33,73.46

2026-09-05T15:01:22.860Z,33.34,73.41

2026-09-05T15:01:27.865Z,33.33,73.49

2026-09-05T15:01:32.872Z,33.32,73.43

2026-09-05T15:01:37.862Z,33.32,73.5

2026-09-05T15:01:42.861Z,33.32,73.48

2026-09-05T15:01:47.860Z,33.33,73.48

2026-09-05T15:01:52.861Z,33.33,73.48

2026-09-05T15:01:57.875Z,33.32,73.47

2026-09-05T15:02:02.884Z,33.3,73.45

2026-09-05T15:02:07.873Z,33.33,73.51

2026-09-05T15:02:12.871Z,33.33,73.45

2026-09-05T15:02:17.871Z,33.33,73.46

2026-09-05T15:02:22.873Z,33.31,73.49

2026-09-05T15:02:27.878Z,33.32,73.49

2026-09-05T15:02:32.890Z,33.33,73.49

2026-09-05T15:02:37.877Z,33.31,73.41

2026-09-05T15:02:42.878Z,33.32,73.43

2026-09-05T15:02:47.879Z,33.28,73.43

2026-09-05T15:02:52.878Z,33.3,73.38

2026-09-05T15:02:57.890Z,33.29,73.49

2026-09-05T15:03:02.905Z,33.31,73.49

2026-09-05T15:03:07.889Z,33.31,73.49

2026-09-05T15:03:12.889Z,33.29,73.48

2026-09-05T15:03:17.889Z,33.29,73.52

2026-09-05T15:03:22.890Z,33.28,73.49

2026-09-05T15:03:27.906Z,33.27,73.52

2026-09-05T15:03:32.916Z,33.27,73.54

2026-09-05T15:03:37.908Z,33.27,73.54

2026-09-05T15:03:42.905Z,33.26,73.57

2026-09-05T15:03:47.905Z,33.25,73.5

2026-09-05T15:03:52.905Z,33.27,73.57

2026-09-05T15:03:57.921Z,33.27,73.62

2026-09-05T15:04:02.931Z,33.26,73.71

2026-09-05T15:04:07.920Z,33.26,73.67

2026-09-05T15:04:12.919Z,33.25,73.65

2026-09-05T15:04:17.919Z,33.24,73.68

2026-09-05T15:04:22.919Z,33.25,73.68

2026-09-05T15:04:27.927Z,33.24,73.69

2026-09-05T15:04:32.937Z,33.24,73.76

2026-09-05T15:04:37.925Z,33.25,73.66

2026-09-05T15:04:42.927Z,33.24,73.61

2026-09-05T15:04:47.925Z,33.26,73.61

2026-09-05T15:04:52.926Z,33.24,73.62

2026-09-05T15:04:57.930Z,33.25,73.66

2026-09-05T15:05:02.940Z,33.25,73.66

2026-09-05T15:05:07.930Z,33.22,73.68

2026-09-05T15:05:12.928Z,33.25,73.65

2026-09-05T15:05:17.929Z,33.23,73.7

2026-09-05T15:05:22.928Z,33.24,73.71

2026-09-05T15:05:27.932Z,33.23,73.73

2026-09-05T15:05:32.945Z,33.23,73.71

2026-09-05T15:05:37.933Z,33.23,73.67

2026-09-05T15:05:42.929Z,33.21,73.66

2026-09-05T15:05:47.931Z,33.22,73.7

2026-09-05T15:05:52.931Z,33.23,73.69

2026-09-05T15:05:57.947Z,33.21,73.75

2026-09-05T15:06:02.952Z,33.21,73.8

2026-09-05T15:06:07.944Z,33.21,73.79

2026-09-05T15:06:12.943Z,33.22,73.78

2026-09-05T15:06:17.943Z,33.19,73.83

2026-09-05T15:06:22.946Z,33.23,73.79

2026-09-05T15:06:27.961Z,33.21,73.76

2026-09-05T15:06:32.977Z,33.2,73.72

2026-09-05T15:06:37.959Z,33.19,73.79

2026-09-05T15:06:42.961Z,33.2,73.82

2026-09-05T15:06:47.962Z,33.19,73.79

2026-09-05T15:06:52.961Z,33.19,73.79

2026-09-05T15:06:57.973Z,33.19,73.77

2026-09-05T15:07:02.984Z,33.2,73.78

2026-09-05T15:07:07.974Z,33.19,73.79

2026-09-05T15:07:12.974Z,33.19,73.75

2026-09-05T15:07:17.974Z,33.19,73.75

2026-09-05T15:07:22.974Z,33.17,73.7

2026-09-05T15:07:27.977Z,33.17,73.57

2026-09-05T15:07:32.987Z,33.18,73.61

2026-09-05T15:07:37.977Z,33.17,73.57

2026-09-05T15:07:42.976Z,33.16,73.49

2026-09-05T15:07:47.976Z,33.16,73.44

2026-09-05T15:07:52.977Z,33.15,73.43

2026-09-05T15:07:57.977Z,33.14,73.43

2026-09-05T15:08:02.991Z,33.12,73.59

2026-09-05T15:08:07.979Z,33.14,73.58

2026-09-05T15:08:12.980Z,33.13,73.55

2026-09-05T15:08:17.979Z,33.13,73.65

2026-09-05T15:08:22.981Z,33.13,73.71

2026-09-05T15:08:27.980Z,33.14,73.7

2026-09-05T15:08:32.991Z,33.14,73.78

2026-09-05T15:08:37.980Z,33.12,73.78

2026-09-05T15:08:42.980Z,33.14,73.8

2026-09-05T15:08:47.980Z,33.11,73.81

2026-09-05T15:08:52.981Z,33.11,73.87

2026-09-05T15:08:57.987Z,33.12,73.94

2026-09-05T15:09:03.002Z,33.11,73.95

2026-09-05T15:09:07.988Z,33.1,73.98

2026-09-05T15:09:12.987Z,33.11,73.99

2026-09-05T15:09:17.984Z,33.1,73.98

2026-09-05T15:09:22.987Z,33.11,74.03

2026-09-05T15:09:27.992Z,33.11,74.07

2026-09-05T15:09:33.006Z,33.1,74.07

2026-09-05T15:09:37.992Z,33.1,74.13

2026-09-05T15:09:42.991Z,33.11,74.09

2026-09-05T15:09:47.997Z,33.11,74.13

2026-09-05T15:09:52.995Z,33.11,74.07

2026-09-05T15:09:58.007Z,33.12,74.16

2026-09-05T15:10:03.018Z,33.11,74.14

2026-09-05T15:10:08.005Z,33.13,74.19

2026-09-05T15:10:13.005Z,33.11,74.14

2026-09-05T15:10:18.004Z,33.12,74.14

2026-09-05T15:10:23.005Z,33.13,74.1

2026-09-05T15:10:28.015Z,33.12,74.17

2026-09-05T15:10:33.028Z,33.13,74.15

2026-09-05T15:10:38.014Z,33.12,74.18

2026-09-05T15:10:43.015Z,33.14,74.15

2026-09-05T15:10:48.015Z,33.15,74.1

2026-09-05T15:10:53.015Z,33.16,74.11

2026-09-05T15:10:58.019Z,33.15,74.1

2026-09-05T15:11:03.028Z,33.16,74.15

2026-09-05T15:11:08.018Z,33.16,74.09

2026-09-05T15:11:13.018Z,33.16,74.06

2026-09-05T15:11:18.017Z,33.17,74.05

2026-09-05T15:11:23.017Z,33.17,74.03

2026-09-05T15:11:28.027Z,33.17,74.06

2026-09-05T15:11:33.040Z,33.19,74.02

2026-09-05T15:11:38.027Z,33.19,73.98

2026-09-05T15:11:43.027Z,33.19,74

2026-09-05T15:11:48.028Z,33.21,74.02

2026-09-05T15:11:53.030Z,33.2,73.93

2026-09-05T15:11:58.030Z,33.21,73.91

2026-09-05T15:12:03.043Z,33.22,73.96

2026-09-05T15:12:08.029Z,33.22,73.85

2026-09-05T15:12:13.030Z,33.22,73.74

2026-09-05T15:12:18.027Z,33.22,73.78

2026-09-05T15:12:23.028Z,33.22,73.77

2026-09-05T15:12:28.032Z,33.23,73.8

2026-09-05T15:12:33.042Z,33.24,73.81

2026-09-05T15:12:38.032Z,33.24,73.77

2026-09-05T15:12:43.034Z,33.23,73.69

2026-09-05T15:12:48.032Z,33.23,73.63

2026-09-05T15:12:53.032Z,33.24,73.57

2026-09-05T15:12:58.046Z,33.24,73.57

2026-09-05T15:13:03.057Z,33.24,73.61

2026-09-05T15:13:08.044Z,33.23,73.58

2026-09-05T15:13:13.045Z,33.25,73.63

2026-09-05T15:13:18.044Z,33.24,73.65

2026-09-05T15:13:23.045Z,33.23,73.59

2026-09-05T15:13:28.066Z,33.23,73.64

2026-09-05T15:13:33.072Z,33.22,73.71

2026-09-05T15:13:38.062Z,33.22,73.7

2026-09-05T15:13:43.062Z,33.22,73.73

2026-09-05T15:13:48.061Z,33.21,73.71

2026-09-05T15:13:53.063Z,33.22,73.7

2026-09-05T15:13:58.073Z,33.23,73.73

2026-09-05T15:14:03.086Z,33.22,73.83

2026-09-05T15:14:08.072Z,33.22,73.81

2026-09-05T15:14:13.071Z,33.22,73.74

2026-09-05T15:14:18.072Z,33.22,73.78

2026-09-05T15:14:23.071Z,33.24,73.78

2026-09-05T15:14:28.083Z,33.24,73.78

2026-09-05T15:14:33.095Z,33.23,73.78

2026-09-05T15:14:38.084Z,33.24,73.71

2026-09-05T15:14:43.086Z,33.24,73.76

2026-09-05T15:14:48.084Z,33.23,73.71

2026-09-05T15:14:53.085Z,33.23,73.82

2026-09-05T15:14:58.090Z,33.25,73.81

2026-09-05T15:15:03.103Z,33.21,73.85

2026-09-05T15:15:08.089Z,33.24,73.78

2026-09-05T15:15:13.091Z,33.22,73.78

2026-09-05T15:15:18.091Z,33.22,73.76

2026-09-05T15:15:23.091Z,33.22,73.73

2026-09-05T15:15:28.094Z,33.21,73.79

2026-09-05T15:15:33.104Z,33.23,73.81

2026-09-05T15:15:38.092Z,33.22,73.77

2026-09-05T15:15:43.091Z,33.23,73.78

2026-09-05T15:15:48.092Z,33.22,73.85

2026-09-05T15:15:53.092Z,33.21,73.84

2026-09-05T15:15:58.098Z,33.21,73.83

2026-09-05T15:16:03.109Z,33.23,73.86

2026-09-05T15:16:08.097Z,33.22,73.85

2026-09-05T15:16:13.097Z,33.24,73.85

2026-09-05T15:16:18.108Z,33.22,73.88

2026-09-05T15:16:23.101Z,33.23,73.89

2026-09-05T15:16:28.102Z,33.23,73.79

2026-09-05T15:16:33.101Z,33.25,73.85

2026-09-05T15:16:38.102Z,33.21,73.81

2026-09-05T15:16:43.116Z,33.23,73.87

2026-09-05T15:16:48.099Z,33.23,73.82

2026-09-05T15:16:53.100Z,33.24,73.78

2026-09-05T15:16:58.101Z,33.23,73.77

2026-09-05T15:17:03.104Z,33.22,73.81

2026-09-05T15:17:08.105Z,33.22,73.83

2026-09-05T15:17:13.112Z,33.24,73.85

2026-09-05T15:17:18.107Z,33.23,73.83

2026-09-05T15:17:23.107Z,33.24,73.76

2026-09-05T15:17:28.106Z,33.22,73.83

2026-09-05T15:17:33.105Z,33.25,73.79

2026-09-05T15:17:38.107Z,33.23,73.8

2026-09-05T15:17:43.120Z,33.23,73.81

2026-09-05T15:17:48.106Z,33.22,73.77

2026-09-05T15:17:53.109Z,33.25,73.84

2026-09-05T15:17:58.108Z,33.24,73.76

2026-09-05T15:18:03.109Z,33.25,73.79

2026-09-05T15:18:08.116Z,33.23,73.78

2026-09-05T15:18:13.125Z,33.23,73.84

2026-09-05T15:18:18.113Z,33.23,73.82

2026-09-05T15:18:23.114Z,33.22,73.76

2026-09-05T15:18:28.114Z,33.24,73.83

2026-09-05T15:18:33.114Z,33.23,73.75

2026-09-05T15:18:38.131Z,33.24,73.78

2026-09-05T15:18:43.138Z,33.23,73.79

2026-09-05T15:18:48.127Z,33.24,73.78

2026-09-05T15:18:53.128Z,33.24,73.77

2026-09-05T15:18:58.128Z,33.23,73.78

2026-09-05T15:19:03.130Z,33.24,73.77

2026-09-05T15:19:08.132Z,33.23,73.77

2026-09-05T15:19:13.140Z,33.24,73.74

2026-09-05T15:19:18.130Z,33.25,73.72

2026-09-05T15:19:23.131Z,33.25,73.72

2026-09-05T15:19:28.132Z,33.24,73.69

2026-09-05T15:19:33.131Z,33.25,73.74

2026-09-05T15:19:38.140Z,33.26,73.69

2026-09-05T15:19:43.145Z,33.24,73.7

2026-09-05T15:19:48.136Z,33.25,73.67

2026-09-05T15:19:53.140Z,33.25,73.76

2026-09-05T15:19:58.137Z,33.24,73.75

2026-09-05T15:20:03.140Z,33.25,73.72

2026-09-05T15:20:08.143Z,33.23,73.69

2026-09-05T15:20:13.152Z,33.23,73.74

2026-09-05T15:20:18.140Z,33.21,73.78

2026-09-05T15:20:23.143Z,33.24,73.78

2026-09-05T15:20:28.142Z,33.23,73.79

2026-09-05T15:20:33.143Z,33.22,73.75

2026-09-05T15:20:38.155Z,33.23,73.78

2026-09-05T15:20:43.164Z,33.2,73.85

2026-09-05T15:20:48.155Z,33.2,73.82

2026-09-05T15:20:53.157Z,33.18,73.82

2026-09-05T15:20:58.157Z,33.19,73.88

2026-09-05T15:21:03.156Z,33.15,73.94

2026-09-05T15:21:08.172Z,33.15,73.95

2026-09-05T15:21:13.188Z,33.16,74.05

2026-09-05T15:21:18.168Z,33.14,73.99

2026-09-05T15:21:23.170Z,33.14,74.06

2026-09-05T15:21:28.168Z,33.13,74.12

2026-09-05T15:21:33.169Z,33.12,74.11

2026-09-05T15:21:38.187Z,33.12,74.15

2026-09-05T15:21:43.199Z,33.08,74.2

2026-09-05T15:21:48.199Z,33.08,74.2

2026-09-05T15:21:53.186Z,33.08,74.22

2026-09-05T15:21:58.188Z,33.09,74.26

2026-09-05T15:22:03.187Z,33.07,74.28

2026-09-05T15:22:08.197Z,33.07,74.3

2026-09-05T15:22:13.207Z,33.05,74.3

2026-09-05T15:22:18.196Z,33.04,74.28

2026-09-05T15:22:23.197Z,33.04,74.31

2026-09-05T15:22:28.197Z,33.05,74.34

2026-09-05T15:22:33.197Z,33.03,74.38

2026-09-05T15:22:38.204Z,33.05,74.41

2026-09-05T15:22:43.221Z,33.03,74.46

2026-09-05T15:22:48.204Z,33.05,74.41

2026-09-05T15:22:53.203Z,33.03,74.49

2026-09-05T15:22:58.202Z,33.01,74.48

2026-09-05T15:23:03.205Z,33.03,74.49

2026-09-05T15:23:08.206Z,33.01,74.57

2026-09-05T15:23:13.215Z,33.01,74.61

2026-09-05T15:23:18.204Z,33,74.59

2026-09-05T15:23:23.204Z,33.01,74.58

2026-09-05T15:23:28.204Z,33.01,74.57

2026-09-05T15:23:33.203Z,32.99,74.64

2026-09-05T15:23:38.203Z,32.99,74.69

2026-09-05T15:23:43.214Z,32.99,74.67

2026-09-05T15:23:48.203Z,33,74.67

2026-09-05T15:23:53.203Z,32.99,74.64

2026-09-05T15:23:58.202Z,32.98,74.66

2026-09-05T15:24:03.204Z,32.99,74.7

2026-09-05T15:24:08.204Z,32.98,74.65

2026-09-05T15:24:13.217Z,32.98,74.72

2026-09-05T15:24:18.204Z,32.97,74.66

2026-09-05T15:24:23.203Z,32.99,74.66

2026-09-05T15:24:28.203Z,32.98,74.64

2026-09-05T15:24:33.205Z,32.99,74.68

2026-09-05T15:24:38.206Z,32.99,74.75

2026-09-05T15:24:43.213Z,32.98,74.78

2026-09-05T15:24:48.203Z,32.97,74.76

2026-09-05T15:24:53.207Z,32.99,74.78

2026-09-05T15:24:58.206Z,32.97,74.83

2026-09-05T15:25:03.206Z,32.96,74.79

2026-09-05T15:25:08.227Z,32.97,74.74

2026-09-05T15:25:13.238Z,32.96,74.79

2026-09-05T15:25:18.227Z,32.96,74.76

2026-09-05T15:25:23.228Z,32.97,74.75

2026-09-05T15:25:28.227Z,32.98,74.84

2026-09-05T15:25:33.228Z,32.96,74.85

2026-09-05T15:25:38.237Z,32.97,74.78

2026-09-05T15:25:43.251Z,32.98,74.8

2026-09-05T15:25:48.238Z,32.97,74.78

2026-09-05T15:25:53.236Z,32.98,74.74

2026-09-05T15:25:58.236Z,32.97,74.74

2026-09-05T15:26:03.237Z,32.98,74.77

2026-09-05T15:26:08.240Z,32.97,74.78

2026-09-05T15:26:13.257Z,32.97,74.82

2026-09-05T15:26:18.238Z,32.96,74.81

2026-09-05T15:26:23.237Z,32.97,74.83

2026-09-05T15:26:28.239Z,32.98,74.81

2026-09-05T15:26:33.241Z,32.98,74.82

2026-09-05T15:26:38.244Z,32.98,74.85

2026-09-05T15:26:43.254Z,32.97,74.86

2026-09-05T15:26:48.243Z,32.99,74.81

2026-09-05T15:26:53.244Z,32.99,74.81

2026-09-05T15:26:58.242Z,32.99,74.82

2026-09-05T15:27:03.244Z,32.99,74.83

2026-09-05T15:27:08.246Z,32.98,74.78

2026-09-05T15:27:13.262Z,32.98,74.81

2026-09-05T15:27:18.248Z,32.99,74.71

2026-09-05T15:27:23.245Z,32.98,74.72

2026-09-05T15:27:28.248Z,32.98,74.76

2026-09-05T15:27:33.248Z,32.99,74.73

2026-09-05T15:27:38.259Z,32.99,74.75

2026-09-05T15:27:43.272Z,33,74.72

2026-09-05T15:27:48.258Z,33.01,74.73

2026-09-05T15:27:53.259Z,32.99,74.71

2026-09-05T15:27:58.257Z,33.02,74.67

2026-09-05T15:28:03.257Z,32.99,74.71

2026-09-05T15:28:08.270Z,32.99,74.69

2026-09-05T15:28:13.280Z,32.99,74.73

2026-09-05T15:28:18.268Z,33.01,74.72

2026-09-05T15:28:23.268Z,33,74.66

2026-09-05T15:28:28.271Z,33,74.7

2026-09-05T15:28:33.270Z,33,74.65

2026-09-05T15:28:38.290Z,33,74.68

2026-09-05T15:28:43.303Z,33,74.7

2026-09-05T15:28:48.287Z,33,74.69

2026-09-05T15:28:53.286Z,33.02,74.68

2026-09-05T15:28:58.287Z,33.01,74.7

2026-09-05T15:29:03.287Z,33.01,74.69

2026-09-05T15:29:08.296Z,33.01,74.7

2026-09-05T15:29:13.306Z,33,74.65

2026-09-05T15:29:18.295Z,33.04,74.66

2026-09-05T15:29:23.296Z,33.02,74.67

2026-09-05T15:29:28.295Z,33.01,74.68

2026-09-05T15:29:33.296Z,33.03,74.64

2026-09-05T15:29:38.304Z,33.03,74.62

2026-09-05T15:29:43.313Z,33.02,74.6

2026-09-05T15:29:48.303Z,33.02,74.49

2026-09-05T15:29:53.302Z,33.01,74.59

2026-09-05T15:29:58.302Z,33.02,74.61

2026-09-05T15:30:03.303Z,33.02,74.56

2026-09-05T15:30:08.315Z,33.02,74.57

2026-09-05T15:30:13.323Z,33.01,74.58

2026-09-05T15:30:18.311Z,32.99,74.6

2026-09-05T15:30:23.314Z,33.02,74.51

2026-09-05T15:30:28.313Z,33,74.61

2026-09-05T15:30:33.312Z,33,74.6

2026-09-05T15:30:38.324Z,32.99,74.66

2026-09-05T15:30:43.336Z,32.99,74.64

2026-09-05T15:30:48.322Z,32.99,74.58

2026-09-05T15:30:53.321Z,32.99,74.58

2026-09-05T15:30:58.322Z,32.98,74.65

2026-09-05T15:31:03.323Z,32.98,74.65

2026-09-05T15:31:08.322Z,32.99,74.71

2026-09-05T15:31:13.338Z,32.96,74.8

2026-09-05T15:31:18.323Z,32.99,74.77

2026-09-05T15:31:23.324Z,32.97,74.77

2026-09-05T15:31:28.322Z,32.97,74.77

2026-09-05T15:31:33.322Z,32.98,74.74

2026-09-05T15:31:38.321Z,32.98,74.8

2026-09-05T15:31:43.337Z,32.95,74.84

2026-09-05T15:31:48.325Z,32.96,74.8

2026-09-05T15:31:53.324Z,32.97,74.76

2026-09-05T15:31:58.323Z,32.96,74.82

2026-09-05T15:32:03.325Z,32.96,74.86

2026-09-05T15:32:08.325Z,32.95,74.94

2026-09-05T15:32:13.342Z,32.95,74.94

2026-09-05T15:32:18.324Z,32.93,74.88

2026-09-05T15:32:23.330Z,32.96,74.88

2026-09-05T15:32:28.329Z,32.95,74.9

2026-09-05T15:32:33.329Z,32.95,74.95

2026-09-05T15:32:38.328Z,32.95,74.93

2026-09-05T15:32:43.346Z,32.93,74.97

2026-09-05T15:32:48.328Z,32.92,74.93

2026-09-05T15:32:53.331Z,32.93,74.9

2026-09-05T15:32:58.330Z,32.92,74.94

2026-09-05T15:33:03.331Z,32.94,74.9

2026-09-05T15:33:08.343Z,32.94,74.93

2026-09-05T15:33:13.350Z,32.93,74.92

2026-09-05T15:33:18.338Z,32.93,74.95

2026-09-05T15:33:23.340Z,32.94,74.99

2026-09-05T15:33:28.339Z,32.92,74.93

2026-09-05T15:33:33.341Z,32.94,74.99

2026-09-05T15:33:38.346Z,32.94,74.95

2026-09-05T15:33:43.354Z,32.92,75

2026-09-05T15:33:48.345Z,32.91,75.03

2026-09-05T15:33:53.344Z,32.92,75.06

2026-09-05T15:33:58.343Z,32.9,75.02

2026-09-05T15:34:03.346Z,32.93,75.04

2026-09-05T15:34:08.356Z,32.9,75.14

2026-09-05T15:34:13.372Z,32.88,75.13

2026-09-05T15:34:18.355Z,32.92,75.06

2026-09-05T15:34:23.356Z,32.89,75.07

2026-09-05T15:34:28.356Z,32.9,75.14

2026-09-05T15:34:33.356Z,32.89,75.18

2026-09-05T15:34:38.373Z,32.9,75.12

2026-09-05T15:34:43.383Z,32.89,75.18

2026-09-05T15:34:48.370Z,32.89,75.21

2026-09-05T15:34:53.374Z,32.9,75.23

2026-09-05T15:34:58.371Z,32.89,75.16

2026-09-05T15:35:03.372Z,32.87,75.26

2026-09-05T15:35:08.373Z,32.88,75.21

2026-09-05T15:35:13.385Z,32.87,75.28

2026-09-05T15:35:18.374Z,32.89,75.28

2026-09-05T15:35:23.374Z,32.9,75.23

2026-09-05T15:35:28.374Z,32.88,75.18

2026-09-05T15:35:33.388Z,32.87,75.23

2026-09-05T15:35:38.374Z,32.87,75.29

2026-09-05T15:35:43.372Z,32.87,75.25

2026-09-05T15:35:48.374Z,32.84,75.3

2026-09-05T15:35:53.376Z,32.84,75.34

2026-09-05T15:35:58.376Z,32.86,75.39

2026-09-05T15:36:03.387Z,32.84,75.42

2026-09-05T15:36:08.374Z,32.86,75.37

2026-09-05T15:36:13.381Z,32.83,75.38

2026-09-05T15:36:18.382Z,32.86,75.46

2026-09-05T15:36:23.379Z,32.81,75.42

2026-09-05T15:36:28.381Z,32.83,75.49

2026-09-05T15:36:33.396Z,32.81,75.49

2026-09-05T15:36:38.379Z,32.82,75.51

2026-09-05T15:36:43.381Z,32.82,75.49

2026-09-05T15:36:48.382Z,32.83,75.52

2026-09-05T15:36:53.380Z,32.83,75.55

2026-09-05T15:36:58.391Z,32.81,75.52

2026-09-05T15:37:03.398Z,32.8,75.59

2026-09-05T15:37:08.387Z,32.82,75.58

2026-09-05T15:37:13.388Z,32.82,75.54

2026-09-05T15:37:18.389Z,32.81,75.58

2026-09-05T15:37:23.388Z,32.82,75.59

2026-09-05T15:37:28.402Z,32.81,75.58

2026-09-05T15:37:33.412Z,32.82,75.66

2026-09-05T15:37:38.403Z,32.81,75.62

2026-09-05T15:37:43.404Z,32.83,75.57

2026-09-05T15:37:48.403Z,32.81,75.6

2026-09-05T15:37:53.405Z,32.82,75.59

2026-09-05T15:37:58.409Z,32.8,75.6

2026-09-05T15:38:03.423Z,32.82,75.56

2026-09-05T15:38:08.408Z,32.8,75.56

2026-09-05T15:38:13.409Z,32.8,75.6

2026-09-05T15:38:18.408Z,32.8,75.62

2026-09-05T15:38:23.410Z,32.8,75.56

2026-09-05T15:38:28.421Z,32.81,75.63

2026-09-05T15:38:33.429Z,32.8,75.74

2026-09-05T15:38:38.417Z,32.81,75.66

2026-09-05T15:38:43.416Z,32.79,75.67

2026-09-05T15:38:48.416Z,32.78,75.69

2026-09-05T15:38:53.418Z,32.78,75.72

2026-09-05T15:38:58.425Z,32.77,75.74

2026-09-05T15:39:03.437Z,32.77,75.82

2026-09-05T15:39:08.426Z,32.77,75.77

2026-09-05T15:39:13.423Z,32.78,75.74

2026-09-05T15:39:18.423Z,32.77,75.75

2026-09-05T15:39:23.424Z,32.76,75.77

2026-09-05T15:39:28.442Z,32.77,75.79

2026-09-05T15:39:33.455Z,32.78,75.77

2026-09-05T15:39:38.441Z,32.79,75.8

2026-09-05T15:39:43.443Z,32.78,75.78

2026-09-05T15:39:48.443Z,32.77,75.83

2026-09-05T15:39:53.445Z,32.78,75.81

2026-09-05T15:39:58.459Z,32.8,75.81

2026-09-05T15:40:03.466Z,32.79,75.9

2026-09-05T15:40:08.456Z,32.8,75.81

2026-09-05T15:40:13.457Z,32.8,75.79

2026-09-05T15:40:18.457Z,32.8,75.78

2026-09-05T15:40:23.459Z,32.82,75.8

2026-09-05T15:40:28.464Z,32.81,75.76

2026-09-05T15:40:33.473Z,32.81,75.79

2026-09-05T15:40:38.464Z,32.83,75.72

2026-09-05T15:40:43.462Z,32.8,75.68

2026-09-05T15:40:48.463Z,32.82,75.68

2026-09-05T15:40:53.464Z,32.81,75.66

2026-09-05T15:40:58.469Z,32.79,75.63

2026-09-05T15:41:03.482Z,32.83,75.64

2026-09-05T15:41:08.468Z,32.81,75.63

2026-09-05T15:41:13.468Z,32.81,75.61

2026-09-05T15:41:18.467Z,32.82,75.62

2026-09-05T15:41:23.469Z,32.81,75.6

2026-09-05T15:41:28.475Z,32.82,75.63

2026-09-05T15:41:33.486Z,32.82,75.62

2026-09-05T15:41:38.476Z,32.83,75.59

2026-09-05T15:41:43.476Z,32.8,75.6

2026-09-05T15:41:48.476Z,32.81,75.55

2026-09-05T15:41:53.477Z,32.79,75.68

2026-09-05T15:41:58.477Z,32.83,75.64

2026-09-05T15:42:03.491Z,32.8,75.65

2026-09-05T15:42:08.477Z,32.79,75.6

2026-09-05T15:42:13.479Z,32.82,75.65

2026-09-05T15:42:18.479Z,32.78,75.7

2026-09-05T15:42:23.479Z,32.8,75.73

2026-09-05T15:42:28.486Z,32.8,75.72

2026-09-05T15:42:33.493Z,32.8,75.7

2026-09-05T15:42:38.482Z,32.79,75.72

2026-09-05T15:42:43.481Z,32.79,75.68

2026-09-05T15:42:48.482Z,32.8,75.75

2026-09-05T15:42:53.482Z,32.77,75.74

2026-09-05T15:42:58.481Z,32.77,75.72

2026-09-05T15:43:03.496Z,32.77,75.77

2026-09-05T15:43:08.483Z,32.8,75.79

2026-09-05T15:43:13.486Z,32.79,75.78

2026-09-05T15:43:18.484Z,32.77,75.75

2026-09-05T15:43:23.485Z,32.79,75.77

2026-09-05T15:43:28.502Z,32.79,75.81

2026-09-05T15:43:33.516Z,32.78,75.83

2026-09-05T15:43:38.503Z,32.81,75.79

2026-09-05T15:43:43.503Z,32.8,75.76

2026-09-05T15:43:48.500Z,32.8,75.77

2026-09-05T15:43:53.512Z,32.8,75.75

2026-09-05T15:43:58.503Z,32.8,75.68

2026-09-05T15:44:03.502Z,32.78,75.76

2026-09-05T15:44:08.502Z,32.81,75.73

2026-09-05T15:44:13.504Z,32.8,75.73

2026-09-05T15:44:18.512Z,32.8,75.75

2026-09-05T15:44:23.522Z,32.78,75.81

2026-09-05T15:44:28.512Z,32.79,75.7

2026-09-05T15:44:33.512Z,32.78,75.75

2026-09-05T15:44:38.512Z,32.79,75.75

2026-09-05T15:44:43.512Z,32.81,75.78

2026-09-05T15:44:48.529Z,32.81,75.78

2026-09-05T15:44:53.540Z,32.77,75.85

2026-09-05T15:44:58.525Z,32.8,75.81

2026-09-05T15:45:03.530Z,32.78,75.82

2026-09-05T15:45:08.528Z,32.79,75.83

2026-09-05T15:45:13.526Z,32.79,75.8

2026-09-05T15:45:18.533Z,32.81,75.83

2026-09-05T15:45:23.543Z,32.79,75.84

2026-09-05T15:45:28.534Z,32.78,75.84

2026-09-05T15:45:33.530Z,32.8,75.81

2026-09-05T15:45:38.532Z,32.8,75.8

2026-09-05T15:45:43.543Z,32.78,75.87

2026-09-05T15:45:48.533Z,32.8,75.85

2026-09-05T15:45:53.535Z,32.8,75.84

2026-09-05T15:45:58.533Z,32.8,75.88

2026-09-05T15:46:03.534Z,32.81,75.86

2026-09-05T15:46:08.533Z,32.81,75.8

2026-09-05T15:46:13.545Z,32.82,75.89

2026-09-05T15:46:18.533Z,32.81,75.79

2026-09-05T15:46:23.536Z,32.84,75.78

2026-09-05T15:46:28.534Z,32.81,75.78

2026-09-05T15:46:33.534Z,32.82,75.72

2026-09-05T15:46:38.534Z,32.83,75.67

2026-09-05T15:46:43.548Z,32.83,75.71

2026-09-05T15:46:48.535Z,32.85,75.79

2026-09-05T15:46:53.536Z,32.85,75.68

2026-09-05T15:46:58.538Z,32.85,75.69

2026-09-05T15:47:03.540Z,32.84,75.7

2026-09-05T15:47:08.546Z,32.85,75.69

2026-09-05T15:47:13.561Z,32.84,75.67

2026-09-05T15:47:18.546Z,32.83,75.68

2026-09-05T15:47:23.580Z,32.82,75.72

2026-09-05T15:47:28.545Z,32.83,75.7

2026-09-05T15:47:33.548Z,32.84,75.72

2026-09-05T15:47:38.567Z,32.84,75.65

2026-09-05T15:47:43.578Z,32.82,75.71

2026-09-05T15:47:48.566Z,32.84,75.71

2026-09-05T15:47:53.567Z,32.86,75.71

2026-09-05T15:47:58.566Z,32.84,75.69

2026-09-05T15:48:03.567Z,32.84,75.72

2026-09-05T15:48:08.571Z,32.84,75.74

2026-09-05T15:48:13.587Z,32.85,75.76

2026-09-05T15:48:18.568Z,32.85,75.7

2026-09-05T15:48:23.570Z,32.85,75.65

2026-09-05T15:48:28.569Z,32.87,75.73

2026-09-05T15:48:33.571Z,32.86,75.76

2026-09-05T15:48:38.586Z,32.87,75.66

2026-09-05T15:48:43.599Z,32.84,75.78

2026-09-05T15:48:48.586Z,32.86,75.7

2026-09-05T15:48:53.587Z,32.84,75.77

2026-09-05T15:48:58.586Z,32.84,75.73

2026-09-05T15:49:03.586Z,32.84,75.74

2026-09-05T15:49:08.591Z,32.84,75.74

2026-09-05T15:49:13.598Z,32.84,75.82

2026-09-05T15:49:18.587Z,32.85,75.77

2026-09-05T15:49:23.590Z,32.85,75.8

2026-09-05T15:49:28.589Z,32.86,75.73

2026-09-05T15:49:33.589Z,32.85,75.76

2026-09-05T15:49:38.595Z,32.84,75.74

2026-09-05T15:49:43.607Z,32.83,75.82

2026-09-05T15:49:48.595Z,32.83,75.8

2026-09-05T15:49:53.594Z,32.83,75.84

2026-09-05T15:49:58.595Z,32.83,75.78

2026-09-05T15:50:03.608Z,32.84,75.86

2026-09-05T15:50:08.594Z,32.84,75.78

2026-09-05T15:50:13.595Z,32.84,75.78

2026-09-05T15:50:18.596Z,32.83,75.87

2026-09-05T15:50:23.596Z,32.86,75.83

2026-09-05T15:50:28.607Z,32.84,75.85

2026-09-05T15:50:33.618Z,32.84,75.89

2026-09-05T15:50:38.605Z,32.83,75.85

2026-09-05T15:50:43.604Z,32.84,75.81

2026-09-05T15:50:48.605Z,32.86,75.75

2026-09-05T15:50:53.607Z,32.86,75.73

2026-09-05T15:50:58.613Z,32.85,75.72

2026-09-05T15:51:03.628Z,32.86,75.77

2026-09-05T15:51:08.611Z,32.86,75.73

2026-09-05T15:51:13.610Z,32.86,75.69

2026-09-05T15:51:18.610Z,32.86,75.68

2026-09-05T15:51:23.611Z,32.85,75.72

2026-09-05T15:51:28.616Z,32.87,75.7

2026-09-05T15:51:33.623Z,32.86,75.78

2026-09-05T15:51:38.611Z,32.87,75.69

2026-09-05T15:51:43.614Z,32.87,75.71

2026-09-05T15:51:48.614Z,32.87,75.69

2026-09-05T15:51:53.613Z,32.85,75.72

2026-09-05T15:51:58.623Z,32.88,75.7

2026-09-05T15:52:03.635Z,32.86,75.81

2026-09-05T15:52:08.623Z,32.88,75.71

2026-09-05T15:52:13.621Z,32.87,75.75

2026-09-05T15:52:18.620Z,32.84,75.68

2026-09-05T15:52:23.622Z,32.86,75.74

2026-09-05T15:52:28.636Z,32.87,75.71

2026-09-05T15:52:33.647Z,32.86,75.76

2026-09-05T15:52:38.633Z,32.88,75.69

2026-09-05T15:52:43.633Z,32.86,75.74

2026-09-05T15:52:48.633Z,32.85,75.72

2026-09-05T15:52:53.635Z,32.86,75.7

2026-09-05T15:52:58.642Z,32.84,75.76

2026-09-05T15:53:03.655Z,32.85,75.79

2026-09-05T15:53:08.641Z,32.85,75.75

2026-09-05T15:53:13.642Z,32.86,75.75

2026-09-05T15:53:18.642Z,32.87,75.73

2026-09-05T15:53:23.642Z,32.88,75.8

2026-09-05T15:53:28.647Z,32.85,75.68

2026-09-05T15:53:33.658Z,32.86,75.74

2026-09-05T15:53:38.645Z,32.85,75.69

2026-09-05T15:53:43.644Z,32.84,75.77

2026-09-05T15:53:48.643Z,32.83,75.83

2026-09-05T15:53:53.643Z,32.83,75.78

2026-09-05T15:53:58.642Z,32.84,75.83

2026-09-05T15:54:03.655Z,32.84,75.83

2026-09-05T15:54:08.643Z,32.83,75.81

2026-09-05T15:54:13.643Z,32.81,75.87

2026-09-05T15:54:18.643Z,32.8,75.86

2026-09-05T15:54:23.644Z,32.79,75.99

2026-09-05T15:54:28.660Z,32.78,75.98

2026-09-05T15:54:33.674Z,32.77,76.11

2026-09-05T15:54:38.663Z,32.76,76.07

2026-09-05T15:54:43.661Z,32.78,76.01

2026-09-05T15:54:48.659Z,32.75,76.06

2026-09-05T15:54:53.659Z,32.79,76.1

2026-09-05T15:54:58.679Z,32.78,76.13

2026-09-05T15:55:03.699Z,32.75,76.18

2026-09-05T15:55:08.678Z,32.73,76.2

2026-09-05T15:55:13.677Z,32.77,76.19

2026-09-05T15:55:18.678Z,32.75,76.15

2026-09-05T15:55:23.679Z,32.74,76.28

2026-09-05T15:55:28.683Z,32.75,76.23

2026-09-05T15:55:33.692Z,32.73,76.31

2026-09-05T15:55:38.682Z,32.73,76.29

2026-09-05T15:55:43.680Z,32.73,76.35

2026-09-05T15:55:48.682Z,32.73,76.34

2026-09-05T15:55:53.683Z,32.72,76.34

2026-09-05T15:55:58.692Z,32.72,76.32

2026-09-05T15:56:03.706Z,32.71,76.42

2026-09-05T15:56:08.690Z,32.73,76.37

2026-09-05T15:56:13.689Z,32.71,76.38

2026-09-05T15:56:18.691Z,32.73,76.4

2026-09-05T15:56:23.692Z,32.71,76.42

2026-09-05T15:56:28.708Z,32.7,76.43

2026-09-05T15:56:33.718Z,32.7,76.46

2026-09-05T15:56:38.706Z,32.67,76.44

2026-09-05T15:56:43.705Z,32.7,76.43

2026-09-05T15:56:48.706Z,32.69,76.44

2026-09-05T15:56:53.707Z,32.7,76.47

2026-09-05T15:56:58.716Z,32.71,76.43

2026-09-05T15:57:03.721Z,32.7,76.49

2026-09-05T15:57:08.709Z,32.71,76.47

2026-09-05T15:57:13.711Z,32.7,76.41

2026-09-05T15:57:18.712Z,32.71,76.45

2026-09-05T15:57:23.711Z,32.72,76.44

2026-09-05T15:57:28.716Z,32.71,76.42

2026-09-05T15:57:33.721Z,32.7,76.48

2026-09-05T15:57:38.713Z,32.71,76.41

2026-09-05T15:57:43.712Z,32.7,76.49

2026-09-05T15:57:48.714Z,32.71,76.42

2026-09-05T15:57:53.727Z,32.7,76.43

2026-09-05T15:57:58.719Z,32.71,76.47

2026-09-05T15:58:03.714Z,32.72,76.41

2026-09-05T15:58:08.715Z,32.72,76.46

2026-09-05T15:58:13.717Z,32.71,76.42

2026-09-05T15:58:18.717Z,32.7,76.42

2026-09-05T15:58:23.736Z,32.69,76.52

2026-09-05T15:58:28.717Z,32.71,76.47

2026-09-05T15:58:33.717Z,32.71,76.46

2026-09-05T15:58:38.718Z,32.71,76.42

2026-09-05T15:58:43.717Z,32.71,76.4

2026-09-05T15:58:48.717Z,32.71,76.47

2026-09-05T15:58:53.731Z,32.71,76.51

2026-09-05T15:58:58.719Z,32.73,76.47

2026-09-05T15:59:03.719Z,32.74,76.52

2026-09-05T15:59:08.720Z,32.73,76.45

2026-09-05T15:59:13.721Z,32.74,76.39

2026-09-05T15:59:18.729Z,32.73,76.43

2026-09-05T15:59:23.739Z,32.72,76.53

2026-09-05T15:59:28.726Z,32.72,76.52

2026-09-05T15:59:33.726Z,32.75,76.44

2026-09-05T15:59:38.728Z,32.72,76.45

2026-09-05T15:59:43.726Z,32.73,76.48

2026-09-05T15:59:48.740Z,32.74,76.41

2026-09-05T15:59:53.752Z,32.74,76.43

2026-09-05T15:59:58.739Z,32.73,76.45

2026-09-05T16:00:03.741Z,32.75,76.43

2026-09-05T16:00:08.741Z,32.74,76.4

2026-09-05T16:00:13.740Z,32.77,76.41

2026-09-05T16:00:18.744Z,32.76,76.38

2026-09-05T16:00:23.755Z,32.76,76.41

2026-09-05T16:00:28.741Z,32.76,76.31

2026-09-05T16:00:33.744Z,32.78,76.37

2026-09-05T16:00:38.743Z,32.76,76.35

2026-09-05T16:00:43.743Z,32.76,76.41

2026-09-05T16:00:48.758Z,32.76,76.4

2026-09-05T16:00:53.767Z,32.75,76.43

2026-09-05T16:00:58.755Z,32.77,76.37

2026-09-05T16:01:03.754Z,32.77,76.44

2026-09-05T16:01:08.754Z,32.77,76.38

2026-09-05T16:01:13.754Z,32.76,76.37

2026-09-05T16:01:18.760Z,32.74,76.38

2026-09-05T16:01:23.775Z,32.74,76.42

2026-09-05T16:01:28.759Z,32.74,76.36

2026-09-05T16:01:33.761Z,32.74,76.39

2026-09-05T16:01:38.762Z,32.73,76.39

2026-09-05T16:01:43.760Z,32.72,76.38

2026-09-05T16:01:48.763Z,32.72,76.42

2026-09-05T16:01:53.773Z,32.71,76.52

2026-09-05T16:01:58.760Z,32.72,76.52

2026-09-05T16:02:03.763Z,32.7,76.46

2026-09-05T16:02:08.763Z,32.71,76.5

2026-09-05T16:02:13.763Z,32.69,76.53

2026-09-05T16:02:18.782Z,32.68,76.61

2026-09-05T16:02:23.789Z,32.68,76.66

2026-09-05T16:02:28.778Z,32.65,76.64

2026-09-05T16:02:33.783Z,32.68,76.65

2026-09-05T16:02:38.780Z,32.66,76.67

2026-09-05T16:02:43.779Z,32.68,76.73

2026-09-05T16:02:48.787Z,32.67,76.74

2026-09-05T16:02:53.799Z,32.66,76.82

2026-09-05T16:02:58.787Z,32.67,76.74

2026-09-05T16:03:03.787Z,32.65,76.76

2026-09-05T16:03:08.787Z,32.65,76.72

2026-09-05T16:03:13.786Z,32.66,76.76

2026-09-05T16:03:18.802Z,32.66,76.8

2026-09-05T16:03:23.817Z,32.65,76.84

2026-09-05T16:03:28.803Z,32.65,76.87

2026-09-05T16:03:33.803Z,32.64,76.78

2026-09-05T16:03:38.802Z,32.66,76.85

2026-09-05T16:03:43.803Z,32.66,76.81

2026-09-05T16:03:48.802Z,32.65,76.83

2026-09-05T16:03:53.819Z,32.65,76.89

2026-09-05T16:03:58.803Z,32.66,76.86

2026-09-05T16:04:03.804Z,32.67,76.9

2026-09-05T16:04:08.804Z,32.66,76.84

2026-09-05T16:04:13.805Z,32.66,76.91

2026-09-05T16:04:18.817Z,32.66,76.83

2026-09-05T16:04:23.827Z,32.66,76.94

2026-09-05T16:04:28.815Z,32.66,76.95

2026-09-05T16:04:33.815Z,32.67,76.88

2026-09-05T16:04:38.815Z,32.68,76.81

2026-09-05T16:04:43.815Z,32.67,76.86

2026-09-05T16:04:48.829Z,32.66,76.84

2026-09-05T16:04:53.840Z,32.68,76.89

2026-09-05T16:04:58.827Z,32.68,76.85

2026-09-05T16:05:03.826Z,32.69,76.82

2026-09-05T16:05:08.827Z,32.69,76.85

2026-09-05T16:05:13.827Z,32.68,76.88

2026-09-05T16:05:18.838Z,32.7,76.83

2026-09-05T16:05:23.849Z,32.69,76.82

2026-09-05T16:05:28.836Z,32.7,76.76

2026-09-05T16:05:33.836Z,32.71,76.84

2026-09-05T16:05:38.837Z,32.71,76.84

2026-09-05T16:05:43.839Z,32.7,76.77

2026-09-05T16:05:48.837Z,32.71,76.75

2026-09-05T16:05:53.848Z,32.7,76.8

2026-09-05T16:05:58.835Z,32.7,76.79

2026-09-05T16:06:03.841Z,32.69,76.79

2026-09-05T16:06:08.838Z,32.69,76.84

2026-09-05T16:06:13.838Z,32.68,76.81

2026-09-05T16:06:18.848Z,32.7,76.79

2026-09-05T16:06:23.856Z,32.68,76.88

2026-09-05T16:06:28.844Z,32.7,76.86

2026-09-05T16:06:33.846Z,32.7,76.87

2026-09-05T16:06:38.845Z,32.67,76.84

2026-09-05T16:06:43.845Z,32.69,76.88

2026-09-05T16:06:48.855Z,32.69,76.86

2026-09-05T16:06:53.866Z,32.67,76.95

2026-09-05T16:06:58.855Z,32.68,76.93

2026-09-05T16:07:03.857Z,32.67,76.97

2026-09-05T16:07:08.857Z,32.64,76.93

2026-09-05T16:07:13.856Z,32.66,76.98

2026-09-05T16:07:18.866Z,32.64,76.96

2026-09-05T16:07:23.875Z,32.64,77.09

2026-09-05T16:07:28.863Z,32.66,77.08

2026-09-05T16:07:33.866Z,32.64,77.05

2026-09-05T16:07:38.864Z,32.65,77.05

2026-09-05T16:07:43.864Z,32.66,77.05

2026-09-05T16:07:48.865Z,32.66,77.12

2026-09-05T16:07:53.877Z,32.63,77.14

2026-09-05T16:07:58.866Z,32.64,77.14

2026-09-05T16:08:03.868Z,32.64,77.18

2026-09-05T16:08:08.866Z,32.62,77.21

2026-09-05T16:08:13.867Z,32.6,77.17

2026-09-05T16:08:18.870Z,32.61,77.28

2026-09-05T16:08:23.884Z,32.61,77.39

2026-09-05T16:08:28.868Z,32.62,77.3

2026-09-05T16:08:33.869Z,32.62,77.32

2026-09-05T16:08:38.869Z,32.6,77.28

2026-09-05T16:08:43.871Z,32.61,77.27

2026-09-05T16:08:48.874Z,32.6,77.32

2026-09-05T16:08:53.886Z,32.62,77.29

2026-09-05T16:08:58.873Z,32.61,77.26

2026-09-05T16:09:03.872Z,32.61,77.31

2026-09-05T16:09:08.872Z,32.61,77.33

2026-09-05T16:09:13.873Z,32.62,77.31

2026-09-05T16:09:18.882Z,32.62,77.32

2026-09-05T16:09:23.891Z,32.62,77.34

2026-09-05T16:09:28.880Z,32.6,77.31

2026-09-05T16:09:33.883Z,32.6,77.32

2026-09-05T16:09:38.882Z,32.58,77.4

2026-09-05T16:09:43.884Z,32.6,77.38

2026-09-05T16:09:48.898Z,32.58,77.42

2026-09-05T16:09:53.919Z,32.58,77.48

2026-09-05T16:09:58.897Z,32.57,77.52

2026-09-05T16:10:03.896Z,32.57,77.45

2026-09-05T16:10:08.896Z,32.58,77.5

2026-09-05T16:10:13.898Z,32.57,77.54

2026-09-05T16:10:18.908Z,32.59,77.47

2026-09-05T16:10:23.919Z,32.58,77.52

2026-09-05T16:10:28.906Z,32.59,77.49

2026-09-05T16:10:33.906Z,32.58,77.51

2026-09-05T16:10:38.907Z,32.6,77.44

2026-09-05T16:10:43.907Z,32.59,77.46

2026-09-05T16:10:48.936Z,32.61,77.49

2026-09-05T16:10:53.946Z,32.6,77.45

2026-09-05T16:10:58.934Z,32.61,77.41

2026-09-05T16:11:03.933Z,32.61,77.41

2026-09-05T16:11:08.933Z,32.61,77.4

2026-09-05T16:11:13.934Z,32.61,77.43

2026-09-05T16:11:18.934Z,32.62,77.37

2026-09-05T16:11:23.948Z,32.62,77.41

2026-09-05T16:11:28.935Z,32.62,77.33

2026-09-05T16:11:33.937Z,32.65,77.34

2026-09-05T16:11:38.936Z,32.64,77.36

2026-09-05T16:11:43.937Z,32.64,77.38

2026-09-05T16:11:48.937Z,32.62,77.34

2026-09-05T16:11:53.952Z,32.64,77.38

2026-09-05T16:11:58.939Z,32.63,77.38

2026-09-05T16:12:03.941Z,32.65,77.29

2026-09-05T16:12:08.937Z,32.64,77.32

2026-09-05T16:12:13.939Z,32.64,77.36

2026-09-05T16:12:18.944Z,32.65,77.26

2026-09-05T16:12:23.955Z,32.63,77.37

2026-09-05T16:12:28.945Z,32.66,77.35

2026-09-05T16:12:33.944Z,32.65,77.31

2026-09-05T16:12:38.945Z,32.65,77.34

2026-09-05T16:12:43.945Z,32.66,77.32

2026-09-05T16:12:48.946Z,32.64,77.33

2026-09-05T16:12:53.956Z,32.65,77.32

2026-09-05T16:12:58.945Z,32.66,77.29

2026-09-05T16:13:03.945Z,32.64,77.26

2026-09-05T16:13:08.945Z,32.65,77.35

2026-09-05T16:13:13.947Z,32.63,77.36

2026-09-05T16:13:18.963Z,32.64,77.36

2026-09-05T16:13:23.972Z,32.65,77.41

2026-09-05T16:13:28.963Z,32.64,77.36

2026-09-05T16:13:33.961Z,32.64,77.37

2026-09-05T16:13:38.963Z,32.64,77.34

2026-09-05T16:13:43.964Z,32.65,77.37

2026-09-05T16:13:48.968Z,32.62,77.43

2026-09-05T16:13:53.985Z,32.63,77.47

2026-09-05T16:13:58.966Z,32.6,77.44

2026-09-05T16:14:03.966Z,32.62,77.41

2026-09-05T16:14:08.966Z,32.62,77.41

2026-09-05T16:14:13.965Z,32.61,77.42

2026-09-05T16:14:18.977Z,32.62,77.42

2026-09-05T16:14:23.990Z,32.6,77.46

2026-09-05T16:14:28.977Z,32.61,77.43

2026-09-05T16:14:33.978Z,32.6,77.46

2026-09-05T16:14:38.976Z,32.6,77.45

2026-09-05T16:14:43.978Z,32.6,77.52

2026-09-05T16:14:48.985Z,32.62,77.46

2026-09-05T16:14:53.993Z,32.63,77.56

2026-09-05T16:14:58.984Z,32.62,77.51

2026-09-05T16:15:03.985Z,32.61,77.54

2026-09-05T16:15:08.985Z,32.63,77.48

2026-09-05T16:15:13.985Z,32.61,77.47

2026-09-05T16:15:18.986Z,32.63,77.5

2026-09-05T16:15:23.996Z,32.64,77.49

2026-09-05T16:15:28.987Z,32.61,77.51

2026-09-05T16:15:33.989Z,32.6,77.51

2026-09-05T16:15:38.987Z,32.61,77.52

2026-09-05T16:15:43.987Z,32.61,77.55

2026-09-05T16:15:48.988Z,32.59,77.53

2026-09-05T16:15:54.001Z,32.6,77.55

2026-09-05T16:15:58.990Z,32.61,77.53

2026-09-05T16:16:03.987Z,32.62,77.56

2026-09-05T16:16:08.987Z,32.61,77.6

2026-09-05T16:16:13.989Z,32.61,77.57

2026-09-05T16:16:18.993Z,32.61,77.52

2026-09-05T16:16:24.006Z,32.61,77.6

2026-09-05T16:16:28.991Z,32.6,77.52

2026-09-05T16:16:33.991Z,32.62,77.53

2026-09-05T16:16:38.992Z,32.62,77.47

2026-09-05T16:16:43.991Z,32.6,77.56

2026-09-05T16:16:48.996Z,32.6,77.51

2026-09-05T16:16:54.005Z,32.62,77.57

2026-09-05T16:16:58.992Z,32.61,77.51

2026-09-05T16:17:03.993Z,32.61,77.49

2026-09-05T16:17:08.994Z,32.61,77.49

2026-09-05T16:17:13.993Z,32.6,77.52

2026-09-05T16:17:19.010Z,32.6,77.58

2026-09-05T16:17:24.020Z,32.58,77.61

2026-09-05T16:17:29.009Z,32.59,77.62

2026-09-05T16:17:34.009Z,32.59,77.6

2026-09-05T16:17:39.009Z,32.59,77.64

2026-09-05T16:17:44.009Z,32.59,77.61

2026-09-05T16:17:49.026Z,32.59,77.66

2026-09-05T16:17:54.036Z,32.58,77.64

2026-09-05T16:17:59.026Z,32.59,77.59

2026-09-05T16:18:04.026Z,32.61,77.66

2026-09-05T16:18:09.026Z,32.6,77.72

2026-09-05T16:18:14.026Z,32.6,77.64

2026-09-05T16:18:19.043Z,32.58,77.66

2026-09-05T16:18:24.055Z,32.58,77.7

2026-09-05T16:18:29.042Z,32.59,77.63

2026-09-05T16:18:34.043Z,32.59,77.67

2026-09-05T16:18:39.044Z,32.59,77.66

2026-09-05T16:18:44.044Z,32.6,77.67

2026-09-05T16:18:49.062Z,32.6,77.7

2026-09-05T16:18:54.066Z,32.59,77.7

2026-09-05T16:18:59.054Z,32.59,77.71

2026-09-05T16:19:04.054Z,32.6,77.69

2026-09-05T16:19:09.055Z,32.63,77.66

2026-09-05T16:19:14.056Z,32.62,77.68

2026-09-05T16:19:19.057Z,32.62,77.56

2026-09-05T16:19:24.065Z,32.61,77.59

2026-09-05T16:19:29.055Z,32.64,77.61

2026-09-05T16:19:34.055Z,32.62,77.63

2026-09-05T16:19:39.054Z,32.62,77.59

2026-09-05T16:19:44.058Z,32.64,77.54

2026-09-05T16:19:49.060Z,32.63,77.54

2026-09-05T16:19:54.070Z,32.62,77.58

2026-09-05T16:19:59.059Z,32.62,77.53

2026-09-05T16:20:04.059Z,32.63,77.47

2026-09-05T16:20:09.060Z,32.65,77.53

2026-09-05T16:20:14.062Z,32.63,77.48

2026-09-05T16:20:19.066Z,32.64,77.48

2026-09-05T16:20:24.077Z,32.65,77.54

2026-09-05T16:20:29.065Z,32.65,77.52

2026-09-05T16:20:34.065Z,32.63,77.52

2026-09-05T16:20:39.065Z,32.63,77.54

2026-09-05T16:20:44.065Z,32.64,77.54

2026-09-05T16:20:49.070Z,32.65,77.54

2026-09-05T16:20:54.080Z,32.64,77.5

2026-09-05T16:20:59.071Z,32.63,77.54

2026-09-05T16:21:04.072Z,32.64,77.47

2026-09-05T16:21:09.071Z,32.63,77.49

2026-09-05T16:21:14.070Z,32.63,77.55

2026-09-05T16:21:19.080Z,32.65,77.52

2026-09-05T16:21:24.100Z,32.64,77.5

2026-09-05T16:21:29.079Z,32.64,77.52

2026-09-05T16:21:34.079Z,32.65,77.51

2026-09-05T16:21:39.082Z,32.66,77.47

2026-09-05T16:21:44.081Z,32.65,77.5

2026-09-05T16:21:49.085Z,32.65,77.5

2026-09-05T16:21:54.096Z,32.66,77.53

2026-09-05T16:21:59.084Z,32.65,77.47

2026-09-05T16:22:04.085Z,32.65,77.47

2026-09-05T16:22:09.096Z,32.65,77.46

2026-09-05T16:22:14.105Z,32.66,77.46

2026-09-05T16:22:19.094Z,32.66,77.37

2026-09-05T16:22:24.094Z,32.67,77.43

2026-09-05T16:22:29.092Z,32.67,77.44

2026-09-05T16:22:34.094Z,32.67,77.4

2026-09-05T16:22:39.096Z,32.67,77.38

2026-09-05T16:22:44.110Z,32.67,77.44

2026-09-05T16:22:49.095Z,32.67,77.45

2026-09-05T16:22:54.094Z,32.68,77.38

2026-09-05T16:22:59.094Z,32.65,77.41

2026-09-05T16:23:04.094Z,32.68,77.4

2026-09-05T16:23:09.098Z,32.68,77.43

2026-09-05T16:23:14.112Z,32.67,77.44

2026-09-05T16:23:19.099Z,32.66,77.35

2026-09-05T16:23:24.101Z,32.68,77.35

2026-09-05T16:23:29.102Z,32.69,77.38

2026-09-05T16:23:34.099Z,32.68,77.4

2026-09-05T16:23:39.112Z,32.68,77.39

2026-09-05T16:23:44.124Z,32.67,77.44

2026-09-05T16:23:49.112Z,32.69,77.34

2026-09-05T16:23:54.112Z,32.67,77.33

2026-09-05T16:23:59.111Z,32.67,77.32

2026-09-05T16:24:04.110Z,32.69,77.37

2026-09-05T16:24:09.114Z,32.68,77.36

2026-09-05T16:24:14.128Z,32.67,77.37

2026-09-05T16:24:19.113Z,32.69,77.32

2026-09-05T16:24:24.114Z,32.68,77.32

2026-09-05T16:24:29.114Z,32.68,77.33

2026-09-05T16:24:34.115Z,32.7,77.38

2026-09-05T16:24:39.132Z,32.7,77.32

2026-09-05T16:24:44.147Z,32.68,77.35

2026-09-05T16:24:49.127Z,32.7,77.31

2026-09-05T16:24:54.128Z,32.71,77.31

2026-09-05T16:24:59.127Z,32.72,77.31

2026-09-05T16:25:04.131Z,32.72,77.29

2026-09-05T16:25:09.135Z,32.71,77.3

2026-09-05T16:25:14.150Z,32.72,77.31

2026-09-05T16:25:19.131Z,32.73,77.28

2026-09-05T16:25:24.134Z,32.71,77.25

2026-09-05T16:25:29.134Z,32.7,77.18

2026-09-05T16:25:34.137Z,32.71,77.22

2026-09-05T16:25:39.155Z,32.71,77.22

2026-09-05T16:25:44.168Z,32.71,77.24

2026-09-05T16:25:49.153Z,32.72,77.18

2026-09-05T16:25:54.155Z,32.71,77.23

2026-09-05T16:25:59.156Z,32.72,77.26

2026-09-05T16:26:04.155Z,32.74,77.17

2026-09-05T16:26:09.179Z,32.73,77.19

2026-09-05T16:26:14.174Z,32.72,77.24

2026-09-05T16:26:19.172Z,32.71,77.12

2026-09-05T16:26:24.171Z,32.72,77.17

2026-09-05T16:26:29.170Z,32.72,77.16

2026-09-05T16:26:34.183Z,32.72,77.15

2026-09-05T16:26:39.173Z,32.71,77.13

2026-09-05T16:26:44.172Z,32.72,77.12

2026-09-05T16:26:49.172Z,32.72,77.15

2026-09-05T16:26:54.174Z,32.71,77.1

2026-09-05T16:26:59.173Z,32.71,77.09

2026-09-05T16:27:04.187Z,32.72,77.16

2026-09-05T16:27:09.171Z,32.72,77.07

2026-09-05T16:27:14.174Z,32.72,77.15

2026-09-05T16:27:19.174Z,32.71,77.1

2026-09-05T16:27:24.174Z,32.72,77.05

2026-09-05T16:27:29.174Z,32.72,77.1

2026-09-05T16:27:34.187Z,32.71,77.14

2026-09-05T16:27:39.174Z,32.72,77.1

2026-09-05T16:27:44.175Z,32.73,77.04

2026-09-05T16:27:49.174Z,32.73,77.03

2026-09-05T16:27:54.173Z,32.73,77.09

2026-09-05T16:27:59.175Z,32.76,77.11

2026-09-05T16:28:04.186Z,32.73,77.1

2026-09-05T16:28:09.180Z,32.74,77.13

2026-09-05T16:28:14.180Z,32.75,77

2026-09-05T16:28:19.181Z,32.74,77.08

2026-09-05T16:28:24.190Z,32.72,77.12

2026-09-05T16:28:29.182Z,32.74,77

2026-09-05T16:28:34.184Z,32.74,77.01

2026-09-05T16:28:39.183Z,32.73,77.03

2026-09-05T16:28:44.182Z,32.72,76.99

2026-09-05T16:28:49.184Z,32.74,77.01

2026-09-05T16:28:54.196Z,32.74,77.08

2026-09-05T16:28:59.183Z,32.72,77

2026-09-05T16:29:04.186Z,32.73,77.04

2026-09-05T16:29:09.185Z,32.74,76.99

2026-09-05T16:29:14.185Z,32.73,76.98

2026-09-05T16:29:19.210Z,32.72,77.01

2026-09-05T16:29:24.218Z,32.74,77.01

2026-09-05T16:29:29.208Z,32.74,77.01

2026-09-05T16:29:34.210Z,32.74,77.02

2026-09-05T16:29:39.210Z,32.73,77

2026-09-05T16:29:44.209Z,32.75,77.02

2026-09-05T16:29:49.208Z,32.73,77.02

2026-09-05T16:29:54.224Z,32.74,77.01

2026-09-05T16:29:59.212Z,32.72,76.99

2026-09-05T16:30:04.213Z,32.74,76.99

2026-09-05T16:30:09.212Z,32.73,77.02

2026-09-05T16:30:14.213Z,32.73,77.03

2026-09-05T16:30:19.217Z,32.74,77.07

2026-09-05T16:30:24.226Z,32.73,77.13

2026-09-05T16:30:29.213Z,32.71,77.12

2026-09-05T16:30:34.215Z,32.72,77.07

2026-09-05T16:30:39.213Z,32.73,77.03

2026-09-05T16:30:44.214Z,32.73,77.05

2026-09-05T16:30:49.227Z,32.73,77.02

2026-09-05T16:30:54.241Z,32.73,77.15

2026-09-05T16:30:59.228Z,32.74,77.03

2026-09-05T16:31:04.226Z,32.73,77.03

2026-09-05T16:31:09.227Z,32.73,77.07

2026-09-05T16:31:14.227Z,32.74,77.05

2026-09-05T16:31:19.231Z,32.73,77.05

2026-09-05T16:31:24.245Z,32.74,77.06

2026-09-05T16:31:29.230Z,32.76,76.98

2026-09-05T16:31:34.231Z,32.76,77.03

2026-09-05T16:31:39.229Z,32.76,77.05

2026-09-05T16:31:44.230Z,32.75,77.04

2026-09-05T16:31:49.242Z,32.74,77.02

2026-09-05T16:31:54.248Z,32.76,77

2026-09-05T16:31:59.238Z,32.74,77

2026-09-05T16:32:04.241Z,32.75,76.96

2026-09-05T16:32:09.241Z,32.75,76.93

2026-09-05T16:32:14.240Z,32.77,76.94

2026-09-05T16:32:19.251Z,32.76,76.92

2026-09-05T16:32:24.259Z,32.75,77

2026-09-05T16:32:29.252Z,32.76,76.93

2026-09-05T16:32:34.250Z,32.78,76.88

2026-09-05T16:32:39.251Z,32.76,76.86

2026-09-05T16:32:44.251Z,32.76,76.9

2026-09-05T16:32:49.257Z,32.77,76.9

2026-09-05T16:32:54.271Z,32.75,77.01

2026-09-05T16:32:59.255Z,32.77,76.9

2026-09-05T16:33:04.256Z,32.76,76.86

2026-09-05T16:33:09.258Z,32.76,76.84

2026-09-05T16:33:14.257Z,32.76,76.87

2026-09-05T16:33:19.270Z,32.75,76.97

2026-09-05T16:33:24.287Z,32.77,76.96

2026-09-05T16:33:29.270Z,32.77,76.93

2026-09-05T16:33:34.270Z,32.76,76.87

2026-09-05T16:33:39.267Z,32.75,76.88

2026-09-05T16:33:44.269Z,32.76,76.92

2026-09-05T16:33:49.280Z,32.78,76.92

2026-09-05T16:33:54.292Z,32.78,76.98

2026-09-05T16:33:59.279Z,32.78,76.95

2026-09-05T16:34:04.281Z,32.77,76.98

2026-09-05T16:34:09.283Z,32.79,76.95

2026-09-05T16:34:14.283Z,32.78,76.96

2026-09-05T16:34:19.288Z,32.78,76.95

2026-09-05T16:34:24.299Z,32.79,76.95

2026-09-05T16:34:29.287Z,32.8,77

2026-09-05T16:34:34.288Z,32.77,76.92

2026-09-05T16:34:39.288Z,32.8,76.91

2026-09-05T16:34:44.288Z,32.79,76.93

2026-09-05T16:34:49.293Z,32.81,76.89

2026-09-05T16:34:54.307Z,32.79,76.93

2026-09-05T16:34:59.292Z,32.81,76.89

2026-09-05T16:35:04.292Z,32.82,76.87

2026-09-05T16:35:09.291Z,32.82,76.84

2026-09-05T16:35:14.293Z,32.83,76.81

2026-09-05T16:35:19.292Z,32.83,76.86

2026-09-05T16:35:24.301Z,32.83,76.87

2026-09-05T16:35:29.292Z,32.85,76.82

2026-09-05T16:35:34.293Z,32.85,76.77

2026-09-05T16:35:39.293Z,32.85,76.74

2026-09-05T16:35:44.295Z,32.85,76.78

2026-09-05T16:35:49.312Z,32.87,76.73

2026-09-05T16:35:54.315Z,32.88,76.71

2026-09-05T16:35:59.308Z,32.88,76.7

2026-09-05T16:36:04.307Z,32.87,76.67

2026-09-05T16:36:09.313Z,32.91,76.63

2026-09-05T16:36:14.320Z,32.89,76.62

2026-09-05T16:36:19.310Z,32.89,76.64

2026-09-05T16:36:24.310Z,32.89,76.58

2026-09-05T16:36:29.309Z,32.92,76.61

2026-09-05T16:36:34.312Z,32.89,76.58

2026-09-05T16:36:39.310Z,32.92,76.59

2026-09-05T16:36:44.326Z,32.93,76.6

2026-09-05T16:36:49.311Z,32.91,76.6

2026-09-05T16:36:54.312Z,32.93,76.57

2026-09-05T16:36:59.313Z,32.93,76.54

2026-09-05T16:37:04.314Z,32.94,76.52

2026-09-05T16:37:09.323Z,32.94,76.58

2026-09-05T16:37:14.332Z,32.94,76.55

2026-09-05T16:37:19.320Z,32.96,76.59

2026-09-05T16:37:24.320Z,32.93,76.56

2026-09-05T16:37:29.318Z,32.95,76.58

2026-09-05T16:37:34.321Z,32.97,76.58

2026-09-05T16:37:39.343Z,32.95,76.56

2026-09-05T16:37:44.350Z,32.95,76.55

2026-09-05T16:37:49.340Z,32.94,76.56

2026-09-05T16:37:54.342Z,32.95,76.61

2026-09-05T16:37:59.340Z,32.97,76.58

2026-09-05T16:38:04.343Z,32.97,76.58

2026-09-05T16:38:09.347Z,32.96,76.56

2026-09-05T16:38:14.366Z,32.97,76.54

2026-09-05T16:38:19.348Z,32.97,76.48

2026-09-05T16:38:24.349Z,32.98,76.48

2026-09-05T16:38:29.348Z,32.99,76.51

2026-09-05T16:38:34.347Z,32.99,76.47

2026-09-05T16:38:39.349Z,32.98,76.44

2026-09-05T16:38:44.360Z,32.99,76.5

2026-09-05T16:38:49.348Z,33,76.44

2026-09-05T16:38:54.351Z,33,76.43

2026-09-05T16:38:59.348Z,33,76.4

2026-09-05T16:39:04.350Z,33,76.4

2026-09-05T16:39:09.358Z,33.01,76.46

2026-09-05T16:39:14.365Z,33.01,76.4

2026-09-05T16:39:19.355Z,33.03,76.39

2026-09-05T16:39:24.358Z,33.04,76.38

2026-09-05T16:39:29.355Z,33.04,76.28

2026-09-05T16:39:34.356Z,33.04,76.41

2026-09-05T16:39:39.376Z,33.04,76.33

2026-09-05T16:39:44.378Z,33.06,76.35

2026-09-05T16:39:49.376Z,33.03,76.34

2026-09-05T16:39:54.375Z,33.04,76.29

2026-09-05T16:39:59.369Z,33.05,76.34

2026-09-05T16:40:04.372Z,33.05,76.32

2026-09-05T16:40:09.382Z,33.06,76.31

2026-09-05T16:40:14.393Z,33.05,76.37

2026-09-05T16:40:19.382Z,33.05,76.35

2026-09-05T16:40:24.383Z,33.06,76.27

2026-09-05T16:40:29.383Z,33.04,76.2

2026-09-05T16:40:34.396Z,33.06,76.32

2026-09-05T16:40:39.383Z,33.05,76.31

2026-09-05T16:40:44.384Z,33.05,76.31

2026-09-05T16:40:49.384Z,33.06,76.31

2026-09-05T16:40:54.395Z,33.07,76.32

2026-09-05T16:40:59.385Z,33.06,76.3

2026-09-05T16:41:04.386Z,33.08,76.3

2026-09-05T16:41:09.387Z,33.07,76.28

2026-09-05T16:41:14.386Z,33.08,76.31

2026-09-05T16:41:19.392Z,33.07,76.24

2026-09-05T16:41:24.403Z,33.08,76.29

2026-09-05T16:41:29.389Z,33.09,76.23

2026-09-05T16:41:34.389Z,33.1,76.19

2026-09-05T16:41:39.390Z,33.11,76.2

2026-09-05T16:41:44.389Z,33.11,76.18

2026-09-05T16:41:49.399Z,33.1,76.24

2026-09-05T16:41:54.413Z,33.1,76.18

2026-09-05T16:41:59.398Z,33.12,76.17

2026-09-05T16:42:04.398Z,33.11,76.09

2026-09-05T16:42:09.398Z,33.1,76.15

2026-09-05T16:42:14.399Z,33.13,76.13

2026-09-05T16:42:19.411Z,33.11,76.17

2026-09-05T16:42:24.420Z,33.12,76.17

2026-09-05T16:42:29.410Z,33.14,76.24

2026-09-05T16:42:34.412Z,33.13,76.15

2026-09-05T16:42:39.411Z,33.13,76.09

2026-09-05T16:42:44.413Z,33.12,76.16

2026-09-05T16:42:49.437Z,33.12,76.13

2026-09-05T16:42:54.446Z,33.13,76.14

2026-09-05T16:42:59.435Z,33.14,76.11

2026-09-05T16:43:04.436Z,33.14,76.12

2026-09-05T16:43:09.434Z,33.14,76.1

2026-09-05T16:43:14.435Z,33.14,76.13

2026-09-05T16:43:19.436Z,33.13,76.12

2026-09-05T16:43:24.446Z,33.14,76.18

2026-09-05T16:43:29.435Z,33.14,76.08

2026-09-05T16:43:34.435Z,33.15,76.12

2026-09-05T16:43:39.436Z,33.13,76.09

2026-09-05T16:43:44.448Z,33.15,76.11

2026-09-05T16:43:49.434Z,33.16,76.1

2026-09-05T16:43:54.436Z,33.15,76.08

2026-09-05T16:43:59.436Z,33.13,76.03

2026-09-05T16:44:04.437Z,33.15,76.09

2026-09-05T16:44:09.438Z,33.15,76.06

2026-09-05T16:44:14.453Z,33.17,76.13

2026-09-05T16:44:19.439Z,33.14,76.06

2026-09-05T16:44:24.440Z,33.16,76.08

2026-09-05T16:44:29.439Z,33.13,76.11

2026-09-05T16:44:34.440Z,33.15,76.14

2026-09-05T16:44:39.442Z,33.15,76.11

2026-09-05T16:44:44.454Z,33.14,76.15

2026-09-05T16:44:49.441Z,33.15,76.23

2026-09-05T16:44:54.440Z,33.14,76.16

2026-09-05T16:44:59.439Z,33.15,76.19

2026-09-05T16:45:04.440Z,33.16,76.18

2026-09-05T16:45:09.467Z,33.16,76.19

2026-09-05T16:45:14.475Z,33.13,76.23

2026-09-05T16:45:19.464Z,33.16,76.18

2026-09-05T16:45:24.465Z,33.15,76.13

2026-09-05T16:45:29.465Z,33.16,76.1

2026-09-05T16:45:34.466Z,33.16,76.11

2026-09-05T16:45:39.473Z,33.15,76.14

2026-09-05T16:45:44.484Z,33.13,76.15

2026-09-05T16:45:49.472Z,33.14,76.13

2026-09-05T16:45:54.474Z,33.13,76.18

2026-09-05T16:45:59.473Z,33.14,76.18

2026-09-05T16:46:04.472Z,33.15,76.21

2026-09-05T16:46:09.474Z,33.12,76.24

2026-09-05T16:46:14.486Z,33.13,76.27

2026-09-05T16:46:19.473Z,33.12,76.32

2026-09-05T16:46:24.475Z,33.14,76.31

2026-09-05T16:46:29.474Z,33.13,76.28

2026-09-05T16:46:34.473Z,33.13,76.29

2026-09-05T16:46:39.476Z,33.12,76.32

2026-09-05T16:46:44.485Z,33.12,76.4

2026-09-05T16:46:49.479Z,33.12,76.4

2026-09-05T16:46:54.478Z,33.11,76.34

2026-09-05T16:46:59.481Z,33.12,76.42

2026-09-05T16:47:04.479Z,33.1,76.4

2026-09-05T16:47:09.478Z,33.1,76.42

2026-09-05T16:47:14.504Z,33.1,76.46

2026-09-05T16:47:19.479Z,33.1,76.43

2026-09-05T16:47:24.482Z,33.1,76.38

2026-09-05T16:47:29.481Z,33.09,76.47

2026-09-05T16:47:34.483Z,33.09,76.45

2026-09-05T16:47:39.487Z,33.1,76.43

2026-09-05T16:47:44.500Z,33.1,76.49

2026-09-05T16:47:49.487Z,33.09,76.52

2026-09-05T16:47:54.486Z,33.08,76.46

2026-09-05T16:47:59.487Z,33.1,76.56

2026-09-05T16:48:04.486Z,33.08,76.55

2026-09-05T16:48:09.500Z,33.07,76.5

2026-09-05T16:48:14.510Z,33.09,76.51

2026-09-05T16:48:19.496Z,33.1,76.49

2026-09-05T16:48:24.497Z,33.08,76.5

2026-09-05T16:48:29.497Z,33.07,76.5

2026-09-05T16:48:34.500Z,33.07,76.54

2026-09-05T16:48:39.526Z,33.09,76.56

2026-09-05T16:48:44.540Z,33.08,76.55

2026-09-05T16:48:49.524Z,33.08,76.57

2026-09-05T16:48:54.524Z,33.1,76.6

2026-09-05T16:48:59.523Z,33.1,76.62

2026-09-05T16:49:04.525Z,33.08,76.67

2026-09-05T16:49:09.529Z,33.09,76.66

2026-09-05T16:49:14.542Z,33.09,76.72

2026-09-05T16:49:19.527Z,33.07,76.65

2026-09-05T16:49:24.527Z,33.08,76.68

2026-09-05T16:49:29.527Z,33.09,76.61

2026-09-05T16:49:34.529Z,33.1,76.73

2026-09-05T16:49:39.532Z,33.07,76.67

2026-09-05T16:49:44.548Z,33.08,76.73

2026-09-05T16:49:49.534Z,33.09,76.67

2026-09-05T16:49:54.533Z,33.08,76.67

2026-09-05T16:49:59.535Z,33.08,76.6

2026-09-05T16:50:04.547Z,33.08,76.66

2026-09-05T16:50:09.534Z,33.09,76.55

2026-09-05T16:50:14.533Z,33.09,76.62

2026-09-05T16:50:19.534Z,33.08,76.64

2026-09-05T16:50:24.534Z,33.09,76.6

2026-09-05T16:50:29.534Z,33.08,76.65

2026-09-05T16:50:34.545Z,33.08,76.63

2026-09-05T16:50:39.537Z,33.1,76.62

2026-09-05T16:50:44.536Z,33.07,76.65

2026-09-05T16:50:49.535Z,33.08,76.72

2026-09-05T16:50:54.536Z,33.08,76.64

2026-09-05T16:50:59.537Z,33.08,76.67

2026-09-05T16:51:04.546Z,33.08,76.72

2026-09-05T16:51:09.538Z,33.08,76.67

2026-09-05T16:51:14.536Z,33.08,76.67

2026-09-05T16:51:19.536Z,33.09,76.71

2026-09-05T16:51:24.539Z,33.07,76.74

2026-09-05T16:51:29.547Z,33.09,76.68

2026-09-05T16:51:34.557Z,33.08,76.73

2026-09-05T16:51:39.543Z,33.08,76.64

2026-09-05T16:51:44.542Z,33.11,76.62

2026-09-05T16:51:49.542Z,33.07,76.72

2026-09-05T16:51:54.548Z,33.1,76.66

2026-09-05T16:51:59.555Z,33.1,76.68

2026-09-05T16:52:04.565Z,33.1,76.68

2026-09-05T16:52:09.555Z,33.11,76.76

2026-09-05T16:52:14.553Z,33.12,76.65

2026-09-05T16:52:19.552Z,33.1,76.7

2026-09-05T16:52:24.554Z,33.12,76.71

2026-09-05T16:52:29.568Z,33.11,76.73

2026-09-05T16:52:34.573Z,33.12,76.72

2026-09-05T16:52:39.565Z,33.12,76.68

2026-09-05T16:52:44.565Z,33.11,76.65

2026-09-05T16:52:49.566Z,33.12,76.6

2026-09-05T16:52:54.565Z,33.14,76.63

2026-09-05T16:52:59.580Z,33.14,76.62

2026-09-05T16:53:04.590Z,33.11,76.59

2026-09-05T16:53:09.575Z,33.14,76.57

2026-09-05T16:53:14.577Z,33.13,76.54

2026-09-05T16:53:19.579Z,33.14,76.56

2026-09-05T16:53:24.577Z,33.13,76.51

2026-09-05T16:53:29.579Z,33.13,76.52

2026-09-05T16:53:34.585Z,33.13,76.49

2026-09-05T16:53:39.576Z,33.14,76.48

2026-09-05T16:53:44.578Z,33.13,76.53

2026-09-05T16:53:49.579Z,33.15,76.53

2026-09-05T16:53:54.578Z,33.15,76.55

2026-09-05T16:53:59.590Z,33.14,76.52

2026-09-05T16:54:04.600Z,33.13,76.56

2026-09-05T16:54:09.588Z,33.11,76.55

2026-09-05T16:54:14.589Z,33.13,76.54

2026-09-05T16:54:19.590Z,33.13,76.63

2026-09-05T16:54:24.588Z,33.14,76.59

2026-09-05T16:54:29.606Z,33.12,76.59

2026-09-05T16:54:34.613Z,33.13,76.65

2026-09-05T16:54:39.607Z,33.13,76.61

2026-09-05T16:54:44.608Z,33.14,76.59

2026-09-05T16:54:49.606Z,33.14,76.61

2026-09-05T16:54:54.606Z,33.12,76.64

2026-09-05T16:54:59.614Z,33.15,76.61

2026-09-05T16:55:04.632Z,33.12,76.7

2026-09-05T16:55:09.614Z,33.15,76.57

2026-09-05T16:55:14.614Z,33.17,76.6

2026-09-05T16:55:19.613Z,33.16,76.5

2026-09-05T16:55:24.614Z,33.15,76.5

2026-09-05T16:55:29.625Z,33.18,76.45

2026-09-05T16:55:34.634Z,33.15,76.46

2026-09-05T16:55:39.621Z,33.15,76.48

2026-09-05T16:55:44.626Z,33.15,76.52

2026-09-05T16:55:49.623Z,33.15,76.53

2026-09-05T16:55:54.624Z,33.15,76.52

2026-09-05T16:55:59.629Z,33.14,76.52

2026-09-05T16:56:04.636Z,33.15,76.61

2026-09-05T16:56:09.627Z,33.14,76.65

2026-09-05T16:56:14.628Z,33.14,76.61

2026-09-05T16:56:19.629Z,33.14,76.63

2026-09-05T16:56:24.632Z,33.14,76.65

2026-09-05T16:56:29.635Z,33.15,76.66

2026-09-05T16:56:34.651Z,33.14,76.67

2026-09-05T16:56:39.635Z,33.13,76.61

2026-09-05T16:56:44.638Z,33.15,76.65

2026-09-05T16:56:49.637Z,33.15,76.67

2026-09-05T16:56:54.638Z,33.16,76.69

2026-09-05T16:56:59.642Z,33.14,76.64

2026-09-05T16:57:04.652Z,33.13,76.69

2026-09-05T16:57:09.642Z,33.15,76.67

2026-09-05T16:57:14.643Z,33.16,76.69

2026-09-05T16:57:19.641Z,33.15,76.69

2026-09-05T16:57:24.644Z,33.15,76.7

2026-09-05T16:57:29.647Z,33.14,76.72

2026-09-05T16:57:34.658Z,33.15,76.74

2026-09-05T16:57:39.647Z,33.16,76.76

2026-09-05T16:57:44.649Z,33.14,76.72

2026-09-05T16:57:49.646Z,33.13,76.7

2026-09-05T16:57:54.658Z,33.15,76.77

2026-09-05T16:57:59.646Z,33.15,76.77

2026-09-05T16:58:04.646Z,33.16,76.74

2026-09-05T16:58:09.646Z,33.15,76.76

2026-09-05T16:58:14.654Z,33.15,76.71

2026-09-05T16:58:19.654Z,33.14,76.75

2026-09-05T16:58:24.671Z,33.15,76.67

2026-09-05T16:58:29.655Z,33.15,76.73

2026-09-05T16:58:34.656Z,33.17,76.69

2026-09-05T16:58:39.654Z,33.15,76.71

2026-09-05T16:58:44.654Z,33.17,76.66

2026-09-05T16:58:49.668Z,33.17,76.64

2026-09-05T16:58:54.678Z,33.19,76.72

2026-09-05T16:58:59.667Z,33.16,76.7

2026-09-05T16:59:04.669Z,33.15,76.67

2026-09-05T16:59:09.668Z,33.16,76.68

2026-09-05T16:59:14.667Z,33.16,76.63

2026-09-05T16:59:19.682Z,33.16,76.73

2026-09-05T16:59:24.693Z,33.18,76.65

2026-09-05T16:59:29.682Z,33.17,76.62

2026-09-05T16:59:34.682Z,33.18,76.6

2026-09-05T16:59:39.680Z,33.18,76.63

2026-09-05T16:59:44.682Z,33.18,76.63

2026-09-05T16:59:49.689Z,33.18,76.62

2026-09-05T16:59:54.699Z,33.14,76.66

2026-09-05T16:59:59.688Z,33.17,76.66

2026-09-05T17:00:04.691Z,33.16,76.66

2026-09-05T17:00:09.688Z,33.18,76.67

2026-09-05T17:00:14.689Z,33.16,76.68

2026-09-05T17:00:19.695Z,33.16,76.66

2026-09-05T17:00:24.705Z,33.18,76.69

2026-09-05T17:00:29.692Z,33.15,76.64

2026-09-05T17:00:34.692Z,33.17,76.7

2026-09-05T17:00:39.693Z,33.17,76.73

2026-09-05T17:00:44.691Z,33.17,76.69

2026-09-05T17:00:49.696Z,33.16,76.73

2026-09-05T17:00:54.710Z,33.17,76.71

2026-09-05T17:00:59.696Z,33.17,76.75

2026-09-05T17:01:04.696Z,33.17,76.72

2026-09-05T17:01:09.695Z,33.17,76.69

2026-09-05T17:01:14.709Z,33.14,76.71

2026-09-05T17:01:19.697Z,33.16,76.68

2026-09-05T17:01:24.699Z,33.15,76.69

2026-09-05T17:01:29.697Z,33.17,76.71

2026-09-05T17:01:34.697Z,33.15,76.71

2026-09-05T17:01:39.697Z,33.16,76.72

2026-09-05T17:01:44.709Z,33.14,76.73

2026-09-05T17:01:49.697Z,33.16,76.74

2026-09-05T17:01:54.696Z,33.15,76.72

2026-09-05T17:01:59.696Z,33.13,76.82

2026-09-05T17:02:04.696Z,33.14,76.8

2026-09-05T17:02:09.697Z,33.15,76.83

2026-09-05T17:02:14.707Z,33.14,76.82

2026-09-05T17:02:19.702Z,33.14,76.85

2026-09-05T17:02:24.700Z,33.11,76.85

2026-09-05T17:02:29.701Z,33.14,76.9

2026-09-05T17:02:34.702Z,33.14,76.93

2026-09-05T17:02:39.706Z,33.13,76.91

2026-09-05T17:02:44.715Z,33.12,76.96

2026-09-05T17:02:49.705Z,33.12,76.93

2026-09-05T17:02:54.709Z,33.13,76.87

2026-09-05T17:02:59.707Z,33.13,76.86

2026-09-05T17:03:04.708Z,33.12,76.88

2026-09-05T17:03:09.721Z,33.11,76.86

2026-09-05T17:03:14.732Z,33.12,76.92

2026-09-05T17:03:19.719Z,33.11,76.9

2026-09-05T17:03:24.722Z,33.11,76.84

2026-09-05T17:03:29.722Z,33.11,76.89

2026-09-05T17:03:34.720Z,33.1,76.95

2026-09-05T17:03:39.735Z,33.09,76.9

2026-09-05T17:03:44.743Z,33.12,77.08

2026-09-05T17:03:49.733Z,33.1,76.98

2026-09-05T17:03:54.732Z,33.1,77

2026-09-05T17:03:59.732Z,33.1,77.02

2026-09-05T17:04:04.733Z,33.09,76.99

2026-09-05T17:04:09.749Z,33.09,77.08

2026-09-05T17:04:14.759Z,33.08,77.09

2026-09-05T17:04:19.748Z,33.08,77.08

2026-09-05T17:04:24.749Z,33.09,77.12

2026-09-05T17:04:29.747Z,33.1,77.11

2026-09-05T17:04:34.756Z,33.09,77.15

2026-09-05T17:04:39.753Z,33.07,77.13

2026-09-05T17:04:44.766Z,33.08,77.28

2026-09-05T17:04:49.752Z,33.07,77.21

2026-09-05T17:04:54.754Z,33.07,77.28

2026-09-05T17:04:59.751Z,33.08,77.2

2026-09-05T17:05:04.753Z,33.07,77.21

2026-09-05T17:05:09.758Z,33.07,77.26

2026-09-05T17:05:14.767Z,33.06,77.33

2026-09-05T17:05:19.755Z,33.06,77.3

2026-09-05T17:05:24.755Z,33.07,77.27

2026-09-05T17:05:29.756Z,33.06,77.32

2026-09-05T17:05:34.755Z,33.06,77.33

2026-09-05T17:05:39.769Z,33.05,77.29

2026-09-05T17:05:44.776Z,33.05,77.34

2026-09-05T17:05:49.766Z,33.07,77.36

2026-09-05T17:05:54.769Z,33.05,77.33

2026-09-05T17:05:59.767Z,33.06,77.37

2026-09-05T17:06:04.772Z,33.07,77.36

2026-09-05T17:06:09.775Z,33.06,77.41

2026-09-05T17:06:14.784Z,33.03,77.42

2026-09-05T17:06:19.774Z,33.06,77.4

2026-09-05T17:06:24.774Z,33.06,77.41

2026-09-05T17:06:29.774Z,33.05,77.44

2026-09-05T17:06:34.776Z,33.05,77.51

2026-09-05T17:06:39.793Z,33.04,77.49

2026-09-05T17:06:44.799Z,33.04,77.52

2026-09-05T17:06:49.791Z,33.04,77.5

2026-09-05T17:06:54.792Z,33.04,77.53

2026-09-05T17:06:59.791Z,33.06,77.53

2026-09-05T17:07:04.791Z,33.07,77.48

2026-09-05T17:07:09.802Z,33.07,77.52

2026-09-05T17:07:14.814Z,33.05,77.55

2026-09-05T17:07:19.804Z,33.07,77.49

2026-09-05T17:07:24.803Z,33.07,77.49

2026-09-05T17:07:29.802Z,33.05,77.56

2026-09-05T17:07:34.804Z,33.08,77.47

2026-09-05T17:07:39.807Z,33.07,77.54

2026-09-05T17:07:44.817Z,33.08,77.48

2026-09-05T17:07:49.805Z,33.06,77.5

2026-09-05T17:07:54.807Z,33.09,77.55

2026-09-05T17:07:59.807Z,33.06,77.47

2026-09-05T17:08:04.809Z,33.08,77.47

2026-09-05T17:08:09.814Z,33.08,77.53

2026-09-05T17:08:14.830Z,33.08,77.52

2026-09-05T17:08:19.813Z,33.08,77.46

2026-09-05T17:08:24.814Z,33.08,77.4

2026-09-05T17:08:29.817Z,33.08,77.47

2026-09-05T17:08:34.816Z,33.09,77.45

2026-09-05T17:08:39.827Z,33.1,77.44

2026-09-05T17:08:44.836Z,33.08,77.47

2026-09-05T17:08:49.826Z,33.1,77.4

2026-09-05T17:08:54.826Z,33.09,77.39

2026-09-05T17:08:59.825Z,33.11,77.37

2026-09-05T17:09:04.824Z,33.08,77.38

2026-09-05T17:09:09.824Z,33.1,77.37

2026-09-05T17:09:14.839Z,33.09,77.41

2026-09-05T17:09:19.828Z,33.09,77.32

2026-09-05T17:09:24.827Z,33.1,77.33

2026-09-05T17:09:29.829Z,33.11,77.36

2026-09-05T17:09:34.827Z,33.09,77.39

2026-09-05T17:09:39.849Z,33.09,77.38

2026-09-05T17:09:44.836Z,33.1,77.35

2026-09-05T17:09:49.835Z,33.12,77.4

2026-09-05T17:09:54.839Z,33.11,77.36

2026-09-05T17:09:59.837Z,33.11,77.41

2026-09-05T17:10:04.850Z,33.1,77.36

2026-09-05T17:10:09.840Z,33.11,77.41

2026-09-05T17:10:14.840Z,33.1,77.38

2026-09-05T17:10:19.840Z,33.11,77.36

2026-09-05T17:10:24.841Z,33.09,77.31

2026-09-05T17:10:29.842Z,33.11,77.33

2026-09-05T17:10:34.860Z,33.08,77.33

2026-09-05T17:10:39.844Z,33.1,77.33

2026-09-05T17:10:44.843Z,33.07,77.38

2026-09-05T17:10:49.842Z,33.07,77.37

2026-09-05T17:10:54.843Z,33.08,77.45

2026-09-05T17:10:59.852Z,33.08,77.44

2026-09-05T17:11:04.864Z,33.07,77.48

2026-09-05T17:11:09.849Z,33.06,77.51

2026-09-05T17:11:14.848Z,33.08,77.47

2026-09-05T17:11:19.851Z,33.07,77.55

2026-09-05T17:11:24.851Z,33.08,77.48

2026-09-05T17:11:29.857Z,33.08,77.56

2026-09-05T17:11:34.873Z,33.08,77.57

2026-09-05T17:11:39.855Z,33.07,77.5

2026-09-05T17:11:44.853Z,33.08,77.54

2026-09-05T17:11:49.855Z,33.08,77.54

2026-09-05T17:11:54.855Z,33.09,77.53

2026-09-05T17:11:59.868Z,33.1,77.56

2026-09-05T17:12:04.881Z,33.09,77.52

2026-09-05T17:12:09.865Z,33.1,77.56

2026-09-05T17:12:14.867Z,33.11,77.51

2026-09-05T17:12:19.867Z,33.1,77.52

2026-09-05T17:12:24.866Z,33.11,77.47

2026-09-05T17:12:29.867Z,33.11,77.43

2026-09-05T17:12:34.881Z,33.1,77.48

2026-09-05T17:12:39.869Z,33.07,77.5

2026-09-05T17:12:44.867Z,33.09,77.47

2026-09-05T17:12:49.869Z,33.1,77.58

2026-09-05T17:12:54.868Z,33.1,77.55

2026-09-05T17:12:59.875Z,33.11,77.54

2026-09-05T17:13:04.888Z,33.11,77.58

2026-09-05T17:13:09.873Z,33.09,77.51

2026-09-05T17:13:14.874Z,33.11,77.54

2026-09-05T17:13:19.875Z,33.11,77.56

2026-09-05T17:13:24.875Z,33.09,77.46

2026-09-05T17:13:29.889Z,33.08,77.52

2026-09-05T17:13:34.894Z,33.09,77.55

2026-09-05T17:13:39.886Z,33.09,77.54

2026-09-05T17:13:44.887Z,33.09,77.54

2026-09-05T17:13:49.886Z,33.09,77.49

2026-09-05T17:13:54.888Z,33.11,77.5

2026-09-05T17:13:59.898Z,33.09,77.5

2026-09-05T17:14:04.912Z,33.09,77.56

2026-09-05T17:14:09.898Z,33.1,77.55

2026-09-05T17:14:14.897Z,33.13,77.52

2026-09-05T17:14:19.897Z,33.1,77.54

2026-09-05T17:14:24.899Z,33.09,77.55

2026-09-05T17:14:29.903Z,33.1,77.5

2026-09-05T17:14:34.916Z,33.09,77.49

2026-09-05T17:14:39.903Z,33.11,77.47

2026-09-05T17:14:44.905Z,33.1,77.54

2026-09-05T17:14:49.902Z,33.1,77.48

2026-09-05T17:14:54.904Z,33.09,77.51

2026-09-05T17:14:59.919Z,33.11,77.51

2026-09-05T17:15:04.924Z,33.09,77.51

2026-09-05T17:15:09.915Z,33.11,77.52

2026-09-05T17:15:14.915Z,33.09,77.51

2026-09-05T17:15:19.915Z,33.1,77.52

2026-09-05T17:15:24.917Z,33.09,77.41

2026-09-05T17:15:29.922Z,33.12,77.48

2026-09-05T17:15:34.936Z,33.11,77.55

2026-09-05T17:15:39.922Z,33.12,77.48

2026-09-05T17:15:44.920Z,33.12,77.49

2026-09-05T17:15:49.923Z,33.09,77.52

2026-09-05T17:15:54.923Z,33.12,77.47

2026-09-05T17:15:59.936Z,33.12,77.54

2026-09-05T17:16:04.950Z,33.1,77.57

2026-09-05T17:16:09.936Z,33.09,77.52

2026-09-05T17:16:14.936Z,33.1,77.54

2026-09-05T17:16:19.933Z,33.08,77.6

2026-09-05T17:16:24.934Z,33.1,77.59

2026-09-05T17:16:29.946Z,33.09,77.59

2026-09-05T17:16:34.957Z,33.07,77.63

2026-09-05T17:16:39.943Z,33.1,77.59

2026-09-05T17:16:44.943Z,33.1,77.58

2026-09-05T17:16:49.943Z,33.09,77.62

2026-09-05T17:16:54.944Z,33.08,77.6

2026-09-05T17:16:59.961Z,33.09,77.61

2026-09-05T17:17:04.969Z,33.09,77.6

2026-09-05T17:17:09.960Z,33.09,77.54

2026-09-05T17:17:14.961Z,33.09,77.56

2026-09-05T17:17:19.961Z,33.09,77.58

2026-09-05T17:17:24.961Z,33.08,77.55

2026-09-05T17:17:29.963Z,33.09,77.51

2026-09-05T17:17:34.979Z,33.09,77.64

2026-09-05T17:17:39.963Z,33.1,77.59

2026-09-05T17:17:44.963Z,33.09,77.6

2026-09-05T17:17:49.967Z,33.1,77.61

2026-09-05T17:17:54.978Z,33.1,77.64

2026-09-05T17:17:59.966Z,33.08,77.59

2026-09-05T17:18:04.971Z,33.08,77.63

2026-09-05T17:18:09.969Z,33.08,77.62

2026-09-05T17:18:14.969Z,33.09,77.6

2026-09-05T17:18:19.975Z,33.1,77.63

2026-09-05T17:18:24.992Z,33.11,77.62

2026-09-05T17:18:29.976Z,33.12,77.64

2026-09-05T17:18:34.976Z,33.12,77.62

2026-09-05T17:18:39.977Z,33.1,77.59

2026-09-05T17:18:44.977Z,33.1,77.55

2026-09-05T17:18:49.976Z,33.13,77.59

2026-09-05T17:18:54.993Z,33.13,77.61

2026-09-05T17:18:59.976Z,33.12,77.61

2026-09-05T17:19:04.979Z,33.13,77.62

2026-09-05T17:19:09.978Z,33.11,77.59

2026-09-05T17:19:14.979Z,33.11,77.55

2026-09-05T17:19:19.978Z,33.1,77.64

2026-09-05T17:19:24.991Z,33.12,77.65

2026-09-05T17:19:29.979Z,33.1,77.55

2026-09-05T17:19:34.980Z,33.13,77.57

2026-09-05T17:19:39.980Z,33.12,77.58

2026-09-05T17:19:44.991Z,33.12,77.61

2026-09-05T17:19:49.980Z,33.13,77.57

2026-09-05T17:19:54.982Z,33.14,77.55

2026-09-05T17:19:59.980Z,33.14,77.57

2026-09-05T17:20:04.982Z,33.15,77.5

2026-09-05T17:20:09.995Z,33.13,77.54

2026-09-05T17:20:15.003Z,33.15,77.61

2026-09-05T17:20:19.994Z,33.12,77.57

2026-09-05T17:20:24.994Z,33.12,77.53

2026-09-05T17:20:29.993Z,33.12,77.56

2026-09-05T17:20:34.997Z,33.1,77.54

2026-09-05T17:20:40.003Z,33.14,77.55

2026-09-05T17:20:45.013Z,33.13,77.6

2026-09-05T17:20:50.002Z,33.14,77.54

2026-09-05T17:20:55.003Z,33.13,77.58

2026-09-05T17:21:00.002Z,33.13,77.45

2026-09-05T17:21:05.003Z,33.14,77.55

2026-09-05T17:21:10.012Z,33.13,77.54

2026-09-05T17:21:15.022Z,33.14,77.56

2026-09-05T17:21:20.011Z,33.15,77.51

2026-09-05T17:21:25.011Z,33.14,77.57

2026-09-05T17:21:30.012Z,33.14,77.54

2026-09-05T17:21:35.012Z,33.15,77.49

2026-09-05T17:21:40.022Z,33.15,77.51

2026-09-05T17:21:45.033Z,33.15,77.53

2026-09-05T17:21:50.019Z,33.15,77.54

2026-09-05T17:21:55.021Z,33.16,77.54

2026-09-05T17:22:00.021Z,33.17,77.51

2026-09-05T17:22:05.021Z,33.16,77.51

2026-09-05T17:22:10.021Z,33.16,77.52

2026-09-05T17:22:15.035Z,33.16,77.58

2026-09-05T17:22:20.022Z,33.16,77.52

2026-09-05T17:22:25.023Z,33.15,77.55

2026-09-05T17:22:30.023Z,33.14,77.55

2026-09-05T17:22:35.024Z,33.15,77.53

2026-09-05T17:22:40.024Z,33.16,77.57

2026-09-05T17:22:45.036Z,33.14,77.57

2026-09-05T17:22:50.022Z,33.16,77.59

2026-09-05T17:22:55.026Z,33.17,77.62

2026-09-05T17:23:00.025Z,33.15,77.55

2026-09-05T17:23:05.027Z,33.15,77.54

2026-09-05T17:23:10.042Z,33.15,77.48

2026-09-05T17:23:15.056Z,33.15,77.58

2026-09-05T17:23:20.040Z,33.16,77.49

2026-09-05T17:23:25.041Z,33.15,77.58

2026-09-05T17:23:30.040Z,33.14,77.51

2026-09-05T17:23:35.042Z,33.13,77.51

2026-09-05T17:23:40.049Z,33.15,77.52

2026-09-05T17:23:45.057Z,33.15,77.58

2026-09-05T17:23:50.046Z,33.13,77.49

2026-09-05T17:23:55.046Z,33.15,77.54

2026-09-05T17:24:00.045Z,33.14,77.54

2026-09-05T17:24:05.046Z,33.15,77.51

2026-09-05T17:24:10.046Z,33.13,77.56

2026-09-05T17:24:15.059Z,33.12,77.61

2026-09-05T17:24:20.046Z,33.13,77.52

2026-09-05T17:24:25.047Z,33.15,77.58

2026-09-05T17:24:30.047Z,33.14,77.58

2026-09-05T17:24:35.046Z,33.14,77.58

2026-09-05T17:24:40.066Z,33.14,77.61

2026-09-05T17:24:45.079Z,33.13,77.6

2026-09-05T17:24:50.068Z,33.13,77.61

2026-09-05T17:24:55.068Z,33.15,77.57

2026-09-05T17:25:00.063Z,33.14,77.55

2026-09-05T17:25:05.065Z,33.12,77.56

2026-09-05T17:25:10.073Z,33.14,77.62

2026-09-05T17:25:15.083Z,33.12,77.62

2026-09-05T17:25:20.071Z,33.13,77.6

2026-09-05T17:25:25.073Z,33.14,77.65

2026-09-05T17:25:30.072Z,33.13,77.61

2026-09-05T17:25:35.073Z,33.11,77.63

2026-09-05T17:25:40.084Z,33.13,77.62

2026-09-05T17:25:45.094Z,33.09,77.75

2026-09-05T17:25:50.081Z,33.12,77.65

2026-09-05T17:25:55.081Z,33.1,77.68

2026-09-05T17:26:00.090Z,33.1,77.76

2026-09-05T17:26:05.098Z,33.11,77.73

2026-09-05T17:26:10.088Z,33.09,77.75

2026-09-05T17:26:15.087Z,33.08,77.69

2026-09-05T17:26:20.087Z,33.09,77.75

2026-09-05T17:26:25.091Z,33.08,77.78

2026-09-05T17:26:30.088Z,33.08,77.82

2026-09-05T17:26:35.103Z,33.08,77.92

2026-09-05T17:26:40.089Z,33.07,77.85

2026-09-05T17:26:45.093Z,33.07,77.85

2026-09-05T17:26:50.091Z,33.08,77.87

2026-09-05T17:26:55.091Z,33.07,77.89

2026-09-05T17:27:00.096Z,33.06,77.94

2026-09-05T17:27:05.110Z,33.06,77.98

2026-09-05T17:27:10.095Z,33.07,77.94

2026-09-05T17:27:15.094Z,33.06,77.94

2026-09-05T17:27:20.093Z,33.06,77.99

2026-09-05T17:27:25.096Z,33.05,77.91

2026-09-05T17:27:30.114Z,33.05,77.91

2026-09-05T17:27:35.127Z,33.06,77.94

2026-09-05T17:27:40.113Z,33.07,77.94

2026-09-05T17:27:45.112Z,33.05,77.96

2026-09-05T17:27:50.111Z,33.05,78.01

2026-09-05T17:27:55.111Z,33.07,78.01

2026-09-05T17:28:00.111Z,33.04,77.96

2026-09-05T17:28:05.123Z,33.05,78.07

2026-09-05T17:28:10.114Z,33.05,77.95

2026-09-05T17:28:15.115Z,33.05,77.99

2026-09-05T17:28:20.112Z,33.05,78.01

2026-09-05T17:28:25.119Z,33.03,78.01

2026-09-05T17:28:30.129Z,33.02,77.99

2026-09-05T17:28:35.140Z,33.03,78.02

2026-09-05T17:28:40.124Z,33.02,78.08

2026-09-05T17:28:45.123Z,33.03,78.05

2026-09-05T17:28:50.123Z,33.02,78.04

2026-09-05T17:28:55.124Z,33.02,78.04

2026-09-05T17:29:00.133Z,32.99,78.13

2026-09-05T17:29:05.148Z,33.01,78.11

2026-09-05T17:29:10.134Z,33.02,78.11

2026-09-05T17:29:15.133Z,33.02,78.09

2026-09-05T17:29:20.134Z,33.02,78.07

2026-09-05T17:29:25.135Z,33.01,78.18

2026-09-05T17:29:30.145Z,33.02,78.15

2026-09-05T17:29:35.155Z,33.03,78.17

2026-09-05T17:29:40.144Z,33.03,78.15

2026-09-05T17:29:45.143Z,33.05,78.13

2026-09-05T17:29:50.144Z,33.03,78.11

2026-09-05T17:29:55.147Z,33.01,78.16

2026-09-05T17:30:00.159Z,33.03,78.14

2026-09-05T17:30:05.153Z,33.03,78.15

2026-09-05T17:30:10.151Z,33.03,78.1

2026-09-05T17:30:15.150Z,33.02,78.13

2026-09-05T17:30:20.150Z,33.01,78.16

2026-09-05T17:30:25.174Z,33.03,78.17

2026-09-05T17:30:30.153Z,33.03,78.13

2026-09-05T17:30:35.158Z,33.05,78.15

2026-09-05T17:30:40.155Z,33.04,78.2

2026-09-05T17:30:45.154Z,33.03,78.2

2026-09-05T17:30:50.154Z,33.04,78.14

2026-09-05T17:30:55.164Z,33.05,78.18

2026-09-05T17:31:00.154Z,33.03,78.11

2026-09-05T17:31:05.154Z,33.03,78.07

2026-09-05T17:31:10.154Z,33.05,78.09

2026-09-05T17:31:15.154Z,33.05,78.11

2026-09-05T17:31:20.154Z,33.05,78.16

2026-09-05T17:31:25.168Z,33.06,78.16

2026-09-05T17:31:30.156Z,33.07,78.06

2026-09-05T17:31:35.155Z,33.04,78.09

2026-09-05T17:31:40.154Z,33.06,78.17

2026-09-05T17:31:45.154Z,33.05,78.15

2026-09-05T17:31:50.154Z,33.05,78.12

2026-09-05T17:31:55.166Z,33.05,78.14

2026-09-05T17:32:00.155Z,33.06,78.11

2026-09-05T17:32:05.158Z,33.05,78.14

2026-09-05T17:32:10.158Z,33.06,78.06

2026-09-05T17:32:15.158Z,33.05,78.06

2026-09-05T17:32:20.163Z,33.04,78.03

2026-09-05T17:32:25.174Z,33.04,78.11

2026-09-05T17:32:30.163Z,33.05,78.06

2026-09-05T17:32:35.162Z,33.05,78.12

2026-09-05T17:32:40.163Z,33.06,78.13

2026-09-05T17:32:45.163Z,33.06,78.12

2026-09-05T17:32:50.176Z,33.06,78.1

2026-09-05T17:32:55.186Z,33.07,78.15

2026-09-05T17:33:00.172Z,33.07,78.08

2026-09-05T17:33:05.176Z,33.06,78.11

2026-09-05T17:33:10.175Z,33.07,78.08

2026-09-05T17:33:15.174Z,33.06,78.13

2026-09-05T17:33:20.189Z,33.07,78.01

2026-09-05T17:33:25.202Z,33.05,78.07

2026-09-05T17:33:30.186Z,33.06,78.06

2026-09-05T17:33:35.189Z,33.06,78.11

2026-09-05T17:33:40.190Z,33.08,78.13

2026-09-05T17:33:45.190Z,33.06,78.12

2026-09-05T17:33:50.197Z,33.07,78.06

2026-09-05T17:33:55.208Z,33.09,78.16

2026-09-05T17:34:00.193Z,33.08,78.01

2026-09-05T17:34:05.194Z,33.07,78.03

2026-09-05T17:34:10.193Z,33.07,78.01

2026-09-05T17:34:15.194Z,33.09,78.03

2026-09-05T17:34:20.218Z,33.09,78.05

2026-09-05T17:34:25.227Z,33.09,78.11

2026-09-05T17:34:30.216Z,33.09,78.01

2026-09-05T17:34:35.216Z,33.08,77.97

2026-09-05T17:34:40.216Z,33.09,78.01

2026-09-05T17:34:45.215Z,33.1,77.97

2026-09-05T17:34:50.217Z,33.1,77.96

2026-09-05T17:34:55.233Z,33.08,77.98

2026-09-05T17:35:00.218Z,33.08,77.96

2026-09-05T17:35:05.217Z,33.09,78.03

2026-09-05T17:35:10.216Z,33.09,77.97

2026-09-05T17:35:15.218Z,33.09,78.04

2026-09-05T17:35:20.225Z,33.09,78

2026-09-05T17:35:25.223Z,33.1,78.04

2026-09-05T17:35:30.222Z,33.12,78

2026-09-05T17:35:35.233Z,33.1,78.04

2026-09-05T17:35:40.220Z,33.1,77.97

2026-09-05T17:35:45.221Z,33.11,78.01

2026-09-05T17:35:50.225Z,33.1,78.02

2026-09-05T17:35:55.225Z,33.1,78.01

2026-09-05T17:36:00.224Z,33.08,78.02

2026-09-05T17:36:05.235Z,33.11,78.01

2026-09-05T17:36:10.224Z,33.12,77.99

2026-09-05T17:36:15.224Z,33.1,78.02

2026-09-05T17:36:20.224Z,33.11,77.91

2026-09-05T17:36:25.223Z,33.1,77.92

2026-09-05T17:36:30.224Z,33.1,77.92

2026-09-05T17:36:35.239Z,33.1,78.02

2026-09-05T17:36:40.224Z,33.12,77.97

2026-09-05T17:36:45.225Z,33.1,78.02

2026-09-05T17:36:50.227Z,33.12,77.98

2026-09-05T17:36:55.226Z,33.11,78

2026-09-05T17:37:00.235Z,33.1,78

2026-09-05T17:37:05.243Z,33.1,78.04

2026-09-05T17:37:10.231Z,33.11,78.02

2026-09-05T17:37:15.232Z,33.1,78.01

2026-09-05T17:37:20.232Z,33.1,77.95

2026-09-05T17:37:25.232Z,33.09,77.95

2026-09-05T17:37:30.242Z,33.09,78.01

2026-09-05T17:37:35.254Z,33.07,78.07

2026-09-05T17:37:40.241Z,33.07,78.08

2026-09-05T17:37:45.243Z,33.08,78.1

2026-09-05T17:37:50.243Z,33.1,78.02

2026-09-05T17:37:55.245Z,33.08,78.09

2026-09-05T17:38:00.247Z,33.07,78.05

2026-09-05T17:38:05.257Z,33.06,78.11

2026-09-05T17:38:10.245Z,33.08,78.11

2026-09-05T17:38:15.248Z,33.06,78.17

2026-09-05T17:38:20.247Z,33.06,78.15

2026-09-05T17:38:25.247Z,33.06,78.12

2026-09-05T17:38:30.259Z,33.07,78.2

2026-09-05T17:38:35.273Z,33.07,78.18

2026-09-05T17:38:40.259Z,33.07,78.23

2026-09-05T17:38:45.258Z,33.06,78.26

2026-09-05T17:38:50.261Z,33.04,78.22

2026-09-05T17:38:55.260Z,33.05,78.24

2026-09-05T17:39:00.270Z,33.05,78.27

2026-09-05T17:39:05.279Z,33.07,78.31

2026-09-05T17:39:10.268Z,33.07,78.24

2026-09-05T17:39:15.268Z,33.05,78.29

2026-09-05T17:39:20.271Z,33.07,78.27

2026-09-05T17:39:25.268Z,33.07,78.23

2026-09-05T17:39:30.290Z,33.06,78.16

2026-09-05T17:39:35.304Z,33.05,78.27

2026-09-05T17:39:40.284Z,33.09,78.22

2026-09-05T17:39:45.285Z,33.09,78.25

2026-09-05T17:39:50.286Z,33.08,78.18

2026-09-05T17:39:55.288Z,33.06,78.19

2026-09-05T17:40:00.293Z,33.08,78.06

2026-09-05T17:40:05.303Z,33.07,78.17

2026-09-05T17:40:10.294Z,33.08,78.19

2026-09-05T17:40:15.293Z,33.09,78.2

2026-09-05T17:40:20.293Z,33.12,78.18

2026-09-05T17:40:25.294Z,33.12,78.19

2026-09-05T17:40:30.293Z,33.11,78.11

2026-09-05T17:40:35.309Z,33.1,78.17

2026-09-05T17:40:40.295Z,33.11,78.12

2026-09-05T17:40:45.296Z,33.11,78.09

2026-09-05T17:40:50.296Z,33.12,78.12

2026-09-05T17:40:55.296Z,33.11,78.11

2026-09-05T17:41:00.308Z,33.09,78.1

2026-09-05T17:41:05.314Z,33.12,78.13

2026-09-05T17:41:10.303Z,33.15,78.11

2026-09-05T17:41:15.303Z,33.13,78.14

2026-09-05T17:41:20.302Z,33.13,78.08

2026-09-05T17:41:25.314Z,33.12,78.14

2026-09-05T17:41:30.304Z,33.13,78.12

2026-09-05T17:41:35.305Z,33.12,78.07

2026-09-05T17:41:40.306Z,33.13,78.13

2026-09-05T17:41:45.308Z,33.13,78.06

2026-09-05T17:41:50.311Z,33.11,78.11

2026-09-05T17:41:55.324Z,33.15,78.18

2026-09-05T17:42:00.309Z,33.13,78.12

2026-09-05T17:42:05.312Z,33.13,78.09

2026-09-05T17:42:10.310Z,33.15,78.05

2026-09-05T17:42:15.312Z,33.16,78.06

2026-09-05T17:42:20.319Z,33.15,78.07

2026-09-05T17:42:25.332Z,33.15,78.04

2026-09-05T17:42:30.318Z,33.16,78.03

2026-09-05T17:42:35.318Z,33.17,78.03

2026-09-05T17:42:40.320Z,33.15,77.98

2026-09-05T17:42:45.332Z,33.15,78

2026-09-05T17:42:50.322Z,33.16,77.99

2026-09-05T17:42:55.326Z,33.15,78.02

2026-09-05T17:43:00.323Z,33.19,77.96

2026-09-05T17:43:05.337Z,33.18,77.98

2026-09-05T17:43:10.320Z,33.18,77.94

2026-09-05T17:43:15.321Z,33.18,77.9

2026-09-05T17:43:20.322Z,33.17,77.97

2026-09-05T17:43:25.338Z,33.19,77.89

2026-09-05T17:43:30.324Z,33.18,77.92

2026-09-05T17:43:35.324Z,33.2,77.9

2026-09-05T17:43:40.324Z,33.18,77.86

2026-09-05T17:43:45.324Z,33.2,77.93

2026-09-05T17:43:50.324Z,33.18,77.86

2026-09-05T17:43:55.338Z,33.18,77.88

2026-09-05T17:44:00.328Z,33.18,77.75

2026-09-05T17:44:05.325Z,33.19,77.8

2026-09-05T17:44:10.325Z,33.19,77.8

2026-09-05T17:44:15.326Z,33.21,77.88

2026-09-05T17:44:20.340Z,33.2,77.81

2026-09-05T17:44:25.349Z,33.2,77.81

2026-09-05T17:44:30.337Z,33.22,77.84

2026-09-05T17:44:35.338Z,33.22,77.8

2026-09-05T17:44:40.338Z,33.21,77.77

2026-09-05T17:44:45.338Z,33.21,77.81

2026-09-05T17:44:50.356Z,33.21,77.77

2026-09-05T17:44:55.364Z,33.2,77.77

2026-09-05T17:45:00.353Z,33.2,77.77

2026-09-05T17:45:05.355Z,33.21,77.74

2026-09-05T17:45:10.355Z,33.23,77.73

2026-09-05T17:45:15.354Z,33.21,77.79

2026-09-05T17:45:20.367Z,33.21,77.74

2026-09-05T17:45:25.379Z,33.23,77.77

2026-09-05T17:45:30.366Z,33.21,77.71

2026-09-05T17:45:35.368Z,33.22,77.76

2026-09-05T17:45:40.366Z,33.22,77.7

2026-09-05T17:45:45.367Z,33.23,77.68

2026-09-05T17:45:50.368Z,33.22,77.75

2026-09-05T17:45:55.378Z,33.21,77.73

2026-09-05T17:46:00.371Z,33.21,77.67

2026-09-05T17:46:05.369Z,33.22,77.75

2026-09-05T17:46:10.369Z,33.22,77.73

2026-09-05T17:46:15.368Z,33.24,77.71

2026-09-05T17:46:20.369Z,33.23,77.74

2026-09-05T17:46:25.382Z,33.21,77.8

2026-09-05T17:46:30.370Z,33.23,77.73

2026-09-05T17:46:35.372Z,33.21,77.78

2026-09-05T17:46:40.374Z,33.22,77.75

2026-09-05T17:46:45.374Z,33.21,77.79

2026-09-05T17:46:50.372Z,33.2,77.69

2026-09-05T17:46:55.386Z,33.22,77.73

2026-09-05T17:47:00.370Z,33.22,77.75

2026-09-05T17:47:05.374Z,33.22,77.75

2026-09-05T17:47:10.374Z,33.2,77.73

2026-09-05T17:47:15.373Z,33.2,77.78

2026-09-05T17:47:20.381Z,33.21,77.78

2026-09-05T17:47:25.391Z,33.2,77.79

2026-09-05T17:47:30.380Z,33.21,77.76

2026-09-05T17:47:35.380Z,33.21,77.86

2026-09-05T17:47:40.378Z,33.2,77.81

2026-09-05T17:47:45.379Z,33.18,77.81

2026-09-05T17:47:50.391Z,33.19,77.86

2026-09-05T17:47:55.403Z,33.19,77.89

2026-09-05T17:48:00.389Z,33.19,77.86

2026-09-05T17:48:05.390Z,33.17,77.92

2026-09-05T17:48:10.392Z,33.2,77.87

2026-09-05T17:48:15.392Z,33.19,77.9

2026-09-05T17:48:20.399Z,33.21,77.91

2026-09-05T17:48:25.411Z,33.19,77.96

2026-09-05T17:48:30.398Z,33.19,77.88

2026-09-05T17:48:35.398Z,33.19,77.88

2026-09-05T17:48:40.399Z,33.2,77.87

2026-09-05T17:48:45.399Z,33.19,77.89

2026-09-05T17:48:50.404Z,33.2,77.86

2026-09-05T17:48:55.414Z,33.19,77.9

2026-09-05T17:49:00.402Z,33.18,77.92

2026-09-05T17:49:05.402Z,33.19,77.85

2026-09-05T17:49:10.400Z,33.19,77.81

2026-09-05T17:49:15.404Z,33.2,77.85

2026-09-05T17:49:20.411Z,33.22,77.83

2026-09-05T17:49:25.422Z,33.2,77.89

2026-09-05T17:49:30.410Z,33.21,77.74

2026-09-05T17:49:35.410Z,33.22,77.85

2026-09-05T17:49:40.410Z,33.21,77.79

2026-09-05T17:49:45.411Z,33.22,77.73

2026-09-05T17:49:50.416Z,33.22,77.76

2026-09-05T17:49:55.426Z,33.21,77.79

2026-09-05T17:50:00.414Z,33.23,77.75

2026-09-05T17:50:05.415Z,33.22,77.72

2026-09-05T17:50:10.417Z,33.23,77.78

2026-09-05T17:50:15.417Z,33.24,77.72

2026-09-05T17:50:20.434Z,33.23,77.8

2026-09-05T17:50:25.442Z,33.23,77.76

2026-09-05T17:50:30.430Z,33.24,77.77

2026-09-05T17:50:35.428Z,33.23,77.76

2026-09-05T17:50:40.432Z,33.22,77.75

2026-09-05T17:50:45.429Z,33.22,77.72

2026-09-05T17:50:50.445Z,33.22,77.76

2026-09-05T17:50:55.455Z,33.22,77.76

2026-09-05T17:51:00.445Z,33.23,77.74

2026-09-05T17:51:05.444Z,33.24,77.81

2026-09-05T17:51:10.444Z,33.24,77.79

2026-09-05T17:51:15.444Z,33.23,77.78

2026-09-05T17:51:20.450Z,33.23,77.78

2026-09-05T17:51:25.462Z,33.25,77.78

2026-09-05T17:51:30.450Z,33.25,77.74

2026-09-05T17:51:35.450Z,33.26,77.69

2026-09-05T17:51:40.452Z,33.23,77.73

2026-09-05T17:51:45.451Z,33.26,77.7

2026-09-05T17:51:50.459Z,33.26,77.74

2026-09-05T17:51:55.471Z,33.25,77.78

2026-09-05T17:52:00.456Z,33.26,77.71

2026-09-05T17:52:05.459Z,33.27,77.66

2026-09-05T17:52:10.457Z,33.26,77.66

2026-09-05T17:52:15.458Z,33.27,77.67

2026-09-05T17:52:20.467Z,33.28,77.68

2026-09-05T17:52:25.477Z,33.25,77.68

2026-09-05T17:52:30.467Z,33.25,77.66

2026-09-05T17:52:35.467Z,33.26,77.64

2026-09-05T17:52:40.466Z,33.27,77.64

2026-09-05T17:52:45.466Z,33.26,77.65

2026-09-05T17:52:50.468Z,33.27,77.61

2026-09-05T17:52:55.480Z,33.25,77.67

2026-09-05T17:53:00.467Z,33.27,77.63

2026-09-05T17:53:05.468Z,33.27,77.66

2026-09-05T17:53:10.465Z,33.26,77.68

2026-09-05T17:53:15.466Z,33.27,77.66

2026-09-05T17:53:20.473Z,33.26,77.68

2026-09-05T17:53:25.485Z,33.26,77.65

2026-09-05T17:53:30.474Z,33.28,77.64

2026-09-05T17:53:35.470Z,33.27,77.66

2026-09-05T17:53:40.472Z,33.28,77.69

2026-09-05T17:53:45.471Z,33.27,77.66

2026-09-05T17:53:50.481Z,33.27,77.66

2026-09-05T17:53:55.487Z,33.27,77.73

2026-09-05T17:54:00.478Z,33.28,77.63

2026-09-05T17:54:05.478Z,33.27,77.63

2026-09-05T17:54:10.479Z,33.29,77.66

2026-09-05T17:54:15.482Z,33.27,77.61

2026-09-05T17:54:20.488Z,33.28,77.65

2026-09-05T17:54:25.498Z,33.26,77.65

2026-09-05T17:54:30.487Z,33.28,77.54

2026-09-05T17:54:35.489Z,33.32,77.65

2026-09-05T17:54:40.491Z,33.3,77.59

2026-09-05T17:54:45.488Z,33.3,77.58

2026-09-05T17:54:50.500Z,33.28,77.63

2026-09-05T17:54:55.512Z,33.27,77.57

2026-09-05T17:55:00.499Z,33.29,77.57

2026-09-05T17:55:05.502Z,33.3,77.59

2026-09-05T17:55:10.502Z,33.3,77.58

2026-09-05T17:55:15.501Z,33.29,77.58

2026-09-05T17:55:20.508Z,33.29,77.62

2026-09-05T17:55:25.519Z,33.32,77.56

2026-09-05T17:55:30.510Z,33.29,77.59

2026-09-05T17:55:35.509Z,33.31,77.48

2026-09-05T17:55:40.509Z,33.31,77.55

2026-09-05T17:55:45.508Z,33.33,77.52

2026-09-05T17:55:50.528Z,33.32,77.53

2026-09-05T17:55:55.521Z,33.32,77.57

2026-09-05T17:56:00.520Z,33.31,77.46

2026-09-05T17:56:05.521Z,33.31,77.52

2026-09-05T17:56:10.521Z,33.33,77.49

2026-09-05T17:56:15.533Z,33.32,77.54

2026-09-05T17:56:20.522Z,33.3,77.51

2026-09-05T17:56:25.523Z,33.32,77.46

2026-09-05T17:56:30.520Z,33.32,77.5

2026-09-05T17:56:35.524Z,33.33,77.5

2026-09-05T17:56:40.521Z,33.31,77.49

2026-09-05T17:56:45.540Z,33.32,77.49

2026-09-05T17:56:50.524Z,33.33,77.47

2026-09-05T17:56:55.524Z,33.32,77.45

2026-09-05T17:57:00.526Z,33.33,77.41

2026-09-05T17:57:05.525Z,33.33,77.44

2026-09-05T17:57:10.529Z,33.34,77.46

2026-09-05T17:57:15.539Z,33.32,77.46

2026-09-05T17:57:20.527Z,33.31,77.5

2026-09-05T17:57:25.527Z,33.32,77.5

2026-09-05T17:57:30.527Z,33.32,77.51

2026-09-05T17:57:35.530Z,33.3,77.48

2026-09-05T17:57:40.537Z,33.34,77.49

2026-09-05T17:57:45.545Z,33.31,77.49

2026-09-05T17:57:50.530Z,33.31,77.5

2026-09-05T17:57:55.532Z,33.32,77.49

2026-09-05T17:58:00.535Z,33.32,77.48

2026-09-05T17:58:05.534Z,33.3,77.48

2026-09-05T17:58:10.549Z,33.33,77.5

2026-09-05T17:58:15.566Z,33.32,77.51

2026-09-05T17:58:20.547Z,33.3,77.49

2026-09-05T17:58:25.549Z,33.33,77.48

2026-09-05T17:58:30.548Z,33.33,77.48

2026-09-05T17:58:35.548Z,33.32,77.48

2026-09-05T17:58:40.560Z,33.32,77.56

2026-09-05T17:58:45.567Z,33.3,77.55

2026-09-05T17:58:50.557Z,33.31,77.48

2026-09-05T17:58:55.556Z,33.32,77.55

2026-09-05T17:59:00.557Z,33.29,77.53

2026-09-05T17:59:05.559Z,33.31,77.56

2026-09-05T17:59:10.571Z,33.32,77.58

2026-09-05T17:59:15.577Z,33.3,77.58

2026-09-05T17:59:20.566Z,33.3,77.52

2026-09-05T17:59:25.568Z,33.3,77.66

2026-09-05T17:59:30.567Z,33.3,77.54

2026-09-05T17:59:35.569Z,33.3,77.55

2026-09-05T17:59:40.572Z,33.3,77.61

2026-09-05T17:59:45.581Z,33.3,77.56

2026-09-05T17:59:50.571Z,33.28,77.57

2026-09-05T17:59:55.570Z,33.29,77.59

