2026-09-21T18:00:01.559Z,34.25,77.22

2026-09-21T18:00:06.559Z,34.27,77.24

2026-09-21T18:00:11.562Z,34.26,77.28

2026-09-21T18:00:16.560Z,34.26,77.23

2026-09-21T18:00:21.571Z,34.26,77.23

2026-09-21T18:00:26.579Z,34.25,77.3

2026-09-21T18:00:31.568Z,34.24,77.21

2026-09-21T18:00:36.572Z,34.25,77.27

2026-09-21T18:00:41.569Z,34.26,77.32

2026-09-21T18:00:46.567Z,34.24,77.31

2026-09-21T18:00:51.578Z,34.27,77.32

2026-09-21T18:00:56.588Z,34.25,77.41

2026-09-21T18:01:01.578Z,34.26,77.31

2026-09-21T18:01:06.580Z,34.25,77.26

2026-09-21T18:01:11.577Z,34.28,77.27

2026-09-21T18:01:16.579Z,34.27,77.21

2026-09-21T18:01:21.577Z,34.25,77.3

2026-09-21T18:01:26.589Z,34.28,77.29

2026-09-21T18:01:31.578Z,34.27,77.26

2026-09-21T18:01:36.579Z,34.26,77.23

2026-09-21T18:01:41.580Z,34.28,77.2

2026-09-21T18:01:46.580Z,34.28,77.12

2026-09-21T18:01:51.580Z,34.27,77.12

2026-09-21T18:01:56.591Z,34.27,77.15

2026-09-21T18:02:01.581Z,34.28,77.12

2026-09-21T18:02:06.582Z,34.27,77.1

2026-09-21T18:02:11.584Z,34.28,77.03

2026-09-21T18:02:16.584Z,34.3,77.06

2026-09-21T18:02:21.590Z,34.29,77.02

2026-09-21T18:02:26.603Z,34.3,77.07

2026-09-21T18:02:31.589Z,34.3,77.07

2026-09-21T18:02:36.589Z,34.29,77.01

2026-09-21T18:02:41.588Z,34.29,77.02

2026-09-21T18:02:46.589Z,34.3,77.02

2026-09-21T18:02:51.598Z,34.31,77.05

2026-09-21T18:02:56.608Z,34.3,77.06

2026-09-21T18:03:01.599Z,34.32,76.98

2026-09-21T18:03:06.599Z,34.31,77

2026-09-21T18:03:11.599Z,34.31,76.98

2026-09-21T18:03:16.599Z,34.33,76.96

2026-09-21T18:03:21.607Z,34.34,76.96

2026-09-21T18:03:26.615Z,34.3,76.98

2026-09-21T18:03:31.604Z,34.31,77.04

2026-09-21T18:03:36.605Z,34.32,76.97

2026-09-21T18:03:41.606Z,34.3,77.02

2026-09-21T18:03:46.605Z,34.3,77.05

2026-09-21T18:03:51.614Z,34.29,77.01

2026-09-21T18:03:56.625Z,34.3,77.06

2026-09-21T18:04:01.608Z,34.3,77.08

2026-09-21T18:04:06.609Z,34.31,77.03

2026-09-21T18:04:11.609Z,34.29,77.01

2026-09-21T18:04:16.615Z,34.3,77.1

2026-09-21T18:04:21.624Z,34.29,77.08

2026-09-21T18:04:26.637Z,34.3,77.12

2026-09-21T18:04:31.624Z,34.3,77.07

2026-09-21T18:04:36.624Z,34.29,77.11

2026-09-21T18:04:41.623Z,34.3,77.11

2026-09-21T18:04:46.625Z,34.28,77.07

2026-09-21T18:04:51.637Z,34.28,77.08

2026-09-21T18:04:56.649Z,34.28,77.13

2026-09-21T18:05:01.634Z,34.27,77.1

2026-09-21T18:05:06.633Z,34.29,77.1

2026-09-21T18:05:11.633Z,34.28,77.09

2026-09-21T18:05:16.637Z,34.27,77.11

2026-09-21T18:05:21.645Z,34.29,77.08

2026-09-21T18:05:26.657Z,34.27,77.1

2026-09-21T18:05:31.646Z,34.29,77.1

2026-09-21T18:05:36.644Z,34.29,77.09

2026-09-21T18:05:41.644Z,34.31,77.1

2026-09-21T18:05:46.645Z,34.3,77.07

2026-09-21T18:05:51.643Z,34.29,77.05

2026-09-21T18:05:56.658Z,34.27,77.04

2026-09-21T18:06:01.646Z,34.3,77.07

2026-09-21T18:06:06.646Z,34.3,76.98

2026-09-21T18:06:11.646Z,34.28,77.04

2026-09-21T18:06:16.648Z,34.31,77.04

2026-09-21T18:06:21.663Z,34.3,77.09

2026-09-21T18:06:26.674Z,34.31,76.99

2026-09-21T18:06:31.662Z,34.29,77.04

2026-09-21T18:06:36.659Z,34.3,76.96

2026-09-21T18:06:41.660Z,34.29,76.95

2026-09-21T18:06:46.660Z,34.31,76.95

2026-09-21T18:06:51.670Z,34.3,77.01

2026-09-21T18:06:56.681Z,34.3,77.06

2026-09-21T18:07:01.667Z,34.31,76.96

2026-09-21T18:07:06.667Z,34.3,76.96

2026-09-21T18:07:11.666Z,34.32,76.92

2026-09-21T18:07:16.666Z,34.33,76.88

2026-09-21T18:07:21.683Z,34.31,76.89

2026-09-21T18:07:26.692Z,34.34,76.86

2026-09-21T18:07:31.679Z,34.34,76.9

2026-09-21T18:07:36.680Z,34.33,76.91

2026-09-21T18:07:41.681Z,34.33,76.86

2026-09-21T18:07:46.687Z,34.35,76.83

2026-09-21T18:07:51.690Z,34.33,76.84

2026-09-21T18:07:56.704Z,34.33,76.81

2026-09-21T18:08:01.686Z,34.34,76.82

2026-09-21T18:08:06.686Z,34.33,76.83

2026-09-21T18:08:11.684Z,34.34,76.82

2026-09-21T18:08:16.686Z,34.34,76.82

2026-09-21T18:08:21.699Z,34.33,76.8

2026-09-21T18:08:26.710Z,34.34,76.81

2026-09-21T18:08:31.699Z,34.35,76.77

2026-09-21T18:08:36.698Z,34.34,76.75

2026-09-21T18:08:41.699Z,34.34,76.71

2026-09-21T18:08:46.700Z,34.37,76.8

2026-09-21T18:08:51.711Z,34.37,76.78

2026-09-21T18:08:56.724Z,34.36,76.86

2026-09-21T18:09:01.713Z,34.35,76.78

2026-09-21T18:09:06.710Z,34.35,76.79

2026-09-21T18:09:11.710Z,34.36,76.81

2026-09-21T18:09:16.710Z,34.35,76.77

2026-09-21T18:09:21.723Z,34.37,76.69

2026-09-21T18:09:26.731Z,34.37,76.77

2026-09-21T18:09:31.718Z,34.36,76.72

2026-09-21T18:09:36.719Z,34.37,76.72

2026-09-21T18:09:41.720Z,34.37,76.68

2026-09-21T18:09:46.719Z,34.37,76.71

2026-09-21T18:09:51.718Z,34.39,76.69

2026-09-21T18:09:56.729Z,34.38,76.73

2026-09-21T18:10:01.719Z,34.37,76.65

2026-09-21T18:10:06.718Z,34.38,76.7

2026-09-21T18:10:11.718Z,34.39,76.69

2026-09-21T18:10:16.718Z,34.4,76.67

2026-09-21T18:10:21.720Z,34.38,76.65

2026-09-21T18:10:26.731Z,34.4,76.62

2026-09-21T18:10:31.718Z,34.39,76.6

2026-09-21T18:10:36.718Z,34.39,76.66

2026-09-21T18:10:41.719Z,34.4,76.6

2026-09-21T18:10:46.720Z,34.4,76.59

2026-09-21T18:10:51.718Z,34.4,76.58

2026-09-21T18:10:56.729Z,34.41,76.66

2026-09-21T18:11:01.719Z,34.42,76.63

2026-09-21T18:11:06.720Z,34.39,76.58

2026-09-21T18:11:11.720Z,34.39,76.63

2026-09-21T18:11:16.723Z,34.4,76.58

2026-09-21T18:11:21.735Z,34.42,76.6

2026-09-21T18:11:26.753Z,34.41,76.58

2026-09-21T18:11:31.736Z,34.41,76.62

2026-09-21T18:11:36.736Z,34.4,76.56

2026-09-21T18:11:41.736Z,34.42,76.59

2026-09-21T18:11:46.739Z,34.38,76.56

2026-09-21T18:11:51.748Z,34.41,76.6

2026-09-21T18:11:56.762Z,34.38,76.53

2026-09-21T18:12:01.746Z,34.39,76.58

2026-09-21T18:12:06.748Z,34.41,76.57

2026-09-21T18:12:11.747Z,34.39,76.61

2026-09-21T18:12:16.749Z,34.38,76.56

2026-09-21T18:12:21.776Z,34.38,76.59

2026-09-21T18:12:26.789Z,34.39,76.69

2026-09-21T18:12:31.776Z,34.4,76.6

2026-09-21T18:12:36.775Z,34.4,76.61

2026-09-21T18:12:41.776Z,34.4,76.63

2026-09-21T18:12:46.777Z,34.4,76.58

2026-09-21T18:12:51.789Z,34.4,76.63

2026-09-21T18:12:56.801Z,34.39,76.65

2026-09-21T18:13:01.791Z,34.4,76.58

2026-09-21T18:13:06.787Z,34.39,76.57

2026-09-21T18:13:11.789Z,34.41,76.53

2026-09-21T18:13:16.789Z,34.41,76.57

2026-09-21T18:13:21.789Z,34.39,76.53

2026-09-21T18:13:26.806Z,34.39,76.65

2026-09-21T18:13:31.791Z,34.39,76.59

2026-09-21T18:13:36.792Z,34.4,76.57

2026-09-21T18:13:41.789Z,34.4,76.58

2026-09-21T18:13:46.790Z,34.38,76.62

2026-09-21T18:13:51.791Z,34.38,76.58

2026-09-21T18:13:56.802Z,34.39,76.69

2026-09-21T18:14:01.791Z,34.38,76.67

2026-09-21T18:14:06.792Z,34.37,76.61

2026-09-21T18:14:11.791Z,34.36,76.72

2026-09-21T18:14:16.792Z,34.37,76.62

2026-09-21T18:14:21.791Z,34.38,76.64

2026-09-21T18:14:26.804Z,34.37,76.64

2026-09-21T18:14:31.792Z,34.37,76.73

2026-09-21T18:14:36.796Z,34.36,76.69

2026-09-21T18:14:41.794Z,34.39,76.71

2026-09-21T18:14:46.792Z,34.38,76.69

2026-09-21T18:14:51.794Z,34.37,76.71

2026-09-21T18:14:56.805Z,34.37,76.75

2026-09-21T18:15:01.792Z,34.36,76.68

2026-09-21T18:15:06.795Z,34.37,76.69

2026-09-21T18:15:11.794Z,34.38,76.67

2026-09-21T18:15:16.801Z,34.36,76.68

2026-09-21T18:15:21.797Z,34.36,76.67

2026-09-21T18:15:26.809Z,34.37,76.71

2026-09-21T18:15:31.794Z,34.37,76.63

2026-09-21T18:15:36.798Z,34.36,76.66

2026-09-21T18:15:41.799Z,34.36,76.76

2026-09-21T18:15:46.799Z,34.36,76.71

2026-09-21T18:15:51.801Z,34.36,76.7

2026-09-21T18:15:56.810Z,34.36,76.73

2026-09-21T18:16:01.801Z,34.36,76.72

2026-09-21T18:16:06.800Z,34.36,76.75

2026-09-21T18:16:11.801Z,34.36,76.79

2026-09-21T18:16:16.802Z,34.36,76.75

2026-09-21T18:16:21.802Z,34.36,76.78

2026-09-21T18:16:26.815Z,34.35,76.76

2026-09-21T18:16:31.802Z,34.35,76.77

2026-09-21T18:16:36.805Z,34.36,76.75

2026-09-21T18:16:41.803Z,34.36,76.71

2026-09-21T18:16:46.805Z,34.37,76.71

2026-09-21T18:16:51.813Z,34.35,76.73

2026-09-21T18:16:56.824Z,34.34,76.73

2026-09-21T18:17:01.812Z,34.35,76.73

2026-09-21T18:17:06.812Z,34.34,76.67

2026-09-21T18:17:11.811Z,34.37,76.72

2026-09-21T18:17:16.813Z,34.36,76.7

2026-09-21T18:17:21.826Z,34.37,76.7

2026-09-21T18:17:26.835Z,34.34,76.77

2026-09-21T18:17:31.824Z,34.36,76.76

2026-09-21T18:17:36.824Z,34.35,76.72

2026-09-21T18:17:41.824Z,34.36,76.72

2026-09-21T18:17:46.824Z,34.35,76.7

2026-09-21T18:17:51.840Z,34.36,76.73

2026-09-21T18:17:56.847Z,34.36,76.82

2026-09-21T18:18:01.834Z,34.36,76.78

2026-09-21T18:18:06.834Z,34.34,76.76

2026-09-21T18:18:11.833Z,34.36,76.75

2026-09-21T18:18:16.836Z,34.33,76.78

2026-09-21T18:18:21.835Z,34.33,76.76

2026-09-21T18:18:26.847Z,34.36,76.87

2026-09-21T18:18:31.836Z,34.34,76.81

2026-09-21T18:18:36.835Z,34.34,76.85

2026-09-21T18:18:41.839Z,34.36,76.85

2026-09-21T18:18:46.841Z,34.32,76.92

2026-09-21T18:18:51.852Z,34.32,76.89

2026-09-21T18:18:56.863Z,34.32,76.93

2026-09-21T18:19:01.854Z,34.31,76.87

2026-09-21T18:19:06.850Z,34.33,76.89

2026-09-21T18:19:11.849Z,34.32,76.89

2026-09-21T18:19:16.849Z,34.34,76.91

2026-09-21T18:19:21.860Z,34.33,76.93

2026-09-21T18:19:26.872Z,34.32,76.91

2026-09-21T18:19:31.861Z,34.32,76.94

2026-09-21T18:19:36.861Z,34.33,76.92

2026-09-21T18:19:41.863Z,34.34,77.01

2026-09-21T18:19:46.862Z,34.31,76.97

2026-09-21T18:19:51.877Z,34.35,76.97

2026-09-21T18:19:56.890Z,34.31,77.02

2026-09-21T18:20:01.874Z,34.31,77

2026-09-21T18:20:06.877Z,34.32,76.97

2026-09-21T18:20:11.874Z,34.31,77.04

2026-09-21T18:20:16.876Z,34.31,77.06

2026-09-21T18:20:21.876Z,34.3,77.07

2026-09-21T18:20:26.891Z,34.3,77.06

2026-09-21T18:20:31.877Z,34.3,77.02

2026-09-21T18:20:36.879Z,34.3,77.06

2026-09-21T18:20:41.879Z,34.31,77.11

2026-09-21T18:20:46.877Z,34.3,77.14

2026-09-21T18:20:51.879Z,34.31,77.16

2026-09-21T18:20:56.894Z,34.3,77.15

2026-09-21T18:21:01.883Z,34.33,77.1

2026-09-21T18:21:06.882Z,34.29,77.13

2026-09-21T18:21:11.881Z,34.3,77.08

2026-09-21T18:21:16.881Z,34.32,77.18

2026-09-21T18:21:21.881Z,34.33,77.13

2026-09-21T18:21:26.892Z,34.31,77.13

2026-09-21T18:21:31.882Z,34.3,77.12

2026-09-21T18:21:36.882Z,34.3,77.13

2026-09-21T18:21:41.882Z,34.31,77.06

2026-09-21T18:21:46.883Z,34.32,77.06

2026-09-21T18:21:51.883Z,34.32,77.08

2026-09-21T18:21:56.893Z,34.31,77.13

2026-09-21T18:22:01.883Z,34.32,77.11

2026-09-21T18:22:06.888Z,34.33,77.03

2026-09-21T18:22:11.886Z,34.31,77.07

2026-09-21T18:22:16.890Z,34.32,76.99

2026-09-21T18:22:21.887Z,34.33,77.04

2026-09-21T18:22:26.897Z,34.34,77.01

2026-09-21T18:22:31.889Z,34.34,76.99

2026-09-21T18:22:36.896Z,34.34,77

2026-09-21T18:22:41.894Z,34.33,76.94

2026-09-21T18:22:46.891Z,34.33,77

2026-09-21T18:22:51.894Z,34.35,76.96

2026-09-21T18:22:56.903Z,34.34,77.01

2026-09-21T18:23:01.892Z,34.35,76.94

2026-09-21T18:23:06.894Z,34.36,76.91

2026-09-21T18:23:11.893Z,34.35,76.93

2026-09-21T18:23:16.896Z,34.35,76.91

2026-09-21T18:23:21.907Z,34.36,76.85

2026-09-21T18:23:26.924Z,34.37,76.94

2026-09-21T18:23:31.906Z,34.35,76.83

2026-09-21T18:23:36.906Z,34.36,76.85

2026-09-21T18:23:41.906Z,34.37,76.75

2026-09-21T18:23:46.910Z,34.39,76.73

2026-09-21T18:23:51.926Z,34.37,76.71

2026-09-21T18:23:56.935Z,34.37,76.71

2026-09-21T18:24:01.922Z,34.36,76.7

2026-09-21T18:24:06.923Z,34.38,76.57

2026-09-21T18:24:11.923Z,34.36,76.63

2026-09-21T18:24:16.923Z,34.35,76.58

2026-09-21T18:24:21.937Z,34.35,76.63

2026-09-21T18:24:26.950Z,34.36,76.67

2026-09-21T18:24:31.937Z,34.36,76.67

2026-09-21T18:24:36.937Z,34.36,76.65

2026-09-21T18:24:41.936Z,34.35,76.66

2026-09-21T18:24:46.936Z,34.37,76.68

2026-09-21T18:24:51.957Z,34.35,76.63

2026-09-21T18:24:56.969Z,34.34,76.62

2026-09-21T18:25:01.956Z,34.38,76.49

2026-09-21T18:25:06.957Z,34.36,76.47

2026-09-21T18:25:11.957Z,34.37,76.4

2026-09-21T18:25:16.958Z,34.35,76.38

2026-09-21T18:25:21.958Z,34.36,76.41

2026-09-21T18:25:26.974Z,34.35,76.46

2026-09-21T18:25:31.958Z,34.35,76.42

2026-09-21T18:25:36.957Z,34.35,76.36

2026-09-21T18:25:41.959Z,34.35,76.38

2026-09-21T18:25:46.958Z,34.36,76.3

2026-09-21T18:25:51.958Z,34.36,76.25

2026-09-21T18:25:56.975Z,34.32,76.26

2026-09-21T18:26:01.961Z,34.35,76.22

2026-09-21T18:26:06.963Z,34.34,76.22

2026-09-21T18:26:11.963Z,34.34,76.12

2026-09-21T18:26:16.960Z,34.35,76.17

2026-09-21T18:26:21.960Z,34.34,76.22

2026-09-21T18:26:26.981Z,34.34,76.23

2026-09-21T18:26:31.961Z,34.32,76.18

2026-09-21T18:26:36.963Z,34.33,76.27

2026-09-21T18:26:41.963Z,34.32,76.25

2026-09-21T18:26:46.963Z,34.32,76.2

2026-09-21T18:26:51.966Z,34.33,76.24

2026-09-21T18:26:56.980Z,34.33,76.27

2026-09-21T18:27:01.964Z,34.31,76.18

2026-09-21T18:27:06.965Z,34.32,76.15

2026-09-21T18:27:11.964Z,34.31,76.22

2026-09-21T18:27:16.968Z,34.32,76.16

2026-09-21T18:27:21.966Z,34.31,76.11

2026-09-21T18:27:26.975Z,34.34,76.11

2026-09-21T18:27:31.964Z,34.33,76.07

2026-09-21T18:27:36.966Z,34.34,76.11

2026-09-21T18:27:41.967Z,34.35,76.02

2026-09-21T18:27:46.967Z,34.33,76

2026-09-21T18:27:51.967Z,34.34,75.97

2026-09-21T18:27:56.978Z,34.35,75.99

2026-09-21T18:28:01.967Z,34.33,75.97

2026-09-21T18:28:06.968Z,34.33,75.97

2026-09-21T18:28:11.968Z,34.34,75.89

2026-09-21T18:28:16.968Z,34.35,75.85

2026-09-21T18:28:21.983Z,34.36,75.85

2026-09-21T18:28:26.993Z,34.35,75.9

2026-09-21T18:28:31.981Z,34.36,75.81

2026-09-21T18:28:36.981Z,34.35,75.78

2026-09-21T18:28:41.980Z,34.38,75.76

2026-09-21T18:28:46.980Z,34.37,75.78

2026-09-21T18:28:51.982Z,34.39,75.72

2026-09-21T18:28:56.995Z,34.36,75.65

2026-09-21T18:29:01.979Z,34.38,75.59

2026-09-21T18:29:06.980Z,34.39,75.63

2026-09-21T18:29:11.981Z,34.37,75.54

2026-09-21T18:29:16.983Z,34.37,75.41

2026-09-21T18:29:21.983Z,34.38,75.31

2026-09-21T18:29:26.995Z,34.38,75.32

2026-09-21T18:29:31.984Z,34.37,75.32

2026-09-21T18:29:36.986Z,34.36,75.32

2026-09-21T18:29:41.984Z,34.36,75.32

2026-09-21T18:29:46.986Z,34.39,75.24

2026-09-21T18:29:51.987Z,34.36,75.25

2026-09-21T18:29:57.006Z,34.34,75.3

2026-09-21T18:30:01.986Z,34.37,75.23

2026-09-21T18:30:06.989Z,34.36,75.19

2026-09-21T18:30:11.988Z,34.36,75.21

2026-09-21T18:30:16.988Z,34.36,75.21

2026-09-21T18:30:21.995Z,34.35,75.14

2026-09-21T18:30:27.005Z,34.34,75.24

2026-09-21T18:30:31.994Z,34.34,75.19

2026-09-21T18:30:36.995Z,34.36,75.16

2026-09-21T18:30:41.996Z,34.36,75.19

2026-09-21T18:30:46.997Z,34.37,75.16

2026-09-21T18:30:52.024Z,34.35,75.19

2026-09-21T18:30:57.034Z,34.36,75.2

2026-09-21T18:31:02.024Z,34.36,75.17

2026-09-21T18:31:07.023Z,34.36,75.18

2026-09-21T18:31:12.023Z,34.35,75.17

2026-09-21T18:31:17.024Z,34.34,75.2

2026-09-21T18:31:22.022Z,34.35,75.07

2026-09-21T18:31:27.036Z,34.36,75.16

2026-09-21T18:31:32.021Z,34.36,75.1

2026-09-21T18:31:37.024Z,34.35,75.12

2026-09-21T18:31:42.022Z,34.37,75.13

2026-09-21T18:31:47.022Z,34.35,75.14

2026-09-21T18:31:52.031Z,34.36,75.12

2026-09-21T18:31:57.041Z,34.35,75.18

2026-09-21T18:32:02.028Z,34.36,75.1

2026-09-21T18:32:07.028Z,34.35,75.01

2026-09-21T18:32:12.029Z,34.35,75.03

2026-09-21T18:32:17.028Z,34.36,75.01

2026-09-21T18:32:22.039Z,34.36,74.97

2026-09-21T18:32:27.047Z,34.38,74.94

2026-09-21T18:32:32.039Z,34.38,74.9

2026-09-21T18:32:37.040Z,34.36,74.84

2026-09-21T18:32:42.041Z,34.38,74.86

2026-09-21T18:32:47.038Z,34.37,74.88

2026-09-21T18:32:52.045Z,34.37,74.89

2026-09-21T18:32:57.055Z,34.36,74.98

2026-09-21T18:33:02.046Z,34.37,74.91

2026-09-21T18:33:07.047Z,34.37,74.98

2026-09-21T18:33:12.046Z,34.38,74.78

2026-09-21T18:33:17.048Z,34.36,74.7

2026-09-21T18:33:22.053Z,34.37,74.56

2026-09-21T18:33:27.062Z,34.35,74.6

2026-09-21T18:33:32.052Z,34.37,74.58

2026-09-21T18:33:37.049Z,34.36,74.6

2026-09-21T18:33:42.069Z,34.36,74.54

2026-09-21T18:33:47.051Z,34.38,74.59

2026-09-21T18:33:52.068Z,34.37,74.64

2026-09-21T18:33:57.078Z,34.37,74.68

2026-09-21T18:34:02.068Z,34.37,74.62

2026-09-21T18:34:07.065Z,34.36,74.61

2026-09-21T18:34:12.066Z,34.37,74.68

2026-09-21T18:34:17.065Z,34.38,74.62

2026-09-21T18:34:22.086Z,34.37,74.49

2026-09-21T18:34:27.098Z,34.38,74.52

2026-09-21T18:34:32.086Z,34.37,74.53

2026-09-21T18:34:37.086Z,34.39,74.45

2026-09-21T18:34:42.085Z,34.36,74.48

2026-09-21T18:34:47.087Z,34.38,74.35

2026-09-21T18:34:52.088Z,34.38,74.42

2026-09-21T18:34:57.101Z,34.36,74.48

2026-09-21T18:35:02.089Z,34.36,74.48

2026-09-21T18:35:07.088Z,34.38,74.44

2026-09-21T18:35:12.088Z,34.38,74.41

2026-09-21T18:35:17.091Z,34.39,74.34

2026-09-21T18:35:22.116Z,34.37,74.23

2026-09-21T18:35:27.126Z,34.38,74.28

2026-09-21T18:35:32.115Z,34.4,74.16

2026-09-21T18:35:37.116Z,34.39,74.09

2026-09-21T18:35:42.116Z,34.4,74.07

2026-09-21T18:35:47.116Z,34.4,74.04

2026-09-21T18:35:52.116Z,34.39,73.98

2026-09-21T18:35:57.131Z,34.38,74.1

2026-09-21T18:36:02.117Z,34.4,74.06

2026-09-21T18:36:07.119Z,34.38,73.95

2026-09-21T18:36:12.120Z,34.39,73.96

2026-09-21T18:36:17.121Z,34.4,73.83

2026-09-21T18:36:22.120Z,34.41,73.87

2026-09-21T18:36:27.133Z,34.4,73.91

2026-09-21T18:36:32.122Z,34.39,73.85

2026-09-21T18:36:37.122Z,34.41,73.84

2026-09-21T18:36:42.121Z,34.39,73.73

2026-09-21T18:36:47.125Z,34.42,73.75

2026-09-21T18:36:52.122Z,34.41,73.68

2026-09-21T18:36:57.132Z,34.37,73.76

2026-09-21T18:37:02.120Z,34.38,73.72

2026-09-21T18:37:07.121Z,34.41,73.73

2026-09-21T18:37:12.121Z,34.4,73.68

2026-09-21T18:37:17.127Z,34.4,73.68

2026-09-21T18:37:22.127Z,34.39,73.66

2026-09-21T18:37:27.131Z,34.42,73.61

2026-09-21T18:37:32.124Z,34.42,73.6

2026-09-21T18:37:37.126Z,34.41,73.58

2026-09-21T18:37:42.126Z,34.41,73.66

2026-09-21T18:37:47.130Z,34.42,73.61

2026-09-21T18:37:52.125Z,34.42,73.59

2026-09-21T18:37:57.141Z,34.42,73.68

2026-09-21T18:38:02.129Z,34.41,73.61

2026-09-21T18:38:07.128Z,34.4,73.64

2026-09-21T18:38:12.127Z,34.42,73.61

2026-09-21T18:38:17.129Z,34.42,73.54

2026-09-21T18:38:22.130Z,34.41,73.52

2026-09-21T18:38:27.143Z,34.41,73.57

2026-09-21T18:38:32.129Z,34.43,73.52

2026-09-21T18:38:37.130Z,34.43,73.52

2026-09-21T18:38:42.130Z,34.43,73.62

2026-09-21T18:38:47.132Z,34.42,73.6

2026-09-21T18:38:52.143Z,34.43,73.49

2026-09-21T18:38:57.154Z,34.41,73.4

2026-09-21T18:39:02.141Z,34.44,73.27

2026-09-21T18:39:07.140Z,34.43,73.25

2026-09-21T18:39:12.142Z,34.44,73.08

2026-09-21T18:39:17.141Z,34.43,73.16

2026-09-21T18:39:22.149Z,34.43,73.04

2026-09-21T18:39:27.158Z,34.43,73.07

2026-09-21T18:39:32.146Z,34.43,73.02

2026-09-21T18:39:37.146Z,34.44,73

2026-09-21T18:39:42.148Z,34.43,73.02

2026-09-21T18:39:47.148Z,34.43,73.04

2026-09-21T18:39:52.148Z,34.43,73.11

2026-09-21T18:39:57.164Z,34.43,73.02

2026-09-21T18:40:02.147Z,34.41,72.99

2026-09-21T18:40:07.147Z,34.42,72.92

2026-09-21T18:40:12.149Z,34.42,72.92

2026-09-21T18:40:17.147Z,34.43,72.9

2026-09-21T18:40:22.151Z,34.42,72.82

2026-09-21T18:40:27.164Z,34.4,72.87

2026-09-21T18:40:32.151Z,34.42,72.82

2026-09-21T18:40:37.151Z,34.38,72.79

2026-09-21T18:40:42.155Z,34.42,72.77

2026-09-21T18:40:47.156Z,34.42,72.81

2026-09-21T18:40:52.174Z,34.41,72.77

2026-09-21T18:40:57.178Z,34.41,72.81

2026-09-21T18:41:02.171Z,34.4,72.8

2026-09-21T18:41:07.171Z,34.4,72.83

2026-09-21T18:41:12.170Z,34.42,72.79

2026-09-21T18:41:17.171Z,34.43,72.75

2026-09-21T18:41:22.181Z,34.39,72.87

2026-09-21T18:41:27.193Z,34.39,72.89

2026-09-21T18:41:32.183Z,34.42,72.89

2026-09-21T18:41:37.182Z,34.42,72.8

2026-09-21T18:41:42.180Z,34.42,72.78

2026-09-21T18:41:47.181Z,34.41,72.74

2026-09-21T18:41:52.197Z,34.42,72.71

2026-09-21T18:41:57.208Z,34.41,72.65

2026-09-21T18:42:02.197Z,34.4,72.62

2026-09-21T18:42:07.196Z,34.41,72.65

2026-09-21T18:42:12.197Z,34.41,72.67

2026-09-21T18:42:17.198Z,34.4,72.63

2026-09-21T18:42:22.204Z,34.42,72.66

2026-09-21T18:42:27.217Z,34.4,72.7

2026-09-21T18:42:32.202Z,34.42,72.62

2026-09-21T18:42:37.200Z,34.43,72.68

2026-09-21T18:42:42.201Z,34.42,72.69

2026-09-21T18:42:47.201Z,34.42,72.71

2026-09-21T18:42:52.201Z,34.43,72.66

2026-09-21T18:42:57.212Z,34.41,72.63

2026-09-21T18:43:02.200Z,34.42,72.53

2026-09-21T18:43:07.200Z,34.42,72.52

2026-09-21T18:43:12.199Z,34.42,72.37

2026-09-21T18:43:17.203Z,34.42,72.24

2026-09-21T18:43:22.206Z,34.41,72.09

2026-09-21T18:43:27.216Z,34.43,72.09

2026-09-21T18:43:32.206Z,34.43,72.13

2026-09-21T18:43:37.206Z,34.44,72.18

2026-09-21T18:43:42.205Z,34.44,72.11

2026-09-21T18:43:47.206Z,34.43,72.07

2026-09-21T18:43:52.207Z,34.42,72.05

2026-09-21T18:43:57.219Z,34.41,72.03

2026-09-21T18:44:02.207Z,34.42,72

2026-09-21T18:44:07.208Z,34.41,71.97

2026-09-21T18:44:12.207Z,34.42,71.99

2026-09-21T18:44:17.209Z,34.42,71.98

2026-09-21T18:44:22.211Z,34.41,72.05

2026-09-21T18:44:27.223Z,34.41,72.01

2026-09-21T18:44:32.211Z,34.43,71.79

2026-09-21T18:44:37.212Z,34.42,71.82

2026-09-21T18:44:42.211Z,34.42,71.84

2026-09-21T18:44:47.212Z,34.41,71.88

2026-09-21T18:44:52.223Z,34.42,71.84

2026-09-21T18:44:57.234Z,34.42,71.85

2026-09-21T18:45:02.220Z,34.44,71.76

2026-09-21T18:45:07.221Z,34.43,71.82

2026-09-21T18:45:12.222Z,34.41,71.77

2026-09-21T18:45:17.221Z,34.41,71.7

2026-09-21T18:45:22.242Z,34.41,71.71

2026-09-21T18:45:27.257Z,34.41,71.74

2026-09-21T18:45:32.240Z,34.42,71.72

2026-09-21T18:45:37.242Z,34.41,71.67

2026-09-21T18:45:42.243Z,34.4,71.68

2026-09-21T18:45:47.243Z,34.4,71.63

2026-09-21T18:45:52.254Z,34.41,71.69

2026-09-21T18:45:57.267Z,34.41,71.73

2026-09-21T18:46:02.255Z,34.39,71.66

2026-09-21T18:46:07.253Z,34.4,71.67

2026-09-21T18:46:12.255Z,34.4,71.66

2026-09-21T18:46:17.256Z,34.39,71.57

2026-09-21T18:46:22.256Z,34.4,71.69

2026-09-21T18:46:27.268Z,34.39,71.7

2026-09-21T18:46:32.257Z,34.39,71.64

2026-09-21T18:46:37.255Z,34.39,71.61

2026-09-21T18:46:42.255Z,34.41,71.68

2026-09-21T18:46:47.257Z,34.39,71.66

2026-09-21T18:46:52.259Z,34.4,71.67

2026-09-21T18:46:57.272Z,34.38,71.77

2026-09-21T18:47:02.261Z,34.4,71.76

2026-09-21T18:47:07.259Z,34.38,71.74

2026-09-21T18:47:12.259Z,34.37,71.72

2026-09-21T18:47:17.259Z,34.38,71.69

2026-09-21T18:47:22.261Z,34.38,71.67

2026-09-21T18:47:27.274Z,34.38,71.68

2026-09-21T18:47:32.260Z,34.39,71.61

2026-09-21T18:47:37.260Z,34.38,71.57

2026-09-21T18:47:42.260Z,34.37,71.63

2026-09-21T18:47:47.262Z,34.38,71.56

2026-09-21T18:47:52.277Z,34.37,71.57

2026-09-21T18:47:57.287Z,34.36,71.6

2026-09-21T18:48:02.277Z,34.36,71.59

2026-09-21T18:48:07.277Z,34.35,71.55

2026-09-21T18:48:12.274Z,34.35,71.59

2026-09-21T18:48:17.276Z,34.35,71.67

2026-09-21T18:48:22.284Z,34.35,71.66

2026-09-21T18:48:27.294Z,34.35,71.67

2026-09-21T18:48:32.280Z,34.37,71.67

2026-09-21T18:48:37.281Z,34.37,71.63

2026-09-21T18:48:42.280Z,34.36,71.63

2026-09-21T18:48:47.282Z,34.35,71.65

2026-09-21T18:48:52.294Z,34.34,71.67

2026-09-21T18:48:57.304Z,34.35,71.62

2026-09-21T18:49:02.294Z,34.35,71.58

2026-09-21T18:49:07.294Z,34.36,71.6

2026-09-21T18:49:12.294Z,34.35,71.54

2026-09-21T18:49:17.296Z,34.34,71.57

2026-09-21T18:49:22.293Z,34.36,71.52

2026-09-21T18:49:27.305Z,34.35,71.52

2026-09-21T18:49:32.293Z,34.35,71.44

2026-09-21T18:49:37.296Z,34.34,71.43

2026-09-21T18:49:42.296Z,34.37,71.48

2026-09-21T18:49:47.296Z,34.36,71.5

2026-09-21T18:49:52.296Z,34.34,71.45

2026-09-21T18:49:57.310Z,34.35,71.43

2026-09-21T18:50:02.298Z,34.35,71.48

2026-09-21T18:50:07.296Z,34.33,71.43

2026-09-21T18:50:12.298Z,34.37,71.43

2026-09-21T18:50:17.299Z,34.33,71.4

2026-09-21T18:50:22.296Z,34.35,71.39

2026-09-21T18:50:27.308Z,34.34,71.41

2026-09-21T18:50:32.298Z,34.32,71.36

2026-09-21T18:50:37.297Z,34.36,71.34

2026-09-21T18:50:42.296Z,34.34,71.39

2026-09-21T18:50:47.296Z,34.35,71.34

2026-09-21T18:50:52.303Z,34.34,71.38

2026-09-21T18:50:57.314Z,34.34,71.43

2026-09-21T18:51:02.303Z,34.37,71.43

2026-09-21T18:51:07.302Z,34.34,71.36

2026-09-21T18:51:12.305Z,34.35,71.36

2026-09-21T18:51:17.302Z,34.34,71.35

2026-09-21T18:51:22.312Z,34.34,71.35

2026-09-21T18:51:27.326Z,34.35,71.34

2026-09-21T18:51:32.314Z,34.33,71.35

2026-09-21T18:51:37.312Z,34.34,71.35

2026-09-21T18:51:42.315Z,34.33,71.41

2026-09-21T18:51:47.313Z,34.34,71.34

2026-09-21T18:51:52.327Z,34.33,71.33

2026-09-21T18:51:57.331Z,34.32,71.34

2026-09-21T18:52:02.324Z,34.33,71.31

2026-09-21T18:52:07.325Z,34.33,71.26

2026-09-21T18:52:12.323Z,34.33,71.3

2026-09-21T18:52:17.324Z,34.34,71.43

2026-09-21T18:52:22.340Z,34.32,71.41

2026-09-21T18:52:27.352Z,34.31,71.43

2026-09-21T18:52:32.339Z,34.31,71.38

2026-09-21T18:52:37.339Z,34.32,71.31

2026-09-21T18:52:42.340Z,34.3,71.36

2026-09-21T18:52:47.340Z,34.31,71.34

2026-09-21T18:52:52.354Z,34.31,71.35

2026-09-21T18:52:57.365Z,34.3,71.39

2026-09-21T18:53:02.352Z,34.3,71.3

2026-09-21T18:53:07.352Z,34.31,71.27

2026-09-21T18:53:12.351Z,34.3,71.31

2026-09-21T18:53:17.353Z,34.3,71.35

2026-09-21T18:53:22.358Z,34.3,71.35

2026-09-21T18:53:27.369Z,34.3,71.42

2026-09-21T18:53:32.356Z,34.3,71.35

2026-09-21T18:53:37.358Z,34.29,71.33

2026-09-21T18:53:42.359Z,34.28,71.31

2026-09-21T18:53:47.358Z,34.28,71.38

2026-09-21T18:53:52.368Z,34.28,71.39

2026-09-21T18:53:57.378Z,34.3,71.45

2026-09-21T18:54:02.366Z,34.29,71.43

2026-09-21T18:54:07.368Z,34.27,71.44

2026-09-21T18:54:12.365Z,34.27,71.44

2026-09-21T18:54:17.367Z,34.27,71.42

2026-09-21T18:54:22.370Z,34.27,71.49

2026-09-21T18:54:27.380Z,34.27,71.51

2026-09-21T18:54:32.370Z,34.25,71.5

2026-09-21T18:54:37.370Z,34.25,71.52

2026-09-21T18:54:42.369Z,34.26,71.49

2026-09-21T18:54:47.369Z,34.27,71.54

2026-09-21T18:54:52.369Z,34.27,71.52

2026-09-21T18:54:57.380Z,34.27,71.64

2026-09-21T18:55:02.370Z,34.25,71.62

2026-09-21T18:55:07.373Z,34.26,71.57

2026-09-21T18:55:12.373Z,34.25,71.63

2026-09-21T18:55:17.376Z,34.24,71.63

2026-09-21T18:55:22.378Z,34.25,71.59

2026-09-21T18:55:27.390Z,34.25,71.6

2026-09-21T18:55:32.380Z,34.24,71.56

2026-09-21T18:55:37.377Z,34.25,71.58

2026-09-21T18:55:42.377Z,34.24,71.51

2026-09-21T18:55:47.377Z,34.25,71.52

2026-09-21T18:55:52.379Z,34.25,71.51

2026-09-21T18:55:57.393Z,34.24,71.52

2026-09-21T18:56:02.378Z,34.25,71.55

2026-09-21T18:56:07.380Z,34.26,71.5

2026-09-21T18:56:12.379Z,34.25,71.39

2026-09-21T18:56:17.382Z,34.26,71.46

2026-09-21T18:56:22.384Z,34.27,71.4

2026-09-21T18:56:27.398Z,34.26,71.44

2026-09-21T18:56:32.383Z,34.25,71.44

2026-09-21T18:56:37.384Z,34.26,71.38

2026-09-21T18:56:42.385Z,34.25,71.39

2026-09-21T18:56:47.383Z,34.26,71.41

2026-09-21T18:56:52.397Z,34.26,71.36

2026-09-21T18:56:57.405Z,34.24,71.49

2026-09-21T18:57:02.395Z,34.25,71.41

2026-09-21T18:57:07.393Z,34.27,71.46

2026-09-21T18:57:12.394Z,34.26,71.41

2026-09-21T18:57:17.394Z,34.26,71.45

2026-09-21T18:57:22.410Z,34.26,71.5

2026-09-21T18:57:27.425Z,34.24,71.48

2026-09-21T18:57:32.410Z,34.26,71.49

2026-09-21T18:57:37.408Z,34.26,71.52

2026-09-21T18:57:42.407Z,34.27,71.49

2026-09-21T18:57:47.410Z,34.26,71.45

2026-09-21T18:57:52.415Z,34.26,71.46

2026-09-21T18:57:57.426Z,34.27,71.48

2026-09-21T18:58:02.414Z,34.28,71.49

2026-09-21T18:58:07.415Z,34.28,71.49

2026-09-21T18:58:12.415Z,34.26,71.55

2026-09-21T18:58:17.413Z,34.26,71.48

2026-09-21T18:58:22.415Z,34.27,71.47

2026-09-21T18:58:27.428Z,34.27,71.51

2026-09-21T18:58:32.415Z,34.29,71.46

2026-09-21T18:58:37.414Z,34.29,71.46

2026-09-21T18:58:42.413Z,34.31,71.41

2026-09-21T18:58:47.416Z,34.27,71.43

2026-09-21T18:58:52.429Z,34.29,71.4

2026-09-21T18:58:57.440Z,34.28,71.43

2026-09-21T18:59:02.430Z,34.31,71.32

2026-09-21T18:59:07.429Z,34.28,71.35

2026-09-21T18:59:12.427Z,34.33,71.35

2026-09-21T18:59:17.429Z,34.31,71.31

2026-09-21T18:59:22.438Z,34.31,71.27

2026-09-21T18:59:27.446Z,34.32,71.27

2026-09-21T18:59:32.434Z,34.32,71.2

2026-09-21T18:59:37.435Z,34.33,71.19

2026-09-21T18:59:42.436Z,34.33,71.14

2026-09-21T18:59:47.437Z,34.33,71.03

2026-09-21T18:59:52.443Z,34.33,71

2026-09-21T18:59:57.451Z,34.33,70.96

2026-09-21T19:00:02.443Z,34.32,70.88

2026-09-21T19:00:07.438Z,34.35,70.81

2026-09-21T19:00:12.437Z,34.35,70.69

2026-09-21T19:00:17.441Z,34.34,70.68

2026-09-21T19:00:22.453Z,34.34,70.6

2026-09-21T19:00:27.464Z,34.34,70.62

2026-09-21T19:00:32.453Z,34.32,70.7

2026-09-21T19:00:37.453Z,34.35,70.65

2026-09-21T19:00:42.452Z,34.35,70.65

2026-09-21T19:00:47.453Z,34.35,70.67

2026-09-21T19:00:52.460Z,34.36,70.71

2026-09-21T19:00:57.474Z,34.33,70.65

2026-09-21T19:01:02.459Z,34.34,70.55

2026-09-21T19:01:07.459Z,34.37,70.51

2026-09-21T19:01:12.459Z,34.37,70.48

2026-09-21T19:01:17.461Z,34.35,70.52

2026-09-21T19:01:22.466Z,34.34,70.51

2026-09-21T19:01:27.474Z,34.35,70.45

2026-09-21T19:01:32.463Z,34.34,70.42

2026-09-21T19:01:37.463Z,34.35,70.45

2026-09-21T19:01:42.465Z,34.35,70.46

2026-09-21T19:01:47.464Z,34.33,70.53

2026-09-21T19:01:52.478Z,34.33,70.56

2026-09-21T19:01:57.491Z,34.33,70.55

2026-09-21T19:02:02.477Z,34.33,70.59

2026-09-21T19:02:07.477Z,34.35,70.55

2026-09-21T19:02:12.478Z,34.32,70.56

2026-09-21T19:02:17.478Z,34.34,70.55

2026-09-21T19:02:22.482Z,34.32,70.48

2026-09-21T19:02:27.494Z,34.34,70.49

2026-09-21T19:02:32.483Z,34.34,70.49

2026-09-21T19:02:37.483Z,34.32,70.45

2026-09-21T19:02:42.482Z,34.31,70.45

2026-09-21T19:02:47.483Z,34.33,70.42

2026-09-21T19:02:52.499Z,34.33,70.4

2026-09-21T19:02:57.511Z,34.3,70.49

2026-09-21T19:03:02.497Z,34.31,70.44

2026-09-21T19:03:07.498Z,34.3,70.51

2026-09-21T19:03:12.496Z,34.31,70.56

2026-09-21T19:03:17.499Z,34.31,70.58

2026-09-21T19:03:22.510Z,34.3,70.54

2026-09-21T19:03:27.520Z,34.32,70.57

2026-09-21T19:03:32.510Z,34.31,70.56

2026-09-21T19:03:37.509Z,34.31,70.52

2026-09-21T19:03:42.509Z,34.3,70.45

2026-09-21T19:03:47.511Z,34.3,70.42

2026-09-21T19:03:52.521Z,34.31,70.39

2026-09-21T19:03:57.531Z,34.31,70.53

2026-09-21T19:04:02.521Z,34.3,70.42

2026-09-21T19:04:07.520Z,34.31,70.48

2026-09-21T19:04:12.521Z,34.3,70.4

2026-09-21T19:04:17.520Z,34.3,70.41

2026-09-21T19:04:22.524Z,34.3,70.45

2026-09-21T19:04:27.535Z,34.29,70.48

2026-09-21T19:04:32.523Z,34.28,70.49

2026-09-21T19:04:37.522Z,34.29,70.54

2026-09-21T19:04:42.524Z,34.3,70.5

2026-09-21T19:04:47.521Z,34.3,70.54

2026-09-21T19:04:52.538Z,34.3,70.54

2026-09-21T19:04:57.550Z,34.31,70.59

2026-09-21T19:05:02.539Z,34.31,70.54

2026-09-21T19:05:07.539Z,34.28,70.53

2026-09-21T19:05:12.537Z,34.29,70.51

2026-09-21T19:05:17.539Z,34.3,70.46

2026-09-21T19:05:22.540Z,34.29,70.47

2026-09-21T19:05:27.551Z,34.28,70.5

2026-09-21T19:05:32.539Z,34.29,70.41

2026-09-21T19:05:37.540Z,34.28,70.46

2026-09-21T19:05:42.540Z,34.27,70.47

2026-09-21T19:05:47.541Z,34.27,70.49

2026-09-21T19:05:52.540Z,34.28,70.53

2026-09-21T19:05:57.553Z,34.28,70.57

2026-09-21T19:06:02.542Z,34.28,70.47

2026-09-21T19:06:07.541Z,34.28,70.49

2026-09-21T19:06:12.544Z,34.27,70.56

2026-09-21T19:06:17.543Z,34.27,70.57

2026-09-21T19:06:22.550Z,34.29,70.53

2026-09-21T19:06:27.565Z,34.25,70.57

2026-09-21T19:06:32.551Z,34.29,70.54

2026-09-21T19:06:37.551Z,34.27,70.59

2026-09-21T19:06:42.548Z,34.28,70.54

2026-09-21T19:06:47.551Z,34.28,70.6

2026-09-21T19:06:52.559Z,34.27,70.61

2026-09-21T19:06:57.574Z,34.29,70.66

2026-09-21T19:07:02.556Z,34.3,70.59

2026-09-21T19:07:07.556Z,34.28,70.58

2026-09-21T19:07:12.556Z,34.3,70.55

2026-09-21T19:07:17.558Z,34.28,70.58

2026-09-21T19:07:22.563Z,34.3,70.56

2026-09-21T19:07:27.579Z,34.3,70.62

2026-09-21T19:07:32.562Z,34.29,70.53

2026-09-21T19:07:37.562Z,34.31,70.5

2026-09-21T19:07:42.562Z,34.27,70.52

2026-09-21T19:07:47.563Z,34.28,70.49

2026-09-21T19:07:52.566Z,34.29,70.5

2026-09-21T19:07:57.576Z,34.29,70.56

2026-09-21T19:08:02.563Z,34.3,70.51

2026-09-21T19:08:07.564Z,34.29,70.59

2026-09-21T19:08:12.564Z,34.3,70.5

2026-09-21T19:08:17.563Z,34.3,70.5

2026-09-21T19:08:22.563Z,34.32,70.44

2026-09-21T19:08:27.577Z,34.3,70.58

2026-09-21T19:08:32.566Z,34.32,70.49

2026-09-21T19:08:37.565Z,34.31,70.51

2026-09-21T19:08:42.565Z,34.31,70.51

2026-09-21T19:08:47.566Z,34.31,70.42

2026-09-21T19:08:52.568Z,34.31,70.37

2026-09-21T19:08:57.581Z,34.29,70.4

2026-09-21T19:09:02.566Z,34.32,70.33

2026-09-21T19:09:07.566Z,34.31,70.28

2026-09-21T19:09:12.565Z,34.32,70.36

2026-09-21T19:09:17.569Z,34.3,70.39

2026-09-21T19:09:22.575Z,34.29,70.34

2026-09-21T19:09:27.586Z,34.3,70.39

2026-09-21T19:09:32.574Z,34.28,70.43

2026-09-21T19:09:37.572Z,34.29,70.39

2026-09-21T19:09:42.572Z,34.28,70.45

2026-09-21T19:09:47.573Z,34.28,70.42

2026-09-21T19:09:52.583Z,34.29,70.46

2026-09-21T19:09:57.592Z,34.29,70.49

2026-09-21T19:10:02.580Z,34.3,70.45

2026-09-21T19:10:07.581Z,34.29,70.49

2026-09-21T19:10:12.583Z,34.29,70.42

2026-09-21T19:10:17.581Z,34.29,70.46

2026-09-21T19:10:22.596Z,34.3,70.51

2026-09-21T19:10:27.609Z,34.3,70.57

2026-09-21T19:10:32.594Z,34.29,70.5

2026-09-21T19:10:37.594Z,34.29,70.52

2026-09-21T19:10:42.593Z,34.31,70.5

2026-09-21T19:10:47.596Z,34.3,70.5

2026-09-21T19:10:52.603Z,34.3,70.44

2026-09-21T19:10:57.613Z,34.3,70.46

2026-09-21T19:11:02.601Z,34.31,70.45

2026-09-21T19:11:07.602Z,34.3,70.37

2026-09-21T19:11:12.600Z,34.32,70.32

2026-09-21T19:11:17.602Z,34.33,70.34

2026-09-21T19:11:22.611Z,34.34,70.34

2026-09-21T19:11:27.625Z,34.33,70.43

2026-09-21T19:11:32.613Z,34.32,70.38

2026-09-21T19:11:37.613Z,34.33,70.36

2026-09-21T19:11:42.612Z,34.33,70.38

2026-09-21T19:11:47.611Z,34.34,70.3

2026-09-21T19:11:52.614Z,34.32,70.29

2026-09-21T19:11:57.624Z,34.32,70.23

2026-09-21T19:12:02.615Z,34.35,70.23

2026-09-21T19:12:07.611Z,34.34,70.17

2026-09-21T19:12:12.611Z,34.32,70.17

2026-09-21T19:12:17.613Z,34.34,70.22

2026-09-21T19:12:22.621Z,34.33,70.23

2026-09-21T19:12:27.633Z,34.32,70.27

2026-09-21T19:12:32.621Z,34.32,70.22

2026-09-21T19:12:37.621Z,34.34,70.21

2026-09-21T19:12:42.620Z,34.33,70.26

2026-09-21T19:12:47.620Z,34.34,70.26

2026-09-21T19:12:52.630Z,34.34,70.26

2026-09-21T19:12:57.641Z,34.34,70.25

2026-09-21T19:13:02.630Z,34.34,70.18

2026-09-21T19:13:07.628Z,34.33,70.18

2026-09-21T19:13:12.629Z,34.35,70.22

2026-09-21T19:13:17.628Z,34.33,70.19

2026-09-21T19:13:22.644Z,34.35,70.22

2026-09-21T19:13:27.653Z,34.33,70.2

2026-09-21T19:13:32.639Z,34.32,70.21

2026-09-21T19:13:37.644Z,34.34,70.2

2026-09-21T19:13:42.641Z,34.34,70.16

2026-09-21T19:13:47.641Z,34.32,70.16

2026-09-21T19:13:52.660Z,34.34,70.08

2026-09-21T19:13:57.678Z,34.32,70.13

2026-09-21T19:14:02.656Z,34.31,70.13

2026-09-21T19:14:07.656Z,34.32,70.17

2026-09-21T19:14:12.656Z,34.31,70.19

2026-09-21T19:14:17.658Z,34.31,70.19

2026-09-21T19:14:22.669Z,34.32,70.2

2026-09-21T19:14:27.679Z,34.32,70.2

2026-09-21T19:14:32.668Z,34.29,70.23

2026-09-21T19:14:37.669Z,34.31,70.2

2026-09-21T19:14:42.668Z,34.31,70.21

2026-09-21T19:14:47.670Z,34.3,70.29

2026-09-21T19:14:52.674Z,34.31,70.28

2026-09-21T19:14:57.685Z,34.31,70.27

2026-09-21T19:15:02.674Z,34.31,70.23

2026-09-21T19:15:07.676Z,34.31,70.21

2026-09-21T19:15:12.674Z,34.31,70.15

2026-09-21T19:15:17.675Z,34.31,70.19

2026-09-21T19:15:22.681Z,34.33,70.14

2026-09-21T19:15:27.691Z,34.32,70.25

2026-09-21T19:15:32.847Z,34.31,70.2

2026-09-21T19:15:37.847Z,34.3,70.24

2026-09-21T19:15:42.848Z,34.32,70.22

2026-09-21T19:15:47.847Z,34.32,70.23

2026-09-21T19:15:52.848Z,34.33,70.24

2026-09-21T19:15:57.862Z,34.31,70.25

2026-09-21T19:16:02.848Z,34.32,70.23

2026-09-21T19:16:07.849Z,34.32,70.22

2026-09-21T19:16:12.849Z,34.33,70.21

2026-09-21T19:16:17.850Z,34.32,70.24

2026-09-21T19:16:22.849Z,34.32,70.22

2026-09-21T19:16:27.865Z,34.31,70.2

2026-09-21T19:16:32.848Z,34.31,70.15

2026-09-21T19:16:37.849Z,34.32,70.15

2026-09-21T19:16:42.848Z,34.33,70.2

2026-09-21T19:16:47.848Z,34.34,70.13

2026-09-21T19:16:52.848Z,34.33,70.11

2026-09-21T19:16:57.861Z,34.32,70.18

2026-09-21T19:17:02.850Z,34.31,70.11

2026-09-21T19:17:07.849Z,34.33,70.19

2026-09-21T19:17:12.854Z,34.33,70.11

2026-09-21T19:17:17.849Z,34.3,70.11

2026-09-21T19:17:22.852Z,34.33,70.15

2026-09-21T19:17:27.858Z,34.3,70.16

2026-09-21T19:17:32.851Z,34.3,70.07

2026-09-21T19:17:37.851Z,34.31,70.09

2026-09-21T19:17:42.848Z,34.31,70.13

2026-09-21T19:17:47.850Z,34.32,70.08

2026-09-21T19:17:52.850Z,34.31,70.09

2026-09-21T19:17:57.865Z,34.3,70.24

2026-09-21T19:18:02.849Z,34.29,70.19

2026-09-21T19:18:07.851Z,34.3,70.2

2026-09-21T19:18:12.853Z,34.29,70.15

2026-09-21T19:18:17.852Z,34.28,70.16

2026-09-21T19:18:22.853Z,34.3,70.23

2026-09-21T19:18:27.864Z,34.28,70.27

2026-09-21T19:18:32.856Z,34.27,70.16

2026-09-21T19:18:37.854Z,34.27,70.29

2026-09-21T19:18:42.856Z,34.27,70.21

2026-09-21T19:18:47.856Z,34.29,70.26

2026-09-21T19:18:52.857Z,34.28,70.27

2026-09-21T19:18:57.871Z,34.27,70.32

2026-09-21T19:19:02.858Z,34.27,70.29

2026-09-21T19:19:07.858Z,34.27,70.27

2026-09-21T19:19:12.860Z,34.26,70.32

2026-09-21T19:19:17.860Z,34.24,70.35

2026-09-21T19:19:22.860Z,34.25,70.36

2026-09-21T19:19:27.873Z,34.23,70.35

2026-09-21T19:19:32.860Z,34.22,70.36

2026-09-21T19:19:37.862Z,34.23,70.42

2026-09-21T19:19:42.862Z,34.23,70.32

2026-09-21T19:19:47.866Z,34.24,70.39

2026-09-21T19:19:52.862Z,34.21,70.34

2026-09-21T19:19:57.873Z,34.22,70.39

2026-09-21T19:20:02.861Z,34.23,70.4

2026-09-21T19:20:07.863Z,34.22,70.42

2026-09-21T19:20:12.864Z,34.23,70.42

2026-09-21T19:20:17.862Z,34.23,70.44

2026-09-21T19:20:22.864Z,34.23,70.42

2026-09-21T19:20:27.873Z,34.23,70.48

2026-09-21T19:20:32.865Z,34.23,70.42

2026-09-21T19:20:37.864Z,34.22,70.39

2026-09-21T19:20:42.865Z,34.22,70.38

2026-09-21T19:20:47.864Z,34.24,70.45

2026-09-21T19:20:52.865Z,34.23,70.44

2026-09-21T19:20:57.876Z,34.21,70.45

2026-09-21T19:21:02.867Z,34.23,70.42

2026-09-21T19:21:07.866Z,34.22,70.49

2026-09-21T19:21:12.868Z,34.22,70.46

2026-09-21T19:21:17.869Z,34.23,70.44

2026-09-21T19:21:22.869Z,34.21,70.38

2026-09-21T19:21:27.884Z,34.22,70.39

2026-09-21T19:21:32.866Z,34.22,70.44

2026-09-21T19:21:37.869Z,34.2,70.51

2026-09-21T19:21:42.869Z,34.19,70.47

2026-09-21T19:21:47.869Z,34.19,70.47

2026-09-21T19:21:52.868Z,34.21,70.49

2026-09-21T19:21:57.880Z,34.22,70.53

2026-09-21T19:22:02.870Z,34.21,70.5

2026-09-21T19:22:07.872Z,34.2,70.5

2026-09-21T19:22:12.871Z,34.19,70.53

2026-09-21T19:22:17.872Z,34.21,70.52

2026-09-21T19:22:22.872Z,34.21,70.54

2026-09-21T19:22:27.887Z,34.2,70.61

2026-09-21T19:22:32.872Z,34.21,70.5

2026-09-21T19:22:37.875Z,34.18,70.56

2026-09-21T19:22:42.874Z,34.21,70.57

2026-09-21T19:22:47.874Z,34.22,70.51

2026-09-21T19:22:52.875Z,34.21,70.58

2026-09-21T19:22:57.887Z,34.21,70.53

2026-09-21T19:23:02.876Z,34.21,70.6

2026-09-21T19:23:07.875Z,34.22,70.59

2026-09-21T19:23:12.876Z,34.23,70.49

2026-09-21T19:23:17.875Z,34.26,70.62

2026-09-21T19:23:22.877Z,34.25,70.53

2026-09-21T19:23:27.887Z,34.25,70.56

2026-09-21T19:23:32.877Z,34.24,70.52

2026-09-21T19:23:37.877Z,34.27,70.51

2026-09-21T19:23:42.877Z,34.25,70.43

2026-09-21T19:23:47.878Z,34.24,70.42

2026-09-21T19:23:52.878Z,34.27,70.39

2026-09-21T19:23:57.895Z,34.26,70.43

2026-09-21T19:24:02.879Z,34.27,70.42

2026-09-21T19:24:07.879Z,34.27,70.42

2026-09-21T19:24:12.879Z,34.27,70.34

2026-09-21T19:24:17.879Z,34.28,70.34

2026-09-21T19:24:22.881Z,34.29,70.36

2026-09-21T19:24:27.896Z,34.27,70.3

2026-09-21T19:24:32.880Z,34.29,70.32

2026-09-21T19:24:37.881Z,34.3,70.29

2026-09-21T19:24:42.882Z,34.29,70.29

2026-09-21T19:24:47.881Z,34.27,70.27

2026-09-21T19:24:52.881Z,34.29,70.31

2026-09-21T19:24:57.898Z,34.28,70.3

2026-09-21T19:25:02.882Z,34.29,70.35

2026-09-21T19:25:07.884Z,34.29,70.35

2026-09-21T19:25:12.883Z,34.29,70.32

2026-09-21T19:25:17.883Z,34.3,70.33

2026-09-21T19:25:22.891Z,34.3,70.34

2026-09-21T19:25:27.904Z,34.29,70.35

2026-09-21T19:25:32.891Z,34.28,70.31

2026-09-21T19:25:37.893Z,34.3,70.31

2026-09-21T19:25:42.890Z,34.29,70.32

2026-09-21T19:25:47.893Z,34.28,70.34

2026-09-21T19:25:52.895Z,34.29,70.3

2026-09-21T19:25:57.910Z,34.28,70.36

2026-09-21T19:26:02.893Z,34.28,70.33

2026-09-21T19:26:07.895Z,34.27,70.26

2026-09-21T19:26:12.893Z,34.29,70.35

2026-09-21T19:26:17.895Z,34.28,70.3

2026-09-21T19:26:22.900Z,34.29,70.28

2026-09-21T19:26:27.910Z,34.27,70.31

2026-09-21T19:26:32.899Z,34.29,70.33

2026-09-21T19:26:37.898Z,34.3,70.34

2026-09-21T19:26:42.899Z,34.28,70.34

2026-09-21T19:26:47.899Z,34.3,70.31

2026-09-21T19:26:52.901Z,34.29,70.31

2026-09-21T19:26:57.914Z,34.28,70.35

2026-09-21T19:27:02.902Z,34.3,70.31

2026-09-21T19:27:07.901Z,34.3,70.3

2026-09-21T19:27:12.901Z,34.3,70.31

2026-09-21T19:27:17.902Z,34.3,70.25

2026-09-21T19:27:22.902Z,34.32,70.29

2026-09-21T19:27:27.919Z,34.3,70.35

2026-09-21T19:27:32.903Z,34.32,70.3

2026-09-21T19:27:37.903Z,34.3,70.23

2026-09-21T19:27:42.904Z,34.32,70.29

2026-09-21T19:27:47.904Z,34.31,70.19

2026-09-21T19:27:52.903Z,34.3,70.21

2026-09-21T19:27:57.919Z,34.32,70.3

2026-09-21T19:28:02.903Z,34.31,70.23

2026-09-21T19:28:07.904Z,34.32,70.22

2026-09-21T19:28:12.905Z,34.35,70.17

2026-09-21T19:28:17.905Z,34.31,70.14

2026-09-21T19:28:22.914Z,34.32,70.14

2026-09-21T19:28:27.933Z,34.3,70.18

2026-09-21T19:28:32.916Z,34.32,70.16

2026-09-21T19:28:37.916Z,34.32,70.18

2026-09-21T19:28:42.914Z,34.31,70.12

2026-09-21T19:28:47.916Z,34.32,70.17

2026-09-21T19:28:52.923Z,34.31,70.19

2026-09-21T19:28:57.939Z,34.32,70.18

2026-09-21T19:29:02.925Z,34.31,70.13

2026-09-21T19:29:07.924Z,34.31,70.18

2026-09-21T19:29:12.922Z,34.32,70.18

2026-09-21T19:29:17.924Z,34.33,70.21

2026-09-21T19:29:22.931Z,34.31,70.15

2026-09-21T19:29:27.944Z,34.31,70.21

2026-09-21T19:29:32.933Z,34.33,70.19

2026-09-21T19:29:37.933Z,34.33,70.18

2026-09-21T19:29:42.933Z,34.33,70.1

2026-09-21T19:29:47.933Z,34.33,70.09

2026-09-21T19:29:52.945Z,34.33,70.06

2026-09-21T19:29:57.954Z,34.33,70.09

2026-09-21T19:30:02.942Z,34.35,70.03

2026-09-21T19:30:07.943Z,34.33,70.03

2026-09-21T19:30:12.942Z,34.34,69.98

2026-09-21T19:30:17.944Z,34.31,70

2026-09-21T19:30:22.946Z,34.32,70.03

2026-09-21T19:30:27.959Z,34.33,70.07

2026-09-21T19:30:32.946Z,34.31,70.12

2026-09-21T19:30:37.945Z,34.33,70.04

2026-09-21T19:30:42.948Z,34.33,70.06

2026-09-21T19:30:47.947Z,34.32,70.05

2026-09-21T19:30:52.950Z,34.33,70.05

2026-09-21T19:30:57.957Z,34.31,70

2026-09-21T19:31:02.946Z,34.34,70.07

2026-09-21T19:31:07.945Z,34.32,70.07

2026-09-21T19:31:12.945Z,34.32,70.09

2026-09-21T19:31:17.947Z,34.33,70.09

2026-09-21T19:31:22.967Z,34.31,70.12

2026-09-21T19:31:27.978Z,34.3,70.17

2026-09-21T19:31:32.966Z,34.31,70.17

2026-09-21T19:31:37.964Z,34.3,70.17

2026-09-21T19:31:42.964Z,34.32,70.16

2026-09-21T19:31:47.966Z,34.34,70.16

2026-09-21T19:31:52.977Z,34.31,70.1

2026-09-21T19:31:57.994Z,34.31,70.23

2026-09-21T19:32:02.977Z,34.31,70.11

2026-09-21T19:32:07.981Z,34.32,70.15

2026-09-21T19:32:12.979Z,34.33,70.11

2026-09-21T19:32:17.979Z,34.32,70.08

2026-09-21T19:32:22.991Z,34.33,70.07

2026-09-21T19:32:28.011Z,34.33,70.01

2026-09-21T19:32:32.989Z,34.33,70

2026-09-21T19:32:37.989Z,34.34,70

2026-09-21T19:32:42.991Z,34.35,70.02

2026-09-21T19:32:47.991Z,34.34,69.98

2026-09-21T19:32:53.000Z,34.34,70.05

2026-09-21T19:32:58.009Z,34.33,70.02

2026-09-21T19:33:03.000Z,34.32,70

2026-09-21T19:33:07.999Z,34.33,69.99

2026-09-21T19:33:12.997Z,34.34,69.98

2026-09-21T19:33:18.000Z,34.34,70.06

2026-09-21T19:33:23.006Z,34.32,70.02

2026-09-21T19:33:28.021Z,34.31,70.02

2026-09-21T19:33:33.004Z,34.32,69.97

2026-09-21T19:33:38.005Z,34.32,70

2026-09-21T19:33:43.005Z,34.32,69.97

2026-09-21T19:33:48.004Z,34.32,70.01

2026-09-21T19:33:53.013Z,34.34,69.88

2026-09-21T19:33:58.025Z,34.33,70.06

2026-09-21T19:34:03.011Z,34.32,70.08

2026-09-21T19:34:08.010Z,34.33,70.04

2026-09-21T19:34:13.010Z,34.3,70.07

2026-09-21T19:34:18.009Z,34.33,70.08

2026-09-21T19:34:23.018Z,34.3,70.06

2026-09-21T19:34:28.031Z,34.3,70.02

2026-09-21T19:34:33.015Z,34.32,70.01

2026-09-21T19:34:38.017Z,34.32,70.02

2026-09-21T19:34:43.017Z,34.3,69.96

2026-09-21T19:34:48.018Z,34.3,69.95

2026-09-21T19:34:53.017Z,34.3,70

2026-09-21T19:34:58.030Z,34.31,70.07

2026-09-21T19:35:03.019Z,34.31,70.06

2026-09-21T19:35:08.018Z,34.32,70.11

2026-09-21T19:35:13.019Z,34.32,70.13

2026-09-21T19:35:18.018Z,34.31,70.07

2026-09-21T19:35:23.015Z,34.3,70.11

2026-09-21T19:35:28.032Z,34.31,70.11

2026-09-21T19:35:33.021Z,34.3,70.1

2026-09-21T19:35:38.022Z,34.32,70.04

2026-09-21T19:35:43.024Z,34.31,69.99

2026-09-21T19:35:48.025Z,34.32,70.03

2026-09-21T19:35:53.025Z,34.31,70

2026-09-21T19:35:58.040Z,34.29,70.03

2026-09-21T19:36:03.026Z,34.3,70.07

2026-09-21T19:36:08.024Z,34.32,70.03

2026-09-21T19:36:13.024Z,34.3,70.07

2026-09-21T19:36:18.023Z,34.32,70.1

2026-09-21T19:36:23.022Z,34.33,70.05

2026-09-21T19:36:28.035Z,34.34,70.05

2026-09-21T19:36:33.025Z,34.29,69.93

2026-09-21T19:36:38.025Z,34.32,69.88

2026-09-21T19:36:43.025Z,34.32,69.88

2026-09-21T19:36:48.026Z,34.35,69.91

2026-09-21T19:36:53.036Z,34.33,69.94

2026-09-21T19:36:58.050Z,34.34,69.95

2026-09-21T19:37:03.034Z,34.32,69.89

2026-09-21T19:37:08.034Z,34.34,69.88

2026-09-21T19:37:13.037Z,34.33,69.82

2026-09-21T19:37:18.036Z,34.34,69.82

2026-09-21T19:37:23.044Z,34.35,69.81

2026-09-21T19:37:28.054Z,34.33,69.91

2026-09-21T19:37:33.042Z,34.32,69.82

2026-09-21T19:37:38.044Z,34.32,69.81

2026-09-21T19:37:43.041Z,34.31,69.81

2026-09-21T19:37:48.043Z,34.33,69.85

2026-09-21T19:37:53.043Z,34.33,69.85

2026-09-21T19:37:58.053Z,34.33,69.9

2026-09-21T19:38:03.042Z,34.33,69.87

2026-09-21T19:38:08.040Z,34.33,69.86

2026-09-21T19:38:13.041Z,34.33,69.86

2026-09-21T19:38:18.044Z,34.32,69.85

2026-09-21T19:38:23.059Z,34.31,69.77

2026-09-21T19:38:28.068Z,34.29,69.9

2026-09-21T19:38:33.061Z,34.31,69.88

2026-09-21T19:38:38.058Z,34.31,69.9

2026-09-21T19:38:43.058Z,34.31,69.88

2026-09-21T19:38:48.060Z,34.32,69.84

2026-09-21T19:38:53.068Z,34.32,69.86

2026-09-21T19:38:58.078Z,34.31,69.9

2026-09-21T19:39:03.063Z,34.32,69.87

2026-09-21T19:39:08.068Z,34.33,69.92

2026-09-21T19:39:13.065Z,34.33,69.88

2026-09-21T19:39:18.066Z,34.32,69.83

2026-09-21T19:39:23.082Z,34.32,69.86

2026-09-21T19:39:28.089Z,34.32,69.9

2026-09-21T19:39:33.080Z,34.33,69.81

2026-09-21T19:39:38.081Z,34.33,69.92

2026-09-21T19:39:43.081Z,34.33,69.89

2026-09-21T19:39:48.083Z,34.34,69.79

2026-09-21T19:39:53.098Z,34.32,69.79

2026-09-21T19:39:58.108Z,34.33,69.77

2026-09-21T19:40:03.099Z,34.33,69.74

2026-09-21T19:40:08.098Z,34.31,69.78

2026-09-21T19:40:13.098Z,34.34,69.81

2026-09-21T19:40:18.100Z,34.32,69.73

2026-09-21T19:40:23.101Z,34.33,69.76

2026-09-21T19:40:28.118Z,34.3,69.78

2026-09-21T19:40:33.100Z,34.31,69.77

2026-09-21T19:40:38.099Z,34.3,69.69

2026-09-21T19:40:43.098Z,34.31,69.74

2026-09-21T19:40:48.102Z,34.3,69.65

2026-09-21T19:40:53.109Z,34.28,69.63

2026-09-21T19:40:58.122Z,34.29,69.75

2026-09-21T19:41:03.109Z,34.27,69.8

2026-09-21T19:41:08.108Z,34.27,69.8

2026-09-21T19:41:13.109Z,34.3,69.79

2026-09-21T19:41:18.108Z,34.28,69.88

2026-09-21T19:41:23.111Z,34.28,69.87

2026-09-21T19:41:28.122Z,34.27,69.89

2026-09-21T19:41:33.110Z,34.27,69.9

2026-09-21T19:41:38.110Z,34.27,69.91

2026-09-21T19:41:43.111Z,34.28,69.94

2026-09-21T19:41:48.111Z,34.28,69.91

2026-09-21T19:41:53.113Z,34.25,69.94

2026-09-21T19:41:58.126Z,34.25,70

2026-09-21T19:42:03.113Z,34.27,70

2026-09-21T19:42:08.114Z,34.27,69.98

2026-09-21T19:42:13.113Z,34.26,69.95

2026-09-21T19:42:18.114Z,34.28,70.02

2026-09-21T19:42:23.115Z,34.28,69.96

2026-09-21T19:42:28.129Z,34.28,69.99

2026-09-21T19:42:33.113Z,34.28,69.99

2026-09-21T19:42:38.113Z,34.3,69.9

2026-09-21T19:42:43.115Z,34.28,69.85

2026-09-21T19:42:48.117Z,34.3,69.71

2026-09-21T19:42:53.119Z,34.31,69.73

2026-09-21T19:42:58.127Z,34.27,69.71

2026-09-21T19:43:03.119Z,34.28,69.67

2026-09-21T19:43:08.118Z,34.27,69.67

2026-09-21T19:43:13.118Z,34.26,69.65

2026-09-21T19:43:18.119Z,34.25,69.63

2026-09-21T19:43:23.122Z,34.27,69.67

2026-09-21T19:43:28.132Z,34.26,69.72

2026-09-21T19:43:33.121Z,34.24,69.69

2026-09-21T19:43:38.122Z,34.24,69.7

2026-09-21T19:43:43.121Z,34.25,69.77

2026-09-21T19:43:48.122Z,34.22,69.8

2026-09-21T19:43:53.137Z,34.24,69.83

2026-09-21T19:43:58.147Z,34.22,69.85

2026-09-21T19:44:03.137Z,34.22,69.83

2026-09-21T19:44:08.136Z,34.22,69.9

2026-09-21T19:44:13.134Z,34.23,69.84

2026-09-21T19:44:18.137Z,34.22,69.86

2026-09-21T19:44:23.143Z,34.24,69.91

2026-09-21T19:44:28.155Z,34.19,69.94

2026-09-21T19:44:33.142Z,34.22,69.95

2026-09-21T19:44:38.144Z,34.22,69.89

2026-09-21T19:44:43.143Z,34.23,69.84

2026-09-21T19:44:48.146Z,34.22,69.84

2026-09-21T19:44:53.160Z,34.23,69.82

2026-09-21T19:44:58.172Z,34.2,69.8

2026-09-21T19:45:03.160Z,34.23,69.68

2026-09-21T19:45:08.158Z,34.22,69.69

2026-09-21T19:45:13.160Z,34.22,69.7

2026-09-21T19:45:18.159Z,34.23,69.7

2026-09-21T19:45:23.166Z,34.2,69.7

2026-09-21T19:45:28.179Z,34.2,69.72

2026-09-21T19:45:33.166Z,34.22,69.76

2026-09-21T19:45:38.168Z,34.22,69.71

2026-09-21T19:45:43.165Z,34.21,69.76

2026-09-21T19:45:48.168Z,34.21,69.73

2026-09-21T19:45:53.174Z,34.21,69.73

2026-09-21T19:45:58.185Z,34.18,69.74

2026-09-21T19:46:03.172Z,34.21,69.69

2026-09-21T19:46:08.170Z,34.21,69.64

2026-09-21T19:46:13.177Z,34.2,69.71

2026-09-21T19:46:18.173Z,34.18,69.69

2026-09-21T19:46:23.183Z,34.19,69.72

2026-09-21T19:46:28.196Z,34.2,69.72

2026-09-21T19:46:33.185Z,34.2,69.74

2026-09-21T19:46:38.185Z,34.22,69.72

2026-09-21T19:46:43.183Z,34.22,69.76

2026-09-21T19:46:48.187Z,34.21,69.8

2026-09-21T19:46:53.196Z,34.22,69.88

2026-09-21T19:46:58.207Z,34.19,69.85

2026-09-21T19:47:03.197Z,34.22,69.71

2026-09-21T19:47:08.197Z,34.21,69.69

2026-09-21T19:47:13.198Z,34.21,69.66

2026-09-21T19:47:18.201Z,34.22,69.64

2026-09-21T19:47:23.208Z,34.22,69.71

2026-09-21T19:47:28.223Z,34.22,69.7

2026-09-21T19:47:33.208Z,34.22,69.64

2026-09-21T19:47:38.208Z,34.22,69.55

2026-09-21T19:47:43.207Z,34.23,69.41

2026-09-21T19:47:48.205Z,34.22,69.5

2026-09-21T19:47:53.219Z,34.23,69.46

2026-09-21T19:47:58.226Z,34.2,69.56

2026-09-21T19:48:03.214Z,34.21,69.5

2026-09-21T19:48:08.217Z,34.22,69.54

2026-09-21T19:48:13.215Z,34.21,69.6

2026-09-21T19:48:18.218Z,34.2,69.61

2026-09-21T19:48:23.222Z,34.21,69.59

2026-09-21T19:48:28.234Z,34.21,69.69

2026-09-21T19:48:33.221Z,34.22,69.64

2026-09-21T19:48:38.221Z,34.21,69.62

2026-09-21T19:48:43.221Z,34.22,69.7

2026-09-21T19:48:48.223Z,34.22,69.7

2026-09-21T19:48:53.222Z,34.23,69.65

2026-09-21T19:48:58.231Z,34.23,69.58

2026-09-21T19:49:03.220Z,34.25,69.5

2026-09-21T19:49:08.221Z,34.24,69.5

2026-09-21T19:49:13.219Z,34.24,69.48

2026-09-21T19:49:18.222Z,34.23,69.43

2026-09-21T19:49:23.223Z,34.24,69.48

2026-09-21T19:49:28.234Z,34.25,69.48

2026-09-21T19:49:33.222Z,34.23,69.42

2026-09-21T19:49:38.222Z,34.22,69.42

2026-09-21T19:49:43.224Z,34.24,69.52

2026-09-21T19:49:48.222Z,34.23,69.46

2026-09-21T19:49:53.223Z,34.23,69.51

2026-09-21T19:49:58.236Z,34.25,69.54

2026-09-21T19:50:03.221Z,34.24,69.48

2026-09-21T19:50:08.223Z,34.25,69.48

2026-09-21T19:50:13.227Z,34.23,69.41

2026-09-21T19:50:18.226Z,34.26,69.44

2026-09-21T19:50:23.228Z,34.26,69.35

2026-09-21T19:50:28.244Z,34.26,69.36

2026-09-21T19:50:33.227Z,34.26,69.34

2026-09-21T19:50:38.226Z,34.26,69.4

2026-09-21T19:50:43.226Z,34.25,69.41

2026-09-21T19:50:48.227Z,34.25,69.39

2026-09-21T19:50:53.234Z,34.26,69.37

2026-09-21T19:50:58.243Z,34.25,69.44

2026-09-21T19:51:03.232Z,34.27,69.36

2026-09-21T19:51:08.233Z,34.26,69.29

2026-09-21T19:51:13.234Z,34.26,69.26

2026-09-21T19:51:18.234Z,34.26,69.21

2026-09-21T19:51:23.250Z,34.28,69.28

2026-09-21T19:51:28.260Z,34.25,69.2

2026-09-21T19:51:33.246Z,34.26,69.13

2026-09-21T19:51:38.246Z,34.27,69.22

2026-09-21T19:51:43.245Z,34.26,69.2

2026-09-21T19:51:48.247Z,34.27,69.1

2026-09-21T19:51:53.258Z,34.27,69.17

2026-09-21T19:51:58.268Z,34.28,69.19

2026-09-21T19:52:03.257Z,34.26,69.14

2026-09-21T19:52:08.257Z,34.26,69.18

2026-09-21T19:52:13.257Z,34.26,69.23

2026-09-21T19:52:18.259Z,34.27,69.21

2026-09-21T19:52:23.267Z,34.27,69.24

2026-09-21T19:52:28.278Z,34.27,69.25

2026-09-21T19:52:33.266Z,34.25,69.26

2026-09-21T19:52:38.265Z,34.27,69.23

2026-09-21T19:52:43.266Z,34.27,69.3

2026-09-21T19:52:48.269Z,34.25,69.28

2026-09-21T19:52:53.271Z,34.26,69.34

2026-09-21T19:52:58.283Z,34.25,69.35

2026-09-21T19:53:03.270Z,34.27,69.32

2026-09-21T19:53:08.271Z,34.26,69.3

2026-09-21T19:53:13.271Z,34.28,69.23

2026-09-21T19:53:18.270Z,34.26,69.19

2026-09-21T19:53:23.270Z,34.25,69.15

2026-09-21T19:53:28.285Z,34.26,69.17

2026-09-21T19:53:33.272Z,34.27,69.19

2026-09-21T19:53:38.272Z,34.27,69.22

2026-09-21T19:53:43.271Z,34.27,69.19

2026-09-21T19:53:48.272Z,34.28,69.31

2026-09-21T19:53:53.284Z,34.28,69.22

2026-09-21T19:53:58.304Z,34.28,69.41

2026-09-21T19:54:03.284Z,34.29,69.4

2026-09-21T19:54:08.285Z,34.29,69.38

2026-09-21T19:54:13.285Z,34.28,69.37

2026-09-21T19:54:18.283Z,34.29,69.39

2026-09-21T19:54:23.299Z,34.28,69.33

2026-09-21T19:54:28.310Z,34.29,69.32

2026-09-21T19:54:33.297Z,34.29,69.26

2026-09-21T19:54:38.298Z,34.3,69.28

2026-09-21T19:54:43.297Z,34.31,69.21

2026-09-21T19:54:48.298Z,34.31,69.13

2026-09-21T19:54:53.310Z,34.31,69.06

2026-09-21T19:54:58.322Z,34.3,69.07

2026-09-21T19:55:03.310Z,34.31,68.99

2026-09-21T19:55:08.311Z,34.3,68.96

2026-09-21T19:55:13.309Z,34.28,68.95

2026-09-21T19:55:18.310Z,34.3,68.91

2026-09-21T19:55:23.319Z,34.3,68.97

2026-09-21T19:55:28.333Z,34.28,68.93

2026-09-21T19:55:33.319Z,34.3,68.92

2026-09-21T19:55:38.318Z,34.3,69

2026-09-21T19:55:43.319Z,34.3,68.94

2026-09-21T19:55:48.319Z,34.3,69

2026-09-21T19:55:53.322Z,34.31,68.98

2026-09-21T19:55:58.332Z,34.27,69.03

2026-09-21T19:56:03.321Z,34.28,68.97

2026-09-21T19:56:08.320Z,34.27,68.97

2026-09-21T19:56:13.318Z,34.28,68.96

2026-09-21T19:56:18.318Z,34.27,69.02

2026-09-21T19:56:23.323Z,34.29,69.01

2026-09-21T19:56:28.336Z,34.27,68.95

2026-09-21T19:56:33.321Z,34.27,68.98

2026-09-21T19:56:38.323Z,34.29,68.92

2026-09-21T19:56:43.321Z,34.27,68.98

2026-09-21T19:56:48.322Z,34.27,69

2026-09-21T19:56:53.322Z,34.26,68.98

2026-09-21T19:56:58.333Z,34.26,69.02

2026-09-21T19:57:03.323Z,34.28,68.97

2026-09-21T19:57:08.322Z,34.28,69.03

2026-09-21T19:57:13.325Z,34.26,69.03

2026-09-21T19:57:18.325Z,34.28,69.1

2026-09-21T19:57:23.327Z,34.26,69.09

2026-09-21T19:57:28.343Z,34.25,69.01

2026-09-21T19:57:33.329Z,34.26,69.02

2026-09-21T19:57:38.328Z,34.26,69.04

2026-09-21T19:57:43.327Z,34.27,69.01

2026-09-21T19:57:48.328Z,34.28,69.03

2026-09-21T19:57:53.341Z,34.29,68.97

2026-09-21T19:57:58.351Z,34.27,69.05

2026-09-21T19:58:03.339Z,34.27,68.99

2026-09-21T19:58:08.339Z,34.29,69.02

2026-09-21T19:58:13.340Z,34.29,69

2026-09-21T19:58:18.341Z,34.3,68.97

2026-09-21T19:58:23.340Z,34.29,68.95

2026-09-21T19:58:28.353Z,34.3,68.89

2026-09-21T19:58:33.342Z,34.29,68.8

2026-09-21T19:58:38.341Z,34.28,68.87

2026-09-21T19:58:43.342Z,34.28,68.75

2026-09-21T19:58:48.342Z,34.28,68.78

2026-09-21T19:58:53.344Z,34.28,68.77

2026-09-21T19:58:58.354Z,34.29,68.83

2026-09-21T19:59:03.344Z,34.29,68.72

2026-09-21T19:59:08.343Z,34.27,68.79

2026-09-21T19:59:13.365Z,34.27,68.79

2026-09-21T19:59:18.376Z,34.26,68.85

2026-09-21T19:59:23.363Z,34.26,68.79

2026-09-21T19:59:28.362Z,34.28,68.81

2026-09-21T19:59:33.362Z,34.25,68.8

2026-09-21T19:59:38.363Z,34.27,68.83

2026-09-21T19:59:43.376Z,34.28,68.81

2026-09-21T19:59:48.384Z,34.26,68.79

2026-09-21T19:59:53.374Z,34.24,68.78

2026-09-21T19:59:58.373Z,34.26,68.78

2026-09-21T20:00:03.373Z,34.24,68.84

2026-09-21T20:00:08.375Z,34.23,68.77

2026-09-21T20:00:13.373Z,34.25,68.76

2026-09-21T20:00:18.383Z,34.23,68.79

2026-09-21T20:00:23.375Z,34.24,68.81

2026-09-21T20:00:28.377Z,34.22,68.8

2026-09-21T20:00:33.375Z,34.23,68.83

2026-09-21T20:00:38.377Z,34.23,68.81

2026-09-21T20:00:43.375Z,34.22,68.82

2026-09-21T20:00:48.389Z,34.23,68.82

2026-09-21T20:00:53.376Z,34.22,68.77

2026-09-21T20:00:58.376Z,34.23,68.85

2026-09-21T20:01:03.378Z,34.23,68.81

2026-09-21T20:01:08.378Z,34.23,68.87

2026-09-21T20:01:13.382Z,34.23,68.91

2026-09-21T20:01:18.396Z,34.22,68.9

2026-09-21T20:01:23.376Z,34.21,68.86

2026-09-21T20:01:28.379Z,34.22,68.86

2026-09-21T20:01:33.380Z,34.22,68.9

2026-09-21T20:01:38.380Z,34.22,68.87

2026-09-21T20:01:43.382Z,34.2,68.89

2026-09-21T20:01:48.395Z,34.19,68.97

2026-09-21T20:01:53.381Z,34.21,68.87

2026-09-21T20:01:58.382Z,34.22,68.88

2026-09-21T20:02:03.379Z,34.2,68.89

2026-09-21T20:02:08.382Z,34.21,68.87

2026-09-21T20:02:13.399Z,34.21,68.9

2026-09-21T20:02:18.412Z,34.2,68.87

2026-09-21T20:02:23.399Z,34.2,68.91

2026-09-21T20:02:28.399Z,34.19,68.92

2026-09-21T20:02:33.401Z,34.17,68.95

2026-09-21T20:02:38.400Z,34.2,68.93

2026-09-21T20:02:43.414Z,34.2,68.96

2026-09-21T20:02:48.425Z,34.2,68.99

2026-09-21T20:02:53.413Z,34.2,68.99

2026-09-21T20:02:58.414Z,34.2,68.9

2026-09-21T20:03:03.413Z,34.22,68.91

2026-09-21T20:03:08.414Z,34.21,68.92

2026-09-21T20:03:13.430Z,34.21,68.88

2026-09-21T20:03:18.444Z,34.19,68.93

2026-09-21T20:03:23.429Z,34.19,68.92

2026-09-21T20:03:28.429Z,34.22,68.86

2026-09-21T20:03:33.428Z,34.19,68.88

2026-09-21T20:03:38.428Z,34.19,68.9

2026-09-21T20:03:43.428Z,34.2,68.94

2026-09-21T20:03:48.441Z,34.19,68.95

2026-09-21T20:03:53.430Z,34.21,68.92

2026-09-21T20:03:58.428Z,34.2,68.99

2026-09-21T20:04:03.428Z,34.2,68.93

2026-09-21T20:04:08.428Z,34.2,69

2026-09-21T20:04:13.428Z,34.2,68.92

2026-09-21T20:04:18.441Z,34.18,68.95

2026-09-21T20:04:23.430Z,34.17,68.88

2026-09-21T20:04:28.432Z,34.19,68.88

2026-09-21T20:04:33.432Z,34.19,68.91

2026-09-21T20:04:38.432Z,34.22,68.97

2026-09-21T20:04:43.433Z,34.2,68.9

2026-09-21T20:04:48.447Z,34.18,68.91

2026-09-21T20:04:53.433Z,34.19,68.95

2026-09-21T20:04:58.435Z,34.21,68.92

2026-09-21T20:05:03.434Z,34.17,68.91

2026-09-21T20:05:08.435Z,34.16,68.95

2026-09-21T20:05:13.451Z,34.18,69

2026-09-21T20:05:18.461Z,34.18,69

2026-09-21T20:05:23.450Z,34.18,68.99

2026-09-21T20:05:28.449Z,34.19,68.96

2026-09-21T20:05:33.451Z,34.18,68.97

2026-09-21T20:05:38.449Z,34.2,68.99

2026-09-21T20:05:43.459Z,34.18,68.94

2026-09-21T20:05:48.473Z,34.15,69.02

2026-09-21T20:05:53.459Z,34.19,69.01

2026-09-21T20:05:58.458Z,34.18,68.95

2026-09-21T20:06:03.458Z,34.18,68.9

2026-09-21T20:06:08.459Z,34.18,68.92

2026-09-21T20:06:13.487Z,34.17,68.94

2026-09-21T20:06:18.498Z,34.17,68.96

2026-09-21T20:06:23.486Z,34.16,68.87

2026-09-21T20:06:28.487Z,34.18,68.9

2026-09-21T20:06:33.485Z,34.17,68.94

2026-09-21T20:06:38.486Z,34.19,68.87

2026-09-21T20:06:43.488Z,34.18,68.75

2026-09-21T20:06:48.498Z,34.18,68.85

2026-09-21T20:06:53.485Z,34.18,68.77

2026-09-21T20:06:58.485Z,34.18,68.77

2026-09-21T20:07:03.485Z,34.19,68.86

2026-09-21T20:07:08.487Z,34.19,68.86

2026-09-21T20:07:13.487Z,34.19,68.86

2026-09-21T20:07:18.503Z,34.19,68.91

2026-09-21T20:07:23.488Z,34.19,68.8

2026-09-21T20:07:28.488Z,34.19,68.8

2026-09-21T20:07:33.488Z,34.2,68.74

2026-09-21T20:07:38.488Z,34.2,68.8

2026-09-21T20:07:43.488Z,34.21,68.76

2026-09-21T20:07:48.505Z,34.19,68.78

2026-09-21T20:07:53.491Z,34.2,68.77

2026-09-21T20:07:58.491Z,34.22,68.8

2026-09-21T20:08:03.488Z,34.21,68.85

2026-09-21T20:08:08.490Z,34.22,68.83

2026-09-21T20:08:13.490Z,34.2,68.85

2026-09-21T20:08:18.506Z,34.22,68.89

2026-09-21T20:08:23.490Z,34.22,68.85

2026-09-21T20:08:28.496Z,34.22,68.83

2026-09-21T20:08:33.496Z,34.22,68.83

2026-09-21T20:08:38.494Z,34.23,68.92

2026-09-21T20:08:43.494Z,34.23,68.86

2026-09-21T20:08:48.511Z,34.22,68.89

2026-09-21T20:08:53.495Z,34.24,68.86

2026-09-21T20:08:58.495Z,34.24,68.88

2026-09-21T20:09:03.495Z,34.23,68.88

2026-09-21T20:09:08.496Z,34.22,68.86

2026-09-21T20:09:13.501Z,34.24,68.91

2026-09-21T20:09:18.513Z,34.24,68.91

2026-09-21T20:09:23.501Z,34.25,68.93

2026-09-21T20:09:28.501Z,34.24,68.93

2026-09-21T20:09:33.499Z,34.25,68.96

2026-09-21T20:09:38.503Z,34.26,68.95

2026-09-21T20:09:43.500Z,34.28,68.95

2026-09-21T20:09:48.513Z,34.26,68.97

2026-09-21T20:09:53.502Z,34.26,68.98

2026-09-21T20:09:58.501Z,34.26,68.97

2026-09-21T20:10:03.504Z,34.26,68.98

2026-09-21T20:10:08.502Z,34.26,68.99

2026-09-21T20:10:13.503Z,34.26,68.91

2026-09-21T20:10:18.515Z,34.28,69

2026-09-21T20:10:23.503Z,34.27,69.02

2026-09-21T20:10:28.502Z,34.27,68.95

2026-09-21T20:10:33.503Z,34.28,69.04

2026-09-21T20:10:38.504Z,34.26,69

2026-09-21T20:10:43.504Z,34.26,69.02

2026-09-21T20:10:48.515Z,34.28,69.02

2026-09-21T20:10:53.501Z,34.27,69.03

2026-09-21T20:10:58.500Z,34.27,69

2026-09-21T20:11:03.501Z,34.29,69.01

2026-09-21T20:11:08.502Z,34.29,68.97

2026-09-21T20:11:13.509Z,34.29,69.09

2026-09-21T20:11:18.519Z,34.31,69.13

2026-09-21T20:11:23.506Z,34.3,69.12

2026-09-21T20:11:28.510Z,34.29,69.19

2026-09-21T20:11:33.508Z,34.3,69.09

2026-09-21T20:11:38.509Z,34.29,69.16

2026-09-21T20:11:43.530Z,34.3,69.14

2026-09-21T20:11:48.540Z,34.29,69.16

2026-09-21T20:11:53.532Z,34.31,69.15

2026-09-21T20:11:58.531Z,34.3,69.12

2026-09-21T20:12:03.528Z,34.29,69.16

2026-09-21T20:12:08.528Z,34.31,69.11

2026-09-21T20:12:13.542Z,34.31,69.18

2026-09-21T20:12:18.560Z,34.31,69.2

2026-09-21T20:12:23.540Z,34.32,69.24

2026-09-21T20:12:28.540Z,34.3,69.2

2026-09-21T20:12:33.541Z,34.31,69.21

2026-09-21T20:12:38.540Z,34.3,69.22

2026-09-21T20:12:43.552Z,34.31,69.28

2026-09-21T20:12:48.564Z,34.31,69.29

2026-09-21T20:12:53.552Z,34.31,69.25

2026-09-21T20:12:58.554Z,34.3,69.25

2026-09-21T20:13:03.554Z,34.29,69.18

2026-09-21T20:13:08.556Z,34.29,69.25

2026-09-21T20:13:13.564Z,34.3,69.25

2026-09-21T20:13:18.577Z,34.3,69.35

2026-09-21T20:13:23.564Z,34.31,69.23

2026-09-21T20:13:28.563Z,34.29,69.24

2026-09-21T20:13:33.564Z,34.3,69.31

2026-09-21T20:13:38.565Z,34.29,69.26

2026-09-21T20:13:43.563Z,34.3,69.26

2026-09-21T20:13:48.576Z,34.29,69.27

2026-09-21T20:13:53.566Z,34.29,69.26

2026-09-21T20:13:58.566Z,34.28,69.29

2026-09-21T20:14:03.566Z,34.31,69.32

2026-09-21T20:14:08.567Z,34.3,69.25

2026-09-21T20:14:13.572Z,34.32,69.25

2026-09-21T20:14:18.582Z,34.31,69.32

2026-09-21T20:14:23.569Z,34.31,69.27

2026-09-21T20:14:28.569Z,34.33,69.2

2026-09-21T20:14:33.571Z,34.29,69.26

2026-09-21T20:14:38.570Z,34.3,69.21

2026-09-21T20:14:43.571Z,34.29,69.28

2026-09-21T20:14:48.582Z,34.3,69.29

2026-09-21T20:14:53.571Z,34.28,69.24

2026-09-21T20:14:58.570Z,34.28,69.21

2026-09-21T20:15:03.572Z,34.31,69.26

2026-09-21T20:15:08.570Z,34.29,69.24

2026-09-21T20:15:13.572Z,34.28,69.26

2026-09-21T20:15:18.591Z,34.29,69.29

2026-09-21T20:15:23.575Z,34.31,69.26

2026-09-21T20:15:28.575Z,34.3,69.31

2026-09-21T20:15:33.574Z,34.31,69.29

2026-09-21T20:15:38.577Z,34.31,69.32

2026-09-21T20:15:43.577Z,34.32,69.34

2026-09-21T20:15:48.594Z,34.3,69.3

2026-09-21T20:15:53.577Z,34.32,69.27

2026-09-21T20:15:58.576Z,34.3,69.23

2026-09-21T20:16:03.578Z,34.31,69.19

2026-09-21T20:16:08.577Z,34.31,69.12

2026-09-21T20:16:13.594Z,34.32,68.99

2026-09-21T20:16:18.605Z,34.32,69.04

2026-09-21T20:16:23.591Z,34.3,69.06

2026-09-21T20:16:28.590Z,34.34,69.02

2026-09-21T20:16:33.592Z,34.31,69.01

2026-09-21T20:16:38.591Z,34.33,69.02

2026-09-21T20:16:43.605Z,34.33,69.02

2026-09-21T20:16:48.614Z,34.32,69.12

2026-09-21T20:16:53.602Z,34.31,69.1

2026-09-21T20:16:58.605Z,34.32,69.06

2026-09-21T20:17:03.603Z,34.32,69.04

2026-09-21T20:17:08.604Z,34.32,69.08

2026-09-21T20:17:13.612Z,34.3,69.1

2026-09-21T20:17:18.621Z,34.33,69.14

2026-09-21T20:17:23.609Z,34.33,69.15

2026-09-21T20:17:28.609Z,34.31,69.15

2026-09-21T20:17:33.611Z,34.32,69.14

2026-09-21T20:17:38.610Z,34.32,69.09

2026-09-21T20:17:43.626Z,34.35,69.08

2026-09-21T20:17:48.635Z,34.35,68.96

2026-09-21T20:17:53.624Z,34.34,68.93

2026-09-21T20:17:58.624Z,34.35,68.88

2026-09-21T20:18:03.623Z,34.35,68.89

2026-09-21T20:18:08.624Z,34.33,68.84

2026-09-21T20:18:13.635Z,34.34,68.78

2026-09-21T20:18:18.647Z,34.32,68.8

2026-09-21T20:18:23.633Z,34.32,68.82

2026-09-21T20:18:28.635Z,34.35,68.83

2026-09-21T20:18:33.635Z,34.33,68.83

2026-09-21T20:18:38.634Z,34.35,68.79

2026-09-21T20:18:43.634Z,34.32,68.84

2026-09-21T20:18:48.653Z,34.32,68.84

2026-09-21T20:18:53.635Z,34.33,68.81

2026-09-21T20:18:58.636Z,34.33,68.88

2026-09-21T20:19:03.638Z,34.33,68.81

2026-09-21T20:19:08.639Z,34.32,68.78

2026-09-21T20:19:13.648Z,34.31,68.82

2026-09-21T20:19:18.653Z,34.32,68.85

2026-09-21T20:19:23.644Z,34.32,68.85

2026-09-21T20:19:28.645Z,34.3,68.85

2026-09-21T20:19:33.646Z,34.31,68.84

2026-09-21T20:19:38.646Z,34.33,68.82

2026-09-21T20:19:43.657Z,34.32,68.81

2026-09-21T20:19:48.666Z,34.32,68.8

2026-09-21T20:19:53.655Z,34.32,68.8

2026-09-21T20:19:58.656Z,34.31,68.81

2026-09-21T20:20:03.659Z,34.3,68.81

2026-09-21T20:20:08.660Z,34.31,68.78

2026-09-21T20:20:13.666Z,34.32,68.71

2026-09-21T20:20:18.677Z,34.29,68.75

2026-09-21T20:20:23.667Z,34.29,68.79

2026-09-21T20:20:28.667Z,34.3,68.73

2026-09-21T20:20:33.667Z,34.27,68.76

2026-09-21T20:20:38.668Z,34.3,68.73

2026-09-21T20:20:43.672Z,34.28,68.74

2026-09-21T20:20:48.684Z,34.29,68.82

2026-09-21T20:20:53.673Z,34.27,68.77

2026-09-21T20:20:58.672Z,34.28,68.86

2026-09-21T20:21:03.675Z,34.28,68.83

2026-09-21T20:21:08.673Z,34.28,68.78

2026-09-21T20:21:13.679Z,34.29,68.83

2026-09-21T20:21:18.691Z,34.27,68.8

2026-09-21T20:21:23.677Z,34.28,68.76

2026-09-21T20:21:28.677Z,34.28,68.74

2026-09-21T20:21:33.678Z,34.28,68.8

2026-09-21T20:21:38.677Z,34.27,68.71

2026-09-21T20:21:43.682Z,34.27,68.78

2026-09-21T20:21:48.695Z,34.25,68.77

2026-09-21T20:21:53.682Z,34.29,68.78

2026-09-21T20:21:58.682Z,34.27,68.73

2026-09-21T20:22:03.684Z,34.27,68.69

2026-09-21T20:22:08.682Z,34.26,68.7

2026-09-21T20:22:13.688Z,34.26,68.65

2026-09-21T20:22:18.700Z,34.26,68.63

2026-09-21T20:22:23.687Z,34.25,68.62

2026-09-21T20:22:28.689Z,34.25,68.71

2026-09-21T20:22:33.687Z,34.27,68.74

2026-09-21T20:22:38.688Z,34.25,68.74

2026-09-21T20:22:43.688Z,34.25,68.72

2026-09-21T20:22:48.703Z,34.26,68.82

2026-09-21T20:22:53.688Z,34.26,68.78

2026-09-21T20:22:58.696Z,34.25,68.81

2026-09-21T20:23:03.692Z,34.26,68.85

2026-09-21T20:23:08.691Z,34.28,68.84

2026-09-21T20:23:13.698Z,34.27,68.78

2026-09-21T20:23:18.712Z,34.26,68.79

2026-09-21T20:23:23.699Z,34.26,68.75

2026-09-21T20:23:28.699Z,34.27,68.59

2026-09-21T20:23:33.700Z,34.25,68.6

2026-09-21T20:23:38.700Z,34.26,68.65

2026-09-21T20:23:43.710Z,34.26,68.64

2026-09-21T20:23:48.719Z,34.26,68.68

2026-09-21T20:23:53.707Z,34.27,68.56

2026-09-21T20:23:58.709Z,34.25,68.58

2026-09-21T20:24:03.708Z,34.25,68.58

2026-09-21T20:24:08.709Z,34.26,68.54

2026-09-21T20:24:13.726Z,34.25,68.53

2026-09-21T20:24:18.736Z,34.25,68.6

2026-09-21T20:24:23.729Z,34.24,68.6

2026-09-21T20:24:28.726Z,34.23,68.62

2026-09-21T20:24:33.726Z,34.24,68.61

2026-09-21T20:24:38.727Z,34.24,68.55

2026-09-21T20:24:43.740Z,34.24,68.58

2026-09-21T20:24:48.752Z,34.21,68.58

2026-09-21T20:24:53.739Z,34.24,68.6

2026-09-21T20:24:58.740Z,34.24,68.58

2026-09-21T20:25:03.740Z,34.23,68.51

2026-09-21T20:25:08.742Z,34.22,68.62

2026-09-21T20:25:13.747Z,34.22,68.65

2026-09-21T20:25:18.759Z,34.21,68.66

2026-09-21T20:25:23.743Z,34.21,68.63

2026-09-21T20:25:28.744Z,34.22,68.65

2026-09-21T20:25:33.742Z,34.2,68.69

2026-09-21T20:25:38.742Z,34.21,68.72

2026-09-21T20:25:43.741Z,34.22,68.67

2026-09-21T20:25:48.752Z,34.21,68.73

2026-09-21T20:25:53.743Z,34.19,68.71

2026-09-21T20:25:58.745Z,34.2,68.71

2026-09-21T20:26:03.746Z,34.19,68.72

2026-09-21T20:26:08.743Z,34.2,68.77

2026-09-21T20:26:13.755Z,34.2,68.78

2026-09-21T20:26:18.768Z,34.18,68.75

2026-09-21T20:26:23.755Z,34.18,68.8

2026-09-21T20:26:28.756Z,34.16,68.78

2026-09-21T20:26:33.756Z,34.18,68.71

2026-09-21T20:26:38.757Z,34.17,68.72

2026-09-21T20:26:43.763Z,34.17,68.76

2026-09-21T20:26:48.776Z,34.19,68.8

2026-09-21T20:26:53.760Z,34.17,68.82

2026-09-21T20:26:58.760Z,34.18,68.81

2026-09-21T20:27:03.762Z,34.18,68.78

2026-09-21T20:27:08.760Z,34.17,68.81

2026-09-21T20:27:13.777Z,34.17,68.79

2026-09-21T20:27:18.786Z,34.18,68.78

2026-09-21T20:27:23.778Z,34.16,68.74

2026-09-21T20:27:28.779Z,34.14,68.76

2026-09-21T20:27:33.778Z,34.16,68.82

2026-09-21T20:27:38.778Z,34.16,68.82

2026-09-21T20:27:43.782Z,34.14,68.79

2026-09-21T20:27:48.800Z,34.17,68.86

2026-09-21T20:27:53.781Z,34.16,68.78

2026-09-21T20:27:58.784Z,34.15,68.84

2026-09-21T20:28:03.783Z,34.17,68.85

2026-09-21T20:28:08.783Z,34.15,68.87

2026-09-21T20:28:13.789Z,34.15,68.85

2026-09-21T20:28:18.803Z,34.14,68.93

2026-09-21T20:28:23.790Z,34.15,68.88

2026-09-21T20:28:28.791Z,34.14,68.95

2026-09-21T20:28:33.789Z,34.13,68.96

2026-09-21T20:28:38.790Z,34.13,68.95

2026-09-21T20:28:43.793Z,34.13,68.88

2026-09-21T20:28:48.807Z,34.14,68.97

2026-09-21T20:28:53.794Z,34.14,68.95

2026-09-21T20:28:58.791Z,34.15,68.99

2026-09-21T20:29:03.791Z,34.12,69.01

2026-09-21T20:29:08.792Z,34.13,68.97

2026-09-21T20:29:13.792Z,34.12,68.92

2026-09-21T20:29:18.802Z,34.13,68.96

2026-09-21T20:29:23.791Z,34.13,68.96

2026-09-21T20:29:28.791Z,34.12,68.93

2026-09-21T20:29:33.792Z,34.14,68.95

2026-09-21T20:29:38.792Z,34.12,68.86

2026-09-21T20:29:43.792Z,34.13,68.96

2026-09-21T20:29:48.803Z,34.12,69

2026-09-21T20:29:53.791Z,34.12,68.96

2026-09-21T20:29:58.793Z,34.13,68.98

2026-09-21T20:30:03.796Z,34.12,68.93

2026-09-21T20:30:08.795Z,34.11,69

2026-09-21T20:30:13.813Z,34.12,69.05

2026-09-21T20:30:18.827Z,34.11,69.07

2026-09-21T20:30:23.808Z,34.13,68.99

2026-09-21T20:30:28.809Z,34.13,69.06

2026-09-21T20:30:33.808Z,34.12,68.99

2026-09-21T20:30:38.810Z,34.14,69.03

2026-09-21T20:30:43.824Z,34.12,68.96

2026-09-21T20:30:48.834Z,34.12,69.01

2026-09-21T20:30:53.822Z,34.12,68.95

2026-09-21T20:30:58.824Z,34.12,69

2026-09-21T20:31:03.823Z,34.11,68.99

2026-09-21T20:31:08.825Z,34.1,69.06

2026-09-21T20:31:13.834Z,34.1,69.06

2026-09-21T20:31:18.849Z,34.09,69.07

2026-09-21T20:31:23.834Z,34.09,69.06

2026-09-21T20:31:28.835Z,34.08,69.1

2026-09-21T20:31:33.834Z,34.08,69.1

2026-09-21T20:31:38.834Z,34.08,69.14

2026-09-21T20:31:43.849Z,34.07,69.14

2026-09-21T20:31:48.857Z,34.06,69.21

2026-09-21T20:31:53.845Z,34.06,69.11

2026-09-21T20:31:58.848Z,34.06,69.15

2026-09-21T20:32:03.849Z,34.05,69.22

2026-09-21T20:32:08.848Z,34.06,69.17

2026-09-21T20:32:13.854Z,34.07,69.2

2026-09-21T20:32:18.864Z,34.04,69.24

2026-09-21T20:32:23.853Z,34.05,69.18

2026-09-21T20:32:28.854Z,34.07,69.18

2026-09-21T20:32:33.852Z,34.06,69.22

2026-09-21T20:32:38.853Z,34.05,69.21

2026-09-21T20:32:43.852Z,34.05,69.2

2026-09-21T20:32:48.866Z,34.03,69.27

2026-09-21T20:32:53.855Z,34.05,69.2

2026-09-21T20:32:58.855Z,34.05,69.2

2026-09-21T20:33:03.853Z,34.03,69.2

2026-09-21T20:33:08.853Z,34.04,69.28

2026-09-21T20:33:13.856Z,34.05,69.32

2026-09-21T20:33:18.868Z,34.02,69.29

2026-09-21T20:33:23.856Z,34.03,69.23

2026-09-21T20:33:28.856Z,34.03,69.22

2026-09-21T20:33:33.856Z,34.04,69.26

2026-09-21T20:33:38.858Z,34.07,69.19

2026-09-21T20:33:43.871Z,34.06,69.26

2026-09-21T20:33:48.884Z,34.05,69.24

2026-09-21T20:33:53.868Z,34.06,69.25

2026-09-21T20:33:58.872Z,34.05,69.24

2026-09-21T20:34:03.872Z,34.05,69.26

2026-09-21T20:34:08.871Z,34.07,69.2

2026-09-21T20:34:13.887Z,34.05,69.26

2026-09-21T20:34:18.900Z,34.07,69.23

2026-09-21T20:34:23.885Z,34.07,69.24

2026-09-21T20:34:28.885Z,34.06,69.22

2026-09-21T20:34:33.887Z,34.08,69.28

2026-09-21T20:34:38.888Z,34.07,69.28

2026-09-21T20:34:43.894Z,34.06,69.25

2026-09-21T20:34:48.904Z,34.08,69.23

2026-09-21T20:34:53.891Z,34.07,69.25

2026-09-21T20:34:58.891Z,34.08,69.27

2026-09-21T20:35:03.894Z,34.1,69.29

2026-09-21T20:35:08.893Z,34.09,69.21

2026-09-21T20:35:13.893Z,34.11,69.24

2026-09-21T20:35:18.903Z,34.11,69.28

2026-09-21T20:35:23.894Z,34.11,69.13

2026-09-21T20:35:28.893Z,34.12,69.1

2026-09-21T20:35:33.894Z,34.12,69.04

2026-09-21T20:35:38.895Z,34.12,69.03

2026-09-21T20:35:43.893Z,34.13,69.02

2026-09-21T20:35:48.904Z,34.14,69.01

2026-09-21T20:35:53.892Z,34.13,68.97

2026-09-21T20:35:58.895Z,34.13,68.94

2026-09-21T20:36:03.893Z,34.13,68.87

2026-09-21T20:36:08.893Z,34.14,68.73

2026-09-21T20:36:13.897Z,34.15,68.73

2026-09-21T20:36:18.907Z,34.13,68.79

2026-09-21T20:36:23.896Z,34.14,68.72

2026-09-21T20:36:28.896Z,34.15,68.75

2026-09-21T20:36:33.895Z,34.13,68.68

2026-09-21T20:36:38.896Z,34.14,68.68

2026-09-21T20:36:43.903Z,34.12,68.64

2026-09-21T20:36:48.916Z,34.12,68.72

2026-09-21T20:36:53.901Z,34.15,68.65

2026-09-21T20:36:58.901Z,34.14,68.64

2026-09-21T20:37:03.902Z,34.13,68.71

2026-09-21T20:37:08.903Z,34.13,68.69

2026-09-21T20:37:13.922Z,34.13,68.7

2026-09-21T20:37:18.933Z,34.14,68.73

2026-09-21T20:37:23.915Z,34.13,68.7

2026-09-21T20:37:28.919Z,34.12,68.67

2026-09-21T20:37:33.921Z,34.12,68.68

2026-09-21T20:37:38.922Z,34.12,68.6

2026-09-21T20:37:43.940Z,34.13,68.63

2026-09-21T20:37:48.955Z,34.13,68.7

2026-09-21T20:37:53.941Z,34.13,68.63

2026-09-21T20:37:58.941Z,34.14,68.63

2026-09-21T20:38:03.941Z,34.13,68.69

2026-09-21T20:38:08.943Z,34.12,68.74

2026-09-21T20:38:13.949Z,34.11,68.76

2026-09-21T20:38:18.959Z,34.11,68.82

2026-09-21T20:38:23.947Z,34.11,68.68

2026-09-21T20:38:28.948Z,34.14,68.72

2026-09-21T20:38:33.948Z,34.11,68.65

2026-09-21T20:38:38.948Z,34.12,68.68

2026-09-21T20:38:43.955Z,34.1,68.69

2026-09-21T20:38:48.965Z,34.11,68.67

2026-09-21T20:38:53.955Z,34.11,68.75

2026-09-21T20:38:58.956Z,34.13,68.69

2026-09-21T20:39:03.955Z,34.1,68.76

2026-09-21T20:39:08.957Z,34.13,68.73

2026-09-21T20:39:13.961Z,34.1,68.78

2026-09-21T20:39:18.971Z,34.1,68.84

2026-09-21T20:39:23.958Z,34.08,68.86

2026-09-21T20:39:28.960Z,34.1,68.87

2026-09-21T20:39:33.959Z,34.07,68.82

2026-09-21T20:39:38.957Z,34.09,68.83

2026-09-21T20:39:43.963Z,34.08,68.82

2026-09-21T20:39:48.973Z,34.07,68.86

2026-09-21T20:39:53.964Z,34.08,68.84

2026-09-21T20:39:58.965Z,34.09,68.89

2026-09-21T20:40:03.962Z,34.06,68.95

2026-09-21T20:40:08.963Z,34.08,68.88

2026-09-21T20:40:13.968Z,34.06,68.94

2026-09-21T20:40:18.978Z,34.09,69.02

2026-09-21T20:40:23.969Z,34.07,68.99

2026-09-21T20:40:28.968Z,34.08,68.95

2026-09-21T20:40:33.968Z,34.07,68.98

2026-09-21T20:40:38.970Z,34.07,69.06

2026-09-21T20:40:43.967Z,34.08,69

2026-09-21T20:40:48.981Z,34.08,69.02

2026-09-21T20:40:53.970Z,34.08,69

2026-09-21T20:40:58.971Z,34.06,69.01

2026-09-21T20:41:03.972Z,34.06,69.01

2026-09-21T20:41:08.972Z,34.08,69.03

2026-09-21T20:41:13.976Z,34.07,69.02

2026-09-21T20:41:18.991Z,34.07,69.09

2026-09-21T20:41:23.974Z,34.07,69.05

2026-09-21T20:41:28.973Z,34.08,69.06

2026-09-21T20:41:33.973Z,34.1,69.06

2026-09-21T20:41:38.974Z,34.09,69.1

2026-09-21T20:41:43.974Z,34.07,69.08

2026-09-21T20:41:48.987Z,34.09,69.13

2026-09-21T20:41:53.975Z,34.07,69.04

2026-09-21T20:41:58.976Z,34.09,69.07

2026-09-21T20:42:03.976Z,34.08,69.07

2026-09-21T20:42:08.975Z,34.08,69.11

2026-09-21T20:42:13.980Z,34.08,69.07

2026-09-21T20:42:18.994Z,34.07,69.05

2026-09-21T20:42:23.978Z,34.08,69.03

2026-09-21T20:42:28.980Z,34.09,69

2026-09-21T20:42:33.980Z,34.07,69.03

2026-09-21T20:42:38.980Z,34.08,69.09

2026-09-21T20:42:43.994Z,34.07,69.11

2026-09-21T20:42:49.008Z,34.07,69.1

2026-09-21T20:42:53.994Z,34.07,69.11

2026-09-21T20:42:58.994Z,34.09,69.1

2026-09-21T20:43:03.993Z,34.08,69.11

2026-09-21T20:43:08.992Z,34.09,69.16

2026-09-21T20:43:13.998Z,34.1,69.15

2026-09-21T20:43:19.009Z,34.09,69.22

2026-09-21T20:43:23.999Z,34.09,69.19

2026-09-21T20:43:28.996Z,34.08,69.18

2026-09-21T20:43:33.998Z,34.07,69.13

2026-09-21T20:43:38.998Z,34.09,69.18

2026-09-21T20:43:44.001Z,34.1,69.08

2026-09-21T20:43:49.012Z,34.09,69.18

2026-09-21T20:43:54.002Z,34.1,69.16

2026-09-21T20:43:59.002Z,34.12,69.11

2026-09-21T20:44:04.000Z,34.13,69.1

2026-09-21T20:44:08.999Z,34.11,69.08

2026-09-21T20:44:14.017Z,34.12,69.11

2026-09-21T20:44:19.031Z,34.13,69.13

2026-09-21T20:44:24.015Z,34.12,69.05

2026-09-21T20:44:29.019Z,34.13,69.05

2026-09-21T20:44:34.018Z,34.12,69.08

2026-09-21T20:44:39.024Z,34.13,69.02

2026-09-21T20:44:44.027Z,34.14,69.05

2026-09-21T20:44:49.036Z,34.15,69.07

2026-09-21T20:44:54.033Z,34.14,68.97

2026-09-21T20:44:59.028Z,34.16,69.03

2026-09-21T20:45:04.028Z,34.14,69

2026-09-21T20:45:09.026Z,34.16,68.97

2026-09-21T20:45:14.037Z,34.14,68.98

2026-09-21T20:45:19.048Z,34.15,69

2026-09-21T20:45:24.036Z,34.16,69.02

2026-09-21T20:45:29.038Z,34.16,68.95

2026-09-21T20:45:34.036Z,34.17,68.89

2026-09-21T20:45:39.037Z,34.16,68.9

2026-09-21T20:45:44.048Z,34.17,68.92

2026-09-21T20:45:49.060Z,34.18,68.87

2026-09-21T20:45:54.047Z,34.17,68.9

2026-09-21T20:45:59.046Z,34.17,68.88

2026-09-21T20:46:04.049Z,34.16,68.89

2026-09-21T20:46:09.046Z,34.17,68.83

2026-09-21T20:46:14.065Z,34.18,68.89

2026-09-21T20:46:19.071Z,34.17,68.83

2026-09-21T20:46:24.060Z,34.19,68.86

2026-09-21T20:46:29.062Z,34.19,68.82

2026-09-21T20:46:34.060Z,34.17,68.85

2026-09-21T20:46:39.062Z,34.21,68.88

2026-09-21T20:46:44.072Z,34.2,68.79

2026-09-21T20:46:49.080Z,34.17,68.83

2026-09-21T20:46:54.067Z,34.19,68.87

2026-09-21T20:46:59.072Z,34.21,68.82

2026-09-21T20:47:04.069Z,34.22,68.84

2026-09-21T20:47:09.069Z,34.19,68.88

2026-09-21T20:47:14.071Z,34.2,68.8

2026-09-21T20:47:19.082Z,34.18,68.88

2026-09-21T20:47:24.069Z,34.17,68.85

2026-09-21T20:47:29.069Z,34.16,68.87

2026-09-21T20:47:34.071Z,34.17,68.88

2026-09-21T20:47:39.073Z,34.18,68.92

2026-09-21T20:47:44.074Z,34.17,68.88

2026-09-21T20:47:49.081Z,34.16,69.01

2026-09-21T20:47:54.073Z,34.15,68.97

2026-09-21T20:47:59.071Z,34.16,68.92

2026-09-21T20:48:04.073Z,34.18,68.97

2026-09-21T20:48:09.076Z,34.15,69.01

2026-09-21T20:48:14.080Z,34.15,68.98

2026-09-21T20:48:19.091Z,34.15,69.03

2026-09-21T20:48:24.081Z,34.13,68.98

2026-09-21T20:48:29.080Z,34.12,69.03

2026-09-21T20:48:34.082Z,34.11,69.04

2026-09-21T20:48:39.080Z,34.14,69.1

2026-09-21T20:48:44.095Z,34.11,69.08

2026-09-21T20:48:49.109Z,34.13,69.15

2026-09-21T20:48:54.093Z,34.12,69.09

2026-09-21T20:48:59.094Z,34.13,69.08

2026-09-21T20:49:04.094Z,34.12,69.08

2026-09-21T20:49:09.095Z,34.11,69.14

2026-09-21T20:49:14.102Z,34.12,69.14

2026-09-21T20:49:19.111Z,34.11,69.2

2026-09-21T20:49:24.102Z,34.09,69.17

2026-09-21T20:49:29.102Z,34.09,69.23

2026-09-21T20:49:34.103Z,34.08,69.2

2026-09-21T20:49:39.103Z,34.11,69.2

2026-09-21T20:49:44.111Z,34.08,69.22

2026-09-21T20:49:49.121Z,34.1,69.27

2026-09-21T20:49:54.108Z,34.08,69.26

2026-09-21T20:49:59.110Z,34.08,69.28

2026-09-21T20:50:04.111Z,34.07,69.34

2026-09-21T20:50:09.110Z,34.08,69.4

2026-09-21T20:50:14.112Z,34.08,69.38

2026-09-21T20:50:19.126Z,34.05,69.47

2026-09-21T20:50:24.111Z,34.07,69.38

2026-09-21T20:50:29.110Z,34.07,69.4

2026-09-21T20:50:34.111Z,34.07,69.42

2026-09-21T20:50:39.111Z,34.05,69.4

2026-09-21T20:50:44.111Z,34.07,69.42

2026-09-21T20:50:49.124Z,34.05,69.49

2026-09-21T20:50:54.110Z,34.07,69.41

2026-09-21T20:50:59.112Z,34.07,69.4

2026-09-21T20:51:04.113Z,34.08,69.38

2026-09-21T20:51:09.113Z,34.09,69.41

2026-09-21T20:51:14.116Z,34.07,69.4

2026-09-21T20:51:19.125Z,34.06,69.43

2026-09-21T20:51:24.114Z,34.09,69.39

2026-09-21T20:51:29.115Z,34.07,69.34

2026-09-21T20:51:34.115Z,34.07,69.44

2026-09-21T20:51:39.116Z,34.07,69.4

2026-09-21T20:51:44.127Z,34.07,69.41

2026-09-21T20:51:49.137Z,34.07,69.46

2026-09-21T20:51:54.126Z,34.07,69.4

2026-09-21T20:51:59.129Z,34.08,69.38

2026-09-21T20:52:04.129Z,34.08,69.42

2026-09-21T20:52:09.128Z,34.07,69.36

2026-09-21T20:52:14.134Z,34.08,69.43

2026-09-21T20:52:19.147Z,34.09,69.43

2026-09-21T20:52:24.132Z,34.06,69.46

2026-09-21T20:52:29.132Z,34.06,69.47

2026-09-21T20:52:34.133Z,34.06,69.44

2026-09-21T20:52:39.134Z,34.07,69.47

2026-09-21T20:52:44.143Z,34.07,69.49

2026-09-21T20:52:49.153Z,34.05,69.51

2026-09-21T20:52:54.142Z,34.06,69.46

2026-09-21T20:52:59.141Z,34.06,69.48

2026-09-21T20:53:04.141Z,34.06,69.48

2026-09-21T20:53:09.140Z,34.08,69.43

2026-09-21T20:53:14.153Z,34.06,69.54

2026-09-21T20:53:19.164Z,34.05,69.55

2026-09-21T20:53:24.147Z,34.06,69.47

2026-09-21T20:53:29.152Z,34.09,69.46

2026-09-21T20:53:34.154Z,34.08,69.5

2026-09-21T20:53:39.153Z,34.07,69.54

2026-09-21T20:53:44.168Z,34.08,69.49

2026-09-21T20:53:49.181Z,34.07,69.46

2026-09-21T20:53:54.166Z,34.09,69.47

2026-09-21T20:53:59.167Z,34.08,69.45

2026-09-21T20:54:04.166Z,34.08,69.5

2026-09-21T20:54:09.167Z,34.1,69.5

2026-09-21T20:54:14.181Z,34.08,69.42

2026-09-21T20:54:19.194Z,34.09,69.5

2026-09-21T20:54:24.182Z,34.11,69.44

2026-09-21T20:54:29.182Z,34.1,69.43

2026-09-21T20:54:34.181Z,34.12,69.45

2026-09-21T20:54:39.182Z,34.1,69.42

2026-09-21T20:54:44.182Z,34.1,69.42

2026-09-21T20:54:49.194Z,34.11,69.44

2026-09-21T20:54:54.183Z,34.12,69.46

2026-09-21T20:54:59.183Z,34.13,69.42

2026-09-21T20:55:04.183Z,34.14,69.42

2026-09-21T20:55:09.183Z,34.13,69.37

2026-09-21T20:55:14.182Z,34.13,69.41

2026-09-21T20:55:19.195Z,34.12,69.34

2026-09-21T20:55:24.183Z,34.14,69.29

2026-09-21T20:55:29.185Z,34.13,69.38

2026-09-21T20:55:34.185Z,34.12,69.29

2026-09-21T20:55:39.185Z,34.14,69.34

2026-09-21T20:55:44.201Z,34.14,69.28

2026-09-21T20:55:49.220Z,34.15,69.36

2026-09-21T20:55:54.203Z,34.16,69.3

2026-09-21T20:55:59.201Z,34.15,69.28

2026-09-21T20:56:04.199Z,34.14,69.29

2026-09-21T20:56:09.198Z,34.16,69.26

2026-09-21T20:56:14.199Z,34.17,69.27

2026-09-21T20:56:19.211Z,34.17,69.27

2026-09-21T20:56:24.200Z,34.18,69.23

2026-09-21T20:56:29.202Z,34.17,69.22

2026-09-21T20:56:34.203Z,34.17,69.27

2026-09-21T20:56:39.204Z,34.17,69.25

2026-09-21T20:56:44.205Z,34.19,69.22

2026-09-21T20:56:49.216Z,34.18,69.27

2026-09-21T20:56:54.205Z,34.19,69.22

2026-09-21T20:56:59.204Z,34.17,69.19

2026-09-21T20:57:04.207Z,34.2,69.16

2026-09-21T20:57:09.206Z,34.19,69.21

2026-09-21T20:57:14.212Z,34.2,69.18

2026-09-21T20:57:19.226Z,34.2,69.21

2026-09-21T20:57:24.212Z,34.21,69.21

2026-09-21T20:57:29.215Z,34.2,69.2

2026-09-21T20:57:34.213Z,34.19,69.18

2026-09-21T20:57:39.213Z,34.2,69.18

2026-09-21T20:57:44.228Z,34.22,69.19

2026-09-21T20:57:49.239Z,34.21,69.21

2026-09-21T20:57:54.225Z,34.19,69.17

2026-09-21T20:57:59.227Z,34.18,69.18

2026-09-21T20:58:04.225Z,34.21,69.25

2026-09-21T20:58:09.226Z,34.18,69.26

2026-09-21T20:58:14.243Z,34.19,69.21

2026-09-21T20:58:19.255Z,34.18,69.29

2026-09-21T20:58:24.242Z,34.17,69.25

2026-09-21T20:58:29.241Z,34.17,69.29

2026-09-21T20:58:34.243Z,34.19,69.27

2026-09-21T20:58:39.245Z,34.16,69.32

2026-09-21T20:58:44.244Z,34.18,69.29

2026-09-21T20:58:49.255Z,34.17,69.31

2026-09-21T20:58:54.245Z,34.18,69.27

2026-09-21T20:58:59.246Z,34.15,69.26

2026-09-21T20:59:04.247Z,34.15,69.32

2026-09-21T20:59:09.248Z,34.16,69.35

2026-09-21T20:59:14.247Z,34.17,69.35

2026-09-21T20:59:19.262Z,34.15,69.37

2026-09-21T20:59:24.248Z,34.15,69.34

2026-09-21T20:59:29.246Z,34.17,69.38

2026-09-21T20:59:34.248Z,34.17,69.34

2026-09-21T20:59:39.248Z,34.15,69.39

2026-09-21T20:59:44.260Z,34.16,69.39

2026-09-21T20:59:49.273Z,34.14,69.4

2026-09-21T20:59:54.258Z,34.15,69.46

2026-09-21T20:59:59.262Z,34.14,69.42

2026-09-21T21:00:04.260Z,34.13,69.43

2026-09-21T21:00:09.261Z,34.13,69.43

2026-09-21T21:00:14.263Z,34.16,69.48

2026-09-21T21:00:19.276Z,34.13,69.53

2026-09-21T21:00:24.265Z,34.14,69.49

2026-09-21T21:00:29.265Z,34.13,69.5

2026-09-21T21:00:34.263Z,34.16,69.56

2026-09-21T21:00:39.265Z,34.14,69.47

2026-09-21T21:00:44.266Z,34.13,69.5

2026-09-21T21:00:49.278Z,34.14,69.53

2026-09-21T21:00:54.263Z,34.14,69.53

2026-09-21T21:00:59.265Z,34.14,69.48

2026-09-21T21:01:04.264Z,34.17,69.54

2026-09-21T21:01:09.266Z,34.15,69.53

2026-09-21T21:01:14.267Z,34.17,69.53

2026-09-21T21:01:19.278Z,34.17,69.52

2026-09-21T21:01:24.264Z,34.16,69.43

2026-09-21T21:01:29.267Z,34.17,69.48

2026-09-21T21:01:34.269Z,34.17,69.46

2026-09-21T21:01:39.267Z,34.17,69.38

2026-09-21T21:01:44.276Z,34.18,69.43

2026-09-21T21:01:49.286Z,34.17,69.48

2026-09-21T21:01:54.273Z,34.19,69.43

2026-09-21T21:01:59.275Z,34.2,69.39

2026-09-21T21:02:04.274Z,34.2,69.41

2026-09-21T21:02:09.274Z,34.19,69.36

2026-09-21T21:02:14.278Z,34.22,69.35

2026-09-21T21:02:19.290Z,34.2,69.36

2026-09-21T21:02:24.277Z,34.2,69.35

2026-09-21T21:02:29.277Z,34.2,69.37

2026-09-21T21:02:34.276Z,34.19,69.36

2026-09-21T21:02:39.277Z,34.2,69.36

2026-09-21T21:02:44.297Z,34.2,69.35

2026-09-21T21:02:49.307Z,34.2,69.39

2026-09-21T21:02:54.297Z,34.21,69.38

2026-09-21T21:02:59.296Z,34.22,69.33

2026-09-21T21:03:04.296Z,34.2,69.35

2026-09-21T21:03:09.296Z,34.2,69.3

2026-09-21T21:03:14.307Z,34.2,69.29

2026-09-21T21:03:19.325Z,34.2,69.38

2026-09-21T21:03:24.305Z,34.2,69.39

2026-09-21T21:03:29.307Z,34.21,69.38

2026-09-21T21:03:34.307Z,34.19,69.39

2026-09-21T21:03:39.308Z,34.19,69.45

2026-09-21T21:03:44.318Z,34.19,69.44

2026-09-21T21:03:49.328Z,34.19,69.47

2026-09-21T21:03:54.317Z,34.19,69.42

2026-09-21T21:03:59.317Z,34.19,69.47

2026-09-21T21:04:04.317Z,34.19,69.45

2026-09-21T21:04:09.318Z,34.2,69.42

2026-09-21T21:04:14.322Z,34.19,69.43

2026-09-21T21:04:19.335Z,34.18,69.43

2026-09-21T21:04:24.321Z,34.19,69.42

2026-09-21T21:04:29.321Z,34.18,69.47

2026-09-21T21:04:34.321Z,34.18,69.49

2026-09-21T21:04:39.322Z,34.18,69.43

2026-09-21T21:04:44.331Z,34.19,69.54

2026-09-21T21:04:49.343Z,34.17,69.51

2026-09-21T21:04:54.330Z,34.17,69.5

2026-09-21T21:04:59.329Z,34.17,69.57

2026-09-21T21:05:04.328Z,34.17,69.48

2026-09-21T21:05:09.329Z,34.18,69.5

2026-09-21T21:05:14.336Z,34.17,69.56

2026-09-21T21:05:19.348Z,34.17,69.61

2026-09-21T21:05:24.335Z,34.18,69.56

2026-09-21T21:05:29.336Z,34.17,69.54

2026-09-21T21:05:34.337Z,34.16,69.58

2026-09-21T21:05:39.336Z,34.17,69.57

2026-09-21T21:05:44.338Z,34.15,69.58

2026-09-21T21:05:49.349Z,34.17,69.61

2026-09-21T21:05:54.338Z,34.17,69.61

2026-09-21T21:05:59.336Z,34.16,69.65

2026-09-21T21:06:04.337Z,34.17,69.61

2026-09-21T21:06:09.337Z,34.16,69.61

2026-09-21T21:06:14.339Z,34.16,69.6

2026-09-21T21:06:19.360Z,34.15,69.65

2026-09-21T21:06:24.346Z,34.16,69.63

2026-09-21T21:06:29.344Z,34.17,69.65

2026-09-21T21:06:34.348Z,34.17,69.68

2026-09-21T21:06:39.348Z,34.18,69.69

2026-09-21T21:06:44.346Z,34.16,69.67

2026-09-21T21:06:49.358Z,34.14,69.65

2026-09-21T21:06:54.348Z,34.16,69.68

2026-09-21T21:06:59.349Z,34.14,69.68

2026-09-21T21:07:04.348Z,34.15,69.61

2026-09-21T21:07:09.347Z,34.15,69.66

2026-09-21T21:07:14.348Z,34.15,69.72

2026-09-21T21:07:19.361Z,34.14,69.73

2026-09-21T21:07:24.346Z,34.13,69.71

2026-09-21T21:07:29.347Z,34.14,69.76

2026-09-21T21:07:34.348Z,34.14,69.81

2026-09-21T21:07:39.349Z,34.11,69.79

2026-09-21T21:07:44.356Z,34.13,69.79

2026-09-21T21:07:49.368Z,34.12,69.85

2026-09-21T21:07:54.356Z,34.13,69.76

2026-09-21T21:07:59.358Z,34.12,69.84

2026-09-21T21:08:04.361Z,34.09,69.82

2026-09-21T21:08:09.359Z,34.11,69.88

2026-09-21T21:08:14.365Z,34.1,69.84

2026-09-21T21:08:19.379Z,34.09,69.87

2026-09-21T21:08:24.363Z,34.1,69.86

2026-09-21T21:08:29.366Z,34.1,69.87

2026-09-21T21:08:34.363Z,34.1,69.83

2026-09-21T21:08:39.363Z,34.1,69.85

2026-09-21T21:08:44.375Z,34.13,69.88

2026-09-21T21:08:49.386Z,34.11,69.86

2026-09-21T21:08:54.374Z,34.1,69.91

2026-09-21T21:08:59.373Z,34.1,69.87

2026-09-21T21:09:04.374Z,34.1,69.89

2026-09-21T21:09:09.375Z,34.09,69.96

2026-09-21T21:09:14.390Z,34.09,69.91

2026-09-21T21:09:19.402Z,34.08,69.99

2026-09-21T21:09:24.388Z,34.09,69.93

2026-09-21T21:09:29.385Z,34.09,69.95

2026-09-21T21:09:34.386Z,34.09,69.95

2026-09-21T21:09:39.384Z,34.08,69.96

2026-09-21T21:09:44.394Z,34.09,69.95

2026-09-21T21:09:49.404Z,34.07,70.04

2026-09-21T21:09:54.392Z,34.07,69.97

2026-09-21T21:09:59.394Z,34.07,69.97

2026-09-21T21:10:04.395Z,34.06,70.01

2026-09-21T21:10:09.398Z,34.07,69.92

2026-09-21T21:10:14.430Z,34.08,69.98

2026-09-21T21:10:19.446Z,34.04,69.98

2026-09-21T21:10:24.425Z,34.06,70.01

2026-09-21T21:10:29.424Z,34.06,70.01

2026-09-21T21:10:34.423Z,34.08,70.05

2026-09-21T21:10:39.423Z,34.08,70.07

2026-09-21T21:10:44.423Z,34.08,70.03

2026-09-21T21:10:49.437Z,34.06,69.99

2026-09-21T21:10:54.427Z,34.07,69.98

2026-09-21T21:10:59.427Z,34.09,69.97

2026-09-21T21:11:04.427Z,34.08,69.97

2026-09-21T21:11:09.427Z,34.11,69.93

2026-09-21T21:11:14.448Z,34.09,69.96

2026-09-21T21:11:19.458Z,34.1,69.97

2026-09-21T21:11:24.445Z,34.11,69.92

2026-09-21T21:11:29.447Z,34.1,69.94

2026-09-21T21:11:34.447Z,34.09,69.93

2026-09-21T21:11:39.446Z,34.09,69.94

2026-09-21T21:11:44.446Z,34.11,69.96

2026-09-21T21:11:49.460Z,34.11,69.94

2026-09-21T21:11:54.446Z,34.12,69.96

2026-09-21T21:11:59.448Z,34.13,69.95

2026-09-21T21:12:04.447Z,34.12,69.98

2026-09-21T21:12:09.446Z,34.12,69.94

2026-09-21T21:12:14.465Z,34.12,70.01

2026-09-21T21:12:19.476Z,34.14,70.02

2026-09-21T21:12:24.462Z,34.13,69.86

2026-09-21T21:12:29.465Z,34.13,69.95

2026-09-21T21:12:34.463Z,34.14,69.92

2026-09-21T21:12:39.463Z,34.13,69.9

2026-09-21T21:12:44.463Z,34.13,69.84

2026-09-21T21:12:49.474Z,34.14,69.84

2026-09-21T21:12:54.463Z,34.13,69.9

2026-09-21T21:12:59.464Z,34.14,69.79

2026-09-21T21:13:04.463Z,34.14,69.83

2026-09-21T21:13:09.464Z,34.15,69.82

2026-09-21T21:13:14.463Z,34.13,69.86

2026-09-21T21:13:19.474Z,34.14,69.87

2026-09-21T21:13:24.462Z,34.13,69.87

2026-09-21T21:13:29.464Z,34.12,69.84

2026-09-21T21:13:34.464Z,34.13,69.8

2026-09-21T21:13:39.467Z,34.14,69.92

2026-09-21T21:13:44.466Z,34.13,69.84

2026-09-21T21:13:49.484Z,34.15,69.85

2026-09-21T21:13:54.470Z,34.13,69.84

2026-09-21T21:13:59.467Z,34.14,69.87

2026-09-21T21:14:04.467Z,34.13,69.9

2026-09-21T21:14:09.469Z,34.13,69.9

2026-09-21T21:14:14.468Z,34.14,69.86

2026-09-21T21:14:19.486Z,34.14,69.9

2026-09-21T21:14:24.469Z,34.15,69.9

2026-09-21T21:14:29.469Z,34.14,69.85

2026-09-21T21:14:34.468Z,34.17,69.84

2026-09-21T21:14:39.473Z,34.13,69.8

2026-09-21T21:14:44.471Z,34.16,69.79

2026-09-21T21:14:49.483Z,34.15,69.84

2026-09-21T21:14:54.472Z,34.16,69.79

2026-09-21T21:14:59.473Z,34.17,69.79

2026-09-21T21:15:04.470Z,34.16,69.79

2026-09-21T21:15:09.473Z,34.16,69.82

2026-09-21T21:15:14.474Z,34.16,69.88

2026-09-21T21:15:19.484Z,34.15,69.84

2026-09-21T21:15:24.474Z,34.15,69.82

2026-09-21T21:15:29.476Z,34.15,69.84

2026-09-21T21:15:34.476Z,34.15,69.85

2026-09-21T21:15:39.475Z,34.17,69.88

2026-09-21T21:15:44.474Z,34.15,69.86

2026-09-21T21:15:49.487Z,34.13,69.93

2026-09-21T21:15:54.473Z,34.14,69.85

2026-09-21T21:15:59.476Z,34.15,69.9

2026-09-21T21:16:04.478Z,34.14,69.91

2026-09-21T21:16:09.475Z,34.14,69.92

2026-09-21T21:16:14.485Z,34.13,69.87

2026-09-21T21:16:19.495Z,34.11,69.91

2026-09-21T21:16:24.483Z,34.12,69.95

2026-09-21T21:16:29.485Z,34.11,69.92

2026-09-21T21:16:34.481Z,34.13,69.95

2026-09-21T21:16:39.485Z,34.12,69.93

2026-09-21T21:16:44.486Z,34.11,69.98

2026-09-21T21:16:49.496Z,34.11,70.03

2026-09-21T21:16:54.485Z,34.11,69.99

2026-09-21T21:16:59.484Z,34.09,70.02

2026-09-21T21:17:04.485Z,34.11,70.05

2026-09-21T21:17:09.488Z,34.08,70

2026-09-21T21:17:14.493Z,34.11,70.08

2026-09-21T21:17:19.502Z,34.1,70.08

2026-09-21T21:17:24.493Z,34.1,70.12

2026-09-21T21:17:29.493Z,34.09,70.11

2026-09-21T21:17:34.493Z,34.11,70.09

2026-09-21T21:17:39.494Z,34.08,70.11

2026-09-21T21:17:44.505Z,34.09,70.07

2026-09-21T21:17:49.519Z,34.08,70.13

2026-09-21T21:17:54.503Z,34.1,70.09

2026-09-21T21:17:59.505Z,34.09,70.13

2026-09-21T21:18:04.504Z,34.08,70.06

2026-09-21T21:18:09.506Z,34.07,70.14

2026-09-21T21:18:14.511Z,34.09,70.17

2026-09-21T21:18:19.526Z,34.09,70.22

2026-09-21T21:18:24.511Z,34.06,70.15

2026-09-21T21:18:29.512Z,34.07,70.21

2026-09-21T21:18:34.512Z,34.07,70.19

2026-09-21T21:18:39.512Z,34.07,70.22

2026-09-21T21:18:44.522Z,34.05,70.24

2026-09-21T21:18:49.534Z,34.05,70.22

2026-09-21T21:18:54.522Z,34.07,70.23

2026-09-21T21:18:59.522Z,34.06,70.25

2026-09-21T21:19:04.522Z,34.04,70.22

2026-09-21T21:19:09.524Z,34.05,70.17

2026-09-21T21:19:14.533Z,34.03,70.26

2026-09-21T21:19:19.542Z,34.02,70.29

2026-09-21T21:19:24.530Z,34.05,70.29

2026-09-21T21:19:29.531Z,34.03,70.28

2026-09-21T21:19:34.531Z,34.03,70.3

2026-09-21T21:19:39.531Z,34.02,70.36

2026-09-21T21:19:44.542Z,34.03,70.39

2026-09-21T21:19:49.551Z,34.01,70.38

2026-09-21T21:19:54.539Z,34.02,70.38

2026-09-21T21:19:59.541Z,34.01,70.37

2026-09-21T21:20:04.541Z,34,70.39

2026-09-21T21:20:09.541Z,34.02,70.42

2026-09-21T21:20:14.549Z,34.01,70.47

2026-09-21T21:20:19.561Z,33.99,70.43

2026-09-21T21:20:24.546Z,33.98,70.46

2026-09-21T21:20:29.546Z,33.98,70.48

2026-09-21T21:20:34.546Z,33.97,70.5

2026-09-21T21:20:39.546Z,33.97,70.54

2026-09-21T21:20:44.549Z,33.97,70.52

2026-09-21T21:20:49.565Z,33.96,70.54

2026-09-21T21:20:54.549Z,33.95,70.58

2026-09-21T21:20:59.548Z,33.96,70.6

2026-09-21T21:21:04.551Z,33.94,70.61

2026-09-21T21:21:09.551Z,33.94,70.69

2026-09-21T21:21:14.559Z,33.95,70.68

2026-09-21T21:21:19.575Z,33.93,70.71

2026-09-21T21:21:24.561Z,33.94,70.68

2026-09-21T21:21:29.561Z,33.91,70.74

2026-09-21T21:21:34.556Z,33.94,70.79

2026-09-21T21:21:39.559Z,33.92,70.77

2026-09-21T21:21:44.558Z,33.93,70.77

2026-09-21T21:21:49.573Z,33.92,70.84

2026-09-21T21:21:54.557Z,33.93,70.68

2026-09-21T21:21:59.561Z,33.91,70.73

2026-09-21T21:22:04.560Z,33.92,70.79

2026-09-21T21:22:09.561Z,33.9,70.86

2026-09-21T21:22:14.571Z,33.92,70.89

2026-09-21T21:22:19.585Z,33.9,70.82

2026-09-21T21:22:24.571Z,33.91,70.74

2026-09-21T21:22:29.572Z,33.91,70.87

2026-09-21T21:22:34.573Z,33.92,70.82

2026-09-21T21:22:39.573Z,33.91,70.87

2026-09-21T21:22:44.588Z,33.92,70.88

2026-09-21T21:22:49.599Z,33.92,70.9

2026-09-21T21:22:54.589Z,33.92,70.85

2026-09-21T21:22:59.587Z,33.93,70.79

2026-09-21T21:23:04.588Z,33.92,70.82

2026-09-21T21:23:09.588Z,33.92,70.76

2026-09-21T21:23:14.591Z,33.93,70.81

2026-09-21T21:23:19.598Z,33.95,70.81

2026-09-21T21:23:24.588Z,33.95,70.8

2026-09-21T21:23:29.587Z,33.94,70.81

2026-09-21T21:23:34.587Z,33.93,70.79

2026-09-21T21:23:39.588Z,33.95,70.73

2026-09-21T21:23:44.589Z,33.95,70.77

2026-09-21T21:23:49.601Z,33.95,70.77

2026-09-21T21:23:54.587Z,33.94,70.7

2026-09-21T21:23:59.585Z,33.96,70.74

2026-09-21T21:24:04.587Z,33.97,70.68

2026-09-21T21:24:09.586Z,33.96,70.73

2026-09-21T21:24:14.591Z,33.96,70.71

2026-09-21T21:24:19.604Z,33.96,70.73

2026-09-21T21:24:24.591Z,33.98,70.67

2026-09-21T21:24:29.596Z,33.98,70.66

2026-09-21T21:24:34.595Z,33.98,70.67

2026-09-21T21:24:39.593Z,33.99,70.63

2026-09-21T21:24:44.606Z,33.99,70.67

2026-09-21T21:24:49.620Z,33.97,70.64

2026-09-21T21:24:54.607Z,33.99,70.65

2026-09-21T21:24:59.609Z,34,70.6

2026-09-21T21:25:04.607Z,33.99,70.58

2026-09-21T21:25:09.607Z,33.98,70.55

2026-09-21T21:25:14.619Z,33.98,70.57

2026-09-21T21:25:19.629Z,33.99,70.63

2026-09-21T21:25:24.619Z,33.99,70.53

2026-09-21T21:25:29.619Z,34,70.54

2026-09-21T21:25:34.620Z,34,70.56

2026-09-21T21:25:39.622Z,34,70.49

2026-09-21T21:25:44.621Z,34,70.54

2026-09-21T21:25:49.633Z,33.99,70.51

2026-09-21T21:25:54.622Z,34,70.44

2026-09-21T21:25:59.622Z,34,70.5

2026-09-21T21:26:04.620Z,33.98,70.49

2026-09-21T21:26:09.621Z,33.99,70.46

2026-09-21T21:26:14.632Z,33.98,70.49

2026-09-21T21:26:19.642Z,33.99,70.5

2026-09-21T21:26:24.632Z,33.99,70.47

2026-09-21T21:26:29.633Z,34,70.49

2026-09-21T21:26:34.632Z,33.99,70.52

2026-09-21T21:26:39.631Z,33.99,70.53

2026-09-21T21:26:44.640Z,34,70.54

2026-09-21T21:26:49.655Z,34,70.53

2026-09-21T21:26:54.639Z,33.99,70.54

2026-09-21T21:26:59.638Z,34,70.5

2026-09-21T21:27:04.637Z,34.01,70.54

2026-09-21T21:27:09.638Z,33.99,70.52

2026-09-21T21:27:14.643Z,33.99,70.57

2026-09-21T21:27:19.657Z,33.99,70.58

2026-09-21T21:27:24.640Z,34,70.47

2026-09-21T21:27:29.639Z,34,70.51

2026-09-21T21:27:34.639Z,34,70.47

2026-09-21T21:27:39.641Z,34.01,70.45

2026-09-21T21:27:44.641Z,34.03,70.49

2026-09-21T21:27:49.653Z,34.01,70.49

2026-09-21T21:27:54.642Z,34.01,70.38

2026-09-21T21:27:59.643Z,34,70.5

2026-09-21T21:28:04.641Z,34.02,70.4

2026-09-21T21:28:09.643Z,34,70.48

2026-09-21T21:28:14.652Z,34.01,70.44

2026-09-21T21:28:19.664Z,34.01,70.48

2026-09-21T21:28:24.649Z,34,70.45

2026-09-21T21:28:29.653Z,34.01,70.41

2026-09-21T21:28:34.651Z,34.01,70.44

2026-09-21T21:28:39.650Z,34.01,70.48

2026-09-21T21:28:44.656Z,34.01,70.45

2026-09-21T21:28:49.666Z,34.01,70.53

2026-09-21T21:28:54.658Z,34.01,70.48

2026-09-21T21:28:59.657Z,34,70.48

2026-09-21T21:29:04.657Z,34.01,70.47

2026-09-21T21:29:09.657Z,34,70.47

2026-09-21T21:29:14.671Z,34.02,70.49

2026-09-21T21:29:19.683Z,33.99,70.52

2026-09-21T21:29:24.671Z,34.03,70.46

2026-09-21T21:29:29.673Z,34.01,70.54

2026-09-21T21:29:34.671Z,34,70.45

2026-09-21T21:29:39.673Z,34,70.43

2026-09-21T21:29:44.674Z,34.02,70.45

2026-09-21T21:29:49.686Z,34.03,70.49

2026-09-21T21:29:54.674Z,34.01,70.48

2026-09-21T21:29:59.675Z,34.01,70.41

2026-09-21T21:30:04.675Z,34.02,70.45

2026-09-21T21:30:09.674Z,34.02,70.41

2026-09-21T21:30:14.682Z,34.02,70.4

2026-09-21T21:30:19.694Z,34.01,70.43

2026-09-21T21:30:24.679Z,34.05,70.39

2026-09-21T21:30:29.680Z,34.01,70.42

2026-09-21T21:30:34.681Z,34.02,70.48

2026-09-21T21:30:39.679Z,34.03,70.42

2026-09-21T21:30:44.691Z,34.03,70.42

2026-09-21T21:30:49.700Z,34.03,70.49

2026-09-21T21:30:54.689Z,34.02,70.38

2026-09-21T21:30:59.689Z,34.02,70.46

2026-09-21T21:31:04.689Z,34.03,70.42

2026-09-21T21:31:09.688Z,34.02,70.4

2026-09-21T21:31:14.696Z,34,70.45

2026-09-21T21:31:19.707Z,34.01,70.47

2026-09-21T21:31:24.693Z,34,70.53

2026-09-21T21:31:29.693Z,34.02,70.5

2026-09-21T21:31:34.691Z,34.01,70.53

2026-09-21T21:31:39.694Z,34.02,70.57

2026-09-21T21:31:44.713Z,34,70.54

2026-09-21T21:31:49.724Z,34.03,70.59

2026-09-21T21:31:54.713Z,34.02,70.61

2026-09-21T21:31:59.712Z,34.02,70.52

2026-09-21T21:32:04.716Z,34.01,70.47

2026-09-21T21:32:09.715Z,34.02,70.5

2026-09-21T21:32:14.725Z,34.01,70.52

2026-09-21T21:32:19.734Z,34.03,70.54

2026-09-21T21:32:24.720Z,34.02,70.49

2026-09-21T21:32:29.721Z,34.03,70.51

2026-09-21T21:32:34.721Z,34.04,70.48

2026-09-21T21:32:39.723Z,34.03,70.5

2026-09-21T21:32:44.739Z,34.03,70.48

2026-09-21T21:32:49.754Z,34.02,70.48

2026-09-21T21:32:54.738Z,34.04,70.5

2026-09-21T21:32:59.737Z,34.06,70.47

2026-09-21T21:33:04.738Z,34.06,70.44

2026-09-21T21:33:09.738Z,34.05,70.38

2026-09-21T21:33:14.741Z,34.05,70.42

2026-09-21T21:33:19.752Z,34.04,70.4

2026-09-21T21:33:24.739Z,34.06,70.36

2026-09-21T21:33:29.741Z,34.07,70.31

2026-09-21T21:33:34.739Z,34.08,70.3

2026-09-21T21:33:39.741Z,34.08,70.27

2026-09-21T21:33:44.743Z,34.09,70.28

2026-09-21T21:33:49.753Z,34.08,70.26

2026-09-21T21:33:54.742Z,34.08,70.24

2026-09-21T21:33:59.741Z,34.09,70.26

2026-09-21T21:34:04.741Z,34.1,70.28

2026-09-21T21:34:09.742Z,34.11,70.2

2026-09-21T21:34:14.745Z,34.08,70.16

2026-09-21T21:34:19.758Z,34.09,70.2

2026-09-21T21:34:24.745Z,34.09,70.21

2026-09-21T21:34:29.745Z,34.08,70.21

2026-09-21T21:34:34.743Z,34.09,70.18

2026-09-21T21:34:39.741Z,34.11,70.19

2026-09-21T21:34:44.742Z,34.1,70.27

2026-09-21T21:34:49.752Z,34.1,70.18

2026-09-21T21:34:54.743Z,34.12,70.17

2026-09-21T21:34:59.741Z,34.11,70.19

2026-09-21T21:35:04.740Z,34.14,70.19

2026-09-21T21:35:09.742Z,34.1,70.17

2026-09-21T21:35:14.743Z,34.11,70.16

2026-09-21T21:35:19.754Z,34.11,70.17

2026-09-21T21:35:24.745Z,34.12,70.18

2026-09-21T21:35:29.744Z,34.12,70.18

2026-09-21T21:35:34.744Z,34.12,70.16

2026-09-21T21:35:39.749Z,34.13,70.13

2026-09-21T21:35:44.747Z,34.13,70.16

2026-09-21T21:35:49.760Z,34.12,70.16

2026-09-21T21:35:54.747Z,34.12,70.16

2026-09-21T21:35:59.747Z,34.13,70.12

2026-09-21T21:36:04.748Z,34.12,70.06

2026-09-21T21:36:09.748Z,34.15,70.12

2026-09-21T21:36:14.761Z,34.13,70.13

2026-09-21T21:36:19.772Z,34.12,70.18

2026-09-21T21:36:24.761Z,34.14,70.11

2026-09-21T21:36:29.761Z,34.13,70.16

2026-09-21T21:36:34.761Z,34.12,70.15

2026-09-21T21:36:39.762Z,34.14,70.2

2026-09-21T21:36:44.771Z,34.13,70.15

2026-09-21T21:36:49.780Z,34.13,70.17

2026-09-21T21:36:54.769Z,34.11,70.02

2026-09-21T21:36:59.769Z,34.11,70.1

2026-09-21T21:37:04.771Z,34.12,70.15

2026-09-21T21:37:09.770Z,34.1,70.11

2026-09-21T21:37:14.778Z,34.12,70.19

2026-09-21T21:37:19.792Z,34.13,70.17

2026-09-21T21:37:24.775Z,34.11,70.18

2026-09-21T21:37:29.775Z,34.11,70.16

2026-09-21T21:37:34.775Z,34.12,70.15

2026-09-21T21:37:39.776Z,34.11,70.18

2026-09-21T21:37:44.790Z,34.1,70.18

2026-09-21T21:37:49.800Z,34.1,70.19

2026-09-21T21:37:54.788Z,34.12,70.19

2026-09-21T21:37:59.788Z,34.1,70.14

2026-09-21T21:38:04.789Z,34.11,70.14

2026-09-21T21:38:09.789Z,34.11,70.2

2026-09-21T21:38:14.795Z,34.12,70.18

2026-09-21T21:38:19.805Z,34.12,70.19

2026-09-21T21:38:24.793Z,34.12,70.17

2026-09-21T21:38:29.793Z,34.1,70.15

2026-09-21T21:38:34.793Z,34.11,70.17

2026-09-21T21:38:39.795Z,34.1,70.19

2026-09-21T21:38:44.809Z,34.11,70.21

2026-09-21T21:38:49.820Z,34.1,70.19

2026-09-21T21:38:54.809Z,34.1,70.2

2026-09-21T21:38:59.809Z,34.1,70.24

2026-09-21T21:39:04.808Z,34.11,70.28

2026-09-21T21:39:09.811Z,34.09,70.26

2026-09-21T21:39:14.818Z,34.07,70.26

2026-09-21T21:39:19.836Z,34.08,70.33

2026-09-21T21:39:24.822Z,34.08,70.3

2026-09-21T21:39:29.820Z,34.09,70.31

2026-09-21T21:39:34.820Z,34.09,70.32

2026-09-21T21:39:39.819Z,34.1,70.33

2026-09-21T21:39:44.832Z,34.09,70.31

2026-09-21T21:39:49.845Z,34.08,70.36

2026-09-21T21:39:54.832Z,34.07,70.31

2026-09-21T21:39:59.834Z,34.09,70.29

2026-09-21T21:40:04.833Z,34.09,70.31

2026-09-21T21:40:09.833Z,34.08,70.34

2026-09-21T21:40:14.867Z,34.07,70.35

2026-09-21T21:40:19.880Z,34.05,70.35

2026-09-21T21:40:24.866Z,34.07,70.35

2026-09-21T21:40:29.868Z,34.05,70.37

2026-09-21T21:40:34.868Z,34.03,70.38

2026-09-21T21:40:39.867Z,34.06,70.36

2026-09-21T21:40:44.879Z,34.05,70.35

2026-09-21T21:40:49.888Z,34.04,70.43

2026-09-21T21:40:54.878Z,34.03,70.38

2026-09-21T21:40:59.879Z,34.04,70.4

2026-09-21T21:41:04.877Z,34.05,70.51

2026-09-21T21:41:09.877Z,34.04,70.51

2026-09-21T21:41:14.878Z,34.04,70.46

2026-09-21T21:41:19.889Z,34.05,70.5

2026-09-21T21:41:24.878Z,34.06,70.54

2026-09-21T21:41:29.878Z,34.03,70.48

2026-09-21T21:41:34.879Z,34.03,70.45

2026-09-21T21:41:39.878Z,34.05,70.52

2026-09-21T21:41:44.877Z,34.07,70.48

2026-09-21T21:41:49.894Z,34.05,70.46

2026-09-21T21:41:54.879Z,34.05,70.48

2026-09-21T21:41:59.877Z,34.06,70.46

2026-09-21T21:42:04.878Z,34.06,70.48

2026-09-21T21:42:09.880Z,34.06,70.48

2026-09-21T21:42:14.880Z,34.06,70.46

2026-09-21T21:42:19.893Z,34.06,70.49

2026-09-21T21:42:24.882Z,34.07,70.5

2026-09-21T21:42:29.879Z,34.05,70.47

2026-09-21T21:42:34.879Z,34.08,70.53

2026-09-21T21:42:39.885Z,34.08,70.53

2026-09-21T21:42:44.884Z,34.08,70.48

2026-09-21T21:42:49.898Z,34.07,70.49

2026-09-21T21:42:54.883Z,34.08,70.46

2026-09-21T21:42:59.884Z,34.07,70.46

2026-09-21T21:43:04.883Z,34.07,70.48

2026-09-21T21:43:09.884Z,34.08,70.48

2026-09-21T21:43:14.895Z,34.08,70.43

2026-09-21T21:43:19.912Z,34.08,70.51

2026-09-21T21:43:24.894Z,34.08,70.43

2026-09-21T21:43:29.895Z,34.08,70.39

2026-09-21T21:43:34.895Z,34.06,70.42

2026-09-21T21:43:39.897Z,34.08,70.43

2026-09-21T21:43:44.905Z,34.09,70.43

2026-09-21T21:43:49.915Z,34.08,70.48

2026-09-21T21:43:54.902Z,34.09,70.45

2026-09-21T21:43:59.903Z,34.1,70.49

2026-09-21T21:44:04.903Z,34.09,70.42

2026-09-21T21:44:09.902Z,34.09,70.42

2026-09-21T21:44:14.911Z,34.07,70.43

2026-09-21T21:44:19.925Z,34.09,70.45

2026-09-21T21:44:24.910Z,34.09,70.43

2026-09-21T21:44:29.910Z,34.09,70.4

2026-09-21T21:44:34.910Z,34.11,70.46

2026-09-21T21:44:39.909Z,34.1,70.39

2026-09-21T21:44:44.910Z,34.07,70.43

2026-09-21T21:44:49.925Z,34.09,70.45

2026-09-21T21:44:54.910Z,34.1,70.41

2026-09-21T21:44:59.911Z,34.09,70.44

2026-09-21T21:45:04.912Z,34.09,70.48

2026-09-21T21:45:09.912Z,34.1,70.39

2026-09-21T21:45:14.914Z,34.1,70.46

2026-09-21T21:45:19.925Z,34.08,70.5

2026-09-21T21:45:24.912Z,34.1,70.38

2026-09-21T21:45:29.914Z,34.1,70.46

2026-09-21T21:45:34.915Z,34.1,70.47

2026-09-21T21:45:39.917Z,34.08,70.51

2026-09-21T21:45:44.916Z,34.09,70.48

2026-09-21T21:45:49.928Z,34.09,70.53

2026-09-21T21:45:54.915Z,34.09,70.42

2026-09-21T21:45:59.916Z,34.1,70.47

2026-09-21T21:46:04.915Z,34.1,70.46

2026-09-21T21:46:09.915Z,34.09,70.44

2026-09-21T21:46:14.917Z,34.1,70.45

2026-09-21T21:46:19.929Z,34.08,70.49

2026-09-21T21:46:24.917Z,34.09,70.39

2026-09-21T21:46:29.919Z,34.07,70.44

2026-09-21T21:46:34.917Z,34.09,70.43

2026-09-21T21:46:39.917Z,34.09,70.46

2026-09-21T21:46:44.935Z,34.09,70.5

2026-09-21T21:46:49.946Z,34.07,70.5

2026-09-21T21:46:54.938Z,34.09,70.47

2026-09-21T21:46:59.937Z,34.1,70.47

2026-09-21T21:47:04.934Z,34.09,70.46

2026-09-21T21:47:09.936Z,34.08,70.49

2026-09-21T21:47:14.951Z,34.08,70.53

2026-09-21T21:47:19.961Z,34.08,70.58

2026-09-21T21:47:24.952Z,34.07,70.52

2026-09-21T21:47:29.952Z,34.07,70.55

2026-09-21T21:47:34.954Z,34.08,70.55

2026-09-21T21:47:39.952Z,34.07,70.58

2026-09-21T21:47:44.959Z,34.06,70.58

2026-09-21T21:47:49.969Z,34.07,70.62

2026-09-21T21:47:54.961Z,34.07,70.58

2026-09-21T21:47:59.960Z,34.06,70.61

2026-09-21T21:48:04.960Z,34.06,70.63

2026-09-21T21:48:09.960Z,34.05,70.62

2026-09-21T21:48:14.965Z,34.04,70.59

2026-09-21T21:48:19.974Z,34.05,70.72

2026-09-21T21:48:24.965Z,34.03,70.61

2026-09-21T21:48:29.964Z,34.04,70.64

2026-09-21T21:48:34.964Z,34.02,70.65

2026-09-21T21:48:39.963Z,34.02,70.66

2026-09-21T21:48:44.973Z,34.02,70.63

2026-09-21T21:48:49.984Z,34.04,70.75

2026-09-21T21:48:54.974Z,34.02,70.72

2026-09-21T21:48:59.972Z,34.02,70.79

2026-09-21T21:49:04.973Z,34.03,70.74

2026-09-21T21:49:09.972Z,33.99,70.79

2026-09-21T21:49:14.978Z,34.02,70.79

2026-09-21T21:49:19.991Z,34.01,70.85

2026-09-21T21:49:24.980Z,34.02,70.86

2026-09-21T21:49:29.976Z,33.99,70.84

2026-09-21T21:49:34.977Z,33.99,70.84

2026-09-21T21:49:39.978Z,34,70.8

2026-09-21T21:49:44.977Z,34,70.85

2026-09-21T21:49:49.990Z,34.01,70.9

2026-09-21T21:49:54.978Z,34,70.86

2026-09-21T21:49:59.980Z,34.01,70.88

2026-09-21T21:50:04.981Z,33.98,70.91

2026-09-21T21:50:09.981Z,34.01,70.86

2026-09-21T21:50:14.981Z,34,70.83

2026-09-21T21:50:19.992Z,34.01,70.93

2026-09-21T21:50:24.982Z,34,70.86

2026-09-21T21:50:29.982Z,34.02,70.84

2026-09-21T21:50:34.983Z,34.01,70.84

2026-09-21T21:50:39.983Z,34,70.79

2026-09-21T21:50:44.985Z,33.99,70.82

2026-09-21T21:50:49.994Z,34.03,70.88

2026-09-21T21:50:54.987Z,34.01,70.87

2026-09-21T21:50:59.986Z,34.01,70.82

2026-09-21T21:51:04.985Z,34,70.85

2026-09-21T21:51:09.987Z,34.01,70.84

2026-09-21T21:51:14.988Z,34.03,70.86

2026-09-21T21:51:20.001Z,34.01,70.89

2026-09-21T21:51:24.988Z,34,70.88

2026-09-21T21:51:29.990Z,34.03,70.8

2026-09-21T21:51:34.989Z,34.03,70.77

2026-09-21T21:51:39.989Z,34.04,70.84

2026-09-21T21:51:44.999Z,34.04,70.84

2026-09-21T21:51:50.008Z,34.01,70.86

2026-09-21T21:51:54.999Z,34.03,70.8

2026-09-21T21:51:59.999Z,34.03,70.81

2026-09-21T21:52:04.997Z,34.04,70.87

2026-09-21T21:52:09.998Z,34.03,70.78

2026-09-21T21:52:15.004Z,34.03,70.81

2026-09-21T21:52:20.015Z,34.02,70.82

2026-09-21T21:52:25.003Z,34.03,70.77

2026-09-21T21:52:30.003Z,34.03,70.74

2026-09-21T21:52:35.003Z,34.05,70.78

2026-09-21T21:52:40.005Z,34.04,70.79

2026-09-21T21:52:45.021Z,34.04,70.71

2026-09-21T21:52:50.032Z,34.05,70.78

2026-09-21T21:52:55.019Z,34.05,70.73

2026-09-21T21:53:00.020Z,34.03,70.79

2026-09-21T21:53:05.020Z,34.04,70.72

2026-09-21T21:53:10.019Z,34.04,70.73

2026-09-21T21:53:15.030Z,34.06,70.74

2026-09-21T21:53:20.039Z,34.06,70.76

2026-09-21T21:53:25.029Z,34.06,70.72

2026-09-21T21:53:30.027Z,34.05,70.71

2026-09-21T21:53:35.026Z,34.09,70.75

2026-09-21T21:53:40.026Z,34.07,70.72

2026-09-21T21:53:45.042Z,34.06,70.69

2026-09-21T21:53:50.053Z,34.07,70.66

2026-09-21T21:53:55.041Z,34.09,70.68

2026-09-21T21:54:00.042Z,34.07,70.69

2026-09-21T21:54:05.043Z,34.08,70.66

2026-09-21T21:54:10.043Z,34.1,70.71

2026-09-21T21:54:15.051Z,34.09,70.63

2026-09-21T21:54:20.065Z,34.09,70.68

2026-09-21T21:54:25.049Z,34.09,70.66

2026-09-21T21:54:30.050Z,34.09,70.64

2026-09-21T21:54:35.050Z,34.09,70.61

2026-09-21T21:54:40.048Z,34.1,70.6

2026-09-21T21:54:45.058Z,34.08,70.59

2026-09-21T21:54:50.071Z,34.08,70.64

2026-09-21T21:54:55.058Z,34.08,70.61

2026-09-21T21:55:00.056Z,34.08,70.63

2026-09-21T21:55:05.056Z,34.1,70.64

2026-09-21T21:55:10.058Z,34.08,70.68

2026-09-21T21:55:15.065Z,34.08,70.62

2026-09-21T21:55:20.075Z,34.07,70.69

2026-09-21T21:55:25.064Z,34.07,70.71

2026-09-21T21:55:30.064Z,34.08,70.69

2026-09-21T21:55:35.063Z,34.1,70.68

2026-09-21T21:55:40.061Z,34.07,70.72

2026-09-21T21:55:45.064Z,34.1,70.61

2026-09-21T21:55:50.075Z,34.09,70.72

2026-09-21T21:55:55.064Z,34.09,70.67

2026-09-21T21:56:00.064Z,34.1,70.66

2026-09-21T21:56:05.065Z,34.08,70.66

2026-09-21T21:56:10.066Z,34.1,70.7

2026-09-21T21:56:15.065Z,34.09,70.72

2026-09-21T21:56:20.075Z,34.09,70.7

2026-09-21T21:56:25.064Z,34.07,70.66

2026-09-21T21:56:30.065Z,34.09,70.64

2026-09-21T21:56:35.065Z,34.08,70.7

2026-09-21T21:56:40.067Z,34.08,70.67

2026-09-21T21:56:45.068Z,34.09,70.71

2026-09-21T21:56:50.076Z,34.07,70.74

2026-09-21T21:56:55.069Z,34.06,70.77

2026-09-21T21:57:00.067Z,34.07,70.67

2026-09-21T21:57:05.066Z,34.07,70.72

2026-09-21T21:57:10.066Z,34.08,70.68

2026-09-21T21:57:15.080Z,34.07,70.77

2026-09-21T21:57:20.087Z,34.05,70.74

2026-09-21T21:57:25.081Z,34.06,70.8

2026-09-21T21:57:30.081Z,34.05,70.75

2026-09-21T21:57:35.080Z,34.06,70.76

2026-09-21T21:57:40.080Z,34.06,70.74

2026-09-21T21:57:45.089Z,34.05,70.76

2026-09-21T21:57:50.101Z,34.05,70.82

2026-09-21T21:57:55.086Z,34.04,70.75

2026-09-21T21:58:00.088Z,34.08,70.72

2026-09-21T21:58:05.087Z,34.04,70.75

2026-09-21T21:58:10.086Z,34.08,70.79

2026-09-21T21:58:15.106Z,34.08,70.74

2026-09-21T21:58:20.116Z,34.07,70.79

2026-09-21T21:58:25.102Z,34.07,70.7

2026-09-21T21:58:30.103Z,34.07,70.8

2026-09-21T21:58:35.105Z,34.07,70.76

2026-09-21T21:58:40.104Z,34.07,70.76

2026-09-21T21:58:45.116Z,34.05,70.73

2026-09-21T21:58:50.131Z,34.07,70.79

2026-09-21T21:58:55.117Z,34.05,70.77

2026-09-21T21:59:00.115Z,34.07,70.75

2026-09-21T21:59:05.116Z,34.06,70.79

2026-09-21T21:59:10.116Z,34.06,70.76

2026-09-21T21:59:15.119Z,34.06,70.82

2026-09-21T21:59:20.128Z,34.05,70.86

2026-09-21T21:59:25.116Z,34.05,70.8

2026-09-21T21:59:30.117Z,34.06,70.84

2026-09-21T21:59:35.115Z,34.05,70.81

2026-09-21T21:59:40.117Z,34.06,70.82

2026-09-21T21:59:45.120Z,34.06,70.8

2026-09-21T21:59:50.135Z,34.06,70.87

2026-09-21T21:59:55.119Z,34.06,70.82

2026-09-21T22:00:00.119Z,34.05,70.81

2026-09-21T22:00:05.120Z,34.06,70.87

2026-09-21T22:00:10.121Z,34.05,70.84

2026-09-21T22:00:15.120Z,34.05,70.82

2026-09-21T22:00:20.131Z,34.08,70.88

2026-09-21T22:00:25.121Z,34.06,70.78

2026-09-21T22:00:30.123Z,34.07,70.81

2026-09-21T22:00:35.122Z,34.07,70.81

2026-09-21T22:00:40.123Z,34.06,70.83

2026-09-21T22:00:45.133Z,34.06,70.77

2026-09-21T22:00:50.147Z,34.07,70.85

2026-09-21T22:00:55.131Z,34.08,70.81

2026-09-21T22:01:00.131Z,34.08,70.81

2026-09-21T22:01:05.136Z,34.05,70.79

2026-09-21T22:01:10.133Z,34.06,70.78

2026-09-21T22:01:15.136Z,34.05,70.8

2026-09-21T22:01:20.155Z,34.05,70.87

2026-09-21T22:01:25.134Z,34.08,70.8

2026-09-21T22:01:30.137Z,34.07,70.81

2026-09-21T22:01:35.137Z,34.06,70.78

2026-09-21T22:01:40.138Z,34.09,70.78

2026-09-21T22:01:45.144Z,34.08,70.81

2026-09-21T22:01:50.155Z,34.07,70.8

2026-09-21T22:01:55.142Z,34.08,70.8

2026-09-21T22:02:00.142Z,34.08,70.78

2026-09-21T22:02:05.143Z,34.07,70.71

2026-09-21T22:02:10.144Z,34.09,70.85

2026-09-21T22:02:15.149Z,34.08,70.78

2026-09-21T22:02:20.160Z,34.09,70.77

2026-09-21T22:02:25.149Z,34.09,70.78

2026-09-21T22:02:30.148Z,34.1,70.79

2026-09-21T22:02:35.150Z,34.11,70.77

2026-09-21T22:02:40.151Z,34.1,70.74

2026-09-21T22:02:45.150Z,34.11,70.8

2026-09-21T22:02:50.164Z,34.11,70.8

2026-09-21T22:02:55.152Z,34.11,70.71

2026-09-21T22:03:00.153Z,34.11,70.67

2026-09-21T22:03:05.152Z,34.1,70.69

2026-09-21T22:03:10.154Z,34.1,70.66

2026-09-21T22:03:15.153Z,34.12,70.66

2026-09-21T22:03:20.166Z,34.11,70.69

2026-09-21T22:03:25.154Z,34.13,70.58

2026-09-21T22:03:30.156Z,34.12,70.62

2026-09-21T22:03:35.155Z,34.12,70.66

2026-09-21T22:03:40.156Z,34.13,70.64

2026-09-21T22:03:45.166Z,34.12,70.59

2026-09-21T22:03:50.178Z,34.12,70.61

2026-09-21T22:03:55.166Z,34.11,70.62

2026-09-21T22:04:00.164Z,34.12,70.67

2026-09-21T22:04:05.164Z,34.13,70.66

2026-09-21T22:04:10.165Z,34.13,70.58

2026-09-21T22:04:15.173Z,34.14,70.58

2026-09-21T22:04:20.183Z,34.12,70.65

2026-09-21T22:04:25.170Z,34.14,70.61

2026-09-21T22:04:30.170Z,34.14,70.57

2026-09-21T22:04:35.171Z,34.14,70.58

2026-09-21T22:04:40.172Z,34.12,70.56

2026-09-21T22:04:45.185Z,34.13,70.52

2026-09-21T22:04:50.191Z,34.13,70.53

2026-09-21T22:04:55.181Z,34.12,70.56

2026-09-21T22:05:00.189Z,34.12,70.53

2026-09-21T22:05:05.183Z,34.13,70.52

2026-09-21T22:05:10.183Z,34.13,70.59

2026-09-21T22:05:15.198Z,34.12,70.61

2026-09-21T22:05:20.209Z,34.11,70.53

2026-09-21T22:05:25.197Z,34.12,70.62

2026-09-21T22:05:30.197Z,34.12,70.6

2026-09-21T22:05:35.197Z,34.12,70.57

2026-09-21T22:05:40.197Z,34.13,70.6

2026-09-21T22:05:45.204Z,34.12,70.56

2026-09-21T22:05:50.216Z,34.12,70.6

2026-09-21T22:05:55.202Z,34.13,70.52

2026-09-21T22:06:00.202Z,34.15,70.56

2026-09-21T22:06:05.202Z,34.14,70.54

2026-09-21T22:06:10.204Z,34.13,70.58

2026-09-21T22:06:15.215Z,34.15,70.51

2026-09-21T22:06:20.227Z,34.14,70.5

2026-09-21T22:06:25.213Z,34.13,70.49

2026-09-21T22:06:30.215Z,34.13,70.44

2026-09-21T22:06:35.215Z,34.15,70.44

2026-09-21T22:06:40.212Z,34.14,70.37

2026-09-21T22:06:45.219Z,34.15,70.44

2026-09-21T22:06:50.232Z,34.13,70.45

2026-09-21T22:06:55.220Z,34.15,70.43

2026-09-21T22:07:00.217Z,34.13,70.44

2026-09-21T22:07:05.219Z,34.14,70.43

2026-09-21T22:07:10.218Z,34.13,70.47

2026-09-21T22:07:15.224Z,34.14,70.44

2026-09-21T22:07:20.235Z,34.13,70.48

2026-09-21T22:07:25.224Z,34.17,70.42

2026-09-21T22:07:30.222Z,34.13,70.42

2026-09-21T22:07:35.223Z,34.14,70.42

2026-09-21T22:07:40.223Z,34.14,70.45

2026-09-21T22:07:45.223Z,34.15,70.4

2026-09-21T22:07:50.233Z,34.14,70.42

2026-09-21T22:07:55.223Z,34.14,70.31

2026-09-21T22:08:00.221Z,34.15,70.37

2026-09-21T22:08:05.223Z,34.14,70.38

2026-09-21T22:08:10.227Z,34.15,70.4

2026-09-21T22:08:15.232Z,34.16,70.45

2026-09-21T22:08:20.243Z,34.15,70.45

2026-09-21T22:08:25.232Z,34.17,70.41

2026-09-21T22:08:30.233Z,34.15,70.43

2026-09-21T22:08:35.236Z,34.18,70.34

2026-09-21T22:08:40.232Z,34.16,70.36

2026-09-21T22:08:45.243Z,34.18,70.39

2026-09-21T22:08:50.251Z,34.16,70.38

2026-09-21T22:08:55.238Z,34.18,70.37

2026-09-21T22:09:00.242Z,34.17,70.33

2026-09-21T22:09:05.242Z,34.18,70.41

2026-09-21T22:09:10.242Z,34.18,70.3

2026-09-21T22:09:15.257Z,34.18,70.37

2026-09-21T22:09:20.267Z,34.17,70.37

2026-09-21T22:09:25.257Z,34.18,70.33

2026-09-21T22:09:30.257Z,34.2,70.32

2026-09-21T22:09:35.259Z,34.2,70.32

2026-09-21T22:09:40.256Z,34.19,70.3

2026-09-21T22:09:45.259Z,34.19,70.26

2026-09-21T22:09:50.269Z,34.18,70.32

2026-09-21T22:09:55.259Z,34.19,70.31

2026-09-21T22:10:00.260Z,34.22,70.26

2026-09-21T22:10:05.259Z,34.19,70.24

2026-09-21T22:10:10.261Z,34.21,70.26

2026-09-21T22:10:15.258Z,34.22,70.28

2026-09-21T22:10:20.274Z,34.19,70.29

2026-09-21T22:10:25.260Z,34.21,70.25

2026-09-21T22:10:30.262Z,34.22,70.21

2026-09-21T22:10:35.262Z,34.23,70.19

2026-09-21T22:10:40.261Z,34.22,70.17

2026-09-21T22:10:45.264Z,34.23,70.15

2026-09-21T22:10:50.274Z,34.22,70.19

2026-09-21T22:10:55.261Z,34.22,70.13

2026-09-21T22:11:00.262Z,34.22,70.16

2026-09-21T22:11:05.262Z,34.22,70.16

2026-09-21T22:11:10.261Z,34.22,70.1

2026-09-21T22:11:15.272Z,34.23,70.07

2026-09-21T22:11:20.283Z,34.23,70.14

2026-09-21T22:11:25.271Z,34.24,70.14

2026-09-21T22:11:30.274Z,34.23,70.16

2026-09-21T22:11:35.273Z,34.24,70.11

2026-09-21T22:11:40.273Z,34.2,70.12

2026-09-21T22:11:45.284Z,34.22,70.15

2026-09-21T22:11:50.295Z,34.22,70.18

2026-09-21T22:11:55.281Z,34.23,70.15

2026-09-21T22:12:00.285Z,34.23,70.12

2026-09-21T22:12:05.283Z,34.23,70.13

2026-09-21T22:12:10.283Z,34.21,70.15

2026-09-21T22:12:15.302Z,34.22,70.12

2026-09-21T22:12:20.313Z,34.21,70.14

2026-09-21T22:12:25.299Z,34.21,70.13

2026-09-21T22:12:30.302Z,34.23,70.12

2026-09-21T22:12:35.301Z,34.21,70.05

2026-09-21T22:12:40.301Z,34.22,70.06

2026-09-21T22:12:45.303Z,34.21,70.09

2026-09-21T22:12:50.316Z,34.2,70.13

2026-09-21T22:12:55.301Z,34.22,70.13

2026-09-21T22:13:00.303Z,34.2,70.09

2026-09-21T22:13:05.305Z,34.21,70.12

2026-09-21T22:13:10.304Z,34.21,70.08

2026-09-21T22:13:15.316Z,34.2,70.21

2026-09-21T22:13:20.329Z,34.2,70.22

2026-09-21T22:13:25.314Z,34.2,70.18

2026-09-21T22:13:30.316Z,34.18,70.18

2026-09-21T22:13:35.317Z,34.18,70.24

2026-09-21T22:13:40.316Z,34.17,70.24

2026-09-21T22:13:45.319Z,34.18,70.23

2026-09-21T22:13:50.329Z,34.16,70.29

2026-09-21T22:13:55.318Z,34.18,70.23

2026-09-21T22:14:00.319Z,34.17,70.2

2026-09-21T22:14:05.318Z,34.17,70.23

2026-09-21T22:14:10.319Z,34.17,70.26

2026-09-21T22:14:15.323Z,34.17,70.22

2026-09-21T22:14:20.334Z,34.15,70.24

2026-09-21T22:14:25.321Z,34.15,70.25

2026-09-21T22:14:30.321Z,34.14,70.25

2026-09-21T22:14:35.322Z,34.14,70.29

2026-09-21T22:14:40.322Z,34.16,70.36

2026-09-21T22:14:45.322Z,34.16,70.33

2026-09-21T22:14:50.338Z,34.13,70.39

2026-09-21T22:14:55.321Z,34.13,70.36

2026-09-21T22:15:00.321Z,34.12,70.33

2026-09-21T22:15:05.322Z,34.14,70.36

2026-09-21T22:15:10.322Z,34.12,70.33

2026-09-21T22:15:15.333Z,34.12,70.38

2026-09-21T22:15:20.345Z,34.12,70.38

2026-09-21T22:15:25.328Z,34.14,70.4

2026-09-21T22:15:30.334Z,34.11,70.44

2026-09-21T22:15:35.333Z,34.12,70.4

2026-09-21T22:15:40.329Z,34.13,70.38

2026-09-21T22:15:45.343Z,34.13,70.36

2026-09-21T22:15:50.352Z,34.13,70.47

2026-09-21T22:15:55.339Z,34.13,70.4

2026-09-21T22:16:00.338Z,34.13,70.45

2026-09-21T22:16:05.340Z,34.14,70.41

2026-09-21T22:16:10.340Z,34.12,70.41

2026-09-21T22:16:15.339Z,34.13,70.49

2026-09-21T22:16:20.354Z,34.12,70.51

2026-09-21T22:16:25.342Z,34.12,70.42

2026-09-21T22:16:30.342Z,34.12,70.43

2026-09-21T22:16:35.343Z,34.13,70.44

2026-09-21T22:16:40.343Z,34.1,70.45

2026-09-21T22:16:45.344Z,34.12,70.47

2026-09-21T22:16:50.359Z,34.12,70.5

2026-09-21T22:16:55.343Z,34.13,70.52

2026-09-21T22:17:00.344Z,34.12,70.42

2026-09-21T22:17:05.345Z,34.12,70.4

2026-09-21T22:17:10.346Z,34.15,70.44

2026-09-21T22:17:15.352Z,34.14,70.42

2026-09-21T22:17:20.369Z,34.15,70.45

2026-09-21T22:17:25.351Z,34.15,70.37

2026-09-21T22:17:30.355Z,34.15,70.44

2026-09-21T22:17:35.354Z,34.16,70.36

2026-09-21T22:17:40.353Z,34.16,70.32

2026-09-21T22:17:45.367Z,34.17,70.3

2026-09-21T22:17:50.376Z,34.15,70.41

2026-09-21T22:17:55.365Z,34.18,70.32

2026-09-21T22:18:00.366Z,34.18,70.3

2026-09-21T22:18:05.366Z,34.17,70.34

2026-09-21T22:18:10.365Z,34.17,70.27

2026-09-21T22:18:15.374Z,34.16,70.31

2026-09-21T22:18:20.384Z,34.18,70.26

2026-09-21T22:18:25.371Z,34.17,70.23

2026-09-21T22:18:30.372Z,34.19,70.21

2026-09-21T22:18:35.373Z,34.2,70.17

2026-09-21T22:18:40.375Z,34.2,70.21

2026-09-21T22:18:45.379Z,34.2,70.18

2026-09-21T22:18:50.389Z,34.19,70.21

2026-09-21T22:18:55.378Z,34.19,70.12

2026-09-21T22:19:00.379Z,34.2,70.13

2026-09-21T22:19:05.383Z,34.2,70.09

2026-09-21T22:19:10.382Z,34.19,70.09

2026-09-21T22:19:15.391Z,34.2,70.07

2026-09-21T22:19:20.403Z,34.2,70.12

2026-09-21T22:19:25.391Z,34.2,70.07

2026-09-21T22:19:30.390Z,34.2,70.07

2026-09-21T22:19:35.390Z,34.17,70.08

2026-09-21T22:19:40.391Z,34.17,70.06

2026-09-21T22:19:45.406Z,34.2,70.12

2026-09-21T22:19:50.412Z,34.18,70.11

2026-09-21T22:19:55.402Z,34.18,70.08

2026-09-21T22:20:00.402Z,34.19,70.06

2026-09-21T22:20:05.400Z,34.19,70.11

2026-09-21T22:20:10.401Z,34.19,70.1

2026-09-21T22:20:15.408Z,34.17,70.03

2026-09-21T22:20:20.426Z,34.15,70.13

2026-09-21T22:20:25.410Z,34.19,70.1

2026-09-21T22:20:30.408Z,34.17,70.09

2026-09-21T22:20:35.409Z,34.16,70.14

2026-09-21T22:20:40.410Z,34.18,70.09

2026-09-21T22:20:45.438Z,34.18,70.12

2026-09-21T22:20:50.449Z,34.17,70.08

2026-09-21T22:20:55.437Z,34.17,70.05

2026-09-21T22:21:00.439Z,34.17,70.07

2026-09-21T22:21:05.439Z,34.17,70.15

2026-09-21T22:21:10.438Z,34.17,70.05

2026-09-21T22:21:15.438Z,34.17,70.07

2026-09-21T22:21:20.449Z,34.16,70.17

2026-09-21T22:21:25.439Z,34.14,70.11

2026-09-21T22:21:30.438Z,34.14,70.12

2026-09-21T22:21:35.437Z,34.16,70.12

2026-09-21T22:21:40.439Z,34.15,70.09

2026-09-21T22:21:45.437Z,34.15,70.15

2026-09-21T22:21:50.452Z,34.13,70.21

2026-09-21T22:21:55.437Z,34.14,70.17

2026-09-21T22:22:00.439Z,34.13,70.26

2026-09-21T22:22:05.439Z,34.13,70.25

2026-09-21T22:22:10.437Z,34.13,70.24

2026-09-21T22:22:15.439Z,34.13,70.2

2026-09-21T22:22:20.449Z,34.13,70.28

2026-09-21T22:22:25.440Z,34.11,70.3

2026-09-21T22:22:30.441Z,34.13,70.33

2026-09-21T22:22:35.444Z,34.13,70.32

2026-09-21T22:22:40.443Z,34.13,70.3

2026-09-21T22:22:45.446Z,34.13,70.21

2026-09-21T22:22:50.462Z,34.13,70.31

2026-09-21T22:22:55.443Z,34.14,70.28

2026-09-21T22:23:00.447Z,34.14,70.26

2026-09-21T22:23:05.441Z,34.13,70.21

2026-09-21T22:23:10.446Z,34.12,70.27

2026-09-21T22:23:15.453Z,34.13,70.23

2026-09-21T22:23:20.466Z,34.15,70.27

2026-09-21T22:23:25.454Z,34.15,70.21

2026-09-21T22:23:30.455Z,34.15,70.25

2026-09-21T22:23:35.455Z,34.15,70.21

2026-09-21T22:23:40.456Z,34.15,70.18

2026-09-21T22:23:45.463Z,34.15,70.18

2026-09-21T22:23:50.470Z,34.16,70.3

2026-09-21T22:23:55.460Z,34.15,70.19

2026-09-21T22:24:00.461Z,34.15,70.15

2026-09-21T22:24:05.459Z,34.18,70.21

2026-09-21T22:24:10.462Z,34.18,70.14

2026-09-21T22:24:15.469Z,34.18,70.2

2026-09-21T22:24:20.481Z,34.16,70.15

2026-09-21T22:24:25.468Z,34.17,70.11

2026-09-21T22:24:30.468Z,34.16,70.16

2026-09-21T22:24:35.468Z,34.18,70.06

2026-09-21T22:24:40.468Z,34.17,70.11

2026-09-21T22:24:45.474Z,34.19,70.13

2026-09-21T22:24:50.485Z,34.17,70.14

2026-09-21T22:24:55.470Z,34.17,70.13

2026-09-21T22:25:00.471Z,34.18,70.16

2026-09-21T22:25:05.472Z,34.17,70.11

2026-09-21T22:25:10.474Z,34.21,70.1

2026-09-21T22:25:15.472Z,34.22,70.08

2026-09-21T22:25:20.482Z,34.2,70.12

2026-09-21T22:25:25.473Z,34.21,70.04

2026-09-21T22:25:30.474Z,34.2,70.04

2026-09-21T22:25:35.472Z,34.19,70.06

2026-09-21T22:25:40.475Z,34.2,70

2026-09-21T22:25:45.506Z,34.2,70.03

2026-09-21T22:25:50.485Z,34.2,70.01

2026-09-21T22:25:55.475Z,34.2,69.93

2026-09-21T22:26:00.476Z,34.21,69.96

2026-09-21T22:26:05.476Z,34.21,69.95

2026-09-21T22:26:10.480Z,34.2,69.96

2026-09-21T22:26:15.480Z,34.2,69.86

2026-09-21T22:26:20.492Z,34.2,69.91

2026-09-21T22:26:25.481Z,34.21,69.79

2026-09-21T22:26:30.479Z,34.21,69.89

2026-09-21T22:26:35.482Z,34.21,69.85

2026-09-21T22:26:40.479Z,34.22,69.83

2026-09-21T22:26:45.483Z,34.22,69.83

2026-09-21T22:26:50.494Z,34.19,69.83

2026-09-21T22:26:55.481Z,34.21,69.83

2026-09-21T22:27:00.484Z,34.2,69.81

2026-09-21T22:27:05.484Z,34.19,69.87

2026-09-21T22:27:10.485Z,34.19,69.84

2026-09-21T22:27:15.493Z,34.19,69.9

2026-09-21T22:27:20.506Z,34.18,69.97

2026-09-21T22:27:25.493Z,34.18,69.9

2026-09-21T22:27:30.494Z,34.18,69.88

2026-09-21T22:27:35.494Z,34.18,69.88

2026-09-21T22:27:40.494Z,34.17,69.9

2026-09-21T22:27:45.498Z,34.19,69.83

2026-09-21T22:27:50.510Z,34.19,69.9

2026-09-21T22:27:55.500Z,34.17,69.86

2026-09-21T22:28:00.499Z,34.2,69.83

2026-09-21T22:28:05.500Z,34.19,69.84

2026-09-21T22:28:10.500Z,34.2,69.89

2026-09-21T22:28:15.507Z,34.19,69.89

2026-09-21T22:28:20.517Z,34.2,69.86

2026-09-21T22:28:25.505Z,34.18,69.82

2026-09-21T22:28:30.504Z,34.19,69.81

2026-09-21T22:28:35.506Z,34.18,69.74

2026-09-21T22:28:40.507Z,34.17,69.79

2026-09-21T22:28:45.518Z,34.18,69.73

2026-09-21T22:28:50.527Z,34.18,69.78

2026-09-21T22:28:55.515Z,34.19,69.75

2026-09-21T22:29:00.514Z,34.19,69.72

2026-09-21T22:29:05.515Z,34.18,69.71

2026-09-21T22:29:10.514Z,34.17,69.64

2026-09-21T22:29:15.519Z,34.18,69.63

2026-09-21T22:29:20.531Z,34.18,69.76

2026-09-21T22:29:25.519Z,34.17,69.73

2026-09-21T22:29:30.520Z,34.2,69.74

2026-09-21T22:29:35.518Z,34.19,69.77

2026-09-21T22:29:40.519Z,34.17,69.85

2026-09-21T22:29:45.528Z,34.17,69.81

2026-09-21T22:29:50.544Z,34.2,69.79

2026-09-21T22:29:55.528Z,34.19,69.82

2026-09-21T22:30:00.531Z,34.18,69.74

2026-09-21T22:30:05.531Z,34.19,69.71

2026-09-21T22:30:10.530Z,34.18,69.73

2026-09-21T22:30:15.541Z,34.2,69.69

2026-09-21T22:30:20.553Z,34.2,69.74

2026-09-21T22:30:25.539Z,34.19,69.71

2026-09-21T22:30:30.541Z,34.2,69.78

2026-09-21T22:30:35.539Z,34.19,69.74

2026-09-21T22:30:40.539Z,34.2,69.71

2026-09-21T22:30:45.556Z,34.21,69.78

2026-09-21T22:30:50.566Z,34.2,69.74

2026-09-21T22:30:55.551Z,34.2,69.76

2026-09-21T22:31:00.554Z,34.22,69.66

2026-09-21T22:31:05.556Z,34.23,69.62

2026-09-21T22:31:10.553Z,34.2,69.62

2026-09-21T22:31:15.565Z,34.21,69.63

2026-09-21T22:31:20.575Z,34.21,69.69

2026-09-21T22:31:25.564Z,34.22,69.61

2026-09-21T22:31:30.564Z,34.22,69.6

2026-09-21T22:31:35.566Z,34.22,69.6

2026-09-21T22:31:40.566Z,34.22,69.58

2026-09-21T22:31:45.574Z,34.22,69.52

2026-09-21T22:31:50.585Z,34.21,69.57

2026-09-21T22:31:55.572Z,34.2,69.56

2026-09-21T22:32:00.572Z,34.24,69.55

2026-09-21T22:32:05.573Z,34.21,69.56

2026-09-21T22:32:10.573Z,34.23,69.56

2026-09-21T22:32:15.589Z,34.24,69.56

2026-09-21T22:32:20.598Z,34.21,69.56

2026-09-21T22:32:25.586Z,34.24,69.52

2026-09-21T22:32:30.587Z,34.23,69.54

2026-09-21T22:32:35.587Z,34.23,69.46

2026-09-21T22:32:40.586Z,34.25,69.44

2026-09-21T22:32:45.597Z,34.28,69.4

2026-09-21T22:32:50.606Z,34.24,69.45

2026-09-21T22:32:55.594Z,34.25,69.44

2026-09-21T22:33:00.596Z,34.26,69.38

2026-09-21T22:33:05.597Z,34.23,69.41

2026-09-21T22:33:10.595Z,34.23,69.47

2026-09-21T22:33:15.596Z,34.24,69.44

2026-09-21T22:33:20.610Z,34.23,69.43

2026-09-21T22:33:25.596Z,34.21,69.38

2026-09-21T22:33:30.601Z,34.22,69.4

2026-09-21T22:33:35.600Z,34.22,69.39

2026-09-21T22:33:40.601Z,34.21,69.43

2026-09-21T22:33:45.609Z,34.24,69.42

2026-09-21T22:33:50.623Z,34.22,69.46

2026-09-21T22:33:55.609Z,34.23,69.52

2026-09-21T22:34:00.611Z,34.22,69.49

2026-09-21T22:34:05.609Z,34.23,69.53

2026-09-21T22:34:10.612Z,34.23,69.56

2026-09-21T22:34:15.615Z,34.22,69.66

2026-09-21T22:34:20.625Z,34.21,69.64

2026-09-21T22:34:25.614Z,34.21,69.64

2026-09-21T22:34:30.614Z,34.21,69.52

2026-09-21T22:34:35.614Z,34.21,69.47

2026-09-21T22:34:40.613Z,34.21,69.43

2026-09-21T22:34:45.622Z,34.22,69.46

2026-09-21T22:34:50.633Z,34.22,69.46

2026-09-21T22:34:55.622Z,34.24,69.37

2026-09-21T22:35:00.620Z,34.22,69.43

2026-09-21T22:35:05.620Z,34.22,69.44

2026-09-21T22:35:10.623Z,34.22,69.43

2026-09-21T22:35:15.629Z,34.2,69.42

2026-09-21T22:35:20.638Z,34.19,69.46

2026-09-21T22:35:25.627Z,34.21,69.38

2026-09-21T22:35:30.627Z,34.18,69.47

2026-09-21T22:35:35.627Z,34.18,69.47

2026-09-21T22:35:40.627Z,34.19,69.49

2026-09-21T22:35:45.639Z,34.19,69.46

2026-09-21T22:35:50.649Z,34.17,69.47

2026-09-21T22:35:55.638Z,34.18,69.5

2026-09-21T22:36:00.637Z,34.17,69.47

2026-09-21T22:36:05.637Z,34.18,69.51

2026-09-21T22:36:10.640Z,34.17,69.57

2026-09-21T22:36:15.642Z,34.17,69.56

2026-09-21T22:36:20.652Z,34.17,69.59

2026-09-21T22:36:25.639Z,34.17,69.57

2026-09-21T22:36:30.639Z,34.16,69.5

2026-09-21T22:36:35.641Z,34.15,69.5

2026-09-21T22:36:40.641Z,34.16,69.55

2026-09-21T22:36:45.639Z,34.17,69.63

2026-09-21T22:36:50.654Z,34.15,69.61

2026-09-21T22:36:55.645Z,34.15,69.63

2026-09-21T22:37:00.641Z,34.17,69.67

2026-09-21T22:37:05.643Z,34.14,69.59

2026-09-21T22:37:10.643Z,34.16,69.64

2026-09-21T22:37:15.643Z,34.16,69.61

2026-09-21T22:37:20.656Z,34.13,69.73

2026-09-21T22:37:25.645Z,34.16,69.66

2026-09-21T22:37:30.651Z,34.16,69.67

2026-09-21T22:37:35.645Z,34.17,69.76

2026-09-21T22:37:40.649Z,34.14,69.66

2026-09-21T22:37:45.654Z,34.15,69.71

2026-09-21T22:37:50.668Z,34.16,69.73

2026-09-21T22:37:55.654Z,34.17,69.66

2026-09-21T22:38:00.653Z,34.17,69.57

2026-09-21T22:38:05.653Z,34.13,69.54

2026-09-21T22:38:10.652Z,34.13,69.54

2026-09-21T22:38:15.674Z,34.14,69.53

2026-09-21T22:38:20.683Z,34.15,69.58

2026-09-21T22:38:25.672Z,34.14,69.55

2026-09-21T22:38:30.675Z,34.14,69.55

2026-09-21T22:38:35.674Z,34.14,69.58

2026-09-21T22:38:40.673Z,34.14,69.56

2026-09-21T22:38:45.691Z,34.15,69.57

2026-09-21T22:38:50.702Z,34.12,69.58

2026-09-21T22:38:55.689Z,34.12,69.54

2026-09-21T22:39:00.690Z,34.12,69.61

2026-09-21T22:39:05.691Z,34.13,69.54

2026-09-21T22:39:10.690Z,34.12,69.63

2026-09-21T22:39:15.694Z,34.11,69.6

2026-09-21T22:39:20.706Z,34.1,69.68

2026-09-21T22:39:25.693Z,34.11,69.58

2026-09-21T22:39:30.694Z,34.1,69.56

2026-09-21T22:39:35.693Z,34.09,69.6

2026-09-21T22:39:40.695Z,34.1,69.68

2026-09-21T22:39:45.694Z,34.09,69.65

2026-09-21T22:39:50.706Z,34.1,69.73

2026-09-21T22:39:55.693Z,34.1,69.65

2026-09-21T22:40:00.694Z,34.09,69.6

2026-09-21T22:40:05.693Z,34.07,69.65

2026-09-21T22:40:10.694Z,34.08,69.7

2026-09-21T22:40:15.708Z,34.08,69.69

2026-09-21T22:40:20.721Z,34.05,69.71

2026-09-21T22:40:25.708Z,34.07,69.65

2026-09-21T22:40:30.706Z,34.1,69.7

2026-09-21T22:40:35.707Z,34.08,69.8

2026-09-21T22:40:40.705Z,34.09,69.83

2026-09-21T22:40:45.714Z,34.05,69.84

2026-09-21T22:40:50.723Z,34.05,69.83

2026-09-21T22:40:55.714Z,34.06,69.76

2026-09-21T22:41:00.717Z,34.07,69.77

2026-09-21T22:41:05.715Z,34.05,69.72

2026-09-21T22:41:10.717Z,34.05,69.73

2026-09-21T22:41:15.721Z,34.06,69.78

2026-09-21T22:41:20.737Z,34.04,69.77

2026-09-21T22:41:25.722Z,34.07,69.75

2026-09-21T22:41:30.725Z,34.06,69.79

2026-09-21T22:41:35.723Z,34.06,69.86

2026-09-21T22:41:40.724Z,34.07,69.76

2026-09-21T22:41:45.730Z,34.07,69.72

2026-09-21T22:41:50.745Z,34.06,69.74

2026-09-21T22:41:55.731Z,34.06,69.71

2026-09-21T22:42:00.731Z,34.05,69.63

2026-09-21T22:42:05.733Z,34.07,69.65

2026-09-21T22:42:10.733Z,34.06,69.59

2026-09-21T22:42:15.744Z,34.06,69.61

2026-09-21T22:42:20.758Z,34.03,69.61

2026-09-21T22:42:25.745Z,34.04,69.62

2026-09-21T22:42:30.745Z,34.07,69.63

2026-09-21T22:42:35.743Z,34.05,69.65

2026-09-21T22:42:40.743Z,34.05,69.69

2026-09-21T22:42:45.752Z,34.05,69.63

2026-09-21T22:42:50.763Z,34.03,69.7

2026-09-21T22:42:55.750Z,34.05,69.72

2026-09-21T22:43:00.750Z,34.05,69.69

2026-09-21T22:43:05.752Z,34.04,69.72

2026-09-21T22:43:10.750Z,34.03,69.67

2026-09-21T22:43:15.754Z,34.04,69.66

2026-09-21T22:43:20.764Z,34.06,69.67

2026-09-21T22:43:25.752Z,34.06,69.63

2026-09-21T22:43:30.754Z,34.03,69.71

2026-09-21T22:43:35.755Z,34.06,69.66

2026-09-21T22:43:40.755Z,34.05,69.63

2026-09-21T22:43:45.753Z,34.05,69.59

2026-09-21T22:43:50.769Z,34.03,69.67

2026-09-21T22:43:55.757Z,34.05,69.59

2026-09-21T22:44:00.756Z,34.02,69.58

2026-09-21T22:44:05.756Z,34.06,69.58

2026-09-21T22:44:10.756Z,34.06,69.55

2026-09-21T22:44:15.758Z,34.04,69.63

2026-09-21T22:44:20.770Z,34.05,69.63

2026-09-21T22:44:25.758Z,34.06,69.55

2026-09-21T22:44:30.757Z,34.04,69.56

2026-09-21T22:44:35.757Z,34.05,69.56

2026-09-21T22:44:40.758Z,34.06,69.53

2026-09-21T22:44:45.772Z,34.04,69.5

2026-09-21T22:44:50.792Z,34.05,69.46

2026-09-21T22:44:55.767Z,34.04,69.5

2026-09-21T22:45:00.768Z,34.05,69.51

2026-09-21T22:45:05.768Z,34.06,69.55

2026-09-21T22:45:10.768Z,34.07,69.49

2026-09-21T22:45:15.773Z,34.07,69.51

2026-09-21T22:45:20.786Z,34.05,69.54

2026-09-21T22:45:25.775Z,34.06,69.53

2026-09-21T22:45:30.775Z,34.08,69.44

2026-09-21T22:45:35.775Z,34.06,69.4

2026-09-21T22:45:40.776Z,34.05,69.49

2026-09-21T22:45:45.781Z,34.07,69.49

2026-09-21T22:45:50.798Z,34.06,69.5

2026-09-21T22:45:55.779Z,34.05,69.41

2026-09-21T22:46:00.781Z,34.06,69.38

2026-09-21T22:46:05.783Z,34.06,69.4

2026-09-21T22:46:10.781Z,34.07,69.37

2026-09-21T22:46:15.797Z,34.07,69.46

2026-09-21T22:46:20.808Z,34.04,69.53

2026-09-21T22:46:25.795Z,34.05,69.42

2026-09-21T22:46:30.796Z,34.05,69.46

2026-09-21T22:46:35.796Z,34.05,69.47

2026-09-21T22:46:40.795Z,34.04,69.45

2026-09-21T22:46:45.810Z,34.03,69.54

2026-09-21T22:46:50.823Z,34.04,69.58

2026-09-21T22:46:55.810Z,34.04,69.57

2026-09-21T22:47:00.811Z,34.02,69.63

2026-09-21T22:47:05.810Z,34.06,69.65

2026-09-21T22:47:10.810Z,34.05,69.62

2026-09-21T22:47:15.814Z,34.04,69.64

2026-09-21T22:47:20.824Z,34.03,69.68

2026-09-21T22:47:25.812Z,34.06,69.67

2026-09-21T22:47:30.814Z,34.04,69.62

2026-09-21T22:47:35.813Z,34.06,69.63

2026-09-21T22:47:40.813Z,34.04,69.62

2026-09-21T22:47:45.816Z,34.05,69.63

2026-09-21T22:47:50.826Z,34.05,69.61

2026-09-21T22:47:55.814Z,34.06,69.49

2026-09-21T22:48:00.815Z,34.07,69.56

2026-09-21T22:48:05.815Z,34.06,69.51

2026-09-21T22:48:10.814Z,34.07,69.51

2026-09-21T22:48:15.827Z,34.06,69.61

2026-09-21T22:48:20.841Z,34.05,69.69

2026-09-21T22:48:25.821Z,34.05,69.57

2026-09-21T22:48:30.828Z,34.06,69.54

2026-09-21T22:48:35.828Z,34.08,69.55

2026-09-21T22:48:40.825Z,34.07,69.49

2026-09-21T22:48:45.842Z,34.07,69.46

2026-09-21T22:48:50.856Z,34.06,69.45

2026-09-21T22:48:55.841Z,34.06,69.49

2026-09-21T22:49:00.844Z,34.06,69.42

2026-09-21T22:49:05.843Z,34.06,69.43

2026-09-21T22:49:10.842Z,34.06,69.42

2026-09-21T22:49:15.848Z,34.06,69.42

2026-09-21T22:49:20.862Z,34.07,69.44

2026-09-21T22:49:25.848Z,34.07,69.43

2026-09-21T22:49:30.849Z,34.07,69.42

2026-09-21T22:49:35.848Z,34.05,69.43

2026-09-21T22:49:40.848Z,34.08,69.42

2026-09-21T22:49:45.848Z,34.08,69.47

2026-09-21T22:49:50.863Z,34.07,69.51

2026-09-21T22:49:55.849Z,34.07,69.47

2026-09-21T22:50:00.850Z,34.07,69.42

2026-09-21T22:50:05.850Z,34.07,69.46

2026-09-21T22:50:10.851Z,34.06,69.5

2026-09-21T22:50:15.855Z,34.08,69.43

2026-09-21T22:50:20.865Z,34.08,69.53

2026-09-21T22:50:25.854Z,34.08,69.48

2026-09-21T22:50:30.855Z,34.06,69.56

2026-09-21T22:50:35.854Z,34.09,69.45

2026-09-21T22:50:40.854Z,34.06,69.41

2026-09-21T22:50:45.870Z,34.06,69.45

2026-09-21T22:50:50.881Z,34.08,69.5

2026-09-21T22:50:55.868Z,34.09,69.46

2026-09-21T22:51:00.868Z,34.07,69.48

2026-09-21T22:51:05.868Z,34.09,69.49

2026-09-21T22:51:10.868Z,34.08,69.45

2026-09-21T22:51:15.871Z,34.07,69.51

2026-09-21T22:51:20.884Z,34.08,69.47

2026-09-21T22:51:25.870Z,34.1,69.46

2026-09-21T22:51:30.871Z,34.07,69.45

2026-09-21T22:51:35.871Z,34.09,69.47

2026-09-21T22:51:40.874Z,34.11,69.46

2026-09-21T22:51:45.876Z,34.09,69.53

2026-09-21T22:51:50.886Z,34.1,69.53

2026-09-21T22:51:55.879Z,34.1,69.43

2026-09-21T22:52:00.878Z,34.08,69.43

2026-09-21T22:52:05.877Z,34.12,69.47

2026-09-21T22:52:10.877Z,34.13,69.48

2026-09-21T22:52:15.886Z,34.1,69.46

2026-09-21T22:52:20.904Z,34.1,69.48

2026-09-21T22:52:25.885Z,34.11,69.5

2026-09-21T22:52:30.889Z,34.11,69.47

2026-09-21T22:52:35.886Z,34.1,69.45

2026-09-21T22:52:40.888Z,34.1,69.45

2026-09-21T22:52:45.885Z,34.11,69.5

2026-09-21T22:52:50.899Z,34.09,69.53

2026-09-21T22:52:55.887Z,34.09,69.46

2026-09-21T22:53:00.887Z,34.1,69.49

2026-09-21T22:53:05.890Z,34.1,69.5

2026-09-21T22:53:10.889Z,34.1,69.46

2026-09-21T22:53:15.888Z,34.11,69.51

2026-09-21T22:53:20.899Z,34.1,69.52

2026-09-21T22:53:25.888Z,34.11,69.52

2026-09-21T22:53:30.889Z,34.12,69.5

2026-09-21T22:53:35.889Z,34.1,69.51

2026-09-21T22:53:40.892Z,34.1,69.52

2026-09-21T22:53:45.894Z,34.1,69.58

2026-09-21T22:53:50.905Z,34.1,69.56

2026-09-21T22:53:55.894Z,34.11,69.51

2026-09-21T22:54:00.895Z,34.11,69.57

2026-09-21T22:54:05.894Z,34.11,69.53

2026-09-21T22:54:10.894Z,34.11,69.48

2026-09-21T22:54:15.909Z,34.1,69.58

2026-09-21T22:54:20.919Z,34.14,69.61

2026-09-21T22:54:25.908Z,34.11,69.5

2026-09-21T22:54:30.907Z,34.11,69.51

2026-09-21T22:54:35.907Z,34.11,69.54

2026-09-21T22:54:40.908Z,34.11,69.52

2026-09-21T22:54:45.911Z,34.11,69.55

2026-09-21T22:54:50.922Z,34.09,69.64

2026-09-21T22:54:55.909Z,34.11,69.55

2026-09-21T22:55:00.908Z,34.11,69.59

2026-09-21T22:55:05.907Z,34.11,69.59

2026-09-21T22:55:10.910Z,34.11,69.59

2026-09-21T22:55:15.923Z,34.08,69.57

2026-09-21T22:55:20.935Z,34.11,69.6

2026-09-21T22:55:25.922Z,34.11,69.59

2026-09-21T22:55:30.925Z,34.14,69.53

2026-09-21T22:55:35.924Z,34.12,69.61

2026-09-21T22:55:40.923Z,34.1,69.58

2026-09-21T22:55:45.926Z,34.11,69.56

2026-09-21T22:55:50.941Z,34.11,69.63

2026-09-21T22:55:55.925Z,34.1,69.62

2026-09-21T22:56:00.926Z,34.12,69.66

2026-09-21T22:56:05.927Z,34.1,69.64

2026-09-21T22:56:10.927Z,34.1,69.61

2026-09-21T22:56:15.942Z,34.1,69.62

2026-09-21T22:56:20.953Z,34.1,69.71

2026-09-21T22:56:25.943Z,34.1,69.66

2026-09-21T22:56:30.941Z,34.1,69.7

2026-09-21T22:56:35.943Z,34.12,69.69

2026-09-21T22:56:40.942Z,34.1,69.68

2026-09-21T22:56:45.959Z,34.11,69.7

2026-09-21T22:56:50.970Z,34.1,69.73

2026-09-21T22:56:55.958Z,34.11,69.73

2026-09-21T22:57:00.959Z,34.1,69.69

2026-09-21T22:57:05.960Z,34.1,69.71

2026-09-21T22:57:10.961Z,34.09,69.84

2026-09-21T22:57:15.971Z,34.13,69.68

2026-09-21T22:57:20.982Z,34.11,69.82

2026-09-21T22:57:25.969Z,34.1,69.82

2026-09-21T22:57:30.969Z,34.11,69.82

2026-09-21T22:57:35.970Z,34.1,69.78

2026-09-21T22:57:40.970Z,34.1,69.77

2026-09-21T22:57:45.972Z,34.09,69.86

2026-09-21T22:57:50.983Z,34.1,69.85

2026-09-21T22:57:55.973Z,34.11,69.79

2026-09-21T22:58:00.972Z,34.12,69.83

2026-09-21T22:58:05.975Z,34.12,69.8

2026-09-21T22:58:10.975Z,34.11,69.82

2026-09-21T22:58:15.974Z,34.11,69.82

2026-09-21T22:58:20.988Z,34.1,69.91

2026-09-21T22:58:25.976Z,34.09,69.84

2026-09-21T22:58:30.976Z,34.11,69.85

2026-09-21T22:58:35.974Z,34.1,69.89

2026-09-21T22:58:40.976Z,34.09,69.89

2026-09-21T22:58:45.975Z,34.07,69.87

2026-09-21T22:58:50.986Z,34.08,69.91

2026-09-21T22:58:55.976Z,34.08,69.94

2026-09-21T22:59:00.977Z,34.08,69.89

2026-09-21T22:59:05.981Z,34.09,69.91

2026-09-21T22:59:10.980Z,34.09,69.93

2026-09-21T22:59:15.982Z,34.09,69.94

2026-09-21T22:59:20.991Z,34.09,69.95

2026-09-21T22:59:25.983Z,34.08,69.95

2026-09-21T22:59:30.981Z,34.07,69.94

2026-09-21T22:59:35.980Z,34.09,69.93

2026-09-21T22:59:40.980Z,34.08,69.98

2026-09-21T22:59:45.980Z,34.08,70.02

2026-09-21T22:59:50.991Z,34.07,70.05

2026-09-21T22:59:55.983Z,34.07,70

2026-09-21T23:00:00.985Z,34.06,70

2026-09-21T23:00:05.981Z,34.06,70

2026-09-21T23:00:10.981Z,34.09,70.05

2026-09-21T23:00:15.982Z,34.07,70.06

2026-09-21T23:00:20.996Z,34.08,70.07

2026-09-21T23:00:25.984Z,34.07,70.06

2026-09-21T23:00:30.983Z,34.06,70.01

2026-09-21T23:00:35.983Z,34.05,70.08

2026-09-21T23:00:40.985Z,34.08,70.11

2026-09-21T23:00:45.995Z,34.07,70.08

2026-09-21T23:00:51.001Z,34.06,70.17

2026-09-21T23:00:55.991Z,34.06,70.14

2026-09-21T23:01:00.992Z,34.06,70.2

2026-09-21T23:01:05.992Z,34.03,70.15

2026-09-21T23:01:10.992Z,34.04,70.15

2026-09-21T23:01:16.000Z,34.04,70.17

2026-09-21T23:01:21.010Z,34.05,70.25

2026-09-21T23:01:25.997Z,34.05,70.22

2026-09-21T23:01:30.998Z,34.05,70.18

2026-09-21T23:01:35.996Z,34.05,70.23

2026-09-21T23:01:40.998Z,34.06,70.22

2026-09-21T23:01:46.017Z,34.04,70.2

2026-09-21T23:01:51.026Z,34.05,70.22

2026-09-21T23:01:56.013Z,34.05,70.17

2026-09-21T23:02:01.015Z,34.04,70.21

2026-09-21T23:02:06.016Z,34.05,70.28

2026-09-21T23:02:11.016Z,34.04,70.24

2026-09-21T23:02:16.016Z,34.05,70.23

2026-09-21T23:02:21.031Z,34.04,70.28

2026-09-21T23:02:26.017Z,34.04,70.25

2026-09-21T23:02:31.015Z,34.06,70.29

2026-09-21T23:02:36.015Z,34.04,70.29

2026-09-21T23:02:41.021Z,34.05,70.24

2026-09-21T23:02:46.032Z,34.05,70.23

2026-09-21T23:02:51.039Z,34.05,70.29

2026-09-21T23:02:56.033Z,34.06,70.23

2026-09-21T23:03:01.032Z,34.05,70.23

2026-09-21T23:03:06.032Z,34.06,70.26

2026-09-21T23:03:11.031Z,34.05,70.21

2026-09-21T23:03:16.039Z,34.04,70.28

2026-09-21T23:03:21.049Z,34.06,70.28

2026-09-21T23:03:26.038Z,34.05,70.27

2026-09-21T23:03:31.040Z,34.06,70.26

2026-09-21T23:03:36.039Z,34.06,70.19

2026-09-21T23:03:41.038Z,34.08,70.21

2026-09-21T23:03:46.038Z,34.05,70.22

2026-09-21T23:03:51.051Z,34.05,70.24

2026-09-21T23:03:56.040Z,34.06,70.23

2026-09-21T23:04:01.041Z,34.08,70.19

2026-09-21T23:04:06.042Z,34.08,70.26

2026-09-21T23:04:11.043Z,34.07,70.31

2026-09-21T23:04:16.057Z,34.09,70.25

2026-09-21T23:04:21.069Z,34.06,70.3

2026-09-21T23:04:26.057Z,34.08,70.27

2026-09-21T23:04:31.056Z,34.05,70.33

2026-09-21T23:04:36.056Z,34.05,70.32

2026-09-21T23:04:41.058Z,34.07,70.3

2026-09-21T23:04:46.070Z,34.06,70.3

2026-09-21T23:04:51.084Z,34.06,70.37

2026-09-21T23:04:56.070Z,34.05,70.31

2026-09-21T23:05:01.069Z,34.06,70.37

2026-09-21T23:05:06.070Z,34.04,70.33

2026-09-21T23:05:11.069Z,34.06,70.38

2026-09-21T23:05:16.077Z,34.05,70.39

2026-09-21T23:05:21.091Z,34.05,70.4

2026-09-21T23:05:26.077Z,34.05,70.42

2026-09-21T23:05:31.078Z,34.04,70.44

2026-09-21T23:05:36.078Z,34.03,70.45

2026-09-21T23:05:41.079Z,34.04,70.43

2026-09-21T23:05:46.079Z,34.03,70.38

2026-09-21T23:05:51.093Z,34.01,70.53

2026-09-21T23:05:56.081Z,34.05,70.51

2026-09-21T23:06:01.081Z,34.03,70.5

2026-09-21T23:06:06.079Z,34.05,70.5

2026-09-21T23:06:11.081Z,34.04,70.46

2026-09-21T23:06:16.082Z,34.04,70.52

2026-09-21T23:06:21.103Z,34.03,70.57

2026-09-21T23:06:26.085Z,34.02,70.57

2026-09-21T23:06:31.084Z,34.04,70.57

2026-09-21T23:06:36.083Z,34.02,70.56

2026-09-21T23:06:41.085Z,34.02,70.62

2026-09-21T23:06:46.086Z,34.02,70.55

2026-09-21T23:06:51.100Z,34,70.63

2026-09-21T23:06:56.085Z,34.02,70.58

2026-09-21T23:07:01.088Z,34.02,70.61

2026-09-21T23:07:06.087Z,34.03,70.64

2026-09-21T23:07:11.086Z,34,70.62

2026-09-21T23:07:16.104Z,33.99,70.65

2026-09-21T23:07:21.115Z,34.01,70.65

2026-09-21T23:07:26.102Z,34,70.66

2026-09-21T23:07:31.104Z,34.01,70.65

2026-09-21T23:07:36.103Z,34.01,70.7

2026-09-21T23:07:41.105Z,34,70.66

2026-09-21T23:07:46.110Z,34,70.71

2026-09-21T23:07:51.123Z,34,70.76

2026-09-21T23:07:56.109Z,33.99,70.7

2026-09-21T23:08:01.110Z,34.01,70.7

2026-09-21T23:08:06.111Z,34.01,70.74

2026-09-21T23:08:11.111Z,34.01,70.75

2026-09-21T23:08:16.114Z,34,70.74

2026-09-21T23:08:21.127Z,34.02,70.76

2026-09-21T23:08:26.113Z,34.02,70.77

2026-09-21T23:08:31.114Z,33.98,70.78

2026-09-21T23:08:36.115Z,33.99,70.75

2026-09-21T23:08:41.115Z,33.99,70.78

2026-09-21T23:08:46.114Z,33.98,70.78

2026-09-21T23:08:51.127Z,33.97,70.83

2026-09-21T23:08:56.115Z,33.98,70.81

2026-09-21T23:09:01.113Z,33.99,70.83

2026-09-21T23:09:06.114Z,34,70.82

2026-09-21T23:09:11.116Z,34,70.86

2026-09-21T23:09:16.118Z,34,70.85

2026-09-21T23:09:21.127Z,33.97,70.89

2026-09-21T23:09:26.117Z,33.99,70.93

2026-09-21T23:09:31.117Z,34.01,70.9

2026-09-21T23:09:36.116Z,34,70.87

2026-09-21T23:09:41.117Z,33.99,70.89

2026-09-21T23:09:46.129Z,34,70.91

2026-09-21T23:09:51.139Z,33.99,70.86

2026-09-21T23:09:56.131Z,33.97,70.86

2026-09-21T23:10:01.128Z,33.97,70.89

2026-09-21T23:10:06.129Z,33.99,70.87

2026-09-21T23:10:11.128Z,33.99,70.87

2026-09-21T23:10:16.136Z,33.98,70.91

2026-09-21T23:10:21.154Z,33.95,70.93

2026-09-21T23:10:26.136Z,33.97,70.89

2026-09-21T23:10:31.137Z,33.98,70.93

2026-09-21T23:10:36.137Z,33.98,70.89

2026-09-21T23:10:41.136Z,33.98,70.91

2026-09-21T23:10:46.148Z,33.96,70.86

2026-09-21T23:10:51.158Z,33.99,70.93

2026-09-21T23:10:56.148Z,34,70.89

2026-09-21T23:11:01.148Z,33.98,70.94

2026-09-21T23:11:06.148Z,33.99,70.99

2026-09-21T23:11:11.150Z,34.01,70.94

2026-09-21T23:11:16.148Z,33.99,70.94

2026-09-21T23:11:21.156Z,33.97,71.02

2026-09-21T23:11:26.147Z,34,70.89

2026-09-21T23:11:31.150Z,34.01,70.94

2026-09-21T23:11:36.151Z,34.01,70.89

2026-09-21T23:11:41.152Z,33.98,70.92

2026-09-21T23:11:46.151Z,33.98,70.97

2026-09-21T23:11:51.164Z,33.98,70.99

2026-09-21T23:11:56.152Z,33.99,70.94

2026-09-21T23:12:01.154Z,34.01,70.89

2026-09-21T23:12:06.154Z,34,70.94

2026-09-21T23:12:11.155Z,34.03,70.95

2026-09-21T23:12:16.157Z,33.99,70.94

2026-09-21T23:12:21.168Z,34,70.94

2026-09-21T23:12:26.156Z,34.01,70.85

2026-09-21T23:12:31.157Z,34.02,70.94

2026-09-21T23:12:36.156Z,34.01,70.88

2026-09-21T23:12:41.158Z,34,70.91

2026-09-21T23:12:46.173Z,34.02,70.88

2026-09-21T23:12:51.183Z,34.01,70.86

2026-09-21T23:12:56.169Z,34.01,70.85

2026-09-21T23:13:01.169Z,34,70.92

2026-09-21T23:13:06.169Z,34.03,70.88

2026-09-21T23:13:11.171Z,34.03,70.85

2026-09-21T23:13:16.177Z,34.02,70.92

2026-09-21T23:13:21.193Z,34.01,70.95

2026-09-21T23:13:26.173Z,34.03,70.89

2026-09-21T23:13:31.176Z,34.02,70.9

2026-09-21T23:13:36.177Z,34.01,70.86

2026-09-21T23:13:41.175Z,34,70.89

2026-09-21T23:13:46.186Z,34,70.86

2026-09-21T23:13:51.197Z,34,70.94

2026-09-21T23:13:56.184Z,34,70.88

2026-09-21T23:14:01.183Z,34.01,70.91

2026-09-21T23:14:06.184Z,34.02,70.9

2026-09-21T23:14:11.183Z,34,70.88

2026-09-21T23:14:16.190Z,34.02,70.91

2026-09-21T23:14:21.203Z,33.98,70.95

2026-09-21T23:14:26.191Z,34,70.99

2026-09-21T23:14:31.191Z,34.01,70.97

2026-09-21T23:14:36.192Z,34,70.94

2026-09-21T23:14:41.192Z,34.01,70.95

2026-09-21T23:14:46.196Z,34.03,70.92

2026-09-21T23:14:51.209Z,34.02,71.04

2026-09-21T23:14:56.195Z,34,70.96

2026-09-21T23:15:01.196Z,34,70.95

2026-09-21T23:15:06.195Z,34.01,70.98

2026-09-21T23:15:11.194Z,33.99,70.88

2026-09-21T23:15:16.206Z,34,70.98

2026-09-21T23:15:21.219Z,33.99,71.03

2026-09-21T23:15:26.203Z,34.01,70.98

2026-09-21T23:15:31.205Z,33.98,70.99

2026-09-21T23:15:36.208Z,33.99,71.01

2026-09-21T23:15:41.205Z,34,71.01

2026-09-21T23:15:46.206Z,34.01,71

2026-09-21T23:15:51.217Z,33.99,71.02

2026-09-21T23:15:56.206Z,33.98,71.06

2026-09-21T23:16:01.209Z,34.02,71.01

2026-09-21T23:16:06.209Z,33.99,71.04

2026-09-21T23:16:11.207Z,33.99,71

2026-09-21T23:16:16.208Z,34,71.04

2026-09-21T23:16:21.221Z,33.98,71.08

2026-09-21T23:16:26.207Z,33.98,70.99

2026-09-21T23:16:31.207Z,34.01,71.07

2026-09-21T23:16:36.207Z,33.99,70.99

2026-09-21T23:16:41.208Z,33.99,71.06

2026-09-21T23:16:46.215Z,33.99,71

2026-09-21T23:16:51.227Z,34,71.09

2026-09-21T23:16:56.214Z,34,71.05

2026-09-21T23:17:01.216Z,33.98,71.09

2026-09-21T23:17:06.217Z,34,71.08

2026-09-21T23:17:11.216Z,34.01,71.1

2026-09-21T23:17:16.230Z,34.01,71.06

2026-09-21T23:17:21.263Z,34,71.09

2026-09-21T23:17:26.237Z,34,71.07

2026-09-21T23:17:31.233Z,34.01,71.1

2026-09-21T23:17:36.232Z,34.01,71.02

2026-09-21T23:17:41.232Z,34.01,71.08

2026-09-21T23:17:46.244Z,34.01,71.06

2026-09-21T23:17:51.253Z,33.99,71.08

2026-09-21T23:17:56.241Z,34.03,71.03

2026-09-21T23:18:01.244Z,34.02,70.99

2026-09-21T23:18:06.244Z,34.02,71.06

2026-09-21T23:18:11.244Z,34.03,71.06

2026-09-21T23:18:16.259Z,34.03,70.99

2026-09-21T23:18:21.272Z,34.03,71.11

2026-09-21T23:18:26.256Z,34.02,71.02

2026-09-21T23:18:31.256Z,34.02,71

2026-09-21T23:18:36.258Z,34.03,71.06

2026-09-21T23:18:41.258Z,34.03,71.02

2026-09-21T23:18:46.267Z,34.03,71.06

2026-09-21T23:18:51.278Z,34.03,71.08

2026-09-21T23:18:56.266Z,34.06,71.04

2026-09-21T23:19:01.268Z,34.04,71.08

2026-09-21T23:19:06.267Z,34.05,71.05

2026-09-21T23:19:11.268Z,34.04,71.04

2026-09-21T23:19:16.271Z,34.05,70.98

2026-09-21T23:19:21.283Z,34.04,71.02

2026-09-21T23:19:26.272Z,34.05,71

2026-09-21T23:19:31.270Z,34.04,71.04

2026-09-21T23:19:36.274Z,34.02,71

2026-09-21T23:19:41.270Z,34.06,71.01

2026-09-21T23:19:46.274Z,34.05,71.04

2026-09-21T23:19:51.283Z,34.02,71.06

2026-09-21T23:19:56.273Z,34.05,71.06

2026-09-21T23:20:01.273Z,34.04,71.05

2026-09-21T23:20:06.272Z,34.05,70.98

2026-09-21T23:20:11.276Z,34.04,71.08

2026-09-21T23:20:16.272Z,34.05,71.05

2026-09-21T23:20:21.288Z,34.03,71.04

2026-09-21T23:20:26.273Z,34.04,71.08

2026-09-21T23:20:31.275Z,34.05,71.09

2026-09-21T23:20:36.274Z,34.05,71.04

2026-09-21T23:20:41.277Z,34.05,71.05

2026-09-21T23:20:46.283Z,34.05,71.03

2026-09-21T23:20:51.299Z,34.04,71.05

2026-09-21T23:20:56.285Z,34.06,71.06

2026-09-21T23:21:01.284Z,34.05,71.03

2026-09-21T23:21:06.279Z,34.06,70.95

2026-09-21T23:21:11.279Z,34.05,71.01

2026-09-21T23:21:16.290Z,34.06,70.96

2026-09-21T23:21:21.303Z,34.06,70.99

2026-09-21T23:21:26.289Z,34.07,70.97

2026-09-21T23:21:31.290Z,34.06,71

2026-09-21T23:21:36.286Z,34.06,70.93

2026-09-21T23:21:41.288Z,34.07,70.91

2026-09-21T23:21:46.306Z,34.1,70.91

2026-09-21T23:21:51.321Z,34.07,70.94

2026-09-21T23:21:56.307Z,34.09,70.89

2026-09-21T23:22:01.306Z,34.08,70.87

2026-09-21T23:22:06.308Z,34.09,70.87

2026-09-21T23:22:11.307Z,34.09,70.84

2026-09-21T23:22:16.314Z,34.09,70.84

2026-09-21T23:22:21.327Z,34.11,70.89

2026-09-21T23:22:26.314Z,34.12,70.85

2026-09-21T23:22:31.315Z,34.12,70.83

2026-09-21T23:22:36.315Z,34.13,70.81

2026-09-21T23:22:41.315Z,34.11,70.78

2026-09-21T23:22:46.329Z,34.12,70.74

2026-09-21T23:22:51.340Z,34.11,70.76

2026-09-21T23:22:56.327Z,34.11,70.75

2026-09-21T23:23:01.325Z,34.14,70.79

2026-09-21T23:23:06.328Z,34.12,70.73

2026-09-21T23:23:11.327Z,34.15,70.71

2026-09-21T23:23:16.331Z,34.13,70.69

2026-09-21T23:23:21.344Z,34.14,70.77

2026-09-21T23:23:26.331Z,34.14,70.68

2026-09-21T23:23:31.334Z,34.15,70.68

2026-09-21T23:23:36.332Z,34.15,70.63

2026-09-21T23:23:41.331Z,34.16,70.72

2026-09-21T23:23:46.332Z,34.16,70.67

2026-09-21T23:23:51.344Z,34.15,70.7

2026-09-21T23:23:56.332Z,34.17,70.62

2026-09-21T23:24:01.331Z,34.17,70.64

2026-09-21T23:24:06.332Z,34.17,70.64

2026-09-21T23:24:11.333Z,34.18,70.64

2026-09-21T23:24:16.332Z,34.17,70.64

2026-09-21T23:24:21.352Z,34.18,70.69

2026-09-21T23:24:26.336Z,34.19,70.66

2026-09-21T23:24:31.339Z,34.18,70.62

2026-09-21T23:24:36.337Z,34.18,70.63

2026-09-21T23:24:41.339Z,34.18,70.56

2026-09-21T23:24:46.335Z,34.18,70.57

2026-09-21T23:24:51.352Z,34.18,70.57

2026-09-21T23:24:56.338Z,34.18,70.52

2026-09-21T23:25:01.339Z,34.2,70.56

2026-09-21T23:25:06.339Z,34.2,70.44

2026-09-21T23:25:11.337Z,34.2,70.48

2026-09-21T23:25:16.346Z,34.2,70.48

2026-09-21T23:25:21.353Z,34.2,70.53

2026-09-21T23:25:26.342Z,34.2,70.5

2026-09-21T23:25:31.341Z,34.21,70.47

2026-09-21T23:25:36.341Z,34.2,70.5

2026-09-21T23:25:41.343Z,34.21,70.45

2026-09-21T23:25:46.354Z,34.22,70.48

2026-09-21T23:25:51.365Z,34.22,70.49

2026-09-21T23:25:56.353Z,34.21,70.42

2026-09-21T23:26:01.354Z,34.22,70.37

2026-09-21T23:26:06.353Z,34.22,70.38

2026-09-21T23:26:11.355Z,34.22,70.42

2026-09-21T23:26:16.368Z,34.23,70.38

2026-09-21T23:26:21.378Z,34.21,70.47

2026-09-21T23:26:26.368Z,34.22,70.38

2026-09-21T23:26:31.369Z,34.21,70.36

2026-09-21T23:26:36.369Z,34.22,70.38

2026-09-21T23:26:41.369Z,34.21,70.36

2026-09-21T23:26:46.371Z,34.2,70.34

2026-09-21T23:26:51.380Z,34.22,70.4

2026-09-21T23:26:56.370Z,34.22,70.35

2026-09-21T23:27:01.371Z,34.24,70.35

2026-09-21T23:27:06.371Z,34.22,70.28

2026-09-21T23:27:11.371Z,34.23,70.37

2026-09-21T23:27:16.377Z,34.22,70.33

2026-09-21T23:27:21.391Z,34.21,70.34

2026-09-21T23:27:26.377Z,34.22,70.28

2026-09-21T23:27:31.376Z,34.22,70.27

2026-09-21T23:27:36.374Z,34.21,70.29

2026-09-21T23:27:41.374Z,34.24,70.29

2026-09-21T23:27:46.387Z,34.24,70.23

2026-09-21T23:27:51.403Z,34.21,70.29

2026-09-21T23:27:56.388Z,34.22,70.24

2026-09-21T23:28:01.390Z,34.23,70.32

2026-09-21T23:28:06.390Z,34.22,70.35

2026-09-21T23:28:11.392Z,34.23,70.3

2026-09-21T23:28:16.400Z,34.23,70.33

2026-09-21T23:28:21.410Z,34.23,70.29

2026-09-21T23:28:26.401Z,34.23,70.22

2026-09-21T23:28:31.399Z,34.22,70.3

2026-09-21T23:28:36.400Z,34.25,70.24

2026-09-21T23:28:41.399Z,34.21,70.24

2026-09-21T23:28:46.411Z,34.22,70.27

2026-09-21T23:28:51.425Z,34.23,70.29

2026-09-21T23:28:56.409Z,34.23,70.24

2026-09-21T23:29:01.411Z,34.23,70.2

2026-09-21T23:29:06.412Z,34.22,70.27

2026-09-21T23:29:11.412Z,34.23,70.27

2026-09-21T23:29:16.419Z,34.24,70.26

2026-09-21T23:29:21.431Z,34.22,70.23

2026-09-21T23:29:26.418Z,34.23,70.27

2026-09-21T23:29:31.419Z,34.22,70.22

2026-09-21T23:29:36.417Z,34.24,70.23

2026-09-21T23:29:41.418Z,34.24,70.18

2026-09-21T23:29:46.428Z,34.25,70.23

2026-09-21T23:29:51.442Z,34.24,70.24

2026-09-21T23:29:56.426Z,34.25,70.16

2026-09-21T23:30:01.427Z,34.25,70.21

2026-09-21T23:30:06.428Z,34.23,70.14

2026-09-21T23:30:11.429Z,34.25,70.19

2026-09-21T23:30:16.432Z,34.23,70.19

2026-09-21T23:30:21.444Z,34.24,70.2

2026-09-21T23:30:26.432Z,34.25,70.19

2026-09-21T23:30:31.433Z,34.22,70.15

2026-09-21T23:30:36.431Z,34.26,70.13

2026-09-21T23:30:41.432Z,34.25,70.14

2026-09-21T23:30:46.433Z,34.26,70.14

2026-09-21T23:30:51.447Z,34.24,70.15

2026-09-21T23:30:56.433Z,34.25,70.13

2026-09-21T23:31:01.434Z,34.27,70.11

2026-09-21T23:31:06.434Z,34.25,70.15

2026-09-21T23:31:11.435Z,34.25,70.09

2026-09-21T23:31:16.433Z,34.24,70.11

2026-09-21T23:31:21.448Z,34.24,70.14

2026-09-21T23:31:26.436Z,34.24,70.14

2026-09-21T23:31:31.438Z,34.24,70.17

2026-09-21T23:31:36.440Z,34.24,70.18

2026-09-21T23:31:41.436Z,34.25,70.12

2026-09-21T23:31:46.447Z,34.26,70.1

2026-09-21T23:31:51.457Z,34.25,70.1

2026-09-21T23:31:56.445Z,34.27,70.08

2026-09-21T23:32:01.447Z,34.24,70.1

2026-09-21T23:32:06.446Z,34.28,70.09

2026-09-21T23:32:11.445Z,34.26,70.07

2026-09-21T23:32:16.445Z,34.27,70.05

2026-09-21T23:32:21.461Z,34.28,70.12

2026-09-21T23:32:26.449Z,34.26,70.06

2026-09-21T23:32:31.449Z,34.26,70.1

2026-09-21T23:32:36.447Z,34.27,70.03

2026-09-21T23:32:41.450Z,34.28,70.02

2026-09-21T23:32:46.450Z,34.27,70.01

2026-09-21T23:32:51.465Z,34.25,70.04

2026-09-21T23:32:56.448Z,34.28,70.04

2026-09-21T23:33:01.447Z,34.27,70

2026-09-21T23:33:06.449Z,34.27,69.99

2026-09-21T23:33:11.451Z,34.27,70.03

2026-09-21T23:33:16.459Z,34.27,70.07

2026-09-21T23:33:21.469Z,34.27,70.07

2026-09-21T23:33:26.457Z,34.25,70.02

2026-09-21T23:33:31.461Z,34.25,70.05

2026-09-21T23:33:36.460Z,34.27,70

2026-09-21T23:33:41.461Z,34.26,70.04

2026-09-21T23:33:46.473Z,34.27,69.99

2026-09-21T23:33:51.486Z,34.27,70.05

2026-09-21T23:33:56.472Z,34.27,70

2026-09-21T23:34:01.472Z,34.29,70.03

2026-09-21T23:34:06.472Z,34.26,69.99

2026-09-21T23:34:11.471Z,34.28,69.96

2026-09-21T23:34:16.485Z,34.27,69.97

2026-09-21T23:34:21.496Z,34.26,70.07

2026-09-21T23:34:26.485Z,34.28,69.97

2026-09-21T23:34:31.483Z,34.29,69.98

2026-09-21T23:34:36.484Z,34.28,70.02

2026-09-21T23:34:41.485Z,34.28,69.99

2026-09-21T23:34:46.490Z,34.28,69.94

2026-09-21T23:34:51.501Z,34.27,69.99

2026-09-21T23:34:56.488Z,34.31,69.93

2026-09-21T23:35:01.487Z,34.26,69.97

2026-09-21T23:35:06.488Z,34.29,70.01

2026-09-21T23:35:11.488Z,34.29,69.94

2026-09-21T23:35:16.505Z,34.3,69.94

2026-09-21T23:35:21.517Z,34.28,70

2026-09-21T23:35:26.505Z,34.31,69.97

2026-09-21T23:35:31.507Z,34.3,69.97

2026-09-21T23:35:36.507Z,34.3,69.89

2026-09-21T23:35:41.505Z,34.29,69.93

2026-09-21T23:35:46.517Z,34.27,69.94

2026-09-21T23:35:51.531Z,34.29,69.97

2026-09-21T23:35:56.516Z,34.28,69.99

2026-09-21T23:36:01.518Z,34.28,69.96

2026-09-21T23:36:06.517Z,34.28,69.96

2026-09-21T23:36:11.516Z,34.28,69.91

2026-09-21T23:36:16.522Z,34.3,69.96

2026-09-21T23:36:21.534Z,34.3,69.91

2026-09-21T23:36:26.521Z,34.3,69.99

2026-09-21T23:36:31.523Z,34.29,69.94

2026-09-21T23:36:36.522Z,34.28,69.92

2026-09-21T23:36:41.522Z,34.3,69.9

2026-09-21T23:36:46.532Z,34.31,69.93

2026-09-21T23:36:51.543Z,34.29,69.94

2026-09-21T23:36:56.531Z,34.3,69.93

2026-09-21T23:37:01.530Z,34.3,69.88

2026-09-21T23:37:06.531Z,34.3,69.91

2026-09-21T23:37:11.530Z,34.3,69.89

2026-09-21T23:37:16.539Z,34.3,69.89

2026-09-21T23:37:21.551Z,34.31,69.97

2026-09-21T23:37:26.541Z,34.31,69.86

2026-09-21T23:37:31.541Z,34.3,69.91

2026-09-21T23:37:36.538Z,34.31,69.92

2026-09-21T23:37:41.538Z,34.3,69.92

2026-09-21T23:37:46.538Z,34.28,69.9

2026-09-21T23:37:51.553Z,34.3,69.95

2026-09-21T23:37:56.541Z,34.31,69.85

2026-09-21T23:38:01.540Z,34.29,69.9

2026-09-21T23:38:06.541Z,34.31,69.9

2026-09-21T23:38:11.542Z,34.31,69.93

2026-09-21T23:38:16.542Z,34.29,69.91

2026-09-21T23:38:21.554Z,34.29,69.96

2026-09-21T23:38:26.542Z,34.31,69.92

2026-09-21T23:38:31.546Z,34.28,69.95

2026-09-21T23:38:36.542Z,34.28,69.96

2026-09-21T23:38:41.541Z,34.29,69.98

2026-09-21T23:38:46.542Z,34.29,69.97

2026-09-21T23:38:51.556Z,34.29,69.99

2026-09-21T23:38:56.543Z,34.3,69.94

2026-09-21T23:39:01.542Z,34.3,69.9

2026-09-21T23:39:06.547Z,34.3,69.94

2026-09-21T23:39:11.544Z,34.29,69.9

2026-09-21T23:39:16.545Z,34.3,69.97

2026-09-21T23:39:21.552Z,34.3,69.93

2026-09-21T23:39:26.542Z,34.3,69.95

2026-09-21T23:39:31.545Z,34.29,69.94

2026-09-21T23:39:36.544Z,34.31,70.03

2026-09-21T23:39:41.545Z,34.31,69.95

2026-09-21T23:39:46.556Z,34.3,69.96

2026-09-21T23:39:51.568Z,34.3,69.99

2026-09-21T23:39:56.556Z,34.31,69.97

2026-09-21T23:40:01.555Z,34.31,69.94

2026-09-21T23:40:06.557Z,34.32,69.95

2026-09-21T23:40:11.558Z,34.31,69.98

2026-09-21T23:40:16.563Z,34.31,69.97

2026-09-21T23:40:21.574Z,34.32,69.93

2026-09-21T23:40:26.562Z,34.31,69.89

2026-09-21T23:40:31.563Z,34.31,69.89

2026-09-21T23:40:36.564Z,34.31,69.86

2026-09-21T23:40:41.562Z,34.31,69.97

2026-09-21T23:40:46.575Z,34.31,69.91

2026-09-21T23:40:51.585Z,34.32,69.99

2026-09-21T23:40:56.573Z,34.33,69.92

2026-09-21T23:41:01.573Z,34.32,69.93

2026-09-21T23:41:06.574Z,34.33,69.91

2026-09-21T23:41:11.573Z,34.34,69.93

2026-09-21T23:41:16.579Z,34.33,69.92

2026-09-21T23:41:21.588Z,34.32,69.98

2026-09-21T23:41:26.579Z,34.32,69.94

2026-09-21T23:41:31.578Z,34.33,69.97

2026-09-21T23:41:36.579Z,34.34,69.95

2026-09-21T23:41:41.582Z,34.34,69.98

2026-09-21T23:41:46.588Z,34.33,69.91

2026-09-21T23:41:51.598Z,34.32,69.86

2026-09-21T23:41:56.586Z,34.33,69.93

2026-09-21T23:42:01.587Z,34.32,69.99

2026-09-21T23:42:06.587Z,34.32,69.92

2026-09-21T23:42:11.588Z,34.34,69.94

2026-09-21T23:42:16.595Z,34.34,69.93

2026-09-21T23:42:21.602Z,34.31,69.97

2026-09-21T23:42:26.593Z,34.33,69.96

2026-09-21T23:42:31.593Z,34.34,69.98

2026-09-21T23:42:36.597Z,34.33,70.01

2026-09-21T23:42:41.597Z,34.33,69.94

2026-09-21T23:42:46.612Z,34.32,70.04

2026-09-21T23:42:51.630Z,34.31,70.09

2026-09-21T23:42:56.609Z,34.31,69.97

2026-09-21T23:43:01.609Z,34.3,70.04

2026-09-21T23:43:06.610Z,34.31,70.09

2026-09-21T23:43:11.610Z,34.29,70.05

2026-09-21T23:43:16.611Z,34.3,70.03

2026-09-21T23:43:21.629Z,34.27,70.1

2026-09-21T23:43:26.612Z,34.28,70.18

2026-09-21T23:43:31.612Z,34.26,70.16

2026-09-21T23:43:36.612Z,34.27,70.19

2026-09-21T23:43:41.614Z,34.25,70.19

2026-09-21T23:43:46.634Z,34.26,70.25

2026-09-21T23:43:51.642Z,34.25,70.26

2026-09-21T23:43:56.632Z,34.26,70.25

2026-09-21T23:44:01.631Z,34.23,70.28

2026-09-21T23:44:06.630Z,34.25,70.3

2026-09-21T23:44:11.630Z,34.25,70.29

2026-09-21T23:44:16.645Z,34.24,70.28

2026-09-21T23:44:21.656Z,34.22,70.32

2026-09-21T23:44:26.646Z,34.23,70.28

2026-09-21T23:44:31.647Z,34.23,70.29

2026-09-21T23:44:36.647Z,34.24,70.28

2026-09-21T23:44:41.647Z,34.23,70.3

2026-09-21T23:44:46.660Z,34.24,70.27

2026-09-21T23:44:51.672Z,34.24,70.31

2026-09-21T23:44:56.660Z,34.25,70.28

2026-09-21T23:45:01.660Z,34.25,70.33

2026-09-21T23:45:06.660Z,34.24,70.33

2026-09-21T23:45:11.660Z,34.24,70.35

2026-09-21T23:45:16.677Z,34.23,70.3

2026-09-21T23:45:21.691Z,34.24,70.38

2026-09-21T23:45:26.677Z,34.25,70.28

2026-09-21T23:45:31.676Z,34.26,70.31

2026-09-21T23:45:36.677Z,34.25,70.3

2026-09-21T23:45:41.676Z,34.23,70.28

2026-09-21T23:45:46.675Z,34.25,70.29

2026-09-21T23:45:51.689Z,34.25,70.32

2026-09-21T23:45:56.676Z,34.26,70.27

2026-09-21T23:46:01.677Z,34.25,70.34

2026-09-21T23:46:06.675Z,34.26,70.27

2026-09-21T23:46:11.677Z,34.25,70.31

2026-09-21T23:46:16.678Z,34.23,70.27

2026-09-21T23:46:21.699Z,34.26,70.31

2026-09-21T23:46:26.679Z,34.26,70.27

2026-09-21T23:46:31.682Z,34.26,70.3

2026-09-21T23:46:36.680Z,34.25,70.3

2026-09-21T23:46:41.681Z,34.26,70.28

2026-09-21T23:46:46.681Z,34.24,70.27

2026-09-21T23:46:51.694Z,34.26,70.34

2026-09-21T23:46:56.681Z,34.24,70.32

2026-09-21T23:47:01.684Z,34.26,70.26

2026-09-21T23:47:06.685Z,34.25,70.3

2026-09-21T23:47:11.682Z,34.25,70.27

2026-09-21T23:47:16.682Z,34.25,70.27

2026-09-21T23:47:21.695Z,34.24,70.33

2026-09-21T23:47:26.681Z,34.25,70.21

2026-09-21T23:47:31.683Z,34.23,70.24

2026-09-21T23:47:36.685Z,34.24,70.28

2026-09-21T23:47:41.683Z,34.25,70.36

2026-09-21T23:47:46.685Z,34.25,70.33

2026-09-21T23:47:51.698Z,34.24,70.33

2026-09-21T23:47:56.685Z,34.22,70.35

2026-09-21T23:48:01.686Z,34.23,70.35

2026-09-21T23:48:06.687Z,34.23,70.35

2026-09-21T23:48:11.688Z,34.23,70.38

2026-09-21T23:48:16.687Z,34.24,70.31

2026-09-21T23:48:21.701Z,34.22,70.37

2026-09-21T23:48:26.687Z,34.21,70.38

2026-09-21T23:48:31.689Z,34.23,70.42

2026-09-21T23:48:36.689Z,34.23,70.43

2026-09-21T23:48:41.689Z,34.22,70.44

2026-09-21T23:48:46.690Z,34.23,70.42

2026-09-21T23:48:51.702Z,34.21,70.41

2026-09-21T23:48:56.689Z,34.22,70.42

2026-09-21T23:49:01.689Z,34.23,70.46

2026-09-21T23:49:06.690Z,34.22,70.4

2026-09-21T23:49:11.689Z,34.22,70.42

2026-09-21T23:49:16.690Z,34.24,70.43

2026-09-21T23:49:21.700Z,34.24,70.46

2026-09-21T23:49:26.692Z,34.22,70.45

2026-09-21T23:49:31.692Z,34.24,70.42

2026-09-21T23:49:36.692Z,34.24,70.4

2026-09-21T23:49:41.693Z,34.23,70.4

2026-09-21T23:49:46.693Z,34.24,70.34

2026-09-21T23:49:51.703Z,34.24,70.41

2026-09-21T23:49:56.694Z,34.23,70.36

2026-09-21T23:50:01.694Z,34.22,70.41

2026-09-21T23:50:06.693Z,34.24,70.38

2026-09-21T23:50:11.695Z,34.24,70.37

2026-09-21T23:50:16.701Z,34.24,70.37

2026-09-21T23:50:21.718Z,34.23,70.46

2026-09-21T23:50:26.701Z,34.24,70.36

2026-09-21T23:50:31.704Z,34.26,70.36

2026-09-21T23:50:36.704Z,34.26,70.4

2026-09-21T23:50:41.702Z,34.27,70.38

2026-09-21T23:50:46.715Z,34.25,70.35

2026-09-21T23:50:51.727Z,34.25,70.4

2026-09-21T23:50:56.715Z,34.26,70.34

2026-09-21T23:51:01.714Z,34.27,70.4

2026-09-21T23:51:06.717Z,34.24,70.3

2026-09-21T23:51:11.717Z,34.24,70.33

2026-09-21T23:51:16.734Z,34.27,70.27

2026-09-21T23:51:21.745Z,34.27,70.31

2026-09-21T23:51:26.733Z,34.25,70.27

2026-09-21T23:51:31.733Z,34.29,70.25

2026-09-21T23:51:36.735Z,34.27,70.28

2026-09-21T23:51:41.733Z,34.28,70.27

2026-09-21T23:51:46.746Z,34.29,70.28

2026-09-21T23:51:51.758Z,34.28,70.33

2026-09-21T23:51:56.743Z,34.28,70.23

2026-09-21T23:52:01.746Z,34.29,70.23

2026-09-21T23:52:06.745Z,34.28,70.2

2026-09-21T23:52:11.745Z,34.28,70.21

2026-09-21T23:52:16.751Z,34.28,70.26

2026-09-21T23:52:21.763Z,34.28,70.27

2026-09-21T23:52:26.750Z,34.29,70.22

2026-09-21T23:52:31.752Z,34.28,70.24

2026-09-21T23:52:36.752Z,34.29,70.24

2026-09-21T23:52:41.752Z,34.28,70.22

2026-09-21T23:52:46.759Z,34.3,70.17

2026-09-21T23:52:51.773Z,34.3,70.29

2026-09-21T23:52:56.755Z,34.3,70.21

2026-09-21T23:53:01.759Z,34.31,70.22

2026-09-21T23:53:06.759Z,34.31,70.19

2026-09-21T23:53:11.759Z,34.3,70.19

2026-09-21T23:53:16.759Z,34.31,70.23

2026-09-21T23:53:21.771Z,34.3,70.21

2026-09-21T23:53:26.759Z,34.28,70.11

2026-09-21T23:53:31.762Z,34.29,70.07

2026-09-21T23:53:36.763Z,34.29,70.02

2026-09-21T23:53:41.763Z,34.31,69.91

2026-09-21T23:53:46.774Z,34.28,69.9

2026-09-21T23:53:51.784Z,34.28,69.9

2026-09-21T23:53:56.769Z,34.27,69.94

2026-09-21T23:54:01.772Z,34.26,69.98

2026-09-21T23:54:06.772Z,34.26,69.96

2026-09-21T23:54:11.771Z,34.24,69.91

2026-09-21T23:54:16.770Z,34.24,69.92

2026-09-21T23:54:21.782Z,34.24,69.98

2026-09-21T23:54:26.772Z,34.22,70.08

2026-09-21T23:54:31.774Z,34.2,70.05

2026-09-21T23:54:36.773Z,34.22,70.17

2026-09-21T23:54:41.775Z,34.2,70.19

2026-09-21T23:54:46.780Z,34.2,70.21

2026-09-21T23:54:51.792Z,34.18,70.19

2026-09-21T23:54:56.781Z,34.19,70.27

2026-09-21T23:55:01.782Z,34.19,70.26

2026-09-21T23:55:06.782Z,34.16,70.32

2026-09-21T23:55:11.784Z,34.15,70.33

2026-09-21T23:55:16.791Z,34.15,70.33

2026-09-21T23:55:21.801Z,34.15,70.39

2026-09-21T23:55:26.786Z,34.15,70.4

2026-09-21T23:55:31.788Z,34.15,70.43

2026-09-21T23:55:36.788Z,34.15,70.55

2026-09-21T23:55:41.788Z,34.15,70.57

2026-09-21T23:55:46.804Z,34.15,70.54

2026-09-21T23:55:51.817Z,34.15,70.65

2026-09-21T23:55:56.801Z,34.13,70.62

2026-09-21T23:56:01.801Z,34.14,70.57

2026-09-21T23:56:06.800Z,34.14,70.7

2026-09-21T23:56:11.804Z,34.15,70.65

2026-09-21T23:56:16.812Z,34.15,70.61

2026-09-21T23:56:21.823Z,34.15,70.57

2026-09-21T23:56:26.812Z,34.14,70.64

2026-09-21T23:56:31.812Z,34.14,70.58

2026-09-21T23:56:36.811Z,34.15,70.63

2026-09-21T23:56:41.810Z,34.14,70.6

2026-09-21T23:56:46.812Z,34.16,70.56

2026-09-21T23:56:51.825Z,34.16,70.6

2026-09-21T23:56:56.810Z,34.16,70.6

2026-09-21T23:57:01.813Z,34.16,70.57

2026-09-21T23:57:06.817Z,34.16,70.62

2026-09-21T23:57:11.816Z,34.17,70.59

2026-09-21T23:57:16.824Z,34.17,70.5

2026-09-21T23:57:21.832Z,34.18,70.54

2026-09-21T23:57:26.828Z,34.16,70.51

2026-09-21T23:57:31.828Z,34.17,70.48

2026-09-21T23:57:36.826Z,34.18,70.54

2026-09-21T23:57:41.826Z,34.18,70.46

2026-09-21T23:57:46.834Z,34.19,70.45

2026-09-21T23:57:51.846Z,34.19,70.56

2026-09-21T23:57:56.832Z,34.18,70.5

2026-09-21T23:58:01.836Z,34.2,70.49

2026-09-21T23:58:06.835Z,34.18,70.47

2026-09-21T23:58:11.836Z,34.22,70.46

2026-09-21T23:58:16.836Z,34.21,70.47

2026-09-21T23:58:21.848Z,34.2,70.45

2026-09-21T23:58:26.837Z,34.23,70.42

2026-09-21T23:58:31.840Z,34.2,70.43

2026-09-21T23:58:36.839Z,34.22,70.42

2026-09-21T23:58:41.841Z,34.22,70.38

2026-09-21T23:58:46.840Z,34.22,70.36

2026-09-21T23:58:51.851Z,34.22,70.39

2026-09-21T23:58:56.841Z,34.24,70.33

2026-09-21T23:59:01.842Z,34.23,70.34

2026-09-21T23:59:06.841Z,34.23,70.35

2026-09-21T23:59:11.842Z,34.24,70.29

2026-09-21T23:59:16.854Z,34.24,70.32

2026-09-21T23:59:21.869Z,34.23,70.32

2026-09-21T23:59:26.853Z,34.24,70.26

2026-09-21T23:59:31.856Z,34.27,70.31

2026-09-21T23:59:36.854Z,34.26,70.24

2026-09-21T23:59:41.857Z,34.25,70.17

2026-09-21T23:59:46.863Z,34.24,70.23

2026-09-21T23:59:51.874Z,34.24,70.22

2026-09-21T23:59:56.860Z,34.24,70.17

2026-09-22T00:00:01.864Z,34.25,70.21

2026-09-22T00:00:06.863Z,34.26,70.14

2026-09-22T00:00:11.862Z,34.25,70.15

2026-09-22T00:00:16.864Z,34.25,70.19

2026-09-22T00:00:21.877Z,34.25,70.23

2026-09-22T00:00:26.863Z,34.24,70.18

2026-09-22T00:00:31.861Z,34.25,70.19

2026-09-22T00:00:36.863Z,34.26,70.17

2026-09-22T00:00:41.866Z,34.23,70.21

2026-09-22T00:00:46.868Z,34.25,70.2

2026-09-22T00:00:51.885Z,34.25,70.21

2026-09-22T00:00:56.874Z,34.25,70.2

2026-09-22T00:01:01.872Z,34.26,70.17

2026-09-22T00:01:06.872Z,34.25,70.16

2026-09-22T00:01:11.871Z,34.23,70.24

2026-09-22T00:01:16.883Z,34.25,70.17

2026-09-22T00:01:21.894Z,34.24,70.25

2026-09-22T00:01:26.879Z,34.25,70.16

2026-09-22T00:01:31.884Z,34.26,70.2

2026-09-22T00:01:36.884Z,34.23,70.2

2026-09-22T00:01:41.882Z,34.24,70.23

2026-09-22T00:01:46.883Z,34.24,70.24

2026-09-22T00:01:51.895Z,34.24,70.27

2026-09-22T00:01:56.884Z,34.23,70.25

2026-09-22T00:02:01.884Z,34.23,70.27

2026-09-22T00:02:06.886Z,34.24,70.25

2026-09-22T00:02:11.885Z,34.22,70.25

2026-09-22T00:02:16.894Z,34.24,70.18

2026-09-22T00:02:21.901Z,34.22,70.32

2026-09-22T00:02:26.887Z,34.25,70.26

2026-09-22T00:02:31.890Z,34.22,70.26

2026-09-22T00:02:36.889Z,34.24,70.26

2026-09-22T00:02:41.890Z,34.24,70.31

2026-09-22T00:02:46.892Z,34.23,70.3

2026-09-22T00:02:51.904Z,34.24,70.34

2026-09-22T00:02:56.892Z,34.23,70.32

2026-09-22T00:03:01.891Z,34.24,70.25

2026-09-22T00:03:06.893Z,34.25,70.32

2026-09-22T00:03:11.893Z,34.25,70.28

2026-09-22T00:03:16.898Z,34.24,70.3

2026-09-22T00:03:21.909Z,34.23,70.21

2026-09-22T00:03:26.899Z,34.25,70.27

2026-09-22T00:03:31.897Z,34.24,70.24

2026-09-22T00:03:36.899Z,34.24,70.24

2026-09-22T00:03:41.899Z,34.26,70.23

2026-09-22T00:03:46.897Z,34.25,70.23

2026-09-22T00:03:51.911Z,34.24,70.29

2026-09-22T00:03:56.898Z,34.25,70.25

2026-09-22T00:04:01.899Z,34.26,70.27

2026-09-22T00:04:06.900Z,34.24,70.27

2026-09-22T00:04:11.899Z,34.26,70.24

2026-09-22T00:04:16.919Z,34.28,70.23

2026-09-22T00:04:21.927Z,34.25,70.25

2026-09-22T00:04:26.911Z,34.26,70.21

2026-09-22T00:04:31.913Z,34.27,70.2

2026-09-22T00:04:36.911Z,34.26,70.21

2026-09-22T00:04:41.912Z,34.26,70.26

2026-09-22T00:04:46.928Z,34.28,70.23

2026-09-22T00:04:51.936Z,34.27,70.28

2026-09-22T00:04:56.925Z,34.28,70.19

2026-09-22T00:05:01.926Z,34.25,70.23

2026-09-22T00:05:06.926Z,34.24,70.18

2026-09-22T00:05:11.925Z,34.25,70.14

2026-09-22T00:05:16.933Z,34.25,70.11

2026-09-22T00:05:21.943Z,34.25,70.27

2026-09-22T00:05:26.932Z,34.25,70.16

2026-09-22T00:05:31.934Z,34.23,70.23

2026-09-22T00:05:36.934Z,34.26,70.27

2026-09-22T00:05:41.933Z,34.23,70.24

2026-09-22T00:05:46.938Z,34.25,70.28

2026-09-22T00:05:51.948Z,34.23,70.3

2026-09-22T00:05:56.938Z,34.24,70.25

2026-09-22T00:06:01.935Z,34.25,70.24

2026-09-22T00:06:06.937Z,34.24,70.31

2026-09-22T00:06:11.938Z,34.23,70.27

2026-09-22T00:06:16.951Z,34.23,70.28

2026-09-22T00:06:21.959Z,34.22,70.3

2026-09-22T00:06:26.946Z,34.22,70.32

2026-09-22T00:06:31.947Z,34.22,70.35

2026-09-22T00:06:36.949Z,34.21,70.33

2026-09-22T00:06:41.948Z,34.23,70.33

2026-09-22T00:06:46.961Z,34.23,70.32

2026-09-22T00:06:51.975Z,34.23,70.39

2026-09-22T00:06:56.960Z,34.24,70.29

2026-09-22T00:07:01.958Z,34.24,70.26

2026-09-22T00:07:06.961Z,34.23,70.32

2026-09-22T00:07:11.960Z,34.24,70.31

2026-09-22T00:07:16.960Z,34.25,70.28

2026-09-22T00:07:21.975Z,34.25,70.25

2026-09-22T00:07:26.962Z,34.24,70.21

2026-09-22T00:07:31.960Z,34.25,70.26

2026-09-22T00:07:36.961Z,34.26,70.25

2026-09-22T00:07:41.960Z,34.24,70.21

2026-09-22T00:07:46.972Z,34.27,70.24

2026-09-22T00:07:51.983Z,34.26,70.27

2026-09-22T00:07:56.970Z,34.25,70.2

2026-09-22T00:08:01.973Z,34.26,70.24

2026-09-22T00:08:06.973Z,34.25,70.16

2026-09-22T00:08:11.971Z,34.28,70.15

2026-09-22T00:08:16.983Z,34.27,70.19

2026-09-22T00:08:21.991Z,34.24,70.23

2026-09-22T00:08:26.982Z,34.28,70.17

2026-09-22T00:08:31.982Z,34.28,70.17

2026-09-22T00:08:36.982Z,34.27,70.16

2026-09-22T00:08:41.984Z,34.3,70.16

2026-09-22T00:08:46.991Z,34.28,70.14

2026-09-22T00:08:52.003Z,34.28,70.13

2026-09-22T00:08:56.992Z,34.29,70.15

2026-09-22T00:09:01.991Z,34.29,70.19

2026-09-22T00:09:06.992Z,34.3,70.16

2026-09-22T00:09:11.995Z,34.3,70.1

2026-09-22T00:09:16.995Z,34.29,70.11

2026-09-22T00:09:22.024Z,34.27,70.19

2026-09-22T00:09:26.993Z,34.3,70.05

2026-09-22T00:09:31.996Z,34.29,70.08

2026-09-22T00:09:36.995Z,34.29,70.08

2026-09-22T00:09:41.995Z,34.3,70.1

2026-09-22T00:09:46.993Z,34.31,70.09

2026-09-22T00:09:52.011Z,34.3,70.06

2026-09-22T00:09:56.997Z,34.3,70.08

2026-09-22T00:10:01.998Z,34.29,70.12

2026-09-22T00:10:06.997Z,34.3,70.09

2026-09-22T00:10:11.996Z,34.3,70.07

2026-09-22T00:10:16.996Z,34.3,70

2026-09-22T00:10:22.009Z,34.32,70.07

2026-09-22T00:10:26.996Z,34.31,70.02

2026-09-22T00:10:31.996Z,34.31,69.94

2026-09-22T00:10:36.997Z,34.33,69.99

2026-09-22T00:10:41.999Z,34.33,70.02

2026-09-22T00:10:47.007Z,34.32,69.94

2026-09-22T00:10:52.017Z,34.31,69.94

2026-09-22T00:10:57.005Z,34.33,69.97

2026-09-22T00:11:02.006Z,34.33,69.89

2026-09-22T00:11:07.005Z,34.32,69.93

2026-09-22T00:11:12.006Z,34.33,69.93

2026-09-22T00:11:17.004Z,34.33,69.97

2026-09-22T00:11:22.018Z,34.31,70

2026-09-22T00:11:27.006Z,34.35,69.92

2026-09-22T00:11:32.007Z,34.33,69.91

2026-09-22T00:11:37.005Z,34.33,69.92

2026-09-22T00:11:42.008Z,34.33,69.94

2026-09-22T00:11:47.025Z,34.33,69.92

2026-09-22T00:11:52.034Z,34.33,69.99

2026-09-22T00:11:57.025Z,34.33,69.92

2026-09-22T00:12:02.025Z,34.33,69.92

2026-09-22T00:12:07.024Z,34.34,69.94

2026-09-22T00:12:12.024Z,34.32,69.88

2026-09-22T00:12:17.033Z,34.31,69.88

2026-09-22T00:12:22.044Z,34.35,69.93

2026-09-22T00:12:27.030Z,34.35,69.89

2026-09-22T00:12:32.031Z,34.34,69.92

2026-09-22T00:12:37.029Z,34.36,69.88

2026-09-22T00:12:42.032Z,34.35,69.85

2026-09-22T00:12:47.036Z,34.35,69.87

2026-09-22T00:12:52.049Z,34.32,69.92

2026-09-22T00:12:57.035Z,34.33,69.89

2026-09-22T00:13:02.035Z,34.35,69.94

2026-09-22T00:13:07.036Z,34.35,69.89

2026-09-22T00:13:12.036Z,34.34,69.88

2026-09-22T00:13:17.048Z,34.34,69.93

2026-09-22T00:13:22.062Z,34.33,69.89

2026-09-22T00:13:27.045Z,34.33,69.86

2026-09-22T00:13:32.045Z,34.34,69.85

2026-09-22T00:13:37.046Z,34.34,69.93

2026-09-22T00:13:42.046Z,34.34,69.85

2026-09-22T00:13:47.063Z,34.33,69.84

2026-09-22T00:13:52.077Z,34.31,69.95

2026-09-22T00:13:57.062Z,34.34,69.88

2026-09-22T00:14:02.061Z,34.36,69.92

2026-09-22T00:14:07.061Z,34.33,69.91

2026-09-22T00:14:12.064Z,34.33,69.89

2026-09-22T00:14:17.066Z,34.36,69.84

2026-09-22T00:14:22.077Z,34.34,69.86

2026-09-22T00:14:27.066Z,34.35,69.83

2026-09-22T00:14:32.066Z,34.34,69.8

2026-09-22T00:14:37.065Z,34.33,69.83

2026-09-22T00:14:42.064Z,34.35,69.86

2026-09-22T00:14:47.066Z,34.34,69.9

2026-09-22T00:14:52.079Z,34.33,69.89

2026-09-22T00:14:57.066Z,34.35,69.93

2026-09-22T00:15:02.068Z,34.34,69.88

2026-09-22T00:15:07.068Z,34.34,69.85

2026-09-22T00:15:12.069Z,34.34,69.86

2026-09-22T00:15:17.079Z,34.35,69.88

2026-09-22T00:15:22.091Z,34.34,69.84

2026-09-22T00:15:27.078Z,34.35,69.81

2026-09-22T00:15:32.080Z,34.35,69.8

2026-09-22T00:15:37.079Z,34.34,69.79

2026-09-22T00:15:42.079Z,34.35,69.83

2026-09-22T00:15:47.093Z,34.36,69.86

2026-09-22T00:15:52.103Z,34.35,69.86

2026-09-22T00:15:57.091Z,34.36,69.87

2026-09-22T00:16:02.092Z,34.38,69.77

2026-09-22T00:16:07.092Z,34.34,69.8

2026-09-22T00:16:12.092Z,34.35,69.66

2026-09-22T00:16:17.101Z,34.36,69.72

2026-09-22T00:16:22.111Z,34.34,69.71

2026-09-22T00:16:27.100Z,34.36,69.72

2026-09-22T00:16:32.100Z,34.36,69.75

2026-09-22T00:16:37.101Z,34.35,69.76

2026-09-22T00:16:42.103Z,34.36,69.73

2026-09-22T00:16:47.103Z,34.34,69.77

2026-09-22T00:16:52.114Z,34.34,69.77

2026-09-22T00:16:57.104Z,34.35,69.76

2026-09-22T00:17:02.102Z,34.34,69.76

2026-09-22T00:17:07.104Z,34.36,69.76

2026-09-22T00:17:12.107Z,34.36,69.84

2026-09-22T00:17:17.105Z,34.35,69.85

2026-09-22T00:17:22.118Z,34.34,69.84

2026-09-22T00:17:27.106Z,34.37,69.84

2026-09-22T00:17:32.108Z,34.34,69.85

2026-09-22T00:17:37.108Z,34.36,69.8

2026-09-22T00:17:42.109Z,34.35,69.89

2026-09-22T00:17:47.109Z,34.33,69.84

2026-09-22T00:17:52.118Z,34.34,69.88

2026-09-22T00:17:57.108Z,34.36,69.88

2026-09-22T00:18:02.110Z,34.32,69.84

2026-09-22T00:18:07.111Z,34.34,69.86

2026-09-22T00:18:12.111Z,34.35,69.85

2026-09-22T00:18:17.113Z,34.35,69.88

2026-09-22T00:18:22.122Z,34.34,69.86

2026-09-22T00:18:27.110Z,34.35,69.83

2026-09-22T00:18:32.111Z,34.35,69.84

2026-09-22T00:18:37.112Z,34.35,69.89

2026-09-22T00:18:42.110Z,34.36,69.81

2026-09-22T00:18:47.122Z,34.35,69.92

2026-09-22T00:18:52.128Z,34.35,69.86

2026-09-22T00:18:57.119Z,34.35,69.87

2026-09-22T00:19:02.122Z,34.36,69.9

2026-09-22T00:19:07.123Z,34.34,69.83

2026-09-22T00:19:12.119Z,34.35,69.8

2026-09-22T00:19:17.137Z,34.36,69.86

2026-09-22T00:19:22.147Z,34.36,69.85

2026-09-22T00:19:27.135Z,34.36,69.81

2026-09-22T00:19:32.133Z,34.36,69.83

2026-09-22T00:19:37.135Z,34.37,69.75

2026-09-22T00:19:42.133Z,34.37,69.83

2026-09-22T00:19:47.145Z,34.36,69.8

2026-09-22T00:19:52.162Z,34.36,69.88

2026-09-22T00:19:57.145Z,34.39,69.79

2026-09-22T00:20:02.146Z,34.36,69.77

2026-09-22T00:20:07.143Z,34.36,69.76

2026-09-22T00:20:12.145Z,34.38,69.78

2026-09-22T00:20:17.147Z,34.37,69.75

2026-09-22T00:20:22.159Z,34.37,69.77

2026-09-22T00:20:27.144Z,34.37,69.83

2026-09-22T00:20:32.147Z,34.38,69.74

2026-09-22T00:20:37.148Z,34.37,69.81

2026-09-22T00:20:42.148Z,34.38,69.8

2026-09-22T00:20:47.151Z,34.39,69.76

2026-09-22T00:20:52.161Z,34.37,69.81

2026-09-22T00:20:57.151Z,34.38,69.77

2026-09-22T00:21:02.151Z,34.36,69.77

2026-09-22T00:21:07.150Z,34.37,69.76

2026-09-22T00:21:12.149Z,34.36,69.79

2026-09-22T00:21:17.165Z,34.37,69.84

2026-09-22T00:21:22.173Z,34.36,69.87

2026-09-22T00:21:27.164Z,34.37,69.87

2026-09-22T00:21:32.165Z,34.36,69.87

2026-09-22T00:21:37.165Z,34.36,69.87

2026-09-22T00:21:42.168Z,34.35,69.93

2026-09-22T00:21:47.168Z,34.35,69.9

2026-09-22T00:21:52.176Z,34.35,69.93

2026-09-22T00:21:57.165Z,34.35,69.88

2026-09-22T00:22:02.166Z,34.36,69.89

2026-09-22T00:22:07.164Z,34.35,69.88

2026-09-22T00:22:12.165Z,34.35,69.9

2026-09-22T00:22:17.176Z,34.35,69.9

2026-09-22T00:22:22.187Z,34.34,69.94

2026-09-22T00:22:27.177Z,34.35,69.86

2026-09-22T00:22:32.177Z,34.34,69.91

2026-09-22T00:22:37.177Z,34.37,69.96

2026-09-22T00:22:42.174Z,34.35,69.97

2026-09-22T00:22:47.185Z,34.36,69.91

2026-09-22T00:22:52.194Z,34.37,69.95

2026-09-22T00:22:57.183Z,34.36,69.91

2026-09-22T00:23:02.185Z,34.35,69.92

2026-09-22T00:23:07.182Z,34.36,69.88

2026-09-22T00:23:12.181Z,34.36,69.89

2026-09-22T00:23:17.183Z,34.37,69.95

2026-09-22T00:23:22.197Z,34.37,69.97

2026-09-22T00:23:27.184Z,34.37,69.94

2026-09-22T00:23:32.184Z,34.38,69.92

2026-09-22T00:23:37.186Z,34.38,70.01

2026-09-22T00:23:42.187Z,34.35,70.07

2026-09-22T00:23:47.187Z,34.35,70

2026-09-22T00:23:52.200Z,34.36,70.04

2026-09-22T00:23:57.187Z,34.38,70.06

2026-09-22T00:24:02.188Z,34.36,69.99

2026-09-22T00:24:07.190Z,34.35,70.06

2026-09-22T00:24:12.189Z,34.37,70.02

2026-09-22T00:24:17.195Z,34.36,70.03

2026-09-22T00:24:22.205Z,34.36,70.02

2026-09-22T00:24:27.192Z,34.36,70.01

2026-09-22T00:24:32.195Z,34.35,70.02

2026-09-22T00:24:37.193Z,34.37,70.01

2026-09-22T00:24:42.193Z,34.36,70.03

2026-09-22T00:24:47.199Z,34.35,70.02

2026-09-22T00:24:52.211Z,34.36,70.1

2026-09-22T00:24:57.198Z,34.34,70.11

2026-09-22T00:25:02.199Z,34.35,70.14

2026-09-22T00:25:07.199Z,34.35,70.13

2026-09-22T00:25:12.201Z,34.33,70.1

2026-09-22T00:25:17.205Z,34.36,70.04

2026-09-22T00:25:22.211Z,34.35,70.11

2026-09-22T00:25:27.201Z,34.36,70.02

2026-09-22T00:25:32.201Z,34.35,70.05

2026-09-22T00:25:37.200Z,34.35,70.03

2026-09-22T00:25:42.202Z,34.33,70.06

2026-09-22T00:25:47.215Z,34.35,70.07

2026-09-22T00:25:52.227Z,34.35,70.07

2026-09-22T00:25:57.216Z,34.35,70.03

2026-09-22T00:26:02.219Z,34.33,70.01

2026-09-22T00:26:07.218Z,34.35,70.06

2026-09-22T00:26:12.218Z,34.35,70.05

2026-09-22T00:26:17.218Z,34.36,70.05

2026-09-22T00:26:22.235Z,34.35,70.01

2026-09-22T00:26:27.218Z,34.4,69.99

2026-09-22T00:26:32.218Z,34.35,70.01

2026-09-22T00:26:37.219Z,34.36,70.03

2026-09-22T00:26:42.216Z,34.38,70.04

2026-09-22T00:26:47.228Z,34.37,70.05

2026-09-22T00:26:52.235Z,34.37,70.13

2026-09-22T00:26:57.225Z,34.35,70.07

2026-09-22T00:27:02.224Z,34.36,70.07

2026-09-22T00:27:07.224Z,34.37,70.06

2026-09-22T00:27:12.223Z,34.36,70.02

2026-09-22T00:27:17.242Z,34.37,70.08

2026-09-22T00:27:22.259Z,34.35,70.13

2026-09-22T00:27:27.242Z,34.37,70.06

2026-09-22T00:27:32.243Z,34.38,70.08

2026-09-22T00:27:37.244Z,34.36,70.08

2026-09-22T00:27:42.243Z,34.38,70.12

2026-09-22T00:27:47.250Z,34.38,70.05

2026-09-22T00:27:52.263Z,34.38,70.08

2026-09-22T00:27:57.249Z,34.39,70.1

2026-09-22T00:28:02.249Z,34.38,70.1

2026-09-22T00:28:07.249Z,34.37,70.08

2026-09-22T00:28:12.250Z,34.36,70.07

2026-09-22T00:28:17.263Z,34.39,70.08

2026-09-22T00:28:22.274Z,34.37,70.11

2026-09-22T00:28:27.263Z,34.38,70.09

2026-09-22T00:28:32.264Z,34.37,70.12

2026-09-22T00:28:37.263Z,34.38,70.1

2026-09-22T00:28:42.263Z,34.37,70.09

2026-09-22T00:28:47.270Z,34.38,70.14

2026-09-22T00:28:52.282Z,34.37,70.16

2026-09-22T00:28:57.268Z,34.37,70.13

2026-09-22T00:29:02.268Z,34.36,70.13

2026-09-22T00:29:07.269Z,34.36,70.14

2026-09-22T00:29:12.269Z,34.37,70.07

2026-09-22T00:29:17.268Z,34.38,70.11

2026-09-22T00:29:22.278Z,34.36,70.14

2026-09-22T00:29:27.271Z,34.37,70.07

2026-09-22T00:29:32.271Z,34.37,70.1

2026-09-22T00:29:37.274Z,34.35,70.12

2026-09-22T00:29:42.272Z,34.38,70.1

2026-09-22T00:29:47.283Z,34.37,70.1

2026-09-22T00:29:52.292Z,34.36,70.13

2026-09-22T00:29:57.283Z,34.35,70.13

2026-09-22T00:30:02.282Z,34.39,70.05

2026-09-22T00:30:07.281Z,34.39,70.1

2026-09-22T00:30:12.281Z,34.38,70.05

2026-09-22T00:30:17.293Z,34.35,70.06

2026-09-22T00:30:22.304Z,34.35,70.06

2026-09-22T00:30:27.293Z,34.38,70.03

2026-09-22T00:30:32.293Z,34.37,70.06

2026-09-22T00:30:37.292Z,34.36,70.07

2026-09-22T00:30:42.293Z,34.38,70.02

2026-09-22T00:30:47.303Z,34.38,70.01

2026-09-22T00:30:52.316Z,34.37,70.11

2026-09-22T00:30:57.303Z,34.39,70.08

2026-09-22T00:31:02.301Z,34.37,70.07

2026-09-22T00:31:07.302Z,34.37,70.08

2026-09-22T00:31:12.302Z,34.36,70.1

2026-09-22T00:31:17.311Z,34.38,70.09

2026-09-22T00:31:22.320Z,34.38,70.07

2026-09-22T00:31:27.310Z,34.36,70.04

2026-09-22T00:31:32.314Z,34.37,69.97

2026-09-22T00:31:37.311Z,34.39,69.98

2026-09-22T00:31:42.312Z,34.38,70.04

2026-09-22T00:31:47.311Z,34.38,70

2026-09-22T00:31:52.322Z,34.39,70.05

2026-09-22T00:31:57.312Z,34.38,70.01

2026-09-22T00:32:02.312Z,34.38,69.98

2026-09-22T00:32:07.312Z,34.39,70.04

2026-09-22T00:32:12.314Z,34.4,69.96

2026-09-22T00:32:17.315Z,34.39,69.99

2026-09-22T00:32:22.327Z,34.39,70.02

2026-09-22T00:32:27.312Z,34.39,70.02

2026-09-22T00:32:32.314Z,34.42,69.98

2026-09-22T00:32:37.313Z,34.39,69.95

2026-09-22T00:32:42.314Z,34.4,70.02

2026-09-22T00:32:47.321Z,34.41,69.99

2026-09-22T00:32:52.332Z,34.41,70.05

2026-09-22T00:32:57.320Z,34.41,69.99

2026-09-22T00:33:02.321Z,34.41,69.95

2026-09-22T00:33:07.322Z,34.4,69.97

2026-09-22T00:33:12.321Z,34.42,70.04

2026-09-22T00:33:17.330Z,34.41,70.05

2026-09-22T00:33:22.344Z,34.4,70.05

2026-09-22T00:33:27.333Z,34.41,70.06

2026-09-22T00:33:32.332Z,34.42,70.07

2026-09-22T00:33:37.329Z,34.43,70.13

2026-09-22T00:33:42.331Z,34.44,70.07

2026-09-22T00:33:47.329Z,34.43,70.08

2026-09-22T00:33:52.342Z,34.42,70.15

2026-09-22T00:33:57.330Z,34.41,70.13

2026-09-22T00:34:02.332Z,34.43,70.12

2026-09-22T00:34:07.331Z,34.42,70.16

2026-09-22T00:34:12.330Z,34.44,70.17

2026-09-22T00:34:17.335Z,34.43,70.15

2026-09-22T00:34:22.346Z,34.42,70.24

2026-09-22T00:34:27.334Z,34.45,70.15

2026-09-22T00:34:32.336Z,34.42,70.13

2026-09-22T00:34:37.335Z,34.42,70.21

2026-09-22T00:34:42.334Z,34.43,70.2

2026-09-22T00:34:47.348Z,34.43,70.32

2026-09-22T00:34:52.365Z,34.42,70.33

2026-09-22T00:34:57.349Z,34.43,70.37

2026-09-22T00:35:02.350Z,34.4,70.34

2026-09-22T00:35:07.349Z,34.41,70.4

2026-09-22T00:35:12.348Z,34.42,70.47

2026-09-22T00:35:17.363Z,34.43,70.49

2026-09-22T00:35:22.378Z,34.42,70.52

2026-09-22T00:35:27.361Z,34.42,70.51

2026-09-22T00:35:32.364Z,34.42,70.49

2026-09-22T00:35:37.363Z,34.42,70.52

2026-09-22T00:35:42.364Z,34.4,70.48

2026-09-22T00:35:47.362Z,34.42,70.5

2026-09-22T00:35:52.375Z,34.41,70.53

2026-09-22T00:35:57.364Z,34.4,70.46

2026-09-22T00:36:02.363Z,34.42,70.42

2026-09-22T00:36:07.365Z,34.42,70.39

2026-09-22T00:36:12.363Z,34.43,70.43

2026-09-22T00:36:17.367Z,34.43,70.4

2026-09-22T00:36:22.379Z,34.41,70.43

2026-09-22T00:36:27.365Z,34.43,70.49

2026-09-22T00:36:32.364Z,34.4,70.46

2026-09-22T00:36:37.365Z,34.39,70.47

2026-09-22T00:36:42.366Z,34.41,70.56

2026-09-22T00:36:47.402Z,34.42,70.52

2026-09-22T00:36:52.410Z,34.42,70.56

2026-09-22T00:36:57.402Z,34.42,70.52

2026-09-22T00:37:02.401Z,34.4,70.52

2026-09-22T00:37:07.402Z,34.42,70.51

2026-09-22T00:37:12.402Z,34.41,70.5

2026-09-22T00:37:17.403Z,34.42,70.49

2026-09-22T00:37:22.418Z,34.41,70.53

2026-09-22T00:37:27.404Z,34.42,70.54

2026-09-22T00:37:32.404Z,34.42,70.58

2026-09-22T00:37:37.405Z,34.42,70.55

2026-09-22T00:37:42.406Z,34.42,70.49

2026-09-22T00:37:47.404Z,34.4,70.48

2026-09-22T00:37:52.423Z,34.4,70.54

2026-09-22T00:37:57.406Z,34.41,70.47

2026-09-22T00:38:02.406Z,34.41,70.41

2026-09-22T00:38:07.406Z,34.41,70.48

2026-09-22T00:38:12.406Z,34.42,70.49

2026-09-22T00:38:17.407Z,34.41,70.49

2026-09-22T00:38:22.424Z,34.42,70.53

2026-09-22T00:38:27.407Z,34.41,70.48

2026-09-22T00:38:32.408Z,34.42,70.38

2026-09-22T00:38:37.410Z,34.43,70.37

2026-09-22T00:38:42.408Z,34.41,70.4

2026-09-22T00:38:47.415Z,34.42,70.37

2026-09-22T00:38:52.425Z,34.41,70.45

2026-09-22T00:38:57.412Z,34.4,70.38

2026-09-22T00:39:02.412Z,34.41,70.43

2026-09-22T00:39:07.413Z,34.41,70.4

2026-09-22T00:39:12.414Z,34.42,70.42

2026-09-22T00:39:17.423Z,34.4,70.35

2026-09-22T00:39:22.432Z,34.4,70.46

2026-09-22T00:39:27.421Z,34.41,70.43

2026-09-22T00:39:32.420Z,34.42,70.45

2026-09-22T00:39:37.422Z,34.42,70.48

2026-09-22T00:39:42.422Z,34.41,70.45

2026-09-22T00:39:47.420Z,34.42,70.44

2026-09-22T00:39:52.432Z,34.4,70.44

2026-09-22T00:39:57.422Z,34.4,70.46

2026-09-22T00:40:02.421Z,34.4,70.4

2026-09-22T00:40:07.421Z,34.42,70.42

2026-09-22T00:40:12.422Z,34.42,70.44

2026-09-22T00:40:17.426Z,34.42,70.42

2026-09-22T00:40:22.439Z,34.4,70.42

2026-09-22T00:40:27.425Z,34.42,70.41

2026-09-22T00:40:32.426Z,34.42,70.35

2026-09-22T00:40:37.429Z,34.42,70.41

2026-09-22T00:40:42.429Z,34.43,70.42

2026-09-22T00:40:47.425Z,34.44,70.42

2026-09-22T00:40:52.439Z,34.41,70.46

2026-09-22T00:40:57.427Z,34.43,70.42

2026-09-22T00:41:02.428Z,34.41,70.37

2026-09-22T00:41:07.428Z,34.42,70.36

2026-09-22T00:41:12.425Z,34.42,70.37

2026-09-22T00:41:17.445Z,34.43,70.35

2026-09-22T00:41:22.455Z,34.42,70.31

2026-09-22T00:41:27.445Z,34.44,70.31

2026-09-22T00:41:32.443Z,34.43,70.31

2026-09-22T00:41:37.443Z,34.43,70.36

2026-09-22T00:41:42.444Z,34.42,70.41

2026-09-22T00:41:47.445Z,34.42,70.34

2026-09-22T00:41:52.458Z,34.42,70.4

2026-09-22T00:41:57.445Z,34.42,70.43

2026-09-22T00:42:02.444Z,34.41,70.4

2026-09-22T00:42:07.444Z,34.41,70.47

2026-09-22T00:42:12.446Z,34.41,70.5

2026-09-22T00:42:17.448Z,34.42,70.54

2026-09-22T00:42:22.460Z,34.4,70.55

2026-09-22T00:42:27.445Z,34.4,70.57

2026-09-22T00:42:32.447Z,34.39,70.58

2026-09-22T00:42:37.446Z,34.4,70.58

2026-09-22T00:42:42.446Z,34.41,70.6

2026-09-22T00:42:47.455Z,34.4,70.59

2026-09-22T00:42:52.466Z,34.41,70.61

2026-09-22T00:42:57.455Z,34.4,70.61

2026-09-22T00:43:02.456Z,34.42,70.62

2026-09-22T00:43:07.456Z,34.41,70.63

2026-09-22T00:43:12.457Z,34.42,70.59

2026-09-22T00:43:17.460Z,34.4,70.55

2026-09-22T00:43:22.471Z,34.41,70.61

2026-09-22T00:43:27.459Z,34.41,70.59

2026-09-22T00:43:32.458Z,34.41,70.58

2026-09-22T00:43:37.460Z,34.42,70.64

2026-09-22T00:43:42.458Z,34.43,70.66

2026-09-22T00:43:47.466Z,34.42,70.7

2026-09-22T00:43:52.476Z,34.41,70.76

2026-09-22T00:43:57.467Z,34.41,70.72

2026-09-22T00:44:02.470Z,34.41,70.74

2026-09-22T00:44:07.468Z,34.42,70.79

2026-09-22T00:44:12.466Z,34.42,70.79

2026-09-22T00:44:17.485Z,34.41,70.74

2026-09-22T00:44:22.498Z,34.41,70.79

2026-09-22T00:44:27.482Z,34.4,70.77

2026-09-22T00:44:32.484Z,34.4,70.79

2026-09-22T00:44:37.483Z,34.39,70.82

2026-09-22T00:44:42.483Z,34.4,70.71

2026-09-22T00:44:47.493Z,34.38,70.72

2026-09-22T00:44:52.504Z,34.4,70.71

2026-09-22T00:44:57.496Z,34.43,70.76

2026-09-22T00:45:02.492Z,34.4,70.82

2026-09-22T00:45:07.494Z,34.4,70.84

2026-09-22T00:45:12.494Z,34.43,70.84

2026-09-22T00:45:17.497Z,34.43,70.85

2026-09-22T00:45:22.508Z,34.42,70.88

2026-09-22T00:45:27.497Z,34.45,70.83

2026-09-22T00:45:32.497Z,34.42,70.74

2026-09-22T00:45:37.495Z,34.43,70.74

2026-09-22T00:45:42.498Z,34.42,70.64

2026-09-22T00:45:47.512Z,34.44,70.59

2026-09-22T00:45:52.525Z,34.44,70.68

2026-09-22T00:45:57.512Z,34.41,70.64

2026-09-22T00:46:02.512Z,34.42,70.6

2026-09-22T00:46:07.510Z,34.43,70.58

2026-09-22T00:46:12.510Z,34.43,70.6

2026-09-22T00:46:17.518Z,34.44,70.64

2026-09-22T00:46:22.529Z,34.41,70.66

2026-09-22T00:46:27.516Z,34.42,70.66

2026-09-22T00:46:32.518Z,34.42,70.67

2026-09-22T00:46:37.519Z,34.42,70.7

2026-09-22T00:46:42.516Z,34.43,70.64

2026-09-22T00:46:47.517Z,34.42,70.61

2026-09-22T00:46:52.527Z,34.43,70.65

2026-09-22T00:46:57.517Z,34.43,70.58

2026-09-22T00:47:02.517Z,34.43,70.62

2026-09-22T00:47:07.517Z,34.41,70.67

2026-09-22T00:47:12.519Z,34.42,70.63

2026-09-22T00:47:17.518Z,34.44,70.67

2026-09-22T00:47:22.529Z,34.43,70.67

2026-09-22T00:47:27.519Z,34.44,70.64

2026-09-22T00:47:32.519Z,34.44,70.62

2026-09-22T00:47:37.520Z,34.44,70.64

2026-09-22T00:47:42.521Z,34.44,70.65

2026-09-22T00:47:47.520Z,34.43,70.6

2026-09-22T00:47:52.530Z,34.42,70.61

2026-09-22T00:47:57.521Z,34.43,70.54

2026-09-22T00:48:02.521Z,34.44,70.55

2026-09-22T00:48:07.525Z,34.46,70.55

2026-09-22T00:48:12.523Z,34.43,70.54

2026-09-22T00:48:17.533Z,34.44,70.57

2026-09-22T00:48:22.547Z,34.44,70.63

2026-09-22T00:48:27.532Z,34.41,70.56

2026-09-22T00:48:32.532Z,34.44,70.57

2026-09-22T00:48:37.532Z,34.44,70.53

2026-09-22T00:48:42.533Z,34.43,70.48

2026-09-22T00:48:47.539Z,34.43,70.53

2026-09-22T00:48:52.553Z,34.42,70.57

2026-09-22T00:48:57.539Z,34.42,70.54

2026-09-22T00:49:02.540Z,34.43,70.54

2026-09-22T00:49:07.540Z,34.44,70.56

2026-09-22T00:49:12.540Z,34.43,70.54

2026-09-22T00:49:17.555Z,34.44,70.6

2026-09-22T00:49:22.569Z,34.44,70.58

2026-09-22T00:49:27.554Z,34.43,70.6

2026-09-22T00:49:32.554Z,34.43,70.53

2026-09-22T00:49:37.555Z,34.45,70.54

2026-09-22T00:49:42.555Z,34.44,70.53

2026-09-22T00:49:47.558Z,34.44,70.5

2026-09-22T00:49:52.568Z,34.43,70.61

2026-09-22T00:49:57.554Z,34.44,70.57

2026-09-22T00:50:02.555Z,34.44,70.55

2026-09-22T00:50:07.554Z,34.44,70.58

2026-09-22T00:50:12.555Z,34.46,70.53

2026-09-22T00:50:17.563Z,34.44,70.56

2026-09-22T00:50:22.573Z,34.44,70.61

2026-09-22T00:50:27.560Z,34.43,70.59

2026-09-22T00:50:32.561Z,34.46,70.54

2026-09-22T00:50:37.560Z,34.43,70.52

2026-09-22T00:50:42.561Z,34.45,70.52

2026-09-22T00:50:47.572Z,34.44,70.49

2026-09-22T00:50:52.587Z,34.43,70.5

2026-09-22T00:50:57.571Z,34.44,70.52

2026-09-22T00:51:02.571Z,34.41,70.51

2026-09-22T00:51:07.571Z,34.41,70.52

2026-09-22T00:51:12.573Z,34.44,70.56

2026-09-22T00:51:17.588Z,34.42,70.49

2026-09-22T00:51:22.601Z,34.43,70.62

2026-09-22T00:51:27.583Z,34.42,70.56

2026-09-22T00:51:32.585Z,34.41,70.58

2026-09-22T00:51:37.589Z,34.43,70.64

2026-09-22T00:51:42.588Z,34.41,70.68

2026-09-22T00:51:47.588Z,34.43,70.65

2026-09-22T00:51:52.600Z,34.42,70.69

2026-09-22T00:51:57.588Z,34.44,70.68

2026-09-22T00:52:02.589Z,34.41,70.62

2026-09-22T00:52:07.588Z,34.42,70.64

2026-09-22T00:52:12.587Z,34.42,70.66

2026-09-22T00:52:17.597Z,34.44,70.63

2026-09-22T00:52:22.609Z,34.44,70.67

2026-09-22T00:52:27.596Z,34.42,70.64

2026-09-22T00:52:32.601Z,34.41,70.67

2026-09-22T00:52:37.598Z,34.41,70.67

2026-09-22T00:52:42.596Z,34.42,70.64

2026-09-22T00:52:47.609Z,34.43,70.7

2026-09-22T00:52:52.619Z,34.41,70.73

2026-09-22T00:52:57.606Z,34.41,70.69

2026-09-22T00:53:02.607Z,34.42,70.66

2026-09-22T00:53:07.609Z,34.42,70.6

2026-09-22T00:53:12.607Z,34.42,70.67

2026-09-22T00:53:17.623Z,34.44,70.66

2026-09-22T00:53:22.635Z,34.4,70.64

2026-09-22T00:53:27.623Z,34.41,70.6

2026-09-22T00:53:32.624Z,34.41,70.58

2026-09-22T00:53:37.624Z,34.4,70.66

2026-09-22T00:53:42.624Z,34.4,70.59

2026-09-22T00:53:47.632Z,34.41,70.64

2026-09-22T00:53:52.646Z,34.41,70.76

2026-09-22T00:53:57.629Z,34.42,70.69

2026-09-22T00:54:02.629Z,34.41,70.74

2026-09-22T00:54:07.628Z,34.43,70.76

2026-09-22T00:54:12.630Z,34.4,70.71

2026-09-22T00:54:17.634Z,34.42,70.69

2026-09-22T00:54:22.648Z,34.4,70.7

2026-09-22T00:54:27.634Z,34.4,70.73

2026-09-22T00:54:32.633Z,34.42,70.69

2026-09-22T00:54:37.634Z,34.43,70.74

2026-09-22T00:54:42.635Z,34.41,70.67

2026-09-22T00:54:47.639Z,34.42,70.65

2026-09-22T00:54:52.650Z,34.42,70.65

2026-09-22T00:54:57.637Z,34.39,70.66

2026-09-22T00:55:02.637Z,34.4,70.68

2026-09-22T00:55:07.637Z,34.4,70.71

2026-09-22T00:55:12.639Z,34.4,70.7

2026-09-22T00:55:17.638Z,34.41,70.71

2026-09-22T00:55:22.657Z,34.39,70.82

2026-09-22T00:55:27.641Z,34.4,70.76

2026-09-22T00:55:32.640Z,34.39,70.76

2026-09-22T00:55:37.638Z,34.39,70.83

2026-09-22T00:55:42.640Z,34.4,70.83

2026-09-22T00:55:47.640Z,34.39,70.72

2026-09-22T00:55:52.655Z,34.38,70.73

2026-09-22T00:55:57.639Z,34.39,70.69

2026-09-22T00:56:02.641Z,34.39,70.68

2026-09-22T00:56:07.640Z,34.38,70.68

2026-09-22T00:56:12.641Z,34.38,70.69

2026-09-22T00:56:17.648Z,34.38,70.68

2026-09-22T00:56:22.661Z,34.37,70.68

2026-09-22T00:56:27.648Z,34.38,70.67

2026-09-22T00:56:32.648Z,34.37,70.67

2026-09-22T00:56:37.648Z,34.36,70.71

2026-09-22T00:56:42.648Z,34.36,70.74

2026-09-22T00:56:47.663Z,34.38,70.79

2026-09-22T00:56:52.674Z,34.36,70.8

2026-09-22T00:56:57.662Z,34.37,70.82

2026-09-22T00:57:02.660Z,34.37,70.85

2026-09-22T00:57:07.661Z,34.36,70.8

2026-09-22T00:57:12.661Z,34.35,70.79

2026-09-22T00:57:17.676Z,34.39,70.87

2026-09-22T00:57:22.690Z,34.37,70.88

2026-09-22T00:57:27.678Z,34.37,70.83

2026-09-22T00:57:32.676Z,34.35,70.86

2026-09-22T00:57:37.675Z,34.36,70.84

2026-09-22T00:57:42.675Z,34.37,70.85

2026-09-22T00:57:47.686Z,34.37,70.78

2026-09-22T00:57:52.697Z,34.39,70.88

2026-09-22T00:57:57.687Z,34.37,70.84

2026-09-22T00:58:02.689Z,34.37,70.91

2026-09-22T00:58:07.688Z,34.39,70.83

2026-09-22T00:58:12.688Z,34.38,70.82

2026-09-22T00:58:17.687Z,34.38,70.81

2026-09-22T00:58:22.699Z,34.38,70.77

2026-09-22T00:58:27.687Z,34.37,70.75

2026-09-22T00:58:32.687Z,34.37,70.75

2026-09-22T00:58:37.688Z,34.37,70.72

2026-09-22T00:58:42.690Z,34.36,70.82

2026-09-22T00:58:47.699Z,34.38,70.8

2026-09-22T00:58:52.713Z,34.37,70.8

2026-09-22T00:58:57.701Z,34.35,70.74

2026-09-22T00:59:02.705Z,34.36,70.76

2026-09-22T00:59:07.703Z,34.36,70.72

2026-09-22T00:59:12.703Z,34.37,70.69

2026-09-22T00:59:17.711Z,34.39,70.77

2026-09-22T00:59:22.726Z,34.36,70.77

2026-09-22T00:59:27.711Z,34.38,70.76

2026-09-22T00:59:32.710Z,34.37,70.74

2026-09-22T00:59:37.711Z,34.38,70.75

2026-09-22T00:59:42.712Z,34.37,70.69

2026-09-22T00:59:47.719Z,34.38,70.7

2026-09-22T00:59:52.729Z,34.37,70.76

2026-09-22T00:59:57.719Z,34.36,70.71

2026-09-22T01:00:02.719Z,34.36,70.69

2026-09-22T01:00:07.718Z,34.37,70.78

2026-09-22T01:00:12.716Z,34.38,70.74

2026-09-22T01:00:17.723Z,34.37,70.73

2026-09-22T01:00:22.731Z,34.36,70.74

2026-09-22T01:00:27.721Z,34.35,70.69

2026-09-22T01:00:32.720Z,34.37,70.65

2026-09-22T01:00:37.719Z,34.36,70.73

2026-09-22T01:00:42.721Z,34.36,70.7

2026-09-22T01:00:47.732Z,34.35,70.63

2026-09-22T01:00:52.741Z,34.38,70.68

2026-09-22T01:00:57.730Z,34.38,70.62

2026-09-22T01:01:02.731Z,34.36,70.61

2026-09-22T01:01:07.730Z,34.35,70.64

2026-09-22T01:01:12.729Z,34.34,70.54

2026-09-22T01:01:17.729Z,34.35,70.57

2026-09-22T01:01:22.742Z,34.34,70.6

2026-09-22T01:01:27.732Z,34.35,70.61

2026-09-22T01:01:32.733Z,34.33,70.65

2026-09-22T01:01:37.731Z,34.35,70.61

2026-09-22T01:01:42.731Z,34.34,70.67

2026-09-22T01:01:47.730Z,34.35,70.67

2026-09-22T01:01:52.740Z,34.35,70.7

2026-09-22T01:01:57.731Z,34.35,70.71

2026-09-22T01:02:02.730Z,34.31,70.73

2026-09-22T01:02:07.731Z,34.34,70.76

2026-09-22T01:02:12.731Z,34.34,70.78

2026-09-22T01:02:17.730Z,34.32,70.83

2026-09-22T01:02:22.744Z,34.32,70.87

2026-09-22T01:02:27.735Z,34.32,70.86

2026-09-22T01:02:32.735Z,34.32,70.84

2026-09-22T01:02:37.734Z,34.32,70.85

2026-09-22T01:02:42.734Z,34.31,70.84

2026-09-22T01:02:47.740Z,34.32,70.85

2026-09-22T01:02:52.750Z,34.3,70.92

2026-09-22T01:02:57.735Z,34.32,70.85

2026-09-22T01:03:02.735Z,34.31,70.92

2026-09-22T01:03:07.735Z,34.29,70.97

2026-09-22T01:03:12.737Z,34.3,71.04

2026-09-22T01:03:17.753Z,34.29,71.12

2026-09-22T01:03:22.765Z,34.27,71.27

2026-09-22T01:03:27.752Z,34.26,71.19

2026-09-22T01:03:32.752Z,34.25,71.22

2026-09-22T01:03:37.755Z,34.26,71.33

2026-09-22T01:03:42.754Z,34.24,71.39

2026-09-22T01:03:47.760Z,34.25,71.43

2026-09-22T01:03:52.771Z,34.24,71.51

2026-09-22T01:03:57.758Z,34.22,71.53

2026-09-22T01:04:02.759Z,34.23,71.55

2026-09-22T01:04:07.759Z,34.2,71.61

2026-09-22T01:04:12.758Z,34.21,71.73

2026-09-22T01:04:17.772Z,34.21,71.87

2026-09-22T01:04:22.782Z,34.2,72

2026-09-22T01:04:27.771Z,34.18,72

2026-09-22T01:04:32.771Z,34.19,71.96

2026-09-22T01:04:37.771Z,34.18,71.93

2026-09-22T01:04:42.773Z,34.15,72.07

2026-09-22T01:04:47.777Z,34.15,72.08

2026-09-22T01:04:52.787Z,34.15,72.15

2026-09-22T01:04:57.775Z,34.14,72.16

2026-09-22T01:05:02.773Z,34.15,72.28

2026-09-22T01:05:07.774Z,34.14,72.22

2026-09-22T01:05:12.776Z,34.12,72.2

2026-09-22T01:05:17.785Z,34.12,72.29

2026-09-22T01:05:22.793Z,34.11,72.28

2026-09-22T01:05:27.782Z,34.12,72.25

2026-09-22T01:05:32.783Z,34.12,72.3

2026-09-22T01:05:37.782Z,34.1,72.29

2026-09-22T01:05:42.783Z,34.11,72.31

2026-09-22T01:05:47.791Z,34.09,72.3

2026-09-22T01:05:52.802Z,34.05,72.34

2026-09-22T01:05:57.794Z,34.09,72.34

2026-09-22T01:06:02.794Z,34.07,72.43

2026-09-22T01:06:07.790Z,34.06,72.31

2026-09-22T01:06:12.790Z,34.07,72.44

2026-09-22T01:06:17.809Z,34.04,72.37

2026-09-22T01:06:22.822Z,34.03,72.43

2026-09-22T01:06:27.808Z,34.03,72.36

2026-09-22T01:06:32.810Z,34.03,72.37

2026-09-22T01:06:37.809Z,34.04,72.4

2026-09-22T01:06:42.811Z,34.04,72.47

2026-09-22T01:06:47.814Z,34.01,72.41

2026-09-22T01:06:52.823Z,34.04,72.51

2026-09-22T01:06:57.813Z,34.02,72.46

2026-09-22T01:07:02.813Z,34.03,72.47

2026-09-22T01:07:07.813Z,34,72.5

2026-09-22T01:07:12.814Z,34.01,72.48

2026-09-22T01:07:17.822Z,34.02,72.49

2026-09-22T01:07:22.833Z,33.99,72.53

2026-09-22T01:07:27.820Z,33.98,72.5

2026-09-22T01:07:32.822Z,33.99,72.52

2026-09-22T01:07:37.821Z,33.98,72.52

2026-09-22T01:07:42.821Z,33.98,72.51

2026-09-22T01:07:47.831Z,33.97,72.51

2026-09-22T01:07:52.843Z,33.96,72.59

2026-09-22T01:07:57.831Z,33.96,72.57

2026-09-22T01:08:02.832Z,33.97,72.56

2026-09-22T01:08:07.831Z,33.96,72.58

2026-09-22T01:08:12.831Z,33.95,72.56

2026-09-22T01:08:17.836Z,33.94,72.59

2026-09-22T01:08:22.849Z,33.95,72.55

2026-09-22T01:08:27.834Z,33.94,72.59

2026-09-22T01:08:32.836Z,33.93,72.54

2026-09-22T01:08:37.836Z,33.93,72.57

2026-09-22T01:08:42.837Z,33.94,72.65

2026-09-22T01:08:47.839Z,33.92,72.68

2026-09-22T01:08:52.847Z,33.93,72.75

2026-09-22T01:08:57.838Z,33.92,72.72

2026-09-22T01:09:02.837Z,33.9,72.6

2026-09-22T01:09:07.837Z,33.91,72.68

2026-09-22T01:09:12.835Z,33.91,72.69

2026-09-22T01:09:17.837Z,33.9,72.73

2026-09-22T01:09:22.850Z,33.91,72.78

2026-09-22T01:09:27.838Z,33.91,72.76

2026-09-22T01:09:32.838Z,33.91,72.75

2026-09-22T01:09:37.838Z,33.9,72.76

2026-09-22T01:09:42.838Z,33.89,72.78

2026-09-22T01:09:47.837Z,33.87,72.73

2026-09-22T01:09:52.854Z,33.9,72.8

2026-09-22T01:09:57.840Z,33.91,72.82

2026-09-22T01:10:02.840Z,33.89,72.76

2026-09-22T01:10:07.839Z,33.88,72.74

2026-09-22T01:10:12.840Z,33.88,72.8

2026-09-22T01:10:17.849Z,33.89,72.77

2026-09-22T01:10:22.860Z,33.87,72.81

2026-09-22T01:10:27.847Z,33.88,72.78

2026-09-22T01:10:32.850Z,33.89,72.79

2026-09-22T01:10:37.849Z,33.88,72.77

2026-09-22T01:10:42.848Z,33.88,72.81

2026-09-22T01:10:47.857Z,33.86,72.82

2026-09-22T01:10:52.869Z,33.87,72.85

2026-09-22T01:10:57.857Z,33.89,72.84

2026-09-22T01:11:02.857Z,33.88,72.83

2026-09-22T01:11:07.858Z,33.9,72.85

2026-09-22T01:11:12.858Z,33.91,72.9

2026-09-22T01:11:17.867Z,33.91,72.81

2026-09-22T01:11:22.879Z,33.9,72.9

2026-09-22T01:11:27.866Z,33.9,72.86

2026-09-22T01:11:32.868Z,33.9,72.78

2026-09-22T01:11:37.867Z,33.91,72.83

2026-09-22T01:11:42.867Z,33.92,72.72

2026-09-22T01:11:47.878Z,33.92,72.69

2026-09-22T01:11:52.889Z,33.92,72.69

2026-09-22T01:11:57.877Z,33.91,72.66

2026-09-22T01:12:02.877Z,33.94,72.62

2026-09-22T01:12:07.878Z,33.94,72.59

2026-09-22T01:12:12.876Z,33.94,72.52

2026-09-22T01:12:17.885Z,33.95,72.46

2026-09-22T01:12:22.895Z,33.96,72.46

2026-09-22T01:12:27.885Z,33.96,72.44

2026-09-22T01:12:32.885Z,33.96,72.43

2026-09-22T01:12:37.884Z,33.95,72.38

2026-09-22T01:12:42.885Z,33.95,72.35

2026-09-22T01:12:47.891Z,33.96,72.37

2026-09-22T01:12:52.904Z,33.96,72.4

2026-09-22T01:12:57.890Z,33.98,72.38

2026-09-22T01:13:02.892Z,33.97,72.31

2026-09-22T01:13:07.890Z,33.98,72.28

2026-09-22T01:13:12.889Z,33.98,72.16

2026-09-22T01:13:17.903Z,34,72.19

2026-09-22T01:13:22.913Z,33.99,72.3

2026-09-22T01:13:27.900Z,34.01,72.22

2026-09-22T01:13:32.901Z,33.99,72.21

2026-09-22T01:13:37.903Z,34.02,72.25

2026-09-22T01:13:42.900Z,34,72.19

2026-09-22T01:13:47.909Z,34,72.17

2026-09-22T01:13:52.915Z,34.03,72.16

2026-09-22T01:13:57.903Z,34.02,72.1

2026-09-22T01:14:02.905Z,34.01,72.09

2026-09-22T01:14:07.903Z,34.04,72.04

2026-09-22T01:14:12.905Z,34.03,72.04

2026-09-22T01:14:17.922Z,34.03,72.01

2026-09-22T01:14:22.940Z,34.02,71.98

2026-09-22T01:14:27.921Z,34.03,71.83

2026-09-22T01:14:32.923Z,34.06,71.86

2026-09-22T01:14:37.921Z,34.06,71.76

2026-09-22T01:14:42.923Z,34.06,71.8

2026-09-22T01:14:47.930Z,34.04,71.83

2026-09-22T01:14:52.943Z,34.04,71.81

2026-09-22T01:14:57.926Z,34.06,71.81

2026-09-22T01:15:02.929Z,34.06,71.78

2026-09-22T01:15:07.927Z,34.05,71.74

2026-09-22T01:15:12.929Z,34.06,71.71

2026-09-22T01:15:17.940Z,34.05,71.66

2026-09-22T01:15:22.950Z,34.06,71.65

2026-09-22T01:15:27.938Z,34.06,71.6

2026-09-22T01:15:32.940Z,34.06,71.66

2026-09-22T01:15:37.938Z,34.07,71.58

2026-09-22T01:15:42.937Z,34.07,71.69

2026-09-22T01:15:47.936Z,34.07,71.68

2026-09-22T01:15:52.949Z,34.07,71.66

2026-09-22T01:15:57.939Z,34.07,71.65

2026-09-22T01:16:02.940Z,34.09,71.65

2026-09-22T01:16:07.939Z,34.09,71.59

2026-09-22T01:16:12.940Z,34.09,71.6

2026-09-22T01:16:17.940Z,34.09,71.6

2026-09-22T01:16:22.951Z,34.09,71.65

2026-09-22T01:16:27.938Z,34.08,71.58

2026-09-22T01:16:32.939Z,34.08,71.58

2026-09-22T01:16:37.941Z,34.09,71.5

2026-09-22T01:16:42.940Z,34.1,71.5

2026-09-22T01:16:47.948Z,34.1,71.43

2026-09-22T01:16:52.961Z,34.08,71.48

2026-09-22T01:16:57.952Z,34.08,71.38

2026-09-22T01:17:02.951Z,34.1,71.39

2026-09-22T01:17:07.950Z,34.1,71.33

2026-09-22T01:17:12.950Z,34.08,71.39

2026-09-22T01:17:17.961Z,34.07,71.41

2026-09-22T01:17:22.974Z,34.06,71.4

2026-09-22T01:17:27.959Z,34.08,71.4

2026-09-22T01:17:32.960Z,34.09,71.47

2026-09-22T01:17:37.960Z,34.06,71.41

2026-09-22T01:17:42.961Z,34.08,71.48

2026-09-22T01:17:47.979Z,34.08,71.5

2026-09-22T01:17:52.989Z,34.07,71.47

2026-09-22T01:17:57.978Z,34.07,71.47

2026-09-22T01:18:02.980Z,34.06,71.51

2026-09-22T01:18:07.980Z,34.07,71.52

2026-09-22T01:18:12.981Z,34.08,71.54

2026-09-22T01:18:17.978Z,34.05,71.46

2026-09-22T01:18:22.990Z,34.05,71.55

2026-09-22T01:18:27.979Z,34.07,71.55

2026-09-22T01:18:32.982Z,34.05,71.51

2026-09-22T01:18:37.980Z,34.04,71.57

2026-09-22T01:18:42.980Z,34.05,71.54

2026-09-22T01:18:47.978Z,34.05,71.51

2026-09-22T01:18:52.992Z,34.06,71.52

2026-09-22T01:18:57.980Z,34.04,71.45

2026-09-22T01:19:02.983Z,34.07,71.46

2026-09-22T01:19:07.984Z,34.07,71.56

2026-09-22T01:19:12.981Z,34.05,71.53

2026-09-22T01:19:17.981Z,34.06,71.53

2026-09-22T01:19:22.995Z,34.06,71.56

2026-09-22T01:19:27.984Z,34.05,71.54

2026-09-22T01:19:32.985Z,34.1,71.53

2026-09-22T01:19:37.984Z,34.06,71.54

2026-09-22T01:19:42.987Z,34.06,71.51

2026-09-22T01:19:47.986Z,34.06,71.5

2026-09-22T01:19:52.998Z,34.04,71.5

2026-09-22T01:19:57.987Z,34.06,71.49

2026-09-22T01:20:02.987Z,34.05,71.45

2026-09-22T01:20:07.985Z,34.05,71.47

2026-09-22T01:20:12.987Z,34.07,71.46

2026-09-22T01:20:17.990Z,34.04,71.44

2026-09-22T01:20:23.001Z,34.04,71.55

2026-09-22T01:20:27.989Z,34.05,71.5

2026-09-22T01:20:32.993Z,34.06,71.53

2026-09-22T01:20:37.992Z,34.05,71.55

2026-09-22T01:20:42.990Z,34.04,71.59

2026-09-22T01:20:48.008Z,34.04,71.59

2026-09-22T01:20:53.020Z,34.06,71.74

2026-09-22T01:20:58.006Z,34.05,71.6

2026-09-22T01:21:03.006Z,34.03,71.59

2026-09-22T01:21:08.007Z,34.06,71.56

2026-09-22T01:21:13.006Z,34.05,71.59

2026-09-22T01:21:18.012Z,34.04,71.55

2026-09-22T01:21:23.025Z,34.05,71.5

2026-09-22T01:21:28.010Z,34.03,71.52

2026-09-22T01:21:33.011Z,34.06,71.48

2026-09-22T01:21:38.012Z,34.06,71.41

2026-09-22T01:21:43.014Z,34.06,71.44

2026-09-22T01:21:48.029Z,34.05,71.41

2026-09-22T01:21:53.043Z,34.05,71.49

2026-09-22T01:21:58.029Z,34.05,71.45

2026-09-22T01:22:03.029Z,34.03,71.46

2026-09-22T01:22:08.029Z,34.06,71.5

2026-09-22T01:22:13.029Z,34.08,71.49

2026-09-22T01:22:18.066Z,34.05,71.41

2026-09-22T01:22:23.081Z,34.05,71.55

2026-09-22T01:22:28.068Z,34.04,71.53

2026-09-22T01:22:33.067Z,34.07,71.47

2026-09-22T01:22:38.067Z,34.06,71.46

2026-09-22T01:22:43.067Z,34.05,71.49

2026-09-22T01:22:48.067Z,34.05,71.49

2026-09-22T01:22:53.083Z,34.03,71.54

2026-09-22T01:22:58.068Z,34.04,71.51

2026-09-22T01:23:03.071Z,34.05,71.56

2026-09-22T01:23:08.067Z,34.05,71.55

2026-09-22T01:23:13.068Z,34.05,71.53

2026-09-22T01:23:18.067Z,34.06,71.52

2026-09-22T01:23:23.078Z,34.06,71.51

2026-09-22T01:23:28.067Z,34.04,71.53

2026-09-22T01:23:33.069Z,34.05,71.47

2026-09-22T01:23:38.068Z,34.05,71.52

2026-09-22T01:23:43.067Z,34.04,71.55

2026-09-22T01:23:48.067Z,34.04,71.57

2026-09-22T01:23:53.078Z,34.04,71.58

2026-09-22T01:23:58.067Z,34.04,71.57

2026-09-22T01:24:03.070Z,34.06,71.57

2026-09-22T01:24:08.069Z,34.05,71.54

2026-09-22T01:24:13.071Z,34.06,71.47

2026-09-22T01:24:18.071Z,34.04,71.54

2026-09-22T01:24:23.083Z,34.07,71.53

2026-09-22T01:24:28.072Z,34.07,71.47

2026-09-22T01:24:33.071Z,34.07,71.46

2026-09-22T01:24:38.076Z,34.08,71.42

2026-09-22T01:24:43.075Z,34.08,71.31

2026-09-22T01:24:48.075Z,34.07,71.28

2026-09-22T01:24:53.087Z,34.07,71.23

2026-09-22T01:24:58.077Z,34.09,71.28

2026-09-22T01:25:03.076Z,34.07,71.2

2026-09-22T01:25:08.076Z,34.06,71.26

2026-09-22T01:25:13.078Z,34.07,71.21

2026-09-22T01:25:18.084Z,34.07,71.2

2026-09-22T01:25:23.096Z,34.06,71.13

2026-09-22T01:25:28.084Z,34.07,71.01

2026-09-22T01:25:33.086Z,34.06,71.02

2026-09-22T01:25:38.087Z,34.06,71.09

2026-09-22T01:25:43.086Z,34.07,71.13

2026-09-22T01:25:48.085Z,34.07,71.18

2026-09-22T01:25:53.101Z,34.04,71.24

2026-09-22T01:25:58.087Z,34.07,71.18

2026-09-22T01:26:03.087Z,34.06,71.24

2026-09-22T01:26:08.088Z,34.06,71.17

2026-09-22T01:26:13.089Z,34.08,71.2

2026-09-22T01:26:18.089Z,34.06,71.23

2026-09-22T01:26:23.100Z,34.09,71.23

2026-09-22T01:26:28.087Z,34.1,71.17

2026-09-22T01:26:33.089Z,34.09,71.07

2026-09-22T01:26:38.091Z,34.06,71.06

2026-09-22T01:26:43.090Z,34.07,71.01

2026-09-22T01:26:48.088Z,34.07,70.95

2026-09-22T01:26:53.101Z,34.07,70.76

2026-09-22T01:26:58.092Z,34.06,70.61

2026-09-22T01:27:03.089Z,34.07,70.51

2026-09-22T01:27:08.094Z,34.06,70.35

2026-09-22T01:27:13.092Z,34.08,70.31

2026-09-22T01:27:18.111Z,34.09,70.35

2026-09-22T01:27:23.123Z,34.06,70.29

2026-09-22T01:27:28.110Z,34.06,70.2

2026-09-22T01:27:33.110Z,34.07,70.06

2026-09-22T01:27:38.112Z,34.07,70.03

2026-09-22T01:27:43.110Z,34.08,69.9

2026-09-22T01:27:48.117Z,34.09,69.84

2026-09-22T01:27:53.132Z,34.09,69.9

2026-09-22T01:27:58.116Z,34.08,69.41

2026-09-22T01:28:03.120Z,34.07,69.05

2026-09-22T01:28:08.135Z,34.07,68.95

2026-09-22T01:28:13.149Z,34.07,68.99

2026-09-22T01:28:18.133Z,34.07,68.9

2026-09-22T01:28:23.132Z,34.07,68.9

2026-09-22T01:28:28.132Z,34.08,68.96

2026-09-22T01:28:33.134Z,34.06,68.93

2026-09-22T01:28:38.148Z,34.08,68.96

2026-09-22T01:28:43.160Z,34.06,69.08

2026-09-22T01:28:48.148Z,34.06,69.1

2026-09-22T01:28:53.148Z,34.07,69.1

2026-09-22T01:28:58.149Z,34.06,69.1

2026-09-22T01:29:03.148Z,34.06,69.02

2026-09-22T01:29:08.161Z,34.07,69.03

2026-09-22T01:29:13.173Z,34.06,68.8

2026-09-22T01:29:18.161Z,34.06,68.64

2026-09-22T01:29:23.159Z,34.05,68.67

2026-09-22T01:29:28.161Z,34.07,68.73

2026-09-22T01:29:33.160Z,34.05,68.71

2026-09-22T01:29:38.166Z,34.06,68.69

2026-09-22T01:29:43.176Z,34.04,68.77

2026-09-22T01:29:48.162Z,34.06,68.78

2026-09-22T01:29:53.166Z,34.04,68.53

2026-09-22T01:29:58.165Z,34.05,68.22

2026-09-22T01:30:03.165Z,34.05,68

2026-09-22T01:30:08.169Z,34.04,67.79

2026-09-22T01:30:13.179Z,34.04,67.96

2026-09-22T01:30:18.168Z,34.05,68.01

2026-09-22T01:30:23.168Z,34.04,68.07

2026-09-22T01:30:28.168Z,34.03,68.09

2026-09-22T01:30:33.169Z,34.02,67.98

2026-09-22T01:30:38.170Z,34.03,67.95

2026-09-22T01:30:43.179Z,34.02,67.99

2026-09-22T01:30:48.167Z,34.01,67.91

2026-09-22T01:30:53.169Z,34.01,67.85

2026-09-22T01:30:58.169Z,34,67.78

2026-09-22T01:31:03.168Z,33.99,67.76

2026-09-22T01:31:08.170Z,33.98,67.69

2026-09-22T01:31:13.180Z,33.99,67.73

2026-09-22T01:31:18.169Z,34,67.68

2026-09-22T01:31:23.171Z,33.99,67.77

2026-09-22T01:31:28.171Z,33.99,67.81

2026-09-22T01:31:33.171Z,33.96,67.88

2026-09-22T01:31:38.182Z,33.97,67.96

2026-09-22T01:31:43.194Z,33.96,67.99

2026-09-22T01:31:48.180Z,33.96,67.9

2026-09-22T01:31:53.182Z,33.97,67.75

2026-09-22T01:31:58.182Z,33.97,67.67

2026-09-22T01:32:03.182Z,33.97,67.53

2026-09-22T01:32:08.191Z,33.98,67.57

2026-09-22T01:32:13.201Z,33.95,67.5

2026-09-22T01:32:18.189Z,33.96,67.45

2026-09-22T01:32:23.191Z,33.96,67.41

2026-09-22T01:32:28.189Z,33.97,67.47

2026-09-22T01:32:33.191Z,33.95,67.39

2026-09-22T01:32:38.201Z,33.96,67.25

2026-09-22T01:32:43.211Z,33.94,67.17

2026-09-22T01:32:48.196Z,33.96,67.14

2026-09-22T01:32:53.200Z,33.97,67.17

2026-09-22T01:32:58.201Z,33.97,67.17

2026-09-22T01:33:03.199Z,33.96,67.26

2026-09-22T01:33:08.212Z,33.97,67.37

2026-09-22T01:33:13.226Z,33.95,67.42

2026-09-22T01:33:18.209Z,33.97,67.43

2026-09-22T01:33:23.211Z,33.97,67.48

2026-09-22T01:33:28.211Z,33.98,67.35

2026-09-22T01:33:33.213Z,33.98,67.31

2026-09-22T01:33:38.228Z,33.97,67.27

2026-09-22T01:33:43.240Z,33.96,67.35

2026-09-22T01:33:48.226Z,33.98,67.29

2026-09-22T01:33:53.226Z,33.98,67.29

2026-09-22T01:33:58.226Z,33.95,67.18

2026-09-22T01:34:03.227Z,33.96,67.15

2026-09-22T01:34:08.235Z,33.98,67.11

2026-09-22T01:34:13.246Z,33.95,67.08

2026-09-22T01:34:18.234Z,33.98,67.12

2026-09-22T01:34:23.238Z,33.97,67.03

2026-09-22T01:34:28.236Z,33.97,67.08

2026-09-22T01:34:33.236Z,33.98,67.12

2026-09-22T01:34:38.239Z,33.97,67.08

2026-09-22T01:34:43.250Z,33.97,67.15

2026-09-22T01:34:48.238Z,33.96,67.09

2026-09-22T01:34:53.238Z,33.96,67.12

2026-09-22T01:34:58.238Z,33.96,66.97

2026-09-22T01:35:03.237Z,33.97,66.9

2026-09-22T01:35:08.253Z,33.98,66.86

2026-09-22T01:35:13.266Z,33.97,66.9

2026-09-22T01:35:18.252Z,33.97,66.97

2026-09-22T01:35:23.255Z,33.95,67

2026-09-22T01:35:28.253Z,33.95,66.94

2026-09-22T01:35:33.254Z,33.96,66.91

2026-09-22T01:35:38.262Z,33.94,66.85

2026-09-22T01:35:43.276Z,33.93,66.87

2026-09-22T01:35:48.260Z,33.92,66.89

2026-09-22T01:35:53.262Z,33.93,66.93

2026-09-22T01:35:58.261Z,33.89,67

2026-09-22T01:36:03.262Z,33.9,67.01

2026-09-22T01:36:08.273Z,33.88,67.05

2026-09-22T01:36:13.284Z,33.88,67.14

2026-09-22T01:36:18.271Z,33.85,67.01

2026-09-22T01:36:23.273Z,33.84,67.1

2026-09-22T01:36:28.270Z,33.81,67.13

2026-09-22T01:36:33.271Z,33.81,67.13

2026-09-22T01:36:38.284Z,33.81,67.27

2026-09-22T01:36:43.297Z,33.81,67.42

2026-09-22T01:36:48.285Z,33.79,67.48

2026-09-22T01:36:53.284Z,33.79,67.4

2026-09-22T01:36:58.284Z,33.78,67.33

2026-09-22T01:37:03.285Z,33.8,67.46

2026-09-22T01:37:08.288Z,33.77,67.61

2026-09-22T01:37:13.299Z,33.77,67.63

2026-09-22T01:37:18.286Z,33.75,67.4

2026-09-22T01:37:23.285Z,33.74,67.36

2026-09-22T01:37:28.287Z,33.72,67.33

2026-09-22T01:37:33.288Z,33.73,67.38

2026-09-22T01:37:38.296Z,33.69,67.36

2026-09-22T01:37:43.304Z,33.73,67.45

2026-09-22T01:37:48.293Z,33.73,67.4

2026-09-22T01:37:53.292Z,33.7,67.33

2026-09-22T01:37:58.294Z,33.71,67.39

2026-09-22T01:38:03.294Z,33.7,67.37

2026-09-22T01:38:08.292Z,33.71,67.36

2026-09-22T01:38:13.304Z,33.71,67.41

2026-09-22T01:38:18.291Z,33.69,67.37

2026-09-22T01:38:23.292Z,33.71,67.36

2026-09-22T01:38:28.293Z,33.71,67.38

2026-09-22T01:38:33.294Z,33.71,67.33

2026-09-22T01:38:38.295Z,33.69,67.35

2026-09-22T01:38:43.304Z,33.71,67.41

2026-09-22T01:38:48.294Z,33.7,67.36

2026-09-22T01:38:53.294Z,33.72,67.38

2026-09-22T01:38:58.295Z,33.7,67.3

2026-09-22T01:39:03.301Z,33.73,67.25

2026-09-22T01:39:08.306Z,33.72,67.03

2026-09-22T01:39:13.315Z,33.71,66.88

2026-09-22T01:39:18.304Z,33.71,66.72

2026-09-22T01:39:23.304Z,33.72,66.8

2026-09-22T01:39:28.300Z,33.73,66.8

2026-09-22T01:39:33.301Z,33.71,66.82

2026-09-22T01:39:38.324Z,33.75,66.89

2026-09-22T01:39:43.332Z,33.71,66.95

2026-09-22T01:39:48.321Z,33.73,66.76

2026-09-22T01:39:53.323Z,33.72,66.73

2026-09-22T01:39:58.323Z,33.72,66.79

2026-09-22T01:40:03.323Z,33.72,66.81

2026-09-22T01:40:08.330Z,33.72,66.88

2026-09-22T01:40:13.338Z,33.73,66.97

2026-09-22T01:40:18.328Z,33.74,66.91

2026-09-22T01:40:23.329Z,33.72,67.03

2026-09-22T01:40:28.330Z,33.73,66.91

2026-09-22T01:40:33.329Z,33.74,66.78

2026-09-22T01:40:38.344Z,33.72,66.78

2026-09-22T01:40:43.356Z,33.73,66.69

2026-09-22T01:40:48.345Z,33.73,66.64

2026-09-22T01:40:53.344Z,33.74,66.66

2026-09-22T01:40:58.345Z,33.73,66.59

2026-09-22T01:41:03.345Z,33.73,66.56

2026-09-22T01:41:08.352Z,33.73,66.46

2026-09-22T01:41:13.362Z,33.73,66.48

2026-09-22T01:41:18.350Z,33.74,66.55

2026-09-22T01:41:23.354Z,33.72,66.54

2026-09-22T01:41:28.352Z,33.73,66.55

2026-09-22T01:41:33.352Z,33.74,66.66

2026-09-22T01:41:38.351Z,33.73,66.62

2026-09-22T01:41:43.365Z,33.73,66.63

2026-09-22T01:41:48.353Z,33.76,66.61

2026-09-22T01:41:53.353Z,33.73,66.64

2026-09-22T01:41:58.355Z,33.74,66.58

2026-09-22T01:42:03.353Z,33.74,66.58

2026-09-22T01:42:08.353Z,33.72,66.65

2026-09-22T01:42:13.370Z,33.72,66.63

2026-09-22T01:42:18.355Z,33.72,66.64

2026-09-22T01:42:23.355Z,33.72,66.62

2026-09-22T01:42:28.356Z,33.72,66.67

2026-09-22T01:42:33.356Z,33.74,66.66

2026-09-22T01:42:38.356Z,33.73,66.68

2026-09-22T01:42:43.369Z,33.72,66.67

2026-09-22T01:42:48.356Z,33.71,66.61

2026-09-22T01:42:53.356Z,33.7,66.6

2026-09-22T01:42:58.356Z,33.72,66.56

2026-09-22T01:43:03.360Z,33.73,66.66

2026-09-22T01:43:08.360Z,33.73,66.59

2026-09-22T01:43:13.370Z,33.73,66.72

2026-09-22T01:43:18.358Z,33.73,66.66

2026-09-22T01:43:23.357Z,33.75,66.69

2026-09-22T01:43:28.360Z,33.73,66.67

2026-09-22T01:43:33.360Z,33.73,66.65

2026-09-22T01:43:38.360Z,33.74,66.67

2026-09-22T01:43:43.373Z,33.73,66.67

2026-09-22T01:43:48.359Z,33.75,66.67

2026-09-22T01:43:53.361Z,33.74,66.66

2026-09-22T01:43:58.361Z,33.75,66.61

2026-09-22T01:44:03.364Z,33.75,66.57

2026-09-22T01:44:08.378Z,33.77,66.55

2026-09-22T01:44:13.389Z,33.76,66.62

2026-09-22T01:44:18.376Z,33.78,66.54

2026-09-22T01:44:23.378Z,33.75,66.54

2026-09-22T01:44:28.377Z,33.77,66.55

2026-09-22T01:44:33.377Z,33.77,66.49

2026-09-22T01:44:38.402Z,33.78,66.53

2026-09-22T01:44:43.414Z,33.76,66.52

2026-09-22T01:44:48.399Z,33.77,66.56

2026-09-22T01:44:53.402Z,33.77,66.58

2026-09-22T01:44:58.403Z,33.78,66.49

2026-09-22T01:45:03.402Z,33.79,66.53

2026-09-22T01:45:08.400Z,33.77,66.56

2026-09-22T01:45:13.414Z,33.8,66.6

2026-09-22T01:45:18.402Z,33.79,66.54

2026-09-22T01:45:23.402Z,33.78,66.35

2026-09-22T01:45:28.403Z,33.78,66.26

2026-09-22T01:45:33.404Z,33.77,66.22

2026-09-22T01:45:38.405Z,33.76,66.11

2026-09-22T01:45:43.415Z,33.77,66.1

2026-09-22T01:45:48.404Z,33.76,66.05

2026-09-22T01:45:53.407Z,33.75,65.99

2026-09-22T01:45:58.405Z,33.76,66.09

2026-09-22T01:46:03.405Z,33.75,66.11

2026-09-22T01:46:08.414Z,33.75,66.19

2026-09-22T01:46:13.427Z,33.75,66.26

2026-09-22T01:46:18.412Z,33.73,66.15

2026-09-22T01:46:23.411Z,33.73,66.11

2026-09-22T01:46:28.414Z,33.74,66.07

2026-09-22T01:46:33.412Z,33.73,66.08

2026-09-22T01:46:38.421Z,33.71,65.99

2026-09-22T01:46:43.435Z,33.7,66.05

2026-09-22T01:46:48.421Z,33.71,66

2026-09-22T01:46:53.424Z,33.7,65.96

2026-09-22T01:46:58.423Z,33.69,65.96

2026-09-22T01:47:03.423Z,33.68,65.91

2026-09-22T01:47:08.431Z,33.66,65.91

2026-09-22T01:47:13.443Z,33.67,65.92

2026-09-22T01:47:18.430Z,33.68,66.12

2026-09-22T01:47:23.432Z,33.67,66.3

2026-09-22T01:47:28.432Z,33.69,66.34

2026-09-22T01:47:33.433Z,33.64,66.39

2026-09-22T01:47:38.432Z,33.65,66.38

2026-09-22T01:47:43.447Z,33.64,66.38

2026-09-22T01:47:48.434Z,33.63,66.4

2026-09-22T01:47:53.434Z,33.65,66.51

2026-09-22T01:47:58.433Z,33.64,66.52

2026-09-22T01:48:03.433Z,33.64,66.59

2026-09-22T01:48:08.445Z,33.66,66.58

2026-09-22T01:48:13.454Z,33.63,66.6

2026-09-22T01:48:18.443Z,33.65,66.55

2026-09-22T01:48:23.445Z,33.65,66.39

2026-09-22T01:48:28.445Z,33.64,66.39

2026-09-22T01:48:33.443Z,33.64,66.35

2026-09-22T01:48:38.452Z,33.64,66.35

2026-09-22T01:48:43.463Z,33.64,66.42

2026-09-22T01:48:48.450Z,33.65,66.34

2026-09-22T01:48:53.453Z,33.66,66.37

2026-09-22T01:48:58.452Z,33.66,66.33

2026-09-22T01:49:03.453Z,33.66,66.34

2026-09-22T01:49:08.451Z,33.65,66.3

2026-09-22T01:49:13.466Z,33.65,66.36

2026-09-22T01:49:18.452Z,33.68,66.26

2026-09-22T01:49:23.451Z,33.68,66.34

2026-09-22T01:49:28.452Z,33.66,66.3

2026-09-22T01:49:33.452Z,33.68,66.31

2026-09-22T01:49:38.451Z,33.67,66.28

2026-09-22T01:49:43.463Z,33.66,66.27

2026-09-22T01:49:48.453Z,33.69,66.13

2026-09-22T01:49:53.454Z,33.66,66.17

2026-09-22T01:49:58.454Z,33.69,66.15

2026-09-22T01:50:03.453Z,33.69,66.05

2026-09-22T01:50:08.462Z,33.67,66.03

2026-09-22T01:50:13.477Z,33.68,66

2026-09-22T01:50:18.458Z,33.67,65.87

2026-09-22T01:50:23.459Z,33.68,65.89

2026-09-22T01:50:28.460Z,33.68,65.95

2026-09-22T01:50:33.462Z,33.7,65.95

2026-09-22T01:50:38.479Z,33.68,65.94

2026-09-22T01:50:43.485Z,33.7,65.94

2026-09-22T01:50:48.476Z,33.66,65.97

2026-09-22T01:50:53.476Z,33.7,66.03

2026-09-22T01:50:58.477Z,33.69,65.91

2026-09-22T01:51:03.477Z,33.69,65.89

2026-09-22T01:51:08.494Z,33.69,65.82

2026-09-22T01:51:13.508Z,33.68,65.75

2026-09-22T01:51:18.492Z,33.69,65.74

2026-09-22T01:51:23.494Z,33.68,65.7

2026-09-22T01:51:28.494Z,33.68,65.87

2026-09-22T01:51:33.494Z,33.66,65.83

2026-09-22T01:51:38.501Z,33.67,65.85

2026-09-22T01:51:43.512Z,33.67,65.98

2026-09-22T01:51:48.499Z,33.68,66

2026-09-22T01:51:53.501Z,33.66,66.02

2026-09-22T01:51:58.500Z,33.68,66.04

2026-09-22T01:52:03.501Z,33.66,66.05

2026-09-22T01:52:08.502Z,33.67,66.07

2026-09-22T01:52:13.514Z,33.66,66.08

2026-09-22T01:52:18.503Z,33.66,66.1

2026-09-22T01:52:23.504Z,33.68,66.07

2026-09-22T01:52:28.504Z,33.68,66.11

2026-09-22T01:52:33.505Z,33.69,66.11

2026-09-22T01:52:38.503Z,33.68,66.11

2026-09-22T01:52:43.518Z,33.67,66.07

2026-09-22T01:52:48.501Z,33.69,66.09

2026-09-22T01:52:53.505Z,33.69,66.06

2026-09-22T01:52:58.503Z,33.71,66.08

2026-09-22T01:53:03.506Z,33.71,66.08

2026-09-22T01:53:08.502Z,33.72,66.02

2026-09-22T01:53:13.516Z,33.7,66.05

2026-09-22T01:53:18.505Z,33.71,65.95

2026-09-22T01:53:23.505Z,33.71,65.86

2026-09-22T01:53:28.506Z,33.73,65.86

2026-09-22T01:53:33.506Z,33.73,65.85

2026-09-22T01:53:38.505Z,33.73,65.86

2026-09-22T01:53:43.525Z,33.74,65.93

2026-09-22T01:53:48.509Z,33.74,65.76

2026-09-22T01:53:53.509Z,33.74,65.75

2026-09-22T01:53:58.507Z,33.74,65.69

2026-09-22T01:54:03.510Z,33.75,65.71

2026-09-22T01:54:08.517Z,33.76,65.56

2026-09-22T01:54:13.535Z,33.76,65.54

2026-09-22T01:54:18.515Z,33.76,65.55

2026-09-22T01:54:23.517Z,33.77,65.59

2026-09-22T01:54:28.515Z,33.76,65.58

2026-09-22T01:54:33.516Z,33.77,65.55

2026-09-22T01:54:38.525Z,33.78,65.67

2026-09-22T01:54:43.537Z,33.77,65.59

2026-09-22T01:54:48.521Z,33.76,65.59

2026-09-22T01:54:53.522Z,33.78,65.62

2026-09-22T01:54:58.521Z,33.79,65.55

2026-09-22T01:55:03.523Z,33.78,65.6

2026-09-22T01:55:08.529Z,33.79,65.66

2026-09-22T01:55:13.538Z,33.8,65.64

2026-09-22T01:55:18.527Z,33.78,65.54

2026-09-22T01:55:23.527Z,33.79,65.57

2026-09-22T01:55:28.528Z,33.79,65.59

2026-09-22T01:55:33.529Z,33.81,65.58

2026-09-22T01:55:38.547Z,33.8,65.54

2026-09-22T01:55:43.556Z,33.8,65.64

2026-09-22T01:55:48.546Z,33.81,65.59

2026-09-22T01:55:53.547Z,33.81,65.61

2026-09-22T01:55:58.546Z,33.82,65.64

2026-09-22T01:56:03.547Z,33.84,65.53

2026-09-22T01:56:08.552Z,33.81,65.52

2026-09-22T01:56:13.561Z,33.83,65.49

2026-09-22T01:56:18.550Z,33.83,65.49

2026-09-22T01:56:23.547Z,33.83,65.5

2026-09-22T01:56:28.546Z,33.85,65.44

2026-09-22T01:56:33.548Z,33.84,65.52

2026-09-22T01:56:38.561Z,33.83,65.46

2026-09-22T01:56:43.570Z,33.85,65.39

2026-09-22T01:56:48.558Z,33.86,65.32

2026-09-22T01:56:53.559Z,33.84,65.34

2026-09-22T01:56:58.562Z,33.85,65.33

2026-09-22T01:57:03.560Z,33.87,65.32

2026-09-22T01:57:08.566Z,33.87,65.25

2026-09-22T01:57:13.575Z,33.85,65.33

2026-09-22T01:57:18.568Z,33.86,65.39

2026-09-22T01:57:23.567Z,33.86,65.37

2026-09-22T01:57:28.567Z,33.86,65.34

2026-09-22T01:57:33.569Z,33.84,65.37

2026-09-22T01:57:38.583Z,33.86,65.3

2026-09-22T01:57:43.593Z,33.86,65.31

2026-09-22T01:57:48.583Z,33.87,65.35

2026-09-22T01:57:53.582Z,33.87,65.23

2026-09-22T01:57:58.582Z,33.85,65.08

2026-09-22T01:58:03.583Z,33.87,65.01

2026-09-22T01:58:08.594Z,33.89,65.01

2026-09-22T01:58:13.605Z,33.86,64.97

2026-09-22T01:58:18.593Z,33.87,65

2026-09-22T01:58:23.594Z,33.86,64.99

2026-09-22T01:58:28.593Z,33.88,65.1

2026-09-22T01:58:33.593Z,33.86,65.13

2026-09-22T01:58:38.601Z,33.86,65.14

2026-09-22T01:58:43.617Z,33.86,65.22

2026-09-22T01:58:48.602Z,33.85,65.15

2026-09-22T01:58:53.600Z,33.84,65.08

2026-09-22T01:58:58.602Z,33.87,65.02

2026-09-22T01:59:03.600Z,33.87,65.07

2026-09-22T01:59:08.611Z,33.87,65.06

2026-09-22T01:59:13.623Z,33.85,65.14

2026-09-22T01:59:18.609Z,33.89,65.06

2026-09-22T01:59:23.611Z,33.86,65.08

2026-09-22T01:59:28.611Z,33.86,65.04

2026-09-22T01:59:33.611Z,33.86,65.06

2026-09-22T01:59:38.616Z,33.86,65.01

2026-09-22T01:59:43.628Z,33.86,65.03

2026-09-22T01:59:48.617Z,33.87,65.01

2026-09-22T01:59:53.616Z,33.87,65.01

2026-09-22T01:59:58.616Z,33.87,64.87

2026-09-22T02:00:03.617Z,33.86,64.8

2026-09-22T02:00:08.620Z,33.87,64.78

2026-09-22T02:00:13.631Z,33.86,64.85

2026-09-22T02:00:18.621Z,33.87,64.87

2026-09-22T02:00:23.621Z,33.86,64.91

2026-09-22T02:00:28.622Z,33.88,64.89

2026-09-22T02:00:33.620Z,33.87,64.91

2026-09-22T02:00:38.624Z,33.87,64.88

2026-09-22T02:00:43.638Z,33.87,64.9

2026-09-22T02:00:48.625Z,33.88,64.85

2026-09-22T02:00:53.627Z,33.85,64.86

2026-09-22T02:00:58.626Z,33.89,64.85

2026-09-22T02:01:03.628Z,33.89,64.87

2026-09-22T02:01:08.645Z,33.87,64.95

2026-09-22T02:01:13.651Z,33.87,64.85

2026-09-22T02:01:18.637Z,33.89,64.84

2026-09-22T02:01:23.639Z,33.86,64.85

2026-09-22T02:01:28.640Z,33.87,64.82

2026-09-22T02:01:33.640Z,33.88,64.86

2026-09-22T02:01:38.642Z,33.88,64.84

2026-09-22T02:01:43.654Z,33.88,64.83

2026-09-22T02:01:48.642Z,33.88,64.85

2026-09-22T02:01:53.642Z,33.87,64.86

2026-09-22T02:01:58.642Z,33.88,64.94

2026-09-22T02:02:03.645Z,33.9,64.91

2026-09-22T02:02:08.654Z,33.88,64.91

2026-09-22T02:02:13.664Z,33.89,64.98

2026-09-22T02:02:18.653Z,33.89,64.92

2026-09-22T02:02:23.652Z,33.89,64.94

2026-09-22T02:02:28.652Z,33.9,64.93

2026-09-22T02:02:33.654Z,33.9,64.99

2026-09-22T02:02:38.662Z,33.89,64.93

2026-09-22T02:02:43.675Z,33.9,64.91

2026-09-22T02:02:48.658Z,33.91,64.84

2026-09-22T02:02:53.662Z,33.92,64.87

2026-09-22T02:02:58.660Z,33.9,64.9

2026-09-22T02:03:03.662Z,33.91,64.92

2026-09-22T02:03:08.675Z,33.91,64.93

2026-09-22T02:03:13.687Z,33.89,64.93

2026-09-22T02:03:18.671Z,33.9,64.9

2026-09-22T02:03:23.672Z,33.89,64.85

2026-09-22T02:03:28.671Z,33.92,64.86

2026-09-22T02:03:33.672Z,33.89,64.83

2026-09-22T02:03:38.678Z,33.91,64.86

2026-09-22T02:03:43.687Z,33.91,64.88

2026-09-22T02:03:48.675Z,33.92,64.85

2026-09-22T02:03:53.679Z,33.92,64.89

2026-09-22T02:03:58.677Z,33.89,64.86

2026-09-22T02:04:03.676Z,33.9,64.88

2026-09-22T02:04:08.676Z,33.92,64.82

2026-09-22T02:04:13.684Z,33.91,64.83

2026-09-22T02:04:18.675Z,33.9,64.81

2026-09-22T02:04:23.676Z,33.91,64.75

2026-09-22T02:04:28.674Z,33.91,64.82

2026-09-22T02:04:33.678Z,33.89,64.86

2026-09-22T02:04:38.677Z,33.9,64.8

2026-09-22T02:04:43.689Z,33.91,64.82

2026-09-22T02:04:48.678Z,33.91,64.78

2026-09-22T02:04:53.683Z,33.91,64.76

2026-09-22T02:04:58.683Z,33.9,64.76

2026-09-22T02:05:03.682Z,33.9,64.84

2026-09-22T02:05:08.680Z,33.91,64.84

2026-09-22T02:05:13.692Z,33.9,64.82

2026-09-22T02:05:18.681Z,33.89,64.76

2026-09-22T02:05:23.682Z,33.9,64.77

2026-09-22T02:05:28.682Z,33.9,64.73

2026-09-22T02:05:33.683Z,33.91,64.69

2026-09-22T02:05:38.703Z,33.9,64.76

2026-09-22T02:05:43.714Z,33.89,64.75

2026-09-22T02:05:48.704Z,33.91,64.77

2026-09-22T02:05:53.704Z,33.91,64.79

2026-09-22T02:05:58.704Z,33.9,64.78

2026-09-22T02:06:03.703Z,33.91,64.76

2026-09-22T02:06:08.704Z,33.9,64.78

2026-09-22T02:06:13.717Z,33.9,64.83

2026-09-22T02:06:18.705Z,33.93,64.79

2026-09-22T02:06:23.705Z,33.91,64.76

2026-09-22T02:06:28.706Z,33.92,64.76

2026-09-22T02:06:33.706Z,33.92,64.71

2026-09-22T02:06:38.712Z,33.91,64.72

2026-09-22T02:06:43.724Z,33.92,64.74

2026-09-22T02:06:48.709Z,33.94,64.68

2026-09-22T02:06:53.710Z,33.92,64.76

2026-09-22T02:06:58.711Z,33.92,64.68

2026-09-22T02:07:03.712Z,33.91,64.69

2026-09-22T02:07:08.730Z,33.92,64.71

2026-09-22T02:07:13.742Z,33.91,64.76

2026-09-22T02:07:18.725Z,33.92,64.75

2026-09-22T02:07:23.725Z,33.92,64.74

2026-09-22T02:07:28.730Z,33.92,64.68

2026-09-22T02:07:33.728Z,33.92,64.63

2026-09-22T02:07:38.731Z,33.93,64.61

2026-09-22T02:07:43.744Z,33.9,64.56

2026-09-22T02:07:48.731Z,33.92,64.56

2026-09-22T02:07:53.729Z,33.9,64.44

2026-09-22T02:07:58.731Z,33.92,64.52

2026-09-22T02:08:03.730Z,33.9,64.57

2026-09-22T02:08:08.737Z,33.91,64.7

2026-09-22T02:08:13.748Z,33.89,64.76

2026-09-22T02:08:18.736Z,33.88,64.75

2026-09-22T02:08:23.739Z,33.88,64.75

2026-09-22T02:08:28.740Z,33.87,64.74

2026-09-22T02:08:33.741Z,33.9,64.87

2026-09-22T02:08:38.747Z,33.88,64.83

2026-09-22T02:08:43.758Z,33.87,64.85

2026-09-22T02:08:48.742Z,33.88,64.86

2026-09-22T02:08:53.742Z,33.87,64.91

2026-09-22T02:08:58.744Z,33.88,64.87

2026-09-22T02:09:03.744Z,33.87,64.85

2026-09-22T02:09:08.759Z,33.89,64.88

2026-09-22T02:09:13.768Z,33.87,64.85

2026-09-22T02:09:18.758Z,33.87,64.8

2026-09-22T02:09:23.756Z,33.89,64.87

2026-09-22T02:09:28.757Z,33.86,64.78

2026-09-22T02:09:33.754Z,33.88,64.74

2026-09-22T02:09:38.765Z,33.89,64.75

2026-09-22T02:09:43.777Z,33.89,64.8

2026-09-22T02:09:48.763Z,33.88,64.7

2026-09-22T02:09:53.763Z,33.89,64.71

2026-09-22T02:09:58.764Z,33.89,64.78

2026-09-22T02:10:03.766Z,33.88,64.71

2026-09-22T02:10:08.766Z,33.88,64.68

2026-09-22T02:10:13.779Z,33.88,64.73

2026-09-22T02:10:18.771Z,33.89,64.71

2026-09-22T02:10:23.767Z,33.88,64.66

2026-09-22T02:10:28.768Z,33.91,64.59

2026-09-22T02:10:33.768Z,33.88,64.53

2026-09-22T02:10:38.774Z,33.88,64.49

2026-09-22T02:10:43.783Z,33.89,64.55

2026-09-22T02:10:48.772Z,33.89,64.51

2026-09-22T02:10:53.772Z,33.89,64.55

2026-09-22T02:10:58.773Z,33.88,64.55

2026-09-22T02:11:03.774Z,33.88,64.48

2026-09-22T02:11:08.776Z,33.88,64.52

2026-09-22T02:11:13.792Z,33.89,64.6

2026-09-22T02:11:18.776Z,33.91,64.54

2026-09-22T02:11:23.776Z,33.88,64.56

2026-09-22T02:11:28.776Z,33.9,64.59

2026-09-22T02:11:33.776Z,33.89,64.58

2026-09-22T02:11:38.776Z,33.88,64.58

2026-09-22T02:11:43.797Z,33.91,64.61

2026-09-22T02:11:48.783Z,33.9,64.6

2026-09-22T02:11:53.786Z,33.9,64.62

2026-09-22T02:11:58.789Z,33.9,64.63

2026-09-22T02:12:03.786Z,33.89,64.49

2026-09-22T02:12:08.795Z,33.89,64.55

2026-09-22T02:12:13.808Z,33.88,64.57

2026-09-22T02:12:18.790Z,33.87,64.49

2026-09-22T02:12:23.792Z,33.88,64.51

2026-09-22T02:12:28.791Z,33.91,64.56

2026-09-22T02:12:33.793Z,33.89,64.57

2026-09-22T02:12:38.805Z,33.88,64.52

2026-09-22T02:12:43.813Z,33.88,64.56

2026-09-22T02:12:48.803Z,33.87,64.54

2026-09-22T02:12:53.802Z,33.89,64.48

2026-09-22T02:12:58.803Z,33.9,64.5

2026-09-22T02:13:03.802Z,33.88,64.48

2026-09-22T02:13:08.802Z,33.88,64.45

2026-09-22T02:13:13.817Z,33.88,64.42

2026-09-22T02:13:18.803Z,33.87,64.43

2026-09-22T02:13:23.805Z,33.87,64.41

2026-09-22T02:13:28.806Z,33.86,64.45

2026-09-22T02:13:33.805Z,33.88,64.5

2026-09-22T02:13:38.810Z,33.88,64.47

2026-09-22T02:13:43.822Z,33.86,64.38

2026-09-22T02:13:48.809Z,33.88,64.27

2026-09-22T02:13:53.810Z,33.88,64.31

2026-09-22T02:13:58.810Z,33.88,64.32

2026-09-22T02:14:03.813Z,33.87,64.34

2026-09-22T02:14:08.832Z,33.87,64.42

2026-09-22T02:14:13.844Z,33.86,64.39

2026-09-22T02:14:18.829Z,33.85,64.37

2026-09-22T02:14:23.830Z,33.88,64.33

2026-09-22T02:14:28.830Z,33.86,64.32

2026-09-22T02:14:33.831Z,33.87,64.37

2026-09-22T02:14:38.832Z,33.87,64.36

2026-09-22T02:14:43.842Z,33.87,64.42

2026-09-22T02:14:48.830Z,33.86,64.35

2026-09-22T02:14:53.830Z,33.87,64.44

2026-09-22T02:14:58.832Z,33.85,64.38

2026-09-22T02:15:03.834Z,33.85,64.4

2026-09-22T02:15:08.833Z,33.85,64.44

2026-09-22T02:15:13.842Z,33.87,64.48

2026-09-22T02:15:18.831Z,33.88,64.38

2026-09-22T02:15:23.831Z,33.87,64.42

2026-09-22T02:15:28.833Z,33.87,64.35

2026-09-22T02:15:33.833Z,33.89,64.33

2026-09-22T02:15:38.835Z,33.87,64.38

2026-09-22T02:15:43.845Z,33.89,64.38

2026-09-22T02:15:48.835Z,33.89,64.37

2026-09-22T02:15:53.836Z,33.88,64.41

2026-09-22T02:15:58.834Z,33.88,64.47

2026-09-22T02:16:03.839Z,33.87,64.4

2026-09-22T02:16:08.846Z,33.87,64.47

2026-09-22T02:16:13.858Z,33.86,64.49

2026-09-22T02:16:18.843Z,33.88,64.44

2026-09-22T02:16:23.845Z,33.89,64.42

2026-09-22T02:16:28.844Z,33.89,64.39

2026-09-22T02:16:33.843Z,33.89,64.39

2026-09-22T02:16:38.861Z,33.88,64.37

2026-09-22T02:16:43.869Z,33.89,64.44

2026-09-22T02:16:48.857Z,33.89,64.31

2026-09-22T02:16:53.859Z,33.88,64.35

2026-09-22T02:16:58.859Z,33.89,64.32

2026-09-22T02:17:03.860Z,33.88,64.3

2026-09-22T02:17:08.879Z,33.89,64.24

2026-09-22T02:17:13.888Z,33.89,64.36

2026-09-22T02:17:18.876Z,33.89,64.35

2026-09-22T02:17:23.878Z,33.89,64.36

2026-09-22T02:17:28.878Z,33.87,64.36

2026-09-22T02:17:33.880Z,33.88,64.41

2026-09-22T02:17:38.891Z,33.89,64.43

2026-09-22T02:17:43.903Z,33.88,64.39

2026-09-22T02:17:48.892Z,33.9,64.34

2026-09-22T02:17:53.892Z,33.87,64.28

2026-09-22T02:17:58.893Z,33.9,64.34

2026-09-22T02:18:03.893Z,33.89,64.36

2026-09-22T02:18:08.901Z,33.9,64.33

2026-09-22T02:18:13.910Z,33.9,64.31

2026-09-22T02:18:18.898Z,33.89,64.34

2026-09-22T02:18:23.900Z,33.89,64.27

2026-09-22T02:18:28.900Z,33.9,64.31

2026-09-22T02:18:33.900Z,33.9,64.24

2026-09-22T02:18:38.900Z,33.9,64.27

2026-09-22T02:18:43.913Z,33.91,64.35

2026-09-22T02:18:48.901Z,33.89,64.27

2026-09-22T02:18:53.901Z,33.91,64.23

2026-09-22T02:18:58.902Z,33.9,64.24

2026-09-22T02:19:03.902Z,33.91,64.26

2026-09-22T02:19:08.903Z,33.91,64.32

2026-09-22T02:19:13.925Z,33.89,64.36

2026-09-22T02:19:18.908Z,33.89,64.33

2026-09-22T02:19:23.907Z,33.91,64.28

2026-09-22T02:19:28.905Z,33.93,64.28

2026-09-22T02:19:33.906Z,33.9,64.32

2026-09-22T02:19:38.915Z,33.91,64.33

2026-09-22T02:19:43.927Z,33.91,64.4

2026-09-22T02:19:48.918Z,33.92,64.31

2026-09-22T02:19:53.916Z,33.91,64.26

2026-09-22T02:19:58.915Z,33.93,64.29

2026-09-22T02:20:03.915Z,33.89,64.22

2026-09-22T02:20:08.930Z,33.91,64.16

2026-09-22T02:20:13.943Z,33.88,64.15

2026-09-22T02:20:18.930Z,33.92,64.14

2026-09-22T02:20:23.931Z,33.89,64.15

2026-09-22T02:20:28.930Z,33.91,64.21

2026-09-22T02:20:33.929Z,33.91,64.16

2026-09-22T02:20:38.946Z,33.89,64.21

2026-09-22T02:20:43.954Z,33.87,64.23

2026-09-22T02:20:48.944Z,33.91,64.18

2026-09-22T02:20:53.944Z,33.89,64.25

2026-09-22T02:20:58.943Z,33.9,64.25

2026-09-22T02:21:03.946Z,33.88,64.2

2026-09-22T02:21:08.948Z,33.89,64.29

2026-09-22T02:21:13.958Z,33.91,64.3

2026-09-22T02:21:18.945Z,33.91,64.31

2026-09-22T02:21:23.947Z,33.9,64.26

2026-09-22T02:21:28.947Z,33.9,64.29

2026-09-22T02:21:33.948Z,33.9,64.24

2026-09-22T02:21:38.960Z,33.92,64.26

2026-09-22T02:21:43.969Z,33.91,64.26

2026-09-22T02:21:48.957Z,33.89,64.33

2026-09-22T02:21:53.957Z,33.9,64.37

2026-09-22T02:21:58.957Z,33.89,64.25

2026-09-22T02:22:03.959Z,33.89,64.29

2026-09-22T02:22:08.962Z,33.91,64.29

2026-09-22T02:22:13.973Z,33.9,64.29

2026-09-22T02:22:18.962Z,33.91,64.26

2026-09-22T02:22:23.959Z,33.9,64.25

2026-09-22T02:22:28.960Z,33.91,64.22

2026-09-22T02:22:33.963Z,33.89,64.17

2026-09-22T02:22:38.961Z,33.9,64.13

2026-09-22T02:22:43.971Z,33.92,64.28

2026-09-22T02:22:48.962Z,33.91,64.22

2026-09-22T02:22:53.964Z,33.9,64.19

2026-09-22T02:22:58.962Z,33.92,64.2

2026-09-22T02:23:03.964Z,33.92,64.23

2026-09-22T02:23:08.969Z,33.9,64.24

2026-09-22T02:23:13.986Z,33.91,64.22

2026-09-22T02:23:18.971Z,33.92,64.23

2026-09-22T02:23:23.970Z,33.93,64.27

2026-09-22T02:23:28.968Z,33.91,64.27

2026-09-22T02:23:33.969Z,33.93,64.29

2026-09-22T02:23:38.969Z,33.92,64.29

2026-09-22T02:23:43.983Z,33.93,64.41

2026-09-22T02:23:48.971Z,33.91,64.37

2026-09-22T02:23:53.971Z,33.91,64.33

2026-09-22T02:23:58.971Z,33.92,64.35

2026-09-22T02:24:03.973Z,33.94,64.3

2026-09-22T02:24:08.976Z,33.93,64.29

2026-09-22T02:24:13.990Z,33.93,64.28

2026-09-22T02:24:18.977Z,33.92,64.22

2026-09-22T02:24:23.976Z,33.93,64.22

2026-09-22T02:24:28.976Z,33.94,64.22

2026-09-22T02:24:33.977Z,33.94,64.22

2026-09-22T02:24:38.980Z,33.95,64.31

2026-09-22T02:24:43.990Z,33.94,64.23

2026-09-22T02:24:48.979Z,33.95,64.25

2026-09-22T02:24:53.980Z,33.95,64.25

2026-09-22T02:24:58.982Z,33.96,64.22

2026-09-22T02:25:03.980Z,33.97,64.26

2026-09-22T02:25:08.982Z,33.95,64.27

2026-09-22T02:25:13.993Z,33.96,64.21

2026-09-22T02:25:18.979Z,33.94,64.22

2026-09-22T02:25:23.980Z,33.95,64.22

2026-09-22T02:25:28.981Z,33.97,64.19

2026-09-22T02:25:33.980Z,33.93,64.15

2026-09-22T02:25:38.990Z,33.95,64.13

2026-09-22T02:25:44.000Z,33.96,64.17

2026-09-22T02:25:48.989Z,33.97,64.14

2026-09-22T02:25:53.987Z,33.97,64.19

2026-09-22T02:25:58.988Z,33.97,64.14

2026-09-22T02:26:03.988Z,33.97,64.06

2026-09-22T02:26:08.992Z,33.94,64.04

2026-09-22T02:26:14.004Z,33.96,64.13

2026-09-22T02:26:18.992Z,33.97,64.06

2026-09-22T02:26:23.990Z,33.95,64.08

2026-09-22T02:26:28.992Z,33.98,64.13

2026-09-22T02:26:33.990Z,33.96,64.12

2026-09-22T02:26:39.013Z,33.96,64.1

2026-09-22T02:26:44.016Z,33.97,64.12

2026-09-22T02:26:49.005Z,33.98,64.08

2026-09-22T02:26:54.008Z,33.96,64.11

2026-09-22T02:26:59.007Z,33.97,64.05

2026-09-22T02:27:04.005Z,33.96,64.11

2026-09-22T02:27:09.024Z,33.96,64.08

2026-09-22T02:27:14.033Z,33.97,64.18

2026-09-22T02:27:19.022Z,33.98,64.07

2026-09-22T02:27:24.022Z,33.97,64.08

2026-09-22T02:27:29.020Z,33.98,64.08

2026-09-22T02:27:34.020Z,33.98,64.09

2026-09-22T02:27:39.039Z,33.98,64.08

2026-09-22T02:27:44.049Z,33.97,64.15

2026-09-22T02:27:49.035Z,33.98,64.12

2026-09-22T02:27:54.035Z,33.98,64.07

2026-09-22T02:27:59.037Z,33.97,64.07

2026-09-22T02:28:04.037Z,34,64.09

2026-09-22T02:28:09.047Z,34.01,64.1

2026-09-22T02:28:14.058Z,33.98,64.12

2026-09-22T02:28:19.045Z,34,64.06

2026-09-22T02:28:24.046Z,33.99,64.06

2026-09-22T02:28:29.047Z,33.99,63.95

2026-09-22T02:28:34.047Z,33.99,63.91

2026-09-22T02:28:39.063Z,33.98,63.92

2026-09-22T02:28:44.072Z,34,63.93

2026-09-22T02:28:49.059Z,33.98,63.89

2026-09-22T02:28:54.062Z,34,63.89

2026-09-22T02:28:59.061Z,33.99,63.93

2026-09-22T02:29:04.063Z,33.99,63.97

2026-09-22T02:29:09.070Z,33.99,63.97

2026-09-22T02:29:14.080Z,33.99,64.01

2026-09-22T02:29:19.067Z,33.99,64.02

2026-09-22T02:29:24.066Z,34,63.97

2026-09-22T02:29:29.067Z,34,64.01

2026-09-22T02:29:34.065Z,33.99,63.95

2026-09-22T02:29:39.068Z,33.99,63.93

2026-09-22T02:29:44.079Z,34,64.01

2026-09-22T02:29:49.067Z,33.99,63.97

2026-09-22T02:29:54.069Z,33.99,63.97

2026-09-22T02:29:59.067Z,34.01,63.95

2026-09-22T02:30:04.069Z,33.99,63.93

2026-09-22T02:30:09.076Z,33.98,63.92

2026-09-22T02:30:14.085Z,33.98,63.93

2026-09-22T02:30:19.076Z,33.99,64.01

2026-09-22T02:30:24.079Z,34,63.92

2026-09-22T02:30:29.076Z,33.99,63.97

2026-09-22T02:30:34.077Z,33.98,63.93

2026-09-22T02:30:39.085Z,33.99,63.98

2026-09-22T02:30:44.095Z,33.97,63.96

2026-09-22T02:30:49.083Z,34,63.95

2026-09-22T02:30:54.082Z,33.98,63.96

2026-09-22T02:30:59.084Z,34.01,64

2026-09-22T02:31:04.084Z,33.98,63.99

2026-09-22T02:31:09.096Z,33.99,63.95

2026-09-22T02:31:14.106Z,33.99,63.96

2026-09-22T02:31:19.095Z,34,63.94

2026-09-22T02:31:24.095Z,34,63.91

2026-09-22T02:31:29.095Z,33.98,63.91

2026-09-22T02:31:34.096Z,34.01,63.84

2026-09-22T02:31:39.103Z,34,63.89

2026-09-22T02:31:44.117Z,34,63.92

2026-09-22T02:31:49.102Z,34,63.94

2026-09-22T02:31:54.103Z,34.01,63.91

2026-09-22T02:31:59.102Z,34.01,63.96

2026-09-22T02:32:04.104Z,34,63.93

2026-09-22T02:32:09.115Z,33.98,63.93

2026-09-22T02:32:14.128Z,33.98,63.92

2026-09-22T02:32:19.115Z,34,63.95

2026-09-22T02:32:24.116Z,33.99,63.94

2026-09-22T02:32:29.114Z,33.97,63.99

2026-09-22T02:32:34.116Z,34.01,63.98

2026-09-22T02:32:39.120Z,33.99,63.97

2026-09-22T02:32:44.129Z,33.99,64.05

2026-09-22T02:32:49.118Z,34,63.96

2026-09-22T02:32:54.120Z,34,63.9

2026-09-22T02:32:59.119Z,34,63.89

2026-09-22T02:33:04.119Z,34,63.9

2026-09-22T02:33:09.119Z,34,63.93

2026-09-22T02:33:14.131Z,33.99,63.9

2026-09-22T02:33:19.120Z,33.95,64.02

2026-09-22T02:33:24.120Z,33.99,63.94

2026-09-22T02:33:29.120Z,33.98,64.03

2026-09-22T02:33:34.120Z,33.99,63.98

2026-09-22T02:33:39.120Z,33.98,64.03

2026-09-22T02:33:44.138Z,33.95,63.94

2026-09-22T02:33:49.125Z,33.97,63.97

2026-09-22T02:33:54.127Z,33.99,63.9

2026-09-22T02:33:59.127Z,33.98,63.97

2026-09-22T02:34:04.122Z,33.98,63.93

2026-09-22T02:34:09.125Z,33.98,63.91

2026-09-22T02:34:14.132Z,33.98,63.95

2026-09-22T02:34:19.127Z,33.97,63.98

2026-09-22T02:34:24.126Z,33.97,64.01

2026-09-22T02:34:29.125Z,33.98,64.01

2026-09-22T02:34:34.127Z,33.97,64.01

2026-09-22T02:34:39.136Z,33.96,63.97

2026-09-22T02:34:44.145Z,33.98,64.03

2026-09-22T02:34:49.135Z,33.97,64.05

2026-09-22T02:34:54.136Z,33.96,64.02

2026-09-22T02:34:59.134Z,33.97,64.07

2026-09-22T02:35:04.135Z,33.97,64.05

2026-09-22T02:35:09.148Z,33.95,64.03

2026-09-22T02:35:14.157Z,33.97,64.03

2026-09-22T02:35:19.145Z,33.97,63.97

2026-09-22T02:35:24.145Z,33.95,63.98

2026-09-22T02:35:29.144Z,33.96,63.95

2026-09-22T02:35:34.147Z,33.95,63.97

2026-09-22T02:35:39.159Z,33.96,64.03

2026-09-22T02:35:44.175Z,33.95,63.98

2026-09-22T02:35:49.156Z,33.96,63.91

2026-09-22T02:35:54.159Z,33.96,63.91

2026-09-22T02:35:59.158Z,33.94,63.95

2026-09-22T02:36:04.158Z,33.95,63.84

2026-09-22T02:36:09.180Z,33.92,63.89

2026-09-22T02:36:14.189Z,33.94,63.91

2026-09-22T02:36:19.178Z,33.94,63.92

2026-09-22T02:36:24.178Z,33.94,63.96

2026-09-22T02:36:29.179Z,33.93,63.9

2026-09-22T02:36:34.192Z,33.92,63.99

2026-09-22T02:36:39.180Z,33.91,63.96

2026-09-22T02:36:44.181Z,33.92,63.9

2026-09-22T02:36:49.180Z,33.93,63.94

2026-09-22T02:36:54.180Z,33.92,63.91

2026-09-22T02:36:59.186Z,33.91,63.93

2026-09-22T02:37:04.199Z,33.9,63.88

2026-09-22T02:37:09.182Z,33.93,63.89

2026-09-22T02:37:14.182Z,33.91,63.92

2026-09-22T02:37:19.182Z,33.92,63.87

2026-09-22T02:37:24.183Z,33.9,63.85

2026-09-22T02:37:29.188Z,33.9,63.83

2026-09-22T02:37:34.205Z,33.9,63.89

2026-09-22T02:37:39.189Z,33.9,63.85

2026-09-22T02:37:44.188Z,33.9,63.88

2026-09-22T02:37:49.185Z,33.88,63.88

2026-09-22T02:37:54.189Z,33.88,64.03

2026-09-22T02:37:59.206Z,33.9,63.97

2026-09-22T02:38:04.214Z,33.87,63.96

2026-09-22T02:38:09.202Z,33.89,63.85

2026-09-22T02:38:14.201Z,33.91,63.9

2026-09-22T02:38:19.201Z,33.89,63.91

2026-09-22T02:38:24.201Z,33.88,63.89

2026-09-22T02:38:29.213Z,33.88,63.91

2026-09-22T02:38:34.228Z,33.87,63.97

2026-09-22T02:38:39.211Z,33.87,63.93

2026-09-22T02:38:44.212Z,33.87,63.93

2026-09-22T02:38:49.212Z,33.87,63.96

2026-09-22T02:38:54.214Z,33.87,63.96

2026-09-22T02:38:59.217Z,33.88,63.95

2026-09-22T02:39:04.229Z,33.86,64.03

2026-09-22T02:39:09.218Z,33.86,64

2026-09-22T02:39:14.216Z,33.87,64.01

2026-09-22T02:39:19.218Z,33.87,63.99

2026-09-22T02:39:24.219Z,33.87,64

2026-09-22T02:39:29.227Z,33.88,63.93

2026-09-22T02:39:34.240Z,33.86,63.95

2026-09-22T02:39:39.226Z,33.87,63.98

2026-09-22T02:39:44.227Z,33.87,63.98

2026-09-22T02:39:49.227Z,33.88,63.97

2026-09-22T02:39:54.226Z,33.85,64.01

2026-09-22T02:39:59.228Z,33.87,63.97

2026-09-22T02:40:04.238Z,33.89,64.02

2026-09-22T02:40:09.227Z,33.88,64

2026-09-22T02:40:14.229Z,33.89,64.03

2026-09-22T02:40:19.228Z,33.87,64.02

2026-09-22T02:40:24.227Z,33.86,64.04

2026-09-22T02:40:29.228Z,33.88,63.98

2026-09-22T02:40:34.239Z,33.88,64.06

2026-09-22T02:40:39.228Z,33.88,64.04

2026-09-22T02:40:44.230Z,33.87,64.01

2026-09-22T02:40:49.229Z,33.88,64.05

2026-09-22T02:40:54.229Z,33.9,63.99

2026-09-22T02:40:59.234Z,33.88,64.05

2026-09-22T02:41:04.246Z,33.88,64.04

2026-09-22T02:41:09.234Z,33.88,64.05

2026-09-22T02:41:14.232Z,33.86,64.07

2026-09-22T02:41:19.232Z,33.86,64.06

2026-09-22T02:41:24.235Z,33.87,64.07

2026-09-22T02:41:29.237Z,33.87,64.08

2026-09-22T02:41:34.249Z,33.86,64.12

2026-09-22T02:41:39.236Z,33.86,64.1

2026-09-22T02:41:44.237Z,33.88,64.12

2026-09-22T02:41:49.238Z,33.89,64.1

2026-09-22T02:41:54.238Z,33.88,64.11

2026-09-22T02:41:59.253Z,33.89,64.09

2026-09-22T02:42:04.264Z,33.9,64.12

2026-09-22T02:42:09.252Z,33.89,64.03

2026-09-22T02:42:14.253Z,33.88,64.12

2026-09-22T02:42:19.252Z,33.88,64.06

2026-09-22T02:42:24.254Z,33.87,64.1

2026-09-22T02:42:29.264Z,33.88,64.02

2026-09-22T02:42:34.276Z,33.87,64.1

2026-09-22T02:42:39.265Z,33.88,64.11

2026-09-22T02:42:44.263Z,33.88,64.02

2026-09-22T02:42:49.265Z,33.9,64.14

2026-09-22T02:42:54.262Z,33.89,64.15

2026-09-22T02:42:59.273Z,33.9,64.14

2026-09-22T02:43:04.284Z,33.89,64.19

2026-09-22T02:43:09.272Z,33.88,64.16

2026-09-22T02:43:14.272Z,33.89,64.19

2026-09-22T02:43:19.271Z,33.87,64.23

2026-09-22T02:43:24.272Z,33.91,64.17

2026-09-22T02:43:29.272Z,33.88,64.19

2026-09-22T02:43:34.286Z,33.88,64.23

2026-09-22T02:43:39.273Z,33.89,64.23

2026-09-22T02:43:44.274Z,33.89,64.23

2026-09-22T02:43:49.274Z,33.89,64.23

2026-09-22T02:43:54.275Z,33.88,64.22

2026-09-22T02:43:59.274Z,33.88,64.22

2026-09-22T02:44:04.286Z,33.9,64.33

2026-09-22T02:44:09.276Z,33.9,64.26

2026-09-22T02:44:14.275Z,33.9,64.3

2026-09-22T02:44:19.275Z,33.89,64.24

2026-09-22T02:44:24.275Z,33.9,64.24

2026-09-22T02:44:29.284Z,33.87,64.29

2026-09-22T02:44:34.296Z,33.91,64.3

2026-09-22T02:44:39.284Z,33.9,64.29

2026-09-22T02:44:44.281Z,33.89,64.33

2026-09-22T02:44:49.284Z,33.88,64.37

2026-09-22T02:44:54.283Z,33.91,64.37

2026-09-22T02:44:59.300Z,33.88,64.32

2026-09-22T02:45:04.308Z,33.88,64.32

2026-09-22T02:45:09.296Z,33.9,64.3

2026-09-22T02:45:14.294Z,33.89,64.36

2026-09-22T02:45:19.296Z,33.9,64.37

2026-09-22T02:45:24.296Z,33.89,64.31

2026-09-22T02:45:29.296Z,33.88,64.38

2026-09-22T02:45:34.307Z,33.87,64.42

2026-09-22T02:45:39.296Z,33.87,64.38

2026-09-22T02:45:44.297Z,33.87,64.42

2026-09-22T02:45:49.299Z,33.88,64.39

2026-09-22T02:45:54.298Z,33.9,64.36

2026-09-22T02:45:59.299Z,33.88,64.35

2026-09-22T02:46:04.310Z,33.88,64.39

2026-09-22T02:46:09.298Z,33.88,64.35

2026-09-22T02:46:14.299Z,33.87,64.39

2026-09-22T02:46:19.301Z,33.86,64.44

2026-09-22T02:46:24.300Z,33.89,64.38

2026-09-22T02:46:29.306Z,33.88,64.4

2026-09-22T02:46:34.316Z,33.88,64.45

2026-09-22T02:46:39.305Z,33.89,64.42

2026-09-22T02:46:44.307Z,33.89,64.45

2026-09-22T02:46:49.305Z,33.87,64.48

2026-09-22T02:46:54.306Z,33.88,64.48

2026-09-22T02:46:59.330Z,33.87,64.46

2026-09-22T02:47:04.344Z,33.87,64.51

2026-09-22T02:47:09.330Z,33.88,64.57

2026-09-22T02:47:14.329Z,33.89,64.46

2026-09-22T02:47:19.329Z,33.88,64.54

2026-09-22T02:47:24.328Z,33.88,64.49

2026-09-22T02:47:29.334Z,33.87,64.46

2026-09-22T02:47:34.343Z,33.88,64.58

2026-09-22T02:47:39.331Z,33.88,64.54

2026-09-22T02:47:44.329Z,33.88,64.52

2026-09-22T02:47:49.332Z,33.87,64.53

2026-09-22T02:47:54.330Z,33.88,64.49

2026-09-22T02:47:59.337Z,33.87,64.53

2026-09-22T02:48:04.346Z,33.89,64.62

2026-09-22T02:48:09.337Z,33.89,64.56

2026-09-22T02:48:14.337Z,33.87,64.56

2026-09-22T02:48:19.336Z,33.9,64.55

2026-09-22T02:48:24.337Z,33.88,64.55

2026-09-22T02:48:29.337Z,33.87,64.53

2026-09-22T02:48:34.351Z,33.88,64.62

2026-09-22T02:48:39.337Z,33.88,64.59

2026-09-22T02:48:44.339Z,33.87,64.59

2026-09-22T02:48:49.343Z,33.89,64.57

2026-09-22T02:48:54.342Z,33.88,64.52

2026-09-22T02:48:59.354Z,33.88,64.56

2026-09-22T02:49:04.368Z,33.88,64.58

2026-09-22T02:49:09.356Z,33.88,64.55

2026-09-22T02:49:14.354Z,33.88,64.61

2026-09-22T02:49:19.353Z,33.88,64.55

2026-09-22T02:49:24.355Z,33.88,64.58

2026-09-22T02:49:29.372Z,33.89,64.55

2026-09-22T02:49:34.387Z,33.89,64.66

2026-09-22T02:49:39.369Z,33.9,64.6

2026-09-22T02:49:44.367Z,33.89,64.6

2026-09-22T02:49:49.368Z,33.89,64.62

2026-09-22T02:49:54.370Z,33.9,64.56

2026-09-22T02:49:59.383Z,33.9,64.55

2026-09-22T02:50:04.395Z,33.89,64.59

2026-09-22T02:50:09.383Z,33.89,64.59

2026-09-22T02:50:14.382Z,33.89,64.54

2026-09-22T02:50:19.384Z,33.89,64.5

2026-09-22T02:50:24.385Z,33.9,64.48

2026-09-22T02:50:29.387Z,33.9,64.5

2026-09-22T02:50:34.398Z,33.9,64.54

2026-09-22T02:50:39.386Z,33.88,64.57

2026-09-22T02:50:44.386Z,33.88,64.58

2026-09-22T02:50:49.386Z,33.9,64.51

2026-09-22T02:50:54.387Z,33.89,64.52

2026-09-22T02:50:59.391Z,33.9,64.52

2026-09-22T02:51:04.406Z,33.89,64.56

2026-09-22T02:51:09.389Z,33.88,64.56

2026-09-22T02:51:14.389Z,33.9,64.55

2026-09-22T02:51:19.391Z,33.92,64.57

2026-09-22T02:51:24.392Z,33.9,64.61

2026-09-22T02:51:29.393Z,33.9,64.59

2026-09-22T02:51:34.408Z,33.89,64.63

2026-09-22T02:51:39.393Z,33.9,64.57

2026-09-22T02:51:44.393Z,33.9,64.6

2026-09-22T02:51:49.393Z,33.91,64.58

2026-09-22T02:51:54.395Z,33.92,64.59

2026-09-22T02:51:59.395Z,33.91,64.56

2026-09-22T02:52:04.408Z,33.9,64.57

2026-09-22T02:52:09.396Z,33.92,64.52

2026-09-22T02:52:14.397Z,33.91,64.4

2026-09-22T02:52:19.396Z,33.9,64.4

2026-09-22T02:52:24.401Z,33.9,64.39

2026-09-22T02:52:29.411Z,33.89,64.29

2026-09-22T02:52:34.425Z,33.9,64.39

2026-09-22T02:52:39.411Z,33.88,64.4

2026-09-22T02:52:44.410Z,33.9,64.44

2026-09-22T02:52:49.409Z,33.87,64.45

2026-09-22T02:52:54.410Z,33.89,64.4

2026-09-22T02:52:59.421Z,33.87,64.39

2026-09-22T02:53:04.429Z,33.87,64.5

2026-09-22T02:53:09.417Z,33.89,64.47

2026-09-22T02:53:14.417Z,33.89,64.35

2026-09-22T02:53:19.416Z,33.88,64.46

2026-09-22T02:53:24.416Z,33.87,64.42

2026-09-22T02:53:29.427Z,33.87,64.4

2026-09-22T02:53:34.438Z,33.86,64.49

2026-09-22T02:53:39.426Z,33.86,64.45

2026-09-22T02:53:44.426Z,33.85,64.45

2026-09-22T02:53:49.427Z,33.86,64.51

2026-09-22T02:53:54.429Z,33.87,64.5

2026-09-22T02:53:59.442Z,33.86,64.52

2026-09-22T02:54:04.458Z,33.85,64.52

2026-09-22T02:54:09.442Z,33.87,64.54

2026-09-22T02:54:14.441Z,33.86,64.54

2026-09-22T02:54:19.441Z,33.86,64.49

2026-09-22T02:54:24.443Z,33.87,64.49

2026-09-22T02:54:29.452Z,33.87,64.47

2026-09-22T02:54:34.463Z,33.85,64.53

2026-09-22T02:54:39.450Z,33.86,64.41

2026-09-22T02:54:44.449Z,33.87,64.52

2026-09-22T02:54:49.450Z,33.85,64.47

2026-09-22T02:54:54.450Z,33.87,64.47

2026-09-22T02:54:59.451Z,33.87,64.49

2026-09-22T02:55:04.461Z,33.85,64.48

2026-09-22T02:55:09.453Z,33.86,64.55

2026-09-22T02:55:14.451Z,33.87,64.48

2026-09-22T02:55:19.449Z,33.87,64.49

2026-09-22T02:55:24.451Z,33.87,64.5

2026-09-22T02:55:29.452Z,33.86,64.42

2026-09-22T02:55:34.457Z,33.88,64.46

2026-09-22T02:55:39.454Z,33.87,64.43

2026-09-22T02:55:44.454Z,33.87,64.42

2026-09-22T02:55:49.452Z,33.88,64.46

2026-09-22T02:55:54.454Z,33.87,64.47

2026-09-22T02:55:59.491Z,33.87,64.38

2026-09-22T02:56:04.498Z,33.9,64.46

2026-09-22T02:56:09.490Z,33.88,64.33

2026-09-22T02:56:14.494Z,33.87,64.39

2026-09-22T02:56:19.490Z,33.86,64.39

2026-09-22T02:56:24.492Z,33.87,64.39

2026-09-22T02:56:29.492Z,33.86,64.32

2026-09-22T02:56:34.504Z,33.89,64.25

2026-09-22T02:56:39.492Z,33.89,64.29

2026-09-22T02:56:44.493Z,33.89,64.32

2026-09-22T02:56:49.491Z,33.89,64.24

2026-09-22T02:56:54.495Z,33.89,64.3

2026-09-22T02:56:59.492Z,33.88,64.27

2026-09-22T02:57:04.506Z,33.88,64.3

2026-09-22T02:57:09.493Z,33.88,64.29

2026-09-22T02:57:14.495Z,33.89,64.21

2026-09-22T02:57:19.493Z,33.89,64.26

2026-09-22T02:57:24.496Z,33.89,64.31

2026-09-22T02:57:29.495Z,33.88,64.3

2026-09-22T02:57:34.508Z,33.89,64.33

2026-09-22T02:57:39.496Z,33.88,64.32

2026-09-22T02:57:44.497Z,33.89,64.35

2026-09-22T02:57:49.497Z,33.87,64.33

2026-09-22T02:57:54.497Z,33.89,64.37

2026-09-22T02:57:59.495Z,33.88,64.34

2026-09-22T02:58:04.509Z,33.9,64.33

2026-09-22T02:58:09.496Z,33.89,64.35

2026-09-22T02:58:14.497Z,33.9,64.37

2026-09-22T02:58:19.498Z,33.89,64.31

2026-09-22T02:58:24.500Z,33.88,64.26

2026-09-22T02:58:29.499Z,33.89,64.37

2026-09-22T02:58:34.509Z,33.88,64.34

2026-09-22T02:58:39.498Z,33.88,64.32

2026-09-22T02:58:44.498Z,33.89,64.35

2026-09-22T02:58:49.498Z,33.88,64.32

2026-09-22T02:58:54.499Z,33.89,64.4

2026-09-22T02:58:59.499Z,33.89,64.38

2026-09-22T02:59:04.508Z,33.88,64.44

2026-09-22T02:59:09.497Z,33.91,64.38

2026-09-22T02:59:14.497Z,33.91,64.29

2026-09-22T02:59:19.500Z,33.9,64.32

2026-09-22T02:59:24.499Z,33.92,64.29

2026-09-22T02:59:29.498Z,33.9,64.37

2026-09-22T02:59:34.514Z,33.91,64.25

2026-09-22T02:59:39.502Z,33.91,64.27

2026-09-22T02:59:44.500Z,33.92,64.21

2026-09-22T02:59:49.499Z,33.89,64.28

2026-09-22T02:59:54.503Z,33.9,64.26

2026-09-22T02:59:59.506Z,33.91,64.32

2026-09-22T03:00:04.515Z,33.89,64.33

2026-09-22T03:00:09.505Z,33.92,64.34

2026-09-22T03:00:14.504Z,33.9,64.29

2026-09-22T03:00:19.504Z,33.91,64.32

2026-09-22T03:00:24.506Z,33.93,64.36

2026-09-22T03:00:29.513Z,33.91,64.36

2026-09-22T03:00:34.524Z,33.9,64.41

2026-09-22T03:00:39.513Z,33.91,64.35

2026-09-22T03:00:44.511Z,33.9,64.36

2026-09-22T03:00:49.512Z,33.9,64.39

2026-09-22T03:00:54.511Z,33.92,64.36

2026-09-22T03:00:59.523Z,33.91,64.38

2026-09-22T03:01:04.530Z,33.9,64.44

2026-09-22T03:01:09.523Z,33.91,64.4

2026-09-22T03:01:14.520Z,33.9,64.46

2026-09-22T03:01:19.520Z,33.9,64.4

2026-09-22T03:01:24.521Z,33.93,64.41

2026-09-22T03:01:29.537Z,33.93,64.4

2026-09-22T03:01:34.546Z,33.91,64.44

2026-09-22T03:01:39.534Z,33.91,64.39

2026-09-22T03:01:44.533Z,33.9,64.37

2026-09-22T03:01:49.534Z,33.91,64.44

2026-09-22T03:01:54.534Z,33.91,64.39

2026-09-22T03:01:59.538Z,33.93,64.43

2026-09-22T03:02:04.551Z,33.93,64.47

2026-09-22T03:02:09.537Z,33.92,64.41

2026-09-22T03:02:14.536Z,33.92,64.44

2026-09-22T03:02:19.537Z,33.91,64.41

2026-09-22T03:02:24.536Z,33.92,64.4

2026-09-22T03:02:29.536Z,33.91,64.43

2026-09-22T03:02:34.547Z,33.9,64.41

2026-09-22T03:02:39.537Z,33.9,64.37

2026-09-22T03:02:44.538Z,33.92,64.45

2026-09-22T03:02:49.536Z,33.92,64.42

2026-09-22T03:02:54.538Z,33.91,64.47

2026-09-22T03:02:59.552Z,33.93,64.45

2026-09-22T03:03:04.565Z,33.92,64.51

2026-09-22T03:03:09.554Z,33.9,64.46

2026-09-22T03:03:14.552Z,33.93,64.45

2026-09-22T03:03:19.550Z,33.91,64.52

2026-09-22T03:03:24.550Z,33.93,64.44

2026-09-22T03:03:29.577Z,33.91,64.53

2026-09-22T03:03:34.593Z,33.93,64.52

2026-09-22T03:03:39.576Z,33.92,64.5

2026-09-22T03:03:44.575Z,33.93,64.46

2026-09-22T03:03:49.577Z,33.92,64.48

2026-09-22T03:03:54.576Z,33.92,64.45

2026-09-22T03:03:59.591Z,33.94,64.5

2026-09-22T03:04:04.601Z,33.93,64.51

2026-09-22T03:04:09.591Z,33.94,64.48

2026-09-22T03:04:14.592Z,33.94,64.49

2026-09-22T03:04:19.591Z,33.92,64.45

2026-09-22T03:04:24.593Z,33.92,64.54

2026-09-22T03:04:29.594Z,33.91,64.46

2026-09-22T03:04:34.605Z,33.92,64.55

2026-09-22T03:04:39.594Z,33.95,64.48

2026-09-22T03:04:44.594Z,33.93,64.51

2026-09-22T03:04:49.593Z,33.94,64.47

2026-09-22T03:04:54.594Z,33.94,64.46

2026-09-22T03:04:59.593Z,33.96,64.51

2026-09-22T03:05:04.610Z,33.94,64.58

2026-09-22T03:05:09.596Z,33.96,64.5

2026-09-22T03:05:14.596Z,33.94,64.54

2026-09-22T03:05:19.596Z,33.94,64.5

2026-09-22T03:05:24.598Z,33.96,64.46

2026-09-22T03:05:29.603Z,33.95,64.43

2026-09-22T03:05:34.616Z,33.94,64.45

2026-09-22T03:05:39.603Z,33.95,64.42

2026-09-22T03:05:44.601Z,33.94,64.45

2026-09-22T03:05:49.601Z,33.95,64.53

2026-09-22T03:05:54.602Z,33.95,64.52

2026-09-22T03:05:59.610Z,33.96,64.45

2026-09-22T03:06:04.627Z,33.94,64.51

2026-09-22T03:06:09.609Z,33.95,64.38

2026-09-22T03:06:14.612Z,33.94,64.49

2026-09-22T03:06:19.611Z,33.95,64.51

2026-09-22T03:06:24.609Z,33.94,64.5

2026-09-22T03:06:29.608Z,33.97,64.53

2026-09-22T03:06:34.620Z,33.95,64.57

2026-09-22T03:06:39.613Z,33.94,64.5

2026-09-22T03:06:44.612Z,33.94,64.6

2026-09-22T03:06:49.611Z,33.94,64.59

2026-09-22T03:06:54.611Z,33.95,64.54

2026-09-22T03:06:59.611Z,33.94,64.56

2026-09-22T03:07:04.633Z,33.94,64.56

2026-09-22T03:07:09.612Z,33.93,64.57

2026-09-22T03:07:14.614Z,33.94,64.51

2026-09-22T03:07:19.614Z,33.94,64.61

2026-09-22T03:07:24.614Z,33.96,64.61

2026-09-22T03:07:29.623Z,33.95,64.63

2026-09-22T03:07:34.636Z,33.92,64.62

2026-09-22T03:07:39.624Z,33.94,64.61

2026-09-22T03:07:44.621Z,33.95,64.64

2026-09-22T03:07:49.622Z,33.95,64.61

2026-09-22T03:07:54.623Z,33.94,64.63

2026-09-22T03:07:59.648Z,33.95,64.62

2026-09-22T03:08:04.659Z,33.95,64.63

2026-09-22T03:08:09.647Z,33.95,64.61

2026-09-22T03:08:14.646Z,33.94,64.63

2026-09-22T03:08:19.645Z,33.94,64.54

2026-09-22T03:08:24.646Z,33.94,64.58

2026-09-22T03:08:29.661Z,33.95,64.61

2026-09-22T03:08:34.673Z,33.94,64.65

2026-09-22T03:08:39.663Z,33.94,64.64

2026-09-22T03:08:44.661Z,33.94,64.63

2026-09-22T03:08:49.664Z,33.96,64.67

2026-09-22T03:08:54.664Z,33.94,64.68

2026-09-22T03:08:59.662Z,33.94,64.72

2026-09-22T03:09:04.674Z,33.93,64.73

2026-09-22T03:09:09.664Z,33.93,64.72

2026-09-22T03:09:14.664Z,33.93,64.66

2026-09-22T03:09:19.663Z,33.96,64.67

2026-09-22T03:09:24.665Z,33.95,64.69

2026-09-22T03:09:29.668Z,33.94,64.67

2026-09-22T03:09:34.680Z,33.95,64.71

2026-09-22T03:09:39.668Z,33.93,64.71

2026-09-22T03:09:44.667Z,33.93,64.74

2026-09-22T03:09:49.668Z,33.95,64.76

2026-09-22T03:09:54.666Z,33.95,64.79

2026-09-22T03:09:59.668Z,33.93,64.8

2026-09-22T03:10:04.680Z,33.95,64.78

2026-09-22T03:10:09.668Z,33.94,64.73

2026-09-22T03:10:14.668Z,33.95,64.71

2026-09-22T03:10:19.670Z,33.95,64.82

2026-09-22T03:10:24.670Z,33.94,64.79

2026-09-22T03:10:29.670Z,33.94,64.79

2026-09-22T03:10:34.693Z,33.92,64.81

2026-09-22T03:10:39.675Z,33.92,64.81

2026-09-22T03:10:44.678Z,33.95,64.82

2026-09-22T03:10:49.671Z,33.95,64.81

2026-09-22T03:10:54.674Z,33.95,64.81

2026-09-22T03:10:59.691Z,33.92,64.8

2026-09-22T03:11:04.698Z,33.93,64.86

2026-09-22T03:11:09.687Z,33.96,64.86

2026-09-22T03:11:14.686Z,33.96,64.88

2026-09-22T03:11:19.685Z,33.95,64.83

2026-09-22T03:11:24.688Z,33.95,64.85

2026-09-22T03:11:29.686Z,33.94,64.83

2026-09-22T03:11:34.694Z,33.93,64.89

2026-09-22T03:11:39.686Z,33.93,64.92

2026-09-22T03:11:44.687Z,33.94,64.84

2026-09-22T03:11:49.686Z,33.95,64.85

2026-09-22T03:11:54.688Z,33.96,64.87

2026-09-22T03:11:59.691Z,33.94,64.85

2026-09-22T03:12:04.702Z,33.92,64.93

2026-09-22T03:12:09.690Z,33.94,64.81

2026-09-22T03:12:14.690Z,33.95,64.86

2026-09-22T03:12:19.690Z,33.93,64.87

2026-09-22T03:12:24.691Z,33.91,64.98

2026-09-22T03:12:29.708Z,33.93,64.91

2026-09-22T03:12:34.717Z,33.93,64.94

2026-09-22T03:12:39.705Z,33.93,64.92

2026-09-22T03:12:44.705Z,33.92,64.93

2026-09-22T03:12:49.707Z,33.92,64.97

2026-09-22T03:12:54.705Z,33.91,64.93

2026-09-22T03:12:59.717Z,33.91,65

2026-09-22T03:13:04.729Z,33.91,65.04

2026-09-22T03:13:09.716Z,33.88,65.01

2026-09-22T03:13:14.718Z,33.89,65.04

2026-09-22T03:13:19.718Z,33.87,65.09

2026-09-22T03:13:24.718Z,33.88,65.15

2026-09-22T03:13:29.723Z,33.86,65.16

2026-09-22T03:13:34.734Z,33.85,65.22

2026-09-22T03:13:39.722Z,33.84,65.21

2026-09-22T03:13:44.723Z,33.87,65.19

2026-09-22T03:13:49.722Z,33.84,65.27

2026-09-22T03:13:54.724Z,33.85,65.25

2026-09-22T03:13:59.728Z,33.84,65.28

2026-09-22T03:14:04.740Z,33.83,65.31

2026-09-22T03:14:09.728Z,33.83,65.33

2026-09-22T03:14:14.730Z,33.82,65.24

2026-09-22T03:14:19.729Z,33.8,65.31

2026-09-22T03:14:24.727Z,33.8,65.35

2026-09-22T03:14:29.746Z,33.8,65.36

2026-09-22T03:14:34.758Z,33.81,65.35

2026-09-22T03:14:39.742Z,33.82,65.28

2026-09-22T03:14:44.739Z,33.82,65.39

2026-09-22T03:14:49.742Z,33.81,65.42

2026-09-22T03:14:54.743Z,33.81,65.34

2026-09-22T03:14:59.747Z,33.82,65.37

2026-09-22T03:15:04.757Z,33.81,65.33

2026-09-22T03:15:09.747Z,33.82,65.3

2026-09-22T03:15:14.746Z,33.82,65.29

2026-09-22T03:15:19.745Z,33.79,65.29

2026-09-22T03:15:24.748Z,33.78,65.35

2026-09-22T03:15:29.755Z,33.77,65.38

2026-09-22T03:15:34.770Z,33.78,65.31

2026-09-22T03:15:39.754Z,33.76,65.34

2026-09-22T03:15:44.755Z,33.76,65.34

2026-09-22T03:15:49.753Z,33.77,65.35

2026-09-22T03:15:54.755Z,33.77,65.34

2026-09-22T03:15:59.761Z,33.77,65.38

2026-09-22T03:16:04.773Z,33.75,65.38

2026-09-22T03:16:09.762Z,33.75,65.4

2026-09-22T03:16:14.763Z,33.75,65.42

2026-09-22T03:16:19.763Z,33.76,65.49

2026-09-22T03:16:24.766Z,33.74,65.53

2026-09-22T03:16:29.764Z,33.74,65.54

2026-09-22T03:16:34.777Z,33.74,65.55

2026-09-22T03:16:39.764Z,33.74,65.52

2026-09-22T03:16:44.764Z,33.74,65.55

2026-09-22T03:16:49.765Z,33.74,65.51

2026-09-22T03:16:54.766Z,33.73,65.47

2026-09-22T03:16:59.769Z,33.75,65.47

2026-09-22T03:17:04.775Z,33.74,65.45

2026-09-22T03:17:09.768Z,33.73,65.43

2026-09-22T03:17:14.768Z,33.74,65.4

2026-09-22T03:17:19.767Z,33.73,65.31

2026-09-22T03:17:24.767Z,33.73,65.34

2026-09-22T03:17:29.766Z,33.74,65.32

2026-09-22T03:17:34.776Z,33.74,65.46

2026-09-22T03:17:39.770Z,33.75,65.41

2026-09-22T03:17:44.769Z,33.74,65.44

2026-09-22T03:17:49.769Z,33.73,65.41

2026-09-22T03:17:54.769Z,33.74,65.46

2026-09-22T03:17:59.770Z,33.73,65.47

2026-09-22T03:18:04.787Z,33.74,65.54

2026-09-22T03:18:09.772Z,33.75,65.44

2026-09-22T03:18:14.773Z,33.76,65.5

2026-09-22T03:18:19.770Z,33.75,65.48

2026-09-22T03:18:24.772Z,33.75,65.44

2026-09-22T03:18:29.775Z,33.74,65.42

2026-09-22T03:18:34.789Z,33.76,65.43

2026-09-22T03:18:39.776Z,33.76,65.37

2026-09-22T03:18:44.775Z,33.77,65.35

2026-09-22T03:18:49.775Z,33.79,65.36

2026-09-22T03:18:54.777Z,33.78,65.32

2026-09-22T03:18:59.790Z,33.77,65.33

2026-09-22T03:19:04.799Z,33.77,65.29

2026-09-22T03:19:09.791Z,33.78,65.24

2026-09-22T03:19:14.789Z,33.77,65.23

2026-09-22T03:19:19.786Z,33.77,65.22

2026-09-22T03:19:24.788Z,33.77,65.25

2026-09-22T03:19:29.809Z,33.79,65.27

2026-09-22T03:19:34.818Z,33.77,65.28

2026-09-22T03:19:39.807Z,33.78,65.21

2026-09-22T03:19:44.806Z,33.79,65.17

2026-09-22T03:19:49.806Z,33.8,65.2

2026-09-22T03:19:54.807Z,33.79,65.17

2026-09-22T03:19:59.818Z,33.78,65.18

2026-09-22T03:20:04.832Z,33.79,65.24

2026-09-22T03:20:09.820Z,33.79,65.22

2026-09-22T03:20:14.819Z,33.8,65.18

2026-09-22T03:20:19.818Z,33.78,65.16

2026-09-22T03:20:24.819Z,33.78,65.11

2026-09-22T03:20:29.819Z,33.77,65.09

2026-09-22T03:20:34.829Z,33.79,65.16

2026-09-22T03:20:39.819Z,33.78,65.14

2026-09-22T03:20:44.821Z,33.79,65.14

2026-09-22T03:20:49.820Z,33.8,65.12

2026-09-22T03:20:54.820Z,33.82,65.06

2026-09-22T03:20:59.820Z,33.79,65.08

2026-09-22T03:21:04.832Z,33.8,65.16

2026-09-22T03:21:09.820Z,33.8,65.09

2026-09-22T03:21:14.822Z,33.79,65.11

2026-09-22T03:21:19.821Z,33.81,65.07

2026-09-22T03:21:24.822Z,33.81,65.06

2026-09-22T03:21:29.832Z,33.8,65.09

2026-09-22T03:21:34.847Z,33.79,65.06

2026-09-22T03:21:39.835Z,33.79,65.09

2026-09-22T03:21:44.834Z,33.81,65.07

2026-09-22T03:21:49.832Z,33.8,65.05

2026-09-22T03:21:54.832Z,33.81,65.08

2026-09-22T03:21:59.844Z,33.79,65.04

2026-09-22T03:22:04.853Z,33.79,65.1

2026-09-22T03:22:09.842Z,33.77,65.08

2026-09-22T03:22:14.841Z,33.78,65.11

2026-09-22T03:22:19.840Z,33.79,65.08

2026-09-22T03:22:24.840Z,33.77,65.13

2026-09-22T03:22:29.854Z,33.77,65.09

2026-09-22T03:22:34.868Z,33.79,65.14

2026-09-22T03:22:39.852Z,33.76,65.14

2026-09-22T03:22:44.853Z,33.77,65.15

2026-09-22T03:22:49.851Z,33.78,65.17

2026-09-22T03:22:54.851Z,33.75,65.1

2026-09-22T03:22:59.851Z,33.76,65.22

2026-09-22T03:23:04.867Z,33.77,65.17

2026-09-22T03:23:09.852Z,33.76,65.2

2026-09-22T03:23:14.854Z,33.76,65.18

2026-09-22T03:23:19.854Z,33.78,65.18

2026-09-22T03:23:24.855Z,33.77,65.2

2026-09-22T03:23:29.858Z,33.76,65.21

2026-09-22T03:23:34.870Z,33.74,65.22

2026-09-22T03:23:39.856Z,33.76,65.16

2026-09-22T03:23:44.857Z,33.76,65.1

2026-09-22T03:23:49.858Z,33.74,65.2

2026-09-22T03:23:54.859Z,33.75,65.24

2026-09-22T03:23:59.872Z,33.75,65.31

2026-09-22T03:24:04.883Z,33.76,65.27

2026-09-22T03:24:09.870Z,33.77,65.27

2026-09-22T03:24:14.871Z,33.77,65.21

2026-09-22T03:24:19.873Z,33.76,65.22

2026-09-22T03:24:24.871Z,33.76,65.26

2026-09-22T03:24:29.871Z,33.76,65.23

2026-09-22T03:24:34.886Z,33.76,65.24

2026-09-22T03:24:39.872Z,33.75,65.21

2026-09-22T03:24:44.872Z,33.75,65.17

2026-09-22T03:24:49.871Z,33.77,65.14

2026-09-22T03:24:54.876Z,33.77,65.15

2026-09-22T03:24:59.873Z,33.78,65.19

2026-09-22T03:25:04.889Z,33.75,65.21

2026-09-22T03:25:09.875Z,33.76,65.21

2026-09-22T03:25:14.876Z,33.77,65.2

2026-09-22T03:25:19.877Z,33.77,65.14

2026-09-22T03:25:24.877Z,33.78,65.21

2026-09-22T03:25:29.876Z,33.76,65.2

2026-09-22T03:25:34.892Z,33.77,65.21

2026-09-22T03:25:39.878Z,33.77,65.22

2026-09-22T03:25:44.878Z,33.77,65.2

2026-09-22T03:25:49.877Z,33.78,65.15

2026-09-22T03:25:54.881Z,33.77,65.21

2026-09-22T03:25:59.891Z,33.76,65.22

2026-09-22T03:26:04.903Z,33.77,65.25

2026-09-22T03:26:09.889Z,33.76,65.17

2026-09-22T03:26:14.890Z,33.79,65.2

2026-09-22T03:26:19.890Z,33.78,65.16

2026-09-22T03:26:24.891Z,33.76,65.16

2026-09-22T03:26:29.897Z,33.78,65.14

2026-09-22T03:26:34.905Z,33.78,65.2

2026-09-22T03:26:39.895Z,33.78,65.18

2026-09-22T03:26:44.893Z,33.77,65.13

2026-09-22T03:26:49.894Z,33.79,65.16

2026-09-22T03:26:54.896Z,33.8,65.13

2026-09-22T03:26:59.904Z,33.79,65.11

2026-09-22T03:27:04.917Z,33.79,65.23

2026-09-22T03:27:09.901Z,33.78,65.12

2026-09-22T03:27:14.902Z,33.78,65.15

2026-09-22T03:27:19.903Z,33.78,65.07

2026-09-22T03:27:24.903Z,33.8,65.04

2026-09-22T03:27:29.920Z,33.8,65.04

2026-09-22T03:27:34.929Z,33.8,65.15

2026-09-22T03:27:39.917Z,33.81,65.04

2026-09-22T03:27:44.917Z,33.81,65.07

2026-09-22T03:27:49.916Z,33.81,65.06

2026-09-22T03:27:54.916Z,33.82,65.05

2026-09-22T03:27:59.922Z,33.81,65.1

2026-09-22T03:28:04.933Z,33.82,65.15

2026-09-22T03:28:09.920Z,33.82,65.09

2026-09-22T03:28:14.920Z,33.81,65.1

2026-09-22T03:28:19.921Z,33.8,65.16

2026-09-22T03:28:24.921Z,33.8,65.13

2026-09-22T03:28:29.926Z,33.81,65.13

2026-09-22T03:28:34.935Z,33.8,65.15

2026-09-22T03:28:39.924Z,33.81,65.1

2026-09-22T03:28:44.927Z,33.79,65.1

2026-09-22T03:28:49.925Z,33.81,65.17

2026-09-22T03:28:54.926Z,33.81,65.14

2026-09-22T03:28:59.933Z,33.81,65.17

2026-09-22T03:29:04.945Z,33.83,65.14

2026-09-22T03:29:09.932Z,33.83,65.13

2026-09-22T03:29:14.934Z,33.81,65.09

2026-09-22T03:29:19.933Z,33.84,65.02

2026-09-22T03:29:24.935Z,33.81,65.1

2026-09-22T03:29:29.944Z,33.83,65.09

2026-09-22T03:29:34.957Z,33.82,65.11

2026-09-22T03:29:39.944Z,33.82,65.11

2026-09-22T03:29:44.944Z,33.83,65.07

2026-09-22T03:29:49.943Z,33.84,65.07

2026-09-22T03:29:54.945Z,33.83,65.12

2026-09-22T03:29:59.953Z,33.83,65.05

2026-09-22T03:30:04.965Z,33.84,65.16

2026-09-22T03:30:09.953Z,33.84,65.1

2026-09-22T03:30:14.952Z,33.86,65.12

2026-09-22T03:30:19.952Z,33.86,65.09

2026-09-22T03:30:24.953Z,33.84,65.14

2026-09-22T03:30:29.956Z,33.85,65.11

2026-09-22T03:30:34.965Z,33.84,65.12

2026-09-22T03:30:39.954Z,33.86,65.06

2026-09-22T03:30:44.957Z,33.84,65.11

2026-09-22T03:30:49.955Z,33.85,65.09

2026-09-22T03:30:54.955Z,33.84,65.01

2026-09-22T03:30:59.967Z,33.84,65.01

2026-09-22T03:31:04.979Z,33.84,65

2026-09-22T03:31:09.967Z,33.85,64.95

2026-09-22T03:31:14.968Z,33.84,65.03

2026-09-22T03:31:19.966Z,33.84,64.97

2026-09-22T03:31:24.966Z,33.86,64.93

2026-09-22T03:31:29.973Z,33.85,64.99

2026-09-22T03:31:34.982Z,33.83,64.92

2026-09-22T03:31:39.973Z,33.83,64.92

2026-09-22T03:31:44.973Z,33.82,64.9

2026-09-22T03:31:49.974Z,33.84,64.9

2026-09-22T03:31:54.975Z,33.82,64.94

2026-09-22T03:31:59.974Z,33.84,64.94

2026-09-22T03:32:04.984Z,33.83,64.94

2026-09-22T03:32:09.976Z,33.83,64.95

2026-09-22T03:32:14.982Z,33.83,64.86

2026-09-22T03:32:19.979Z,33.82,64.93

2026-09-22T03:32:24.977Z,33.81,64.94

2026-09-22T03:32:29.979Z,33.8,64.98

2026-09-22T03:32:34.993Z,33.8,65.01

2026-09-22T03:32:39.978Z,33.8,64.99

2026-09-22T03:32:44.979Z,33.82,64.99

2026-09-22T03:32:49.979Z,33.81,65.02

2026-09-22T03:32:54.979Z,33.81,65.04

2026-09-22T03:32:59.980Z,33.82,65.1

2026-09-22T03:33:04.992Z,33.8,65.14

2026-09-22T03:33:10.241Z,33.81,65.13

2026-09-22T03:33:15.033Z,33.81,65.11

2026-09-22T03:33:20.035Z,33.8,65.13

2026-09-22T03:33:25.036Z,33.8,65.04

2026-09-22T03:33:30.320Z,33.8,65.08

2026-09-22T03:33:35.052Z,33.82,65.13

2026-09-22T03:33:40.040Z,33.81,65.06

2026-09-22T03:33:45.069Z,33.81,65.06

2026-09-22T03:33:50.039Z,33.81,65.04

2026-09-22T03:33:55.040Z,33.8,64.99

2026-09-22T03:34:00.041Z,33.81,64.99

2026-09-22T03:34:05.053Z,33.81,64.99

2026-09-22T03:34:10.043Z,33.81,64.98

2026-09-22T03:34:15.042Z,33.79,64.93

2026-09-22T03:34:20.042Z,33.82,64.96

2026-09-22T03:34:25.042Z,33.8,64.91

2026-09-22T03:34:30.175Z,33.79,64.95

2026-09-22T03:34:35.178Z,33.81,64.95

2026-09-22T03:34:40.044Z,33.79,64.95

2026-09-22T03:34:45.041Z,33.79,64.92

2026-09-22T03:34:50.043Z,33.8,64.93

2026-09-22T03:34:55.042Z,33.8,64.96

2026-09-22T03:35:00.042Z,33.78,64.95

2026-09-22T03:35:05.052Z,33.79,65.03

2026-09-22T03:35:10.061Z,33.79,65.04

2026-09-22T03:35:15.047Z,33.8,65.02

2026-09-22T03:35:20.044Z,33.79,64.98

2026-09-22T03:35:25.051Z,33.78,64.92

2026-09-22T03:35:30.052Z,33.79,65.03

2026-09-22T03:35:35.069Z,33.78,65.04

2026-09-22T03:35:40.058Z,33.79,65

2026-09-22T03:35:45.062Z,33.79,64.99

2026-09-22T03:35:50.053Z,33.78,65.04

2026-09-22T03:35:55.054Z,33.79,65.04

2026-09-22T03:36:00.088Z,33.8,65.09

2026-09-22T03:36:05.097Z,33.8,65.18

2026-09-22T03:36:10.088Z,33.78,65.07

2026-09-22T03:36:15.087Z,33.78,65.02

2026-09-22T03:36:20.088Z,33.77,65.03

2026-09-22T03:36:25.092Z,33.75,65.1

2026-09-22T03:36:30.089Z,33.72,65.12

2026-09-22T03:36:35.102Z,33.7,65.24

2026-09-22T03:36:40.103Z,33.69,65.28

2026-09-22T03:36:45.096Z,33.68,65.31

2026-09-22T03:36:50.130Z,33.67,65.34

2026-09-22T03:36:55.127Z,33.67,65.43

2026-09-22T03:37:00.147Z,33.64,65.53

2026-09-22T03:37:05.138Z,33.63,65.56

2026-09-22T03:37:10.124Z,33.63,65.64

2026-09-22T03:37:15.125Z,33.62,65.7

2026-09-22T03:37:20.125Z,33.61,65.76

2026-09-22T03:37:25.124Z,33.59,65.9

2026-09-22T03:37:30.124Z,33.59,65.92

2026-09-22T03:37:35.135Z,33.58,66.01

2026-09-22T03:37:40.125Z,33.59,66.04

2026-09-22T03:37:45.140Z,33.59,66.04

2026-09-22T03:37:50.127Z,33.57,66.16

2026-09-22T03:37:55.126Z,33.57,66.15

2026-09-22T03:38:00.125Z,33.56,66.2

2026-09-22T03:38:05.150Z,33.54,66.28

2026-09-22T03:38:10.129Z,33.54,66.29

2026-09-22T03:38:15.131Z,33.53,66.29

2026-09-22T03:38:20.130Z,33.55,66.38

2026-09-22T03:38:25.129Z,33.53,66.42

2026-09-22T03:38:30.131Z,33.53,66.41

2026-09-22T03:38:35.147Z,33.51,66.43

2026-09-22T03:38:40.135Z,33.51,66.46

2026-09-22T03:38:45.139Z,33.51,66.5

2026-09-22T03:38:50.134Z,33.5,66.49

2026-09-22T03:38:55.134Z,33.5,66.54

2026-09-22T03:39:00.135Z,33.5,66.61

2026-09-22T03:39:05.147Z,33.48,66.64

2026-09-22T03:39:10.239Z,33.49,66.58

2026-09-22T03:39:15.235Z,33.5,66.68

2026-09-22T03:39:20.234Z,33.49,66.61

2026-09-22T03:39:25.236Z,33.48,66.65

2026-09-22T03:39:30.235Z,33.46,66.73

2026-09-22T03:39:35.244Z,33.47,66.74

2026-09-22T03:39:40.237Z,33.47,66.74

2026-09-22T03:39:45.241Z,33.46,66.75

2026-09-22T03:39:50.240Z,33.45,66.78

2026-09-22T03:39:55.240Z,33.45,66.76

2026-09-22T03:40:00.239Z,33.45,66.77

2026-09-22T03:40:05.253Z,33.45,66.83

2026-09-22T03:40:10.244Z,33.44,66.83

2026-09-22T03:40:15.239Z,33.44,66.86

2026-09-22T03:40:20.241Z,33.43,66.8

2026-09-22T03:40:25.240Z,33.42,66.83

2026-09-22T03:40:30.240Z,33.43,66.84

2026-09-22T03:40:35.262Z,33.43,66.86

2026-09-22T03:40:40.246Z,33.42,66.87

2026-09-22T03:40:45.242Z,33.42,66.9

2026-09-22T03:40:50.242Z,33.43,66.92

2026-09-22T03:40:55.244Z,33.43,66.89

2026-09-22T03:41:00.245Z,33.41,66.9

2026-09-22T03:41:05.253Z,33.42,66.93

2026-09-22T03:41:10.250Z,33.42,66.88

2026-09-22T03:41:15.249Z,33.4,66.91

2026-09-22T03:41:20.251Z,33.41,66.94

2026-09-22T03:41:25.247Z,33.43,66.9

2026-09-22T03:41:30.248Z,33.4,67.01

2026-09-22T03:41:35.258Z,33.41,67.02

2026-09-22T03:41:40.270Z,33.41,67.04

2026-09-22T03:41:45.256Z,33.42,67.05

2026-09-22T03:41:50.256Z,33.4,67.04

2026-09-22T03:41:55.258Z,33.39,67.04

2026-09-22T03:42:00.258Z,33.41,66.98

2026-09-22T03:42:05.268Z,33.4,67.12

2026-09-22T03:42:10.260Z,33.4,67.1

2026-09-22T03:42:15.258Z,33.39,67.11

2026-09-22T03:42:20.260Z,33.38,67.15

2026-09-22T03:42:25.257Z,33.39,67.07

2026-09-22T03:42:30.258Z,33.38,67.11

2026-09-22T03:42:35.269Z,33.37,67.13

2026-09-22T03:42:40.260Z,33.35,67.11

2026-09-22T03:42:45.262Z,33.35,67.19

2026-09-22T03:42:50.259Z,33.37,67.15

2026-09-22T03:42:55.260Z,33.35,67.16

2026-09-22T03:43:00.318Z,33.34,67.24

2026-09-22T03:43:05.297Z,33.34,67.25

2026-09-22T03:43:10.285Z,33.33,67.28

2026-09-22T03:43:15.291Z,33.34,67.19

2026-09-22T03:43:20.287Z,33.33,67.28

2026-09-22T03:43:25.286Z,33.35,67.27

2026-09-22T03:43:30.285Z,33.35,67.3

2026-09-22T03:43:35.301Z,33.32,67.35

2026-09-22T03:43:40.304Z,33.33,67.34

2026-09-22T03:43:45.287Z,33.34,67.39

2026-09-22T03:43:50.288Z,33.34,67.35

2026-09-22T03:43:55.290Z,33.33,67.38

2026-09-22T03:44:00.288Z,33.31,67.4

2026-09-22T03:44:05.303Z,33.32,67.42

2026-09-22T03:44:10.402Z,33.3,67.44

2026-09-22T03:44:15.393Z,33.3,67.39

2026-09-22T03:44:20.396Z,33.32,67.45

2026-09-22T03:44:25.395Z,33.31,67.43

2026-09-22T03:44:30.397Z,33.29,67.34

2026-09-22T03:44:35.422Z,33.3,67.43

2026-09-22T03:44:40.398Z,33.31,67.42

2026-09-22T03:44:45.397Z,33.33,67.42

2026-09-22T03:44:50.400Z,33.3,67.47

2026-09-22T03:44:55.400Z,33.29,67.57

2026-09-22T03:45:00.510Z,33.28,67.51

2026-09-22T03:45:05.407Z,33.28,67.59

2026-09-22T03:45:10.399Z,33.3,67.56

2026-09-22T03:45:15.398Z,33.3,67.52

2026-09-22T03:45:20.403Z,33.3,67.54

2026-09-22T03:45:25.400Z,33.3,67.57

2026-09-22T03:45:30.414Z,33.28,67.59

2026-09-22T03:45:35.416Z,33.29,67.61

2026-09-22T03:45:40.401Z,33.28,67.63

2026-09-22T03:45:45.402Z,33.28,67.56

2026-09-22T03:45:50.405Z,33.3,67.54

2026-09-22T03:45:55.403Z,33.31,67.58

2026-09-22T03:46:00.402Z,33.3,67.64

2026-09-22T03:46:05.413Z,33.29,67.67

2026-09-22T03:46:10.403Z,33.28,67.67

2026-09-22T03:46:15.404Z,33.28,67.61

2026-09-22T03:46:20.405Z,33.29,67.6

2026-09-22T03:46:25.407Z,33.29,67.65

2026-09-22T03:46:30.404Z,33.29,67.63

2026-09-22T03:46:35.416Z,33.29,67.68

2026-09-22T03:46:40.403Z,33.3,67.63

2026-09-22T03:46:45.406Z,33.31,67.67

2026-09-22T03:46:50.406Z,33.29,67.69

2026-09-22T03:46:55.405Z,33.28,67.67

2026-09-22T03:47:00.404Z,33.29,67.65

2026-09-22T03:47:05.416Z,33.27,67.73

2026-09-22T03:47:10.404Z,33.27,67.73

2026-09-22T03:47:15.404Z,33.27,67.71

2026-09-22T03:47:20.405Z,33.27,67.69

2026-09-22T03:47:25.406Z,33.28,67.79

2026-09-22T03:47:30.406Z,33.28,67.74

2026-09-22T03:47:35.423Z,33.27,67.77

2026-09-22T03:47:40.413Z,33.27,67.75

2026-09-22T03:47:45.412Z,33.28,67.8

2026-09-22T03:47:50.413Z,33.31,67.79

2026-09-22T03:47:55.416Z,33.27,67.83

2026-09-22T03:48:00.413Z,33.27,67.83

2026-09-22T03:48:05.434Z,33.29,67.79

2026-09-22T03:48:10.417Z,33.3,67.8

2026-09-22T03:48:15.416Z,33.28,67.8

2026-09-22T03:48:20.415Z,33.3,67.84

2026-09-22T03:48:25.417Z,33.28,67.84

2026-09-22T03:48:30.416Z,33.31,67.81

2026-09-22T03:48:35.429Z,33.3,67.79

2026-09-22T03:48:40.417Z,33.31,67.77

2026-09-22T03:48:45.420Z,33.32,67.76

2026-09-22T03:48:50.418Z,33.31,67.82

2026-09-22T03:48:55.418Z,33.34,67.87

2026-09-22T03:49:00.418Z,33.33,67.83

2026-09-22T03:49:05.431Z,33.34,67.72

2026-09-22T03:49:10.420Z,33.35,67.64

2026-09-22T03:49:15.420Z,33.34,67.57

2026-09-22T03:49:20.421Z,33.34,67.57

2026-09-22T03:49:25.424Z,33.37,67.53

2026-09-22T03:49:30.422Z,33.36,67.47

2026-09-22T03:49:35.434Z,33.36,67.51

2026-09-22T03:49:40.421Z,33.36,67.46

2026-09-22T03:49:45.424Z,33.39,67.38

2026-09-22T03:49:50.424Z,33.39,67.39

2026-09-22T03:49:55.421Z,33.37,67.3

2026-09-22T03:50:00.422Z,33.4,67.33

2026-09-22T03:50:05.437Z,33.4,67.29

2026-09-22T03:50:10.422Z,33.41,67.24

2026-09-22T03:50:15.423Z,33.41,67.23

2026-09-22T03:50:20.425Z,33.43,67.25

2026-09-22T03:50:25.425Z,33.43,67.19

2026-09-22T03:50:30.423Z,33.44,67.19

2026-09-22T03:50:35.438Z,33.44,67.27

2026-09-22T03:50:40.424Z,33.44,67.23

2026-09-22T03:50:45.423Z,33.44,67.16

2026-09-22T03:50:50.424Z,33.44,67.19

2026-09-22T03:50:55.423Z,33.47,67.17

2026-09-22T03:51:00.423Z,33.45,67.15

2026-09-22T03:51:05.436Z,33.47,67.13

2026-09-22T03:51:10.424Z,33.46,67.1

2026-09-22T03:51:15.429Z,33.47,67.16

2026-09-22T03:51:20.426Z,33.47,67.09

2026-09-22T03:51:25.426Z,33.48,67.1

2026-09-22T03:51:30.429Z,33.48,67.1

2026-09-22T03:51:35.445Z,33.48,67.12

2026-09-22T03:51:40.427Z,33.49,67.07

2026-09-22T03:51:45.428Z,33.5,67.17

2026-09-22T03:51:50.429Z,33.5,67.17

2026-09-22T03:51:55.430Z,33.5,67.17

2026-09-22T03:52:00.429Z,33.52,67.27

2026-09-22T03:52:05.439Z,33.52,67.28

2026-09-22T03:52:10.429Z,33.51,67.2

2026-09-22T03:52:15.430Z,33.53,67.18

2026-09-22T03:52:20.429Z,33.52,67.14

2026-09-22T03:52:25.431Z,33.53,67.17

2026-09-22T03:52:30.431Z,33.53,67.19

2026-09-22T03:52:35.443Z,33.55,67.15

2026-09-22T03:52:40.435Z,33.53,67.14

2026-09-22T03:52:45.433Z,33.54,67.12

2026-09-22T03:52:50.433Z,33.55,67.18

2026-09-22T03:52:55.432Z,33.55,67.16

2026-09-22T03:53:00.432Z,33.54,67.18

2026-09-22T03:53:05.446Z,33.54,67.19

2026-09-22T03:53:10.435Z,33.56,67.12

2026-09-22T03:53:15.434Z,33.56,67.09

2026-09-22T03:53:20.434Z,33.56,67.14

2026-09-22T03:53:25.434Z,33.57,67.11

2026-09-22T03:53:30.435Z,33.55,67.08

2026-09-22T03:53:35.447Z,33.58,67.12

2026-09-22T03:53:40.437Z,33.57,67.07

2026-09-22T03:53:45.435Z,33.58,67.05

2026-09-22T03:53:50.436Z,33.59,66.98

2026-09-22T03:53:55.433Z,33.58,67.04

2026-09-22T03:54:00.436Z,33.6,67.05

2026-09-22T03:54:05.447Z,33.59,67.02

2026-09-22T03:54:10.435Z,33.58,66.98

2026-09-22T03:54:15.437Z,33.58,66.94

2026-09-22T03:54:20.435Z,33.58,66.96

2026-09-22T03:54:25.435Z,33.61,66.96

2026-09-22T03:54:30.435Z,33.59,66.9

2026-09-22T03:54:35.447Z,33.6,67.04

2026-09-22T03:54:40.440Z,33.6,66.97

2026-09-22T03:54:45.442Z,33.61,66.97

2026-09-22T03:54:50.442Z,33.59,66.97

2026-09-22T03:54:55.439Z,33.61,67.04

2026-09-22T03:55:00.439Z,33.61,67.04

2026-09-22T03:55:05.460Z,33.62,67.01

2026-09-22T03:55:10.441Z,33.61,66.95

2026-09-22T03:55:15.442Z,33.61,67.03

2026-09-22T03:55:20.441Z,33.62,67

2026-09-22T03:55:25.444Z,33.64,66.98

2026-09-22T03:55:30.451Z,33.62,66.97

2026-09-22T03:55:35.465Z,33.64,67.04

2026-09-22T03:55:40.449Z,33.64,67.01

2026-09-22T03:55:45.448Z,33.65,67.1

2026-09-22T03:55:50.448Z,33.64,67.04

2026-09-22T03:55:55.448Z,33.65,67.02

2026-09-22T03:56:00.458Z,33.64,67.03

2026-09-22T03:56:05.468Z,33.65,67.04

2026-09-22T03:56:10.457Z,33.63,67.02

2026-09-22T03:56:15.458Z,33.65,66.97

2026-09-22T03:56:20.454Z,33.66,66.98

2026-09-22T03:56:25.457Z,33.67,66.94

2026-09-22T03:56:30.461Z,33.68,66.98

2026-09-22T03:56:35.469Z,33.65,67.03

2026-09-22T03:56:40.459Z,33.68,67.03

2026-09-22T03:56:45.460Z,33.69,67

2026-09-22T03:56:50.460Z,33.68,66.96

2026-09-22T03:56:55.461Z,33.69,66.97

2026-09-22T03:57:00.461Z,33.68,66.95

2026-09-22T03:57:05.471Z,33.7,67.02

2026-09-22T03:57:10.461Z,33.7,66.97

2026-09-22T03:57:15.460Z,33.71,66.97

2026-09-22T03:57:20.461Z,33.7,66.95

2026-09-22T03:57:25.459Z,33.7,67.01

2026-09-22T03:57:30.473Z,33.72,66.99

2026-09-22T03:57:35.485Z,33.7,66.98

2026-09-22T03:57:40.471Z,33.71,66.89

2026-09-22T03:57:45.470Z,33.71,66.94

2026-09-22T03:57:50.470Z,33.72,66.91

2026-09-22T03:57:55.473Z,33.72,66.99

2026-09-22T03:58:00.485Z,33.71,66.95

2026-09-22T03:58:05.498Z,33.72,66.96

2026-09-22T03:58:10.484Z,33.71,66.95

2026-09-22T03:58:15.484Z,33.72,66.92

2026-09-22T03:58:20.484Z,33.72,66.99

2026-09-22T03:58:25.482Z,33.72,66.98

2026-09-22T03:58:30.494Z,33.74,67.07

2026-09-22T03:58:35.507Z,33.73,67.04

2026-09-22T03:58:40.493Z,33.75,66.99

2026-09-22T03:58:45.494Z,33.72,67.05

2026-09-22T03:58:50.493Z,33.74,67.02

2026-09-22T03:58:55.495Z,33.73,66.95

2026-09-22T03:59:00.506Z,33.75,67.04

2026-09-22T03:59:05.516Z,33.74,67.06

2026-09-22T03:59:10.504Z,33.73,66.99

2026-09-22T03:59:15.503Z,33.75,66.99

2026-09-22T03:59:20.504Z,33.75,66.97

2026-09-22T03:59:25.506Z,33.75,66.98

2026-09-22T03:59:30.514Z,33.74,67.04

2026-09-22T03:59:35.523Z,33.77,67.05

2026-09-22T03:59:40.510Z,33.77,66.97

2026-09-22T03:59:45.510Z,33.76,66.99

2026-09-22T03:59:50.513Z,33.76,66.99

2026-09-22T03:59:55.512Z,33.77,66.95

2026-09-22T04:00:00.512Z,33.74,66.92

2026-09-22T04:00:05.526Z,33.76,67

2026-09-22T04:00:10.513Z,33.78,66.92

2026-09-22T04:00:15.513Z,33.77,66.99

2026-09-22T04:00:20.512Z,33.76,67

2026-09-22T04:00:25.511Z,33.78,67.03

2026-09-22T04:00:30.512Z,33.79,67.01

2026-09-22T04:00:35.527Z,33.77,67.04

2026-09-22T04:00:40.514Z,33.77,66.97

2026-09-22T04:00:45.515Z,33.78,66.92

2026-09-22T04:00:50.515Z,33.79,66.89

2026-09-22T04:00:55.515Z,33.78,66.93

2026-09-22T04:01:00.518Z,33.8,66.9

2026-09-22T04:01:05.529Z,33.79,66.93

2026-09-22T04:01:10.516Z,33.77,66.82

2026-09-22T04:01:15.516Z,33.76,66.84

2026-09-22T04:01:20.517Z,33.78,66.9

2026-09-22T04:01:25.516Z,33.78,66.89

2026-09-22T04:01:30.528Z,33.8,66.83

2026-09-22T04:01:35.541Z,33.8,66.98

2026-09-22T04:01:40.526Z,33.78,66.9

2026-09-22T04:01:45.523Z,33.78,66.95

2026-09-22T04:01:50.527Z,33.79,66.99

2026-09-22T04:01:55.532Z,33.79,67

2026-09-22T04:02:00.534Z,33.8,66.94

2026-09-22T04:02:05.547Z,33.79,66.97

2026-09-22T04:02:10.535Z,33.79,66.93

2026-09-22T04:02:15.533Z,33.8,66.9

2026-09-22T04:02:20.532Z,33.79,66.92

2026-09-22T04:02:25.534Z,33.81,66.9

2026-09-22T04:02:30.544Z,33.79,66.92

2026-09-22T04:02:35.555Z,33.79,66.89

2026-09-22T04:02:40.544Z,33.81,66.96

2026-09-22T04:02:45.544Z,33.8,66.86

2026-09-22T04:02:50.544Z,33.8,66.93

2026-09-22T04:02:55.546Z,33.82,66.85

2026-09-22T04:03:00.557Z,33.8,66.87

2026-09-22T04:03:05.569Z,33.8,66.88

2026-09-22T04:03:10.556Z,33.78,66.85

2026-09-22T04:03:15.558Z,33.8,66.87

2026-09-22T04:03:20.558Z,33.78,66.86

2026-09-22T04:03:25.558Z,33.82,66.83

2026-09-22T04:03:30.569Z,33.81,66.77

2026-09-22T04:03:35.579Z,33.81,66.7

2026-09-22T04:03:40.564Z,33.81,66.6

2026-09-22T04:03:45.566Z,33.8,66.59

2026-09-22T04:03:50.564Z,33.81,66.6

2026-09-22T04:03:55.569Z,33.8,66.52

2026-09-22T04:04:00.572Z,33.81,66.4

2026-09-22T04:04:05.582Z,33.81,66.32

2026-09-22T04:04:10.570Z,33.8,66.14

2026-09-22T04:04:15.569Z,33.81,66.08

2026-09-22T04:04:20.571Z,33.81,66.09

2026-09-22T04:04:25.570Z,33.81,66.06

2026-09-22T04:04:30.593Z,33.81,66.14

2026-09-22T04:04:35.605Z,33.81,66.19

2026-09-22T04:04:40.593Z,33.83,66.12

2026-09-22T04:04:45.591Z,33.8,66.07

2026-09-22T04:04:50.591Z,33.81,66.12

2026-09-22T04:04:55.593Z,33.8,66.09

2026-09-22T04:05:00.592Z,33.81,66.08

2026-09-22T04:05:05.607Z,33.8,66.07

2026-09-22T04:05:10.596Z,33.81,66.05

2026-09-22T04:05:15.594Z,33.81,66

2026-09-22T04:05:20.593Z,33.8,66

2026-09-22T04:05:25.596Z,33.82,66.02

2026-09-22T04:05:30.604Z,33.8,66.09

2026-09-22T04:05:35.614Z,33.8,66.12

2026-09-22T04:05:40.603Z,33.8,66.08

2026-09-22T04:05:45.607Z,33.81,66.13

2026-09-22T04:05:50.604Z,33.81,66.16

2026-09-22T04:05:55.606Z,33.8,66.18

2026-09-22T04:06:00.608Z,33.8,66.14

2026-09-22T04:06:05.618Z,33.82,66.27

2026-09-22T04:06:10.609Z,33.81,66.24

2026-09-22T04:06:15.605Z,33.81,66.22

2026-09-22T04:06:20.607Z,33.82,66.22

2026-09-22T04:06:25.607Z,33.82,66.15

2026-09-22T04:06:30.605Z,33.82,66.14

2026-09-22T04:06:35.619Z,33.8,66.09

2026-09-22T04:06:40.607Z,33.81,66.04

2026-09-22T04:06:45.608Z,33.82,66.08

2026-09-22T04:06:50.607Z,33.81,66.03

2026-09-22T04:06:55.608Z,33.83,65.97

2026-09-22T04:07:00.611Z,33.81,65.95

2026-09-22T04:07:05.621Z,33.81,65.9

2026-09-22T04:07:10.611Z,33.82,65.82

2026-09-22T04:07:15.609Z,33.83,65.74

2026-09-22T04:07:20.610Z,33.82,65.71

2026-09-22T04:07:25.611Z,33.81,65.68

2026-09-22T04:07:30.625Z,33.81,65.7

2026-09-22T04:07:35.634Z,33.82,65.62

2026-09-22T04:07:40.624Z,33.83,65.53

2026-09-22T04:07:45.625Z,33.83,65.47

2026-09-22T04:07:50.626Z,33.83,65.47

2026-09-22T04:07:55.625Z,33.81,65.45

2026-09-22T04:08:00.631Z,33.83,65.39

2026-09-22T04:08:05.640Z,33.83,65.36

2026-09-22T04:08:10.628Z,33.82,65.34

2026-09-22T04:08:15.628Z,33.8,65.35

2026-09-22T04:08:20.628Z,33.83,65.49

2026-09-22T04:08:25.628Z,33.83,65.55

2026-09-22T04:08:30.637Z,33.84,65.6

2026-09-22T04:08:35.646Z,33.82,65.6

2026-09-22T04:08:40.633Z,33.82,65.5

2026-09-22T04:08:45.633Z,33.82,65.39

2026-09-22T04:08:50.635Z,33.84,65.47

2026-09-22T04:08:55.635Z,33.82,65.46

2026-09-22T04:09:00.650Z,33.83,65.44

2026-09-22T04:09:05.656Z,33.83,65.51

2026-09-22T04:09:10.647Z,33.83,65.52

2026-09-22T04:09:15.651Z,33.83,65.5

2026-09-22T04:09:20.650Z,33.82,65.55

2026-09-22T04:09:25.651Z,33.82,65.54

2026-09-22T04:09:30.658Z,33.83,65.53

2026-09-22T04:09:35.671Z,33.83,65.48

2026-09-22T04:09:40.658Z,33.81,65.47

2026-09-22T04:09:45.657Z,33.83,65.38

2026-09-22T04:09:50.657Z,33.83,65.36

2026-09-22T04:09:55.659Z,33.82,65.38

2026-09-22T04:10:00.664Z,33.81,65.4

2026-09-22T04:10:05.675Z,33.83,65.44

2026-09-22T04:10:10.662Z,33.84,65.55

2026-09-22T04:10:15.661Z,33.83,65.43

2026-09-22T04:10:20.662Z,33.85,65.36

2026-09-22T04:10:25.662Z,33.84,65.23

2026-09-22T04:10:30.675Z,33.82,65.2

2026-09-22T04:10:35.686Z,33.81,65.21

2026-09-22T04:10:40.671Z,33.83,65.2

2026-09-22T04:10:45.671Z,33.82,65.08

2026-09-22T04:10:50.671Z,33.82,65.08

2026-09-22T04:10:55.672Z,33.83,65.03

2026-09-22T04:11:00.675Z,33.84,64.89

2026-09-22T04:11:05.685Z,33.83,64.99

2026-09-22T04:11:10.674Z,33.83,64.97

2026-09-22T04:11:15.674Z,33.82,64.88

2026-09-22T04:11:20.673Z,33.81,64.97

2026-09-22T04:11:25.676Z,33.81,64.86

2026-09-22T04:11:30.683Z,33.8,64.78

2026-09-22T04:11:35.693Z,33.81,64.85

2026-09-22T04:11:40.680Z,33.81,64.79

2026-09-22T04:11:45.680Z,33.79,64.74

2026-09-22T04:11:50.681Z,33.82,64.78

2026-09-22T04:11:55.680Z,33.81,64.78

2026-09-22T04:12:00.681Z,33.82,64.73

2026-09-22T04:12:05.698Z,33.81,64.82

2026-09-22T04:12:10.681Z,33.8,64.82

2026-09-22T04:12:15.682Z,33.82,64.79

2026-09-22T04:12:20.681Z,33.83,64.76

2026-09-22T04:12:25.683Z,33.82,64.81

2026-09-22T04:12:30.682Z,33.81,64.78

2026-09-22T04:12:35.704Z,33.8,64.87

2026-09-22T04:12:40.681Z,33.81,64.83

2026-09-22T04:12:45.687Z,33.8,64.94

2026-09-22T04:12:50.682Z,33.79,64.98

2026-09-22T04:12:55.686Z,33.8,65.02

2026-09-22T04:13:00.685Z,33.79,64.99

2026-09-22T04:13:05.695Z,33.79,64.99

2026-09-22T04:13:10.685Z,33.79,65

2026-09-22T04:13:15.686Z,33.78,64.94

2026-09-22T04:13:20.685Z,33.79,64.98

2026-09-22T04:13:25.685Z,33.78,64.98

2026-09-22T04:13:30.695Z,33.77,65.01

2026-09-22T04:13:35.710Z,33.79,65.06

2026-09-22T04:13:40.695Z,33.77,65.06

2026-09-22T04:13:45.695Z,33.78,65.11

2026-09-22T04:13:50.694Z,33.77,65.04

2026-09-22T04:13:55.695Z,33.79,65.04

2026-09-22T04:14:00.706Z,33.77,65.03

2026-09-22T04:14:05.720Z,33.77,65.11

2026-09-22T04:14:10.707Z,33.79,65.14

2026-09-22T04:14:15.706Z,33.78,65.11

2026-09-22T04:14:20.704Z,33.77,65.13

2026-09-22T04:14:25.708Z,33.77,65.04

2026-09-22T04:14:30.726Z,33.77,65.06

2026-09-22T04:14:35.736Z,33.76,65.15

2026-09-22T04:14:40.723Z,33.77,65.13

2026-09-22T04:14:45.724Z,33.76,65.12

2026-09-22T04:14:50.725Z,33.76,65.09

2026-09-22T04:14:55.723Z,33.76,65.03

2026-09-22T04:15:00.741Z,33.76,65.03

2026-09-22T04:15:05.750Z,33.76,65.11

2026-09-22T04:15:10.740Z,33.76,65.09

2026-09-22T04:15:15.740Z,33.77,65.12

2026-09-22T04:15:20.742Z,33.77,65.11

2026-09-22T04:15:25.742Z,33.77,65.18

2026-09-22T04:15:30.742Z,33.77,65.14

2026-09-22T04:15:35.754Z,33.74,65.12

2026-09-22T04:15:40.740Z,33.74,64.97

2026-09-22T04:15:45.742Z,33.75,64.92

2026-09-22T04:15:50.742Z,33.76,64.86

2026-09-22T04:15:55.741Z,33.75,64.83

2026-09-22T04:16:00.749Z,33.74,64.92

2026-09-22T04:16:05.760Z,33.75,65

2026-09-22T04:16:10.748Z,33.75,64.95

2026-09-22T04:16:15.746Z,33.74,64.91

2026-09-22T04:16:20.748Z,33.73,64.9

2026-09-22T04:16:25.748Z,33.75,64.79

2026-09-22T04:16:30.754Z,33.74,64.81

2026-09-22T04:16:35.768Z,33.74,64.9

2026-09-22T04:16:40.754Z,33.75,64.9

2026-09-22T04:16:45.755Z,33.74,64.88

2026-09-22T04:16:50.754Z,33.72,64.91

2026-09-22T04:16:55.755Z,33.74,64.95

2026-09-22T04:17:00.767Z,33.75,65.01

2026-09-22T04:17:05.778Z,33.74,65.09

2026-09-22T04:17:10.764Z,33.78,64.98

2026-09-22T04:17:15.766Z,33.75,64.93

2026-09-22T04:17:20.765Z,33.75,64.92

2026-09-22T04:17:25.766Z,33.75,64.95

2026-09-22T04:17:30.768Z,33.75,64.99

2026-09-22T04:17:35.778Z,33.75,64.98

2026-09-22T04:17:40.766Z,33.76,64.91

2026-09-22T04:17:45.766Z,33.75,64.88

2026-09-22T04:17:50.765Z,33.77,64.84

2026-09-22T04:17:55.767Z,33.75,64.77

2026-09-22T04:18:00.767Z,33.75,64.74

2026-09-22T04:18:05.779Z,33.77,64.84

2026-09-22T04:18:10.768Z,33.75,64.69

2026-09-22T04:18:15.768Z,33.75,64.71

2026-09-22T04:18:20.770Z,33.76,64.68

2026-09-22T04:18:25.770Z,33.76,64.71

2026-09-22T04:18:30.790Z,33.77,64.77

2026-09-22T04:18:35.803Z,33.77,64.87

2026-09-22T04:18:40.789Z,33.76,64.79

2026-09-22T04:18:45.788Z,33.76,64.77

2026-09-22T04:18:50.788Z,33.77,64.71

2026-09-22T04:18:55.787Z,33.75,64.71

2026-09-22T04:19:00.800Z,33.75,64.68

2026-09-22T04:19:05.809Z,33.77,64.75

2026-09-22T04:19:10.796Z,33.75,64.75

2026-09-22T04:19:15.796Z,33.76,64.76

2026-09-22T04:19:20.796Z,33.76,64.76

2026-09-22T04:19:25.798Z,33.75,64.8

2026-09-22T04:19:30.797Z,33.76,64.8

2026-09-22T04:19:35.807Z,33.76,64.82

2026-09-22T04:19:40.798Z,33.75,64.8

2026-09-22T04:19:45.800Z,33.73,64.74

2026-09-22T04:19:50.800Z,33.75,64.8

2026-09-22T04:19:55.801Z,33.74,64.84

2026-09-22T04:20:00.818Z,33.75,64.97

2026-09-22T04:20:05.833Z,33.73,64.96

2026-09-22T04:20:10.817Z,33.73,64.92

2026-09-22T04:20:15.818Z,33.75,64.89

2026-09-22T04:20:20.819Z,33.73,64.96

2026-09-22T04:20:25.820Z,33.75,64.89

2026-09-22T04:20:30.823Z,33.73,64.87

2026-09-22T04:20:35.836Z,33.72,64.92

2026-09-22T04:20:40.825Z,33.73,64.92

2026-09-22T04:20:45.823Z,33.72,64.93

2026-09-22T04:20:50.823Z,33.73,64.88

2026-09-22T04:20:55.822Z,33.73,64.94

2026-09-22T04:21:00.823Z,33.74,64.91

2026-09-22T04:21:05.836Z,33.72,64.96

2026-09-22T04:21:10.822Z,33.75,64.92

2026-09-22T04:21:15.823Z,33.75,64.94

2026-09-22T04:21:20.822Z,33.75,64.92

2026-09-22T04:21:25.824Z,33.73,64.98

2026-09-22T04:21:30.832Z,33.74,64.97

2026-09-22T04:21:35.845Z,33.72,64.99

2026-09-22T04:21:40.833Z,33.74,64.97

2026-09-22T04:21:45.834Z,33.73,64.99

2026-09-22T04:21:50.831Z,33.75,64.96

2026-09-22T04:21:55.834Z,33.75,64.96

2026-09-22T04:22:00.846Z,33.75,64.96

2026-09-22T04:22:05.859Z,33.74,64.97

2026-09-22T04:22:10.846Z,33.74,64.97

2026-09-22T04:22:15.846Z,33.76,64.98

2026-09-22T04:22:20.845Z,33.76,64.91

2026-09-22T04:22:25.846Z,33.75,64.85

2026-09-22T04:22:30.852Z,33.76,64.72

2026-09-22T04:22:35.863Z,33.76,64.83

2026-09-22T04:22:40.849Z,33.76,64.67

2026-09-22T04:22:45.851Z,33.78,64.71

2026-09-22T04:22:50.850Z,33.76,64.7

2026-09-22T04:22:55.852Z,33.77,64.73

2026-09-22T04:23:00.852Z,33.78,64.71

2026-09-22T04:23:05.863Z,33.77,64.78

2026-09-22T04:23:10.853Z,33.79,64.75

2026-09-22T04:23:15.853Z,33.81,64.67

2026-09-22T04:23:20.854Z,33.8,64.66

2026-09-22T04:23:25.854Z,33.79,64.63

2026-09-22T04:23:30.855Z,33.8,64.6

2026-09-22T04:23:35.872Z,33.8,64.69

2026-09-22T04:23:40.854Z,33.8,64.61

2026-09-22T04:23:45.857Z,33.79,64.68

2026-09-22T04:23:50.857Z,33.81,64.7

2026-09-22T04:23:55.854Z,33.81,64.7

2026-09-22T04:24:00.863Z,33.82,64.66

2026-09-22T04:24:05.873Z,33.8,64.73

2026-09-22T04:24:10.862Z,33.79,64.7

2026-09-22T04:24:15.864Z,33.81,64.7

2026-09-22T04:24:20.861Z,33.83,64.66

2026-09-22T04:24:25.864Z,33.83,64.7

2026-09-22T04:24:30.877Z,33.81,64.69

2026-09-22T04:24:35.890Z,33.81,64.68

2026-09-22T04:24:40.876Z,33.82,64.6

2026-09-22T04:24:45.877Z,33.82,64.57

2026-09-22T04:24:50.878Z,33.84,64.59

2026-09-22T04:24:55.878Z,33.82,64.67

2026-09-22T04:25:00.889Z,33.86,64.7

2026-09-22T04:25:05.901Z,33.82,64.83

2026-09-22T04:25:10.887Z,33.85,64.82

2026-09-22T04:25:15.887Z,33.85,64.87

2026-09-22T04:25:20.890Z,33.83,64.88

2026-09-22T04:25:25.890Z,33.86,65.04

2026-09-22T04:25:30.902Z,33.84,65.16

2026-09-22T04:25:35.913Z,33.85,65.31

2026-09-22T04:25:40.902Z,33.82,65.21

2026-09-22T04:25:45.904Z,33.85,65.31

2026-09-22T04:25:50.905Z,33.84,65.27

2026-09-22T04:25:55.902Z,33.82,65.28

2026-09-22T04:26:00.903Z,33.83,65.26

2026-09-22T04:26:05.921Z,33.82,65.31

2026-09-22T04:26:10.905Z,33.81,65.29

2026-09-22T04:26:15.904Z,33.81,65.23

2026-09-22T04:26:20.903Z,33.82,65.16

2026-09-22T04:26:25.905Z,33.81,65.15

2026-09-22T04:26:30.905Z,33.8,65.09

2026-09-22T04:26:35.917Z,33.8,65.15

2026-09-22T04:26:40.905Z,33.79,65.17

2026-09-22T04:26:45.905Z,33.79,65.11

2026-09-22T04:26:50.905Z,33.78,65.15

2026-09-22T04:26:55.905Z,33.77,65.21

2026-09-22T04:27:00.917Z,33.75,65.39

2026-09-22T04:27:05.927Z,33.75,65.47

2026-09-22T04:27:10.913Z,33.76,65.51

2026-09-22T04:27:15.913Z,33.73,65.5

2026-09-22T04:27:20.911Z,33.73,65.54

2026-09-22T04:27:25.916Z,33.74,65.53

2026-09-22T04:27:30.926Z,33.75,65.5

2026-09-22T04:27:35.937Z,33.72,65.49

2026-09-22T04:27:40.923Z,33.74,65.42

2026-09-22T04:27:45.924Z,33.74,65.4

2026-09-22T04:27:50.924Z,33.73,65.44

2026-09-22T04:27:55.925Z,33.72,65.41

2026-09-22T04:28:00.923Z,33.71,65.36

2026-09-22T04:28:05.939Z,33.73,65.42

2026-09-22T04:28:10.926Z,33.71,65.44

2026-09-22T04:28:15.925Z,33.72,65.45

2026-09-22T04:28:20.924Z,33.72,65.49

2026-09-22T04:28:25.926Z,33.71,65.47

2026-09-22T04:28:30.926Z,33.73,65.42

2026-09-22T04:28:35.942Z,33.69,65.46

2026-09-22T04:28:40.928Z,33.7,65.46

2026-09-22T04:28:45.928Z,33.7,65.46

2026-09-22T04:28:50.929Z,33.7,65.53

2026-09-22T04:28:55.929Z,33.71,65.42

2026-09-22T04:29:00.936Z,33.7,65.53

2026-09-22T04:29:05.948Z,33.7,65.59

2026-09-22T04:29:10.934Z,33.71,65.51

2026-09-22T04:29:15.934Z,33.72,65.48

2026-09-22T04:29:20.933Z,33.71,65.56

2026-09-22T04:29:25.934Z,33.72,65.64

2026-09-22T04:29:30.948Z,33.73,65.65

2026-09-22T04:29:35.958Z,33.73,65.67

2026-09-22T04:29:40.945Z,33.74,65.64

2026-09-22T04:29:45.944Z,33.73,65.64

2026-09-22T04:29:50.944Z,33.72,65.65

2026-09-22T04:29:55.946Z,33.72,65.6

2026-09-22T04:30:00.955Z,33.74,65.64

2026-09-22T04:30:05.964Z,33.71,65.63

2026-09-22T04:30:10.950Z,33.74,65.69

2026-09-22T04:30:15.948Z,33.75,65.64

2026-09-22T04:30:20.949Z,33.76,65.64

2026-09-22T04:30:25.952Z,33.75,65.72

2026-09-22T04:30:30.958Z,33.78,65.59

2026-09-22T04:30:35.970Z,33.76,65.64

2026-09-22T04:30:40.957Z,33.78,65.61

2026-09-22T04:30:45.958Z,33.78,65.65

2026-09-22T04:30:50.961Z,33.74,65.73

2026-09-22T04:30:55.960Z,33.78,65.71

2026-09-22T04:31:00.960Z,33.76,65.73

2026-09-22T04:31:05.973Z,33.78,65.77

2026-09-22T04:31:10.960Z,33.78,65.73

2026-09-22T04:31:15.961Z,33.78,65.76

2026-09-22T04:31:20.962Z,33.77,65.75

2026-09-22T04:31:25.961Z,33.8,65.65

2026-09-22T04:31:30.967Z,33.8,65.71

2026-09-22T04:31:35.980Z,33.78,65.74

2026-09-22T04:31:40.967Z,33.8,65.71

2026-09-22T04:31:45.968Z,33.78,65.69

2026-09-22T04:31:50.968Z,33.81,65.7

2026-09-22T04:31:55.968Z,33.8,65.67

2026-09-22T04:32:00.982Z,33.8,65.73

2026-09-22T04:32:05.994Z,33.8,65.84

2026-09-22T04:32:10.982Z,33.81,65.84

2026-09-22T04:32:15.981Z,33.8,65.8

2026-09-22T04:32:20.981Z,33.81,65.84

2026-09-22T04:32:25.981Z,33.81,65.89

2026-09-22T04:32:30.995Z,33.8,65.81

2026-09-22T04:32:36.005Z,33.79,65.83

2026-09-22T04:32:40.994Z,33.81,65.82

2026-09-22T04:32:45.994Z,33.82,65.81

2026-09-22T04:32:50.994Z,33.82,65.84

2026-09-22T04:32:55.995Z,33.8,65.88

2026-09-22T04:33:00.999Z,33.84,65.89

2026-09-22T04:33:06.010Z,33.82,65.89

2026-09-22T04:33:10.998Z,33.81,65.93

2026-09-22T04:33:16.000Z,33.83,65.9

2026-09-22T04:33:21.001Z,33.84,65.88

2026-09-22T04:33:25.999Z,33.83,65.91

2026-09-22T04:33:31.010Z,33.82,65.89

2026-09-22T04:33:36.021Z,33.83,65.95

2026-09-22T04:33:41.007Z,33.83,65.87

2026-09-22T04:33:46.007Z,33.83,65.9

2026-09-22T04:33:51.008Z,33.82,65.97

2026-09-22T04:33:56.009Z,33.85,66.03

2026-09-22T04:34:01.015Z,33.84,65.97

2026-09-22T04:34:06.029Z,33.82,66.01

2026-09-22T04:34:11.018Z,33.84,65.95

2026-09-22T04:34:16.017Z,33.85,65.98

2026-09-22T04:34:21.015Z,33.86,65.88

2026-09-22T04:34:26.015Z,33.86,65.91

2026-09-22T04:34:31.028Z,33.84,65.84

2026-09-22T04:34:36.048Z,33.82,65.84

2026-09-22T04:34:41.031Z,33.86,65.8

2026-09-22T04:34:46.027Z,33.84,65.75

2026-09-22T04:34:51.028Z,33.85,65.77

2026-09-22T04:34:56.029Z,33.84,65.68

2026-09-22T04:35:01.041Z,33.84,65.72

2026-09-22T04:35:06.056Z,33.85,65.76

2026-09-22T04:35:11.040Z,33.85,65.71

2026-09-22T04:35:16.041Z,33.87,65.8

2026-09-22T04:35:21.040Z,33.86,65.89

2026-09-22T04:35:26.042Z,33.87,66.01

2026-09-22T04:35:31.044Z,33.86,66.22

2026-09-22T04:35:36.055Z,33.86,66.27

2026-09-22T04:35:41.043Z,33.88,66.21

2026-09-22T04:35:46.045Z,33.87,66.14

2026-09-22T04:35:51.043Z,33.88,66.12

2026-09-22T04:35:56.044Z,33.88,66.09

2026-09-22T04:36:01.046Z,33.89,66.1

2026-09-22T04:36:06.057Z,33.87,66.19

2026-09-22T04:36:11.043Z,33.88,66.17

2026-09-22T04:36:16.047Z,33.88,66.15

2026-09-22T04:36:21.046Z,33.89,66.1

2026-09-22T04:36:26.048Z,33.88,66.06

2026-09-22T04:36:31.054Z,33.89,66.1

2026-09-22T04:36:36.067Z,33.9,66.2

2026-09-22T04:36:41.052Z,33.91,66.12

2026-09-22T04:36:46.052Z,33.89,66.16

2026-09-22T04:36:51.053Z,33.9,66.22

2026-09-22T04:36:56.051Z,33.91,66.2

2026-09-22T04:37:01.053Z,33.91,66.2

2026-09-22T04:37:06.063Z,33.9,66.22

2026-09-22T04:37:11.053Z,33.91,66.17

2026-09-22T04:37:16.052Z,33.91,66.2

2026-09-22T04:37:21.053Z,33.91,66.17

2026-09-22T04:37:26.054Z,33.91,66.14

2026-09-22T04:37:31.053Z,33.9,66.13

2026-09-22T04:37:36.063Z,33.91,66.08

2026-09-22T04:37:41.055Z,33.92,66.05

2026-09-22T04:37:46.059Z,33.9,66.04

2026-09-22T04:37:51.058Z,33.94,65.98

2026-09-22T04:37:56.056Z,33.93,66

2026-09-22T04:38:01.055Z,33.94,65.96

2026-09-22T04:38:06.067Z,33.93,66.06

2026-09-22T04:38:11.057Z,33.92,66.06

2026-09-22T04:38:16.059Z,33.93,66.06

2026-09-22T04:38:21.057Z,33.93,66

2026-09-22T04:38:26.058Z,33.94,66.11

2026-09-22T04:38:31.063Z,33.95,66.11

2026-09-22T04:38:36.072Z,33.94,66.23

2026-09-22T04:38:41.062Z,33.93,66.14

2026-09-22T04:38:46.060Z,33.94,66.09

2026-09-22T04:38:51.061Z,33.94,66.08

2026-09-22T04:38:56.062Z,33.94,66.04

2026-09-22T04:39:01.069Z,33.95,66.11

2026-09-22T04:39:06.080Z,33.94,66.17

2026-09-22T04:39:11.069Z,33.94,66.13

2026-09-22T04:39:16.068Z,33.95,66.14

2026-09-22T04:39:21.067Z,33.94,66.07

2026-09-22T04:39:26.067Z,33.95,66.08

2026-09-22T04:39:31.084Z,33.93,66.04

2026-09-22T04:39:36.097Z,33.95,66.11

2026-09-22T04:39:41.080Z,33.96,66.1

2026-09-22T04:39:46.084Z,33.96,66.14

2026-09-22T04:39:51.081Z,33.94,66.17

2026-09-22T04:39:56.081Z,33.95,66.18

2026-09-22T04:40:01.095Z,33.95,66.15

2026-09-22T04:40:06.107Z,33.95,66.19

2026-09-22T04:40:11.096Z,33.95,66.19

2026-09-22T04:40:16.097Z,33.94,66.08

2026-09-22T04:40:21.095Z,33.94,66.09

2026-09-22T04:40:26.097Z,33.94,66.03

2026-09-22T04:40:31.107Z,33.94,65.95

2026-09-22T04:40:36.116Z,33.94,66.07

2026-09-22T04:40:41.104Z,33.96,65.99

2026-09-22T04:40:46.104Z,33.94,66.1

2026-09-22T04:40:51.107Z,33.94,66.06

2026-09-22T04:40:56.106Z,33.96,66.03

2026-09-22T04:41:01.114Z,33.95,66.09

2026-09-22T04:41:06.123Z,33.95,66.11

2026-09-22T04:41:11.112Z,33.95,66.09

2026-09-22T04:41:16.112Z,33.96,66.11

2026-09-22T04:41:21.112Z,33.93,66.08

2026-09-22T04:41:26.115Z,33.95,66.08

2026-09-22T04:41:31.128Z,33.94,66.09

2026-09-22T04:41:36.136Z,33.95,66.18

2026-09-22T04:41:41.126Z,33.95,66.18

2026-09-22T04:41:46.124Z,33.95,66.28

2026-09-22T04:41:51.129Z,33.94,66.19

2026-09-22T04:41:56.127Z,33.94,66.23

2026-09-22T04:42:01.137Z,33.96,66.2

2026-09-22T04:42:06.144Z,33.94,66.29

2026-09-22T04:42:11.132Z,33.95,66.3

2026-09-22T04:42:16.133Z,33.94,66.37

2026-09-22T04:42:21.133Z,33.95,66.4

2026-09-22T04:42:26.134Z,33.96,66.41

2026-09-22T04:42:31.142Z,33.97,66.42

2026-09-22T04:42:36.154Z,33.96,66.43

2026-09-22T04:42:41.142Z,33.97,66.41

2026-09-22T04:42:46.141Z,33.96,66.32

2026-09-22T04:42:51.140Z,33.94,66.3

2026-09-22T04:42:56.142Z,33.97,66.34

2026-09-22T04:43:01.148Z,33.95,66.19

2026-09-22T04:43:06.158Z,33.95,66.21

2026-09-22T04:43:11.147Z,33.98,66.19

2026-09-22T04:43:16.147Z,33.94,66.16

2026-09-22T04:43:21.147Z,33.97,66.16

2026-09-22T04:43:26.148Z,33.97,66.06

2026-09-22T04:43:31.147Z,33.97,66.1

2026-09-22T04:43:36.161Z,33.97,66.13

2026-09-22T04:43:41.149Z,33.96,66.09

2026-09-22T04:43:46.148Z,33.98,66.04

2026-09-22T04:43:51.149Z,33.97,66.07

2026-09-22T04:43:56.149Z,33.98,66.04

2026-09-22T04:44:01.155Z,33.97,66.05

2026-09-22T04:44:06.165Z,33.95,66.03

2026-09-22T04:44:11.152Z,33.98,65.93

2026-09-22T04:44:16.152Z,33.97,65.86

2026-09-22T04:44:21.153Z,33.97,65.83

2026-09-22T04:44:26.155Z,33.97,65.82

2026-09-22T04:44:31.160Z,33.97,65.72

2026-09-22T04:44:36.171Z,33.96,65.77

2026-09-22T04:44:41.160Z,33.96,65.7

2026-09-22T04:44:46.159Z,33.96,65.71

2026-09-22T04:44:51.161Z,33.96,65.69

2026-09-22T04:44:56.161Z,33.96,65.65

2026-09-22T04:45:01.161Z,33.97,65.68

2026-09-22T04:45:06.184Z,33.95,65.67

2026-09-22T04:45:11.162Z,33.97,65.65

2026-09-22T04:45:16.165Z,33.95,65.64

2026-09-22T04:45:21.163Z,33.95,65.69

2026-09-22T04:45:26.164Z,33.95,65.68

2026-09-22T04:45:31.164Z,33.96,65.69

2026-09-22T04:45:36.175Z,33.97,65.7

2026-09-22T04:45:41.166Z,33.99,65.7

2026-09-22T04:45:46.167Z,33.96,65.81

2026-09-22T04:45:51.167Z,33.96,65.91

2026-09-22T04:45:56.167Z,33.96,65.98

2026-09-22T04:46:01.185Z,33.96,65.94

2026-09-22T04:46:06.196Z,33.97,66.05

2026-09-22T04:46:11.182Z,33.97,65.9

2026-09-22T04:46:16.184Z,33.96,65.87

2026-09-22T04:46:21.184Z,33.97,65.83

2026-09-22T04:46:26.186Z,33.99,65.85

2026-09-22T04:46:31.201Z,33.98,65.8

2026-09-22T04:46:36.209Z,33.97,65.9

2026-09-22T04:46:41.199Z,33.98,65.84

2026-09-22T04:46:46.200Z,33.99,65.84

2026-09-22T04:46:51.199Z,33.97,65.81

2026-09-22T04:46:56.197Z,33.98,65.78

2026-09-22T04:47:01.200Z,33.98,65.82

2026-09-22T04:47:06.210Z,33.98,65.83

2026-09-22T04:47:11.199Z,33.98,65.81

2026-09-22T04:47:16.201Z,33.99,65.83

2026-09-22T04:47:21.200Z,33.99,65.77

2026-09-22T04:47:26.202Z,33.99,65.8

2026-09-22T04:47:31.201Z,33.99,65.83

2026-09-22T04:47:36.212Z,33.99,65.8

2026-09-22T04:47:41.202Z,33.98,65.85

2026-09-22T04:47:46.202Z,34,65.82

2026-09-22T04:47:51.202Z,33.99,65.85

2026-09-22T04:47:56.202Z,34,65.82

2026-09-22T04:48:01.206Z,34.02,65.79

2026-09-22T04:48:06.218Z,34.01,65.89

2026-09-22T04:48:11.206Z,34.01,65.84

2026-09-22T04:48:16.207Z,34.01,65.92

2026-09-22T04:48:21.205Z,34.01,65.88

2026-09-22T04:48:26.205Z,34.01,65.87

2026-09-22T04:48:31.220Z,34.01,65.91

2026-09-22T04:48:36.229Z,34.01,65.95

2026-09-22T04:48:41.220Z,34.03,65.98

2026-09-22T04:48:46.222Z,34.01,65.98

2026-09-22T04:48:51.221Z,34.02,66.03

2026-09-22T04:48:56.220Z,34.01,66.06

2026-09-22T04:49:01.225Z,34.02,66.08

2026-09-22T04:49:06.232Z,34.02,66.06

2026-09-22T04:49:11.223Z,34.03,65.99

2026-09-22T04:49:16.223Z,34.02,65.99

2026-09-22T04:49:21.223Z,34.02,66.04

2026-09-22T04:49:26.224Z,34.01,66.05

2026-09-22T04:49:31.232Z,34.01,66.04

2026-09-22T04:49:36.244Z,34.01,66.08

2026-09-22T04:49:41.228Z,34.03,65.98

2026-09-22T04:49:46.229Z,34.03,65.98

2026-09-22T04:49:51.232Z,34.04,65.92

2026-09-22T04:49:56.232Z,34.03,65.93

2026-09-22T04:50:01.230Z,34.01,65.89

2026-09-22T04:50:06.245Z,34.01,65.95

2026-09-22T04:50:11.232Z,34.03,65.87

2026-09-22T04:50:16.233Z,34.02,65.93

2026-09-22T04:50:21.234Z,34.03,65.94

2026-09-22T04:50:26.234Z,34.02,65.96

2026-09-22T04:50:31.246Z,34.02,66

2026-09-22T04:50:36.256Z,34.01,66.06

2026-09-22T04:50:41.245Z,34.03,66.07

2026-09-22T04:50:46.245Z,34.04,66.07

2026-09-22T04:50:51.245Z,34.05,66.06

2026-09-22T04:50:56.245Z,34.03,66.05

2026-09-22T04:51:01.259Z,34.03,66.05

2026-09-22T04:51:06.268Z,34.04,66.03

2026-09-22T04:51:11.257Z,34.03,66.05

2026-09-22T04:51:16.258Z,34.03,66.02

2026-09-22T04:51:21.257Z,34.03,66.02

2026-09-22T04:51:26.259Z,34.05,65.88

2026-09-22T04:51:31.260Z,34.03,65.97

2026-09-22T04:51:36.274Z,34.05,66

2026-09-22T04:51:41.258Z,34.03,66.01

2026-09-22T04:51:46.263Z,34.05,65.98

2026-09-22T04:51:51.258Z,34.04,65.96

2026-09-22T04:51:56.261Z,34.03,65.93

2026-09-22T04:52:01.266Z,34.04,65.93

2026-09-22T04:52:06.276Z,34.04,65.92

2026-09-22T04:52:11.266Z,34.04,65.89

2026-09-22T04:52:16.264Z,34.05,65.89

2026-09-22T04:52:21.265Z,34.05,65.88

2026-09-22T04:52:26.270Z,34.03,65.93

2026-09-22T04:52:31.269Z,34.03,65.91

2026-09-22T04:52:36.282Z,34.03,66.03

2026-09-22T04:52:41.267Z,34.05,65.97

2026-09-22T04:52:46.267Z,34.07,66.06

2026-09-22T04:52:51.267Z,34.05,66.01

2026-09-22T04:52:56.268Z,34.05,65.98

2026-09-22T04:53:01.283Z,34.03,65.99

2026-09-22T04:53:06.299Z,34.05,66.11

2026-09-22T04:53:11.283Z,34.05,66.06

2026-09-22T04:53:16.284Z,34.04,66.09

2026-09-22T04:53:21.284Z,34.03,66.06

2026-09-22T04:53:26.287Z,34.05,66.03

2026-09-22T04:53:31.293Z,34.04,66.1

2026-09-22T04:53:36.305Z,34.05,66.1

2026-09-22T04:53:41.293Z,34.04,66.02

2026-09-22T04:53:46.292Z,34.03,66.09

2026-09-22T04:53:51.292Z,34.06,66.08

2026-09-22T04:53:56.292Z,34.04,66.05

2026-09-22T04:54:01.300Z,34.04,66.05

2026-09-22T04:54:06.308Z,34.05,66.11

2026-09-22T04:54:11.299Z,34.06,65.98

2026-09-22T04:54:16.297Z,34.04,66.07

2026-09-22T04:54:21.298Z,34.06,66.11

2026-09-22T04:54:26.296Z,34.04,66.17

2026-09-22T04:54:31.297Z,34.06,66.2

2026-09-22T04:54:36.310Z,34.03,66.18

2026-09-22T04:54:41.298Z,34.05,66.16

2026-09-22T04:54:46.303Z,34.05,66.09

2026-09-22T04:54:51.300Z,34.05,66.07

2026-09-22T04:54:56.301Z,34.06,66.06

2026-09-22T04:55:01.298Z,34.06,66.11

2026-09-22T04:55:06.310Z,34.07,66.1

2026-09-22T04:55:11.298Z,34.04,66.11

2026-09-22T04:55:16.299Z,34.07,66.16

2026-09-22T04:55:21.299Z,34.07,66.18

2026-09-22T04:55:26.302Z,34.06,66.17

2026-09-22T04:55:31.302Z,34.07,66.09

2026-09-22T04:55:36.312Z,34.07,66.12

2026-09-22T04:55:41.300Z,34.08,66.15

2026-09-22T04:55:46.301Z,34.07,66.2

2026-09-22T04:55:51.300Z,34.08,66.22

2026-09-22T04:55:56.305Z,34.07,66.27

2026-09-22T04:56:01.305Z,34.08,66.3

2026-09-22T04:56:06.317Z,34.06,66.33

2026-09-22T04:56:11.307Z,34.08,66.3

2026-09-22T04:56:16.306Z,34.08,66.29

2026-09-22T04:56:21.304Z,34.07,66.33

2026-09-22T04:56:26.307Z,34.07,66.38

2026-09-22T04:56:31.319Z,34.07,66.32

2026-09-22T04:56:36.329Z,34.07,66.35

2026-09-22T04:56:41.318Z,34.09,66.26

2026-09-22T04:56:46.318Z,34.08,66.32

2026-09-22T04:56:51.319Z,34.08,66.28

2026-09-22T04:56:56.320Z,34.07,66.31

2026-09-22T04:57:01.331Z,34.08,66.33

2026-09-22T04:57:06.341Z,34.08,66.35

2026-09-22T04:57:11.331Z,34.09,66.39

2026-09-22T04:57:16.333Z,34.1,66.39

2026-09-22T04:57:21.331Z,34.08,66.35

2026-09-22T04:57:26.331Z,34.08,66.39

2026-09-22T04:57:31.341Z,34.1,66.34

2026-09-22T04:57:36.351Z,34.09,66.35

2026-09-22T04:57:41.340Z,34.11,66.32

2026-09-22T04:57:46.340Z,34.09,66.37

2026-09-22T04:57:51.340Z,34.1,66.27

2026-09-22T04:57:56.341Z,34.1,66.26

2026-09-22T04:58:01.349Z,34.09,66.31

2026-09-22T04:58:06.359Z,34.08,66.3

2026-09-22T04:58:11.347Z,34.1,66.31

2026-09-22T04:58:16.347Z,34.1,66.3

2026-09-22T04:58:21.345Z,34.1,66.33

2026-09-22T04:58:26.346Z,34.1,66.46

2026-09-22T04:58:31.355Z,34.1,66.44

2026-09-22T04:58:36.366Z,34.1,66.47

2026-09-22T04:58:41.355Z,34.1,66.47

2026-09-22T04:58:46.354Z,34.09,66.42

2026-09-22T04:58:51.353Z,34.09,66.4

2026-09-22T04:58:56.356Z,34.1,66.44

2026-09-22T04:59:01.357Z,34.11,66.42

2026-09-22T04:59:06.367Z,34.08,66.43

2026-09-22T04:59:11.355Z,34.1,66.46

2026-09-22T04:59:16.354Z,34.09,66.48

2026-09-22T04:59:21.356Z,34.1,66.57

2026-09-22T04:59:26.356Z,34.1,66.53

2026-09-22T04:59:31.368Z,34.1,66.56

2026-09-22T04:59:36.383Z,34.11,66.64

2026-09-22T04:59:41.368Z,34.1,66.6

2026-09-22T04:59:46.370Z,34.1,66.65

2026-09-22T04:59:51.368Z,34.11,66.72

2026-09-22T04:59:56.368Z,34.11,66.74

2026-09-22T05:00:01.377Z,34.09,66.69

2026-09-22T05:00:06.386Z,34.08,66.82

2026-09-22T05:00:11.374Z,34.1,66.7

2026-09-22T05:00:16.376Z,34.11,66.68

2026-09-22T05:00:21.375Z,34.08,66.64

2026-09-22T05:00:26.377Z,34.1,66.64

2026-09-22T05:00:31.389Z,34.11,66.57

2026-09-22T05:00:36.404Z,34.1,66.58

2026-09-22T05:00:41.389Z,34.09,66.51

2026-09-22T05:00:46.386Z,34.12,66.56

2026-09-22T05:00:51.387Z,34.11,66.55

2026-09-22T05:00:56.388Z,34.12,66.6

2026-09-22T05:01:01.401Z,34.09,66.56

2026-09-22T05:01:06.411Z,34.1,66.62

2026-09-22T05:01:11.399Z,34.11,66.47

2026-09-22T05:01:16.399Z,34.11,66.42

2026-09-22T05:01:21.400Z,34.1,66.39

2026-09-22T05:01:26.399Z,34.1,66.45

2026-09-22T05:01:31.413Z,34.09,66.44

2026-09-22T05:01:36.422Z,34.1,66.46

2026-09-22T05:01:41.410Z,34.08,66.37

2026-09-22T05:01:46.410Z,34.07,66.28

2026-09-22T05:01:51.410Z,34.09,66.19

2026-09-22T05:01:56.412Z,34.07,66.14

2026-09-22T05:02:01.421Z,34.08,66.14

2026-09-22T05:02:06.436Z,34.06,66.16

2026-09-22T05:02:11.419Z,34.08,66.03

2026-09-22T05:02:16.420Z,34.07,66.04

2026-09-22T05:02:21.420Z,34.06,66.06

2026-09-22T05:02:26.420Z,34.06,66.02

2026-09-22T05:02:31.423Z,34.08,66.07

2026-09-22T05:02:36.431Z,34.04,66.02

2026-09-22T05:02:41.421Z,34.06,65.98

2026-09-22T05:02:46.420Z,34.05,66.01

2026-09-22T05:02:51.420Z,34.05,66.02

2026-09-22T05:02:56.423Z,34.05,66.04

2026-09-22T05:03:01.427Z,34.04,66.15

2026-09-22T05:03:06.436Z,34.03,66.03

2026-09-22T05:03:11.422Z,34.03,66.02

2026-09-22T05:03:16.424Z,34.03,65.94

2026-09-22T05:03:21.424Z,34.02,65.96

2026-09-22T05:03:26.430Z,34.03,65.95

2026-09-22T05:03:31.427Z,34.03,65.91

2026-09-22T05:03:36.440Z,34.01,65.95

2026-09-22T05:03:41.426Z,34.01,65.94

2026-09-22T05:03:46.425Z,34.01,65.97

2026-09-22T05:03:51.425Z,34.01,66

2026-09-22T05:03:56.427Z,34,66.05

2026-09-22T05:04:01.446Z,34.01,66.12

2026-09-22T05:04:06.458Z,33.98,66.17

2026-09-22T05:04:11.447Z,33.98,66.13

2026-09-22T05:04:16.448Z,33.99,66.03

2026-09-22T05:04:21.448Z,33.99,66.06

2026-09-22T05:04:26.448Z,33.99,66.02

2026-09-22T05:04:31.455Z,33.99,66.01

2026-09-22T05:04:36.472Z,33.98,66.1

2026-09-22T05:04:41.456Z,33.99,66.11

2026-09-22T05:04:46.457Z,34,66.1

2026-09-22T05:04:51.456Z,33.98,66.13

2026-09-22T05:04:56.457Z,33.97,66.13

2026-09-22T05:05:01.461Z,34,66.11

2026-09-22T05:05:06.477Z,33.99,66.1

2026-09-22T05:05:11.463Z,33.99,66.12

2026-09-22T05:05:16.462Z,33.98,66.13

2026-09-22T05:05:21.461Z,33.98,66.15

2026-09-22T05:05:26.460Z,33.99,66.22

2026-09-22T05:05:31.461Z,33.97,66.19

2026-09-22T05:05:36.474Z,33.96,66.21

2026-09-22T05:05:41.461Z,33.99,66.2

2026-09-22T05:05:46.462Z,33.99,66.13

2026-09-22T05:05:51.462Z,33.98,66.13

2026-09-22T05:05:56.462Z,33.99,66.13

2026-09-22T05:06:01.464Z,33.99,66.08

2026-09-22T05:06:06.479Z,33.97,66.15

2026-09-22T05:06:11.464Z,33.96,66.09

2026-09-22T05:06:16.467Z,34.01,66.07

2026-09-22T05:06:21.464Z,34,66.06

2026-09-22T05:06:26.467Z,33.98,66.04

2026-09-22T05:06:31.478Z,33.98,66.1

2026-09-22T05:06:36.489Z,34.01,66.19

2026-09-22T05:06:41.476Z,34,66.19

2026-09-22T05:06:46.478Z,34,66.24

2026-09-22T05:06:51.478Z,34.01,66.23

2026-09-22T05:06:56.479Z,34,66.3

2026-09-22T05:07:01.497Z,34.01,66.29

2026-09-22T05:07:06.511Z,34.01,66.34

2026-09-22T05:07:11.491Z,34.02,66.36

2026-09-22T05:07:16.492Z,34.04,66.31

2026-09-22T05:07:21.492Z,34.03,66.38

2026-09-22T05:07:26.494Z,34.02,66.45

2026-09-22T05:07:31.501Z,34.02,66.42

2026-09-22T05:07:36.511Z,34.02,66.42

2026-09-22T05:07:41.498Z,34.03,66.44

2026-09-22T05:07:46.496Z,34.03,66.48

2026-09-22T05:07:51.498Z,34.03,66.47

2026-09-22T05:07:56.500Z,34.02,66.52

2026-09-22T05:08:01.497Z,34.04,66.5

2026-09-22T05:08:06.512Z,34.03,66.55

2026-09-22T05:08:11.499Z,34.02,66.52

2026-09-22T05:08:16.500Z,34.05,66.53

2026-09-22T05:08:21.500Z,34.06,66.6

2026-09-22T05:08:26.503Z,34.06,66.54

2026-09-22T05:08:31.504Z,34.05,66.51

2026-09-22T05:08:36.513Z,34.05,66.5

2026-09-22T05:08:41.501Z,34.06,66.48

2026-09-22T05:08:46.502Z,34.05,66.42

2026-09-22T05:08:51.501Z,34.08,66.5

2026-09-22T05:08:56.504Z,34.07,66.56

2026-09-22T05:09:01.515Z,34.07,66.58

2026-09-22T05:09:06.526Z,34.06,66.65

2026-09-22T05:09:11.516Z,34.07,66.68

2026-09-22T05:09:16.515Z,34.06,66.72

2026-09-22T05:09:21.515Z,34.07,66.77

2026-09-22T05:09:26.516Z,34.07,66.81

2026-09-22T05:09:31.526Z,34.08,66.83

2026-09-22T05:09:36.536Z,34.07,66.95

2026-09-22T05:09:41.526Z,34.08,66.82

2026-09-22T05:09:46.527Z,34.08,66.85

2026-09-22T05:09:51.527Z,34.08,66.86

2026-09-22T05:09:56.528Z,34.09,66.91

2026-09-22T05:10:01.534Z,34.09,66.9

2026-09-22T05:10:06.544Z,34.07,66.9

2026-09-22T05:10:11.533Z,34.08,66.85

2026-09-22T05:10:16.533Z,34.09,66.91

2026-09-22T05:10:21.532Z,34.07,66.94

2026-09-22T05:10:26.533Z,34.08,66.97

2026-09-22T05:10:31.552Z,34.09,67.01

2026-09-22T05:10:36.567Z,34.08,67.05

2026-09-22T05:10:41.552Z,34.09,67.11

2026-09-22T05:10:46.552Z,34.09,66.97

2026-09-22T05:10:51.552Z,34.12,67.01

2026-09-22T05:10:56.552Z,34.1,66.87

2026-09-22T05:11:01.564Z,34.11,66.93

2026-09-22T05:11:06.574Z,34.09,66.97

2026-09-22T05:11:11.562Z,34.1,66.86

2026-09-22T05:11:16.567Z,34.12,66.86

2026-09-22T05:11:21.566Z,34.1,66.84

2026-09-22T05:11:26.567Z,34.11,66.72

2026-09-22T05:11:31.571Z,34.12,66.74

2026-09-22T05:11:36.585Z,34.11,66.82

2026-09-22T05:11:41.572Z,34.1,66.79

2026-09-22T05:11:46.571Z,34.09,66.72

2026-09-22T05:11:51.571Z,34.1,66.75

2026-09-22T05:11:56.572Z,34.12,66.71

2026-09-22T05:12:01.577Z,34.09,66.75

2026-09-22T05:12:06.586Z,34.1,66.81

2026-09-22T05:12:11.574Z,34.12,66.79

2026-09-22T05:12:16.575Z,34.13,66.73

2026-09-22T05:12:21.573Z,34.1,66.7

2026-09-22T05:12:26.576Z,34.1,66.69

2026-09-22T05:12:31.582Z,34.14,66.73

2026-09-22T05:12:36.596Z,34.1,66.71

2026-09-22T05:12:41.582Z,34.12,66.68

2026-09-22T05:12:46.583Z,34.11,66.65

2026-09-22T05:12:51.582Z,34.12,66.68

2026-09-22T05:12:56.581Z,34.13,66.65

2026-09-22T05:13:01.585Z,34.13,66.68

2026-09-22T05:13:06.595Z,34.11,66.76

2026-09-22T05:13:11.584Z,34.12,66.69

2026-09-22T05:13:16.585Z,34.14,66.74

2026-09-22T05:13:21.582Z,34.13,66.71

2026-09-22T05:13:26.584Z,34.12,66.72

2026-09-22T05:13:31.583Z,34.11,66.72

2026-09-22T05:13:36.595Z,34.14,66.66

2026-09-22T05:13:41.584Z,34.13,66.68

2026-09-22T05:13:46.585Z,34.13,66.61

2026-09-22T05:13:51.585Z,34.14,66.67

2026-09-22T05:13:56.586Z,34.14,66.67

2026-09-22T05:14:01.598Z,34.15,66.62

2026-09-22T05:14:06.606Z,34.13,66.59

2026-09-22T05:14:11.599Z,34.16,66.56

2026-09-22T05:14:16.600Z,34.15,66.61

2026-09-22T05:14:21.597Z,34.14,66.63

2026-09-22T05:14:26.597Z,34.16,66.66

2026-09-22T05:14:31.597Z,34.16,66.63

2026-09-22T05:14:36.612Z,34.15,66.63

2026-09-22T05:14:41.599Z,34.14,66.61

2026-09-22T05:14:46.599Z,34.15,66.58

2026-09-22T05:14:51.601Z,34.15,66.65

2026-09-22T05:14:56.600Z,34.17,66.67

2026-09-22T05:15:01.599Z,34.15,66.66

2026-09-22T05:15:06.612Z,34.16,66.64

2026-09-22T05:15:11.602Z,34.18,66.62

2026-09-22T05:15:16.600Z,34.17,66.6

2026-09-22T05:15:21.601Z,34.16,66.64

2026-09-22T05:15:26.600Z,34.18,66.62

2026-09-22T05:15:31.609Z,34.16,66.62

2026-09-22T05:15:36.617Z,34.17,66.71

2026-09-22T05:15:41.606Z,34.18,66.68

2026-09-22T05:15:46.605Z,34.17,66.69

2026-09-22T05:15:51.605Z,34.18,66.65

2026-09-22T05:15:56.603Z,34.19,66.6

2026-09-22T05:16:01.621Z,34.19,66.53

2026-09-22T05:16:06.629Z,34.17,66.34

2026-09-22T05:16:11.618Z,34.18,66.18

2026-09-22T05:16:16.619Z,34.19,66.14

2026-09-22T05:16:21.620Z,34.18,66.16

2026-09-22T05:16:26.619Z,34.17,66.24

2026-09-22T05:16:31.623Z,34.18,66.31

2026-09-22T05:16:36.632Z,34.16,66.31

2026-09-22T05:16:41.623Z,34.17,66.24

2026-09-22T05:16:46.624Z,34.16,66.21

2026-09-22T05:16:51.623Z,34.16,66.24

2026-09-22T05:16:56.625Z,34.15,66.39

2026-09-22T05:17:01.659Z,34.16,66.46

2026-09-22T05:17:06.653Z,34.15,66.56

2026-09-22T05:17:11.652Z,34.15,66.82

2026-09-22T05:17:16.652Z,34.13,66.95

2026-09-22T05:17:21.651Z,34.12,67

2026-09-22T05:17:26.663Z,34.13,66.99

2026-09-22T05:17:31.652Z,34.14,66.93

2026-09-22T05:17:36.657Z,34.11,66.92

2026-09-22T05:17:41.656Z,34.13,66.94

2026-09-22T05:17:46.655Z,34.11,67.01

2026-09-22T05:17:51.655Z,34.11,67.05

2026-09-22T05:17:56.672Z,34.1,67.14

2026-09-22T05:18:01.656Z,34.1,67.09

2026-09-22T05:18:06.657Z,34.09,67.11

2026-09-22T05:18:11.655Z,34.1,67.21

2026-09-22T05:18:16.657Z,34.09,67.25

2026-09-22T05:18:21.655Z,34.09,67.29

2026-09-22T05:18:26.670Z,34.06,67.28

2026-09-22T05:18:31.658Z,34.07,67.32

2026-09-22T05:18:36.660Z,34.05,67.29

2026-09-22T05:18:41.658Z,34.09,67.28

2026-09-22T05:18:46.660Z,34.05,67.25

2026-09-22T05:18:51.671Z,34.05,67.22

2026-09-22T05:18:56.684Z,34.07,67.28

2026-09-22T05:19:01.671Z,34.07,67.2

2026-09-22T05:19:06.671Z,34.06,67.13

2026-09-22T05:19:11.672Z,34.05,67.14

2026-09-22T05:19:16.674Z,34.05,67.14

2026-09-22T05:19:21.686Z,34.04,67.15

2026-09-22T05:19:26.697Z,34.02,67.18

2026-09-22T05:19:31.684Z,34.02,67.16

2026-09-22T05:19:36.685Z,34.04,67.2

2026-09-22T05:19:41.684Z,34.03,67.29

2026-09-22T05:19:46.686Z,34.01,67.27

2026-09-22T05:19:51.691Z,34.01,67.27

2026-09-22T05:19:56.701Z,34,67.2

2026-09-22T05:20:01.692Z,34,67.27

2026-09-22T05:20:06.691Z,33.99,67.24

2026-09-22T05:20:11.692Z,34.01,67.25

2026-09-22T05:20:16.694Z,33.99,67.3

2026-09-22T05:20:21.701Z,33.99,67.35

2026-09-22T05:20:26.717Z,33.99,67.37

2026-09-22T05:20:31.701Z,34,67.32

2026-09-22T05:20:36.700Z,33.99,67.37

2026-09-22T05:20:41.715Z,33.98,67.4

2026-09-22T05:20:46.710Z,33.97,67.29

2026-09-22T05:20:51.709Z,33.99,67.33

2026-09-22T05:20:56.721Z,33.96,67.39

2026-09-22T05:21:01.711Z,33.98,67.33

2026-09-22T05:21:06.711Z,34,67.26

2026-09-22T05:21:11.712Z,33.96,67.21

2026-09-22T05:21:16.713Z,34,67.32

2026-09-22T05:21:21.714Z,33.99,67.28

2026-09-22T05:21:26.724Z,33.97,67.16

2026-09-22T05:21:31.713Z,34,67.05

2026-09-22T05:21:36.715Z,33.98,67.05

2026-09-22T05:21:41.716Z,33.98,67.02

2026-09-22T05:21:46.721Z,33.98,66.94

2026-09-22T05:21:51.716Z,33.96,66.93

2026-09-22T05:21:56.731Z,33.96,67.07

2026-09-22T05:22:01.718Z,33.99,67.09

2026-09-22T05:22:06.717Z,33.96,67.13

2026-09-22T05:22:11.718Z,33.96,67.03

2026-09-22T05:22:16.718Z,33.99,67.04

2026-09-22T05:22:21.732Z,33.98,67.02

2026-09-22T05:22:26.747Z,33.97,67.03

2026-09-22T05:22:31.732Z,33.97,67.06

2026-09-22T05:22:36.733Z,33.97,67

2026-09-22T05:22:41.731Z,33.97,67

2026-09-22T05:22:46.733Z,33.98,66.91

2026-09-22T05:22:51.731Z,33.95,66.84

2026-09-22T05:22:56.746Z,33.94,66.83

2026-09-22T05:23:01.732Z,33.98,66.88

2026-09-22T05:23:06.734Z,33.97,66.87

2026-09-22T05:23:11.734Z,33.95,66.86

2026-09-22T05:23:16.735Z,33.95,66.76

2026-09-22T05:23:21.736Z,33.95,66.6

2026-09-22T05:23:26.747Z,33.96,66.67

2026-09-22T05:23:31.735Z,33.95,66.62

2026-09-22T05:23:36.739Z,33.97,66.63

2026-09-22T05:23:41.736Z,33.96,66.58

2026-09-22T05:23:46.735Z,33.94,66.67

2026-09-22T05:23:51.740Z,33.94,66.79

2026-09-22T05:23:56.752Z,33.92,66.87

2026-09-22T05:24:01.739Z,33.95,66.97

2026-09-22T05:24:06.740Z,33.95,66.9

2026-09-22T05:24:11.741Z,33.93,66.97

2026-09-22T05:24:16.738Z,33.94,66.95

2026-09-22T05:24:21.745Z,33.94,66.98

2026-09-22T05:24:26.756Z,33.94,67.05

2026-09-22T05:24:31.744Z,33.93,67.04

2026-09-22T05:24:36.743Z,33.96,67.01

2026-09-22T05:24:41.744Z,33.94,67.02

2026-09-22T05:24:46.744Z,33.93,67.03

2026-09-22T05:24:51.757Z,33.94,67.04

2026-09-22T05:24:56.770Z,33.95,67.11

2026-09-22T05:25:01.757Z,33.95,67.04

2026-09-22T05:25:06.755Z,33.95,67.06

2026-09-22T05:25:11.753Z,33.97,67.03

2026-09-22T05:25:16.752Z,33.97,67.05

2026-09-22T05:25:21.752Z,33.95,67.03

2026-09-22T05:25:26.766Z,33.96,66.97

2026-09-22T05:25:31.754Z,33.97,66.98

2026-09-22T05:25:36.753Z,33.97,67.02

2026-09-22T05:25:41.755Z,33.98,67.05

2026-09-22T05:25:46.757Z,33.98,67.01

2026-09-22T05:25:51.755Z,33.99,67.05

2026-09-22T05:25:56.765Z,34,67.02

2026-09-22T05:26:01.755Z,33.99,67.07

2026-09-22T05:26:06.757Z,34.01,67.2

2026-09-22T05:26:11.755Z,34,67.21

2026-09-22T05:26:16.756Z,33.99,67.18

2026-09-22T05:26:21.772Z,33.99,67.13

2026-09-22T05:26:26.784Z,33.99,67.23

2026-09-22T05:26:31.771Z,34,67.22

2026-09-22T05:26:36.769Z,34,67.13

2026-09-22T05:26:41.770Z,34,67.17

2026-09-22T05:26:46.771Z,33.98,67.24

2026-09-22T05:26:51.790Z,34,67.27

2026-09-22T05:26:56.802Z,34.01,67.31

2026-09-22T05:27:01.790Z,34.02,67.38

2026-09-22T05:27:06.792Z,34.01,67.38

2026-09-22T05:27:11.792Z,34,67.32

2026-09-22T05:27:16.791Z,34.01,67.42

2026-09-22T05:27:21.791Z,34.01,67.42

2026-09-22T05:27:26.803Z,34.02,67.44

2026-09-22T05:27:31.790Z,34.02,67.45

2026-09-22T05:27:36.793Z,34.03,67.51

2026-09-22T05:27:41.789Z,34.01,67.37

2026-09-22T05:27:46.790Z,34.01,67.49

2026-09-22T05:27:51.790Z,34,67.41

2026-09-22T05:27:56.804Z,34.01,67.45

2026-09-22T05:28:01.791Z,34,67.31

2026-09-22T05:28:06.792Z,34.01,67.35

2026-09-22T05:28:11.794Z,34.01,67.31

2026-09-22T05:28:16.793Z,34,67.27

2026-09-22T05:28:21.793Z,34.01,67.26

2026-09-22T05:28:26.806Z,34,67.26

2026-09-22T05:28:31.797Z,34.02,67.13

2026-09-22T05:28:36.800Z,33.99,67.06

2026-09-22T05:28:41.798Z,34,67.04

2026-09-22T05:28:46.799Z,33.98,67.07

2026-09-22T05:28:51.800Z,33.99,67.11

2026-09-22T05:28:56.811Z,34.02,67.08

2026-09-22T05:29:01.797Z,34,67.08

2026-09-22T05:29:06.798Z,34,67.05

2026-09-22T05:29:11.797Z,33.98,67.1

2026-09-22T05:29:16.798Z,33.99,67.14

2026-09-22T05:29:21.804Z,34,67.19

2026-09-22T05:29:26.819Z,34,67.27

2026-09-22T05:29:31.804Z,33.98,67.21

2026-09-22T05:29:36.804Z,34,67.23

2026-09-22T05:29:41.806Z,33.99,67.24

2026-09-22T05:29:46.805Z,33.99,67.27

2026-09-22T05:29:51.817Z,33.97,67.21

2026-09-22T05:29:56.828Z,33.99,67.23

2026-09-22T05:30:01.818Z,33.98,67.08

2026-09-22T05:30:06.819Z,33.99,67.15

2026-09-22T05:30:11.818Z,33.99,67.14

2026-09-22T05:30:16.819Z,33.98,67.14

2026-09-22T05:30:21.825Z,33.98,67.12

2026-09-22T05:30:26.829Z,33.97,67.1

2026-09-22T05:30:31.821Z,33.98,67.06

2026-09-22T05:30:36.823Z,33.98,67.04

2026-09-22T05:30:41.820Z,33.96,66.97

2026-09-22T05:30:46.824Z,33.97,66.95

2026-09-22T05:30:51.825Z,33.97,66.97

2026-09-22T05:30:56.836Z,33.96,67.01

2026-09-22T05:31:01.826Z,33.99,66.98

2026-09-22T05:31:06.824Z,34,66.94

2026-09-22T05:31:11.826Z,33.98,66.97

2026-09-22T05:31:16.826Z,33.98,67.01

2026-09-22T05:31:21.842Z,33.96,66.9

2026-09-22T05:31:26.848Z,33.98,66.85

2026-09-22T05:31:31.838Z,33.98,66.77

2026-09-22T05:31:36.838Z,33.98,66.8

2026-09-22T05:31:41.837Z,34,66.84

2026-09-22T05:31:46.839Z,33.98,66.77

2026-09-22T05:31:51.845Z,33.96,66.84

2026-09-22T05:31:56.855Z,33.99,66.82

2026-09-22T05:32:01.841Z,33.96,66.75

2026-09-22T05:32:06.842Z,33.97,66.78

2026-09-22T05:32:11.844Z,34,66.81

2026-09-22T05:32:16.844Z,33.99,66.82

2026-09-22T05:32:21.860Z,33.99,66.85

2026-09-22T05:32:26.871Z,33.98,66.82

2026-09-22T05:32:31.853Z,33.98,66.78

2026-09-22T05:32:36.856Z,33.99,66.75

2026-09-22T05:32:41.856Z,33.97,66.77

2026-09-22T05:32:46.857Z,33.97,66.77

2026-09-22T05:32:51.873Z,33.96,66.8

2026-09-22T05:32:56.887Z,33.96,66.81

2026-09-22T05:33:01.875Z,33.98,66.77

2026-09-22T05:33:06.875Z,33.99,66.8

2026-09-22T05:33:11.877Z,33.97,66.89

2026-09-22T05:33:16.875Z,33.96,66.9

2026-09-22T05:33:21.876Z,33.97,66.93

2026-09-22T05:33:26.887Z,33.96,67.07

2026-09-22T05:33:31.874Z,33.95,67.06

2026-09-22T05:33:36.878Z,33.96,67.1

2026-09-22T05:33:41.876Z,33.97,67.1

2026-09-22T05:33:46.878Z,33.97,67.03

2026-09-22T05:33:51.889Z,33.97,67.09

2026-09-22T05:33:56.899Z,33.98,67.13

2026-09-22T05:34:01.888Z,33.98,67.08

2026-09-22T05:34:06.889Z,33.99,67.13

2026-09-22T05:34:11.888Z,33.98,67.06

2026-09-22T05:34:16.889Z,33.98,67.14

2026-09-22T05:34:21.901Z,33.98,67.24

2026-09-22T05:34:26.912Z,33.98,67.27

2026-09-22T05:34:31.902Z,33.98,67.27

2026-09-22T05:34:36.904Z,34,67.37

2026-09-22T05:34:41.904Z,34,67.41

2026-09-22T05:34:46.902Z,34.01,67.35

2026-09-22T05:34:51.905Z,34,67.5

2026-09-22T05:34:56.916Z,34,67.53

2026-09-22T05:35:01.904Z,34,67.48

2026-09-22T05:35:06.905Z,34.01,67.4

2026-09-22T05:35:11.905Z,34.01,67.48

2026-09-22T05:35:16.905Z,34.01,67.41

2026-09-22T05:35:21.905Z,34.01,67.35

2026-09-22T05:35:26.917Z,33.99,67.37

2026-09-22T05:35:31.906Z,33.99,67.4

2026-09-22T05:35:36.906Z,34.01,67.42

2026-09-22T05:35:41.907Z,33.99,67.34

2026-09-22T05:35:46.905Z,34.01,67.3

2026-09-22T05:35:51.914Z,34,67.28

2026-09-22T05:35:56.929Z,34.01,67.28

2026-09-22T05:36:01.915Z,33.97,67.34

2026-09-22T05:36:06.917Z,34,67.26

2026-09-22T05:36:11.916Z,34,67.25

2026-09-22T05:36:16.916Z,34.01,67.29

2026-09-22T05:36:21.920Z,34.01,67.19

2026-09-22T05:36:26.930Z,34.02,67.32

2026-09-22T05:36:31.917Z,34.01,67.2

2026-09-22T05:36:36.919Z,34.03,67.2

2026-09-22T05:36:41.920Z,34,67.14

2026-09-22T05:36:46.918Z,34.02,67.19

2026-09-22T05:36:51.927Z,34.03,67.17

2026-09-22T05:36:56.938Z,34.02,67.25

2026-09-22T05:37:01.927Z,34.02,67.24

2026-09-22T05:37:06.926Z,34.02,67.21

2026-09-22T05:37:11.926Z,34.05,67.2

2026-09-22T05:37:16.928Z,34.02,67.33

2026-09-22T05:37:21.933Z,34.04,67.34

2026-09-22T05:37:26.946Z,34.04,67.39

2026-09-22T05:37:31.932Z,34.04,67.35

2026-09-22T05:37:36.931Z,34.03,67.33

2026-09-22T05:37:41.933Z,34.04,67.29

2026-09-22T05:37:46.934Z,34.04,67.26

2026-09-22T05:37:51.934Z,34.04,67.29

2026-09-22T05:37:56.946Z,34.05,67.25

2026-09-22T05:38:01.935Z,34.04,67.25

2026-09-22T05:38:06.934Z,34.02,67.25

2026-09-22T05:38:11.935Z,34.05,67.32

2026-09-22T05:38:16.935Z,34.04,67.34

2026-09-22T05:38:21.934Z,34.04,67.45

2026-09-22T05:38:26.946Z,34.05,67.51

2026-09-22T05:38:31.935Z,34.05,67.49

2026-09-22T05:38:36.935Z,34.04,67.47

2026-09-22T05:38:41.934Z,34.05,67.44

2026-09-22T05:38:46.936Z,34.05,67.49

2026-09-22T05:38:51.936Z,34.06,67.46

2026-09-22T05:38:56.949Z,34.03,67.52

2026-09-22T05:39:01.935Z,34.05,67.5

2026-09-22T05:39:06.936Z,34.03,67.52

2026-09-22T05:39:11.938Z,34.03,67.55

2026-09-22T05:39:16.940Z,34.03,67.55

2026-09-22T05:39:21.953Z,34.03,67.62

2026-09-22T05:39:26.962Z,34.04,67.66

2026-09-22T05:39:31.951Z,34.04,67.6

2026-09-22T05:39:36.954Z,34.05,67.58

2026-09-22T05:39:41.955Z,34.02,67.66

2026-09-22T05:39:46.954Z,34.05,67.6

2026-09-22T05:39:51.965Z,34.05,67.56

2026-09-22T05:39:56.979Z,34.04,67.56

2026-09-22T05:40:01.962Z,34.04,67.6

2026-09-22T05:40:06.965Z,34.04,67.58

2026-09-22T05:40:11.964Z,34.03,67.64

2026-09-22T05:40:16.965Z,34.04,67.7

2026-09-22T05:40:21.976Z,34.04,67.71

2026-09-22T05:40:26.987Z,34.01,67.73

2026-09-22T05:40:31.973Z,34.04,67.67

2026-09-22T05:40:36.973Z,34.03,67.7

2026-09-22T05:40:41.976Z,34.04,67.73

2026-09-22T05:40:46.974Z,34.05,67.72

2026-09-22T05:40:51.986Z,34.04,67.77

2026-09-22T05:40:56.996Z,34.05,67.8

2026-09-22T05:41:01.986Z,34.04,67.77

2026-09-22T05:41:06.985Z,34.03,67.84

2026-09-22T05:41:11.987Z,34.03,67.8

2026-09-22T05:41:16.987Z,34.01,67.78

2026-09-22T05:41:21.994Z,34.01,67.75

2026-09-22T05:41:27.002Z,34.02,67.8

2026-09-22T05:41:31.992Z,34.02,67.79

2026-09-22T05:41:36.993Z,34.02,67.74

2026-09-22T05:41:41.994Z,34.02,67.69

2026-09-22T05:41:46.994Z,34,67.71

2026-09-22T05:41:52.000Z,33.98,67.69

2026-09-22T05:41:57.008Z,33.98,67.71

2026-09-22T05:42:01.997Z,33.97,67.73

2026-09-22T05:42:07.000Z,33.96,67.66

2026-09-22T05:42:12.000Z,33.97,67.71

2026-09-22T05:42:16.999Z,33.96,67.74

2026-09-22T05:42:21.997Z,33.94,67.69

2026-09-22T05:42:27.010Z,33.96,67.78

2026-09-22T05:42:31.999Z,33.94,67.74

2026-09-22T05:42:36.998Z,33.95,67.73

2026-09-22T05:42:42.000Z,33.93,67.79

2026-09-22T05:42:46.999Z,33.93,67.86

2026-09-22T05:42:51.999Z,33.93,67.89

2026-09-22T05:42:57.020Z,33.92,67.95

2026-09-22T05:43:02.005Z,33.92,67.95

2026-09-22T05:43:07.001Z,33.93,67.99

2026-09-22T05:43:12.003Z,33.93,67.99

2026-09-22T05:43:17.002Z,33.92,67.99

2026-09-22T05:43:22.003Z,33.93,68.03

2026-09-22T05:43:27.018Z,33.93,68.07

2026-09-22T05:43:32.005Z,33.92,68.02

2026-09-22T05:43:37.005Z,33.93,68.03

2026-09-22T05:43:42.004Z,33.94,68.09

2026-09-22T05:43:47.003Z,33.93,68.11

2026-09-22T05:43:52.016Z,33.93,68.09

2026-09-22T05:43:57.032Z,33.91,68.16

2026-09-22T05:44:02.016Z,33.92,68.06

2026-09-22T05:44:07.016Z,33.92,68.03

2026-09-22T05:44:12.016Z,33.94,68.03

2026-09-22T05:44:17.018Z,33.93,68.1

2026-09-22T05:44:22.029Z,33.95,68.09

2026-09-22T05:44:27.045Z,33.93,68.12

2026-09-22T05:44:32.029Z,33.95,68.06

2026-09-22T05:44:37.029Z,33.95,67.99

2026-09-22T05:44:42.027Z,33.96,68

2026-09-22T05:44:47.029Z,33.93,68

2026-09-22T05:44:52.034Z,33.94,68.02

2026-09-22T05:44:57.046Z,33.95,68.14

2026-09-22T05:45:02.034Z,33.95,68.04

2026-09-22T05:45:07.034Z,33.96,68.07

2026-09-22T05:45:12.031Z,33.96,68.09

2026-09-22T05:45:17.033Z,33.97,68.1

2026-09-22T05:45:22.050Z,33.95,68.1

2026-09-22T05:45:27.063Z,33.97,68.13

2026-09-22T05:45:32.049Z,33.96,68.13

2026-09-22T05:45:37.051Z,33.95,68.17

2026-09-22T05:45:42.053Z,33.96,68.17

2026-09-22T05:45:47.050Z,33.96,68.12

2026-09-22T05:45:52.056Z,33.96,68.18

2026-09-22T05:45:57.070Z,33.96,68.15

2026-09-22T05:46:02.057Z,33.96,68.16

2026-09-22T05:46:07.056Z,33.97,68.1

2026-09-22T05:46:12.056Z,33.98,68.05

2026-09-22T05:46:17.057Z,33.97,68.14

2026-09-22T05:46:22.058Z,33.97,68.07

2026-09-22T05:46:27.067Z,33.97,68.06

2026-09-22T05:46:32.056Z,33.98,68.05

2026-09-22T05:46:37.058Z,33.98,67.95

2026-09-22T05:46:42.058Z,33.98,67.91

2026-09-22T05:46:47.059Z,33.97,67.94

2026-09-22T05:46:52.063Z,33.98,67.87

2026-09-22T05:46:57.083Z,33.96,67.9

2026-09-22T05:47:02.066Z,33.98,67.85

2026-09-22T05:47:07.062Z,33.99,67.83

2026-09-22T05:47:12.062Z,33.98,67.73

2026-09-22T05:47:17.063Z,34,67.75

2026-09-22T05:47:22.084Z,33.99,67.78

2026-09-22T05:47:27.093Z,33.98,67.8

2026-09-22T05:47:32.084Z,33.98,67.78

2026-09-22T05:47:37.083Z,33.98,67.76

2026-09-22T05:47:42.084Z,33.98,67.74

2026-09-22T05:47:47.083Z,33.99,67.72

2026-09-22T05:47:52.083Z,33.98,67.75

2026-09-22T05:47:57.094Z,33.98,67.73

2026-09-22T05:48:02.083Z,33.98,67.69

2026-09-22T05:48:07.084Z,33.98,67.73

2026-09-22T05:48:12.085Z,33.98,67.69

2026-09-22T05:48:17.086Z,33.99,67.69

2026-09-22T05:48:22.090Z,33.99,67.66

2026-09-22T05:48:27.103Z,33.99,67.64

2026-09-22T05:48:32.091Z,33.98,67.72

2026-09-22T05:48:37.093Z,34,67.74

2026-09-22T05:48:42.092Z,33.98,67.78

2026-09-22T05:48:47.092Z,33.99,67.74

2026-09-22T05:48:52.119Z,33.99,67.77

2026-09-22T05:48:57.126Z,33.99,67.74

2026-09-22T05:49:02.116Z,34.01,67.69

2026-09-22T05:49:07.121Z,33.99,67.71

2026-09-22T05:49:12.120Z,33.99,67.75

2026-09-22T05:49:17.119Z,33.99,67.74

2026-09-22T05:49:22.119Z,34.01,67.72

2026-09-22T05:49:27.131Z,34,67.72

2026-09-22T05:49:32.120Z,34,67.67

2026-09-22T05:49:37.122Z,34,67.79

2026-09-22T05:49:42.122Z,34,67.68

2026-09-22T05:49:47.124Z,34.01,67.7

2026-09-22T05:49:52.122Z,33.99,67.66

2026-09-22T05:49:57.133Z,34.01,67.58

2026-09-22T05:50:02.123Z,34,67.6

2026-09-22T05:50:07.122Z,34,67.55

2026-09-22T05:50:12.127Z,33.99,67.34

2026-09-22T05:50:17.126Z,34,67.07

2026-09-22T05:50:22.124Z,34,66.98

2026-09-22T05:50:27.133Z,33.99,67.02

2026-09-22T05:50:32.122Z,34.01,66.92

2026-09-22T05:50:37.128Z,33.99,66.93

2026-09-22T05:50:42.129Z,33.99,66.9

2026-09-22T05:50:47.126Z,34,66.93

2026-09-22T05:50:52.141Z,34.01,66.96

2026-09-22T05:50:57.152Z,34,66.96

2026-09-22T05:51:02.142Z,34.02,67.01

2026-09-22T05:51:07.143Z,34.03,67.08

2026-09-22T05:51:12.143Z,34.01,67.11

2026-09-22T05:51:17.142Z,34.02,67.17

2026-09-22T05:51:22.148Z,34.01,67.23

2026-09-22T05:51:27.166Z,33.98,67.24

2026-09-22T05:51:32.148Z,34,67.27

2026-09-22T05:51:37.148Z,34.01,67.26

2026-09-22T05:51:42.146Z,34,67.31

2026-09-22T05:51:47.147Z,34,67.32

2026-09-22T05:51:52.158Z,34.02,67.36

2026-09-22T05:51:57.166Z,34.01,67.37

2026-09-22T05:52:02.157Z,34.02,67.34

2026-09-22T05:52:07.153Z,34,67.26

2026-09-22T05:52:12.157Z,34.02,67.22

2026-09-22T05:52:17.157Z,34.03,67.3

2026-09-22T05:52:22.156Z,34.02,67.33

2026-09-22T05:52:27.170Z,34.03,67.37

2026-09-22T05:52:32.157Z,34.03,67.39

2026-09-22T05:52:37.158Z,34.03,67.44

2026-09-22T05:52:42.158Z,34.03,67.48

2026-09-22T05:52:47.159Z,34.06,67.5

2026-09-22T05:52:52.157Z,34.04,67.48

2026-09-22T05:52:57.170Z,34.04,67.47

2026-09-22T05:53:02.160Z,34.05,67.43

2026-09-22T05:53:07.160Z,34.06,67.49

2026-09-22T05:53:12.162Z,34.06,67.5

2026-09-22T05:53:17.159Z,34.09,67.46

2026-09-22T05:53:22.169Z,34.05,67.42

2026-09-22T05:53:27.178Z,34.06,67.44

2026-09-22T05:53:32.167Z,34.07,67.43

2026-09-22T05:53:37.165Z,34.08,67.43

2026-09-22T05:53:42.166Z,34.08,67.38

2026-09-22T05:53:47.166Z,34.06,67.39

2026-09-22T05:53:52.173Z,34.08,67.39

2026-09-22T05:53:57.181Z,34.07,67.33

2026-09-22T05:54:02.171Z,34.05,67.39

2026-09-22T05:54:07.170Z,34.07,67.31

2026-09-22T05:54:12.174Z,34.07,67.37

2026-09-22T05:54:17.174Z,34.07,67.42

2026-09-22T05:54:22.183Z,34.07,67.39

2026-09-22T05:54:27.193Z,34.07,67.43

2026-09-22T05:54:32.181Z,34.1,67.4

2026-09-22T05:54:37.179Z,34.06,67.39

2026-09-22T05:54:42.181Z,34.08,67.4

2026-09-22T05:54:47.181Z,34.07,67.33

2026-09-22T05:54:52.205Z,34.06,67.4

2026-09-22T05:54:57.215Z,34.09,67.38

2026-09-22T05:55:02.204Z,34.06,67.38

2026-09-22T05:55:07.205Z,34.06,67.3

2026-09-22T05:55:12.205Z,34.06,67.35

2026-09-22T05:55:17.206Z,34.07,67.4

2026-09-22T05:55:22.216Z,34.07,67.34

2026-09-22T05:55:27.225Z,34.06,67.39

2026-09-22T05:55:32.214Z,34.05,67.41

2026-09-22T05:55:37.213Z,34.06,67.38

2026-09-22T05:55:42.214Z,34.04,67.37

2026-09-22T05:55:47.215Z,34.07,67.39

2026-09-22T05:55:52.224Z,34.08,67.28

2026-09-22T05:55:57.234Z,34.07,67.2

2026-09-22T05:56:02.221Z,34.06,67.12

2026-09-22T05:56:07.223Z,34.06,67.04

2026-09-22T05:56:12.221Z,34.05,66.95

2026-09-22T05:56:17.222Z,34.07,66.99

2026-09-22T05:56:22.228Z,34.06,66.94

2026-09-22T05:56:27.236Z,34.07,66.82

2026-09-22T05:56:32.225Z,34.05,66.74

2026-09-22T05:56:37.226Z,34.06,66.56

2026-09-22T05:56:42.226Z,34.07,66.56

2026-09-22T05:56:47.223Z,34.04,66.58

2026-09-22T05:56:52.233Z,34.07,66.57

2026-09-22T05:56:57.245Z,34.07,66.53

2026-09-22T05:57:02.232Z,34.05,66.44

2026-09-22T05:57:07.231Z,34.06,66.56

2026-09-22T05:57:12.231Z,34.06,66.63

2026-09-22T05:57:17.233Z,34.06,66.67

2026-09-22T05:57:22.241Z,34.07,66.67

2026-09-22T05:57:27.249Z,34.06,66.66

2026-09-22T05:57:32.239Z,34.06,66.58

2026-09-22T05:57:37.241Z,34.08,66.56

2026-09-22T05:57:42.241Z,34.05,66.59

2026-09-22T05:57:47.240Z,34.05,66.43

2026-09-22T05:57:52.250Z,34.05,66.39

2026-09-22T05:57:57.262Z,34.06,66.41

2026-09-22T05:58:02.244Z,34.05,66.37

2026-09-22T05:58:07.245Z,34.06,66.41

2026-09-22T05:58:12.245Z,34.05,66.48

2026-09-22T05:58:17.246Z,34.08,66.39

2026-09-22T05:58:22.249Z,34.07,66.26

2026-09-22T05:58:27.259Z,34.05,66.2

2026-09-22T05:58:32.248Z,34.06,66.19

2026-09-22T05:58:37.250Z,34.06,66.23

2026-09-22T05:58:42.249Z,34.05,66.18

2026-09-22T05:58:47.249Z,34.07,66.16

2026-09-22T05:58:52.251Z,34.07,66.22

2026-09-22T05:58:57.262Z,34.05,66.22

2026-09-22T05:59:02.250Z,34.06,66.21

2026-09-22T05:59:07.252Z,34.04,66.3

2026-09-22T05:59:12.251Z,34.05,66.27

2026-09-22T05:59:17.253Z,34.06,66.17

2026-09-22T05:59:22.267Z,34.04,66.22

2026-09-22T05:59:27.279Z,34.05,66.19

2026-09-22T05:59:32.268Z,34.05,66.11

2026-09-22T05:59:37.267Z,34.04,66.19

2026-09-22T05:59:42.266Z,34.03,66.11

2026-09-22T05:59:47.268Z,34.04,66.15

2026-09-22T05:59:52.268Z,34.04,66.2

2026-09-22T05:59:57.278Z,34.03,66.25

2026-09-22T06:00:02.267Z,34.04,66.26

2026-09-22T06:00:07.270Z,34.02,66.19

2026-09-22T06:00:12.269Z,34.02,66.28

2026-09-22T06:00:17.269Z,34.03,66.24

2026-09-22T06:00:22.273Z,34.04,66.28

2026-09-22T06:00:27.282Z,34.03,66.35

2026-09-22T06:00:32.272Z,34.02,66.32

2026-09-22T06:00:37.270Z,34.02,66.4

2026-09-22T06:00:42.272Z,34.02,66.34

2026-09-22T06:00:47.272Z,34.02,66.41

2026-09-22T06:00:52.289Z,34.01,66.43

2026-09-22T06:00:57.299Z,34,66.5

2026-09-22T06:01:02.288Z,34.01,66.45

2026-09-22T06:01:07.287Z,34.01,66.48

2026-09-22T06:01:12.290Z,34.02,66.43

2026-09-22T06:01:17.291Z,34.01,66.46

2026-09-22T06:01:22.303Z,34.01,66.46

2026-09-22T06:01:27.316Z,34,66.48

2026-09-22T06:01:32.303Z,33.98,66.46

2026-09-22T06:01:37.303Z,34.01,66.52

2026-09-22T06:01:42.304Z,33.99,66.48

2026-09-22T06:01:47.305Z,34.01,66.56

2026-09-22T06:01:52.313Z,34.03,66.6

2026-09-22T06:01:57.326Z,34,66.65

2026-09-22T06:02:02.312Z,34.02,66.7

2026-09-22T06:02:07.313Z,34.04,66.71

2026-09-22T06:02:12.313Z,34.02,66.79

2026-09-22T06:02:17.312Z,34.02,66.9

2026-09-22T06:02:22.324Z,34.02,66.89

2026-09-22T06:02:27.336Z,34.01,66.94

2026-09-22T06:02:32.322Z,34,66.96

2026-09-22T06:02:37.323Z,34.02,66.89

2026-09-22T06:02:42.323Z,34.02,66.83

2026-09-22T06:02:47.324Z,34.04,66.86

2026-09-22T06:02:52.332Z,34.02,66.73

2026-09-22T06:02:57.344Z,34.04,66.8

2026-09-22T06:03:02.332Z,34.03,66.77

2026-09-22T06:03:07.331Z,34.03,66.74

2026-09-22T06:03:12.332Z,34.05,66.71

2026-09-22T06:03:17.331Z,34.05,66.8

2026-09-22T06:03:22.334Z,34.04,66.9

2026-09-22T06:03:27.346Z,34.04,66.87

2026-09-22T06:03:32.332Z,34.03,66.77

2026-09-22T06:03:37.331Z,34.04,66.92

2026-09-22T06:03:42.335Z,34.06,67.01

2026-09-22T06:03:47.335Z,34.07,66.96

2026-09-22T06:03:52.338Z,34.05,66.95

2026-09-22T06:03:57.347Z,34.08,66.86

2026-09-22T06:04:02.335Z,34.05,66.81

2026-09-22T06:04:07.335Z,34.06,66.75

2026-09-22T06:04:12.339Z,34.07,66.7

2026-09-22T06:04:17.336Z,34.06,66.68

2026-09-22T06:04:22.338Z,34.09,66.65

2026-09-22T06:04:27.348Z,34.08,66.71

2026-09-22T06:04:32.338Z,34.08,66.66

2026-09-22T06:04:37.337Z,34.08,66.61

2026-09-22T06:04:42.340Z,34.11,66.59

2026-09-22T06:04:47.339Z,34.09,66.69

2026-09-22T06:04:52.341Z,34.1,66.85

2026-09-22T06:04:57.355Z,34.09,66.9

2026-09-22T06:05:02.340Z,34.07,66.83

2026-09-22T06:05:07.340Z,34.11,66.99

2026-09-22T06:05:12.340Z,34.1,67.03

2026-09-22T06:05:17.342Z,34.09,67.14

2026-09-22T06:05:22.343Z,34.1,67.2

2026-09-22T06:05:27.351Z,34.09,67.19

2026-09-22T06:05:32.343Z,34.11,67.12

2026-09-22T06:05:37.344Z,34.1,67.14

2026-09-22T06:05:42.346Z,34.09,67.21

2026-09-22T06:05:47.343Z,34.11,67.11

2026-09-22T06:05:52.355Z,34.12,67.04

2026-09-22T06:05:57.368Z,34.1,66.98

2026-09-22T06:06:02.355Z,34.1,66.89

2026-09-22T06:06:07.355Z,34.1,66.89

2026-09-22T06:06:12.356Z,34.13,66.81

2026-09-22T06:06:17.357Z,34.1,66.77

2026-09-22T06:06:22.365Z,34.1,66.77

2026-09-22T06:06:27.374Z,34.11,66.87

2026-09-22T06:06:32.361Z,34.12,66.91

2026-09-22T06:06:37.362Z,34.09,66.95

2026-09-22T06:06:42.362Z,34.11,66.88

2026-09-22T06:06:47.362Z,34.12,66.85

2026-09-22T06:06:52.367Z,34.11,66.81

2026-09-22T06:06:57.377Z,34.09,66.87

2026-09-22T06:07:02.366Z,34.12,66.85

2026-09-22T06:07:07.365Z,34.11,66.84

2026-09-22T06:07:12.364Z,34.12,66.78

2026-09-22T06:07:17.363Z,34.12,66.71

2026-09-22T06:07:22.380Z,34.11,66.77

2026-09-22T06:07:27.391Z,34.11,66.71

2026-09-22T06:07:32.378Z,34.12,66.7

2026-09-22T06:07:37.379Z,34.11,66.76

2026-09-22T06:07:42.379Z,34.12,66.75

2026-09-22T06:07:47.378Z,34.11,66.8

2026-09-22T06:07:52.386Z,34.12,66.68

2026-09-22T06:07:57.398Z,34.11,66.65

2026-09-22T06:08:02.384Z,34.12,66.62

2026-09-22T06:08:07.388Z,34.1,66.58

2026-09-22T06:08:12.386Z,34.12,66.46

2026-09-22T06:08:17.388Z,34.11,66.44

2026-09-22T06:08:22.402Z,34.1,66.32

2026-09-22T06:08:27.414Z,34.1,66.38

2026-09-22T06:08:32.403Z,34.09,66.33

2026-09-22T06:08:37.401Z,34.1,66.3

2026-09-22T06:08:42.402Z,34.08,66.28

2026-09-22T06:08:47.401Z,34.09,66.39

2026-09-22T06:08:52.407Z,34.09,66.33

2026-09-22T06:08:57.417Z,34.07,66.31

2026-09-22T06:09:02.405Z,34.08,66.26

2026-09-22T06:09:07.405Z,34.06,66.21

2026-09-22T06:09:12.406Z,34.07,66.23

2026-09-22T06:09:17.407Z,34.06,66.31

2026-09-22T06:09:22.419Z,34.04,66.38

2026-09-22T06:09:27.435Z,34.05,66.4

2026-09-22T06:09:32.417Z,34.04,66.46

2026-09-22T06:09:37.419Z,34.05,66.43

2026-09-22T06:09:42.418Z,34.03,66.44

2026-09-22T06:09:47.417Z,34.03,66.49

2026-09-22T06:09:52.423Z,34.03,66.47

2026-09-22T06:09:57.437Z,34.01,66.52

2026-09-22T06:10:02.422Z,34.01,66.46

2026-09-22T06:10:07.421Z,34.02,66.42

2026-09-22T06:10:12.420Z,34.03,66.31

2026-09-22T06:10:17.423Z,34.02,66.37

2026-09-22T06:10:22.429Z,34,66.42

2026-09-22T06:10:27.440Z,34.01,66.45

2026-09-22T06:10:32.427Z,34.01,66.53

2026-09-22T06:10:37.427Z,34,66.56

2026-09-22T06:10:42.429Z,34,66.56

2026-09-22T06:10:47.430Z,34.01,66.62

2026-09-22T06:10:52.434Z,33.99,66.54

2026-09-22T06:10:57.446Z,33.99,66.54

2026-09-22T06:11:02.433Z,34,66.4

2026-09-22T06:11:07.435Z,34,66.45

2026-09-22T06:11:12.434Z,34,66.39

2026-09-22T06:11:17.436Z,33.99,66.37

2026-09-22T06:11:22.435Z,33.98,66.36

2026-09-22T06:11:27.447Z,33.99,66.4

2026-09-22T06:11:32.434Z,34,66.34

2026-09-22T06:11:37.436Z,33.97,66.37

2026-09-22T06:11:42.435Z,33.99,66.36

2026-09-22T06:11:47.437Z,34.01,66.38

2026-09-22T06:11:52.444Z,33.98,66.42

2026-09-22T06:11:57.461Z,33.97,66.55

2026-09-22T06:12:02.446Z,34,66.44

2026-09-22T06:12:07.445Z,33.98,66.49

2026-09-22T06:12:12.447Z,33.98,66.54

2026-09-22T06:12:17.446Z,33.99,66.58

2026-09-22T06:12:22.446Z,34,66.57

2026-09-22T06:12:27.460Z,33.98,66.57

2026-09-22T06:12:32.448Z,33.99,66.48

2026-09-22T06:12:37.448Z,33.99,66.5

2026-09-22T06:12:42.447Z,33.99,66.5

2026-09-22T06:12:47.447Z,33.99,66.37

2026-09-22T06:12:52.489Z,33.98,66.38

2026-09-22T06:12:57.461Z,33.98,66.35

2026-09-22T06:13:02.451Z,33.97,66.41

2026-09-22T06:13:07.452Z,33.98,66.34

2026-09-22T06:13:12.452Z,34,66.39

2026-09-22T06:13:17.453Z,33.99,66.42

2026-09-22T06:13:22.466Z,33.98,66.45

2026-09-22T06:13:27.477Z,33.99,66.51

2026-09-22T06:13:32.465Z,33.98,66.46

2026-09-22T06:13:37.465Z,33.98,66.47

2026-09-22T06:13:42.466Z,33.98,66.46

2026-09-22T06:13:47.467Z,33.97,66.47

2026-09-22T06:13:52.479Z,33.98,66.51

2026-09-22T06:13:57.489Z,33.99,66.52

2026-09-22T06:14:02.479Z,33.97,66.52

2026-09-22T06:14:07.480Z,34,66.59

2026-09-22T06:14:12.479Z,33.99,66.59

2026-09-22T06:14:17.479Z,33.97,66.6

2026-09-22T06:14:22.491Z,33.99,66.6

2026-09-22T06:14:27.502Z,33.98,66.7

2026-09-22T06:14:32.492Z,33.99,66.61

2026-09-22T06:14:37.489Z,33.98,66.62

2026-09-22T06:14:42.490Z,33.99,66.71

2026-09-22T06:14:47.490Z,33.99,66.72

2026-09-22T06:14:52.488Z,33.98,66.69

2026-09-22T06:14:57.503Z,33.95,66.75

2026-09-22T06:15:02.490Z,33.97,66.75

2026-09-22T06:15:07.489Z,33.98,66.77

2026-09-22T06:15:12.488Z,33.98,66.74

2026-09-22T06:15:17.489Z,33.97,66.79

2026-09-22T06:15:22.495Z,33.98,66.77

2026-09-22T06:15:27.508Z,33.97,66.83

2026-09-22T06:15:32.492Z,33.98,66.81

2026-09-22T06:15:37.497Z,33.98,66.86

2026-09-22T06:15:42.496Z,33.99,66.86

2026-09-22T06:15:47.496Z,33.99,66.82

2026-09-22T06:15:52.505Z,33.97,66.83

2026-09-22T06:15:57.525Z,33.99,66.94

2026-09-22T06:16:02.505Z,33.99,66.85

2026-09-22T06:16:07.504Z,33.98,66.9

2026-09-22T06:16:12.506Z,33.96,66.9

2026-09-22T06:16:17.506Z,33.98,66.88

2026-09-22T06:16:22.519Z,33.96,66.9

2026-09-22T06:16:27.532Z,33.98,66.99

2026-09-22T06:16:32.518Z,33.95,66.95

2026-09-22T06:16:37.519Z,33.97,66.95

2026-09-22T06:16:42.516Z,33.97,66.95

2026-09-22T06:16:47.517Z,33.96,66.95

2026-09-22T06:16:52.528Z,33.95,67.02

2026-09-22T06:16:57.539Z,33.95,67

2026-09-22T06:17:02.528Z,33.95,67.03

2026-09-22T06:17:07.527Z,33.97,67.04

2026-09-22T06:17:12.528Z,33.96,67.09

2026-09-22T06:17:17.529Z,33.95,67.03

2026-09-22T06:17:22.530Z,33.97,67.1

2026-09-22T06:17:27.543Z,33.96,67.13

2026-09-22T06:17:32.529Z,33.96,67.1

2026-09-22T06:17:37.528Z,33.93,67.18

2026-09-22T06:17:42.531Z,33.94,67.14

2026-09-22T06:17:47.528Z,33.96,67.17

2026-09-22T06:17:52.530Z,33.95,67.23

2026-09-22T06:17:57.541Z,33.96,67.19

2026-09-22T06:18:02.529Z,33.95,67.18

2026-09-22T06:18:07.530Z,33.96,67.16

2026-09-22T06:18:12.529Z,33.95,67.15

2026-09-22T06:18:17.531Z,33.94,67.21

2026-09-22T06:18:22.531Z,33.97,67.17

2026-09-22T06:18:27.542Z,33.95,67.22

2026-09-22T06:18:32.529Z,33.96,67.21

2026-09-22T06:18:37.530Z,33.97,67.14

2026-09-22T06:18:42.531Z,33.97,67.15

2026-09-22T06:18:47.531Z,33.97,67.14

2026-09-22T06:18:52.536Z,33.96,67.13

2026-09-22T06:18:57.544Z,33.94,67.14

2026-09-22T06:19:02.532Z,33.97,67.15

2026-09-22T06:19:07.533Z,34,67.12

2026-09-22T06:19:12.533Z,33.98,67.1

2026-09-22T06:19:17.533Z,33.98,67.11

2026-09-22T06:19:22.543Z,34,67.08

2026-09-22T06:19:27.556Z,33.98,67.16

2026-09-22T06:19:32.542Z,33.99,67.19

2026-09-22T06:19:37.541Z,33.99,67.17

2026-09-22T06:19:42.542Z,33.99,67.16

2026-09-22T06:19:47.541Z,33.99,67.17

2026-09-22T06:19:52.553Z,34,67.16

2026-09-22T06:19:57.566Z,34,67.18

2026-09-22T06:20:02.552Z,34.01,67.13

2026-09-22T06:20:07.553Z,34.01,67.12

2026-09-22T06:20:12.553Z,34.02,67.12

2026-09-22T06:20:17.554Z,34.01,67.13

2026-09-22T06:20:22.556Z,34.02,67.17

2026-09-22T06:20:27.570Z,34.02,67.17

2026-09-22T06:20:32.556Z,34.02,67.16

2026-09-22T06:20:37.556Z,34.03,67.12

2026-09-22T06:20:42.554Z,34.02,67.18

2026-09-22T06:20:47.556Z,34.04,67.2

2026-09-22T06:20:52.565Z,34.03,67.17

2026-09-22T06:20:57.577Z,34.03,67.29

2026-09-22T06:21:02.562Z,34.04,67.16

2026-09-22T06:21:07.563Z,34.04,67.14

2026-09-22T06:21:12.563Z,34.04,67.19

2026-09-22T06:21:17.564Z,34.02,67.13

2026-09-22T06:21:22.573Z,34.05,67.12

2026-09-22T06:21:27.584Z,34.03,67.21

2026-09-22T06:21:32.569Z,34.05,67.14

2026-09-22T06:21:37.575Z,34.03,67.14

2026-09-22T06:21:42.574Z,34.05,67.22

2026-09-22T06:21:47.574Z,34.05,67.16

2026-09-22T06:21:52.586Z,34.05,67.21

2026-09-22T06:21:57.597Z,34.05,67.23

2026-09-22T06:22:02.583Z,34.05,67.18

2026-09-22T06:22:07.585Z,34.06,67.12

2026-09-22T06:22:12.584Z,34.07,67.13

2026-09-22T06:22:17.582Z,34.06,67.12

2026-09-22T06:22:22.585Z,34.07,67.16

2026-09-22T06:22:27.596Z,34.07,67.16

2026-09-22T06:22:32.583Z,34.07,67.11

2026-09-22T06:22:37.585Z,34.08,67.14

2026-09-22T06:22:42.586Z,34.09,67.11

2026-09-22T06:22:47.587Z,34.1,67.11

2026-09-22T06:22:52.600Z,34.1,67.16

2026-09-22T06:22:57.611Z,34.08,67.23

2026-09-22T06:23:02.596Z,34.1,67.36

2026-09-22T06:23:07.602Z,34.1,67.53

2026-09-22T06:23:12.599Z,34.1,67.55

2026-09-22T06:23:17.598Z,34.09,67.54

2026-09-22T06:23:22.616Z,34.1,67.54

2026-09-22T06:23:27.626Z,34.1,67.5

2026-09-22T06:23:32.616Z,34.11,67.45

2026-09-22T06:23:37.615Z,34.1,67.38

2026-09-22T06:23:42.615Z,34.11,67.33

2026-09-22T06:23:47.616Z,34.11,67.37

2026-09-22T06:23:52.624Z,34.12,67.4

2026-09-22T06:23:57.633Z,34.11,67.43

2026-09-22T06:24:02.622Z,34.12,67.43

2026-09-22T06:24:07.623Z,34.12,67.49

2026-09-22T06:24:12.623Z,34.12,67.47

2026-09-22T06:24:17.623Z,34.09,67.47

2026-09-22T06:24:22.633Z,34.12,67.45

2026-09-22T06:24:27.646Z,34.1,67.45

2026-09-22T06:24:32.633Z,34.11,67.36

2026-09-22T06:24:37.635Z,34.11,67.41

2026-09-22T06:24:42.634Z,34.11,67.43

2026-09-22T06:24:47.635Z,34.12,67.43

2026-09-22T06:24:52.641Z,34.12,67.46

2026-09-22T06:24:57.650Z,34.12,67.49

2026-09-22T06:25:02.639Z,34.13,67.48

2026-09-22T06:25:07.642Z,34.14,67.48

2026-09-22T06:25:12.640Z,34.12,67.5

2026-09-22T06:25:17.640Z,34.14,67.43

2026-09-22T06:25:22.646Z,34.12,67.44

2026-09-22T06:25:27.655Z,34.13,67.61

2026-09-22T06:25:32.644Z,34.13,67.61

2026-09-22T06:25:37.645Z,34.14,67.63

2026-09-22T06:25:42.643Z,34.12,67.65

2026-09-22T06:25:47.644Z,34.14,67.83

2026-09-22T06:25:52.645Z,34.13,67.82

2026-09-22T06:25:57.655Z,34.12,67.78

2026-09-22T06:26:02.645Z,34.12,67.77

2026-09-22T06:26:07.642Z,34.13,67.78

2026-09-22T06:26:12.643Z,34.11,67.74

2026-09-22T06:26:17.644Z,34.13,67.78

2026-09-22T06:26:22.658Z,34.11,67.88

2026-09-22T06:26:27.664Z,34.13,67.84

2026-09-22T06:26:32.655Z,34.12,67.86

2026-09-22T06:26:37.659Z,34.12,67.79

2026-09-22T06:26:42.661Z,34.14,67.7

2026-09-22T06:26:47.656Z,34.14,67.75

2026-09-22T06:26:52.691Z,34.12,67.56

2026-09-22T06:26:57.700Z,34.14,67.63

2026-09-22T06:27:02.691Z,34.13,67.61

2026-09-22T06:27:07.690Z,34.14,67.52

2026-09-22T06:27:12.692Z,34.14,67.54

2026-09-22T06:27:17.691Z,34.14,67.63

2026-09-22T06:27:22.691Z,34.14,67.58

2026-09-22T06:27:27.707Z,34.15,67.72

2026-09-22T06:27:32.693Z,34.14,67.66

2026-09-22T06:27:37.693Z,34.14,67.77

2026-09-22T06:27:42.693Z,34.14,67.78

2026-09-22T06:27:47.694Z,34.13,67.73

2026-09-22T06:27:52.695Z,34.14,67.68

2026-09-22T06:27:57.707Z,34.15,67.7

2026-09-22T06:28:02.696Z,34.14,67.73

2026-09-22T06:28:07.693Z,34.13,67.81

2026-09-22T06:28:12.696Z,34.12,67.8

2026-09-22T06:28:17.696Z,34.14,67.87

2026-09-22T06:28:22.699Z,34.14,67.82

2026-09-22T06:28:27.709Z,34.14,67.8

2026-09-22T06:28:32.695Z,34.16,67.74

2026-09-22T06:28:37.695Z,34.15,67.79

2026-09-22T06:28:42.696Z,34.14,67.74

2026-09-22T06:28:47.697Z,34.15,67.72

2026-09-22T06:28:52.697Z,34.15,67.64

2026-09-22T06:28:57.716Z,34.15,67.68

2026-09-22T06:29:02.697Z,34.14,67.69

2026-09-22T06:29:07.698Z,34.17,67.74

2026-09-22T06:29:12.698Z,34.18,67.78

2026-09-22T06:29:17.698Z,34.16,67.7

2026-09-22T06:29:22.698Z,34.17,67.73

2026-09-22T06:29:27.715Z,34.17,67.71

2026-09-22T06:29:32.699Z,34.18,67.76

2026-09-22T06:29:37.697Z,34.17,67.78

2026-09-22T06:29:42.698Z,34.16,67.79

2026-09-22T06:29:47.700Z,34.17,67.82

2026-09-22T06:29:52.708Z,34.17,67.79

2026-09-22T06:29:57.724Z,34.16,67.78

2026-09-22T06:30:02.704Z,34.18,67.75

2026-09-22T06:30:07.705Z,34.19,67.77

2026-09-22T06:30:12.708Z,34.19,67.71

2026-09-22T06:30:17.706Z,34.2,67.69

2026-09-22T06:30:22.715Z,34.2,67.64

2026-09-22T06:30:27.726Z,34.19,67.69

2026-09-22T06:30:32.714Z,34.19,67.61

2026-09-22T06:30:37.714Z,34.19,67.61

2026-09-22T06:30:42.715Z,34.21,67.6

2026-09-22T06:30:47.715Z,34.23,67.75

2026-09-22T06:30:52.724Z,34.21,67.84

2026-09-22T06:30:57.736Z,34.21,67.86

2026-09-22T06:31:02.726Z,34.22,67.93

2026-09-22T06:31:07.726Z,34.21,67.94

2026-09-22T06:31:12.725Z,34.22,67.91

2026-09-22T06:31:17.725Z,34.21,67.86

2026-09-22T06:31:22.734Z,34.22,67.89

2026-09-22T06:31:27.746Z,34.21,67.92

2026-09-22T06:31:32.733Z,34.23,67.91

2026-09-22T06:31:37.734Z,34.22,67.86

2026-09-22T06:31:42.734Z,34.22,67.89

2026-09-22T06:31:47.735Z,34.23,67.94

2026-09-22T06:31:52.733Z,34.22,67.88

2026-09-22T06:31:57.743Z,34.22,67.94

2026-09-22T06:32:02.734Z,34.22,67.96

2026-09-22T06:32:07.736Z,34.21,67.98

2026-09-22T06:32:12.734Z,34.22,67.98

2026-09-22T06:32:17.736Z,34.22,67.94

2026-09-22T06:32:22.744Z,34.22,68.01

2026-09-22T06:32:27.756Z,34.21,67.99

2026-09-22T06:32:32.741Z,34.21,67.98

2026-09-22T06:32:37.745Z,34.22,67.99

2026-09-22T06:32:42.744Z,34.21,68.06

2026-09-22T06:32:47.745Z,34.22,67.98

2026-09-22T06:32:52.744Z,34.21,68.04

2026-09-22T06:32:57.761Z,34.21,68.2

2026-09-22T06:33:02.746Z,34.21,68.21

2026-09-22T06:33:07.747Z,34.21,68.2

2026-09-22T06:33:12.746Z,34.2,68.13

2026-09-22T06:33:17.746Z,34.2,68.17

2026-09-22T06:33:22.746Z,34.2,68.18

2026-09-22T06:33:27.766Z,34.21,68.23

2026-09-22T06:33:32.753Z,34.21,68.17

2026-09-22T06:33:37.755Z,34.19,68.17

2026-09-22T06:33:42.755Z,34.19,68.21

2026-09-22T06:33:47.755Z,34.21,68.21

2026-09-22T06:33:52.755Z,34.21,68.22

2026-09-22T06:33:57.773Z,34.2,68.23

2026-09-22T06:34:02.756Z,34.19,68.22

2026-09-22T06:34:07.754Z,34.2,68.25

2026-09-22T06:34:12.755Z,34.21,68.18

2026-09-22T06:34:17.755Z,34.19,68.22

2026-09-22T06:34:22.756Z,34.2,68.21

2026-09-22T06:34:27.769Z,34.18,68.27

2026-09-22T06:34:32.758Z,34.2,68.24

2026-09-22T06:34:37.758Z,34.22,68.25

2026-09-22T06:34:42.759Z,34.2,68.24

2026-09-22T06:34:47.759Z,34.21,68.25

2026-09-22T06:34:52.773Z,34.22,68.25

2026-09-22T06:34:57.785Z,34.21,68.28

2026-09-22T06:35:02.773Z,34.23,68.28

2026-09-22T06:35:07.776Z,34.21,68.3

2026-09-22T06:35:12.774Z,34.22,68.3

2026-09-22T06:35:17.774Z,34.22,68.31

2026-09-22T06:35:22.793Z,34.21,68.35

2026-09-22T06:35:27.803Z,34.21,68.49

2026-09-22T06:35:32.791Z,34.22,68.52

2026-09-22T06:35:37.790Z,34.22,68.58

2026-09-22T06:35:42.790Z,34.2,68.51

2026-09-22T06:35:47.790Z,34.21,68.55

2026-09-22T06:35:52.795Z,34.21,68.61

2026-09-22T06:35:57.808Z,34.21,68.59

2026-09-22T06:36:02.795Z,34.23,68.56

2026-09-22T06:36:07.796Z,34.21,68.54

2026-09-22T06:36:12.796Z,34.21,68.48

2026-09-22T06:36:17.797Z,34.21,68.45

2026-09-22T06:36:22.795Z,34.2,68.52

2026-09-22T06:36:27.810Z,34.21,68.52

2026-09-22T06:36:32.798Z,34.18,68.49

2026-09-22T06:36:37.799Z,34.2,68.47

2026-09-22T06:36:42.800Z,34.2,68.52

2026-09-22T06:36:47.799Z,34.2,68.47

2026-09-22T06:36:52.807Z,34.19,68.51

2026-09-22T06:36:57.818Z,34.19,68.51

2026-09-22T06:37:02.806Z,34.19,68.48

2026-09-22T06:37:07.806Z,34.2,68.49

2026-09-22T06:37:12.807Z,34.2,68.5

2026-09-22T06:37:17.808Z,34.21,68.5

2026-09-22T06:37:22.821Z,34.2,68.5

2026-09-22T06:37:27.836Z,34.21,68.53

2026-09-22T06:37:32.821Z,34.23,68.57

2026-09-22T06:37:37.821Z,34.21,68.52

2026-09-22T06:37:42.821Z,34.2,68.5

2026-09-22T06:37:47.822Z,34.2,68.53

2026-09-22T06:37:52.833Z,34.21,68.55

2026-09-22T06:37:57.845Z,34.2,68.57

2026-09-22T06:38:02.831Z,34.19,68.51

2026-09-22T06:38:07.831Z,34.2,68.53

2026-09-22T06:38:12.832Z,34.2,68.53

2026-09-22T06:38:17.832Z,34.17,68.53

2026-09-22T06:38:22.842Z,34.18,68.54

2026-09-22T06:38:27.856Z,34.2,68.6

2026-09-22T06:38:32.843Z,34.2,68.6

2026-09-22T06:38:37.841Z,34.18,68.58

2026-09-22T06:38:42.839Z,34.2,68.52

2026-09-22T06:38:47.841Z,34.21,68.51

2026-09-22T06:38:52.847Z,34.22,68.52

2026-09-22T06:38:57.859Z,34.2,68.62

2026-09-22T06:39:02.849Z,34.22,68.59

2026-09-22T06:39:07.847Z,34.22,68.6

2026-09-22T06:39:12.847Z,34.22,68.62

2026-09-22T06:39:17.849Z,34.23,68.71

2026-09-22T06:39:22.847Z,34.24,68.64

2026-09-22T06:39:27.860Z,34.23,68.73

2026-09-22T06:39:32.846Z,34.23,68.66

2026-09-22T06:39:37.845Z,34.25,68.68

2026-09-22T06:39:42.845Z,34.23,68.7

2026-09-22T06:39:47.848Z,34.24,68.67

2026-09-22T06:39:52.847Z,34.21,68.69

2026-09-22T06:39:57.855Z,34.23,68.67

2026-09-22T06:40:02.849Z,34.23,68.65

2026-09-22T06:40:07.849Z,34.24,68.71

2026-09-22T06:40:12.848Z,34.24,68.72

2026-09-22T06:40:17.848Z,34.23,68.72

2026-09-22T06:40:22.848Z,34.24,68.71

2026-09-22T06:40:27.862Z,34.23,68.8

2026-09-22T06:40:32.849Z,34.25,68.78

2026-09-22T06:40:37.847Z,34.23,68.81

2026-09-22T06:40:42.849Z,34.25,68.74

2026-09-22T06:40:47.850Z,34.24,68.87

2026-09-22T06:40:52.859Z,34.24,68.85

2026-09-22T06:40:57.863Z,34.23,68.83

2026-09-22T06:41:02.855Z,34.26,68.81

2026-09-22T06:41:07.855Z,34.24,68.82

2026-09-22T06:41:12.856Z,34.23,68.8

2026-09-22T06:41:17.856Z,34.24,68.75

2026-09-22T06:41:22.872Z,34.25,68.79

2026-09-22T06:41:27.882Z,34.25,68.78

2026-09-22T06:41:32.872Z,34.27,68.76

2026-09-22T06:41:37.872Z,34.25,68.89

2026-09-22T06:41:42.871Z,34.26,68.9

2026-09-22T06:41:47.872Z,34.28,68.97

2026-09-22T06:41:52.876Z,34.26,69.13

2026-09-22T06:41:57.887Z,34.26,69.28

2026-09-22T06:42:02.875Z,34.26,69.3

2026-09-22T06:42:07.875Z,34.26,69.42

2026-09-22T06:42:12.876Z,34.26,69.39

2026-09-22T06:42:17.877Z,34.28,69.07

2026-09-22T06:42:22.885Z,34.27,68.83

2026-09-22T06:42:27.897Z,34.26,68.72

2026-09-22T06:42:32.885Z,34.26,68.58

2026-09-22T06:42:37.888Z,34.22,68.33

2026-09-22T06:42:42.886Z,34.25,68.09

2026-09-22T06:42:47.887Z,34.22,68.07

2026-09-22T06:42:52.899Z,34.24,68.26

2026-09-22T06:42:57.905Z,34.22,68.31

2026-09-22T06:43:02.894Z,34.23,68.35

2026-09-22T06:43:07.896Z,34.22,68.39

2026-09-22T06:43:12.896Z,34.23,68.43

2026-09-22T06:43:17.896Z,34.23,68.55

2026-09-22T06:43:22.903Z,34.2,68.61

2026-09-22T06:43:27.914Z,34.2,68.69

2026-09-22T06:43:32.900Z,34.2,68.64

2026-09-22T06:43:37.898Z,34.18,68.65

2026-09-22T06:43:42.900Z,34.21,68.66

2026-09-22T06:43:47.901Z,34.21,68.69

2026-09-22T06:43:52.899Z,34.2,68.62

2026-09-22T06:43:57.916Z,34.19,68.69

2026-09-22T06:44:02.900Z,34.2,68.66

2026-09-22T06:44:07.901Z,34.21,68.74

2026-09-22T06:44:12.900Z,34.21,68.89

2026-09-22T06:44:17.899Z,34.2,69.02

2026-09-22T06:44:22.905Z,34.21,69.04

2026-09-22T06:44:27.918Z,34.21,69.07

2026-09-22T06:44:32.907Z,34.21,69.08

2026-09-22T06:44:37.907Z,34.21,69.1

2026-09-22T06:44:42.907Z,34.21,69.17

2026-09-22T06:44:47.909Z,34.2,69.19

2026-09-22T06:44:52.909Z,34.2,69.16

2026-09-22T06:44:57.924Z,34.2,69.08

2026-09-22T06:45:02.908Z,34.2,69.06

2026-09-22T06:45:07.911Z,34.21,68.99

2026-09-22T06:45:12.911Z,34.2,69.06

2026-09-22T06:45:17.910Z,34.21,68.98

2026-09-22T06:45:22.923Z,34.22,68.99

2026-09-22T06:45:27.937Z,34.22,68.96

2026-09-22T06:45:32.922Z,34.21,68.99

2026-09-22T06:45:37.922Z,34.21,68.94

2026-09-22T06:45:42.923Z,34.19,68.91

2026-09-22T06:45:47.921Z,34.23,68.81

2026-09-22T06:45:52.932Z,34.21,68.86

2026-09-22T06:45:57.942Z,34.2,68.72

2026-09-22T06:46:02.932Z,34.2,68.75

2026-09-22T06:46:07.934Z,34.19,68.64

2026-09-22T06:46:12.932Z,34.17,68.63

2026-09-22T06:46:17.934Z,34.16,68.32

2026-09-22T06:46:22.942Z,34.15,68.19

2026-09-22T06:46:27.953Z,34.15,68.29

2026-09-22T06:46:32.941Z,34.14,68.33

2026-09-22T06:46:37.942Z,34.15,68.32

2026-09-22T06:46:42.941Z,34.16,68.36

2026-09-22T06:46:47.940Z,34.13,68.17

2026-09-22T06:46:52.953Z,34.12,68.2

2026-09-22T06:46:57.962Z,34.12,68.28

2026-09-22T06:47:02.952Z,34.14,68.23

2026-09-22T06:47:07.952Z,34.12,68.29

2026-09-22T06:47:12.952Z,34.11,68.32

2026-09-22T06:47:17.953Z,34.11,68.31

2026-09-22T06:47:22.955Z,34.09,68.31

2026-09-22T06:47:27.968Z,34.1,68.49

2026-09-22T06:47:32.956Z,34.1,68.56

2026-09-22T06:47:37.954Z,34.1,68.55

2026-09-22T06:47:42.956Z,34.09,68.62

2026-09-22T06:47:47.954Z,34.09,68.68

2026-09-22T06:47:52.969Z,34.09,68.76

2026-09-22T06:47:57.977Z,34.09,68.86

2026-09-22T06:48:02.965Z,34.09,68.88

2026-09-22T06:48:07.967Z,34.1,68.91

2026-09-22T06:48:12.967Z,34.09,68.98

2026-09-22T06:48:17.967Z,34.1,69.02

2026-09-22T06:48:22.987Z,34.11,69.06

2026-09-22T06:48:28.004Z,34.09,69.09

2026-09-22T06:48:32.984Z,34.09,68.96

2026-09-22T06:48:37.987Z,34.09,68.93

2026-09-22T06:48:42.984Z,34.11,68.91

2026-09-22T06:48:47.984Z,34.1,68.88

2026-09-22T06:48:52.994Z,34.08,68.6

2026-09-22T06:48:58.010Z,34.08,68.53

2026-09-22T06:49:02.996Z,34.09,68.42

2026-09-22T06:49:07.996Z,34.1,68.38

2026-09-22T06:49:12.996Z,34.09,68.37

2026-09-22T06:49:17.996Z,34.09,68.36

2026-09-22T06:49:23.005Z,34.08,68.42

2026-09-22T06:49:28.013Z,34.08,68.56

2026-09-22T06:49:32.999Z,34.07,68.56

2026-09-22T06:49:38.002Z,34.08,68.49

2026-09-22T06:49:43.003Z,34.06,68.51

2026-09-22T06:49:48.004Z,34.08,68.43

2026-09-22T06:49:53.014Z,34.09,68.42

2026-09-22T06:49:58.026Z,34.07,68.46

2026-09-22T06:50:03.013Z,34.06,68.34

2026-09-22T06:50:08.014Z,34.04,68.31

2026-09-22T06:50:13.013Z,34.06,68.28

2026-09-22T06:50:18.013Z,34.05,68.24

2026-09-22T06:50:23.020Z,34.06,68.27

2026-09-22T06:50:28.029Z,34.03,68.13

2026-09-22T06:50:33.018Z,34.02,68.07

2026-09-22T06:50:38.019Z,34.02,68.21

2026-09-22T06:50:43.018Z,34,68.27

2026-09-22T06:50:48.019Z,34.01,68.3

2026-09-22T06:50:53.018Z,34.03,68.34

2026-09-22T06:50:58.032Z,33.99,68.25

2026-09-22T06:51:03.020Z,33.99,68.22

2026-09-22T06:51:08.020Z,34,68.28

2026-09-22T06:51:13.019Z,33.99,68.23

2026-09-22T06:51:18.021Z,33.97,68.24

2026-09-22T06:51:23.020Z,33.96,68.36

2026-09-22T06:51:28.030Z,33.97,68.55

2026-09-22T06:51:33.020Z,33.95,68.63

2026-09-22T06:51:38.020Z,33.97,68.73

2026-09-22T06:51:43.021Z,33.96,68.72

2026-09-22T06:51:48.022Z,33.97,68.68

2026-09-22T06:51:53.023Z,33.95,68.46

2026-09-22T06:51:58.035Z,33.93,68.41

2026-09-22T06:52:03.023Z,33.94,68.32

2026-09-22T06:52:08.023Z,33.98,68.46

2026-09-22T06:52:13.024Z,33.95,68.48

2026-09-22T06:52:18.024Z,33.94,68.49

2026-09-22T06:52:23.024Z,33.94,68.47

2026-09-22T06:52:28.037Z,33.94,68.58

2026-09-22T06:52:33.024Z,33.94,68.62

2026-09-22T06:52:38.027Z,33.92,68.87

2026-09-22T06:52:43.026Z,33.94,68.78

2026-09-22T06:52:48.026Z,33.91,68.48

2026-09-22T06:52:53.036Z,33.9,68.41

2026-09-22T06:52:58.045Z,33.89,68.39

2026-09-22T06:53:03.034Z,33.9,68.41

2026-09-22T06:53:08.034Z,33.91,68.57

2026-09-22T06:53:13.034Z,33.88,68.5

2026-09-22T06:53:18.035Z,33.88,68.51

2026-09-22T06:53:23.043Z,33.85,68.46

2026-09-22T06:53:28.053Z,33.84,68.53

2026-09-22T06:53:33.040Z,33.86,68.64

2026-09-22T06:53:38.042Z,33.85,68.69

2026-09-22T06:53:43.041Z,33.86,68.76

2026-09-22T06:53:48.040Z,33.85,68.67

2026-09-22T06:53:53.059Z,33.84,68.74

2026-09-22T06:53:58.068Z,33.82,68.68

2026-09-22T06:54:03.060Z,33.83,68.48

2026-09-22T06:54:08.062Z,33.83,68.44

2026-09-22T06:54:13.060Z,33.83,68.34

2026-09-22T06:54:18.061Z,33.82,68.45

2026-09-22T06:54:23.069Z,33.81,68.6

2026-09-22T06:54:28.086Z,33.82,68.59

2026-09-22T06:54:33.069Z,33.81,68.56

2026-09-22T06:54:38.072Z,33.79,68.52

2026-09-22T06:54:43.070Z,33.79,68.43

2026-09-22T06:54:48.070Z,33.75,68.46

2026-09-22T06:54:53.074Z,33.8,68.43

2026-09-22T06:54:58.084Z,33.76,68.43

2026-09-22T06:55:03.071Z,33.77,68.48

2026-09-22T06:55:08.072Z,33.78,68.77

2026-09-22T06:55:13.072Z,33.76,68.75

2026-09-22T06:55:18.072Z,33.76,68.77

2026-09-22T06:55:23.088Z,33.76,68.79

2026-09-22T06:55:28.097Z,33.77,68.86

2026-09-22T06:55:33.085Z,33.77,68.89

2026-09-22T06:55:38.086Z,33.78,68.89

2026-09-22T06:55:43.086Z,33.78,68.92

2026-09-22T06:55:48.085Z,33.79,69.01

2026-09-22T06:55:53.092Z,33.76,69.09

2026-09-22T06:55:58.109Z,33.77,69.22

2026-09-22T06:56:03.090Z,33.79,69.3

2026-09-22T06:56:08.093Z,33.77,69.39

2026-09-22T06:56:13.093Z,33.79,69.39

2026-09-22T06:56:18.092Z,33.8,69.45

2026-09-22T06:56:23.105Z,33.8,69.43

2026-09-22T06:56:28.116Z,33.81,69.58

2026-09-22T06:56:33.104Z,33.81,69.75

2026-09-22T06:56:38.102Z,33.81,69.75

2026-09-22T06:56:43.105Z,33.82,69.76

2026-09-22T06:56:48.106Z,33.82,69.68

2026-09-22T06:56:53.112Z,33.82,69.67

2026-09-22T06:56:58.125Z,33.83,69.57

2026-09-22T06:57:03.114Z,33.83,69.5

2026-09-22T06:57:08.112Z,33.84,69.38

2026-09-22T06:57:13.110Z,33.84,69.35

2026-09-22T06:57:18.111Z,33.86,69.24

2026-09-22T06:57:23.115Z,33.87,69.27

2026-09-22T06:57:28.129Z,33.85,69.26

2026-09-22T06:57:33.116Z,33.87,69.21

2026-09-22T06:57:38.116Z,33.86,69.21

2026-09-22T06:57:43.117Z,33.87,69.32

2026-09-22T06:57:48.117Z,33.89,69.33

2026-09-22T06:57:53.118Z,33.88,69.48

2026-09-22T06:57:58.129Z,33.89,69.43

2026-09-22T06:58:03.116Z,33.88,69.55

2026-09-22T06:58:08.119Z,33.88,69.52

2026-09-22T06:58:13.118Z,33.89,69.38

2026-09-22T06:58:18.117Z,33.9,69.29

2026-09-22T06:58:23.125Z,33.9,69.24

2026-09-22T06:58:28.137Z,33.89,69.13

2026-09-22T06:58:33.123Z,33.89,69.05

2026-09-22T06:58:38.127Z,33.9,68.97

2026-09-22T06:58:43.125Z,33.88,68.85

2026-09-22T06:58:48.124Z,33.87,68.72

2026-09-22T06:58:53.125Z,33.85,68.71

2026-09-22T06:58:58.136Z,33.85,68.7

2026-09-22T06:59:03.126Z,33.87,68.64

2026-09-22T06:59:08.128Z,33.86,68.63

2026-09-22T06:59:13.127Z,33.86,68.51

2026-09-22T06:59:18.126Z,33.84,68.55

2026-09-22T06:59:23.130Z,33.85,68.56

2026-09-22T06:59:28.145Z,33.83,68.56

2026-09-22T06:59:33.127Z,33.83,68.48

2026-09-22T06:59:38.134Z,33.82,68.52

2026-09-22T06:59:43.129Z,33.82,68.53

2026-09-22T06:59:48.130Z,33.82,68.46

2026-09-22T06:59:53.135Z,33.8,68.54

2026-09-22T06:59:58.146Z,33.8,68.36

2026-09-22T07:00:03.135Z,33.78,68.36

2026-09-22T07:00:08.136Z,33.77,68.46

2026-09-22T07:00:13.136Z,33.77,68.55

2026-09-22T07:00:18.135Z,33.76,68.36

2026-09-22T07:00:23.155Z,33.76,68.17

2026-09-22T07:00:28.166Z,33.74,68.09

2026-09-22T07:00:33.152Z,33.75,68.07

2026-09-22T07:00:38.154Z,33.75,68.05

2026-09-22T07:00:43.154Z,33.72,67.98

2026-09-22T07:00:48.155Z,33.72,68.1

2026-09-22T07:00:53.164Z,33.71,68.04

2026-09-22T07:00:58.176Z,33.71,68.06

2026-09-22T07:01:03.164Z,33.71,68

2026-09-22T07:01:08.165Z,33.69,67.96

2026-09-22T07:01:13.165Z,33.67,67.94

2026-09-22T07:01:18.164Z,33.68,67.98

2026-09-22T07:01:23.165Z,33.66,67.91

2026-09-22T07:01:28.179Z,33.67,67.96

2026-09-22T07:01:33.166Z,33.67,67.93

2026-09-22T07:01:38.167Z,33.68,67.9

2026-09-22T07:01:43.166Z,33.65,68.04

2026-09-22T07:01:48.167Z,33.66,68.03

2026-09-22T07:01:53.167Z,33.65,68.02

2026-09-22T07:01:58.181Z,33.63,68.05

2026-09-22T07:02:03.170Z,33.62,67.98

2026-09-22T07:02:08.168Z,33.64,68.03

2026-09-22T07:02:13.169Z,33.63,67.91

2026-09-22T07:02:18.171Z,33.62,67.97

2026-09-22T07:02:23.169Z,33.63,67.99

2026-09-22T07:02:28.181Z,33.6,67.93

2026-09-22T07:02:33.170Z,33.6,67.88

2026-09-22T07:02:38.170Z,33.6,68.05

2026-09-22T07:02:43.170Z,33.61,67.95

2026-09-22T07:02:48.171Z,33.58,67.95

2026-09-22T07:02:53.182Z,33.56,67.9

2026-09-22T07:02:58.196Z,33.55,67.88

2026-09-22T07:03:03.181Z,33.57,67.82

2026-09-22T07:03:08.183Z,33.55,67.66

2026-09-22T07:03:13.182Z,33.53,67.65

2026-09-22T07:03:18.183Z,33.54,67.6

2026-09-22T07:03:23.192Z,33.51,67.49

2026-09-22T07:03:28.206Z,33.52,67.47

2026-09-22T07:03:33.192Z,33.52,67.56

2026-09-22T07:03:38.193Z,33.51,67.49

2026-09-22T07:03:43.190Z,33.52,67.62

2026-09-22T07:03:48.192Z,33.5,67.58

2026-09-22T07:03:53.195Z,33.5,67.54

2026-09-22T07:03:58.205Z,33.49,67.61

2026-09-22T07:04:03.193Z,33.5,67.52

2026-09-22T07:04:08.194Z,33.5,67.38

2026-09-22T07:04:13.193Z,33.48,67.41

2026-09-22T07:04:18.192Z,33.48,67.38

2026-09-22T07:04:23.193Z,33.46,67.31

2026-09-22T07:04:28.206Z,33.49,67.35

2026-09-22T07:04:33.196Z,33.47,67.38

2026-09-22T07:04:38.195Z,33.49,67.49

2026-09-22T07:04:43.197Z,33.47,67.59

2026-09-22T07:04:48.196Z,33.46,67.58

2026-09-22T07:04:53.202Z,33.48,67.59

2026-09-22T07:04:58.217Z,33.48,67.68

2026-09-22T07:05:03.199Z,33.47,67.76

2026-09-22T07:05:08.199Z,33.49,67.89

2026-09-22T07:05:13.199Z,33.48,67.97

2026-09-22T07:05:18.200Z,33.48,68.05

2026-09-22T07:05:23.212Z,33.47,68.01

2026-09-22T07:05:28.221Z,33.48,67.99

2026-09-22T07:05:33.211Z,33.49,67.84

2026-09-22T07:05:38.211Z,33.5,67.82

2026-09-22T07:05:43.209Z,33.47,67.89

2026-09-22T07:05:48.211Z,33.5,67.97

2026-09-22T07:05:53.223Z,33.51,68

2026-09-22T07:05:58.236Z,33.51,68.01

2026-09-22T07:06:03.222Z,33.5,67.98

2026-09-22T07:06:08.224Z,33.52,67.9

2026-09-22T07:06:13.223Z,33.53,67.89

2026-09-22T07:06:18.226Z,33.53,67.85

2026-09-22T07:06:23.237Z,33.55,67.79

2026-09-22T07:06:28.246Z,33.55,67.83

2026-09-22T07:06:33.233Z,33.54,67.81

2026-09-22T07:06:38.234Z,33.54,67.8

2026-09-22T07:06:43.235Z,33.55,67.83

2026-09-22T07:06:48.234Z,33.56,67.82

2026-09-22T07:06:53.251Z,33.57,67.9

2026-09-22T07:06:58.262Z,33.57,67.96

2026-09-22T07:07:03.251Z,33.59,68.01

2026-09-22T07:07:08.252Z,33.56,68

2026-09-22T07:07:13.252Z,33.59,68.09

2026-09-22T07:07:18.252Z,33.6,68.12

2026-09-22T07:07:23.262Z,33.61,68.09

2026-09-22T07:07:28.267Z,33.61,68.11

2026-09-22T07:07:33.261Z,33.61,68.09

2026-09-22T07:07:38.264Z,33.62,68.07

2026-09-22T07:07:43.261Z,33.63,68.06

2026-09-22T07:07:48.263Z,33.62,68.05

2026-09-22T07:07:53.268Z,33.64,68.03

2026-09-22T07:07:58.283Z,33.64,68.09

2026-09-22T07:08:03.266Z,33.64,68.11

2026-09-22T07:08:08.267Z,33.64,68.28

2026-09-22T07:08:13.269Z,33.65,68.28

2026-09-22T07:08:18.265Z,33.67,68.38

2026-09-22T07:08:23.283Z,33.67,68.43

2026-09-22T07:08:28.298Z,33.67,68.42

2026-09-22T07:08:33.283Z,33.67,68.53

2026-09-22T07:08:38.282Z,33.68,68.62

2026-09-22T07:08:43.285Z,33.68,68.65

2026-09-22T07:08:48.283Z,33.72,68.65

2026-09-22T07:08:53.282Z,33.71,68.52

2026-09-22T07:08:58.303Z,33.73,68.47

2026-09-22T07:09:03.284Z,33.72,68.31

2026-09-22T07:09:08.286Z,33.71,68.21

2026-09-22T07:09:13.286Z,33.72,68.25

2026-09-22T07:09:18.287Z,33.73,68.33

2026-09-22T07:09:23.288Z,33.74,68.34

2026-09-22T07:09:28.301Z,33.74,68.36

2026-09-22T07:09:33.286Z,33.74,68.25

2026-09-22T07:09:38.288Z,33.75,68.29

2026-09-22T07:09:43.288Z,33.77,68.41

2026-09-22T07:09:48.289Z,33.76,68.51

2026-09-22T07:09:53.290Z,33.75,68.52

2026-09-22T07:09:58.307Z,33.78,68.45

2026-09-22T07:10:03.290Z,33.75,68.29

2026-09-22T07:10:08.294Z,33.77,68.1

2026-09-22T07:10:13.289Z,33.75,67.83

2026-09-22T07:10:18.295Z,33.75,67.57

2026-09-22T07:10:23.289Z,33.75,67.49

2026-09-22T07:10:28.308Z,33.75,67.49

2026-09-22T07:10:33.291Z,33.75,67.49

2026-09-22T07:10:38.292Z,33.74,67.56

2026-09-22T07:10:43.291Z,33.75,67.54

2026-09-22T07:10:48.291Z,33.78,67.55

2026-09-22T07:10:53.299Z,33.77,67.61

2026-09-22T07:10:58.306Z,33.75,67.69

2026-09-22T07:11:03.296Z,33.77,67.62

2026-09-22T07:11:08.295Z,33.75,67.6

2026-09-22T07:11:13.297Z,33.76,67.58

2026-09-22T07:11:18.295Z,33.76,67.54

2026-09-22T07:11:23.300Z,33.75,67.55

2026-09-22T07:11:28.309Z,33.77,67.61

2026-09-22T07:11:33.298Z,33.76,67.56

2026-09-22T07:11:38.300Z,33.78,67.48

2026-09-22T07:11:43.301Z,33.76,67.53

2026-09-22T07:11:48.301Z,33.77,67.59

2026-09-22T07:11:53.310Z,33.76,67.67

2026-09-22T07:11:58.324Z,33.76,67.79

2026-09-22T07:12:03.308Z,33.75,67.67

2026-09-22T07:12:08.309Z,33.76,67.55

2026-09-22T07:12:13.310Z,33.73,67.52

2026-09-22T07:12:18.308Z,33.74,67.48

2026-09-22T07:12:23.319Z,33.73,67.57

2026-09-22T07:12:28.329Z,33.71,67.6

2026-09-22T07:12:33.316Z,33.69,67.62

2026-09-22T07:12:38.316Z,33.68,67.61

2026-09-22T07:12:43.318Z,33.7,67.71

2026-09-22T07:12:48.318Z,33.68,67.67

2026-09-22T07:12:53.325Z,33.66,67.69

2026-09-22T07:12:58.335Z,33.64,67.75

2026-09-22T07:13:03.323Z,33.64,67.79

2026-09-22T07:13:08.322Z,33.62,67.79

2026-09-22T07:13:13.323Z,33.63,67.8

2026-09-22T07:13:18.324Z,33.62,67.82

2026-09-22T07:13:23.336Z,33.61,67.87

2026-09-22T07:13:28.348Z,33.6,67.97

2026-09-22T07:13:33.334Z,33.6,67.94

2026-09-22T07:13:38.337Z,33.61,67.94

2026-09-22T07:13:43.336Z,33.61,67.99

2026-09-22T07:13:48.335Z,33.61,67.99

2026-09-22T07:13:53.344Z,33.61,67.93

2026-09-22T07:13:58.356Z,33.59,67.85

2026-09-22T07:14:03.343Z,33.58,67.52

2026-09-22T07:14:08.344Z,33.6,67.61

2026-09-22T07:14:13.353Z,33.58,67.61

2026-09-22T07:14:18.365Z,33.57,67.58

2026-09-22T07:14:23.353Z,33.57,67.44

2026-09-22T07:14:28.353Z,33.57,67.47

2026-09-22T07:14:33.354Z,33.55,67.53

2026-09-22T07:14:38.354Z,33.56,67.36

2026-09-22T07:14:43.363Z,33.56,67.37

2026-09-22T07:14:48.373Z,33.53,67.43

2026-09-22T07:14:53.362Z,33.57,67.47

2026-09-22T07:14:58.362Z,33.55,67.43

2026-09-22T07:15:03.363Z,33.58,67.54

2026-09-22T07:15:08.363Z,33.56,67.6

2026-09-22T07:15:13.367Z,33.56,67.47

2026-09-22T07:15:18.381Z,33.55,67.49

2026-09-22T07:15:23.368Z,33.55,67.41

2026-09-22T07:15:28.369Z,33.54,67.36

2026-09-22T07:15:33.369Z,33.5,67.29

2026-09-22T07:15:38.368Z,33.5,67.35

2026-09-22T07:15:43.367Z,33.49,67.44

2026-09-22T07:15:48.378Z,33.5,67.5

2026-09-22T07:15:53.370Z,33.49,67.44

2026-09-22T07:15:58.369Z,33.5,67.43

2026-09-22T07:16:03.368Z,33.52,67.51

2026-09-22T07:16:08.369Z,33.49,67.51

2026-09-22T07:16:13.367Z,33.49,67.52

2026-09-22T07:16:18.378Z,33.49,67.69

2026-09-22T07:16:23.368Z,33.49,67.66

2026-09-22T07:16:28.369Z,33.51,67.59

2026-09-22T07:16:33.370Z,33.52,67.66

2026-09-22T07:16:38.369Z,33.51,67.76

2026-09-22T07:16:43.372Z,33.53,67.81

2026-09-22T07:16:48.385Z,33.5,67.87

2026-09-22T07:16:53.373Z,33.5,67.87

2026-09-22T07:16:58.373Z,33.55,67.93

2026-09-22T07:17:03.374Z,33.53,68.13

2026-09-22T07:17:08.373Z,33.54,68.23

2026-09-22T07:17:13.394Z,33.53,68.31

2026-09-22T07:17:18.405Z,33.54,68.35

2026-09-22T07:17:23.392Z,33.55,68.27

2026-09-22T07:17:28.391Z,33.55,68.27

2026-09-22T07:17:33.391Z,33.57,68.3

2026-09-22T07:17:38.392Z,33.59,68.3

2026-09-22T07:17:43.406Z,33.58,68.3

2026-09-22T07:17:48.418Z,33.57,68.33

2026-09-22T07:17:53.406Z,33.58,68.36

2026-09-22T07:17:58.406Z,33.61,68.26

2026-09-22T07:18:03.405Z,33.61,68.26

2026-09-22T07:18:08.407Z,33.6,68.27

2026-09-22T07:18:13.416Z,33.6,68.12

2026-09-22T07:18:18.424Z,33.61,68.02

2026-09-22T07:18:23.412Z,33.61,67.81

2026-09-22T07:18:28.412Z,33.64,67.64

2026-09-22T07:18:33.411Z,33.63,67.48

2026-09-22T07:18:38.414Z,33.66,67.56

2026-09-22T07:18:43.423Z,33.64,67.36

2026-09-22T07:18:48.432Z,33.64,67.29

2026-09-22T07:18:53.421Z,33.65,67.03

2026-09-22T07:18:58.422Z,33.63,67.01

2026-09-22T07:19:03.421Z,33.64,67.07

2026-09-22T07:19:08.419Z,33.63,67.02

2026-09-22T07:19:13.421Z,33.64,67.02

2026-09-22T07:19:18.431Z,33.66,67.04

2026-09-22T07:19:23.422Z,33.67,67.02

2026-09-22T07:19:28.424Z,33.65,67.09

2026-09-22T07:19:33.423Z,33.67,67.08

2026-09-22T07:19:38.424Z,33.65,66.99

2026-09-22T07:19:43.433Z,33.63,67.08

2026-09-22T07:19:48.445Z,33.65,67.13

2026-09-22T07:19:53.429Z,33.68,67.07

2026-09-22T07:19:58.429Z,33.68,67.04

2026-09-22T07:20:03.431Z,33.67,67.05

2026-09-22T07:20:08.429Z,33.7,66.96

2026-09-22T07:20:13.430Z,33.7,66.91

2026-09-22T07:20:18.443Z,33.69,66.87

2026-09-22T07:20:23.431Z,33.71,66.86

2026-09-22T07:20:28.433Z,33.7,66.83

2026-09-22T07:20:33.432Z,33.69,66.85

2026-09-22T07:20:38.437Z,33.71,66.93

2026-09-22T07:20:43.435Z,33.71,66.99

2026-09-22T07:20:48.441Z,33.71,67.06

2026-09-22T07:20:53.438Z,33.73,66.99

2026-09-22T07:20:58.437Z,33.72,67.02

2026-09-22T07:21:03.436Z,33.73,67.01

2026-09-22T07:21:08.435Z,33.74,66.95

2026-09-22T07:21:13.439Z,33.75,66.86

2026-09-22T07:21:18.451Z,33.77,66.88

2026-09-22T07:21:23.439Z,33.75,66.76

2026-09-22T07:21:28.437Z,33.76,66.81

2026-09-22T07:21:33.439Z,33.76,66.77

2026-09-22T07:21:38.440Z,33.76,66.75

2026-09-22T07:21:43.450Z,33.79,66.69

2026-09-22T07:21:48.462Z,33.76,66.71

2026-09-22T07:21:53.450Z,33.8,66.67

2026-09-22T07:21:58.450Z,33.78,66.68

2026-09-22T07:22:03.449Z,33.8,66.64

2026-09-22T07:22:08.450Z,33.8,66.54

2026-09-22T07:22:13.460Z,33.79,66.26

2026-09-22T07:22:18.470Z,33.79,66.13

2026-09-22T07:22:23.459Z,33.79,65.88

2026-09-22T07:22:28.459Z,33.78,65.88

2026-09-22T07:22:33.458Z,33.79,65.91

2026-09-22T07:22:38.460Z,33.8,65.76

2026-09-22T07:22:43.472Z,33.81,65.71

2026-09-22T07:22:48.485Z,33.8,65.78

2026-09-22T07:22:53.470Z,33.79,65.83

2026-09-22T07:22:58.471Z,33.79,65.84

2026-09-22T07:23:03.471Z,33.78,65.73

2026-09-22T07:23:08.472Z,33.79,65.65

2026-09-22T07:23:13.471Z,33.78,65.48

2026-09-22T07:23:18.485Z,33.78,65.64

2026-09-22T07:23:23.473Z,33.77,65.94

2026-09-22T07:23:28.470Z,33.77,65.78

2026-09-22T07:23:33.472Z,33.77,65.55

2026-09-22T07:23:38.473Z,33.77,65.58

2026-09-22T07:23:43.474Z,33.76,65.64

2026-09-22T07:23:48.485Z,33.76,65.44

2026-09-22T07:23:53.473Z,33.75,65.36

2026-09-22T07:23:58.473Z,33.77,65.37

2026-09-22T07:24:03.475Z,33.74,65.23

2026-09-22T07:24:08.475Z,33.75,65.2

2026-09-22T07:24:13.477Z,33.72,65.24

2026-09-22T07:24:18.490Z,33.74,65.36

2026-09-22T07:24:23.480Z,33.73,65.39

2026-09-22T07:24:28.480Z,33.74,65.53

2026-09-22T07:24:33.480Z,33.75,65.53

2026-09-22T07:24:38.481Z,33.73,65.51

2026-09-22T07:24:43.490Z,33.75,65.51

2026-09-22T07:24:48.506Z,33.73,65.62

2026-09-22T07:24:53.488Z,33.73,65.57

2026-09-22T07:24:58.488Z,33.75,65.58

2026-09-22T07:25:03.486Z,33.74,65.63

2026-09-22T07:25:08.490Z,33.73,65.58

2026-09-22T07:25:13.505Z,33.74,65.55

2026-09-22T07:25:18.514Z,33.74,65.51

2026-09-22T07:25:23.503Z,33.76,65.5

2026-09-22T07:25:28.504Z,33.76,65.54

2026-09-22T07:25:33.505Z,33.75,65.5

2026-09-22T07:25:38.504Z,33.77,65.58

2026-09-22T07:25:43.514Z,33.74,65.6

2026-09-22T07:25:48.526Z,33.75,65.57

2026-09-22T07:25:53.511Z,33.73,65.22

2026-09-22T07:25:58.513Z,33.74,65

2026-09-22T07:26:03.510Z,33.75,65

2026-09-22T07:26:08.513Z,33.76,65.08

2026-09-22T07:26:13.539Z,33.76,65

2026-09-22T07:26:18.550Z,33.77,65.06

2026-09-22T07:26:23.537Z,33.78,65.01

2026-09-22T07:26:28.537Z,33.75,64.94

2026-09-22T07:26:33.537Z,33.75,64.92

2026-09-22T07:26:38.537Z,33.76,64.95

2026-09-22T07:26:43.537Z,33.76,64.95

2026-09-22T07:26:48.550Z,33.74,65.06

2026-09-22T07:26:53.539Z,33.75,65.11

2026-09-22T07:26:58.540Z,33.76,65.15

2026-09-22T07:27:03.539Z,33.74,65.26

2026-09-22T07:27:08.541Z,33.74,65.03

2026-09-22T07:27:13.539Z,33.73,64.98

2026-09-22T07:27:18.550Z,33.69,64.81

2026-09-22T07:27:23.542Z,33.66,64.72

2026-09-22T07:27:28.543Z,33.67,64.77

2026-09-22T07:27:33.543Z,33.67,64.82

2026-09-22T07:27:38.543Z,33.66,64.94

2026-09-22T07:27:43.544Z,33.66,64.8

2026-09-22T07:27:48.555Z,33.66,64.98

2026-09-22T07:27:53.543Z,33.66,65.05

2026-09-22T07:27:58.542Z,33.63,64.79

2026-09-22T07:28:03.547Z,33.62,64.75

2026-09-22T07:28:08.546Z,33.62,64.91

2026-09-22T07:28:13.547Z,33.64,64.92

2026-09-22T07:28:18.557Z,33.62,64.96

2026-09-22T07:28:23.543Z,33.62,64.96

2026-09-22T07:28:28.544Z,33.6,64.96

2026-09-22T07:28:33.542Z,33.6,64.78

2026-09-22T07:28:38.544Z,33.61,64.91

2026-09-22T07:28:43.542Z,33.6,65.07

2026-09-22T07:28:48.557Z,33.6,65.19

2026-09-22T07:28:53.546Z,33.61,65.2

2026-09-22T07:28:58.546Z,33.61,65.31

2026-09-22T07:29:03.546Z,33.62,65.41

2026-09-22T07:29:08.548Z,33.6,65.29

2026-09-22T07:29:13.559Z,33.6,65.13

2026-09-22T07:29:18.570Z,33.59,65.21

2026-09-22T07:29:23.557Z,33.61,65.2

2026-09-22T07:29:28.560Z,33.6,65.22

2026-09-22T07:29:33.559Z,33.59,65.28

2026-09-22T07:29:38.559Z,33.59,65.3

2026-09-22T07:29:43.561Z,33.59,65.31

2026-09-22T07:29:48.571Z,33.6,65.37

2026-09-22T07:29:53.557Z,33.61,65.31

2026-09-22T07:29:58.560Z,33.61,65.26

2026-09-22T07:30:03.561Z,33.59,65.26

2026-09-22T07:30:08.560Z,33.62,65.22

2026-09-22T07:30:13.580Z,33.61,65.2

2026-09-22T07:30:18.594Z,33.61,65.27

2026-09-22T07:30:23.579Z,33.62,65.32

2026-09-22T07:30:28.579Z,33.62,65.28

2026-09-22T07:30:33.581Z,33.61,65.06

2026-09-22T07:30:38.581Z,33.6,64.92

2026-09-22T07:30:43.587Z,33.59,64.98

2026-09-22T07:30:48.599Z,33.59,65.01

2026-09-22T07:30:53.586Z,33.57,65.07

2026-09-22T07:30:58.587Z,33.62,65.06

2026-09-22T07:31:03.585Z,33.61,65.12

2026-09-22T07:31:08.584Z,33.62,65.15

2026-09-22T07:31:13.606Z,33.61,65.14

2026-09-22T07:31:18.616Z,33.62,65.21

2026-09-22T07:31:23.603Z,33.61,65.13

2026-09-22T07:31:28.603Z,33.63,65.16

2026-09-22T07:31:33.605Z,33.63,65.2

2026-09-22T07:31:38.605Z,33.62,65.24

2026-09-22T07:31:43.605Z,33.63,65.2

2026-09-22T07:31:48.619Z,33.63,65.22

2026-09-22T07:31:53.606Z,33.64,65.13

2026-09-22T07:31:58.609Z,33.62,64.99

2026-09-22T07:32:03.607Z,33.64,65.04

2026-09-22T07:32:08.609Z,33.6,65.05

2026-09-22T07:32:13.607Z,33.61,65.06

2026-09-22T07:32:18.618Z,33.62,65.2

2026-09-22T07:32:23.609Z,33.62,65.17

2026-09-22T07:32:28.609Z,33.62,65.21

2026-09-22T07:32:33.608Z,33.63,65.23

2026-09-22T07:32:38.607Z,33.62,65.35

2026-09-22T07:32:43.624Z,33.6,65.38

2026-09-22T07:32:48.633Z,33.62,65.37

2026-09-22T07:32:53.621Z,33.61,65.37

2026-09-22T07:32:58.623Z,33.6,65.33

2026-09-22T07:33:03.625Z,33.6,65.29

2026-09-22T07:33:08.624Z,33.6,65.35

2026-09-22T07:33:13.626Z,33.61,65.38

2026-09-22T07:33:18.637Z,33.59,65.44

2026-09-22T07:33:23.627Z,33.59,65.45

2026-09-22T07:33:28.628Z,33.59,65.4

2026-09-22T07:33:33.627Z,33.6,65.45

2026-09-22T07:33:38.628Z,33.59,65.44

2026-09-22T07:33:43.633Z,33.55,65.55

2026-09-22T07:33:48.646Z,33.55,65.61

2026-09-22T07:33:53.631Z,33.55,65.61

2026-09-22T07:33:58.631Z,33.57,65.61

2026-09-22T07:34:03.630Z,33.54,65.68

2026-09-22T07:34:08.633Z,33.57,65.66

2026-09-22T07:34:13.638Z,33.58,65.71

2026-09-22T07:34:18.646Z,33.57,65.71

2026-09-22T07:34:23.637Z,33.57,65.78

2026-09-22T07:34:28.635Z,33.57,65.78

2026-09-22T07:34:33.637Z,33.61,65.81

2026-09-22T07:34:38.637Z,33.58,65.83

2026-09-22T07:34:43.637Z,33.58,65.75

2026-09-22T07:34:48.649Z,33.56,65.8

2026-09-22T07:34:53.636Z,33.57,65.82

2026-09-22T07:34:58.636Z,33.58,65.83

2026-09-22T07:35:03.637Z,33.56,65.81

2026-09-22T07:35:08.638Z,33.57,65.88

2026-09-22T07:35:13.636Z,33.57,65.83

2026-09-22T07:35:18.651Z,33.57,65.86

2026-09-22T07:35:23.640Z,33.57,65.87

2026-09-22T07:35:28.640Z,33.55,65.89

2026-09-22T07:35:33.640Z,33.57,65.9

2026-09-22T07:35:38.641Z,33.59,65.87

2026-09-22T07:35:43.642Z,33.58,65.94

2026-09-22T07:35:48.655Z,33.59,65.86

2026-09-22T07:35:53.641Z,33.57,65.86

2026-09-22T07:35:58.642Z,33.57,65.8

2026-09-22T07:36:03.642Z,33.58,65.84

2026-09-22T07:36:08.643Z,33.58,65.92

2026-09-22T07:36:13.656Z,33.59,65.83

2026-09-22T07:36:18.668Z,33.59,65.89

2026-09-22T07:36:23.652Z,33.57,65.82

2026-09-22T07:36:28.655Z,33.59,65.88

2026-09-22T07:36:33.656Z,33.59,65.96

2026-09-22T07:36:38.655Z,33.58,65.87

2026-09-22T07:36:43.663Z,33.6,65.94

2026-09-22T07:36:48.670Z,33.59,65.93

2026-09-22T07:36:53.659Z,33.62,65.91

2026-09-22T07:36:58.660Z,33.61,65.87

2026-09-22T07:37:03.660Z,33.61,65.84

2026-09-22T07:37:08.663Z,33.61,65.87

2026-09-22T07:37:13.677Z,33.62,65.87

2026-09-22T07:37:18.687Z,33.6,65.92

2026-09-22T07:37:23.674Z,33.6,65.95

2026-09-22T07:37:28.674Z,33.62,65.9

2026-09-22T07:37:33.675Z,33.61,65.96

2026-09-22T07:37:38.676Z,33.6,65.95

2026-09-22T07:37:43.679Z,33.62,65.92

2026-09-22T07:37:48.689Z,33.62,65.97

2026-09-22T07:37:53.677Z,33.61,65.96

2026-09-22T07:37:58.676Z,33.61,65.88

2026-09-22T07:38:03.678Z,33.59,65.73

2026-09-22T07:38:08.677Z,33.61,65.71

2026-09-22T07:38:13.692Z,33.61,65.69

2026-09-22T07:38:18.703Z,33.61,65.74

2026-09-22T07:38:23.690Z,33.59,65.62

2026-09-22T07:38:28.692Z,33.59,65.58

2026-09-22T07:38:33.689Z,33.61,65.52

2026-09-22T07:38:38.691Z,33.6,65.53

2026-09-22T07:38:43.703Z,33.62,65.65

2026-09-22T07:38:48.710Z,33.62,65.7

2026-09-22T07:38:53.699Z,33.61,65.62

2026-09-22T07:38:58.701Z,33.6,65.53

2026-09-22T07:39:03.699Z,33.6,65.46

2026-09-22T07:39:08.701Z,33.61,65.31

2026-09-22T07:39:13.710Z,33.61,65.38

2026-09-22T07:39:18.719Z,33.61,65.47

2026-09-22T07:39:23.708Z,33.62,65.51

2026-09-22T07:39:28.708Z,33.62,65.48

2026-09-22T07:39:33.707Z,33.63,65.4

2026-09-22T07:39:38.709Z,33.61,65.45

2026-09-22T07:39:43.716Z,33.61,65.33

2026-09-22T07:39:48.727Z,33.6,65.32

2026-09-22T07:39:53.713Z,33.61,65.29

2026-09-22T07:39:58.713Z,33.62,65.25

2026-09-22T07:40:03.713Z,33.61,65.33

2026-09-22T07:40:08.714Z,33.65,65.38

2026-09-22T07:40:13.735Z,33.64,65.37

2026-09-22T07:40:18.743Z,33.63,65.5

2026-09-22T07:40:23.730Z,33.62,65.58

2026-09-22T07:40:28.735Z,33.63,65.53

2026-09-22T07:40:33.735Z,33.63,65.41

2026-09-22T07:40:38.734Z,33.63,65.38

2026-09-22T07:40:43.744Z,33.62,65.43

2026-09-22T07:40:48.755Z,33.62,65.51

2026-09-22T07:40:53.744Z,33.62,65.52

2026-09-22T07:40:58.744Z,33.62,65.51

2026-09-22T07:41:03.743Z,33.62,65.46

2026-09-22T07:41:08.744Z,33.63,65.45

2026-09-22T07:41:13.752Z,33.64,65.46

2026-09-22T07:41:18.761Z,33.61,65.5

2026-09-22T07:41:23.750Z,33.63,65.44

2026-09-22T07:41:28.753Z,33.62,65.44

2026-09-22T07:41:33.752Z,33.64,65.33

2026-09-22T07:41:38.752Z,33.64,65.36

2026-09-22T07:41:43.754Z,33.63,65.34

2026-09-22T07:41:48.764Z,33.63,65.41

2026-09-22T07:41:53.752Z,33.63,65.39

2026-09-22T07:41:58.752Z,33.6,65.43

2026-09-22T07:42:03.752Z,33.62,65.48

2026-09-22T07:42:08.753Z,33.61,65.5

2026-09-22T07:42:13.754Z,33.63,65.49

2026-09-22T07:42:18.765Z,33.61,65.55

2026-09-22T07:42:23.753Z,33.6,65.39

2026-09-22T07:42:28.755Z,33.61,65.4

2026-09-22T07:42:33.755Z,33.59,65.43

2026-09-22T07:42:38.755Z,33.59,65.42

2026-09-22T07:42:43.757Z,33.61,65.48

2026-09-22T07:42:48.774Z,33.58,65.57

2026-09-22T07:42:53.755Z,33.59,65.57

2026-09-22T07:42:58.758Z,33.59,65.57

2026-09-22T07:43:03.757Z,33.58,65.58

2026-09-22T07:43:08.758Z,33.61,65.54

2026-09-22T07:43:13.776Z,33.59,65.66

2026-09-22T07:43:18.786Z,33.6,65.7

2026-09-22T07:43:23.773Z,33.59,65.65

2026-09-22T07:43:28.774Z,33.62,65.67

2026-09-22T07:43:33.775Z,33.61,65.67

2026-09-22T07:43:38.776Z,33.62,65.64

2026-09-22T07:43:43.780Z,33.61,65.67

2026-09-22T07:43:48.790Z,33.58,65.6

2026-09-22T07:43:53.780Z,33.6,65.6

2026-09-22T07:43:58.780Z,33.6,65.62

2026-09-22T07:44:03.780Z,33.6,65.67

2026-09-22T07:44:08.780Z,33.6,65.74

2026-09-22T07:44:13.793Z,33.6,65.68

2026-09-22T07:44:18.805Z,33.61,65.76

2026-09-22T07:44:23.793Z,33.62,65.81

2026-09-22T07:44:28.794Z,33.61,65.85

2026-09-22T07:44:33.793Z,33.61,65.91

2026-09-22T07:44:38.795Z,33.62,65.92

2026-09-22T07:44:43.793Z,33.61,65.95

2026-09-22T07:44:48.806Z,33.61,66.07

2026-09-22T07:44:53.794Z,33.62,66.11

2026-09-22T07:44:58.795Z,33.61,66.09

2026-09-22T07:45:03.796Z,33.61,66.1

2026-09-22T07:45:08.797Z,33.63,66.06

2026-09-22T07:45:13.799Z,33.63,66.08

2026-09-22T07:45:18.807Z,33.63,66.06

2026-09-22T07:45:23.796Z,33.63,66

2026-09-22T07:45:28.798Z,33.65,66.03

2026-09-22T07:45:33.798Z,33.66,66.09

2026-09-22T07:45:38.797Z,33.66,66.05

2026-09-22T07:45:43.802Z,33.66,66.18

2026-09-22T07:45:48.813Z,33.67,66.14

2026-09-22T07:45:53.802Z,33.66,66.17

2026-09-22T07:45:58.801Z,33.67,66.15

2026-09-22T07:46:03.822Z,33.69,66.16

2026-09-22T07:46:08.830Z,33.69,66.29

2026-09-22T07:46:13.818Z,33.67,66.32

2026-09-22T07:46:18.820Z,33.7,66.31

2026-09-22T07:46:23.819Z,33.7,66.22

2026-09-22T07:46:28.823Z,33.71,66.24

2026-09-22T07:46:33.826Z,33.7,66.25

2026-09-22T07:46:38.838Z,33.73,66.3

2026-09-22T07:46:43.826Z,33.72,66.26

2026-09-22T07:46:48.825Z,33.7,66.26

2026-09-22T07:46:53.825Z,33.73,66.25

2026-09-22T07:46:58.827Z,33.74,66.22

2026-09-22T07:47:03.827Z,33.75,66.18

2026-09-22T07:47:08.844Z,33.74,66.25

2026-09-22T07:47:13.828Z,33.75,66.19

2026-09-22T07:47:18.828Z,33.73,66.18

2026-09-22T07:47:23.828Z,33.76,66.13

2026-09-22T07:47:28.828Z,33.75,66.19

2026-09-22T07:47:33.840Z,33.78,66.15

2026-09-22T07:47:38.852Z,33.77,66.25

2026-09-22T07:47:43.844Z,33.78,66.2

2026-09-22T07:47:48.841Z,33.77,66.16

2026-09-22T07:47:53.842Z,33.8,66.19

2026-09-22T07:47:58.841Z,33.8,66.14

2026-09-22T07:48:03.861Z,33.8,66.2

2026-09-22T07:48:08.871Z,33.81,66.26

2026-09-22T07:48:13.860Z,33.8,66.21

2026-09-22T07:48:18.859Z,33.83,66.19

2026-09-22T07:48:23.860Z,33.83,66.19

2026-09-22T07:48:28.861Z,33.84,66.17

2026-09-22T07:48:33.862Z,33.84,66.18

2026-09-22T07:48:38.871Z,33.85,66.16

2026-09-22T07:48:43.860Z,33.85,66.23

2026-09-22T07:48:48.859Z,33.85,66.17

2026-09-22T07:48:53.860Z,33.87,66.19

2026-09-22T07:48:58.859Z,33.89,66.2

2026-09-22T07:49:03.860Z,33.88,66.27

2026-09-22T07:49:08.870Z,33.87,66.33

2026-09-22T07:49:13.861Z,33.89,66.35

2026-09-22T07:49:18.862Z,33.88,66.43

2026-09-22T07:49:23.861Z,33.89,66.48

2026-09-22T07:49:28.861Z,33.91,66.44

2026-09-22T07:49:33.866Z,33.9,66.41

2026-09-22T07:49:38.876Z,33.9,66.39

2026-09-22T07:49:43.864Z,33.92,66.35

2026-09-22T07:49:48.865Z,33.91,66.36

2026-09-22T07:49:53.867Z,33.92,66.3

2026-09-22T07:49:58.866Z,33.92,66.27

2026-09-22T07:50:03.874Z,33.93,66.28

2026-09-22T07:50:08.885Z,33.93,66.32

2026-09-22T07:50:13.872Z,33.91,66.21

2026-09-22T07:50:18.872Z,33.93,66.27

2026-09-22T07:50:23.871Z,33.92,66.25

2026-09-22T07:50:28.872Z,33.93,66.31

2026-09-22T07:50:33.881Z,33.92,66.23

2026-09-22T07:50:38.893Z,33.93,66.31

2026-09-22T07:50:43.880Z,33.94,66.28

2026-09-22T07:50:48.880Z,33.94,66.32

2026-09-22T07:50:53.880Z,33.94,66.28

2026-09-22T07:50:58.884Z,33.94,66.34

2026-09-22T07:51:03.897Z,33.94,66.27

2026-09-22T07:51:08.908Z,33.93,66.39

2026-09-22T07:51:13.896Z,33.95,66.42

2026-09-22T07:51:18.894Z,33.96,66.49

2026-09-22T07:51:23.894Z,33.95,66.55

2026-09-22T07:51:28.895Z,33.96,66.54

2026-09-22T07:51:33.910Z,33.97,66.56

2026-09-22T07:51:38.921Z,33.96,66.6

2026-09-22T07:51:43.909Z,33.97,66.53

2026-09-22T07:51:48.910Z,33.95,66.42

2026-09-22T07:51:53.910Z,33.97,66.21

2026-09-22T07:51:58.911Z,33.96,66.05

2026-09-22T07:52:03.921Z,33.95,65.99

2026-09-22T07:52:08.928Z,33.97,66.03

2026-09-22T07:52:13.919Z,33.95,66.05

2026-09-22T07:52:18.917Z,33.94,66.05

2026-09-22T07:52:23.917Z,33.95,66.09

2026-09-22T07:52:28.920Z,33.97,66.13

2026-09-22T07:52:33.922Z,33.98,66.12

2026-09-22T07:52:38.932Z,33.96,66.19

2026-09-22T07:52:43.921Z,33.96,66.21

2026-09-22T07:52:48.924Z,33.96,66.16

2026-09-22T07:52:53.922Z,33.96,65.95

2026-09-22T07:52:58.925Z,33.96,65.79

2026-09-22T07:53:03.924Z,33.95,65.63

2026-09-22T07:53:08.933Z,33.96,65.61

2026-09-22T07:53:13.923Z,33.94,65.36

2026-09-22T07:53:18.923Z,33.96,65.34

2026-09-22T07:53:23.926Z,33.95,65.4

2026-09-22T07:53:28.925Z,33.96,65.41

2026-09-22T07:53:33.943Z,33.94,65.43

2026-09-22T07:53:38.943Z,33.95,65.5

2026-09-22T07:53:43.938Z,33.95,65.54

2026-09-22T07:53:48.936Z,33.95,65.57

2026-09-22T07:53:53.937Z,33.93,65.66

2026-09-22T07:53:58.935Z,33.93,65.62

2026-09-22T07:54:03.948Z,33.96,65.67

2026-09-22T07:54:08.958Z,33.93,65.73

2026-09-22T07:54:13.947Z,33.93,65.78

2026-09-22T07:54:18.947Z,33.95,65.72

2026-09-22T07:54:23.947Z,33.94,65.81

2026-09-22T07:54:28.948Z,33.91,65.44

2026-09-22T07:54:33.960Z,33.91,64.97

2026-09-22T07:54:38.970Z,33.92,64.99

2026-09-22T07:54:43.959Z,33.94,65.15

2026-09-22T07:54:48.959Z,33.94,65.26

2026-09-22T07:54:53.959Z,33.92,65.27

2026-09-22T07:54:58.960Z,33.92,65.37

2026-09-22T07:55:03.960Z,33.93,65.45

2026-09-22T07:55:08.972Z,33.92,65.43

2026-09-22T07:55:13.961Z,33.95,65.45

2026-09-22T07:55:18.963Z,33.92,65.55

2026-09-22T07:55:23.962Z,33.93,65.64

2026-09-22T07:55:28.963Z,33.92,65.63

2026-09-22T07:55:33.962Z,33.92,65.67

2026-09-22T07:55:38.979Z,33.93,65.78

2026-09-22T07:55:43.964Z,33.94,65.78

2026-09-22T07:55:48.964Z,33.95,65.74

2026-09-22T07:55:53.963Z,33.94,65.78

2026-09-22T07:55:58.965Z,33.95,65.75

2026-09-22T07:56:03.973Z,33.95,65.73

2026-09-22T07:56:08.985Z,33.93,65.77

2026-09-22T07:56:13.972Z,33.97,65.68

2026-09-22T07:56:18.971Z,33.95,65.7

2026-09-22T07:56:23.978Z,33.96,65.63

2026-09-22T07:56:28.973Z,33.96,65.64

2026-09-22T07:56:33.984Z,33.98,65.61

2026-09-22T07:56:38.995Z,33.96,65.61

2026-09-22T07:56:43.982Z,33.96,65.35

2026-09-22T07:56:48.984Z,33.96,65.36

2026-09-22T07:56:53.981Z,33.97,65.42

2026-09-22T07:56:58.988Z,33.97,65.38

2026-09-22T07:57:03.997Z,33.96,65.44

2026-09-22T07:57:09.006Z,33.96,65.5

2026-09-22T07:57:13.992Z,33.95,65.5

2026-09-22T07:57:18.991Z,33.96,65.53

2026-09-22T07:57:23.991Z,33.94,65.58

2026-09-22T07:57:28.994Z,33.94,65.57

2026-09-22T07:57:34.003Z,33.95,65.58

2026-09-22T07:57:39.015Z,33.95,65.64

2026-09-22T07:57:44.006Z,33.97,65.64

2026-09-22T07:57:49.003Z,33.96,65.66

2026-09-22T07:57:54.003Z,33.95,65.65

2026-09-22T07:57:59.005Z,33.98,65.67

2026-09-22T07:58:04.014Z,33.98,65.7

2026-09-22T07:58:09.022Z,33.98,65.76

2026-09-22T07:58:14.011Z,33.99,65.79

2026-09-22T07:58:19.011Z,33.98,65.78

2026-09-22T07:58:24.010Z,33.98,65.76

2026-09-22T07:58:29.013Z,33.96,65.74

2026-09-22T07:58:34.013Z,33.99,65.81

2026-09-22T07:58:39.025Z,33.99,65.86

2026-09-22T07:58:44.012Z,33.99,65.8

2026-09-22T07:58:49.013Z,34,65.77

2026-09-22T07:58:54.013Z,34,65.87

2026-09-22T07:58:59.013Z,33.99,65.84

2026-09-22T07:59:04.013Z,34.01,65.86

2026-09-22T07:59:09.027Z,33.99,65.9

2026-09-22T07:59:14.015Z,34,65.87

2026-09-22T07:59:19.015Z,34,65.79

2026-09-22T07:59:24.017Z,33.98,65.91

2026-09-22T07:59:29.017Z,33.99,65.89

2026-09-22T07:59:34.016Z,34.01,65.86

2026-09-22T07:59:39.028Z,34.01,65.95

2026-09-22T07:59:44.018Z,34.01,65.96

2026-09-22T07:59:49.017Z,34.02,65.93

2026-09-22T07:59:54.015Z,34.03,65.91

2026-09-22T07:59:59.015Z,34.03,65.94

2026-09-22T08:00:04.028Z,34.03,65.92

2026-09-22T08:00:09.038Z,34.03,65.96

2026-09-22T08:00:14.026Z,34,65.87

2026-09-22T08:00:19.026Z,34.01,65.94

2026-09-22T08:00:24.027Z,34.02,66

2026-09-22T08:00:29.026Z,34.02,65.97

2026-09-22T08:00:34.035Z,34.03,66.01

2026-09-22T08:00:39.046Z,34.02,65.97

2026-09-22T08:00:44.031Z,34.05,65.97

2026-09-22T08:00:49.031Z,34.02,65.98

2026-09-22T08:00:54.031Z,34.03,66.02

2026-09-22T08:00:59.031Z,34.04,66.03

2026-09-22T08:01:04.052Z,34.04,65.95

2026-09-22T08:01:09.060Z,34.05,65.99

2026-09-22T08:01:14.047Z,34.04,66.01

2026-09-22T08:01:19.048Z,34.04,66.03

2026-09-22T08:01:24.048Z,34.03,65.96

2026-09-22T08:01:29.051Z,34.03,66

2026-09-22T08:01:34.057Z,34.04,66.02

2026-09-22T08:01:39.069Z,34.04,66.03

2026-09-22T08:01:44.056Z,34.03,65.95

2026-09-22T08:01:49.057Z,34.04,65.98

2026-09-22T08:01:54.057Z,34.05,66.04

2026-09-22T08:01:59.060Z,34.02,66.03

2026-09-22T08:02:04.071Z,34.04,65.98

2026-09-22T08:02:09.079Z,34.04,66.11

2026-09-22T08:02:14.067Z,34.05,66.05

2026-09-22T08:02:19.067Z,34.03,66.03

2026-09-22T08:02:24.067Z,34.04,66.06

2026-09-22T08:02:29.069Z,34.04,66.07

2026-09-22T08:02:34.081Z,34.03,66.09

2026-09-22T08:02:39.093Z,34.04,66.15

2026-09-22T08:02:44.080Z,34.03,66.11

2026-09-22T08:02:49.082Z,34.03,66.12

2026-09-22T08:02:54.080Z,34.03,66.13

2026-09-22T08:02:59.081Z,34.03,66.11

2026-09-22T08:03:04.081Z,34.04,66.17

2026-09-22T08:03:09.091Z,34.02,66.2

2026-09-22T08:03:14.079Z,34.01,66.16

2026-09-22T08:03:19.081Z,34.01,66.18

2026-09-22T08:03:24.080Z,34.01,66.21

2026-09-22T08:03:29.082Z,34.04,66.25

2026-09-22T08:03:34.086Z,34.04,66.25

2026-09-22T08:03:39.096Z,34.03,66.26

2026-09-22T08:03:44.083Z,34.06,66.26

2026-09-22T08:03:49.084Z,34.02,66.24

2026-09-22T08:03:54.084Z,34.03,66.29

2026-09-22T08:03:59.088Z,34.04,66.3

2026-09-22T08:04:04.088Z,34.05,66.35

2026-09-22T08:04:09.100Z,34.04,66.34

2026-09-22T08:04:14.086Z,34.05,66.29

2026-09-22T08:04:19.092Z,34.05,66.4

2026-09-22T08:04:24.088Z,34.05,66.41

2026-09-22T08:04:29.089Z,34.06,66.4

2026-09-22T08:04:34.087Z,34.08,66.48

2026-09-22T08:04:39.103Z,34.06,66.47

2026-09-22T08:04:44.089Z,34.07,66.52

2026-09-22T08:04:49.090Z,34.08,66.6

2026-09-22T08:04:54.090Z,34.07,66.6

2026-09-22T08:04:59.091Z,34.08,66.74

2026-09-22T08:05:04.089Z,34.07,66.76

2026-09-22T08:05:09.101Z,34.07,66.73

2026-09-22T08:05:14.091Z,34.07,66.68

2026-09-22T08:05:19.094Z,34.07,66.66

2026-09-22T08:05:24.093Z,34.07,66.66

2026-09-22T08:05:29.092Z,34.07,66.68

2026-09-22T08:05:34.099Z,34.08,66.67

2026-09-22T08:05:39.115Z,34.09,66.77

2026-09-22T08:05:44.100Z,34.11,66.63

2026-09-22T08:05:49.100Z,34.08,66.78

2026-09-22T08:05:54.099Z,34.09,66.78

2026-09-22T08:05:59.101Z,34.1,66.83

2026-09-22T08:06:04.110Z,34.09,66.75

2026-09-22T08:06:09.121Z,34.09,66.85

2026-09-22T08:06:14.107Z,34.11,66.81

2026-09-22T08:06:19.110Z,34.11,66.75

2026-09-22T08:06:24.108Z,34.11,66.69

2026-09-22T08:06:29.108Z,34.11,66.73

2026-09-22T08:06:34.130Z,34.11,66.71

2026-09-22T08:06:39.145Z,34.09,66.7

2026-09-22T08:06:44.127Z,34.08,66.67

2026-09-22T08:06:49.127Z,34.1,66.62

2026-09-22T08:06:54.127Z,34.11,66.59

2026-09-22T08:06:59.126Z,34.11,66.71

2026-09-22T08:07:04.142Z,34.1,66.71

2026-09-22T08:07:09.149Z,34.09,66.77

2026-09-22T08:07:14.138Z,34.09,66.7

2026-09-22T08:07:19.136Z,34.11,66.66

2026-09-22T08:07:24.138Z,34.1,66.76

2026-09-22T08:07:29.140Z,34.11,66.71

2026-09-22T08:07:34.143Z,34.1,66.72

2026-09-22T08:07:39.154Z,34.11,66.69

2026-09-22T08:07:44.143Z,34.11,66.59

2026-09-22T08:07:49.146Z,34.11,66.58

2026-09-22T08:07:54.143Z,34.1,66.62

2026-09-22T08:07:59.145Z,34.12,66.59

2026-09-22T08:08:04.144Z,34.11,66.57

2026-09-22T08:08:09.158Z,34.12,66.56

2026-09-22T08:08:14.143Z,34.13,66.57

2026-09-22T08:08:19.145Z,34.13,66.53

2026-09-22T08:08:24.145Z,34.11,66.53

2026-09-22T08:08:29.147Z,34.1,66.52

2026-09-22T08:08:34.146Z,34.12,66.53

2026-09-22T08:08:39.156Z,34.12,66.52

2026-09-22T08:08:44.148Z,34.13,66.47

2026-09-22T08:08:49.146Z,34.14,66.47

2026-09-22T08:08:54.147Z,34.13,66.38

2026-09-22T08:08:59.148Z,34.13,66.31

2026-09-22T08:09:04.147Z,34.15,66.3

2026-09-22T08:09:09.158Z,34.14,66.34

2026-09-22T08:09:14.148Z,34.14,66.3

2026-09-22T08:09:19.149Z,34.15,66.3

2026-09-22T08:09:24.150Z,34.16,66.21

2026-09-22T08:09:29.152Z,34.16,66.21

2026-09-22T08:09:34.153Z,34.13,66.18

2026-09-22T08:09:39.162Z,34.16,66.28

2026-09-22T08:09:44.151Z,34.17,66.3

2026-09-22T08:09:49.152Z,34.15,66.46

2026-09-22T08:09:54.151Z,34.16,66.46

2026-09-22T08:09:59.153Z,34.17,66.48

2026-09-22T08:10:04.161Z,34.17,66.47

2026-09-22T08:10:09.171Z,34.17,66.44

2026-09-22T08:10:14.158Z,34.17,66.47

2026-09-22T08:10:19.157Z,34.18,66.43

2026-09-22T08:10:24.159Z,34.17,66.44

2026-09-22T08:10:29.160Z,34.2,66.44

2026-09-22T08:10:34.180Z,34.17,66.53

2026-09-22T08:10:39.188Z,34.18,66.5

2026-09-22T08:10:44.177Z,34.18,66.36

2026-09-22T08:10:49.176Z,34.19,66.4

2026-09-22T08:10:54.178Z,34.18,66.4

2026-09-22T08:10:59.177Z,34.2,66.42

2026-09-22T08:11:04.192Z,34.17,66.41

2026-09-22T08:11:09.201Z,34.18,66.42

2026-09-22T08:11:14.190Z,34.18,66.35

2026-09-22T08:11:19.191Z,34.2,66.32

2026-09-22T08:11:24.194Z,34.2,66.28

2026-09-22T08:11:29.194Z,34.19,66.24

2026-09-22T08:11:34.223Z,34.19,66.25

2026-09-22T08:11:39.240Z,34.17,66.22

2026-09-22T08:11:44.220Z,34.19,66.18

2026-09-22T08:11:49.224Z,34.21,66.13

2026-09-22T08:11:54.221Z,34.19,66.15

2026-09-22T08:11:59.223Z,34.21,66.09

2026-09-22T08:12:04.224Z,34.21,66.06

2026-09-22T08:12:09.238Z,34.2,66.02

2026-09-22T08:12:14.227Z,34.2,65.93

2026-09-22T08:12:19.226Z,34.21,65.96

2026-09-22T08:12:24.225Z,34.2,66.01

2026-09-22T08:12:29.226Z,34.22,66.19

2026-09-22T08:12:34.226Z,34.2,66.13

2026-09-22T08:12:39.241Z,34.23,66.24

2026-09-22T08:12:44.229Z,34.22,66.4

2026-09-22T08:12:49.230Z,34.21,66.31

2026-09-22T08:12:54.230Z,34.19,66.41

2026-09-22T08:12:59.229Z,34.21,66.38

2026-09-22T08:13:04.230Z,34.23,66.47

2026-09-22T08:13:09.241Z,34.18,66.46

2026-09-22T08:13:14.230Z,34.2,66.33

2026-09-22T08:13:19.233Z,34.2,66.3

2026-09-22T08:13:24.232Z,34.2,66.35

2026-09-22T08:13:29.232Z,34.19,66.33

2026-09-22T08:13:34.232Z,34.22,66.41

2026-09-22T08:13:39.241Z,34.19,66.51

2026-09-22T08:13:44.232Z,34.19,66.54

2026-09-22T08:13:49.232Z,34.2,66.55

2026-09-22T08:13:54.231Z,34.18,66.57

2026-09-22T08:13:59.232Z,34.18,66.64

2026-09-22T08:14:04.237Z,34.17,66.66

2026-09-22T08:14:09.247Z,34.17,66.65

2026-09-22T08:14:14.236Z,34.17,66.7

2026-09-22T08:14:19.237Z,34.17,66.63

2026-09-22T08:14:24.234Z,34.15,66.59

2026-09-22T08:14:29.235Z,34.15,66.59

2026-09-22T08:14:34.234Z,34.13,66.56

2026-09-22T08:14:39.248Z,34.15,66.62

2026-09-22T08:14:44.239Z,34.13,66.58

2026-09-22T08:14:49.240Z,34.14,66.57

2026-09-22T08:14:54.241Z,34.13,66.52

2026-09-22T08:14:59.240Z,34.1,66.53

2026-09-22T08:15:04.242Z,34.12,66.53

2026-09-22T08:15:09.252Z,34.11,66.51

2026-09-22T08:15:14.241Z,34.11,66.54

2026-09-22T08:15:19.242Z,34.11,66.59

2026-09-22T08:15:24.243Z,34.11,66.56

2026-09-22T08:15:29.244Z,34.1,66.52

2026-09-22T08:15:34.258Z,34.1,66.44

2026-09-22T08:15:39.271Z,34.09,66.61

2026-09-22T08:15:44.256Z,34.11,66.55

2026-09-22T08:15:49.258Z,34.11,66.52

2026-09-22T08:15:54.258Z,34.12,66.52

2026-09-22T08:15:59.258Z,34.12,66.45

2026-09-22T08:16:04.268Z,34.12,66.47

2026-09-22T08:16:09.279Z,34.09,66.49

2026-09-22T08:16:14.267Z,34.11,66.4

2026-09-22T08:16:19.268Z,34.13,66.43

2026-09-22T08:16:24.268Z,34.1,66.44

2026-09-22T08:16:29.269Z,34.1,66.4

2026-09-22T08:16:34.278Z,34.09,66.31

2026-09-22T08:16:39.291Z,34.09,66.39

2026-09-22T08:16:44.274Z,34.1,66.29

2026-09-22T08:16:49.273Z,34.1,66.33

2026-09-22T08:16:54.274Z,34.11,66.3

2026-09-22T08:16:59.277Z,34.1,66.3

2026-09-22T08:17:04.283Z,34.12,66.3

2026-09-22T08:17:09.299Z,34.09,66.19

2026-09-22T08:17:14.283Z,34.09,66.14

2026-09-22T08:17:19.283Z,34.09,66.09

2026-09-22T08:17:24.283Z,34.09,66.16

2026-09-22T08:17:29.284Z,34.09,66.13

2026-09-22T08:17:34.286Z,34.09,66.18

2026-09-22T08:17:39.298Z,34.06,66.2

2026-09-22T08:17:44.284Z,34.08,66.14

2026-09-22T08:17:49.283Z,34.1,66.18

2026-09-22T08:17:54.283Z,34.08,66.16

2026-09-22T08:17:59.285Z,34.11,66.25

2026-09-22T08:18:04.283Z,34.07,66.08

2026-09-22T08:18:09.298Z,34.08,66.11

2026-09-22T08:18:14.283Z,34.09,66.02

2026-09-22T08:18:19.284Z,34.09,66.02

2026-09-22T08:18:24.284Z,34.08,66.01

2026-09-22T08:18:29.286Z,34.08,66.02

2026-09-22T08:18:34.286Z,34.08,66.01

2026-09-22T08:18:39.300Z,34.07,66.03

2026-09-22T08:18:44.288Z,34.07,65.89

2026-09-22T08:18:49.288Z,34.1,65.96

2026-09-22T08:18:54.292Z,34.09,65.86

2026-09-22T08:18:59.291Z,34.09,65.87

2026-09-22T08:19:04.291Z,34.09,65.91

2026-09-22T08:19:09.303Z,34.08,65.98

2026-09-22T08:19:14.289Z,34.08,65.79

2026-09-22T08:19:19.291Z,34.09,65.78

2026-09-22T08:19:24.290Z,34.09,65.81

2026-09-22T08:19:29.293Z,34.09,65.76

2026-09-22T08:19:34.303Z,34.11,65.77

2026-09-22T08:19:39.314Z,34.07,65.77

2026-09-22T08:19:44.300Z,34.09,65.69

2026-09-22T08:19:49.301Z,34.09,65.73

2026-09-22T08:19:54.301Z,34.09,65.72

2026-09-22T08:19:59.302Z,34.1,65.67

2026-09-22T08:20:04.315Z,34.08,65.65

2026-09-22T08:20:09.324Z,34.09,65.66

2026-09-22T08:20:14.311Z,34.08,65.65

2026-09-22T08:20:19.312Z,34.09,65.54

2026-09-22T08:20:24.313Z,34.08,65.58

2026-09-22T08:20:29.314Z,34.07,65.58

2026-09-22T08:20:34.323Z,34.07,65.64

2026-09-22T08:20:39.332Z,34.07,65.64

2026-09-22T08:20:44.320Z,34.08,65.6

2026-09-22T08:20:49.321Z,34.06,65.61

2026-09-22T08:20:54.321Z,34.08,65.57

2026-09-22T08:20:59.322Z,34.07,65.41

2026-09-22T08:21:04.337Z,34.06,65.36

2026-09-22T08:21:09.348Z,34.02,65.15

2026-09-22T08:21:14.337Z,34.02,65

2026-09-22T08:21:19.337Z,34.02,64.86

2026-09-22T08:21:24.336Z,34,64.78

2026-09-22T08:21:29.337Z,34.02,64.84

2026-09-22T08:21:34.339Z,34.01,64.84

2026-09-22T08:21:39.354Z,34.01,64.93

2026-09-22T08:21:44.341Z,33.99,64.89

2026-09-22T08:21:49.342Z,33.98,64.73

2026-09-22T08:21:54.342Z,33.98,64.63

2026-09-22T08:21:59.341Z,34,64.69

2026-09-22T08:22:04.348Z,33.96,64.67

2026-09-22T08:22:09.360Z,33.94,64.66

2026-09-22T08:22:14.347Z,33.96,64.75

2026-09-22T08:22:19.350Z,33.93,64.83

2026-09-22T08:22:24.352Z,33.96,64.87

2026-09-22T08:22:29.351Z,33.94,64.67

2026-09-22T08:22:34.354Z,33.91,64.64

2026-09-22T08:22:39.373Z,33.93,64.47

2026-09-22T08:22:44.357Z,33.92,64.37

2026-09-22T08:22:49.356Z,33.9,64.33

2026-09-22T08:22:54.356Z,33.88,64.26

2026-09-22T08:22:59.358Z,33.88,64.29

2026-09-22T08:23:04.368Z,33.88,64.26

2026-09-22T08:23:09.379Z,33.87,64.39

2026-09-22T08:23:14.367Z,33.88,64.39

2026-09-22T08:23:19.365Z,33.88,64.55

2026-09-22T08:23:24.365Z,33.89,64.69

2026-09-22T08:23:29.366Z,33.91,64.79

2026-09-22T08:23:34.373Z,33.88,64.88

2026-09-22T08:23:39.384Z,33.87,64.97

2026-09-22T08:23:44.374Z,33.87,65.06

2026-09-22T08:23:49.373Z,33.89,65.02

2026-09-22T08:23:54.373Z,33.89,64.93

2026-09-22T08:23:59.375Z,33.87,64.82

2026-09-22T08:24:04.375Z,33.9,64.75

2026-09-22T08:24:09.386Z,33.89,64.75

2026-09-22T08:24:14.375Z,33.89,64.8

2026-09-22T08:24:19.374Z,33.91,64.8

2026-09-22T08:24:24.374Z,33.89,64.78

2026-09-22T08:24:29.376Z,33.89,64.68

2026-09-22T08:24:34.376Z,33.89,64.69

2026-09-22T08:24:39.391Z,33.89,64.75

2026-09-22T08:24:44.374Z,33.9,64.78

2026-09-22T08:24:49.374Z,33.91,64.79

2026-09-22T08:24:54.376Z,33.91,64.76

2026-09-22T08:24:59.373Z,33.88,64.61

2026-09-22T08:25:04.374Z,33.9,64.49

2026-09-22T08:25:09.383Z,33.89,64.4

2026-09-22T08:25:14.376Z,33.89,64.39

2026-09-22T08:25:19.374Z,33.9,64.24

2026-09-22T08:25:24.377Z,33.89,64.3

2026-09-22T08:25:29.374Z,33.89,64.19

2026-09-22T08:25:34.375Z,33.89,64.07

2026-09-22T08:25:39.386Z,33.89,64.13

2026-09-22T08:25:44.377Z,33.91,64.11

2026-09-22T08:25:49.378Z,33.89,64.14

2026-09-22T08:25:54.377Z,33.88,64.33

2026-09-22T08:25:59.382Z,33.9,64.32

2026-09-22T08:26:04.384Z,33.89,64.42

2026-09-22T08:26:09.401Z,33.88,64.46

2026-09-22T08:26:14.384Z,33.9,64.55

2026-09-22T08:26:19.384Z,33.91,64.48

2026-09-22T08:26:24.384Z,33.9,64.51

2026-09-22T08:26:29.385Z,33.89,64.51

2026-09-22T08:26:34.405Z,33.91,64.47

2026-09-22T08:26:39.413Z,33.91,64.47

2026-09-22T08:26:44.402Z,33.92,64.48

2026-09-22T08:26:49.403Z,33.92,64.55

2026-09-22T08:26:54.404Z,33.93,64.58

2026-09-22T08:26:59.404Z,33.92,64.61

2026-09-22T08:27:04.417Z,33.92,64.65

2026-09-22T08:27:09.425Z,33.92,64.67

2026-09-22T08:27:14.411Z,33.94,64.74

2026-09-22T08:27:19.413Z,33.93,64.76

2026-09-22T08:27:24.414Z,33.94,64.68

2026-09-22T08:27:29.414Z,33.94,64.63

2026-09-22T08:27:34.413Z,33.94,64.57

2026-09-22T08:27:39.425Z,33.95,64.56

2026-09-22T08:27:44.413Z,33.94,64.58

2026-09-22T08:27:49.412Z,33.95,64.49

2026-09-22T08:27:54.413Z,33.94,64.56

2026-09-22T08:27:59.415Z,33.95,64.49

2026-09-22T08:28:04.428Z,33.97,64.58

2026-09-22T08:28:09.439Z,33.96,64.57

2026-09-22T08:28:14.426Z,33.95,64.47

2026-09-22T08:28:19.426Z,33.95,64.46

2026-09-22T08:28:24.427Z,33.98,64.5

2026-09-22T08:28:29.427Z,33.95,64.48

2026-09-22T08:28:34.433Z,33.96,64.43

2026-09-22T08:28:39.446Z,33.96,64.49

2026-09-22T08:28:44.430Z,33.97,64.47

2026-09-22T08:28:49.430Z,33.97,64.48

2026-09-22T08:28:54.431Z,33.99,64.46

2026-09-22T08:28:59.431Z,33.98,64.43

2026-09-22T08:29:04.438Z,33.98,64.44

2026-09-22T08:29:09.446Z,33.97,64.5

2026-09-22T08:29:14.437Z,33.98,64.47

2026-09-22T08:29:19.438Z,33.97,64.53

2026-09-22T08:29:24.438Z,33.99,64.46

2026-09-22T08:29:29.439Z,33.99,64.51

2026-09-22T08:29:34.448Z,33.98,64.38

2026-09-22T08:29:39.459Z,33.98,64.46

2026-09-22T08:29:44.446Z,33.99,64.47

2026-09-22T08:29:49.449Z,33.98,64.48

2026-09-22T08:29:54.448Z,33.97,64.47

2026-09-22T08:29:59.448Z,33.96,64.45

2026-09-22T08:30:04.447Z,33.98,64.57

2026-09-22T08:30:09.462Z,33.99,64.55

2026-09-22T08:30:14.451Z,33.98,64.52

2026-09-22T08:30:19.450Z,33.98,64.52

2026-09-22T08:30:24.451Z,33.99,64.55

2026-09-22T08:30:29.450Z,33.98,64.5

2026-09-22T08:30:34.460Z,34.01,64.48

2026-09-22T08:30:39.471Z,33.98,64.46

2026-09-22T08:30:44.458Z,33.99,64.42

2026-09-22T08:30:49.460Z,33.98,64.43

2026-09-22T08:30:54.460Z,34,64.44

2026-09-22T08:30:59.460Z,33.99,64.47

2026-09-22T08:31:04.472Z,34,64.44

2026-09-22T08:31:09.483Z,33.98,64.48

2026-09-22T08:31:14.470Z,34.02,64.44

2026-09-22T08:31:19.471Z,33.99,64.47

2026-09-22T08:31:24.471Z,33.99,64.44

2026-09-22T08:31:29.471Z,34,64.45

2026-09-22T08:31:34.478Z,34,64.41

2026-09-22T08:31:39.495Z,34.01,64.49

2026-09-22T08:31:44.477Z,34.03,64.32

2026-09-22T08:31:49.478Z,34,64.37

2026-09-22T08:31:54.478Z,34,64.29

2026-09-22T08:31:59.478Z,33.99,64.28

2026-09-22T08:32:04.488Z,34,64.27

2026-09-22T08:32:09.497Z,34,64.33

2026-09-22T08:32:14.486Z,33.98,64.19

2026-09-22T08:32:19.488Z,34,64.26

2026-09-22T08:32:24.488Z,34.02,64.26

2026-09-22T08:32:29.488Z,34,64.24

2026-09-22T08:32:34.489Z,33.99,64.35

2026-09-22T08:32:39.502Z,34,64.43

2026-09-22T08:32:44.489Z,33.99,64.41

2026-09-22T08:32:49.490Z,34.02,64.41

2026-09-22T08:32:54.490Z,33.99,64.45

2026-09-22T08:32:59.491Z,34.01,64.48

2026-09-22T08:33:04.498Z,34.01,64.47

2026-09-22T08:33:09.512Z,34,64.46

2026-09-22T08:33:14.494Z,34,64.42

2026-09-22T08:33:19.494Z,34.02,64.44

2026-09-22T08:33:24.493Z,34.03,64.4

2026-09-22T08:33:29.494Z,34.02,64.4

2026-09-22T08:33:34.505Z,34.02,64.38

2026-09-22T08:33:39.518Z,34.03,64.42

2026-09-22T08:33:44.505Z,34.04,64.4

2026-09-22T08:33:49.505Z,34.03,64.42

2026-09-22T08:33:54.508Z,34.06,64.47

2026-09-22T08:33:59.505Z,34.03,64.4

2026-09-22T08:34:04.515Z,34.06,64.41

2026-09-22T08:34:09.524Z,34.03,64.44

2026-09-22T08:34:14.511Z,34.03,64.44

2026-09-22T08:34:19.512Z,34.05,64.39

2026-09-22T08:34:24.513Z,34.06,64.46

2026-09-22T08:34:29.512Z,34.05,64.51

2026-09-22T08:34:34.516Z,34.05,64.63

2026-09-22T08:34:39.525Z,34.06,64.74

2026-09-22T08:34:44.516Z,34.06,64.87

2026-09-22T08:34:49.518Z,34.07,64.94

2026-09-22T08:34:54.518Z,34.07,65.02

2026-09-22T08:34:59.519Z,34.08,65.11

2026-09-22T08:35:04.519Z,34.07,65.24

2026-09-22T08:35:09.531Z,34.05,65.29

2026-09-22T08:35:14.520Z,34.06,65.34

2026-09-22T08:35:19.518Z,34.06,65.39

2026-09-22T08:35:24.517Z,34.05,65.51

2026-09-22T08:35:29.517Z,34.05,65.6

2026-09-22T08:35:34.519Z,34.06,65.66

2026-09-22T08:35:39.532Z,34.05,65.78

2026-09-22T08:35:44.520Z,34.05,65.79

2026-09-22T08:35:49.519Z,34.03,65.92

2026-09-22T08:35:54.522Z,34.05,65.98

2026-09-22T08:35:59.520Z,34.04,66.07

2026-09-22T08:36:04.520Z,34.02,66.12

2026-09-22T08:36:09.534Z,34.02,66.21

2026-09-22T08:36:14.521Z,34.01,66.28

2026-09-22T08:36:19.521Z,34.01,66.41

2026-09-22T08:36:24.522Z,34.01,66.58

2026-09-22T08:36:29.522Z,34,66.58

2026-09-22T08:36:34.537Z,33.99,66.65

2026-09-22T08:36:39.550Z,33.98,66.74

2026-09-22T08:36:44.535Z,33.99,66.85

2026-09-22T08:36:49.534Z,34,66.91

2026-09-22T08:36:54.536Z,33.99,66.96

2026-09-22T08:36:59.535Z,33.96,67

2026-09-22T08:37:04.556Z,33.96,67.03

2026-09-22T08:37:09.568Z,33.96,67.17

2026-09-22T08:37:14.556Z,33.95,67.24

2026-09-22T08:37:19.555Z,33.95,67.26

2026-09-22T08:37:24.557Z,33.95,67.2

2026-09-22T08:37:29.558Z,33.94,67.32

2026-09-22T08:37:34.567Z,33.92,67.4

2026-09-22T08:37:39.576Z,33.93,67.4

2026-09-22T08:37:44.564Z,33.92,67.4

2026-09-22T08:37:49.565Z,33.92,67.34

2026-09-22T08:37:54.565Z,33.93,67.33

2026-09-22T08:37:59.565Z,33.88,67.45

2026-09-22T08:38:04.572Z,33.9,67.49

2026-09-22T08:38:09.582Z,33.91,67.51

2026-09-22T08:38:14.570Z,33.9,67.58

2026-09-22T08:38:19.570Z,33.9,67.57

2026-09-22T08:38:24.571Z,33.89,67.58

2026-09-22T08:38:29.571Z,33.88,67.54

2026-09-22T08:38:34.579Z,33.86,67.58

2026-09-22T08:38:39.590Z,33.88,67.65

2026-09-22T08:38:44.580Z,33.86,67.6

2026-09-22T08:38:49.579Z,33.85,67.57

2026-09-22T08:38:54.578Z,33.85,67.59

2026-09-22T08:38:59.580Z,33.85,67.59

2026-09-22T08:39:04.589Z,33.84,67.61

2026-09-22T08:39:09.602Z,33.83,67.71

2026-09-22T08:39:14.586Z,33.84,67.62

2026-09-22T08:39:19.588Z,33.85,67.64

2026-09-22T08:39:24.587Z,33.85,67.7

2026-09-22T08:39:29.589Z,33.83,67.73

2026-09-22T08:39:34.595Z,33.83,67.74

2026-09-22T08:39:39.608Z,33.81,67.82

2026-09-22T08:39:44.592Z,33.83,67.72

2026-09-22T08:39:49.592Z,33.81,67.76

2026-09-22T08:39:54.593Z,33.82,67.76

2026-09-22T08:39:59.593Z,33.82,67.77

2026-09-22T08:40:04.604Z,33.81,67.79

2026-09-22T08:40:09.615Z,33.82,67.79

2026-09-22T08:40:14.604Z,33.8,67.81

2026-09-22T08:40:19.605Z,33.82,67.77

2026-09-22T08:40:24.603Z,33.8,67.71

2026-09-22T08:40:29.609Z,33.8,67.75

2026-09-22T08:40:34.608Z,33.83,67.71

2026-09-22T08:40:39.620Z,33.79,67.91

2026-09-22T08:40:44.608Z,33.79,67.9

2026-09-22T08:40:49.608Z,33.8,67.85

2026-09-22T08:40:54.608Z,33.78,67.74

2026-09-22T08:40:59.609Z,33.78,67.81

2026-09-22T08:41:04.614Z,33.79,67.81

2026-09-22T08:41:09.628Z,33.79,67.83

2026-09-22T08:41:14.614Z,33.78,67.77

2026-09-22T08:41:19.614Z,33.78,67.81

2026-09-22T08:41:24.615Z,33.77,67.86

2026-09-22T08:41:29.613Z,33.77,67.9

2026-09-22T08:41:34.627Z,33.78,67.9

2026-09-22T08:41:39.638Z,33.75,67.85

2026-09-22T08:41:44.625Z,33.75,67.92

2026-09-22T08:41:49.626Z,33.75,67.88

2026-09-22T08:41:54.625Z,33.75,67.86

2026-09-22T08:41:59.627Z,33.73,67.84

2026-09-22T08:42:04.628Z,33.76,67.84

2026-09-22T08:42:09.639Z,33.73,67.8

2026-09-22T08:42:14.629Z,33.75,67.77

2026-09-22T08:42:19.629Z,33.74,67.7

2026-09-22T08:42:24.628Z,33.74,67.62

2026-09-22T08:42:29.631Z,33.73,67.43

2026-09-22T08:42:34.636Z,33.73,67.26

2026-09-22T08:42:39.645Z,33.68,67.24

2026-09-22T08:42:44.635Z,33.71,67.27

2026-09-22T08:42:49.633Z,33.71,67.31

2026-09-22T08:42:54.635Z,33.71,67.38

2026-09-22T08:42:59.634Z,33.68,67.45

2026-09-22T08:43:04.661Z,33.7,67.43

2026-09-22T08:43:09.674Z,33.68,67.45

2026-09-22T08:43:14.663Z,33.71,67.43

2026-09-22T08:43:19.661Z,33.69,67.42

2026-09-22T08:43:24.662Z,33.68,67.47

2026-09-22T08:43:29.661Z,33.67,67.44

2026-09-22T08:43:34.666Z,33.67,67.53

2026-09-22T08:43:39.677Z,33.66,67.61

2026-09-22T08:43:44.660Z,33.65,67.64

2026-09-22T08:43:49.667Z,33.68,67.58

2026-09-22T08:43:54.666Z,33.65,67.62

2026-09-22T08:43:59.666Z,33.65,67.64

2026-09-22T08:44:04.664Z,33.66,67.58

2026-09-22T08:44:09.685Z,33.63,67.65

2026-09-22T08:44:14.664Z,33.64,67.65

2026-09-22T08:44:19.666Z,33.64,67.74

2026-09-22T08:44:24.667Z,33.63,67.74

2026-09-22T08:44:29.668Z,33.63,67.76

2026-09-22T08:44:34.669Z,33.62,67.78

2026-09-22T08:44:39.682Z,33.62,67.75

2026-09-22T08:44:44.669Z,33.63,67.8

2026-09-22T08:44:49.668Z,33.64,67.79

2026-09-22T08:44:54.669Z,33.61,67.72

2026-09-22T08:44:59.669Z,33.62,67.66

2026-09-22T08:45:04.669Z,33.63,67.67

2026-09-22T08:45:09.681Z,33.58,67.74

2026-09-22T08:45:14.668Z,33.62,67.76

2026-09-22T08:45:19.671Z,33.61,67.78

2026-09-22T08:45:24.670Z,33.59,67.82

2026-09-22T08:45:29.671Z,33.63,67.86

2026-09-22T08:45:34.671Z,33.6,67.92

2026-09-22T08:45:39.683Z,33.62,67.9

2026-09-22T08:45:44.671Z,33.62,67.86

2026-09-22T08:45:49.674Z,33.6,67.91

2026-09-22T08:45:54.672Z,33.6,67.93

2026-09-22T08:45:59.673Z,33.59,67.9

2026-09-22T08:46:04.686Z,33.59,67.9

2026-09-22T08:46:09.695Z,33.59,67.96

2026-09-22T08:46:14.685Z,33.57,67.96

2026-09-22T08:46:19.685Z,33.58,68.04

2026-09-22T08:46:24.686Z,33.59,67.99

2026-09-22T08:46:29.685Z,33.59,68.04

2026-09-22T08:46:34.686Z,33.61,68.06

2026-09-22T08:46:39.701Z,33.57,68.04

2026-09-22T08:46:44.687Z,33.56,67.98

2026-09-22T08:46:49.687Z,33.58,67.94

2026-09-22T08:46:54.686Z,33.57,67.98

2026-09-22T08:46:59.686Z,33.57,67.92

2026-09-22T08:47:04.688Z,33.57,67.93

2026-09-22T08:47:09.702Z,33.57,68.02

2026-09-22T08:47:14.687Z,33.56,68.1

2026-09-22T08:47:19.690Z,33.54,68.1

2026-09-22T08:47:24.689Z,33.57,68.05

2026-09-22T08:47:29.689Z,33.58,68.04

2026-09-22T08:47:34.686Z,33.57,67.97

2026-09-22T08:47:39.707Z,33.56,67.98

2026-09-22T08:47:44.687Z,33.56,67.96

2026-09-22T08:47:49.690Z,33.58,67.99

2026-09-22T08:47:54.690Z,33.56,67.95

2026-09-22T08:47:59.690Z,33.56,67.9

2026-09-22T08:48:04.690Z,33.57,67.95

2026-09-22T08:48:09.712Z,33.57,68.04

2026-09-22T08:48:14.691Z,33.56,67.97

2026-09-22T08:48:19.691Z,33.55,68

2026-09-22T08:48:24.692Z,33.55,67.95

2026-09-22T08:48:29.695Z,33.55,68.01

2026-09-22T08:48:34.699Z,33.55,67.99

2026-09-22T08:48:39.709Z,33.54,67.98

2026-09-22T08:48:44.697Z,33.56,67.9

2026-09-22T08:48:49.696Z,33.55,67.94

2026-09-22T08:48:54.696Z,33.52,67.92

2026-09-22T08:48:59.695Z,33.53,67.92

2026-09-22T08:49:04.701Z,33.55,67.91

2026-09-22T08:49:09.708Z,33.53,67.93

2026-09-22T08:49:14.699Z,33.56,67.93

2026-09-22T08:49:19.698Z,33.55,67.94

2026-09-22T08:49:24.699Z,33.55,67.97

2026-09-22T08:49:29.700Z,33.55,67.98

2026-09-22T08:49:34.717Z,33.53,68

2026-09-22T08:49:39.728Z,33.54,68.1

2026-09-22T08:49:44.713Z,33.55,68.04

2026-09-22T08:49:49.714Z,33.53,68.06

2026-09-22T08:49:54.716Z,33.52,68.16

2026-09-22T08:49:59.713Z,33.55,68.09

2026-09-22T08:50:04.729Z,33.52,68.17

2026-09-22T08:50:09.739Z,33.53,68.21

2026-09-22T08:50:14.726Z,33.53,68.14

2026-09-22T08:50:19.728Z,33.52,68.23

2026-09-22T08:50:24.727Z,33.53,68.21

2026-09-22T08:50:29.726Z,33.52,68.24

2026-09-22T08:50:34.735Z,33.54,68.27

2026-09-22T08:50:39.746Z,33.53,68.31

2026-09-22T08:50:44.733Z,33.53,68.28

2026-09-22T08:50:49.735Z,33.51,68.3

2026-09-22T08:50:54.732Z,33.53,68.32

2026-09-22T08:50:59.738Z,33.51,68.32

2026-09-22T08:51:04.749Z,33.52,68.34

2026-09-22T08:51:09.762Z,33.51,68.32

2026-09-22T08:51:14.745Z,33.51,68.33

2026-09-22T08:51:19.747Z,33.51,68.38

2026-09-22T08:51:24.747Z,33.53,68.36

2026-09-22T08:51:29.747Z,33.5,68.37

2026-09-22T08:51:34.753Z,33.51,68.41

2026-09-22T08:51:39.765Z,33.51,68.35

2026-09-22T08:51:44.756Z,33.52,68.4

2026-09-22T08:51:49.754Z,33.5,68.46

2026-09-22T08:51:54.752Z,33.52,68.42

2026-09-22T08:51:59.752Z,33.51,68.37

2026-09-22T08:52:04.763Z,33.5,68.42

2026-09-22T08:52:09.773Z,33.5,68.42

2026-09-22T08:52:14.763Z,33.52,68.46

2026-09-22T08:52:19.762Z,33.51,68.5

2026-09-22T08:52:24.762Z,33.51,68.42

2026-09-22T08:52:29.764Z,33.5,68.45

2026-09-22T08:52:34.766Z,33.51,68.47

2026-09-22T08:52:39.779Z,33.5,68.55

2026-09-22T08:52:44.765Z,33.5,68.48

2026-09-22T08:52:49.766Z,33.49,68.43

2026-09-22T08:52:54.768Z,33.51,68.41

2026-09-22T08:52:59.767Z,33.49,68.45

2026-09-22T08:53:04.768Z,33.51,68.48

2026-09-22T08:53:09.780Z,33.49,68.5

2026-09-22T08:53:14.768Z,33.5,68.48

2026-09-22T08:53:19.767Z,33.5,68.47

2026-09-22T08:53:24.768Z,33.51,68.49

2026-09-22T08:53:29.770Z,33.5,68.46

2026-09-22T08:53:34.769Z,33.49,68.5

2026-09-22T08:53:39.783Z,33.49,68.55

2026-09-22T08:53:44.767Z,33.49,68.57

2026-09-22T08:53:49.768Z,33.48,68.49

2026-09-22T08:53:54.767Z,33.48,68.5

2026-09-22T08:53:59.771Z,33.5,68.56

2026-09-22T08:54:04.787Z,33.49,68.54

2026-09-22T08:54:09.797Z,33.48,68.65

2026-09-22T08:54:14.786Z,33.49,68.57

2026-09-22T08:54:19.787Z,33.48,68.65

2026-09-22T08:54:24.787Z,33.49,68.67

2026-09-22T08:54:29.787Z,33.47,68.7

2026-09-22T08:54:34.785Z,33.47,68.75

2026-09-22T08:54:39.800Z,33.46,68.77

2026-09-22T08:54:44.788Z,33.47,68.81

2026-09-22T08:54:49.790Z,33.49,68.8

2026-09-22T08:54:54.785Z,33.46,68.82

2026-09-22T08:54:59.787Z,33.46,68.87

2026-09-22T08:55:04.794Z,33.47,68.91

2026-09-22T08:55:09.808Z,33.47,68.9

2026-09-22T08:55:14.792Z,33.47,68.86

2026-09-22T08:55:19.793Z,33.48,68.89

2026-09-22T08:55:24.793Z,33.46,68.94

2026-09-22T08:55:29.793Z,33.49,69.01

2026-09-22T08:55:34.813Z,33.46,69.03

2026-09-22T08:55:39.825Z,33.47,69.07

2026-09-22T08:55:44.813Z,33.47,69.07

2026-09-22T08:55:49.814Z,33.45,69.08

2026-09-22T08:55:54.816Z,33.46,69.11

2026-09-22T08:55:59.814Z,33.47,69.16

2026-09-22T08:56:04.825Z,33.48,69.09

2026-09-22T08:56:09.836Z,33.46,69.21

2026-09-22T08:56:14.823Z,33.46,69.15

2026-09-22T08:56:19.824Z,33.47,69.17

2026-09-22T08:56:24.824Z,33.48,69.18

2026-09-22T08:56:29.823Z,33.44,69.21

2026-09-22T08:56:34.832Z,33.46,69.25

2026-09-22T08:56:39.843Z,33.45,69.27

2026-09-22T08:56:44.831Z,33.45,69.31

2026-09-22T08:56:49.833Z,33.46,69.27

2026-09-22T08:56:54.830Z,33.46,69.31

2026-09-22T08:56:59.831Z,33.48,69.35

2026-09-22T08:57:04.830Z,33.46,69.3

2026-09-22T08:57:09.843Z,33.47,69.38

2026-09-22T08:57:14.832Z,33.46,69.4

2026-09-22T08:57:19.832Z,33.45,69.46

2026-09-22T08:57:24.830Z,33.46,69.48

2026-09-22T08:57:29.832Z,33.48,69.52

2026-09-22T08:57:34.830Z,33.48,69.58

2026-09-22T08:57:39.841Z,33.48,69.62

2026-09-22T08:57:44.831Z,33.46,69.64

2026-09-22T08:57:49.832Z,33.46,69.66

2026-09-22T08:57:54.831Z,33.46,69.7

2026-09-22T08:57:59.837Z,33.45,69.75

2026-09-22T08:58:04.841Z,33.47,69.78

2026-09-22T08:58:09.851Z,33.46,69.91

2026-09-22T08:58:14.842Z,33.44,69.94

2026-09-22T08:58:19.842Z,33.45,69.98

2026-09-22T08:58:24.845Z,33.43,69.94

2026-09-22T08:58:29.846Z,33.44,69.98

2026-09-22T08:58:34.859Z,33.45,69.96

2026-09-22T08:58:39.870Z,33.44,70

2026-09-22T08:58:44.861Z,33.44,69.97

2026-09-22T08:58:49.862Z,33.44,70.02

2026-09-22T08:58:54.859Z,33.44,70.03

2026-09-22T08:58:59.859Z,33.46,70.06

2026-09-22T08:59:04.870Z,33.45,70.12

2026-09-22T08:59:09.876Z,33.44,70.1

2026-09-22T08:59:14.865Z,33.44,70.01

2026-09-22T08:59:19.867Z,33.42,70.12

2026-09-22T08:59:24.865Z,33.44,70.17

2026-09-22T08:59:29.867Z,33.44,70.2

2026-09-22T08:59:34.866Z,33.45,70.15

2026-09-22T08:59:39.878Z,33.43,70.22

2026-09-22T08:59:44.868Z,33.44,70.2

2026-09-22T08:59:49.870Z,33.42,70.24

2026-09-22T08:59:54.868Z,33.42,70.21

2026-09-22T08:59:59.867Z,33.42,70.28

2026-09-22T09:00:04.869Z,33.4,70.29

2026-09-22T09:00:09.881Z,33.4,70.36

2026-09-22T09:00:14.870Z,33.43,70.35

2026-09-22T09:00:19.870Z,33.42,70.44

2026-09-22T09:00:24.869Z,33.4,70.37

2026-09-22T09:00:29.870Z,33.42,70.39

2026-09-22T09:00:34.884Z,33.42,70.45

2026-09-22T09:00:39.893Z,33.4,70.45

2026-09-22T09:00:44.884Z,33.41,70.42

2026-09-22T09:00:49.884Z,33.4,70.46

2026-09-22T09:00:54.885Z,33.4,70.47

2026-09-22T09:00:59.883Z,33.41,70.4

2026-09-22T09:01:04.888Z,33.4,70.49

2026-09-22T09:01:09.898Z,33.4,70.52

2026-09-22T09:01:14.886Z,33.41,70.47

2026-09-22T09:01:19.885Z,33.4,70.45

2026-09-22T09:01:24.886Z,33.41,70.36

2026-09-22T09:01:29.888Z,33.4,70.34

2026-09-22T09:01:34.898Z,33.39,70.24

2026-09-22T09:01:39.905Z,33.4,70.14

2026-09-22T09:01:44.896Z,33.4,70.06

2026-09-22T09:01:49.897Z,33.4,70

2026-09-22T09:01:54.899Z,33.4,69.95

2026-09-22T09:01:59.899Z,33.41,69.92

2026-09-22T09:02:04.901Z,33.41,69.92

2026-09-22T09:02:09.917Z,33.42,69.91

2026-09-22T09:02:14.902Z,33.41,69.94

2026-09-22T09:02:19.898Z,33.42,69.92

2026-09-22T09:02:24.900Z,33.44,69.92

2026-09-22T09:02:29.901Z,33.44,69.86

2026-09-22T09:02:34.900Z,33.44,69.84

2026-09-22T09:02:39.915Z,33.45,69.94

2026-09-22T09:02:44.900Z,33.45,69.91

2026-09-22T09:02:49.901Z,33.45,69.87

2026-09-22T09:02:54.902Z,33.46,69.86

2026-09-22T09:02:59.904Z,33.49,69.86

2026-09-22T09:03:04.906Z,33.48,69.88

2026-09-22T09:03:09.916Z,33.47,69.99

2026-09-22T09:03:14.904Z,33.49,69.91

2026-09-22T09:03:19.905Z,33.47,69.85

2026-09-22T09:03:24.906Z,33.49,69.84

2026-09-22T09:03:29.906Z,33.51,69.8

2026-09-22T09:03:34.920Z,33.52,69.76

2026-09-22T09:03:39.928Z,33.5,69.77

2026-09-22T09:03:44.916Z,33.53,69.66

2026-09-22T09:03:49.917Z,33.51,69.65

2026-09-22T09:03:54.917Z,33.55,69.64

2026-09-22T09:03:59.917Z,33.51,69.62

2026-09-22T09:04:04.923Z,33.53,69.53

2026-09-22T09:04:09.935Z,33.56,69.54

2026-09-22T09:04:14.919Z,33.56,69.43

2026-09-22T09:04:19.921Z,33.57,69.41

2026-09-22T09:04:24.920Z,33.57,69.39

2026-09-22T09:04:29.921Z,33.55,69.36

2026-09-22T09:04:34.931Z,33.58,69.34

2026-09-22T09:04:39.943Z,33.55,69.36

2026-09-22T09:04:44.931Z,33.57,69.33

2026-09-22T09:04:49.930Z,33.58,69.31

2026-09-22T09:04:54.932Z,33.59,69.27

2026-09-22T09:04:59.931Z,33.59,69.25

2026-09-22T09:05:04.940Z,33.59,69.26

2026-09-22T09:05:09.947Z,33.6,69.24

2026-09-22T09:05:14.935Z,33.58,69.24

2026-09-22T09:05:19.939Z,33.61,69.17

2026-09-22T09:05:24.935Z,33.63,69.14

2026-09-22T09:05:29.938Z,33.62,69.18

2026-09-22T09:05:34.949Z,33.63,69.2

2026-09-22T09:05:39.954Z,33.62,69.25

2026-09-22T09:05:44.947Z,33.63,69.19

2026-09-22T09:05:49.952Z,33.63,69.1

2026-09-22T09:05:54.948Z,33.64,69.07

2026-09-22T09:05:59.949Z,33.65,69.06

2026-09-22T09:06:04.964Z,33.64,69.06

2026-09-22T09:06:09.975Z,33.64,69.07

2026-09-22T09:06:14.961Z,33.67,69.06

2026-09-22T09:06:19.962Z,33.66,69.01

2026-09-22T09:06:24.962Z,33.64,69

2026-09-22T09:06:29.964Z,33.67,69.01

2026-09-22T09:06:34.976Z,33.67,69.06

2026-09-22T09:06:39.988Z,33.66,69.08

2026-09-22T09:06:44.974Z,33.65,69.07

2026-09-22T09:06:49.974Z,33.69,69.07

2026-09-22T09:06:54.975Z,33.68,69.04

2026-09-22T09:06:59.976Z,33.68,69.08

2026-09-22T09:07:04.981Z,33.68,68.93

2026-09-22T09:07:09.992Z,33.67,68.96

2026-09-22T09:07:14.980Z,33.7,68.86

2026-09-22T09:07:19.982Z,33.67,68.85

2026-09-22T09:07:24.980Z,33.69,68.9

2026-09-22T09:07:29.982Z,33.7,68.86

2026-09-22T09:07:34.996Z,33.68,68.9

2026-09-22T09:07:40.006Z,33.68,68.93

2026-09-22T09:07:44.994Z,33.71,68.9

2026-09-22T09:07:49.995Z,33.71,68.82

2026-09-22T09:07:54.996Z,33.72,68.86

2026-09-22T09:07:59.995Z,33.69,68.83

2026-09-22T09:08:05.004Z,33.71,68.84

2026-09-22T09:08:10.015Z,33.7,68.86

2026-09-22T09:08:15.003Z,33.7,68.83

2026-09-22T09:08:20.004Z,33.7,68.85

2026-09-22T09:08:25.005Z,33.72,68.85

2026-09-22T09:08:30.001Z,33.72,68.81

2026-09-22T09:08:35.005Z,33.74,68.81

2026-09-22T09:08:40.018Z,33.73,68.87

2026-09-22T09:08:45.005Z,33.74,68.78

2026-09-22T09:08:50.007Z,33.75,68.76

2026-09-22T09:08:55.006Z,33.74,68.81

2026-09-22T09:09:00.006Z,33.74,68.78

2026-09-22T09:09:05.017Z,33.73,68.85

2026-09-22T09:09:10.028Z,33.73,68.85

2026-09-22T09:09:15.016Z,33.74,68.83

2026-09-22T09:09:20.018Z,33.73,68.8

2026-09-22T09:09:25.017Z,33.74,68.83

2026-09-22T09:09:30.017Z,33.74,68.83

2026-09-22T09:09:35.026Z,33.73,68.86

2026-09-22T09:09:40.035Z,33.73,68.87

2026-09-22T09:09:45.025Z,33.73,68.89

2026-09-22T09:09:50.024Z,33.75,68.95

2026-09-22T09:09:55.023Z,33.74,68.98

2026-09-22T09:10:00.026Z,33.73,68.97

2026-09-22T09:10:05.032Z,33.77,68.94

2026-09-22T09:10:10.044Z,33.76,68.98

2026-09-22T09:10:15.030Z,33.76,68.96

2026-09-22T09:10:20.032Z,33.75,68.99

2026-09-22T09:10:25.030Z,33.76,69.01

2026-09-22T09:10:30.031Z,33.75,68.98

2026-09-22T09:10:35.042Z,33.76,69.1

2026-09-22T09:10:40.055Z,33.75,69.07

2026-09-22T09:10:45.040Z,33.75,68.94

2026-09-22T09:10:50.040Z,33.75,68.96

2026-09-22T09:10:55.040Z,33.74,68.94

2026-09-22T09:11:00.041Z,33.77,68.9

2026-09-22T09:11:05.045Z,33.75,68.83

2026-09-22T09:11:10.058Z,33.78,68.84

2026-09-22T09:11:15.046Z,33.75,68.78

2026-09-22T09:11:20.046Z,33.79,68.75

2026-09-22T09:11:25.046Z,33.78,68.68

2026-09-22T09:11:30.046Z,33.79,68.76

2026-09-22T09:11:35.055Z,33.77,68.64

2026-09-22T09:11:40.063Z,33.76,68.66

2026-09-22T09:11:45.053Z,33.77,68.54

2026-09-22T09:11:50.056Z,33.76,68.55

2026-09-22T09:11:55.053Z,33.78,68.54

2026-09-22T09:12:00.052Z,33.78,68.5

2026-09-22T09:12:05.053Z,33.79,68.31

2026-09-22T09:12:10.065Z,33.81,68.02

2026-09-22T09:12:15.053Z,33.79,67.89

2026-09-22T09:12:20.056Z,33.8,67.75

2026-09-22T09:12:25.054Z,33.79,67.63

2026-09-22T09:12:30.053Z,33.8,67.54

2026-09-22T09:12:35.054Z,33.78,67.47

2026-09-22T09:12:40.066Z,33.79,67.46

2026-09-22T09:12:45.055Z,33.79,67.4

2026-09-22T09:12:50.057Z,33.81,67.42

2026-09-22T09:12:55.058Z,33.8,67.42

2026-09-22T09:13:00.062Z,33.79,67.42

2026-09-22T09:13:05.061Z,33.8,67.45

2026-09-22T09:13:10.070Z,33.78,67.54

2026-09-22T09:13:15.056Z,33.8,67.47

2026-09-22T09:13:20.060Z,33.81,67.38

2026-09-22T09:13:25.060Z,33.8,67.41

2026-09-22T09:13:30.060Z,33.81,67.46

2026-09-22T09:13:35.069Z,33.82,67.46

2026-09-22T09:13:40.082Z,33.81,67.49

2026-09-22T09:13:45.068Z,33.82,67.47

2026-09-22T09:13:50.070Z,33.83,67.46

2026-09-22T09:13:55.069Z,33.85,67.51

2026-09-22T09:14:00.066Z,33.85,67.52

2026-09-22T09:14:05.071Z,33.84,67.49

2026-09-22T09:14:10.079Z,33.84,67.54

2026-09-22T09:14:15.068Z,33.85,67.5

2026-09-22T09:14:20.069Z,33.85,67.57

2026-09-22T09:14:25.070Z,33.85,67.6

2026-09-22T09:14:30.070Z,33.86,67.71

2026-09-22T09:14:35.077Z,33.86,67.63

2026-09-22T09:14:40.087Z,33.89,67.83

2026-09-22T09:14:45.076Z,33.88,67.76

2026-09-22T09:14:50.077Z,33.86,67.73

2026-09-22T09:14:55.077Z,33.88,67.72

2026-09-22T09:15:00.077Z,33.88,67.78

2026-09-22T09:15:05.083Z,33.88,67.8

2026-09-22T09:15:10.094Z,33.87,67.89

2026-09-22T09:15:15.082Z,33.86,67.81

2026-09-22T09:15:20.081Z,33.9,67.81

2026-09-22T09:15:25.082Z,33.87,67.79

2026-09-22T09:15:30.082Z,33.89,67.77

2026-09-22T09:15:35.089Z,33.89,67.8

2026-09-22T09:15:40.098Z,33.9,67.86

2026-09-22T09:15:45.086Z,33.9,67.75

2026-09-22T09:15:50.086Z,33.91,67.72

2026-09-22T09:15:55.085Z,33.91,67.75

2026-09-22T09:16:00.084Z,33.9,67.73

2026-09-22T09:16:05.089Z,33.9,67.66

2026-09-22T09:16:10.103Z,33.89,67.63

2026-09-22T09:16:15.090Z,33.89,67.6

2026-09-22T09:16:20.093Z,33.9,67.62

2026-09-22T09:16:25.090Z,33.88,67.57

2026-09-22T09:16:30.091Z,33.88,67.56

2026-09-22T09:16:35.101Z,33.88,67.45

2026-09-22T09:16:40.113Z,33.88,67.47

2026-09-22T09:16:45.104Z,33.89,67.44

2026-09-22T09:16:50.100Z,33.9,67.44

2026-09-22T09:16:55.101Z,33.88,67.4

2026-09-22T09:17:00.102Z,33.89,67.44

2026-09-22T09:17:05.113Z,33.9,67.39

2026-09-22T09:17:10.126Z,33.9,67.44

2026-09-22T09:17:15.117Z,33.89,67.44

2026-09-22T09:17:20.113Z,33.9,67.44

2026-09-22T09:17:25.113Z,33.9,67.48

2026-09-22T09:17:30.116Z,33.92,67.48

2026-09-22T09:17:35.125Z,33.9,67.47

2026-09-22T09:17:40.138Z,33.9,67.48

2026-09-22T09:17:45.126Z,33.91,67.45

2026-09-22T09:17:50.125Z,33.91,67.46

2026-09-22T09:17:55.125Z,33.9,67.42

2026-09-22T09:18:00.130Z,33.91,67.25

2026-09-22T09:18:05.141Z,33.92,67.34

2026-09-22T09:18:10.151Z,33.92,67.35

2026-09-22T09:18:15.140Z,33.92,67.3

2026-09-22T09:18:20.141Z,33.93,67.33

2026-09-22T09:18:25.139Z,33.93,67.32

2026-09-22T09:18:30.139Z,33.91,67.31

2026-09-22T09:18:35.153Z,33.92,67.35

2026-09-22T09:18:40.160Z,33.93,67.41

2026-09-22T09:18:45.150Z,33.94,67.33

2026-09-22T09:18:50.149Z,33.93,67.38

2026-09-22T09:18:55.148Z,33.94,67.41

2026-09-22T09:19:00.150Z,33.95,67.43

2026-09-22T09:19:05.155Z,33.94,67.4

2026-09-22T09:19:10.169Z,33.93,67.4

2026-09-22T09:19:15.152Z,33.94,67.41

2026-09-22T09:19:20.155Z,33.95,67.34

2026-09-22T09:19:25.155Z,33.96,67.34

2026-09-22T09:19:30.153Z,33.95,67.31

2026-09-22T09:19:35.157Z,33.97,67.27

2026-09-22T09:19:40.166Z,33.96,67.23

2026-09-22T09:19:45.155Z,33.97,67.18

2026-09-22T09:19:50.156Z,33.96,67.19

2026-09-22T09:19:55.154Z,33.97,67.2

2026-09-22T09:20:00.159Z,33.97,67.06

2026-09-22T09:20:05.167Z,33.98,66.95

2026-09-22T09:20:10.174Z,33.98,67

2026-09-22T09:20:15.166Z,33.98,66.91

2026-09-22T09:20:20.164Z,33.97,66.9

2026-09-22T09:20:25.168Z,33.96,66.88

2026-09-22T09:20:30.165Z,33.97,66.79

2026-09-22T09:20:35.166Z,33.97,66.83

2026-09-22T09:20:40.177Z,33.97,66.77

2026-09-22T09:20:45.168Z,33.96,66.77

2026-09-22T09:20:50.168Z,33.95,66.86

2026-09-22T09:20:55.168Z,33.96,66.82

2026-09-22T09:21:00.171Z,33.95,66.85

2026-09-22T09:21:05.170Z,33.94,66.87

2026-09-22T09:21:10.182Z,33.96,66.93

2026-09-22T09:21:15.170Z,33.94,66.93

2026-09-22T09:21:20.170Z,33.95,66.91

2026-09-22T09:21:25.170Z,33.94,66.97

2026-09-22T09:21:30.170Z,33.95,66.95

2026-09-22T09:21:35.180Z,33.95,67

2026-09-22T09:21:40.195Z,33.94,67

2026-09-22T09:21:45.181Z,33.93,66.98

2026-09-22T09:21:50.180Z,33.94,66.89

2026-09-22T09:21:55.180Z,33.94,66.76

2026-09-22T09:22:00.181Z,33.96,66.7

2026-09-22T09:22:05.196Z,33.96,66.67

2026-09-22T09:22:10.207Z,33.94,66.68

2026-09-22T09:22:15.197Z,33.94,66.67

2026-09-22T09:22:20.197Z,33.95,66.68

2026-09-22T09:22:25.196Z,33.96,66.7

2026-09-22T09:22:30.197Z,33.96,66.71

2026-09-22T09:22:35.206Z,33.95,66.68

2026-09-22T09:22:40.215Z,33.95,66.68

2026-09-22T09:22:45.204Z,33.97,66.58

2026-09-22T09:22:50.203Z,33.98,66.57

2026-09-22T09:22:55.206Z,33.96,66.49

2026-09-22T09:23:00.205Z,33.97,66.43

2026-09-22T09:23:05.208Z,33.98,66.36

2026-09-22T09:23:10.217Z,33.96,66.33

2026-09-22T09:23:15.207Z,33.99,66.28

2026-09-22T09:23:20.206Z,33.97,66.25

2026-09-22T09:23:25.205Z,33.99,66.27

2026-09-22T09:23:30.210Z,33.99,66.19

2026-09-22T09:23:35.209Z,33.99,66.2

2026-09-22T09:23:40.224Z,33.98,66.12

2026-09-22T09:23:45.207Z,33.97,66.12

2026-09-22T09:23:50.210Z,33.99,66.12

2026-09-22T09:23:55.213Z,33.99,66.09

2026-09-22T09:24:00.214Z,34,66.16

2026-09-22T09:24:05.222Z,33.98,66.15

2026-09-22T09:24:10.238Z,33.95,66.21

2026-09-22T09:24:15.218Z,33.99,66.23

2026-09-22T09:24:20.220Z,34,66.2

2026-09-22T09:24:25.218Z,33.99,66.05

2026-09-22T09:24:30.220Z,33.96,66.03

2026-09-22T09:24:35.240Z,33.96,65.99

2026-09-22T09:24:40.251Z,33.97,66.02

2026-09-22T09:24:45.239Z,33.97,65.97

2026-09-22T09:24:50.239Z,33.97,65.74

2026-09-22T09:24:55.241Z,33.97,65.66

2026-09-22T09:25:00.241Z,33.96,65.73

2026-09-22T09:25:05.255Z,33.97,65.67

2026-09-22T09:25:10.266Z,33.95,65.73

2026-09-22T09:25:15.256Z,33.96,65.65

2026-09-22T09:25:20.255Z,33.96,65.61

2026-09-22T09:25:25.255Z,33.95,65.67

2026-09-22T09:25:30.256Z,33.95,65.68

2026-09-22T09:25:35.259Z,33.94,65.7

2026-09-22T09:25:40.269Z,33.95,65.68

2026-09-22T09:25:45.257Z,33.92,65.71

2026-09-22T09:25:50.261Z,33.93,65.67

2026-09-22T09:25:55.259Z,33.94,65.71

2026-09-22T09:26:00.258Z,33.94,65.65

2026-09-22T09:26:05.260Z,33.92,65.69

2026-09-22T09:26:10.269Z,33.91,65.7

2026-09-22T09:26:15.259Z,33.93,65.65

2026-09-22T09:26:20.260Z,33.94,65.71

2026-09-22T09:26:25.258Z,33.93,65.74

2026-09-22T09:26:30.258Z,33.94,65.73

2026-09-22T09:26:35.262Z,33.93,65.77

2026-09-22T09:26:40.274Z,33.93,65.7

2026-09-22T09:26:45.263Z,33.91,65.67

2026-09-22T09:26:50.263Z,33.95,65.71

2026-09-22T09:26:55.262Z,33.95,65.69

2026-09-22T09:27:00.262Z,33.96,65.65

2026-09-22T09:27:05.268Z,33.96,65.62

2026-09-22T09:27:10.277Z,33.96,65.6

2026-09-22T09:27:15.268Z,33.93,65.58

2026-09-22T09:27:20.272Z,33.92,65.53

2026-09-22T09:27:25.270Z,33.94,65.53

2026-09-22T09:27:30.270Z,33.95,65.46

2026-09-22T09:27:35.289Z,33.94,65.53

2026-09-22T09:27:40.291Z,33.94,65.54

2026-09-22T09:27:45.283Z,33.92,65.58

2026-09-22T09:27:50.283Z,33.93,65.6

2026-09-22T09:27:55.282Z,33.93,65.62

2026-09-22T09:28:00.282Z,33.94,65.57

2026-09-22T09:28:05.284Z,33.91,65.49

2026-09-22T09:28:10.295Z,33.91,65.5

2026-09-22T09:28:15.285Z,33.93,65.39

2026-09-22T09:28:20.283Z,33.92,65.32

2026-09-22T09:28:25.282Z,33.92,65.38

2026-09-22T09:28:30.284Z,33.91,65.37

2026-09-22T09:28:35.282Z,33.9,65.42

2026-09-22T09:28:40.293Z,33.9,65.4

2026-09-22T09:28:45.281Z,33.9,65.41

2026-09-22T09:28:50.282Z,33.92,65.36

2026-09-22T09:28:55.284Z,33.91,65.34

2026-09-22T09:29:00.283Z,33.89,65.37

2026-09-22T09:29:05.300Z,33.91,65.19

2026-09-22T09:29:10.311Z,33.92,65.08

2026-09-22T09:29:15.297Z,33.94,65

2026-09-22T09:29:20.297Z,33.92,65.04

2026-09-22T09:29:25.299Z,33.92,65.04

2026-09-22T09:29:30.300Z,33.92,65.02

2026-09-22T09:29:35.312Z,33.93,65.02

2026-09-22T09:29:40.324Z,33.93,64.95

2026-09-22T09:29:45.307Z,33.93,64.83

2026-09-22T09:29:50.307Z,33.92,64.61

2026-09-22T09:29:55.305Z,33.94,64.56

2026-09-22T09:30:00.307Z,33.91,64.49

2026-09-22T09:30:05.309Z,33.92,64.47

2026-09-22T09:30:10.318Z,33.93,64.48

2026-09-22T09:30:15.308Z,33.94,64.37

2026-09-22T09:30:20.308Z,33.94,64.27

2026-09-22T09:30:25.308Z,33.92,64.28

2026-09-22T09:30:30.307Z,33.93,64.2

2026-09-22T09:30:35.320Z,33.91,64.13

2026-09-22T09:30:40.330Z,33.92,64.2

2026-09-22T09:30:45.319Z,33.92,64.17

2026-09-22T09:30:50.319Z,33.94,64.12

2026-09-22T09:30:55.320Z,33.93,64.05

2026-09-22T09:31:00.320Z,33.93,63.93

2026-09-22T09:31:05.333Z,33.93,63.96

2026-09-22T09:31:10.344Z,33.93,63.91

2026-09-22T09:31:15.336Z,33.91,63.81

2026-09-22T09:31:20.331Z,33.92,63.59

2026-09-22T09:31:25.330Z,33.92,63.51

2026-09-22T09:31:30.332Z,33.9,63.51

2026-09-22T09:31:35.339Z,33.91,63.6

2026-09-22T09:31:40.350Z,33.91,63.65

2026-09-22T09:31:45.336Z,33.91,63.66

2026-09-22T09:31:50.337Z,33.92,63.68

2026-09-22T09:31:55.337Z,33.92,63.65

2026-09-22T09:32:00.339Z,33.92,63.77

2026-09-22T09:32:05.339Z,33.91,63.81

2026-09-22T09:32:10.352Z,33.92,63.88

2026-09-22T09:32:15.338Z,33.91,63.93

2026-09-22T09:32:20.338Z,33.92,63.96

2026-09-22T09:32:25.338Z,33.91,64.02

2026-09-22T09:32:30.339Z,33.91,63.95

2026-09-22T09:32:35.345Z,33.9,63.99

2026-09-22T09:32:40.358Z,33.92,64.05

2026-09-22T09:32:45.344Z,33.93,63.96

2026-09-22T09:32:50.343Z,33.92,63.96

2026-09-22T09:32:55.345Z,33.9,63.95

2026-09-22T09:33:00.345Z,33.91,63.89

2026-09-22T09:33:05.358Z,33.91,63.86

2026-09-22T09:33:10.372Z,33.91,63.9

2026-09-22T09:33:15.360Z,33.92,63.88

2026-09-22T09:33:20.360Z,33.92,63.9

2026-09-22T09:33:25.360Z,33.91,63.89

2026-09-22T09:33:30.361Z,33.91,63.86

2026-09-22T09:33:35.368Z,33.92,63.78

2026-09-22T09:33:40.380Z,33.91,63.88

2026-09-22T09:33:45.368Z,33.91,63.82

2026-09-22T09:33:50.369Z,33.91,63.93

2026-09-22T09:33:55.367Z,33.91,63.91

2026-09-22T09:34:00.367Z,33.92,63.9

2026-09-22T09:34:05.388Z,33.91,63.89

2026-09-22T09:34:10.401Z,33.92,63.93

2026-09-22T09:34:15.386Z,33.92,63.94

2026-09-22T09:34:20.388Z,33.92,64.02

2026-09-22T09:34:25.387Z,33.92,64.03

2026-09-22T09:34:30.388Z,33.92,64.1

2026-09-22T09:34:35.389Z,33.93,64.14

2026-09-22T09:34:40.401Z,33.93,64.23

2026-09-22T09:34:45.390Z,33.93,64.16

2026-09-22T09:34:50.392Z,33.93,64.23

2026-09-22T09:34:55.393Z,33.94,64.21

2026-09-22T09:35:00.391Z,33.93,64.18

2026-09-22T09:35:05.392Z,33.95,64.1

2026-09-22T09:35:10.403Z,33.94,64.07

2026-09-22T09:35:15.392Z,33.95,63.97

2026-09-22T09:35:20.392Z,33.96,63.98

2026-09-22T09:35:25.393Z,33.94,64.03

2026-09-22T09:35:30.395Z,33.96,64.04

2026-09-22T09:35:35.405Z,33.95,64.08

2026-09-22T09:35:40.418Z,33.95,64.11

2026-09-22T09:35:45.402Z,33.96,64.1

2026-09-22T09:35:50.404Z,33.97,64.12

2026-09-22T09:35:55.403Z,33.96,64.15

2026-09-22T09:36:00.404Z,33.98,64.13

2026-09-22T09:36:05.408Z,33.96,64.14

2026-09-22T09:36:10.419Z,33.95,64.14

2026-09-22T09:36:15.407Z,33.97,64.09

2026-09-22T09:36:20.407Z,33.96,64.12

2026-09-22T09:36:25.407Z,33.99,64.1

2026-09-22T09:36:30.407Z,33.96,64.1

2026-09-22T09:36:35.408Z,33.96,64.12

2026-09-22T09:36:40.421Z,33.96,64.15

2026-09-22T09:36:45.407Z,33.97,64.11

2026-09-22T09:36:50.408Z,33.96,64.08

2026-09-22T09:36:55.409Z,33.98,64.12

2026-09-22T09:37:00.409Z,33.99,64.08

2026-09-22T09:37:05.410Z,33.99,64.07

2026-09-22T09:37:10.421Z,33.97,64.17

2026-09-22T09:37:15.408Z,33.98,64.05

2026-09-22T09:37:20.411Z,33.99,64.06

2026-09-22T09:37:25.410Z,34.01,64.12

2026-09-22T09:37:30.412Z,33.98,64.07

2026-09-22T09:37:35.410Z,33.98,64.05

2026-09-22T09:37:40.422Z,33.99,64.08

2026-09-22T09:37:45.413Z,34,63.97

2026-09-22T09:37:50.412Z,33.99,63.95

2026-09-22T09:37:55.411Z,34.01,63.96

2026-09-22T09:38:00.413Z,34.01,63.99

2026-09-22T09:38:05.423Z,34.02,64.05

2026-09-22T09:38:10.429Z,34,63.98

2026-09-22T09:38:15.420Z,34,63.99

2026-09-22T09:38:20.419Z,34.02,63.98

2026-09-22T09:38:25.417Z,34.02,63.99

2026-09-22T09:38:30.419Z,34.01,63.87

2026-09-22T09:38:35.433Z,34.03,63.93

2026-09-22T09:38:40.445Z,34.02,63.96

2026-09-22T09:38:45.432Z,34.04,63.95

2026-09-22T09:38:50.433Z,34.02,63.97

2026-09-22T09:38:55.435Z,34.02,63.98

2026-09-22T09:39:00.432Z,34.01,63.96

2026-09-22T09:39:05.442Z,34.03,63.95

2026-09-22T09:39:10.451Z,34.03,63.98

2026-09-22T09:39:15.443Z,34.01,63.92

2026-09-22T09:39:20.442Z,34.02,63.92

2026-09-22T09:39:25.441Z,34.03,63.77

2026-09-22T09:39:30.442Z,34.04,63.78

2026-09-22T09:39:35.457Z,34.03,63.77

2026-09-22T09:39:40.464Z,34.02,63.79

2026-09-22T09:39:45.453Z,34.02,63.81

2026-09-22T09:39:50.462Z,34.02,63.8

2026-09-22T09:39:55.455Z,34.03,63.8

2026-09-22T09:40:00.455Z,34.02,63.75

2026-09-22T09:40:05.461Z,34.02,63.73

2026-09-22T09:40:10.473Z,34.02,63.74

2026-09-22T09:40:15.460Z,34.02,63.75

2026-09-22T09:40:20.460Z,34.02,63.74

2026-09-22T09:40:25.458Z,34.02,63.81

2026-09-22T09:40:30.460Z,34.03,63.78

2026-09-22T09:40:35.467Z,34.02,63.81

2026-09-22T09:40:40.479Z,34.04,63.78

2026-09-22T09:40:45.466Z,34.04,63.73

2026-09-22T09:40:50.467Z,34.03,63.69

2026-09-22T09:40:55.465Z,34.03,63.66

2026-09-22T09:41:00.465Z,34.04,63.64

2026-09-22T09:41:05.472Z,34.03,63.61

2026-09-22T09:41:10.485Z,34.01,63.61

2026-09-22T09:41:15.470Z,34.04,63.55

2026-09-22T09:41:20.472Z,34.03,63.5

2026-09-22T09:41:25.470Z,34.04,63.57

2026-09-22T09:41:30.472Z,34.02,63.59

2026-09-22T09:41:35.474Z,34.01,63.59

2026-09-22T09:41:40.491Z,34.03,63.66

2026-09-22T09:41:45.473Z,34.03,63.64

2026-09-22T09:41:50.470Z,34.03,63.56

2026-09-22T09:41:55.476Z,34.03,63.48

2026-09-22T09:42:00.478Z,34.04,63.49

2026-09-22T09:42:05.490Z,34.05,63.47

2026-09-22T09:42:10.510Z,34.04,63.46

2026-09-22T09:42:15.491Z,34.04,63.4

2026-09-22T09:42:20.492Z,34.05,63.31

2026-09-22T09:42:25.492Z,34.04,63.2

2026-09-22T09:42:30.492Z,34.05,63.22

2026-09-22T09:42:35.496Z,34.06,63.28

2026-09-22T09:42:40.509Z,34.05,63.28

2026-09-22T09:42:45.497Z,34.05,63.25

2026-09-22T09:42:50.496Z,34.04,63.27

2026-09-22T09:42:55.497Z,34.04,63.27

2026-09-22T09:43:00.498Z,34.03,63.26

2026-09-22T09:43:05.514Z,34.06,63.25

2026-09-22T09:43:10.528Z,34.04,63.28

2026-09-22T09:43:15.515Z,34.04,63.29

2026-09-22T09:43:20.513Z,34.03,63.26

2026-09-22T09:43:25.514Z,34.04,63.27

2026-09-22T09:43:30.516Z,34.02,63.3

2026-09-22T09:43:35.523Z,34.03,63.3

2026-09-22T09:43:40.535Z,34.02,63.27

2026-09-22T09:43:45.526Z,34.02,63.35

2026-09-22T09:43:50.524Z,34,63.36

2026-09-22T09:43:55.524Z,34.03,63.4

2026-09-22T09:44:00.525Z,34.02,63.37

2026-09-22T09:44:05.533Z,34,63.39

2026-09-22T09:44:10.541Z,34.01,63.46

2026-09-22T09:44:15.531Z,33.99,63.49

2026-09-22T09:44:20.533Z,33.99,63.49

2026-09-22T09:44:25.532Z,34.01,63.54

2026-09-22T09:44:30.530Z,33.99,63.55

2026-09-22T09:44:35.533Z,34.01,63.49

2026-09-22T09:44:40.543Z,34.01,63.56

2026-09-22T09:44:45.532Z,34.02,63.59

2026-09-22T09:44:50.532Z,34.04,63.56

2026-09-22T09:44:55.534Z,34,63.57

2026-09-22T09:45:00.533Z,34.01,63.51

2026-09-22T09:45:05.540Z,34.01,63.48

2026-09-22T09:45:10.552Z,34.01,63.4

2026-09-22T09:45:15.541Z,34.01,63.3

2026-09-22T09:45:20.540Z,34.01,63.25

2026-09-22T09:45:25.542Z,34.01,63.2

2026-09-22T09:45:30.542Z,34,63.19

2026-09-22T09:45:35.562Z,34.01,63.17

2026-09-22T09:45:40.575Z,34.01,63.08

2026-09-22T09:45:45.559Z,34.01,63.04

2026-09-22T09:45:50.559Z,34.02,63.04

2026-09-22T09:45:55.557Z,34.01,63.05

2026-09-22T09:46:00.558Z,34,63.06

2026-09-22T09:46:05.577Z,34.02,63.11

2026-09-22T09:46:10.587Z,34.02,63.1

2026-09-22T09:46:15.577Z,34.02,63.02

2026-09-22T09:46:20.577Z,34.01,62.97

2026-09-22T09:46:25.576Z,34.02,62.92

2026-09-22T09:46:30.576Z,34.01,62.71

2026-09-22T09:46:35.586Z,34.02,62.75

2026-09-22T09:46:40.596Z,34.03,62.73

2026-09-22T09:46:45.585Z,34,62.73

2026-09-22T09:46:50.586Z,34.02,62.78

2026-09-22T09:46:55.584Z,34.01,62.92

2026-09-22T09:47:00.587Z,34.01,62.91

2026-09-22T09:47:05.597Z,34,62.9

2026-09-22T09:47:10.613Z,34,62.94

2026-09-22T09:47:15.598Z,34,62.95

2026-09-22T09:47:20.598Z,34,62.93

2026-09-22T09:47:25.598Z,34,62.91

2026-09-22T09:47:30.597Z,33.98,62.93

2026-09-22T09:47:35.597Z,33.99,63.01

2026-09-22T09:47:40.610Z,34,63.01

2026-09-22T09:47:45.602Z,34,62.94

2026-09-22T09:47:50.600Z,34,63.05

2026-09-22T09:47:55.599Z,34,63.09

2026-09-22T09:48:00.600Z,34.01,63.09

2026-09-22T09:48:05.603Z,33.99,63.12

2026-09-22T09:48:10.616Z,33.97,63.14

2026-09-22T09:48:15.601Z,34,63.1

2026-09-22T09:48:20.600Z,33.97,63.09

2026-09-22T09:48:25.599Z,33.98,63.09

2026-09-22T09:48:30.600Z,33.98,63.12

2026-09-22T09:48:35.603Z,33.98,63.14

2026-09-22T09:48:40.613Z,33.98,63.15

2026-09-22T09:48:45.603Z,33.98,63.12

2026-09-22T09:48:50.603Z,33.98,63.08

2026-09-22T09:48:55.602Z,33.99,63.09

2026-09-22T09:49:00.604Z,33.99,63.16

2026-09-22T09:49:05.604Z,33.97,63.15

2026-09-22T09:49:10.617Z,33.98,63.22

2026-09-22T09:49:15.608Z,33.97,63.16

2026-09-22T09:49:20.608Z,33.97,63.22

2026-09-22T09:49:25.606Z,33.99,63.21

2026-09-22T09:49:30.605Z,33.98,63.23

2026-09-22T09:49:35.610Z,33.99,63.24

2026-09-22T09:49:40.621Z,33.98,63.23

2026-09-22T09:49:45.611Z,33.99,63.15

2026-09-22T09:49:50.611Z,34.01,63.19

2026-09-22T09:49:55.611Z,34,63.15

2026-09-22T09:50:00.611Z,33.97,63.14

2026-09-22T09:50:05.632Z,33.99,63.18

2026-09-22T09:50:10.648Z,33.98,63.2

2026-09-22T09:50:15.634Z,33.99,63.14

2026-09-22T09:50:20.633Z,33.99,63.15

2026-09-22T09:50:25.630Z,34,63.19

2026-09-22T09:50:30.631Z,33.99,63.26

2026-09-22T09:50:35.638Z,33.99,63.21

2026-09-22T09:50:40.647Z,33.99,63.28

2026-09-22T09:50:45.634Z,34,63.3

2026-09-22T09:50:50.635Z,34,63.27

2026-09-22T09:50:55.635Z,33.98,63.29

2026-09-22T09:51:00.636Z,33.98,63.26

2026-09-22T09:51:05.641Z,33.99,63.25

2026-09-22T09:51:10.656Z,34.01,63.28

2026-09-22T09:51:15.644Z,34.01,63.22

2026-09-22T09:51:20.641Z,34,63.17

2026-09-22T09:51:25.644Z,34,63.14

2026-09-22T09:51:30.644Z,34.01,63.16

2026-09-22T09:51:35.647Z,34.01,63.16

2026-09-22T09:51:40.660Z,33.99,63.18

2026-09-22T09:51:45.644Z,34.01,63.06

2026-09-22T09:51:50.644Z,33.99,63.01

2026-09-22T09:51:55.644Z,34.01,63.05

2026-09-22T09:52:00.646Z,34,62.98

2026-09-22T09:52:05.647Z,34.02,63.06

2026-09-22T09:52:10.659Z,34,63.05

2026-09-22T09:52:15.649Z,34.01,62.97

2026-09-22T09:52:20.647Z,34.01,62.98

2026-09-22T09:52:25.649Z,34.01,62.99

2026-09-22T09:52:30.653Z,34,63.07

2026-09-22T09:52:35.652Z,34.02,63.02

2026-09-22T09:52:40.669Z,33.98,63.05

2026-09-22T09:52:45.650Z,33.99,63.1

2026-09-22T09:52:50.652Z,33.99,63.09

2026-09-22T09:52:55.650Z,34,63.05

2026-09-22T09:53:00.651Z,34,63.08

2026-09-22T09:53:05.652Z,33.99,63.11

2026-09-22T09:53:10.666Z,33.99,63.21

2026-09-22T09:53:15.653Z,34,63.12

2026-09-22T09:53:20.653Z,33.99,63.13

2026-09-22T09:53:25.653Z,34.01,63.11

2026-09-22T09:53:30.653Z,33.99,63.14

2026-09-22T09:53:35.660Z,33.98,63.19

2026-09-22T09:53:40.673Z,33.99,63.14

2026-09-22T09:53:45.658Z,34,63.18

2026-09-22T09:53:50.658Z,34,63.1

2026-09-22T09:53:55.660Z,34,63.13

2026-09-22T09:54:00.658Z,34,63.13

2026-09-22T09:54:05.664Z,33.99,63.2

2026-09-22T09:54:10.677Z,33.99,63.2

2026-09-22T09:54:15.660Z,34.01,63.15

2026-09-22T09:54:20.660Z,34.02,63.23

2026-09-22T09:54:25.661Z,34.03,63.17

2026-09-22T09:54:30.663Z,34,63.21

2026-09-22T09:54:35.669Z,34.02,63.19

2026-09-22T09:54:40.680Z,34.02,63.17

2026-09-22T09:54:45.670Z,34.01,63.2

2026-09-22T09:54:50.668Z,34.01,63.15

2026-09-22T09:54:55.669Z,34.02,63.16

2026-09-22T09:55:00.672Z,34.04,63.22

2026-09-22T09:55:05.681Z,34.03,63.14

2026-09-22T09:55:10.691Z,34.02,63.18

2026-09-22T09:55:15.679Z,33.99,63.09

2026-09-22T09:55:20.680Z,34,63.16

2026-09-22T09:55:25.678Z,34,63.07

2026-09-22T09:55:30.679Z,33.98,63.17

2026-09-22T09:55:35.698Z,33.99,63.16

2026-09-22T09:55:40.708Z,33.98,63.25

2026-09-22T09:55:45.695Z,33.97,63.13

2026-09-22T09:55:50.695Z,34,63.25

2026-09-22T09:55:55.695Z,33.98,63.2

2026-09-22T09:56:00.695Z,33.99,63.3

2026-09-22T09:56:05.704Z,33.99,63.19

2026-09-22T09:56:10.715Z,33.99,63.29

2026-09-22T09:56:15.703Z,33.99,63.28

2026-09-22T09:56:20.704Z,33.98,63.36

2026-09-22T09:56:25.705Z,33.98,63.24

2026-09-22T09:56:30.704Z,33.98,63.27

2026-09-22T09:56:35.716Z,33.98,63.32

2026-09-22T09:56:40.727Z,33.96,63.32

2026-09-22T09:56:45.713Z,33.97,63.27

2026-09-22T09:56:50.713Z,33.98,63.27

2026-09-22T09:56:55.714Z,33.97,63.24

2026-09-22T09:57:00.715Z,33.97,63.31

2026-09-22T09:57:05.721Z,33.95,63.27

2026-09-22T09:57:10.731Z,33.95,63.36

2026-09-22T09:57:15.719Z,33.96,63.3

2026-09-22T09:57:20.720Z,33.96,63.39

2026-09-22T09:57:25.720Z,33.96,63.47

2026-09-22T09:57:30.720Z,33.96,63.44

2026-09-22T09:57:35.729Z,33.96,63.48

2026-09-22T09:57:40.741Z,33.95,63.53

2026-09-22T09:57:45.728Z,33.95,63.51

2026-09-22T09:57:50.729Z,33.96,63.51

2026-09-22T09:57:55.729Z,33.94,63.49

2026-09-22T09:58:00.729Z,33.95,63.49

2026-09-22T09:58:05.741Z,33.97,63.53

2026-09-22T09:58:10.753Z,33.95,63.51

2026-09-22T09:58:15.742Z,33.95,63.46

2026-09-22T09:58:20.742Z,33.95,63.47

2026-09-22T09:58:25.742Z,33.96,63.49

2026-09-22T09:58:30.744Z,33.97,63.49

2026-09-22T09:58:35.750Z,33.96,63.54

2026-09-22T09:58:40.764Z,33.95,63.51

2026-09-22T09:58:45.747Z,33.99,63.52

2026-09-22T09:58:50.748Z,33.99,63.54

2026-09-22T09:58:55.749Z,33.99,63.51

2026-09-22T09:59:00.748Z,33.97,63.57

2026-09-22T09:59:05.766Z,33.98,63.57

2026-09-22T09:59:10.781Z,33.95,63.65

2026-09-22T09:59:15.765Z,33.99,63.57

2026-09-22T09:59:20.766Z,33.98,63.57

2026-09-22T09:59:25.765Z,33.96,63.58

2026-09-22T09:59:30.766Z,33.97,63.54

2026-09-22T09:59:35.768Z,33.98,63.67

2026-09-22T09:59:40.779Z,33.97,63.66

2026-09-22T09:59:45.768Z,33.99,63.74

2026-09-22T09:59:50.769Z,34,63.7

2026-09-22T09:59:55.770Z,33.99,63.64

2026-09-22T10:00:00.770Z,33.98,63.7

2026-09-22T10:00:05.768Z,33.97,63.67

2026-09-22T10:00:10.788Z,33.99,63.71

2026-09-22T10:00:15.770Z,33.98,63.63

2026-09-22T10:00:20.769Z,33.98,63.63

2026-09-22T10:00:25.769Z,33.99,63.65

2026-09-22T10:00:30.772Z,34,63.6

2026-09-22T10:00:35.770Z,33.99,63.65

2026-09-22T10:00:40.786Z,33.98,63.74

2026-09-22T10:00:45.773Z,33.99,63.69

2026-09-22T10:00:50.774Z,34,63.72

2026-09-22T10:00:55.776Z,34,63.71

2026-09-22T10:01:00.774Z,33.99,63.7

2026-09-22T10:01:05.782Z,33.99,63.72

2026-09-22T10:01:10.796Z,33.98,63.77

2026-09-22T10:01:15.783Z,33.99,63.72

2026-09-22T10:01:20.784Z,33.99,63.77

2026-09-22T10:01:25.784Z,33.99,63.74

2026-09-22T10:01:30.784Z,34,63.71

2026-09-22T10:01:35.790Z,34.01,63.69

2026-09-22T10:01:40.806Z,34,63.7

2026-09-22T10:01:45.791Z,34,63.75

2026-09-22T10:01:50.790Z,34,63.7

2026-09-22T10:01:55.791Z,34,63.68

2026-09-22T10:02:00.792Z,34,63.67

2026-09-22T10:02:05.809Z,34.01,63.71

2026-09-22T10:02:10.818Z,33.99,63.74

2026-09-22T10:02:15.807Z,33.99,63.72

2026-09-22T10:02:20.806Z,33.99,63.71

2026-09-22T10:02:25.805Z,34.01,63.67

2026-09-22T10:02:30.806Z,33.98,63.74

2026-09-22T10:02:35.807Z,34,63.71

2026-09-22T10:02:40.821Z,34,63.71

2026-09-22T10:02:45.808Z,33.99,63.75

2026-09-22T10:02:50.811Z,33.98,63.77

2026-09-22T10:02:55.809Z,34.01,63.74

2026-09-22T10:03:00.811Z,33.99,63.82

2026-09-22T10:03:05.810Z,33.99,63.76

2026-09-22T10:03:10.825Z,34,63.8

2026-09-22T10:03:15.810Z,34,63.71

2026-09-22T10:03:20.814Z,33.99,63.68

2026-09-22T10:03:25.811Z,33.98,63.73

2026-09-22T10:03:30.812Z,34.01,63.69

2026-09-22T10:03:35.816Z,34,63.71

2026-09-22T10:03:40.827Z,34,63.78

2026-09-22T10:03:45.816Z,34,63.71

2026-09-22T10:03:50.815Z,34,63.71

2026-09-22T10:03:55.818Z,34,63.7

2026-09-22T10:04:00.818Z,34.02,63.72

2026-09-22T10:04:05.828Z,34.01,63.79

2026-09-22T10:04:10.837Z,34,63.73

2026-09-22T10:04:15.826Z,34.01,63.72

2026-09-22T10:04:20.828Z,34.02,63.82

2026-09-22T10:04:25.826Z,34.03,63.7

2026-09-22T10:04:30.828Z,34.03,63.73

2026-09-22T10:04:35.844Z,34.02,63.7

2026-09-22T10:04:40.853Z,34.01,63.69

2026-09-22T10:04:45.841Z,34.03,63.67

2026-09-22T10:04:50.840Z,34.02,63.65

2026-09-22T10:04:55.840Z,34.01,63.64

2026-09-22T10:05:00.840Z,34.02,63.65

2026-09-22T10:05:05.841Z,34.02,63.57

2026-09-22T10:05:10.853Z,34.02,63.58

2026-09-22T10:05:15.842Z,34.01,63.6

2026-09-22T10:05:20.844Z,34,63.6

2026-09-22T10:05:25.844Z,34,63.6

2026-09-22T10:05:30.845Z,34.02,63.6

2026-09-22T10:05:35.845Z,34.03,63.54

2026-09-22T10:05:40.860Z,34.02,63.62

2026-09-22T10:05:45.847Z,34.03,63.64

2026-09-22T10:05:50.846Z,34.02,63.66

2026-09-22T10:05:55.846Z,34.01,63.62

2026-09-22T10:06:00.858Z,34.03,63.66

2026-09-22T10:06:05.848Z,34.04,63.64

2026-09-22T10:06:10.861Z,34.02,63.63

2026-09-22T10:06:15.849Z,34.03,63.58

2026-09-22T10:06:20.848Z,34.04,63.59

2026-09-22T10:06:25.850Z,34.02,63.53

2026-09-22T10:06:30.851Z,34.03,63.55

2026-09-22T10:06:35.858Z,34.03,63.47

2026-09-22T10:06:40.872Z,34.04,63.5

2026-09-22T10:06:45.859Z,34.05,63.49

2026-09-22T10:06:50.860Z,34.04,63.43

2026-09-22T10:06:55.861Z,34.03,63.48

2026-09-22T10:07:00.862Z,34.05,63.51

2026-09-22T10:07:05.865Z,34.05,63.41

2026-09-22T10:07:10.874Z,34.06,63.51

2026-09-22T10:07:15.862Z,34.07,63.42

2026-09-22T10:07:20.864Z,34.05,63.46

2026-09-22T10:07:25.863Z,34.06,63.4

2026-09-22T10:07:30.863Z,34.05,63.43

2026-09-22T10:07:35.876Z,34.06,63.37

2026-09-22T10:07:40.884Z,34.06,63.39

2026-09-22T10:07:45.874Z,34.06,63.37

2026-09-22T10:07:50.876Z,34.07,63.42

2026-09-22T10:07:55.873Z,34.06,63.39

2026-09-22T10:08:00.877Z,34.06,63.34

2026-09-22T10:08:05.887Z,34.07,63.35

2026-09-22T10:08:10.897Z,34.06,63.34

2026-09-22T10:08:15.885Z,34.05,63.29

2026-09-22T10:08:20.888Z,34.06,63.3

2026-09-22T10:08:25.887Z,34.06,63.31

2026-09-22T10:08:30.885Z,34.06,63.37

2026-09-22T10:08:35.896Z,34.07,63.38

2026-09-22T10:08:40.903Z,34.05,63.42

2026-09-22T10:08:45.894Z,34.04,63.37

2026-09-22T10:08:50.895Z,34.06,63.4

2026-09-22T10:08:55.896Z,34.05,63.43

2026-09-22T10:09:00.894Z,34.06,63.35

2026-09-22T10:09:05.906Z,34.06,63.39

2026-09-22T10:09:10.917Z,34.06,63.4

2026-09-22T10:09:15.905Z,34.05,63.35

2026-09-22T10:09:20.906Z,34.05,63.39

2026-09-22T10:09:25.907Z,34.05,63.37

2026-09-22T10:09:30.907Z,34.05,63.42

2026-09-22T10:09:35.908Z,34.04,63.36

2026-09-22T10:09:40.918Z,34.02,63.43

2026-09-22T10:09:45.910Z,34.03,63.37

2026-09-22T10:09:50.908Z,34.04,63.43

2026-09-22T10:09:55.907Z,34.05,63.44

2026-09-22T10:10:00.908Z,34.06,63.52

2026-09-22T10:10:05.908Z,34.05,63.47

2026-09-22T10:10:10.920Z,34.05,63.51

2026-09-22T10:10:15.908Z,34.04,63.43

2026-09-22T10:10:20.911Z,34.04,63.58

2026-09-22T10:10:25.910Z,34.04,63.52

2026-09-22T10:10:30.910Z,34.04,63.53

2026-09-22T10:10:35.910Z,34.04,63.52

2026-09-22T10:10:40.929Z,34.03,63.58

2026-09-22T10:10:45.912Z,34.04,63.51

2026-09-22T10:10:50.911Z,34.04,63.59

2026-09-22T10:10:55.913Z,34.05,63.56

2026-09-22T10:11:00.911Z,34.04,63.6

2026-09-22T10:11:05.914Z,34.05,63.6

2026-09-22T10:11:10.924Z,34.04,63.72

2026-09-22T10:11:15.914Z,34.04,63.61

2026-09-22T10:11:20.912Z,34.06,63.64

2026-09-22T10:11:25.912Z,34.04,63.67

2026-09-22T10:11:30.915Z,34.05,63.63

2026-09-22T10:11:35.922Z,34.03,63.66

2026-09-22T10:11:40.933Z,34.05,63.73

2026-09-22T10:11:45.922Z,34.03,63.7

2026-09-22T10:11:50.923Z,34.04,63.67

2026-09-22T10:11:55.923Z,34.04,63.65

2026-09-22T10:12:00.924Z,34.02,63.7

2026-09-22T10:12:05.931Z,34.04,63.76

2026-09-22T10:12:10.940Z,34.01,63.77

2026-09-22T10:12:15.926Z,34.05,63.7

2026-09-22T10:12:20.926Z,34.04,63.72

2026-09-22T10:12:25.927Z,34.04,63.7

2026-09-22T10:12:30.927Z,34.02,63.72

2026-09-22T10:12:35.942Z,34.03,63.72

2026-09-22T10:12:40.953Z,34.02,63.74

2026-09-22T10:12:45.942Z,34.04,63.71

2026-09-22T10:12:50.943Z,34.04,63.67

2026-09-22T10:12:55.943Z,34.02,63.64

2026-09-22T10:13:00.942Z,34.03,63.72

2026-09-22T10:13:05.958Z,34.03,63.66

2026-09-22T10:13:10.971Z,34.03,63.69

2026-09-22T10:13:15.956Z,34.03,63.71

2026-09-22T10:13:20.957Z,34.02,63.73

2026-09-22T10:13:25.956Z,34.03,63.76

2026-09-22T10:13:30.956Z,34.01,63.74

2026-09-22T10:13:35.964Z,34.04,63.81

2026-09-22T10:13:40.972Z,34.03,63.76

2026-09-22T10:13:45.963Z,34.02,63.82

2026-09-22T10:13:50.962Z,34.02,63.83

2026-09-22T10:13:55.962Z,34.01,63.79

2026-09-22T10:14:00.963Z,34,63.83

2026-09-22T10:14:05.971Z,34.01,63.82

2026-09-22T10:14:10.982Z,33.99,63.89

2026-09-22T10:14:15.972Z,34.01,63.83

2026-09-22T10:14:20.972Z,34.01,63.83

2026-09-22T10:14:25.969Z,33.99,63.86

2026-09-22T10:14:30.972Z,33.99,63.81

2026-09-22T10:14:35.983Z,34.01,63.88

2026-09-22T10:14:41.004Z,34.02,63.9

2026-09-22T10:14:45.983Z,34.01,63.87

2026-09-22T10:14:50.983Z,34.02,63.87

2026-09-22T10:14:55.983Z,34.02,63.86

2026-09-22T10:15:00.984Z,34.02,63.86

2026-09-22T10:15:05.995Z,34.02,63.86

2026-09-22T10:15:11.008Z,34.02,63.84

2026-09-22T10:15:15.996Z,34.02,63.82

2026-09-22T10:15:20.996Z,34.01,63.82

2026-09-22T10:15:25.997Z,34.01,63.81

2026-09-22T10:15:30.996Z,34.02,63.85

2026-09-22T10:15:36.008Z,34.03,63.87

2026-09-22T10:15:41.019Z,34.02,63.89

2026-09-22T10:15:46.007Z,34.02,63.83

2026-09-22T10:15:51.007Z,34.01,63.85

2026-09-22T10:15:56.006Z,34.03,63.8

2026-09-22T10:16:01.008Z,34.01,63.93

2026-09-22T10:16:06.014Z,34.01,63.92

2026-09-22T10:16:11.024Z,34.02,63.95

2026-09-22T10:16:16.013Z,34.01,63.88

2026-09-22T10:16:21.014Z,34.01,63.89

2026-09-22T10:16:26.011Z,34,63.91

2026-09-22T10:16:31.014Z,34.01,63.93

2026-09-22T10:16:36.017Z,33.99,63.94

2026-09-22T10:16:41.027Z,33.99,63.97

2026-09-22T10:16:46.013Z,34,63.91

2026-09-22T10:16:51.016Z,34.01,63.92

2026-09-22T10:16:56.016Z,33.99,63.88

2026-09-22T10:17:01.017Z,33.98,63.96

2026-09-22T10:17:06.018Z,34,63.96

2026-09-22T10:17:11.027Z,33.99,64.04

2026-09-22T10:17:16.017Z,34.01,64.02

2026-09-22T10:17:21.018Z,33.99,64.05

2026-09-22T10:17:26.018Z,33.99,64.07

2026-09-22T10:17:31.018Z,33.98,64.01

2026-09-22T10:17:36.019Z,34.01,64.08

2026-09-22T10:17:41.030Z,34,64.13

2026-09-22T10:17:46.018Z,34.01,64.17

2026-09-22T10:17:51.019Z,34,64.12

2026-09-22T10:17:56.019Z,34,64.15

2026-09-22T10:18:01.020Z,33.99,64.14

2026-09-22T10:18:06.020Z,33.99,64.11

2026-09-22T10:18:11.031Z,33.99,64.18

2026-09-22T10:18:16.020Z,34,64.2

2026-09-22T10:18:21.020Z,33.98,64.14

2026-09-22T10:18:26.021Z,33.98,64.19

2026-09-22T10:18:31.023Z,33.99,64.16

2026-09-22T10:18:36.024Z,33.98,64.19

2026-09-22T10:18:41.036Z,33.97,64.2

2026-09-22T10:18:46.022Z,33.97,64.21

2026-09-22T10:18:51.026Z,33.96,64.26

2026-09-22T10:18:56.023Z,33.96,64.22

2026-09-22T10:19:01.024Z,33.96,64.23

2026-09-22T10:19:06.026Z,33.96,64.27

2026-09-22T10:19:11.038Z,33.96,64.26

2026-09-22T10:19:16.026Z,33.96,64.23

2026-09-22T10:19:21.026Z,33.98,64.27

2026-09-22T10:19:26.026Z,33.98,64.31

2026-09-22T10:19:31.028Z,33.96,64.35

2026-09-22T10:19:36.040Z,33.97,64.3

2026-09-22T10:19:41.052Z,33.94,64.22

2026-09-22T10:19:46.041Z,33.98,64.28

2026-09-22T10:19:51.041Z,33.98,64.26

2026-09-22T10:19:56.042Z,33.97,64.28

2026-09-22T10:20:01.042Z,33.97,64.29

2026-09-22T10:20:06.058Z,33.98,64.33

2026-09-22T10:20:11.067Z,33.97,64.31

2026-09-22T10:20:16.056Z,33.96,64.32

2026-09-22T10:20:21.057Z,33.97,64.36

2026-09-22T10:20:26.058Z,33.97,64.31

2026-09-22T10:20:31.059Z,33.96,64.33

2026-09-22T10:20:36.060Z,33.98,64.28

2026-09-22T10:20:41.075Z,33.97,64.36

2026-09-22T10:20:46.059Z,33.97,64.28

2026-09-22T10:20:51.060Z,33.94,64.33

2026-09-22T10:20:56.060Z,33.94,64.35

2026-09-22T10:21:01.058Z,33.94,64.33

2026-09-22T10:21:06.071Z,33.94,64.33

2026-09-22T10:21:11.084Z,33.94,64.37

2026-09-22T10:21:16.070Z,33.96,64.42

2026-09-22T10:21:21.070Z,33.94,64.4

2026-09-22T10:21:26.072Z,33.97,64.43

2026-09-22T10:21:31.070Z,33.95,64.4

2026-09-22T10:21:36.082Z,33.93,64.35

2026-09-22T10:21:41.092Z,33.94,64.41

2026-09-22T10:21:46.083Z,33.96,64.41

2026-09-22T10:21:51.079Z,33.95,64.4

2026-09-22T10:21:56.079Z,33.97,64.37

2026-09-22T10:22:01.080Z,33.96,64.36

2026-09-22T10:22:06.096Z,33.97,64.35

2026-09-22T10:22:11.108Z,33.95,64.35

2026-09-22T10:22:16.095Z,33.98,64.39

2026-09-22T10:22:21.095Z,33.96,64.39

2026-09-22T10:22:26.095Z,33.97,64.32

2026-09-22T10:22:31.096Z,33.97,64.33

2026-09-22T10:22:36.111Z,33.96,64.31

2026-09-22T10:22:41.120Z,33.96,64.29

2026-09-22T10:22:46.105Z,33.96,64.35

2026-09-22T10:22:51.106Z,33.95,64.39

2026-09-22T10:22:56.108Z,33.95,64.39

2026-09-22T10:23:01.107Z,33.97,64.34

2026-09-22T10:23:06.118Z,33.97,64.29

2026-09-22T10:23:11.128Z,33.96,64.37

2026-09-22T10:23:16.115Z,33.96,64.33

2026-09-22T10:23:21.113Z,33.95,64.34

2026-09-22T10:23:26.116Z,33.98,64.34

2026-09-22T10:23:31.115Z,33.98,64.34

2026-09-22T10:23:36.127Z,33.96,64.3

2026-09-22T10:23:41.140Z,33.97,64.36

2026-09-22T10:23:46.128Z,33.97,64.33

2026-09-22T10:23:51.127Z,33.98,64.31

2026-09-22T10:23:56.128Z,33.99,64.28

2026-09-22T10:24:01.128Z,33.98,64.31

2026-09-22T10:24:06.128Z,33.98,64.33

2026-09-22T10:24:11.145Z,33.97,64.32

2026-09-22T10:24:16.129Z,33.98,64.32

2026-09-22T10:24:21.129Z,33.97,64.24

2026-09-22T10:24:26.129Z,33.98,64.25

2026-09-22T10:24:31.129Z,33.99,64.25

2026-09-22T10:24:36.129Z,33.97,64.32

2026-09-22T10:24:41.141Z,33.97,64.31

2026-09-22T10:24:46.131Z,33.99,64.23

2026-09-22T10:24:51.131Z,33.99,64.23

2026-09-22T10:24:56.132Z,33.99,64.24

2026-09-22T10:25:01.138Z,33.99,64.29

2026-09-22T10:25:06.135Z,33.97,64.22

2026-09-22T10:25:11.151Z,34,64.26

2026-09-22T10:25:16.136Z,34,64.23

2026-09-22T10:25:21.135Z,33.99,64.24

2026-09-22T10:25:26.135Z,33.98,64.23

2026-09-22T10:25:31.137Z,33.96,64.29

2026-09-22T10:25:36.145Z,33.98,64.3

2026-09-22T10:25:41.158Z,33.98,64.24

2026-09-22T10:25:46.146Z,33.98,64.24

2026-09-22T10:25:51.146Z,33.97,64.26

2026-09-22T10:25:56.146Z,33.97,64.23

2026-09-22T10:26:01.147Z,33.98,64.31

2026-09-22T10:26:06.156Z,33.97,64.29

2026-09-22T10:26:11.170Z,33.98,64.36

2026-09-22T10:26:16.157Z,33.98,64.34

2026-09-22T10:26:21.158Z,33.98,64.35

2026-09-22T10:26:26.156Z,33.98,64.35

2026-09-22T10:26:31.158Z,33.99,64.3

2026-09-22T10:26:36.164Z,34,64.37

2026-09-22T10:26:41.173Z,33.99,64.42

2026-09-22T10:26:46.162Z,33.96,64.33

2026-09-22T10:26:51.162Z,33.99,64.37

2026-09-22T10:26:56.160Z,33.99,64.38

2026-09-22T10:27:01.164Z,33.98,64.38

2026-09-22T10:27:06.175Z,33.97,64.41

2026-09-22T10:27:11.185Z,33.98,64.39

2026-09-22T10:27:16.175Z,33.98,64.36

2026-09-22T10:27:21.177Z,34,64.37

2026-09-22T10:27:26.175Z,33.98,64.39

2026-09-22T10:27:31.175Z,33.98,64.28

2026-09-22T10:27:36.178Z,33.98,64.41

2026-09-22T10:27:41.191Z,33.97,64.39

2026-09-22T10:27:46.180Z,33.98,64.42

2026-09-22T10:27:51.180Z,33.99,64.46

2026-09-22T10:27:56.181Z,33.97,64.43

2026-09-22T10:28:01.182Z,33.99,64.47

2026-09-22T10:28:06.181Z,33.98,64.41

2026-09-22T10:28:11.196Z,33.97,64.49

2026-09-22T10:28:16.180Z,33.98,64.5

2026-09-22T10:28:21.182Z,33.97,64.46

2026-09-22T10:28:26.180Z,33.99,64.47

2026-09-22T10:28:31.182Z,33.96,64.54

2026-09-22T10:28:36.181Z,33.99,64.45

2026-09-22T10:28:41.196Z,33.96,64.53

2026-09-22T10:28:46.182Z,33.97,64.49

2026-09-22T10:28:51.184Z,33.96,64.5

2026-09-22T10:28:56.182Z,33.97,64.52

2026-09-22T10:29:01.187Z,33.97,64.59

2026-09-22T10:29:06.197Z,33.95,64.6

2026-09-22T10:29:11.216Z,33.96,64.66

2026-09-22T10:29:16.197Z,33.98,64.67

2026-09-22T10:29:21.196Z,33.98,64.58

2026-09-22T10:29:26.197Z,33.98,64.6

2026-09-22T10:29:31.195Z,33.97,64.65

2026-09-22T10:29:36.207Z,33.96,64.6

2026-09-22T10:29:41.221Z,33.99,64.67

2026-09-22T10:29:46.207Z,33.97,64.62

2026-09-22T10:29:51.208Z,33.97,64.63

2026-09-22T10:29:56.210Z,33.97,64.67

2026-09-22T10:30:01.209Z,33.99,64.64

2026-09-22T10:30:06.208Z,33.98,64.67

2026-09-22T10:30:11.222Z,34,64.68

2026-09-22T10:30:16.210Z,33.99,64.63

2026-09-22T10:30:21.209Z,33.97,64.69

2026-09-22T10:30:26.214Z,33.99,64.68

2026-09-22T10:30:31.210Z,33.99,64.68

2026-09-22T10:30:36.217Z,34,64.69

2026-09-22T10:30:41.230Z,34,64.64

2026-09-22T10:30:46.217Z,34.01,64.61

2026-09-22T10:30:51.217Z,33.99,64.64

2026-09-22T10:30:56.218Z,34,64.63

2026-09-22T10:31:01.217Z,33.99,64.59

2026-09-22T10:31:06.233Z,34.02,64.61

2026-09-22T10:31:11.249Z,34.02,64.67

2026-09-22T10:31:16.231Z,34,64.62

2026-09-22T10:31:21.234Z,34.02,64.64

2026-09-22T10:31:26.233Z,34.01,64.66

2026-09-22T10:31:31.232Z,34,64.58

2026-09-22T10:31:36.240Z,34,64.68

2026-09-22T10:31:41.247Z,33.98,64.7

2026-09-22T10:31:46.234Z,33.98,64.66

2026-09-22T10:31:51.235Z,33.98,64.64

2026-09-22T10:31:56.236Z,33.99,64.69

2026-09-22T10:32:01.236Z,33.98,64.64

2026-09-22T10:32:06.247Z,33.98,64.71

2026-09-22T10:32:11.262Z,33.99,64.75

2026-09-22T10:32:16.245Z,33.98,64.7

2026-09-22T10:32:21.244Z,33.97,64.76

2026-09-22T10:32:26.246Z,33.96,64.75

2026-09-22T10:32:31.248Z,33.98,64.73

2026-09-22T10:32:36.256Z,33.99,64.71

2026-09-22T10:32:41.264Z,33.98,64.8

2026-09-22T10:32:46.254Z,33.97,64.73

2026-09-22T10:32:51.258Z,33.96,64.82

2026-09-22T10:32:56.255Z,33.96,64.76

2026-09-22T10:33:01.256Z,33.96,64.74

2026-09-22T10:33:06.267Z,33.95,64.86

2026-09-22T10:33:11.278Z,33.96,64.84

2026-09-22T10:33:16.264Z,33.94,64.82

2026-09-22T10:33:21.265Z,33.94,64.86

2026-09-22T10:33:26.264Z,33.95,64.8

2026-09-22T10:33:31.265Z,33.95,64.84

2026-09-22T10:33:36.275Z,33.95,64.92

2026-09-22T10:33:41.288Z,33.92,64.91

2026-09-22T10:33:46.275Z,33.94,64.93

2026-09-22T10:33:51.274Z,33.94,64.93

2026-09-22T10:33:56.276Z,33.94,64.92

2026-09-22T10:34:01.275Z,33.94,64.92

2026-09-22T10:34:06.278Z,33.91,64.95

2026-09-22T10:34:11.288Z,33.92,64.95

2026-09-22T10:34:16.280Z,33.93,64.93

2026-09-22T10:34:21.278Z,33.93,64.93

2026-09-22T10:34:26.278Z,33.91,64.93

2026-09-22T10:34:31.279Z,33.94,64.93

2026-09-22T10:34:36.288Z,33.91,65.01

2026-09-22T10:34:41.302Z,33.94,65.01

2026-09-22T10:34:46.288Z,33.91,64.99

2026-09-22T10:34:51.286Z,33.93,65

2026-09-22T10:34:56.286Z,33.94,65.04

2026-09-22T10:35:01.287Z,33.93,65.01

2026-09-22T10:35:06.290Z,33.92,65.05

2026-09-22T10:35:11.304Z,33.9,65.05

2026-09-22T10:35:16.290Z,33.92,65.03

2026-09-22T10:35:21.289Z,33.93,65.05

2026-09-22T10:35:26.290Z,33.92,65.05

2026-09-22T10:35:31.289Z,33.93,65

2026-09-22T10:35:36.290Z,33.91,65.03

2026-09-22T10:35:41.305Z,33.92,65.1

2026-09-22T10:35:46.291Z,33.91,65.07

2026-09-22T10:35:51.291Z,33.92,65.06

2026-09-22T10:35:56.291Z,33.93,65.05

2026-09-22T10:36:01.289Z,33.92,64.99

2026-09-22T10:36:06.296Z,33.94,65.03

2026-09-22T10:36:11.311Z,33.92,65.13

2026-09-22T10:36:16.297Z,33.9,65.08

2026-09-22T10:36:21.297Z,33.94,65.1

2026-09-22T10:36:26.294Z,33.91,65.02

2026-09-22T10:36:31.296Z,33.93,65.08

2026-09-22T10:36:36.315Z,33.94,65.08

2026-09-22T10:36:41.327Z,33.91,65.05

2026-09-22T10:36:46.317Z,33.93,65.1

2026-09-22T10:36:51.315Z,33.94,65.09

2026-09-22T10:36:56.316Z,33.93,65.06

2026-09-22T10:37:01.316Z,33.93,65.08

2026-09-22T10:37:06.323Z,33.94,65.09

2026-09-22T10:37:11.336Z,33.92,65.1

2026-09-22T10:37:16.321Z,33.94,65.13

2026-09-22T10:37:21.321Z,33.95,65.1

2026-09-22T10:37:26.323Z,33.96,65.05

2026-09-22T10:37:31.322Z,33.94,65.07

2026-09-22T10:37:36.323Z,33.93,65.04

2026-09-22T10:37:41.336Z,33.94,65.05

2026-09-22T10:37:46.324Z,33.93,65.07

2026-09-22T10:37:51.324Z,33.93,65.03

2026-09-22T10:37:56.324Z,33.95,65.09

2026-09-22T10:38:01.325Z,33.94,65.03

2026-09-22T10:38:06.323Z,33.94,65.05

2026-09-22T10:38:11.335Z,33.94,65.08

2026-09-22T10:38:16.326Z,33.96,65.04

2026-09-22T10:38:21.327Z,33.95,65.08

2026-09-22T10:38:26.326Z,33.95,65.04

2026-09-22T10:38:31.328Z,33.95,65.08

2026-09-22T10:38:36.329Z,33.94,65.08

2026-09-22T10:38:41.343Z,33.94,65.1

2026-09-22T10:38:46.331Z,33.94,65.14

2026-09-22T10:38:51.329Z,33.92,65.12

2026-09-22T10:38:56.328Z,33.94,65.12

2026-09-22T10:39:01.331Z,33.93,65.13

2026-09-22T10:39:06.332Z,33.92,65.16

2026-09-22T10:39:11.344Z,33.93,65.15

2026-09-22T10:39:16.333Z,33.92,65.17

2026-09-22T10:39:21.334Z,33.95,65.2

2026-09-22T10:39:26.332Z,33.95,65.17

2026-09-22T10:39:31.333Z,33.94,65.18

2026-09-22T10:39:36.343Z,33.93,65.19

2026-09-22T10:39:41.358Z,33.92,65.26

2026-09-22T10:39:46.343Z,33.9,65.18

2026-09-22T10:39:51.343Z,33.92,65.25

2026-09-22T10:39:56.343Z,33.94,65.21

2026-09-22T10:40:01.342Z,33.91,65.3

2026-09-22T10:40:06.356Z,33.93,65.22

2026-09-22T10:40:11.368Z,33.93,65.31

2026-09-22T10:40:16.354Z,33.94,65.25

2026-09-22T10:40:21.355Z,33.93,65.21

2026-09-22T10:40:26.356Z,33.92,65.25

2026-09-22T10:40:31.357Z,33.93,65.26

2026-09-22T10:40:36.360Z,33.91,65.29

2026-09-22T10:40:41.368Z,33.94,65.35

2026-09-22T10:40:46.357Z,33.92,65.25

2026-09-22T10:40:51.359Z,33.95,65.28

2026-09-22T10:40:56.360Z,33.89,65.25

2026-09-22T10:41:01.358Z,33.93,65.33

2026-09-22T10:41:06.373Z,33.92,65.31

2026-09-22T10:41:11.384Z,33.93,65.28

2026-09-22T10:41:16.373Z,33.91,65.29

2026-09-22T10:41:21.372Z,33.92,65.27

2026-09-22T10:41:26.373Z,33.91,65.34

2026-09-22T10:41:31.374Z,33.92,65.35

2026-09-22T10:41:36.384Z,33.94,65.39

2026-09-22T10:41:41.394Z,33.92,65.4

2026-09-22T10:41:46.382Z,33.91,65.35

2026-09-22T10:41:51.381Z,33.93,65.35

2026-09-22T10:41:56.383Z,33.93,65.32

2026-09-22T10:42:01.382Z,33.93,65.29

2026-09-22T10:42:06.388Z,33.95,65.34

2026-09-22T10:42:11.401Z,33.94,65.39

2026-09-22T10:42:16.387Z,33.95,65.3

2026-09-22T10:42:21.388Z,33.95,65.33

2026-09-22T10:42:26.388Z,33.95,65.34

2026-09-22T10:42:31.390Z,33.94,65.38

2026-09-22T10:42:36.390Z,33.96,65.29

2026-09-22T10:42:41.407Z,33.95,65.31

2026-09-22T10:42:46.392Z,33.95,65.31

2026-09-22T10:42:51.393Z,33.96,65.31

2026-09-22T10:42:56.390Z,33.96,65.34

2026-09-22T10:43:01.390Z,33.96,65.29

2026-09-22T10:43:06.395Z,33.95,65.24

2026-09-22T10:43:11.405Z,33.94,65.28

2026-09-22T10:43:16.392Z,33.94,65.28

2026-09-22T10:43:21.394Z,33.95,65.34

2026-09-22T10:43:26.397Z,33.93,65.38

2026-09-22T10:43:31.396Z,33.91,65.29

2026-09-22T10:43:36.400Z,33.94,65.35

2026-09-22T10:43:41.418Z,33.92,65.35

2026-09-22T10:43:46.400Z,33.94,65.38

2026-09-22T10:43:51.400Z,33.92,65.38

2026-09-22T10:43:56.399Z,33.93,65.4

2026-09-22T10:44:01.401Z,33.94,65.47

2026-09-22T10:44:06.400Z,33.93,65.49

2026-09-22T10:44:11.412Z,33.93,65.43

2026-09-22T10:44:16.402Z,33.93,65.43

2026-09-22T10:44:21.403Z,33.93,65.45

2026-09-22T10:44:26.401Z,33.93,65.49

2026-09-22T10:44:31.404Z,33.94,65.48

2026-09-22T10:44:36.405Z,33.94,65.48

2026-09-22T10:44:41.415Z,33.94,65.47

2026-09-22T10:44:46.404Z,33.92,65.46

2026-09-22T10:44:51.405Z,33.94,65.52

2026-09-22T10:44:56.404Z,33.94,65.5

2026-09-22T10:45:01.407Z,33.95,65.52

2026-09-22T10:45:06.419Z,33.95,65.53

2026-09-22T10:45:11.428Z,33.94,65.58

2026-09-22T10:45:16.417Z,33.95,65.52

2026-09-22T10:45:21.416Z,33.94,65.55

2026-09-22T10:45:26.417Z,33.95,65.52

2026-09-22T10:45:31.418Z,33.96,65.57

2026-09-22T10:45:36.418Z,33.95,65.55

2026-09-22T10:45:41.429Z,33.94,65.63

2026-09-22T10:45:46.419Z,33.94,65.63

2026-09-22T10:45:51.420Z,33.94,65.65

2026-09-22T10:45:56.420Z,33.93,65.65

2026-09-22T10:46:01.420Z,33.92,65.62

2026-09-22T10:46:06.428Z,33.93,65.64

2026-09-22T10:46:11.437Z,33.92,65.73

2026-09-22T10:46:16.424Z,33.94,65.68

2026-09-22T10:46:21.424Z,33.92,65.68

2026-09-22T10:46:26.424Z,33.91,65.67

2026-09-22T10:46:31.424Z,33.92,65.7

2026-09-22T10:46:36.437Z,33.91,65.7

2026-09-22T10:46:41.445Z,33.89,65.77

2026-09-22T10:46:46.434Z,33.9,65.74

2026-09-22T10:46:51.432Z,33.89,65.78

2026-09-22T10:46:56.436Z,33.87,65.8

2026-09-22T10:47:01.438Z,33.87,65.78

2026-09-22T10:47:06.445Z,33.88,65.77

2026-09-22T10:47:11.449Z,33.88,65.82

2026-09-22T10:47:16.441Z,33.88,65.8

2026-09-22T10:47:21.442Z,33.86,65.78

2026-09-22T10:47:26.441Z,33.87,65.75

2026-09-22T10:47:31.445Z,33.89,65.85

2026-09-22T10:47:36.451Z,33.88,65.81

2026-09-22T10:47:41.462Z,33.87,65.83

2026-09-22T10:47:46.450Z,33.85,65.82

2026-09-22T10:47:51.452Z,33.88,65.83

2026-09-22T10:47:56.452Z,33.86,65.86

2026-09-22T10:48:01.450Z,33.87,65.85

2026-09-22T10:48:06.460Z,33.85,65.85

2026-09-22T10:48:11.472Z,33.86,65.92

2026-09-22T10:48:16.457Z,33.86,65.91

2026-09-22T10:48:21.458Z,33.85,65.93

2026-09-22T10:48:26.458Z,33.84,66.01

2026-09-22T10:48:31.459Z,33.83,65.99

2026-09-22T10:48:36.465Z,33.85,66.04

2026-09-22T10:48:41.477Z,33.84,66

2026-09-22T10:48:46.464Z,33.83,66.05

2026-09-22T10:48:51.464Z,33.81,66.01

2026-09-22T10:48:56.464Z,33.83,66.05

2026-09-22T10:49:01.466Z,33.82,66.01

2026-09-22T10:49:06.470Z,33.83,66.08

2026-09-22T10:49:11.483Z,33.82,66.07

2026-09-22T10:49:16.472Z,33.83,66.13

2026-09-22T10:49:21.469Z,33.83,66.08

2026-09-22T10:49:26.470Z,33.84,66.12

2026-09-22T10:49:31.468Z,33.84,66.09

2026-09-22T10:49:36.481Z,33.82,66.11

2026-09-22T10:49:41.495Z,33.81,66.2

2026-09-22T10:49:46.479Z,33.83,66.14

2026-09-22T10:49:51.480Z,33.8,66.17

2026-09-22T10:49:56.483Z,33.8,66.14

2026-09-22T10:50:01.482Z,33.81,66.17

2026-09-22T10:50:06.491Z,33.81,66.18

2026-09-22T10:50:11.500Z,33.81,66.18

2026-09-22T10:50:16.488Z,33.81,66.18

2026-09-22T10:50:21.488Z,33.81,66.15

2026-09-22T10:50:26.487Z,33.81,66.15

2026-09-22T10:50:31.494Z,33.8,66.23

2026-09-22T10:50:36.504Z,33.83,66.24

2026-09-22T10:50:41.520Z,33.81,66.26

2026-09-22T10:50:46.506Z,33.8,66.22

2026-09-22T10:50:51.502Z,33.81,66.18

2026-09-22T10:50:56.502Z,33.81,66.26

2026-09-22T10:51:01.503Z,33.81,66.19

2026-09-22T10:51:06.515Z,33.8,66.22

2026-09-22T10:51:11.529Z,33.81,66.33

2026-09-22T10:51:16.515Z,33.8,66.31

2026-09-22T10:51:21.514Z,33.8,66.22

2026-09-22T10:51:26.515Z,33.8,66.2

2026-09-22T10:51:31.516Z,33.81,66.26

2026-09-22T10:51:36.521Z,33.8,66.32

2026-09-22T10:51:41.533Z,33.8,66.32

2026-09-22T10:51:46.521Z,33.79,66.31

2026-09-22T10:51:51.521Z,33.8,66.31

2026-09-22T10:51:56.520Z,33.8,66.36

2026-09-22T10:52:01.521Z,33.79,66.41

2026-09-22T10:52:06.521Z,33.78,66.35

2026-09-22T10:52:11.534Z,33.77,66.39

2026-09-22T10:52:16.521Z,33.78,66.42

2026-09-22T10:52:21.522Z,33.79,66.46

2026-09-22T10:52:26.522Z,33.78,66.45

2026-09-22T10:52:31.523Z,33.78,66.43

2026-09-22T10:52:36.524Z,33.77,66.54

2026-09-22T10:52:41.536Z,33.77,66.51

2026-09-22T10:52:46.524Z,33.77,66.56

2026-09-22T10:52:51.525Z,33.76,66.56

2026-09-22T10:52:56.524Z,33.78,66.55

2026-09-22T10:53:01.525Z,33.77,66.56

2026-09-22T10:53:06.529Z,33.77,66.55

2026-09-22T10:53:11.535Z,33.77,66.61

2026-09-22T10:53:16.526Z,33.77,66.59

2026-09-22T10:53:21.526Z,33.78,66.63

2026-09-22T10:53:26.526Z,33.77,66.65

2026-09-22T10:53:31.528Z,33.79,66.62

2026-09-22T10:53:36.544Z,33.8,66.61

2026-09-22T10:53:41.554Z,33.78,66.6

2026-09-22T10:53:46.543Z,33.8,66.58

2026-09-22T10:53:51.545Z,33.79,66.61

2026-09-22T10:53:56.544Z,33.81,66.59

2026-09-22T10:54:01.544Z,33.77,66.62

2026-09-22T10:54:06.550Z,33.78,66.52

2026-09-22T10:54:11.556Z,33.78,66.57

2026-09-22T10:54:16.549Z,33.78,66.57

2026-09-22T10:54:21.546Z,33.78,66.52

2026-09-22T10:54:26.546Z,33.79,66.51

2026-09-22T10:54:31.547Z,33.8,66.54

2026-09-22T10:54:36.556Z,33.8,66.54

2026-09-22T10:54:41.570Z,33.79,66.51

2026-09-22T10:54:46.557Z,33.79,66.47

2026-09-22T10:54:51.559Z,33.79,66.52

2026-09-22T10:54:56.557Z,33.79,66.5

2026-09-22T10:55:01.556Z,33.8,66.46

2026-09-22T10:55:06.557Z,33.78,66.48

2026-09-22T10:55:11.571Z,33.8,66.5

2026-09-22T10:55:16.558Z,33.79,66.48

2026-09-22T10:55:21.559Z,33.79,66.46

2026-09-22T10:55:26.560Z,33.8,66.48

2026-09-22T10:55:31.560Z,33.82,66.51

2026-09-22T10:55:36.572Z,33.8,66.49

2026-09-22T10:55:41.585Z,33.8,66.5

2026-09-22T10:55:46.570Z,33.81,66.41

2026-09-22T10:55:51.571Z,33.81,66.45

2026-09-22T10:55:56.572Z,33.82,66.41

2026-09-22T10:56:01.571Z,33.82,66.41

2026-09-22T10:56:06.586Z,33.82,66.43

2026-09-22T10:56:11.597Z,33.82,66.42

2026-09-22T10:56:16.585Z,33.82,66.4

2026-09-22T10:56:21.584Z,33.82,66.42

2026-09-22T10:56:26.584Z,33.82,66.4

2026-09-22T10:56:31.587Z,33.84,66.41

2026-09-22T10:56:36.587Z,33.82,66.35

2026-09-22T10:56:41.600Z,33.83,66.46

2026-09-22T10:56:46.590Z,33.84,66.33

2026-09-22T10:56:51.588Z,33.82,66.37

2026-09-22T10:56:56.588Z,33.83,66.36

2026-09-22T10:57:01.588Z,33.83,66.32

2026-09-22T10:57:06.588Z,33.81,66.38

2026-09-22T10:57:11.601Z,33.82,66.41

2026-09-22T10:57:16.588Z,33.82,66.28

2026-09-22T10:57:21.590Z,33.82,66.31

2026-09-22T10:57:26.588Z,33.83,66.29

2026-09-22T10:57:31.589Z,33.81,66.24

2026-09-22T10:57:36.590Z,33.82,66.31

2026-09-22T10:57:41.601Z,33.84,66.27

2026-09-22T10:57:46.591Z,33.83,66.33

2026-09-22T10:57:51.591Z,33.81,66.27

2026-09-22T10:57:56.591Z,33.83,66.24

2026-09-22T10:58:01.592Z,33.83,66.28

2026-09-22T10:58:06.601Z,33.83,66.29

2026-09-22T10:58:11.618Z,33.83,66.23

2026-09-22T10:58:16.596Z,33.83,66.25

2026-09-22T10:58:21.597Z,33.82,66.27

2026-09-22T10:58:26.598Z,33.83,66.27

2026-09-22T10:58:31.600Z,33.83,66.24

2026-09-22T10:58:36.611Z,33.81,66.2

2026-09-22T10:58:41.622Z,33.81,66.27

2026-09-22T10:58:46.610Z,33.82,66.2

2026-09-22T10:58:51.611Z,33.83,66.18

2026-09-22T10:58:56.610Z,33.83,66.21

2026-09-22T10:59:01.611Z,33.83,66.24

2026-09-22T10:59:06.622Z,33.81,66.3

2026-09-22T10:59:11.634Z,33.82,66.26

2026-09-22T10:59:16.623Z,33.82,66.25

2026-09-22T10:59:21.620Z,33.79,66.28

2026-09-22T10:59:26.620Z,33.82,66.26

2026-09-22T10:59:31.621Z,33.84,66.32

2026-09-22T10:59:36.630Z,33.84,66.26

2026-09-22T10:59:41.641Z,33.82,66.26

2026-09-22T10:59:46.629Z,33.83,66.27

2026-09-22T10:59:51.628Z,33.84,66.28

2026-09-22T10:59:56.629Z,33.83,66.23

2026-09-22T11:00:01.629Z,33.82,66.28

2026-09-22T11:00:06.637Z,33.82,66.28

2026-09-22T11:00:11.648Z,33.81,66.32

2026-09-22T11:00:16.635Z,33.81,66.31

2026-09-22T11:00:21.634Z,33.82,66.29

2026-09-22T11:00:26.638Z,33.82,66.29

2026-09-22T11:00:31.638Z,33.84,66.3

2026-09-22T11:00:36.639Z,33.82,66.3

2026-09-22T11:00:41.647Z,33.82,66.3

2026-09-22T11:00:46.636Z,33.84,66.31

2026-09-22T11:00:51.638Z,33.85,66.28

2026-09-22T11:00:56.638Z,33.82,66.28

2026-09-22T11:01:01.636Z,33.84,66.27

2026-09-22T11:01:06.644Z,33.82,66.29

2026-09-22T11:01:11.655Z,33.84,66.28

2026-09-22T11:01:16.644Z,33.84,66.28

2026-09-22T11:01:21.648Z,33.83,66.23

2026-09-22T11:01:26.645Z,33.84,66.22

2026-09-22T11:01:31.645Z,33.85,66.28

2026-09-22T11:01:36.647Z,33.84,66.24

2026-09-22T11:01:41.656Z,33.83,66.3

2026-09-22T11:01:46.645Z,33.82,66.26

2026-09-22T11:01:51.646Z,33.84,66.24

2026-09-22T11:01:56.645Z,33.83,66.29

2026-09-22T11:02:01.645Z,33.85,66.31

2026-09-22T11:02:06.663Z,33.84,66.32

2026-09-22T11:02:11.675Z,33.84,66.4

2026-09-22T11:02:16.663Z,33.84,66.32

2026-09-22T11:02:21.663Z,33.83,66.36

2026-09-22T11:02:26.662Z,33.84,66.32

2026-09-22T11:02:31.663Z,33.82,66.3

2026-09-22T11:02:36.663Z,33.83,66.36

2026-09-22T11:02:41.675Z,33.81,66.43

2026-09-22T11:02:46.664Z,33.82,66.48

2026-09-22T11:02:51.663Z,33.83,66.4

2026-09-22T11:02:56.662Z,33.81,66.44

2026-09-22T11:03:01.666Z,33.82,66.49

2026-09-22T11:03:06.664Z,33.81,66.45

2026-09-22T11:03:11.678Z,33.81,66.5

2026-09-22T11:03:16.666Z,33.8,66.44

2026-09-22T11:03:21.667Z,33.83,66.48

2026-09-22T11:03:26.667Z,33.82,66.49

2026-09-22T11:03:31.667Z,33.83,66.52

2026-09-22T11:03:36.666Z,33.82,66.54

2026-09-22T11:03:41.683Z,33.83,66.54

2026-09-22T11:03:46.668Z,33.83,66.54

2026-09-22T11:03:51.668Z,33.82,66.55

2026-09-22T11:03:56.670Z,33.83,66.55

2026-09-22T11:04:01.670Z,33.83,66.57

2026-09-22T11:04:06.673Z,33.82,66.61

2026-09-22T11:04:11.689Z,33.83,66.64

2026-09-22T11:04:16.674Z,33.82,66.62

2026-09-22T11:04:21.675Z,33.83,66.59

2026-09-22T11:04:26.675Z,33.83,66.55

2026-09-22T11:04:31.675Z,33.82,66.59

2026-09-22T11:04:36.683Z,33.82,66.65

2026-09-22T11:04:41.697Z,33.83,66.61

2026-09-22T11:04:46.682Z,33.81,66.63

2026-09-22T11:04:51.681Z,33.83,66.65

2026-09-22T11:04:56.682Z,33.83,66.69

2026-09-22T11:05:01.684Z,33.83,66.71

2026-09-22T11:05:06.694Z,33.82,66.68

2026-09-22T11:05:11.701Z,33.8,66.73

2026-09-22T11:05:16.698Z,33.83,66.68

2026-09-22T11:05:21.692Z,33.8,66.71

2026-09-22T11:05:26.691Z,33.83,66.75

2026-09-22T11:05:31.693Z,33.82,66.76

2026-09-22T11:05:36.705Z,33.81,66.77

2026-09-22T11:05:41.718Z,33.82,66.83

2026-09-22T11:05:46.708Z,33.83,66.82

2026-09-22T11:05:51.707Z,33.82,66.74

2026-09-22T11:05:56.707Z,33.82,66.82

2026-09-22T11:06:01.708Z,33.82,66.81

2026-09-22T11:06:06.712Z,33.81,66.84

2026-09-22T11:06:11.725Z,33.82,66.9

2026-09-22T11:06:16.712Z,33.82,66.8

2026-09-22T11:06:21.711Z,33.82,66.86

2026-09-22T11:06:26.711Z,33.81,66.83

2026-09-22T11:06:31.712Z,33.81,66.81

2026-09-22T11:06:36.726Z,33.8,66.87

2026-09-22T11:06:41.740Z,33.8,66.93

2026-09-22T11:06:46.724Z,33.81,66.92

2026-09-22T11:06:51.725Z,33.82,66.95

2026-09-22T11:06:56.724Z,33.82,66.95

2026-09-22T11:07:01.727Z,33.8,66.93

2026-09-22T11:07:06.736Z,33.78,66.91

2026-09-22T11:07:11.752Z,33.77,67

2026-09-22T11:07:16.737Z,33.76,67.02

2026-09-22T11:07:21.734Z,33.77,67.02

2026-09-22T11:07:26.735Z,33.79,67.05

2026-09-22T11:07:31.736Z,33.77,67.05

2026-09-22T11:07:36.736Z,33.78,67.08

2026-09-22T11:07:41.747Z,33.78,67.07

2026-09-22T11:07:46.736Z,33.78,67.1

2026-09-22T11:07:51.736Z,33.78,67.12

2026-09-22T11:07:56.735Z,33.75,67.09

2026-09-22T11:08:01.735Z,33.78,67.14

2026-09-22T11:08:06.738Z,33.78,67.09

2026-09-22T11:08:11.747Z,33.79,67.11

2026-09-22T11:08:16.737Z,33.78,67.12

2026-09-22T11:08:21.740Z,33.78,67.18

2026-09-22T11:08:26.738Z,33.77,67.14

2026-09-22T11:08:31.742Z,33.78,67.21

2026-09-22T11:08:36.755Z,33.78,67.19

2026-09-22T11:08:41.769Z,33.75,67.17

2026-09-22T11:08:46.756Z,33.78,67.18

2026-09-22T11:08:51.755Z,33.76,67.16

2026-09-22T11:08:56.754Z,33.78,67.12

2026-09-22T11:09:01.756Z,33.76,67.21

2026-09-22T11:09:06.771Z,33.77,67.19

2026-09-22T11:09:11.781Z,33.76,67.2

2026-09-22T11:09:16.768Z,33.79,67.17

2026-09-22T11:09:21.768Z,33.79,67.16

2026-09-22T11:09:26.767Z,33.77,67.1

2026-09-22T11:09:31.768Z,33.77,67.12

2026-09-22T11:09:36.769Z,33.78,67.14

2026-09-22T11:09:41.779Z,33.77,67.16

2026-09-22T11:09:46.771Z,33.77,67.12

2026-09-22T11:09:51.771Z,33.76,67.11

2026-09-22T11:09:56.771Z,33.77,67.16

2026-09-22T11:10:01.771Z,33.77,67.14

2026-09-22T11:10:06.772Z,33.76,67.17

2026-09-22T11:10:11.782Z,33.76,67.23

2026-09-22T11:10:16.772Z,33.74,67.16

2026-09-22T11:10:21.775Z,33.76,67.2

2026-09-22T11:10:26.770Z,33.76,67.18

2026-09-22T11:10:31.774Z,33.76,67.22

2026-09-22T11:10:36.773Z,33.76,67.24

2026-09-22T11:10:41.788Z,33.76,67.26

2026-09-22T11:10:46.773Z,33.75,67.25

2026-09-22T11:10:51.776Z,33.76,67.21

2026-09-22T11:10:56.775Z,33.76,67.23

2026-09-22T11:11:01.776Z,33.73,67.3

2026-09-22T11:11:06.777Z,33.73,67.3

2026-09-22T11:11:11.787Z,33.74,67.34

2026-09-22T11:11:16.776Z,33.73,67.28

2026-09-22T11:11:21.776Z,33.76,67.3

2026-09-22T11:11:26.777Z,33.75,67.34

2026-09-22T11:11:31.779Z,33.75,67.28

2026-09-22T11:11:36.793Z,33.74,67.41

2026-09-22T11:11:41.802Z,33.75,67.3

2026-09-22T11:11:46.791Z,33.74,67.34

2026-09-22T11:11:51.791Z,33.78,67.34

2026-09-22T11:11:56.789Z,33.76,67.34

2026-09-22T11:12:01.790Z,33.74,67.31

2026-09-22T11:12:06.809Z,33.77,67.32

2026-09-22T11:12:11.817Z,33.75,67.36

2026-09-22T11:12:16.804Z,33.74,67.38

2026-09-22T11:12:21.805Z,33.73,67.32

2026-09-22T11:12:26.804Z,33.75,67.28

2026-09-22T11:12:31.804Z,33.74,67.33

2026-09-22T11:12:36.819Z,33.75,67.33

2026-09-22T11:12:41.831Z,33.74,67.41

2026-09-22T11:12:46.817Z,33.75,67.37

2026-09-22T11:12:51.817Z,33.75,67.32

2026-09-22T11:12:56.819Z,33.76,67.37

2026-09-22T11:13:01.818Z,33.75,67.36

2026-09-22T11:13:06.830Z,33.76,67.35

2026-09-22T11:13:11.838Z,33.75,67.4

2026-09-22T11:13:16.824Z,33.75,67.43

2026-09-22T11:13:21.826Z,33.72,67.45

2026-09-22T11:13:26.825Z,33.73,67.42

2026-09-22T11:13:31.826Z,33.75,67.5

2026-09-22T11:13:36.839Z,33.73,67.39

2026-09-22T11:13:41.847Z,33.72,67.53

2026-09-22T11:13:46.835Z,33.74,67.49

2026-09-22T11:13:51.835Z,33.74,67.46

2026-09-22T11:13:56.836Z,33.73,67.5

2026-09-22T11:14:01.835Z,33.72,67.49

2026-09-22T11:14:06.849Z,33.73,67.51

2026-09-22T11:14:11.860Z,33.7,67.59

2026-09-22T11:14:16.847Z,33.7,67.58

2026-09-22T11:14:21.845Z,33.71,67.59

2026-09-22T11:14:26.847Z,33.69,67.56

2026-09-22T11:14:31.848Z,33.69,67.57

2026-09-22T11:14:36.849Z,33.7,67.59

2026-09-22T11:14:41.860Z,33.71,67.56

2026-09-22T11:14:46.848Z,33.69,67.58

2026-09-22T11:14:51.848Z,33.71,67.66

2026-09-22T11:14:56.849Z,33.69,67.58

2026-09-22T11:15:01.852Z,33.69,67.61

2026-09-22T11:15:06.850Z,33.7,67.57

2026-09-22T11:15:11.864Z,33.69,67.68

2026-09-22T11:15:16.850Z,33.7,67.7

2026-09-22T11:15:21.852Z,33.68,67.66

2026-09-22T11:15:26.852Z,33.69,67.66

2026-09-22T11:15:31.854Z,33.69,67.69

2026-09-22T11:15:36.867Z,33.7,67.6

2026-09-22T11:15:41.879Z,33.7,67.7

2026-09-22T11:15:46.867Z,33.68,67.66

2026-09-22T11:15:51.868Z,33.69,67.66

2026-09-22T11:15:56.865Z,33.72,67.71

2026-09-22T11:16:01.867Z,33.7,67.66

2026-09-22T11:16:06.866Z,33.69,67.64

2026-09-22T11:16:11.882Z,33.69,67.65

2026-09-22T11:16:16.867Z,33.7,67.63

2026-09-22T11:16:21.868Z,33.72,67.56

2026-09-22T11:16:26.867Z,33.71,67.63

2026-09-22T11:16:31.867Z,33.71,67.62

2026-09-22T11:16:36.870Z,33.73,67.6

2026-09-22T11:16:41.885Z,33.71,67.69

2026-09-22T11:16:46.870Z,33.74,67.66

2026-09-22T11:16:51.871Z,33.73,67.62

2026-09-22T11:16:56.871Z,33.74,67.61

2026-09-22T11:17:01.872Z,33.72,67.56

2026-09-22T11:17:06.891Z,33.72,67.67

2026-09-22T11:17:11.905Z,33.71,67.68

2026-09-22T11:17:16.890Z,33.72,67.61

2026-09-22T11:17:21.891Z,33.71,67.65

2026-09-22T11:17:26.891Z,33.71,67.64

2026-09-22T11:17:31.891Z,33.71,67.62

2026-09-22T11:17:36.905Z,33.72,67.61

2026-09-22T11:17:41.916Z,33.7,67.68

2026-09-22T11:17:46.903Z,33.72,67.64

2026-09-22T11:17:51.905Z,33.71,67.69

2026-09-22T11:17:56.905Z,33.72,67.68

2026-09-22T11:18:01.905Z,33.73,67.61

2026-09-22T11:18:06.909Z,33.71,67.68

2026-09-22T11:18:11.921Z,33.71,67.61

2026-09-22T11:18:16.907Z,33.71,67.62

2026-09-22T11:18:21.907Z,33.71,67.62

2026-09-22T11:18:26.906Z,33.71,67.59

2026-09-22T11:18:31.908Z,33.73,67.64

2026-09-22T11:18:36.908Z,33.72,67.61

2026-09-22T11:18:41.918Z,33.73,67.69

2026-09-22T11:18:46.906Z,33.72,67.67

2026-09-22T11:18:51.908Z,33.71,67.65

2026-09-22T11:18:56.908Z,33.73,67.62

2026-09-22T11:19:01.906Z,33.73,67.64

2026-09-22T11:19:06.914Z,33.72,67.61

2026-09-22T11:19:11.923Z,33.72,67.63

2026-09-22T11:19:16.912Z,33.7,67.61

2026-09-22T11:19:21.915Z,33.73,67.63

2026-09-22T11:19:26.915Z,33.72,67.55

2026-09-22T11:19:31.912Z,33.71,67.6

2026-09-22T11:19:36.926Z,33.72,67.61

2026-09-22T11:19:41.942Z,33.71,67.65

2026-09-22T11:19:46.927Z,33.74,67.64

2026-09-22T11:19:51.927Z,33.73,67.6

2026-09-22T11:19:56.928Z,33.73,67.64

2026-09-22T11:20:01.926Z,33.73,67.6

2026-09-22T11:20:06.936Z,33.72,67.57

2026-09-22T11:20:11.950Z,33.72,67.62

2026-09-22T11:20:16.935Z,33.74,67.62

2026-09-22T11:20:21.936Z,33.77,67.62

2026-09-22T11:20:26.936Z,33.74,67.6

2026-09-22T11:20:31.937Z,33.76,67.6

2026-09-22T11:20:36.946Z,33.74,67.6

2026-09-22T11:20:41.956Z,33.75,67.71

2026-09-22T11:20:46.946Z,33.75,67.68

2026-09-22T11:20:51.946Z,33.76,67.62

2026-09-22T11:20:56.946Z,33.77,67.64

2026-09-22T11:21:01.946Z,33.76,67.55

2026-09-22T11:21:06.951Z,33.77,67.56

2026-09-22T11:21:11.962Z,33.78,67.58

2026-09-22T11:21:16.950Z,33.76,67.54

2026-09-22T11:21:21.950Z,33.75,67.55

2026-09-22T11:21:26.950Z,33.79,67.54

2026-09-22T11:21:31.950Z,33.75,67.37

2026-09-22T11:21:36.963Z,33.77,67.2

2026-09-22T11:21:41.975Z,33.76,67.27

2026-09-22T11:21:46.963Z,33.75,67.24

2026-09-22T11:21:51.962Z,33.77,67.24

2026-09-22T11:21:56.962Z,33.77,67.23

2026-09-22T11:22:01.964Z,33.75,67.25

2026-09-22T11:22:06.965Z,33.76,67.3

2026-09-22T11:22:11.977Z,33.76,67.3

2026-09-22T11:22:16.964Z,33.76,67.33

2026-09-22T11:22:21.965Z,33.76,67.34

2026-09-22T11:22:26.964Z,33.75,67.36

2026-09-22T11:22:31.964Z,33.76,67.38

2026-09-22T11:22:36.965Z,33.79,67.43

2026-09-22T11:22:41.981Z,33.77,67.47

2026-09-22T11:22:46.966Z,33.77,67.4

2026-09-22T11:22:51.966Z,33.78,67.39

2026-09-22T11:22:56.967Z,33.78,67.39

2026-09-22T11:23:01.970Z,33.76,67.41

2026-09-22T11:23:06.979Z,33.77,67.42

2026-09-22T11:23:11.993Z,33.78,67.47

2026-09-22T11:23:16.977Z,33.8,67.41

2026-09-22T11:23:21.975Z,33.78,67.47

2026-09-22T11:23:26.976Z,33.78,67.44

2026-09-22T11:23:31.977Z,33.79,67.42

2026-09-22T11:23:36.979Z,33.8,67.48

2026-09-22T11:23:41.989Z,33.8,67.44

2026-09-22T11:23:46.978Z,33.8,67.44

2026-09-22T11:23:51.980Z,33.81,67.48

2026-09-22T11:23:56.980Z,33.8,67.48

2026-09-22T11:24:01.982Z,33.81,67.56

2026-09-22T11:24:06.983Z,33.81,67.55

2026-09-22T11:24:12.000Z,33.79,67.64

2026-09-22T11:24:16.984Z,33.8,67.59

2026-09-22T11:24:21.983Z,33.8,67.61

2026-09-22T11:24:26.983Z,33.79,67.58

2026-09-22T11:24:31.983Z,33.79,67.64

2026-09-22T11:24:36.994Z,33.8,67.64

2026-09-22T11:24:42.003Z,33.78,67.65

2026-09-22T11:24:46.991Z,33.79,67.63

2026-09-22T11:24:51.993Z,33.79,67.61

2026-09-22T11:24:56.988Z,33.79,67.63

2026-09-22T11:25:01.992Z,33.78,67.58

2026-09-22T11:25:06.992Z,33.77,67.52

2026-09-22T11:25:12.005Z,33.77,67.59

2026-09-22T11:25:16.993Z,33.79,67.55

2026-09-22T11:25:21.993Z,33.79,67.59

2026-09-22T11:25:26.995Z,33.77,67.57

2026-09-22T11:25:31.994Z,33.78,67.66

2026-09-22T11:25:36.999Z,33.77,67.64

2026-09-22T11:25:42.011Z,33.78,67.66

2026-09-22T11:25:46.999Z,33.76,67.57

2026-09-22T11:25:51.998Z,33.8,67.56

2026-09-22T11:25:56.999Z,33.78,67.54

2026-09-22T11:26:01.999Z,33.79,67.5

2026-09-22T11:26:07.002Z,33.78,67.53

2026-09-22T11:26:12.015Z,33.77,67.62

2026-09-22T11:26:16.998Z,33.79,67.62

2026-09-22T11:26:22.002Z,33.77,67.61

2026-09-22T11:26:27.004Z,33.76,67.6

2026-09-22T11:26:32.006Z,33.77,67.57

2026-09-22T11:26:37.019Z,33.8,67.6

2026-09-22T11:26:42.031Z,33.79,67.59

2026-09-22T11:26:47.018Z,33.81,67.57

2026-09-22T11:26:52.018Z,33.8,67.6

2026-09-22T11:26:57.017Z,33.79,67.54

2026-09-22T11:27:02.019Z,33.8,67.54

2026-09-22T11:27:07.025Z,33.8,67.56

2026-09-22T11:27:12.040Z,33.8,67.58

2026-09-22T11:27:17.024Z,33.81,67.51

2026-09-22T11:27:22.026Z,33.8,67.53

2026-09-22T11:27:27.025Z,33.8,67.54

2026-09-22T11:27:32.026Z,33.81,67.58

2026-09-22T11:27:37.037Z,33.81,67.56

2026-09-22T11:27:42.048Z,33.81,67.58

2026-09-22T11:27:47.036Z,33.81,67.54

2026-09-22T11:27:52.036Z,33.83,67.55

2026-09-22T11:27:57.035Z,33.82,67.49

2026-09-22T11:28:02.037Z,33.83,67.55

2026-09-22T11:28:07.047Z,33.84,67.48

2026-09-22T11:28:12.057Z,33.83,67.63

2026-09-22T11:28:17.044Z,33.84,67.61

2026-09-22T11:28:22.043Z,33.83,67.56

2026-09-22T11:28:27.042Z,33.82,67.56

2026-09-22T11:28:32.044Z,33.85,67.52

2026-09-22T11:28:37.053Z,33.85,67.47

2026-09-22T11:28:42.062Z,33.84,67.46

2026-09-22T11:28:47.053Z,33.84,67.35

2026-09-22T11:28:52.052Z,33.85,67.4

2026-09-22T11:28:57.052Z,33.85,67.4

2026-09-22T11:29:02.054Z,33.86,67.41

2026-09-22T11:29:07.057Z,33.87,67.37

2026-09-22T11:29:12.067Z,33.85,67.34

2026-09-22T11:29:17.056Z,33.86,67.37

2026-09-22T11:29:22.057Z,33.85,67.32

2026-09-22T11:29:27.056Z,33.88,67.31

2026-09-22T11:29:32.057Z,33.86,67.26

2026-09-22T11:29:37.059Z,33.86,67.27

2026-09-22T11:29:42.071Z,33.88,67.32

2026-09-22T11:29:47.058Z,33.87,67.27

2026-09-22T11:29:52.060Z,33.86,67.2

2026-09-22T11:29:57.059Z,33.88,67.25

2026-09-22T11:30:02.062Z,33.88,67.23

2026-09-22T11:30:07.066Z,33.89,67.29

2026-09-22T11:30:12.077Z,33.89,67.2

2026-09-22T11:30:17.065Z,33.89,67.19

2026-09-22T11:30:22.067Z,33.87,67.17

2026-09-22T11:30:27.065Z,33.86,67.12

2026-09-22T11:30:32.065Z,33.87,67.17

2026-09-22T11:30:37.078Z,33.87,67.18

2026-09-22T11:30:42.090Z,33.87,67.21

2026-09-22T11:30:47.078Z,33.86,67.14

2026-09-22T11:30:52.076Z,33.87,67.19

2026-09-22T11:30:57.077Z,33.87,67.18

2026-09-22T11:31:02.078Z,33.87,67.17

2026-09-22T11:31:07.079Z,33.89,67.15

2026-09-22T11:31:12.093Z,33.86,67.24

2026-09-22T11:31:17.077Z,33.87,67.15

2026-09-22T11:31:22.078Z,33.87,67.23

2026-09-22T11:31:27.078Z,33.88,67.16

2026-09-22T11:31:32.079Z,33.89,67.2

2026-09-22T11:31:37.083Z,33.88,67.13

2026-09-22T11:31:42.095Z,33.87,67.18

2026-09-22T11:31:47.082Z,33.89,67.14

2026-09-22T11:31:52.083Z,33.88,67.13

2026-09-22T11:31:57.083Z,33.89,67.1

2026-09-22T11:32:02.082Z,33.89,67.09

2026-09-22T11:32:07.101Z,33.89,67.07

2026-09-22T11:32:12.112Z,33.88,67.11

2026-09-22T11:32:17.100Z,33.88,67.06

2026-09-22T11:32:22.099Z,33.87,67.11

2026-09-22T11:32:27.097Z,33.9,67.08

2026-09-22T11:32:32.097Z,33.91,67.1

2026-09-22T11:32:37.104Z,33.9,67.15

2026-09-22T11:32:42.117Z,33.89,67.15

2026-09-22T11:32:47.104Z,33.89,67.21

2026-09-22T11:32:52.104Z,33.87,67.18

2026-09-22T11:32:57.106Z,33.87,67.25

2026-09-22T11:33:02.107Z,33.89,67.3

2026-09-22T11:33:07.117Z,33.87,67.29

2026-09-22T11:33:12.128Z,33.87,67.34

2026-09-22T11:33:17.115Z,33.87,67.28

2026-09-22T11:33:22.116Z,33.88,67.34

2026-09-22T11:33:27.116Z,33.85,67.35

2026-09-22T11:33:32.117Z,33.85,67.39

2026-09-22T11:33:37.126Z,33.83,67.4

2026-09-22T11:33:42.135Z,33.86,67.45

2026-09-22T11:33:47.122Z,33.85,67.45

2026-09-22T11:33:52.122Z,33.84,67.48

2026-09-22T11:33:57.123Z,33.8,67.51

2026-09-22T11:34:02.125Z,33.82,67.49

2026-09-22T11:34:07.138Z,33.8,67.56

2026-09-22T11:34:12.147Z,33.81,67.67

2026-09-22T11:34:17.137Z,33.8,67.63

2026-09-22T11:34:22.137Z,33.78,67.57

2026-09-22T11:34:27.136Z,33.81,67.63

2026-09-22T11:34:32.136Z,33.82,67.69

2026-09-22T11:34:37.147Z,33.79,67.62

2026-09-22T11:34:42.160Z,33.78,67.69

2026-09-22T11:34:47.148Z,33.77,67.63

2026-09-22T11:34:52.150Z,33.77,67.63

2026-09-22T11:34:57.150Z,33.76,67.63

2026-09-22T11:35:02.151Z,33.77,67.61

2026-09-22T11:35:07.155Z,33.78,67.57

2026-09-22T11:35:12.165Z,33.77,67.66

2026-09-22T11:35:17.153Z,33.78,67.68

2026-09-22T11:35:22.151Z,33.79,67.58

2026-09-22T11:35:27.152Z,33.78,67.59

2026-09-22T11:35:32.153Z,33.76,67.57

2026-09-22T11:35:37.158Z,33.77,67.57

2026-09-22T11:35:42.170Z,33.76,67.64

2026-09-22T11:35:47.157Z,33.77,67.62

2026-09-22T11:35:52.156Z,33.78,67.63

2026-09-22T11:35:57.158Z,33.77,67.65

2026-09-22T11:36:02.157Z,33.76,67.62

2026-09-22T11:36:07.162Z,33.78,67.59

2026-09-22T11:36:12.172Z,33.77,67.59

2026-09-22T11:36:17.157Z,33.75,67.58

2026-09-22T11:36:22.158Z,33.78,67.57

2026-09-22T11:36:27.157Z,33.78,67.55

2026-09-22T11:36:32.160Z,33.78,67.57

2026-09-22T11:36:37.159Z,33.79,67.53

2026-09-22T11:36:42.170Z,33.79,67.55

2026-09-22T11:36:47.160Z,33.78,67.58

2026-09-22T11:36:52.160Z,33.8,67.49

2026-09-22T11:36:57.159Z,33.8,67.42

2026-09-22T11:37:02.160Z,33.8,67.49

2026-09-22T11:37:07.161Z,33.81,67.42

2026-09-22T11:37:12.170Z,33.8,67.51

2026-09-22T11:37:17.164Z,33.82,67.44

2026-09-22T11:37:22.163Z,33.83,67.45

2026-09-22T11:37:27.164Z,33.81,67.42

2026-09-22T11:37:32.163Z,33.83,67.44

2026-09-22T11:37:37.166Z,33.81,67.4

2026-09-22T11:37:42.183Z,33.81,67.44

2026-09-22T11:37:47.166Z,33.82,67.35

2026-09-22T11:37:52.166Z,33.83,67.35

2026-09-22T11:37:57.166Z,33.84,67.27

2026-09-22T11:38:02.167Z,33.84,67.36

2026-09-22T11:38:07.174Z,33.84,67.31

2026-09-22T11:38:12.187Z,33.81,67.3

2026-09-22T11:38:17.173Z,33.84,67.31

2026-09-22T11:38:22.174Z,33.85,67.29

2026-09-22T11:38:27.174Z,33.84,67.18

2026-09-22T11:38:32.176Z,33.86,67.17

2026-09-22T11:38:37.185Z,33.85,67.11

2026-09-22T11:38:42.196Z,33.85,67.17

2026-09-22T11:38:47.185Z,33.85,67.13

2026-09-22T11:38:52.184Z,33.84,67.13

2026-09-22T11:38:57.184Z,33.86,67.08

2026-09-22T11:39:02.186Z,33.84,67.06

2026-09-22T11:39:07.202Z,33.86,67.13

2026-09-22T11:39:12.214Z,33.84,67.12

2026-09-22T11:39:17.199Z,33.84,67.12

2026-09-22T11:39:22.200Z,33.85,67.11

2026-09-22T11:39:27.201Z,33.86,67.14

2026-09-22T11:39:32.201Z,33.85,67.11

2026-09-22T11:39:37.206Z,33.84,67.16

2026-09-22T11:39:42.216Z,33.83,67.16

2026-09-22T11:39:47.201Z,33.84,67.08

2026-09-22T11:39:52.204Z,33.83,67.24

2026-09-22T11:39:57.202Z,33.86,67.19

2026-09-22T11:40:02.203Z,33.84,67.19

2026-09-22T11:40:07.211Z,33.85,67.2

2026-09-22T11:40:12.222Z,33.85,67.21

2026-09-22T11:40:17.210Z,33.87,67.17

2026-09-22T11:40:22.211Z,33.85,67.2

2026-09-22T11:40:27.210Z,33.83,67.18

2026-09-22T11:40:32.213Z,33.85,67.13

2026-09-22T11:40:37.222Z,33.85,67.19

2026-09-22T11:40:42.232Z,33.84,67.19

2026-09-22T11:40:47.221Z,33.84,67.22

2026-09-22T11:40:52.218Z,33.83,67.17

2026-09-22T11:40:57.219Z,33.86,67.17

2026-09-22T11:41:02.225Z,33.84,67.14

2026-09-22T11:41:07.231Z,33.85,67.06

2026-09-22T11:41:12.243Z,33.83,67.04

2026-09-22T11:41:17.230Z,33.83,67

2026-09-22T11:41:22.228Z,33.84,66.98

2026-09-22T11:41:27.230Z,33.83,67.08

2026-09-22T11:41:32.235Z,33.83,67.1

2026-09-22T11:41:37.242Z,33.83,67.15

2026-09-22T11:41:42.252Z,33.83,67.14

2026-09-22T11:41:47.242Z,33.83,67.11

2026-09-22T11:41:52.241Z,33.85,67.14

2026-09-22T11:41:57.241Z,33.84,67.07

2026-09-22T11:42:02.241Z,33.85,67.08

2026-09-22T11:42:07.249Z,33.85,67.04

2026-09-22T11:42:12.261Z,33.84,67.15

2026-09-22T11:42:17.246Z,33.83,67.1

2026-09-22T11:42:22.248Z,33.85,67.02

2026-09-22T11:42:27.249Z,33.84,67.03

2026-09-22T11:42:32.249Z,33.84,67.05

2026-09-22T11:42:37.255Z,33.85,67.05

2026-09-22T11:42:42.271Z,33.84,67.13

2026-09-22T11:42:47.255Z,33.84,67.08

2026-09-22T11:42:52.255Z,33.85,67.08

2026-09-22T11:42:57.254Z,33.86,67.09

2026-09-22T11:43:02.256Z,33.84,67.2

2026-09-22T11:43:07.267Z,33.83,67.13

2026-09-22T11:43:12.279Z,33.83,67.1

2026-09-22T11:43:17.266Z,33.84,67.08

2026-09-22T11:43:22.268Z,33.85,67.13

2026-09-22T11:43:27.265Z,33.85,67.02

2026-09-22T11:43:32.269Z,33.84,67.18

2026-09-22T11:43:37.272Z,33.85,67.14

2026-09-22T11:43:42.281Z,33.84,67.17

2026-09-22T11:43:47.269Z,33.86,67.09

2026-09-22T11:43:52.269Z,33.85,67.15

2026-09-22T11:43:57.269Z,33.84,67.16

2026-09-22T11:44:02.271Z,33.85,67.17

2026-09-22T11:44:07.271Z,33.85,67.16

2026-09-22T11:44:12.285Z,33.84,67.21

2026-09-22T11:44:17.272Z,33.84,67.21

2026-09-22T11:44:22.271Z,33.84,67.23

2026-09-22T11:44:27.270Z,33.85,67.21

2026-09-22T11:44:32.271Z,33.86,67.19

2026-09-22T11:44:37.270Z,33.85,67.27

2026-09-22T11:44:42.285Z,33.85,67.33

2026-09-22T11:44:47.276Z,33.85,67.26

2026-09-22T11:44:52.272Z,33.85,67.32

2026-09-22T11:44:57.272Z,33.86,67.38

2026-09-22T11:45:02.272Z,33.86,67.26

2026-09-22T11:45:07.285Z,33.86,67.36

2026-09-22T11:45:12.297Z,33.85,67.33

2026-09-22T11:45:17.287Z,33.88,67.31

2026-09-22T11:45:22.286Z,33.87,67.33

2026-09-22T11:45:27.286Z,33.88,67.32

2026-09-22T11:45:32.286Z,33.86,67.35

2026-09-22T11:45:37.308Z,33.88,67.22

2026-09-22T11:45:42.320Z,33.88,67.33

2026-09-22T11:45:47.309Z,33.88,67.3

2026-09-22T11:45:52.310Z,33.89,67.37

2026-09-22T11:45:57.309Z,33.89,67.33

2026-09-22T11:46:02.308Z,33.87,67.35

2026-09-22T11:46:07.316Z,33.88,67.31

2026-09-22T11:46:12.329Z,33.89,67.41

2026-09-22T11:46:17.317Z,33.88,67.38

2026-09-22T11:46:22.314Z,33.87,67.38

2026-09-22T11:46:27.317Z,33.88,67.42

2026-09-22T11:46:32.317Z,33.89,67.36

2026-09-22T11:46:37.320Z,33.88,67.44

2026-09-22T11:46:42.330Z,33.87,67.46

2026-09-22T11:46:47.320Z,33.87,67.45

2026-09-22T11:46:52.318Z,33.88,67.41

2026-09-22T11:46:57.319Z,33.88,67.37

2026-09-22T11:47:02.321Z,33.89,67.4

2026-09-22T11:47:07.320Z,33.87,67.44

2026-09-22T11:47:12.333Z,33.87,67.42

2026-09-22T11:47:17.321Z,33.88,67.36

2026-09-22T11:47:22.321Z,33.87,67.46

2026-09-22T11:47:27.322Z,33.88,67.44

2026-09-22T11:47:32.322Z,33.89,67.41

2026-09-22T11:47:37.321Z,33.88,67.45

2026-09-22T11:47:42.337Z,33.9,67.39

2026-09-22T11:47:47.325Z,33.87,67.45

2026-09-22T11:47:52.322Z,33.88,67.4

2026-09-22T11:47:57.321Z,33.87,67.47

2026-09-22T11:48:02.321Z,33.89,67.49

2026-09-22T11:48:07.339Z,33.87,67.45

2026-09-22T11:48:12.349Z,33.87,67.52

2026-09-22T11:48:17.337Z,33.87,67.49

2026-09-22T11:48:22.342Z,33.88,67.49

2026-09-22T11:48:27.341Z,33.87,67.49

2026-09-22T11:48:32.340Z,33.88,67.51

2026-09-22T11:48:37.348Z,33.9,67.54

2026-09-22T11:48:42.360Z,33.88,67.55

2026-09-22T11:48:47.346Z,33.89,67.51

2026-09-22T11:48:52.348Z,33.88,67.52

2026-09-22T11:48:57.346Z,33.88,67.54

2026-09-22T11:49:02.347Z,33.89,67.5

2026-09-22T11:49:07.358Z,33.9,67.52

2026-09-22T11:49:12.370Z,33.89,67.52

2026-09-22T11:49:17.357Z,33.9,67.44

2026-09-22T11:49:22.357Z,33.89,67.48

2026-09-22T11:49:27.356Z,33.89,67.47

2026-09-22T11:49:32.358Z,33.92,67.51

2026-09-22T11:49:37.358Z,33.9,67.45

2026-09-22T11:49:42.371Z,33.89,67.52

2026-09-22T11:49:47.361Z,33.91,67.54

2026-09-22T11:49:52.359Z,33.9,67.55

2026-09-22T11:49:57.358Z,33.9,67.54

2026-09-22T11:50:02.362Z,33.92,67.57

2026-09-22T11:50:07.377Z,33.91,67.51

2026-09-22T11:50:12.389Z,33.89,67.52

2026-09-22T11:50:17.375Z,33.91,67.51

2026-09-22T11:50:22.373Z,33.9,67.53

2026-09-22T11:50:27.374Z,33.9,67.53

2026-09-22T11:50:32.376Z,33.92,67.55

2026-09-22T11:50:37.374Z,33.9,67.54

2026-09-22T11:50:42.387Z,33.91,67.53

2026-09-22T11:50:47.375Z,33.91,67.53

2026-09-22T11:50:52.375Z,33.92,67.55

2026-09-22T11:50:57.374Z,33.89,67.54

2026-09-22T11:51:02.374Z,33.91,67.56

2026-09-22T11:51:07.374Z,33.93,67.56

2026-09-22T11:51:12.388Z,33.91,67.54

2026-09-22T11:51:17.375Z,33.94,67.53

2026-09-22T11:51:22.375Z,33.92,67.51

2026-09-22T11:51:27.374Z,33.94,67.47

2026-09-22T11:51:32.377Z,33.93,67.44

2026-09-22T11:51:37.377Z,33.93,67.45

2026-09-22T11:51:42.387Z,33.93,67.48

2026-09-22T11:51:47.377Z,33.94,67.44

2026-09-22T11:51:52.377Z,33.91,67.41

2026-09-22T11:51:57.382Z,33.92,67.46

2026-09-22T11:52:02.382Z,33.92,67.52

2026-09-22T11:52:07.381Z,33.91,67.48

2026-09-22T11:52:12.393Z,33.93,67.52

2026-09-22T11:52:17.382Z,33.92,67.48

2026-09-22T11:52:22.382Z,33.93,67.47

2026-09-22T11:52:27.381Z,33.92,67.5

2026-09-22T11:52:32.382Z,33.92,67.51

2026-09-22T11:52:37.399Z,33.91,67.53

2026-09-22T11:52:42.408Z,33.9,67.53

2026-09-22T11:52:47.400Z,33.92,67.49

2026-09-22T11:52:52.397Z,33.91,67.54

2026-09-22T11:52:57.398Z,33.92,67.51

2026-09-22T11:53:02.397Z,33.91,67.54

2026-09-22T11:53:07.402Z,33.92,67.57

2026-09-22T11:53:12.412Z,33.91,67.62

2026-09-22T11:53:17.399Z,33.92,67.57

2026-09-22T11:53:22.399Z,33.89,67.6

2026-09-22T11:53:27.399Z,33.9,67.65

2026-09-22T11:53:32.401Z,33.91,67.63

2026-09-22T11:53:37.403Z,33.93,67.61

2026-09-22T11:53:42.414Z,33.91,67.69

2026-09-22T11:53:47.403Z,33.91,67.69

2026-09-22T11:53:52.403Z,33.9,67.66

2026-09-22T11:53:57.404Z,33.92,67.67

2026-09-22T11:54:02.404Z,33.94,67.69

2026-09-22T11:54:07.416Z,33.94,67.65

2026-09-22T11:54:12.429Z,33.92,67.71

2026-09-22T11:54:17.416Z,33.93,67.63

2026-09-22T11:54:22.416Z,33.94,67.69

2026-09-22T11:54:27.416Z,33.94,67.68

2026-09-22T11:54:32.416Z,33.95,67.63

2026-09-22T11:54:37.420Z,33.94,67.72

2026-09-22T11:54:42.431Z,33.96,67.67

2026-09-22T11:54:47.419Z,33.96,67.62

2026-09-22T11:54:52.418Z,33.95,67.66

2026-09-22T11:54:57.419Z,33.98,67.61

2026-09-22T11:55:02.421Z,33.97,67.61

2026-09-22T11:55:07.434Z,33.97,67.63

2026-09-22T11:55:12.443Z,33.98,67.66

2026-09-22T11:55:17.432Z,33.98,67.59

2026-09-22T11:55:22.431Z,33.98,67.62

2026-09-22T11:55:27.436Z,33.98,67.62

2026-09-22T11:55:32.431Z,33.99,67.58

2026-09-22T11:55:37.455Z,33.97,67.59

2026-09-22T11:55:42.456Z,33.98,67.64

2026-09-22T11:55:47.450Z,34,67.57

2026-09-22T11:55:52.448Z,34,67.62

2026-09-22T11:55:57.449Z,33.99,67.63

2026-09-22T11:56:02.450Z,33.99,67.62

2026-09-22T11:56:07.461Z,33.99,67.7

2026-09-22T11:56:12.470Z,33.98,67.69

2026-09-22T11:56:17.460Z,34,67.61

2026-09-22T11:56:22.459Z,33.99,67.6

2026-09-22T11:56:27.458Z,33.99,67.65

2026-09-22T11:56:32.459Z,33.98,67.67

2026-09-22T11:56:37.471Z,33.97,67.66

2026-09-22T11:56:42.483Z,33.96,67.7

2026-09-22T11:56:47.470Z,33.95,67.7

2026-09-22T11:56:52.468Z,33.96,67.77

2026-09-22T11:56:57.470Z,33.97,67.74

2026-09-22T11:57:02.471Z,33.97,67.77

2026-09-22T11:57:07.480Z,33.96,67.76

2026-09-22T11:57:12.488Z,33.96,67.82

2026-09-22T11:57:17.475Z,33.95,67.77

2026-09-22T11:57:22.476Z,33.94,67.76

2026-09-22T11:57:27.476Z,33.95,67.84

2026-09-22T11:57:32.476Z,33.95,67.84

2026-09-22T11:57:37.482Z,33.94,67.86

2026-09-22T11:57:42.497Z,33.92,67.94

2026-09-22T11:57:47.484Z,33.93,67.88

2026-09-22T11:57:52.484Z,33.92,67.93

2026-09-22T11:57:57.484Z,33.91,67.92

2026-09-22T11:58:02.483Z,33.92,67.89

2026-09-22T11:58:07.483Z,33.93,67.9

2026-09-22T11:58:12.494Z,33.94,67.96

2026-09-22T11:58:17.481Z,33.93,67.9

2026-09-22T11:58:22.484Z,33.94,67.94

2026-09-22T11:58:27.484Z,33.92,67.95

2026-09-22T11:58:32.484Z,33.93,67.94

2026-09-22T11:58:37.486Z,33.92,67.96

2026-09-22T11:58:42.498Z,33.92,67.97

2026-09-22T11:58:47.485Z,33.96,67.92

2026-09-22T11:58:52.486Z,33.94,67.9

2026-09-22T11:58:57.487Z,33.97,67.92

2026-09-22T11:59:02.489Z,33.95,67.9

2026-09-22T11:59:07.496Z,33.96,67.85

2026-09-22T11:59:12.513Z,33.95,67.92

2026-09-22T11:59:17.498Z,33.96,67.85

2026-09-22T11:59:22.497Z,33.98,67.9

2026-09-22T11:59:27.495Z,33.98,67.86

2026-09-22T11:59:32.498Z,33.96,67.92

2026-09-22T11:59:37.512Z,33.95,67.88

2026-09-22T11:59:42.528Z,33.96,67.9

2026-09-22T11:59:47.510Z,33.96,67.84

2026-09-22T11:59:52.511Z,33.97,67.84

2026-09-22T11:59:57.511Z,33.96,67.82

2026-09-22T12:00:02.513Z,33.97,67.85

2026-09-22T12:00:07.516Z,33.95,67.87

2026-09-22T12:00:12.526Z,33.96,67.87

2026-09-22T12:00:17.513Z,33.96,67.82

2026-09-22T12:00:22.514Z,33.96,67.91

2026-09-22T12:00:27.516Z,33.97,67.82

2026-09-22T12:00:32.515Z,33.97,67.79

2026-09-22T12:00:37.515Z,33.96,67.86

2026-09-22T12:00:42.528Z,33.97,67.87

2026-09-22T12:00:47.517Z,33.94,67.8

2026-09-22T12:00:52.516Z,33.97,67.84

2026-09-22T12:00:57.517Z,33.96,67.81

2026-09-22T12:01:02.517Z,33.96,67.83

2026-09-22T12:01:07.516Z,33.97,67.85

2026-09-22T12:01:12.523Z,33.96,67.92

2026-09-22T12:01:17.517Z,33.96,67.85

2026-09-22T12:01:22.519Z,33.97,67.85

2026-09-22T12:01:27.517Z,33.94,67.85

2026-09-22T12:01:32.520Z,33.95,67.85

2026-09-22T12:01:37.521Z,33.96,67.79

2026-09-22T12:01:42.534Z,33.95,67.8

2026-09-22T12:01:47.522Z,33.96,67.76

2026-09-22T12:01:52.522Z,33.93,67.79

2026-09-22T12:01:57.522Z,33.93,67.81

2026-09-22T12:02:02.521Z,33.97,67.84

2026-09-22T12:02:07.529Z,33.94,67.8

2026-09-22T12:02:12.538Z,33.94,67.85

2026-09-22T12:02:17.527Z,33.95,67.8

2026-09-22T12:02:22.528Z,33.97,67.83

2026-09-22T12:02:27.529Z,33.95,67.83

2026-09-22T12:02:32.528Z,33.95,67.85

2026-09-22T12:02:37.534Z,33.96,67.89

2026-09-22T12:02:42.542Z,33.94,67.85

2026-09-22T12:02:47.533Z,33.96,67.86

2026-09-22T12:02:52.538Z,33.95,67.85

2026-09-22T12:02:57.537Z,33.96,67.85

2026-09-22T12:03:02.535Z,33.95,67.88

2026-09-22T12:03:07.545Z,33.96,67.87

2026-09-22T12:03:12.558Z,33.95,67.89

2026-09-22T12:03:17.543Z,33.96,67.88

2026-09-22T12:03:22.544Z,33.96,67.89

2026-09-22T12:03:27.546Z,33.95,67.92

2026-09-22T12:03:32.543Z,33.97,67.89

2026-09-22T12:03:37.557Z,33.96,67.84

2026-09-22T12:03:42.571Z,33.96,67.86

2026-09-22T12:03:47.558Z,33.98,67.89

2026-09-22T12:03:52.558Z,33.97,67.83

2026-09-22T12:03:57.559Z,33.96,67.88

2026-09-22T12:04:02.558Z,33.97,67.84

2026-09-22T12:04:07.561Z,33.98,67.84

2026-09-22T12:04:12.575Z,33.96,67.84

2026-09-22T12:04:17.562Z,33.98,67.8

2026-09-22T12:04:22.563Z,33.97,67.77

2026-09-22T12:04:27.563Z,33.98,67.76

2026-09-22T12:04:32.563Z,33.95,67.75

2026-09-22T12:04:37.575Z,33.97,67.79

2026-09-22T12:04:42.584Z,33.98,67.84

2026-09-22T12:04:47.572Z,33.98,67.8

2026-09-22T12:04:52.571Z,33.98,67.78

2026-09-22T12:04:57.571Z,33.97,67.76

2026-09-22T12:05:02.573Z,33.99,67.77

2026-09-22T12:05:07.586Z,33.97,67.77

2026-09-22T12:05:12.595Z,33.97,67.75

2026-09-22T12:05:17.585Z,33.98,67.77

2026-09-22T12:05:22.585Z,33.98,67.73

2026-09-22T12:05:27.585Z,33.96,67.68

2026-09-22T12:05:32.584Z,33.97,67.63

2026-09-22T12:05:37.586Z,33.98,67.72

2026-09-22T12:05:42.599Z,33.96,67.81

2026-09-22T12:05:47.585Z,33.97,67.79

2026-09-22T12:05:52.585Z,33.95,67.81

2026-09-22T12:05:57.586Z,33.96,67.81

2026-09-22T12:06:02.586Z,33.97,67.81

2026-09-22T12:06:07.595Z,33.96,67.78

2026-09-22T12:06:12.612Z,33.96,67.86

2026-09-22T12:06:17.597Z,33.97,67.81

2026-09-22T12:06:22.597Z,33.95,67.85

2026-09-22T12:06:27.595Z,33.97,67.75

2026-09-22T12:06:32.596Z,33.96,67.85

2026-09-22T12:06:37.594Z,33.98,67.82

2026-09-22T12:06:42.607Z,33.96,67.81

2026-09-22T12:06:47.596Z,33.95,67.8

2026-09-22T12:06:52.596Z,33.96,67.85

2026-09-22T12:06:57.597Z,33.97,67.82

2026-09-22T12:07:02.599Z,33.97,67.77

2026-09-22T12:07:07.597Z,33.98,67.8

2026-09-22T12:07:12.610Z,33.96,67.82

2026-09-22T12:07:17.599Z,33.97,67.77

2026-09-22T12:07:22.599Z,33.97,67.79

2026-09-22T12:07:27.600Z,33.97,67.75

2026-09-22T12:07:32.601Z,33.99,67.79

2026-09-22T12:07:37.620Z,33.97,67.75

2026-09-22T12:07:42.631Z,33.98,67.78

2026-09-22T12:07:47.619Z,33.97,67.79

2026-09-22T12:07:52.619Z,33.96,67.78

2026-09-22T12:07:57.620Z,33.97,67.79

2026-09-22T12:08:02.622Z,33.97,67.78

2026-09-22T12:08:07.634Z,33.97,67.76

2026-09-22T12:08:12.646Z,33.95,67.79

2026-09-22T12:08:17.633Z,33.95,67.73

2026-09-22T12:08:22.633Z,33.96,67.74

2026-09-22T12:08:27.633Z,33.94,67.78

2026-09-22T12:08:32.633Z,33.95,67.77

2026-09-22T12:08:37.633Z,33.96,67.8

2026-09-22T12:08:42.650Z,33.93,67.87

2026-09-22T12:08:47.634Z,33.94,67.84

2026-09-22T12:08:52.636Z,33.95,67.88

2026-09-22T12:08:57.634Z,33.94,67.81

2026-09-22T12:09:02.635Z,33.93,67.85

2026-09-22T12:09:07.635Z,33.94,67.9

2026-09-22T12:09:12.645Z,33.94,67.84

2026-09-22T12:09:17.633Z,33.92,67.82

2026-09-22T12:09:22.632Z,33.92,67.8

2026-09-22T12:09:27.634Z,33.94,67.79

2026-09-22T12:09:32.635Z,33.92,67.83

2026-09-22T12:09:37.633Z,33.93,67.87

2026-09-22T12:09:42.656Z,33.92,67.88

2026-09-22T12:09:47.642Z,33.92,67.82

2026-09-22T12:09:52.643Z,33.93,67.87

2026-09-22T12:09:57.644Z,33.92,67.82

2026-09-22T12:10:02.643Z,33.92,67.94

2026-09-22T12:10:07.642Z,33.91,67.92

2026-09-22T12:10:12.650Z,33.93,67.97

2026-09-22T12:10:17.643Z,33.93,67.94

2026-09-22T12:10:22.645Z,33.91,67.93

2026-09-22T12:10:27.644Z,33.9,67.97

2026-09-22T12:10:32.645Z,33.91,67.99

2026-09-22T12:10:37.646Z,33.88,67.94

2026-09-22T12:10:42.662Z,33.89,68.01

2026-09-22T12:10:47.647Z,33.91,68.03

2026-09-22T12:10:52.650Z,33.89,68.05

2026-09-22T12:10:57.649Z,33.89,68.04

2026-09-22T12:11:02.651Z,33.89,68

2026-09-22T12:11:07.651Z,33.9,68.07

2026-09-22T12:11:12.661Z,33.88,68.07

2026-09-22T12:11:17.650Z,33.9,68.05

2026-09-22T12:11:22.651Z,33.88,68.07

2026-09-22T12:11:27.652Z,33.86,68.03

2026-09-22T12:11:32.650Z,33.87,68.09

2026-09-22T12:11:37.670Z,33.89,68.03

2026-09-22T12:11:42.682Z,33.85,68.13

2026-09-22T12:11:47.669Z,33.87,68.16

2026-09-22T12:11:52.670Z,33.86,68.19

2026-09-22T12:11:57.670Z,33.85,68.2

2026-09-22T12:12:02.670Z,33.87,68.16

2026-09-22T12:12:07.672Z,33.86,68.19

2026-09-22T12:12:12.683Z,33.85,68.23

2026-09-22T12:12:17.669Z,33.87,68.12

2026-09-22T12:12:22.672Z,33.86,68.17

2026-09-22T12:12:27.671Z,33.86,68.18

2026-09-22T12:12:32.672Z,33.83,68.2

2026-09-22T12:12:37.678Z,33.84,68.21

2026-09-22T12:12:42.690Z,33.86,68.23

2026-09-22T12:12:47.676Z,33.85,68.16

2026-09-22T12:12:52.678Z,33.86,68.21

2026-09-22T12:12:57.678Z,33.85,68.23

2026-09-22T12:13:02.678Z,33.85,68.18

2026-09-22T12:13:07.685Z,33.85,68.2

2026-09-22T12:13:12.693Z,33.84,68.23

2026-09-22T12:13:17.681Z,33.83,68.16

2026-09-22T12:13:22.683Z,33.87,68.18

2026-09-22T12:13:27.685Z,33.86,68.2

2026-09-22T12:13:32.683Z,33.84,68.21

2026-09-22T12:13:37.693Z,33.86,68.23

2026-09-22T12:13:42.704Z,33.85,68.25

2026-09-22T12:13:47.693Z,33.84,68.29

2026-09-22T12:13:52.694Z,33.84,68.24

2026-09-22T12:13:57.693Z,33.83,68.28

2026-09-22T12:14:02.693Z,33.81,68.25

2026-09-22T12:14:07.702Z,33.83,68.23

2026-09-22T12:14:12.713Z,33.82,68.3

2026-09-22T12:14:17.702Z,33.84,68.27

2026-09-22T12:14:22.702Z,33.83,68.26

2026-09-22T12:14:27.701Z,33.82,68.33

2026-09-22T12:14:32.703Z,33.84,68.3

2026-09-22T12:14:37.715Z,33.83,68.31

2026-09-22T12:14:42.726Z,33.82,68.33

2026-09-22T12:14:47.715Z,33.8,68.33

2026-09-22T12:14:52.712Z,33.81,68.33

2026-09-22T12:14:57.713Z,33.83,68.35

2026-09-22T12:15:02.714Z,33.81,68.33

2026-09-22T12:15:07.728Z,33.83,68.38

2026-09-22T12:15:12.739Z,33.81,68.42

2026-09-22T12:15:17.727Z,33.81,68.44

2026-09-22T12:15:22.729Z,33.83,68.37

2026-09-22T12:15:27.728Z,33.82,68.37

2026-09-22T12:15:32.729Z,33.82,68.39

2026-09-22T12:15:37.734Z,33.81,68.4

2026-09-22T12:15:42.746Z,33.8,68.46

2026-09-22T12:15:47.736Z,33.79,68.48

2026-09-22T12:15:52.737Z,33.81,68.4

2026-09-22T12:15:57.737Z,33.8,68.43

2026-09-22T12:16:02.734Z,33.79,68.42

2026-09-22T12:16:07.740Z,33.81,68.5

2026-09-22T12:16:12.750Z,33.79,68.5

2026-09-22T12:16:17.736Z,33.8,68.52

2026-09-22T12:16:22.740Z,33.79,68.52

2026-09-22T12:16:27.740Z,33.79,68.51

2026-09-22T12:16:32.739Z,33.79,68.49

2026-09-22T12:16:37.740Z,33.79,68.5

2026-09-22T12:16:42.749Z,33.78,68.51

2026-09-22T12:16:47.739Z,33.8,68.51

2026-09-22T12:16:52.740Z,33.79,68.55

2026-09-22T12:16:57.742Z,33.78,68.57

2026-09-22T12:17:02.739Z,33.79,68.57

2026-09-22T12:17:07.750Z,33.77,68.58

2026-09-22T12:17:12.756Z,33.79,68.49

2026-09-22T12:17:17.744Z,33.81,68.56

2026-09-22T12:17:22.746Z,33.8,68.56

2026-09-22T12:17:27.744Z,33.79,68.61

2026-09-22T12:17:32.745Z,33.81,68.59

2026-09-22T12:17:37.756Z,33.82,68.63

2026-09-22T12:17:42.772Z,33.79,68.64

2026-09-22T12:17:47.755Z,33.8,68.59

2026-09-22T12:17:52.757Z,33.8,68.58

2026-09-22T12:17:57.757Z,33.78,68.66

2026-09-22T12:18:02.756Z,33.8,68.66

2026-09-22T12:18:07.757Z,33.81,68.65

2026-09-22T12:18:12.769Z,33.8,68.73

2026-09-22T12:18:17.759Z,33.79,68.64

2026-09-22T12:18:22.758Z,33.79,68.67

2026-09-22T12:18:27.758Z,33.79,68.62

2026-09-22T12:18:32.759Z,33.78,68.64

2026-09-22T12:18:37.760Z,33.79,68.68

2026-09-22T12:18:42.767Z,33.78,68.74

2026-09-22T12:18:47.759Z,33.79,68.73

2026-09-22T12:18:52.759Z,33.79,68.65

2026-09-22T12:18:57.760Z,33.78,68.75

2026-09-22T12:19:02.760Z,33.78,68.73

2026-09-22T12:19:07.779Z,33.79,68.72

2026-09-22T12:19:12.791Z,33.8,68.77

2026-09-22T12:19:17.774Z,33.79,68.74

2026-09-22T12:19:22.775Z,33.79,68.73

2026-09-22T12:19:27.778Z,33.78,68.76

2026-09-22T12:19:32.775Z,33.79,68.73

2026-09-22T12:19:37.787Z,33.77,68.72

2026-09-22T12:19:42.799Z,33.77,68.76

2026-09-22T12:19:47.785Z,33.77,68.74

2026-09-22T12:19:52.788Z,33.76,68.78

2026-09-22T12:19:57.785Z,33.75,68.86

2026-09-22T12:20:02.786Z,33.77,68.82

2026-09-22T12:20:07.786Z,33.77,68.81

2026-09-22T12:20:12.799Z,33.77,68.86

2026-09-22T12:20:17.788Z,33.77,68.87

2026-09-22T12:20:22.788Z,33.77,68.83

2026-09-22T12:20:27.787Z,33.77,68.84

2026-09-22T12:20:32.790Z,33.76,68.89

2026-09-22T12:20:37.801Z,33.76,68.89

2026-09-22T12:20:42.804Z,33.77,68.92

2026-09-22T12:20:47.799Z,33.78,68.84

2026-09-22T12:20:52.797Z,33.77,68.94

2026-09-22T12:20:57.796Z,33.77,68.88

2026-09-22T12:21:02.796Z,33.77,68.86

2026-09-22T12:21:07.807Z,33.77,68.9

2026-09-22T12:21:12.825Z,33.77,68.94

2026-09-22T12:21:17.808Z,33.78,68.9

2026-09-22T12:21:22.807Z,33.77,68.87

2026-09-22T12:21:27.808Z,33.8,68.95

2026-09-22T12:21:32.810Z,33.78,68.89

2026-09-22T12:21:37.816Z,33.77,68.89

2026-09-22T12:21:42.831Z,33.79,68.93

2026-09-22T12:21:47.815Z,33.78,68.89

2026-09-22T12:21:52.816Z,33.8,68.91

2026-09-22T12:21:57.816Z,33.79,68.89

2026-09-22T12:22:02.816Z,33.78,68.88

2026-09-22T12:22:07.827Z,33.79,68.88

2026-09-22T12:22:12.843Z,33.79,68.98

2026-09-22T12:22:17.825Z,33.78,68.84

2026-09-22T12:22:22.825Z,33.8,68.86

2026-09-22T12:22:27.827Z,33.79,68.88

2026-09-22T12:22:32.825Z,33.78,68.93

2026-09-22T12:22:37.835Z,33.78,68.9

2026-09-22T12:22:42.849Z,33.77,68.95

2026-09-22T12:22:47.836Z,33.76,68.93

2026-09-22T12:22:52.835Z,33.77,68.95

2026-09-22T12:22:57.837Z,33.75,68.96

2026-09-22T12:23:02.838Z,33.76,68.95

2026-09-22T12:23:07.840Z,33.75,68.94

2026-09-22T12:23:12.854Z,33.76,69.03

2026-09-22T12:23:17.838Z,33.73,68.98

2026-09-22T12:23:22.838Z,33.76,69.08

2026-09-22T12:23:27.839Z,33.75,69.03

2026-09-22T12:23:32.840Z,33.73,69.12

2026-09-22T12:23:37.846Z,33.76,69.08

2026-09-22T12:23:42.857Z,33.75,69.09

2026-09-22T12:23:47.846Z,33.76,69.04

2026-09-22T12:23:52.846Z,33.75,69.05

2026-09-22T12:23:57.845Z,33.75,69.1

2026-09-22T12:24:02.844Z,33.74,69.09

2026-09-22T12:24:07.852Z,33.76,69.06

2026-09-22T12:24:12.862Z,33.77,69.13

2026-09-22T12:24:17.853Z,33.77,69.06

2026-09-22T12:24:22.855Z,33.76,69.12

2026-09-22T12:24:27.854Z,33.78,69.07

2026-09-22T12:24:32.854Z,33.77,69.08

2026-09-22T12:24:37.853Z,33.78,69.11

2026-09-22T12:24:42.866Z,33.77,69.07

2026-09-22T12:24:47.855Z,33.77,69.07

2026-09-22T12:24:52.855Z,33.8,69.05

2026-09-22T12:24:57.856Z,33.79,69.01

2026-09-22T12:25:02.857Z,33.77,69.05

2026-09-22T12:25:07.871Z,33.79,69.09

2026-09-22T12:25:12.881Z,33.79,69.05

2026-09-22T12:25:17.869Z,33.78,69.02

2026-09-22T12:25:22.868Z,33.79,68.98

2026-09-22T12:25:27.869Z,33.8,69.07

2026-09-22T12:25:32.871Z,33.8,69.01

2026-09-22T12:25:37.871Z,33.81,69.03

2026-09-22T12:25:42.881Z,33.8,69.04

2026-09-22T12:25:47.870Z,33.82,69.01

2026-09-22T12:25:52.870Z,33.8,68.99

2026-09-22T12:25:57.870Z,33.8,68.98

2026-09-22T12:26:02.870Z,33.79,69.04

2026-09-22T12:26:07.871Z,33.81,68.99

2026-09-22T12:26:12.883Z,33.8,69.07

2026-09-22T12:26:17.872Z,33.79,69.07

2026-09-22T12:26:22.873Z,33.8,69.04

2026-09-22T12:26:27.874Z,33.81,69.06

2026-09-22T12:26:32.876Z,33.8,69.01

2026-09-22T12:26:37.875Z,33.82,69

2026-09-22T12:26:42.884Z,33.83,69.07

2026-09-22T12:26:47.875Z,33.82,68.98

2026-09-22T12:26:52.875Z,33.84,69

2026-09-22T12:26:57.879Z,33.82,68.99

2026-09-22T12:27:02.876Z,33.83,68.98

2026-09-22T12:27:07.881Z,33.83,68.99

2026-09-22T12:27:12.891Z,33.84,69

2026-09-22T12:27:17.880Z,33.83,68.96

2026-09-22T12:27:22.881Z,33.82,68.93

2026-09-22T12:27:27.881Z,33.81,68.97

2026-09-22T12:27:32.884Z,33.84,69

2026-09-22T12:27:37.888Z,33.83,68.99

2026-09-22T12:27:42.900Z,33.84,69.03

2026-09-22T12:27:47.887Z,33.81,68.98

2026-09-22T12:27:52.888Z,33.83,68.93

2026-09-22T12:27:57.887Z,33.83,68.97

2026-09-22T12:28:02.888Z,33.82,69.03

2026-09-22T12:28:07.903Z,33.83,68.98

2026-09-22T12:28:12.921Z,33.82,69

2026-09-22T12:28:17.904Z,33.81,69.01

2026-09-22T12:28:22.901Z,33.83,68.96

2026-09-22T12:28:27.900Z,33.82,69.02

2026-09-22T12:28:32.900Z,33.82,68.96

2026-09-22T12:28:37.910Z,33.83,68.97

2026-09-22T12:28:42.920Z,33.82,69

2026-09-22T12:28:47.909Z,33.83,69

2026-09-22T12:28:52.909Z,33.83,69

2026-09-22T12:28:57.909Z,33.83,68.95

2026-09-22T12:29:02.910Z,33.83,68.91

2026-09-22T12:29:07.928Z,33.81,68.99

2026-09-22T12:29:12.938Z,33.83,68.99

2026-09-22T12:29:17.927Z,33.82,68.99

2026-09-22T12:29:22.925Z,33.82,69

2026-09-22T12:29:27.925Z,33.81,68.99

2026-09-22T12:29:32.927Z,33.82,69.01

2026-09-22T12:29:37.938Z,33.83,68.97

2026-09-22T12:29:42.947Z,33.83,69.02

2026-09-22T12:29:47.938Z,33.82,68.98

2026-09-22T12:29:52.937Z,33.81,69.01

2026-09-22T12:29:57.937Z,33.81,68.97

2026-09-22T12:30:02.938Z,33.82,68.95

2026-09-22T12:30:07.948Z,33.82,68.97

2026-09-22T12:30:12.960Z,33.8,68.94

2026-09-22T12:30:17.949Z,33.85,68.9

2026-09-22T12:30:22.949Z,33.82,69.01

2026-09-22T12:30:27.949Z,33.82,68.99

2026-09-22T12:30:32.948Z,33.8,68.9

2026-09-22T12:30:37.955Z,33.83,68.97

2026-09-22T12:30:42.962Z,33.81,69.02

2026-09-22T12:30:47.953Z,33.82,68.99

2026-09-22T12:30:52.952Z,33.82,69.01

2026-09-22T12:30:57.952Z,33.82,68.96

2026-09-22T12:31:02.950Z,33.81,69

2026-09-22T12:31:07.952Z,33.81,68.98

2026-09-22T12:31:12.964Z,33.81,69.05

2026-09-22T12:31:17.953Z,33.82,69.04

2026-09-22T12:31:22.952Z,33.81,68.99

2026-09-22T12:31:27.954Z,33.83,69.02

2026-09-22T12:31:32.955Z,33.82,69.02

2026-09-22T12:31:37.956Z,33.8,69.02

2026-09-22T12:31:42.965Z,33.81,69.09

2026-09-22T12:31:47.957Z,33.82,69.04

2026-09-22T12:31:52.956Z,33.83,69.07

2026-09-22T12:31:57.960Z,33.82,69.02

2026-09-22T12:32:02.962Z,33.8,69.01

2026-09-22T12:32:07.974Z,33.81,68.99

2026-09-22T12:32:12.984Z,33.81,69.08

2026-09-22T12:32:17.973Z,33.82,68.99

2026-09-22T12:32:22.972Z,33.81,69.01

2026-09-22T12:32:27.974Z,33.81,69.02

2026-09-22T12:32:32.975Z,33.81,69

2026-09-22T12:32:37.984Z,33.82,69.02

2026-09-22T12:32:42.994Z,33.81,69.08

2026-09-22T12:32:47.983Z,33.81,69.01

2026-09-22T12:32:52.984Z,33.81,69.01

2026-09-22T12:32:57.982Z,33.83,69.03

2026-09-22T12:33:02.984Z,33.82,69.06

2026-09-22T12:33:08.006Z,33.81,69.02

2026-09-22T12:33:13.019Z,33.81,69.11

2026-09-22T12:33:18.005Z,33.8,69.07

2026-09-22T12:33:23.005Z,33.81,69.08

2026-09-22T12:33:28.007Z,33.79,69.06

2026-09-22T12:33:33.006Z,33.81,69.14

2026-09-22T12:33:38.012Z,33.8,69.13

2026-09-22T12:33:43.025Z,33.79,69.19

2026-09-22T12:33:48.013Z,33.78,69.15

2026-09-22T12:33:53.013Z,33.78,69.16

2026-09-22T12:33:58.014Z,33.78,69.12

2026-09-22T12:34:03.014Z,33.78,69.15

2026-09-22T12:34:08.017Z,33.78,69.18

2026-09-22T12:34:13.024Z,33.78,69.24

2026-09-22T12:34:18.015Z,33.75,69.25

2026-09-22T12:34:23.014Z,33.75,69.24

2026-09-22T12:34:28.015Z,33.74,69.32

2026-09-22T12:34:33.016Z,33.75,69.3

2026-09-22T12:34:38.014Z,33.76,69.31

2026-09-22T12:34:43.026Z,33.73,69.37

2026-09-22T12:34:48.014Z,33.74,69.3

2026-09-22T12:34:53.015Z,33.73,69.32

2026-09-22T12:34:58.016Z,33.73,69.32

2026-09-22T12:35:03.018Z,33.71,69.39

2026-09-22T12:35:08.019Z,33.74,69.33

2026-09-22T12:35:13.035Z,33.7,69.41

2026-09-22T12:35:18.019Z,33.72,69.37

2026-09-22T12:35:23.022Z,33.71,69.39

2026-09-22T12:35:28.019Z,33.71,69.44

2026-09-22T12:35:33.020Z,33.7,69.44

2026-09-22T12:35:38.026Z,33.7,69.4

2026-09-22T12:35:43.038Z,33.7,69.47

2026-09-22T12:35:48.020Z,33.7,69.52

2026-09-22T12:35:53.022Z,33.7,69.48

2026-09-22T12:35:58.022Z,33.71,69.5

2026-09-22T12:36:03.023Z,33.7,69.5

2026-09-22T12:36:08.037Z,33.71,69.54

2026-09-22T12:36:13.051Z,33.69,69.51

2026-09-22T12:36:18.037Z,33.7,69.54

2026-09-22T12:36:23.037Z,33.71,69.49

2026-09-22T12:36:28.036Z,33.71,69.51

2026-09-22T12:36:33.038Z,33.71,69.57

2026-09-22T12:36:38.044Z,33.69,69.53

2026-09-22T12:36:43.054Z,33.7,69.53

2026-09-22T12:36:48.043Z,33.71,69.61

2026-09-22T12:36:53.044Z,33.7,69.53

2026-09-22T12:36:58.043Z,33.7,69.49

2026-09-22T12:37:03.043Z,33.69,69.53

2026-09-22T12:37:08.056Z,33.72,69.5

2026-09-22T12:37:13.063Z,33.7,69.61

2026-09-22T12:37:18.054Z,33.7,69.52

2026-09-22T12:37:23.052Z,33.72,69.5

2026-09-22T12:37:28.054Z,33.7,69.56

2026-09-22T12:37:33.055Z,33.71,69.53

2026-09-22T12:37:38.068Z,33.71,69.51

2026-09-22T12:37:43.078Z,33.71,69.55

2026-09-22T12:37:48.069Z,33.71,69.5

2026-09-22T12:37:53.069Z,33.7,69.53

2026-09-22T12:37:58.068Z,33.71,69.5

2026-09-22T12:38:03.069Z,33.72,69.46

2026-09-22T12:38:08.072Z,33.72,69.45

2026-09-22T12:38:13.081Z,33.71,69.49

2026-09-22T12:38:18.070Z,33.72,69.5

2026-09-22T12:38:23.070Z,33.73,69.47

2026-09-22T12:38:28.074Z,33.73,69.49

2026-09-22T12:38:33.070Z,33.74,69.45

2026-09-22T12:38:38.071Z,33.72,69.52

2026-09-22T12:38:43.082Z,33.74,69.57

2026-09-22T12:38:48.073Z,33.74,69.51

2026-09-22T12:38:53.073Z,33.74,69.55

2026-09-22T12:38:58.074Z,33.74,69.52

2026-09-22T12:39:03.078Z,33.74,69.52

2026-09-22T12:39:08.086Z,33.72,69.53

2026-09-22T12:39:13.098Z,33.7,69.56

2026-09-22T12:39:18.088Z,33.72,69.53

2026-09-22T12:39:23.085Z,33.72,69.54

2026-09-22T12:39:28.085Z,33.74,69.49

2026-09-22T12:39:33.086Z,33.74,69.48

2026-09-22T12:39:38.095Z,33.75,69.53

2026-09-22T12:39:43.111Z,33.73,69.55

2026-09-22T12:39:48.095Z,33.72,69.53

2026-09-22T12:39:53.095Z,33.74,69.55

2026-09-22T12:39:58.096Z,33.76,69.59

2026-09-22T12:40:03.096Z,33.74,69.56

2026-09-22T12:40:08.109Z,33.76,69.6

2026-09-22T12:40:13.121Z,33.73,69.62

2026-09-22T12:40:18.108Z,33.74,69.56

2026-09-22T12:40:23.108Z,33.76,69.58

2026-09-22T12:40:28.109Z,33.74,69.6

2026-09-22T12:40:33.110Z,33.74,69.58

2026-09-22T12:40:38.116Z,33.76,69.53

2026-09-22T12:40:43.124Z,33.76,69.53

2026-09-22T12:40:48.113Z,33.75,69.51

2026-09-22T12:40:53.116Z,33.77,69.51

2026-09-22T12:40:58.115Z,33.75,69.42

2026-09-22T12:41:03.115Z,33.77,69.45

2026-09-22T12:41:08.117Z,33.76,69.49

2026-09-22T12:41:13.132Z,33.76,69.47

2026-09-22T12:41:18.116Z,33.78,69.49

2026-09-22T12:41:23.116Z,33.79,69.49

2026-09-22T12:41:28.116Z,33.78,69.36

2026-09-22T12:41:33.118Z,33.77,69.38

2026-09-22T12:41:38.123Z,33.78,69.32

2026-09-22T12:41:43.129Z,33.76,69.35

2026-09-22T12:41:48.122Z,33.77,69.28

2026-09-22T12:41:53.119Z,33.75,69.31

2026-09-22T12:41:58.124Z,33.75,69.33

2026-09-22T12:42:03.122Z,33.75,69.29

2026-09-22T12:42:08.129Z,33.75,69.36

2026-09-22T12:42:13.140Z,33.75,69.46

2026-09-22T12:42:18.128Z,33.73,69.43

2026-09-22T12:42:23.129Z,33.74,69.45

2026-09-22T12:42:28.128Z,33.73,69.43

2026-09-22T12:42:33.128Z,33.74,69.47

2026-09-22T12:42:38.146Z,33.73,69.47

2026-09-22T12:42:43.159Z,33.72,69.49

2026-09-22T12:42:48.147Z,33.72,69.51

2026-09-22T12:42:53.146Z,33.72,69.48

2026-09-22T12:42:58.145Z,33.73,69.5

2026-09-22T12:43:03.144Z,33.72,69.53

2026-09-22T12:43:08.151Z,33.72,69.5

2026-09-22T12:43:13.163Z,33.72,69.56

2026-09-22T12:43:18.149Z,33.72,69.54

2026-09-22T12:43:23.151Z,33.71,69.53

2026-09-22T12:43:28.151Z,33.73,69.53

2026-09-22T12:43:33.153Z,33.72,69.55

2026-09-22T12:43:38.152Z,33.72,69.56

2026-09-22T12:43:43.163Z,33.7,69.6

2026-09-22T12:43:48.151Z,33.72,69.57

2026-09-22T12:43:53.151Z,33.72,69.6

2026-09-22T12:43:58.150Z,33.71,69.58

2026-09-22T12:44:03.153Z,33.69,69.58

2026-09-22T12:44:08.167Z,33.67,69.65

2026-09-22T12:44:13.177Z,33.68,69.66

2026-09-22T12:44:18.165Z,33.66,69.68

2026-09-22T12:44:23.166Z,33.68,69.67

2026-09-22T12:44:28.167Z,33.68,69.71

2026-09-22T12:44:33.167Z,33.68,69.67

2026-09-22T12:44:38.173Z,33.66,69.68

2026-09-22T12:44:43.183Z,33.66,69.71

2026-09-22T12:44:48.171Z,33.65,69.7

2026-09-22T12:44:53.170Z,33.68,69.76

2026-09-22T12:44:58.170Z,33.65,69.74

2026-09-22T12:45:03.173Z,33.66,69.71

2026-09-22T12:45:08.179Z,33.65,69.68

2026-09-22T12:45:13.189Z,33.64,69.79

2026-09-22T12:45:18.175Z,33.67,69.73

2026-09-22T12:45:23.175Z,33.65,69.72

2026-09-22T12:45:28.176Z,33.66,69.72

2026-09-22T12:45:33.176Z,33.66,69.73

2026-09-22T12:45:38.176Z,33.65,69.76

2026-09-22T12:45:43.186Z,33.65,69.76

2026-09-22T12:45:48.175Z,33.66,69.76

2026-09-22T12:45:53.173Z,33.64,69.81

2026-09-22T12:45:58.173Z,33.63,69.76

2026-09-22T12:46:03.176Z,33.63,69.81

2026-09-22T12:46:08.187Z,33.65,69.79

2026-09-22T12:46:13.192Z,33.63,69.81

2026-09-22T12:46:18.184Z,33.63,69.76

2026-09-22T12:46:23.190Z,33.63,69.76

2026-09-22T12:46:28.187Z,33.64,69.77

2026-09-22T12:46:33.188Z,33.63,69.83

2026-09-22T12:46:38.197Z,33.63,69.82

2026-09-22T12:46:43.209Z,33.62,69.83

2026-09-22T12:46:48.197Z,33.65,69.84

2026-09-22T12:46:53.199Z,33.61,69.86

2026-09-22T12:46:58.200Z,33.62,69.86

2026-09-22T12:47:03.198Z,33.61,69.89

2026-09-22T12:47:08.208Z,33.63,69.86

2026-09-22T12:47:13.225Z,33.61,69.91

2026-09-22T12:47:18.207Z,33.61,69.86

2026-09-22T12:47:23.208Z,33.62,69.88

2026-09-22T12:47:28.208Z,33.62,69.9

2026-09-22T12:47:33.209Z,33.62,69.9

2026-09-22T12:47:38.208Z,33.61,69.88

2026-09-22T12:47:43.224Z,33.61,69.97

2026-09-22T12:47:48.209Z,33.63,69.97

2026-09-22T12:47:53.208Z,33.62,69.92

2026-09-22T12:47:58.210Z,33.62,69.91

2026-09-22T12:48:03.210Z,33.63,69.93

2026-09-22T12:48:08.219Z,33.62,69.9

2026-09-22T12:48:13.229Z,33.61,69.96

2026-09-22T12:48:18.217Z,33.61,69.92

2026-09-22T12:48:23.219Z,33.62,69.95

2026-09-22T12:48:28.220Z,33.6,69.96

2026-09-22T12:48:33.221Z,33.61,69.94

2026-09-22T12:48:38.236Z,33.62,69.98

2026-09-22T12:48:43.246Z,33.65,70

2026-09-22T12:48:48.235Z,33.62,69.96

2026-09-22T12:48:53.234Z,33.63,69.95

2026-09-22T12:48:58.233Z,33.62,70.02

2026-09-22T12:49:03.236Z,33.64,69.98

2026-09-22T12:49:08.235Z,33.64,69.92

2026-09-22T12:49:13.246Z,33.64,70.03

2026-09-22T12:49:18.239Z,33.65,69.95

2026-09-22T12:49:23.235Z,33.63,69.98

2026-09-22T12:49:28.236Z,33.66,69.96

2026-09-22T12:49:33.235Z,33.64,69.97

2026-09-22T12:49:38.235Z,33.65,69.98

2026-09-22T12:49:43.248Z,33.64,69.95

2026-09-22T12:49:48.239Z,33.67,69.95

2026-09-22T12:49:53.240Z,33.68,69.93

2026-09-22T12:49:58.241Z,33.67,69.87

2026-09-22T12:50:03.245Z,33.69,69.87

2026-09-22T12:50:08.245Z,33.7,69.86

2026-09-22T12:50:13.254Z,33.67,69.92

2026-09-22T12:50:18.241Z,33.68,69.85

2026-09-22T12:50:23.243Z,33.7,69.83

2026-09-22T12:50:28.243Z,33.68,69.77

2026-09-22T12:50:33.244Z,33.68,69.78

2026-09-22T12:50:38.254Z,33.72,69.77

2026-09-22T12:50:43.265Z,33.7,69.75

2026-09-22T12:50:48.255Z,33.7,69.74

2026-09-22T12:50:53.253Z,33.72,69.7

2026-09-22T12:50:58.254Z,33.71,69.66

2026-09-22T12:51:03.253Z,33.72,69.67

2026-09-22T12:51:08.273Z,33.72,69.67

2026-09-22T12:51:13.284Z,33.72,69.65

2026-09-22T12:51:18.271Z,33.74,69.64

2026-09-22T12:51:23.272Z,33.73,69.6

2026-09-22T12:51:28.271Z,33.73,69.66

2026-09-22T12:51:33.272Z,33.73,69.63

2026-09-22T12:51:38.272Z,33.75,69.64

2026-09-22T12:51:43.285Z,33.73,69.64

2026-09-22T12:51:48.276Z,33.73,69.62

2026-09-22T12:51:53.275Z,33.72,69.61

2026-09-22T12:51:58.275Z,33.72,69.65

2026-09-22T12:52:03.274Z,33.73,69.58

2026-09-22T12:52:08.274Z,33.74,69.61

2026-09-22T12:52:13.287Z,33.75,69.61

2026-09-22T12:52:18.276Z,33.76,69.61

2026-09-22T12:52:23.274Z,33.74,69.6

2026-09-22T12:52:28.276Z,33.77,69.59

2026-09-22T12:52:33.277Z,33.75,69.61

2026-09-22T12:52:38.281Z,33.75,69.57

2026-09-22T12:52:43.290Z,33.75,69.62

2026-09-22T12:52:48.279Z,33.76,69.57

2026-09-22T12:52:53.281Z,33.75,69.61

2026-09-22T12:52:58.280Z,33.73,69.58

2026-09-22T12:53:03.283Z,33.75,69.57

2026-09-22T12:53:08.291Z,33.74,69.59

2026-09-22T12:53:13.304Z,33.74,69.62

2026-09-22T12:53:18.290Z,33.73,69.59

2026-09-22T12:53:23.291Z,33.74,69.59

2026-09-22T12:53:28.290Z,33.77,69.55

2026-09-22T12:53:33.289Z,33.76,69.48

2026-09-22T12:53:38.299Z,33.75,69.46

2026-09-22T12:53:43.313Z,33.75,69.47

2026-09-22T12:53:48.297Z,33.75,69.45

2026-09-22T12:53:53.298Z,33.75,69.41

2026-09-22T12:53:58.297Z,33.73,69.36

2026-09-22T12:54:03.298Z,33.73,69.36

2026-09-22T12:54:08.297Z,33.75,69.46

2026-09-22T12:54:13.309Z,33.72,69.44

2026-09-22T12:54:18.298Z,33.74,69.4

2026-09-22T12:54:23.298Z,33.75,69.46

2026-09-22T12:54:28.297Z,33.74,69.42

2026-09-22T12:54:33.300Z,33.73,69.42

2026-09-22T12:54:38.299Z,33.74,69.45

2026-09-22T12:54:43.317Z,33.73,69.47

2026-09-22T12:54:48.301Z,33.73,69.45

2026-09-22T12:54:53.303Z,33.74,69.46

2026-09-22T12:54:58.300Z,33.71,69.45

2026-09-22T12:55:03.304Z,33.73,69.43

2026-09-22T12:55:08.315Z,33.7,69.51

2026-09-22T12:55:13.325Z,33.73,69.5

2026-09-22T12:55:18.311Z,33.74,69.48

2026-09-22T12:55:23.312Z,33.71,69.49

2026-09-22T12:55:28.313Z,33.73,69.5

2026-09-22T12:55:33.312Z,33.72,69.5

2026-09-22T12:55:38.331Z,33.71,69.45

2026-09-22T12:55:43.339Z,33.72,69.5

2026-09-22T12:55:48.327Z,33.73,69.43

2026-09-22T12:55:53.327Z,33.72,69.42

2026-09-22T12:55:58.327Z,33.71,69.42

2026-09-22T12:56:03.328Z,33.72,69.41

2026-09-22T12:56:08.327Z,33.72,69.46

2026-09-22T12:56:13.348Z,33.71,69.51

2026-09-22T12:56:18.331Z,33.72,69.53

2026-09-22T12:56:23.331Z,33.69,69.49

2026-09-22T12:56:28.329Z,33.7,69.46

2026-09-22T12:56:33.332Z,33.7,69.55

2026-09-22T12:56:38.343Z,33.71,69.48

2026-09-22T12:56:43.352Z,33.7,69.56

2026-09-22T12:56:48.342Z,33.7,69.47

2026-09-22T12:56:53.345Z,33.7,69.51

2026-09-22T12:56:58.343Z,33.7,69.54

2026-09-22T12:57:03.345Z,33.69,69.49

2026-09-22T12:57:08.350Z,33.69,69.49

2026-09-22T12:57:13.362Z,33.67,69.53

2026-09-22T12:57:18.348Z,33.7,69.56

2026-09-22T12:57:23.346Z,33.66,69.56

2026-09-22T12:57:28.348Z,33.67,69.57

2026-09-22T12:57:33.348Z,33.7,69.58

2026-09-22T12:57:38.354Z,33.69,69.59

2026-09-22T12:57:43.367Z,33.69,69.61

2026-09-22T12:57:48.353Z,33.68,69.51

2026-09-22T12:57:53.355Z,33.68,69.51

2026-09-22T12:57:58.355Z,33.67,69.56

2026-09-22T12:58:03.355Z,33.66,69.55

2026-09-22T12:58:08.358Z,33.65,69.56

2026-09-22T12:58:13.368Z,33.66,69.58

2026-09-22T12:58:18.358Z,33.67,69.57

2026-09-22T12:58:23.358Z,33.63,69.54

2026-09-22T12:58:28.358Z,33.66,69.59

2026-09-22T12:58:33.358Z,33.64,69.58

2026-09-22T12:58:38.374Z,33.64,69.59

2026-09-22T12:58:43.385Z,33.63,69.57

2026-09-22T12:58:48.373Z,33.62,69.62

2026-09-22T12:58:53.374Z,33.61,69.6

2026-09-22T12:58:58.374Z,33.62,69.63

2026-09-22T12:59:03.374Z,33.63,69.6

2026-09-22T12:59:08.376Z,33.62,69.67

2026-09-22T12:59:13.389Z,33.63,69.63

2026-09-22T12:59:18.376Z,33.63,69.63

2026-09-22T12:59:23.377Z,33.62,69.63

2026-09-22T12:59:28.378Z,33.63,69.62

2026-09-22T12:59:33.376Z,33.61,69.61

2026-09-22T12:59:38.377Z,33.61,69.6

2026-09-22T12:59:43.391Z,33.6,69.69

2026-09-22T12:59:48.378Z,33.61,69.69

2026-09-22T12:59:53.376Z,33.61,69.75

2026-09-22T12:59:58.376Z,33.6,69.73

2026-09-22T13:00:03.378Z,33.62,69.7

2026-09-22T13:00:08.383Z,33.59,69.74

2026-09-22T13:00:13.387Z,33.59,69.73

2026-09-22T13:00:18.378Z,33.61,69.7

2026-09-22T13:00:23.380Z,33.6,69.69

2026-09-22T13:00:28.378Z,33.62,69.74

2026-09-22T13:00:33.380Z,33.6,69.72

2026-09-22T13:00:38.397Z,33.59,69.66

2026-09-22T13:00:43.408Z,33.62,69.73

2026-09-22T13:00:48.395Z,33.6,69.74

2026-09-22T13:00:53.396Z,33.61,69.69

2026-09-22T13:00:58.396Z,33.62,69.71

2026-09-22T13:01:03.395Z,33.63,69.69

2026-09-22T13:01:08.400Z,33.61,69.7

2026-09-22T13:01:13.411Z,33.62,69.72

2026-09-22T13:01:18.396Z,33.61,69.7

2026-09-22T13:01:23.399Z,33.62,69.77

2026-09-22T13:01:28.399Z,33.62,69.74

2026-09-22T13:01:33.398Z,33.6,69.69

2026-09-22T13:01:38.399Z,33.62,69.66

2026-09-22T13:01:43.412Z,33.61,69.78

2026-09-22T13:01:48.400Z,33.6,69.67

2026-09-22T13:01:53.400Z,33.63,69.75

2026-09-22T13:01:58.399Z,33.6,69.68

2026-09-22T13:02:03.401Z,33.61,69.72

2026-09-22T13:02:08.404Z,33.61,69.75

2026-09-22T13:02:13.413Z,33.58,69.82

2026-09-22T13:02:18.404Z,33.6,69.76

2026-09-22T13:02:23.402Z,33.57,69.78

2026-09-22T13:02:28.402Z,33.59,69.83

2026-09-22T13:02:33.402Z,33.57,69.86

2026-09-22T13:02:38.411Z,33.57,69.83

2026-09-22T13:02:43.420Z,33.59,69.82

2026-09-22T13:02:48.408Z,33.58,69.83

2026-09-22T13:02:53.407Z,33.58,69.83

2026-09-22T13:02:58.407Z,33.57,69.79

2026-09-22T13:03:03.410Z,33.56,69.84

2026-09-22T13:03:08.430Z,33.59,69.83

2026-09-22T13:03:13.442Z,33.55,69.92

2026-09-22T13:03:18.427Z,33.55,69.86

2026-09-22T13:03:23.427Z,33.57,69.89

2026-09-22T13:03:28.426Z,33.56,69.88

2026-09-22T13:03:33.427Z,33.57,69.86

2026-09-22T13:03:38.439Z,33.58,69.88

2026-09-22T13:03:43.450Z,33.55,69.95

2026-09-22T13:03:48.441Z,33.57,69.94

2026-09-22T13:03:53.438Z,33.56,69.85

2026-09-22T13:03:58.441Z,33.56,69.95

2026-09-22T13:04:03.439Z,33.56,69.93

2026-09-22T13:04:08.448Z,33.56,69.96

2026-09-22T13:04:13.458Z,33.56,69.98

2026-09-22T13:04:18.451Z,33.57,69.86

2026-09-22T13:04:23.446Z,33.57,70.01

2026-09-22T13:04:28.446Z,33.59,69.94

2026-09-22T13:04:33.448Z,33.55,69.99

2026-09-22T13:04:38.451Z,33.57,69.95

2026-09-22T13:04:43.464Z,33.57,69.96

2026-09-22T13:04:48.451Z,33.56,69.94

2026-09-22T13:04:53.450Z,33.56,69.95

2026-09-22T13:04:58.451Z,33.56,70.01

2026-09-22T13:05:03.451Z,33.57,69.97

2026-09-22T13:05:08.458Z,33.56,69.98

2026-09-22T13:05:13.473Z,33.55,70.04

2026-09-22T13:05:18.457Z,33.55,69.97

2026-09-22T13:05:23.457Z,33.56,70.02

2026-09-22T13:05:28.460Z,33.56,70.06

2026-09-22T13:05:33.460Z,33.55,70.05

2026-09-22T13:05:38.468Z,33.55,70.05

2026-09-22T13:05:43.482Z,33.55,70.11

2026-09-22T13:05:48.470Z,33.55,70.06

2026-09-22T13:05:53.467Z,33.54,70.1

2026-09-22T13:05:58.467Z,33.55,70.08

2026-09-22T13:06:03.469Z,33.55,70.08

2026-09-22T13:06:08.481Z,33.56,70.04

2026-09-22T13:06:13.498Z,33.54,70.1

2026-09-22T13:06:18.481Z,33.54,70.09

2026-09-22T13:06:23.480Z,33.54,70.09

2026-09-22T13:06:28.481Z,33.55,70.11

2026-09-22T13:06:33.481Z,33.54,70.13

2026-09-22T13:06:38.485Z,33.55,70.08

2026-09-22T13:06:43.500Z,33.53,70.22

2026-09-22T13:06:48.485Z,33.54,70.15

2026-09-22T13:06:53.483Z,33.52,70.22

2026-09-22T13:06:58.484Z,33.52,70.11

2026-09-22T13:07:03.484Z,33.51,70.16

2026-09-22T13:07:08.484Z,33.51,70.12

2026-09-22T13:07:13.493Z,33.52,70.2

2026-09-22T13:07:18.483Z,33.52,70.16

2026-09-22T13:07:23.484Z,33.52,70.18

2026-09-22T13:07:28.487Z,33.53,70.2

2026-09-22T13:07:33.487Z,33.53,70.21

2026-09-22T13:07:38.486Z,33.53,70.19

2026-09-22T13:07:43.499Z,33.53,70.21

2026-09-22T13:07:48.490Z,33.53,70.2

2026-09-22T13:07:53.489Z,33.52,70.19

2026-09-22T13:07:58.488Z,33.53,70.17

2026-09-22T13:08:03.488Z,33.53,70.16

2026-09-22T13:08:08.487Z,33.53,70.14

2026-09-22T13:08:13.503Z,33.54,70.19

2026-09-22T13:08:18.490Z,33.55,70.16

2026-09-22T13:08:23.491Z,33.55,70.1

2026-09-22T13:08:28.491Z,33.56,70.18

2026-09-22T13:08:33.492Z,33.52,70.18

2026-09-22T13:08:38.504Z,33.55,70.11

2026-09-22T13:08:43.515Z,33.54,70.16

2026-09-22T13:08:48.504Z,33.54,70.22

2026-09-22T13:08:53.504Z,33.55,70.16

2026-09-22T13:08:58.503Z,33.56,70.12

2026-09-22T13:09:03.504Z,33.55,70.13

2026-09-22T13:09:08.527Z,33.55,70.12

2026-09-22T13:09:13.538Z,33.54,70.17

2026-09-22T13:09:18.526Z,33.56,70.09

2026-09-22T13:09:23.528Z,33.53,70.08

2026-09-22T13:09:28.527Z,33.54,70.09

2026-09-22T13:09:33.528Z,33.55,70.1

2026-09-22T13:09:38.527Z,33.56,70.1

2026-09-22T13:09:43.540Z,33.52,70.17

2026-09-22T13:09:48.528Z,33.53,70.13

2026-09-22T13:09:53.529Z,33.53,70.15

2026-09-22T13:09:58.530Z,33.52,70.18

2026-09-22T13:10:03.528Z,33.54,70.14

2026-09-22T13:10:08.528Z,33.54,70.16

2026-09-22T13:10:13.542Z,33.54,70.21

2026-09-22T13:10:18.528Z,33.55,70.17

2026-09-22T13:10:23.530Z,33.53,70.13

2026-09-22T13:10:28.529Z,33.53,70.22

2026-09-22T13:10:33.531Z,33.53,70.21

2026-09-22T13:10:38.537Z,33.54,70.2

2026-09-22T13:10:43.547Z,33.52,70.22

2026-09-22T13:10:48.536Z,33.55,70.2

2026-09-22T13:10:53.535Z,33.53,70.13

2026-09-22T13:10:58.535Z,33.53,70.2

2026-09-22T13:11:03.537Z,33.52,70.3

2026-09-22T13:11:08.555Z,33.54,70.22

2026-09-22T13:11:13.563Z,33.54,70.24

2026-09-22T13:11:18.556Z,33.51,70.22

2026-09-22T13:11:23.552Z,33.55,70.24

2026-09-22T13:11:28.554Z,33.52,70.19

2026-09-22T13:11:33.554Z,33.53,70.21

2026-09-22T13:11:38.560Z,33.54,70.2

2026-09-22T13:11:43.571Z,33.54,70.23

2026-09-22T13:11:48.557Z,33.54,70.2

2026-09-22T13:11:53.557Z,33.54,70.23

2026-09-22T13:11:58.557Z,33.54,70.2

2026-09-22T13:12:03.560Z,33.54,70.2

2026-09-22T13:12:08.559Z,33.53,70.27

2026-09-22T13:12:13.569Z,33.55,70.26

2026-09-22T13:12:18.559Z,33.53,70.16

2026-09-22T13:12:23.560Z,33.53,70.2

2026-09-22T13:12:28.561Z,33.53,70.2

2026-09-22T13:12:33.562Z,33.54,70.25

2026-09-22T13:12:38.584Z,33.53,70.24

2026-09-22T13:12:43.596Z,33.52,70.32

2026-09-22T13:12:48.585Z,33.53,70.27

2026-09-22T13:12:53.584Z,33.53,70.31

2026-09-22T13:12:58.582Z,33.53,70.31

2026-09-22T13:13:03.584Z,33.54,70.3

2026-09-22T13:13:08.585Z,33.54,70.28

2026-09-22T13:13:13.597Z,33.51,70.29

2026-09-22T13:13:18.586Z,33.5,70.28

2026-09-22T13:13:23.583Z,33.5,70.31

2026-09-22T13:13:28.584Z,33.5,70.32

2026-09-22T13:13:33.584Z,33.49,70.28

2026-09-22T13:13:38.585Z,33.5,70.37

2026-09-22T13:13:43.599Z,33.5,70.4

2026-09-22T13:13:48.587Z,33.49,70.38

2026-09-22T13:13:53.587Z,33.5,70.36

2026-09-22T13:13:58.589Z,33.51,70.36

2026-09-22T13:14:03.585Z,33.49,70.48

2026-09-22T13:14:08.587Z,33.5,70.43

2026-09-22T13:14:13.598Z,33.49,70.43

2026-09-22T13:14:18.587Z,33.5,70.36

2026-09-22T13:14:23.590Z,33.48,70.44

2026-09-22T13:14:28.589Z,33.51,70.43

2026-09-22T13:14:33.586Z,33.51,70.45

2026-09-22T13:14:38.589Z,33.52,70.45

2026-09-22T13:14:43.599Z,33.53,70.43

2026-09-22T13:14:48.591Z,33.52,70.41

2026-09-22T13:14:53.590Z,33.53,70.41

2026-09-22T13:14:58.588Z,33.54,70.43

2026-09-22T13:15:03.591Z,33.53,70.35

2026-09-22T13:15:08.595Z,33.52,70.35

2026-09-22T13:15:13.603Z,33.53,70.39

2026-09-22T13:15:18.591Z,33.53,70.3

2026-09-22T13:15:23.591Z,33.53,70.31

2026-09-22T13:15:28.593Z,33.54,70.33

2026-09-22T13:15:33.594Z,33.54,70.29

2026-09-22T13:15:38.601Z,33.54,70.28

2026-09-22T13:15:43.613Z,33.54,70.34

2026-09-22T13:15:48.599Z,33.55,70.31

2026-09-22T13:15:53.600Z,33.57,70.3

2026-09-22T13:15:58.600Z,33.54,70.31

2026-09-22T13:16:03.600Z,33.57,70.28

2026-09-22T13:16:08.611Z,33.57,70.27

2026-09-22T13:16:13.621Z,33.56,70.25

2026-09-22T13:16:18.609Z,33.56,70.22

2026-09-22T13:16:23.609Z,33.58,70.21

2026-09-22T13:16:28.611Z,33.56,70.23

2026-09-22T13:16:33.610Z,33.58,70.23

2026-09-22T13:16:38.623Z,33.59,70.22

2026-09-22T13:16:43.632Z,33.58,70.22

2026-09-22T13:16:48.621Z,33.58,70.21

2026-09-22T13:16:53.621Z,33.6,70.17

2026-09-22T13:16:58.622Z,33.6,70.17

2026-09-22T13:17:03.622Z,33.58,70.14

2026-09-22T13:17:08.641Z,33.59,70.17

2026-09-22T13:17:13.650Z,33.58,70.19

2026-09-22T13:17:18.639Z,33.58,70.17

2026-09-22T13:17:23.640Z,33.58,70.14

2026-09-22T13:17:28.640Z,33.57,70.2

2026-09-22T13:17:33.642Z,33.57,70.31

2026-09-22T13:17:38.646Z,33.56,70.26

2026-09-22T13:17:43.658Z,33.57,70.34

2026-09-22T13:17:48.644Z,33.56,70.26

2026-09-22T13:17:53.645Z,33.56,70.38

2026-09-22T13:17:58.644Z,33.55,70.34

2026-09-22T13:18:03.645Z,33.55,70.33

2026-09-22T13:18:08.649Z,33.55,70.34

2026-09-22T13:18:13.661Z,33.52,70.38

2026-09-22T13:18:18.648Z,33.56,70.38

2026-09-22T13:18:23.652Z,33.56,70.4

2026-09-22T13:18:28.649Z,33.53,70.43

2026-09-22T13:18:33.648Z,33.54,70.46

2026-09-22T13:18:38.658Z,33.52,70.49

2026-09-22T13:18:43.671Z,33.53,70.57

2026-09-22T13:18:48.656Z,33.52,70.58

2026-09-22T13:18:53.657Z,33.54,70.5

2026-09-22T13:18:58.654Z,33.53,70.59

2026-09-22T13:19:03.657Z,33.53,70.52

2026-09-22T13:19:08.667Z,33.52,70.56

2026-09-22T13:19:13.676Z,33.52,70.6

2026-09-22T13:19:18.666Z,33.5,70.56

2026-09-22T13:19:23.665Z,33.52,70.61

2026-09-22T13:19:28.665Z,33.5,70.62

2026-09-22T13:19:33.664Z,33.5,70.64

2026-09-22T13:19:38.673Z,33.52,70.63

2026-09-22T13:19:43.683Z,33.51,70.71

2026-09-22T13:19:48.672Z,33.53,70.66

2026-09-22T13:19:53.674Z,33.49,70.62

2026-09-22T13:19:58.674Z,33.51,70.59

2026-09-22T13:20:03.676Z,33.5,70.65

2026-09-22T13:20:08.675Z,33.5,70.67

2026-09-22T13:20:13.690Z,33.49,70.77

2026-09-22T13:20:18.676Z,33.5,70.72

2026-09-22T13:20:23.675Z,33.49,70.71

2026-09-22T13:20:28.676Z,33.5,70.67

2026-09-22T13:20:33.677Z,33.49,70.71

2026-09-22T13:20:38.676Z,33.49,70.73

2026-09-22T13:20:43.692Z,33.5,70.78

2026-09-22T13:20:48.678Z,33.5,70.8

2026-09-22T13:20:53.677Z,33.49,70.77

2026-09-22T13:20:58.677Z,33.49,70.79

2026-09-22T13:21:03.676Z,33.5,70.79

2026-09-22T13:21:08.693Z,33.47,70.84

2026-09-22T13:21:13.700Z,33.48,70.88

2026-09-22T13:21:18.688Z,33.47,70.77

2026-09-22T13:21:23.688Z,33.49,70.88

2026-09-22T13:21:28.688Z,33.46,70.88

2026-09-22T13:21:33.688Z,33.48,70.86

2026-09-22T13:21:38.697Z,33.47,70.86

2026-09-22T13:21:43.707Z,33.45,70.89

2026-09-22T13:21:48.696Z,33.47,70.89

2026-09-22T13:21:53.695Z,33.47,70.93

2026-09-22T13:21:58.699Z,33.46,70.91

2026-09-22T13:22:03.697Z,33.47,70.84

2026-09-22T13:22:08.708Z,33.45,70.81

2026-09-22T13:22:13.719Z,33.45,70.91

2026-09-22T13:22:18.709Z,33.45,70.91

2026-09-22T13:22:23.706Z,33.45,70.83

2026-09-22T13:22:28.707Z,33.43,70.9

2026-09-22T13:22:33.708Z,33.44,70.92

2026-09-22T13:22:38.715Z,33.44,70.91

2026-09-22T13:22:43.725Z,33.43,70.96

2026-09-22T13:22:48.715Z,33.46,70.93

2026-09-22T13:22:53.713Z,33.43,70.91

2026-09-22T13:22:58.713Z,33.43,70.94

2026-09-22T13:23:03.714Z,33.42,70.99

2026-09-22T13:23:08.735Z,33.43,70.94

2026-09-22T13:23:13.746Z,33.42,71.02

2026-09-22T13:23:18.733Z,33.41,70.92

2026-09-22T13:23:23.736Z,33.39,71.03

2026-09-22T13:23:28.735Z,33.4,70.9

2026-09-22T13:23:33.737Z,33.4,71

2026-09-22T13:23:38.737Z,33.42,70.98

2026-09-22T13:23:43.749Z,33.41,71.01

2026-09-22T13:23:48.736Z,33.39,70.96

2026-09-22T13:23:53.739Z,33.4,71.01

2026-09-22T13:23:58.737Z,33.38,71.01

2026-09-22T13:24:03.739Z,33.38,71.02

2026-09-22T13:24:08.738Z,33.39,70.96

2026-09-22T13:24:13.757Z,33.39,71.04

2026-09-22T13:24:18.738Z,33.4,71.07

2026-09-22T13:24:23.740Z,33.37,71.12

2026-09-22T13:24:28.739Z,33.38,71.09

2026-09-22T13:24:33.740Z,33.36,71.07

2026-09-22T13:24:38.739Z,33.37,71.12

2026-09-22T13:24:43.752Z,33.36,71.15

2026-09-22T13:24:48.740Z,33.36,71.09

2026-09-22T13:24:53.740Z,33.36,71.09

2026-09-22T13:24:58.740Z,33.37,71.11

2026-09-22T13:25:03.742Z,33.37,71.11

2026-09-22T13:25:08.741Z,33.36,71.16

2026-09-22T13:25:13.754Z,33.37,71.19

2026-09-22T13:25:18.742Z,33.37,71.2

2026-09-22T13:25:23.744Z,33.36,71.15

2026-09-22T13:25:28.743Z,33.36,71.18

2026-09-22T13:25:33.748Z,33.36,71.21

2026-09-22T13:25:38.756Z,33.35,71.18

2026-09-22T13:25:43.774Z,33.34,71.2

2026-09-22T13:25:48.756Z,33.37,71.2

2026-09-22T13:25:53.757Z,33.36,71.23

2026-09-22T13:25:58.757Z,33.33,71.2

2026-09-22T13:26:03.759Z,33.35,71.19

2026-09-22T13:26:08.757Z,33.36,71.22

2026-09-22T13:26:13.772Z,33.35,71.21

2026-09-22T13:26:18.759Z,33.35,71.18

2026-09-22T13:26:23.759Z,33.35,71.3

2026-09-22T13:26:28.760Z,33.34,71.21

2026-09-22T13:26:33.760Z,33.36,71.25

2026-09-22T13:26:38.767Z,33.36,71.24

2026-09-22T13:26:43.776Z,33.34,71.26

2026-09-22T13:26:48.766Z,33.34,71.26

2026-09-22T13:26:53.764Z,33.33,71.23

2026-09-22T13:26:58.765Z,33.35,71.22

2026-09-22T13:27:03.765Z,33.36,71.19

2026-09-22T13:27:08.786Z,33.36,71.27

2026-09-22T13:27:13.798Z,33.35,71.32

2026-09-22T13:27:18.789Z,33.35,71.29

2026-09-22T13:27:23.785Z,33.36,71.26

2026-09-22T13:27:28.787Z,33.34,71.3

2026-09-22T13:27:33.787Z,33.35,71.25

2026-09-22T13:27:38.796Z,33.36,71.31

2026-09-22T13:27:43.809Z,33.36,71.33

2026-09-22T13:27:48.795Z,33.36,71.29

2026-09-22T13:27:53.797Z,33.35,71.3

2026-09-22T13:27:58.796Z,33.36,71.32

2026-09-22T13:28:03.797Z,33.37,71.32

2026-09-22T13:28:08.795Z,33.36,71.34

2026-09-22T13:28:13.806Z,33.36,71.37

2026-09-22T13:28:18.794Z,33.39,71.3

2026-09-22T13:28:23.797Z,33.37,71.3

2026-09-22T13:28:28.799Z,33.37,71.3

2026-09-22T13:28:33.797Z,33.37,71.3

2026-09-22T13:28:38.797Z,33.35,71.31

2026-09-22T13:28:43.809Z,33.37,71.37

2026-09-22T13:28:48.797Z,33.37,71.35

2026-09-22T13:28:53.795Z,33.37,71.39

2026-09-22T13:28:58.797Z,33.36,71.31

2026-09-22T13:29:03.798Z,33.36,71.39

2026-09-22T13:29:08.806Z,33.36,71.36

2026-09-22T13:29:13.816Z,33.36,71.38

2026-09-22T13:29:18.800Z,33.36,71.39

2026-09-22T13:29:23.801Z,33.36,71.37

2026-09-22T13:29:28.801Z,33.36,71.41

2026-09-22T13:29:33.803Z,33.36,71.32

2026-09-22T13:29:38.824Z,33.38,71.4

2026-09-22T13:29:43.837Z,33.37,71.38

2026-09-22T13:29:48.822Z,33.38,71.4

2026-09-22T13:29:53.824Z,33.38,71.34

2026-09-22T13:29:58.823Z,33.38,71.35

2026-09-22T13:30:03.824Z,33.38,71.37

2026-09-22T13:30:08.831Z,33.39,71.34

2026-09-22T13:30:13.841Z,33.39,71.37

2026-09-22T13:30:18.828Z,33.43,71.35

2026-09-22T13:30:23.829Z,33.41,71.33

2026-09-22T13:30:28.827Z,33.44,71.31

2026-09-22T13:30:33.830Z,33.42,71.31

2026-09-22T13:30:38.841Z,33.44,71.32

2026-09-22T13:30:43.850Z,33.44,71.34

2026-09-22T13:30:48.840Z,33.43,71.39

2026-09-22T13:30:53.837Z,33.44,71.23

2026-09-22T13:30:58.838Z,33.45,71.19

2026-09-22T13:31:03.839Z,33.45,71.22

2026-09-22T13:31:08.838Z,33.44,71.29

2026-09-22T13:31:13.852Z,33.42,71.28

2026-09-22T13:31:18.839Z,33.44,71.23

2026-09-22T13:31:23.840Z,33.45,71.27

2026-09-22T13:31:28.839Z,33.45,71.23

2026-09-22T13:31:33.841Z,33.46,71.22

2026-09-22T13:31:38.848Z,33.45,71.24

2026-09-22T13:31:43.858Z,33.46,71.28

2026-09-22T13:31:48.846Z,33.45,71.22

2026-09-22T13:31:53.845Z,33.47,71.19

2026-09-22T13:31:58.845Z,33.47,71.21

2026-09-22T13:32:03.850Z,33.46,71.23

2026-09-22T13:32:08.849Z,33.47,71.14

2026-09-22T13:32:13.863Z,33.47,71.23

2026-09-22T13:32:18.849Z,33.48,71.2

2026-09-22T13:32:23.852Z,33.47,71.21

2026-09-22T13:32:28.849Z,33.47,71.26

2026-09-22T13:32:33.850Z,33.45,71.17

2026-09-22T13:32:38.859Z,33.46,71.19

2026-09-22T13:32:43.869Z,33.47,71.15

2026-09-22T13:32:48.858Z,33.47,71.14

2026-09-22T13:32:53.857Z,33.46,71.17

2026-09-22T13:32:58.860Z,33.48,71.16

2026-09-22T13:33:03.859Z,33.48,71.19

2026-09-22T13:33:08.870Z,33.48,71.19

2026-09-22T13:33:13.891Z,33.47,71.22

2026-09-22T13:33:18.871Z,33.48,71.18

2026-09-22T13:33:23.867Z,33.49,71.15

2026-09-22T13:33:28.868Z,33.49,71.1

2026-09-22T13:33:33.871Z,33.49,71.1

2026-09-22T13:33:38.881Z,33.49,71.15

2026-09-22T13:33:43.892Z,33.49,71.17

2026-09-22T13:33:48.880Z,33.5,71.18

2026-09-22T13:33:53.880Z,33.49,71.13

2026-09-22T13:33:58.878Z,33.51,71.14

2026-09-22T13:34:03.882Z,33.51,71.13

2026-09-22T13:34:08.889Z,33.51,71.07

2026-09-22T13:34:13.899Z,33.51,71.11

2026-09-22T13:34:18.889Z,33.53,71.06

2026-09-22T13:34:23.887Z,33.52,71.05

2026-09-22T13:34:28.888Z,33.54,71.04

2026-09-22T13:34:33.890Z,33.53,71.01

2026-09-22T13:34:38.893Z,33.56,71.05

2026-09-22T13:34:43.907Z,33.55,71.05

2026-09-22T13:34:48.890Z,33.55,71.03

2026-09-22T13:34:53.890Z,33.59,71.02

2026-09-22T13:34:58.892Z,33.55,70.92

2026-09-22T13:35:03.892Z,33.56,70.87

2026-09-22T13:35:08.896Z,33.59,70.95

2026-09-22T13:35:13.907Z,33.58,70.9

2026-09-22T13:35:18.892Z,33.61,70.88

2026-09-22T13:35:23.897Z,33.61,70.88

2026-09-22T13:35:28.895Z,33.61,70.86

2026-09-22T13:35:33.895Z,33.63,70.81

2026-09-22T13:35:38.895Z,33.62,70.81

2026-09-22T13:35:43.907Z,33.63,70.84

2026-09-22T13:35:48.897Z,33.61,70.79

2026-09-22T13:35:53.898Z,33.63,70.69

2026-09-22T13:35:58.897Z,33.65,70.66

2026-09-22T13:36:03.897Z,33.64,70.71

2026-09-22T13:36:08.898Z,33.66,70.69

2026-09-22T13:36:13.917Z,33.64,70.71

2026-09-22T13:36:18.902Z,33.66,70.73

2026-09-22T13:36:23.900Z,33.67,70.68

2026-09-22T13:36:28.901Z,33.66,70.62

2026-09-22T13:36:33.900Z,33.65,70.56

2026-09-22T13:36:38.899Z,33.69,70.55

2026-09-22T13:36:43.921Z,33.67,70.61

2026-09-22T13:36:48.900Z,33.66,70.62

2026-09-22T13:36:53.902Z,33.68,70.56

2026-09-22T13:36:58.901Z,33.68,70.5

2026-09-22T13:37:03.902Z,33.69,70.55

2026-09-22T13:37:08.919Z,33.71,70.56

2026-09-22T13:37:13.933Z,33.69,70.52

2026-09-22T13:37:18.918Z,33.71,70.47

2026-09-22T13:37:23.919Z,33.7,70.45

2026-09-22T13:37:28.917Z,33.69,70.43

2026-09-22T13:37:33.919Z,33.7,70.48

2026-09-22T13:37:38.924Z,33.69,70.47

2026-09-22T13:37:43.935Z,33.7,70.49

2026-09-22T13:37:48.921Z,33.69,70.37

2026-09-22T13:37:53.921Z,33.69,70.39

2026-09-22T13:37:58.922Z,33.68,70.48

2026-09-22T13:38:03.922Z,33.68,70.5

2026-09-22T13:38:08.925Z,33.69,70.52

2026-09-22T13:38:13.937Z,33.69,70.52

2026-09-22T13:38:18.923Z,33.7,70.5

2026-09-22T13:38:23.924Z,33.69,70.49

2026-09-22T13:38:28.923Z,33.69,70.52

2026-09-22T13:38:33.925Z,33.7,70.48

2026-09-22T13:38:38.941Z,33.68,70.55

2026-09-22T13:38:43.949Z,33.67,70.56

2026-09-22T13:38:48.937Z,33.67,70.53

2026-09-22T13:38:53.937Z,33.69,70.54

2026-09-22T13:38:58.938Z,33.7,70.5

2026-09-22T13:39:03.939Z,33.67,70.55

2026-09-22T13:39:08.948Z,33.67,70.47

2026-09-22T13:39:13.958Z,33.67,70.54

2026-09-22T13:39:18.945Z,33.67,70.54

2026-09-22T13:39:23.944Z,33.66,70.58

2026-09-22T13:39:28.945Z,33.66,70.54

2026-09-22T13:39:33.945Z,33.67,70.58

2026-09-22T13:39:38.950Z,33.67,70.57

2026-09-22T13:39:43.959Z,33.66,70.63

2026-09-22T13:39:48.948Z,33.66,70.62

2026-09-22T13:39:53.949Z,33.65,70.64

2026-09-22T13:39:58.949Z,33.67,70.68

2026-09-22T13:40:03.953Z,33.67,70.69

2026-09-22T13:40:08.969Z,33.67,70.67

2026-09-22T13:40:13.992Z,33.66,70.67

2026-09-22T13:40:18.968Z,33.67,70.65

2026-09-22T13:40:23.968Z,33.67,70.7

2026-09-22T13:40:28.966Z,33.66,70.67

2026-09-22T13:40:33.969Z,33.67,70.69

2026-09-22T13:40:38.969Z,33.67,70.68

2026-09-22T13:40:43.984Z,33.67,70.65

2026-09-22T13:40:48.970Z,33.68,70.64

2026-09-22T13:40:53.970Z,33.65,70.59

2026-09-22T13:40:58.970Z,33.66,70.61

2026-09-22T13:41:03.970Z,33.69,70.67

2026-09-22T13:41:08.973Z,33.66,70.62

2026-09-22T13:41:13.985Z,33.64,70.68

2026-09-22T13:41:18.975Z,33.66,70.65

2026-09-22T13:41:23.974Z,33.66,70.62

2026-09-22T13:41:28.975Z,33.66,70.71

2026-09-22T13:41:33.977Z,33.66,70.68

2026-09-22T13:41:38.982Z,33.67,70.68

2026-09-22T13:41:43.997Z,33.65,70.78

2026-09-22T13:41:48.980Z,33.64,70.61

2026-09-22T13:41:53.980Z,33.66,70.68

2026-09-22T13:41:58.980Z,33.67,70.61

2026-09-22T13:42:03.982Z,33.65,70.71

2026-09-22T13:42:08.980Z,33.65,70.66

2026-09-22T13:42:13.991Z,33.65,70.72

2026-09-22T13:42:18.980Z,33.65,70.71

2026-09-22T13:42:23.982Z,33.64,70.69

2026-09-22T13:42:28.981Z,33.66,70.68

2026-09-22T13:42:33.982Z,33.65,70.73

2026-09-22T13:42:38.983Z,33.66,70.66

2026-09-22T13:42:43.994Z,33.66,70.71

2026-09-22T13:42:48.984Z,33.64,70.69

2026-09-22T13:42:53.981Z,33.66,70.72

2026-09-22T13:42:58.983Z,33.66,70.71

2026-09-22T13:43:03.983Z,33.64,70.77

2026-09-22T13:43:08.987Z,33.65,70.75

2026-09-22T13:43:13.997Z,33.63,70.8

2026-09-22T13:43:18.985Z,33.64,70.76

2026-09-22T13:43:23.985Z,33.64,70.86

2026-09-22T13:43:28.984Z,33.63,70.81

2026-09-22T13:43:33.986Z,33.63,70.81

2026-09-22T13:43:39.002Z,33.65,70.88

2026-09-22T13:43:44.015Z,33.63,70.83

2026-09-22T13:43:49.001Z,33.63,70.86

2026-09-22T13:43:54.006Z,33.63,70.87

2026-09-22T13:43:59.002Z,33.62,70.93

2026-09-22T13:44:04.002Z,33.63,70.88

2026-09-22T13:44:09.019Z,33.63,70.97

2026-09-22T13:44:14.030Z,33.6,70.95

2026-09-22T13:44:19.018Z,33.61,70.97

2026-09-22T13:44:24.017Z,33.62,70.94

2026-09-22T13:44:29.019Z,33.61,70.93

2026-09-22T13:44:34.018Z,33.61,70.95

2026-09-22T13:44:39.025Z,33.6,70.99

2026-09-22T13:44:44.036Z,33.59,71.06

2026-09-22T13:44:49.024Z,33.6,70.99

2026-09-22T13:44:54.024Z,33.59,71.04

2026-09-22T13:44:59.023Z,33.61,71.05

2026-09-22T13:45:04.024Z,33.59,71.03

2026-09-22T13:45:09.032Z,33.57,71.05

2026-09-22T13:45:14.046Z,33.56,71.14

2026-09-22T13:45:19.031Z,33.58,71.09

2026-09-22T13:45:24.031Z,33.59,71.1

2026-09-22T13:45:29.032Z,33.58,71.1

2026-09-22T13:45:34.034Z,33.56,71.17

2026-09-22T13:45:39.032Z,33.59,71.11

2026-09-22T13:45:44.045Z,33.58,71.2

2026-09-22T13:45:49.037Z,33.57,71.22

2026-09-22T13:45:54.035Z,33.57,71.16

2026-09-22T13:45:59.035Z,33.58,71.23

2026-09-22T13:46:04.036Z,33.58,71.2

2026-09-22T13:46:09.043Z,33.59,71.2

2026-09-22T13:46:14.052Z,33.59,71.19

2026-09-22T13:46:19.045Z,33.61,71.17

2026-09-22T13:46:24.040Z,33.58,71.16

2026-09-22T13:46:29.041Z,33.62,71.14

2026-09-22T13:46:34.040Z,33.6,71.09

2026-09-22T13:46:39.047Z,33.6,71.23

2026-09-22T13:46:44.060Z,33.61,71.23

2026-09-22T13:46:49.045Z,33.61,71.19

2026-09-22T13:46:54.045Z,33.61,71.21

2026-09-22T13:46:59.044Z,33.62,71.25

2026-09-22T13:47:04.049Z,33.62,71.27

2026-09-22T13:47:09.061Z,33.61,71.27

2026-09-22T13:47:14.069Z,33.61,71.33

2026-09-22T13:47:19.056Z,33.59,71.25

2026-09-22T13:47:24.061Z,33.6,71.27

2026-09-22T13:47:29.059Z,33.6,71.26

2026-09-22T13:47:34.057Z,33.6,71.3

2026-09-22T13:47:39.057Z,33.59,71.32

2026-09-22T13:47:44.072Z,33.58,71.4

2026-09-22T13:47:49.058Z,33.59,71.35

2026-09-22T13:47:54.057Z,33.59,71.42

2026-09-22T13:47:59.057Z,33.58,71.43

2026-09-22T13:48:04.059Z,33.59,71.42

2026-09-22T13:48:09.066Z,33.57,71.51

2026-09-22T13:48:14.076Z,33.58,71.45

2026-09-22T13:48:19.066Z,33.56,71.44

2026-09-22T13:48:24.065Z,33.57,71.49

2026-09-22T13:48:29.066Z,33.55,71.59

2026-09-22T13:48:34.065Z,33.55,71.6

2026-09-22T13:48:39.085Z,33.55,71.59

2026-09-22T13:48:44.096Z,33.53,71.59

2026-09-22T13:48:49.087Z,33.54,71.64

2026-09-22T13:48:54.085Z,33.54,71.59

2026-09-22T13:48:59.086Z,33.53,71.62

2026-09-22T13:49:04.084Z,33.53,71.69

2026-09-22T13:49:09.090Z,33.54,71.6

2026-09-22T13:49:14.100Z,33.52,71.69

2026-09-22T13:49:19.087Z,33.51,71.62

2026-09-22T13:49:24.086Z,33.51,71.64

2026-09-22T13:49:29.088Z,33.52,71.63

2026-09-22T13:49:34.088Z,33.51,71.69

2026-09-22T13:49:39.087Z,33.5,71.72

2026-09-22T13:49:44.096Z,33.49,71.68

2026-09-22T13:49:49.087Z,33.49,71.72

2026-09-22T13:49:54.089Z,33.5,71.75

2026-09-22T13:49:59.089Z,33.5,71.68

2026-09-22T13:50:04.088Z,33.5,71.72

2026-09-22T13:50:09.090Z,33.51,71.75

2026-09-22T13:50:14.100Z,33.49,71.73

2026-09-22T13:50:19.089Z,33.49,71.72

2026-09-22T13:50:24.088Z,33.49,71.66

2026-09-22T13:50:29.088Z,33.5,71.66

2026-09-22T13:50:34.089Z,33.48,71.7

2026-09-22T13:50:39.094Z,33.47,71.71

2026-09-22T13:50:44.109Z,33.48,71.72

2026-09-22T13:50:49.095Z,33.5,71.7

2026-09-22T13:50:54.094Z,33.49,71.75

2026-09-22T13:50:59.097Z,33.48,71.74

2026-09-22T13:51:04.099Z,33.47,71.81

2026-09-22T13:51:09.108Z,33.49,71.77

2026-09-22T13:51:14.118Z,33.48,71.84

2026-09-22T13:51:19.104Z,33.49,71.78

2026-09-22T13:51:24.105Z,33.48,71.75

2026-09-22T13:51:29.105Z,33.47,71.82

2026-09-22T13:51:34.106Z,33.47,71.77

2026-09-22T13:51:39.122Z,33.47,71.8

2026-09-22T13:51:44.131Z,33.48,71.83

2026-09-22T13:51:49.120Z,33.47,71.82

2026-09-22T13:51:54.121Z,33.47,71.82

2026-09-22T13:51:59.122Z,33.47,71.8

2026-09-22T13:52:04.121Z,33.45,71.9

2026-09-22T13:52:09.134Z,33.44,71.86

2026-09-22T13:52:14.147Z,33.44,71.89

2026-09-22T13:52:19.135Z,33.44,71.87

2026-09-22T13:52:24.138Z,33.44,71.9

2026-09-22T13:52:29.135Z,33.43,71.94

2026-09-22T13:52:34.137Z,33.44,71.92

2026-09-22T13:52:39.139Z,33.44,71.97

2026-09-22T13:52:44.150Z,33.43,71.97

2026-09-22T13:52:49.137Z,33.44,71.91

2026-09-22T13:52:54.139Z,33.43,71.97

2026-09-22T13:52:59.138Z,33.43,71.99

2026-09-22T13:53:04.140Z,33.41,71.99

2026-09-22T13:53:09.143Z,33.42,72.01

2026-09-22T13:53:14.155Z,33.41,72.04

2026-09-22T13:53:19.144Z,33.42,72

2026-09-22T13:53:24.144Z,33.43,72.05

2026-09-22T13:53:29.143Z,33.41,72.06

2026-09-22T13:53:34.143Z,33.4,72.04

2026-09-22T13:53:39.147Z,33.42,72.1

2026-09-22T13:53:44.159Z,33.41,72.14

2026-09-22T13:53:49.147Z,33.4,72.11

2026-09-22T13:53:54.146Z,33.4,72.06

2026-09-22T13:53:59.147Z,33.4,72.05

2026-09-22T13:54:04.146Z,33.41,72.15

2026-09-22T13:54:09.156Z,33.42,72.12

2026-09-22T13:54:14.165Z,33.4,72.16

2026-09-22T13:54:19.155Z,33.41,72.14

2026-09-22T13:54:24.157Z,33.4,72.09

2026-09-22T13:54:29.155Z,33.41,72.15

2026-09-22T13:54:34.156Z,33.4,72.12

2026-09-22T13:54:39.163Z,33.4,72.1

2026-09-22T13:54:44.175Z,33.39,72.19

2026-09-22T13:54:49.155Z,33.41,72.12

2026-09-22T13:54:54.155Z,33.4,72.12

2026-09-22T13:54:59.156Z,33.4,72.13

2026-09-22T13:55:04.156Z,33.42,72.19

2026-09-22T13:55:09.157Z,33.39,72.11

2026-09-22T13:55:14.172Z,33.39,72.12

2026-09-22T13:55:19.159Z,33.4,72.15

2026-09-22T13:55:24.160Z,33.39,72.17

2026-09-22T13:55:29.159Z,33.41,72.09

2026-09-22T13:55:34.161Z,33.38,72.11

2026-09-22T13:55:39.166Z,33.37,72.13

2026-09-22T13:55:44.178Z,33.37,72.09

2026-09-22T13:55:49.163Z,33.39,72.15

2026-09-22T13:55:54.165Z,33.38,72.17

2026-09-22T13:55:59.164Z,33.38,72.19

2026-09-22T13:56:04.164Z,33.38,72.22

2026-09-22T13:56:09.186Z,33.37,72.17

2026-09-22T13:56:14.198Z,33.37,72.29

2026-09-22T13:56:19.187Z,33.36,72.23

2026-09-22T13:56:24.188Z,33.36,72.23

2026-09-22T13:56:29.186Z,33.33,72.23

2026-09-22T13:56:34.187Z,33.33,72.29

2026-09-22T13:56:39.189Z,33.35,72.3

2026-09-22T13:56:44.201Z,33.34,72.3

2026-09-22T13:56:49.188Z,33.34,72.26

2026-09-22T13:56:54.187Z,33.31,72.31

2026-09-22T13:56:59.190Z,33.29,72.28

2026-09-22T13:57:04.190Z,33.33,72.27

2026-09-22T13:57:09.187Z,33.31,72.27

2026-09-22T13:57:14.205Z,33.31,72.35

2026-09-22T13:57:19.188Z,33.3,72.29

2026-09-22T13:57:24.187Z,33.3,72.33

2026-09-22T13:57:29.189Z,33.32,72.27

2026-09-22T13:57:34.188Z,33.31,72.35

2026-09-22T13:57:39.193Z,33.31,72.36

2026-09-22T13:57:44.201Z,33.29,72.37

2026-09-22T13:57:49.192Z,33.3,72.37

2026-09-22T13:57:54.192Z,33.31,72.37

2026-09-22T13:57:59.196Z,33.3,72.41

2026-09-22T13:58:04.194Z,33.29,72.43

2026-09-22T13:58:09.217Z,33.29,72.45

2026-09-22T13:58:14.232Z,33.29,72.42

2026-09-22T13:58:19.216Z,33.29,72.53

2026-09-22T13:58:24.219Z,33.29,72.42

2026-09-22T13:58:29.217Z,33.31,72.42

2026-09-22T13:58:34.216Z,33.28,72.41

2026-09-22T13:58:39.223Z,33.27,72.46

2026-09-22T13:58:44.238Z,33.27,72.58

2026-09-22T13:58:49.224Z,33.29,72.52

2026-09-22T13:58:54.225Z,33.29,72.43

2026-09-22T13:58:59.223Z,33.28,72.56

2026-09-22T13:59:04.225Z,33.26,72.58

2026-09-22T13:59:09.228Z,33.29,72.63

2026-09-22T13:59:14.235Z,33.28,72.49

2026-09-22T13:59:19.257Z,33.28,72.61

2026-09-22T13:59:24.226Z,33.29,72.55

2026-09-22T13:59:29.227Z,33.29,72.57

2026-09-22T13:59:34.228Z,33.27,72.58

2026-09-22T13:59:39.237Z,33.29,72.57

2026-09-22T13:59:44.246Z,33.27,72.6

2026-09-22T13:59:49.237Z,33.28,72.54

2026-09-22T13:59:54.237Z,33.29,72.53

2026-09-22T13:59:59.236Z,33.29,72.52

2026-09-22T14:00:04.236Z,33.27,72.56

2026-09-22T14:00:09.236Z,33.27,72.53

2026-09-22T14:00:14.250Z,33.3,72.57

2026-09-22T14:00:19.239Z,33.28,72.55

2026-09-22T14:00:24.239Z,33.29,72.6

2026-09-22T14:00:29.236Z,33.29,72.54

2026-09-22T14:00:34.237Z,33.3,72.55

2026-09-22T14:00:39.241Z,33.29,72.54

2026-09-22T14:00:44.251Z,33.29,72.61

2026-09-22T14:00:49.240Z,33.29,72.56

2026-09-22T14:00:54.241Z,33.28,72.49

2026-09-22T14:00:59.242Z,33.28,72.51

2026-09-22T14:01:04.242Z,33.29,72.5

2026-09-22T14:01:09.250Z,33.29,72.6

2026-09-22T14:01:14.263Z,33.28,72.59

2026-09-22T14:01:19.245Z,33.29,72.54

2026-09-22T14:01:24.248Z,33.31,72.57

2026-09-22T14:01:29.247Z,33.27,72.53

2026-09-22T14:01:34.249Z,33.29,72.53

2026-09-22T14:01:39.269Z,33.29,72.58

2026-09-22T14:01:44.282Z,33.29,72.62

2026-09-22T14:01:49.269Z,33.29,72.56

2026-09-22T14:01:54.269Z,33.29,72.56

2026-09-22T14:01:59.266Z,33.26,72.53

2026-09-22T14:02:04.268Z,33.29,72.49

2026-09-22T14:02:09.272Z,33.29,72.49

2026-09-22T14:02:14.289Z,33.29,72.52

2026-09-22T14:02:19.274Z,33.28,72.5

2026-09-22T14:02:24.274Z,33.28,72.51

2026-09-22T14:02:29.273Z,33.29,72.5

2026-09-22T14:02:34.276Z,33.27,72.61

2026-09-22T14:02:39.279Z,33.29,72.56

2026-09-22T14:02:44.291Z,33.27,72.57

2026-09-22T14:02:49.278Z,33.26,72.58

2026-09-22T14:02:54.277Z,33.28,72.6

2026-09-22T14:02:59.279Z,33.26,72.57

2026-09-22T14:03:04.278Z,33.26,72.53

2026-09-22T14:03:09.289Z,33.28,72.62

2026-09-22T14:03:14.299Z,33.25,72.6

2026-09-22T14:03:19.289Z,33.27,72.49

2026-09-22T14:03:24.289Z,33.28,72.63

2026-09-22T14:03:29.289Z,33.29,72.59

2026-09-22T14:03:34.288Z,33.28,72.53

2026-09-22T14:03:39.291Z,33.28,72.62

2026-09-22T14:03:44.306Z,33.28,72.61

2026-09-22T14:03:49.294Z,33.3,72.55

2026-09-22T14:03:54.292Z,33.29,72.55

2026-09-22T14:03:59.290Z,33.31,72.51

2026-09-22T14:04:04.289Z,33.31,72.54

2026-09-22T14:04:09.301Z,33.31,72.51

2026-09-22T14:04:14.308Z,33.32,72.51

2026-09-22T14:04:19.298Z,33.34,72.51

2026-09-22T14:04:24.298Z,33.33,72.51

2026-09-22T14:04:29.298Z,33.33,72.51

2026-09-22T14:04:34.298Z,33.36,72.41

2026-09-22T14:04:39.300Z,33.37,72.41

2026-09-22T14:04:44.313Z,33.36,72.42

2026-09-22T14:04:49.298Z,33.36,72.38

2026-09-22T14:04:54.298Z,33.37,72.36

2026-09-22T14:04:59.299Z,33.38,72.4

2026-09-22T14:05:04.300Z,33.4,72.29

2026-09-22T14:05:09.313Z,33.38,72.26

2026-09-22T14:05:14.325Z,33.4,72.3

2026-09-22T14:05:19.311Z,33.4,72.26

2026-09-22T14:05:24.309Z,33.42,72.16

2026-09-22T14:05:29.312Z,33.43,72.13

2026-09-22T14:05:34.309Z,33.42,72.14

2026-09-22T14:05:39.319Z,33.43,72.11

2026-09-22T14:05:44.328Z,33.44,72.12

2026-09-22T14:05:49.317Z,33.47,72.05

2026-09-22T14:05:54.318Z,33.45,72.04

2026-09-22T14:05:59.318Z,33.45,72.05

2026-09-22T14:06:04.320Z,33.45,72.05

2026-09-22T14:06:09.319Z,33.45,72.05

2026-09-22T14:06:14.331Z,33.43,71.96

2026-09-22T14:06:19.321Z,33.45,71.93

2026-09-22T14:06:24.320Z,33.45,71.93

2026-09-22T14:06:29.319Z,33.46,71.95

2026-09-22T14:06:34.322Z,33.47,71.98

2026-09-22T14:06:39.324Z,33.45,71.93

2026-09-22T14:06:44.336Z,33.46,71.93

2026-09-22T14:06:49.322Z,33.48,71.92

2026-09-22T14:06:54.323Z,33.47,71.92

2026-09-22T14:06:59.324Z,33.47,71.95

2026-09-22T14:07:04.324Z,33.48,71.87

2026-09-22T14:07:09.332Z,33.48,71.92

2026-09-22T14:07:14.342Z,33.48,71.91

2026-09-22T14:07:19.330Z,33.47,71.91

2026-09-22T14:07:24.331Z,33.49,71.89

2026-09-22T14:07:29.332Z,33.49,71.93

2026-09-22T14:07:34.334Z,33.49,71.82

2026-09-22T14:07:39.339Z,33.49,71.88

2026-09-22T14:07:44.350Z,33.51,71.87

2026-09-22T14:07:49.338Z,33.51,71.82

2026-09-22T14:07:54.338Z,33.52,71.84

2026-09-22T14:07:59.337Z,33.53,71.79

2026-09-22T14:08:04.337Z,33.52,71.8

2026-09-22T14:08:09.340Z,33.53,71.77

2026-09-22T14:08:14.347Z,33.55,71.75

2026-09-22T14:08:19.337Z,33.54,71.7

2026-09-22T14:08:24.338Z,33.56,71.71

2026-09-22T14:08:29.339Z,33.55,71.65

2026-09-22T14:08:34.340Z,33.57,71.61

2026-09-22T14:08:39.345Z,33.56,71.61

2026-09-22T14:08:44.358Z,33.55,71.64

2026-09-22T14:08:49.345Z,33.56,71.63

2026-09-22T14:08:54.345Z,33.59,71.58

2026-09-22T14:08:59.343Z,33.59,71.54

2026-09-22T14:09:04.342Z,33.58,71.56

2026-09-22T14:09:09.373Z,33.58,71.51

2026-09-22T14:09:14.384Z,33.58,71.48

2026-09-22T14:09:19.373Z,33.59,71.46

2026-09-22T14:09:24.371Z,33.59,71.45

2026-09-22T14:09:29.371Z,33.6,71.51

2026-09-22T14:09:34.373Z,33.6,71.48

2026-09-22T14:09:39.373Z,33.59,71.41

2026-09-22T14:09:44.384Z,33.59,71.53

2026-09-22T14:09:49.372Z,33.62,71.46

2026-09-22T14:09:54.376Z,33.61,71.51

2026-09-22T14:09:59.375Z,33.58,71.46

2026-09-22T14:10:04.374Z,33.58,71.41

2026-09-22T14:10:09.376Z,33.59,71.48

2026-09-22T14:10:14.388Z,33.58,71.55

2026-09-22T14:10:19.374Z,33.6,71.53

2026-09-22T14:10:24.375Z,33.58,71.43

2026-09-22T14:10:29.375Z,33.58,71.52

2026-09-22T14:10:34.375Z,33.58,71.48

2026-09-22T14:10:39.379Z,33.61,71.46

2026-09-22T14:10:44.394Z,33.59,71.49

2026-09-22T14:10:49.378Z,33.6,71.46

2026-09-22T14:10:54.379Z,33.58,71.46

2026-09-22T14:10:59.381Z,33.59,71.51

2026-09-22T14:11:04.380Z,33.59,71.47

2026-09-22T14:11:09.392Z,33.59,71.44

2026-09-22T14:11:14.400Z,33.6,71.47

2026-09-22T14:11:19.388Z,33.59,71.47

2026-09-22T14:11:24.389Z,33.61,71.43

2026-09-22T14:11:29.388Z,33.62,71.42

2026-09-22T14:11:34.391Z,33.6,71.45

2026-09-22T14:11:39.400Z,33.61,71.46

2026-09-22T14:11:44.411Z,33.64,71.45

2026-09-22T14:11:49.397Z,33.62,71.37

2026-09-22T14:11:54.398Z,33.64,71.43

2026-09-22T14:11:59.398Z,33.6,71.38

2026-09-22T14:12:04.399Z,33.63,71.31

2026-09-22T14:12:09.418Z,33.62,71.37

2026-09-22T14:12:14.428Z,33.62,71.4

2026-09-22T14:12:19.416Z,33.64,71.34

2026-09-22T14:12:24.414Z,33.63,71.35

2026-09-22T14:12:29.418Z,33.65,71.32

2026-09-22T14:12:34.416Z,33.64,71.31

2026-09-22T14:12:39.428Z,33.63,71.29

2026-09-22T14:12:44.438Z,33.63,71.26

2026-09-22T14:12:49.426Z,33.64,71.27

2026-09-22T14:12:54.428Z,33.65,71.27

2026-09-22T14:12:59.428Z,33.65,71.24

2026-09-22T14:13:04.429Z,33.64,71.24

2026-09-22T14:13:09.436Z,33.64,71.18

2026-09-22T14:13:14.444Z,33.63,71.28

2026-09-22T14:13:19.435Z,33.66,71.18

2026-09-22T14:13:24.434Z,33.62,71.25

2026-09-22T14:13:29.436Z,33.65,71.23

2026-09-22T14:13:34.438Z,33.65,71.21

2026-09-22T14:13:39.440Z,33.66,71.24

2026-09-22T14:13:44.453Z,33.64,71.29

2026-09-22T14:13:49.439Z,33.65,71.22

2026-09-22T14:13:54.439Z,33.66,71.2

2026-09-22T14:13:59.440Z,33.65,71.19

2026-09-22T14:14:04.441Z,33.66,71.21

2026-09-22T14:14:09.445Z,33.65,71.21

2026-09-22T14:14:14.459Z,33.66,71.25

2026-09-22T14:14:19.448Z,33.68,71.23

2026-09-22T14:14:24.446Z,33.67,71.21

2026-09-22T14:14:29.449Z,33.68,71.23

2026-09-22T14:14:34.450Z,33.68,71.15

2026-09-22T14:14:39.452Z,33.67,71.15

2026-09-22T14:14:44.461Z,33.69,71.22

2026-09-22T14:14:49.450Z,33.69,71.15

2026-09-22T14:14:54.451Z,33.7,71.14

2026-09-22T14:14:59.453Z,33.68,71.12

2026-09-22T14:15:04.450Z,33.68,71.1

2026-09-22T14:15:09.451Z,33.7,71.06

2026-09-22T14:15:14.464Z,33.68,71.06

2026-09-22T14:15:19.450Z,33.71,70.98

2026-09-22T14:15:24.451Z,33.7,71.01

2026-09-22T14:15:29.450Z,33.68,71.05

2026-09-22T14:15:34.453Z,33.67,71

2026-09-22T14:15:39.455Z,33.68,71.04

2026-09-22T14:15:44.467Z,33.69,71.1

2026-09-22T14:15:49.453Z,33.67,70.99

2026-09-22T14:15:54.456Z,33.66,71.04

2026-09-22T14:15:59.454Z,33.65,71.1

2026-09-22T14:16:04.454Z,33.67,71.05

2026-09-22T14:16:09.455Z,33.65,71.09

2026-09-22T14:16:14.467Z,33.65,71.14

2026-09-22T14:16:19.455Z,33.64,71.08

2026-09-22T14:16:24.455Z,33.66,71.13

2026-09-22T14:16:29.457Z,33.66,71.19

2026-09-22T14:16:34.457Z,33.62,71.18

2026-09-22T14:16:39.457Z,33.63,71.17

2026-09-22T14:16:44.467Z,33.62,71.21

2026-09-22T14:16:49.455Z,33.63,71.24

2026-09-22T14:16:54.458Z,33.64,71.18

2026-09-22T14:16:59.459Z,33.61,71.2

2026-09-22T14:17:04.458Z,33.63,71.23

2026-09-22T14:17:09.466Z,33.62,71.27

2026-09-22T14:17:14.476Z,33.6,71.29

2026-09-22T14:17:19.465Z,33.62,71.26

2026-09-22T14:17:24.467Z,33.62,71.28

2026-09-22T14:17:29.467Z,33.62,71.25

2026-09-22T14:17:34.468Z,33.61,71.26

2026-09-22T14:17:39.474Z,33.61,71.23

2026-09-22T14:17:44.484Z,33.62,71.31

2026-09-22T14:17:49.472Z,33.62,71.28

2026-09-22T14:17:54.474Z,33.61,71.33

2026-09-22T14:17:59.472Z,33.61,71.31

2026-09-22T14:18:04.474Z,33.6,71.33

2026-09-22T14:18:09.492Z,33.62,71.28

2026-09-22T14:18:14.499Z,33.61,71.31

2026-09-22T14:18:19.491Z,33.61,71.26

2026-09-22T14:18:24.492Z,33.63,71.29

2026-09-22T14:18:29.493Z,33.62,71.23

2026-09-22T14:18:34.491Z,33.61,71.29

2026-09-22T14:18:39.503Z,33.63,71.29

2026-09-22T14:18:44.518Z,33.64,71.3

2026-09-22T14:18:49.503Z,33.64,71.23

2026-09-22T14:18:54.503Z,33.65,71.23

2026-09-22T14:18:59.504Z,33.63,71.19

2026-09-22T14:19:04.503Z,33.62,71.19

2026-09-22T14:19:09.512Z,33.65,71.17

2026-09-22T14:19:14.520Z,33.64,71.21

2026-09-22T14:19:19.509Z,33.63,71.07

2026-09-22T14:19:24.513Z,33.64,71.11

2026-09-22T14:19:29.513Z,33.64,71.05

2026-09-22T14:19:34.509Z,33.66,70.98

2026-09-22T14:19:39.524Z,33.65,71.07

2026-09-22T14:19:44.531Z,33.66,71.04

2026-09-22T14:19:49.524Z,33.67,70.96

2026-09-22T14:19:54.524Z,33.68,70.91

2026-09-22T14:19:59.524Z,33.65,70.96

2026-09-22T14:20:04.524Z,33.67,70.93

2026-09-22T14:20:09.526Z,33.66,70.87

2026-09-22T14:20:14.539Z,33.66,70.9

2026-09-22T14:20:19.525Z,33.66,70.71

2026-09-22T14:20:24.525Z,33.64,70.82

2026-09-22T14:20:29.527Z,33.66,70.76

2026-09-22T14:20:34.525Z,33.65,70.78

2026-09-22T14:20:39.538Z,33.66,70.77

2026-09-22T14:20:44.550Z,33.66,70.83

2026-09-22T14:20:49.538Z,33.66,70.71

2026-09-22T14:20:54.538Z,33.64,70.68

2026-09-22T14:20:59.537Z,33.66,70.66

2026-09-22T14:21:04.538Z,33.67,70.62

2026-09-22T14:21:09.548Z,33.64,70.66

2026-09-22T14:21:14.559Z,33.66,70.63

2026-09-22T14:21:19.548Z,33.65,70.61

2026-09-22T14:21:24.548Z,33.64,70.57

2026-09-22T14:21:29.547Z,33.65,70.63

2026-09-22T14:21:34.548Z,33.63,70.64

2026-09-22T14:21:39.548Z,33.63,70.69

2026-09-22T14:21:44.560Z,33.61,70.69

2026-09-22T14:21:49.550Z,33.62,70.61

2026-09-22T14:21:54.549Z,33.64,70.69

2026-09-22T14:21:59.549Z,33.62,70.74

2026-09-22T14:22:04.550Z,33.62,70.72

2026-09-22T14:22:09.550Z,33.64,70.79

2026-09-22T14:22:14.564Z,33.61,70.78

2026-09-22T14:22:19.549Z,33.61,70.79

2026-09-22T14:22:24.549Z,33.59,70.71

2026-09-22T14:22:29.550Z,33.61,70.73

2026-09-22T14:22:34.549Z,33.61,70.7

2026-09-22T14:22:39.576Z,33.62,70.73

2026-09-22T14:22:44.584Z,33.6,70.72

2026-09-22T14:22:49.573Z,33.6,70.74

2026-09-22T14:22:54.575Z,33.61,70.76

2026-09-22T14:22:59.754Z,33.6,70.73

2026-09-22T14:23:04.575Z,33.61,70.69

2026-09-22T14:23:09.575Z,33.6,70.74

2026-09-22T14:23:14.589Z,33.61,70.72

2026-09-22T14:23:19.575Z,33.6,70.73

2026-09-22T14:23:24.577Z,33.61,70.75

2026-09-22T14:23:29.577Z,33.61,70.69

2026-09-22T14:23:34.578Z,33.59,70.79

2026-09-22T14:23:39.577Z,33.61,70.74

2026-09-22T14:23:44.591Z,33.59,70.71

2026-09-22T14:23:49.580Z,33.59,70.69

2026-09-22T14:23:54.577Z,33.6,70.69

2026-09-22T14:23:59.578Z,33.6,70.62

2026-09-22T14:24:04.579Z,33.59,70.66

2026-09-22T14:24:09.578Z,33.59,70.71

2026-09-22T14:24:14.593Z,33.6,70.74

2026-09-22T14:24:19.582Z,33.59,70.72

2026-09-22T14:24:24.583Z,33.61,70.71

2026-09-22T14:24:29.582Z,33.59,70.72

2026-09-22T14:24:34.582Z,33.59,70.73

2026-09-22T14:24:39.583Z,33.59,70.73

2026-09-22T14:24:44.596Z,33.59,70.69

2026-09-22T14:24:49.582Z,33.59,70.72

2026-09-22T14:24:54.584Z,33.6,70.66

2026-09-22T14:24:59.584Z,33.6,70.69

2026-09-22T14:25:04.585Z,33.6,70.67

2026-09-22T14:25:09.609Z,33.6,70.6

2026-09-22T14:25:14.619Z,33.58,70.67

2026-09-22T14:25:19.607Z,33.58,70.67

2026-09-22T14:25:24.606Z,33.58,70.67

2026-09-22T14:25:29.603Z,33.59,70.72

2026-09-22T14:25:34.605Z,33.57,70.7

2026-09-22T14:25:39.604Z,33.59,70.75

2026-09-22T14:25:44.624Z,33.55,70.83

2026-09-22T14:25:49.607Z,33.59,70.73

2026-09-22T14:25:54.612Z,33.56,70.74

2026-09-22T14:25:59.610Z,33.59,70.78

2026-09-22T14:26:04.610Z,33.59,70.8

2026-09-22T14:26:09.608Z,33.57,70.8

2026-09-22T14:26:14.627Z,33.59,70.84

2026-09-22T14:26:19.611Z,33.57,70.9

2026-09-22T14:26:24.608Z,33.59,70.87

2026-09-22T14:26:29.607Z,33.58,70.83

2026-09-22T14:26:34.609Z,33.56,70.86

2026-09-22T14:26:39.608Z,33.57,70.94

2026-09-22T14:26:44.621Z,33.57,70.97

2026-09-22T14:26:49.610Z,33.54,70.93

2026-09-22T14:26:54.611Z,33.56,70.95

2026-09-22T14:26:59.609Z,33.54,71.01

2026-09-22T14:27:04.612Z,33.53,71

2026-09-22T14:27:09.626Z,33.55,71

2026-09-22T14:27:14.642Z,33.5,71.08

2026-09-22T14:27:19.623Z,33.51,71.09

2026-09-22T14:27:24.628Z,33.53,71.09

2026-09-22T14:27:29.625Z,33.49,71.12

2026-09-22T14:27:34.625Z,33.5,71.16

2026-09-22T14:27:39.635Z,33.49,71.2

2026-09-22T14:27:44.643Z,33.48,71.2

2026-09-22T14:27:49.632Z,33.49,71.18

2026-09-22T14:27:54.634Z,33.5,71.2

2026-09-22T14:27:59.632Z,33.48,71.25

2026-09-22T14:28:04.635Z,33.47,71.18

2026-09-22T14:28:09.637Z,33.47,71.18

2026-09-22T14:28:14.651Z,33.45,71.21

2026-09-22T14:28:19.635Z,33.46,71.26

2026-09-22T14:28:24.633Z,33.45,71.25

2026-09-22T14:28:29.635Z,33.43,71.3

2026-09-22T14:28:34.635Z,33.45,71.35

2026-09-22T14:28:39.636Z,33.44,71.28

2026-09-22T14:28:44.648Z,33.44,71.42

2026-09-22T14:28:49.635Z,33.42,71.38

2026-09-22T14:28:54.635Z,33.42,71.37

2026-09-22T14:28:59.634Z,33.43,71.37

2026-09-22T14:29:04.637Z,33.43,71.44

2026-09-22T14:29:09.649Z,33.42,71.38

2026-09-22T14:29:14.662Z,33.39,71.39

2026-09-22T14:29:19.648Z,33.41,71.37

2026-09-22T14:29:24.649Z,33.38,71.42

2026-09-22T14:29:29.649Z,33.4,71.42

2026-09-22T14:29:34.650Z,33.37,71.44

2026-09-22T14:29:39.658Z,33.39,71.46

2026-09-22T14:29:44.668Z,33.36,71.53

2026-09-22T14:29:49.658Z,33.4,71.51

2026-09-22T14:29:54.657Z,33.39,71.5

2026-09-22T14:29:59.657Z,33.37,71.6

2026-09-22T14:30:04.659Z,33.37,71.57

2026-09-22T14:30:09.669Z,33.37,71.62

2026-09-22T14:30:14.678Z,33.36,71.57

2026-09-22T14:30:19.666Z,33.36,71.61

2026-09-22T14:30:24.666Z,33.35,71.61

2026-09-22T14:30:29.667Z,33.35,71.63

2026-09-22T14:30:34.667Z,33.34,71.66

2026-09-22T14:30:39.678Z,33.32,71.7

2026-09-22T14:30:44.692Z,33.33,71.72

2026-09-22T14:30:49.677Z,33.33,71.69

2026-09-22T14:30:54.676Z,33.33,71.65

2026-09-22T14:30:59.677Z,33.32,71.68

2026-09-22T14:31:04.677Z,33.33,71.61

2026-09-22T14:31:09.690Z,33.36,71.75

2026-09-22T14:31:14.702Z,33.33,71.72

2026-09-22T14:31:19.688Z,33.33,71.66

2026-09-22T14:31:24.688Z,33.33,71.7

2026-09-22T14:31:29.688Z,33.33,71.66

2026-09-22T14:31:34.689Z,33.33,71.67

2026-09-22T14:31:39.696Z,33.33,71.58

2026-09-22T14:31:44.712Z,33.33,71.69

2026-09-22T14:31:49.694Z,33.33,71.61

2026-09-22T14:31:54.694Z,33.3,71.68

2026-09-22T14:31:59.692Z,33.33,71.66

2026-09-22T14:32:04.697Z,33.31,71.63

2026-09-22T14:32:09.701Z,33.31,71.67

2026-09-22T14:32:14.710Z,33.29,71.75

2026-09-22T14:32:19.696Z,33.32,71.73

2026-09-22T14:32:24.697Z,33.31,71.77

2026-09-22T14:32:29.697Z,33.31,71.78

2026-09-22T14:32:34.697Z,33.29,71.71

2026-09-22T14:32:39.701Z,33.3,71.75

2026-09-22T14:32:44.710Z,33.28,71.73

2026-09-22T14:32:49.698Z,33.29,71.73

2026-09-22T14:32:54.703Z,33.29,71.8

2026-09-22T14:32:59.700Z,33.3,71.77

2026-09-22T14:33:04.703Z,33.29,71.76

2026-09-22T14:33:09.722Z,33.27,71.78

2026-09-22T14:33:14.731Z,33.28,71.78

2026-09-22T14:33:19.716Z,33.27,71.77

2026-09-22T14:33:24.718Z,33.28,71.79

2026-09-22T14:33:29.719Z,33.28,71.75

2026-09-22T14:33:34.719Z,33.26,71.79

2026-09-22T14:33:39.729Z,33.27,71.73

2026-09-22T14:33:44.742Z,33.27,71.79

2026-09-22T14:33:49.729Z,33.27,71.76

2026-09-22T14:33:54.729Z,33.28,71.74

2026-09-22T14:33:59.730Z,33.28,71.78

2026-09-22T14:34:04.731Z,33.29,71.77

2026-09-22T14:34:09.731Z,33.29,71.8

2026-09-22T14:34:14.743Z,33.28,71.77

2026-09-22T14:34:19.730Z,33.29,71.85

2026-09-22T14:34:24.732Z,33.28,71.8

2026-09-22T14:34:29.732Z,33.27,71.77

2026-09-22T14:34:34.732Z,33.28,71.73

2026-09-22T14:34:39.733Z,33.28,71.7

2026-09-22T14:34:44.746Z,33.3,71.78

2026-09-22T14:34:49.736Z,33.28,71.7

2026-09-22T14:34:54.737Z,33.28,71.68

2026-09-22T14:34:59.736Z,33.27,71.68

2026-09-22T14:35:04.736Z,33.28,71.74

2026-09-22T14:35:09.736Z,33.28,71.65

2026-09-22T14:35:14.749Z,33.26,71.72

2026-09-22T14:35:19.738Z,33.28,71.68

2026-09-22T14:35:24.738Z,33.28,71.67

2026-09-22T14:35:29.738Z,33.29,71.71

2026-09-22T14:35:34.739Z,33.26,71.71

2026-09-22T14:35:39.738Z,33.28,71.68

2026-09-22T14:35:44.750Z,33.28,71.73

2026-09-22T14:35:49.740Z,33.29,71.68

2026-09-22T14:35:54.740Z,33.24,71.68

2026-09-22T14:35:59.741Z,33.28,71.74

2026-09-22T14:36:04.739Z,33.29,71.71

2026-09-22T14:36:09.748Z,33.29,71.71

2026-09-22T14:36:14.762Z,33.29,71.78

2026-09-22T14:36:19.747Z,33.27,71.75

2026-09-22T14:36:24.748Z,33.3,71.75

2026-09-22T14:36:29.748Z,33.31,71.7

2026-09-22T14:36:34.748Z,33.27,71.7

2026-09-22T14:36:39.761Z,33.3,71.73

2026-09-22T14:36:44.779Z,33.27,71.79

2026-09-22T14:36:49.762Z,33.28,71.72

2026-09-22T14:36:54.763Z,33.29,71.66

2026-09-22T14:36:59.761Z,33.28,71.67

2026-09-22T14:37:04.762Z,33.3,71.67

2026-09-22T14:37:09.772Z,33.29,71.72

2026-09-22T14:37:14.784Z,33.28,71.66

2026-09-22T14:37:19.771Z,33.3,71.64

2026-09-22T14:37:24.772Z,33.28,71.72

2026-09-22T14:37:29.772Z,33.28,71.68

2026-09-22T14:37:34.774Z,33.28,71.7

2026-09-22T14:37:39.786Z,33.29,71.72

2026-09-22T14:37:44.799Z,33.27,71.76

2026-09-22T14:37:49.787Z,33.26,71.76

2026-09-22T14:37:54.786Z,33.27,71.72

2026-09-22T14:37:59.786Z,33.28,71.7

2026-09-22T14:38:04.787Z,33.28,71.77

2026-09-22T14:38:09.799Z,33.28,71.75

2026-09-22T14:38:14.811Z,33.27,71.77

2026-09-22T14:38:19.799Z,33.27,71.7

2026-09-22T14:38:24.797Z,33.28,71.72

2026-09-22T14:38:29.797Z,33.28,71.76

2026-09-22T14:38:34.797Z,33.28,71.79

2026-09-22T14:38:39.808Z,33.28,71.8

2026-09-22T14:38:44.818Z,33.26,71.85

2026-09-22T14:38:49.808Z,33.26,71.81

2026-09-22T14:38:54.809Z,33.28,71.79

2026-09-22T14:38:59.807Z,33.26,71.76

2026-09-22T14:39:04.807Z,33.27,71.82

2026-09-22T14:39:09.812Z,33.25,71.8

2026-09-22T14:39:14.825Z,33.25,71.87

2026-09-22T14:39:19.811Z,33.25,71.88

2026-09-22T14:39:24.811Z,33.25,71.82

2026-09-22T14:39:29.812Z,33.25,71.83

2026-09-22T14:39:34.812Z,33.26,71.91

2026-09-22T14:39:39.813Z,33.24,71.87

2026-09-22T14:39:44.827Z,33.26,71.94

2026-09-22T14:39:49.812Z,33.25,71.86

2026-09-22T14:39:54.813Z,33.23,71.96

2026-09-22T14:39:59.812Z,33.22,71.99

2026-09-22T14:40:04.813Z,33.22,72.06

2026-09-22T14:40:09.827Z,33.23,72.03

2026-09-22T14:40:14.839Z,33.21,72.09

2026-09-22T14:40:19.828Z,33.22,72.04

2026-09-22T14:40:24.828Z,33.2,72.06

2026-09-22T14:40:29.829Z,33.22,72.06

2026-09-22T14:40:34.828Z,33.21,72.11

2026-09-22T14:40:39.828Z,33.22,72.1

2026-09-22T14:40:44.840Z,33.2,72.12

2026-09-22T14:40:49.828Z,33.22,72.11

2026-09-22T14:40:54.829Z,33.2,72.15

2026-09-22T14:40:59.829Z,33.2,72.18

2026-09-22T14:41:04.830Z,33.21,72.21

2026-09-22T14:41:09.839Z,33.19,72.25

2026-09-22T14:41:14.848Z,33.21,72.25

2026-09-22T14:41:19.838Z,33.21,72.21

2026-09-22T14:41:24.839Z,33.22,72.22

2026-09-22T14:41:29.839Z,33.2,72.25

2026-09-22T14:41:34.839Z,33.22,72.32

2026-09-22T14:41:39.849Z,33.19,72.26

2026-09-22T14:41:44.859Z,33.22,72.32

2026-09-22T14:41:49.848Z,33.22,72.32

2026-09-22T14:41:54.848Z,33.2,72.35

2026-09-22T14:41:59.850Z,33.22,72.44

2026-09-22T14:42:04.848Z,33.23,72.41

2026-09-22T14:42:09.872Z,33.22,72.47

2026-09-22T14:42:14.885Z,33.21,72.57

2026-09-22T14:42:19.871Z,33.23,72.53

2026-09-22T14:42:24.872Z,33.21,72.52

2026-09-22T14:42:29.870Z,33.21,72.59

2026-09-22T14:42:34.872Z,33.23,72.55

2026-09-22T14:42:39.878Z,33.22,72.6

2026-09-22T14:42:44.891Z,33.22,72.62

2026-09-22T14:42:49.877Z,33.22,72.63

2026-09-22T14:42:54.877Z,33.22,72.63

2026-09-22T14:42:59.877Z,33.21,72.67

2026-09-22T14:43:04.878Z,33.23,72.62

2026-09-22T14:43:09.882Z,33.21,72.67

2026-09-22T14:43:14.893Z,33.21,72.66

2026-09-22T14:43:19.879Z,33.23,72.67

2026-09-22T14:43:24.879Z,33.23,72.66

2026-09-22T14:43:29.879Z,33.22,72.67

2026-09-22T14:43:34.879Z,33.24,72.62

2026-09-22T14:43:39.887Z,33.25,72.75

2026-09-22T14:43:44.897Z,33.21,72.73

2026-09-22T14:43:49.885Z,33.24,72.74

2026-09-22T14:43:54.889Z,33.22,72.74

2026-09-22T14:43:59.885Z,33.23,72.73

2026-09-22T14:44:04.887Z,33.23,72.82

2026-09-22T14:44:09.889Z,33.24,72.8

2026-09-22T14:44:14.898Z,33.22,72.88

2026-09-22T14:44:19.887Z,33.22,72.88

2026-09-22T14:44:24.886Z,33.22,72.89

2026-09-22T14:44:29.888Z,33.24,72.82

2026-09-22T14:44:34.889Z,33.24,72.81

2026-09-22T14:44:39.890Z,33.21,72.83

2026-09-22T14:44:44.902Z,33.25,72.92

2026-09-22T14:44:49.889Z,33.24,72.86

2026-09-22T14:44:54.889Z,33.25,72.87

2026-09-22T14:44:59.888Z,33.26,72.93

2026-09-22T14:45:04.892Z,33.23,72.83

2026-09-22T14:45:09.905Z,33.24,72.89

2026-09-22T14:45:14.915Z,33.25,72.88

2026-09-22T14:45:19.903Z,33.26,72.95

2026-09-22T14:45:24.904Z,33.25,72.94

2026-09-22T14:45:29.903Z,33.27,72.93

2026-09-22T14:45:34.903Z,33.25,72.89

2026-09-22T14:45:39.920Z,33.26,72.9

2026-09-22T14:45:44.930Z,33.25,72.96

2026-09-22T14:45:49.919Z,33.25,72.94

2026-09-22T14:45:54.918Z,33.24,72.97

2026-09-22T14:45:59.918Z,33.25,72.94

2026-09-22T14:46:04.919Z,33.27,72.89

2026-09-22T14:46:09.933Z,33.22,72.92

2026-09-22T14:46:14.942Z,33.24,73.02

2026-09-22T14:46:19.931Z,33.24,72.96

2026-09-22T14:46:24.931Z,33.24,73.01

2026-09-22T14:46:29.933Z,33.24,72.99

2026-09-22T14:46:34.932Z,33.25,72.96

2026-09-22T14:46:39.939Z,33.24,72.97

2026-09-22T14:46:44.949Z,33.23,73.02

2026-09-22T14:46:49.936Z,33.23,72.97

2026-09-22T14:46:54.936Z,33.24,72.99

2026-09-22T14:46:59.937Z,33.25,73

2026-09-22T14:47:04.938Z,33.25,73.01

2026-09-22T14:47:09.936Z,33.25,73.02

2026-09-22T14:47:14.948Z,33.24,73.02

2026-09-22T14:47:19.938Z,33.26,73.01

2026-09-22T14:47:24.936Z,33.24,73.05

2026-09-22T14:47:29.941Z,33.25,72.94

2026-09-22T14:47:34.942Z,33.24,72.98

2026-09-22T14:47:39.949Z,33.25,72.98

2026-09-22T14:47:44.953Z,33.26,72.97

2026-09-22T14:47:49.944Z,33.26,72.98

2026-09-22T14:47:54.941Z,33.25,72.98

2026-09-22T14:47:59.941Z,33.25,72.98

2026-09-22T14:48:04.942Z,33.26,72.97

2026-09-22T14:48:09.959Z,33.25,72.96

2026-09-22T14:48:14.971Z,33.26,73.03

2026-09-22T14:48:19.956Z,33.27,73

2026-09-22T14:48:24.957Z,33.27,72.97

2026-09-22T14:48:29.957Z,33.27,73

2026-09-22T14:48:34.959Z,33.27,73

2026-09-22T14:48:39.965Z,33.25,73.05

2026-09-22T14:48:44.978Z,33.24,73.04

2026-09-22T14:48:49.965Z,33.26,73.08

2026-09-22T14:48:54.965Z,33.26,73.07

2026-09-22T14:48:59.963Z,33.26,73.01

2026-09-22T14:49:04.965Z,33.26,73.06

2026-09-22T14:49:09.972Z,33.27,73.02

2026-09-22T14:49:14.986Z,33.26,73.1

2026-09-22T14:49:19.972Z,33.25,73.13

2026-09-22T14:49:24.970Z,33.27,73.04

2026-09-22T14:49:29.971Z,33.29,73.08

2026-09-22T14:49:34.970Z,33.27,73.09

2026-09-22T14:49:39.971Z,33.27,73.05

2026-09-22T14:49:44.982Z,33.27,73.14

2026-09-22T14:49:49.970Z,33.27,73.15

2026-09-22T14:49:54.972Z,33.26,73.14

2026-09-22T14:49:59.971Z,33.26,73.11

2026-09-22T14:50:04.971Z,33.27,73.07

2026-09-22T14:50:09.971Z,33.27,73.06

2026-09-22T14:50:14.983Z,33.27,73.11

2026-09-22T14:50:19.972Z,33.27,73.02

2026-09-22T14:50:24.972Z,33.26,73.01

2026-09-22T14:50:29.973Z,33.27,73.05

2026-09-22T14:50:34.973Z,33.27,73.05

2026-09-22T14:50:39.974Z,33.27,73.04

2026-09-22T14:50:44.988Z,33.26,73.13

2026-09-22T14:50:49.973Z,33.27,73.09

2026-09-22T14:50:54.972Z,33.28,73.06

2026-09-22T14:50:59.972Z,33.28,73.1

2026-09-22T14:51:04.973Z,33.27,73.05

2026-09-22T14:51:09.989Z,33.28,73.06

2026-09-22T14:51:15.000Z,33.24,73.07

2026-09-22T14:51:19.991Z,33.28,73.04

2026-09-22T14:51:24.990Z,33.27,73.04

2026-09-22T14:51:29.989Z,33.27,73.01

2026-09-22T14:51:34.987Z,33.29,73.05

2026-09-22T14:51:40.004Z,33.27,72.99

2026-09-22T14:51:45.013Z,33.28,73.05

2026-09-22T14:51:50.003Z,33.28,72.98

2026-09-22T14:51:55.002Z,33.28,73.01

2026-09-22T14:52:00.002Z,33.27,73.04

2026-09-22T14:52:05.004Z,33.29,73

2026-09-22T14:52:10.017Z,33.28,73.01

2026-09-22T14:52:15.032Z,33.27,73.03

2026-09-22T14:52:20.017Z,33.29,72.98

2026-09-22T14:52:25.016Z,33.3,73.04

2026-09-22T14:52:30.016Z,33.27,73.02

2026-09-22T14:52:35.017Z,33.27,73.02

2026-09-22T14:52:40.031Z,33.28,72.92

2026-09-22T14:52:45.042Z,33.27,73

2026-09-22T14:52:50.030Z,33.28,73.04

2026-09-22T14:52:55.028Z,33.28,73.07

2026-09-22T14:53:00.031Z,33.27,73.04

2026-09-22T14:53:05.029Z,33.27,73

2026-09-22T14:53:10.044Z,33.26,73.06

2026-09-22T14:53:15.051Z,33.26,73.03

2026-09-22T14:53:20.043Z,33.27,73.03

2026-09-22T14:53:25.042Z,33.26,73.04

2026-09-22T14:53:30.043Z,33.28,73.05

2026-09-22T14:53:35.043Z,33.28,73.06

2026-09-22T14:53:40.044Z,33.26,73.03

2026-09-22T14:53:45.053Z,33.26,73.04

2026-09-22T14:53:50.043Z,33.29,73.01

2026-09-22T14:53:55.044Z,33.28,72.96

2026-09-22T14:54:00.044Z,33.3,72.99

2026-09-22T14:54:05.045Z,33.3,72.95

2026-09-22T14:54:10.044Z,33.28,72.95

2026-09-22T14:54:15.056Z,33.3,72.92

2026-09-22T14:54:20.046Z,33.28,72.93

2026-09-22T14:54:25.045Z,33.27,72.92

2026-09-22T14:54:30.045Z,33.31,72.85

2026-09-22T14:54:35.049Z,33.3,72.8

2026-09-22T14:54:40.047Z,33.3,72.85

2026-09-22T14:54:45.061Z,33.3,72.86

2026-09-22T14:54:50.052Z,33.3,72.86

2026-09-22T14:54:55.052Z,33.29,72.8

2026-09-22T14:55:00.050Z,33.3,72.84

2026-09-22T14:55:05.051Z,33.31,72.88

2026-09-22T14:55:10.070Z,33.29,72.88

2026-09-22T14:55:15.078Z,33.28,72.87

2026-09-22T14:55:20.068Z,33.29,72.81

2026-09-22T14:55:25.070Z,33.32,72.85

2026-09-22T14:55:30.071Z,33.31,72.86

2026-09-22T14:55:35.072Z,33.32,72.84

2026-09-22T14:55:40.086Z,33.29,72.84

2026-09-22T14:55:45.097Z,33.27,72.87

2026-09-22T14:55:50.083Z,33.31,72.92

2026-09-22T14:55:55.084Z,33.29,72.83

2026-09-22T14:56:00.085Z,33.3,72.9

2026-09-22T14:56:05.087Z,33.28,72.86

2026-09-22T14:56:10.092Z,33.31,72.92

2026-09-22T14:56:15.103Z,33.31,72.93

2026-09-22T14:56:20.091Z,33.31,72.92

2026-09-22T14:56:25.090Z,33.31,72.88

2026-09-22T14:56:30.091Z,33.31,72.82

2026-09-22T14:56:35.092Z,33.31,72.93

2026-09-22T14:56:40.097Z,33.31,72.92

2026-09-22T14:56:45.109Z,33.3,72.97

2026-09-22T14:56:50.097Z,33.32,72.9

2026-09-22T14:56:55.097Z,33.3,72.87

2026-09-22T14:57:00.096Z,33.31,72.93

2026-09-22T14:57:05.098Z,33.3,72.9

2026-09-22T14:57:10.097Z,33.3,72.96

2026-09-22T14:57:15.107Z,33.3,73.01

2026-09-22T14:57:20.095Z,33.29,73

2026-09-22T14:57:25.097Z,33.28,72.98

2026-09-22T14:57:30.097Z,33.28,72.98

2026-09-22T14:57:35.097Z,33.27,73.02

2026-09-22T14:57:40.093Z,33.23,73.08

2026-09-22T14:57:45.108Z,33.22,73.1

2026-09-22T14:57:50.096Z,33.23,73.1

2026-09-22T14:57:55.095Z,33.23,73.07

2026-09-22T14:58:00.096Z,33.21,73.13

2026-09-22T14:58:05.095Z,33.21,73.1

2026-09-22T14:58:10.110Z,33.23,73.15

2026-09-22T14:58:15.118Z,33.22,73.19

2026-09-22T14:58:20.108Z,33.22,73.19

2026-09-22T14:58:25.106Z,33.23,73.2

2026-09-22T14:58:30.111Z,33.24,73.24

2026-09-22T14:58:35.108Z,33.26,73.2

2026-09-22T14:58:40.121Z,33.25,73.24

2026-09-22T14:58:45.139Z,33.22,73.2

2026-09-22T14:58:50.119Z,33.23,73.13

2026-09-22T14:58:55.118Z,33.23,73.14

2026-09-22T14:59:00.120Z,33.24,73.19

2026-09-22T14:59:05.121Z,33.24,73.17

2026-09-22T14:59:10.122Z,33.23,73.17

2026-09-22T14:59:15.133Z,33.19,73.3

2026-09-22T14:59:20.123Z,33.18,73.25

2026-09-22T14:59:25.124Z,33.2,73.26

2026-09-22T14:59:30.123Z,33.17,73.32

2026-09-22T14:59:35.125Z,33.18,73.29

2026-09-22T14:59:40.129Z,33.19,73.3

2026-09-22T14:59:45.139Z,33.14,73.33

2026-09-22T14:59:50.129Z,33.13,73.36

2026-09-22T14:59:55.128Z,33.12,73.47

2026-09-22T15:00:00.128Z,33.1,73.51

2026-09-22T15:00:05.129Z,33.11,73.52

2026-09-22T15:00:10.129Z,33.09,73.61

2026-09-22T15:00:15.141Z,33.08,73.65

2026-09-22T15:00:20.130Z,33.06,73.69

2026-09-22T15:00:25.129Z,33.02,73.79

2026-09-22T15:00:30.128Z,33.03,73.79

2026-09-22T15:00:35.130Z,33.02,73.87

2026-09-22T15:00:40.138Z,33.01,73.91

2026-09-22T15:00:45.150Z,33,73.93

2026-09-22T15:00:50.138Z,33.01,73.94

2026-09-22T15:00:55.138Z,32.98,73.99

2026-09-22T15:01:00.138Z,33,74.02

2026-09-22T15:01:05.138Z,33.01,74.09

2026-09-22T15:01:10.157Z,33,74.08

2026-09-22T15:01:15.165Z,32.99,74.07

2026-09-22T15:01:20.156Z,33.01,74

2026-09-22T15:01:25.156Z,32.99,74.07

2026-09-22T15:01:30.155Z,32.98,74.12

2026-09-22T15:01:35.156Z,33,74.1

2026-09-22T15:01:40.156Z,32.99,74.11

2026-09-22T15:01:45.172Z,32.97,74.08

2026-09-22T15:01:50.154Z,32.97,74.02

2026-09-22T15:01:55.156Z,32.99,74.06

2026-09-22T15:02:00.156Z,33.01,74.08

2026-09-22T15:02:05.156Z,33.01,74.06

2026-09-22T15:02:10.170Z,32.98,74.09

2026-09-22T15:02:15.179Z,33,74.12

2026-09-22T15:02:20.168Z,33.01,74.08

2026-09-22T15:02:25.166Z,32.99,74.08

2026-09-22T15:02:30.168Z,33.01,74.06

2026-09-22T15:02:35.168Z,33,74.06

2026-09-22T15:02:40.175Z,33.01,74.01

2026-09-22T15:02:45.187Z,33.01,74.03

2026-09-22T15:02:50.175Z,33.03,74.02

2026-09-22T15:02:55.174Z,33.05,73.99

2026-09-22T15:03:00.175Z,33.03,73.97

2026-09-22T15:03:05.176Z,33.04,74.02

2026-09-22T15:03:10.177Z,33.05,74.01

2026-09-22T15:03:15.192Z,33.04,74.03

2026-09-22T15:03:20.178Z,33.04,73.95

2026-09-22T15:03:25.176Z,33.05,73.96

2026-09-22T15:03:30.176Z,33.06,73.95

2026-09-22T15:03:35.180Z,33.05,73.98

2026-09-22T15:03:40.180Z,33.05,73.95

2026-09-22T15:03:45.188Z,33.04,73.93

2026-09-22T15:03:50.178Z,33.03,73.99

2026-09-22T15:03:55.180Z,33.05,73.99

2026-09-22T15:04:00.179Z,33.04,73.9

2026-09-22T15:04:05.179Z,33.04,73.93

2026-09-22T15:04:10.188Z,33.03,73.98

2026-09-22T15:04:15.199Z,33.03,74

2026-09-22T15:04:20.185Z,33.04,74.02

2026-09-22T15:04:25.188Z,33.04,74.01

2026-09-22T15:04:30.188Z,33.05,74.05

2026-09-22T15:04:35.188Z,33.03,73.93

2026-09-22T15:04:40.189Z,33.05,74

2026-09-22T15:04:45.201Z,33.03,74.05

2026-09-22T15:04:50.189Z,33.02,74.03

2026-09-22T15:04:55.190Z,33.01,74.03

2026-09-22T15:05:00.189Z,33,74.04

2026-09-22T15:05:05.190Z,32.99,74.04

2026-09-22T15:05:10.196Z,33,74.11

2026-09-22T15:05:15.207Z,32.98,74.11

2026-09-22T15:05:20.194Z,33,74.12

2026-09-22T15:05:25.196Z,33,74.1

2026-09-22T15:05:30.195Z,32.96,74.14

2026-09-22T15:05:35.199Z,32.98,74.24

2026-09-22T15:05:40.206Z,33,74.19

2026-09-22T15:05:45.220Z,32.95,74.2

2026-09-22T15:05:50.209Z,32.98,74.22

2026-09-22T15:05:55.206Z,32.98,74.22

2026-09-22T15:06:00.204Z,33,74.17

2026-09-22T15:06:05.206Z,33.01,74.09

2026-09-22T15:06:10.221Z,32.99,74.16

2026-09-22T15:06:15.230Z,33,74.22

2026-09-22T15:06:20.220Z,33,74.17

2026-09-22T15:06:25.220Z,33.01,74.11

2026-09-22T15:06:30.221Z,33.02,74.15

2026-09-22T15:06:35.220Z,32.99,74.14

2026-09-22T15:06:40.235Z,33.02,74.12

2026-09-22T15:06:45.246Z,33.02,74.16

2026-09-22T15:06:50.236Z,33.02,74.17

2026-09-22T15:06:55.236Z,32.99,74.11

2026-09-22T15:07:00.235Z,33.02,74.12

2026-09-22T15:07:05.234Z,33,74.16

2026-09-22T15:07:10.239Z,33,74.17

2026-09-22T15:07:15.247Z,32.99,74.2

2026-09-22T15:07:20.236Z,32.99,74.18

2026-09-22T15:07:25.237Z,33,74.09

2026-09-22T15:07:30.236Z,32.99,74.1

2026-09-22T15:07:35.237Z,33.01,74.12

2026-09-22T15:07:40.246Z,33,74.09

2026-09-22T15:07:45.256Z,33,74.14

2026-09-22T15:07:50.245Z,32.99,74.13

2026-09-22T15:07:55.246Z,32.98,74.12

2026-09-22T15:08:00.245Z,32.99,74.16

2026-09-22T15:08:05.245Z,33,74.13

2026-09-22T15:08:10.255Z,32.99,74.11

2026-09-22T15:08:15.267Z,33,74.15

2026-09-22T15:08:20.252Z,33.01,74.15

2026-09-22T15:08:25.253Z,32.99,74.12

2026-09-22T15:08:30.252Z,33,74.02

2026-09-22T15:08:35.251Z,32.99,74.09

2026-09-22T15:08:40.252Z,33.01,74.08

2026-09-22T15:08:45.264Z,33.01,74.14

2026-09-22T15:08:50.252Z,33.01,74.11

2026-09-22T15:08:55.252Z,33,74.17

2026-09-22T15:09:00.252Z,32.99,74.11

2026-09-22T15:09:05.253Z,33.02,74.12

2026-09-22T15:09:10.277Z,33.01,74.13

2026-09-22T15:09:15.284Z,32.99,74.15

2026-09-22T15:09:20.274Z,33.01,74.06

2026-09-22T15:09:25.276Z,33,74.17

2026-09-22T15:09:30.276Z,32.99,74.07

2026-09-22T15:09:35.275Z,32.98,74.17

2026-09-22T15:09:40.280Z,32.97,74.16

2026-09-22T15:09:45.294Z,32.96,74.2

2026-09-22T15:09:50.280Z,32.97,74.2

2026-09-22T15:09:55.281Z,32.97,74.26

2026-09-22T15:10:00.280Z,32.96,74.27

2026-09-22T15:10:05.282Z,32.95,74.26

2026-09-22T15:10:10.299Z,32.94,74.25

2026-09-22T15:10:15.310Z,32.93,74.35

2026-09-22T15:10:20.299Z,32.95,74.28

2026-09-22T15:10:25.298Z,32.94,74.29

2026-09-22T15:10:30.300Z,32.95,74.26

2026-09-22T15:10:35.299Z,32.93,74.32

2026-09-22T15:10:40.301Z,32.93,74.27

2026-09-22T15:10:45.314Z,32.94,74.44

2026-09-22T15:10:50.299Z,32.93,74.34

2026-09-22T15:10:55.300Z,32.94,74.35

2026-09-22T15:11:00.299Z,32.92,74.38

2026-09-22T15:11:05.300Z,32.91,74.43

2026-09-22T15:11:10.309Z,32.92,74.28

2026-09-22T15:11:15.317Z,32.92,74.38

2026-09-22T15:11:20.308Z,32.9,74.42

2026-09-22T15:11:25.305Z,32.91,74.39

2026-09-22T15:11:30.304Z,32.91,74.38

2026-09-22T15:11:35.307Z,32.91,74.34

2026-09-22T15:11:40.312Z,32.93,74.38

2026-09-22T15:11:45.322Z,32.91,74.44

2026-09-22T15:11:50.310Z,32.92,74.4

2026-09-22T15:11:55.311Z,32.94,74.39

2026-09-22T15:12:00.311Z,32.96,74.36

2026-09-22T15:12:05.312Z,32.95,74.38

2026-09-22T15:12:10.312Z,32.94,74.42

2026-09-22T15:12:15.328Z,32.95,74.37

2026-09-22T15:12:20.312Z,32.95,74.33

2026-09-22T15:12:25.312Z,32.96,74.33

2026-09-22T15:12:30.311Z,32.94,74.32

2026-09-22T15:12:35.314Z,32.97,74.29

2026-09-22T15:12:40.312Z,32.97,74.3

2026-09-22T15:12:45.327Z,32.99,74.3

2026-09-22T15:12:50.313Z,33,74.24

2026-09-22T15:12:55.314Z,33.01,74.24

2026-09-22T15:13:00.314Z,33.02,74.12

2026-09-22T15:13:05.315Z,33.01,74.16

2026-09-22T15:13:10.331Z,33.02,74.14

2026-09-22T15:13:15.352Z,33.02,74.12

2026-09-22T15:13:20.333Z,33.02,74.11

2026-09-22T15:13:25.333Z,33.05,74.02

2026-09-22T15:13:30.329Z,33.04,74.07

2026-09-22T15:13:35.333Z,33.05,74.07

2026-09-22T15:13:40.336Z,33.07,73.97

2026-09-22T15:13:45.350Z,33.06,73.99

2026-09-22T15:13:50.333Z,33.07,73.93

2026-09-22T15:13:55.337Z,33.09,73.86

2026-09-22T15:14:00.336Z,33.08,73.89

2026-09-22T15:14:05.337Z,33.09,73.84

2026-09-22T15:14:10.347Z,33.12,73.83

2026-09-22T15:14:15.357Z,33.11,73.81

2026-09-22T15:14:20.343Z,33.13,73.75

2026-09-22T15:14:25.342Z,33.12,73.73

2026-09-22T15:14:30.343Z,33.16,73.76

2026-09-22T15:14:35.346Z,33.16,73.69

2026-09-22T15:14:40.346Z,33.14,73.68

2026-09-22T15:14:45.358Z,33.15,73.72

2026-09-22T15:14:50.348Z,33.17,73.66

2026-09-22T15:14:55.344Z,33.17,73.6

2026-09-22T15:15:00.345Z,33.2,73.56

2026-09-22T15:15:05.348Z,33.19,73.53

2026-09-22T15:15:10.349Z,33.2,73.57

2026-09-22T15:15:15.361Z,33.2,73.5

2026-09-22T15:15:20.348Z,33.19,73.5

2026-09-22T15:15:25.350Z,33.21,73.38

2026-09-22T15:15:30.350Z,33.19,73.46

2026-09-22T15:15:35.349Z,33.23,73.39

2026-09-22T15:15:40.357Z,33.21,73.4

2026-09-22T15:15:45.365Z,33.22,73.41

2026-09-22T15:15:50.353Z,33.24,73.4

2026-09-22T15:15:55.352Z,33.23,73.4

2026-09-22T15:16:00.353Z,33.22,73.27

2026-09-22T15:16:05.353Z,33.22,73.34

2026-09-22T15:16:10.353Z,33.25,73.3

2026-09-22T15:16:15.372Z,33.22,73.28

2026-09-22T15:16:20.352Z,33.24,73.27

2026-09-22T15:16:25.354Z,33.24,73.31

2026-09-22T15:16:30.356Z,33.25,73.27

2026-09-22T15:16:35.356Z,33.25,73.26

2026-09-22T15:16:40.364Z,33.27,73.25

2026-09-22T15:16:45.379Z,33.26,73.25

2026-09-22T15:16:50.364Z,33.28,73.2

2026-09-22T15:16:55.365Z,33.3,73.22

2026-09-22T15:17:00.366Z,33.29,73.17

2026-09-22T15:17:05.363Z,33.31,73.18

2026-09-22T15:17:10.376Z,33.29,73.16

2026-09-22T15:17:15.387Z,33.3,73.15

2026-09-22T15:17:20.376Z,33.29,73.11

2026-09-22T15:17:25.377Z,33.28,73.04

2026-09-22T15:17:30.374Z,33.32,73.09

2026-09-22T15:17:35.376Z,33.33,73.07

2026-09-22T15:17:40.385Z,33.33,73.12

2026-09-22T15:17:45.397Z,33.32,73.08

2026-09-22T15:17:50.384Z,33.34,73.04

2026-09-22T15:17:55.386Z,33.33,73.02

2026-09-22T15:18:00.384Z,33.35,73.02

2026-09-22T15:18:05.384Z,33.35,73.07

2026-09-22T15:18:10.398Z,33.34,72.95

2026-09-22T15:18:15.407Z,33.37,72.98

2026-09-22T15:18:20.397Z,33.37,72.93

2026-09-22T15:18:25.396Z,33.38,72.92

2026-09-22T15:18:30.395Z,33.38,72.86

2026-09-22T15:18:35.396Z,33.41,72.86

2026-09-22T15:18:40.399Z,33.41,72.83

2026-09-22T15:18:45.413Z,33.42,72.82

2026-09-22T15:18:50.396Z,33.43,72.87

2026-09-22T15:18:55.398Z,33.43,72.8

2026-09-22T15:19:00.398Z,33.43,72.8

2026-09-22T15:19:05.399Z,33.42,72.72

2026-09-22T15:19:10.400Z,33.43,72.75

2026-09-22T15:19:15.412Z,33.44,72.74

2026-09-22T15:19:20.399Z,33.45,72.59

2026-09-22T15:19:25.401Z,33.47,72.6

2026-09-22T15:19:30.400Z,33.46,72.57

2026-09-22T15:19:35.400Z,33.47,72.59

2026-09-22T15:19:40.409Z,33.47,72.56

2026-09-22T15:19:45.419Z,33.46,72.64

2026-09-22T15:19:50.406Z,33.49,72.53

2026-09-22T15:19:55.408Z,33.49,72.6

2026-09-22T15:20:00.408Z,33.47,72.57

2026-09-22T15:20:05.408Z,33.5,72.54

2026-09-22T15:20:10.417Z,33.5,72.53

2026-09-22T15:20:15.426Z,33.5,72.51

2026-09-22T15:20:20.412Z,33.51,72.47

2026-09-22T15:20:25.413Z,33.5,72.48

2026-09-22T15:20:30.417Z,33.51,72.47

2026-09-22T15:20:35.414Z,33.53,72.42

2026-09-22T15:20:40.426Z,33.51,72.42

2026-09-22T15:20:45.449Z,33.51,72.39

2026-09-22T15:20:50.426Z,33.54,72.33

2026-09-22T15:20:55.427Z,33.54,72.37

2026-09-22T15:21:00.426Z,33.54,72.3

2026-09-22T15:21:05.428Z,33.53,72.32

2026-09-22T15:21:10.435Z,33.53,72.25

2026-09-22T15:21:15.443Z,33.53,72.4

2026-09-22T15:21:20.432Z,33.56,72.27

2026-09-22T15:21:25.431Z,33.52,72.29

2026-09-22T15:21:30.433Z,33.55,72.24

2026-09-22T15:21:35.430Z,33.57,72.22

2026-09-22T15:21:40.450Z,33.57,72.21

2026-09-22T15:21:45.462Z,33.55,72.31

2026-09-22T15:21:50.451Z,33.57,72.2

2026-09-22T15:21:55.451Z,33.58,72.24

2026-09-22T15:22:00.451Z,33.56,72.23

2026-09-22T15:22:05.451Z,33.58,72.23

2026-09-22T15:22:10.466Z,33.57,72.2

2026-09-22T15:22:15.478Z,33.56,72.2

2026-09-22T15:22:20.467Z,33.56,72.15

2026-09-22T15:22:25.463Z,33.58,72.21

2026-09-22T15:22:30.466Z,33.56,72.17

2026-09-22T15:22:35.467Z,33.57,72.19

2026-09-22T15:22:40.468Z,33.57,72.17

2026-09-22T15:22:45.479Z,33.58,72.22

2026-09-22T15:22:50.465Z,33.59,72.21

2026-09-22T15:22:55.468Z,33.59,72.24

2026-09-22T15:23:00.468Z,33.59,72.18

2026-09-22T15:23:05.467Z,33.6,72.22

2026-09-22T15:23:10.467Z,33.6,72.16

2026-09-22T15:23:15.482Z,33.6,72.2

2026-09-22T15:23:20.470Z,33.6,72.14

2026-09-22T15:23:25.469Z,33.62,72.11

2026-09-22T15:23:30.469Z,33.62,72.11

2026-09-22T15:23:35.468Z,33.61,72.15

2026-09-22T15:23:40.471Z,33.61,72.14

2026-09-22T15:23:45.480Z,33.63,72.13

2026-09-22T15:23:50.472Z,33.64,72.08

2026-09-22T15:23:55.472Z,33.63,72.12

2026-09-22T15:24:00.471Z,33.63,72.04

2026-09-22T15:24:05.476Z,33.65,72.1

2026-09-22T15:24:10.488Z,33.66,72.05

2026-09-22T15:24:15.490Z,33.64,72.05

2026-09-22T15:24:20.483Z,33.67,72.02

2026-09-22T15:24:25.482Z,33.66,72

2026-09-22T15:24:30.482Z,33.68,71.98

2026-09-22T15:24:35.483Z,33.67,71.97

2026-09-22T15:24:40.497Z,33.66,71.96

2026-09-22T15:24:45.512Z,33.69,71.94

2026-09-22T15:24:50.497Z,33.66,71.91

2026-09-22T15:24:55.498Z,33.67,71.9

2026-09-22T15:25:00.497Z,33.7,71.93

2026-09-22T15:25:05.510Z,33.71,71.88

2026-09-22T15:25:10.500Z,33.71,71.83

2026-09-22T15:25:15.499Z,33.72,71.8

2026-09-22T15:25:20.499Z,33.72,71.8

2026-09-22T15:25:25.501Z,33.72,71.8

2026-09-22T15:25:30.511Z,33.75,71.8

2026-09-22T15:25:35.524Z,33.73,71.81

2026-09-22T15:25:40.510Z,33.75,71.78

2026-09-22T15:25:45.510Z,33.72,71.8

2026-09-22T15:25:50.510Z,33.72,71.77

2026-09-22T15:25:55.511Z,33.75,71.74

2026-09-22T15:26:00.521Z,33.75,71.74

2026-09-22T15:26:05.531Z,33.73,71.72

2026-09-22T15:26:10.518Z,33.72,71.7

2026-09-22T15:26:15.520Z,33.72,71.69

2026-09-22T15:26:20.520Z,33.74,71.7

2026-09-22T15:26:25.520Z,33.75,71.74

2026-09-22T15:26:30.521Z,33.74,71.66

2026-09-22T15:26:35.531Z,33.74,71.69

2026-09-22T15:26:40.521Z,33.74,71.68

2026-09-22T15:26:45.522Z,33.75,71.61

2026-09-22T15:26:50.521Z,33.75,71.71

2026-09-22T15:26:55.522Z,33.74,71.67

2026-09-22T15:27:00.522Z,33.75,71.63

2026-09-22T15:27:05.533Z,33.76,71.65

2026-09-22T15:27:10.522Z,33.77,71.64

2026-09-22T15:27:15.524Z,33.78,71.59

2026-09-22T15:27:20.524Z,33.77,71.62

2026-09-22T15:27:25.524Z,33.77,71.6

2026-09-22T15:27:30.541Z,33.76,71.59

2026-09-22T15:27:35.552Z,33.75,71.62

2026-09-22T15:27:40.536Z,33.79,71.58

2026-09-22T15:27:45.535Z,33.79,71.51

2026-09-22T15:27:50.535Z,33.78,71.55

2026-09-22T15:27:55.541Z,33.79,71.53

2026-09-22T15:28:00.552Z,33.8,71.53

2026-09-22T15:28:05.569Z,33.81,71.53

2026-09-22T15:28:10.552Z,33.79,71.45

2026-09-22T15:28:15.552Z,33.8,71.41

2026-09-22T15:28:20.552Z,33.81,71.47

2026-09-22T15:28:25.551Z,33.8,71.41

2026-09-22T15:28:30.566Z,33.82,71.45

2026-09-22T15:28:35.578Z,33.82,71.44

2026-09-22T15:28:40.561Z,33.82,71.4

2026-09-22T15:28:45.563Z,33.81,71.45

2026-09-22T15:28:50.565Z,33.8,71.45

2026-09-22T15:28:55.566Z,33.8,71.41

2026-09-22T15:29:00.565Z,33.82,71.41

2026-09-22T15:29:05.576Z,33.8,71.43

2026-09-22T15:29:10.568Z,33.81,71.43

2026-09-22T15:29:15.566Z,33.83,71.43

2026-09-22T15:29:20.565Z,33.82,71.37

2026-09-22T15:29:25.567Z,33.82,71.43

2026-09-22T15:29:30.571Z,33.79,71.38

2026-09-22T15:29:35.581Z,33.81,71.43

2026-09-22T15:29:40.570Z,33.82,71.37

2026-09-22T15:29:45.571Z,33.8,71.39

2026-09-22T15:29:50.571Z,33.78,71.4

2026-09-22T15:29:55.571Z,33.81,71.42

2026-09-22T15:30:00.580Z,33.8,71.38

2026-09-22T15:30:05.588Z,33.81,71.47

2026-09-22T15:30:10.579Z,33.81,71.39

2026-09-22T15:30:15.579Z,33.81,71.36

2026-09-22T15:30:20.582Z,33.79,71.39

2026-09-22T15:30:25.581Z,33.81,71.36

2026-09-22T15:30:30.578Z,33.8,71.39

2026-09-22T15:30:35.589Z,33.81,71.42

2026-09-22T15:30:40.579Z,33.82,71.38

2026-09-22T15:30:45.580Z,33.82,71.35

2026-09-22T15:30:50.580Z,33.82,71.36

2026-09-22T15:30:55.585Z,33.82,71.38

2026-09-22T15:31:00.584Z,33.81,71.29

2026-09-22T15:31:05.598Z,33.82,71.38

2026-09-22T15:31:10.586Z,33.81,71.36

2026-09-22T15:31:15.585Z,33.82,71.37

2026-09-22T15:31:20.588Z,33.81,71.38

2026-09-22T15:31:25.587Z,33.84,71.3

2026-09-22T15:31:30.595Z,33.84,71.34

2026-09-22T15:31:35.611Z,33.83,71.31

2026-09-22T15:31:40.595Z,33.83,71.27

2026-09-22T15:31:45.595Z,33.83,71.26

2026-09-22T15:31:50.596Z,33.83,71.31

2026-09-22T15:31:55.597Z,33.84,71.29

2026-09-22T15:32:00.612Z,33.85,71.26

2026-09-22T15:32:05.622Z,33.84,71.28

2026-09-22T15:32:10.611Z,33.83,71.22

2026-09-22T15:32:15.612Z,33.84,71.23

2026-09-22T15:32:20.611Z,33.85,71.23

2026-09-22T15:32:25.613Z,33.85,71.17

2026-09-22T15:32:30.618Z,33.86,71.2

2026-09-22T15:32:35.632Z,33.84,71.29

2026-09-22T15:32:40.618Z,33.86,71.26

2026-09-22T15:32:45.619Z,33.87,71.22

2026-09-22T15:32:50.618Z,33.84,71.22

2026-09-22T15:32:55.617Z,33.87,71.22

2026-09-22T15:33:00.624Z,33.86,71.17

2026-09-22T15:33:05.639Z,33.87,71.2

2026-09-22T15:33:10.624Z,33.88,71.15

2026-09-22T15:33:15.625Z,33.88,71.2

2026-09-22T15:33:20.624Z,33.87,71.21

2026-09-22T15:33:25.623Z,33.87,71.15

2026-09-22T15:33:30.628Z,33.88,71.17

2026-09-22T15:33:35.638Z,33.86,71.16

2026-09-22T15:33:40.626Z,33.88,71.14

2026-09-22T15:33:45.627Z,33.9,71.13

2026-09-22T15:33:50.627Z,33.86,71.13

2026-09-22T15:33:55.627Z,33.89,71.11

2026-09-22T15:34:00.629Z,33.87,71.13

2026-09-22T15:34:05.646Z,33.88,71.15

2026-09-22T15:34:10.630Z,33.86,71.13

2026-09-22T15:34:15.631Z,33.87,71.14

2026-09-22T15:34:20.630Z,33.9,71.15

2026-09-22T15:34:25.629Z,33.88,71.21

2026-09-22T15:34:30.629Z,33.9,71.21

2026-09-22T15:34:35.647Z,33.87,71.29

2026-09-22T15:34:40.634Z,33.9,71.19

2026-09-22T15:34:45.638Z,33.89,71.17

2026-09-22T15:34:50.637Z,33.89,71.19

2026-09-22T15:34:55.637Z,33.9,71.12

2026-09-22T15:35:00.637Z,33.89,71.15

2026-09-22T15:35:05.646Z,33.87,71.23

2026-09-22T15:35:10.639Z,33.9,71.15

2026-09-22T15:35:15.638Z,33.88,71.05

2026-09-22T15:35:20.639Z,33.88,71.12

2026-09-22T15:35:25.641Z,33.88,71.06

2026-09-22T15:35:30.639Z,33.88,71.07

2026-09-22T15:35:35.652Z,33.9,71.12

2026-09-22T15:35:40.639Z,33.91,71.06

2026-09-22T15:35:45.642Z,33.89,71.11

2026-09-22T15:35:50.640Z,33.89,71.08

2026-09-22T15:35:55.643Z,33.9,71.11

2026-09-22T15:36:00.656Z,33.9,71.09

2026-09-22T15:36:05.667Z,33.88,71.11

2026-09-22T15:36:10.653Z,33.89,71.05

2026-09-22T15:36:15.656Z,33.91,71.01

2026-09-22T15:36:20.657Z,33.92,71.04

2026-09-22T15:36:25.654Z,33.91,71.06

2026-09-22T15:36:30.676Z,33.89,71.03

2026-09-22T15:36:35.684Z,33.9,71.04

2026-09-22T15:36:40.670Z,33.91,71.02

2026-09-22T15:36:45.672Z,33.92,71.08

2026-09-22T15:36:50.672Z,33.91,71

2026-09-22T15:36:55.672Z,33.92,70.99

2026-09-22T15:37:00.678Z,33.9,71

2026-09-22T15:37:05.691Z,33.89,71.06

2026-09-22T15:37:10.679Z,33.91,70.94

2026-09-22T15:37:15.679Z,33.92,71.02

2026-09-22T15:37:20.678Z,33.9,70.99

2026-09-22T15:37:25.678Z,33.91,71.02

2026-09-22T15:37:30.680Z,33.9,71.04

2026-09-22T15:37:35.694Z,33.92,71.01

2026-09-22T15:37:40.680Z,33.91,70.96

2026-09-22T15:37:45.680Z,33.9,71.01

2026-09-22T15:37:50.680Z,33.9,71

2026-09-22T15:37:55.679Z,33.92,70.97

2026-09-22T15:38:00.681Z,33.91,70.97

2026-09-22T15:38:05.692Z,33.92,71.03

2026-09-22T15:38:10.682Z,33.91,70.96

2026-09-22T15:38:15.683Z,33.93,71.03

2026-09-22T15:38:20.684Z,33.9,70.95

2026-09-22T15:38:25.684Z,33.91,71.06

2026-09-22T15:38:30.694Z,33.92,71.01

2026-09-22T15:38:35.704Z,33.91,71.02

2026-09-22T15:38:40.693Z,33.91,71

2026-09-22T15:38:45.693Z,33.92,71.04

2026-09-22T15:38:50.693Z,33.92,70.98

2026-09-22T15:38:55.694Z,33.91,70.97

2026-09-22T15:39:00.707Z,33.93,71

2026-09-22T15:39:05.722Z,33.92,70.99

2026-09-22T15:39:10.705Z,33.92,71

2026-09-22T15:39:15.709Z,33.91,71.01

2026-09-22T15:39:20.708Z,33.91,70.97

2026-09-22T15:39:25.710Z,33.9,70.96

2026-09-22T15:39:30.708Z,33.92,70.96

2026-09-22T15:39:35.724Z,33.9,71

2026-09-22T15:39:40.711Z,33.92,70.96

2026-09-22T15:39:45.713Z,33.92,70.96

2026-09-22T15:39:50.710Z,33.92,70.89

2026-09-22T15:39:55.712Z,33.92,70.95

2026-09-22T15:40:00.711Z,33.94,70.95

2026-09-22T15:40:05.723Z,33.91,71.04

2026-09-22T15:40:10.710Z,33.93,70.95

2026-09-22T15:40:15.713Z,33.93,70.95

2026-09-22T15:40:20.712Z,33.93,70.92

2026-09-22T15:40:25.712Z,33.95,70.91

2026-09-22T15:40:30.715Z,33.94,70.9

2026-09-22T15:40:35.723Z,33.92,70.95

2026-09-22T15:40:40.713Z,33.91,70.93

2026-09-22T15:40:45.713Z,33.93,70.92

2026-09-22T15:40:50.713Z,33.93,70.95

2026-09-22T15:40:55.717Z,33.92,70.97

2026-09-22T15:41:00.725Z,33.92,70.93

2026-09-22T15:41:05.734Z,33.91,70.95

2026-09-22T15:41:10.726Z,33.94,71.03

2026-09-22T15:41:15.724Z,33.94,70.95

2026-09-22T15:41:20.725Z,33.92,70.98

2026-09-22T15:41:25.726Z,33.93,71.03

2026-09-22T15:41:30.736Z,33.91,71.04

2026-09-22T15:41:35.751Z,33.92,71.05

2026-09-22T15:41:40.738Z,33.92,71.05

2026-09-22T15:41:45.736Z,33.95,71.13

2026-09-22T15:41:50.739Z,33.92,71.1

2026-09-22T15:41:55.736Z,33.91,71.08

2026-09-22T15:42:00.745Z,33.91,71.07

2026-09-22T15:42:05.761Z,33.9,71.12

2026-09-22T15:42:10.749Z,33.9,70.86

2026-09-22T15:42:15.747Z,33.88,70.77

2026-09-22T15:42:20.748Z,33.89,70.89

2026-09-22T15:42:25.746Z,33.89,70.97

2026-09-22T15:42:30.768Z,33.89,70.94

2026-09-22T15:42:35.780Z,33.86,71.07

2026-09-22T15:42:40.768Z,33.86,71.06

2026-09-22T15:42:45.769Z,33.87,71.12

2026-09-22T15:42:50.768Z,33.84,71.13

2026-09-22T15:42:55.768Z,33.86,71.12

2026-09-22T15:43:00.767Z,33.86,71.13

2026-09-22T15:43:05.781Z,33.83,71.21

2026-09-22T15:43:10.770Z,33.86,71.14

2026-09-22T15:43:15.770Z,33.86,71.22

2026-09-22T15:43:20.770Z,33.84,71.24

2026-09-22T15:43:25.772Z,33.83,71.24

2026-09-22T15:43:30.778Z,33.83,71.26

2026-09-22T15:43:35.793Z,33.82,71.3

2026-09-22T15:43:40.778Z,33.84,71.22

2026-09-22T15:43:45.779Z,33.84,71.24

2026-09-22T15:43:50.779Z,33.84,71.19

2026-09-22T15:43:55.778Z,33.84,71.18

2026-09-22T15:44:00.780Z,33.84,71.18

2026-09-22T15:44:05.790Z,33.83,71.19

2026-09-22T15:44:10.780Z,33.83,71.19

2026-09-22T15:44:15.780Z,33.85,71.2

2026-09-22T15:44:20.781Z,33.83,71.19

2026-09-22T15:44:25.780Z,33.85,71.25

2026-09-22T15:44:30.779Z,33.83,71.15

2026-09-22T15:44:35.790Z,33.83,71.24

2026-09-22T15:44:40.780Z,33.82,71.14

2026-09-22T15:44:45.779Z,33.85,71.16

2026-09-22T15:44:50.781Z,33.85,71.09

2026-09-22T15:44:55.784Z,33.84,71.1

2026-09-22T15:45:00.783Z,33.83,71.04

2026-09-22T15:45:05.793Z,33.84,71.11

2026-09-22T15:45:10.786Z,33.85,71.07

2026-09-22T15:45:15.781Z,33.84,71.12

2026-09-22T15:45:20.783Z,33.87,71.13

2026-09-22T15:45:25.784Z,33.85,71.08

2026-09-22T15:45:30.783Z,33.84,71.05

2026-09-22T15:45:35.807Z,33.83,71.18

2026-09-22T15:45:40.785Z,33.85,71.07

2026-09-22T15:45:45.791Z,33.86,71.12

2026-09-22T15:45:50.789Z,33.83,71.12

2026-09-22T15:45:55.789Z,33.84,71.14

2026-09-22T15:46:00.794Z,33.84,71.1

2026-09-22T15:46:05.805Z,33.84,71.18

2026-09-22T15:46:10.792Z,33.85,71.17

2026-09-22T15:46:15.795Z,33.86,71.16

2026-09-22T15:46:20.795Z,33.85,71.15

2026-09-22T15:46:25.795Z,33.85,71.13

2026-09-22T15:46:30.806Z,33.83,71.14

2026-09-22T15:46:35.816Z,33.83,71.18

2026-09-22T15:46:40.804Z,33.83,71.09

2026-09-22T15:46:45.807Z,33.85,71.2

2026-09-22T15:46:50.805Z,33.84,71.15

2026-09-22T15:46:55.806Z,33.85,71.14

2026-09-22T15:47:00.817Z,33.84,71.18

2026-09-22T15:47:05.832Z,33.83,71.23

2026-09-22T15:47:10.815Z,33.84,71.18

2026-09-22T15:47:15.817Z,33.83,71.14

2026-09-22T15:47:20.816Z,33.86,71.17

2026-09-22T15:47:25.817Z,33.84,71.14

2026-09-22T15:47:30.824Z,33.85,71.16

2026-09-22T15:47:35.834Z,33.83,71.2

2026-09-22T15:47:40.822Z,33.84,71.23

2026-09-22T15:47:45.821Z,33.85,71.16

2026-09-22T15:47:50.823Z,33.83,71.2

2026-09-22T15:47:55.823Z,33.84,71.23

2026-09-22T15:48:00.829Z,33.84,71.23

2026-09-22T15:48:05.839Z,33.83,71.22

2026-09-22T15:48:10.827Z,33.84,71.2

2026-09-22T15:48:15.827Z,33.83,71.3

2026-09-22T15:48:20.827Z,33.84,71.23

2026-09-22T15:48:25.828Z,33.85,71.29

2026-09-22T15:48:30.834Z,33.84,71.28

2026-09-22T15:48:35.845Z,33.84,71.34

2026-09-22T15:48:40.832Z,33.84,71.23

2026-09-22T15:48:45.832Z,33.85,71.25

2026-09-22T15:48:50.832Z,33.84,71.27

2026-09-22T15:48:55.832Z,33.84,71.28

2026-09-22T15:49:00.838Z,33.84,71.28

2026-09-22T15:49:05.851Z,33.82,71.32

2026-09-22T15:49:10.837Z,33.84,71.26

2026-09-22T15:49:15.841Z,33.84,71.26

2026-09-22T15:49:20.840Z,33.84,71.29

2026-09-22T15:49:25.840Z,33.84,71.32

2026-09-22T15:49:30.843Z,33.84,71.24

2026-09-22T15:49:35.860Z,33.84,71.34

2026-09-22T15:49:40.840Z,33.86,71.27

2026-09-22T15:49:45.841Z,33.83,71.24

2026-09-22T15:49:50.840Z,33.85,71.26

2026-09-22T15:49:55.840Z,33.86,71.28

2026-09-22T15:50:00.850Z,33.84,71.29

2026-09-22T15:50:05.864Z,33.85,71.31

2026-09-22T15:50:10.850Z,33.83,71.33

2026-09-22T15:50:15.851Z,33.85,71.25

2026-09-22T15:50:20.851Z,33.85,71.23

2026-09-22T15:50:25.850Z,33.87,71.22

2026-09-22T15:50:30.864Z,33.86,71.19

2026-09-22T15:50:35.878Z,33.84,71.23

2026-09-22T15:50:40.863Z,33.84,71.2

2026-09-22T15:50:45.862Z,33.85,71.21

2026-09-22T15:50:50.864Z,33.87,71.22

2026-09-22T15:50:55.864Z,33.86,71.19

2026-09-22T15:51:00.881Z,33.86,71.16

2026-09-22T15:51:05.892Z,33.85,71.29

2026-09-22T15:51:10.880Z,33.86,71.13

2026-09-22T15:51:15.880Z,33.86,71.19

2026-09-22T15:51:20.880Z,33.85,71.17

2026-09-22T15:51:25.880Z,33.87,71.18

2026-09-22T15:51:30.883Z,33.87,71.19

2026-09-22T15:51:35.894Z,33.86,71.22

2026-09-22T15:51:40.883Z,33.86,71.15

2026-09-22T15:51:45.884Z,33.86,71.19

2026-09-22T15:51:50.884Z,33.86,71.23

2026-09-22T15:51:55.884Z,33.87,71.19

2026-09-22T15:52:00.886Z,33.85,71.2

2026-09-22T15:52:05.898Z,33.86,71.23

2026-09-22T15:52:10.886Z,33.85,71.2

2026-09-22T15:52:15.888Z,33.85,71.23

2026-09-22T15:52:20.886Z,33.85,71.27

2026-09-22T15:52:25.888Z,33.85,71.31

2026-09-22T15:52:30.899Z,33.84,71.22

2026-09-22T15:52:35.911Z,33.83,71.28

2026-09-22T15:52:40.898Z,33.83,71.29

2026-09-22T15:52:45.898Z,33.81,71.27

2026-09-22T15:52:50.899Z,33.83,71.31

2026-09-22T15:52:55.899Z,33.83,71.31

2026-09-22T15:53:00.910Z,33.83,71.35

2026-09-22T15:53:05.922Z,33.81,71.34

2026-09-22T15:53:10.911Z,33.82,71.29

2026-09-22T15:53:15.909Z,33.83,71.33

2026-09-22T15:53:20.907Z,33.82,71.34

2026-09-22T15:53:25.909Z,33.83,71.35

2026-09-22T15:53:30.917Z,33.8,71.34

2026-09-22T15:53:35.931Z,33.82,71.46

2026-09-22T15:53:40.915Z,33.79,71.42

2026-09-22T15:53:45.916Z,33.82,71.35

2026-09-22T15:53:50.916Z,33.81,71.37

2026-09-22T15:53:55.916Z,33.79,71.44

2026-09-22T15:54:00.924Z,33.81,71.43

2026-09-22T15:54:05.937Z,33.8,71.41

2026-09-22T15:54:10.923Z,33.8,71.44

2026-09-22T15:54:15.924Z,33.79,71.44

2026-09-22T15:54:20.925Z,33.8,71.4

2026-09-22T15:54:25.922Z,33.79,71.45

2026-09-22T15:54:30.924Z,33.78,71.49

2026-09-22T15:54:35.934Z,33.79,71.55

2026-09-22T15:54:40.925Z,33.77,71.45

2026-09-22T15:54:45.926Z,33.79,71.46

2026-09-22T15:54:50.926Z,33.76,71.52

2026-09-22T15:54:55.927Z,33.77,71.51

2026-09-22T15:55:00.937Z,33.76,71.54

2026-09-22T15:55:05.950Z,33.76,71.58

2026-09-22T15:55:10.937Z,33.77,71.52

2026-09-22T15:55:15.939Z,33.76,71.52

2026-09-22T15:55:20.937Z,33.77,71.55

2026-09-22T15:55:25.939Z,33.77,71.6

2026-09-22T15:55:30.944Z,33.77,71.59

2026-09-22T15:55:35.951Z,33.77,71.61

2026-09-22T15:55:40.940Z,33.74,71.55

2026-09-22T15:55:45.940Z,33.76,71.66

2026-09-22T15:55:50.940Z,33.76,71.63

2026-09-22T15:55:55.939Z,33.76,71.61

2026-09-22T15:56:00.941Z,33.78,71.54

2026-09-22T15:56:05.949Z,33.76,71.65

2026-09-22T15:56:10.940Z,33.77,71.59

2026-09-22T15:56:15.942Z,33.76,71.59

2026-09-22T15:56:20.942Z,33.77,71.6

2026-09-22T15:56:25.942Z,33.77,71.57

2026-09-22T15:56:30.946Z,33.75,71.59

2026-09-22T15:56:35.952Z,33.76,71.57

2026-09-22T15:56:40.941Z,33.76,71.51

2026-09-22T15:56:45.943Z,33.74,71.56

2026-09-22T15:56:50.942Z,33.77,71.59

2026-09-22T15:56:55.943Z,33.76,71.55

2026-09-22T15:57:00.962Z,33.77,71.6

2026-09-22T15:57:05.975Z,33.76,71.7

2026-09-22T15:57:10.962Z,33.77,71.58

2026-09-22T15:57:15.963Z,33.77,71.58

2026-09-22T15:57:20.965Z,33.76,71.63

2026-09-22T15:57:25.964Z,33.76,71.59

2026-09-22T15:57:30.985Z,33.76,71.63

2026-09-22T15:57:35.998Z,33.77,71.62

2026-09-22T15:57:40.983Z,33.75,71.57

2026-09-22T15:57:45.985Z,33.76,71.57

2026-09-22T15:57:50.986Z,33.76,71.64

2026-09-22T15:57:55.984Z,33.77,71.66

2026-09-22T15:58:00.990Z,33.77,71.68

2026-09-22T15:58:05.998Z,33.76,71.7

2026-09-22T15:58:10.990Z,33.77,71.66

2026-09-22T15:58:15.989Z,33.75,71.66

2026-09-22T15:58:20.989Z,33.76,71.71

2026-09-22T15:58:25.991Z,33.75,71.69

2026-09-22T15:58:30.998Z,33.76,71.71

2026-09-22T15:58:36.014Z,33.76,71.73

2026-09-22T15:58:40.997Z,33.76,71.69

2026-09-22T15:58:45.996Z,33.75,71.71

2026-09-22T15:58:50.997Z,33.75,71.66

2026-09-22T15:58:55.998Z,33.76,71.67

2026-09-22T15:59:01.006Z,33.76,71.69

2026-09-22T15:59:06.018Z,33.76,71.71

2026-09-22T15:59:11.005Z,33.75,71.68

2026-09-22T15:59:16.006Z,33.75,71.67

2026-09-22T15:59:21.005Z,33.75,71.62

2026-09-22T15:59:26.007Z,33.76,71.67

2026-09-22T15:59:31.006Z,33.76,71.63

2026-09-22T15:59:36.021Z,33.75,71.63

2026-09-22T15:59:41.006Z,33.73,71.65

2026-09-22T15:59:46.007Z,33.74,71.65

2026-09-22T15:59:51.006Z,33.74,71.63

2026-09-22T15:59:56.008Z,33.74,71.67

2026-09-22T16:00:01.016Z,33.75,71.65

2026-09-22T16:00:06.028Z,33.73,71.7

2026-09-22T16:00:11.014Z,33.72,71.64

2026-09-22T16:00:16.015Z,33.74,71.66

2026-09-22T16:00:21.019Z,33.75,71.61

2026-09-22T16:00:26.017Z,33.73,71.62

2026-09-22T16:00:31.033Z,33.73,71.6

2026-09-22T16:00:36.048Z,33.72,71.65

2026-09-22T16:00:41.029Z,33.74,71.66

2026-09-22T16:00:46.031Z,33.72,71.68

2026-09-22T16:00:51.030Z,33.73,71.76

2026-09-22T16:00:56.032Z,33.71,71.62

2026-09-22T16:01:01.036Z,33.73,71.62

2026-09-22T16:01:06.047Z,33.71,71.64

2026-09-22T16:01:11.036Z,33.72,71.67

2026-09-22T16:01:16.037Z,33.71,71.65

2026-09-22T16:01:21.036Z,33.71,71.65

2026-09-22T16:01:26.036Z,33.7,71.63

2026-09-22T16:01:31.049Z,33.73,71.71

2026-09-22T16:01:36.052Z,33.72,71.76

2026-09-22T16:01:41.044Z,33.7,71.69

2026-09-22T16:01:46.046Z,33.7,71.66

2026-09-22T16:01:51.045Z,33.69,71.68

2026-09-22T16:01:56.045Z,33.71,71.74

2026-09-22T16:02:01.052Z,33.7,71.74

2026-09-22T16:02:06.060Z,33.7,71.8

2026-09-22T16:02:11.050Z,33.71,71.77

2026-09-22T16:02:16.050Z,33.7,71.75

2026-09-22T16:02:21.052Z,33.72,71.77

2026-09-22T16:02:26.050Z,33.7,71.74

2026-09-22T16:02:31.052Z,33.7,71.81

2026-09-22T16:02:36.064Z,33.7,71.79

2026-09-22T16:02:41.054Z,33.73,71.82

2026-09-22T16:02:46.052Z,33.72,71.82

2026-09-22T16:02:51.050Z,33.71,71.81

2026-09-22T16:02:56.052Z,33.69,71.8

2026-09-22T16:03:01.052Z,33.7,71.79

2026-09-22T16:03:06.065Z,33.69,71.72

2026-09-22T16:03:11.052Z,33.7,71.72

2026-09-22T16:03:16.052Z,33.69,71.72

2026-09-22T16:03:21.053Z,33.7,71.77

2026-09-22T16:03:26.053Z,33.7,71.73

2026-09-22T16:03:31.054Z,33.68,71.79

2026-09-22T16:03:36.068Z,33.71,71.86

2026-09-22T16:03:41.055Z,33.7,71.8

2026-09-22T16:03:46.056Z,33.68,71.84

2026-09-22T16:03:51.056Z,33.72,71.76

2026-09-22T16:03:56.058Z,33.71,71.75

2026-09-22T16:04:01.064Z,33.69,71.77

2026-09-22T16:04:06.077Z,33.69,71.85

2026-09-22T16:04:11.062Z,33.7,71.81

2026-09-22T16:04:16.062Z,33.7,71.83

2026-09-22T16:04:21.064Z,33.69,71.83

2026-09-22T16:04:26.064Z,33.68,71.78

2026-09-22T16:04:31.074Z,33.7,71.84

2026-09-22T16:04:36.085Z,33.67,71.82

2026-09-22T16:04:41.075Z,33.69,71.83

2026-09-22T16:04:46.075Z,33.68,71.79

2026-09-22T16:04:51.075Z,33.69,71.78

2026-09-22T16:04:56.075Z,33.69,71.85

2026-09-22T16:05:01.094Z,33.69,71.84

2026-09-22T16:05:06.104Z,33.71,71.91

2026-09-22T16:05:11.094Z,33.67,71.88

2026-09-22T16:05:16.093Z,33.67,71.86

2026-09-22T16:05:21.092Z,33.7,71.88

2026-09-22T16:05:26.093Z,33.68,71.81

2026-09-22T16:05:31.098Z,33.68,71.86

2026-09-22T16:05:36.110Z,33.69,71.84

2026-09-22T16:05:41.100Z,33.7,71.87

2026-09-22T16:05:46.100Z,33.69,71.88

2026-09-22T16:05:51.099Z,33.69,71.86

2026-09-22T16:05:56.099Z,33.69,71.87

2026-09-22T16:06:01.110Z,33.7,71.84

2026-09-22T16:06:06.120Z,33.69,71.92

2026-09-22T16:06:11.109Z,33.71,71.85

2026-09-22T16:06:16.110Z,33.69,71.82

2026-09-22T16:06:21.111Z,33.69,71.88

2026-09-22T16:06:26.110Z,33.7,71.87

2026-09-22T16:06:31.115Z,33.69,71.9

2026-09-22T16:06:36.128Z,33.69,71.96

2026-09-22T16:06:41.117Z,33.69,71.9

2026-09-22T16:06:46.114Z,33.7,71.9

2026-09-22T16:06:51.115Z,33.69,71.91

2026-09-22T16:06:56.126Z,33.69,71.93

2026-09-22T16:07:01.115Z,33.68,71.85

2026-09-22T16:07:06.116Z,33.68,71.88

2026-09-22T16:07:11.115Z,33.68,71.89

2026-09-22T16:07:16.116Z,33.68,71.86

2026-09-22T16:07:21.133Z,33.67,71.89

2026-09-22T16:07:26.144Z,33.7,71.91

2026-09-22T16:07:31.130Z,33.68,71.86

2026-09-22T16:07:36.130Z,33.68,71.87

2026-09-22T16:07:41.128Z,33.69,71.88

2026-09-22T16:07:46.166Z,33.68,72.01

2026-09-22T16:07:51.141Z,33.7,71.96

2026-09-22T16:07:56.149Z,33.68,71.98

2026-09-22T16:08:01.136Z,33.69,71.95

2026-09-22T16:08:06.138Z,33.67,71.94

2026-09-22T16:08:11.137Z,33.68,71.99

2026-09-22T16:08:16.138Z,33.69,72.02

2026-09-22T16:08:21.150Z,33.67,72.01

2026-09-22T16:08:26.157Z,33.67,71.99

2026-09-22T16:08:31.145Z,33.67,71.97

2026-09-22T16:08:36.147Z,33.66,71.98

2026-09-22T16:08:41.149Z,33.67,71.95

2026-09-22T16:08:46.148Z,33.68,71.94

2026-09-22T16:08:51.148Z,33.66,71.92

2026-09-22T16:08:56.163Z,33.66,71.98

2026-09-22T16:09:01.148Z,33.66,72

2026-09-22T16:09:06.150Z,33.67,72.05

2026-09-22T16:09:11.149Z,33.65,72.01

2026-09-22T16:09:16.149Z,33.64,72.04

2026-09-22T16:09:21.149Z,33.66,72.01

2026-09-22T16:09:26.164Z,33.64,72.08

2026-09-22T16:09:31.150Z,33.65,72.1

2026-09-22T16:09:36.151Z,33.66,72.08

2026-09-22T16:09:41.152Z,33.68,72.07

2026-09-22T16:09:46.152Z,33.67,72.1

2026-09-22T16:09:51.153Z,33.65,72.1

2026-09-22T16:09:56.162Z,33.67,72.03

2026-09-22T16:10:01.152Z,33.67,72.07

2026-09-22T16:10:06.153Z,33.67,72.08

2026-09-22T16:10:11.153Z,33.65,72.08

2026-09-22T16:10:16.155Z,33.65,72.05

2026-09-22T16:10:21.156Z,33.66,72.07

2026-09-22T16:10:26.165Z,33.67,72.04

2026-09-22T16:10:31.155Z,33.68,72

2026-09-22T16:10:36.157Z,33.67,72.02

2026-09-22T16:10:41.155Z,33.67,72.05

2026-09-22T16:10:46.157Z,33.67,72.06

2026-09-22T16:10:51.185Z,33.66,72.04

2026-09-22T16:10:56.195Z,33.67,72.04

2026-09-22T16:11:01.185Z,33.65,72.01

2026-09-22T16:11:06.188Z,33.67,72.01

2026-09-22T16:11:11.184Z,33.66,72.11

2026-09-22T16:11:16.186Z,33.66,72.05

2026-09-22T16:11:21.186Z,33.65,72.06

2026-09-22T16:11:26.198Z,33.67,72.05

2026-09-22T16:11:31.187Z,33.66,72.02

2026-09-22T16:11:36.188Z,33.66,72.01

2026-09-22T16:11:41.187Z,33.65,71.99

2026-09-22T16:11:46.189Z,33.66,71.99

2026-09-22T16:11:51.192Z,33.67,71.97

2026-09-22T16:11:56.201Z,33.64,72.05

2026-09-22T16:12:01.191Z,33.65,71.97

2026-09-22T16:12:06.193Z,33.66,71.94

2026-09-22T16:12:11.191Z,33.64,71.9

2026-09-22T16:12:16.192Z,33.64,71.9

2026-09-22T16:12:21.204Z,33.63,71.86

2026-09-22T16:12:26.216Z,33.62,71.83

2026-09-22T16:12:31.205Z,33.64,71.75

2026-09-22T16:12:36.204Z,33.63,71.82

2026-09-22T16:12:41.205Z,33.63,71.76

2026-09-22T16:12:46.204Z,33.64,71.73

2026-09-22T16:12:51.218Z,33.63,71.72

2026-09-22T16:12:56.230Z,33.61,71.69

2026-09-22T16:13:01.215Z,33.62,71.73

2026-09-22T16:13:06.217Z,33.63,71.78

2026-09-22T16:13:11.218Z,33.62,71.7

2026-09-22T16:13:16.217Z,33.63,71.7

2026-09-22T16:13:21.217Z,33.61,71.65

2026-09-22T16:13:26.230Z,33.59,71.63

2026-09-22T16:13:31.217Z,33.61,71.61

2026-09-22T16:13:36.215Z,33.61,71.58

2026-09-22T16:13:41.217Z,33.6,71.55

2026-09-22T16:13:46.217Z,33.59,71.56

2026-09-22T16:13:51.221Z,33.59,71.56

2026-09-22T16:13:56.231Z,33.57,71.58

2026-09-22T16:14:01.219Z,33.59,71.49

2026-09-22T16:14:06.218Z,33.57,71.47

2026-09-22T16:14:11.219Z,33.57,71.47

2026-09-22T16:14:16.220Z,33.59,71.5

2026-09-22T16:14:21.232Z,33.58,71.52

2026-09-22T16:14:26.243Z,33.58,71.52

2026-09-22T16:14:31.231Z,33.56,71.43

2026-09-22T16:14:36.230Z,33.56,71.48

2026-09-22T16:14:41.231Z,33.56,71.45

2026-09-22T16:14:46.230Z,33.57,71.48

2026-09-22T16:14:51.237Z,33.58,71.47

2026-09-22T16:14:56.258Z,33.57,71.53

2026-09-22T16:15:01.237Z,33.56,71.44

2026-09-22T16:15:06.240Z,33.55,71.43

2026-09-22T16:15:11.239Z,33.56,71.42

2026-09-22T16:15:16.239Z,33.57,71.43

2026-09-22T16:15:21.241Z,33.56,71.4

2026-09-22T16:15:26.254Z,33.55,71.45

2026-09-22T16:15:31.240Z,33.56,71.4

2026-09-22T16:15:36.242Z,33.56,71.45

2026-09-22T16:15:41.240Z,33.52,71.43

2026-09-22T16:15:46.241Z,33.54,71.46

2026-09-22T16:15:51.250Z,33.52,71.48

2026-09-22T16:15:56.260Z,33.53,71.54

2026-09-22T16:16:01.247Z,33.54,71.4

2026-09-22T16:16:06.248Z,33.53,71.42

2026-09-22T16:16:11.247Z,33.53,71.44

2026-09-22T16:16:16.248Z,33.53,71.46

2026-09-22T16:16:21.256Z,33.52,71.45

2026-09-22T16:16:26.268Z,33.54,71.46

2026-09-22T16:16:31.254Z,33.52,71.45

2026-09-22T16:16:36.256Z,33.54,71.46

2026-09-22T16:16:41.255Z,33.53,71.37

2026-09-22T16:16:46.255Z,33.51,71.31

2026-09-22T16:16:51.263Z,33.5,71.31

2026-09-22T16:16:56.274Z,33.49,71.13

2026-09-22T16:17:01.261Z,33.51,71.15

2026-09-22T16:17:06.261Z,33.49,71.15

2026-09-22T16:17:11.262Z,33.48,71.05

2026-09-22T16:17:16.262Z,33.46,71.06

2026-09-22T16:17:21.262Z,33.47,70.98

2026-09-22T16:17:26.273Z,33.48,71.09

2026-09-22T16:17:31.259Z,33.48,71.06

2026-09-22T16:17:36.262Z,33.46,71.06

2026-09-22T16:17:41.261Z,33.48,71.14

2026-09-22T16:17:46.262Z,33.47,71.09

2026-09-22T16:17:51.262Z,33.47,71.04

2026-09-22T16:17:56.281Z,33.47,71.1

2026-09-22T16:18:01.266Z,33.47,71.05

2026-09-22T16:18:06.266Z,33.43,70.98

2026-09-22T16:18:11.265Z,33.46,71.08

2026-09-22T16:18:16.265Z,33.46,71.11

2026-09-22T16:18:21.264Z,33.45,71.05

2026-09-22T16:18:26.284Z,33.44,70.99

2026-09-22T16:18:31.266Z,33.44,70.94

2026-09-22T16:18:36.267Z,33.45,70.92

2026-09-22T16:18:41.266Z,33.45,70.93

2026-09-22T16:18:46.267Z,33.45,71.03

2026-09-22T16:18:51.280Z,33.44,70.99

2026-09-22T16:18:56.288Z,33.45,70.88

2026-09-22T16:19:01.277Z,33.44,70.88

2026-09-22T16:19:06.277Z,33.43,70.89

2026-09-22T16:19:11.278Z,33.43,70.87

2026-09-22T16:19:16.280Z,33.44,70.88

2026-09-22T16:19:21.282Z,33.42,70.84

2026-09-22T16:19:26.293Z,33.41,70.86

2026-09-22T16:19:31.283Z,33.43,70.74

2026-09-22T16:19:36.284Z,33.43,70.75

2026-09-22T16:19:41.284Z,33.43,70.67

2026-09-22T16:19:46.286Z,33.42,70.69

2026-09-22T16:19:51.291Z,33.41,70.72

2026-09-22T16:19:56.301Z,33.42,70.75

2026-09-22T16:20:01.287Z,33.4,70.67

2026-09-22T16:20:06.288Z,33.42,70.58

2026-09-22T16:20:11.285Z,33.41,70.44

2026-09-22T16:20:16.290Z,33.41,70.43

2026-09-22T16:20:21.303Z,33.41,70.33

2026-09-22T16:20:26.312Z,33.41,70.43

2026-09-22T16:20:31.300Z,33.39,70.41

2026-09-22T16:20:36.301Z,33.41,70.35

2026-09-22T16:20:41.301Z,33.37,70.3

2026-09-22T16:20:46.303Z,33.39,70.28

2026-09-22T16:20:51.315Z,33.38,70.27

2026-09-22T16:20:56.323Z,33.39,70.36

2026-09-22T16:21:01.313Z,33.39,70.27

2026-09-22T16:21:06.313Z,33.39,70.3

2026-09-22T16:21:11.314Z,33.4,70.34

2026-09-22T16:21:16.312Z,33.38,70.3

2026-09-22T16:21:21.313Z,33.39,70.29

2026-09-22T16:21:26.324Z,33.38,70.3

2026-09-22T16:21:31.313Z,33.4,70.31

2026-09-22T16:21:36.313Z,33.42,70.26

2026-09-22T16:21:41.317Z,33.41,70.21

2026-09-22T16:21:46.317Z,33.4,70.27

2026-09-22T16:21:51.327Z,33.41,70.22

2026-09-22T16:21:56.340Z,33.4,70.28

2026-09-22T16:22:01.327Z,33.4,70.18

2026-09-22T16:22:06.326Z,33.4,70.18

2026-09-22T16:22:11.326Z,33.4,70.16

2026-09-22T16:22:16.328Z,33.41,70.12

2026-09-22T16:22:21.342Z,33.41,70.1

2026-09-22T16:22:26.351Z,33.4,70.06

2026-09-22T16:22:31.341Z,33.39,70.04

2026-09-22T16:22:36.342Z,33.39,70

2026-09-22T16:22:41.341Z,33.41,69.96

2026-09-22T16:22:46.342Z,33.41,69.91

2026-09-22T16:22:51.352Z,33.4,69.87

2026-09-22T16:22:56.365Z,33.41,69.89

2026-09-22T16:23:01.351Z,33.43,69.8

2026-09-22T16:23:06.350Z,33.4,69.8

2026-09-22T16:23:11.352Z,33.42,69.7

2026-09-22T16:23:16.352Z,33.41,69.67

2026-09-22T16:23:21.368Z,33.43,69.66

2026-09-22T16:23:26.382Z,33.39,69.7

2026-09-22T16:23:31.367Z,33.4,69.65

2026-09-22T16:23:36.367Z,33.39,69.65

2026-09-22T16:23:41.366Z,33.41,69.76

2026-09-22T16:23:46.367Z,33.38,69.79

2026-09-22T16:23:51.374Z,33.39,69.67

2026-09-22T16:23:56.386Z,33.38,69.66

2026-09-22T16:24:01.373Z,33.39,69.62

2026-09-22T16:24:06.373Z,33.4,69.57

2026-09-22T16:24:11.375Z,33.4,69.58

2026-09-22T16:24:16.374Z,33.4,69.5

2026-09-22T16:24:21.376Z,33.37,69.45

2026-09-22T16:24:26.387Z,33.38,69.5

2026-09-22T16:24:31.374Z,33.39,69.4

2026-09-22T16:24:36.374Z,33.39,69.41

2026-09-22T16:24:41.375Z,33.38,69.41

2026-09-22T16:24:46.373Z,33.38,69.42

2026-09-22T16:24:51.374Z,33.38,69.41

2026-09-22T16:24:56.385Z,33.39,69.45

2026-09-22T16:25:01.373Z,33.38,69.37

2026-09-22T16:25:06.376Z,33.39,69.29

2026-09-22T16:25:11.374Z,33.36,69.32

2026-09-22T16:25:16.377Z,33.38,69.36

2026-09-22T16:25:21.377Z,33.39,69.28

2026-09-22T16:25:26.390Z,33.35,69.26

2026-09-22T16:25:31.379Z,33.38,69.26

2026-09-22T16:25:36.379Z,33.37,69.3

2026-09-22T16:25:41.379Z,33.38,69.25

2026-09-22T16:25:46.379Z,33.36,69.31

2026-09-22T16:25:51.396Z,33.38,69.29

2026-09-22T16:25:56.411Z,33.36,69.44

2026-09-22T16:26:01.394Z,33.38,69.32

2026-09-22T16:26:06.397Z,33.37,69.33

2026-09-22T16:26:11.395Z,33.39,69.29

2026-09-22T16:26:16.396Z,33.37,69.3

2026-09-22T16:26:21.408Z,33.38,69.2

2026-09-22T16:26:26.420Z,33.38,69.35

2026-09-22T16:26:31.406Z,33.36,69.29

2026-09-22T16:26:36.405Z,33.41,69.3

2026-09-22T16:26:41.407Z,33.36,69.25

2026-09-22T16:26:46.407Z,33.37,69.31

2026-09-22T16:26:51.419Z,33.36,69.27

2026-09-22T16:26:56.431Z,33.37,69.37

2026-09-22T16:27:01.417Z,33.37,69.31

2026-09-22T16:27:06.418Z,33.38,69.33

2026-09-22T16:27:11.415Z,33.4,69.21

2026-09-22T16:27:16.416Z,33.38,69.1

2026-09-22T16:27:21.417Z,33.37,69.07

2026-09-22T16:27:26.429Z,33.35,69.08

2026-09-22T16:27:31.419Z,33.38,69.05

2026-09-22T16:27:36.418Z,33.41,69.05

2026-09-22T16:27:41.418Z,33.4,69.03

2026-09-22T16:27:46.419Z,33.39,69.04

2026-09-22T16:27:51.418Z,33.39,68.99

2026-09-22T16:27:56.432Z,33.38,69.01

2026-09-22T16:28:01.420Z,33.38,68.89

2026-09-22T16:28:06.420Z,33.39,68.8

2026-09-22T16:28:11.419Z,33.39,68.73

2026-09-22T16:28:16.418Z,33.38,68.76

2026-09-22T16:28:21.427Z,33.38,68.74

2026-09-22T16:28:26.437Z,33.37,68.69

2026-09-22T16:28:31.425Z,33.38,68.58

2026-09-22T16:28:36.425Z,33.36,68.51

2026-09-22T16:28:41.426Z,33.37,68.43

2026-09-22T16:28:46.427Z,33.37,68.49

2026-09-22T16:28:51.443Z,33.38,68.45

2026-09-22T16:28:56.450Z,33.37,68.53

2026-09-22T16:29:01.436Z,33.36,68.37

2026-09-22T16:29:06.439Z,33.36,68.32

2026-09-22T16:29:11.438Z,33.38,68.23

2026-09-22T16:29:16.439Z,33.37,68.09

2026-09-22T16:29:21.450Z,33.38,67.93

2026-09-22T16:29:26.462Z,33.37,68.01

2026-09-22T16:29:31.448Z,33.38,67.83

2026-09-22T16:29:36.450Z,33.39,67.89

2026-09-22T16:29:41.452Z,33.38,67.66

2026-09-22T16:29:46.451Z,33.37,67.55

2026-09-22T16:29:51.452Z,33.38,67.5

2026-09-22T16:29:56.465Z,33.37,67.48

2026-09-22T16:30:01.453Z,33.37,67.43

2026-09-22T16:30:06.453Z,33.36,67.37

2026-09-22T16:30:11.453Z,33.37,67.2

2026-09-22T16:30:16.456Z,33.36,67.17

2026-09-22T16:30:21.453Z,33.37,67.31

2026-09-22T16:30:26.465Z,33.37,67.28

2026-09-22T16:30:31.453Z,33.37,67.34

2026-09-22T16:30:36.457Z,33.37,67.41

2026-09-22T16:30:41.454Z,33.37,67.33

2026-09-22T16:30:46.455Z,33.36,67.35

2026-09-22T16:30:51.466Z,33.37,67.36

2026-09-22T16:30:56.474Z,33.37,67.32

2026-09-22T16:31:01.464Z,33.38,67.34

2026-09-22T16:31:06.466Z,33.36,67.26

2026-09-22T16:31:11.466Z,33.39,67.19

2026-09-22T16:31:16.467Z,33.37,67.02

2026-09-22T16:31:21.479Z,33.36,67.05

2026-09-22T16:31:26.493Z,33.36,66.96

2026-09-22T16:31:31.477Z,33.36,66.97

2026-09-22T16:31:36.475Z,33.34,66.92

2026-09-22T16:31:41.477Z,33.36,66.86

2026-09-22T16:31:46.477Z,33.35,66.87

2026-09-22T16:31:51.482Z,33.35,66.89

2026-09-22T16:31:56.495Z,33.36,66.87

2026-09-22T16:32:01.480Z,33.36,66.82

2026-09-22T16:32:06.482Z,33.35,66.84

2026-09-22T16:32:11.482Z,33.34,66.72

2026-09-22T16:32:16.481Z,33.34,66.73

2026-09-22T16:32:21.492Z,33.35,66.79

2026-09-22T16:32:26.507Z,33.35,66.75

2026-09-22T16:32:31.487Z,33.34,66.68

2026-09-22T16:32:36.488Z,33.34,66.71

2026-09-22T16:32:41.492Z,33.34,66.58

2026-09-22T16:32:46.490Z,33.35,66.65

2026-09-22T16:32:51.487Z,33.36,66.71

2026-09-22T16:32:56.501Z,33.37,66.78

2026-09-22T16:33:01.492Z,33.34,66.75

2026-09-22T16:33:06.492Z,33.35,66.65

2026-09-22T16:33:11.491Z,33.36,66.59

2026-09-22T16:33:16.491Z,33.37,66.61

2026-09-22T16:33:21.505Z,33.35,66.63

2026-09-22T16:33:26.515Z,33.33,66.7

2026-09-22T16:33:31.503Z,33.34,66.67

2026-09-22T16:33:36.514Z,33.33,66.56

2026-09-22T16:33:41.506Z,33.32,66.51

2026-09-22T16:33:46.506Z,33.34,66.41

2026-09-22T16:33:51.530Z,33.34,66.53

2026-09-22T16:33:56.544Z,33.34,66.52

2026-09-22T16:34:01.529Z,33.35,66.56

2026-09-22T16:34:06.528Z,33.33,66.52

2026-09-22T16:34:11.527Z,33.36,66.53

2026-09-22T16:34:16.530Z,33.35,66.5

2026-09-22T16:34:21.536Z,33.36,66.46

2026-09-22T16:34:26.550Z,33.33,66.46

2026-09-22T16:34:31.534Z,33.33,66.34

2026-09-22T16:34:36.534Z,33.34,66.36

2026-09-22T16:34:41.536Z,33.33,66.36

2026-09-22T16:34:46.537Z,33.35,66.36

2026-09-22T16:34:51.541Z,33.34,66.41

2026-09-22T16:34:56.552Z,33.32,66.4

2026-09-22T16:35:01.539Z,33.33,66.31

2026-09-22T16:35:06.542Z,33.32,66.34

2026-09-22T16:35:11.539Z,33.33,66.38

2026-09-22T16:35:16.541Z,33.33,66.33

2026-09-22T16:35:21.541Z,33.31,66.36

2026-09-22T16:35:26.551Z,33.29,66.37

2026-09-22T16:35:31.542Z,33.31,66.37

2026-09-22T16:35:36.542Z,33.3,66.43

2026-09-22T16:35:41.540Z,33.31,66.34

2026-09-22T16:35:46.543Z,33.3,66.39

2026-09-22T16:35:51.543Z,33.27,66.43

2026-09-22T16:35:56.561Z,33.31,66.4

2026-09-22T16:36:01.550Z,33.29,66.31

2026-09-22T16:36:06.552Z,33.3,66.33

2026-09-22T16:36:11.553Z,33.29,66.31

2026-09-22T16:36:16.553Z,33.31,66.26

2026-09-22T16:36:21.552Z,33.29,66.3

2026-09-22T16:36:26.560Z,33.27,66.37

2026-09-22T16:36:31.552Z,33.3,66.29

2026-09-22T16:36:36.552Z,33.27,66.32

2026-09-22T16:36:41.552Z,33.27,66.23

2026-09-22T16:36:46.553Z,33.27,66.26

2026-09-22T16:36:51.556Z,33.28,66.25

2026-09-22T16:36:56.569Z,33.28,66.35

2026-09-22T16:37:01.556Z,33.28,66.34

2026-09-22T16:37:06.557Z,33.29,66.34

2026-09-22T16:37:11.557Z,33.3,66.36

2026-09-22T16:37:16.558Z,33.3,66.36

2026-09-22T16:37:21.565Z,33.29,66.42

2026-09-22T16:37:26.574Z,33.28,66.44

2026-09-22T16:37:31.561Z,33.29,66.42

2026-09-22T16:37:36.563Z,33.3,66.42

2026-09-22T16:37:41.564Z,33.3,66.4

2026-09-22T16:37:46.563Z,33.3,66.38

2026-09-22T16:37:51.578Z,33.31,66.44

2026-09-22T16:37:56.588Z,33.31,66.42

2026-09-22T16:38:01.577Z,33.31,66.21

2026-09-22T16:38:06.575Z,33.3,66.25

2026-09-22T16:38:11.577Z,33.31,66.22

2026-09-22T16:38:16.577Z,33.31,66.19

2026-09-22T16:38:21.593Z,33.3,66.13

2026-09-22T16:38:26.605Z,33.3,66.14

2026-09-22T16:38:31.592Z,33.33,66.07

2026-09-22T16:38:36.593Z,33.33,66.11

2026-09-22T16:38:41.591Z,33.33,66.11

2026-09-22T16:38:46.592Z,33.33,66.19

2026-09-22T16:38:51.604Z,33.32,66.17

2026-09-22T16:38:56.612Z,33.33,66.06

2026-09-22T16:39:01.600Z,33.34,66

2026-09-22T16:39:06.600Z,33.33,66.03

2026-09-22T16:39:11.601Z,33.33,66.01

2026-09-22T16:39:16.598Z,33.33,66.03

2026-09-22T16:39:21.604Z,33.32,65.99

2026-09-22T16:39:26.613Z,33.33,66.06

2026-09-22T16:39:31.601Z,33.34,65.98

2026-09-22T16:39:36.604Z,33.35,65.97

2026-09-22T16:39:41.603Z,33.33,66.01

2026-09-22T16:39:46.609Z,33.34,66.01

2026-09-22T16:39:51.619Z,33.34,66.05

2026-09-22T16:39:56.632Z,33.35,66.1

2026-09-22T16:40:01.619Z,33.35,66.04

2026-09-22T16:40:06.617Z,33.35,66.02

2026-09-22T16:40:11.616Z,33.35,65.86

2026-09-22T16:40:16.618Z,33.36,65.85

2026-09-22T16:40:21.622Z,33.36,65.92

2026-09-22T16:40:26.629Z,33.37,65.91

2026-09-22T16:40:31.621Z,33.38,65.9

2026-09-22T16:40:36.624Z,33.36,65.87

2026-09-22T16:40:41.621Z,33.35,65.81

2026-09-22T16:40:46.623Z,33.37,65.79

2026-09-22T16:40:51.637Z,33.36,65.75

2026-09-22T16:40:56.648Z,33.35,65.82

2026-09-22T16:41:01.636Z,33.37,65.76

2026-09-22T16:41:06.637Z,33.37,65.74

2026-09-22T16:41:11.635Z,33.36,65.75

2026-09-22T16:41:16.637Z,33.35,65.78

2026-09-22T16:41:21.641Z,33.36,65.74

2026-09-22T16:41:26.653Z,33.35,65.78

2026-09-22T16:41:31.640Z,33.36,65.75

2026-09-22T16:41:36.641Z,33.36,65.65

2026-09-22T16:41:41.639Z,33.35,65.62

2026-09-22T16:41:46.641Z,33.37,65.62

2026-09-22T16:41:51.645Z,33.37,65.58

2026-09-22T16:41:56.656Z,33.36,65.6

2026-09-22T16:42:01.642Z,33.38,65.62

2026-09-22T16:42:06.640Z,33.36,65.58

2026-09-22T16:42:11.645Z,33.36,65.57

2026-09-22T16:42:16.644Z,33.36,65.61

2026-09-22T16:42:21.649Z,33.35,65.58

2026-09-22T16:42:26.659Z,33.35,65.57

2026-09-22T16:42:31.647Z,33.35,65.52

2026-09-22T16:42:36.646Z,33.37,65.5

2026-09-22T16:42:41.646Z,33.36,65.55

2026-09-22T16:42:46.647Z,33.37,65.61

2026-09-22T16:42:51.648Z,33.34,65.58

2026-09-22T16:42:56.657Z,33.35,65.66

2026-09-22T16:43:01.645Z,33.35,65.56

2026-09-22T16:43:06.650Z,33.31,65.56

2026-09-22T16:43:11.652Z,33.33,65.52

2026-09-22T16:43:16.652Z,33.33,65.5

2026-09-22T16:43:21.653Z,33.33,65.59

2026-09-22T16:43:26.665Z,33.34,65.63

2026-09-22T16:43:31.652Z,33.32,65.64

2026-09-22T16:43:36.653Z,33.33,65.67

2026-09-22T16:43:41.652Z,33.34,65.76

2026-09-22T16:43:46.652Z,33.34,65.73

2026-09-22T16:43:51.672Z,33.33,65.63

2026-09-22T16:43:56.683Z,33.34,65.62

2026-09-22T16:44:01.671Z,33.33,65.6

2026-09-22T16:44:06.674Z,33.34,65.58

2026-09-22T16:44:11.674Z,33.34,65.62

2026-09-22T16:44:16.675Z,33.34,65.61

2026-09-22T16:44:21.686Z,33.31,65.59

2026-09-22T16:44:26.698Z,33.33,65.56

2026-09-22T16:44:31.683Z,33.33,65.58

2026-09-22T16:44:36.684Z,33.36,65.59

2026-09-22T16:44:41.683Z,33.35,65.56

2026-09-22T16:44:46.685Z,33.36,65.58

2026-09-22T16:44:51.688Z,33.35,65.59

2026-09-22T16:44:56.701Z,33.34,65.59

2026-09-22T16:45:01.686Z,33.35,65.6

2026-09-22T16:45:06.687Z,33.36,65.54

2026-09-22T16:45:11.688Z,33.36,65.53

2026-09-22T16:45:16.689Z,33.36,65.6

2026-09-22T16:45:21.687Z,33.36,65.59

2026-09-22T16:45:26.701Z,33.35,65.61

2026-09-22T16:45:31.687Z,33.36,65.59

2026-09-22T16:45:36.689Z,33.34,65.62

2026-09-22T16:45:41.689Z,33.35,65.67

2026-09-22T16:45:46.690Z,33.35,65.63

2026-09-22T16:45:51.689Z,33.34,65.62

2026-09-22T16:45:56.704Z,33.37,65.68

2026-09-22T16:46:01.691Z,33.37,65.71

2026-09-22T16:46:06.690Z,33.37,65.63

2026-09-22T16:46:11.690Z,33.36,65.74

2026-09-22T16:46:16.691Z,33.38,65.71

2026-09-22T16:46:21.705Z,33.35,65.74

2026-09-22T16:46:26.717Z,33.39,65.75

2026-09-22T16:46:31.705Z,33.37,65.75

2026-09-22T16:46:36.706Z,33.38,65.72

2026-09-22T16:46:41.706Z,33.37,65.62

2026-09-22T16:46:46.707Z,33.39,65.64

2026-09-22T16:46:51.716Z,33.39,65.58

2026-09-22T16:46:56.726Z,33.41,65.61

2026-09-22T16:47:01.716Z,33.41,65.53

2026-09-22T16:47:06.714Z,33.41,65.57

2026-09-22T16:47:11.715Z,33.4,65.58

2026-09-22T16:47:16.716Z,33.42,65.56

2026-09-22T16:47:21.716Z,33.4,65.53

2026-09-22T16:47:26.732Z,33.4,65.57

2026-09-22T16:47:31.715Z,33.42,65.46

2026-09-22T16:47:36.716Z,33.42,65.42

2026-09-22T16:47:41.716Z,33.41,65.45

2026-09-22T16:47:46.716Z,33.43,65.4

2026-09-22T16:47:51.721Z,33.43,65.44

2026-09-22T16:47:56.732Z,33.42,65.45

2026-09-22T16:48:01.719Z,33.43,65.43

2026-09-22T16:48:06.720Z,33.44,65.4

2026-09-22T16:48:11.719Z,33.45,65.38

2026-09-22T16:48:16.720Z,33.45,65.42

2026-09-22T16:48:21.740Z,33.45,65.43

2026-09-22T16:48:26.751Z,33.45,65.47

2026-09-22T16:48:31.741Z,33.46,65.39

2026-09-22T16:48:36.739Z,33.46,65.42

2026-09-22T16:48:41.739Z,33.44,65.36

2026-09-22T16:48:46.741Z,33.46,65.37

2026-09-22T16:48:51.742Z,33.46,65.36

2026-09-22T16:48:56.758Z,33.44,65.43

2026-09-22T16:49:01.743Z,33.46,65.38

2026-09-22T16:49:06.744Z,33.46,65.43

2026-09-22T16:49:11.742Z,33.46,65.47

2026-09-22T16:49:16.743Z,33.48,65.42

2026-09-22T16:49:21.743Z,33.48,65.43

2026-09-22T16:49:26.757Z,33.48,65.45

2026-09-22T16:49:31.744Z,33.49,65.44

2026-09-22T16:49:36.746Z,33.49,65.4

2026-09-22T16:49:41.745Z,33.49,65.34

2026-09-22T16:49:46.747Z,33.48,65.34

2026-09-22T16:49:51.745Z,33.49,65.38

2026-09-22T16:49:56.760Z,33.5,65.36

2026-09-22T16:50:01.746Z,33.5,65.33

2026-09-22T16:50:06.745Z,33.5,65.31

2026-09-22T16:50:11.744Z,33.49,65.33

2026-09-22T16:50:16.746Z,33.49,65.31

2026-09-22T16:50:21.753Z,33.48,65.33

2026-09-22T16:50:26.762Z,33.5,65.3

2026-09-22T16:50:31.748Z,33.52,65.31

2026-09-22T16:50:36.753Z,33.5,65.31

2026-09-22T16:50:41.751Z,33.49,65.31

2026-09-22T16:50:46.753Z,33.51,65.34

2026-09-22T16:50:51.763Z,33.52,65.28

2026-09-22T16:50:56.778Z,33.5,65.35

2026-09-22T16:51:01.761Z,33.5,65.3

2026-09-22T16:51:06.761Z,33.49,65.3

2026-09-22T16:51:11.760Z,33.5,65.33

2026-09-22T16:51:16.761Z,33.51,65.32

2026-09-22T16:51:21.773Z,33.52,65.28

2026-09-22T16:51:26.787Z,33.5,65.35

2026-09-22T16:51:31.771Z,33.51,65.3

2026-09-22T16:51:36.773Z,33.52,65.34

2026-09-22T16:51:41.773Z,33.52,65.34

2026-09-22T16:51:46.774Z,33.52,65.32

2026-09-22T16:51:51.783Z,33.52,65.27

2026-09-22T16:51:56.792Z,33.52,65.3

2026-09-22T16:52:01.782Z,33.52,65.22

2026-09-22T16:52:06.783Z,33.54,65.31

2026-09-22T16:52:11.782Z,33.54,65.31

2026-09-22T16:52:16.784Z,33.53,65.26

2026-09-22T16:52:21.786Z,33.52,65.26

2026-09-22T16:52:26.796Z,33.52,65.32

2026-09-22T16:52:31.785Z,33.52,65.28

2026-09-22T16:52:36.783Z,33.54,65.26

2026-09-22T16:52:41.785Z,33.52,65.29

2026-09-22T16:52:46.786Z,33.5,65.34

2026-09-22T16:52:51.798Z,33.53,65.33

2026-09-22T16:52:56.808Z,33.52,65.38

2026-09-22T16:53:01.797Z,33.51,65.45

2026-09-22T16:53:06.797Z,33.51,65.41

2026-09-22T16:53:11.796Z,33.52,65.45

2026-09-22T16:53:16.798Z,33.54,65.45

2026-09-22T16:53:21.802Z,33.52,65.4

2026-09-22T16:53:26.811Z,33.49,65.44

2026-09-22T16:53:31.800Z,33.51,65.38

2026-09-22T16:53:36.800Z,33.52,65.42

2026-09-22T16:53:41.800Z,33.53,65.41

2026-09-22T16:53:46.798Z,33.53,65.43

2026-09-22T16:53:51.803Z,33.52,65.45

2026-09-22T16:53:56.810Z,33.5,65.53

2026-09-22T16:54:01.803Z,33.51,65.47

2026-09-22T16:54:06.803Z,33.52,65.51

2026-09-22T16:54:11.802Z,33.53,65.48

2026-09-22T16:54:16.804Z,33.52,65.55

2026-09-22T16:54:21.821Z,33.52,65.5

2026-09-22T16:54:26.832Z,33.52,65.61

2026-09-22T16:54:31.824Z,33.52,65.54

2026-09-22T16:54:36.820Z,33.53,65.53

2026-09-22T16:54:41.819Z,33.52,65.53

2026-09-22T16:54:46.820Z,33.55,65.52

2026-09-22T16:54:51.837Z,33.55,65.58

2026-09-22T16:54:56.846Z,33.55,65.6

2026-09-22T16:55:01.837Z,33.55,65.52

2026-09-22T16:55:06.836Z,33.55,65.53

2026-09-22T16:55:11.836Z,33.56,65.52

2026-09-22T16:55:16.837Z,33.54,65.48

2026-09-22T16:55:21.846Z,33.55,65.53

2026-09-22T16:55:26.856Z,33.54,65.51

2026-09-22T16:55:31.845Z,33.55,65.43

2026-09-22T16:55:36.843Z,33.57,65.45

2026-09-22T16:55:41.844Z,33.57,65.47

2026-09-22T16:55:46.844Z,33.55,65.46

2026-09-22T16:55:51.855Z,33.55,65.5

2026-09-22T16:55:56.864Z,33.56,65.48

2026-09-22T16:56:01.854Z,33.55,65.47

2026-09-22T16:56:06.856Z,33.53,65.47

2026-09-22T16:56:11.855Z,33.56,65.44

2026-09-22T16:56:16.856Z,33.55,65.49

2026-09-22T16:56:21.863Z,33.57,65.48

2026-09-22T16:56:26.872Z,33.54,65.51

2026-09-22T16:56:31.859Z,33.57,65.49

2026-09-22T16:56:36.859Z,33.56,65.46

2026-09-22T16:56:41.861Z,33.57,65.46

2026-09-22T16:56:46.859Z,33.57,65.44

2026-09-22T16:56:51.865Z,33.58,65.47

2026-09-22T16:56:56.875Z,33.56,65.5

2026-09-22T16:57:01.862Z,33.58,65.44

2026-09-22T16:57:06.864Z,33.58,65.41

2026-09-22T16:57:11.863Z,33.58,65.38

2026-09-22T16:57:16.864Z,33.57,65.37

2026-09-22T16:57:21.874Z,33.56,65.4

2026-09-22T16:57:26.888Z,33.56,65.42

2026-09-22T16:57:31.873Z,33.56,65.39

2026-09-22T16:57:36.873Z,33.57,65.41

2026-09-22T16:57:41.875Z,33.59,65.47

2026-09-22T16:57:46.878Z,33.58,65.43

2026-09-22T16:57:51.888Z,33.57,65.45

2026-09-22T16:57:56.903Z,33.58,65.49

2026-09-22T16:58:01.891Z,33.59,65.47

2026-09-22T16:58:06.884Z,33.6,65.49

2026-09-22T16:58:11.885Z,33.58,65.5

2026-09-22T16:58:16.886Z,33.59,65.43

2026-09-22T16:58:21.887Z,33.57,65.48

2026-09-22T16:58:26.900Z,33.57,65.47

2026-09-22T16:58:31.887Z,33.59,65.43

2026-09-22T16:58:36.888Z,33.61,65.46

2026-09-22T16:58:41.889Z,33.62,65.4

2026-09-22T16:58:46.889Z,33.61,65.46

2026-09-22T16:58:51.889Z,33.6,65.46

2026-09-22T16:58:56.900Z,33.59,65.45

2026-09-22T16:59:01.888Z,33.61,65.38

2026-09-22T16:59:06.890Z,33.61,65.49

2026-09-22T16:59:11.892Z,33.62,65.4

2026-09-22T16:59:16.892Z,33.6,65.44

2026-09-22T16:59:21.893Z,33.62,65.45

2026-09-22T16:59:26.906Z,33.63,65.48

2026-09-22T16:59:31.892Z,33.63,65.43

2026-09-22T16:59:36.893Z,33.63,65.34

2026-09-22T16:59:41.894Z,33.63,65.46

2026-09-22T16:59:46.894Z,33.65,65.41

2026-09-22T16:59:51.895Z,33.66,65.45

2026-09-22T16:59:56.908Z,33.65,65.39

2026-09-22T17:00:01.897Z,33.67,65.39

2026-09-22T17:00:06.896Z,33.65,65.37

2026-09-22T17:00:11.896Z,33.66,65.32

2026-09-22T17:00:16.898Z,33.66,65.27

2026-09-22T17:00:21.911Z,33.65,65.3

2026-09-22T17:00:26.922Z,33.67,65.25

2026-09-22T17:00:31.913Z,33.66,65.23

2026-09-22T17:00:36.910Z,33.67,65.15

2026-09-22T17:00:41.910Z,33.65,65.17

2026-09-22T17:00:46.910Z,33.65,65.19

2026-09-22T17:00:51.909Z,33.66,65.19

2026-09-22T17:00:56.922Z,33.67,65.17

2026-09-22T17:01:01.912Z,33.66,65.19

2026-09-22T17:01:06.916Z,33.67,65.18

2026-09-22T17:01:11.915Z,33.66,65.18

2026-09-22T17:01:16.918Z,33.68,65.17

2026-09-22T17:01:21.922Z,33.67,65.22

2026-09-22T17:01:26.927Z,33.66,65.32

2026-09-22T17:01:31.918Z,33.67,65.35

2026-09-22T17:01:36.919Z,33.66,65.38

2026-09-22T17:01:41.922Z,33.69,65.37

2026-09-22T17:01:46.920Z,33.67,65.34

2026-09-22T17:01:51.927Z,33.66,65.36

2026-09-22T17:01:56.937Z,33.66,65.41

2026-09-22T17:02:01.923Z,33.67,65.37

2026-09-22T17:02:06.927Z,33.7,65.43

2026-09-22T17:02:11.927Z,33.68,65.35

2026-09-22T17:02:16.928Z,33.67,65.36

2026-09-22T17:02:21.942Z,33.66,65.36

2026-09-22T17:02:26.951Z,33.66,65.4

2026-09-22T17:02:31.940Z,33.66,65.32

2026-09-22T17:02:36.942Z,33.66,65.3

2026-09-22T17:02:41.941Z,33.68,65.33

2026-09-22T17:02:46.941Z,33.67,65.32

2026-09-22T17:02:51.956Z,33.67,65.26

2026-09-22T17:02:56.969Z,33.64,65.36

2026-09-22T17:03:01.953Z,33.66,65.24

2026-09-22T17:03:06.955Z,33.66,65.34

2026-09-22T17:03:11.957Z,33.66,65.29

2026-09-22T17:03:16.957Z,33.66,65.25

2026-09-22T17:03:21.959Z,33.65,65.25

2026-09-22T17:03:26.967Z,33.65,65.32

2026-09-22T17:03:31.958Z,33.65,65.27

2026-09-22T17:03:36.959Z,33.64,65.33

2026-09-22T17:03:41.958Z,33.65,65.29

2026-09-22T17:03:46.960Z,33.66,65.35

2026-09-22T17:03:51.960Z,33.64,65.34

2026-09-22T17:03:56.972Z,33.64,65.41

2026-09-22T17:04:01.960Z,33.63,65.43

2026-09-22T17:04:06.961Z,33.64,65.46

2026-09-22T17:04:11.961Z,33.64,65.39

2026-09-22T17:04:16.962Z,33.62,65.39

2026-09-22T17:04:21.964Z,33.64,65.38

2026-09-22T17:04:26.977Z,33.63,65.42

2026-09-22T17:04:31.963Z,33.63,65.45

2026-09-22T17:04:36.964Z,33.61,65.43

2026-09-22T17:04:41.963Z,33.61,65.43

2026-09-22T17:04:46.964Z,33.61,65.42

2026-09-22T17:04:51.964Z,33.63,65.47

2026-09-22T17:04:56.976Z,33.63,65.57

2026-09-22T17:05:01.965Z,33.61,65.51

2026-09-22T17:05:06.970Z,33.63,65.54

2026-09-22T17:05:11.968Z,33.62,65.55

2026-09-22T17:05:16.968Z,33.62,65.55

2026-09-22T17:05:21.990Z,33.63,65.56

2026-09-22T17:05:27.003Z,33.62,65.62

2026-09-22T17:05:31.989Z,33.62,65.62

2026-09-22T17:05:36.991Z,33.63,65.62

2026-09-22T17:05:41.991Z,33.63,65.58

2026-09-22T17:05:46.992Z,33.64,65.59

2026-09-22T17:05:52.001Z,33.64,65.6

2026-09-22T17:05:57.010Z,33.62,65.6

2026-09-22T17:06:02.001Z,33.64,65.59

2026-09-22T17:06:07.000Z,33.64,65.6

2026-09-22T17:06:11.999Z,33.63,65.5

2026-09-22T17:06:16.999Z,33.65,65.54

2026-09-22T17:06:22.007Z,33.65,65.53

2026-09-22T17:06:27.017Z,33.63,65.56

2026-09-22T17:06:32.005Z,33.64,65.51

2026-09-22T17:06:37.006Z,33.62,65.59

2026-09-22T17:06:42.005Z,33.64,65.55

2026-09-22T17:06:47.007Z,33.64,65.63

2026-09-22T17:06:52.016Z,33.64,65.55

2026-09-22T17:06:57.024Z,33.63,65.62

2026-09-22T17:07:02.012Z,33.65,65.53

2026-09-22T17:07:07.013Z,33.65,65.58

2026-09-22T17:07:12.014Z,33.62,65.61

2026-09-22T17:07:17.013Z,33.65,65.67

2026-09-22T17:07:22.013Z,33.63,65.65

2026-09-22T17:07:27.024Z,33.65,65.6

2026-09-22T17:07:32.013Z,33.64,65.56

2026-09-22T17:07:37.014Z,33.65,65.6

2026-09-22T17:07:42.014Z,33.63,65.61

2026-09-22T17:07:47.013Z,33.64,65.65

2026-09-22T17:07:52.014Z,33.62,65.64

2026-09-22T17:07:57.027Z,33.63,65.69

2026-09-22T17:08:02.013Z,33.62,65.62

2026-09-22T17:08:07.013Z,33.63,65.7

2026-09-22T17:08:12.013Z,33.62,65.68

2026-09-22T17:08:17.013Z,33.64,65.69

2026-09-22T17:08:22.030Z,33.61,65.71

2026-09-22T17:08:27.039Z,33.62,65.74

2026-09-22T17:08:32.027Z,33.62,65.72

2026-09-22T17:08:37.029Z,33.63,65.71

2026-09-22T17:08:42.029Z,33.63,65.71

2026-09-22T17:08:47.030Z,33.63,65.73

2026-09-22T17:08:52.039Z,33.63,65.68

2026-09-22T17:08:57.051Z,33.63,65.78

2026-09-22T17:09:02.037Z,33.63,65.75

2026-09-22T17:09:07.035Z,33.62,65.72

2026-09-22T17:09:12.038Z,33.62,65.78

2026-09-22T17:09:17.036Z,33.63,65.74

2026-09-22T17:09:22.053Z,33.61,65.75

2026-09-22T17:09:27.064Z,33.63,65.79

2026-09-22T17:09:32.051Z,33.62,65.75

2026-09-22T17:09:37.054Z,33.64,65.74

2026-09-22T17:09:42.052Z,33.65,65.76

2026-09-22T17:09:47.053Z,33.63,65.74

2026-09-22T17:09:52.063Z,33.63,65.71

2026-09-22T17:09:57.074Z,33.64,65.78

2026-09-22T17:10:02.061Z,33.66,65.73

2026-09-22T17:10:07.060Z,33.66,65.7

2026-09-22T17:10:12.060Z,33.65,65.72

2026-09-22T17:10:17.060Z,33.64,65.69

2026-09-22T17:10:22.070Z,33.64,65.64

2026-09-22T17:10:27.080Z,33.66,65.73

2026-09-22T17:10:32.069Z,33.68,65.67

2026-09-22T17:10:37.070Z,33.66,65.69

2026-09-22T17:10:42.069Z,33.65,65.63

2026-09-22T17:10:47.069Z,33.69,65.65

2026-09-22T17:10:52.078Z,33.67,65.7

2026-09-22T17:10:57.089Z,33.66,65.68

2026-09-22T17:11:02.076Z,33.67,65.6

2026-09-22T17:11:07.076Z,33.68,65.66

2026-09-22T17:11:12.075Z,33.68,65.59

2026-09-22T17:11:17.075Z,33.68,65.65

2026-09-22T17:11:22.078Z,33.68,65.66

2026-09-22T17:11:27.090Z,33.69,65.69

2026-09-22T17:11:32.079Z,33.67,65.6

2026-09-22T17:11:37.078Z,33.67,65.55

2026-09-22T17:11:42.078Z,33.69,65.64

2026-09-22T17:11:47.078Z,33.69,65.6

2026-09-22T17:11:52.083Z,33.69,65.63

2026-09-22T17:11:57.094Z,33.68,65.62

2026-09-22T17:12:02.081Z,33.7,65.55

2026-09-22T17:12:07.081Z,33.69,65.6

2026-09-22T17:12:12.084Z,33.69,65.63

2026-09-22T17:12:17.084Z,33.7,65.62

2026-09-22T17:12:22.095Z,33.71,65.6

2026-09-22T17:12:27.103Z,33.71,65.59

2026-09-22T17:12:32.094Z,33.71,65.58

2026-09-22T17:12:37.095Z,33.73,65.63

2026-09-22T17:12:42.094Z,33.72,65.64

2026-09-22T17:12:47.094Z,33.73,65.61

2026-09-22T17:12:52.103Z,33.72,65.63

2026-09-22T17:12:57.117Z,33.72,65.59

2026-09-22T17:13:02.100Z,33.73,65.51

2026-09-22T17:13:07.102Z,33.72,65.53

2026-09-22T17:13:12.101Z,33.72,65.52

2026-09-22T17:13:17.101Z,33.72,65.55

2026-09-22T17:13:22.112Z,33.71,65.52

2026-09-22T17:13:27.121Z,33.72,65.58

2026-09-22T17:13:32.113Z,33.73,65.54

2026-09-22T17:13:37.110Z,33.73,65.52

2026-09-22T17:13:42.109Z,33.73,65.44

2026-09-22T17:13:47.110Z,33.73,65.5

2026-09-22T17:13:52.111Z,33.74,65.55

2026-09-22T17:13:57.124Z,33.73,65.58

2026-09-22T17:14:02.111Z,33.74,65.56

2026-09-22T17:14:07.115Z,33.75,65.58

2026-09-22T17:14:12.115Z,33.74,65.53

2026-09-22T17:14:17.118Z,33.74,65.57

2026-09-22T17:14:22.116Z,33.74,65.51

2026-09-22T17:14:27.131Z,33.74,65.59

2026-09-22T17:14:32.116Z,33.73,65.57

2026-09-22T17:14:37.118Z,33.76,65.54

2026-09-22T17:14:42.118Z,33.73,65.57

2026-09-22T17:14:47.118Z,33.74,65.63

2026-09-22T17:14:52.121Z,33.73,65.61

2026-09-22T17:14:57.132Z,33.76,65.64

2026-09-22T17:15:02.120Z,33.74,65.57

2026-09-22T17:15:07.121Z,33.74,65.51

2026-09-22T17:15:12.120Z,33.72,65.56

2026-09-22T17:15:17.122Z,33.75,65.53

2026-09-22T17:15:22.123Z,33.74,65.56

2026-09-22T17:15:27.134Z,33.75,65.51

2026-09-22T17:15:32.122Z,33.75,65.54

2026-09-22T17:15:37.122Z,33.77,65.51

2026-09-22T17:15:42.122Z,33.74,65.56

2026-09-22T17:15:47.122Z,33.75,65.49

2026-09-22T17:15:52.138Z,33.74,65.51

2026-09-22T17:15:57.146Z,33.76,65.55

2026-09-22T17:16:02.134Z,33.74,65.5

2026-09-22T17:16:07.135Z,33.74,65.46

2026-09-22T17:16:12.136Z,33.75,65.49

2026-09-22T17:16:17.134Z,33.75,65.55

2026-09-22T17:16:22.145Z,33.74,65.61

2026-09-22T17:16:27.156Z,33.73,65.63

2026-09-22T17:16:32.143Z,33.74,65.55

2026-09-22T17:16:37.145Z,33.75,65.57

2026-09-22T17:16:42.144Z,33.73,65.54

2026-09-22T17:16:47.145Z,33.75,65.62

2026-09-22T17:16:52.158Z,33.73,65.59

2026-09-22T17:16:57.168Z,33.74,65.61

2026-09-22T17:17:02.158Z,33.75,65.59

2026-09-22T17:17:07.158Z,33.74,65.63

2026-09-22T17:17:12.157Z,33.76,65.59

2026-09-22T17:17:17.158Z,33.74,65.61

2026-09-22T17:17:22.171Z,33.74,65.64

2026-09-22T17:17:27.181Z,33.75,65.66

2026-09-22T17:17:32.169Z,33.73,65.62

2026-09-22T17:17:37.170Z,33.75,65.59

2026-09-22T17:17:42.169Z,33.74,65.58

2026-09-22T17:17:47.170Z,33.75,65.59

2026-09-22T17:17:52.178Z,33.76,65.62

2026-09-22T17:17:57.194Z,33.75,65.59

2026-09-22T17:18:02.176Z,33.77,65.56

2026-09-22T17:18:07.177Z,33.77,65.53

2026-09-22T17:18:12.177Z,33.76,65.53

2026-09-22T17:18:17.178Z,33.78,65.62

2026-09-22T17:18:22.186Z,33.77,65.5

2026-09-22T17:18:27.197Z,33.77,65.55

2026-09-22T17:18:32.185Z,33.77,65.53

2026-09-22T17:18:37.185Z,33.77,65.49

2026-09-22T17:18:42.186Z,33.77,65.46

2026-09-22T17:18:47.184Z,33.78,65.51

2026-09-22T17:18:52.184Z,33.78,65.39

2026-09-22T17:18:57.197Z,33.78,65.49

2026-09-22T17:19:02.185Z,33.78,65.48

2026-09-22T17:19:07.186Z,33.77,65.56

2026-09-22T17:19:12.182Z,33.78,65.52

2026-09-22T17:19:17.187Z,33.78,65.49

2026-09-22T17:19:22.200Z,33.77,65.45

2026-09-22T17:19:27.216Z,33.77,65.5

2026-09-22T17:19:32.200Z,33.77,65.52

2026-09-22T17:19:37.198Z,33.77,65.49

2026-09-22T17:19:42.198Z,33.78,65.51

2026-09-22T17:19:47.199Z,33.78,65.61

2026-09-22T17:19:52.210Z,33.78,65.55

2026-09-22T17:19:57.221Z,33.75,65.56

2026-09-22T17:20:02.207Z,33.77,65.55

2026-09-22T17:20:07.210Z,33.76,65.56

2026-09-22T17:20:12.216Z,33.78,65.56

2026-09-22T17:20:17.229Z,33.78,65.56

2026-09-22T17:20:22.217Z,33.76,65.51

2026-09-22T17:20:27.217Z,33.78,65.42

2026-09-22T17:20:32.215Z,33.76,65.45

2026-09-22T17:20:37.217Z,33.77,65.44

2026-09-22T17:20:42.229Z,33.77,65.43

2026-09-22T17:20:47.239Z,33.75,65.49

2026-09-22T17:20:52.226Z,33.78,65.41

2026-09-22T17:20:57.226Z,33.78,65.46

2026-09-22T17:21:02.229Z,33.75,65.42

2026-09-22T17:21:07.228Z,33.78,65.47

2026-09-22T17:21:12.231Z,33.76,65.48

2026-09-22T17:21:17.239Z,33.76,65.48

2026-09-22T17:21:22.232Z,33.77,65.52

2026-09-22T17:21:27.230Z,33.76,65.49

2026-09-22T17:21:32.230Z,33.77,65.52

2026-09-22T17:21:37.231Z,33.76,65.56

2026-09-22T17:21:42.231Z,33.77,65.53

2026-09-22T17:21:47.245Z,33.75,65.62

2026-09-22T17:21:52.232Z,33.76,65.54

2026-09-22T17:21:57.231Z,33.76,65.55

2026-09-22T17:22:02.232Z,33.79,65.52

2026-09-22T17:22:07.234Z,33.77,65.52

2026-09-22T17:22:12.235Z,33.75,65.52

2026-09-22T17:22:17.245Z,33.76,65.53

2026-09-22T17:22:22.234Z,33.74,65.5

2026-09-22T17:22:27.235Z,33.75,65.54

2026-09-22T17:22:32.234Z,33.75,65.5

2026-09-22T17:22:37.235Z,33.75,65.6

2026-09-22T17:22:42.238Z,33.75,65.52

2026-09-22T17:22:47.246Z,33.74,65.61

2026-09-22T17:22:52.238Z,33.75,65.58

2026-09-22T17:22:57.237Z,33.72,65.58

2026-09-22T17:23:02.235Z,33.74,65.56

2026-09-22T17:23:07.241Z,33.75,65.6

2026-09-22T17:23:12.250Z,33.76,65.64

2026-09-22T17:23:17.259Z,33.73,65.62

2026-09-22T17:23:22.249Z,33.75,65.57

2026-09-22T17:23:27.245Z,33.74,65.58

2026-09-22T17:23:32.245Z,33.75,65.56

2026-09-22T17:23:37.246Z,33.73,65.58

2026-09-22T17:23:42.265Z,33.75,65.65

2026-09-22T17:23:47.277Z,33.74,65.6

2026-09-22T17:23:52.259Z,33.75,65.59

2026-09-22T17:23:57.262Z,33.74,65.58

2026-09-22T17:24:02.260Z,33.75,65.54

2026-09-22T17:24:07.262Z,33.73,65.56

2026-09-22T17:24:12.278Z,33.71,65.54

2026-09-22T17:24:17.286Z,33.72,65.6

2026-09-22T17:24:22.278Z,33.7,65.57

2026-09-22T17:24:27.277Z,33.72,65.61

2026-09-22T17:24:32.277Z,33.7,65.6

2026-09-22T17:24:37.278Z,33.7,65.63

2026-09-22T17:24:42.291Z,33.7,65.63

2026-09-22T17:24:47.302Z,33.71,65.68

2026-09-22T17:24:52.291Z,33.7,65.63

2026-09-22T17:24:57.289Z,33.71,65.67

2026-09-22T17:25:02.291Z,33.7,65.73

2026-09-22T17:25:07.288Z,33.68,65.66

2026-09-22T17:25:12.294Z,33.68,65.72

2026-09-22T17:25:17.302Z,33.67,65.72

2026-09-22T17:25:22.292Z,33.67,65.71

2026-09-22T17:25:27.292Z,33.65,65.77

2026-09-22T17:25:32.292Z,33.66,65.81

2026-09-22T17:25:37.292Z,33.66,65.81

2026-09-22T17:25:42.296Z,33.64,65.79

2026-09-22T17:25:47.304Z,33.65,65.83

2026-09-22T17:25:52.291Z,33.64,65.79

2026-09-22T17:25:57.292Z,33.64,65.87

2026-09-22T17:26:02.294Z,33.63,65.92

2026-09-22T17:26:07.293Z,33.64,65.87

2026-09-22T17:26:12.306Z,33.62,65.96

2026-09-22T17:26:17.316Z,33.63,65.95

2026-09-22T17:26:22.304Z,33.62,65.92

2026-09-22T17:26:27.301Z,33.62,65.91

2026-09-22T17:26:32.301Z,33.64,65.93

2026-09-22T17:26:37.306Z,33.63,65.89

2026-09-22T17:26:42.316Z,33.63,65.93

2026-09-22T17:26:47.322Z,33.63,65.94

2026-09-22T17:26:52.312Z,33.63,65.85

2026-09-22T17:26:57.313Z,33.63,65.85

2026-09-22T17:27:02.316Z,33.64,65.86

2026-09-22T17:27:07.316Z,33.63,65.9

2026-09-22T17:27:12.326Z,33.61,65.95

2026-09-22T17:27:17.339Z,33.62,65.97

2026-09-22T17:27:22.328Z,33.61,65.98

2026-09-22T17:27:27.326Z,33.58,66.02

2026-09-22T17:27:32.326Z,33.57,66.02

2026-09-22T17:27:37.327Z,33.58,66.04

2026-09-22T17:27:42.336Z,33.59,66.08

2026-09-22T17:27:47.349Z,33.59,66.15

2026-09-22T17:27:52.336Z,33.57,66.14

2026-09-22T17:27:57.336Z,33.57,66.14

2026-09-22T17:28:02.336Z,33.57,66.13

2026-09-22T17:28:07.336Z,33.57,66.17

2026-09-22T17:28:12.334Z,33.57,66.12

2026-09-22T17:28:17.350Z,33.55,66.2

2026-09-22T17:28:22.336Z,33.54,66.17

2026-09-22T17:28:27.338Z,33.54,66.22

2026-09-22T17:28:32.336Z,33.53,66.25

2026-09-22T17:28:37.338Z,33.54,66.25

2026-09-22T17:28:42.369Z,33.53,66.28

2026-09-22T17:28:47.381Z,33.53,66.32

2026-09-22T17:28:52.368Z,33.54,66.31

2026-09-22T17:28:57.368Z,33.53,66.36

2026-09-22T17:29:02.368Z,33.52,66.35

2026-09-22T17:29:07.368Z,33.53,66.37

2026-09-22T17:29:12.369Z,33.51,66.39

2026-09-22T17:29:17.383Z,33.52,66.35

2026-09-22T17:29:22.368Z,33.51,66.33

2026-09-22T17:29:27.368Z,33.53,66.37

2026-09-22T17:29:32.367Z,33.53,66.38

2026-09-22T17:29:37.367Z,33.51,66.39

2026-09-22T17:29:42.368Z,33.52,66.42

2026-09-22T17:29:47.381Z,33.52,66.42

2026-09-22T17:29:52.368Z,33.51,66.32

2026-09-22T17:29:57.367Z,33.53,66.4

2026-09-22T17:30:02.367Z,33.53,66.34

2026-09-22T17:30:07.368Z,33.51,66.38

2026-09-22T17:30:12.368Z,33.52,66.45

2026-09-22T17:30:17.387Z,33.52,66.42

2026-09-22T17:30:22.372Z,33.53,66.4

2026-09-22T17:30:27.370Z,33.53,66.46

2026-09-22T17:30:32.372Z,33.54,66.46

2026-09-22T17:30:37.376Z,33.54,66.4

2026-09-22T17:30:42.378Z,33.53,66.38

2026-09-22T17:30:47.389Z,33.52,66.39

2026-09-22T17:30:52.373Z,33.54,66.28

2026-09-22T17:30:57.375Z,33.54,66.36

2026-09-22T17:31:02.377Z,33.53,66.4

2026-09-22T17:31:07.377Z,33.52,66.38

2026-09-22T17:31:12.377Z,33.53,66.36

2026-09-22T17:31:17.391Z,33.54,66.44

2026-09-22T17:31:22.379Z,33.54,66.45

2026-09-22T17:31:27.380Z,33.52,66.42

2026-09-22T17:31:32.379Z,33.53,66.42

2026-09-22T17:31:37.381Z,33.54,66.43

2026-09-22T17:31:42.381Z,33.53,66.35

2026-09-22T17:31:47.392Z,33.51,66.48

2026-09-22T17:31:52.380Z,33.54,66.44

2026-09-22T17:31:57.382Z,33.52,66.41

2026-09-22T17:32:02.381Z,33.54,66.42

2026-09-22T17:32:07.380Z,33.54,66.4

2026-09-22T17:32:12.390Z,33.53,66.45

2026-09-22T17:32:17.403Z,33.53,66.44

2026-09-22T17:32:22.389Z,33.54,66.4

2026-09-22T17:32:27.390Z,33.52,66.43

2026-09-22T17:32:32.391Z,33.55,66.4

2026-09-22T17:32:37.394Z,33.52,66.37

2026-09-22T17:32:42.409Z,33.53,66.47

2026-09-22T17:32:47.420Z,33.53,66.43

2026-09-22T17:32:52.407Z,33.52,66.46

2026-09-22T17:32:57.408Z,33.51,66.41

2026-09-22T17:33:02.408Z,33.51,66.45

2026-09-22T17:33:07.408Z,33.5,66.48

2026-09-22T17:33:12.408Z,33.51,66.47

2026-09-22T17:33:17.419Z,33.49,66.46

2026-09-22T17:33:22.408Z,33.49,66.48

2026-09-22T17:33:27.407Z,33.51,66.48

2026-09-22T17:33:32.408Z,33.51,66.49

2026-09-22T17:33:37.409Z,33.5,66.46

2026-09-22T17:33:42.410Z,33.49,66.53

2026-09-22T17:33:47.426Z,33.5,66.61

2026-09-22T17:33:52.413Z,33.5,66.6

2026-09-22T17:33:57.413Z,33.5,66.61

2026-09-22T17:34:02.412Z,33.5,66.62

2026-09-22T17:34:07.414Z,33.51,66.6

2026-09-22T17:34:12.413Z,33.5,66.59

2026-09-22T17:34:17.425Z,33.51,66.61

2026-09-22T17:34:22.419Z,33.5,66.61

2026-09-22T17:34:27.415Z,33.5,66.62

2026-09-22T17:34:32.415Z,33.49,66.58

2026-09-22T17:34:37.414Z,33.51,66.62

2026-09-22T17:34:42.423Z,33.51,66.6

2026-09-22T17:34:47.432Z,33.5,66.66

2026-09-22T17:34:52.423Z,33.5,66.55

2026-09-22T17:34:57.422Z,33.51,66.53

2026-09-22T17:35:02.424Z,33.49,66.57

2026-09-22T17:35:07.424Z,33.5,66.57

2026-09-22T17:35:12.439Z,33.51,66.6

2026-09-22T17:35:17.449Z,33.49,66.64

2026-09-22T17:35:22.438Z,33.5,66.6

2026-09-22T17:35:27.441Z,33.5,66.59

2026-09-22T17:35:32.437Z,33.51,66.6

2026-09-22T17:35:37.439Z,33.51,66.62

2026-09-22T17:35:42.456Z,33.51,66.7

2026-09-22T17:35:47.463Z,33.48,66.64

2026-09-22T17:35:52.452Z,33.51,66.61

2026-09-22T17:35:57.452Z,33.5,66.63

2026-09-22T17:36:02.451Z,33.48,66.66

2026-09-22T17:36:07.451Z,33.51,66.59

2026-09-22T17:36:12.469Z,33.49,66.64

2026-09-22T17:36:17.478Z,33.49,66.7

2026-09-22T17:36:22.468Z,33.5,66.67

2026-09-22T17:36:27.468Z,33.5,66.61

2026-09-22T17:36:32.467Z,33.49,66.67

2026-09-22T17:36:37.467Z,33.49,66.63

2026-09-22T17:36:42.467Z,33.49,66.72

2026-09-22T17:36:47.480Z,33.5,66.67

2026-09-22T17:36:52.468Z,33.48,66.69

2026-09-22T17:36:57.470Z,33.51,66.72

2026-09-22T17:37:02.465Z,33.49,66.67

2026-09-22T17:37:07.470Z,33.49,66.69

2026-09-22T17:37:12.470Z,33.5,66.7

2026-09-22T17:37:17.481Z,33.51,66.69

2026-09-22T17:37:22.469Z,33.51,66.64

2026-09-22T17:37:27.471Z,33.51,66.69

2026-09-22T17:37:32.474Z,33.51,66.65

2026-09-22T17:37:37.472Z,33.51,66.61

2026-09-22T17:37:42.486Z,33.51,66.59

2026-09-22T17:37:47.491Z,33.5,66.53

2026-09-22T17:37:52.483Z,33.53,66.54

2026-09-22T17:37:57.483Z,33.5,66.5

2026-09-22T17:38:02.483Z,33.51,66.57

2026-09-22T17:38:07.483Z,33.52,66.6

2026-09-22T17:38:12.489Z,33.51,66.61

2026-09-22T17:38:17.500Z,33.53,66.59

2026-09-22T17:38:22.488Z,33.51,66.61

2026-09-22T17:38:27.489Z,33.53,66.56

2026-09-22T17:38:32.487Z,33.52,66.61

2026-09-22T17:38:37.489Z,33.5,66.54

2026-09-22T17:38:42.499Z,33.52,66.55

2026-09-22T17:38:47.515Z,33.51,66.56

2026-09-22T17:38:52.499Z,33.5,66.56

2026-09-22T17:38:57.499Z,33.54,66.51

2026-09-22T17:39:02.498Z,33.5,66.52

2026-09-22T17:39:07.499Z,33.52,66.48

2026-09-22T17:39:12.502Z,33.52,66.51

2026-09-22T17:39:17.518Z,33.51,66.57

2026-09-22T17:39:22.501Z,33.52,66.54

2026-09-22T17:39:27.504Z,33.51,66.59

2026-09-22T17:39:32.504Z,33.5,66.63

2026-09-22T17:39:37.505Z,33.51,66.63

2026-09-22T17:39:42.510Z,33.53,66.64

2026-09-22T17:39:47.520Z,33.51,66.68

2026-09-22T17:39:52.508Z,33.52,66.61

2026-09-22T17:39:57.508Z,33.51,66.65

2026-09-22T17:40:02.507Z,33.49,66.63

2026-09-22T17:40:07.509Z,33.51,66.56

2026-09-22T17:40:12.511Z,33.52,66.64

2026-09-22T17:40:17.524Z,33.51,66.57

2026-09-22T17:40:22.509Z,33.53,66.58

2026-09-22T17:40:27.508Z,33.53,66.53

2026-09-22T17:40:32.509Z,33.52,66.53

2026-09-22T17:40:37.510Z,33.5,66.5

2026-09-22T17:40:42.509Z,33.51,66.51

2026-09-22T17:40:47.518Z,33.51,66.54

2026-09-22T17:40:52.509Z,33.51,66.52

2026-09-22T17:40:57.513Z,33.52,66.49

2026-09-22T17:41:02.512Z,33.53,66.51

2026-09-22T17:41:07.514Z,33.53,66.55

2026-09-22T17:41:12.523Z,33.54,66.57

2026-09-22T17:41:17.533Z,33.54,66.6

2026-09-22T17:41:22.522Z,33.54,66.58

2026-09-22T17:41:27.523Z,33.56,66.56

2026-09-22T17:41:32.522Z,33.55,66.61

2026-09-22T17:41:37.522Z,33.55,66.6

2026-09-22T17:41:42.529Z,33.55,66.54

2026-09-22T17:41:47.539Z,33.55,66.61

2026-09-22T17:41:52.530Z,33.56,66.51

2026-09-22T17:41:57.526Z,33.55,66.55

2026-09-22T17:42:02.527Z,33.58,66.53

2026-09-22T17:42:07.528Z,33.57,66.49

2026-09-22T17:42:12.528Z,33.59,66.43

2026-09-22T17:42:17.541Z,33.57,66.49

2026-09-22T17:42:22.529Z,33.59,66.4

2026-09-22T17:42:27.530Z,33.59,66.39

2026-09-22T17:42:32.531Z,33.58,66.43

2026-09-22T17:42:37.531Z,33.59,66.46

2026-09-22T17:42:42.531Z,33.6,66.45

2026-09-22T17:42:47.539Z,33.58,66.46

2026-09-22T17:42:52.530Z,33.58,66.41

2026-09-22T17:42:57.531Z,33.59,66.43

2026-09-22T17:43:02.531Z,33.59,66.33

2026-09-22T17:43:07.533Z,33.59,66.29

2026-09-22T17:43:12.544Z,33.58,66.29

2026-09-22T17:43:17.556Z,33.58,66.4

2026-09-22T17:43:22.546Z,33.58,66.28

2026-09-22T17:43:27.544Z,33.59,66.31

2026-09-22T17:43:32.544Z,33.61,66.32

2026-09-22T17:43:37.543Z,33.58,66.31

2026-09-22T17:43:42.556Z,33.6,66.4

2026-09-22T17:43:47.569Z,33.58,66.39

2026-09-22T17:43:52.554Z,33.6,66.37

2026-09-22T17:43:57.553Z,33.6,66.3

2026-09-22T17:44:02.554Z,33.59,66.3

2026-09-22T17:44:07.553Z,33.6,66.29

2026-09-22T17:44:12.557Z,33.6,66.27

2026-09-22T17:44:17.573Z,33.59,66.39

2026-09-22T17:44:22.556Z,33.58,66.29

2026-09-22T17:44:27.557Z,33.59,66.35

2026-09-22T17:44:32.555Z,33.58,66.32

2026-09-22T17:44:37.559Z,33.59,66.36

2026-09-22T17:44:42.573Z,33.58,66.35

2026-09-22T17:44:47.583Z,33.59,66.36

2026-09-22T17:44:52.571Z,33.58,66.36

2026-09-22T17:44:57.573Z,33.59,66.39

2026-09-22T17:45:02.572Z,33.58,66.42

2026-09-22T17:45:07.571Z,33.58,66.41

2026-09-22T17:45:12.580Z,33.57,66.42

2026-09-22T17:45:17.594Z,33.56,66.45

2026-09-22T17:45:22.580Z,33.58,66.46

2026-09-22T17:45:27.580Z,33.56,66.47

2026-09-22T17:45:32.580Z,33.56,66.44

2026-09-22T17:45:37.583Z,33.56,66.44

2026-09-22T17:45:42.599Z,33.55,66.47

2026-09-22T17:45:47.612Z,33.55,66.54

2026-09-22T17:45:52.597Z,33.56,66.46

2026-09-22T17:45:57.595Z,33.55,66.51

2026-09-22T17:46:02.599Z,33.54,66.47

2026-09-22T17:46:07.599Z,33.55,66.47

2026-09-22T17:46:12.602Z,33.56,66.44

2026-09-22T17:46:17.615Z,33.55,66.47

2026-09-22T17:46:22.601Z,33.58,66.44

2026-09-22T17:46:27.602Z,33.56,66.37

2026-09-22T17:46:32.603Z,33.56,66.39

2026-09-22T17:46:37.602Z,33.56,66.32

2026-09-22T17:46:42.600Z,33.53,66.4

2026-09-22T17:46:47.611Z,33.55,66.46

2026-09-22T17:46:52.602Z,33.55,66.45

2026-09-22T17:46:57.600Z,33.54,66.41

2026-09-22T17:47:02.601Z,33.54,66.35

2026-09-22T17:47:07.602Z,33.54,66.45

2026-09-22T17:47:12.603Z,33.55,66.37

2026-09-22T17:47:17.611Z,33.55,66.52

2026-09-22T17:47:22.602Z,33.55,66.43

2026-09-22T17:47:27.603Z,33.54,66.47

2026-09-22T17:47:32.602Z,33.54,66.42

2026-09-22T17:47:37.604Z,33.53,66.38

2026-09-22T17:47:42.616Z,33.54,66.45

2026-09-22T17:47:47.627Z,33.53,66.48

2026-09-22T17:47:52.614Z,33.55,66.49

2026-09-22T17:47:57.614Z,33.54,66.5

2026-09-22T17:48:02.615Z,33.54,66.57

2026-09-22T17:48:07.616Z,33.52,66.55

2026-09-22T17:48:12.637Z,33.54,66.6

2026-09-22T17:48:17.649Z,33.53,66.6

2026-09-22T17:48:22.636Z,33.55,66.54

2026-09-22T17:48:27.638Z,33.53,66.56

2026-09-22T17:48:32.636Z,33.54,66.55

2026-09-22T17:48:37.640Z,33.54,66.54

2026-09-22T17:48:42.667Z,33.53,66.57

2026-09-22T17:48:47.679Z,33.55,66.53

2026-09-22T17:48:52.666Z,33.54,66.49

2026-09-22T17:48:57.668Z,33.57,66.4

2026-09-22T17:49:02.666Z,33.56,66.46

2026-09-22T17:49:07.666Z,33.54,66.48

2026-09-22T17:49:12.669Z,33.55,66.51

2026-09-22T17:49:17.679Z,33.55,66.46

2026-09-22T17:49:22.668Z,33.55,66.47

2026-09-22T17:49:27.671Z,33.57,66.45

2026-09-22T17:49:32.671Z,33.55,66.46

2026-09-22T17:49:37.670Z,33.56,66.48

2026-09-22T17:49:42.671Z,33.56,66.42

2026-09-22T17:49:47.684Z,33.54,66.45

2026-09-22T17:49:52.671Z,33.57,66.43

2026-09-22T17:49:57.672Z,33.55,66.46

2026-09-22T17:50:02.673Z,33.55,66.47

2026-09-22T17:50:07.672Z,33.56,66.48

2026-09-22T17:50:12.675Z,33.54,66.49

2026-09-22T17:50:17.683Z,33.56,66.51

2026-09-22T17:50:22.673Z,33.54,66.49

2026-09-22T17:50:27.674Z,33.55,66.46

2026-09-22T17:50:32.674Z,33.54,66.43

2026-09-22T17:50:37.673Z,33.53,66.53

2026-09-22T17:50:42.677Z,33.54,66.43

2026-09-22T17:50:47.688Z,33.54,66.55

2026-09-22T17:50:52.675Z,33.53,66.51

2026-09-22T17:50:57.675Z,33.51,66.53

2026-09-22T17:51:02.677Z,33.51,66.49

2026-09-22T17:51:07.674Z,33.51,66.61

2026-09-22T17:51:12.699Z,33.51,66.57

2026-09-22T17:51:17.709Z,33.47,66.61

2026-09-22T17:51:22.699Z,33.5,66.59

2026-09-22T17:51:27.699Z,33.51,66.59

2026-09-22T17:51:32.697Z,33.5,66.64

2026-09-22T17:51:37.702Z,33.48,66.68

2026-09-22T17:51:42.701Z,33.48,66.72

2026-09-22T17:51:47.718Z,33.49,66.73

2026-09-22T17:51:52.706Z,33.49,66.71

2026-09-22T17:51:57.706Z,33.47,66.75

2026-09-22T17:52:02.707Z,33.46,66.7

2026-09-22T17:52:07.710Z,33.49,66.76

2026-09-22T17:52:12.710Z,33.47,66.77

2026-09-22T17:52:17.723Z,33.47,66.79

2026-09-22T17:52:22.707Z,33.47,66.79

2026-09-22T17:52:27.710Z,33.46,66.77

2026-09-22T17:52:32.710Z,33.46,66.83

2026-09-22T17:52:37.710Z,33.46,66.77

2026-09-22T17:52:42.713Z,33.46,66.88

2026-09-22T17:52:47.723Z,33.45,66.83

2026-09-22T17:52:52.713Z,33.44,66.87

2026-09-22T17:52:57.712Z,33.45,66.86

2026-09-22T17:53:02.712Z,33.47,66.84

2026-09-22T17:53:07.712Z,33.47,66.81

2026-09-22T17:53:12.711Z,33.45,66.87

2026-09-22T17:53:17.727Z,33.44,66.86

2026-09-22T17:53:22.713Z,33.44,66.83

2026-09-22T17:53:27.713Z,33.46,66.89

2026-09-22T17:53:32.712Z,33.45,66.81

2026-09-22T17:53:37.714Z,33.47,66.87

2026-09-22T17:53:42.716Z,33.49,66.85

2026-09-22T17:53:47.728Z,33.47,66.88

2026-09-22T17:53:52.716Z,33.47,66.86

2026-09-22T17:53:57.715Z,33.46,66.9

2026-09-22T17:54:02.715Z,33.48,66.82

2026-09-22T17:54:07.714Z,33.49,66.82

2026-09-22T17:54:12.728Z,33.5,66.89

2026-09-22T17:54:17.740Z,33.49,66.87

2026-09-22T17:54:22.727Z,33.5,66.83

2026-09-22T17:54:27.727Z,33.5,66.86

2026-09-22T17:54:32.726Z,33.51,66.84

2026-09-22T17:54:37.727Z,33.51,66.77

2026-09-22T17:54:42.729Z,33.52,66.77

2026-09-22T17:54:47.744Z,33.51,66.79

2026-09-22T17:54:52.727Z,33.5,66.76

2026-09-22T17:54:57.727Z,33.53,66.75

2026-09-22T17:55:02.727Z,33.51,66.76

2026-09-22T17:55:07.727Z,33.53,66.7

2026-09-22T17:55:12.731Z,33.54,66.69

2026-09-22T17:55:17.743Z,33.52,66.72

2026-09-22T17:55:22.735Z,33.53,66.7

2026-09-22T17:55:27.733Z,33.55,66.63

2026-09-22T17:55:32.732Z,33.53,66.7

2026-09-22T17:55:37.734Z,33.53,66.65

2026-09-22T17:55:42.747Z,33.55,66.68

2026-09-22T17:55:47.759Z,33.55,66.68

2026-09-22T17:55:52.743Z,33.56,66.68

2026-09-22T17:55:57.744Z,33.58,66.68

2026-09-22T17:56:02.742Z,33.56,66.62

2026-09-22T17:56:07.745Z,33.54,66.62

2026-09-22T17:56:12.743Z,33.57,66.65

2026-09-22T17:56:17.759Z,33.55,66.58

2026-09-22T17:56:22.744Z,33.57,66.66

2026-09-22T17:56:27.746Z,33.57,66.62

2026-09-22T17:56:32.745Z,33.58,66.66

2026-09-22T17:56:37.746Z,33.56,66.63

2026-09-22T17:56:42.747Z,33.57,66.58

2026-09-22T17:56:47.761Z,33.57,66.64

2026-09-22T17:56:52.747Z,33.58,66.58

2026-09-22T17:56:57.747Z,33.59,66.58

2026-09-22T17:57:02.748Z,33.59,66.62

2026-09-22T17:57:07.750Z,33.58,66.62

2026-09-22T17:57:12.756Z,33.58,66.59

2026-09-22T17:57:17.764Z,33.57,66.56

2026-09-22T17:57:22.755Z,33.6,66.57

2026-09-22T17:57:27.755Z,33.6,66.58

2026-09-22T17:57:32.755Z,33.59,66.54

2026-09-22T17:57:37.756Z,33.61,66.57

2026-09-22T17:57:42.767Z,33.61,66.56

2026-09-22T17:57:47.775Z,33.6,66.63

2026-09-22T17:57:52.765Z,33.61,66.62

2026-09-22T17:57:57.767Z,33.62,66.53

2026-09-22T17:58:02.766Z,33.6,66.52

2026-09-22T17:58:07.767Z,33.59,66.59

2026-09-22T17:58:12.785Z,33.61,66.56

2026-09-22T17:58:17.796Z,33.6,66.57

2026-09-22T17:58:22.785Z,33.59,66.55

2026-09-22T17:58:27.785Z,33.6,66.56

2026-09-22T17:58:32.783Z,33.58,66.6

2026-09-22T17:58:37.782Z,33.6,66.61

2026-09-22T17:58:42.784Z,33.61,66.58

2026-09-22T17:58:47.796Z,33.6,66.62

2026-09-22T17:58:52.787Z,33.62,66.61

2026-09-22T17:58:57.788Z,33.61,66.56

2026-09-22T17:59:02.791Z,33.62,66.56

2026-09-22T17:59:07.789Z,33.6,66.57

2026-09-22T17:59:12.800Z,33.6,66.54

2026-09-22T17:59:17.811Z,33.61,66.59

2026-09-22T17:59:22.795Z,33.62,66.53

2026-09-22T17:59:27.795Z,33.63,66.52

2026-09-22T17:59:32.796Z,33.63,66.51

2026-09-22T17:59:37.798Z,33.61,66.48

2026-09-22T17:59:42.808Z,33.6,66.5

2026-09-22T17:59:47.821Z,33.59,66.53

2026-09-22T17:59:52.808Z,33.62,66.55

2026-09-22T17:59:57.807Z,33.59,66.53

